ddp backend: nccl, world size: 1
rank 0 train on cuda 0
Rank:0 Epoch: [1/40], Step: [1/782], Loss: 1.8396328687667847
Rank:0 Epoch: [1/40], Step: [11/782], Loss: 2.110023021697998
Rank:0 Epoch: [1/40], Step: [21/782], Loss: 1.116557240486145
Rank:0 Epoch: [1/40], Step: [31/782], Loss: 1.2903589010238647
Rank:0 Epoch: [1/40], Step: [41/782], Loss: 0.8626276850700378
Rank:0 Epoch: [1/40], Step: [51/782], Loss: 1.2228516340255737
Rank:0 Epoch: [1/40], Step: [61/782], Loss: 1.0838137865066528
Rank:0 Epoch: [1/40], Step: [71/782], Loss: 1.0345031023025513
Rank:0 Epoch: [1/40], Step: [81/782], Loss: 0.8698508739471436
Rank:0 Epoch: [1/40], Step: [91/782], Loss: 0.9631083607673645
Rank:0 Epoch: [1/40], Step: [101/782], Loss: 0.8869875073432922
Rank:0 Epoch: [1/40], Step: [111/782], Loss: 0.5751559734344482
Rank:0 Epoch: [1/40], Step: [121/782], Loss: 0.8326457738876343
Rank:0 Epoch: [1/40], Step: [131/782], Loss: 0.5888813734054565
Rank:0 Epoch: [1/40], Step: [141/782], Loss: 0.9687799215316772
Rank:0 Epoch: [1/40], Step: [151/782], Loss: 0.8181098103523254
Rank:0 Epoch: [1/40], Step: [161/782], Loss: 0.8363794088363647
Rank:0 Epoch: [1/40], Step: [171/782], Loss: 0.7176902294158936
Rank:0 Epoch: [1/40], Step: [181/782], Loss: 0.9519710540771484
Rank:0 Epoch: [1/40], Step: [191/782], Loss: 0.9442209005355835
Rank:0 Epoch: [1/40], Step: [201/782], Loss: 0.8667095899581909
Rank:0 Epoch: [1/40], Step: [211/782], Loss: 0.7673022747039795
Rank:0 Epoch: [1/40], Step: [221/782], Loss: 0.6797562837600708
Rank:0 Epoch: [1/40], Step: [231/782], Loss: 0.6447134613990784
Rank:0 Epoch: [1/40], Step: [241/782], Loss: 0.639277458190918
Rank:0 Epoch: [1/40], Step: [251/782], Loss: 0.7059884667396545
Rank:0 Epoch: [1/40], Step: [261/782], Loss: 0.8339841365814209
Rank:0 Epoch: [1/40], Step: [271/782], Loss: 0.7571733593940735
Rank:0 Epoch: [1/40], Step: [281/782], Loss: 0.5750404596328735
Rank:0 Epoch: [1/40], Step: [291/782], Loss: 0.5204116106033325
Rank:0 Epoch: [1/40], Step: [301/782], Loss: 0.6615283489227295
Rank:0 Epoch: [1/40], Step: [311/782], Loss: 0.7174113392829895
Rank:0 Epoch: [1/40], Step: [321/782], Loss: 0.6802468299865723
Rank:0 Epoch: [1/40], Step: [331/782], Loss: 0.6875003576278687
Rank:0 Epoch: [1/40], Step: [341/782], Loss: 0.48743921518325806
Rank:0 Epoch: [1/40], Step: [351/782], Loss: 0.5982747077941895
Rank:0 Epoch: [1/40], Step: [361/782], Loss: 0.6533521413803101
Rank:0 Epoch: [1/40], Step: [371/782], Loss: 0.736244261264801
Rank:0 Epoch: [1/40], Step: [381/782], Loss: 0.734281063079834
Rank:0 Epoch: [1/40], Step: [391/782], Loss: 0.6256276965141296
Rank:0 Epoch: [1/40], Step: [401/782], Loss: 0.719913899898529
Rank:0 Epoch: [1/40], Step: [411/782], Loss: 0.5240810513496399
Rank:0 Epoch: [1/40], Step: [421/782], Loss: 0.7048251628875732
Rank:0 Epoch: [1/40], Step: [431/782], Loss: 0.6442422270774841
Rank:0 Epoch: [1/40], Step: [441/782], Loss: 0.44777482748031616
Rank:0 Epoch: [1/40], Step: [451/782], Loss: 0.4512879252433777
Rank:0 Epoch: [1/40], Step: [461/782], Loss: 0.7357072830200195
Rank:0 Epoch: [1/40], Step: [471/782], Loss: 0.5929872989654541
Rank:0 Epoch: [1/40], Step: [481/782], Loss: 0.814346969127655
Rank:0 Epoch: [1/40], Step: [491/782], Loss: 0.41399723291397095
Rank:0 Epoch: [1/40], Step: [501/782], Loss: 0.6480507850646973
Rank:0 Epoch: [1/40], Step: [511/782], Loss: 0.4111257791519165
Rank:0 Epoch: [1/40], Step: [521/782], Loss: 0.44986286759376526
Rank:0 Epoch: [1/40], Step: [531/782], Loss: 0.4874994456768036
Rank:0 Epoch: [1/40], Step: [541/782], Loss: 0.5480189919471741
Rank:0 Epoch: [1/40], Step: [551/782], Loss: 0.5783560276031494
Rank:0 Epoch: [1/40], Step: [561/782], Loss: 0.5083543658256531
Rank:0 Epoch: [1/40], Step: [571/782], Loss: 0.6454938650131226
Rank:0 Epoch: [1/40], Step: [581/782], Loss: 0.9093270301818848
Rank:0 Epoch: [1/40], Step: [591/782], Loss: 0.5788400173187256
Rank:0 Epoch: [1/40], Step: [601/782], Loss: 0.5674065351486206
Rank:0 Epoch: [1/40], Step: [611/782], Loss: 0.6260154843330383
Rank:0 Epoch: [1/40], Step: [621/782], Loss: 0.6339064836502075
Rank:0 Epoch: [1/40], Step: [631/782], Loss: 0.7462403178215027
Rank:0 Epoch: [1/40], Step: [641/782], Loss: 0.6898993253707886
Rank:0 Epoch: [1/40], Step: [651/782], Loss: 0.8992019891738892
Rank:0 Epoch: [1/40], Step: [661/782], Loss: 0.7804498076438904
Rank:0 Epoch: [1/40], Step: [671/782], Loss: 0.7096658945083618
Rank:0 Epoch: [1/40], Step: [681/782], Loss: 0.4943828880786896
Rank:0 Epoch: [1/40], Step: [691/782], Loss: 0.5769219994544983
Rank:0 Epoch: [1/40], Step: [701/782], Loss: 0.9222376346588135
Rank:0 Epoch: [1/40], Step: [711/782], Loss: 0.40700945258140564
Rank:0 Epoch: [1/40], Step: [721/782], Loss: 0.5715975165367126
Rank:0 Epoch: [1/40], Step: [731/782], Loss: 0.4341389238834381
Rank:0 Epoch: [1/40], Step: [741/782], Loss: 0.36506566405296326
Rank:0 Epoch: [1/40], Step: [751/782], Loss: 0.4376387596130371
Rank:0 Epoch: [1/40], Step: [761/782], Loss: 0.6181880235671997
Rank:0 Epoch: [1/40], Step: [771/782], Loss: 0.5288519859313965
Rank:0 Epoch: [1/40], Step: [781/782], Loss: 0.5317105650901794
Current Test Acc: 0.7897
Rank:0 Epoch: [2/40], Step: [1/782], Loss: 0.4556505084037781
Rank:0 Epoch: [2/40], Step: [11/782], Loss: 0.5625452399253845
Rank:0 Epoch: [2/40], Step: [21/782], Loss: 0.4395136833190918
Rank:0 Epoch: [2/40], Step: [31/782], Loss: 0.5767828226089478
Rank:0 Epoch: [2/40], Step: [41/782], Loss: 0.5067618489265442
Rank:0 Epoch: [2/40], Step: [51/782], Loss: 0.3264867961406708
Rank:0 Epoch: [2/40], Step: [61/782], Loss: 0.40817534923553467
Rank:0 Epoch: [2/40], Step: [71/782], Loss: 0.5180892944335938
Rank:0 Epoch: [2/40], Step: [81/782], Loss: 0.4583403468132019
Rank:0 Epoch: [2/40], Step: [91/782], Loss: 0.9790621399879456
Rank:0 Epoch: [2/40], Step: [101/782], Loss: 0.41883689165115356
Rank:0 Epoch: [2/40], Step: [111/782], Loss: 0.6172155737876892
Rank:0 Epoch: [2/40], Step: [121/782], Loss: 0.5183864831924438
Rank:0 Epoch: [2/40], Step: [131/782], Loss: 0.5352190732955933
Rank:0 Epoch: [2/40], Step: [141/782], Loss: 0.551145613193512
Rank:0 Epoch: [2/40], Step: [151/782], Loss: 0.6357665657997131
Rank:0 Epoch: [2/40], Step: [161/782], Loss: 0.6593058109283447
Rank:0 Epoch: [2/40], Step: [171/782], Loss: 0.5337457656860352
Rank:0 Epoch: [2/40], Step: [181/782], Loss: 0.5170329809188843
Rank:0 Epoch: [2/40], Step: [191/782], Loss: 0.5587765574455261
Rank:0 Epoch: [2/40], Step: [201/782], Loss: 0.46524128317832947
Rank:0 Epoch: [2/40], Step: [211/782], Loss: 0.6595433950424194
Rank:0 Epoch: [2/40], Step: [221/782], Loss: 0.5331324934959412
Rank:0 Epoch: [2/40], Step: [231/782], Loss: 0.5370547771453857
Rank:0 Epoch: [2/40], Step: [241/782], Loss: 0.600083589553833
Rank:0 Epoch: [2/40], Step: [251/782], Loss: 0.49120578169822693
Rank:0 Epoch: [2/40], Step: [261/782], Loss: 0.4958903193473816
Rank:0 Epoch: [2/40], Step: [271/782], Loss: 0.5031684637069702
Rank:0 Epoch: [2/40], Step: [281/782], Loss: 0.44379305839538574
Rank:0 Epoch: [2/40], Step: [291/782], Loss: 0.4127667546272278
Rank:0 Epoch: [2/40], Step: [301/782], Loss: 0.4941495954990387
Rank:0 Epoch: [2/40], Step: [311/782], Loss: 0.46858543157577515
Rank:0 Epoch: [2/40], Step: [321/782], Loss: 0.5547451972961426
Rank:0 Epoch: [2/40], Step: [331/782], Loss: 0.48004868626594543
Rank:0 Epoch: [2/40], Step: [341/782], Loss: 0.5013184547424316
Rank:0 Epoch: [2/40], Step: [351/782], Loss: 0.4427512586116791
Rank:0 Epoch: [2/40], Step: [361/782], Loss: 0.4862878918647766
Rank:0 Epoch: [2/40], Step: [371/782], Loss: 0.40008610486984253
Rank:0 Epoch: [2/40], Step: [381/782], Loss: 0.42696577310562134
Rank:0 Epoch: [2/40], Step: [391/782], Loss: 0.5836141705513
Rank:0 Epoch: [2/40], Step: [401/782], Loss: 0.6490269303321838
Rank:0 Epoch: [2/40], Step: [411/782], Loss: 0.4399292469024658
Rank:0 Epoch: [2/40], Step: [421/782], Loss: 0.5150123238563538
Rank:0 Epoch: [2/40], Step: [431/782], Loss: 0.4853048026561737
Rank:0 Epoch: [2/40], Step: [441/782], Loss: 0.4453146159648895
Rank:0 Epoch: [2/40], Step: [451/782], Loss: 0.5081675052642822
Rank:0 Epoch: [2/40], Step: [461/782], Loss: 0.4510836899280548
Rank:0 Epoch: [2/40], Step: [471/782], Loss: 0.5312196612358093
Rank:0 Epoch: [2/40], Step: [481/782], Loss: 0.5049955248832703
Rank:0 Epoch: [2/40], Step: [491/782], Loss: 0.4909534752368927
Rank:0 Epoch: [2/40], Step: [501/782], Loss: 0.6979244351387024
Rank:0 Epoch: [2/40], Step: [511/782], Loss: 0.608202338218689
Rank:0 Epoch: [2/40], Step: [521/782], Loss: 0.29962319135665894
Rank:0 Epoch: [2/40], Step: [531/782], Loss: 0.46738848090171814
Rank:0 Epoch: [2/40], Step: [541/782], Loss: 0.5429286956787109
Rank:0 Epoch: [2/40], Step: [551/782], Loss: 0.3543287515640259
Rank:0 Epoch: [2/40], Step: [561/782], Loss: 0.2969155013561249
Rank:0 Epoch: [2/40], Step: [571/782], Loss: 0.4519577622413635
Rank:0 Epoch: [2/40], Step: [581/782], Loss: 0.4662274718284607
Rank:0 Epoch: [2/40], Step: [591/782], Loss: 0.5294835567474365
Rank:0 Epoch: [2/40], Step: [601/782], Loss: 0.37180623412132263
Rank:0 Epoch: [2/40], Step: [611/782], Loss: 0.2937612235546112
Rank:0 Epoch: [2/40], Step: [621/782], Loss: 0.43383893370628357
Rank:0 Epoch: [2/40], Step: [631/782], Loss: 0.46003443002700806
Rank:0 Epoch: [2/40], Step: [641/782], Loss: 0.4810366630554199
Rank:0 Epoch: [2/40], Step: [651/782], Loss: 0.5845609307289124
Rank:0 Epoch: [2/40], Step: [661/782], Loss: 0.7317506670951843
Rank:0 Epoch: [2/40], Step: [671/782], Loss: 0.5545485615730286
Rank:0 Epoch: [2/40], Step: [681/782], Loss: 0.358277827501297
Rank:0 Epoch: [2/40], Step: [691/782], Loss: 0.5682283043861389
Rank:0 Epoch: [2/40], Step: [701/782], Loss: 0.5255365967750549
Rank:0 Epoch: [2/40], Step: [711/782], Loss: 0.43560734391212463
Rank:0 Epoch: [2/40], Step: [721/782], Loss: 0.4191458523273468
Rank:0 Epoch: [2/40], Step: [731/782], Loss: 0.2970985174179077
Rank:0 Epoch: [2/40], Step: [741/782], Loss: 0.5863170623779297
Rank:0 Epoch: [2/40], Step: [751/782], Loss: 0.403876930475235
Rank:0 Epoch: [2/40], Step: [761/782], Loss: 0.7398470044136047
Rank:0 Epoch: [2/40], Step: [771/782], Loss: 0.485990971326828
Rank:0 Epoch: [2/40], Step: [781/782], Loss: 0.38415729999542236
Current Test Acc: 0.7913
Rank:0 Epoch: [3/40], Step: [1/782], Loss: 0.5616896748542786
Rank:0 Epoch: [3/40], Step: [11/782], Loss: 0.43954962491989136
Rank:0 Epoch: [3/40], Step: [21/782], Loss: 0.47405576705932617
Rank:0 Epoch: [3/40], Step: [31/782], Loss: 0.2650509178638458
Rank:0 Epoch: [3/40], Step: [41/782], Loss: 0.3822357654571533
Rank:0 Epoch: [3/40], Step: [51/782], Loss: 0.34170693159103394
Rank:0 Epoch: [3/40], Step: [61/782], Loss: 0.5148627758026123
Rank:0 Epoch: [3/40], Step: [71/782], Loss: 0.4846237599849701
Rank:0 Epoch: [3/40], Step: [81/782], Loss: 0.404316246509552
Rank:0 Epoch: [3/40], Step: [91/782], Loss: 0.5181037783622742
Rank:0 Epoch: [3/40], Step: [101/782], Loss: 0.6633340120315552
Rank:0 Epoch: [3/40], Step: [111/782], Loss: 0.5046480298042297
Rank:0 Epoch: [3/40], Step: [121/782], Loss: 0.4556027352809906
Rank:0 Epoch: [3/40], Step: [131/782], Loss: 0.428928941488266
Rank:0 Epoch: [3/40], Step: [141/782], Loss: 0.4438140392303467
Rank:0 Epoch: [3/40], Step: [151/782], Loss: 0.5106000304222107
Rank:0 Epoch: [3/40], Step: [161/782], Loss: 0.379549115896225
Rank:0 Epoch: [3/40], Step: [171/782], Loss: 0.411123663187027
Rank:0 Epoch: [3/40], Step: [181/782], Loss: 0.43354469537734985
Rank:0 Epoch: [3/40], Step: [191/782], Loss: 0.34731414914131165
Rank:0 Epoch: [3/40], Step: [201/782], Loss: 0.42392510175704956
Rank:0 Epoch: [3/40], Step: [211/782], Loss: 0.30367201566696167
Rank:0 Epoch: [3/40], Step: [221/782], Loss: 0.28747937083244324
Rank:0 Epoch: [3/40], Step: [231/782], Loss: 0.5353365540504456
Rank:0 Epoch: [3/40], Step: [241/782], Loss: 0.46179434657096863
Rank:0 Epoch: [3/40], Step: [251/782], Loss: 0.29953208565711975
Rank:0 Epoch: [3/40], Step: [261/782], Loss: 0.36429449915885925
Rank:0 Epoch: [3/40], Step: [271/782], Loss: 0.672939658164978
Rank:0 Epoch: [3/40], Step: [281/782], Loss: 0.4914686977863312
Rank:0 Epoch: [3/40], Step: [291/782], Loss: 0.310259610414505
Rank:0 Epoch: [3/40], Step: [301/782], Loss: 0.4737573266029358
Rank:0 Epoch: [3/40], Step: [311/782], Loss: 0.4424947500228882
Rank:0 Epoch: [3/40], Step: [321/782], Loss: 0.4517994225025177
Rank:0 Epoch: [3/40], Step: [331/782], Loss: 0.5126804709434509
Rank:0 Epoch: [3/40], Step: [341/782], Loss: 0.5177037715911865
Rank:0 Epoch: [3/40], Step: [351/782], Loss: 0.38418975472450256
Rank:0 Epoch: [3/40], Step: [361/782], Loss: 0.4506015181541443
Rank:0 Epoch: [3/40], Step: [371/782], Loss: 0.45680052042007446
Rank:0 Epoch: [3/40], Step: [381/782], Loss: 0.4370073974132538
Rank:0 Epoch: [3/40], Step: [391/782], Loss: 0.37131378054618835
Rank:0 Epoch: [3/40], Step: [401/782], Loss: 0.5952733159065247
Rank:0 Epoch: [3/40], Step: [411/782], Loss: 0.5655298233032227
Rank:0 Epoch: [3/40], Step: [421/782], Loss: 0.4988486170768738
Rank:0 Epoch: [3/40], Step: [431/782], Loss: 0.6381057500839233
Rank:0 Epoch: [3/40], Step: [441/782], Loss: 0.6406021118164062
Rank:0 Epoch: [3/40], Step: [451/782], Loss: 0.33737701177597046
Rank:0 Epoch: [3/40], Step: [461/782], Loss: 0.3543548583984375
Rank:0 Epoch: [3/40], Step: [471/782], Loss: 0.40495216846466064
Rank:0 Epoch: [3/40], Step: [481/782], Loss: 0.7898640632629395
Rank:0 Epoch: [3/40], Step: [491/782], Loss: 0.6951603293418884
Rank:0 Epoch: [3/40], Step: [501/782], Loss: 0.5169714093208313
Rank:0 Epoch: [3/40], Step: [511/782], Loss: 0.34774813055992126
Rank:0 Epoch: [3/40], Step: [521/782], Loss: 0.4511130750179291
Rank:0 Epoch: [3/40], Step: [531/782], Loss: 0.4422187805175781
Rank:0 Epoch: [3/40], Step: [541/782], Loss: 0.407519668340683
Rank:0 Epoch: [3/40], Step: [551/782], Loss: 0.23954850435256958
Rank:0 Epoch: [3/40], Step: [561/782], Loss: 0.5138312578201294
Rank:0 Epoch: [3/40], Step: [571/782], Loss: 0.7407729029655457
Rank:0 Epoch: [3/40], Step: [581/782], Loss: 0.37499478459358215
Rank:0 Epoch: [3/40], Step: [591/782], Loss: 0.2799660861492157
Rank:0 Epoch: [3/40], Step: [601/782], Loss: 0.336100697517395
Rank:0 Epoch: [3/40], Step: [611/782], Loss: 0.41777515411376953
Rank:0 Epoch: [3/40], Step: [621/782], Loss: 0.46069955825805664
Rank:0 Epoch: [3/40], Step: [631/782], Loss: 0.6190750002861023
Rank:0 Epoch: [3/40], Step: [641/782], Loss: 0.28832998871803284
Rank:0 Epoch: [3/40], Step: [651/782], Loss: 0.34783369302749634
Rank:0 Epoch: [3/40], Step: [661/782], Loss: 0.3387596607208252
Rank:0 Epoch: [3/40], Step: [671/782], Loss: 0.6102849245071411
Rank:0 Epoch: [3/40], Step: [681/782], Loss: 0.37629371881484985
Rank:0 Epoch: [3/40], Step: [691/782], Loss: 0.7186254262924194
Rank:0 Epoch: [3/40], Step: [701/782], Loss: 0.5234125852584839
Rank:0 Epoch: [3/40], Step: [711/782], Loss: 0.4893747568130493
Rank:0 Epoch: [3/40], Step: [721/782], Loss: 0.3567557632923126
Rank:0 Epoch: [3/40], Step: [731/782], Loss: 0.5734972953796387
Rank:0 Epoch: [3/40], Step: [741/782], Loss: 0.6449204087257385
Rank:0 Epoch: [3/40], Step: [751/782], Loss: 0.5941031575202942
Rank:0 Epoch: [3/40], Step: [761/782], Loss: 0.3706653118133545
Rank:0 Epoch: [3/40], Step: [771/782], Loss: 0.5340204238891602
Rank:0 Epoch: [3/40], Step: [781/782], Loss: 0.39420631527900696
Current Test Acc: 0.811
Rank:0 Epoch: [4/40], Step: [1/782], Loss: 0.5394925475120544
Rank:0 Epoch: [4/40], Step: [11/782], Loss: 0.4038914144039154
Rank:0 Epoch: [4/40], Step: [21/782], Loss: 0.3764621913433075
Rank:0 Epoch: [4/40], Step: [31/782], Loss: 0.5001859068870544
Rank:0 Epoch: [4/40], Step: [41/782], Loss: 0.33452901244163513
Rank:0 Epoch: [4/40], Step: [51/782], Loss: 0.46648702025413513
Rank:0 Epoch: [4/40], Step: [61/782], Loss: 0.23055945336818695
Rank:0 Epoch: [4/40], Step: [71/782], Loss: 0.4230652153491974
Rank:0 Epoch: [4/40], Step: [81/782], Loss: 0.31759002804756165
Rank:0 Epoch: [4/40], Step: [91/782], Loss: 0.4655598998069763
Rank:0 Epoch: [4/40], Step: [101/782], Loss: 0.4163038432598114
Rank:0 Epoch: [4/40], Step: [111/782], Loss: 0.4387514889240265
Rank:0 Epoch: [4/40], Step: [121/782], Loss: 0.27140235900878906
Rank:0 Epoch: [4/40], Step: [131/782], Loss: 0.3799193203449249
Rank:0 Epoch: [4/40], Step: [141/782], Loss: 0.3376491069793701
Rank:0 Epoch: [4/40], Step: [151/782], Loss: 0.38315117359161377
Rank:0 Epoch: [4/40], Step: [161/782], Loss: 0.7998321056365967
Rank:0 Epoch: [4/40], Step: [171/782], Loss: 0.5446378588676453
Rank:0 Epoch: [4/40], Step: [181/782], Loss: 0.38559669256210327
Rank:0 Epoch: [4/40], Step: [191/782], Loss: 0.49030059576034546
Rank:0 Epoch: [4/40], Step: [201/782], Loss: 0.3941802978515625
Rank:0 Epoch: [4/40], Step: [211/782], Loss: 0.48445263504981995
Rank:0 Epoch: [4/40], Step: [221/782], Loss: 0.4659454822540283
Rank:0 Epoch: [4/40], Step: [231/782], Loss: 0.4311290979385376
Rank:0 Epoch: [4/40], Step: [241/782], Loss: 0.28872624039649963
Rank:0 Epoch: [4/40], Step: [251/782], Loss: 0.48621800541877747
Rank:0 Epoch: [4/40], Step: [261/782], Loss: 0.5285987854003906
Rank:0 Epoch: [4/40], Step: [271/782], Loss: 0.4291762411594391
Rank:0 Epoch: [4/40], Step: [281/782], Loss: 0.3478833734989166
Rank:0 Epoch: [4/40], Step: [291/782], Loss: 0.5568839907646179
Rank:0 Epoch: [4/40], Step: [301/782], Loss: 0.6316717863082886
Rank:0 Epoch: [4/40], Step: [311/782], Loss: 0.35663217306137085
Rank:0 Epoch: [4/40], Step: [321/782], Loss: 0.4456198513507843
Rank:0 Epoch: [4/40], Step: [331/782], Loss: 0.2401455044746399
Rank:0 Epoch: [4/40], Step: [341/782], Loss: 0.48583170771598816
Rank:0 Epoch: [4/40], Step: [351/782], Loss: 0.2630087733268738
Rank:0 Epoch: [4/40], Step: [361/782], Loss: 0.4821433126926422
Rank:0 Epoch: [4/40], Step: [371/782], Loss: 0.4254705011844635
Rank:0 Epoch: [4/40], Step: [381/782], Loss: 0.7024126052856445
Rank:0 Epoch: [4/40], Step: [391/782], Loss: 0.5258639454841614
Rank:0 Epoch: [4/40], Step: [401/782], Loss: 0.5185738801956177
Rank:0 Epoch: [4/40], Step: [411/782], Loss: 0.4204810559749603
Rank:0 Epoch: [4/40], Step: [421/782], Loss: 0.34725525975227356
Rank:0 Epoch: [4/40], Step: [431/782], Loss: 0.6238327622413635
Rank:0 Epoch: [4/40], Step: [441/782], Loss: 0.6119698882102966
Rank:0 Epoch: [4/40], Step: [451/782], Loss: 0.4272615611553192
Rank:0 Epoch: [4/40], Step: [461/782], Loss: 0.5279183387756348
Rank:0 Epoch: [4/40], Step: [471/782], Loss: 0.6309107542037964
Rank:0 Epoch: [4/40], Step: [481/782], Loss: 0.75972980260849
Rank:0 Epoch: [4/40], Step: [491/782], Loss: 0.30044716596603394
Rank:0 Epoch: [4/40], Step: [501/782], Loss: 0.40905073285102844
Rank:0 Epoch: [4/40], Step: [511/782], Loss: 0.3281611204147339
Rank:0 Epoch: [4/40], Step: [521/782], Loss: 0.4451937973499298
Rank:0 Epoch: [4/40], Step: [531/782], Loss: 0.6107949018478394
Rank:0 Epoch: [4/40], Step: [541/782], Loss: 0.4470757246017456
Rank:0 Epoch: [4/40], Step: [551/782], Loss: 0.4926413595676422
Rank:0 Epoch: [4/40], Step: [561/782], Loss: 0.6375105381011963
Rank:0 Epoch: [4/40], Step: [571/782], Loss: 0.36820152401924133
Rank:0 Epoch: [4/40], Step: [581/782], Loss: 0.23185983300209045
Rank:0 Epoch: [4/40], Step: [591/782], Loss: 0.2758719325065613
Rank:0 Epoch: [4/40], Step: [601/782], Loss: 0.430515319108963
Rank:0 Epoch: [4/40], Step: [611/782], Loss: 0.2767822742462158
Rank:0 Epoch: [4/40], Step: [621/782], Loss: 0.23324134945869446
Rank:0 Epoch: [4/40], Step: [631/782], Loss: 0.5740167498588562
Rank:0 Epoch: [4/40], Step: [641/782], Loss: 0.37239518761634827
Rank:0 Epoch: [4/40], Step: [651/782], Loss: 0.35726869106292725
Rank:0 Epoch: [4/40], Step: [661/782], Loss: 0.2694331109523773
Rank:0 Epoch: [4/40], Step: [671/782], Loss: 0.30964240431785583
Rank:0 Epoch: [4/40], Step: [681/782], Loss: 0.5468399524688721
Rank:0 Epoch: [4/40], Step: [691/782], Loss: 0.5773784518241882
Rank:0 Epoch: [4/40], Step: [701/782], Loss: 0.42015522718429565
Rank:0 Epoch: [4/40], Step: [711/782], Loss: 0.3502157926559448
Rank:0 Epoch: [4/40], Step: [721/782], Loss: 0.28982439637184143
Rank:0 Epoch: [4/40], Step: [731/782], Loss: 0.5276612043380737
Rank:0 Epoch: [4/40], Step: [741/782], Loss: 0.6364345550537109
Rank:0 Epoch: [4/40], Step: [751/782], Loss: 0.4643533527851105
Rank:0 Epoch: [4/40], Step: [761/782], Loss: 0.4134412109851837
Rank:0 Epoch: [4/40], Step: [771/782], Loss: 0.36720865964889526
Rank:0 Epoch: [4/40], Step: [781/782], Loss: 0.3679298758506775
Current Test Acc: 0.8104
Rank:0 Epoch: [5/40], Step: [1/782], Loss: 0.4402885437011719
Rank:0 Epoch: [5/40], Step: [11/782], Loss: 0.6967436075210571
Rank:0 Epoch: [5/40], Step: [21/782], Loss: 0.4026569724082947
Rank:0 Epoch: [5/40], Step: [31/782], Loss: 0.28702813386917114
Rank:0 Epoch: [5/40], Step: [41/782], Loss: 0.3312217891216278
Rank:0 Epoch: [5/40], Step: [51/782], Loss: 0.4495762288570404
Rank:0 Epoch: [5/40], Step: [61/782], Loss: 0.4053482711315155
Rank:0 Epoch: [5/40], Step: [71/782], Loss: 0.4862867295742035
Rank:0 Epoch: [5/40], Step: [81/782], Loss: 0.31834331154823303
Rank:0 Epoch: [5/40], Step: [91/782], Loss: 0.42558911442756653
Rank:0 Epoch: [5/40], Step: [101/782], Loss: 0.4302169382572174
Rank:0 Epoch: [5/40], Step: [111/782], Loss: 0.42584317922592163
Rank:0 Epoch: [5/40], Step: [121/782], Loss: 0.19222208857536316
Rank:0 Epoch: [5/40], Step: [131/782], Loss: 0.3377072513103485
Rank:0 Epoch: [5/40], Step: [141/782], Loss: 0.4412752389907837
Rank:0 Epoch: [5/40], Step: [151/782], Loss: 0.32659149169921875
Rank:0 Epoch: [5/40], Step: [161/782], Loss: 0.33825501799583435
Rank:0 Epoch: [5/40], Step: [171/782], Loss: 0.33165305852890015
Rank:0 Epoch: [5/40], Step: [181/782], Loss: 0.34590697288513184
Rank:0 Epoch: [5/40], Step: [191/782], Loss: 0.36069223284721375
Rank:0 Epoch: [5/40], Step: [201/782], Loss: 0.49664950370788574
Rank:0 Epoch: [5/40], Step: [211/782], Loss: 0.3336775302886963
Rank:0 Epoch: [5/40], Step: [221/782], Loss: 0.38036561012268066
Rank:0 Epoch: [5/40], Step: [231/782], Loss: 0.4874635934829712
Rank:0 Epoch: [5/40], Step: [241/782], Loss: 0.4520702660083771
Rank:0 Epoch: [5/40], Step: [251/782], Loss: 0.34751465916633606
Rank:0 Epoch: [5/40], Step: [261/782], Loss: 0.3434724509716034
Rank:0 Epoch: [5/40], Step: [271/782], Loss: 0.26976004242897034
Rank:0 Epoch: [5/40], Step: [281/782], Loss: 0.2959376871585846
Rank:0 Epoch: [5/40], Step: [291/782], Loss: 0.3513210713863373
Rank:0 Epoch: [5/40], Step: [301/782], Loss: 0.5266066789627075
Rank:0 Epoch: [5/40], Step: [311/782], Loss: 0.4944777190685272
Rank:0 Epoch: [5/40], Step: [321/782], Loss: 0.2642119526863098
Rank:0 Epoch: [5/40], Step: [331/782], Loss: 0.39760881662368774
Rank:0 Epoch: [5/40], Step: [341/782], Loss: 0.5628291964530945
Rank:0 Epoch: [5/40], Step: [351/782], Loss: 0.39082983136177063
Rank:0 Epoch: [5/40], Step: [361/782], Loss: 0.39090147614479065
Rank:0 Epoch: [5/40], Step: [371/782], Loss: 0.4829901158809662
Rank:0 Epoch: [5/40], Step: [381/782], Loss: 0.2755529284477234
Rank:0 Epoch: [5/40], Step: [391/782], Loss: 0.3320590853691101
Rank:0 Epoch: [5/40], Step: [401/782], Loss: 0.46489250659942627
Rank:0 Epoch: [5/40], Step: [411/782], Loss: 0.355899840593338
Rank:0 Epoch: [5/40], Step: [421/782], Loss: 0.4866316318511963
Rank:0 Epoch: [5/40], Step: [431/782], Loss: 0.3910149335861206
Rank:0 Epoch: [5/40], Step: [441/782], Loss: 0.38560524582862854
Rank:0 Epoch: [5/40], Step: [451/782], Loss: 0.641373872756958
Rank:0 Epoch: [5/40], Step: [461/782], Loss: 0.4147723317146301
Rank:0 Epoch: [5/40], Step: [471/782], Loss: 0.32647863030433655
Rank:0 Epoch: [5/40], Step: [481/782], Loss: 0.43371307849884033
Rank:0 Epoch: [5/40], Step: [491/782], Loss: 0.35001853108406067
Rank:0 Epoch: [5/40], Step: [501/782], Loss: 0.4196968972682953
Rank:0 Epoch: [5/40], Step: [511/782], Loss: 0.46085742115974426
Rank:0 Epoch: [5/40], Step: [521/782], Loss: 0.4205015003681183
Rank:0 Epoch: [5/40], Step: [531/782], Loss: 0.40393009781837463
Rank:0 Epoch: [5/40], Step: [541/782], Loss: 0.43036890029907227
Rank:0 Epoch: [5/40], Step: [551/782], Loss: 0.4315907955169678
Rank:0 Epoch: [5/40], Step: [561/782], Loss: 0.3975048363208771
Rank:0 Epoch: [5/40], Step: [571/782], Loss: 0.3347344398498535
Rank:0 Epoch: [5/40], Step: [581/782], Loss: 0.3993041217327118
Rank:0 Epoch: [5/40], Step: [591/782], Loss: 0.43601274490356445
Rank:0 Epoch: [5/40], Step: [601/782], Loss: 0.368104487657547
Rank:0 Epoch: [5/40], Step: [611/782], Loss: 0.3529088795185089
Rank:0 Epoch: [5/40], Step: [621/782], Loss: 0.44279420375823975
Rank:0 Epoch: [5/40], Step: [631/782], Loss: 0.38244402408599854
Rank:0 Epoch: [5/40], Step: [641/782], Loss: 0.5170833468437195
Rank:0 Epoch: [5/40], Step: [651/782], Loss: 0.3873754143714905
Rank:0 Epoch: [5/40], Step: [661/782], Loss: 0.47415563464164734
Rank:0 Epoch: [5/40], Step: [671/782], Loss: 0.578947126865387
Rank:0 Epoch: [5/40], Step: [681/782], Loss: 0.2982989549636841
Rank:0 Epoch: [5/40], Step: [691/782], Loss: 0.3461945056915283
Rank:0 Epoch: [5/40], Step: [701/782], Loss: 0.3511446416378021
Rank:0 Epoch: [5/40], Step: [711/782], Loss: 0.4354424774646759
Rank:0 Epoch: [5/40], Step: [721/782], Loss: 0.4396573007106781
Rank:0 Epoch: [5/40], Step: [731/782], Loss: 0.30983254313468933
Rank:0 Epoch: [5/40], Step: [741/782], Loss: 0.4034905433654785
Rank:0 Epoch: [5/40], Step: [751/782], Loss: 0.37467092275619507
Rank:0 Epoch: [5/40], Step: [761/782], Loss: 0.3411502540111542
Rank:0 Epoch: [5/40], Step: [771/782], Loss: 0.5382142066955566
Rank:0 Epoch: [5/40], Step: [781/782], Loss: 0.4794706106185913
Current Test Acc: 0.8104
Rank:0 Epoch: [6/40], Step: [1/782], Loss: 0.3335757851600647
Rank:0 Epoch: [6/40], Step: [11/782], Loss: 0.4425017237663269
Rank:0 Epoch: [6/40], Step: [21/782], Loss: 0.22833925485610962
Rank:0 Epoch: [6/40], Step: [31/782], Loss: 0.34740567207336426
Rank:0 Epoch: [6/40], Step: [41/782], Loss: 0.4050748348236084
Rank:0 Epoch: [6/40], Step: [51/782], Loss: 0.2418660968542099
Rank:0 Epoch: [6/40], Step: [61/782], Loss: 0.2982565760612488
Rank:0 Epoch: [6/40], Step: [71/782], Loss: 0.25325891375541687
Rank:0 Epoch: [6/40], Step: [81/782], Loss: 0.36120161414146423
Rank:0 Epoch: [6/40], Step: [91/782], Loss: 0.45870542526245117
Rank:0 Epoch: [6/40], Step: [101/782], Loss: 0.3604465126991272
Rank:0 Epoch: [6/40], Step: [111/782], Loss: 0.2691528797149658
Rank:0 Epoch: [6/40], Step: [121/782], Loss: 0.34871619939804077
Rank:0 Epoch: [6/40], Step: [131/782], Loss: 0.5336743593215942
Rank:0 Epoch: [6/40], Step: [141/782], Loss: 0.33699655532836914
Rank:0 Epoch: [6/40], Step: [151/782], Loss: 0.42775312066078186
Rank:0 Epoch: [6/40], Step: [161/782], Loss: 0.2545674443244934
Rank:0 Epoch: [6/40], Step: [171/782], Loss: 0.521860659122467
Rank:0 Epoch: [6/40], Step: [181/782], Loss: 0.4602886438369751
Rank:0 Epoch: [6/40], Step: [191/782], Loss: 0.527217447757721
Rank:0 Epoch: [6/40], Step: [201/782], Loss: 0.5209051966667175
Rank:0 Epoch: [6/40], Step: [211/782], Loss: 0.4265397787094116
Rank:0 Epoch: [6/40], Step: [221/782], Loss: 0.16031084954738617
Rank:0 Epoch: [6/40], Step: [231/782], Loss: 0.5199406147003174
Rank:0 Epoch: [6/40], Step: [241/782], Loss: 0.36265134811401367
Rank:0 Epoch: [6/40], Step: [251/782], Loss: 0.5185123085975647
Rank:0 Epoch: [6/40], Step: [261/782], Loss: 0.42358335852622986
Rank:0 Epoch: [6/40], Step: [271/782], Loss: 0.45761361718177795
Rank:0 Epoch: [6/40], Step: [281/782], Loss: 0.4761067032814026
Rank:0 Epoch: [6/40], Step: [291/782], Loss: 0.380138635635376
Rank:0 Epoch: [6/40], Step: [301/782], Loss: 0.23980623483657837
Rank:0 Epoch: [6/40], Step: [311/782], Loss: 0.3283711373806
Rank:0 Epoch: [6/40], Step: [321/782], Loss: 0.27838224172592163
Rank:0 Epoch: [6/40], Step: [331/782], Loss: 0.2693205773830414
Rank:0 Epoch: [6/40], Step: [341/782], Loss: 0.2183447927236557
Rank:0 Epoch: [6/40], Step: [351/782], Loss: 0.4438878893852234
Rank:0 Epoch: [6/40], Step: [361/782], Loss: 0.35123705863952637
Rank:0 Epoch: [6/40], Step: [371/782], Loss: 0.42849647998809814
Rank:0 Epoch: [6/40], Step: [381/782], Loss: 0.2160148024559021
Rank:0 Epoch: [6/40], Step: [391/782], Loss: 0.39979273080825806
Rank:0 Epoch: [6/40], Step: [401/782], Loss: 0.4201149344444275
Rank:0 Epoch: [6/40], Step: [411/782], Loss: 0.30819380283355713
Rank:0 Epoch: [6/40], Step: [421/782], Loss: 0.46085986495018005
Rank:0 Epoch: [6/40], Step: [431/782], Loss: 0.38758042454719543
Rank:0 Epoch: [6/40], Step: [441/782], Loss: 0.470699667930603
Rank:0 Epoch: [6/40], Step: [451/782], Loss: 0.409452885389328
Rank:0 Epoch: [6/40], Step: [461/782], Loss: 0.5249143838882446
Rank:0 Epoch: [6/40], Step: [471/782], Loss: 0.34537193179130554
Rank:0 Epoch: [6/40], Step: [481/782], Loss: 0.3922508955001831
Rank:0 Epoch: [6/40], Step: [491/782], Loss: 0.3546481728553772
Rank:0 Epoch: [6/40], Step: [501/782], Loss: 0.5312777757644653
Rank:0 Epoch: [6/40], Step: [511/782], Loss: 0.45785200595855713
Rank:0 Epoch: [6/40], Step: [521/782], Loss: 0.25080785155296326
Rank:0 Epoch: [6/40], Step: [531/782], Loss: 0.4242345690727234
Rank:0 Epoch: [6/40], Step: [541/782], Loss: 0.4364781379699707
Rank:0 Epoch: [6/40], Step: [551/782], Loss: 0.41319048404693604
Rank:0 Epoch: [6/40], Step: [561/782], Loss: 0.33612143993377686
Rank:0 Epoch: [6/40], Step: [571/782], Loss: 0.3509514331817627
Rank:0 Epoch: [6/40], Step: [581/782], Loss: 0.4209904074668884
Rank:0 Epoch: [6/40], Step: [591/782], Loss: 0.2730806767940521
Rank:0 Epoch: [6/40], Step: [601/782], Loss: 0.3364683985710144
Rank:0 Epoch: [6/40], Step: [611/782], Loss: 0.38256940245628357
Rank:0 Epoch: [6/40], Step: [621/782], Loss: 0.33434098958969116
Rank:0 Epoch: [6/40], Step: [631/782], Loss: 0.37019550800323486
Rank:0 Epoch: [6/40], Step: [641/782], Loss: 0.22182561457157135
Rank:0 Epoch: [6/40], Step: [651/782], Loss: 0.28658342361450195
Rank:0 Epoch: [6/40], Step: [661/782], Loss: 0.39698606729507446
Rank:0 Epoch: [6/40], Step: [671/782], Loss: 0.26842114329338074
Rank:0 Epoch: [6/40], Step: [681/782], Loss: 0.3817175328731537
Rank:0 Epoch: [6/40], Step: [691/782], Loss: 0.3403988480567932
Rank:0 Epoch: [6/40], Step: [701/782], Loss: 0.3950011134147644
Rank:0 Epoch: [6/40], Step: [711/782], Loss: 0.3129705488681793
Rank:0 Epoch: [6/40], Step: [721/782], Loss: 0.2102910727262497
Rank:0 Epoch: [6/40], Step: [731/782], Loss: 0.7090245485305786
Rank:0 Epoch: [6/40], Step: [741/782], Loss: 0.6391829252243042
Rank:0 Epoch: [6/40], Step: [751/782], Loss: 0.1966715008020401
Rank:0 Epoch: [6/40], Step: [761/782], Loss: 0.2633577287197113
Rank:0 Epoch: [6/40], Step: [771/782], Loss: 0.3058123290538788
Rank:0 Epoch: [6/40], Step: [781/782], Loss: 0.3555341064929962
Current Test Acc: 0.8279
Rank:0 Epoch: [7/40], Step: [1/782], Loss: 0.2357243150472641
Rank:0 Epoch: [7/40], Step: [11/782], Loss: 0.3932656943798065
Rank:0 Epoch: [7/40], Step: [21/782], Loss: 0.39906370639801025
Rank:0 Epoch: [7/40], Step: [31/782], Loss: 0.2747446298599243
Rank:0 Epoch: [7/40], Step: [41/782], Loss: 0.4752200245857239
Rank:0 Epoch: [7/40], Step: [51/782], Loss: 0.3196679949760437
Rank:0 Epoch: [7/40], Step: [61/782], Loss: 0.3175547122955322
Rank:0 Epoch: [7/40], Step: [71/782], Loss: 0.24691638350486755
Rank:0 Epoch: [7/40], Step: [81/782], Loss: 0.22815527021884918
Rank:0 Epoch: [7/40], Step: [91/782], Loss: 0.2901233732700348
Rank:0 Epoch: [7/40], Step: [101/782], Loss: 0.2954251766204834
Rank:0 Epoch: [7/40], Step: [111/782], Loss: 0.3931577801704407
Rank:0 Epoch: [7/40], Step: [121/782], Loss: 0.631309449672699
Rank:0 Epoch: [7/40], Step: [131/782], Loss: 0.37897810339927673
Rank:0 Epoch: [7/40], Step: [141/782], Loss: 0.3672258257865906
Rank:0 Epoch: [7/40], Step: [151/782], Loss: 0.27127373218536377
Rank:0 Epoch: [7/40], Step: [161/782], Loss: 0.25684890151023865
Rank:0 Epoch: [7/40], Step: [171/782], Loss: 0.39055633544921875
Rank:0 Epoch: [7/40], Step: [181/782], Loss: 0.3613530695438385
Rank:0 Epoch: [7/40], Step: [191/782], Loss: 0.4817662239074707
Rank:0 Epoch: [7/40], Step: [201/782], Loss: 0.2725062668323517
Rank:0 Epoch: [7/40], Step: [211/782], Loss: 0.5908613204956055
Rank:0 Epoch: [7/40], Step: [221/782], Loss: 0.4259099066257477
Rank:0 Epoch: [7/40], Step: [231/782], Loss: 0.33923041820526123
Rank:0 Epoch: [7/40], Step: [241/782], Loss: 0.4903591275215149
Rank:0 Epoch: [7/40], Step: [251/782], Loss: 0.34026604890823364
Rank:0 Epoch: [7/40], Step: [261/782], Loss: 0.529157817363739
Rank:0 Epoch: [7/40], Step: [271/782], Loss: 0.7480341792106628
Rank:0 Epoch: [7/40], Step: [281/782], Loss: 0.4133422076702118
Rank:0 Epoch: [7/40], Step: [291/782], Loss: 0.42041611671447754
Rank:0 Epoch: [7/40], Step: [301/782], Loss: 0.2617267370223999
Rank:0 Epoch: [7/40], Step: [311/782], Loss: 0.41321879625320435
Rank:0 Epoch: [7/40], Step: [321/782], Loss: 0.42432302236557007
Rank:0 Epoch: [7/40], Step: [331/782], Loss: 0.42137667536735535
Rank:0 Epoch: [7/40], Step: [341/782], Loss: 0.4583686590194702
Rank:0 Epoch: [7/40], Step: [351/782], Loss: 0.2641347050666809
Rank:0 Epoch: [7/40], Step: [361/782], Loss: 0.22175385057926178
Rank:0 Epoch: [7/40], Step: [371/782], Loss: 0.4810556173324585
Rank:0 Epoch: [7/40], Step: [381/782], Loss: 0.4555078446865082
Rank:0 Epoch: [7/40], Step: [391/782], Loss: 0.46686339378356934
Rank:0 Epoch: [7/40], Step: [401/782], Loss: 0.34105777740478516
Rank:0 Epoch: [7/40], Step: [411/782], Loss: 0.44172602891921997
Rank:0 Epoch: [7/40], Step: [421/782], Loss: 0.357505202293396
Rank:0 Epoch: [7/40], Step: [431/782], Loss: 0.2716304659843445
Rank:0 Epoch: [7/40], Step: [441/782], Loss: 0.3246930241584778
Rank:0 Epoch: [7/40], Step: [451/782], Loss: 0.30172792077064514
Rank:0 Epoch: [7/40], Step: [461/782], Loss: 0.4491276144981384
Rank:0 Epoch: [7/40], Step: [471/782], Loss: 0.5428867936134338
Rank:0 Epoch: [7/40], Step: [481/782], Loss: 0.578484833240509
Rank:0 Epoch: [7/40], Step: [491/782], Loss: 0.2936542332172394
Rank:0 Epoch: [7/40], Step: [501/782], Loss: 0.39686259627342224
Rank:0 Epoch: [7/40], Step: [511/782], Loss: 0.25862908363342285
Rank:0 Epoch: [7/40], Step: [521/782], Loss: 0.423027366399765
Rank:0 Epoch: [7/40], Step: [531/782], Loss: 0.2979764938354492
Rank:0 Epoch: [7/40], Step: [541/782], Loss: 0.24146373569965363
Rank:0 Epoch: [7/40], Step: [551/782], Loss: 0.4382912218570709
Rank:0 Epoch: [7/40], Step: [561/782], Loss: 0.3554912805557251
Rank:0 Epoch: [7/40], Step: [571/782], Loss: 0.442851722240448
Rank:0 Epoch: [7/40], Step: [581/782], Loss: 0.32206419110298157
Rank:0 Epoch: [7/40], Step: [591/782], Loss: 0.1816980093717575
Rank:0 Epoch: [7/40], Step: [601/782], Loss: 0.3708556294441223
Rank:0 Epoch: [7/40], Step: [611/782], Loss: 0.2642660140991211
Rank:0 Epoch: [7/40], Step: [621/782], Loss: 0.35315442085266113
Rank:0 Epoch: [7/40], Step: [631/782], Loss: 0.286141037940979
Rank:0 Epoch: [7/40], Step: [641/782], Loss: 0.4395843744277954
Rank:0 Epoch: [7/40], Step: [651/782], Loss: 0.4840419590473175
Rank:0 Epoch: [7/40], Step: [661/782], Loss: 0.34246009588241577
Rank:0 Epoch: [7/40], Step: [671/782], Loss: 0.2822698652744293
Rank:0 Epoch: [7/40], Step: [681/782], Loss: 0.290337473154068
Rank:0 Epoch: [7/40], Step: [691/782], Loss: 0.5271332263946533
Rank:0 Epoch: [7/40], Step: [701/782], Loss: 0.2812568247318268
Rank:0 Epoch: [7/40], Step: [711/782], Loss: 0.2964205741882324
Rank:0 Epoch: [7/40], Step: [721/782], Loss: 0.3230723738670349
Rank:0 Epoch: [7/40], Step: [731/782], Loss: 0.4735523760318756
Rank:0 Epoch: [7/40], Step: [741/782], Loss: 0.5043777227401733
Rank:0 Epoch: [7/40], Step: [751/782], Loss: 0.2372315227985382
Rank:0 Epoch: [7/40], Step: [761/782], Loss: 0.3762131929397583
Rank:0 Epoch: [7/40], Step: [771/782], Loss: 0.348004013299942
Rank:0 Epoch: [7/40], Step: [781/782], Loss: 0.2868180572986603
Current Test Acc: 0.8074
Rank:0 Epoch: [8/40], Step: [1/782], Loss: 0.4476812183856964
Rank:0 Epoch: [8/40], Step: [11/782], Loss: 0.4400380253791809
Rank:0 Epoch: [8/40], Step: [21/782], Loss: 0.4498503506183624
Rank:0 Epoch: [8/40], Step: [31/782], Loss: 0.30682551860809326
Rank:0 Epoch: [8/40], Step: [41/782], Loss: 0.4194198548793793
Rank:0 Epoch: [8/40], Step: [51/782], Loss: 0.17980903387069702
Rank:0 Epoch: [8/40], Step: [61/782], Loss: 0.2675689160823822
Rank:0 Epoch: [8/40], Step: [71/782], Loss: 0.31250014901161194
Rank:0 Epoch: [8/40], Step: [81/782], Loss: 0.46251505613327026
Rank:0 Epoch: [8/40], Step: [91/782], Loss: 0.33599212765693665
Rank:0 Epoch: [8/40], Step: [101/782], Loss: 0.3416537940502167
Rank:0 Epoch: [8/40], Step: [111/782], Loss: 0.4447331130504608
Rank:0 Epoch: [8/40], Step: [121/782], Loss: 0.25368380546569824
Rank:0 Epoch: [8/40], Step: [131/782], Loss: 0.35536816716194153
Rank:0 Epoch: [8/40], Step: [141/782], Loss: 0.5570403933525085
Rank:0 Epoch: [8/40], Step: [151/782], Loss: 0.34219497442245483
Rank:0 Epoch: [8/40], Step: [161/782], Loss: 0.440448522567749
Rank:0 Epoch: [8/40], Step: [171/782], Loss: 0.37105792760849
Rank:0 Epoch: [8/40], Step: [181/782], Loss: 0.3303278386592865
Rank:0 Epoch: [8/40], Step: [191/782], Loss: 0.1955936700105667
Rank:0 Epoch: [8/40], Step: [201/782], Loss: 0.4179171025753021
Rank:0 Epoch: [8/40], Step: [211/782], Loss: 0.4212237298488617
Rank:0 Epoch: [8/40], Step: [221/782], Loss: 0.44914141297340393
Rank:0 Epoch: [8/40], Step: [231/782], Loss: 0.239547997713089
Rank:0 Epoch: [8/40], Step: [241/782], Loss: 0.33641013503074646
Rank:0 Epoch: [8/40], Step: [251/782], Loss: 0.37280166149139404
Rank:0 Epoch: [8/40], Step: [261/782], Loss: 0.18299365043640137
Rank:0 Epoch: [8/40], Step: [271/782], Loss: 0.4382593333721161
Rank:0 Epoch: [8/40], Step: [281/782], Loss: 0.5564064383506775
Rank:0 Epoch: [8/40], Step: [291/782], Loss: 0.5082785487174988
Rank:0 Epoch: [8/40], Step: [301/782], Loss: 0.2613922953605652
Rank:0 Epoch: [8/40], Step: [311/782], Loss: 0.32483917474746704
Rank:0 Epoch: [8/40], Step: [321/782], Loss: 0.3509725332260132
Rank:0 Epoch: [8/40], Step: [331/782], Loss: 0.355224072933197
Rank:0 Epoch: [8/40], Step: [341/782], Loss: 0.4491800367832184
Rank:0 Epoch: [8/40], Step: [351/782], Loss: 0.24459907412528992
Rank:0 Epoch: [8/40], Step: [361/782], Loss: 0.2843281328678131
Rank:0 Epoch: [8/40], Step: [371/782], Loss: 0.2527097761631012
Rank:0 Epoch: [8/40], Step: [381/782], Loss: 0.3415732681751251
Rank:0 Epoch: [8/40], Step: [391/782], Loss: 0.36795300245285034
Rank:0 Epoch: [8/40], Step: [401/782], Loss: 0.39152395725250244
Rank:0 Epoch: [8/40], Step: [411/782], Loss: 0.4604823589324951
Rank:0 Epoch: [8/40], Step: [421/782], Loss: 0.24730104207992554
Rank:0 Epoch: [8/40], Step: [431/782], Loss: 0.29423969984054565
Rank:0 Epoch: [8/40], Step: [441/782], Loss: 0.320090651512146
Rank:0 Epoch: [8/40], Step: [451/782], Loss: 0.3709816038608551
Rank:0 Epoch: [8/40], Step: [461/782], Loss: 0.4498636722564697
Rank:0 Epoch: [8/40], Step: [471/782], Loss: 0.5004245042800903
Rank:0 Epoch: [8/40], Step: [481/782], Loss: 0.5055292248725891
Rank:0 Epoch: [8/40], Step: [491/782], Loss: 0.30322131514549255
Rank:0 Epoch: [8/40], Step: [501/782], Loss: 0.512266218662262
Rank:0 Epoch: [8/40], Step: [511/782], Loss: 0.2364070564508438
Rank:0 Epoch: [8/40], Step: [521/782], Loss: 0.6276306509971619
Rank:0 Epoch: [8/40], Step: [531/782], Loss: 0.5429163575172424
Rank:0 Epoch: [8/40], Step: [541/782], Loss: 0.38904130458831787
Rank:0 Epoch: [8/40], Step: [551/782], Loss: 0.20316147804260254
Rank:0 Epoch: [8/40], Step: [561/782], Loss: 0.45440948009490967
Rank:0 Epoch: [8/40], Step: [571/782], Loss: 0.36029377579689026
Rank:0 Epoch: [8/40], Step: [581/782], Loss: 0.36284539103507996
Rank:0 Epoch: [8/40], Step: [591/782], Loss: 0.3294052481651306
Rank:0 Epoch: [8/40], Step: [601/782], Loss: 0.38460680842399597
Rank:0 Epoch: [8/40], Step: [611/782], Loss: 0.2156866192817688
Rank:0 Epoch: [8/40], Step: [621/782], Loss: 0.28716596961021423
Rank:0 Epoch: [8/40], Step: [631/782], Loss: 0.3470386862754822
Rank:0 Epoch: [8/40], Step: [641/782], Loss: 0.5260805487632751
Rank:0 Epoch: [8/40], Step: [651/782], Loss: 0.40123987197875977
Rank:0 Epoch: [8/40], Step: [661/782], Loss: 0.33694690465927124
Rank:0 Epoch: [8/40], Step: [671/782], Loss: 0.460736483335495
Rank:0 Epoch: [8/40], Step: [681/782], Loss: 0.25576719641685486
Rank:0 Epoch: [8/40], Step: [691/782], Loss: 0.5543665289878845
Rank:0 Epoch: [8/40], Step: [701/782], Loss: 0.7354331016540527
Rank:0 Epoch: [8/40], Step: [711/782], Loss: 0.2691241502761841
Rank:0 Epoch: [8/40], Step: [721/782], Loss: 0.323640376329422
Rank:0 Epoch: [8/40], Step: [731/782], Loss: 0.40289270877838135
Rank:0 Epoch: [8/40], Step: [741/782], Loss: 0.41866636276245117
Rank:0 Epoch: [8/40], Step: [751/782], Loss: 0.16290563344955444
Rank:0 Epoch: [8/40], Step: [761/782], Loss: 0.3267291784286499
Rank:0 Epoch: [8/40], Step: [771/782], Loss: 0.48368218541145325
Rank:0 Epoch: [8/40], Step: [781/782], Loss: 0.27399590611457825
Current Test Acc: 0.8565
Rank:0 Epoch: [9/40], Step: [1/782], Loss: 0.30192577838897705
Rank:0 Epoch: [9/40], Step: [11/782], Loss: 0.24132563173770905
Rank:0 Epoch: [9/40], Step: [21/782], Loss: 0.28846272826194763
Rank:0 Epoch: [9/40], Step: [31/782], Loss: 0.3333970010280609
Rank:0 Epoch: [9/40], Step: [41/782], Loss: 0.24638262391090393
Rank:0 Epoch: [9/40], Step: [51/782], Loss: 0.36410483717918396
Rank:0 Epoch: [9/40], Step: [61/782], Loss: 0.31860557198524475
Rank:0 Epoch: [9/40], Step: [71/782], Loss: 0.4803778827190399
Rank:0 Epoch: [9/40], Step: [81/782], Loss: 0.27215784788131714
Rank:0 Epoch: [9/40], Step: [91/782], Loss: 0.4320182800292969
Rank:0 Epoch: [9/40], Step: [101/782], Loss: 0.2232080101966858
Rank:0 Epoch: [9/40], Step: [111/782], Loss: 0.2199288159608841
Rank:0 Epoch: [9/40], Step: [121/782], Loss: 0.3426748514175415
Rank:0 Epoch: [9/40], Step: [131/782], Loss: 0.3438083827495575
Rank:0 Epoch: [9/40], Step: [141/782], Loss: 0.20865988731384277
Rank:0 Epoch: [9/40], Step: [151/782], Loss: 0.2900974154472351
Rank:0 Epoch: [9/40], Step: [161/782], Loss: 0.18898442387580872
Rank:0 Epoch: [9/40], Step: [171/782], Loss: 0.29250308871269226
Rank:0 Epoch: [9/40], Step: [181/782], Loss: 0.3935815989971161
Rank:0 Epoch: [9/40], Step: [191/782], Loss: 0.3098895847797394
Rank:0 Epoch: [9/40], Step: [201/782], Loss: 0.4312666058540344
Rank:0 Epoch: [9/40], Step: [211/782], Loss: 0.35270926356315613
Rank:0 Epoch: [9/40], Step: [221/782], Loss: 0.2650178074836731
Rank:0 Epoch: [9/40], Step: [231/782], Loss: 0.2752842903137207
Rank:0 Epoch: [9/40], Step: [241/782], Loss: 0.221154123544693
Rank:0 Epoch: [9/40], Step: [251/782], Loss: 0.4442407786846161
Rank:0 Epoch: [9/40], Step: [261/782], Loss: 0.326602041721344
Rank:0 Epoch: [9/40], Step: [271/782], Loss: 0.4930011034011841
Rank:0 Epoch: [9/40], Step: [281/782], Loss: 0.4792962372303009
Rank:0 Epoch: [9/40], Step: [291/782], Loss: 0.2513255178928375
Rank:0 Epoch: [9/40], Step: [301/782], Loss: 0.3814597725868225
Rank:0 Epoch: [9/40], Step: [311/782], Loss: 0.2565152943134308
Rank:0 Epoch: [9/40], Step: [321/782], Loss: 0.2780696451663971
Rank:0 Epoch: [9/40], Step: [331/782], Loss: 0.3866899907588959
Rank:0 Epoch: [9/40], Step: [341/782], Loss: 0.4117477834224701
Rank:0 Epoch: [9/40], Step: [351/782], Loss: 0.20739060640335083
Rank:0 Epoch: [9/40], Step: [361/782], Loss: 0.38416269421577454
Rank:0 Epoch: [9/40], Step: [371/782], Loss: 0.19994638860225677
Rank:0 Epoch: [9/40], Step: [381/782], Loss: 0.35060083866119385
Rank:0 Epoch: [9/40], Step: [391/782], Loss: 0.39715227484703064
Rank:0 Epoch: [9/40], Step: [401/782], Loss: 0.22645503282546997
Rank:0 Epoch: [9/40], Step: [411/782], Loss: 0.261461466550827
Rank:0 Epoch: [9/40], Step: [421/782], Loss: 0.32216811180114746
Rank:0 Epoch: [9/40], Step: [431/782], Loss: 0.2993224263191223
Rank:0 Epoch: [9/40], Step: [441/782], Loss: 0.4761166572570801
Rank:0 Epoch: [9/40], Step: [451/782], Loss: 0.29011619091033936
Rank:0 Epoch: [9/40], Step: [461/782], Loss: 0.4806179702281952
Rank:0 Epoch: [9/40], Step: [471/782], Loss: 0.17210564017295837
Rank:0 Epoch: [9/40], Step: [481/782], Loss: 0.4137120246887207
Rank:0 Epoch: [9/40], Step: [491/782], Loss: 0.3788882791996002
Rank:0 Epoch: [9/40], Step: [501/782], Loss: 0.20637620985507965
Rank:0 Epoch: [9/40], Step: [511/782], Loss: 0.45295852422714233
Rank:0 Epoch: [9/40], Step: [521/782], Loss: 0.24198748171329498
Rank:0 Epoch: [9/40], Step: [531/782], Loss: 0.42940330505371094
Rank:0 Epoch: [9/40], Step: [541/782], Loss: 0.4395952522754669
Rank:0 Epoch: [9/40], Step: [551/782], Loss: 0.3520689308643341
Rank:0 Epoch: [9/40], Step: [561/782], Loss: 0.44709229469299316
Rank:0 Epoch: [9/40], Step: [571/782], Loss: 0.18832199275493622
Rank:0 Epoch: [9/40], Step: [581/782], Loss: 0.4291863739490509
Rank:0 Epoch: [9/40], Step: [591/782], Loss: 0.4165884852409363
Rank:0 Epoch: [9/40], Step: [601/782], Loss: 0.29863041639328003
Rank:0 Epoch: [9/40], Step: [611/782], Loss: 0.34719330072402954
Rank:0 Epoch: [9/40], Step: [621/782], Loss: 0.31743887066841125
Rank:0 Epoch: [9/40], Step: [631/782], Loss: 0.36466842889785767
Rank:0 Epoch: [9/40], Step: [641/782], Loss: 0.3776983320713043
Rank:0 Epoch: [9/40], Step: [651/782], Loss: 0.32640063762664795
Rank:0 Epoch: [9/40], Step: [661/782], Loss: 0.2576930820941925
Rank:0 Epoch: [9/40], Step: [671/782], Loss: 0.3804348111152649
Rank:0 Epoch: [9/40], Step: [681/782], Loss: 0.3586370646953583
Rank:0 Epoch: [9/40], Step: [691/782], Loss: 0.4382627010345459
Rank:0 Epoch: [9/40], Step: [701/782], Loss: 0.4913043975830078
Rank:0 Epoch: [9/40], Step: [711/782], Loss: 0.3427727520465851
Rank:0 Epoch: [9/40], Step: [721/782], Loss: 0.3301336467266083
Rank:0 Epoch: [9/40], Step: [731/782], Loss: 0.5090480446815491
Rank:0 Epoch: [9/40], Step: [741/782], Loss: 0.26955339312553406
Rank:0 Epoch: [9/40], Step: [751/782], Loss: 0.3016972243785858
Rank:0 Epoch: [9/40], Step: [761/782], Loss: 0.30444374680519104
Rank:0 Epoch: [9/40], Step: [771/782], Loss: 0.5208750367164612
Rank:0 Epoch: [9/40], Step: [781/782], Loss: 0.4377973973751068
Current Test Acc: 0.8524
Rank:0 Epoch: [10/40], Step: [1/782], Loss: 0.40238797664642334
Rank:0 Epoch: [10/40], Step: [11/782], Loss: 0.30913424491882324
Rank:0 Epoch: [10/40], Step: [21/782], Loss: 0.3040500581264496
Rank:0 Epoch: [10/40], Step: [31/782], Loss: 0.39774519205093384
Rank:0 Epoch: [10/40], Step: [41/782], Loss: 0.3924911320209503
Rank:0 Epoch: [10/40], Step: [51/782], Loss: 0.6673200726509094
Rank:0 Epoch: [10/40], Step: [61/782], Loss: 0.36385563015937805
Rank:0 Epoch: [10/40], Step: [71/782], Loss: 0.2887752056121826
Rank:0 Epoch: [10/40], Step: [81/782], Loss: 0.1908903867006302
Rank:0 Epoch: [10/40], Step: [91/782], Loss: 0.40327996015548706
Rank:0 Epoch: [10/40], Step: [101/782], Loss: 0.27729740738868713
Rank:0 Epoch: [10/40], Step: [111/782], Loss: 0.29496482014656067
Rank:0 Epoch: [10/40], Step: [121/782], Loss: 0.2396267205476761
Rank:0 Epoch: [10/40], Step: [131/782], Loss: 0.30289772152900696
Rank:0 Epoch: [10/40], Step: [141/782], Loss: 0.22875486314296722
Rank:0 Epoch: [10/40], Step: [151/782], Loss: 0.2947647273540497
Rank:0 Epoch: [10/40], Step: [161/782], Loss: 0.2644767761230469
Rank:0 Epoch: [10/40], Step: [171/782], Loss: 0.3970692753791809
Rank:0 Epoch: [10/40], Step: [181/782], Loss: 0.369963675737381
Rank:0 Epoch: [10/40], Step: [191/782], Loss: 0.417860209941864
Rank:0 Epoch: [10/40], Step: [201/782], Loss: 0.39566442370414734
Rank:0 Epoch: [10/40], Step: [211/782], Loss: 0.38029855489730835
Rank:0 Epoch: [10/40], Step: [221/782], Loss: 0.27822738885879517
Rank:0 Epoch: [10/40], Step: [231/782], Loss: 0.27830570936203003
Rank:0 Epoch: [10/40], Step: [241/782], Loss: 0.27425891160964966
Rank:0 Epoch: [10/40], Step: [251/782], Loss: 0.4079655706882477
Rank:0 Epoch: [10/40], Step: [261/782], Loss: 0.2882881164550781
Rank:0 Epoch: [10/40], Step: [271/782], Loss: 0.27292177081108093
Rank:0 Epoch: [10/40], Step: [281/782], Loss: 0.3459126651287079
Rank:0 Epoch: [10/40], Step: [291/782], Loss: 0.280717134475708
Rank:0 Epoch: [10/40], Step: [301/782], Loss: 0.15007250010967255
Rank:0 Epoch: [10/40], Step: [311/782], Loss: 0.3800676167011261
Rank:0 Epoch: [10/40], Step: [321/782], Loss: 0.3920802175998688
Rank:0 Epoch: [10/40], Step: [331/782], Loss: 0.2716679573059082
Rank:0 Epoch: [10/40], Step: [341/782], Loss: 0.46254661679267883
Rank:0 Epoch: [10/40], Step: [351/782], Loss: 0.3591086268424988
Rank:0 Epoch: [10/40], Step: [361/782], Loss: 0.14362867176532745
Rank:0 Epoch: [10/40], Step: [371/782], Loss: 0.24601887166500092
Rank:0 Epoch: [10/40], Step: [381/782], Loss: 0.38195013999938965
Rank:0 Epoch: [10/40], Step: [391/782], Loss: 0.33312997221946716
Rank:0 Epoch: [10/40], Step: [401/782], Loss: 0.35811081528663635
Rank:0 Epoch: [10/40], Step: [411/782], Loss: 0.5193265676498413
Rank:0 Epoch: [10/40], Step: [421/782], Loss: 0.17745110392570496
Rank:0 Epoch: [10/40], Step: [431/782], Loss: 0.2828938663005829
Rank:0 Epoch: [10/40], Step: [441/782], Loss: 0.25977638363838196
Rank:0 Epoch: [10/40], Step: [451/782], Loss: 0.5241281986236572
Rank:0 Epoch: [10/40], Step: [461/782], Loss: 0.6408562660217285
Rank:0 Epoch: [10/40], Step: [471/782], Loss: 0.4064426124095917
Rank:0 Epoch: [10/40], Step: [481/782], Loss: 0.3098779320716858
Rank:0 Epoch: [10/40], Step: [491/782], Loss: 0.44191157817840576
Rank:0 Epoch: [10/40], Step: [501/782], Loss: 0.24121417105197906
Rank:0 Epoch: [10/40], Step: [511/782], Loss: 0.2961750030517578
Rank:0 Epoch: [10/40], Step: [521/782], Loss: 0.3078983426094055
Rank:0 Epoch: [10/40], Step: [531/782], Loss: 0.40481895208358765
Rank:0 Epoch: [10/40], Step: [541/782], Loss: 0.41963088512420654
Rank:0 Epoch: [10/40], Step: [551/782], Loss: 0.44188469648361206
Rank:0 Epoch: [10/40], Step: [561/782], Loss: 0.2895950973033905
Rank:0 Epoch: [10/40], Step: [571/782], Loss: 0.35582977533340454
Rank:0 Epoch: [10/40], Step: [581/782], Loss: 0.4100739359855652
Rank:0 Epoch: [10/40], Step: [591/782], Loss: 0.322235643863678
Rank:0 Epoch: [10/40], Step: [601/782], Loss: 0.2501315176486969
Rank:0 Epoch: [10/40], Step: [611/782], Loss: 0.3406161069869995
Rank:0 Epoch: [10/40], Step: [621/782], Loss: 0.5116379857063293
Rank:0 Epoch: [10/40], Step: [631/782], Loss: 0.666595995426178
Rank:0 Epoch: [10/40], Step: [641/782], Loss: 0.42217719554901123
Rank:0 Epoch: [10/40], Step: [651/782], Loss: 0.4315573275089264
Rank:0 Epoch: [10/40], Step: [661/782], Loss: 0.3253737688064575
Rank:0 Epoch: [10/40], Step: [671/782], Loss: 0.3664007782936096
Rank:0 Epoch: [10/40], Step: [681/782], Loss: 0.4397536516189575
Rank:0 Epoch: [10/40], Step: [691/782], Loss: 0.3687177300453186
Rank:0 Epoch: [10/40], Step: [701/782], Loss: 0.4704534709453583
Rank:0 Epoch: [10/40], Step: [711/782], Loss: 0.21334315836429596
Rank:0 Epoch: [10/40], Step: [721/782], Loss: 0.26712509989738464
Rank:0 Epoch: [10/40], Step: [731/782], Loss: 0.2605689764022827
Rank:0 Epoch: [10/40], Step: [741/782], Loss: 0.26779705286026
Rank:0 Epoch: [10/40], Step: [751/782], Loss: 0.2669595181941986
Rank:0 Epoch: [10/40], Step: [761/782], Loss: 0.2943628132343292
Rank:0 Epoch: [10/40], Step: [771/782], Loss: 0.1982351392507553
Rank:0 Epoch: [10/40], Step: [781/782], Loss: 0.2959861159324646
Current Test Acc: 0.8273
Rank:0 Epoch: [11/40], Step: [1/782], Loss: 0.47240713238716125
Rank:0 Epoch: [11/40], Step: [11/782], Loss: 0.23374083638191223
Rank:0 Epoch: [11/40], Step: [21/782], Loss: 0.31401723623275757
Rank:0 Epoch: [11/40], Step: [31/782], Loss: 0.25584352016448975
Rank:0 Epoch: [11/40], Step: [41/782], Loss: 0.4192957282066345
Rank:0 Epoch: [11/40], Step: [51/782], Loss: 0.20855797827243805
Rank:0 Epoch: [11/40], Step: [61/782], Loss: 0.4072040617465973
Rank:0 Epoch: [11/40], Step: [71/782], Loss: 0.38444676995277405
Rank:0 Epoch: [11/40], Step: [81/782], Loss: 0.18258202075958252
Rank:0 Epoch: [11/40], Step: [91/782], Loss: 0.417729914188385
Rank:0 Epoch: [11/40], Step: [101/782], Loss: 0.3103732168674469
Rank:0 Epoch: [11/40], Step: [111/782], Loss: 0.2800390422344208
Rank:0 Epoch: [11/40], Step: [121/782], Loss: 0.28605470061302185
Rank:0 Epoch: [11/40], Step: [131/782], Loss: 0.2922792136669159
Rank:0 Epoch: [11/40], Step: [141/782], Loss: 0.42857882380485535
Rank:0 Epoch: [11/40], Step: [151/782], Loss: 0.3849697709083557
Rank:0 Epoch: [11/40], Step: [161/782], Loss: 0.4537457227706909
Rank:0 Epoch: [11/40], Step: [171/782], Loss: 0.25841376185417175
Rank:0 Epoch: [11/40], Step: [181/782], Loss: 0.6185427904129028
Rank:0 Epoch: [11/40], Step: [191/782], Loss: 0.20897109806537628
Rank:0 Epoch: [11/40], Step: [201/782], Loss: 0.28727826476097107
Rank:0 Epoch: [11/40], Step: [211/782], Loss: 0.34824538230895996
Rank:0 Epoch: [11/40], Step: [221/782], Loss: 0.21506288647651672
Rank:0 Epoch: [11/40], Step: [231/782], Loss: 0.41213664412498474
Rank:0 Epoch: [11/40], Step: [241/782], Loss: 0.3747710585594177
Rank:0 Epoch: [11/40], Step: [251/782], Loss: 0.19851934909820557
Rank:0 Epoch: [11/40], Step: [261/782], Loss: 0.4442405104637146
Rank:0 Epoch: [11/40], Step: [271/782], Loss: 0.23123928904533386
Rank:0 Epoch: [11/40], Step: [281/782], Loss: 0.20503515005111694
Rank:0 Epoch: [11/40], Step: [291/782], Loss: 0.3149626553058624
Rank:0 Epoch: [11/40], Step: [301/782], Loss: 0.20386601984500885
Rank:0 Epoch: [11/40], Step: [311/782], Loss: 0.4275699853897095
Rank:0 Epoch: [11/40], Step: [321/782], Loss: 0.3753373324871063
Rank:0 Epoch: [11/40], Step: [331/782], Loss: 0.5350539684295654
Rank:0 Epoch: [11/40], Step: [341/782], Loss: 0.37118393182754517
Rank:0 Epoch: [11/40], Step: [351/782], Loss: 0.5992755889892578
Rank:0 Epoch: [11/40], Step: [361/782], Loss: 0.4223680794239044
Rank:0 Epoch: [11/40], Step: [371/782], Loss: 0.42481529712677
Rank:0 Epoch: [11/40], Step: [381/782], Loss: 0.2972593307495117
Rank:0 Epoch: [11/40], Step: [391/782], Loss: 0.3621181547641754
Rank:0 Epoch: [11/40], Step: [401/782], Loss: 0.3284403383731842
Rank:0 Epoch: [11/40], Step: [411/782], Loss: 0.293608158826828
Rank:0 Epoch: [11/40], Step: [421/782], Loss: 0.394192636013031
Rank:0 Epoch: [11/40], Step: [431/782], Loss: 0.454203724861145
Rank:0 Epoch: [11/40], Step: [441/782], Loss: 0.44556158781051636
Rank:0 Epoch: [11/40], Step: [451/782], Loss: 0.24305802583694458
Rank:0 Epoch: [11/40], Step: [461/782], Loss: 0.4620959162712097
Rank:0 Epoch: [11/40], Step: [471/782], Loss: 0.33997470140457153
Rank:0 Epoch: [11/40], Step: [481/782], Loss: 0.2045104205608368
Rank:0 Epoch: [11/40], Step: [491/782], Loss: 0.32888463139533997
Rank:0 Epoch: [11/40], Step: [501/782], Loss: 0.33811095356941223
Rank:0 Epoch: [11/40], Step: [511/782], Loss: 0.3736388385295868
Rank:0 Epoch: [11/40], Step: [521/782], Loss: 0.2853137254714966
Rank:0 Epoch: [11/40], Step: [531/782], Loss: 0.2979618012905121
Rank:0 Epoch: [11/40], Step: [541/782], Loss: 0.2897975444793701
Rank:0 Epoch: [11/40], Step: [551/782], Loss: 0.30412763357162476
Rank:0 Epoch: [11/40], Step: [561/782], Loss: 0.3220374882221222
Rank:0 Epoch: [11/40], Step: [571/782], Loss: 0.4972527325153351
Rank:0 Epoch: [11/40], Step: [581/782], Loss: 0.4541013836860657
Rank:0 Epoch: [11/40], Step: [591/782], Loss: 0.27492398023605347
Rank:0 Epoch: [11/40], Step: [601/782], Loss: 0.2750692069530487
Rank:0 Epoch: [11/40], Step: [611/782], Loss: 0.3159739375114441
Rank:0 Epoch: [11/40], Step: [621/782], Loss: 0.4505150318145752
Rank:0 Epoch: [11/40], Step: [631/782], Loss: 0.2765383720397949
Rank:0 Epoch: [11/40], Step: [641/782], Loss: 0.4953535497188568
Rank:0 Epoch: [11/40], Step: [651/782], Loss: 0.39775148034095764
Rank:0 Epoch: [11/40], Step: [661/782], Loss: 0.47989171743392944
Rank:0 Epoch: [11/40], Step: [671/782], Loss: 0.4123699367046356
Rank:0 Epoch: [11/40], Step: [681/782], Loss: 0.30483752489089966
Rank:0 Epoch: [11/40], Step: [691/782], Loss: 0.4583992660045624
Rank:0 Epoch: [11/40], Step: [701/782], Loss: 0.30555275082588196
Rank:0 Epoch: [11/40], Step: [711/782], Loss: 0.4987541437149048
Rank:0 Epoch: [11/40], Step: [721/782], Loss: 0.29634809494018555
Rank:0 Epoch: [11/40], Step: [731/782], Loss: 0.32029953598976135
Rank:0 Epoch: [11/40], Step: [741/782], Loss: 0.40541061758995056
Rank:0 Epoch: [11/40], Step: [751/782], Loss: 0.34475651383399963
Rank:0 Epoch: [11/40], Step: [761/782], Loss: 0.32246026396751404
Rank:0 Epoch: [11/40], Step: [771/782], Loss: 0.42597073316574097
Rank:0 Epoch: [11/40], Step: [781/782], Loss: 0.23149020969867706
Current Test Acc: 0.8503
Rank:0 Epoch: [12/40], Step: [1/782], Loss: 0.37297987937927246
Rank:0 Epoch: [12/40], Step: [11/782], Loss: 0.3108121454715729
Rank:0 Epoch: [12/40], Step: [21/782], Loss: 0.31021153926849365
Rank:0 Epoch: [12/40], Step: [31/782], Loss: 0.297816663980484
Rank:0 Epoch: [12/40], Step: [41/782], Loss: 0.440797358751297
Rank:0 Epoch: [12/40], Step: [51/782], Loss: 0.41759681701660156
Rank:0 Epoch: [12/40], Step: [61/782], Loss: 0.31973695755004883
Rank:0 Epoch: [12/40], Step: [71/782], Loss: 0.3356019854545593
Rank:0 Epoch: [12/40], Step: [81/782], Loss: 0.1795455366373062
Rank:0 Epoch: [12/40], Step: [91/782], Loss: 0.2519923150539398
Rank:0 Epoch: [12/40], Step: [101/782], Loss: 0.37723302841186523
Rank:0 Epoch: [12/40], Step: [111/782], Loss: 0.3304632902145386
Rank:0 Epoch: [12/40], Step: [121/782], Loss: 0.33592310547828674
Rank:0 Epoch: [12/40], Step: [131/782], Loss: 0.26165664196014404
Rank:0 Epoch: [12/40], Step: [141/782], Loss: 0.3019365072250366
Rank:0 Epoch: [12/40], Step: [151/782], Loss: 0.3873569965362549
Rank:0 Epoch: [12/40], Step: [161/782], Loss: 0.45035889744758606
Rank:0 Epoch: [12/40], Step: [171/782], Loss: 0.19839759171009064
Rank:0 Epoch: [12/40], Step: [181/782], Loss: 0.3661591410636902
Rank:0 Epoch: [12/40], Step: [191/782], Loss: 0.29635271430015564
Rank:0 Epoch: [12/40], Step: [201/782], Loss: 0.20454904437065125
Rank:0 Epoch: [12/40], Step: [211/782], Loss: 0.13605375587940216
Rank:0 Epoch: [12/40], Step: [221/782], Loss: 0.42031943798065186
Rank:0 Epoch: [12/40], Step: [231/782], Loss: 0.2968210279941559
Rank:0 Epoch: [12/40], Step: [241/782], Loss: 0.5353606939315796
Rank:0 Epoch: [12/40], Step: [251/782], Loss: 0.33111637830734253
Rank:0 Epoch: [12/40], Step: [261/782], Loss: 0.28875789046287537
Rank:0 Epoch: [12/40], Step: [271/782], Loss: 0.32587867975234985
Rank:0 Epoch: [12/40], Step: [281/782], Loss: 0.3366702198982239
Rank:0 Epoch: [12/40], Step: [291/782], Loss: 0.6486985683441162
Rank:0 Epoch: [12/40], Step: [301/782], Loss: 0.30977657437324524
Rank:0 Epoch: [12/40], Step: [311/782], Loss: 0.27341294288635254
Rank:0 Epoch: [12/40], Step: [321/782], Loss: 0.20373231172561646
Rank:0 Epoch: [12/40], Step: [331/782], Loss: 0.4119330048561096
Rank:0 Epoch: [12/40], Step: [341/782], Loss: 0.3084500730037689
Rank:0 Epoch: [12/40], Step: [351/782], Loss: 0.4287117123603821
Rank:0 Epoch: [12/40], Step: [361/782], Loss: 0.5418088436126709
Rank:0 Epoch: [12/40], Step: [371/782], Loss: 0.27935120463371277
Rank:0 Epoch: [12/40], Step: [381/782], Loss: 0.3362273573875427
Rank:0 Epoch: [12/40], Step: [391/782], Loss: 0.3553593158721924
Rank:0 Epoch: [12/40], Step: [401/782], Loss: 0.3418782353401184
Rank:0 Epoch: [12/40], Step: [411/782], Loss: 0.8140416741371155
Rank:0 Epoch: [12/40], Step: [421/782], Loss: 0.2602246403694153
Rank:0 Epoch: [12/40], Step: [431/782], Loss: 0.3221464157104492
Rank:0 Epoch: [12/40], Step: [441/782], Loss: 0.3581247925758362
Rank:0 Epoch: [12/40], Step: [451/782], Loss: 0.36410748958587646
Rank:0 Epoch: [12/40], Step: [461/782], Loss: 0.2670370936393738
Rank:0 Epoch: [12/40], Step: [471/782], Loss: 0.25070884823799133
Rank:0 Epoch: [12/40], Step: [481/782], Loss: 0.38798531889915466
Rank:0 Epoch: [12/40], Step: [491/782], Loss: 0.546974778175354
Rank:0 Epoch: [12/40], Step: [501/782], Loss: 0.3269874155521393
Rank:0 Epoch: [12/40], Step: [511/782], Loss: 0.25723695755004883
Rank:0 Epoch: [12/40], Step: [521/782], Loss: 0.25621408224105835
Rank:0 Epoch: [12/40], Step: [531/782], Loss: 0.40367528796195984
Rank:0 Epoch: [12/40], Step: [541/782], Loss: 0.16597715020179749
Rank:0 Epoch: [12/40], Step: [551/782], Loss: 0.28803807497024536
Rank:0 Epoch: [12/40], Step: [561/782], Loss: 0.23316340148448944
Rank:0 Epoch: [12/40], Step: [571/782], Loss: 0.20224587619304657
Rank:0 Epoch: [12/40], Step: [581/782], Loss: 0.45951053500175476
Rank:0 Epoch: [12/40], Step: [591/782], Loss: 0.23377105593681335
Rank:0 Epoch: [12/40], Step: [601/782], Loss: 0.3561912178993225
Rank:0 Epoch: [12/40], Step: [611/782], Loss: 0.25792890787124634
Rank:0 Epoch: [12/40], Step: [621/782], Loss: 0.2374500334262848
Rank:0 Epoch: [12/40], Step: [631/782], Loss: 0.36836495995521545
Rank:0 Epoch: [12/40], Step: [641/782], Loss: 0.2553713619709015
Rank:0 Epoch: [12/40], Step: [651/782], Loss: 0.3634410500526428
Rank:0 Epoch: [12/40], Step: [661/782], Loss: 0.4190985858440399
Rank:0 Epoch: [12/40], Step: [671/782], Loss: 0.42820632457733154
Rank:0 Epoch: [12/40], Step: [681/782], Loss: 0.42812851071357727
Rank:0 Epoch: [12/40], Step: [691/782], Loss: 0.42441532015800476
Rank:0 Epoch: [12/40], Step: [701/782], Loss: 0.3291492760181427
Rank:0 Epoch: [12/40], Step: [711/782], Loss: 0.5129569172859192
Rank:0 Epoch: [12/40], Step: [721/782], Loss: 0.33350861072540283
Rank:0 Epoch: [12/40], Step: [731/782], Loss: 0.5085718631744385
Rank:0 Epoch: [12/40], Step: [741/782], Loss: 0.21592280268669128
Rank:0 Epoch: [12/40], Step: [751/782], Loss: 0.563047468662262
Rank:0 Epoch: [12/40], Step: [761/782], Loss: 0.3965213894844055
Rank:0 Epoch: [12/40], Step: [771/782], Loss: 0.3382374346256256
Rank:0 Epoch: [12/40], Step: [781/782], Loss: 0.2921767234802246
Current Test Acc: 0.8354
Rank:0 Epoch: [13/40], Step: [1/782], Loss: 0.6006397008895874
Rank:0 Epoch: [13/40], Step: [11/782], Loss: 0.3413611054420471
Rank:0 Epoch: [13/40], Step: [21/782], Loss: 0.38795602321624756
Rank:0 Epoch: [13/40], Step: [31/782], Loss: 0.4340148866176605
Rank:0 Epoch: [13/40], Step: [41/782], Loss: 0.35825005173683167
Rank:0 Epoch: [13/40], Step: [51/782], Loss: 0.477697491645813
Rank:0 Epoch: [13/40], Step: [61/782], Loss: 0.2758081555366516
Rank:0 Epoch: [13/40], Step: [71/782], Loss: 0.4881771206855774
Rank:0 Epoch: [13/40], Step: [81/782], Loss: 0.23923160135746002
Rank:0 Epoch: [13/40], Step: [91/782], Loss: 0.24610574543476105
Rank:0 Epoch: [13/40], Step: [101/782], Loss: 0.1796369105577469
Rank:0 Epoch: [13/40], Step: [111/782], Loss: 0.22632573544979095
Rank:0 Epoch: [13/40], Step: [121/782], Loss: 0.28982651233673096
Rank:0 Epoch: [13/40], Step: [131/782], Loss: 0.2668842077255249
Rank:0 Epoch: [13/40], Step: [141/782], Loss: 0.3075633645057678
Rank:0 Epoch: [13/40], Step: [151/782], Loss: 0.34234198927879333
Rank:0 Epoch: [13/40], Step: [161/782], Loss: 0.177956223487854
Rank:0 Epoch: [13/40], Step: [171/782], Loss: 0.1970977634191513
Rank:0 Epoch: [13/40], Step: [181/782], Loss: 0.2106829285621643
Rank:0 Epoch: [13/40], Step: [191/782], Loss: 0.35032346844673157
Rank:0 Epoch: [13/40], Step: [201/782], Loss: 0.3439597487449646
Rank:0 Epoch: [13/40], Step: [211/782], Loss: 0.6337608695030212
Rank:0 Epoch: [13/40], Step: [221/782], Loss: 0.23295022547245026
Rank:0 Epoch: [13/40], Step: [231/782], Loss: 0.3784745931625366
Rank:0 Epoch: [13/40], Step: [241/782], Loss: 0.5068435668945312
Rank:0 Epoch: [13/40], Step: [251/782], Loss: 0.10456137359142303
Rank:0 Epoch: [13/40], Step: [261/782], Loss: 0.515265941619873
Rank:0 Epoch: [13/40], Step: [271/782], Loss: 0.2805311679840088
Rank:0 Epoch: [13/40], Step: [281/782], Loss: 0.28758862614631653
Rank:0 Epoch: [13/40], Step: [291/782], Loss: 0.3208317458629608
Rank:0 Epoch: [13/40], Step: [301/782], Loss: 0.3035678565502167
Rank:0 Epoch: [13/40], Step: [311/782], Loss: 0.3136025667190552
Rank:0 Epoch: [13/40], Step: [321/782], Loss: 0.4637778103351593
Rank:0 Epoch: [13/40], Step: [331/782], Loss: 0.296652227640152
Rank:0 Epoch: [13/40], Step: [341/782], Loss: 0.18013057112693787
Rank:0 Epoch: [13/40], Step: [351/782], Loss: 0.32154273986816406
Rank:0 Epoch: [13/40], Step: [361/782], Loss: 0.3615327775478363
Rank:0 Epoch: [13/40], Step: [371/782], Loss: 0.33462461829185486
Rank:0 Epoch: [13/40], Step: [381/782], Loss: 0.17801910638809204
Rank:0 Epoch: [13/40], Step: [391/782], Loss: 0.3786379098892212
Rank:0 Epoch: [13/40], Step: [401/782], Loss: 0.4269665777683258
Rank:0 Epoch: [13/40], Step: [411/782], Loss: 0.6212931275367737
Rank:0 Epoch: [13/40], Step: [421/782], Loss: 0.3006878197193146
Rank:0 Epoch: [13/40], Step: [431/782], Loss: 0.31231552362442017
Rank:0 Epoch: [13/40], Step: [441/782], Loss: 0.3181793689727783
Rank:0 Epoch: [13/40], Step: [451/782], Loss: 0.303754597902298
Rank:0 Epoch: [13/40], Step: [461/782], Loss: 0.3330218493938446
Rank:0 Epoch: [13/40], Step: [471/782], Loss: 0.2101883441209793
Rank:0 Epoch: [13/40], Step: [481/782], Loss: 0.3183498978614807
Rank:0 Epoch: [13/40], Step: [491/782], Loss: 0.2667076885700226
Rank:0 Epoch: [13/40], Step: [501/782], Loss: 0.24299533665180206
Rank:0 Epoch: [13/40], Step: [511/782], Loss: 0.36243370175361633
Rank:0 Epoch: [13/40], Step: [521/782], Loss: 0.15076205134391785
Rank:0 Epoch: [13/40], Step: [531/782], Loss: 0.30791985988616943
Rank:0 Epoch: [13/40], Step: [541/782], Loss: 0.348716676235199
Rank:0 Epoch: [13/40], Step: [551/782], Loss: 0.3133814334869385
Rank:0 Epoch: [13/40], Step: [561/782], Loss: 0.4459666907787323
Rank:0 Epoch: [13/40], Step: [571/782], Loss: 0.3326459527015686
Rank:0 Epoch: [13/40], Step: [581/782], Loss: 0.1801319718360901
Rank:0 Epoch: [13/40], Step: [591/782], Loss: 0.5451635122299194
Rank:0 Epoch: [13/40], Step: [601/782], Loss: 0.255239874124527
Rank:0 Epoch: [13/40], Step: [611/782], Loss: 0.15568752586841583
Rank:0 Epoch: [13/40], Step: [621/782], Loss: 0.34693780541419983
Rank:0 Epoch: [13/40], Step: [631/782], Loss: 0.43708115816116333
Rank:0 Epoch: [13/40], Step: [641/782], Loss: 0.5225055813789368
Rank:0 Epoch: [13/40], Step: [651/782], Loss: 0.31803420186042786
Rank:0 Epoch: [13/40], Step: [661/782], Loss: 0.34316951036453247
Rank:0 Epoch: [13/40], Step: [671/782], Loss: 0.45761775970458984
Rank:0 Epoch: [13/40], Step: [681/782], Loss: 0.5386174321174622
Rank:0 Epoch: [13/40], Step: [691/782], Loss: 0.25580573081970215
Rank:0 Epoch: [13/40], Step: [701/782], Loss: 0.41299593448638916
Rank:0 Epoch: [13/40], Step: [711/782], Loss: 0.2444966733455658
Rank:0 Epoch: [13/40], Step: [721/782], Loss: 0.1986476331949234
Rank:0 Epoch: [13/40], Step: [731/782], Loss: 0.3337254524230957
Rank:0 Epoch: [13/40], Step: [741/782], Loss: 0.3687969148159027
Rank:0 Epoch: [13/40], Step: [751/782], Loss: 0.47971174120903015
Rank:0 Epoch: [13/40], Step: [761/782], Loss: 0.27079498767852783
Rank:0 Epoch: [13/40], Step: [771/782], Loss: 0.3212225139141083
Rank:0 Epoch: [13/40], Step: [781/782], Loss: 0.34259140491485596
Current Test Acc: 0.8032
Rank:0 Epoch: [14/40], Step: [1/782], Loss: 0.6498560905456543
Rank:0 Epoch: [14/40], Step: [11/782], Loss: 0.6196274161338806
Rank:0 Epoch: [14/40], Step: [21/782], Loss: 0.20185373723506927
Rank:0 Epoch: [14/40], Step: [31/782], Loss: 0.26168355345726013
Rank:0 Epoch: [14/40], Step: [41/782], Loss: 0.27563828229904175
Rank:0 Epoch: [14/40], Step: [51/782], Loss: 0.26987627148628235
Rank:0 Epoch: [14/40], Step: [61/782], Loss: 0.45427075028419495
Rank:0 Epoch: [14/40], Step: [71/782], Loss: 0.4069613516330719
Rank:0 Epoch: [14/40], Step: [81/782], Loss: 0.24640053510665894
Rank:0 Epoch: [14/40], Step: [91/782], Loss: 0.20406275987625122
Rank:0 Epoch: [14/40], Step: [101/782], Loss: 0.22713744640350342
Rank:0 Epoch: [14/40], Step: [111/782], Loss: 0.4828678071498871
Rank:0 Epoch: [14/40], Step: [121/782], Loss: 0.44602829217910767
Rank:0 Epoch: [14/40], Step: [131/782], Loss: 0.21622434258460999
Rank:0 Epoch: [14/40], Step: [141/782], Loss: 0.3125399649143219
Rank:0 Epoch: [14/40], Step: [151/782], Loss: 0.6120075583457947
Rank:0 Epoch: [14/40], Step: [161/782], Loss: 0.42779541015625
Rank:0 Epoch: [14/40], Step: [171/782], Loss: 0.3542455732822418
Rank:0 Epoch: [14/40], Step: [181/782], Loss: 0.3203454911708832
Rank:0 Epoch: [14/40], Step: [191/782], Loss: 0.3468702435493469
Rank:0 Epoch: [14/40], Step: [201/782], Loss: 0.29871827363967896
Rank:0 Epoch: [14/40], Step: [211/782], Loss: 0.30284732580184937
Rank:0 Epoch: [14/40], Step: [221/782], Loss: 0.19656652212142944
Rank:0 Epoch: [14/40], Step: [231/782], Loss: 0.41774046421051025
Rank:0 Epoch: [14/40], Step: [241/782], Loss: 0.22344014048576355
Rank:0 Epoch: [14/40], Step: [251/782], Loss: 0.3474818766117096
Rank:0 Epoch: [14/40], Step: [261/782], Loss: 0.3857041597366333
Rank:0 Epoch: [14/40], Step: [271/782], Loss: 0.4491606056690216
Rank:0 Epoch: [14/40], Step: [281/782], Loss: 0.3265491724014282
Rank:0 Epoch: [14/40], Step: [291/782], Loss: 0.28877192735671997
Rank:0 Epoch: [14/40], Step: [301/782], Loss: 0.331460565328598
Rank:0 Epoch: [14/40], Step: [311/782], Loss: 0.29618388414382935
Rank:0 Epoch: [14/40], Step: [321/782], Loss: 0.32904061675071716
Rank:0 Epoch: [14/40], Step: [331/782], Loss: 0.3177582323551178
Rank:0 Epoch: [14/40], Step: [341/782], Loss: 0.5110465884208679
Rank:0 Epoch: [14/40], Step: [351/782], Loss: 0.2125183641910553
Rank:0 Epoch: [14/40], Step: [361/782], Loss: 0.4587184488773346
Rank:0 Epoch: [14/40], Step: [371/782], Loss: 0.45359715819358826
Rank:0 Epoch: [14/40], Step: [381/782], Loss: 0.3874564468860626
Rank:0 Epoch: [14/40], Step: [391/782], Loss: 0.2567058801651001
Rank:0 Epoch: [14/40], Step: [401/782], Loss: 0.4789005219936371
Rank:0 Epoch: [14/40], Step: [411/782], Loss: 0.3166584074497223
Rank:0 Epoch: [14/40], Step: [421/782], Loss: 0.42963287234306335
Rank:0 Epoch: [14/40], Step: [431/782], Loss: 0.34806498885154724
Rank:0 Epoch: [14/40], Step: [441/782], Loss: 0.29031121730804443
Rank:0 Epoch: [14/40], Step: [451/782], Loss: 0.31980910897254944
Rank:0 Epoch: [14/40], Step: [461/782], Loss: 0.33880653977394104
Rank:0 Epoch: [14/40], Step: [471/782], Loss: 0.22904622554779053
Rank:0 Epoch: [14/40], Step: [481/782], Loss: 0.3963286578655243
Rank:0 Epoch: [14/40], Step: [491/782], Loss: 0.23788315057754517
Rank:0 Epoch: [14/40], Step: [501/782], Loss: 0.28597351908683777
Rank:0 Epoch: [14/40], Step: [511/782], Loss: 0.314716637134552
Rank:0 Epoch: [14/40], Step: [521/782], Loss: 0.26651403307914734
Rank:0 Epoch: [14/40], Step: [531/782], Loss: 0.14303869009017944
Rank:0 Epoch: [14/40], Step: [541/782], Loss: 0.22572238743305206
Rank:0 Epoch: [14/40], Step: [551/782], Loss: 0.35111552476882935
Rank:0 Epoch: [14/40], Step: [561/782], Loss: 0.31662288308143616
Rank:0 Epoch: [14/40], Step: [571/782], Loss: 0.32511472702026367
Rank:0 Epoch: [14/40], Step: [581/782], Loss: 0.18140289187431335
Rank:0 Epoch: [14/40], Step: [591/782], Loss: 0.39784324169158936
Rank:0 Epoch: [14/40], Step: [601/782], Loss: 0.37449702620506287
Rank:0 Epoch: [14/40], Step: [611/782], Loss: 0.3265201151371002
Rank:0 Epoch: [14/40], Step: [621/782], Loss: 0.2718648314476013
Rank:0 Epoch: [14/40], Step: [631/782], Loss: 0.15768548846244812
Rank:0 Epoch: [14/40], Step: [641/782], Loss: 0.325665682554245
Rank:0 Epoch: [14/40], Step: [651/782], Loss: 0.23268038034439087
Rank:0 Epoch: [14/40], Step: [661/782], Loss: 0.33075329661369324
Rank:0 Epoch: [14/40], Step: [671/782], Loss: 0.4234272241592407
Rank:0 Epoch: [14/40], Step: [681/782], Loss: 0.40074509382247925
Rank:0 Epoch: [14/40], Step: [691/782], Loss: 0.2217959463596344
Rank:0 Epoch: [14/40], Step: [701/782], Loss: 0.15981584787368774
Rank:0 Epoch: [14/40], Step: [711/782], Loss: 0.3531295955181122
Rank:0 Epoch: [14/40], Step: [721/782], Loss: 0.44788941740989685
Rank:0 Epoch: [14/40], Step: [731/782], Loss: 0.4804932177066803
Rank:0 Epoch: [14/40], Step: [741/782], Loss: 0.25285789370536804
Rank:0 Epoch: [14/40], Step: [751/782], Loss: 0.3400615155696869
Rank:0 Epoch: [14/40], Step: [761/782], Loss: 0.2340511977672577
Rank:0 Epoch: [14/40], Step: [771/782], Loss: 0.20580258965492249
Rank:0 Epoch: [14/40], Step: [781/782], Loss: 0.2005406767129898
Current Test Acc: 0.8529
Rank:0 Epoch: [15/40], Step: [1/782], Loss: 0.4593050181865692
Rank:0 Epoch: [15/40], Step: [11/782], Loss: 0.5367558598518372
Rank:0 Epoch: [15/40], Step: [21/782], Loss: 0.43759822845458984
Rank:0 Epoch: [15/40], Step: [31/782], Loss: 0.16681396961212158
Rank:0 Epoch: [15/40], Step: [41/782], Loss: 0.34567466378211975
Rank:0 Epoch: [15/40], Step: [51/782], Loss: 0.4955223798751831
Rank:0 Epoch: [15/40], Step: [61/782], Loss: 0.30159157514572144
Rank:0 Epoch: [15/40], Step: [71/782], Loss: 0.30094850063323975
Rank:0 Epoch: [15/40], Step: [81/782], Loss: 0.425019770860672
Rank:0 Epoch: [15/40], Step: [91/782], Loss: 0.15471051633358002
Rank:0 Epoch: [15/40], Step: [101/782], Loss: 0.3835330605506897
Rank:0 Epoch: [15/40], Step: [111/782], Loss: 0.28274691104888916
Rank:0 Epoch: [15/40], Step: [121/782], Loss: 0.2759033441543579
Rank:0 Epoch: [15/40], Step: [131/782], Loss: 0.385904997587204
Rank:0 Epoch: [15/40], Step: [141/782], Loss: 0.42455533146858215
Rank:0 Epoch: [15/40], Step: [151/782], Loss: 0.4447219967842102
Rank:0 Epoch: [15/40], Step: [161/782], Loss: 0.3690246045589447
Rank:0 Epoch: [15/40], Step: [171/782], Loss: 0.20549261569976807
Rank:0 Epoch: [15/40], Step: [181/782], Loss: 0.3704027235507965
Rank:0 Epoch: [15/40], Step: [191/782], Loss: 0.40582382678985596
Rank:0 Epoch: [15/40], Step: [201/782], Loss: 0.34116417169570923
Rank:0 Epoch: [15/40], Step: [211/782], Loss: 0.2875653803348541
Rank:0 Epoch: [15/40], Step: [221/782], Loss: 0.24525806307792664
Rank:0 Epoch: [15/40], Step: [231/782], Loss: 0.2860085666179657
Rank:0 Epoch: [15/40], Step: [241/782], Loss: 0.20420902967453003
Rank:0 Epoch: [15/40], Step: [251/782], Loss: 0.3289775550365448
Rank:0 Epoch: [15/40], Step: [261/782], Loss: 0.387387216091156
Rank:0 Epoch: [15/40], Step: [271/782], Loss: 0.3723739981651306
Rank:0 Epoch: [15/40], Step: [281/782], Loss: 0.3353223204612732
Rank:0 Epoch: [15/40], Step: [291/782], Loss: 0.3200705647468567
Rank:0 Epoch: [15/40], Step: [301/782], Loss: 0.28217247128486633
Rank:0 Epoch: [15/40], Step: [311/782], Loss: 0.2178047001361847
Rank:0 Epoch: [15/40], Step: [321/782], Loss: 0.34452521800994873
Rank:0 Epoch: [15/40], Step: [331/782], Loss: 0.3493010699748993
Rank:0 Epoch: [15/40], Step: [341/782], Loss: 0.31543800234794617
Rank:0 Epoch: [15/40], Step: [351/782], Loss: 0.3229207694530487
Rank:0 Epoch: [15/40], Step: [361/782], Loss: 0.4182611107826233
Rank:0 Epoch: [15/40], Step: [371/782], Loss: 0.2636389434337616
Rank:0 Epoch: [15/40], Step: [381/782], Loss: 0.8760483264923096
Rank:0 Epoch: [15/40], Step: [391/782], Loss: 0.21073155105113983
Rank:0 Epoch: [15/40], Step: [401/782], Loss: 0.27502554655075073
Rank:0 Epoch: [15/40], Step: [411/782], Loss: 0.3296873867511749
Rank:0 Epoch: [15/40], Step: [421/782], Loss: 0.3407912850379944
Rank:0 Epoch: [15/40], Step: [431/782], Loss: 0.38815397024154663
Rank:0 Epoch: [15/40], Step: [441/782], Loss: 0.3170039653778076
Rank:0 Epoch: [15/40], Step: [451/782], Loss: 0.37397295236587524
Rank:0 Epoch: [15/40], Step: [461/782], Loss: 0.33926936984062195
Rank:0 Epoch: [15/40], Step: [471/782], Loss: 0.21737512946128845
Rank:0 Epoch: [15/40], Step: [481/782], Loss: 0.3440608084201813
Rank:0 Epoch: [15/40], Step: [491/782], Loss: 0.3855682611465454
Rank:0 Epoch: [15/40], Step: [501/782], Loss: 0.3016030788421631
Rank:0 Epoch: [15/40], Step: [511/782], Loss: 0.4287153482437134
Rank:0 Epoch: [15/40], Step: [521/782], Loss: 0.3201472759246826
Rank:0 Epoch: [15/40], Step: [531/782], Loss: 0.3124608099460602
Rank:0 Epoch: [15/40], Step: [541/782], Loss: 0.3112220764160156
Rank:0 Epoch: [15/40], Step: [551/782], Loss: 0.3702404201030731
Rank:0 Epoch: [15/40], Step: [561/782], Loss: 0.437925785779953
Rank:0 Epoch: [15/40], Step: [571/782], Loss: 0.5400471687316895
Rank:0 Epoch: [15/40], Step: [581/782], Loss: 0.39145421981811523
Rank:0 Epoch: [15/40], Step: [591/782], Loss: 0.2566920816898346
Rank:0 Epoch: [15/40], Step: [601/782], Loss: 0.3381984531879425
Rank:0 Epoch: [15/40], Step: [611/782], Loss: 0.34655633568763733
Rank:0 Epoch: [15/40], Step: [621/782], Loss: 0.4209921658039093
Rank:0 Epoch: [15/40], Step: [631/782], Loss: 0.20627325773239136
Rank:0 Epoch: [15/40], Step: [641/782], Loss: 0.42760053277015686
Rank:0 Epoch: [15/40], Step: [651/782], Loss: 0.2642429769039154
Rank:0 Epoch: [15/40], Step: [661/782], Loss: 0.29675567150115967
Rank:0 Epoch: [15/40], Step: [671/782], Loss: 0.2061643898487091
Rank:0 Epoch: [15/40], Step: [681/782], Loss: 0.3142811954021454
Rank:0 Epoch: [15/40], Step: [691/782], Loss: 0.42928749322891235
Rank:0 Epoch: [15/40], Step: [701/782], Loss: 0.1965908259153366
Rank:0 Epoch: [15/40], Step: [711/782], Loss: 0.313795268535614
Rank:0 Epoch: [15/40], Step: [721/782], Loss: 0.19475197792053223
Rank:0 Epoch: [15/40], Step: [731/782], Loss: 0.4078068137168884
Rank:0 Epoch: [15/40], Step: [741/782], Loss: 0.4718042314052582
Rank:0 Epoch: [15/40], Step: [751/782], Loss: 0.1782451570034027
Rank:0 Epoch: [15/40], Step: [761/782], Loss: 0.5206799507141113
Rank:0 Epoch: [15/40], Step: [771/782], Loss: 0.3810737729072571
Rank:0 Epoch: [15/40], Step: [781/782], Loss: 0.29274889826774597
Current Test Acc: 0.8628
Rank:0 Epoch: [16/40], Step: [1/782], Loss: 0.22580382227897644
Rank:0 Epoch: [16/40], Step: [11/782], Loss: 0.48359644412994385
Rank:0 Epoch: [16/40], Step: [21/782], Loss: 0.42274996638298035
Rank:0 Epoch: [16/40], Step: [31/782], Loss: 0.2615668475627899
Rank:0 Epoch: [16/40], Step: [41/782], Loss: 0.18442955613136292
Rank:0 Epoch: [16/40], Step: [51/782], Loss: 0.25252556800842285
Rank:0 Epoch: [16/40], Step: [61/782], Loss: 0.5408475995063782
Rank:0 Epoch: [16/40], Step: [71/782], Loss: 0.3479387164115906
Rank:0 Epoch: [16/40], Step: [81/782], Loss: 0.2846842110157013
Rank:0 Epoch: [16/40], Step: [91/782], Loss: 0.19919434189796448
Rank:0 Epoch: [16/40], Step: [101/782], Loss: 0.4570232331752777
Rank:0 Epoch: [16/40], Step: [111/782], Loss: 0.33839139342308044
Rank:0 Epoch: [16/40], Step: [121/782], Loss: 0.35016271471977234
Rank:0 Epoch: [16/40], Step: [131/782], Loss: 0.30894550681114197
Rank:0 Epoch: [16/40], Step: [141/782], Loss: 0.22606515884399414
Rank:0 Epoch: [16/40], Step: [151/782], Loss: 0.2250647246837616
Rank:0 Epoch: [16/40], Step: [161/782], Loss: 0.3495290279388428
Rank:0 Epoch: [16/40], Step: [171/782], Loss: 0.3544810116291046
Rank:0 Epoch: [16/40], Step: [181/782], Loss: 0.24758478999137878
Rank:0 Epoch: [16/40], Step: [191/782], Loss: 0.2682732939720154
Rank:0 Epoch: [16/40], Step: [201/782], Loss: 0.2517426311969757
Rank:0 Epoch: [16/40], Step: [211/782], Loss: 0.48001739382743835
Rank:0 Epoch: [16/40], Step: [221/782], Loss: 0.20239906013011932
Rank:0 Epoch: [16/40], Step: [231/782], Loss: 0.26178401708602905
Rank:0 Epoch: [16/40], Step: [241/782], Loss: 0.296987384557724
Rank:0 Epoch: [16/40], Step: [251/782], Loss: 0.2337035834789276
Rank:0 Epoch: [16/40], Step: [261/782], Loss: 0.39819103479385376
Rank:0 Epoch: [16/40], Step: [271/782], Loss: 0.19666065275669098
Rank:0 Epoch: [16/40], Step: [281/782], Loss: 0.6397861838340759
Rank:0 Epoch: [16/40], Step: [291/782], Loss: 0.30617889761924744
Rank:0 Epoch: [16/40], Step: [301/782], Loss: 0.45506927371025085
Rank:0 Epoch: [16/40], Step: [311/782], Loss: 0.3314798176288605
Rank:0 Epoch: [16/40], Step: [321/782], Loss: 0.3026524484157562
Rank:0 Epoch: [16/40], Step: [331/782], Loss: 0.5780695080757141
Rank:0 Epoch: [16/40], Step: [341/782], Loss: 0.29988011717796326
Rank:0 Epoch: [16/40], Step: [351/782], Loss: 0.28625109791755676
Rank:0 Epoch: [16/40], Step: [361/782], Loss: 0.2434283345937729
Rank:0 Epoch: [16/40], Step: [371/782], Loss: 0.27089962363243103
Rank:0 Epoch: [16/40], Step: [381/782], Loss: 0.2815869450569153
Rank:0 Epoch: [16/40], Step: [391/782], Loss: 0.28780388832092285
Rank:0 Epoch: [16/40], Step: [401/782], Loss: 0.2646588087081909
Rank:0 Epoch: [16/40], Step: [411/782], Loss: 0.5801321864128113
Rank:0 Epoch: [16/40], Step: [421/782], Loss: 0.31970828771591187
Rank:0 Epoch: [16/40], Step: [431/782], Loss: 0.3336235284805298
Rank:0 Epoch: [16/40], Step: [441/782], Loss: 0.3505702316761017
Rank:0 Epoch: [16/40], Step: [451/782], Loss: 0.252055823802948
Rank:0 Epoch: [16/40], Step: [461/782], Loss: 0.3115069270133972
Rank:0 Epoch: [16/40], Step: [471/782], Loss: 0.29390472173690796
Rank:0 Epoch: [16/40], Step: [481/782], Loss: 0.2857637405395508
Rank:0 Epoch: [16/40], Step: [491/782], Loss: 0.28057223558425903
Rank:0 Epoch: [16/40], Step: [501/782], Loss: 0.37623330950737
Rank:0 Epoch: [16/40], Step: [511/782], Loss: 0.2663698196411133
Rank:0 Epoch: [16/40], Step: [521/782], Loss: 0.4971259534358978
Rank:0 Epoch: [16/40], Step: [531/782], Loss: 0.4636937081813812
Rank:0 Epoch: [16/40], Step: [541/782], Loss: 0.34247732162475586
Rank:0 Epoch: [16/40], Step: [551/782], Loss: 0.3923141658306122
Rank:0 Epoch: [16/40], Step: [561/782], Loss: 0.29446807503700256
Rank:0 Epoch: [16/40], Step: [571/782], Loss: 0.2828305661678314
Rank:0 Epoch: [16/40], Step: [581/782], Loss: 0.24255512654781342
Rank:0 Epoch: [16/40], Step: [591/782], Loss: 0.24226856231689453
Rank:0 Epoch: [16/40], Step: [601/782], Loss: 0.3127603530883789
Rank:0 Epoch: [16/40], Step: [611/782], Loss: 0.3357320725917816
Rank:0 Epoch: [16/40], Step: [621/782], Loss: 0.4261256456375122
Rank:0 Epoch: [16/40], Step: [631/782], Loss: 0.4198512136936188
Rank:0 Epoch: [16/40], Step: [641/782], Loss: 0.4395613670349121
Rank:0 Epoch: [16/40], Step: [651/782], Loss: 0.4925808012485504
Rank:0 Epoch: [16/40], Step: [661/782], Loss: 0.40010300278663635
Rank:0 Epoch: [16/40], Step: [671/782], Loss: 0.22823978960514069
Rank:0 Epoch: [16/40], Step: [681/782], Loss: 0.285872220993042
Rank:0 Epoch: [16/40], Step: [691/782], Loss: 0.2504436671733856
Rank:0 Epoch: [16/40], Step: [701/782], Loss: 0.26078540086746216
Rank:0 Epoch: [16/40], Step: [711/782], Loss: 0.259278267621994
Rank:0 Epoch: [16/40], Step: [721/782], Loss: 0.5681973099708557
Rank:0 Epoch: [16/40], Step: [731/782], Loss: 0.33206436038017273
Rank:0 Epoch: [16/40], Step: [741/782], Loss: 0.33917200565338135
Rank:0 Epoch: [16/40], Step: [751/782], Loss: 0.30638784170150757
Rank:0 Epoch: [16/40], Step: [761/782], Loss: 0.4622437655925751
Rank:0 Epoch: [16/40], Step: [771/782], Loss: 0.2553650736808777
Rank:0 Epoch: [16/40], Step: [781/782], Loss: 0.32465237379074097
Current Test Acc: 0.8674
Rank:0 Epoch: [17/40], Step: [1/782], Loss: 0.19288960099220276
Rank:0 Epoch: [17/40], Step: [11/782], Loss: 0.3346412181854248
Rank:0 Epoch: [17/40], Step: [21/782], Loss: 0.27251511812210083
Rank:0 Epoch: [17/40], Step: [31/782], Loss: 0.2544454336166382
Rank:0 Epoch: [17/40], Step: [41/782], Loss: 0.2847309112548828
Rank:0 Epoch: [17/40], Step: [51/782], Loss: 0.2591840624809265
Rank:0 Epoch: [17/40], Step: [61/782], Loss: 0.5382696986198425
Rank:0 Epoch: [17/40], Step: [71/782], Loss: 0.40360888838768005
Rank:0 Epoch: [17/40], Step: [81/782], Loss: 0.22981347143650055
Rank:0 Epoch: [17/40], Step: [91/782], Loss: 0.28067874908447266
Rank:0 Epoch: [17/40], Step: [101/782], Loss: 0.20190337300300598
Rank:0 Epoch: [17/40], Step: [111/782], Loss: 0.3664412796497345
Rank:0 Epoch: [17/40], Step: [121/782], Loss: 0.24643434584140778
Rank:0 Epoch: [17/40], Step: [131/782], Loss: 0.2969127893447876
Rank:0 Epoch: [17/40], Step: [141/782], Loss: 0.38172581791877747
Rank:0 Epoch: [17/40], Step: [151/782], Loss: 0.18533892929553986
Rank:0 Epoch: [17/40], Step: [161/782], Loss: 0.35870811343193054
Rank:0 Epoch: [17/40], Step: [171/782], Loss: 0.5730137825012207
Rank:0 Epoch: [17/40], Step: [181/782], Loss: 0.3446218967437744
Rank:0 Epoch: [17/40], Step: [191/782], Loss: 0.23149988055229187
Rank:0 Epoch: [17/40], Step: [201/782], Loss: 0.3566769063472748
Rank:0 Epoch: [17/40], Step: [211/782], Loss: 0.46003392338752747
Rank:0 Epoch: [17/40], Step: [221/782], Loss: 0.3492719531059265
Rank:0 Epoch: [17/40], Step: [231/782], Loss: 0.18395787477493286
Rank:0 Epoch: [17/40], Step: [241/782], Loss: 0.2754100561141968
Rank:0 Epoch: [17/40], Step: [251/782], Loss: 0.4300076365470886
Rank:0 Epoch: [17/40], Step: [261/782], Loss: 0.40889549255371094
Rank:0 Epoch: [17/40], Step: [271/782], Loss: 0.28995952010154724
Rank:0 Epoch: [17/40], Step: [281/782], Loss: 0.30263492465019226
Rank:0 Epoch: [17/40], Step: [291/782], Loss: 0.5190020203590393
Rank:0 Epoch: [17/40], Step: [301/782], Loss: 0.20605343580245972
Rank:0 Epoch: [17/40], Step: [311/782], Loss: 0.2931518256664276
Rank:0 Epoch: [17/40], Step: [321/782], Loss: 0.30567213892936707
Rank:0 Epoch: [17/40], Step: [331/782], Loss: 0.3760012984275818
Rank:0 Epoch: [17/40], Step: [341/782], Loss: 0.32271459698677063
Rank:0 Epoch: [17/40], Step: [351/782], Loss: 0.3697236180305481
Rank:0 Epoch: [17/40], Step: [361/782], Loss: 0.29721003770828247
Rank:0 Epoch: [17/40], Step: [371/782], Loss: 0.27433067560195923
Rank:0 Epoch: [17/40], Step: [381/782], Loss: 0.5686902403831482
Rank:0 Epoch: [17/40], Step: [391/782], Loss: 0.30165955424308777
Rank:0 Epoch: [17/40], Step: [401/782], Loss: 0.31410476565361023
Rank:0 Epoch: [17/40], Step: [411/782], Loss: 0.23309901356697083
Rank:0 Epoch: [17/40], Step: [421/782], Loss: 0.2637629210948944
Rank:0 Epoch: [17/40], Step: [431/782], Loss: 0.3188341557979584
Rank:0 Epoch: [17/40], Step: [441/782], Loss: 0.4451504945755005
Rank:0 Epoch: [17/40], Step: [451/782], Loss: 0.2339216023683548
Rank:0 Epoch: [17/40], Step: [461/782], Loss: 0.3541942238807678
Rank:0 Epoch: [17/40], Step: [471/782], Loss: 0.2824849486351013
Rank:0 Epoch: [17/40], Step: [481/782], Loss: 0.21450024843215942
Rank:0 Epoch: [17/40], Step: [491/782], Loss: 0.2870238721370697
Rank:0 Epoch: [17/40], Step: [501/782], Loss: 0.25334495306015015
Rank:0 Epoch: [17/40], Step: [511/782], Loss: 0.3980780839920044
Rank:0 Epoch: [17/40], Step: [521/782], Loss: 0.3089214861392975
Rank:0 Epoch: [17/40], Step: [531/782], Loss: 0.4332756996154785
Rank:0 Epoch: [17/40], Step: [541/782], Loss: 0.25684240460395813
Rank:0 Epoch: [17/40], Step: [551/782], Loss: 0.3700161278247833
Rank:0 Epoch: [17/40], Step: [561/782], Loss: 0.36412954330444336
Rank:0 Epoch: [17/40], Step: [571/782], Loss: 0.23422546684741974
Rank:0 Epoch: [17/40], Step: [581/782], Loss: 0.461792528629303
Rank:0 Epoch: [17/40], Step: [591/782], Loss: 0.22152243554592133
Rank:0 Epoch: [17/40], Step: [601/782], Loss: 0.35653388500213623
Rank:0 Epoch: [17/40], Step: [611/782], Loss: 0.24157322943210602
Rank:0 Epoch: [17/40], Step: [621/782], Loss: 0.2862527370452881
Rank:0 Epoch: [17/40], Step: [631/782], Loss: 0.15969878435134888
Rank:0 Epoch: [17/40], Step: [641/782], Loss: 0.2613298296928406
Rank:0 Epoch: [17/40], Step: [651/782], Loss: 0.3699941337108612
Rank:0 Epoch: [17/40], Step: [661/782], Loss: 0.45353761315345764
Rank:0 Epoch: [17/40], Step: [671/782], Loss: 0.3648606240749359
Rank:0 Epoch: [17/40], Step: [681/782], Loss: 0.1970043033361435
Rank:0 Epoch: [17/40], Step: [691/782], Loss: 0.24946025013923645
Rank:0 Epoch: [17/40], Step: [701/782], Loss: 0.28729674220085144
Rank:0 Epoch: [17/40], Step: [711/782], Loss: 0.3851891756057739
Rank:0 Epoch: [17/40], Step: [721/782], Loss: 0.3583482503890991
Rank:0 Epoch: [17/40], Step: [731/782], Loss: 0.09212727844715118
Rank:0 Epoch: [17/40], Step: [741/782], Loss: 0.44043540954589844
Rank:0 Epoch: [17/40], Step: [751/782], Loss: 0.4351183772087097
Rank:0 Epoch: [17/40], Step: [761/782], Loss: 0.3297976553440094
Rank:0 Epoch: [17/40], Step: [771/782], Loss: 0.41513964533805847
Rank:0 Epoch: [17/40], Step: [781/782], Loss: 0.15858954191207886
Current Test Acc: 0.8582
Rank:0 Epoch: [18/40], Step: [1/782], Loss: 0.25285327434539795
Rank:0 Epoch: [18/40], Step: [11/782], Loss: 0.2515822649002075
Rank:0 Epoch: [18/40], Step: [21/782], Loss: 0.3802404999732971
Rank:0 Epoch: [18/40], Step: [31/782], Loss: 0.17776279151439667
Rank:0 Epoch: [18/40], Step: [41/782], Loss: 0.30488455295562744
Rank:0 Epoch: [18/40], Step: [51/782], Loss: 0.32622289657592773
Rank:0 Epoch: [18/40], Step: [61/782], Loss: 0.377579927444458
Rank:0 Epoch: [18/40], Step: [71/782], Loss: 0.21408192813396454
Rank:0 Epoch: [18/40], Step: [81/782], Loss: 0.42857348918914795
Rank:0 Epoch: [18/40], Step: [91/782], Loss: 0.34363025426864624
Rank:0 Epoch: [18/40], Step: [101/782], Loss: 0.16161176562309265
Rank:0 Epoch: [18/40], Step: [111/782], Loss: 0.3974597752094269
Rank:0 Epoch: [18/40], Step: [121/782], Loss: 0.3841317594051361
Rank:0 Epoch: [18/40], Step: [131/782], Loss: 0.30011215806007385
Rank:0 Epoch: [18/40], Step: [141/782], Loss: 0.23205232620239258
Rank:0 Epoch: [18/40], Step: [151/782], Loss: 0.3494669795036316
Rank:0 Epoch: [18/40], Step: [161/782], Loss: 0.2477477341890335
Rank:0 Epoch: [18/40], Step: [171/782], Loss: 0.4004320204257965
Rank:0 Epoch: [18/40], Step: [181/782], Loss: 0.18900424242019653
Rank:0 Epoch: [18/40], Step: [191/782], Loss: 0.44341379404067993
Rank:0 Epoch: [18/40], Step: [201/782], Loss: 0.31910771131515503
Rank:0 Epoch: [18/40], Step: [211/782], Loss: 0.29521217942237854
Rank:0 Epoch: [18/40], Step: [221/782], Loss: 0.14986765384674072
Rank:0 Epoch: [18/40], Step: [231/782], Loss: 0.19341927766799927
Rank:0 Epoch: [18/40], Step: [241/782], Loss: 0.17145465314388275
Rank:0 Epoch: [18/40], Step: [251/782], Loss: 0.361251562833786
Rank:0 Epoch: [18/40], Step: [261/782], Loss: 0.2587610185146332
Rank:0 Epoch: [18/40], Step: [271/782], Loss: 0.4064846932888031
Rank:0 Epoch: [18/40], Step: [281/782], Loss: 0.26328006386756897
Rank:0 Epoch: [18/40], Step: [291/782], Loss: 0.2809535562992096
Rank:0 Epoch: [18/40], Step: [301/782], Loss: 0.318051278591156
Rank:0 Epoch: [18/40], Step: [311/782], Loss: 0.3821125328540802
Rank:0 Epoch: [18/40], Step: [321/782], Loss: 0.2859852612018585
Rank:0 Epoch: [18/40], Step: [331/782], Loss: 0.339557021856308
Rank:0 Epoch: [18/40], Step: [341/782], Loss: 0.45467543601989746
Rank:0 Epoch: [18/40], Step: [351/782], Loss: 0.23702174425125122
Rank:0 Epoch: [18/40], Step: [361/782], Loss: 0.32875749468803406
Rank:0 Epoch: [18/40], Step: [371/782], Loss: 0.34830155968666077
Rank:0 Epoch: [18/40], Step: [381/782], Loss: 0.16659696400165558
Rank:0 Epoch: [18/40], Step: [391/782], Loss: 0.2753210663795471
Rank:0 Epoch: [18/40], Step: [401/782], Loss: 0.2675754129886627
Rank:0 Epoch: [18/40], Step: [411/782], Loss: 0.21439847350120544
Rank:0 Epoch: [18/40], Step: [421/782], Loss: 0.31901779770851135
Rank:0 Epoch: [18/40], Step: [431/782], Loss: 0.30032092332839966
Rank:0 Epoch: [18/40], Step: [441/782], Loss: 0.16947488486766815
Rank:0 Epoch: [18/40], Step: [451/782], Loss: 0.37516409158706665
Rank:0 Epoch: [18/40], Step: [461/782], Loss: 0.4112176299095154
Rank:0 Epoch: [18/40], Step: [471/782], Loss: 0.38956353068351746
Rank:0 Epoch: [18/40], Step: [481/782], Loss: 0.4560798406600952
Rank:0 Epoch: [18/40], Step: [491/782], Loss: 0.38319528102874756
Rank:0 Epoch: [18/40], Step: [501/782], Loss: 0.4076694846153259
Rank:0 Epoch: [18/40], Step: [511/782], Loss: 0.2532481551170349
Rank:0 Epoch: [18/40], Step: [521/782], Loss: 0.2641570270061493
Rank:0 Epoch: [18/40], Step: [531/782], Loss: 0.4209817945957184
Rank:0 Epoch: [18/40], Step: [541/782], Loss: 0.29600051045417786
Rank:0 Epoch: [18/40], Step: [551/782], Loss: 0.24105633795261383
Rank:0 Epoch: [18/40], Step: [561/782], Loss: 0.3700772225856781
Rank:0 Epoch: [18/40], Step: [571/782], Loss: 0.39373886585235596
Rank:0 Epoch: [18/40], Step: [581/782], Loss: 0.4059586822986603
Rank:0 Epoch: [18/40], Step: [591/782], Loss: 0.23215870559215546
Rank:0 Epoch: [18/40], Step: [601/782], Loss: 0.3978061378002167
Rank:0 Epoch: [18/40], Step: [611/782], Loss: 0.5409352779388428
Rank:0 Epoch: [18/40], Step: [621/782], Loss: 0.17529375851154327
Rank:0 Epoch: [18/40], Step: [631/782], Loss: 0.5099847912788391
Rank:0 Epoch: [18/40], Step: [641/782], Loss: 0.40682509541511536
Rank:0 Epoch: [18/40], Step: [651/782], Loss: 0.2641112208366394
Rank:0 Epoch: [18/40], Step: [661/782], Loss: 0.4944656789302826
Rank:0 Epoch: [18/40], Step: [671/782], Loss: 0.30800727009773254
Rank:0 Epoch: [18/40], Step: [681/782], Loss: 0.22226807475090027
Rank:0 Epoch: [18/40], Step: [691/782], Loss: 0.3643483817577362
Rank:0 Epoch: [18/40], Step: [701/782], Loss: 0.47645899653434753
Rank:0 Epoch: [18/40], Step: [711/782], Loss: 0.25678691267967224
Rank:0 Epoch: [18/40], Step: [721/782], Loss: 0.2624496519565582
Rank:0 Epoch: [18/40], Step: [731/782], Loss: 0.21149842441082
Rank:0 Epoch: [18/40], Step: [741/782], Loss: 0.2745380699634552
Rank:0 Epoch: [18/40], Step: [751/782], Loss: 0.18592584133148193
Rank:0 Epoch: [18/40], Step: [761/782], Loss: 0.2650054693222046
Rank:0 Epoch: [18/40], Step: [771/782], Loss: 0.17037275433540344
Rank:0 Epoch: [18/40], Step: [781/782], Loss: 0.331293523311615
Current Test Acc: 0.8557
Rank:0 Epoch: [19/40], Step: [1/782], Loss: 0.3865804970264435
Rank:0 Epoch: [19/40], Step: [11/782], Loss: 0.13223537802696228
Rank:0 Epoch: [19/40], Step: [21/782], Loss: 0.2931916117668152
Rank:0 Epoch: [19/40], Step: [31/782], Loss: 0.163926899433136
Rank:0 Epoch: [19/40], Step: [41/782], Loss: 0.2752035856246948
Rank:0 Epoch: [19/40], Step: [51/782], Loss: 0.3894595801830292
Rank:0 Epoch: [19/40], Step: [61/782], Loss: 0.3112366795539856
Rank:0 Epoch: [19/40], Step: [71/782], Loss: 0.18512727320194244
Rank:0 Epoch: [19/40], Step: [81/782], Loss: 0.24767087399959564
Rank:0 Epoch: [19/40], Step: [91/782], Loss: 0.5019865036010742
Rank:0 Epoch: [19/40], Step: [101/782], Loss: 0.09834974259138107
Rank:0 Epoch: [19/40], Step: [111/782], Loss: 0.35193467140197754
Rank:0 Epoch: [19/40], Step: [121/782], Loss: 0.6136569976806641
Rank:0 Epoch: [19/40], Step: [131/782], Loss: 0.26855528354644775
Rank:0 Epoch: [19/40], Step: [141/782], Loss: 0.32037216424942017
Rank:0 Epoch: [19/40], Step: [151/782], Loss: 0.3330475389957428
Rank:0 Epoch: [19/40], Step: [161/782], Loss: 0.21575085818767548
Rank:0 Epoch: [19/40], Step: [171/782], Loss: 0.2540668845176697
Rank:0 Epoch: [19/40], Step: [181/782], Loss: 0.31054168939590454
Rank:0 Epoch: [19/40], Step: [191/782], Loss: 0.367104172706604
Rank:0 Epoch: [19/40], Step: [201/782], Loss: 0.2777261435985565
Rank:0 Epoch: [19/40], Step: [211/782], Loss: 0.3384372889995575
Rank:0 Epoch: [19/40], Step: [221/782], Loss: 0.27232304215431213
Rank:0 Epoch: [19/40], Step: [231/782], Loss: 0.3205452859401703
Rank:0 Epoch: [19/40], Step: [241/782], Loss: 0.35885685682296753
Rank:0 Epoch: [19/40], Step: [251/782], Loss: 0.5492784976959229
Rank:0 Epoch: [19/40], Step: [261/782], Loss: 0.3820665776729584
Rank:0 Epoch: [19/40], Step: [271/782], Loss: 0.30727246403694153
Rank:0 Epoch: [19/40], Step: [281/782], Loss: 0.39017683267593384
Rank:0 Epoch: [19/40], Step: [291/782], Loss: 0.5201358795166016
Rank:0 Epoch: [19/40], Step: [301/782], Loss: 0.4171596169471741
Rank:0 Epoch: [19/40], Step: [311/782], Loss: 0.28105467557907104
Rank:0 Epoch: [19/40], Step: [321/782], Loss: 0.2923269271850586
Rank:0 Epoch: [19/40], Step: [331/782], Loss: 0.2925824522972107
Rank:0 Epoch: [19/40], Step: [341/782], Loss: 0.41479572653770447
Rank:0 Epoch: [19/40], Step: [351/782], Loss: 0.3332369029521942
Rank:0 Epoch: [19/40], Step: [361/782], Loss: 0.4431374669075012
Rank:0 Epoch: [19/40], Step: [371/782], Loss: 0.47680965065956116
Rank:0 Epoch: [19/40], Step: [381/782], Loss: 0.20159578323364258
Rank:0 Epoch: [19/40], Step: [391/782], Loss: 0.4114427864551544
Rank:0 Epoch: [19/40], Step: [401/782], Loss: 0.5741792321205139
Rank:0 Epoch: [19/40], Step: [411/782], Loss: 0.4263228178024292
Rank:0 Epoch: [19/40], Step: [421/782], Loss: 0.2885390520095825
Rank:0 Epoch: [19/40], Step: [431/782], Loss: 0.5480615496635437
Rank:0 Epoch: [19/40], Step: [441/782], Loss: 0.2752676010131836
Rank:0 Epoch: [19/40], Step: [451/782], Loss: 0.21345171332359314
Rank:0 Epoch: [19/40], Step: [461/782], Loss: 0.4194081425666809
Rank:0 Epoch: [19/40], Step: [471/782], Loss: 0.15903937816619873
Rank:0 Epoch: [19/40], Step: [481/782], Loss: 0.4288458824157715
Rank:0 Epoch: [19/40], Step: [491/782], Loss: 0.3071802258491516
Rank:0 Epoch: [19/40], Step: [501/782], Loss: 0.36963924765586853
Rank:0 Epoch: [19/40], Step: [511/782], Loss: 0.4062017500400543
Rank:0 Epoch: [19/40], Step: [521/782], Loss: 0.4554396867752075
Rank:0 Epoch: [19/40], Step: [531/782], Loss: 0.24856531620025635
Rank:0 Epoch: [19/40], Step: [541/782], Loss: 0.5301485657691956
Rank:0 Epoch: [19/40], Step: [551/782], Loss: 0.34727969765663147
Rank:0 Epoch: [19/40], Step: [561/782], Loss: 0.155867800116539
Rank:0 Epoch: [19/40], Step: [571/782], Loss: 0.2651575207710266
Rank:0 Epoch: [19/40], Step: [581/782], Loss: 0.5094892978668213
Rank:0 Epoch: [19/40], Step: [591/782], Loss: 0.29184195399284363
Rank:0 Epoch: [19/40], Step: [601/782], Loss: 0.4406340718269348
Rank:0 Epoch: [19/40], Step: [611/782], Loss: 0.25486207008361816
Rank:0 Epoch: [19/40], Step: [621/782], Loss: 0.2440585196018219
Rank:0 Epoch: [19/40], Step: [631/782], Loss: 0.24490708112716675
Rank:0 Epoch: [19/40], Step: [641/782], Loss: 0.37434321641921997
Rank:0 Epoch: [19/40], Step: [651/782], Loss: 0.3996250033378601
Rank:0 Epoch: [19/40], Step: [661/782], Loss: 0.3665500283241272
Rank:0 Epoch: [19/40], Step: [671/782], Loss: 0.3647564947605133
Rank:0 Epoch: [19/40], Step: [681/782], Loss: 0.4038107097148895
Rank:0 Epoch: [19/40], Step: [691/782], Loss: 0.4609197974205017
Rank:0 Epoch: [19/40], Step: [701/782], Loss: 0.337330162525177
Rank:0 Epoch: [19/40], Step: [711/782], Loss: 0.3255782723426819
Rank:0 Epoch: [19/40], Step: [721/782], Loss: 0.26670125126838684
Rank:0 Epoch: [19/40], Step: [731/782], Loss: 0.41189655661582947
Rank:0 Epoch: [19/40], Step: [741/782], Loss: 0.22258871793746948
Rank:0 Epoch: [19/40], Step: [751/782], Loss: 0.3938591480255127
Rank:0 Epoch: [19/40], Step: [761/782], Loss: 0.18495425581932068
Rank:0 Epoch: [19/40], Step: [771/782], Loss: 0.1696554273366928
Rank:0 Epoch: [19/40], Step: [781/782], Loss: 0.26990848779678345
Current Test Acc: 0.8522
Rank:0 Epoch: [20/40], Step: [1/782], Loss: 0.2590530514717102
Rank:0 Epoch: [20/40], Step: [11/782], Loss: 0.28544434905052185
Rank:0 Epoch: [20/40], Step: [21/782], Loss: 0.26716065406799316
Rank:0 Epoch: [20/40], Step: [31/782], Loss: 0.16576778888702393
Rank:0 Epoch: [20/40], Step: [41/782], Loss: 0.4477834701538086
Rank:0 Epoch: [20/40], Step: [51/782], Loss: 0.2784106135368347
Rank:0 Epoch: [20/40], Step: [61/782], Loss: 0.25717198848724365
Rank:0 Epoch: [20/40], Step: [71/782], Loss: 0.4555990993976593
Rank:0 Epoch: [20/40], Step: [81/782], Loss: 0.3550701141357422
Rank:0 Epoch: [20/40], Step: [91/782], Loss: 0.36200109124183655
Rank:0 Epoch: [20/40], Step: [101/782], Loss: 0.2788403034210205
Rank:0 Epoch: [20/40], Step: [111/782], Loss: 0.3808152973651886
Rank:0 Epoch: [20/40], Step: [121/782], Loss: 0.32145559787750244
Rank:0 Epoch: [20/40], Step: [131/782], Loss: 0.22864721715450287
Rank:0 Epoch: [20/40], Step: [141/782], Loss: 0.37192434072494507
Rank:0 Epoch: [20/40], Step: [151/782], Loss: 0.29778122901916504
Rank:0 Epoch: [20/40], Step: [161/782], Loss: 0.4240662157535553
Rank:0 Epoch: [20/40], Step: [171/782], Loss: 0.4411982297897339
Rank:0 Epoch: [20/40], Step: [181/782], Loss: 0.4832408130168915
Rank:0 Epoch: [20/40], Step: [191/782], Loss: 0.2253739982843399
Rank:0 Epoch: [20/40], Step: [201/782], Loss: 0.31704020500183105
Rank:0 Epoch: [20/40], Step: [211/782], Loss: 0.20024487376213074
Rank:0 Epoch: [20/40], Step: [221/782], Loss: 0.2943423390388489
Rank:0 Epoch: [20/40], Step: [231/782], Loss: 0.2974722981452942
Rank:0 Epoch: [20/40], Step: [241/782], Loss: 0.32162541151046753
Rank:0 Epoch: [20/40], Step: [251/782], Loss: 0.5357626676559448
Rank:0 Epoch: [20/40], Step: [261/782], Loss: 0.3439461588859558
Rank:0 Epoch: [20/40], Step: [271/782], Loss: 0.3240223526954651
Rank:0 Epoch: [20/40], Step: [281/782], Loss: 0.6891430020332336
Rank:0 Epoch: [20/40], Step: [291/782], Loss: 0.3028992712497711
Rank:0 Epoch: [20/40], Step: [301/782], Loss: 0.2635023891925812
Rank:0 Epoch: [20/40], Step: [311/782], Loss: 0.24759690463542938
Rank:0 Epoch: [20/40], Step: [321/782], Loss: 0.18194833397865295
Rank:0 Epoch: [20/40], Step: [331/782], Loss: 0.28381413221359253
Rank:0 Epoch: [20/40], Step: [341/782], Loss: 0.27868279814720154
Rank:0 Epoch: [20/40], Step: [351/782], Loss: 0.2764594852924347
Rank:0 Epoch: [20/40], Step: [361/782], Loss: 0.2615514099597931
Rank:0 Epoch: [20/40], Step: [371/782], Loss: 0.26963797211647034
Rank:0 Epoch: [20/40], Step: [381/782], Loss: 0.4273034632205963
Rank:0 Epoch: [20/40], Step: [391/782], Loss: 0.4492926001548767
Rank:0 Epoch: [20/40], Step: [401/782], Loss: 0.32374244928359985
Rank:0 Epoch: [20/40], Step: [411/782], Loss: 0.39629268646240234
Rank:0 Epoch: [20/40], Step: [421/782], Loss: 0.3145657181739807
Rank:0 Epoch: [20/40], Step: [431/782], Loss: 0.3997165858745575
Rank:0 Epoch: [20/40], Step: [441/782], Loss: 0.2952747344970703
Rank:0 Epoch: [20/40], Step: [451/782], Loss: 0.30644118785858154
Rank:0 Epoch: [20/40], Step: [461/782], Loss: 0.3787224590778351
Rank:0 Epoch: [20/40], Step: [471/782], Loss: 0.40911582112312317
Rank:0 Epoch: [20/40], Step: [481/782], Loss: 0.37839654088020325
Rank:0 Epoch: [20/40], Step: [491/782], Loss: 0.2704044580459595
Rank:0 Epoch: [20/40], Step: [501/782], Loss: 0.38689571619033813
Rank:0 Epoch: [20/40], Step: [511/782], Loss: 0.259264200925827
Rank:0 Epoch: [20/40], Step: [521/782], Loss: 0.33572113513946533
Rank:0 Epoch: [20/40], Step: [531/782], Loss: 0.23659342527389526
Rank:0 Epoch: [20/40], Step: [541/782], Loss: 0.1149800568819046
Rank:0 Epoch: [20/40], Step: [551/782], Loss: 0.2537020742893219
Rank:0 Epoch: [20/40], Step: [561/782], Loss: 0.28062623739242554
Rank:0 Epoch: [20/40], Step: [571/782], Loss: 0.24297426640987396
Rank:0 Epoch: [20/40], Step: [581/782], Loss: 0.35797420144081116
Rank:0 Epoch: [20/40], Step: [591/782], Loss: 0.35806024074554443
Rank:0 Epoch: [20/40], Step: [601/782], Loss: 0.4727770984172821
Rank:0 Epoch: [20/40], Step: [611/782], Loss: 0.4509020447731018
Rank:0 Epoch: [20/40], Step: [621/782], Loss: 0.2463797628879547
Rank:0 Epoch: [20/40], Step: [631/782], Loss: 0.3502189815044403
Rank:0 Epoch: [20/40], Step: [641/782], Loss: 0.2635095715522766
Rank:0 Epoch: [20/40], Step: [651/782], Loss: 0.2774287164211273
Rank:0 Epoch: [20/40], Step: [661/782], Loss: 0.32883113622665405
Rank:0 Epoch: [20/40], Step: [671/782], Loss: 0.2950885593891144
Rank:0 Epoch: [20/40], Step: [681/782], Loss: 0.39163947105407715
Rank:0 Epoch: [20/40], Step: [691/782], Loss: 0.3846343457698822
Rank:0 Epoch: [20/40], Step: [701/782], Loss: 0.22501212358474731
Rank:0 Epoch: [20/40], Step: [711/782], Loss: 0.31032252311706543
Rank:0 Epoch: [20/40], Step: [721/782], Loss: 0.2407260686159134
Rank:0 Epoch: [20/40], Step: [731/782], Loss: 0.3350570797920227
Rank:0 Epoch: [20/40], Step: [741/782], Loss: 0.3272935748100281
Rank:0 Epoch: [20/40], Step: [751/782], Loss: 0.485272079706192
Rank:0 Epoch: [20/40], Step: [761/782], Loss: 0.2308584302663803
Rank:0 Epoch: [20/40], Step: [771/782], Loss: 0.23610207438468933
Rank:0 Epoch: [20/40], Step: [781/782], Loss: 0.15234072506427765
Current Test Acc: 0.8474
Rank:0 Epoch: [21/40], Step: [1/782], Loss: 0.2373339682817459
Rank:0 Epoch: [21/40], Step: [11/782], Loss: 0.34041649103164673
Rank:0 Epoch: [21/40], Step: [21/782], Loss: 0.20040421187877655
Rank:0 Epoch: [21/40], Step: [31/782], Loss: 0.3188338577747345
Rank:0 Epoch: [21/40], Step: [41/782], Loss: 0.20136095583438873
Rank:0 Epoch: [21/40], Step: [51/782], Loss: 0.2929188907146454
Rank:0 Epoch: [21/40], Step: [61/782], Loss: 0.15380233526229858
Rank:0 Epoch: [21/40], Step: [71/782], Loss: 0.37473833560943604
Rank:0 Epoch: [21/40], Step: [81/782], Loss: 0.12870673835277557
Rank:0 Epoch: [21/40], Step: [91/782], Loss: 0.15599922835826874
Rank:0 Epoch: [21/40], Step: [101/782], Loss: 0.17451784014701843
Rank:0 Epoch: [21/40], Step: [111/782], Loss: 0.20779183506965637
Rank:0 Epoch: [21/40], Step: [121/782], Loss: 0.2525763213634491
Rank:0 Epoch: [21/40], Step: [131/782], Loss: 0.1423686444759369
Rank:0 Epoch: [21/40], Step: [141/782], Loss: 0.18712595105171204
Rank:0 Epoch: [21/40], Step: [151/782], Loss: 0.22390708327293396
Rank:0 Epoch: [21/40], Step: [161/782], Loss: 0.12364482879638672
Rank:0 Epoch: [21/40], Step: [171/782], Loss: 0.23423919081687927
Rank:0 Epoch: [21/40], Step: [181/782], Loss: 0.10337743163108826
Rank:0 Epoch: [21/40], Step: [191/782], Loss: 0.24600479006767273
Rank:0 Epoch: [21/40], Step: [201/782], Loss: 0.16853845119476318
Rank:0 Epoch: [21/40], Step: [211/782], Loss: 0.1909734606742859
Rank:0 Epoch: [21/40], Step: [221/782], Loss: 0.20906153321266174
Rank:0 Epoch: [21/40], Step: [231/782], Loss: 0.28952556848526
Rank:0 Epoch: [21/40], Step: [241/782], Loss: 0.1688079982995987
Rank:0 Epoch: [21/40], Step: [251/782], Loss: 0.2729814648628235
Rank:0 Epoch: [21/40], Step: [261/782], Loss: 0.1666262000799179
Rank:0 Epoch: [21/40], Step: [271/782], Loss: 0.4055480659008026
Rank:0 Epoch: [21/40], Step: [281/782], Loss: 0.30151745676994324
Rank:0 Epoch: [21/40], Step: [291/782], Loss: 0.1859980970621109
Rank:0 Epoch: [21/40], Step: [301/782], Loss: 0.3006708025932312
Rank:0 Epoch: [21/40], Step: [311/782], Loss: 0.23210874199867249
Rank:0 Epoch: [21/40], Step: [321/782], Loss: 0.18147197365760803
Rank:0 Epoch: [21/40], Step: [331/782], Loss: 0.14545203745365143
Rank:0 Epoch: [21/40], Step: [341/782], Loss: 0.24495914578437805
Rank:0 Epoch: [21/40], Step: [351/782], Loss: 0.17334191501140594
Rank:0 Epoch: [21/40], Step: [361/782], Loss: 0.10213291645050049
Rank:0 Epoch: [21/40], Step: [371/782], Loss: 0.15162670612335205
Rank:0 Epoch: [21/40], Step: [381/782], Loss: 0.4432884156703949
Rank:0 Epoch: [21/40], Step: [391/782], Loss: 0.19040794670581818
Rank:0 Epoch: [21/40], Step: [401/782], Loss: 0.1791817545890808
Rank:0 Epoch: [21/40], Step: [411/782], Loss: 0.3186166286468506
Rank:0 Epoch: [21/40], Step: [421/782], Loss: 0.18410846590995789
Rank:0 Epoch: [21/40], Step: [431/782], Loss: 0.23556531965732574
Rank:0 Epoch: [21/40], Step: [441/782], Loss: 0.26256123185157776
Rank:0 Epoch: [21/40], Step: [451/782], Loss: 0.16076341271400452
Rank:0 Epoch: [21/40], Step: [461/782], Loss: 0.1848527044057846
Rank:0 Epoch: [21/40], Step: [471/782], Loss: 0.18250250816345215
Rank:0 Epoch: [21/40], Step: [481/782], Loss: 0.057251859456300735
Rank:0 Epoch: [21/40], Step: [491/782], Loss: 0.282196968793869
Rank:0 Epoch: [21/40], Step: [501/782], Loss: 0.08418512344360352
Rank:0 Epoch: [21/40], Step: [511/782], Loss: 0.23968149721622467
Rank:0 Epoch: [21/40], Step: [521/782], Loss: 0.19743868708610535
Rank:0 Epoch: [21/40], Step: [531/782], Loss: 0.11049716174602509
Rank:0 Epoch: [21/40], Step: [541/782], Loss: 0.20224174857139587
Rank:0 Epoch: [21/40], Step: [551/782], Loss: 0.22180363535881042
Rank:0 Epoch: [21/40], Step: [561/782], Loss: 0.1102432832121849
Rank:0 Epoch: [21/40], Step: [571/782], Loss: 0.1331259310245514
Rank:0 Epoch: [21/40], Step: [581/782], Loss: 0.24105694890022278
Rank:0 Epoch: [21/40], Step: [591/782], Loss: 0.1501500904560089
Rank:0 Epoch: [21/40], Step: [601/782], Loss: 0.2206031084060669
Rank:0 Epoch: [21/40], Step: [611/782], Loss: 0.2784136235713959
Rank:0 Epoch: [21/40], Step: [621/782], Loss: 0.18388423323631287
Rank:0 Epoch: [21/40], Step: [631/782], Loss: 0.11105234175920486
Rank:0 Epoch: [21/40], Step: [641/782], Loss: 0.1600082814693451
Rank:0 Epoch: [21/40], Step: [651/782], Loss: 0.2505396008491516
Rank:0 Epoch: [21/40], Step: [661/782], Loss: 0.20414990186691284
Rank:0 Epoch: [21/40], Step: [671/782], Loss: 0.18793322145938873
Rank:0 Epoch: [21/40], Step: [681/782], Loss: 0.1979328840970993
Rank:0 Epoch: [21/40], Step: [691/782], Loss: 0.1787130981683731
Rank:0 Epoch: [21/40], Step: [701/782], Loss: 0.17838191986083984
Rank:0 Epoch: [21/40], Step: [711/782], Loss: 0.21873025596141815
Rank:0 Epoch: [21/40], Step: [721/782], Loss: 0.11536921560764313
Rank:0 Epoch: [21/40], Step: [731/782], Loss: 0.18675346672534943
Rank:0 Epoch: [21/40], Step: [741/782], Loss: 0.10565147548913956
Rank:0 Epoch: [21/40], Step: [751/782], Loss: 0.305448979139328
Rank:0 Epoch: [21/40], Step: [761/782], Loss: 0.16230180859565735
Rank:0 Epoch: [21/40], Step: [771/782], Loss: 0.11024889349937439
Rank:0 Epoch: [21/40], Step: [781/782], Loss: 0.28386983275413513
Current Test Acc: 0.911
Rank:0 Epoch: [22/40], Step: [1/782], Loss: 0.16652661561965942
Rank:0 Epoch: [22/40], Step: [11/782], Loss: 0.1738061159849167
Rank:0 Epoch: [22/40], Step: [21/782], Loss: 0.12734772264957428
Rank:0 Epoch: [22/40], Step: [31/782], Loss: 0.216397225856781
Rank:0 Epoch: [22/40], Step: [41/782], Loss: 0.14986926317214966
Rank:0 Epoch: [22/40], Step: [51/782], Loss: 0.198690265417099
Rank:0 Epoch: [22/40], Step: [61/782], Loss: 0.1880050003528595
Rank:0 Epoch: [22/40], Step: [71/782], Loss: 0.3495216965675354
Rank:0 Epoch: [22/40], Step: [81/782], Loss: 0.21372389793395996
Rank:0 Epoch: [22/40], Step: [91/782], Loss: 0.21886658668518066
Rank:0 Epoch: [22/40], Step: [101/782], Loss: 0.13065922260284424
Rank:0 Epoch: [22/40], Step: [111/782], Loss: 0.18782494962215424
Rank:0 Epoch: [22/40], Step: [121/782], Loss: 0.08445873856544495
Rank:0 Epoch: [22/40], Step: [131/782], Loss: 0.1214800775051117
Rank:0 Epoch: [22/40], Step: [141/782], Loss: 0.19667361676692963
Rank:0 Epoch: [22/40], Step: [151/782], Loss: 0.10447561740875244
Rank:0 Epoch: [22/40], Step: [161/782], Loss: 0.10098744183778763
Rank:0 Epoch: [22/40], Step: [171/782], Loss: 0.10858333855867386
Rank:0 Epoch: [22/40], Step: [181/782], Loss: 0.16734926402568817
Rank:0 Epoch: [22/40], Step: [191/782], Loss: 0.22328029572963715
Rank:0 Epoch: [22/40], Step: [201/782], Loss: 0.22916242480278015
Rank:0 Epoch: [22/40], Step: [211/782], Loss: 0.25268712639808655
Rank:0 Epoch: [22/40], Step: [221/782], Loss: 0.09597429633140564
Rank:0 Epoch: [22/40], Step: [231/782], Loss: 0.12070833891630173
Rank:0 Epoch: [22/40], Step: [241/782], Loss: 0.1723843365907669
Rank:0 Epoch: [22/40], Step: [251/782], Loss: 0.12297127395868301
Rank:0 Epoch: [22/40], Step: [261/782], Loss: 0.08702391386032104
Rank:0 Epoch: [22/40], Step: [271/782], Loss: 0.21909169852733612
Rank:0 Epoch: [22/40], Step: [281/782], Loss: 0.15901200473308563
Rank:0 Epoch: [22/40], Step: [291/782], Loss: 0.12692663073539734
Rank:0 Epoch: [22/40], Step: [301/782], Loss: 0.2151346057653427
Rank:0 Epoch: [22/40], Step: [311/782], Loss: 0.17774824798107147
Rank:0 Epoch: [22/40], Step: [321/782], Loss: 0.22370652854442596
Rank:0 Epoch: [22/40], Step: [331/782], Loss: 0.08908958733081818
Rank:0 Epoch: [22/40], Step: [341/782], Loss: 0.1276157945394516
Rank:0 Epoch: [22/40], Step: [351/782], Loss: 0.15355846285820007
Rank:0 Epoch: [22/40], Step: [361/782], Loss: 0.09069119393825531
Rank:0 Epoch: [22/40], Step: [371/782], Loss: 0.07719379663467407
Rank:0 Epoch: [22/40], Step: [381/782], Loss: 0.1679023951292038
Rank:0 Epoch: [22/40], Step: [391/782], Loss: 0.3430444598197937
Rank:0 Epoch: [22/40], Step: [401/782], Loss: 0.05646391212940216
Rank:0 Epoch: [22/40], Step: [411/782], Loss: 0.18318013846874237
Rank:0 Epoch: [22/40], Step: [421/782], Loss: 0.13017939031124115
Rank:0 Epoch: [22/40], Step: [431/782], Loss: 0.30744820833206177
Rank:0 Epoch: [22/40], Step: [441/782], Loss: 0.21993732452392578
Rank:0 Epoch: [22/40], Step: [451/782], Loss: 0.1995486319065094
Rank:0 Epoch: [22/40], Step: [461/782], Loss: 0.16374298930168152
Rank:0 Epoch: [22/40], Step: [471/782], Loss: 0.189459890127182
Rank:0 Epoch: [22/40], Step: [481/782], Loss: 0.1488841474056244
Rank:0 Epoch: [22/40], Step: [491/782], Loss: 0.24752074480056763
Rank:0 Epoch: [22/40], Step: [501/782], Loss: 0.21988436579704285
Rank:0 Epoch: [22/40], Step: [511/782], Loss: 0.07439635694026947
Rank:0 Epoch: [22/40], Step: [521/782], Loss: 0.28909844160079956
Rank:0 Epoch: [22/40], Step: [531/782], Loss: 0.2153482437133789
Rank:0 Epoch: [22/40], Step: [541/782], Loss: 0.1633222997188568
Rank:0 Epoch: [22/40], Step: [551/782], Loss: 0.16564929485321045
Rank:0 Epoch: [22/40], Step: [561/782], Loss: 0.26808544993400574
Rank:0 Epoch: [22/40], Step: [571/782], Loss: 0.10288965702056885
Rank:0 Epoch: [22/40], Step: [581/782], Loss: 0.3242511451244354
Rank:0 Epoch: [22/40], Step: [591/782], Loss: 0.1902797818183899
Rank:0 Epoch: [22/40], Step: [601/782], Loss: 0.26619666814804077
Rank:0 Epoch: [22/40], Step: [611/782], Loss: 0.13447275757789612
Rank:0 Epoch: [22/40], Step: [621/782], Loss: 0.157762348651886
Rank:0 Epoch: [22/40], Step: [631/782], Loss: 0.13712038099765778
Rank:0 Epoch: [22/40], Step: [641/782], Loss: 0.08695229142904282
Rank:0 Epoch: [22/40], Step: [651/782], Loss: 0.07058688998222351
Rank:0 Epoch: [22/40], Step: [661/782], Loss: 0.04518570750951767
Rank:0 Epoch: [22/40], Step: [671/782], Loss: 0.14416120946407318
Rank:0 Epoch: [22/40], Step: [681/782], Loss: 0.166197270154953
Rank:0 Epoch: [22/40], Step: [691/782], Loss: 0.2464543730020523
Rank:0 Epoch: [22/40], Step: [701/782], Loss: 0.15241551399230957
Rank:0 Epoch: [22/40], Step: [711/782], Loss: 0.17688827216625214
Rank:0 Epoch: [22/40], Step: [721/782], Loss: 0.1580958515405655
Rank:0 Epoch: [22/40], Step: [731/782], Loss: 0.1008174866437912
Rank:0 Epoch: [22/40], Step: [741/782], Loss: 0.09318821877241135
Rank:0 Epoch: [22/40], Step: [751/782], Loss: 0.12872181832790375
Rank:0 Epoch: [22/40], Step: [761/782], Loss: 0.2795105278491974
Rank:0 Epoch: [22/40], Step: [771/782], Loss: 0.13515105843544006
Rank:0 Epoch: [22/40], Step: [781/782], Loss: 0.20180338621139526
Current Test Acc: 0.9145
Rank:0 Epoch: [23/40], Step: [1/782], Loss: 0.32133767008781433
Rank:0 Epoch: [23/40], Step: [11/782], Loss: 0.12009141594171524
Rank:0 Epoch: [23/40], Step: [21/782], Loss: 0.08070836961269379
Rank:0 Epoch: [23/40], Step: [31/782], Loss: 0.23910737037658691
Rank:0 Epoch: [23/40], Step: [41/782], Loss: 0.16005411744117737
Rank:0 Epoch: [23/40], Step: [51/782], Loss: 0.10505113750696182
Rank:0 Epoch: [23/40], Step: [61/782], Loss: 0.13046123087406158
Rank:0 Epoch: [23/40], Step: [71/782], Loss: 0.19120144844055176
Rank:0 Epoch: [23/40], Step: [81/782], Loss: 0.22719141840934753
Rank:0 Epoch: [23/40], Step: [91/782], Loss: 0.106081523001194
Rank:0 Epoch: [23/40], Step: [101/782], Loss: 0.06766894459724426
Rank:0 Epoch: [23/40], Step: [111/782], Loss: 0.1010216474533081
Rank:0 Epoch: [23/40], Step: [121/782], Loss: 0.12084788829088211
Rank:0 Epoch: [23/40], Step: [131/782], Loss: 0.0885295644402504
Rank:0 Epoch: [23/40], Step: [141/782], Loss: 0.2224288433790207
Rank:0 Epoch: [23/40], Step: [151/782], Loss: 0.09448936581611633
Rank:0 Epoch: [23/40], Step: [161/782], Loss: 0.2605269253253937
Rank:0 Epoch: [23/40], Step: [171/782], Loss: 0.17836296558380127
Rank:0 Epoch: [23/40], Step: [181/782], Loss: 0.14094741642475128
Rank:0 Epoch: [23/40], Step: [191/782], Loss: 0.16102539002895355
Rank:0 Epoch: [23/40], Step: [201/782], Loss: 0.1399439126253128
Rank:0 Epoch: [23/40], Step: [211/782], Loss: 0.06534428894519806
Rank:0 Epoch: [23/40], Step: [221/782], Loss: 0.15071159601211548
Rank:0 Epoch: [23/40], Step: [231/782], Loss: 0.17333032190799713
Rank:0 Epoch: [23/40], Step: [241/782], Loss: 0.10246223956346512
Rank:0 Epoch: [23/40], Step: [251/782], Loss: 0.1363019496202469
Rank:0 Epoch: [23/40], Step: [261/782], Loss: 0.17134572565555573
Rank:0 Epoch: [23/40], Step: [271/782], Loss: 0.059257958084344864
Rank:0 Epoch: [23/40], Step: [281/782], Loss: 0.15099582076072693
Rank:0 Epoch: [23/40], Step: [291/782], Loss: 0.13580317795276642
Rank:0 Epoch: [23/40], Step: [301/782], Loss: 0.11049071699380875
Rank:0 Epoch: [23/40], Step: [311/782], Loss: 0.13660088181495667
Rank:0 Epoch: [23/40], Step: [321/782], Loss: 0.12265993654727936
Rank:0 Epoch: [23/40], Step: [331/782], Loss: 0.05041508376598358
Rank:0 Epoch: [23/40], Step: [341/782], Loss: 0.22810983657836914
Rank:0 Epoch: [23/40], Step: [351/782], Loss: 0.165587916970253
Rank:0 Epoch: [23/40], Step: [361/782], Loss: 0.11671420186758041
Rank:0 Epoch: [23/40], Step: [371/782], Loss: 0.13879917562007904
Rank:0 Epoch: [23/40], Step: [381/782], Loss: 0.09225087612867355
Rank:0 Epoch: [23/40], Step: [391/782], Loss: 0.2785700857639313
Rank:0 Epoch: [23/40], Step: [401/782], Loss: 0.17088092863559723
Rank:0 Epoch: [23/40], Step: [411/782], Loss: 0.13321349024772644
Rank:0 Epoch: [23/40], Step: [421/782], Loss: 0.18765446543693542
Rank:0 Epoch: [23/40], Step: [431/782], Loss: 0.18408618867397308
Rank:0 Epoch: [23/40], Step: [441/782], Loss: 0.13110071420669556
Rank:0 Epoch: [23/40], Step: [451/782], Loss: 0.14855559170246124
Rank:0 Epoch: [23/40], Step: [461/782], Loss: 0.0833561047911644
Rank:0 Epoch: [23/40], Step: [471/782], Loss: 0.2330944836139679
Rank:0 Epoch: [23/40], Step: [481/782], Loss: 0.14397160708904266
Rank:0 Epoch: [23/40], Step: [491/782], Loss: 0.134073868393898
Rank:0 Epoch: [23/40], Step: [501/782], Loss: 0.20861764252185822
Rank:0 Epoch: [23/40], Step: [511/782], Loss: 0.20618070662021637
Rank:0 Epoch: [23/40], Step: [521/782], Loss: 0.2096554934978485
Rank:0 Epoch: [23/40], Step: [531/782], Loss: 0.2957914173603058
Rank:0 Epoch: [23/40], Step: [541/782], Loss: 0.10679218918085098
Rank:0 Epoch: [23/40], Step: [551/782], Loss: 0.12514537572860718
Rank:0 Epoch: [23/40], Step: [561/782], Loss: 0.2030620276927948
Rank:0 Epoch: [23/40], Step: [571/782], Loss: 0.13055655360221863
Rank:0 Epoch: [23/40], Step: [581/782], Loss: 0.157476007938385
Rank:0 Epoch: [23/40], Step: [591/782], Loss: 0.21523477137088776
Rank:0 Epoch: [23/40], Step: [601/782], Loss: 0.2743742763996124
Rank:0 Epoch: [23/40], Step: [611/782], Loss: 0.13592734932899475
Rank:0 Epoch: [23/40], Step: [621/782], Loss: 0.11165086925029755
Rank:0 Epoch: [23/40], Step: [631/782], Loss: 0.23685066401958466
Rank:0 Epoch: [23/40], Step: [641/782], Loss: 0.15209828317165375
Rank:0 Epoch: [23/40], Step: [651/782], Loss: 0.08502551913261414
Rank:0 Epoch: [23/40], Step: [661/782], Loss: 0.17095845937728882
Rank:0 Epoch: [23/40], Step: [671/782], Loss: 0.13689056038856506
Rank:0 Epoch: [23/40], Step: [681/782], Loss: 0.11074891686439514
Rank:0 Epoch: [23/40], Step: [691/782], Loss: 0.1648368537425995
Rank:0 Epoch: [23/40], Step: [701/782], Loss: 0.23166954517364502
Rank:0 Epoch: [23/40], Step: [711/782], Loss: 0.33208775520324707
Rank:0 Epoch: [23/40], Step: [721/782], Loss: 0.11229413747787476
Rank:0 Epoch: [23/40], Step: [731/782], Loss: 0.17420196533203125
Rank:0 Epoch: [23/40], Step: [741/782], Loss: 0.21236975491046906
Rank:0 Epoch: [23/40], Step: [751/782], Loss: 0.2180759757757187
Rank:0 Epoch: [23/40], Step: [761/782], Loss: 0.14990055561065674
Rank:0 Epoch: [23/40], Step: [771/782], Loss: 0.09353278577327728
Rank:0 Epoch: [23/40], Step: [781/782], Loss: 0.16323576867580414
Current Test Acc: 0.9173
Rank:0 Epoch: [24/40], Step: [1/782], Loss: 0.10902165621519089
Rank:0 Epoch: [24/40], Step: [11/782], Loss: 0.1682291030883789
Rank:0 Epoch: [24/40], Step: [21/782], Loss: 0.1622781902551651
Rank:0 Epoch: [24/40], Step: [31/782], Loss: 0.054884012788534164
Rank:0 Epoch: [24/40], Step: [41/782], Loss: 0.06687325239181519
Rank:0 Epoch: [24/40], Step: [51/782], Loss: 0.0908399149775505
Rank:0 Epoch: [24/40], Step: [61/782], Loss: 0.1141262874007225
Rank:0 Epoch: [24/40], Step: [71/782], Loss: 0.2102910280227661
Rank:0 Epoch: [24/40], Step: [81/782], Loss: 0.21224121749401093
Rank:0 Epoch: [24/40], Step: [91/782], Loss: 0.10491758584976196
Rank:0 Epoch: [24/40], Step: [101/782], Loss: 0.19541119039058685
Rank:0 Epoch: [24/40], Step: [111/782], Loss: 0.19122803211212158
Rank:0 Epoch: [24/40], Step: [121/782], Loss: 0.11161565780639648
Rank:0 Epoch: [24/40], Step: [131/782], Loss: 0.08214358985424042
Rank:0 Epoch: [24/40], Step: [141/782], Loss: 0.09345244616270065
Rank:0 Epoch: [24/40], Step: [151/782], Loss: 0.21214915812015533
Rank:0 Epoch: [24/40], Step: [161/782], Loss: 0.14160796999931335
Rank:0 Epoch: [24/40], Step: [171/782], Loss: 0.11880633234977722
Rank:0 Epoch: [24/40], Step: [181/782], Loss: 0.15776978433132172
Rank:0 Epoch: [24/40], Step: [191/782], Loss: 0.1307779848575592
Rank:0 Epoch: [24/40], Step: [201/782], Loss: 0.0858364924788475
Rank:0 Epoch: [24/40], Step: [211/782], Loss: 0.20392641425132751
Rank:0 Epoch: [24/40], Step: [221/782], Loss: 0.12109367549419403
Rank:0 Epoch: [24/40], Step: [231/782], Loss: 0.0866093710064888
Rank:0 Epoch: [24/40], Step: [241/782], Loss: 0.11919290572404861
Rank:0 Epoch: [24/40], Step: [251/782], Loss: 0.11448375880718231
Rank:0 Epoch: [24/40], Step: [261/782], Loss: 0.12923213839530945
Rank:0 Epoch: [24/40], Step: [271/782], Loss: 0.12749387323856354
Rank:0 Epoch: [24/40], Step: [281/782], Loss: 0.16031624376773834
Rank:0 Epoch: [24/40], Step: [291/782], Loss: 0.19940565526485443
Rank:0 Epoch: [24/40], Step: [301/782], Loss: 0.13460545241832733
Rank:0 Epoch: [24/40], Step: [311/782], Loss: 0.24944502115249634
Rank:0 Epoch: [24/40], Step: [321/782], Loss: 0.18548895418643951
Rank:0 Epoch: [24/40], Step: [331/782], Loss: 0.15594589710235596
Rank:0 Epoch: [24/40], Step: [341/782], Loss: 0.14709222316741943
Rank:0 Epoch: [24/40], Step: [351/782], Loss: 0.08400288224220276
Rank:0 Epoch: [24/40], Step: [361/782], Loss: 0.15099680423736572
Rank:0 Epoch: [24/40], Step: [371/782], Loss: 0.08095008134841919
Rank:0 Epoch: [24/40], Step: [381/782], Loss: 0.06641678512096405
Rank:0 Epoch: [24/40], Step: [391/782], Loss: 0.10185953974723816
Rank:0 Epoch: [24/40], Step: [401/782], Loss: 0.10949129611253738
Rank:0 Epoch: [24/40], Step: [411/782], Loss: 0.16427724063396454
Rank:0 Epoch: [24/40], Step: [421/782], Loss: 0.1712513118982315
Rank:0 Epoch: [24/40], Step: [431/782], Loss: 0.20433154702186584
Rank:0 Epoch: [24/40], Step: [441/782], Loss: 0.1608554869890213
Rank:0 Epoch: [24/40], Step: [451/782], Loss: 0.16389648616313934
Rank:0 Epoch: [24/40], Step: [461/782], Loss: 0.19777987897396088
Rank:0 Epoch: [24/40], Step: [471/782], Loss: 0.1125841960310936
Rank:0 Epoch: [24/40], Step: [481/782], Loss: 0.2695278823375702
Rank:0 Epoch: [24/40], Step: [491/782], Loss: 0.18829451501369476
Rank:0 Epoch: [24/40], Step: [501/782], Loss: 0.08521854877471924
Rank:0 Epoch: [24/40], Step: [511/782], Loss: 0.2272893786430359
Rank:0 Epoch: [24/40], Step: [521/782], Loss: 0.1579844355583191
Rank:0 Epoch: [24/40], Step: [531/782], Loss: 0.07646825909614563
Rank:0 Epoch: [24/40], Step: [541/782], Loss: 0.13140396773815155
Rank:0 Epoch: [24/40], Step: [551/782], Loss: 0.12364834547042847
Rank:0 Epoch: [24/40], Step: [561/782], Loss: 0.07699992507696152
Rank:0 Epoch: [24/40], Step: [571/782], Loss: 0.14055964350700378
Rank:0 Epoch: [24/40], Step: [581/782], Loss: 0.15423883497714996
Rank:0 Epoch: [24/40], Step: [591/782], Loss: 0.10841543972492218
Rank:0 Epoch: [24/40], Step: [601/782], Loss: 0.21653765439987183
Rank:0 Epoch: [24/40], Step: [611/782], Loss: 0.114387646317482
Rank:0 Epoch: [24/40], Step: [621/782], Loss: 0.052357323467731476
Rank:0 Epoch: [24/40], Step: [631/782], Loss: 0.13839778304100037
Rank:0 Epoch: [24/40], Step: [641/782], Loss: 0.1083543449640274
Rank:0 Epoch: [24/40], Step: [651/782], Loss: 0.2949821352958679
Rank:0 Epoch: [24/40], Step: [661/782], Loss: 0.07478149980306625
Rank:0 Epoch: [24/40], Step: [671/782], Loss: 0.11153943836688995
Rank:0 Epoch: [24/40], Step: [681/782], Loss: 0.057423193007707596
Rank:0 Epoch: [24/40], Step: [691/782], Loss: 0.1798771619796753
Rank:0 Epoch: [24/40], Step: [701/782], Loss: 0.07938816398382187
Rank:0 Epoch: [24/40], Step: [711/782], Loss: 0.2326858937740326
Rank:0 Epoch: [24/40], Step: [721/782], Loss: 0.057559024542570114
Rank:0 Epoch: [24/40], Step: [731/782], Loss: 0.14261284470558167
Rank:0 Epoch: [24/40], Step: [741/782], Loss: 0.12031525373458862
Rank:0 Epoch: [24/40], Step: [751/782], Loss: 0.17578370869159698
Rank:0 Epoch: [24/40], Step: [761/782], Loss: 0.2659723460674286
Rank:0 Epoch: [24/40], Step: [771/782], Loss: 0.175243079662323
Rank:0 Epoch: [24/40], Step: [781/782], Loss: 0.23114019632339478
Current Test Acc: 0.9186
Rank:0 Epoch: [25/40], Step: [1/782], Loss: 0.18006296455860138
Rank:0 Epoch: [25/40], Step: [11/782], Loss: 0.11941853910684586
Rank:0 Epoch: [25/40], Step: [21/782], Loss: 0.051975805312395096
Rank:0 Epoch: [25/40], Step: [31/782], Loss: 0.04107649624347687
Rank:0 Epoch: [25/40], Step: [41/782], Loss: 0.12160562723875046
Rank:0 Epoch: [25/40], Step: [51/782], Loss: 0.13525690138339996
Rank:0 Epoch: [25/40], Step: [61/782], Loss: 0.160093754529953
Rank:0 Epoch: [25/40], Step: [71/782], Loss: 0.10300885140895844
Rank:0 Epoch: [25/40], Step: [81/782], Loss: 0.12919162213802338
Rank:0 Epoch: [25/40], Step: [91/782], Loss: 0.11766117811203003
Rank:0 Epoch: [25/40], Step: [101/782], Loss: 0.08179152756929398
Rank:0 Epoch: [25/40], Step: [111/782], Loss: 0.172316774725914
Rank:0 Epoch: [25/40], Step: [121/782], Loss: 0.0522305853664875
Rank:0 Epoch: [25/40], Step: [131/782], Loss: 0.0998011901974678
Rank:0 Epoch: [25/40], Step: [141/782], Loss: 0.15597598254680634
Rank:0 Epoch: [25/40], Step: [151/782], Loss: 0.1322912871837616
Rank:0 Epoch: [25/40], Step: [161/782], Loss: 0.042474906891584396
Rank:0 Epoch: [25/40], Step: [171/782], Loss: 0.11273309588432312
Rank:0 Epoch: [25/40], Step: [181/782], Loss: 0.09021973609924316
Rank:0 Epoch: [25/40], Step: [191/782], Loss: 0.16295787692070007
Rank:0 Epoch: [25/40], Step: [201/782], Loss: 0.0637173131108284
Rank:0 Epoch: [25/40], Step: [211/782], Loss: 0.11863476037979126
Rank:0 Epoch: [25/40], Step: [221/782], Loss: 0.11112523823976517
Rank:0 Epoch: [25/40], Step: [231/782], Loss: 0.20828866958618164
Rank:0 Epoch: [25/40], Step: [241/782], Loss: 0.06946902722120285
Rank:0 Epoch: [25/40], Step: [251/782], Loss: 0.11611006408929825
Rank:0 Epoch: [25/40], Step: [261/782], Loss: 0.13956837356090546
Rank:0 Epoch: [25/40], Step: [271/782], Loss: 0.086245097219944
Rank:0 Epoch: [25/40], Step: [281/782], Loss: 0.060523372143507004
Rank:0 Epoch: [25/40], Step: [291/782], Loss: 0.12872762978076935
Rank:0 Epoch: [25/40], Step: [301/782], Loss: 0.17047235369682312
Rank:0 Epoch: [25/40], Step: [311/782], Loss: 0.19413624703884125
Rank:0 Epoch: [25/40], Step: [321/782], Loss: 0.13462065160274506
Rank:0 Epoch: [25/40], Step: [331/782], Loss: 0.14329949021339417
Rank:0 Epoch: [25/40], Step: [341/782], Loss: 0.1255895048379898
Rank:0 Epoch: [25/40], Step: [351/782], Loss: 0.10966113209724426
Rank:0 Epoch: [25/40], Step: [361/782], Loss: 0.11133773624897003
Rank:0 Epoch: [25/40], Step: [371/782], Loss: 0.13363967835903168
Rank:0 Epoch: [25/40], Step: [381/782], Loss: 0.0890800952911377
Rank:0 Epoch: [25/40], Step: [391/782], Loss: 0.0985134169459343
Rank:0 Epoch: [25/40], Step: [401/782], Loss: 0.0661819651722908
Rank:0 Epoch: [25/40], Step: [411/782], Loss: 0.11711005121469498
Rank:0 Epoch: [25/40], Step: [421/782], Loss: 0.08635805547237396
Rank:0 Epoch: [25/40], Step: [431/782], Loss: 0.12687170505523682
Rank:0 Epoch: [25/40], Step: [441/782], Loss: 0.07035703957080841
Rank:0 Epoch: [25/40], Step: [451/782], Loss: 0.11915656179189682
Rank:0 Epoch: [25/40], Step: [461/782], Loss: 0.11063501983880997
Rank:0 Epoch: [25/40], Step: [471/782], Loss: 0.28938233852386475
Rank:0 Epoch: [25/40], Step: [481/782], Loss: 0.13637635111808777
Rank:0 Epoch: [25/40], Step: [491/782], Loss: 0.170588418841362
Rank:0 Epoch: [25/40], Step: [501/782], Loss: 0.0533645823597908
Rank:0 Epoch: [25/40], Step: [511/782], Loss: 0.09236884117126465
Rank:0 Epoch: [25/40], Step: [521/782], Loss: 0.11838299036026001
Rank:0 Epoch: [25/40], Step: [531/782], Loss: 0.13001254200935364
Rank:0 Epoch: [25/40], Step: [541/782], Loss: 0.18507425487041473
Rank:0 Epoch: [25/40], Step: [551/782], Loss: 0.07846814393997192
Rank:0 Epoch: [25/40], Step: [561/782], Loss: 0.16525936126708984
Rank:0 Epoch: [25/40], Step: [571/782], Loss: 0.2050536572933197
Rank:0 Epoch: [25/40], Step: [581/782], Loss: 0.15667510032653809
Rank:0 Epoch: [25/40], Step: [591/782], Loss: 0.057635318487882614
Rank:0 Epoch: [25/40], Step: [601/782], Loss: 0.16934531927108765
Rank:0 Epoch: [25/40], Step: [611/782], Loss: 0.21538668870925903
Rank:0 Epoch: [25/40], Step: [621/782], Loss: 0.20339210331439972
Rank:0 Epoch: [25/40], Step: [631/782], Loss: 0.07194893062114716
Rank:0 Epoch: [25/40], Step: [641/782], Loss: 0.15909165143966675
Rank:0 Epoch: [25/40], Step: [651/782], Loss: 0.17577782273292542
Rank:0 Epoch: [25/40], Step: [661/782], Loss: 0.12428545951843262
Rank:0 Epoch: [25/40], Step: [671/782], Loss: 0.23575527966022491
Rank:0 Epoch: [25/40], Step: [681/782], Loss: 0.23590880632400513
Rank:0 Epoch: [25/40], Step: [691/782], Loss: 0.16974332928657532
Rank:0 Epoch: [25/40], Step: [701/782], Loss: 0.16002298891544342
Rank:0 Epoch: [25/40], Step: [711/782], Loss: 0.18244028091430664
Rank:0 Epoch: [25/40], Step: [721/782], Loss: 0.1205422505736351
Rank:0 Epoch: [25/40], Step: [731/782], Loss: 0.2073288857936859
Rank:0 Epoch: [25/40], Step: [741/782], Loss: 0.09249769896268845
Rank:0 Epoch: [25/40], Step: [751/782], Loss: 0.10904519259929657
Rank:0 Epoch: [25/40], Step: [761/782], Loss: 0.17832309007644653
Rank:0 Epoch: [25/40], Step: [771/782], Loss: 0.16702525317668915
Rank:0 Epoch: [25/40], Step: [781/782], Loss: 0.2012965828180313
Current Test Acc: 0.9206
Rank:0 Epoch: [26/40], Step: [1/782], Loss: 0.13000133633613586
Rank:0 Epoch: [26/40], Step: [11/782], Loss: 0.20522327721118927
Rank:0 Epoch: [26/40], Step: [21/782], Loss: 0.10085947066545486
Rank:0 Epoch: [26/40], Step: [31/782], Loss: 0.13262790441513062
Rank:0 Epoch: [26/40], Step: [41/782], Loss: 0.0995066687464714
Rank:0 Epoch: [26/40], Step: [51/782], Loss: 0.05024297535419464
Rank:0 Epoch: [26/40], Step: [61/782], Loss: 0.22882318496704102
Rank:0 Epoch: [26/40], Step: [71/782], Loss: 0.04376639425754547
Rank:0 Epoch: [26/40], Step: [81/782], Loss: 0.11905278265476227
Rank:0 Epoch: [26/40], Step: [91/782], Loss: 0.0760040283203125
Rank:0 Epoch: [26/40], Step: [101/782], Loss: 0.06687619537115097
Rank:0 Epoch: [26/40], Step: [111/782], Loss: 0.22563260793685913
Rank:0 Epoch: [26/40], Step: [121/782], Loss: 0.1584775298833847
Rank:0 Epoch: [26/40], Step: [131/782], Loss: 0.045427002012729645
Rank:0 Epoch: [26/40], Step: [141/782], Loss: 0.10348387062549591
Rank:0 Epoch: [26/40], Step: [151/782], Loss: 0.06609704345464706
Rank:0 Epoch: [26/40], Step: [161/782], Loss: 0.1075974851846695
Rank:0 Epoch: [26/40], Step: [171/782], Loss: 0.12920978665351868
Rank:0 Epoch: [26/40], Step: [181/782], Loss: 0.23260337114334106
Rank:0 Epoch: [26/40], Step: [191/782], Loss: 0.09304744005203247
Rank:0 Epoch: [26/40], Step: [201/782], Loss: 0.15009351074695587
Rank:0 Epoch: [26/40], Step: [211/782], Loss: 0.1000446081161499
Rank:0 Epoch: [26/40], Step: [221/782], Loss: 0.10264422744512558
Rank:0 Epoch: [26/40], Step: [231/782], Loss: 0.13927693665027618
Rank:0 Epoch: [26/40], Step: [241/782], Loss: 0.1679309457540512
Rank:0 Epoch: [26/40], Step: [251/782], Loss: 0.12817057967185974
Rank:0 Epoch: [26/40], Step: [261/782], Loss: 0.19162796437740326
Rank:0 Epoch: [26/40], Step: [271/782], Loss: 0.1325530856847763
Rank:0 Epoch: [26/40], Step: [281/782], Loss: 0.14550666511058807
Rank:0 Epoch: [26/40], Step: [291/782], Loss: 0.21535781025886536
Rank:0 Epoch: [26/40], Step: [301/782], Loss: 0.15303833782672882
Rank:0 Epoch: [26/40], Step: [311/782], Loss: 0.1653202325105667
Rank:0 Epoch: [26/40], Step: [321/782], Loss: 0.07476255297660828
Rank:0 Epoch: [26/40], Step: [331/782], Loss: 0.08175557106733322
Rank:0 Epoch: [26/40], Step: [341/782], Loss: 0.143426775932312
Rank:0 Epoch: [26/40], Step: [351/782], Loss: 0.06614081561565399
Rank:0 Epoch: [26/40], Step: [361/782], Loss: 0.08905382454395294
Rank:0 Epoch: [26/40], Step: [371/782], Loss: 0.11853398382663727
Rank:0 Epoch: [26/40], Step: [381/782], Loss: 0.05121469497680664
Rank:0 Epoch: [26/40], Step: [391/782], Loss: 0.0711221843957901
Rank:0 Epoch: [26/40], Step: [401/782], Loss: 0.17256216704845428
Rank:0 Epoch: [26/40], Step: [411/782], Loss: 0.1738986074924469
Rank:0 Epoch: [26/40], Step: [421/782], Loss: 0.08456816524267197
Rank:0 Epoch: [26/40], Step: [431/782], Loss: 0.2371055632829666
Rank:0 Epoch: [26/40], Step: [441/782], Loss: 0.20303009450435638
Rank:0 Epoch: [26/40], Step: [451/782], Loss: 0.08911750465631485
Rank:0 Epoch: [26/40], Step: [461/782], Loss: 0.037263937294483185
Rank:0 Epoch: [26/40], Step: [471/782], Loss: 0.11622153222560883
Rank:0 Epoch: [26/40], Step: [481/782], Loss: 0.11932853609323502
Rank:0 Epoch: [26/40], Step: [491/782], Loss: 0.06987817585468292
Rank:0 Epoch: [26/40], Step: [501/782], Loss: 0.09519176930189133
Rank:0 Epoch: [26/40], Step: [511/782], Loss: 0.12529653310775757
Rank:0 Epoch: [26/40], Step: [521/782], Loss: 0.09701599180698395
Rank:0 Epoch: [26/40], Step: [531/782], Loss: 0.08907761424779892
Rank:0 Epoch: [26/40], Step: [541/782], Loss: 0.07432287186384201
Rank:0 Epoch: [26/40], Step: [551/782], Loss: 0.09255237132310867
Rank:0 Epoch: [26/40], Step: [561/782], Loss: 0.34274822473526
Rank:0 Epoch: [26/40], Step: [571/782], Loss: 0.27920103073120117
Rank:0 Epoch: [26/40], Step: [581/782], Loss: 0.2562599778175354
Rank:0 Epoch: [26/40], Step: [591/782], Loss: 0.0500640943646431
Rank:0 Epoch: [26/40], Step: [601/782], Loss: 0.18557806313037872
Rank:0 Epoch: [26/40], Step: [611/782], Loss: 0.0623815655708313
Rank:0 Epoch: [26/40], Step: [621/782], Loss: 0.07225841283798218
Rank:0 Epoch: [26/40], Step: [631/782], Loss: 0.10909619182348251
Rank:0 Epoch: [26/40], Step: [641/782], Loss: 0.2032252699136734
Rank:0 Epoch: [26/40], Step: [651/782], Loss: 0.175800159573555
Rank:0 Epoch: [26/40], Step: [661/782], Loss: 0.13354308903217316
Rank:0 Epoch: [26/40], Step: [671/782], Loss: 0.10401438176631927
Rank:0 Epoch: [26/40], Step: [681/782], Loss: 0.09893684089183807
Rank:0 Epoch: [26/40], Step: [691/782], Loss: 0.2371448129415512
Rank:0 Epoch: [26/40], Step: [701/782], Loss: 0.204042449593544
Rank:0 Epoch: [26/40], Step: [711/782], Loss: 0.22172030806541443
Rank:0 Epoch: [26/40], Step: [721/782], Loss: 0.048683445900678635
Rank:0 Epoch: [26/40], Step: [731/782], Loss: 0.09805450588464737
Rank:0 Epoch: [26/40], Step: [741/782], Loss: 0.08999229967594147
Rank:0 Epoch: [26/40], Step: [751/782], Loss: 0.1390986144542694
Rank:0 Epoch: [26/40], Step: [761/782], Loss: 0.13059711456298828
Rank:0 Epoch: [26/40], Step: [771/782], Loss: 0.18263620138168335
Rank:0 Epoch: [26/40], Step: [781/782], Loss: 0.10931465774774551
Current Test Acc: 0.9181
Rank:0 Epoch: [27/40], Step: [1/782], Loss: 0.201817125082016
Rank:0 Epoch: [27/40], Step: [11/782], Loss: 0.1277831643819809
Rank:0 Epoch: [27/40], Step: [21/782], Loss: 0.04795374348759651
Rank:0 Epoch: [27/40], Step: [31/782], Loss: 0.14525988698005676
Rank:0 Epoch: [27/40], Step: [41/782], Loss: 0.11344083398580551
Rank:0 Epoch: [27/40], Step: [51/782], Loss: 0.18338803946971893
Rank:0 Epoch: [27/40], Step: [61/782], Loss: 0.06716258823871613
Rank:0 Epoch: [27/40], Step: [71/782], Loss: 0.17507809400558472
Rank:0 Epoch: [27/40], Step: [81/782], Loss: 0.08152520656585693
Rank:0 Epoch: [27/40], Step: [91/782], Loss: 0.06224507838487625
Rank:0 Epoch: [27/40], Step: [101/782], Loss: 0.0702301636338234
Rank:0 Epoch: [27/40], Step: [111/782], Loss: 0.19675631821155548
Rank:0 Epoch: [27/40], Step: [121/782], Loss: 0.12091776728630066
Rank:0 Epoch: [27/40], Step: [131/782], Loss: 0.05430838093161583
Rank:0 Epoch: [27/40], Step: [141/782], Loss: 0.1037030816078186
Rank:0 Epoch: [27/40], Step: [151/782], Loss: 0.08322035521268845
Rank:0 Epoch: [27/40], Step: [161/782], Loss: 0.0871996134519577
Rank:0 Epoch: [27/40], Step: [171/782], Loss: 0.11447010934352875
Rank:0 Epoch: [27/40], Step: [181/782], Loss: 0.15896131098270416
Rank:0 Epoch: [27/40], Step: [191/782], Loss: 0.08791622519493103
Rank:0 Epoch: [27/40], Step: [201/782], Loss: 0.1156570166349411
Rank:0 Epoch: [27/40], Step: [211/782], Loss: 0.1708371341228485
Rank:0 Epoch: [27/40], Step: [221/782], Loss: 0.24522696435451508
Rank:0 Epoch: [27/40], Step: [231/782], Loss: 0.20012611150741577
Rank:0 Epoch: [27/40], Step: [241/782], Loss: 0.174336239695549
Rank:0 Epoch: [27/40], Step: [251/782], Loss: 0.12320733815431595
Rank:0 Epoch: [27/40], Step: [261/782], Loss: 0.1534048467874527
Rank:0 Epoch: [27/40], Step: [271/782], Loss: 0.13935574889183044
Rank:0 Epoch: [27/40], Step: [281/782], Loss: 0.08705521374940872
Rank:0 Epoch: [27/40], Step: [291/782], Loss: 0.1865553855895996
Rank:0 Epoch: [27/40], Step: [301/782], Loss: 0.5932940244674683
Rank:0 Epoch: [27/40], Step: [311/782], Loss: 0.14860735833644867
Rank:0 Epoch: [27/40], Step: [321/782], Loss: 0.09746035933494568
Rank:0 Epoch: [27/40], Step: [331/782], Loss: 0.10376791656017303
Rank:0 Epoch: [27/40], Step: [341/782], Loss: 0.09970377385616302
Rank:0 Epoch: [27/40], Step: [351/782], Loss: 0.23956416547298431
Rank:0 Epoch: [27/40], Step: [361/782], Loss: 0.21688812971115112
Rank:0 Epoch: [27/40], Step: [371/782], Loss: 0.21804848313331604
Rank:0 Epoch: [27/40], Step: [381/782], Loss: 0.05139744654297829
Rank:0 Epoch: [27/40], Step: [391/782], Loss: 0.034035440534353256
Rank:0 Epoch: [27/40], Step: [401/782], Loss: 0.07790226489305496
Rank:0 Epoch: [27/40], Step: [411/782], Loss: 0.13181769847869873
Rank:0 Epoch: [27/40], Step: [421/782], Loss: 0.12976063787937164
Rank:0 Epoch: [27/40], Step: [431/782], Loss: 0.09356310963630676
Rank:0 Epoch: [27/40], Step: [441/782], Loss: 0.11288987845182419
Rank:0 Epoch: [27/40], Step: [451/782], Loss: 0.0852503702044487
Rank:0 Epoch: [27/40], Step: [461/782], Loss: 0.2425544261932373
Rank:0 Epoch: [27/40], Step: [471/782], Loss: 0.14530716836452484
Rank:0 Epoch: [27/40], Step: [481/782], Loss: 0.2148876041173935
Rank:0 Epoch: [27/40], Step: [491/782], Loss: 0.15090513229370117
Rank:0 Epoch: [27/40], Step: [501/782], Loss: 0.25913217663764954
Rank:0 Epoch: [27/40], Step: [511/782], Loss: 0.18651987612247467
Rank:0 Epoch: [27/40], Step: [521/782], Loss: 0.27578648924827576
Rank:0 Epoch: [27/40], Step: [531/782], Loss: 0.07691116631031036
Rank:0 Epoch: [27/40], Step: [541/782], Loss: 0.07315795868635178
Rank:0 Epoch: [27/40], Step: [551/782], Loss: 0.14134734869003296
Rank:0 Epoch: [27/40], Step: [561/782], Loss: 0.14290280640125275
Rank:0 Epoch: [27/40], Step: [571/782], Loss: 0.10707004368305206
Rank:0 Epoch: [27/40], Step: [581/782], Loss: 0.021561957895755768
Rank:0 Epoch: [27/40], Step: [591/782], Loss: 0.23106470704078674
Rank:0 Epoch: [27/40], Step: [601/782], Loss: 0.10502703487873077
Rank:0 Epoch: [27/40], Step: [611/782], Loss: 0.08358319848775864
Rank:0 Epoch: [27/40], Step: [621/782], Loss: 0.09809225052595139
Rank:0 Epoch: [27/40], Step: [631/782], Loss: 0.11625570058822632
Rank:0 Epoch: [27/40], Step: [641/782], Loss: 0.08962824195623398
Rank:0 Epoch: [27/40], Step: [651/782], Loss: 0.19923238456249237
Rank:0 Epoch: [27/40], Step: [661/782], Loss: 0.15987522900104523
Rank:0 Epoch: [27/40], Step: [671/782], Loss: 0.1149197667837143
Rank:0 Epoch: [27/40], Step: [681/782], Loss: 0.13463954627513885
Rank:0 Epoch: [27/40], Step: [691/782], Loss: 0.21799471974372864
Rank:0 Epoch: [27/40], Step: [701/782], Loss: 0.042946185916662216
Rank:0 Epoch: [27/40], Step: [711/782], Loss: 0.11239359527826309
Rank:0 Epoch: [27/40], Step: [721/782], Loss: 0.13226880133152008
Rank:0 Epoch: [27/40], Step: [731/782], Loss: 0.22363997995853424
Rank:0 Epoch: [27/40], Step: [741/782], Loss: 0.1190987080335617
Rank:0 Epoch: [27/40], Step: [751/782], Loss: 0.10888439416885376
Rank:0 Epoch: [27/40], Step: [761/782], Loss: 0.1356481909751892
Rank:0 Epoch: [27/40], Step: [771/782], Loss: 0.17779314517974854
Rank:0 Epoch: [27/40], Step: [781/782], Loss: 0.13876111805438995
Current Test Acc: 0.9178
Rank:0 Epoch: [28/40], Step: [1/782], Loss: 0.06366345286369324
Rank:0 Epoch: [28/40], Step: [11/782], Loss: 0.06846276670694351
Rank:0 Epoch: [28/40], Step: [21/782], Loss: 0.07235866785049438
Rank:0 Epoch: [28/40], Step: [31/782], Loss: 0.18379004299640656
Rank:0 Epoch: [28/40], Step: [41/782], Loss: 0.08932699263095856
Rank:0 Epoch: [28/40], Step: [51/782], Loss: 0.09215990453958511
Rank:0 Epoch: [28/40], Step: [61/782], Loss: 0.08355628699064255
Rank:0 Epoch: [28/40], Step: [71/782], Loss: 0.22665515542030334
Rank:0 Epoch: [28/40], Step: [81/782], Loss: 0.13579417765140533
Rank:0 Epoch: [28/40], Step: [91/782], Loss: 0.12988199293613434
Rank:0 Epoch: [28/40], Step: [101/782], Loss: 0.17429618537425995
Rank:0 Epoch: [28/40], Step: [111/782], Loss: 0.0850897952914238
Rank:0 Epoch: [28/40], Step: [121/782], Loss: 0.14277267456054688
Rank:0 Epoch: [28/40], Step: [131/782], Loss: 0.13416846096515656
Rank:0 Epoch: [28/40], Step: [141/782], Loss: 0.07455514371395111
Rank:0 Epoch: [28/40], Step: [151/782], Loss: 0.1653808206319809
Rank:0 Epoch: [28/40], Step: [161/782], Loss: 0.13164404034614563
Rank:0 Epoch: [28/40], Step: [171/782], Loss: 0.1863052397966385
Rank:0 Epoch: [28/40], Step: [181/782], Loss: 0.07593762874603271
Rank:0 Epoch: [28/40], Step: [191/782], Loss: 0.09474515914916992
Rank:0 Epoch: [28/40], Step: [201/782], Loss: 0.03194902092218399
Rank:0 Epoch: [28/40], Step: [211/782], Loss: 0.13146698474884033
Rank:0 Epoch: [28/40], Step: [221/782], Loss: 0.07250265777111053
Rank:0 Epoch: [28/40], Step: [231/782], Loss: 0.11519069969654083
Rank:0 Epoch: [28/40], Step: [241/782], Loss: 0.20772302150726318
Rank:0 Epoch: [28/40], Step: [251/782], Loss: 0.16507329046726227
Rank:0 Epoch: [28/40], Step: [261/782], Loss: 0.09245772659778595
Rank:0 Epoch: [28/40], Step: [271/782], Loss: 0.1677170693874359
Rank:0 Epoch: [28/40], Step: [281/782], Loss: 0.07933152467012405
Rank:0 Epoch: [28/40], Step: [291/782], Loss: 0.10384266823530197
Rank:0 Epoch: [28/40], Step: [301/782], Loss: 0.0897805318236351
Rank:0 Epoch: [28/40], Step: [311/782], Loss: 0.16383960843086243
Rank:0 Epoch: [28/40], Step: [321/782], Loss: 0.11941513419151306
Rank:0 Epoch: [28/40], Step: [331/782], Loss: 0.18202301859855652
Rank:0 Epoch: [28/40], Step: [341/782], Loss: 0.04722253233194351
Rank:0 Epoch: [28/40], Step: [351/782], Loss: 0.13279065489768982
Rank:0 Epoch: [28/40], Step: [361/782], Loss: 0.142203688621521
Rank:0 Epoch: [28/40], Step: [371/782], Loss: 0.11122497916221619
Rank:0 Epoch: [28/40], Step: [381/782], Loss: 0.14520694315433502
Rank:0 Epoch: [28/40], Step: [391/782], Loss: 0.17562785744667053
Rank:0 Epoch: [28/40], Step: [401/782], Loss: 0.11900021135807037
Rank:0 Epoch: [28/40], Step: [411/782], Loss: 0.10093954205513
Rank:0 Epoch: [28/40], Step: [421/782], Loss: 0.18575303256511688
Rank:0 Epoch: [28/40], Step: [431/782], Loss: 0.08176068216562271
Rank:0 Epoch: [28/40], Step: [441/782], Loss: 0.14874809980392456
Rank:0 Epoch: [28/40], Step: [451/782], Loss: 0.09539258480072021
Rank:0 Epoch: [28/40], Step: [461/782], Loss: 0.14205679297447205
Rank:0 Epoch: [28/40], Step: [471/782], Loss: 0.21969462931156158
Rank:0 Epoch: [28/40], Step: [481/782], Loss: 0.10470088571310043
Rank:0 Epoch: [28/40], Step: [491/782], Loss: 0.15088993310928345
Rank:0 Epoch: [28/40], Step: [501/782], Loss: 0.21232293546199799
Rank:0 Epoch: [28/40], Step: [511/782], Loss: 0.10136875510215759
Rank:0 Epoch: [28/40], Step: [521/782], Loss: 0.1642434000968933
Rank:0 Epoch: [28/40], Step: [531/782], Loss: 0.05036681890487671
Rank:0 Epoch: [28/40], Step: [541/782], Loss: 0.13832835853099823
Rank:0 Epoch: [28/40], Step: [551/782], Loss: 0.10266952216625214
Rank:0 Epoch: [28/40], Step: [561/782], Loss: 0.1299995630979538
Rank:0 Epoch: [28/40], Step: [571/782], Loss: 0.11497590690851212
Rank:0 Epoch: [28/40], Step: [581/782], Loss: 0.08804134279489517
Rank:0 Epoch: [28/40], Step: [591/782], Loss: 0.06570964306592941
Rank:0 Epoch: [28/40], Step: [601/782], Loss: 0.1574653834104538
Rank:0 Epoch: [28/40], Step: [611/782], Loss: 0.05404847860336304
Rank:0 Epoch: [28/40], Step: [621/782], Loss: 0.09771449118852615
Rank:0 Epoch: [28/40], Step: [631/782], Loss: 0.16652800142765045
Rank:0 Epoch: [28/40], Step: [641/782], Loss: 0.10868816077709198
Rank:0 Epoch: [28/40], Step: [651/782], Loss: 0.10010992735624313
Rank:0 Epoch: [28/40], Step: [661/782], Loss: 0.0870431438088417
Rank:0 Epoch: [28/40], Step: [671/782], Loss: 0.06747458130121231
Rank:0 Epoch: [28/40], Step: [681/782], Loss: 0.13112586736679077
Rank:0 Epoch: [28/40], Step: [691/782], Loss: 0.16460992395877838
Rank:0 Epoch: [28/40], Step: [701/782], Loss: 0.09943480044603348
Rank:0 Epoch: [28/40], Step: [711/782], Loss: 0.25096651911735535
Rank:0 Epoch: [28/40], Step: [721/782], Loss: 0.16884659230709076
Rank:0 Epoch: [28/40], Step: [731/782], Loss: 0.10943561047315598
Rank:0 Epoch: [28/40], Step: [741/782], Loss: 0.03702400624752045
Rank:0 Epoch: [28/40], Step: [751/782], Loss: 0.2088947743177414
Rank:0 Epoch: [28/40], Step: [761/782], Loss: 0.04676375538110733
Rank:0 Epoch: [28/40], Step: [771/782], Loss: 0.14021895825862885
Rank:0 Epoch: [28/40], Step: [781/782], Loss: 0.1215331181883812
Current Test Acc: 0.9194
Rank:0 Epoch: [29/40], Step: [1/782], Loss: 0.11709147691726685
Rank:0 Epoch: [29/40], Step: [11/782], Loss: 0.12772509455680847
Rank:0 Epoch: [29/40], Step: [21/782], Loss: 0.13299472630023956
Rank:0 Epoch: [29/40], Step: [31/782], Loss: 0.08156774938106537
Rank:0 Epoch: [29/40], Step: [41/782], Loss: 0.09203864634037018
Rank:0 Epoch: [29/40], Step: [51/782], Loss: 0.09343461692333221
Rank:0 Epoch: [29/40], Step: [61/782], Loss: 0.12539540231227875
Rank:0 Epoch: [29/40], Step: [71/782], Loss: 0.0665874257683754
Rank:0 Epoch: [29/40], Step: [81/782], Loss: 0.061924465000629425
Rank:0 Epoch: [29/40], Step: [91/782], Loss: 0.07010836899280548
Rank:0 Epoch: [29/40], Step: [101/782], Loss: 0.06575357168912888
Rank:0 Epoch: [29/40], Step: [111/782], Loss: 0.13286232948303223
Rank:0 Epoch: [29/40], Step: [121/782], Loss: 0.12997432053089142
Rank:0 Epoch: [29/40], Step: [131/782], Loss: 0.29701489210128784
Rank:0 Epoch: [29/40], Step: [141/782], Loss: 0.05083632096648216
Rank:0 Epoch: [29/40], Step: [151/782], Loss: 0.12589433789253235
Rank:0 Epoch: [29/40], Step: [161/782], Loss: 0.12116649746894836
Rank:0 Epoch: [29/40], Step: [171/782], Loss: 0.059585027396678925
Rank:0 Epoch: [29/40], Step: [181/782], Loss: 0.19072794914245605
Rank:0 Epoch: [29/40], Step: [191/782], Loss: 0.10902480781078339
Rank:0 Epoch: [29/40], Step: [201/782], Loss: 0.15575046837329865
Rank:0 Epoch: [29/40], Step: [211/782], Loss: 0.1627124845981598
Rank:0 Epoch: [29/40], Step: [221/782], Loss: 0.21171943843364716
Rank:0 Epoch: [29/40], Step: [231/782], Loss: 0.2010442167520523
Rank:0 Epoch: [29/40], Step: [241/782], Loss: 0.04582088068127632
Rank:0 Epoch: [29/40], Step: [251/782], Loss: 0.08610060811042786
Rank:0 Epoch: [29/40], Step: [261/782], Loss: 0.1134258359670639
Rank:0 Epoch: [29/40], Step: [271/782], Loss: 0.05648728087544441
Rank:0 Epoch: [29/40], Step: [281/782], Loss: 0.06711416691541672
Rank:0 Epoch: [29/40], Step: [291/782], Loss: 0.11212436109781265
Rank:0 Epoch: [29/40], Step: [301/782], Loss: 0.05258385092020035
Rank:0 Epoch: [29/40], Step: [311/782], Loss: 0.0692916065454483
Rank:0 Epoch: [29/40], Step: [321/782], Loss: 0.19840294122695923
Rank:0 Epoch: [29/40], Step: [331/782], Loss: 0.0840407982468605
Rank:0 Epoch: [29/40], Step: [341/782], Loss: 0.1506156325340271
Rank:0 Epoch: [29/40], Step: [351/782], Loss: 0.08186299353837967
Rank:0 Epoch: [29/40], Step: [361/782], Loss: 0.2597426474094391
Rank:0 Epoch: [29/40], Step: [371/782], Loss: 0.07036537677049637
Rank:0 Epoch: [29/40], Step: [381/782], Loss: 0.04736116901040077
Rank:0 Epoch: [29/40], Step: [391/782], Loss: 0.20935820043087006
Rank:0 Epoch: [29/40], Step: [401/782], Loss: 0.07131339609622955
Rank:0 Epoch: [29/40], Step: [411/782], Loss: 0.07281948626041412
Rank:0 Epoch: [29/40], Step: [421/782], Loss: 0.09078598022460938
Rank:0 Epoch: [29/40], Step: [431/782], Loss: 0.07160759717226028
Rank:0 Epoch: [29/40], Step: [441/782], Loss: 0.22546014189720154
Rank:0 Epoch: [29/40], Step: [451/782], Loss: 0.13168852031230927
Rank:0 Epoch: [29/40], Step: [461/782], Loss: 0.06635990738868713
Rank:0 Epoch: [29/40], Step: [471/782], Loss: 0.056831348687410355
Rank:0 Epoch: [29/40], Step: [481/782], Loss: 0.02787323296070099
Rank:0 Epoch: [29/40], Step: [491/782], Loss: 0.11593876779079437
Rank:0 Epoch: [29/40], Step: [501/782], Loss: 0.05192079395055771
Rank:0 Epoch: [29/40], Step: [511/782], Loss: 0.14344896376132965
Rank:0 Epoch: [29/40], Step: [521/782], Loss: 0.06392182409763336
Rank:0 Epoch: [29/40], Step: [531/782], Loss: 0.07617942988872528
Rank:0 Epoch: [29/40], Step: [541/782], Loss: 0.1508638709783554
Rank:0 Epoch: [29/40], Step: [551/782], Loss: 0.138395756483078
Rank:0 Epoch: [29/40], Step: [561/782], Loss: 0.1366613805294037
Rank:0 Epoch: [29/40], Step: [571/782], Loss: 0.09658889472484589
Rank:0 Epoch: [29/40], Step: [581/782], Loss: 0.07099416851997375
Rank:0 Epoch: [29/40], Step: [591/782], Loss: 0.10936956852674484
Rank:0 Epoch: [29/40], Step: [601/782], Loss: 0.11794136464595795
Rank:0 Epoch: [29/40], Step: [611/782], Loss: 0.12848074734210968
Rank:0 Epoch: [29/40], Step: [621/782], Loss: 0.06123766303062439
Rank:0 Epoch: [29/40], Step: [631/782], Loss: 0.15379686653614044
Rank:0 Epoch: [29/40], Step: [641/782], Loss: 0.11347115784883499
Rank:0 Epoch: [29/40], Step: [651/782], Loss: 0.07147572934627533
Rank:0 Epoch: [29/40], Step: [661/782], Loss: 0.06930454820394516
Rank:0 Epoch: [29/40], Step: [671/782], Loss: 0.2418457567691803
Rank:0 Epoch: [29/40], Step: [681/782], Loss: 0.13251236081123352
Rank:0 Epoch: [29/40], Step: [691/782], Loss: 0.10066267848014832
Rank:0 Epoch: [29/40], Step: [701/782], Loss: 0.15723203122615814
Rank:0 Epoch: [29/40], Step: [711/782], Loss: 0.09672865271568298
Rank:0 Epoch: [29/40], Step: [721/782], Loss: 0.16965721547603607
Rank:0 Epoch: [29/40], Step: [731/782], Loss: 0.06368513405323029
Rank:0 Epoch: [29/40], Step: [741/782], Loss: 0.2730686068534851
Rank:0 Epoch: [29/40], Step: [751/782], Loss: 0.0770191177725792
Rank:0 Epoch: [29/40], Step: [761/782], Loss: 0.10219710320234299
Rank:0 Epoch: [29/40], Step: [771/782], Loss: 0.12670695781707764
Rank:0 Epoch: [29/40], Step: [781/782], Loss: 0.0793667733669281
Current Test Acc: 0.9196
Rank:0 Epoch: [30/40], Step: [1/782], Loss: 0.10694096982479095
Rank:0 Epoch: [30/40], Step: [11/782], Loss: 0.08330557495355606
Rank:0 Epoch: [30/40], Step: [21/782], Loss: 0.12134464085102081
Rank:0 Epoch: [30/40], Step: [31/782], Loss: 0.018547870218753815
Rank:0 Epoch: [30/40], Step: [41/782], Loss: 0.10933522880077362
Rank:0 Epoch: [30/40], Step: [51/782], Loss: 0.07407037913799286
Rank:0 Epoch: [30/40], Step: [61/782], Loss: 0.15739594399929047
Rank:0 Epoch: [30/40], Step: [71/782], Loss: 0.1643771529197693
Rank:0 Epoch: [30/40], Step: [81/782], Loss: 0.15377791225910187
Rank:0 Epoch: [30/40], Step: [91/782], Loss: 0.16866597533226013
Rank:0 Epoch: [30/40], Step: [101/782], Loss: 0.10960761457681656
Rank:0 Epoch: [30/40], Step: [111/782], Loss: 0.14249233901500702
Rank:0 Epoch: [30/40], Step: [121/782], Loss: 0.1495341956615448
Rank:0 Epoch: [30/40], Step: [131/782], Loss: 0.11697351932525635
Rank:0 Epoch: [30/40], Step: [141/782], Loss: 0.11955208331346512
Rank:0 Epoch: [30/40], Step: [151/782], Loss: 0.16298311948776245
Rank:0 Epoch: [30/40], Step: [161/782], Loss: 0.08169988542795181
Rank:0 Epoch: [30/40], Step: [171/782], Loss: 0.08380929380655289
Rank:0 Epoch: [30/40], Step: [181/782], Loss: 0.04401004686951637
Rank:0 Epoch: [30/40], Step: [191/782], Loss: 0.18122906982898712
Rank:0 Epoch: [30/40], Step: [201/782], Loss: 0.10355041176080704
Rank:0 Epoch: [30/40], Step: [211/782], Loss: 0.07585318386554718
Rank:0 Epoch: [30/40], Step: [221/782], Loss: 0.14970088005065918
Rank:0 Epoch: [30/40], Step: [231/782], Loss: 0.1442163735628128
Rank:0 Epoch: [30/40], Step: [241/782], Loss: 0.060650330036878586
Rank:0 Epoch: [30/40], Step: [251/782], Loss: 0.07625838369131088
Rank:0 Epoch: [30/40], Step: [261/782], Loss: 0.1654871553182602
Rank:0 Epoch: [30/40], Step: [271/782], Loss: 0.1733683943748474
Rank:0 Epoch: [30/40], Step: [281/782], Loss: 0.3476899266242981
Rank:0 Epoch: [30/40], Step: [291/782], Loss: 0.07812699675559998
Rank:0 Epoch: [30/40], Step: [301/782], Loss: 0.06161043420433998
Rank:0 Epoch: [30/40], Step: [311/782], Loss: 0.12530569732189178
Rank:0 Epoch: [30/40], Step: [321/782], Loss: 0.06975708156824112
Rank:0 Epoch: [30/40], Step: [331/782], Loss: 0.21884362399578094
Rank:0 Epoch: [30/40], Step: [341/782], Loss: 0.029620755463838577
Rank:0 Epoch: [30/40], Step: [351/782], Loss: 0.09101402759552002
Rank:0 Epoch: [30/40], Step: [361/782], Loss: 0.15842463076114655
Rank:0 Epoch: [30/40], Step: [371/782], Loss: 0.1616840809583664
Rank:0 Epoch: [30/40], Step: [381/782], Loss: 0.031339358538389206
Rank:0 Epoch: [30/40], Step: [391/782], Loss: 0.17444896697998047
Rank:0 Epoch: [30/40], Step: [401/782], Loss: 0.1002788171172142
Rank:0 Epoch: [30/40], Step: [411/782], Loss: 0.11776696890592575
Rank:0 Epoch: [30/40], Step: [421/782], Loss: 0.09014320373535156
Rank:0 Epoch: [30/40], Step: [431/782], Loss: 0.0882498249411583
Rank:0 Epoch: [30/40], Step: [441/782], Loss: 0.11176938563585281
Rank:0 Epoch: [30/40], Step: [451/782], Loss: 0.13165566325187683
Rank:0 Epoch: [30/40], Step: [461/782], Loss: 0.14892998337745667
Rank:0 Epoch: [30/40], Step: [471/782], Loss: 0.1113385483622551
Rank:0 Epoch: [30/40], Step: [481/782], Loss: 0.13712409138679504
Rank:0 Epoch: [30/40], Step: [491/782], Loss: 0.1294490098953247
Rank:0 Epoch: [30/40], Step: [501/782], Loss: 0.1310195028781891
Rank:0 Epoch: [30/40], Step: [511/782], Loss: 0.15246346592903137
Rank:0 Epoch: [30/40], Step: [521/782], Loss: 0.13314864039421082
Rank:0 Epoch: [30/40], Step: [531/782], Loss: 0.1089317575097084
Rank:0 Epoch: [30/40], Step: [541/782], Loss: 0.07954259216785431
Rank:0 Epoch: [30/40], Step: [551/782], Loss: 0.17930041253566742
Rank:0 Epoch: [30/40], Step: [561/782], Loss: 0.1648397147655487
Rank:0 Epoch: [30/40], Step: [571/782], Loss: 0.1360655128955841
Rank:0 Epoch: [30/40], Step: [581/782], Loss: 0.11666149646043777
Rank:0 Epoch: [30/40], Step: [591/782], Loss: 0.055544592440128326
Rank:0 Epoch: [30/40], Step: [601/782], Loss: 0.14035701751708984
Rank:0 Epoch: [30/40], Step: [611/782], Loss: 0.09787236899137497
Rank:0 Epoch: [30/40], Step: [621/782], Loss: 0.11748631298542023
Rank:0 Epoch: [30/40], Step: [631/782], Loss: 0.13654161989688873
Rank:0 Epoch: [30/40], Step: [641/782], Loss: 0.18509486317634583
Rank:0 Epoch: [30/40], Step: [651/782], Loss: 0.16865113377571106
Rank:0 Epoch: [30/40], Step: [661/782], Loss: 0.10284214466810226
Rank:0 Epoch: [30/40], Step: [671/782], Loss: 0.1666565239429474
Rank:0 Epoch: [30/40], Step: [681/782], Loss: 0.14922985434532166
Rank:0 Epoch: [30/40], Step: [691/782], Loss: 0.1510375738143921
Rank:0 Epoch: [30/40], Step: [701/782], Loss: 0.14845067262649536
Rank:0 Epoch: [30/40], Step: [711/782], Loss: 0.0998014435172081
Rank:0 Epoch: [30/40], Step: [721/782], Loss: 0.06984007358551025
Rank:0 Epoch: [30/40], Step: [731/782], Loss: 0.21663083136081696
Rank:0 Epoch: [30/40], Step: [741/782], Loss: 0.09560289233922958
Rank:0 Epoch: [30/40], Step: [751/782], Loss: 0.07785873860120773
Rank:0 Epoch: [30/40], Step: [761/782], Loss: 0.08445052057504654
Rank:0 Epoch: [30/40], Step: [771/782], Loss: 0.03546033427119255
Rank:0 Epoch: [30/40], Step: [781/782], Loss: 0.25336435437202454
Current Test Acc: 0.9174
Rank:0 Epoch: [31/40], Step: [1/782], Loss: 0.32320842146873474
Rank:0 Epoch: [31/40], Step: [11/782], Loss: 0.12024819850921631
Rank:0 Epoch: [31/40], Step: [21/782], Loss: 0.039464302361011505
Rank:0 Epoch: [31/40], Step: [31/782], Loss: 0.062495894730091095
Rank:0 Epoch: [31/40], Step: [41/782], Loss: 0.07312227040529251
Rank:0 Epoch: [31/40], Step: [51/782], Loss: 0.07333017885684967
Rank:0 Epoch: [31/40], Step: [61/782], Loss: 0.14221756160259247
Rank:0 Epoch: [31/40], Step: [71/782], Loss: 0.04274626076221466
Rank:0 Epoch: [31/40], Step: [81/782], Loss: 0.14938804507255554
Rank:0 Epoch: [31/40], Step: [91/782], Loss: 0.13085013628005981
Rank:0 Epoch: [31/40], Step: [101/782], Loss: 0.17268578708171844
Rank:0 Epoch: [31/40], Step: [111/782], Loss: 0.07323352247476578
Rank:0 Epoch: [31/40], Step: [121/782], Loss: 0.11330527812242508
Rank:0 Epoch: [31/40], Step: [131/782], Loss: 0.08362516015768051
Rank:0 Epoch: [31/40], Step: [141/782], Loss: 0.21733607351779938
Rank:0 Epoch: [31/40], Step: [151/782], Loss: 0.045621346682310104
Rank:0 Epoch: [31/40], Step: [161/782], Loss: 0.11870535463094711
Rank:0 Epoch: [31/40], Step: [171/782], Loss: 0.13905543088912964
Rank:0 Epoch: [31/40], Step: [181/782], Loss: 0.07342696934938431
Rank:0 Epoch: [31/40], Step: [191/782], Loss: 0.08756205439567566
Rank:0 Epoch: [31/40], Step: [201/782], Loss: 0.08286894857883453
Rank:0 Epoch: [31/40], Step: [211/782], Loss: 0.0751492828130722
Rank:0 Epoch: [31/40], Step: [221/782], Loss: 0.054417844861745834
Rank:0 Epoch: [31/40], Step: [231/782], Loss: 0.10287394374608994
Rank:0 Epoch: [31/40], Step: [241/782], Loss: 0.05964267998933792
Rank:0 Epoch: [31/40], Step: [251/782], Loss: 0.15392045676708221
Rank:0 Epoch: [31/40], Step: [261/782], Loss: 0.070713110268116
Rank:0 Epoch: [31/40], Step: [271/782], Loss: 0.0860137790441513
Rank:0 Epoch: [31/40], Step: [281/782], Loss: 0.1122242733836174
Rank:0 Epoch: [31/40], Step: [291/782], Loss: 0.13371670246124268
Rank:0 Epoch: [31/40], Step: [301/782], Loss: 0.12140506505966187
Rank:0 Epoch: [31/40], Step: [311/782], Loss: 0.03704157471656799
Rank:0 Epoch: [31/40], Step: [321/782], Loss: 0.09581256657838821
Rank:0 Epoch: [31/40], Step: [331/782], Loss: 0.042710721492767334
Rank:0 Epoch: [31/40], Step: [341/782], Loss: 0.04168503358960152
Rank:0 Epoch: [31/40], Step: [351/782], Loss: 0.09041567146778107
Rank:0 Epoch: [31/40], Step: [361/782], Loss: 0.2471785545349121
Rank:0 Epoch: [31/40], Step: [371/782], Loss: 0.11879459023475647
Rank:0 Epoch: [31/40], Step: [381/782], Loss: 0.2334398627281189
Rank:0 Epoch: [31/40], Step: [391/782], Loss: 0.08273325115442276
Rank:0 Epoch: [31/40], Step: [401/782], Loss: 0.10424109548330307
Rank:0 Epoch: [31/40], Step: [411/782], Loss: 0.16369593143463135
Rank:0 Epoch: [31/40], Step: [421/782], Loss: 0.10400747507810593
Rank:0 Epoch: [31/40], Step: [431/782], Loss: 0.10749530047178268
Rank:0 Epoch: [31/40], Step: [441/782], Loss: 0.13411076366901398
Rank:0 Epoch: [31/40], Step: [451/782], Loss: 0.03238356113433838
Rank:0 Epoch: [31/40], Step: [461/782], Loss: 0.1248137578368187
Rank:0 Epoch: [31/40], Step: [471/782], Loss: 0.1393386870622635
Rank:0 Epoch: [31/40], Step: [481/782], Loss: 0.03692488372325897
Rank:0 Epoch: [31/40], Step: [491/782], Loss: 0.06174278259277344
Rank:0 Epoch: [31/40], Step: [501/782], Loss: 0.07731367647647858
Rank:0 Epoch: [31/40], Step: [511/782], Loss: 0.05151000991463661
Rank:0 Epoch: [31/40], Step: [521/782], Loss: 0.11978418380022049
Rank:0 Epoch: [31/40], Step: [531/782], Loss: 0.04956522211432457
Rank:0 Epoch: [31/40], Step: [541/782], Loss: 0.05499577894806862
Rank:0 Epoch: [31/40], Step: [551/782], Loss: 0.03017016127705574
Rank:0 Epoch: [31/40], Step: [561/782], Loss: 0.10693494975566864
Rank:0 Epoch: [31/40], Step: [571/782], Loss: 0.06074557825922966
Rank:0 Epoch: [31/40], Step: [581/782], Loss: 0.14392082393169403
Rank:0 Epoch: [31/40], Step: [591/782], Loss: 0.10153882950544357
Rank:0 Epoch: [31/40], Step: [601/782], Loss: 0.04332409054040909
Rank:0 Epoch: [31/40], Step: [611/782], Loss: 0.08786271512508392
Rank:0 Epoch: [31/40], Step: [621/782], Loss: 0.12111396342515945
Rank:0 Epoch: [31/40], Step: [631/782], Loss: 0.19905570149421692
Rank:0 Epoch: [31/40], Step: [641/782], Loss: 0.23347383737564087
Rank:0 Epoch: [31/40], Step: [651/782], Loss: 0.08965449780225754
Rank:0 Epoch: [31/40], Step: [661/782], Loss: 0.09446937590837479
Rank:0 Epoch: [31/40], Step: [671/782], Loss: 0.07048431038856506
Rank:0 Epoch: [31/40], Step: [681/782], Loss: 0.06653879582881927
Rank:0 Epoch: [31/40], Step: [691/782], Loss: 0.14488115906715393
Rank:0 Epoch: [31/40], Step: [701/782], Loss: 0.08845535665750504
Rank:0 Epoch: [31/40], Step: [711/782], Loss: 0.017361188307404518
Rank:0 Epoch: [31/40], Step: [721/782], Loss: 0.055392395704984665
Rank:0 Epoch: [31/40], Step: [731/782], Loss: 0.06508605182170868
Rank:0 Epoch: [31/40], Step: [741/782], Loss: 0.051327940076589584
Rank:0 Epoch: [31/40], Step: [751/782], Loss: 0.15932221710681915
Rank:0 Epoch: [31/40], Step: [761/782], Loss: 0.07597419619560242
Rank:0 Epoch: [31/40], Step: [771/782], Loss: 0.1585739254951477
Rank:0 Epoch: [31/40], Step: [781/782], Loss: 0.08808168768882751
Current Test Acc: 0.9214
Rank:0 Epoch: [32/40], Step: [1/782], Loss: 0.07348348200321198
Rank:0 Epoch: [32/40], Step: [11/782], Loss: 0.08690185099840164
Rank:0 Epoch: [32/40], Step: [21/782], Loss: 0.1879040002822876
Rank:0 Epoch: [32/40], Step: [31/782], Loss: 0.16646525263786316
Rank:0 Epoch: [32/40], Step: [41/782], Loss: 0.04741259664297104
Rank:0 Epoch: [32/40], Step: [51/782], Loss: 0.032154593616724014
Rank:0 Epoch: [32/40], Step: [61/782], Loss: 0.14079205691814423
Rank:0 Epoch: [32/40], Step: [71/782], Loss: 0.22623957693576813
Rank:0 Epoch: [32/40], Step: [81/782], Loss: 0.06831706315279007
Rank:0 Epoch: [32/40], Step: [91/782], Loss: 0.08039708435535431
Rank:0 Epoch: [32/40], Step: [101/782], Loss: 0.08306733518838882
Rank:0 Epoch: [32/40], Step: [111/782], Loss: 0.12184372544288635
Rank:0 Epoch: [32/40], Step: [121/782], Loss: 0.15503983199596405
Rank:0 Epoch: [32/40], Step: [131/782], Loss: 0.0820765495300293
Rank:0 Epoch: [32/40], Step: [141/782], Loss: 0.13835017383098602
Rank:0 Epoch: [32/40], Step: [151/782], Loss: 0.0722423642873764
Rank:0 Epoch: [32/40], Step: [161/782], Loss: 0.10576197504997253
Rank:0 Epoch: [32/40], Step: [171/782], Loss: 0.04363285377621651
Rank:0 Epoch: [32/40], Step: [181/782], Loss: 0.22231271862983704
Rank:0 Epoch: [32/40], Step: [191/782], Loss: 0.06579886376857758
Rank:0 Epoch: [32/40], Step: [201/782], Loss: 0.1602717936038971
Rank:0 Epoch: [32/40], Step: [211/782], Loss: 0.07634884864091873
Rank:0 Epoch: [32/40], Step: [221/782], Loss: 0.13384245336055756
Rank:0 Epoch: [32/40], Step: [231/782], Loss: 0.10978582501411438
Rank:0 Epoch: [32/40], Step: [241/782], Loss: 0.09656662493944168
Rank:0 Epoch: [32/40], Step: [251/782], Loss: 0.07349532097578049
Rank:0 Epoch: [32/40], Step: [261/782], Loss: 0.04123833030462265
Rank:0 Epoch: [32/40], Step: [271/782], Loss: 0.05168507620692253
Rank:0 Epoch: [32/40], Step: [281/782], Loss: 0.07801401615142822
Rank:0 Epoch: [32/40], Step: [291/782], Loss: 0.0987907350063324
Rank:0 Epoch: [32/40], Step: [301/782], Loss: 0.07496244460344315
Rank:0 Epoch: [32/40], Step: [311/782], Loss: 0.05177262797951698
Rank:0 Epoch: [32/40], Step: [321/782], Loss: 0.0387086383998394
Rank:0 Epoch: [32/40], Step: [331/782], Loss: 0.06040990725159645
Rank:0 Epoch: [32/40], Step: [341/782], Loss: 0.0783996731042862
Rank:0 Epoch: [32/40], Step: [351/782], Loss: 0.05802811309695244
Rank:0 Epoch: [32/40], Step: [361/782], Loss: 0.04716034606099129
Rank:0 Epoch: [32/40], Step: [371/782], Loss: 0.09903022646903992
Rank:0 Epoch: [32/40], Step: [381/782], Loss: 0.08416429907083511
Rank:0 Epoch: [32/40], Step: [391/782], Loss: 0.08235248923301697
Rank:0 Epoch: [32/40], Step: [401/782], Loss: 0.06882739812135696
Rank:0 Epoch: [32/40], Step: [411/782], Loss: 0.1373521238565445
Rank:0 Epoch: [32/40], Step: [421/782], Loss: 0.09197211265563965
Rank:0 Epoch: [32/40], Step: [431/782], Loss: 0.09903696924448013
Rank:0 Epoch: [32/40], Step: [441/782], Loss: 0.055508241057395935
Rank:0 Epoch: [32/40], Step: [451/782], Loss: 0.0960453674197197
Rank:0 Epoch: [32/40], Step: [461/782], Loss: 0.0784016028046608
Rank:0 Epoch: [32/40], Step: [471/782], Loss: 0.20827040076255798
Rank:0 Epoch: [32/40], Step: [481/782], Loss: 0.0698569044470787
Rank:0 Epoch: [32/40], Step: [491/782], Loss: 0.0547763854265213
Rank:0 Epoch: [32/40], Step: [501/782], Loss: 0.15902931988239288
Rank:0 Epoch: [32/40], Step: [511/782], Loss: 0.0245002880692482
Rank:0 Epoch: [32/40], Step: [521/782], Loss: 0.0835423544049263
Rank:0 Epoch: [32/40], Step: [531/782], Loss: 0.05949345976114273
Rank:0 Epoch: [32/40], Step: [541/782], Loss: 0.05786168575286865
Rank:0 Epoch: [32/40], Step: [551/782], Loss: 0.07112644612789154
Rank:0 Epoch: [32/40], Step: [561/782], Loss: 0.12478804588317871
Rank:0 Epoch: [32/40], Step: [571/782], Loss: 0.05684975907206535
Rank:0 Epoch: [32/40], Step: [581/782], Loss: 0.08562128990888596
Rank:0 Epoch: [32/40], Step: [591/782], Loss: 0.08674944937229156
Rank:0 Epoch: [32/40], Step: [601/782], Loss: 0.08104580640792847
Rank:0 Epoch: [32/40], Step: [611/782], Loss: 0.03947436064481735
Rank:0 Epoch: [32/40], Step: [621/782], Loss: 0.09372811764478683
Rank:0 Epoch: [32/40], Step: [631/782], Loss: 0.1752152293920517
Rank:0 Epoch: [32/40], Step: [641/782], Loss: 0.13963444530963898
Rank:0 Epoch: [32/40], Step: [651/782], Loss: 0.07795770466327667
Rank:0 Epoch: [32/40], Step: [661/782], Loss: 0.07504525035619736
Rank:0 Epoch: [32/40], Step: [671/782], Loss: 0.0813194215297699
Rank:0 Epoch: [32/40], Step: [681/782], Loss: 0.020442862063646317
Rank:0 Epoch: [32/40], Step: [691/782], Loss: 0.11442333459854126
Rank:0 Epoch: [32/40], Step: [701/782], Loss: 0.024694999679923058
Rank:0 Epoch: [32/40], Step: [711/782], Loss: 0.11603570729494095
Rank:0 Epoch: [32/40], Step: [721/782], Loss: 0.11134713888168335
Rank:0 Epoch: [32/40], Step: [731/782], Loss: 0.15058259665966034
Rank:0 Epoch: [32/40], Step: [741/782], Loss: 0.09267283976078033
Rank:0 Epoch: [32/40], Step: [751/782], Loss: 0.19220119714736938
Rank:0 Epoch: [32/40], Step: [761/782], Loss: 0.0946866050362587
Rank:0 Epoch: [32/40], Step: [771/782], Loss: 0.08839119225740433
Rank:0 Epoch: [32/40], Step: [781/782], Loss: 0.0593160018324852
Current Test Acc: 0.9214
Rank:0 Epoch: [33/40], Step: [1/782], Loss: 0.107929527759552
Rank:0 Epoch: [33/40], Step: [11/782], Loss: 0.07158057391643524
Rank:0 Epoch: [33/40], Step: [21/782], Loss: 0.08218251913785934
Rank:0 Epoch: [33/40], Step: [31/782], Loss: 0.1585220843553543
Rank:0 Epoch: [33/40], Step: [41/782], Loss: 0.07889000326395035
Rank:0 Epoch: [33/40], Step: [51/782], Loss: 0.05246990919113159
Rank:0 Epoch: [33/40], Step: [61/782], Loss: 0.09867607057094574
Rank:0 Epoch: [33/40], Step: [71/782], Loss: 0.050746217370033264
Rank:0 Epoch: [33/40], Step: [81/782], Loss: 0.04753662645816803
Rank:0 Epoch: [33/40], Step: [91/782], Loss: 0.13169428706169128
Rank:0 Epoch: [33/40], Step: [101/782], Loss: 0.12759512662887573
Rank:0 Epoch: [33/40], Step: [111/782], Loss: 0.15908591449260712
Rank:0 Epoch: [33/40], Step: [121/782], Loss: 0.08552352339029312
Rank:0 Epoch: [33/40], Step: [131/782], Loss: 0.05580974370241165
Rank:0 Epoch: [33/40], Step: [141/782], Loss: 0.06768552958965302
Rank:0 Epoch: [33/40], Step: [151/782], Loss: 0.16306157410144806
Rank:0 Epoch: [33/40], Step: [161/782], Loss: 0.12647368013858795
Rank:0 Epoch: [33/40], Step: [171/782], Loss: 0.053349535912275314
Rank:0 Epoch: [33/40], Step: [181/782], Loss: 0.11226071417331696
Rank:0 Epoch: [33/40], Step: [191/782], Loss: 0.0918460562825203
Rank:0 Epoch: [33/40], Step: [201/782], Loss: 0.24454014003276825
Rank:0 Epoch: [33/40], Step: [211/782], Loss: 0.11243598163127899
Rank:0 Epoch: [33/40], Step: [221/782], Loss: 0.12644053995609283
Rank:0 Epoch: [33/40], Step: [231/782], Loss: 0.13862667977809906
Rank:0 Epoch: [33/40], Step: [241/782], Loss: 0.02192234992980957
Rank:0 Epoch: [33/40], Step: [251/782], Loss: 0.07883969694375992
Rank:0 Epoch: [33/40], Step: [261/782], Loss: 0.11706133931875229
Rank:0 Epoch: [33/40], Step: [271/782], Loss: 0.040997061878442764
Rank:0 Epoch: [33/40], Step: [281/782], Loss: 0.10334587842226028
Rank:0 Epoch: [33/40], Step: [291/782], Loss: 0.030721601098775864
Rank:0 Epoch: [33/40], Step: [301/782], Loss: 0.057215943932533264
Rank:0 Epoch: [33/40], Step: [311/782], Loss: 0.029997972771525383
Rank:0 Epoch: [33/40], Step: [321/782], Loss: 0.14746597409248352
Rank:0 Epoch: [33/40], Step: [331/782], Loss: 0.07987970113754272
Rank:0 Epoch: [33/40], Step: [341/782], Loss: 0.09632918983697891
Rank:0 Epoch: [33/40], Step: [351/782], Loss: 0.08471499383449554
Rank:0 Epoch: [33/40], Step: [361/782], Loss: 0.04890412837266922
Rank:0 Epoch: [33/40], Step: [371/782], Loss: 0.1036681979894638
Rank:0 Epoch: [33/40], Step: [381/782], Loss: 0.11684822291135788
Rank:0 Epoch: [33/40], Step: [391/782], Loss: 0.13139675557613373
Rank:0 Epoch: [33/40], Step: [401/782], Loss: 0.23033158481121063
Rank:0 Epoch: [33/40], Step: [411/782], Loss: 0.1273888796567917
Rank:0 Epoch: [33/40], Step: [421/782], Loss: 0.08450023084878922
Rank:0 Epoch: [33/40], Step: [431/782], Loss: 0.15351003408432007
Rank:0 Epoch: [33/40], Step: [441/782], Loss: 0.04028494656085968
Rank:0 Epoch: [33/40], Step: [451/782], Loss: 0.018537964671850204
Rank:0 Epoch: [33/40], Step: [461/782], Loss: 0.10192907601594925
Rank:0 Epoch: [33/40], Step: [471/782], Loss: 0.12039247155189514
Rank:0 Epoch: [33/40], Step: [481/782], Loss: 0.16006505489349365
Rank:0 Epoch: [33/40], Step: [491/782], Loss: 0.10047031939029694
Rank:0 Epoch: [33/40], Step: [501/782], Loss: 0.05977408215403557
Rank:0 Epoch: [33/40], Step: [511/782], Loss: 0.12005435675382614
Rank:0 Epoch: [33/40], Step: [521/782], Loss: 0.09588155150413513
Rank:0 Epoch: [33/40], Step: [531/782], Loss: 0.2174035757780075
Rank:0 Epoch: [33/40], Step: [541/782], Loss: 0.12793534994125366
Rank:0 Epoch: [33/40], Step: [551/782], Loss: 0.06830547004938126
Rank:0 Epoch: [33/40], Step: [561/782], Loss: 0.12721693515777588
Rank:0 Epoch: [33/40], Step: [571/782], Loss: 0.28259938955307007
Rank:0 Epoch: [33/40], Step: [581/782], Loss: 0.11685474961996078
Rank:0 Epoch: [33/40], Step: [591/782], Loss: 0.17510780692100525
Rank:0 Epoch: [33/40], Step: [601/782], Loss: 0.06703001260757446
Rank:0 Epoch: [33/40], Step: [611/782], Loss: 0.08192519843578339
Rank:0 Epoch: [33/40], Step: [621/782], Loss: 0.07362599670886993
Rank:0 Epoch: [33/40], Step: [631/782], Loss: 0.1156512051820755
Rank:0 Epoch: [33/40], Step: [641/782], Loss: 0.08088371157646179
Rank:0 Epoch: [33/40], Step: [651/782], Loss: 0.07600309699773788
Rank:0 Epoch: [33/40], Step: [661/782], Loss: 0.09324994683265686
Rank:0 Epoch: [33/40], Step: [671/782], Loss: 0.2131483256816864
Rank:0 Epoch: [33/40], Step: [681/782], Loss: 0.1988222897052765
Rank:0 Epoch: [33/40], Step: [691/782], Loss: 0.02920202538371086
Rank:0 Epoch: [33/40], Step: [701/782], Loss: 0.0521925687789917
Rank:0 Epoch: [33/40], Step: [711/782], Loss: 0.09514377266168594
Rank:0 Epoch: [33/40], Step: [721/782], Loss: 0.12958678603172302
Rank:0 Epoch: [33/40], Step: [731/782], Loss: 0.06366772204637527
Rank:0 Epoch: [33/40], Step: [741/782], Loss: 0.08447747677564621
Rank:0 Epoch: [33/40], Step: [751/782], Loss: 0.08609777688980103
Rank:0 Epoch: [33/40], Step: [761/782], Loss: 0.10268270969390869
Rank:0 Epoch: [33/40], Step: [771/782], Loss: 0.06045784801244736
Rank:0 Epoch: [33/40], Step: [781/782], Loss: 0.08353124558925629
Current Test Acc: 0.9224
Rank:0 Epoch: [34/40], Step: [1/782], Loss: 0.09970579296350479
Rank:0 Epoch: [34/40], Step: [11/782], Loss: 0.21130302548408508
Rank:0 Epoch: [34/40], Step: [21/782], Loss: 0.15153688192367554
Rank:0 Epoch: [34/40], Step: [31/782], Loss: 0.11411600559949875
Rank:0 Epoch: [34/40], Step: [41/782], Loss: 0.1404261291027069
Rank:0 Epoch: [34/40], Step: [51/782], Loss: 0.07154887169599533
Rank:0 Epoch: [34/40], Step: [61/782], Loss: 0.08543512970209122
Rank:0 Epoch: [34/40], Step: [71/782], Loss: 0.05354849249124527
Rank:0 Epoch: [34/40], Step: [81/782], Loss: 0.052964095026254654
Rank:0 Epoch: [34/40], Step: [91/782], Loss: 0.02442682348191738
Rank:0 Epoch: [34/40], Step: [101/782], Loss: 0.04512391239404678
Rank:0 Epoch: [34/40], Step: [111/782], Loss: 0.07475963979959488
Rank:0 Epoch: [34/40], Step: [121/782], Loss: 0.17161768674850464
Rank:0 Epoch: [34/40], Step: [131/782], Loss: 0.11568301916122437
Rank:0 Epoch: [34/40], Step: [141/782], Loss: 0.14696265757083893
Rank:0 Epoch: [34/40], Step: [151/782], Loss: 0.06553157418966293
Rank:0 Epoch: [34/40], Step: [161/782], Loss: 0.1345949023962021
Rank:0 Epoch: [34/40], Step: [171/782], Loss: 0.24300827085971832
Rank:0 Epoch: [34/40], Step: [181/782], Loss: 0.1059490442276001
Rank:0 Epoch: [34/40], Step: [191/782], Loss: 0.06009140983223915
Rank:0 Epoch: [34/40], Step: [201/782], Loss: 0.09032925218343735
Rank:0 Epoch: [34/40], Step: [211/782], Loss: 0.12364092469215393
Rank:0 Epoch: [34/40], Step: [221/782], Loss: 0.05262008309364319
Rank:0 Epoch: [34/40], Step: [231/782], Loss: 0.07214272767305374
Rank:0 Epoch: [34/40], Step: [241/782], Loss: 0.0487680546939373
Rank:0 Epoch: [34/40], Step: [251/782], Loss: 0.14480821788311005
Rank:0 Epoch: [34/40], Step: [261/782], Loss: 0.11879806220531464
Rank:0 Epoch: [34/40], Step: [271/782], Loss: 0.11397422105073929
Rank:0 Epoch: [34/40], Step: [281/782], Loss: 0.13389599323272705
Rank:0 Epoch: [34/40], Step: [291/782], Loss: 0.09989587962627411
Rank:0 Epoch: [34/40], Step: [301/782], Loss: 0.14564526081085205
Rank:0 Epoch: [34/40], Step: [311/782], Loss: 0.13298402726650238
Rank:0 Epoch: [34/40], Step: [321/782], Loss: 0.10532502084970474
Rank:0 Epoch: [34/40], Step: [331/782], Loss: 0.11172329634428024
Rank:0 Epoch: [34/40], Step: [341/782], Loss: 0.08266831189393997
Rank:0 Epoch: [34/40], Step: [351/782], Loss: 0.08211900293827057
Rank:0 Epoch: [34/40], Step: [361/782], Loss: 0.03003513626754284
Rank:0 Epoch: [34/40], Step: [371/782], Loss: 0.09002747386693954
Rank:0 Epoch: [34/40], Step: [381/782], Loss: 0.11918868869543076
Rank:0 Epoch: [34/40], Step: [391/782], Loss: 0.08990930765867233
Rank:0 Epoch: [34/40], Step: [401/782], Loss: 0.027271529659628868
Rank:0 Epoch: [34/40], Step: [411/782], Loss: 0.06911031156778336
Rank:0 Epoch: [34/40], Step: [421/782], Loss: 0.08899568766355515
Rank:0 Epoch: [34/40], Step: [431/782], Loss: 0.1094878762960434
Rank:0 Epoch: [34/40], Step: [441/782], Loss: 0.1543778032064438
Rank:0 Epoch: [34/40], Step: [451/782], Loss: 0.06592153012752533
Rank:0 Epoch: [34/40], Step: [461/782], Loss: 0.04641822353005409
Rank:0 Epoch: [34/40], Step: [471/782], Loss: 0.029551800340414047
Rank:0 Epoch: [34/40], Step: [481/782], Loss: 0.1616242676973343
Rank:0 Epoch: [34/40], Step: [491/782], Loss: 0.04068511724472046
Rank:0 Epoch: [34/40], Step: [501/782], Loss: 0.06468482315540314
Rank:0 Epoch: [34/40], Step: [511/782], Loss: 0.057297587394714355
Rank:0 Epoch: [34/40], Step: [521/782], Loss: 0.037630002945661545
Rank:0 Epoch: [34/40], Step: [531/782], Loss: 0.13224011659622192
Rank:0 Epoch: [34/40], Step: [541/782], Loss: 0.08828049153089523
Rank:0 Epoch: [34/40], Step: [551/782], Loss: 0.05193033814430237
Rank:0 Epoch: [34/40], Step: [561/782], Loss: 0.06369691342115402
Rank:0 Epoch: [34/40], Step: [571/782], Loss: 0.07302176207304001
Rank:0 Epoch: [34/40], Step: [581/782], Loss: 0.1080491691827774
Rank:0 Epoch: [34/40], Step: [591/782], Loss: 0.12750744819641113
Rank:0 Epoch: [34/40], Step: [601/782], Loss: 0.09407547116279602
Rank:0 Epoch: [34/40], Step: [611/782], Loss: 0.08829645812511444
Rank:0 Epoch: [34/40], Step: [621/782], Loss: 0.11932510137557983
Rank:0 Epoch: [34/40], Step: [631/782], Loss: 0.10720415413379669
Rank:0 Epoch: [34/40], Step: [641/782], Loss: 0.046474263072013855
Rank:0 Epoch: [34/40], Step: [651/782], Loss: 0.1332075595855713
Rank:0 Epoch: [34/40], Step: [661/782], Loss: 0.25296667218208313
Rank:0 Epoch: [34/40], Step: [671/782], Loss: 0.047101955860853195
Rank:0 Epoch: [34/40], Step: [681/782], Loss: 0.15006376802921295
Rank:0 Epoch: [34/40], Step: [691/782], Loss: 0.09179035574197769
Rank:0 Epoch: [34/40], Step: [701/782], Loss: 0.042071327567100525
Rank:0 Epoch: [34/40], Step: [711/782], Loss: 0.05981859564781189
Rank:0 Epoch: [34/40], Step: [721/782], Loss: 0.043013766407966614
Rank:0 Epoch: [34/40], Step: [731/782], Loss: 0.06195627525448799
Rank:0 Epoch: [34/40], Step: [741/782], Loss: 0.07646921277046204
Rank:0 Epoch: [34/40], Step: [751/782], Loss: 0.04250708967447281
Rank:0 Epoch: [34/40], Step: [761/782], Loss: 0.10995876789093018
Rank:0 Epoch: [34/40], Step: [771/782], Loss: 0.061960332095623016
Rank:0 Epoch: [34/40], Step: [781/782], Loss: 0.1322716772556305
Current Test Acc: 0.9214
Rank:0 Epoch: [35/40], Step: [1/782], Loss: 0.022998789325356483
Rank:0 Epoch: [35/40], Step: [11/782], Loss: 0.08113338053226471
Rank:0 Epoch: [35/40], Step: [21/782], Loss: 0.0368584468960762
Rank:0 Epoch: [35/40], Step: [31/782], Loss: 0.06682539731264114
Rank:0 Epoch: [35/40], Step: [41/782], Loss: 0.14852581918239594
Rank:0 Epoch: [35/40], Step: [51/782], Loss: 0.06989531964063644
Rank:0 Epoch: [35/40], Step: [61/782], Loss: 0.06352321058511734
Rank:0 Epoch: [35/40], Step: [71/782], Loss: 0.051452163606882095
Rank:0 Epoch: [35/40], Step: [81/782], Loss: 0.10629700869321823
Rank:0 Epoch: [35/40], Step: [91/782], Loss: 0.03320859372615814
Rank:0 Epoch: [35/40], Step: [101/782], Loss: 0.0464322492480278
Rank:0 Epoch: [35/40], Step: [111/782], Loss: 0.13831353187561035
Rank:0 Epoch: [35/40], Step: [121/782], Loss: 0.09054934233427048
Rank:0 Epoch: [35/40], Step: [131/782], Loss: 0.15761177241802216
Rank:0 Epoch: [35/40], Step: [141/782], Loss: 0.11901045590639114
Rank:0 Epoch: [35/40], Step: [151/782], Loss: 0.08102104812860489
Rank:0 Epoch: [35/40], Step: [161/782], Loss: 0.09329715371131897
Rank:0 Epoch: [35/40], Step: [171/782], Loss: 0.058205921202898026
Rank:0 Epoch: [35/40], Step: [181/782], Loss: 0.10930600762367249
Rank:0 Epoch: [35/40], Step: [191/782], Loss: 0.03535490855574608
Rank:0 Epoch: [35/40], Step: [201/782], Loss: 0.11975052952766418
Rank:0 Epoch: [35/40], Step: [211/782], Loss: 0.09800149500370026
Rank:0 Epoch: [35/40], Step: [221/782], Loss: 0.07919343560934067
Rank:0 Epoch: [35/40], Step: [231/782], Loss: 0.051202356815338135
Rank:0 Epoch: [35/40], Step: [241/782], Loss: 0.11091607064008713
Rank:0 Epoch: [35/40], Step: [251/782], Loss: 0.04618605226278305
Rank:0 Epoch: [35/40], Step: [261/782], Loss: 0.0600220188498497
Rank:0 Epoch: [35/40], Step: [271/782], Loss: 0.13901644945144653
Rank:0 Epoch: [35/40], Step: [281/782], Loss: 0.10413570702075958
Rank:0 Epoch: [35/40], Step: [291/782], Loss: 0.0837099701166153
Rank:0 Epoch: [35/40], Step: [301/782], Loss: 0.07716915011405945
Rank:0 Epoch: [35/40], Step: [311/782], Loss: 0.08399885147809982
Rank:0 Epoch: [35/40], Step: [321/782], Loss: 0.10972446948289871
Rank:0 Epoch: [35/40], Step: [331/782], Loss: 0.08329425007104874
Rank:0 Epoch: [35/40], Step: [341/782], Loss: 0.050902076065540314
Rank:0 Epoch: [35/40], Step: [351/782], Loss: 0.20109465718269348
Rank:0 Epoch: [35/40], Step: [361/782], Loss: 0.09449012577533722
Rank:0 Epoch: [35/40], Step: [371/782], Loss: 0.09801362454891205
Rank:0 Epoch: [35/40], Step: [381/782], Loss: 0.042045626789331436
Rank:0 Epoch: [35/40], Step: [391/782], Loss: 0.09823764860630035
Rank:0 Epoch: [35/40], Step: [401/782], Loss: 0.11485230922698975
Rank:0 Epoch: [35/40], Step: [411/782], Loss: 0.1432635486125946
Rank:0 Epoch: [35/40], Step: [421/782], Loss: 0.07316173613071442
Rank:0 Epoch: [35/40], Step: [431/782], Loss: 0.08819469809532166
Rank:0 Epoch: [35/40], Step: [441/782], Loss: 0.12572768330574036
Rank:0 Epoch: [35/40], Step: [451/782], Loss: 0.07939689606428146
Rank:0 Epoch: [35/40], Step: [461/782], Loss: 0.1311100423336029
Rank:0 Epoch: [35/40], Step: [471/782], Loss: 0.07006286829710007
Rank:0 Epoch: [35/40], Step: [481/782], Loss: 0.03185046464204788
Rank:0 Epoch: [35/40], Step: [491/782], Loss: 0.023610416799783707
Rank:0 Epoch: [35/40], Step: [501/782], Loss: 0.09817124158143997
Rank:0 Epoch: [35/40], Step: [511/782], Loss: 0.14908502995967865
Rank:0 Epoch: [35/40], Step: [521/782], Loss: 0.056046582758426666
Rank:0 Epoch: [35/40], Step: [531/782], Loss: 0.10821942985057831
Rank:0 Epoch: [35/40], Step: [541/782], Loss: 0.11979429423809052
Rank:0 Epoch: [35/40], Step: [551/782], Loss: 0.05287535861134529
Rank:0 Epoch: [35/40], Step: [561/782], Loss: 0.07625129073858261
Rank:0 Epoch: [35/40], Step: [571/782], Loss: 0.08980821073055267
Rank:0 Epoch: [35/40], Step: [581/782], Loss: 0.0730644091963768
Rank:0 Epoch: [35/40], Step: [591/782], Loss: 0.08347435295581818
Rank:0 Epoch: [35/40], Step: [601/782], Loss: 0.06921686232089996
Rank:0 Epoch: [35/40], Step: [611/782], Loss: 0.08285683393478394
Rank:0 Epoch: [35/40], Step: [621/782], Loss: 0.09083742648363113
Rank:0 Epoch: [35/40], Step: [631/782], Loss: 0.05581867694854736
Rank:0 Epoch: [35/40], Step: [641/782], Loss: 0.04843278229236603
Rank:0 Epoch: [35/40], Step: [651/782], Loss: 0.0717800036072731
Rank:0 Epoch: [35/40], Step: [661/782], Loss: 0.05096276104450226
Rank:0 Epoch: [35/40], Step: [671/782], Loss: 0.04541537165641785
Rank:0 Epoch: [35/40], Step: [681/782], Loss: 0.3398057818412781
Rank:0 Epoch: [35/40], Step: [691/782], Loss: 0.1393609642982483
Rank:0 Epoch: [35/40], Step: [701/782], Loss: 0.040014807134866714
Rank:0 Epoch: [35/40], Step: [711/782], Loss: 0.17571242153644562
Rank:0 Epoch: [35/40], Step: [721/782], Loss: 0.03633377328515053
Rank:0 Epoch: [35/40], Step: [731/782], Loss: 0.1096976026892662
Rank:0 Epoch: [35/40], Step: [741/782], Loss: 0.20460623502731323
Rank:0 Epoch: [35/40], Step: [751/782], Loss: 0.1122138500213623
Rank:0 Epoch: [35/40], Step: [761/782], Loss: 0.1113632470369339
Rank:0 Epoch: [35/40], Step: [771/782], Loss: 0.26749691367149353
Rank:0 Epoch: [35/40], Step: [781/782], Loss: 0.12048415839672089
Current Test Acc: 0.9206
Rank:0 Epoch: [36/40], Step: [1/782], Loss: 0.0873539000749588
Rank:0 Epoch: [36/40], Step: [11/782], Loss: 0.05560588836669922
Rank:0 Epoch: [36/40], Step: [21/782], Loss: 0.14778155088424683
Rank:0 Epoch: [36/40], Step: [31/782], Loss: 0.09965713322162628
Rank:0 Epoch: [36/40], Step: [41/782], Loss: 0.13543745875358582
Rank:0 Epoch: [36/40], Step: [51/782], Loss: 0.0945664718747139
Rank:0 Epoch: [36/40], Step: [61/782], Loss: 0.11578643321990967
Rank:0 Epoch: [36/40], Step: [71/782], Loss: 0.14458723366260529
Rank:0 Epoch: [36/40], Step: [81/782], Loss: 0.1344827264547348
Rank:0 Epoch: [36/40], Step: [91/782], Loss: 0.052726902067661285
Rank:0 Epoch: [36/40], Step: [101/782], Loss: 0.08212683349847794
Rank:0 Epoch: [36/40], Step: [111/782], Loss: 0.15400514006614685
Rank:0 Epoch: [36/40], Step: [121/782], Loss: 0.11679984629154205
Rank:0 Epoch: [36/40], Step: [131/782], Loss: 0.09661884605884552
Rank:0 Epoch: [36/40], Step: [141/782], Loss: 0.13047468662261963
Rank:0 Epoch: [36/40], Step: [151/782], Loss: 0.09342851489782333
Rank:0 Epoch: [36/40], Step: [161/782], Loss: 0.03924410417675972
Rank:0 Epoch: [36/40], Step: [171/782], Loss: 0.11399360001087189
Rank:0 Epoch: [36/40], Step: [181/782], Loss: 0.1434890478849411
Rank:0 Epoch: [36/40], Step: [191/782], Loss: 0.11208129674196243
Rank:0 Epoch: [36/40], Step: [201/782], Loss: 0.05929860100150108
Rank:0 Epoch: [36/40], Step: [211/782], Loss: 0.08790266513824463
Rank:0 Epoch: [36/40], Step: [221/782], Loss: 0.038653258234262466
Rank:0 Epoch: [36/40], Step: [231/782], Loss: 0.06485557556152344
Rank:0 Epoch: [36/40], Step: [241/782], Loss: 0.02475104294717312
Rank:0 Epoch: [36/40], Step: [251/782], Loss: 0.14285238087177277
Rank:0 Epoch: [36/40], Step: [261/782], Loss: 0.10281985253095627
Rank:0 Epoch: [36/40], Step: [271/782], Loss: 0.10948612540960312
Rank:0 Epoch: [36/40], Step: [281/782], Loss: 0.14389929175376892
Rank:0 Epoch: [36/40], Step: [291/782], Loss: 0.1513110101222992
Rank:0 Epoch: [36/40], Step: [301/782], Loss: 0.13684125244617462
Rank:0 Epoch: [36/40], Step: [311/782], Loss: 0.04403366148471832
Rank:0 Epoch: [36/40], Step: [321/782], Loss: 0.06516482681035995
Rank:0 Epoch: [36/40], Step: [331/782], Loss: 0.08730922639369965
Rank:0 Epoch: [36/40], Step: [341/782], Loss: 0.10366523265838623
Rank:0 Epoch: [36/40], Step: [351/782], Loss: 0.04651143401861191
Rank:0 Epoch: [36/40], Step: [361/782], Loss: 0.053111184388399124
Rank:0 Epoch: [36/40], Step: [371/782], Loss: 0.07037656009197235
Rank:0 Epoch: [36/40], Step: [381/782], Loss: 0.03982746601104736
Rank:0 Epoch: [36/40], Step: [391/782], Loss: 0.09540976583957672
Rank:0 Epoch: [36/40], Step: [401/782], Loss: 0.08238312602043152
Rank:0 Epoch: [36/40], Step: [411/782], Loss: 0.054038312286138535
Rank:0 Epoch: [36/40], Step: [421/782], Loss: 0.1350419670343399
Rank:0 Epoch: [36/40], Step: [431/782], Loss: 0.17331528663635254
Rank:0 Epoch: [36/40], Step: [441/782], Loss: 0.05794191733002663
Rank:0 Epoch: [36/40], Step: [451/782], Loss: 0.03703488036990166
Rank:0 Epoch: [36/40], Step: [461/782], Loss: 0.054863713681697845
Rank:0 Epoch: [36/40], Step: [471/782], Loss: 0.09310562163591385
Rank:0 Epoch: [36/40], Step: [481/782], Loss: 0.11216332763433456
Rank:0 Epoch: [36/40], Step: [491/782], Loss: 0.08106586337089539
Rank:0 Epoch: [36/40], Step: [501/782], Loss: 0.07303640991449356
Rank:0 Epoch: [36/40], Step: [511/782], Loss: 0.11083919554948807
Rank:0 Epoch: [36/40], Step: [521/782], Loss: 0.09515629708766937
Rank:0 Epoch: [36/40], Step: [531/782], Loss: 0.1430717557668686
Rank:0 Epoch: [36/40], Step: [541/782], Loss: 0.05728472024202347
Rank:0 Epoch: [36/40], Step: [551/782], Loss: 0.12888707220554352
Rank:0 Epoch: [36/40], Step: [561/782], Loss: 0.10913306474685669
Rank:0 Epoch: [36/40], Step: [571/782], Loss: 0.13365979492664337
Rank:0 Epoch: [36/40], Step: [581/782], Loss: 0.08751499652862549
Rank:0 Epoch: [36/40], Step: [591/782], Loss: 0.08454281091690063
Rank:0 Epoch: [36/40], Step: [601/782], Loss: 0.03593694418668747
Rank:0 Epoch: [36/40], Step: [611/782], Loss: 0.09320034831762314
Rank:0 Epoch: [36/40], Step: [621/782], Loss: 0.1247497946023941
Rank:0 Epoch: [36/40], Step: [631/782], Loss: 0.03135340288281441
Rank:0 Epoch: [36/40], Step: [641/782], Loss: 0.09679281711578369
Rank:0 Epoch: [36/40], Step: [651/782], Loss: 0.1761266440153122
Rank:0 Epoch: [36/40], Step: [661/782], Loss: 0.15601417422294617
Rank:0 Epoch: [36/40], Step: [671/782], Loss: 0.051245011389255524
Rank:0 Epoch: [36/40], Step: [681/782], Loss: 0.03486322984099388
Rank:0 Epoch: [36/40], Step: [691/782], Loss: 0.09323204308748245
Rank:0 Epoch: [36/40], Step: [701/782], Loss: 0.024344000965356827
Rank:0 Epoch: [36/40], Step: [711/782], Loss: 0.11972376704216003
Rank:0 Epoch: [36/40], Step: [721/782], Loss: 0.09085796773433685
Rank:0 Epoch: [36/40], Step: [731/782], Loss: 0.036624595522880554
Rank:0 Epoch: [36/40], Step: [741/782], Loss: 0.09151860326528549
Rank:0 Epoch: [36/40], Step: [751/782], Loss: 0.18863320350646973
Rank:0 Epoch: [36/40], Step: [761/782], Loss: 0.05586979538202286
Rank:0 Epoch: [36/40], Step: [771/782], Loss: 0.13166500627994537
Rank:0 Epoch: [36/40], Step: [781/782], Loss: 0.07291014492511749
Current Test Acc: 0.9201
Rank:0 Epoch: [37/40], Step: [1/782], Loss: 0.07574670761823654
Rank:0 Epoch: [37/40], Step: [11/782], Loss: 0.10563412308692932
Rank:0 Epoch: [37/40], Step: [21/782], Loss: 0.0181601382791996
Rank:0 Epoch: [37/40], Step: [31/782], Loss: 0.06720776855945587
Rank:0 Epoch: [37/40], Step: [41/782], Loss: 0.09867862612009048
Rank:0 Epoch: [37/40], Step: [51/782], Loss: 0.14834770560264587
Rank:0 Epoch: [37/40], Step: [61/782], Loss: 0.1287522166967392
Rank:0 Epoch: [37/40], Step: [71/782], Loss: 0.050351373851299286
Rank:0 Epoch: [37/40], Step: [81/782], Loss: 0.052854567766189575
Rank:0 Epoch: [37/40], Step: [91/782], Loss: 0.11116448789834976
Rank:0 Epoch: [37/40], Step: [101/782], Loss: 0.08423281461000443
Rank:0 Epoch: [37/40], Step: [111/782], Loss: 0.10712841153144836
Rank:0 Epoch: [37/40], Step: [121/782], Loss: 0.08627257496118546
Rank:0 Epoch: [37/40], Step: [131/782], Loss: 0.04368768632411957
Rank:0 Epoch: [37/40], Step: [141/782], Loss: 0.1057959496974945
Rank:0 Epoch: [37/40], Step: [151/782], Loss: 0.10559245198965073
Rank:0 Epoch: [37/40], Step: [161/782], Loss: 0.055605217814445496
Rank:0 Epoch: [37/40], Step: [171/782], Loss: 0.09693096578121185
Rank:0 Epoch: [37/40], Step: [181/782], Loss: 0.09616789221763611
Rank:0 Epoch: [37/40], Step: [191/782], Loss: 0.23396912217140198
Rank:0 Epoch: [37/40], Step: [201/782], Loss: 0.062496695667505264
Rank:0 Epoch: [37/40], Step: [211/782], Loss: 0.07128158956766129
Rank:0 Epoch: [37/40], Step: [221/782], Loss: 0.09783580899238586
Rank:0 Epoch: [37/40], Step: [231/782], Loss: 0.06686701625585556
Rank:0 Epoch: [37/40], Step: [241/782], Loss: 0.06065948307514191
Rank:0 Epoch: [37/40], Step: [251/782], Loss: 0.2508573532104492
Rank:0 Epoch: [37/40], Step: [261/782], Loss: 0.06954016536474228
Rank:0 Epoch: [37/40], Step: [271/782], Loss: 0.09349691867828369
Rank:0 Epoch: [37/40], Step: [281/782], Loss: 0.061856962740421295
Rank:0 Epoch: [37/40], Step: [291/782], Loss: 0.22112810611724854
Rank:0 Epoch: [37/40], Step: [301/782], Loss: 0.029171669855713844
Rank:0 Epoch: [37/40], Step: [311/782], Loss: 0.1360219269990921
Rank:0 Epoch: [37/40], Step: [321/782], Loss: 0.17121414840221405
Rank:0 Epoch: [37/40], Step: [331/782], Loss: 0.1720578968524933
Rank:0 Epoch: [37/40], Step: [341/782], Loss: 0.04689324274659157
Rank:0 Epoch: [37/40], Step: [351/782], Loss: 0.0467432402074337
Rank:0 Epoch: [37/40], Step: [361/782], Loss: 0.04406857118010521
Rank:0 Epoch: [37/40], Step: [371/782], Loss: 0.07122138142585754
Rank:0 Epoch: [37/40], Step: [381/782], Loss: 0.07673363387584686
Rank:0 Epoch: [37/40], Step: [391/782], Loss: 0.062291741371154785
Rank:0 Epoch: [37/40], Step: [401/782], Loss: 0.1442236453294754
Rank:0 Epoch: [37/40], Step: [411/782], Loss: 0.07967182993888855
Rank:0 Epoch: [37/40], Step: [421/782], Loss: 0.0750531256198883
Rank:0 Epoch: [37/40], Step: [431/782], Loss: 0.04414406046271324
Rank:0 Epoch: [37/40], Step: [441/782], Loss: 0.12577642500400543
Rank:0 Epoch: [37/40], Step: [451/782], Loss: 0.031871262937784195
Rank:0 Epoch: [37/40], Step: [461/782], Loss: 0.09933384507894516
Rank:0 Epoch: [37/40], Step: [471/782], Loss: 0.09048571437597275
Rank:0 Epoch: [37/40], Step: [481/782], Loss: 0.1701119989156723
Rank:0 Epoch: [37/40], Step: [491/782], Loss: 0.07182656228542328
Rank:0 Epoch: [37/40], Step: [501/782], Loss: 0.06458120048046112
Rank:0 Epoch: [37/40], Step: [511/782], Loss: 0.1472935974597931
Rank:0 Epoch: [37/40], Step: [521/782], Loss: 0.08004322648048401
Rank:0 Epoch: [37/40], Step: [531/782], Loss: 0.13322587311267853
Rank:0 Epoch: [37/40], Step: [541/782], Loss: 0.1163988709449768
Rank:0 Epoch: [37/40], Step: [551/782], Loss: 0.09037023037672043
Rank:0 Epoch: [37/40], Step: [561/782], Loss: 0.0982830822467804
Rank:0 Epoch: [37/40], Step: [571/782], Loss: 0.07465849071741104
Rank:0 Epoch: [37/40], Step: [581/782], Loss: 0.11928893625736237
Rank:0 Epoch: [37/40], Step: [591/782], Loss: 0.04825666546821594
Rank:0 Epoch: [37/40], Step: [601/782], Loss: 0.11575515568256378
Rank:0 Epoch: [37/40], Step: [611/782], Loss: 0.12033665180206299
Rank:0 Epoch: [37/40], Step: [621/782], Loss: 0.1411338448524475
Rank:0 Epoch: [37/40], Step: [631/782], Loss: 0.09663659334182739
Rank:0 Epoch: [37/40], Step: [641/782], Loss: 0.024014119058847427
Rank:0 Epoch: [37/40], Step: [651/782], Loss: 0.15475688874721527
Rank:0 Epoch: [37/40], Step: [661/782], Loss: 0.15128208696842194
Rank:0 Epoch: [37/40], Step: [671/782], Loss: 0.10631448775529861
Rank:0 Epoch: [37/40], Step: [681/782], Loss: 0.08080638200044632
Rank:0 Epoch: [37/40], Step: [691/782], Loss: 0.07410696893930435
Rank:0 Epoch: [37/40], Step: [701/782], Loss: 0.08075264096260071
Rank:0 Epoch: [37/40], Step: [711/782], Loss: 0.04128175228834152
Rank:0 Epoch: [37/40], Step: [721/782], Loss: 0.06989528983831406
Rank:0 Epoch: [37/40], Step: [731/782], Loss: 0.12134771049022675
Rank:0 Epoch: [37/40], Step: [741/782], Loss: 0.08305548876523972
Rank:0 Epoch: [37/40], Step: [751/782], Loss: 0.07493149489164352
Rank:0 Epoch: [37/40], Step: [761/782], Loss: 0.01764839142560959
Rank:0 Epoch: [37/40], Step: [771/782], Loss: 0.06530765444040298
Rank:0 Epoch: [37/40], Step: [781/782], Loss: 0.05788159742951393
Current Test Acc: 0.9212
Rank:0 Epoch: [38/40], Step: [1/782], Loss: 0.10372237116098404
Rank:0 Epoch: [38/40], Step: [11/782], Loss: 0.06471230834722519
Rank:0 Epoch: [38/40], Step: [21/782], Loss: 0.04405071958899498
Rank:0 Epoch: [38/40], Step: [31/782], Loss: 0.04744085669517517
Rank:0 Epoch: [38/40], Step: [41/782], Loss: 0.029637577012181282
Rank:0 Epoch: [38/40], Step: [51/782], Loss: 0.1129160150885582
Rank:0 Epoch: [38/40], Step: [61/782], Loss: 0.037851087749004364
Rank:0 Epoch: [38/40], Step: [71/782], Loss: 0.13574618101119995
Rank:0 Epoch: [38/40], Step: [81/782], Loss: 0.19057367742061615
Rank:0 Epoch: [38/40], Step: [91/782], Loss: 0.09097802639007568
Rank:0 Epoch: [38/40], Step: [101/782], Loss: 0.07557825744152069
Rank:0 Epoch: [38/40], Step: [111/782], Loss: 0.13098670542240143
Rank:0 Epoch: [38/40], Step: [121/782], Loss: 0.08932605385780334
Rank:0 Epoch: [38/40], Step: [131/782], Loss: 0.08756551891565323
Rank:0 Epoch: [38/40], Step: [141/782], Loss: 0.014651241712272167
Rank:0 Epoch: [38/40], Step: [151/782], Loss: 0.072923943400383
Rank:0 Epoch: [38/40], Step: [161/782], Loss: 0.05946183577179909
Rank:0 Epoch: [38/40], Step: [171/782], Loss: 0.08620106428861618
Rank:0 Epoch: [38/40], Step: [181/782], Loss: 0.08721641451120377
Rank:0 Epoch: [38/40], Step: [191/782], Loss: 0.0965595468878746
Rank:0 Epoch: [38/40], Step: [201/782], Loss: 0.11388272047042847
Rank:0 Epoch: [38/40], Step: [211/782], Loss: 0.13797935843467712
Rank:0 Epoch: [38/40], Step: [221/782], Loss: 0.11922261118888855
Rank:0 Epoch: [38/40], Step: [231/782], Loss: 0.13927626609802246
Rank:0 Epoch: [38/40], Step: [241/782], Loss: 0.04223964735865593
Rank:0 Epoch: [38/40], Step: [251/782], Loss: 0.036092255264520645
Rank:0 Epoch: [38/40], Step: [261/782], Loss: 0.06907068938016891
Rank:0 Epoch: [38/40], Step: [271/782], Loss: 0.07946525514125824
Rank:0 Epoch: [38/40], Step: [281/782], Loss: 0.06687089055776596
Rank:0 Epoch: [38/40], Step: [291/782], Loss: 0.1162453293800354
Rank:0 Epoch: [38/40], Step: [301/782], Loss: 0.13838183879852295
Rank:0 Epoch: [38/40], Step: [311/782], Loss: 0.16017358005046844
Rank:0 Epoch: [38/40], Step: [321/782], Loss: 0.11315945535898209
Rank:0 Epoch: [38/40], Step: [331/782], Loss: 0.06973331421613693
Rank:0 Epoch: [38/40], Step: [341/782], Loss: 0.11779848486185074
Rank:0 Epoch: [38/40], Step: [351/782], Loss: 0.021742327138781548
Rank:0 Epoch: [38/40], Step: [361/782], Loss: 0.1025598794221878
Rank:0 Epoch: [38/40], Step: [371/782], Loss: 0.02783825434744358
Rank:0 Epoch: [38/40], Step: [381/782], Loss: 0.036200568079948425
Rank:0 Epoch: [38/40], Step: [391/782], Loss: 0.10226719081401825
Rank:0 Epoch: [38/40], Step: [401/782], Loss: 0.035071779042482376
Rank:0 Epoch: [38/40], Step: [411/782], Loss: 0.1090451031923294
Rank:0 Epoch: [38/40], Step: [421/782], Loss: 0.09649217873811722
Rank:0 Epoch: [38/40], Step: [431/782], Loss: 0.07548970729112625
Rank:0 Epoch: [38/40], Step: [441/782], Loss: 0.09360463917255402
Rank:0 Epoch: [38/40], Step: [451/782], Loss: 0.03255927562713623
Rank:0 Epoch: [38/40], Step: [461/782], Loss: 0.06627483665943146
Rank:0 Epoch: [38/40], Step: [471/782], Loss: 0.03998178988695145
Rank:0 Epoch: [38/40], Step: [481/782], Loss: 0.25946295261383057
Rank:0 Epoch: [38/40], Step: [491/782], Loss: 0.07491275668144226
Rank:0 Epoch: [38/40], Step: [501/782], Loss: 0.10482414066791534
Rank:0 Epoch: [38/40], Step: [511/782], Loss: 0.11067507416009903
Rank:0 Epoch: [38/40], Step: [521/782], Loss: 0.05278388783335686
Rank:0 Epoch: [38/40], Step: [531/782], Loss: 0.04061655327677727
Rank:0 Epoch: [38/40], Step: [541/782], Loss: 0.04172314703464508
Rank:0 Epoch: [38/40], Step: [551/782], Loss: 0.07266070693731308
Rank:0 Epoch: [38/40], Step: [561/782], Loss: 0.04107009246945381
Rank:0 Epoch: [38/40], Step: [571/782], Loss: 0.10164687037467957
Rank:0 Epoch: [38/40], Step: [581/782], Loss: 0.04303283989429474
Rank:0 Epoch: [38/40], Step: [591/782], Loss: 0.04949735477566719
Rank:0 Epoch: [38/40], Step: [601/782], Loss: 0.09337325394153595
Rank:0 Epoch: [38/40], Step: [611/782], Loss: 0.07186098396778107
Rank:0 Epoch: [38/40], Step: [621/782], Loss: 0.12412934750318527
Rank:0 Epoch: [38/40], Step: [631/782], Loss: 0.15695515275001526
Rank:0 Epoch: [38/40], Step: [641/782], Loss: 0.07948923856019974
Rank:0 Epoch: [38/40], Step: [651/782], Loss: 0.07808392494916916
Rank:0 Epoch: [38/40], Step: [661/782], Loss: 0.15119804441928864
Rank:0 Epoch: [38/40], Step: [671/782], Loss: 0.06043664366006851
Rank:0 Epoch: [38/40], Step: [681/782], Loss: 0.09709388017654419
Rank:0 Epoch: [38/40], Step: [691/782], Loss: 0.1258433759212494
Rank:0 Epoch: [38/40], Step: [701/782], Loss: 0.12297064810991287
Rank:0 Epoch: [38/40], Step: [711/782], Loss: 0.06682273745536804
Rank:0 Epoch: [38/40], Step: [721/782], Loss: 0.07966569811105728
Rank:0 Epoch: [38/40], Step: [731/782], Loss: 0.0639420747756958
Rank:0 Epoch: [38/40], Step: [741/782], Loss: 0.029408719390630722
Rank:0 Epoch: [38/40], Step: [751/782], Loss: 0.13357466459274292
Rank:0 Epoch: [38/40], Step: [761/782], Loss: 0.040749285370111465
Rank:0 Epoch: [38/40], Step: [771/782], Loss: 0.13831156492233276
Rank:0 Epoch: [38/40], Step: [781/782], Loss: 0.06930992752313614
Current Test Acc: 0.9204
Rank:0 Epoch: [39/40], Step: [1/782], Loss: 0.08211904019117355
Rank:0 Epoch: [39/40], Step: [11/782], Loss: 0.04796779155731201
Rank:0 Epoch: [39/40], Step: [21/782], Loss: 0.11012469232082367
Rank:0 Epoch: [39/40], Step: [31/782], Loss: 0.11862833797931671
Rank:0 Epoch: [39/40], Step: [41/782], Loss: 0.06241035833954811
Rank:0 Epoch: [39/40], Step: [51/782], Loss: 0.06141727790236473
Rank:0 Epoch: [39/40], Step: [61/782], Loss: 0.10825234651565552
Rank:0 Epoch: [39/40], Step: [71/782], Loss: 0.0790666863322258
Rank:0 Epoch: [39/40], Step: [81/782], Loss: 0.13686250150203705
Rank:0 Epoch: [39/40], Step: [91/782], Loss: 0.13029268383979797
Rank:0 Epoch: [39/40], Step: [101/782], Loss: 0.06569334119558334
Rank:0 Epoch: [39/40], Step: [111/782], Loss: 0.09303171187639236
Rank:0 Epoch: [39/40], Step: [121/782], Loss: 0.029096823185682297
Rank:0 Epoch: [39/40], Step: [131/782], Loss: 0.11188039183616638
Rank:0 Epoch: [39/40], Step: [141/782], Loss: 0.11395496129989624
Rank:0 Epoch: [39/40], Step: [151/782], Loss: 0.05110744386911392
Rank:0 Epoch: [39/40], Step: [161/782], Loss: 0.15838590264320374
Rank:0 Epoch: [39/40], Step: [171/782], Loss: 0.09876129776239395
Rank:0 Epoch: [39/40], Step: [181/782], Loss: 0.1495988667011261
Rank:0 Epoch: [39/40], Step: [191/782], Loss: 0.07163740694522858
Rank:0 Epoch: [39/40], Step: [201/782], Loss: 0.09678526967763901
Rank:0 Epoch: [39/40], Step: [211/782], Loss: 0.08241858333349228
Rank:0 Epoch: [39/40], Step: [221/782], Loss: 0.08366362005472183
Rank:0 Epoch: [39/40], Step: [231/782], Loss: 0.06936793774366379
Rank:0 Epoch: [39/40], Step: [241/782], Loss: 0.034666404128074646
Rank:0 Epoch: [39/40], Step: [251/782], Loss: 0.03980158641934395
Rank:0 Epoch: [39/40], Step: [261/782], Loss: 0.1859661191701889
Rank:0 Epoch: [39/40], Step: [271/782], Loss: 0.0755004733800888
Rank:0 Epoch: [39/40], Step: [281/782], Loss: 0.028333136811852455
Rank:0 Epoch: [39/40], Step: [291/782], Loss: 0.12122209370136261
Rank:0 Epoch: [39/40], Step: [301/782], Loss: 0.09815095365047455
Rank:0 Epoch: [39/40], Step: [311/782], Loss: 0.07508742809295654
Rank:0 Epoch: [39/40], Step: [321/782], Loss: 0.11948025971651077
Rank:0 Epoch: [39/40], Step: [331/782], Loss: 0.11991965025663376
Rank:0 Epoch: [39/40], Step: [341/782], Loss: 0.12435978651046753
Rank:0 Epoch: [39/40], Step: [351/782], Loss: 0.06638361513614655
Rank:0 Epoch: [39/40], Step: [361/782], Loss: 0.03143575042486191
Rank:0 Epoch: [39/40], Step: [371/782], Loss: 0.06823974847793579
Rank:0 Epoch: [39/40], Step: [381/782], Loss: 0.14798377454280853
Rank:0 Epoch: [39/40], Step: [391/782], Loss: 0.11269380897283554
Rank:0 Epoch: [39/40], Step: [401/782], Loss: 0.09508635848760605
Rank:0 Epoch: [39/40], Step: [411/782], Loss: 0.057199183851480484
Rank:0 Epoch: [39/40], Step: [421/782], Loss: 0.027267850935459137
Rank:0 Epoch: [39/40], Step: [431/782], Loss: 0.027951817959547043
Rank:0 Epoch: [39/40], Step: [441/782], Loss: 0.24385245144367218
Rank:0 Epoch: [39/40], Step: [451/782], Loss: 0.06502611935138702
Rank:0 Epoch: [39/40], Step: [461/782], Loss: 0.08578364551067352
Rank:0 Epoch: [39/40], Step: [471/782], Loss: 0.12248670309782028
Rank:0 Epoch: [39/40], Step: [481/782], Loss: 0.16028308868408203
Rank:0 Epoch: [39/40], Step: [491/782], Loss: 0.11861634254455566
Rank:0 Epoch: [39/40], Step: [501/782], Loss: 0.06479572504758835
Rank:0 Epoch: [39/40], Step: [511/782], Loss: 0.021899240091443062
Rank:0 Epoch: [39/40], Step: [521/782], Loss: 0.2444971352815628
Rank:0 Epoch: [39/40], Step: [531/782], Loss: 0.09857994318008423
Rank:0 Epoch: [39/40], Step: [541/782], Loss: 0.14455142617225647
Rank:0 Epoch: [39/40], Step: [551/782], Loss: 0.06834888458251953
Rank:0 Epoch: [39/40], Step: [561/782], Loss: 0.12620018422603607
Rank:0 Epoch: [39/40], Step: [571/782], Loss: 0.0662531778216362
Rank:0 Epoch: [39/40], Step: [581/782], Loss: 0.062228430062532425
Rank:0 Epoch: [39/40], Step: [591/782], Loss: 0.08951335400342941
Rank:0 Epoch: [39/40], Step: [601/782], Loss: 0.0553717166185379
Rank:0 Epoch: [39/40], Step: [611/782], Loss: 0.06438755989074707
Rank:0 Epoch: [39/40], Step: [621/782], Loss: 0.07111523300409317
Rank:0 Epoch: [39/40], Step: [631/782], Loss: 0.16460548341274261
Rank:0 Epoch: [39/40], Step: [641/782], Loss: 0.054070260375738144
Rank:0 Epoch: [39/40], Step: [651/782], Loss: 0.06390205770730972
Rank:0 Epoch: [39/40], Step: [661/782], Loss: 0.046009521931409836
Rank:0 Epoch: [39/40], Step: [671/782], Loss: 0.1154879629611969
Rank:0 Epoch: [39/40], Step: [681/782], Loss: 0.08937165141105652
Rank:0 Epoch: [39/40], Step: [691/782], Loss: 0.1083102822303772
Rank:0 Epoch: [39/40], Step: [701/782], Loss: 0.05866773799061775
Rank:0 Epoch: [39/40], Step: [711/782], Loss: 0.13744302093982697
Rank:0 Epoch: [39/40], Step: [721/782], Loss: 0.08978685736656189
Rank:0 Epoch: [39/40], Step: [731/782], Loss: 0.06823957711458206
Rank:0 Epoch: [39/40], Step: [741/782], Loss: 0.09624145179986954
Rank:0 Epoch: [39/40], Step: [751/782], Loss: 0.07930551469326019
Rank:0 Epoch: [39/40], Step: [761/782], Loss: 0.06019742786884308
Rank:0 Epoch: [39/40], Step: [771/782], Loss: 0.1541011780500412
Rank:0 Epoch: [39/40], Step: [781/782], Loss: 0.08104266226291656
Current Test Acc: 0.9206
Rank:0 Epoch: [40/40], Step: [1/782], Loss: 0.05833685025572777
Rank:0 Epoch: [40/40], Step: [11/782], Loss: 0.1149701327085495
Rank:0 Epoch: [40/40], Step: [21/782], Loss: 0.03215884417295456
Rank:0 Epoch: [40/40], Step: [31/782], Loss: 0.09247095137834549
Rank:0 Epoch: [40/40], Step: [41/782], Loss: 0.11900829523801804
Rank:0 Epoch: [40/40], Step: [51/782], Loss: 0.09461779147386551
Rank:0 Epoch: [40/40], Step: [61/782], Loss: 0.0445256233215332
Rank:0 Epoch: [40/40], Step: [71/782], Loss: 0.05713881552219391
Rank:0 Epoch: [40/40], Step: [81/782], Loss: 0.1241307184100151
Rank:0 Epoch: [40/40], Step: [91/782], Loss: 0.08785909414291382
Rank:0 Epoch: [40/40], Step: [101/782], Loss: 0.07517357915639877
Rank:0 Epoch: [40/40], Step: [111/782], Loss: 0.14412322640419006
Rank:0 Epoch: [40/40], Step: [121/782], Loss: 0.06488907337188721
Rank:0 Epoch: [40/40], Step: [131/782], Loss: 0.06733158230781555
Rank:0 Epoch: [40/40], Step: [141/782], Loss: 0.0564497672021389
Rank:0 Epoch: [40/40], Step: [151/782], Loss: 0.09115104377269745
Rank:0 Epoch: [40/40], Step: [161/782], Loss: 0.0586480014026165
Rank:0 Epoch: [40/40], Step: [171/782], Loss: 0.07860825210809708
Rank:0 Epoch: [40/40], Step: [181/782], Loss: 0.04425081983208656
Rank:0 Epoch: [40/40], Step: [191/782], Loss: 0.08955525606870651
Rank:0 Epoch: [40/40], Step: [201/782], Loss: 0.029972882941365242
Rank:0 Epoch: [40/40], Step: [211/782], Loss: 0.0685364305973053
Rank:0 Epoch: [40/40], Step: [221/782], Loss: 0.013715148903429508
Rank:0 Epoch: [40/40], Step: [231/782], Loss: 0.09961725026369095
Rank:0 Epoch: [40/40], Step: [241/782], Loss: 0.13248741626739502
Rank:0 Epoch: [40/40], Step: [251/782], Loss: 0.04521271586418152
Rank:0 Epoch: [40/40], Step: [261/782], Loss: 0.09758192300796509
Rank:0 Epoch: [40/40], Step: [271/782], Loss: 0.08727940917015076
Rank:0 Epoch: [40/40], Step: [281/782], Loss: 0.13950850069522858
Rank:0 Epoch: [40/40], Step: [291/782], Loss: 0.062247347086668015
Rank:0 Epoch: [40/40], Step: [301/782], Loss: 0.07296882569789886
Rank:0 Epoch: [40/40], Step: [311/782], Loss: 0.09767889976501465
Rank:0 Epoch: [40/40], Step: [321/782], Loss: 0.22623930871486664
Rank:0 Epoch: [40/40], Step: [331/782], Loss: 0.08524397760629654
Rank:0 Epoch: [40/40], Step: [341/782], Loss: 0.13656339049339294
Rank:0 Epoch: [40/40], Step: [351/782], Loss: 0.09188035130500793
Rank:0 Epoch: [40/40], Step: [361/782], Loss: 0.04146246239542961
Rank:0 Epoch: [40/40], Step: [371/782], Loss: 0.07961566001176834
Rank:0 Epoch: [40/40], Step: [381/782], Loss: 0.10507544130086899
Rank:0 Epoch: [40/40], Step: [391/782], Loss: 0.10017073899507523
Rank:0 Epoch: [40/40], Step: [401/782], Loss: 0.10521288961172104
Rank:0 Epoch: [40/40], Step: [411/782], Loss: 0.0848507434129715
Rank:0 Epoch: [40/40], Step: [421/782], Loss: 0.0465032234787941
Rank:0 Epoch: [40/40], Step: [431/782], Loss: 0.09540995955467224
Rank:0 Epoch: [40/40], Step: [441/782], Loss: 0.17344635725021362
Rank:0 Epoch: [40/40], Step: [451/782], Loss: 0.08019964396953583
Rank:0 Epoch: [40/40], Step: [461/782], Loss: 0.20187121629714966
Rank:0 Epoch: [40/40], Step: [471/782], Loss: 0.2214873880147934
Rank:0 Epoch: [40/40], Step: [481/782], Loss: 0.08126087486743927
Rank:0 Epoch: [40/40], Step: [491/782], Loss: 0.1848311424255371
Rank:0 Epoch: [40/40], Step: [501/782], Loss: 0.13150449097156525
Rank:0 Epoch: [40/40], Step: [511/782], Loss: 0.07823788374662399
Rank:0 Epoch: [40/40], Step: [521/782], Loss: 0.1034884974360466
Rank:0 Epoch: [40/40], Step: [531/782], Loss: 0.05121048539876938
Rank:0 Epoch: [40/40], Step: [541/782], Loss: 0.07892728596925735
Rank:0 Epoch: [40/40], Step: [551/782], Loss: 0.14670176804065704
Rank:0 Epoch: [40/40], Step: [561/782], Loss: 0.039391208440065384
Rank:0 Epoch: [40/40], Step: [571/782], Loss: 0.07285632938146591
Rank:0 Epoch: [40/40], Step: [581/782], Loss: 0.1155107170343399
Rank:0 Epoch: [40/40], Step: [591/782], Loss: 0.10983803868293762
Rank:0 Epoch: [40/40], Step: [601/782], Loss: 0.17761725187301636
Rank:0 Epoch: [40/40], Step: [611/782], Loss: 0.11687065660953522
Rank:0 Epoch: [40/40], Step: [621/782], Loss: 0.14067858457565308
Rank:0 Epoch: [40/40], Step: [631/782], Loss: 0.20121821761131287
Rank:0 Epoch: [40/40], Step: [641/782], Loss: 0.059981223195791245
Rank:0 Epoch: [40/40], Step: [651/782], Loss: 0.027616694569587708
Rank:0 Epoch: [40/40], Step: [661/782], Loss: 0.03804057836532593
Rank:0 Epoch: [40/40], Step: [671/782], Loss: 0.07668649405241013
Rank:0 Epoch: [40/40], Step: [681/782], Loss: 0.03814567252993584
Rank:0 Epoch: [40/40], Step: [691/782], Loss: 0.042618051171302795
Rank:0 Epoch: [40/40], Step: [701/782], Loss: 0.126576229929924
Rank:0 Epoch: [40/40], Step: [711/782], Loss: 0.03895453363656998
Rank:0 Epoch: [40/40], Step: [721/782], Loss: 0.05811360105872154
Rank:0 Epoch: [40/40], Step: [731/782], Loss: 0.06072837859392166
Rank:0 Epoch: [40/40], Step: [741/782], Loss: 0.06957244873046875
Rank:0 Epoch: [40/40], Step: [751/782], Loss: 0.03869600221514702
Rank:0 Epoch: [40/40], Step: [761/782], Loss: 0.11656851321458817
Rank:0 Epoch: [40/40], Step: [771/782], Loss: 0.06022372841835022
Rank:0 Epoch: [40/40], Step: [781/782], Loss: 0.07617228478193283
Current Test Acc: 0.9199
Local best accuracy so far 0.9224
Best accuracy so far 0.9224
completed!
