ddp backend: nccl, world size: 1
rank 0 train on cuda 0
Rank:0 Epoch: [1/40], Step: [1/782], Loss: 2.9286065101623535
Rank:0 Epoch: [1/40], Step: [11/782], Loss: 2.054340124130249
Rank:0 Epoch: [1/40], Step: [21/782], Loss: 1.2367608547210693
Rank:0 Epoch: [1/40], Step: [31/782], Loss: 1.4447476863861084
Rank:0 Epoch: [1/40], Step: [41/782], Loss: 0.9731386303901672
Rank:0 Epoch: [1/40], Step: [51/782], Loss: 1.3205219507217407
Rank:0 Epoch: [1/40], Step: [61/782], Loss: 1.2101812362670898
Rank:0 Epoch: [1/40], Step: [71/782], Loss: 1.1114016771316528
Rank:0 Epoch: [1/40], Step: [81/782], Loss: 0.8692903518676758
Rank:0 Epoch: [1/40], Step: [91/782], Loss: 0.9814587831497192
Rank:0 Epoch: [1/40], Step: [101/782], Loss: 0.8726605176925659
Rank:0 Epoch: [1/40], Step: [111/782], Loss: 0.7368008494377136
Rank:0 Epoch: [1/40], Step: [121/782], Loss: 0.8898090124130249
Rank:0 Epoch: [1/40], Step: [131/782], Loss: 0.7209285497665405
Rank:0 Epoch: [1/40], Step: [141/782], Loss: 0.9266141057014465
Rank:0 Epoch: [1/40], Step: [151/782], Loss: 1.169076681137085
Rank:0 Epoch: [1/40], Step: [161/782], Loss: 0.9568763971328735
Rank:0 Epoch: [1/40], Step: [171/782], Loss: 0.7667480707168579
Rank:0 Epoch: [1/40], Step: [181/782], Loss: 0.8184112310409546
Rank:0 Epoch: [1/40], Step: [191/782], Loss: 0.9597063064575195
Rank:0 Epoch: [1/40], Step: [201/782], Loss: 0.8649107813835144
Rank:0 Epoch: [1/40], Step: [211/782], Loss: 0.8923378586769104
Rank:0 Epoch: [1/40], Step: [221/782], Loss: 0.5627039670944214
Rank:0 Epoch: [1/40], Step: [231/782], Loss: 0.7323222160339355
Rank:0 Epoch: [1/40], Step: [241/782], Loss: 0.5935132503509521
Rank:0 Epoch: [1/40], Step: [251/782], Loss: 0.8676189184188843
Rank:0 Epoch: [1/40], Step: [261/782], Loss: 1.028760313987732
Rank:0 Epoch: [1/40], Step: [271/782], Loss: 0.9120864272117615
Rank:0 Epoch: [1/40], Step: [281/782], Loss: 0.6419143676757812
Rank:0 Epoch: [1/40], Step: [291/782], Loss: 0.5669209361076355
Rank:0 Epoch: [1/40], Step: [301/782], Loss: 0.8682396411895752
Rank:0 Epoch: [1/40], Step: [311/782], Loss: 0.8611354827880859
Rank:0 Epoch: [1/40], Step: [321/782], Loss: 0.8530896902084351
Rank:0 Epoch: [1/40], Step: [331/782], Loss: 0.873562216758728
Rank:0 Epoch: [1/40], Step: [341/782], Loss: 0.626891016960144
Rank:0 Epoch: [1/40], Step: [351/782], Loss: 0.8125055432319641
Rank:0 Epoch: [1/40], Step: [361/782], Loss: 0.7356781959533691
Rank:0 Epoch: [1/40], Step: [371/782], Loss: 0.7704233527183533
Rank:0 Epoch: [1/40], Step: [381/782], Loss: 0.819795548915863
Rank:0 Epoch: [1/40], Step: [391/782], Loss: 0.6043813824653625
Rank:0 Epoch: [1/40], Step: [401/782], Loss: 0.7622219920158386
Rank:0 Epoch: [1/40], Step: [411/782], Loss: 0.6402516961097717
Rank:0 Epoch: [1/40], Step: [421/782], Loss: 0.7722074389457703
Rank:0 Epoch: [1/40], Step: [431/782], Loss: 0.8014311790466309
Rank:0 Epoch: [1/40], Step: [441/782], Loss: 0.6134505867958069
Rank:0 Epoch: [1/40], Step: [451/782], Loss: 0.6344900131225586
Rank:0 Epoch: [1/40], Step: [461/782], Loss: 0.7403700351715088
Rank:0 Epoch: [1/40], Step: [471/782], Loss: 0.6337413787841797
Rank:0 Epoch: [1/40], Step: [481/782], Loss: 0.8056254982948303
Rank:0 Epoch: [1/40], Step: [491/782], Loss: 0.5221197605133057
Rank:0 Epoch: [1/40], Step: [501/782], Loss: 0.616691529750824
Rank:0 Epoch: [1/40], Step: [511/782], Loss: 0.726426899433136
Rank:0 Epoch: [1/40], Step: [521/782], Loss: 0.4787099361419678
Rank:0 Epoch: [1/40], Step: [531/782], Loss: 0.5690814256668091
Rank:0 Epoch: [1/40], Step: [541/782], Loss: 0.6156070232391357
Rank:0 Epoch: [1/40], Step: [551/782], Loss: 0.6167840361595154
Rank:0 Epoch: [1/40], Step: [561/782], Loss: 0.5575350522994995
Rank:0 Epoch: [1/40], Step: [571/782], Loss: 0.6565597653388977
Rank:0 Epoch: [1/40], Step: [581/782], Loss: 0.8046743869781494
Rank:0 Epoch: [1/40], Step: [591/782], Loss: 0.7276327013969421
Rank:0 Epoch: [1/40], Step: [601/782], Loss: 0.7524727582931519
Rank:0 Epoch: [1/40], Step: [611/782], Loss: 0.6669489145278931
Rank:0 Epoch: [1/40], Step: [621/782], Loss: 0.6977007389068604
Rank:0 Epoch: [1/40], Step: [631/782], Loss: 0.7401562333106995
Rank:0 Epoch: [1/40], Step: [641/782], Loss: 0.7436954379081726
Rank:0 Epoch: [1/40], Step: [651/782], Loss: 1.0904979705810547
Rank:0 Epoch: [1/40], Step: [661/782], Loss: 0.7178592681884766
Rank:0 Epoch: [1/40], Step: [671/782], Loss: 0.6689161062240601
Rank:0 Epoch: [1/40], Step: [681/782], Loss: 0.6812294721603394
Rank:0 Epoch: [1/40], Step: [691/782], Loss: 0.7868300080299377
Rank:0 Epoch: [1/40], Step: [701/782], Loss: 0.8690685629844666
Rank:0 Epoch: [1/40], Step: [711/782], Loss: 0.6187016367912292
Rank:0 Epoch: [1/40], Step: [721/782], Loss: 0.6727448105812073
Rank:0 Epoch: [1/40], Step: [731/782], Loss: 0.6129414439201355
Rank:0 Epoch: [1/40], Step: [741/782], Loss: 0.4954929053783417
Rank:0 Epoch: [1/40], Step: [751/782], Loss: 0.4898192584514618
Rank:0 Epoch: [1/40], Step: [761/782], Loss: 0.5962274670600891
Rank:0 Epoch: [1/40], Step: [771/782], Loss: 0.5623213052749634
Rank:0 Epoch: [1/40], Step: [781/782], Loss: 0.7053750157356262
Current Test Acc: 0.7616
Rank:0 Epoch: [2/40], Step: [1/782], Loss: 0.7538322806358337
Rank:0 Epoch: [2/40], Step: [11/782], Loss: 0.5898821353912354
Rank:0 Epoch: [2/40], Step: [21/782], Loss: 0.40539172291755676
Rank:0 Epoch: [2/40], Step: [31/782], Loss: 0.7386872172355652
Rank:0 Epoch: [2/40], Step: [41/782], Loss: 0.5230251550674438
Rank:0 Epoch: [2/40], Step: [51/782], Loss: 0.5132593512535095
Rank:0 Epoch: [2/40], Step: [61/782], Loss: 0.5209561586380005
Rank:0 Epoch: [2/40], Step: [71/782], Loss: 0.6815600395202637
Rank:0 Epoch: [2/40], Step: [81/782], Loss: 0.6625505685806274
Rank:0 Epoch: [2/40], Step: [91/782], Loss: 0.9788401126861572
Rank:0 Epoch: [2/40], Step: [101/782], Loss: 0.5981940031051636
Rank:0 Epoch: [2/40], Step: [111/782], Loss: 0.5675424337387085
Rank:0 Epoch: [2/40], Step: [121/782], Loss: 0.5025946497917175
Rank:0 Epoch: [2/40], Step: [131/782], Loss: 0.5301980972290039
Rank:0 Epoch: [2/40], Step: [141/782], Loss: 0.6249399185180664
Rank:0 Epoch: [2/40], Step: [151/782], Loss: 0.8608009815216064
Rank:0 Epoch: [2/40], Step: [161/782], Loss: 0.7224396467208862
Rank:0 Epoch: [2/40], Step: [171/782], Loss: 0.6484702825546265
Rank:0 Epoch: [2/40], Step: [181/782], Loss: 0.7298093438148499
Rank:0 Epoch: [2/40], Step: [191/782], Loss: 0.6367608308792114
Rank:0 Epoch: [2/40], Step: [201/782], Loss: 0.6030136346817017
Rank:0 Epoch: [2/40], Step: [211/782], Loss: 0.5450913310050964
Rank:0 Epoch: [2/40], Step: [221/782], Loss: 0.4312242865562439
Rank:0 Epoch: [2/40], Step: [231/782], Loss: 0.5602182149887085
Rank:0 Epoch: [2/40], Step: [241/782], Loss: 0.7245564460754395
Rank:0 Epoch: [2/40], Step: [251/782], Loss: 0.5713968873023987
Rank:0 Epoch: [2/40], Step: [261/782], Loss: 0.48143869638442993
Rank:0 Epoch: [2/40], Step: [271/782], Loss: 0.6840276718139648
Rank:0 Epoch: [2/40], Step: [281/782], Loss: 0.6178814172744751
Rank:0 Epoch: [2/40], Step: [291/782], Loss: 0.4779822528362274
Rank:0 Epoch: [2/40], Step: [301/782], Loss: 0.7847800254821777
Rank:0 Epoch: [2/40], Step: [311/782], Loss: 0.40920937061309814
Rank:0 Epoch: [2/40], Step: [321/782], Loss: 0.695101797580719
Rank:0 Epoch: [2/40], Step: [331/782], Loss: 0.6911832094192505
Rank:0 Epoch: [2/40], Step: [341/782], Loss: 0.5848985910415649
Rank:0 Epoch: [2/40], Step: [351/782], Loss: 0.5130560994148254
Rank:0 Epoch: [2/40], Step: [361/782], Loss: 0.7492533326148987
Rank:0 Epoch: [2/40], Step: [371/782], Loss: 0.5191602110862732
Rank:0 Epoch: [2/40], Step: [381/782], Loss: 0.597032904624939
Rank:0 Epoch: [2/40], Step: [391/782], Loss: 0.5786638259887695
Rank:0 Epoch: [2/40], Step: [401/782], Loss: 0.7996990084648132
Rank:0 Epoch: [2/40], Step: [411/782], Loss: 0.5250111222267151
Rank:0 Epoch: [2/40], Step: [421/782], Loss: 0.5395575761795044
Rank:0 Epoch: [2/40], Step: [431/782], Loss: 0.6857547760009766
Rank:0 Epoch: [2/40], Step: [441/782], Loss: 0.6024433970451355
Rank:0 Epoch: [2/40], Step: [451/782], Loss: 0.4382213354110718
Rank:0 Epoch: [2/40], Step: [461/782], Loss: 0.5986753106117249
Rank:0 Epoch: [2/40], Step: [471/782], Loss: 0.6964057087898254
Rank:0 Epoch: [2/40], Step: [481/782], Loss: 0.6412360072135925
Rank:0 Epoch: [2/40], Step: [491/782], Loss: 0.5628535151481628
Rank:0 Epoch: [2/40], Step: [501/782], Loss: 0.7902181148529053
Rank:0 Epoch: [2/40], Step: [511/782], Loss: 0.7842170000076294
Rank:0 Epoch: [2/40], Step: [521/782], Loss: 0.48164695501327515
Rank:0 Epoch: [2/40], Step: [531/782], Loss: 0.5771604180335999
Rank:0 Epoch: [2/40], Step: [541/782], Loss: 0.5986503958702087
Rank:0 Epoch: [2/40], Step: [551/782], Loss: 0.577238917350769
Rank:0 Epoch: [2/40], Step: [561/782], Loss: 0.3769329786300659
Rank:0 Epoch: [2/40], Step: [571/782], Loss: 0.5776203870773315
Rank:0 Epoch: [2/40], Step: [581/782], Loss: 0.5832934975624084
Rank:0 Epoch: [2/40], Step: [591/782], Loss: 0.49113959074020386
Rank:0 Epoch: [2/40], Step: [601/782], Loss: 0.46880242228507996
Rank:0 Epoch: [2/40], Step: [611/782], Loss: 0.5429499745368958
Rank:0 Epoch: [2/40], Step: [621/782], Loss: 0.49048057198524475
Rank:0 Epoch: [2/40], Step: [631/782], Loss: 0.5496665835380554
Rank:0 Epoch: [2/40], Step: [641/782], Loss: 0.6132673621177673
Rank:0 Epoch: [2/40], Step: [651/782], Loss: 0.4696184992790222
Rank:0 Epoch: [2/40], Step: [661/782], Loss: 0.5700507760047913
Rank:0 Epoch: [2/40], Step: [671/782], Loss: 0.7654561996459961
Rank:0 Epoch: [2/40], Step: [681/782], Loss: 0.5459562540054321
Rank:0 Epoch: [2/40], Step: [691/782], Loss: 0.4615785479545593
Rank:0 Epoch: [2/40], Step: [701/782], Loss: 0.5231920480728149
Rank:0 Epoch: [2/40], Step: [711/782], Loss: 0.6720337271690369
Rank:0 Epoch: [2/40], Step: [721/782], Loss: 0.5635312795639038
Rank:0 Epoch: [2/40], Step: [731/782], Loss: 0.27903106808662415
Rank:0 Epoch: [2/40], Step: [741/782], Loss: 0.7531699538230896
Rank:0 Epoch: [2/40], Step: [751/782], Loss: 0.5525209307670593
Rank:0 Epoch: [2/40], Step: [761/782], Loss: 0.7525525689125061
Rank:0 Epoch: [2/40], Step: [771/782], Loss: 0.5296260714530945
Rank:0 Epoch: [2/40], Step: [781/782], Loss: 0.5708613395690918
Current Test Acc: 0.7889
Rank:0 Epoch: [3/40], Step: [1/782], Loss: 0.6617980599403381
Rank:0 Epoch: [3/40], Step: [11/782], Loss: 0.4741795063018799
Rank:0 Epoch: [3/40], Step: [21/782], Loss: 0.5651866793632507
Rank:0 Epoch: [3/40], Step: [31/782], Loss: 0.3936237096786499
Rank:0 Epoch: [3/40], Step: [41/782], Loss: 0.5502088069915771
Rank:0 Epoch: [3/40], Step: [51/782], Loss: 0.46372073888778687
Rank:0 Epoch: [3/40], Step: [61/782], Loss: 0.5379875302314758
Rank:0 Epoch: [3/40], Step: [71/782], Loss: 0.6199235320091248
Rank:0 Epoch: [3/40], Step: [81/782], Loss: 0.4022919237613678
Rank:0 Epoch: [3/40], Step: [91/782], Loss: 0.6967899799346924
Rank:0 Epoch: [3/40], Step: [101/782], Loss: 0.7790517210960388
Rank:0 Epoch: [3/40], Step: [111/782], Loss: 0.6325764060020447
Rank:0 Epoch: [3/40], Step: [121/782], Loss: 0.6153935194015503
Rank:0 Epoch: [3/40], Step: [131/782], Loss: 0.3490731120109558
Rank:0 Epoch: [3/40], Step: [141/782], Loss: 0.5162277221679688
Rank:0 Epoch: [3/40], Step: [151/782], Loss: 0.6353341341018677
Rank:0 Epoch: [3/40], Step: [161/782], Loss: 0.4247075319290161
Rank:0 Epoch: [3/40], Step: [171/782], Loss: 0.43196338415145874
Rank:0 Epoch: [3/40], Step: [181/782], Loss: 0.48024165630340576
Rank:0 Epoch: [3/40], Step: [191/782], Loss: 0.3613309860229492
Rank:0 Epoch: [3/40], Step: [201/782], Loss: 0.38728299736976624
Rank:0 Epoch: [3/40], Step: [211/782], Loss: 0.39631348848342896
Rank:0 Epoch: [3/40], Step: [221/782], Loss: 0.4847506284713745
Rank:0 Epoch: [3/40], Step: [231/782], Loss: 0.6251066327095032
Rank:0 Epoch: [3/40], Step: [241/782], Loss: 0.6783537864685059
Rank:0 Epoch: [3/40], Step: [251/782], Loss: 0.4103476107120514
Rank:0 Epoch: [3/40], Step: [261/782], Loss: 0.5010108947753906
Rank:0 Epoch: [3/40], Step: [271/782], Loss: 0.6864203810691833
Rank:0 Epoch: [3/40], Step: [281/782], Loss: 0.596276581287384
Rank:0 Epoch: [3/40], Step: [291/782], Loss: 0.4564957022666931
Rank:0 Epoch: [3/40], Step: [301/782], Loss: 0.6298044323921204
Rank:0 Epoch: [3/40], Step: [311/782], Loss: 0.663641631603241
Rank:0 Epoch: [3/40], Step: [321/782], Loss: 0.7162673473358154
Rank:0 Epoch: [3/40], Step: [331/782], Loss: 0.5388410687446594
Rank:0 Epoch: [3/40], Step: [341/782], Loss: 0.6516532897949219
Rank:0 Epoch: [3/40], Step: [351/782], Loss: 0.5165736675262451
Rank:0 Epoch: [3/40], Step: [361/782], Loss: 0.5451192259788513
Rank:0 Epoch: [3/40], Step: [371/782], Loss: 0.5916500091552734
Rank:0 Epoch: [3/40], Step: [381/782], Loss: 0.4347515106201172
Rank:0 Epoch: [3/40], Step: [391/782], Loss: 0.45682984590530396
Rank:0 Epoch: [3/40], Step: [401/782], Loss: 0.5813680291175842
Rank:0 Epoch: [3/40], Step: [411/782], Loss: 0.7106112241744995
Rank:0 Epoch: [3/40], Step: [421/782], Loss: 0.4988303482532501
Rank:0 Epoch: [3/40], Step: [431/782], Loss: 0.7067874670028687
Rank:0 Epoch: [3/40], Step: [441/782], Loss: 0.6385836005210876
Rank:0 Epoch: [3/40], Step: [451/782], Loss: 0.5863004326820374
Rank:0 Epoch: [3/40], Step: [461/782], Loss: 0.48185187578201294
Rank:0 Epoch: [3/40], Step: [471/782], Loss: 0.504779040813446
Rank:0 Epoch: [3/40], Step: [481/782], Loss: 0.8534752130508423
Rank:0 Epoch: [3/40], Step: [491/782], Loss: 0.8162345886230469
Rank:0 Epoch: [3/40], Step: [501/782], Loss: 0.5393990874290466
Rank:0 Epoch: [3/40], Step: [511/782], Loss: 0.4441176950931549
Rank:0 Epoch: [3/40], Step: [521/782], Loss: 0.5342193841934204
Rank:0 Epoch: [3/40], Step: [531/782], Loss: 0.5417048931121826
Rank:0 Epoch: [3/40], Step: [541/782], Loss: 0.4966506361961365
Rank:0 Epoch: [3/40], Step: [551/782], Loss: 0.3012792766094208
Rank:0 Epoch: [3/40], Step: [561/782], Loss: 0.4636039733886719
Rank:0 Epoch: [3/40], Step: [571/782], Loss: 0.78204745054245
Rank:0 Epoch: [3/40], Step: [581/782], Loss: 0.4720250070095062
Rank:0 Epoch: [3/40], Step: [591/782], Loss: 0.4676392078399658
Rank:0 Epoch: [3/40], Step: [601/782], Loss: 0.43287551403045654
Rank:0 Epoch: [3/40], Step: [611/782], Loss: 0.5191951394081116
Rank:0 Epoch: [3/40], Step: [621/782], Loss: 0.5388746857643127
Rank:0 Epoch: [3/40], Step: [631/782], Loss: 0.5890571475028992
Rank:0 Epoch: [3/40], Step: [641/782], Loss: 0.36173713207244873
Rank:0 Epoch: [3/40], Step: [651/782], Loss: 0.411927193403244
Rank:0 Epoch: [3/40], Step: [661/782], Loss: 0.4664597809314728
Rank:0 Epoch: [3/40], Step: [671/782], Loss: 0.6627854108810425
Rank:0 Epoch: [3/40], Step: [681/782], Loss: 0.5362849235534668
Rank:0 Epoch: [3/40], Step: [691/782], Loss: 0.8107917904853821
Rank:0 Epoch: [3/40], Step: [701/782], Loss: 0.6029937267303467
Rank:0 Epoch: [3/40], Step: [711/782], Loss: 0.47485828399658203
Rank:0 Epoch: [3/40], Step: [721/782], Loss: 0.4883519113063812
Rank:0 Epoch: [3/40], Step: [731/782], Loss: 0.5830724835395813
Rank:0 Epoch: [3/40], Step: [741/782], Loss: 0.6086258292198181
Rank:0 Epoch: [3/40], Step: [751/782], Loss: 0.5464576482772827
Rank:0 Epoch: [3/40], Step: [761/782], Loss: 0.6715112924575806
Rank:0 Epoch: [3/40], Step: [771/782], Loss: 0.6139252185821533
Rank:0 Epoch: [3/40], Step: [781/782], Loss: 0.5964047312736511
Current Test Acc: 0.8136
Rank:0 Epoch: [4/40], Step: [1/782], Loss: 0.5893761515617371
Rank:0 Epoch: [4/40], Step: [11/782], Loss: 0.48225152492523193
Rank:0 Epoch: [4/40], Step: [21/782], Loss: 0.4659018814563751
Rank:0 Epoch: [4/40], Step: [31/782], Loss: 0.6964643001556396
Rank:0 Epoch: [4/40], Step: [41/782], Loss: 0.3882316052913666
Rank:0 Epoch: [4/40], Step: [51/782], Loss: 0.5145821571350098
Rank:0 Epoch: [4/40], Step: [61/782], Loss: 0.32843706011772156
Rank:0 Epoch: [4/40], Step: [71/782], Loss: 0.38408538699150085
Rank:0 Epoch: [4/40], Step: [81/782], Loss: 0.3194366991519928
Rank:0 Epoch: [4/40], Step: [91/782], Loss: 0.6110965013504028
Rank:0 Epoch: [4/40], Step: [101/782], Loss: 0.4361300468444824
Rank:0 Epoch: [4/40], Step: [111/782], Loss: 0.5320789813995361
Rank:0 Epoch: [4/40], Step: [121/782], Loss: 0.3701525926589966
Rank:0 Epoch: [4/40], Step: [131/782], Loss: 0.4589398205280304
Rank:0 Epoch: [4/40], Step: [141/782], Loss: 0.3659500181674957
Rank:0 Epoch: [4/40], Step: [151/782], Loss: 0.4842151403427124
Rank:0 Epoch: [4/40], Step: [161/782], Loss: 0.8072079420089722
Rank:0 Epoch: [4/40], Step: [171/782], Loss: 0.6982599496841431
Rank:0 Epoch: [4/40], Step: [181/782], Loss: 0.7740210294723511
Rank:0 Epoch: [4/40], Step: [191/782], Loss: 0.5890441536903381
Rank:0 Epoch: [4/40], Step: [201/782], Loss: 0.523411214351654
Rank:0 Epoch: [4/40], Step: [211/782], Loss: 0.3990077078342438
Rank:0 Epoch: [4/40], Step: [221/782], Loss: 0.6031543016433716
Rank:0 Epoch: [4/40], Step: [231/782], Loss: 0.6272854804992676
Rank:0 Epoch: [4/40], Step: [241/782], Loss: 0.37263593077659607
Rank:0 Epoch: [4/40], Step: [251/782], Loss: 0.6261228919029236
Rank:0 Epoch: [4/40], Step: [261/782], Loss: 0.42349371314048767
Rank:0 Epoch: [4/40], Step: [271/782], Loss: 0.5438817739486694
Rank:0 Epoch: [4/40], Step: [281/782], Loss: 0.43451353907585144
Rank:0 Epoch: [4/40], Step: [291/782], Loss: 0.5844235420227051
Rank:0 Epoch: [4/40], Step: [301/782], Loss: 0.7452079653739929
Rank:0 Epoch: [4/40], Step: [311/782], Loss: 0.5886278748512268
Rank:0 Epoch: [4/40], Step: [321/782], Loss: 0.5461498498916626
Rank:0 Epoch: [4/40], Step: [331/782], Loss: 0.4050728380680084
Rank:0 Epoch: [4/40], Step: [341/782], Loss: 0.4537665843963623
Rank:0 Epoch: [4/40], Step: [351/782], Loss: 0.3183097243309021
Rank:0 Epoch: [4/40], Step: [361/782], Loss: 0.6165987849235535
Rank:0 Epoch: [4/40], Step: [371/782], Loss: 0.5900091528892517
Rank:0 Epoch: [4/40], Step: [381/782], Loss: 0.49494829773902893
Rank:0 Epoch: [4/40], Step: [391/782], Loss: 0.4709865152835846
Rank:0 Epoch: [4/40], Step: [401/782], Loss: 0.6028718948364258
Rank:0 Epoch: [4/40], Step: [411/782], Loss: 0.47531265020370483
Rank:0 Epoch: [4/40], Step: [421/782], Loss: 0.40272510051727295
Rank:0 Epoch: [4/40], Step: [431/782], Loss: 0.6992484331130981
Rank:0 Epoch: [4/40], Step: [441/782], Loss: 0.6990082859992981
Rank:0 Epoch: [4/40], Step: [451/782], Loss: 0.5065135359764099
Rank:0 Epoch: [4/40], Step: [461/782], Loss: 0.5730767250061035
Rank:0 Epoch: [4/40], Step: [471/782], Loss: 0.6748344898223877
Rank:0 Epoch: [4/40], Step: [481/782], Loss: 0.8881910443305969
Rank:0 Epoch: [4/40], Step: [491/782], Loss: 0.6409277319908142
Rank:0 Epoch: [4/40], Step: [501/782], Loss: 0.45855388045310974
Rank:0 Epoch: [4/40], Step: [511/782], Loss: 0.40283164381980896
Rank:0 Epoch: [4/40], Step: [521/782], Loss: 0.3734450042247772
Rank:0 Epoch: [4/40], Step: [531/782], Loss: 0.7038959264755249
Rank:0 Epoch: [4/40], Step: [541/782], Loss: 0.4143722653388977
Rank:0 Epoch: [4/40], Step: [551/782], Loss: 0.6010532379150391
Rank:0 Epoch: [4/40], Step: [561/782], Loss: 0.6569662094116211
Rank:0 Epoch: [4/40], Step: [571/782], Loss: 0.3444957435131073
Rank:0 Epoch: [4/40], Step: [581/782], Loss: 0.38481777906417847
Rank:0 Epoch: [4/40], Step: [591/782], Loss: 0.36262473464012146
Rank:0 Epoch: [4/40], Step: [601/782], Loss: 0.6016256213188171
Rank:0 Epoch: [4/40], Step: [611/782], Loss: 0.4389110207557678
Rank:0 Epoch: [4/40], Step: [621/782], Loss: 0.3466699719429016
Rank:0 Epoch: [4/40], Step: [631/782], Loss: 0.6517091989517212
Rank:0 Epoch: [4/40], Step: [641/782], Loss: 0.4769041836261749
Rank:0 Epoch: [4/40], Step: [651/782], Loss: 0.45676204562187195
Rank:0 Epoch: [4/40], Step: [661/782], Loss: 0.5096249580383301
Rank:0 Epoch: [4/40], Step: [671/782], Loss: 0.28194141387939453
Rank:0 Epoch: [4/40], Step: [681/782], Loss: 0.486228346824646
Rank:0 Epoch: [4/40], Step: [691/782], Loss: 0.6799376606941223
Rank:0 Epoch: [4/40], Step: [701/782], Loss: 0.49327096343040466
Rank:0 Epoch: [4/40], Step: [711/782], Loss: 0.5084128975868225
Rank:0 Epoch: [4/40], Step: [721/782], Loss: 0.44314929842948914
Rank:0 Epoch: [4/40], Step: [731/782], Loss: 0.4882042109966278
Rank:0 Epoch: [4/40], Step: [741/782], Loss: 0.6127213835716248
Rank:0 Epoch: [4/40], Step: [751/782], Loss: 0.5185176134109497
Rank:0 Epoch: [4/40], Step: [761/782], Loss: 0.5526602864265442
Rank:0 Epoch: [4/40], Step: [771/782], Loss: 0.604680061340332
Rank:0 Epoch: [4/40], Step: [781/782], Loss: 0.3886106610298157
Current Test Acc: 0.8117
Rank:0 Epoch: [5/40], Step: [1/782], Loss: 0.4971697926521301
Rank:0 Epoch: [5/40], Step: [11/782], Loss: 0.6397945284843445
Rank:0 Epoch: [5/40], Step: [21/782], Loss: 0.43170976638793945
Rank:0 Epoch: [5/40], Step: [31/782], Loss: 0.454784631729126
Rank:0 Epoch: [5/40], Step: [41/782], Loss: 0.3352194130420685
Rank:0 Epoch: [5/40], Step: [51/782], Loss: 0.5903081297874451
Rank:0 Epoch: [5/40], Step: [61/782], Loss: 0.5223135948181152
Rank:0 Epoch: [5/40], Step: [71/782], Loss: 0.5581850409507751
Rank:0 Epoch: [5/40], Step: [81/782], Loss: 0.3490048348903656
Rank:0 Epoch: [5/40], Step: [91/782], Loss: 0.3986624777317047
Rank:0 Epoch: [5/40], Step: [101/782], Loss: 0.5931187272071838
Rank:0 Epoch: [5/40], Step: [111/782], Loss: 0.5476003289222717
Rank:0 Epoch: [5/40], Step: [121/782], Loss: 0.30459529161453247
Rank:0 Epoch: [5/40], Step: [131/782], Loss: 0.5367644429206848
Rank:0 Epoch: [5/40], Step: [141/782], Loss: 0.47802653908729553
Rank:0 Epoch: [5/40], Step: [151/782], Loss: 0.5480331778526306
Rank:0 Epoch: [5/40], Step: [161/782], Loss: 0.5267276763916016
Rank:0 Epoch: [5/40], Step: [171/782], Loss: 0.4357512891292572
Rank:0 Epoch: [5/40], Step: [181/782], Loss: 0.4105808734893799
Rank:0 Epoch: [5/40], Step: [191/782], Loss: 0.44094568490982056
Rank:0 Epoch: [5/40], Step: [201/782], Loss: 0.5186853408813477
Rank:0 Epoch: [5/40], Step: [211/782], Loss: 0.44957220554351807
Rank:0 Epoch: [5/40], Step: [221/782], Loss: 0.46324530243873596
Rank:0 Epoch: [5/40], Step: [231/782], Loss: 0.6342528462409973
Rank:0 Epoch: [5/40], Step: [241/782], Loss: 0.4822806715965271
Rank:0 Epoch: [5/40], Step: [251/782], Loss: 0.4068979024887085
Rank:0 Epoch: [5/40], Step: [261/782], Loss: 0.440755695104599
Rank:0 Epoch: [5/40], Step: [271/782], Loss: 0.37856030464172363
Rank:0 Epoch: [5/40], Step: [281/782], Loss: 0.41407284140586853
Rank:0 Epoch: [5/40], Step: [291/782], Loss: 0.3463621735572815
Rank:0 Epoch: [5/40], Step: [301/782], Loss: 0.6396787762641907
Rank:0 Epoch: [5/40], Step: [311/782], Loss: 0.5151429772377014
Rank:0 Epoch: [5/40], Step: [321/782], Loss: 0.44551172852516174
Rank:0 Epoch: [5/40], Step: [331/782], Loss: 0.4383789598941803
Rank:0 Epoch: [5/40], Step: [341/782], Loss: 0.7269277572631836
Rank:0 Epoch: [5/40], Step: [351/782], Loss: 0.48294979333877563
Rank:0 Epoch: [5/40], Step: [361/782], Loss: 0.46267759799957275
Rank:0 Epoch: [5/40], Step: [371/782], Loss: 0.5943368673324585
Rank:0 Epoch: [5/40], Step: [381/782], Loss: 0.3639908730983734
Rank:0 Epoch: [5/40], Step: [391/782], Loss: 0.3513772487640381
Rank:0 Epoch: [5/40], Step: [401/782], Loss: 0.5970004796981812
Rank:0 Epoch: [5/40], Step: [411/782], Loss: 0.5793353915214539
Rank:0 Epoch: [5/40], Step: [421/782], Loss: 0.6227195858955383
Rank:0 Epoch: [5/40], Step: [431/782], Loss: 0.42805248498916626
Rank:0 Epoch: [5/40], Step: [441/782], Loss: 0.5132347345352173
Rank:0 Epoch: [5/40], Step: [451/782], Loss: 0.7632976770401001
Rank:0 Epoch: [5/40], Step: [461/782], Loss: 0.5074333548545837
Rank:0 Epoch: [5/40], Step: [471/782], Loss: 0.4963456690311432
Rank:0 Epoch: [5/40], Step: [481/782], Loss: 0.49673327803611755
Rank:0 Epoch: [5/40], Step: [491/782], Loss: 0.49074986577033997
Rank:0 Epoch: [5/40], Step: [501/782], Loss: 0.5823243260383606
Rank:0 Epoch: [5/40], Step: [511/782], Loss: 0.5017982125282288
Rank:0 Epoch: [5/40], Step: [521/782], Loss: 0.5423058867454529
Rank:0 Epoch: [5/40], Step: [531/782], Loss: 0.4603162407875061
Rank:0 Epoch: [5/40], Step: [541/782], Loss: 0.5457791686058044
Rank:0 Epoch: [5/40], Step: [551/782], Loss: 0.49695757031440735
Rank:0 Epoch: [5/40], Step: [561/782], Loss: 0.48300662636756897
Rank:0 Epoch: [5/40], Step: [571/782], Loss: 0.37382772564888
Rank:0 Epoch: [5/40], Step: [581/782], Loss: 0.43991580605506897
Rank:0 Epoch: [5/40], Step: [591/782], Loss: 0.4489606022834778
Rank:0 Epoch: [5/40], Step: [601/782], Loss: 0.5123614072799683
Rank:0 Epoch: [5/40], Step: [611/782], Loss: 0.3068246841430664
Rank:0 Epoch: [5/40], Step: [621/782], Loss: 0.5207496285438538
Rank:0 Epoch: [5/40], Step: [631/782], Loss: 0.397344708442688
Rank:0 Epoch: [5/40], Step: [641/782], Loss: 0.7072842717170715
Rank:0 Epoch: [5/40], Step: [651/782], Loss: 0.4099773168563843
Rank:0 Epoch: [5/40], Step: [661/782], Loss: 0.537180483341217
Rank:0 Epoch: [5/40], Step: [671/782], Loss: 0.7002665996551514
Rank:0 Epoch: [5/40], Step: [681/782], Loss: 0.36822646856307983
Rank:0 Epoch: [5/40], Step: [691/782], Loss: 0.47549009323120117
Rank:0 Epoch: [5/40], Step: [701/782], Loss: 0.6260415315628052
Rank:0 Epoch: [5/40], Step: [711/782], Loss: 0.43248364329338074
Rank:0 Epoch: [5/40], Step: [721/782], Loss: 0.3691382110118866
Rank:0 Epoch: [5/40], Step: [731/782], Loss: 0.4761318564414978
Rank:0 Epoch: [5/40], Step: [741/782], Loss: 0.6058536171913147
Rank:0 Epoch: [5/40], Step: [751/782], Loss: 0.3958462178707123
Rank:0 Epoch: [5/40], Step: [761/782], Loss: 0.2294214516878128
Rank:0 Epoch: [5/40], Step: [771/782], Loss: 0.4407975971698761
Rank:0 Epoch: [5/40], Step: [781/782], Loss: 0.5518982410430908
Current Test Acc: 0.8185
Rank:0 Epoch: [6/40], Step: [1/782], Loss: 0.3887494206428528
Rank:0 Epoch: [6/40], Step: [11/782], Loss: 0.34761765599250793
Rank:0 Epoch: [6/40], Step: [21/782], Loss: 0.3903338313102722
Rank:0 Epoch: [6/40], Step: [31/782], Loss: 0.3401195704936981
Rank:0 Epoch: [6/40], Step: [41/782], Loss: 0.45683005452156067
Rank:0 Epoch: [6/40], Step: [51/782], Loss: 0.4379746615886688
Rank:0 Epoch: [6/40], Step: [61/782], Loss: 0.28365325927734375
Rank:0 Epoch: [6/40], Step: [71/782], Loss: 0.4109351336956024
Rank:0 Epoch: [6/40], Step: [81/782], Loss: 0.49350959062576294
Rank:0 Epoch: [6/40], Step: [91/782], Loss: 0.5236098170280457
Rank:0 Epoch: [6/40], Step: [101/782], Loss: 0.3430598974227905
Rank:0 Epoch: [6/40], Step: [111/782], Loss: 0.4505069851875305
Rank:0 Epoch: [6/40], Step: [121/782], Loss: 0.40187329053878784
Rank:0 Epoch: [6/40], Step: [131/782], Loss: 0.609028697013855
Rank:0 Epoch: [6/40], Step: [141/782], Loss: 0.36022627353668213
Rank:0 Epoch: [6/40], Step: [151/782], Loss: 0.5519456267356873
Rank:0 Epoch: [6/40], Step: [161/782], Loss: 0.33274105191230774
Rank:0 Epoch: [6/40], Step: [171/782], Loss: 0.5164023637771606
Rank:0 Epoch: [6/40], Step: [181/782], Loss: 0.5683426260948181
Rank:0 Epoch: [6/40], Step: [191/782], Loss: 0.6735498309135437
Rank:0 Epoch: [6/40], Step: [201/782], Loss: 0.6403295993804932
Rank:0 Epoch: [6/40], Step: [211/782], Loss: 0.5529323816299438
Rank:0 Epoch: [6/40], Step: [221/782], Loss: 0.25594860315322876
Rank:0 Epoch: [6/40], Step: [231/782], Loss: 0.5860908031463623
Rank:0 Epoch: [6/40], Step: [241/782], Loss: 0.4121909439563751
Rank:0 Epoch: [6/40], Step: [251/782], Loss: 0.48827168345451355
Rank:0 Epoch: [6/40], Step: [261/782], Loss: 0.5086109638214111
Rank:0 Epoch: [6/40], Step: [271/782], Loss: 0.5238840579986572
Rank:0 Epoch: [6/40], Step: [281/782], Loss: 0.5259108543395996
Rank:0 Epoch: [6/40], Step: [291/782], Loss: 0.4711790978908539
Rank:0 Epoch: [6/40], Step: [301/782], Loss: 0.381044864654541
Rank:0 Epoch: [6/40], Step: [311/782], Loss: 0.43762728571891785
Rank:0 Epoch: [6/40], Step: [321/782], Loss: 0.35638943314552307
Rank:0 Epoch: [6/40], Step: [331/782], Loss: 0.31550371646881104
Rank:0 Epoch: [6/40], Step: [341/782], Loss: 0.39602863788604736
Rank:0 Epoch: [6/40], Step: [351/782], Loss: 0.40049368143081665
Rank:0 Epoch: [6/40], Step: [361/782], Loss: 0.5589998364448547
Rank:0 Epoch: [6/40], Step: [371/782], Loss: 0.4311586022377014
Rank:0 Epoch: [6/40], Step: [381/782], Loss: 0.2229575216770172
Rank:0 Epoch: [6/40], Step: [391/782], Loss: 0.5882956385612488
Rank:0 Epoch: [6/40], Step: [401/782], Loss: 0.4670494794845581
Rank:0 Epoch: [6/40], Step: [411/782], Loss: 0.3045450747013092
Rank:0 Epoch: [6/40], Step: [421/782], Loss: 0.42144131660461426
Rank:0 Epoch: [6/40], Step: [431/782], Loss: 0.2671109437942505
Rank:0 Epoch: [6/40], Step: [441/782], Loss: 0.38766026496887207
Rank:0 Epoch: [6/40], Step: [451/782], Loss: 0.5493253469467163
Rank:0 Epoch: [6/40], Step: [461/782], Loss: 0.6563386917114258
Rank:0 Epoch: [6/40], Step: [471/782], Loss: 0.4328017234802246
Rank:0 Epoch: [6/40], Step: [481/782], Loss: 0.5456042885780334
Rank:0 Epoch: [6/40], Step: [491/782], Loss: 0.560206949710846
Rank:0 Epoch: [6/40], Step: [501/782], Loss: 0.6448257565498352
Rank:0 Epoch: [6/40], Step: [511/782], Loss: 0.534954309463501
Rank:0 Epoch: [6/40], Step: [521/782], Loss: 0.22530247271060944
Rank:0 Epoch: [6/40], Step: [531/782], Loss: 0.49360233545303345
Rank:0 Epoch: [6/40], Step: [541/782], Loss: 0.6072540283203125
Rank:0 Epoch: [6/40], Step: [551/782], Loss: 0.43199291825294495
Rank:0 Epoch: [6/40], Step: [561/782], Loss: 0.5334152579307556
Rank:0 Epoch: [6/40], Step: [571/782], Loss: 0.4860611855983734
Rank:0 Epoch: [6/40], Step: [581/782], Loss: 0.5565258860588074
Rank:0 Epoch: [6/40], Step: [591/782], Loss: 0.34947505593299866
Rank:0 Epoch: [6/40], Step: [601/782], Loss: 0.3871040940284729
Rank:0 Epoch: [6/40], Step: [611/782], Loss: 0.4577391445636749
Rank:0 Epoch: [6/40], Step: [621/782], Loss: 0.32158002257347107
Rank:0 Epoch: [6/40], Step: [631/782], Loss: 0.5433943271636963
Rank:0 Epoch: [6/40], Step: [641/782], Loss: 0.35450029373168945
Rank:0 Epoch: [6/40], Step: [651/782], Loss: 0.41281765699386597
Rank:0 Epoch: [6/40], Step: [661/782], Loss: 0.41657283902168274
Rank:0 Epoch: [6/40], Step: [671/782], Loss: 0.4578098952770233
Rank:0 Epoch: [6/40], Step: [681/782], Loss: 0.4788326919078827
Rank:0 Epoch: [6/40], Step: [691/782], Loss: 0.31720423698425293
Rank:0 Epoch: [6/40], Step: [701/782], Loss: 0.47809332609176636
Rank:0 Epoch: [6/40], Step: [711/782], Loss: 0.40766552090644836
Rank:0 Epoch: [6/40], Step: [721/782], Loss: 0.3138485252857208
Rank:0 Epoch: [6/40], Step: [731/782], Loss: 0.6801280975341797
Rank:0 Epoch: [6/40], Step: [741/782], Loss: 0.6040599942207336
Rank:0 Epoch: [6/40], Step: [751/782], Loss: 0.32859253883361816
Rank:0 Epoch: [6/40], Step: [761/782], Loss: 0.4155096411705017
Rank:0 Epoch: [6/40], Step: [771/782], Loss: 0.5854337811470032
Rank:0 Epoch: [6/40], Step: [781/782], Loss: 0.39462143182754517
Current Test Acc: 0.8121
Rank:0 Epoch: [7/40], Step: [1/782], Loss: 0.2767184376716614
Rank:0 Epoch: [7/40], Step: [11/782], Loss: 0.5269546508789062
Rank:0 Epoch: [7/40], Step: [21/782], Loss: 0.46859151124954224
Rank:0 Epoch: [7/40], Step: [31/782], Loss: 0.42110446095466614
Rank:0 Epoch: [7/40], Step: [41/782], Loss: 0.537205159664154
Rank:0 Epoch: [7/40], Step: [51/782], Loss: 0.5312884449958801
Rank:0 Epoch: [7/40], Step: [61/782], Loss: 0.33928829431533813
Rank:0 Epoch: [7/40], Step: [71/782], Loss: 0.4628453552722931
Rank:0 Epoch: [7/40], Step: [81/782], Loss: 0.4490252137184143
Rank:0 Epoch: [7/40], Step: [91/782], Loss: 0.4089977443218231
Rank:0 Epoch: [7/40], Step: [101/782], Loss: 0.39176681637763977
Rank:0 Epoch: [7/40], Step: [111/782], Loss: 0.4254705011844635
Rank:0 Epoch: [7/40], Step: [121/782], Loss: 0.6709814667701721
Rank:0 Epoch: [7/40], Step: [131/782], Loss: 0.6147651672363281
Rank:0 Epoch: [7/40], Step: [141/782], Loss: 0.3452804982662201
Rank:0 Epoch: [7/40], Step: [151/782], Loss: 0.4737789034843445
Rank:0 Epoch: [7/40], Step: [161/782], Loss: 0.36704158782958984
Rank:0 Epoch: [7/40], Step: [171/782], Loss: 0.5228416323661804
Rank:0 Epoch: [7/40], Step: [181/782], Loss: 0.40657979249954224
Rank:0 Epoch: [7/40], Step: [191/782], Loss: 0.44972699880599976
Rank:0 Epoch: [7/40], Step: [201/782], Loss: 0.3250884413719177
Rank:0 Epoch: [7/40], Step: [211/782], Loss: 0.6459208130836487
Rank:0 Epoch: [7/40], Step: [221/782], Loss: 0.5828458070755005
Rank:0 Epoch: [7/40], Step: [231/782], Loss: 0.4813692271709442
Rank:0 Epoch: [7/40], Step: [241/782], Loss: 0.5896206498146057
Rank:0 Epoch: [7/40], Step: [251/782], Loss: 0.4342065453529358
Rank:0 Epoch: [7/40], Step: [261/782], Loss: 0.5386967658996582
Rank:0 Epoch: [7/40], Step: [271/782], Loss: 0.6351878643035889
Rank:0 Epoch: [7/40], Step: [281/782], Loss: 0.35753995180130005
Rank:0 Epoch: [7/40], Step: [291/782], Loss: 0.5223548412322998
Rank:0 Epoch: [7/40], Step: [301/782], Loss: 0.39622437953948975
Rank:0 Epoch: [7/40], Step: [311/782], Loss: 0.6280421614646912
Rank:0 Epoch: [7/40], Step: [321/782], Loss: 0.39492109417915344
Rank:0 Epoch: [7/40], Step: [331/782], Loss: 0.4516019821166992
Rank:0 Epoch: [7/40], Step: [341/782], Loss: 0.7702224254608154
Rank:0 Epoch: [7/40], Step: [351/782], Loss: 0.3215654194355011
Rank:0 Epoch: [7/40], Step: [361/782], Loss: 0.3772872984409332
Rank:0 Epoch: [7/40], Step: [371/782], Loss: 0.6742347478866577
Rank:0 Epoch: [7/40], Step: [381/782], Loss: 0.49931782484054565
Rank:0 Epoch: [7/40], Step: [391/782], Loss: 0.6882324814796448
Rank:0 Epoch: [7/40], Step: [401/782], Loss: 0.4551767408847809
Rank:0 Epoch: [7/40], Step: [411/782], Loss: 0.6445174813270569
Rank:0 Epoch: [7/40], Step: [421/782], Loss: 0.3427737355232239
Rank:0 Epoch: [7/40], Step: [431/782], Loss: 0.3824337124824524
Rank:0 Epoch: [7/40], Step: [441/782], Loss: 0.3319588005542755
Rank:0 Epoch: [7/40], Step: [451/782], Loss: 0.393118292093277
Rank:0 Epoch: [7/40], Step: [461/782], Loss: 0.6319342851638794
Rank:0 Epoch: [7/40], Step: [471/782], Loss: 0.54386967420578
Rank:0 Epoch: [7/40], Step: [481/782], Loss: 0.6804870367050171
Rank:0 Epoch: [7/40], Step: [491/782], Loss: 0.34358641505241394
Rank:0 Epoch: [7/40], Step: [501/782], Loss: 0.38153138756752014
Rank:0 Epoch: [7/40], Step: [511/782], Loss: 0.44706761837005615
Rank:0 Epoch: [7/40], Step: [521/782], Loss: 0.5523659586906433
Rank:0 Epoch: [7/40], Step: [531/782], Loss: 0.3225310742855072
Rank:0 Epoch: [7/40], Step: [541/782], Loss: 0.2957732379436493
Rank:0 Epoch: [7/40], Step: [551/782], Loss: 0.6360070705413818
Rank:0 Epoch: [7/40], Step: [561/782], Loss: 0.4248068332672119
Rank:0 Epoch: [7/40], Step: [571/782], Loss: 0.6373846530914307
Rank:0 Epoch: [7/40], Step: [581/782], Loss: 0.5465222597122192
Rank:0 Epoch: [7/40], Step: [591/782], Loss: 0.35309547185897827
Rank:0 Epoch: [7/40], Step: [601/782], Loss: 0.5823782086372375
Rank:0 Epoch: [7/40], Step: [611/782], Loss: 0.43709054589271545
Rank:0 Epoch: [7/40], Step: [621/782], Loss: 0.2783186137676239
Rank:0 Epoch: [7/40], Step: [631/782], Loss: 0.4554019868373871
Rank:0 Epoch: [7/40], Step: [641/782], Loss: 0.57301926612854
Rank:0 Epoch: [7/40], Step: [651/782], Loss: 0.4722263216972351
Rank:0 Epoch: [7/40], Step: [661/782], Loss: 0.37790408730506897
Rank:0 Epoch: [7/40], Step: [671/782], Loss: 0.47085845470428467
Rank:0 Epoch: [7/40], Step: [681/782], Loss: 0.3771735727787018
Rank:0 Epoch: [7/40], Step: [691/782], Loss: 0.8739271759986877
Rank:0 Epoch: [7/40], Step: [701/782], Loss: 0.4042046070098877
Rank:0 Epoch: [7/40], Step: [711/782], Loss: 0.3748154640197754
Rank:0 Epoch: [7/40], Step: [721/782], Loss: 0.3605152666568756
Rank:0 Epoch: [7/40], Step: [731/782], Loss: 0.5228869318962097
Rank:0 Epoch: [7/40], Step: [741/782], Loss: 0.6074737310409546
Rank:0 Epoch: [7/40], Step: [751/782], Loss: 0.3775773346424103
Rank:0 Epoch: [7/40], Step: [761/782], Loss: 0.3800084590911865
Rank:0 Epoch: [7/40], Step: [771/782], Loss: 0.3516530394554138
Rank:0 Epoch: [7/40], Step: [781/782], Loss: 0.4362267553806305
Current Test Acc: 0.8182
Rank:0 Epoch: [8/40], Step: [1/782], Loss: 0.5194814801216125
Rank:0 Epoch: [8/40], Step: [11/782], Loss: 0.46445515751838684
Rank:0 Epoch: [8/40], Step: [21/782], Loss: 0.5759925246238708
Rank:0 Epoch: [8/40], Step: [31/782], Loss: 0.5380678772926331
Rank:0 Epoch: [8/40], Step: [41/782], Loss: 0.5513703227043152
Rank:0 Epoch: [8/40], Step: [51/782], Loss: 0.20029741525650024
Rank:0 Epoch: [8/40], Step: [61/782], Loss: 0.24685971438884735
Rank:0 Epoch: [8/40], Step: [71/782], Loss: 0.4070161283016205
Rank:0 Epoch: [8/40], Step: [81/782], Loss: 0.5236209630966187
Rank:0 Epoch: [8/40], Step: [91/782], Loss: 0.4770137667655945
Rank:0 Epoch: [8/40], Step: [101/782], Loss: 0.4618242084980011
Rank:0 Epoch: [8/40], Step: [111/782], Loss: 0.6080461144447327
Rank:0 Epoch: [8/40], Step: [121/782], Loss: 0.24324609339237213
Rank:0 Epoch: [8/40], Step: [131/782], Loss: 0.4126024842262268
Rank:0 Epoch: [8/40], Step: [141/782], Loss: 0.6924018263816833
Rank:0 Epoch: [8/40], Step: [151/782], Loss: 0.45807746052742004
Rank:0 Epoch: [8/40], Step: [161/782], Loss: 0.44197535514831543
Rank:0 Epoch: [8/40], Step: [171/782], Loss: 0.41021713614463806
Rank:0 Epoch: [8/40], Step: [181/782], Loss: 0.5334832072257996
Rank:0 Epoch: [8/40], Step: [191/782], Loss: 0.3634546101093292
Rank:0 Epoch: [8/40], Step: [201/782], Loss: 0.4961560070514679
Rank:0 Epoch: [8/40], Step: [211/782], Loss: 0.5292330384254456
Rank:0 Epoch: [8/40], Step: [221/782], Loss: 0.3791675269603729
Rank:0 Epoch: [8/40], Step: [231/782], Loss: 0.33596837520599365
Rank:0 Epoch: [8/40], Step: [241/782], Loss: 0.5382533669471741
Rank:0 Epoch: [8/40], Step: [251/782], Loss: 0.36181801557540894
Rank:0 Epoch: [8/40], Step: [261/782], Loss: 0.2573409378528595
Rank:0 Epoch: [8/40], Step: [271/782], Loss: 0.5459852814674377
Rank:0 Epoch: [8/40], Step: [281/782], Loss: 0.651244580745697
Rank:0 Epoch: [8/40], Step: [291/782], Loss: 0.5884726643562317
Rank:0 Epoch: [8/40], Step: [301/782], Loss: 0.38992413878440857
Rank:0 Epoch: [8/40], Step: [311/782], Loss: 0.39288750290870667
Rank:0 Epoch: [8/40], Step: [321/782], Loss: 0.5528897047042847
Rank:0 Epoch: [8/40], Step: [331/782], Loss: 0.5373020768165588
Rank:0 Epoch: [8/40], Step: [341/782], Loss: 0.5595406293869019
Rank:0 Epoch: [8/40], Step: [351/782], Loss: 0.3706294596195221
Rank:0 Epoch: [8/40], Step: [361/782], Loss: 0.47940149903297424
Rank:0 Epoch: [8/40], Step: [371/782], Loss: 0.41305553913116455
Rank:0 Epoch: [8/40], Step: [381/782], Loss: 0.4552522599697113
Rank:0 Epoch: [8/40], Step: [391/782], Loss: 0.5528777241706848
Rank:0 Epoch: [8/40], Step: [401/782], Loss: 0.387976735830307
Rank:0 Epoch: [8/40], Step: [411/782], Loss: 0.36145636439323425
Rank:0 Epoch: [8/40], Step: [421/782], Loss: 0.3990215063095093
Rank:0 Epoch: [8/40], Step: [431/782], Loss: 0.32077354192733765
Rank:0 Epoch: [8/40], Step: [441/782], Loss: 0.5333664417266846
Rank:0 Epoch: [8/40], Step: [451/782], Loss: 0.4778006076812744
Rank:0 Epoch: [8/40], Step: [461/782], Loss: 0.6034597754478455
Rank:0 Epoch: [8/40], Step: [471/782], Loss: 0.4983956515789032
Rank:0 Epoch: [8/40], Step: [481/782], Loss: 0.6511188745498657
Rank:0 Epoch: [8/40], Step: [491/782], Loss: 0.3044619560241699
Rank:0 Epoch: [8/40], Step: [501/782], Loss: 0.5092803835868835
Rank:0 Epoch: [8/40], Step: [511/782], Loss: 0.28005561232566833
Rank:0 Epoch: [8/40], Step: [521/782], Loss: 0.7051896452903748
Rank:0 Epoch: [8/40], Step: [531/782], Loss: 0.6032556891441345
Rank:0 Epoch: [8/40], Step: [541/782], Loss: 0.48971855640411377
Rank:0 Epoch: [8/40], Step: [551/782], Loss: 0.2827388346195221
Rank:0 Epoch: [8/40], Step: [561/782], Loss: 0.6481883525848389
Rank:0 Epoch: [8/40], Step: [571/782], Loss: 0.38547423481941223
Rank:0 Epoch: [8/40], Step: [581/782], Loss: 0.3558121919631958
Rank:0 Epoch: [8/40], Step: [591/782], Loss: 0.4582693576812744
Rank:0 Epoch: [8/40], Step: [601/782], Loss: 0.49839410185813904
Rank:0 Epoch: [8/40], Step: [611/782], Loss: 0.3410969078540802
Rank:0 Epoch: [8/40], Step: [621/782], Loss: 0.30792102217674255
Rank:0 Epoch: [8/40], Step: [631/782], Loss: 0.4035909175872803
Rank:0 Epoch: [8/40], Step: [641/782], Loss: 0.5674538612365723
Rank:0 Epoch: [8/40], Step: [651/782], Loss: 0.571159839630127
Rank:0 Epoch: [8/40], Step: [661/782], Loss: 0.4558912217617035
Rank:0 Epoch: [8/40], Step: [671/782], Loss: 0.5426654815673828
Rank:0 Epoch: [8/40], Step: [681/782], Loss: 0.3540049195289612
Rank:0 Epoch: [8/40], Step: [691/782], Loss: 0.6400033235549927
Rank:0 Epoch: [8/40], Step: [701/782], Loss: 0.7437757253646851
Rank:0 Epoch: [8/40], Step: [711/782], Loss: 0.4362765848636627
Rank:0 Epoch: [8/40], Step: [721/782], Loss: 0.5012221336364746
Rank:0 Epoch: [8/40], Step: [731/782], Loss: 0.5367915630340576
Rank:0 Epoch: [8/40], Step: [741/782], Loss: 0.5786427855491638
Rank:0 Epoch: [8/40], Step: [751/782], Loss: 0.3059430718421936
Rank:0 Epoch: [8/40], Step: [761/782], Loss: 0.4515719711780548
Rank:0 Epoch: [8/40], Step: [771/782], Loss: 0.4646022319793701
Rank:0 Epoch: [8/40], Step: [781/782], Loss: 0.40600651502609253
Current Test Acc: 0.8146
Rank:0 Epoch: [9/40], Step: [1/782], Loss: 0.4418659508228302
Rank:0 Epoch: [9/40], Step: [11/782], Loss: 0.3250615894794464
Rank:0 Epoch: [9/40], Step: [21/782], Loss: 0.38090935349464417
Rank:0 Epoch: [9/40], Step: [31/782], Loss: 0.6202618479728699
Rank:0 Epoch: [9/40], Step: [41/782], Loss: 0.3940603733062744
Rank:0 Epoch: [9/40], Step: [51/782], Loss: 0.4376995861530304
Rank:0 Epoch: [9/40], Step: [61/782], Loss: 0.35323095321655273
Rank:0 Epoch: [9/40], Step: [71/782], Loss: 0.5699613690376282
Rank:0 Epoch: [9/40], Step: [81/782], Loss: 0.3664381504058838
Rank:0 Epoch: [9/40], Step: [91/782], Loss: 0.6632790565490723
Rank:0 Epoch: [9/40], Step: [101/782], Loss: 0.26964956521987915
Rank:0 Epoch: [9/40], Step: [111/782], Loss: 0.5614525079727173
Rank:0 Epoch: [9/40], Step: [121/782], Loss: 0.41933804750442505
Rank:0 Epoch: [9/40], Step: [131/782], Loss: 0.42672669887542725
Rank:0 Epoch: [9/40], Step: [141/782], Loss: 0.3377337157726288
Rank:0 Epoch: [9/40], Step: [151/782], Loss: 0.20547230541706085
Rank:0 Epoch: [9/40], Step: [161/782], Loss: 0.29727303981781006
Rank:0 Epoch: [9/40], Step: [171/782], Loss: 0.4180612564086914
Rank:0 Epoch: [9/40], Step: [181/782], Loss: 0.4029647707939148
Rank:0 Epoch: [9/40], Step: [191/782], Loss: 0.41331446170806885
Rank:0 Epoch: [9/40], Step: [201/782], Loss: 0.5180363059043884
Rank:0 Epoch: [9/40], Step: [211/782], Loss: 0.41077950596809387
Rank:0 Epoch: [9/40], Step: [221/782], Loss: 0.3796432316303253
Rank:0 Epoch: [9/40], Step: [231/782], Loss: 0.2292138636112213
Rank:0 Epoch: [9/40], Step: [241/782], Loss: 0.3421543836593628
Rank:0 Epoch: [9/40], Step: [251/782], Loss: 0.5778094530105591
Rank:0 Epoch: [9/40], Step: [261/782], Loss: 0.3928641974925995
Rank:0 Epoch: [9/40], Step: [271/782], Loss: 0.5003902912139893
Rank:0 Epoch: [9/40], Step: [281/782], Loss: 0.4789462685585022
Rank:0 Epoch: [9/40], Step: [291/782], Loss: 0.39649105072021484
Rank:0 Epoch: [9/40], Step: [301/782], Loss: 0.3683127760887146
Rank:0 Epoch: [9/40], Step: [311/782], Loss: 0.33989813923835754
Rank:0 Epoch: [9/40], Step: [321/782], Loss: 0.3745565116405487
Rank:0 Epoch: [9/40], Step: [331/782], Loss: 0.3118194043636322
Rank:0 Epoch: [9/40], Step: [341/782], Loss: 0.4224027395248413
Rank:0 Epoch: [9/40], Step: [351/782], Loss: 0.19972243905067444
Rank:0 Epoch: [9/40], Step: [361/782], Loss: 0.570907711982727
Rank:0 Epoch: [9/40], Step: [371/782], Loss: 0.30456018447875977
Rank:0 Epoch: [9/40], Step: [381/782], Loss: 0.3743268847465515
Rank:0 Epoch: [9/40], Step: [391/782], Loss: 0.379994660615921
Rank:0 Epoch: [9/40], Step: [401/782], Loss: 0.3306347727775574
Rank:0 Epoch: [9/40], Step: [411/782], Loss: 0.26321032643318176
Rank:0 Epoch: [9/40], Step: [421/782], Loss: 0.45312654972076416
Rank:0 Epoch: [9/40], Step: [431/782], Loss: 0.5170479416847229
Rank:0 Epoch: [9/40], Step: [441/782], Loss: 0.4758610725402832
Rank:0 Epoch: [9/40], Step: [451/782], Loss: 0.35234206914901733
Rank:0 Epoch: [9/40], Step: [461/782], Loss: 0.41014954447746277
Rank:0 Epoch: [9/40], Step: [471/782], Loss: 0.3246757388114929
Rank:0 Epoch: [9/40], Step: [481/782], Loss: 0.5271109342575073
Rank:0 Epoch: [9/40], Step: [491/782], Loss: 0.4315556287765503
Rank:0 Epoch: [9/40], Step: [501/782], Loss: 0.296700656414032
Rank:0 Epoch: [9/40], Step: [511/782], Loss: 0.4420963525772095
Rank:0 Epoch: [9/40], Step: [521/782], Loss: 0.5305523872375488
Rank:0 Epoch: [9/40], Step: [531/782], Loss: 0.4902322292327881
Rank:0 Epoch: [9/40], Step: [541/782], Loss: 0.521910548210144
Rank:0 Epoch: [9/40], Step: [551/782], Loss: 0.4943346083164215
Rank:0 Epoch: [9/40], Step: [561/782], Loss: 0.4881030321121216
Rank:0 Epoch: [9/40], Step: [571/782], Loss: 0.3321259021759033
Rank:0 Epoch: [9/40], Step: [581/782], Loss: 0.5177658796310425
Rank:0 Epoch: [9/40], Step: [591/782], Loss: 0.4587028920650482
Rank:0 Epoch: [9/40], Step: [601/782], Loss: 0.4662364423274994
Rank:0 Epoch: [9/40], Step: [611/782], Loss: 0.3120632469654083
Rank:0 Epoch: [9/40], Step: [621/782], Loss: 0.4124508500099182
Rank:0 Epoch: [9/40], Step: [631/782], Loss: 0.40330952405929565
Rank:0 Epoch: [9/40], Step: [641/782], Loss: 0.4676966667175293
Rank:0 Epoch: [9/40], Step: [651/782], Loss: 0.5556334853172302
Rank:0 Epoch: [9/40], Step: [661/782], Loss: 0.46077150106430054
Rank:0 Epoch: [9/40], Step: [671/782], Loss: 0.4503166973590851
Rank:0 Epoch: [9/40], Step: [681/782], Loss: 0.5248193144798279
Rank:0 Epoch: [9/40], Step: [691/782], Loss: 0.4171985387802124
Rank:0 Epoch: [9/40], Step: [701/782], Loss: 0.4456314742565155
Rank:0 Epoch: [9/40], Step: [711/782], Loss: 0.288357138633728
Rank:0 Epoch: [9/40], Step: [721/782], Loss: 0.3514575660228729
Rank:0 Epoch: [9/40], Step: [731/782], Loss: 0.4792124032974243
Rank:0 Epoch: [9/40], Step: [741/782], Loss: 0.30239444971084595
Rank:0 Epoch: [9/40], Step: [751/782], Loss: 0.48256540298461914
Rank:0 Epoch: [9/40], Step: [761/782], Loss: 0.39397504925727844
Rank:0 Epoch: [9/40], Step: [771/782], Loss: 0.5732284784317017
Rank:0 Epoch: [9/40], Step: [781/782], Loss: 0.6058026552200317
Current Test Acc: 0.8097
Rank:0 Epoch: [10/40], Step: [1/782], Loss: 0.5268226861953735
Rank:0 Epoch: [10/40], Step: [11/782], Loss: 0.49786466360092163
Rank:0 Epoch: [10/40], Step: [21/782], Loss: 0.44387778639793396
Rank:0 Epoch: [10/40], Step: [31/782], Loss: 0.40522468090057373
Rank:0 Epoch: [10/40], Step: [41/782], Loss: 0.5473435521125793
Rank:0 Epoch: [10/40], Step: [51/782], Loss: 0.6192677021026611
Rank:0 Epoch: [10/40], Step: [61/782], Loss: 0.31382933259010315
Rank:0 Epoch: [10/40], Step: [71/782], Loss: 0.3639707863330841
Rank:0 Epoch: [10/40], Step: [81/782], Loss: 0.2519620954990387
Rank:0 Epoch: [10/40], Step: [91/782], Loss: 0.5212650895118713
Rank:0 Epoch: [10/40], Step: [101/782], Loss: 0.37472715973854065
Rank:0 Epoch: [10/40], Step: [111/782], Loss: 0.4777963161468506
Rank:0 Epoch: [10/40], Step: [121/782], Loss: 0.29557183384895325
Rank:0 Epoch: [10/40], Step: [131/782], Loss: 0.41202712059020996
Rank:0 Epoch: [10/40], Step: [141/782], Loss: 0.3106207847595215
Rank:0 Epoch: [10/40], Step: [151/782], Loss: 0.22211597859859467
Rank:0 Epoch: [10/40], Step: [161/782], Loss: 0.28164219856262207
Rank:0 Epoch: [10/40], Step: [171/782], Loss: 0.5477517247200012
Rank:0 Epoch: [10/40], Step: [181/782], Loss: 0.38882437348365784
Rank:0 Epoch: [10/40], Step: [191/782], Loss: 0.4852430522441864
Rank:0 Epoch: [10/40], Step: [201/782], Loss: 0.4304239749908447
Rank:0 Epoch: [10/40], Step: [211/782], Loss: 0.6047276258468628
Rank:0 Epoch: [10/40], Step: [221/782], Loss: 0.45066460967063904
Rank:0 Epoch: [10/40], Step: [231/782], Loss: 0.4178200662136078
Rank:0 Epoch: [10/40], Step: [241/782], Loss: 0.41481199860572815
Rank:0 Epoch: [10/40], Step: [251/782], Loss: 0.535466194152832
Rank:0 Epoch: [10/40], Step: [261/782], Loss: 0.3384109437465668
Rank:0 Epoch: [10/40], Step: [271/782], Loss: 0.3016236424446106
Rank:0 Epoch: [10/40], Step: [281/782], Loss: 0.4515361785888672
Rank:0 Epoch: [10/40], Step: [291/782], Loss: 0.32584041357040405
Rank:0 Epoch: [10/40], Step: [301/782], Loss: 0.3969745337963104
Rank:0 Epoch: [10/40], Step: [311/782], Loss: 0.4292384684085846
Rank:0 Epoch: [10/40], Step: [321/782], Loss: 0.5500968098640442
Rank:0 Epoch: [10/40], Step: [331/782], Loss: 0.38841328024864197
Rank:0 Epoch: [10/40], Step: [341/782], Loss: 0.5004838109016418
Rank:0 Epoch: [10/40], Step: [351/782], Loss: 0.338968425989151
Rank:0 Epoch: [10/40], Step: [361/782], Loss: 0.2565152943134308
Rank:0 Epoch: [10/40], Step: [371/782], Loss: 0.4250904619693756
Rank:0 Epoch: [10/40], Step: [381/782], Loss: 0.49012291431427
Rank:0 Epoch: [10/40], Step: [391/782], Loss: 0.6876021027565002
Rank:0 Epoch: [10/40], Step: [401/782], Loss: 0.451270192861557
Rank:0 Epoch: [10/40], Step: [411/782], Loss: 0.5338727235794067
Rank:0 Epoch: [10/40], Step: [421/782], Loss: 0.27544042468070984
Rank:0 Epoch: [10/40], Step: [431/782], Loss: 0.3762132227420807
Rank:0 Epoch: [10/40], Step: [441/782], Loss: 0.41423478722572327
Rank:0 Epoch: [10/40], Step: [451/782], Loss: 0.5182609558105469
Rank:0 Epoch: [10/40], Step: [461/782], Loss: 0.6761887669563293
Rank:0 Epoch: [10/40], Step: [471/782], Loss: 0.5150014162063599
Rank:0 Epoch: [10/40], Step: [481/782], Loss: 0.37993425130844116
Rank:0 Epoch: [10/40], Step: [491/782], Loss: 0.47197481989860535
Rank:0 Epoch: [10/40], Step: [501/782], Loss: 0.26192596554756165
Rank:0 Epoch: [10/40], Step: [511/782], Loss: 0.3925788402557373
Rank:0 Epoch: [10/40], Step: [521/782], Loss: 0.3007127344608307
Rank:0 Epoch: [10/40], Step: [531/782], Loss: 0.47247493267059326
Rank:0 Epoch: [10/40], Step: [541/782], Loss: 0.37296414375305176
Rank:0 Epoch: [10/40], Step: [551/782], Loss: 0.5731296539306641
Rank:0 Epoch: [10/40], Step: [561/782], Loss: 0.4590834081172943
Rank:0 Epoch: [10/40], Step: [571/782], Loss: 0.5274338126182556
Rank:0 Epoch: [10/40], Step: [581/782], Loss: 0.5972021818161011
Rank:0 Epoch: [10/40], Step: [591/782], Loss: 0.4157870411872864
Rank:0 Epoch: [10/40], Step: [601/782], Loss: 0.38483649492263794
Rank:0 Epoch: [10/40], Step: [611/782], Loss: 0.37435245513916016
Rank:0 Epoch: [10/40], Step: [621/782], Loss: 0.453328937292099
Rank:0 Epoch: [10/40], Step: [631/782], Loss: 0.6170677542686462
Rank:0 Epoch: [10/40], Step: [641/782], Loss: 0.5185531377792358
Rank:0 Epoch: [10/40], Step: [651/782], Loss: 0.40597712993621826
Rank:0 Epoch: [10/40], Step: [661/782], Loss: 0.540003776550293
Rank:0 Epoch: [10/40], Step: [671/782], Loss: 0.6124024987220764
Rank:0 Epoch: [10/40], Step: [681/782], Loss: 0.5831003785133362
Rank:0 Epoch: [10/40], Step: [691/782], Loss: 0.5335808396339417
Rank:0 Epoch: [10/40], Step: [701/782], Loss: 0.4503164291381836
Rank:0 Epoch: [10/40], Step: [711/782], Loss: 0.3391917943954468
Rank:0 Epoch: [10/40], Step: [721/782], Loss: 0.34279173612594604
Rank:0 Epoch: [10/40], Step: [731/782], Loss: 0.5330145955085754
Rank:0 Epoch: [10/40], Step: [741/782], Loss: 0.3544909954071045
Rank:0 Epoch: [10/40], Step: [751/782], Loss: 0.32075977325439453
Rank:0 Epoch: [10/40], Step: [761/782], Loss: 0.401526540517807
Rank:0 Epoch: [10/40], Step: [771/782], Loss: 0.3335159718990326
Rank:0 Epoch: [10/40], Step: [781/782], Loss: 0.4553816616535187
Current Test Acc: 0.8157
Rank:0 Epoch: [11/40], Step: [1/782], Loss: 0.504743754863739
Rank:0 Epoch: [11/40], Step: [11/782], Loss: 0.25728005170822144
Rank:0 Epoch: [11/40], Step: [21/782], Loss: 0.42538532614707947
Rank:0 Epoch: [11/40], Step: [31/782], Loss: 0.30926188826560974
Rank:0 Epoch: [11/40], Step: [41/782], Loss: 0.5980257391929626
Rank:0 Epoch: [11/40], Step: [51/782], Loss: 0.2490721493959427
Rank:0 Epoch: [11/40], Step: [61/782], Loss: 0.4955703318119049
Rank:0 Epoch: [11/40], Step: [71/782], Loss: 0.493405818939209
Rank:0 Epoch: [11/40], Step: [81/782], Loss: 0.2684275507926941
Rank:0 Epoch: [11/40], Step: [91/782], Loss: 0.49815094470977783
Rank:0 Epoch: [11/40], Step: [101/782], Loss: 0.5133607983589172
Rank:0 Epoch: [11/40], Step: [111/782], Loss: 0.353505402803421
Rank:0 Epoch: [11/40], Step: [121/782], Loss: 0.34849923849105835
Rank:0 Epoch: [11/40], Step: [131/782], Loss: 0.3531454801559448
Rank:0 Epoch: [11/40], Step: [141/782], Loss: 0.4710950553417206
Rank:0 Epoch: [11/40], Step: [151/782], Loss: 0.5614963173866272
Rank:0 Epoch: [11/40], Step: [161/782], Loss: 0.6650851368904114
Rank:0 Epoch: [11/40], Step: [171/782], Loss: 0.38414889574050903
Rank:0 Epoch: [11/40], Step: [181/782], Loss: 0.5332991480827332
Rank:0 Epoch: [11/40], Step: [191/782], Loss: 0.34748417139053345
Rank:0 Epoch: [11/40], Step: [201/782], Loss: 0.4592229127883911
Rank:0 Epoch: [11/40], Step: [211/782], Loss: 0.44716352224349976
Rank:0 Epoch: [11/40], Step: [221/782], Loss: 0.3739674985408783
Rank:0 Epoch: [11/40], Step: [231/782], Loss: 0.42725634574890137
Rank:0 Epoch: [11/40], Step: [241/782], Loss: 0.5947402119636536
Rank:0 Epoch: [11/40], Step: [251/782], Loss: 0.45721983909606934
Rank:0 Epoch: [11/40], Step: [261/782], Loss: 0.5527024269104004
Rank:0 Epoch: [11/40], Step: [271/782], Loss: 0.24725691974163055
Rank:0 Epoch: [11/40], Step: [281/782], Loss: 0.3975125849246979
Rank:0 Epoch: [11/40], Step: [291/782], Loss: 0.3902171850204468
Rank:0 Epoch: [11/40], Step: [301/782], Loss: 0.2812792658805847
Rank:0 Epoch: [11/40], Step: [311/782], Loss: 0.3924283981323242
Rank:0 Epoch: [11/40], Step: [321/782], Loss: 0.45745643973350525
Rank:0 Epoch: [11/40], Step: [331/782], Loss: 0.708473801612854
Rank:0 Epoch: [11/40], Step: [341/782], Loss: 0.5412737131118774
Rank:0 Epoch: [11/40], Step: [351/782], Loss: 0.7393922805786133
Rank:0 Epoch: [11/40], Step: [361/782], Loss: 0.4430108368396759
Rank:0 Epoch: [11/40], Step: [371/782], Loss: 0.40474933385849
Rank:0 Epoch: [11/40], Step: [381/782], Loss: 0.41732966899871826
Rank:0 Epoch: [11/40], Step: [391/782], Loss: 0.38483425974845886
Rank:0 Epoch: [11/40], Step: [401/782], Loss: 0.3246975839138031
Rank:0 Epoch: [11/40], Step: [411/782], Loss: 0.4801984131336212
Rank:0 Epoch: [11/40], Step: [421/782], Loss: 0.42165058851242065
Rank:0 Epoch: [11/40], Step: [431/782], Loss: 0.5055850744247437
Rank:0 Epoch: [11/40], Step: [441/782], Loss: 0.4524548649787903
Rank:0 Epoch: [11/40], Step: [451/782], Loss: 0.3842821419239044
Rank:0 Epoch: [11/40], Step: [461/782], Loss: 0.4290863573551178
Rank:0 Epoch: [11/40], Step: [471/782], Loss: 0.533124566078186
Rank:0 Epoch: [11/40], Step: [481/782], Loss: 0.3855871856212616
Rank:0 Epoch: [11/40], Step: [491/782], Loss: 0.4633866250514984
Rank:0 Epoch: [11/40], Step: [501/782], Loss: 0.43146514892578125
Rank:0 Epoch: [11/40], Step: [511/782], Loss: 0.460769385099411
Rank:0 Epoch: [11/40], Step: [521/782], Loss: 0.3538704216480255
Rank:0 Epoch: [11/40], Step: [531/782], Loss: 0.42910096049308777
Rank:0 Epoch: [11/40], Step: [541/782], Loss: 0.2952195405960083
Rank:0 Epoch: [11/40], Step: [551/782], Loss: 0.4223589301109314
Rank:0 Epoch: [11/40], Step: [561/782], Loss: 0.41261300444602966
Rank:0 Epoch: [11/40], Step: [571/782], Loss: 0.5512377023696899
Rank:0 Epoch: [11/40], Step: [581/782], Loss: 0.5679471492767334
Rank:0 Epoch: [11/40], Step: [591/782], Loss: 0.5360032916069031
Rank:0 Epoch: [11/40], Step: [601/782], Loss: 0.29007309675216675
Rank:0 Epoch: [11/40], Step: [611/782], Loss: 0.39540231227874756
Rank:0 Epoch: [11/40], Step: [621/782], Loss: 0.42128023505210876
Rank:0 Epoch: [11/40], Step: [631/782], Loss: 0.3452279567718506
Rank:0 Epoch: [11/40], Step: [641/782], Loss: 0.41118544340133667
Rank:0 Epoch: [11/40], Step: [651/782], Loss: 0.4877890348434448
Rank:0 Epoch: [11/40], Step: [661/782], Loss: 0.3544648587703705
Rank:0 Epoch: [11/40], Step: [671/782], Loss: 0.6044971346855164
Rank:0 Epoch: [11/40], Step: [681/782], Loss: 0.4317304790019989
Rank:0 Epoch: [11/40], Step: [691/782], Loss: 0.5023512840270996
Rank:0 Epoch: [11/40], Step: [701/782], Loss: 0.43699443340301514
Rank:0 Epoch: [11/40], Step: [711/782], Loss: 0.566294252872467
Rank:0 Epoch: [11/40], Step: [721/782], Loss: 0.4455265402793884
Rank:0 Epoch: [11/40], Step: [731/782], Loss: 0.32286617159843445
Rank:0 Epoch: [11/40], Step: [741/782], Loss: 0.4440375566482544
Rank:0 Epoch: [11/40], Step: [751/782], Loss: 0.3941507935523987
Rank:0 Epoch: [11/40], Step: [761/782], Loss: 0.45830273628234863
Rank:0 Epoch: [11/40], Step: [771/782], Loss: 0.4119489789009094
Rank:0 Epoch: [11/40], Step: [781/782], Loss: 0.2575475573539734
Current Test Acc: 0.8146
Rank:0 Epoch: [12/40], Step: [1/782], Loss: 0.4505244195461273
Rank:0 Epoch: [12/40], Step: [11/782], Loss: 0.48058509826660156
Rank:0 Epoch: [12/40], Step: [21/782], Loss: 0.4097500741481781
Rank:0 Epoch: [12/40], Step: [31/782], Loss: 0.32290154695510864
Rank:0 Epoch: [12/40], Step: [41/782], Loss: 0.5441946387290955
Rank:0 Epoch: [12/40], Step: [51/782], Loss: 0.4411732256412506
Rank:0 Epoch: [12/40], Step: [61/782], Loss: 0.339595764875412
Rank:0 Epoch: [12/40], Step: [71/782], Loss: 0.47350919246673584
Rank:0 Epoch: [12/40], Step: [81/782], Loss: 0.30965933203697205
Rank:0 Epoch: [12/40], Step: [91/782], Loss: 0.43429315090179443
Rank:0 Epoch: [12/40], Step: [101/782], Loss: 0.3887264132499695
Rank:0 Epoch: [12/40], Step: [111/782], Loss: 0.40299880504608154
Rank:0 Epoch: [12/40], Step: [121/782], Loss: 0.5658050775527954
Rank:0 Epoch: [12/40], Step: [131/782], Loss: 0.43351268768310547
Rank:0 Epoch: [12/40], Step: [141/782], Loss: 0.3695653975009918
Rank:0 Epoch: [12/40], Step: [151/782], Loss: 0.47622671723365784
Rank:0 Epoch: [12/40], Step: [161/782], Loss: 0.40564486384391785
Rank:0 Epoch: [12/40], Step: [171/782], Loss: 0.2659757435321808
Rank:0 Epoch: [12/40], Step: [181/782], Loss: 0.2548057734966278
Rank:0 Epoch: [12/40], Step: [191/782], Loss: 0.44283056259155273
Rank:0 Epoch: [12/40], Step: [201/782], Loss: 0.22435566782951355
Rank:0 Epoch: [12/40], Step: [211/782], Loss: 0.2975369393825531
Rank:0 Epoch: [12/40], Step: [221/782], Loss: 0.4115951955318451
Rank:0 Epoch: [12/40], Step: [231/782], Loss: 0.4529564380645752
Rank:0 Epoch: [12/40], Step: [241/782], Loss: 0.6361154913902283
Rank:0 Epoch: [12/40], Step: [251/782], Loss: 0.451907753944397
Rank:0 Epoch: [12/40], Step: [261/782], Loss: 0.37506791949272156
Rank:0 Epoch: [12/40], Step: [271/782], Loss: 0.5448393821716309
Rank:0 Epoch: [12/40], Step: [281/782], Loss: 0.420265793800354
Rank:0 Epoch: [12/40], Step: [291/782], Loss: 0.45172977447509766
Rank:0 Epoch: [12/40], Step: [301/782], Loss: 0.4962751567363739
Rank:0 Epoch: [12/40], Step: [311/782], Loss: 0.3553839325904846
Rank:0 Epoch: [12/40], Step: [321/782], Loss: 0.20334912836551666
Rank:0 Epoch: [12/40], Step: [331/782], Loss: 0.5847184658050537
Rank:0 Epoch: [12/40], Step: [341/782], Loss: 0.48134851455688477
Rank:0 Epoch: [12/40], Step: [351/782], Loss: 0.5540980100631714
Rank:0 Epoch: [12/40], Step: [361/782], Loss: 0.34569263458251953
Rank:0 Epoch: [12/40], Step: [371/782], Loss: 0.4085399806499481
Rank:0 Epoch: [12/40], Step: [381/782], Loss: 0.30804118514060974
Rank:0 Epoch: [12/40], Step: [391/782], Loss: 0.4328213334083557
Rank:0 Epoch: [12/40], Step: [401/782], Loss: 0.37926605343818665
Rank:0 Epoch: [12/40], Step: [411/782], Loss: 0.8045989274978638
Rank:0 Epoch: [12/40], Step: [421/782], Loss: 0.29636016488075256
Rank:0 Epoch: [12/40], Step: [431/782], Loss: 0.4595491290092468
Rank:0 Epoch: [12/40], Step: [441/782], Loss: 0.47712385654449463
Rank:0 Epoch: [12/40], Step: [451/782], Loss: 0.3832319378852844
Rank:0 Epoch: [12/40], Step: [461/782], Loss: 0.29196617007255554
Rank:0 Epoch: [12/40], Step: [471/782], Loss: 0.36041903495788574
Rank:0 Epoch: [12/40], Step: [481/782], Loss: 0.5541496276855469
Rank:0 Epoch: [12/40], Step: [491/782], Loss: 0.4846346378326416
Rank:0 Epoch: [12/40], Step: [501/782], Loss: 0.3947967290878296
Rank:0 Epoch: [12/40], Step: [511/782], Loss: 0.5564283132553101
Rank:0 Epoch: [12/40], Step: [521/782], Loss: 0.45738929510116577
Rank:0 Epoch: [12/40], Step: [531/782], Loss: 0.5358868837356567
Rank:0 Epoch: [12/40], Step: [541/782], Loss: 0.2901541590690613
Rank:0 Epoch: [12/40], Step: [551/782], Loss: 0.3574392795562744
Rank:0 Epoch: [12/40], Step: [561/782], Loss: 0.17819033563137054
Rank:0 Epoch: [12/40], Step: [571/782], Loss: 0.2759694755077362
Rank:0 Epoch: [12/40], Step: [581/782], Loss: 0.5431914329528809
Rank:0 Epoch: [12/40], Step: [591/782], Loss: 0.37826016545295715
Rank:0 Epoch: [12/40], Step: [601/782], Loss: 0.3413035571575165
Rank:0 Epoch: [12/40], Step: [611/782], Loss: 0.33278775215148926
Rank:0 Epoch: [12/40], Step: [621/782], Loss: 0.33336588740348816
Rank:0 Epoch: [12/40], Step: [631/782], Loss: 0.45026037096977234
Rank:0 Epoch: [12/40], Step: [641/782], Loss: 0.32085469365119934
Rank:0 Epoch: [12/40], Step: [651/782], Loss: 0.43488091230392456
Rank:0 Epoch: [12/40], Step: [661/782], Loss: 0.5458229780197144
Rank:0 Epoch: [12/40], Step: [671/782], Loss: 0.5248801708221436
Rank:0 Epoch: [12/40], Step: [681/782], Loss: 0.48113951086997986
Rank:0 Epoch: [12/40], Step: [691/782], Loss: 0.41956549882888794
Rank:0 Epoch: [12/40], Step: [701/782], Loss: 0.25658661127090454
Rank:0 Epoch: [12/40], Step: [711/782], Loss: 0.6547309160232544
Rank:0 Epoch: [12/40], Step: [721/782], Loss: 0.4660029113292694
Rank:0 Epoch: [12/40], Step: [731/782], Loss: 0.5735645294189453
Rank:0 Epoch: [12/40], Step: [741/782], Loss: 0.26971572637557983
Rank:0 Epoch: [12/40], Step: [751/782], Loss: 0.5513156652450562
Rank:0 Epoch: [12/40], Step: [761/782], Loss: 0.5711921453475952
Rank:0 Epoch: [12/40], Step: [771/782], Loss: 0.346280038356781
Rank:0 Epoch: [12/40], Step: [781/782], Loss: 0.30140286684036255
Current Test Acc: 0.7852
Rank:0 Epoch: [13/40], Step: [1/782], Loss: 0.7406249046325684
Rank:0 Epoch: [13/40], Step: [11/782], Loss: 0.42653602361679077
Rank:0 Epoch: [13/40], Step: [21/782], Loss: 0.33455783128738403
Rank:0 Epoch: [13/40], Step: [31/782], Loss: 0.4930681884288788
Rank:0 Epoch: [13/40], Step: [41/782], Loss: 0.3116361200809479
Rank:0 Epoch: [13/40], Step: [51/782], Loss: 0.5527377128601074
Rank:0 Epoch: [13/40], Step: [61/782], Loss: 0.2621290683746338
Rank:0 Epoch: [13/40], Step: [71/782], Loss: 0.49288031458854675
Rank:0 Epoch: [13/40], Step: [81/782], Loss: 0.31431156396865845
Rank:0 Epoch: [13/40], Step: [91/782], Loss: 0.29611334204673767
Rank:0 Epoch: [13/40], Step: [101/782], Loss: 0.3104855716228485
Rank:0 Epoch: [13/40], Step: [111/782], Loss: 0.3610161542892456
Rank:0 Epoch: [13/40], Step: [121/782], Loss: 0.26041150093078613
Rank:0 Epoch: [13/40], Step: [131/782], Loss: 0.4534151554107666
Rank:0 Epoch: [13/40], Step: [141/782], Loss: 0.43401503562927246
Rank:0 Epoch: [13/40], Step: [151/782], Loss: 0.47723108530044556
Rank:0 Epoch: [13/40], Step: [161/782], Loss: 0.32022953033447266
Rank:0 Epoch: [13/40], Step: [171/782], Loss: 0.32247716188430786
Rank:0 Epoch: [13/40], Step: [181/782], Loss: 0.2897247076034546
Rank:0 Epoch: [13/40], Step: [191/782], Loss: 0.4894871711730957
Rank:0 Epoch: [13/40], Step: [201/782], Loss: 0.3793681263923645
Rank:0 Epoch: [13/40], Step: [211/782], Loss: 0.5850610733032227
Rank:0 Epoch: [13/40], Step: [221/782], Loss: 0.345200777053833
Rank:0 Epoch: [13/40], Step: [231/782], Loss: 0.46138373017311096
Rank:0 Epoch: [13/40], Step: [241/782], Loss: 0.4077991247177124
Rank:0 Epoch: [13/40], Step: [251/782], Loss: 0.23907947540283203
Rank:0 Epoch: [13/40], Step: [261/782], Loss: 0.5078227519989014
Rank:0 Epoch: [13/40], Step: [271/782], Loss: 0.4308564364910126
Rank:0 Epoch: [13/40], Step: [281/782], Loss: 0.3749927878379822
Rank:0 Epoch: [13/40], Step: [291/782], Loss: 0.4343869686126709
Rank:0 Epoch: [13/40], Step: [301/782], Loss: 0.35837388038635254
Rank:0 Epoch: [13/40], Step: [311/782], Loss: 0.3626372814178467
Rank:0 Epoch: [13/40], Step: [321/782], Loss: 0.4492845833301544
Rank:0 Epoch: [13/40], Step: [331/782], Loss: 0.3385767936706543
Rank:0 Epoch: [13/40], Step: [341/782], Loss: 0.33003783226013184
Rank:0 Epoch: [13/40], Step: [351/782], Loss: 0.4637821614742279
Rank:0 Epoch: [13/40], Step: [361/782], Loss: 0.4463462829589844
Rank:0 Epoch: [13/40], Step: [371/782], Loss: 0.32525214552879333
Rank:0 Epoch: [13/40], Step: [381/782], Loss: 0.2847239375114441
Rank:0 Epoch: [13/40], Step: [391/782], Loss: 0.47738853096961975
Rank:0 Epoch: [13/40], Step: [401/782], Loss: 0.3594288229942322
Rank:0 Epoch: [13/40], Step: [411/782], Loss: 0.7190366387367249
Rank:0 Epoch: [13/40], Step: [421/782], Loss: 0.3147650361061096
Rank:0 Epoch: [13/40], Step: [431/782], Loss: 0.4502638280391693
Rank:0 Epoch: [13/40], Step: [441/782], Loss: 0.4061052203178406
Rank:0 Epoch: [13/40], Step: [451/782], Loss: 0.40594205260276794
Rank:0 Epoch: [13/40], Step: [461/782], Loss: 0.45872533321380615
Rank:0 Epoch: [13/40], Step: [471/782], Loss: 0.20573553442955017
Rank:0 Epoch: [13/40], Step: [481/782], Loss: 0.5287394523620605
Rank:0 Epoch: [13/40], Step: [491/782], Loss: 0.32539206743240356
Rank:0 Epoch: [13/40], Step: [501/782], Loss: 0.41669338941574097
Rank:0 Epoch: [13/40], Step: [511/782], Loss: 0.4304136633872986
Rank:0 Epoch: [13/40], Step: [521/782], Loss: 0.2844223976135254
Rank:0 Epoch: [13/40], Step: [531/782], Loss: 0.5239688754081726
Rank:0 Epoch: [13/40], Step: [541/782], Loss: 0.5483775734901428
Rank:0 Epoch: [13/40], Step: [551/782], Loss: 0.5125584006309509
Rank:0 Epoch: [13/40], Step: [561/782], Loss: 0.4990246891975403
Rank:0 Epoch: [13/40], Step: [571/782], Loss: 0.2595710754394531
Rank:0 Epoch: [13/40], Step: [581/782], Loss: 0.30846014618873596
Rank:0 Epoch: [13/40], Step: [591/782], Loss: 0.46378234028816223
Rank:0 Epoch: [13/40], Step: [601/782], Loss: 0.364618182182312
Rank:0 Epoch: [13/40], Step: [611/782], Loss: 0.3236388862133026
Rank:0 Epoch: [13/40], Step: [621/782], Loss: 0.4388165771961212
Rank:0 Epoch: [13/40], Step: [631/782], Loss: 0.5448039174079895
Rank:0 Epoch: [13/40], Step: [641/782], Loss: 0.5222952961921692
Rank:0 Epoch: [13/40], Step: [651/782], Loss: 0.39003583788871765
Rank:0 Epoch: [13/40], Step: [661/782], Loss: 0.45003435015678406
Rank:0 Epoch: [13/40], Step: [671/782], Loss: 0.5327714085578918
Rank:0 Epoch: [13/40], Step: [681/782], Loss: 0.606289267539978
Rank:0 Epoch: [13/40], Step: [691/782], Loss: 0.4129917025566101
Rank:0 Epoch: [13/40], Step: [701/782], Loss: 0.4465663433074951
Rank:0 Epoch: [13/40], Step: [711/782], Loss: 0.2758791744709015
Rank:0 Epoch: [13/40], Step: [721/782], Loss: 0.27557504177093506
Rank:0 Epoch: [13/40], Step: [731/782], Loss: 0.418082058429718
Rank:0 Epoch: [13/40], Step: [741/782], Loss: 0.5250303149223328
Rank:0 Epoch: [13/40], Step: [751/782], Loss: 0.5103169679641724
Rank:0 Epoch: [13/40], Step: [761/782], Loss: 0.505483865737915
Rank:0 Epoch: [13/40], Step: [771/782], Loss: 0.42295965552330017
Rank:0 Epoch: [13/40], Step: [781/782], Loss: 0.47270169854164124
Current Test Acc: 0.7929
Rank:0 Epoch: [14/40], Step: [1/782], Loss: 0.6503522396087646
Rank:0 Epoch: [14/40], Step: [11/782], Loss: 0.7392021417617798
Rank:0 Epoch: [14/40], Step: [21/782], Loss: 0.24703273177146912
Rank:0 Epoch: [14/40], Step: [31/782], Loss: 0.4634900391101837
Rank:0 Epoch: [14/40], Step: [41/782], Loss: 0.45717403292655945
Rank:0 Epoch: [14/40], Step: [51/782], Loss: 0.4368588328361511
Rank:0 Epoch: [14/40], Step: [61/782], Loss: 0.44769465923309326
Rank:0 Epoch: [14/40], Step: [71/782], Loss: 0.6965023279190063
Rank:0 Epoch: [14/40], Step: [81/782], Loss: 0.3349224925041199
Rank:0 Epoch: [14/40], Step: [91/782], Loss: 0.3591804504394531
Rank:0 Epoch: [14/40], Step: [101/782], Loss: 0.29023751616477966
Rank:0 Epoch: [14/40], Step: [111/782], Loss: 0.6060084700584412
Rank:0 Epoch: [14/40], Step: [121/782], Loss: 0.29658883810043335
Rank:0 Epoch: [14/40], Step: [131/782], Loss: 0.3381999433040619
Rank:0 Epoch: [14/40], Step: [141/782], Loss: 0.47275999188423157
Rank:0 Epoch: [14/40], Step: [151/782], Loss: 0.6139606237411499
Rank:0 Epoch: [14/40], Step: [161/782], Loss: 0.5104713439941406
Rank:0 Epoch: [14/40], Step: [171/782], Loss: 0.432905375957489
Rank:0 Epoch: [14/40], Step: [181/782], Loss: 0.40338417887687683
Rank:0 Epoch: [14/40], Step: [191/782], Loss: 0.48832225799560547
Rank:0 Epoch: [14/40], Step: [201/782], Loss: 0.38796740770339966
Rank:0 Epoch: [14/40], Step: [211/782], Loss: 0.4398592412471771
Rank:0 Epoch: [14/40], Step: [221/782], Loss: 0.23484650254249573
Rank:0 Epoch: [14/40], Step: [231/782], Loss: 0.7055425643920898
Rank:0 Epoch: [14/40], Step: [241/782], Loss: 0.3068467378616333
Rank:0 Epoch: [14/40], Step: [251/782], Loss: 0.6164355874061584
Rank:0 Epoch: [14/40], Step: [261/782], Loss: 0.39223575592041016
Rank:0 Epoch: [14/40], Step: [271/782], Loss: 0.6259365677833557
Rank:0 Epoch: [14/40], Step: [281/782], Loss: 0.42660847306251526
Rank:0 Epoch: [14/40], Step: [291/782], Loss: 0.36794495582580566
Rank:0 Epoch: [14/40], Step: [301/782], Loss: 0.4610981047153473
Rank:0 Epoch: [14/40], Step: [311/782], Loss: 0.38340240716934204
Rank:0 Epoch: [14/40], Step: [321/782], Loss: 0.4148784279823303
Rank:0 Epoch: [14/40], Step: [331/782], Loss: 0.5145751237869263
Rank:0 Epoch: [14/40], Step: [341/782], Loss: 0.6352104544639587
Rank:0 Epoch: [14/40], Step: [351/782], Loss: 0.37275803089141846
Rank:0 Epoch: [14/40], Step: [361/782], Loss: 0.5257728695869446
Rank:0 Epoch: [14/40], Step: [371/782], Loss: 0.6304987668991089
Rank:0 Epoch: [14/40], Step: [381/782], Loss: 0.45312225818634033
Rank:0 Epoch: [14/40], Step: [391/782], Loss: 0.2679441571235657
Rank:0 Epoch: [14/40], Step: [401/782], Loss: 0.4710468351840973
Rank:0 Epoch: [14/40], Step: [411/782], Loss: 0.30127227306365967
Rank:0 Epoch: [14/40], Step: [421/782], Loss: 0.42320066690444946
Rank:0 Epoch: [14/40], Step: [431/782], Loss: 0.47732850909233093
Rank:0 Epoch: [14/40], Step: [441/782], Loss: 0.3436554968357086
Rank:0 Epoch: [14/40], Step: [451/782], Loss: 0.4566667079925537
Rank:0 Epoch: [14/40], Step: [461/782], Loss: 0.470564603805542
Rank:0 Epoch: [14/40], Step: [471/782], Loss: 0.3127593696117401
Rank:0 Epoch: [14/40], Step: [481/782], Loss: 0.5002902746200562
Rank:0 Epoch: [14/40], Step: [491/782], Loss: 0.35202616453170776
Rank:0 Epoch: [14/40], Step: [501/782], Loss: 0.36097252368927
Rank:0 Epoch: [14/40], Step: [511/782], Loss: 0.585102915763855
Rank:0 Epoch: [14/40], Step: [521/782], Loss: 0.4248805344104767
Rank:0 Epoch: [14/40], Step: [531/782], Loss: 0.274129718542099
Rank:0 Epoch: [14/40], Step: [541/782], Loss: 0.23867946863174438
Rank:0 Epoch: [14/40], Step: [551/782], Loss: 0.3199465274810791
Rank:0 Epoch: [14/40], Step: [561/782], Loss: 0.4621482193470001
Rank:0 Epoch: [14/40], Step: [571/782], Loss: 0.3658373951911926
Rank:0 Epoch: [14/40], Step: [581/782], Loss: 0.27902138233184814
Rank:0 Epoch: [14/40], Step: [591/782], Loss: 0.4028393030166626
Rank:0 Epoch: [14/40], Step: [601/782], Loss: 0.647138237953186
Rank:0 Epoch: [14/40], Step: [611/782], Loss: 0.45359838008880615
Rank:0 Epoch: [14/40], Step: [621/782], Loss: 0.450316458940506
Rank:0 Epoch: [14/40], Step: [631/782], Loss: 0.33337661623954773
Rank:0 Epoch: [14/40], Step: [641/782], Loss: 0.3474089801311493
Rank:0 Epoch: [14/40], Step: [651/782], Loss: 0.3487243950366974
Rank:0 Epoch: [14/40], Step: [661/782], Loss: 0.42487454414367676
Rank:0 Epoch: [14/40], Step: [671/782], Loss: 0.5593292713165283
Rank:0 Epoch: [14/40], Step: [681/782], Loss: 0.399078905582428
Rank:0 Epoch: [14/40], Step: [691/782], Loss: 0.31231489777565
Rank:0 Epoch: [14/40], Step: [701/782], Loss: 0.3658347427845001
Rank:0 Epoch: [14/40], Step: [711/782], Loss: 0.39741382002830505
Rank:0 Epoch: [14/40], Step: [721/782], Loss: 0.5342456698417664
Rank:0 Epoch: [14/40], Step: [731/782], Loss: 0.5720070004463196
Rank:0 Epoch: [14/40], Step: [741/782], Loss: 0.3237442672252655
Rank:0 Epoch: [14/40], Step: [751/782], Loss: 0.37041914463043213
Rank:0 Epoch: [14/40], Step: [761/782], Loss: 0.2927851974964142
Rank:0 Epoch: [14/40], Step: [771/782], Loss: 0.29485559463500977
Rank:0 Epoch: [14/40], Step: [781/782], Loss: 0.3075544238090515
Current Test Acc: 0.8419
Rank:0 Epoch: [15/40], Step: [1/782], Loss: 0.44681495428085327
Rank:0 Epoch: [15/40], Step: [11/782], Loss: 0.7255401611328125
Rank:0 Epoch: [15/40], Step: [21/782], Loss: 0.41308897733688354
Rank:0 Epoch: [15/40], Step: [31/782], Loss: 0.3097386658191681
Rank:0 Epoch: [15/40], Step: [41/782], Loss: 0.32043877243995667
Rank:0 Epoch: [15/40], Step: [51/782], Loss: 0.5599344372749329
Rank:0 Epoch: [15/40], Step: [61/782], Loss: 0.3678671419620514
Rank:0 Epoch: [15/40], Step: [71/782], Loss: 0.45769068598747253
Rank:0 Epoch: [15/40], Step: [81/782], Loss: 0.43833133578300476
Rank:0 Epoch: [15/40], Step: [91/782], Loss: 0.17500902712345123
Rank:0 Epoch: [15/40], Step: [101/782], Loss: 0.35605770349502563
Rank:0 Epoch: [15/40], Step: [111/782], Loss: 0.39397192001342773
Rank:0 Epoch: [15/40], Step: [121/782], Loss: 0.34797123074531555
Rank:0 Epoch: [15/40], Step: [131/782], Loss: 0.5583074688911438
Rank:0 Epoch: [15/40], Step: [141/782], Loss: 0.38058045506477356
Rank:0 Epoch: [15/40], Step: [151/782], Loss: 0.6300784349441528
Rank:0 Epoch: [15/40], Step: [161/782], Loss: 0.5367242097854614
Rank:0 Epoch: [15/40], Step: [171/782], Loss: 0.28022533655166626
Rank:0 Epoch: [15/40], Step: [181/782], Loss: 0.5191221237182617
Rank:0 Epoch: [15/40], Step: [191/782], Loss: 0.3308359980583191
Rank:0 Epoch: [15/40], Step: [201/782], Loss: 0.4765448272228241
Rank:0 Epoch: [15/40], Step: [211/782], Loss: 0.31354963779449463
Rank:0 Epoch: [15/40], Step: [221/782], Loss: 0.40632346272468567
Rank:0 Epoch: [15/40], Step: [231/782], Loss: 0.31645193696022034
Rank:0 Epoch: [15/40], Step: [241/782], Loss: 0.38092613220214844
Rank:0 Epoch: [15/40], Step: [251/782], Loss: 0.4354596734046936
Rank:0 Epoch: [15/40], Step: [261/782], Loss: 0.4009649455547333
Rank:0 Epoch: [15/40], Step: [271/782], Loss: 0.536535382270813
Rank:0 Epoch: [15/40], Step: [281/782], Loss: 0.5360196828842163
Rank:0 Epoch: [15/40], Step: [291/782], Loss: 0.43834227323532104
Rank:0 Epoch: [15/40], Step: [301/782], Loss: 0.3426669239997864
Rank:0 Epoch: [15/40], Step: [311/782], Loss: 0.2283555418252945
Rank:0 Epoch: [15/40], Step: [321/782], Loss: 0.39653944969177246
Rank:0 Epoch: [15/40], Step: [331/782], Loss: 0.3924809992313385
Rank:0 Epoch: [15/40], Step: [341/782], Loss: 0.3608545660972595
Rank:0 Epoch: [15/40], Step: [351/782], Loss: 0.5018219947814941
Rank:0 Epoch: [15/40], Step: [361/782], Loss: 0.4883933365345001
Rank:0 Epoch: [15/40], Step: [371/782], Loss: 0.33243507146835327
Rank:0 Epoch: [15/40], Step: [381/782], Loss: 0.9873311519622803
Rank:0 Epoch: [15/40], Step: [391/782], Loss: 0.4161743223667145
Rank:0 Epoch: [15/40], Step: [401/782], Loss: 0.46113649010658264
Rank:0 Epoch: [15/40], Step: [411/782], Loss: 0.4935376048088074
Rank:0 Epoch: [15/40], Step: [421/782], Loss: 0.4562336802482605
Rank:0 Epoch: [15/40], Step: [431/782], Loss: 0.6160150170326233
Rank:0 Epoch: [15/40], Step: [441/782], Loss: 0.4632945656776428
Rank:0 Epoch: [15/40], Step: [451/782], Loss: 0.3421739935874939
Rank:0 Epoch: [15/40], Step: [461/782], Loss: 0.3994501829147339
Rank:0 Epoch: [15/40], Step: [471/782], Loss: 0.3117162883281708
Rank:0 Epoch: [15/40], Step: [481/782], Loss: 0.37605834007263184
Rank:0 Epoch: [15/40], Step: [491/782], Loss: 0.49797433614730835
Rank:0 Epoch: [15/40], Step: [501/782], Loss: 0.41280680894851685
Rank:0 Epoch: [15/40], Step: [511/782], Loss: 0.4417567849159241
Rank:0 Epoch: [15/40], Step: [521/782], Loss: 0.3682294189929962
Rank:0 Epoch: [15/40], Step: [531/782], Loss: 0.5254418849945068
Rank:0 Epoch: [15/40], Step: [541/782], Loss: 0.5273654460906982
Rank:0 Epoch: [15/40], Step: [551/782], Loss: 0.5355510115623474
Rank:0 Epoch: [15/40], Step: [561/782], Loss: 0.506236732006073
Rank:0 Epoch: [15/40], Step: [571/782], Loss: 0.5462048053741455
Rank:0 Epoch: [15/40], Step: [581/782], Loss: 0.46420836448669434
Rank:0 Epoch: [15/40], Step: [591/782], Loss: 0.33441489934921265
Rank:0 Epoch: [15/40], Step: [601/782], Loss: 0.40987178683280945
Rank:0 Epoch: [15/40], Step: [611/782], Loss: 0.438286691904068
Rank:0 Epoch: [15/40], Step: [621/782], Loss: 0.5035061836242676
Rank:0 Epoch: [15/40], Step: [631/782], Loss: 0.3471994698047638
Rank:0 Epoch: [15/40], Step: [641/782], Loss: 0.4582008421421051
Rank:0 Epoch: [15/40], Step: [651/782], Loss: 0.2903726100921631
Rank:0 Epoch: [15/40], Step: [661/782], Loss: 0.39714914560317993
Rank:0 Epoch: [15/40], Step: [671/782], Loss: 0.25119590759277344
Rank:0 Epoch: [15/40], Step: [681/782], Loss: 0.4280625879764557
Rank:0 Epoch: [15/40], Step: [691/782], Loss: 0.6357316970825195
Rank:0 Epoch: [15/40], Step: [701/782], Loss: 0.33838164806365967
Rank:0 Epoch: [15/40], Step: [711/782], Loss: 0.488325834274292
Rank:0 Epoch: [15/40], Step: [721/782], Loss: 0.3546043634414673
Rank:0 Epoch: [15/40], Step: [731/782], Loss: 0.6025516986846924
Rank:0 Epoch: [15/40], Step: [741/782], Loss: 0.7216837406158447
Rank:0 Epoch: [15/40], Step: [751/782], Loss: 0.3255985975265503
Rank:0 Epoch: [15/40], Step: [761/782], Loss: 0.8069074749946594
Rank:0 Epoch: [15/40], Step: [771/782], Loss: 0.64303058385849
Rank:0 Epoch: [15/40], Step: [781/782], Loss: 0.29829034209251404
Current Test Acc: 0.8388
Rank:0 Epoch: [16/40], Step: [1/782], Loss: 0.3515830338001251
Rank:0 Epoch: [16/40], Step: [11/782], Loss: 0.6279084086418152
Rank:0 Epoch: [16/40], Step: [21/782], Loss: 0.6007554531097412
Rank:0 Epoch: [16/40], Step: [31/782], Loss: 0.43712887167930603
Rank:0 Epoch: [16/40], Step: [41/782], Loss: 0.49208298325538635
Rank:0 Epoch: [16/40], Step: [51/782], Loss: 0.2933450937271118
Rank:0 Epoch: [16/40], Step: [61/782], Loss: 0.5729808807373047
Rank:0 Epoch: [16/40], Step: [71/782], Loss: 0.44305524230003357
Rank:0 Epoch: [16/40], Step: [81/782], Loss: 0.23953470587730408
Rank:0 Epoch: [16/40], Step: [91/782], Loss: 0.18242968618869781
Rank:0 Epoch: [16/40], Step: [101/782], Loss: 0.42156457901000977
Rank:0 Epoch: [16/40], Step: [111/782], Loss: 0.5559489727020264
Rank:0 Epoch: [16/40], Step: [121/782], Loss: 0.49955180287361145
Rank:0 Epoch: [16/40], Step: [131/782], Loss: 0.49000492691993713
Rank:0 Epoch: [16/40], Step: [141/782], Loss: 0.34923920035362244
Rank:0 Epoch: [16/40], Step: [151/782], Loss: 0.2687964141368866
Rank:0 Epoch: [16/40], Step: [161/782], Loss: 0.5409708023071289
Rank:0 Epoch: [16/40], Step: [171/782], Loss: 0.4291118383407593
Rank:0 Epoch: [16/40], Step: [181/782], Loss: 0.2239987850189209
Rank:0 Epoch: [16/40], Step: [191/782], Loss: 0.4343451261520386
Rank:0 Epoch: [16/40], Step: [201/782], Loss: 0.3484659194946289
Rank:0 Epoch: [16/40], Step: [211/782], Loss: 0.6522473692893982
Rank:0 Epoch: [16/40], Step: [221/782], Loss: 0.32398882508277893
Rank:0 Epoch: [16/40], Step: [231/782], Loss: 0.21330812573432922
Rank:0 Epoch: [16/40], Step: [241/782], Loss: 0.43820345401763916
Rank:0 Epoch: [16/40], Step: [251/782], Loss: 0.4019370675086975
Rank:0 Epoch: [16/40], Step: [261/782], Loss: 0.4611605405807495
Rank:0 Epoch: [16/40], Step: [271/782], Loss: 0.2158152014017105
Rank:0 Epoch: [16/40], Step: [281/782], Loss: 0.5310065746307373
Rank:0 Epoch: [16/40], Step: [291/782], Loss: 0.4065276086330414
Rank:0 Epoch: [16/40], Step: [301/782], Loss: 0.3883039355278015
Rank:0 Epoch: [16/40], Step: [311/782], Loss: 0.4789833426475525
Rank:0 Epoch: [16/40], Step: [321/782], Loss: 0.3957514762878418
Rank:0 Epoch: [16/40], Step: [331/782], Loss: 0.4298057556152344
Rank:0 Epoch: [16/40], Step: [341/782], Loss: 0.418578177690506
Rank:0 Epoch: [16/40], Step: [351/782], Loss: 0.5569208860397339
Rank:0 Epoch: [16/40], Step: [361/782], Loss: 0.3057941794395447
Rank:0 Epoch: [16/40], Step: [371/782], Loss: 0.38703882694244385
Rank:0 Epoch: [16/40], Step: [381/782], Loss: 0.3076496124267578
Rank:0 Epoch: [16/40], Step: [391/782], Loss: 0.3608742654323578
Rank:0 Epoch: [16/40], Step: [401/782], Loss: 0.2759104073047638
Rank:0 Epoch: [16/40], Step: [411/782], Loss: 0.721464216709137
Rank:0 Epoch: [16/40], Step: [421/782], Loss: 0.3503117263317108
Rank:0 Epoch: [16/40], Step: [431/782], Loss: 0.48825201392173767
Rank:0 Epoch: [16/40], Step: [441/782], Loss: 0.4211595356464386
Rank:0 Epoch: [16/40], Step: [451/782], Loss: 0.48868489265441895
Rank:0 Epoch: [16/40], Step: [461/782], Loss: 0.4446028470993042
Rank:0 Epoch: [16/40], Step: [471/782], Loss: 0.5637000799179077
Rank:0 Epoch: [16/40], Step: [481/782], Loss: 0.3111402690410614
Rank:0 Epoch: [16/40], Step: [491/782], Loss: 0.335021436214447
Rank:0 Epoch: [16/40], Step: [501/782], Loss: 0.33107078075408936
Rank:0 Epoch: [16/40], Step: [511/782], Loss: 0.24553297460079193
Rank:0 Epoch: [16/40], Step: [521/782], Loss: 0.5812143087387085
Rank:0 Epoch: [16/40], Step: [531/782], Loss: 0.4095364809036255
Rank:0 Epoch: [16/40], Step: [541/782], Loss: 0.24254070222377777
Rank:0 Epoch: [16/40], Step: [551/782], Loss: 0.2908383905887604
Rank:0 Epoch: [16/40], Step: [561/782], Loss: 0.4347558617591858
Rank:0 Epoch: [16/40], Step: [571/782], Loss: 0.34602776169776917
Rank:0 Epoch: [16/40], Step: [581/782], Loss: 0.388141006231308
Rank:0 Epoch: [16/40], Step: [591/782], Loss: 0.35912421345710754
Rank:0 Epoch: [16/40], Step: [601/782], Loss: 0.43153321743011475
Rank:0 Epoch: [16/40], Step: [611/782], Loss: 0.4364778399467468
Rank:0 Epoch: [16/40], Step: [621/782], Loss: 0.5600513815879822
Rank:0 Epoch: [16/40], Step: [631/782], Loss: 0.4059138298034668
Rank:0 Epoch: [16/40], Step: [641/782], Loss: 0.43354332447052
Rank:0 Epoch: [16/40], Step: [651/782], Loss: 0.3560950756072998
Rank:0 Epoch: [16/40], Step: [661/782], Loss: 0.4474245309829712
Rank:0 Epoch: [16/40], Step: [671/782], Loss: 0.38305363059043884
Rank:0 Epoch: [16/40], Step: [681/782], Loss: 0.37005719542503357
Rank:0 Epoch: [16/40], Step: [691/782], Loss: 0.33572685718536377
Rank:0 Epoch: [16/40], Step: [701/782], Loss: 0.36352190375328064
Rank:0 Epoch: [16/40], Step: [711/782], Loss: 0.4250618815422058
Rank:0 Epoch: [16/40], Step: [721/782], Loss: 0.7104817032814026
Rank:0 Epoch: [16/40], Step: [731/782], Loss: 0.35365790128707886
Rank:0 Epoch: [16/40], Step: [741/782], Loss: 0.5708244442939758
Rank:0 Epoch: [16/40], Step: [751/782], Loss: 0.6122820973396301
Rank:0 Epoch: [16/40], Step: [761/782], Loss: 0.4255802035331726
Rank:0 Epoch: [16/40], Step: [771/782], Loss: 0.41343775391578674
Rank:0 Epoch: [16/40], Step: [781/782], Loss: 0.45757153630256653
Current Test Acc: 0.8154
Rank:0 Epoch: [17/40], Step: [1/782], Loss: 0.24072200059890747
Rank:0 Epoch: [17/40], Step: [11/782], Loss: 0.30491113662719727
Rank:0 Epoch: [17/40], Step: [21/782], Loss: 0.36562269926071167
Rank:0 Epoch: [17/40], Step: [31/782], Loss: 0.3623411953449249
Rank:0 Epoch: [17/40], Step: [41/782], Loss: 0.3037079870700836
Rank:0 Epoch: [17/40], Step: [51/782], Loss: 0.3783210515975952
Rank:0 Epoch: [17/40], Step: [61/782], Loss: 0.4959621727466583
Rank:0 Epoch: [17/40], Step: [71/782], Loss: 0.3942161500453949
Rank:0 Epoch: [17/40], Step: [81/782], Loss: 0.4044901132583618
Rank:0 Epoch: [17/40], Step: [91/782], Loss: 0.4358859360218048
Rank:0 Epoch: [17/40], Step: [101/782], Loss: 0.3076602518558502
Rank:0 Epoch: [17/40], Step: [111/782], Loss: 0.47869980335235596
Rank:0 Epoch: [17/40], Step: [121/782], Loss: 0.294119656085968
Rank:0 Epoch: [17/40], Step: [131/782], Loss: 0.30029091238975525
Rank:0 Epoch: [17/40], Step: [141/782], Loss: 0.47066500782966614
Rank:0 Epoch: [17/40], Step: [151/782], Loss: 0.26910507678985596
Rank:0 Epoch: [17/40], Step: [161/782], Loss: 0.3181754946708679
Rank:0 Epoch: [17/40], Step: [171/782], Loss: 0.8576854467391968
Rank:0 Epoch: [17/40], Step: [181/782], Loss: 0.49562928080558777
Rank:0 Epoch: [17/40], Step: [191/782], Loss: 0.2974199950695038
Rank:0 Epoch: [17/40], Step: [201/782], Loss: 0.33462345600128174
Rank:0 Epoch: [17/40], Step: [211/782], Loss: 0.37385812401771545
Rank:0 Epoch: [17/40], Step: [221/782], Loss: 0.35793688893318176
Rank:0 Epoch: [17/40], Step: [231/782], Loss: 0.30336427688598633
Rank:0 Epoch: [17/40], Step: [241/782], Loss: 0.30073484778404236
Rank:0 Epoch: [17/40], Step: [251/782], Loss: 0.44368913769721985
Rank:0 Epoch: [17/40], Step: [261/782], Loss: 0.40947017073631287
Rank:0 Epoch: [17/40], Step: [271/782], Loss: 0.5133501291275024
Rank:0 Epoch: [17/40], Step: [281/782], Loss: 0.2961132526397705
Rank:0 Epoch: [17/40], Step: [291/782], Loss: 0.5121067762374878
Rank:0 Epoch: [17/40], Step: [301/782], Loss: 0.284712553024292
Rank:0 Epoch: [17/40], Step: [311/782], Loss: 0.4544338583946228
Rank:0 Epoch: [17/40], Step: [321/782], Loss: 0.42916950583457947
Rank:0 Epoch: [17/40], Step: [331/782], Loss: 0.42660993337631226
Rank:0 Epoch: [17/40], Step: [341/782], Loss: 0.37076643109321594
Rank:0 Epoch: [17/40], Step: [351/782], Loss: 0.34583017230033875
Rank:0 Epoch: [17/40], Step: [361/782], Loss: 0.3212317228317261
Rank:0 Epoch: [17/40], Step: [371/782], Loss: 0.3953610062599182
Rank:0 Epoch: [17/40], Step: [381/782], Loss: 0.5669074654579163
Rank:0 Epoch: [17/40], Step: [391/782], Loss: 0.3335398733615875
Rank:0 Epoch: [17/40], Step: [401/782], Loss: 0.35444751381874084
Rank:0 Epoch: [17/40], Step: [411/782], Loss: 0.4069472551345825
Rank:0 Epoch: [17/40], Step: [421/782], Loss: 0.3593786656856537
Rank:0 Epoch: [17/40], Step: [431/782], Loss: 0.3280774652957916
Rank:0 Epoch: [17/40], Step: [441/782], Loss: 0.5157687067985535
Rank:0 Epoch: [17/40], Step: [451/782], Loss: 0.3995512127876282
Rank:0 Epoch: [17/40], Step: [461/782], Loss: 0.4771917164325714
Rank:0 Epoch: [17/40], Step: [471/782], Loss: 0.3835412859916687
Rank:0 Epoch: [17/40], Step: [481/782], Loss: 0.2734602987766266
Rank:0 Epoch: [17/40], Step: [491/782], Loss: 0.37139156460762024
Rank:0 Epoch: [17/40], Step: [501/782], Loss: 0.262239009141922
Rank:0 Epoch: [17/40], Step: [511/782], Loss: 0.5683068037033081
Rank:0 Epoch: [17/40], Step: [521/782], Loss: 0.3706420660018921
Rank:0 Epoch: [17/40], Step: [531/782], Loss: 0.5548466444015503
Rank:0 Epoch: [17/40], Step: [541/782], Loss: 0.3979046642780304
Rank:0 Epoch: [17/40], Step: [551/782], Loss: 0.45583266019821167
Rank:0 Epoch: [17/40], Step: [561/782], Loss: 0.5349497199058533
Rank:0 Epoch: [17/40], Step: [571/782], Loss: 0.3733217716217041
Rank:0 Epoch: [17/40], Step: [581/782], Loss: 0.49860209226608276
Rank:0 Epoch: [17/40], Step: [591/782], Loss: 0.32356202602386475
Rank:0 Epoch: [17/40], Step: [601/782], Loss: 0.4521576762199402
Rank:0 Epoch: [17/40], Step: [611/782], Loss: 0.48695898056030273
Rank:0 Epoch: [17/40], Step: [621/782], Loss: 0.4886120557785034
Rank:0 Epoch: [17/40], Step: [631/782], Loss: 0.3277958929538727
Rank:0 Epoch: [17/40], Step: [641/782], Loss: 0.3654046654701233
Rank:0 Epoch: [17/40], Step: [651/782], Loss: 0.3822140395641327
Rank:0 Epoch: [17/40], Step: [661/782], Loss: 0.40707117319107056
Rank:0 Epoch: [17/40], Step: [671/782], Loss: 0.36576756834983826
Rank:0 Epoch: [17/40], Step: [681/782], Loss: 0.3249684274196625
Rank:0 Epoch: [17/40], Step: [691/782], Loss: 0.3893668055534363
Rank:0 Epoch: [17/40], Step: [701/782], Loss: 0.3581642806529999
Rank:0 Epoch: [17/40], Step: [711/782], Loss: 0.45242100954055786
Rank:0 Epoch: [17/40], Step: [721/782], Loss: 0.4345935583114624
Rank:0 Epoch: [17/40], Step: [731/782], Loss: 0.26476702094078064
Rank:0 Epoch: [17/40], Step: [741/782], Loss: 0.49427729845046997
Rank:0 Epoch: [17/40], Step: [751/782], Loss: 0.642102837562561
Rank:0 Epoch: [17/40], Step: [761/782], Loss: 0.4012598991394043
Rank:0 Epoch: [17/40], Step: [771/782], Loss: 0.5381671786308289
Rank:0 Epoch: [17/40], Step: [781/782], Loss: 0.2916256785392761
Current Test Acc: 0.8199
Rank:0 Epoch: [18/40], Step: [1/782], Loss: 0.27999597787857056
Rank:0 Epoch: [18/40], Step: [11/782], Loss: 0.34854233264923096
Rank:0 Epoch: [18/40], Step: [21/782], Loss: 0.7289676070213318
Rank:0 Epoch: [18/40], Step: [31/782], Loss: 0.42554908990859985
Rank:0 Epoch: [18/40], Step: [41/782], Loss: 0.40479031205177307
Rank:0 Epoch: [18/40], Step: [51/782], Loss: 0.2900993525981903
Rank:0 Epoch: [18/40], Step: [61/782], Loss: 0.5148036479949951
Rank:0 Epoch: [18/40], Step: [71/782], Loss: 0.2634929418563843
Rank:0 Epoch: [18/40], Step: [81/782], Loss: 0.4443376064300537
Rank:0 Epoch: [18/40], Step: [91/782], Loss: 0.4655416011810303
Rank:0 Epoch: [18/40], Step: [101/782], Loss: 0.3216482698917389
Rank:0 Epoch: [18/40], Step: [111/782], Loss: 0.3095153272151947
Rank:0 Epoch: [18/40], Step: [121/782], Loss: 0.4432160258293152
Rank:0 Epoch: [18/40], Step: [131/782], Loss: 0.4350473880767822
Rank:0 Epoch: [18/40], Step: [141/782], Loss: 0.36942949891090393
Rank:0 Epoch: [18/40], Step: [151/782], Loss: 0.4166404604911804
Rank:0 Epoch: [18/40], Step: [161/782], Loss: 0.3603997230529785
Rank:0 Epoch: [18/40], Step: [171/782], Loss: 0.43748146295547485
Rank:0 Epoch: [18/40], Step: [181/782], Loss: 0.26870501041412354
Rank:0 Epoch: [18/40], Step: [191/782], Loss: 0.6977766752243042
Rank:0 Epoch: [18/40], Step: [201/782], Loss: 0.48189741373062134
Rank:0 Epoch: [18/40], Step: [211/782], Loss: 0.45023706555366516
Rank:0 Epoch: [18/40], Step: [221/782], Loss: 0.2569205164909363
Rank:0 Epoch: [18/40], Step: [231/782], Loss: 0.2858341336250305
Rank:0 Epoch: [18/40], Step: [241/782], Loss: 0.22235675156116486
Rank:0 Epoch: [18/40], Step: [251/782], Loss: 0.40147465467453003
Rank:0 Epoch: [18/40], Step: [261/782], Loss: 0.4434579610824585
Rank:0 Epoch: [18/40], Step: [271/782], Loss: 0.5518771409988403
Rank:0 Epoch: [18/40], Step: [281/782], Loss: 0.39489394426345825
Rank:0 Epoch: [18/40], Step: [291/782], Loss: 0.4760628938674927
Rank:0 Epoch: [18/40], Step: [301/782], Loss: 0.3933705985546112
Rank:0 Epoch: [18/40], Step: [311/782], Loss: 0.4789586365222931
Rank:0 Epoch: [18/40], Step: [321/782], Loss: 0.3222157955169678
Rank:0 Epoch: [18/40], Step: [331/782], Loss: 0.5104555487632751
Rank:0 Epoch: [18/40], Step: [341/782], Loss: 0.39207538962364197
Rank:0 Epoch: [18/40], Step: [351/782], Loss: 0.35051169991493225
Rank:0 Epoch: [18/40], Step: [361/782], Loss: 0.5874161720275879
Rank:0 Epoch: [18/40], Step: [371/782], Loss: 0.47447603940963745
Rank:0 Epoch: [18/40], Step: [381/782], Loss: 0.2470576912164688
Rank:0 Epoch: [18/40], Step: [391/782], Loss: 0.3921544551849365
Rank:0 Epoch: [18/40], Step: [401/782], Loss: 0.4768576920032501
Rank:0 Epoch: [18/40], Step: [411/782], Loss: 0.3348391056060791
Rank:0 Epoch: [18/40], Step: [421/782], Loss: 0.2718172073364258
Rank:0 Epoch: [18/40], Step: [431/782], Loss: 0.32158616185188293
Rank:0 Epoch: [18/40], Step: [441/782], Loss: 0.319694846868515
Rank:0 Epoch: [18/40], Step: [451/782], Loss: 0.3057073652744293
Rank:0 Epoch: [18/40], Step: [461/782], Loss: 0.6172544956207275
Rank:0 Epoch: [18/40], Step: [471/782], Loss: 0.45452189445495605
Rank:0 Epoch: [18/40], Step: [481/782], Loss: 0.5501791834831238
Rank:0 Epoch: [18/40], Step: [491/782], Loss: 0.36073368787765503
Rank:0 Epoch: [18/40], Step: [501/782], Loss: 0.45931628346443176
Rank:0 Epoch: [18/40], Step: [511/782], Loss: 0.4855784475803375
Rank:0 Epoch: [18/40], Step: [521/782], Loss: 0.32892632484436035
Rank:0 Epoch: [18/40], Step: [531/782], Loss: 0.5814387798309326
Rank:0 Epoch: [18/40], Step: [541/782], Loss: 0.4076173007488251
Rank:0 Epoch: [18/40], Step: [551/782], Loss: 0.5207719206809998
Rank:0 Epoch: [18/40], Step: [561/782], Loss: 0.43503087759017944
Rank:0 Epoch: [18/40], Step: [571/782], Loss: 0.5171388387680054
Rank:0 Epoch: [18/40], Step: [581/782], Loss: 0.5123293399810791
Rank:0 Epoch: [18/40], Step: [591/782], Loss: 0.2911916673183441
Rank:0 Epoch: [18/40], Step: [601/782], Loss: 0.5412935614585876
Rank:0 Epoch: [18/40], Step: [611/782], Loss: 0.6208438277244568
Rank:0 Epoch: [18/40], Step: [621/782], Loss: 0.3394261598587036
Rank:0 Epoch: [18/40], Step: [631/782], Loss: 0.5810439586639404
Rank:0 Epoch: [18/40], Step: [641/782], Loss: 0.5486799478530884
Rank:0 Epoch: [18/40], Step: [651/782], Loss: 0.35463616251945496
Rank:0 Epoch: [18/40], Step: [661/782], Loss: 0.6950815320014954
Rank:0 Epoch: [18/40], Step: [671/782], Loss: 0.5188266038894653
Rank:0 Epoch: [18/40], Step: [681/782], Loss: 0.26908931136131287
Rank:0 Epoch: [18/40], Step: [691/782], Loss: 0.6422320604324341
Rank:0 Epoch: [18/40], Step: [701/782], Loss: 0.4416191875934601
Rank:0 Epoch: [18/40], Step: [711/782], Loss: 0.41225194931030273
Rank:0 Epoch: [18/40], Step: [721/782], Loss: 0.40561532974243164
Rank:0 Epoch: [18/40], Step: [731/782], Loss: 0.2811562120914459
Rank:0 Epoch: [18/40], Step: [741/782], Loss: 0.3866843581199646
Rank:0 Epoch: [18/40], Step: [751/782], Loss: 0.29742002487182617
Rank:0 Epoch: [18/40], Step: [761/782], Loss: 0.4187421202659607
Rank:0 Epoch: [18/40], Step: [771/782], Loss: 0.27661845088005066
Rank:0 Epoch: [18/40], Step: [781/782], Loss: 0.3705332279205322
Current Test Acc: 0.7887
Rank:0 Epoch: [19/40], Step: [1/782], Loss: 0.4861947298049927
Rank:0 Epoch: [19/40], Step: [11/782], Loss: 0.2669179141521454
Rank:0 Epoch: [19/40], Step: [21/782], Loss: 0.4654681086540222
Rank:0 Epoch: [19/40], Step: [31/782], Loss: 0.2776636779308319
Rank:0 Epoch: [19/40], Step: [41/782], Loss: 0.37018904089927673
Rank:0 Epoch: [19/40], Step: [51/782], Loss: 0.38475501537323
Rank:0 Epoch: [19/40], Step: [61/782], Loss: 0.4767994284629822
Rank:0 Epoch: [19/40], Step: [71/782], Loss: 0.28558653593063354
Rank:0 Epoch: [19/40], Step: [81/782], Loss: 0.5174530744552612
Rank:0 Epoch: [19/40], Step: [91/782], Loss: 0.7331114411354065
Rank:0 Epoch: [19/40], Step: [101/782], Loss: 0.24880225956439972
Rank:0 Epoch: [19/40], Step: [111/782], Loss: 0.4176673889160156
Rank:0 Epoch: [19/40], Step: [121/782], Loss: 0.657499372959137
Rank:0 Epoch: [19/40], Step: [131/782], Loss: 0.4144623279571533
Rank:0 Epoch: [19/40], Step: [141/782], Loss: 0.4957892596721649
Rank:0 Epoch: [19/40], Step: [151/782], Loss: 0.38285312056541443
Rank:0 Epoch: [19/40], Step: [161/782], Loss: 0.4069579243659973
Rank:0 Epoch: [19/40], Step: [171/782], Loss: 0.41186901926994324
Rank:0 Epoch: [19/40], Step: [181/782], Loss: 0.37011533975601196
Rank:0 Epoch: [19/40], Step: [191/782], Loss: 0.5550620555877686
Rank:0 Epoch: [19/40], Step: [201/782], Loss: 0.307129442691803
Rank:0 Epoch: [19/40], Step: [211/782], Loss: 0.3342243731021881
Rank:0 Epoch: [19/40], Step: [221/782], Loss: 0.49187496304512024
Rank:0 Epoch: [19/40], Step: [231/782], Loss: 0.35076913237571716
Rank:0 Epoch: [19/40], Step: [241/782], Loss: 0.40584829449653625
Rank:0 Epoch: [19/40], Step: [251/782], Loss: 0.6690751314163208
Rank:0 Epoch: [19/40], Step: [261/782], Loss: 0.5070003271102905
Rank:0 Epoch: [19/40], Step: [271/782], Loss: 0.3881211578845978
Rank:0 Epoch: [19/40], Step: [281/782], Loss: 0.45553144812583923
Rank:0 Epoch: [19/40], Step: [291/782], Loss: 0.586485743522644
Rank:0 Epoch: [19/40], Step: [301/782], Loss: 0.46802836656570435
Rank:0 Epoch: [19/40], Step: [311/782], Loss: 0.3695187568664551
Rank:0 Epoch: [19/40], Step: [321/782], Loss: 0.3914029896259308
Rank:0 Epoch: [19/40], Step: [331/782], Loss: 0.46539223194122314
Rank:0 Epoch: [19/40], Step: [341/782], Loss: 0.44598519802093506
Rank:0 Epoch: [19/40], Step: [351/782], Loss: 0.48958486318588257
Rank:0 Epoch: [19/40], Step: [361/782], Loss: 0.43252816796302795
Rank:0 Epoch: [19/40], Step: [371/782], Loss: 0.3819113075733185
Rank:0 Epoch: [19/40], Step: [381/782], Loss: 0.37841200828552246
Rank:0 Epoch: [19/40], Step: [391/782], Loss: 0.6354925036430359
Rank:0 Epoch: [19/40], Step: [401/782], Loss: 0.5612901449203491
Rank:0 Epoch: [19/40], Step: [411/782], Loss: 0.561278223991394
Rank:0 Epoch: [19/40], Step: [421/782], Loss: 0.37150946259498596
Rank:0 Epoch: [19/40], Step: [431/782], Loss: 0.460130512714386
Rank:0 Epoch: [19/40], Step: [441/782], Loss: 0.33839544653892517
Rank:0 Epoch: [19/40], Step: [451/782], Loss: 0.28995171189308167
Rank:0 Epoch: [19/40], Step: [461/782], Loss: 0.3362966775894165
Rank:0 Epoch: [19/40], Step: [471/782], Loss: 0.3179832398891449
Rank:0 Epoch: [19/40], Step: [481/782], Loss: 0.3954114317893982
Rank:0 Epoch: [19/40], Step: [491/782], Loss: 0.30168136954307556
Rank:0 Epoch: [19/40], Step: [501/782], Loss: 0.3468778729438782
Rank:0 Epoch: [19/40], Step: [511/782], Loss: 0.673047661781311
Rank:0 Epoch: [19/40], Step: [521/782], Loss: 0.6025322079658508
Rank:0 Epoch: [19/40], Step: [531/782], Loss: 0.3846162259578705
Rank:0 Epoch: [19/40], Step: [541/782], Loss: 0.47739502787590027
Rank:0 Epoch: [19/40], Step: [551/782], Loss: 0.42335018515586853
Rank:0 Epoch: [19/40], Step: [561/782], Loss: 0.1625521034002304
Rank:0 Epoch: [19/40], Step: [571/782], Loss: 0.31653159856796265
Rank:0 Epoch: [19/40], Step: [581/782], Loss: 0.5421730279922485
Rank:0 Epoch: [19/40], Step: [591/782], Loss: 0.48603349924087524
Rank:0 Epoch: [19/40], Step: [601/782], Loss: 0.5481860041618347
Rank:0 Epoch: [19/40], Step: [611/782], Loss: 0.2448519915342331
Rank:0 Epoch: [19/40], Step: [621/782], Loss: 0.42260676622390747
Rank:0 Epoch: [19/40], Step: [631/782], Loss: 0.33405423164367676
Rank:0 Epoch: [19/40], Step: [641/782], Loss: 0.5236263871192932
Rank:0 Epoch: [19/40], Step: [651/782], Loss: 0.5967323184013367
Rank:0 Epoch: [19/40], Step: [661/782], Loss: 0.5399177670478821
Rank:0 Epoch: [19/40], Step: [671/782], Loss: 0.4423999786376953
Rank:0 Epoch: [19/40], Step: [681/782], Loss: 0.5018685460090637
Rank:0 Epoch: [19/40], Step: [691/782], Loss: 0.364242821931839
Rank:0 Epoch: [19/40], Step: [701/782], Loss: 0.39799126982688904
Rank:0 Epoch: [19/40], Step: [711/782], Loss: 0.47964322566986084
Rank:0 Epoch: [19/40], Step: [721/782], Loss: 0.3765800893306732
Rank:0 Epoch: [19/40], Step: [731/782], Loss: 0.4606952667236328
Rank:0 Epoch: [19/40], Step: [741/782], Loss: 0.3657182455062866
Rank:0 Epoch: [19/40], Step: [751/782], Loss: 0.4690154492855072
Rank:0 Epoch: [19/40], Step: [761/782], Loss: 0.31006091833114624
Rank:0 Epoch: [19/40], Step: [771/782], Loss: 0.267451673746109
Rank:0 Epoch: [19/40], Step: [781/782], Loss: 0.3518393337726593
Current Test Acc: 0.7841
Rank:0 Epoch: [20/40], Step: [1/782], Loss: 0.2871640622615814
Rank:0 Epoch: [20/40], Step: [11/782], Loss: 0.38397008180618286
Rank:0 Epoch: [20/40], Step: [21/782], Loss: 0.3660750985145569
Rank:0 Epoch: [20/40], Step: [31/782], Loss: 0.3012904226779938
Rank:0 Epoch: [20/40], Step: [41/782], Loss: 0.6641961932182312
Rank:0 Epoch: [20/40], Step: [51/782], Loss: 0.46689489483833313
Rank:0 Epoch: [20/40], Step: [61/782], Loss: 0.3755175769329071
Rank:0 Epoch: [20/40], Step: [71/782], Loss: 0.37853100895881653
Rank:0 Epoch: [20/40], Step: [81/782], Loss: 0.42625319957733154
Rank:0 Epoch: [20/40], Step: [91/782], Loss: 0.3423035442829132
Rank:0 Epoch: [20/40], Step: [101/782], Loss: 0.37361958622932434
Rank:0 Epoch: [20/40], Step: [111/782], Loss: 0.38453537225723267
Rank:0 Epoch: [20/40], Step: [121/782], Loss: 0.36726608872413635
Rank:0 Epoch: [20/40], Step: [131/782], Loss: 0.3913584053516388
Rank:0 Epoch: [20/40], Step: [141/782], Loss: 0.4291706085205078
Rank:0 Epoch: [20/40], Step: [151/782], Loss: 0.3903447687625885
Rank:0 Epoch: [20/40], Step: [161/782], Loss: 0.48216336965560913
Rank:0 Epoch: [20/40], Step: [171/782], Loss: 0.5291701555252075
Rank:0 Epoch: [20/40], Step: [181/782], Loss: 0.4504607915878296
Rank:0 Epoch: [20/40], Step: [191/782], Loss: 0.34014222025871277
Rank:0 Epoch: [20/40], Step: [201/782], Loss: 0.38288870453834534
Rank:0 Epoch: [20/40], Step: [211/782], Loss: 0.3351611793041229
Rank:0 Epoch: [20/40], Step: [221/782], Loss: 0.3273877799510956
Rank:0 Epoch: [20/40], Step: [231/782], Loss: 0.42714276909828186
Rank:0 Epoch: [20/40], Step: [241/782], Loss: 0.4781034290790558
Rank:0 Epoch: [20/40], Step: [251/782], Loss: 0.48939749598503113
Rank:0 Epoch: [20/40], Step: [261/782], Loss: 0.18240275979042053
Rank:0 Epoch: [20/40], Step: [271/782], Loss: 0.30808213353157043
Rank:0 Epoch: [20/40], Step: [281/782], Loss: 0.6278554201126099
Rank:0 Epoch: [20/40], Step: [291/782], Loss: 0.5344611406326294
Rank:0 Epoch: [20/40], Step: [301/782], Loss: 0.4865155816078186
Rank:0 Epoch: [20/40], Step: [311/782], Loss: 0.3472570776939392
Rank:0 Epoch: [20/40], Step: [321/782], Loss: 0.3072533905506134
Rank:0 Epoch: [20/40], Step: [331/782], Loss: 0.36048316955566406
Rank:0 Epoch: [20/40], Step: [341/782], Loss: 0.3592255711555481
Rank:0 Epoch: [20/40], Step: [351/782], Loss: 0.2245236486196518
Rank:0 Epoch: [20/40], Step: [361/782], Loss: 0.17342904210090637
Rank:0 Epoch: [20/40], Step: [371/782], Loss: 0.2795492708683014
Rank:0 Epoch: [20/40], Step: [381/782], Loss: 0.5619140267372131
Rank:0 Epoch: [20/40], Step: [391/782], Loss: 0.35755085945129395
Rank:0 Epoch: [20/40], Step: [401/782], Loss: 0.40654268860816956
Rank:0 Epoch: [20/40], Step: [411/782], Loss: 0.512728750705719
Rank:0 Epoch: [20/40], Step: [421/782], Loss: 0.4017934501171112
Rank:0 Epoch: [20/40], Step: [431/782], Loss: 0.42019927501678467
Rank:0 Epoch: [20/40], Step: [441/782], Loss: 0.4040360450744629
Rank:0 Epoch: [20/40], Step: [451/782], Loss: 0.5802668333053589
Rank:0 Epoch: [20/40], Step: [461/782], Loss: 0.34317871928215027
Rank:0 Epoch: [20/40], Step: [471/782], Loss: 0.44081658124923706
Rank:0 Epoch: [20/40], Step: [481/782], Loss: 0.6019784808158875
Rank:0 Epoch: [20/40], Step: [491/782], Loss: 0.38922908902168274
Rank:0 Epoch: [20/40], Step: [501/782], Loss: 0.5868234634399414
Rank:0 Epoch: [20/40], Step: [511/782], Loss: 0.2841150462627411
Rank:0 Epoch: [20/40], Step: [521/782], Loss: 0.3848125636577606
Rank:0 Epoch: [20/40], Step: [531/782], Loss: 0.28627318143844604
Rank:0 Epoch: [20/40], Step: [541/782], Loss: 0.2166597545146942
Rank:0 Epoch: [20/40], Step: [551/782], Loss: 0.33408302068710327
Rank:0 Epoch: [20/40], Step: [561/782], Loss: 0.3264663517475128
Rank:0 Epoch: [20/40], Step: [571/782], Loss: 0.4228324592113495
Rank:0 Epoch: [20/40], Step: [581/782], Loss: 0.41374465823173523
Rank:0 Epoch: [20/40], Step: [591/782], Loss: 0.4298109710216522
Rank:0 Epoch: [20/40], Step: [601/782], Loss: 0.5059494972229004
Rank:0 Epoch: [20/40], Step: [611/782], Loss: 0.6066254377365112
Rank:0 Epoch: [20/40], Step: [621/782], Loss: 0.3553297817707062
Rank:0 Epoch: [20/40], Step: [631/782], Loss: 0.413887083530426
Rank:0 Epoch: [20/40], Step: [641/782], Loss: 0.2908797562122345
Rank:0 Epoch: [20/40], Step: [651/782], Loss: 0.2847175598144531
Rank:0 Epoch: [20/40], Step: [661/782], Loss: 0.3194868862628937
Rank:0 Epoch: [20/40], Step: [671/782], Loss: 0.481711745262146
Rank:0 Epoch: [20/40], Step: [681/782], Loss: 0.42100849747657776
Rank:0 Epoch: [20/40], Step: [691/782], Loss: 0.6905252933502197
Rank:0 Epoch: [20/40], Step: [701/782], Loss: 0.34900540113449097
Rank:0 Epoch: [20/40], Step: [711/782], Loss: 0.45627361536026
Rank:0 Epoch: [20/40], Step: [721/782], Loss: 0.46654731035232544
Rank:0 Epoch: [20/40], Step: [731/782], Loss: 0.39104315638542175
Rank:0 Epoch: [20/40], Step: [741/782], Loss: 0.4728845953941345
Rank:0 Epoch: [20/40], Step: [751/782], Loss: 0.4719098210334778
Rank:0 Epoch: [20/40], Step: [761/782], Loss: 0.28764891624450684
Rank:0 Epoch: [20/40], Step: [771/782], Loss: 0.3457726538181305
Rank:0 Epoch: [20/40], Step: [781/782], Loss: 0.28435584902763367
Current Test Acc: 0.8003
Rank:0 Epoch: [21/40], Step: [1/782], Loss: 0.45812225341796875
Rank:0 Epoch: [21/40], Step: [11/782], Loss: 0.43790343403816223
Rank:0 Epoch: [21/40], Step: [21/782], Loss: 0.27251696586608887
Rank:0 Epoch: [21/40], Step: [31/782], Loss: 0.3282150328159332
Rank:0 Epoch: [21/40], Step: [41/782], Loss: 0.47714659571647644
Rank:0 Epoch: [21/40], Step: [51/782], Loss: 0.399778813123703
Rank:0 Epoch: [21/40], Step: [61/782], Loss: 0.2969486713409424
Rank:0 Epoch: [21/40], Step: [71/782], Loss: 0.47691407799720764
Rank:0 Epoch: [21/40], Step: [81/782], Loss: 0.22218988835811615
Rank:0 Epoch: [21/40], Step: [91/782], Loss: 0.22413164377212524
Rank:0 Epoch: [21/40], Step: [101/782], Loss: 0.30390021204948425
Rank:0 Epoch: [21/40], Step: [111/782], Loss: 0.36240604519844055
Rank:0 Epoch: [21/40], Step: [121/782], Loss: 0.3438144326210022
Rank:0 Epoch: [21/40], Step: [131/782], Loss: 0.3648231029510498
Rank:0 Epoch: [21/40], Step: [141/782], Loss: 0.2760736346244812
Rank:0 Epoch: [21/40], Step: [151/782], Loss: 0.39760494232177734
Rank:0 Epoch: [21/40], Step: [161/782], Loss: 0.19916807115077972
Rank:0 Epoch: [21/40], Step: [171/782], Loss: 0.3131115138530731
Rank:0 Epoch: [21/40], Step: [181/782], Loss: 0.19756287336349487
Rank:0 Epoch: [21/40], Step: [191/782], Loss: 0.3214786648750305
Rank:0 Epoch: [21/40], Step: [201/782], Loss: 0.3561570346355438
Rank:0 Epoch: [21/40], Step: [211/782], Loss: 0.3208196759223938
Rank:0 Epoch: [21/40], Step: [221/782], Loss: 0.2528647482395172
Rank:0 Epoch: [21/40], Step: [231/782], Loss: 0.387963205575943
Rank:0 Epoch: [21/40], Step: [241/782], Loss: 0.2642871141433716
Rank:0 Epoch: [21/40], Step: [251/782], Loss: 0.430454820394516
Rank:0 Epoch: [21/40], Step: [261/782], Loss: 0.3349407911300659
Rank:0 Epoch: [21/40], Step: [271/782], Loss: 0.3378813564777374
Rank:0 Epoch: [21/40], Step: [281/782], Loss: 0.3299126923084259
Rank:0 Epoch: [21/40], Step: [291/782], Loss: 0.2711111605167389
Rank:0 Epoch: [21/40], Step: [301/782], Loss: 0.3491888642311096
Rank:0 Epoch: [21/40], Step: [311/782], Loss: 0.3700838088989258
Rank:0 Epoch: [21/40], Step: [321/782], Loss: 0.296488881111145
Rank:0 Epoch: [21/40], Step: [331/782], Loss: 0.16324089467525482
Rank:0 Epoch: [21/40], Step: [341/782], Loss: 0.28566932678222656
Rank:0 Epoch: [21/40], Step: [351/782], Loss: 0.33102738857269287
Rank:0 Epoch: [21/40], Step: [361/782], Loss: 0.17934101819992065
Rank:0 Epoch: [21/40], Step: [371/782], Loss: 0.27573108673095703
Rank:0 Epoch: [21/40], Step: [381/782], Loss: 0.5326011180877686
Rank:0 Epoch: [21/40], Step: [391/782], Loss: 0.2776545286178589
Rank:0 Epoch: [21/40], Step: [401/782], Loss: 0.2351628541946411
Rank:0 Epoch: [21/40], Step: [411/782], Loss: 0.4398401081562042
Rank:0 Epoch: [21/40], Step: [421/782], Loss: 0.24345722794532776
Rank:0 Epoch: [21/40], Step: [431/782], Loss: 0.37972167134284973
Rank:0 Epoch: [21/40], Step: [441/782], Loss: 0.36923423409461975
Rank:0 Epoch: [21/40], Step: [451/782], Loss: 0.28215599060058594
Rank:0 Epoch: [21/40], Step: [461/782], Loss: 0.32180097699165344
Rank:0 Epoch: [21/40], Step: [471/782], Loss: 0.3065945506095886
Rank:0 Epoch: [21/40], Step: [481/782], Loss: 0.14584530889987946
Rank:0 Epoch: [21/40], Step: [491/782], Loss: 0.37297993898391724
Rank:0 Epoch: [21/40], Step: [501/782], Loss: 0.21579504013061523
Rank:0 Epoch: [21/40], Step: [511/782], Loss: 0.24941296875476837
Rank:0 Epoch: [21/40], Step: [521/782], Loss: 0.3102051913738251
Rank:0 Epoch: [21/40], Step: [531/782], Loss: 0.10417494177818298
Rank:0 Epoch: [21/40], Step: [541/782], Loss: 0.321157306432724
Rank:0 Epoch: [21/40], Step: [551/782], Loss: 0.32040002942085266
Rank:0 Epoch: [21/40], Step: [561/782], Loss: 0.22719353437423706
Rank:0 Epoch: [21/40], Step: [571/782], Loss: 0.3339383900165558
Rank:0 Epoch: [21/40], Step: [581/782], Loss: 0.36585932970046997
Rank:0 Epoch: [21/40], Step: [591/782], Loss: 0.23807992041110992
Rank:0 Epoch: [21/40], Step: [601/782], Loss: 0.2333035171031952
Rank:0 Epoch: [21/40], Step: [611/782], Loss: 0.29722994565963745
Rank:0 Epoch: [21/40], Step: [621/782], Loss: 0.2481265515089035
Rank:0 Epoch: [21/40], Step: [631/782], Loss: 0.11484634876251221
Rank:0 Epoch: [21/40], Step: [641/782], Loss: 0.17482152581214905
Rank:0 Epoch: [21/40], Step: [651/782], Loss: 0.32723769545555115
Rank:0 Epoch: [21/40], Step: [661/782], Loss: 0.29968902468681335
Rank:0 Epoch: [21/40], Step: [671/782], Loss: 0.24245522916316986
Rank:0 Epoch: [21/40], Step: [681/782], Loss: 0.230283722281456
Rank:0 Epoch: [21/40], Step: [691/782], Loss: 0.37579962611198425
Rank:0 Epoch: [21/40], Step: [701/782], Loss: 0.37874406576156616
Rank:0 Epoch: [21/40], Step: [711/782], Loss: 0.16025952994823456
Rank:0 Epoch: [21/40], Step: [721/782], Loss: 0.20567184686660767
Rank:0 Epoch: [21/40], Step: [731/782], Loss: 0.30672383308410645
Rank:0 Epoch: [21/40], Step: [741/782], Loss: 0.12199881672859192
Rank:0 Epoch: [21/40], Step: [751/782], Loss: 0.3144153356552124
Rank:0 Epoch: [21/40], Step: [761/782], Loss: 0.24885600805282593
Rank:0 Epoch: [21/40], Step: [771/782], Loss: 0.25290897488594055
Rank:0 Epoch: [21/40], Step: [781/782], Loss: 0.27543070912361145
Current Test Acc: 0.8862
Rank:0 Epoch: [22/40], Step: [1/782], Loss: 0.33865490555763245
Rank:0 Epoch: [22/40], Step: [11/782], Loss: 0.2769756317138672
Rank:0 Epoch: [22/40], Step: [21/782], Loss: 0.23434631526470184
Rank:0 Epoch: [22/40], Step: [31/782], Loss: 0.36475443840026855
Rank:0 Epoch: [22/40], Step: [41/782], Loss: 0.23371461033821106
Rank:0 Epoch: [22/40], Step: [51/782], Loss: 0.2308320254087448
Rank:0 Epoch: [22/40], Step: [61/782], Loss: 0.29158738255500793
Rank:0 Epoch: [22/40], Step: [71/782], Loss: 0.4127217233181
Rank:0 Epoch: [22/40], Step: [81/782], Loss: 0.321675181388855
Rank:0 Epoch: [22/40], Step: [91/782], Loss: 0.2594257593154907
Rank:0 Epoch: [22/40], Step: [101/782], Loss: 0.1715894341468811
Rank:0 Epoch: [22/40], Step: [111/782], Loss: 0.2484939992427826
Rank:0 Epoch: [22/40], Step: [121/782], Loss: 0.17677104473114014
Rank:0 Epoch: [22/40], Step: [131/782], Loss: 0.20208057761192322
Rank:0 Epoch: [22/40], Step: [141/782], Loss: 0.38430842757225037
Rank:0 Epoch: [22/40], Step: [151/782], Loss: 0.2682189643383026
Rank:0 Epoch: [22/40], Step: [161/782], Loss: 0.18384338915348053
Rank:0 Epoch: [22/40], Step: [171/782], Loss: 0.21278125047683716
Rank:0 Epoch: [22/40], Step: [181/782], Loss: 0.19443508982658386
Rank:0 Epoch: [22/40], Step: [191/782], Loss: 0.3749333322048187
Rank:0 Epoch: [22/40], Step: [201/782], Loss: 0.2692676782608032
Rank:0 Epoch: [22/40], Step: [211/782], Loss: 0.2934621572494507
Rank:0 Epoch: [22/40], Step: [221/782], Loss: 0.1762349009513855
Rank:0 Epoch: [22/40], Step: [231/782], Loss: 0.3021036386489868
Rank:0 Epoch: [22/40], Step: [241/782], Loss: 0.25153520703315735
Rank:0 Epoch: [22/40], Step: [251/782], Loss: 0.22016683220863342
Rank:0 Epoch: [22/40], Step: [261/782], Loss: 0.24581831693649292
Rank:0 Epoch: [22/40], Step: [271/782], Loss: 0.2782576084136963
Rank:0 Epoch: [22/40], Step: [281/782], Loss: 0.3001883924007416
Rank:0 Epoch: [22/40], Step: [291/782], Loss: 0.19417671859264374
Rank:0 Epoch: [22/40], Step: [301/782], Loss: 0.25291284918785095
Rank:0 Epoch: [22/40], Step: [311/782], Loss: 0.23010849952697754
Rank:0 Epoch: [22/40], Step: [321/782], Loss: 0.4089219868183136
Rank:0 Epoch: [22/40], Step: [331/782], Loss: 0.2511191666126251
Rank:0 Epoch: [22/40], Step: [341/782], Loss: 0.2532375454902649
Rank:0 Epoch: [22/40], Step: [351/782], Loss: 0.17984698712825775
Rank:0 Epoch: [22/40], Step: [361/782], Loss: 0.2099124640226364
Rank:0 Epoch: [22/40], Step: [371/782], Loss: 0.21041341125965118
Rank:0 Epoch: [22/40], Step: [381/782], Loss: 0.3465516269207001
Rank:0 Epoch: [22/40], Step: [391/782], Loss: 0.3796863257884979
Rank:0 Epoch: [22/40], Step: [401/782], Loss: 0.1627647578716278
Rank:0 Epoch: [22/40], Step: [411/782], Loss: 0.3001471161842346
Rank:0 Epoch: [22/40], Step: [421/782], Loss: 0.20801609754562378
Rank:0 Epoch: [22/40], Step: [431/782], Loss: 0.40279585123062134
Rank:0 Epoch: [22/40], Step: [441/782], Loss: 0.39587363600730896
Rank:0 Epoch: [22/40], Step: [451/782], Loss: 0.37590301036834717
Rank:0 Epoch: [22/40], Step: [461/782], Loss: 0.31239935755729675
Rank:0 Epoch: [22/40], Step: [471/782], Loss: 0.44476383924484253
Rank:0 Epoch: [22/40], Step: [481/782], Loss: 0.27694380283355713
Rank:0 Epoch: [22/40], Step: [491/782], Loss: 0.23026709258556366
Rank:0 Epoch: [22/40], Step: [501/782], Loss: 0.27759140729904175
Rank:0 Epoch: [22/40], Step: [511/782], Loss: 0.19113360345363617
Rank:0 Epoch: [22/40], Step: [521/782], Loss: 0.39557361602783203
Rank:0 Epoch: [22/40], Step: [531/782], Loss: 0.31979769468307495
Rank:0 Epoch: [22/40], Step: [541/782], Loss: 0.33069154620170593
Rank:0 Epoch: [22/40], Step: [551/782], Loss: 0.2955918610095978
Rank:0 Epoch: [22/40], Step: [561/782], Loss: 0.3303827941417694
Rank:0 Epoch: [22/40], Step: [571/782], Loss: 0.17558953166007996
Rank:0 Epoch: [22/40], Step: [581/782], Loss: 0.4149298071861267
Rank:0 Epoch: [22/40], Step: [591/782], Loss: 0.4530544877052307
Rank:0 Epoch: [22/40], Step: [601/782], Loss: 0.3142024278640747
Rank:0 Epoch: [22/40], Step: [611/782], Loss: 0.18453137576580048
Rank:0 Epoch: [22/40], Step: [621/782], Loss: 0.2474588304758072
Rank:0 Epoch: [22/40], Step: [631/782], Loss: 0.2328455001115799
Rank:0 Epoch: [22/40], Step: [641/782], Loss: 0.21310435235500336
Rank:0 Epoch: [22/40], Step: [651/782], Loss: 0.27557921409606934
Rank:0 Epoch: [22/40], Step: [661/782], Loss: 0.13412484526634216
Rank:0 Epoch: [22/40], Step: [671/782], Loss: 0.21744456887245178
Rank:0 Epoch: [22/40], Step: [681/782], Loss: 0.16902445256710052
Rank:0 Epoch: [22/40], Step: [691/782], Loss: 0.3107701241970062
Rank:0 Epoch: [22/40], Step: [701/782], Loss: 0.25131475925445557
Rank:0 Epoch: [22/40], Step: [711/782], Loss: 0.3119829297065735
Rank:0 Epoch: [22/40], Step: [721/782], Loss: 0.287930428981781
Rank:0 Epoch: [22/40], Step: [731/782], Loss: 0.3014585077762604
Rank:0 Epoch: [22/40], Step: [741/782], Loss: 0.16878484189510345
Rank:0 Epoch: [22/40], Step: [751/782], Loss: 0.2579445242881775
Rank:0 Epoch: [22/40], Step: [761/782], Loss: 0.43818145990371704
Rank:0 Epoch: [22/40], Step: [771/782], Loss: 0.404475599527359
Rank:0 Epoch: [22/40], Step: [781/782], Loss: 0.2769814431667328
Current Test Acc: 0.8852
Rank:0 Epoch: [23/40], Step: [1/782], Loss: 0.3096170127391815
Rank:0 Epoch: [23/40], Step: [11/782], Loss: 0.2215685099363327
Rank:0 Epoch: [23/40], Step: [21/782], Loss: 0.2528989911079407
Rank:0 Epoch: [23/40], Step: [31/782], Loss: 0.27826452255249023
Rank:0 Epoch: [23/40], Step: [41/782], Loss: 0.24916885793209076
Rank:0 Epoch: [23/40], Step: [51/782], Loss: 0.22906140983104706
Rank:0 Epoch: [23/40], Step: [61/782], Loss: 0.19480416178703308
Rank:0 Epoch: [23/40], Step: [71/782], Loss: 0.3247862756252289
Rank:0 Epoch: [23/40], Step: [81/782], Loss: 0.33706170320510864
Rank:0 Epoch: [23/40], Step: [91/782], Loss: 0.2802828550338745
Rank:0 Epoch: [23/40], Step: [101/782], Loss: 0.16578781604766846
Rank:0 Epoch: [23/40], Step: [111/782], Loss: 0.13010908663272858
Rank:0 Epoch: [23/40], Step: [121/782], Loss: 0.18320663273334503
Rank:0 Epoch: [23/40], Step: [131/782], Loss: 0.24709577858448029
Rank:0 Epoch: [23/40], Step: [141/782], Loss: 0.31793156266212463
Rank:0 Epoch: [23/40], Step: [151/782], Loss: 0.1812964230775833
Rank:0 Epoch: [23/40], Step: [161/782], Loss: 0.29800525307655334
Rank:0 Epoch: [23/40], Step: [171/782], Loss: 0.3464801609516144
Rank:0 Epoch: [23/40], Step: [181/782], Loss: 0.2720935344696045
Rank:0 Epoch: [23/40], Step: [191/782], Loss: 0.29841241240501404
Rank:0 Epoch: [23/40], Step: [201/782], Loss: 0.25096777081489563
Rank:0 Epoch: [23/40], Step: [211/782], Loss: 0.27450957894325256
Rank:0 Epoch: [23/40], Step: [221/782], Loss: 0.24210935831069946
Rank:0 Epoch: [23/40], Step: [231/782], Loss: 0.2731241285800934
Rank:0 Epoch: [23/40], Step: [241/782], Loss: 0.18458223342895508
Rank:0 Epoch: [23/40], Step: [251/782], Loss: 0.24282623827457428
Rank:0 Epoch: [23/40], Step: [261/782], Loss: 0.3597501814365387
Rank:0 Epoch: [23/40], Step: [271/782], Loss: 0.16524629294872284
Rank:0 Epoch: [23/40], Step: [281/782], Loss: 0.14134451746940613
Rank:0 Epoch: [23/40], Step: [291/782], Loss: 0.17971967160701752
Rank:0 Epoch: [23/40], Step: [301/782], Loss: 0.26276254653930664
Rank:0 Epoch: [23/40], Step: [311/782], Loss: 0.22252173721790314
Rank:0 Epoch: [23/40], Step: [321/782], Loss: 0.3163868188858032
Rank:0 Epoch: [23/40], Step: [331/782], Loss: 0.13890868425369263
Rank:0 Epoch: [23/40], Step: [341/782], Loss: 0.49264419078826904
Rank:0 Epoch: [23/40], Step: [351/782], Loss: 0.2653912305831909
Rank:0 Epoch: [23/40], Step: [361/782], Loss: 0.20023292303085327
Rank:0 Epoch: [23/40], Step: [371/782], Loss: 0.3690294623374939
Rank:0 Epoch: [23/40], Step: [381/782], Loss: 0.2624516487121582
Rank:0 Epoch: [23/40], Step: [391/782], Loss: 0.20715013146400452
Rank:0 Epoch: [23/40], Step: [401/782], Loss: 0.2566274404525757
Rank:0 Epoch: [23/40], Step: [411/782], Loss: 0.24125127494335175
Rank:0 Epoch: [23/40], Step: [421/782], Loss: 0.23260149359703064
Rank:0 Epoch: [23/40], Step: [431/782], Loss: 0.2696835696697235
Rank:0 Epoch: [23/40], Step: [441/782], Loss: 0.23813830316066742
Rank:0 Epoch: [23/40], Step: [451/782], Loss: 0.21470284461975098
Rank:0 Epoch: [23/40], Step: [461/782], Loss: 0.10678853839635849
Rank:0 Epoch: [23/40], Step: [471/782], Loss: 0.3418959379196167
Rank:0 Epoch: [23/40], Step: [481/782], Loss: 0.1926635354757309
Rank:0 Epoch: [23/40], Step: [491/782], Loss: 0.28523457050323486
Rank:0 Epoch: [23/40], Step: [501/782], Loss: 0.4092438817024231
Rank:0 Epoch: [23/40], Step: [511/782], Loss: 0.17350204288959503
Rank:0 Epoch: [23/40], Step: [521/782], Loss: 0.3608127534389496
Rank:0 Epoch: [23/40], Step: [531/782], Loss: 0.43543708324432373
Rank:0 Epoch: [23/40], Step: [541/782], Loss: 0.17848122119903564
Rank:0 Epoch: [23/40], Step: [551/782], Loss: 0.17925189435482025
Rank:0 Epoch: [23/40], Step: [561/782], Loss: 0.18563176691532135
Rank:0 Epoch: [23/40], Step: [571/782], Loss: 0.29536551237106323
Rank:0 Epoch: [23/40], Step: [581/782], Loss: 0.24397771060466766
Rank:0 Epoch: [23/40], Step: [591/782], Loss: 0.25970080494880676
Rank:0 Epoch: [23/40], Step: [601/782], Loss: 0.29711517691612244
Rank:0 Epoch: [23/40], Step: [611/782], Loss: 0.26960858702659607
Rank:0 Epoch: [23/40], Step: [621/782], Loss: 0.18836380541324615
Rank:0 Epoch: [23/40], Step: [631/782], Loss: 0.2727144956588745
Rank:0 Epoch: [23/40], Step: [641/782], Loss: 0.1875576376914978
Rank:0 Epoch: [23/40], Step: [651/782], Loss: 0.21695522964000702
Rank:0 Epoch: [23/40], Step: [661/782], Loss: 0.2959175705909729
Rank:0 Epoch: [23/40], Step: [671/782], Loss: 0.23758195340633392
Rank:0 Epoch: [23/40], Step: [681/782], Loss: 0.25195255875587463
Rank:0 Epoch: [23/40], Step: [691/782], Loss: 0.28578364849090576
Rank:0 Epoch: [23/40], Step: [701/782], Loss: 0.3237764835357666
Rank:0 Epoch: [23/40], Step: [711/782], Loss: 0.38641488552093506
Rank:0 Epoch: [23/40], Step: [721/782], Loss: 0.24110104143619537
Rank:0 Epoch: [23/40], Step: [731/782], Loss: 0.23280397057533264
Rank:0 Epoch: [23/40], Step: [741/782], Loss: 0.4193373918533325
Rank:0 Epoch: [23/40], Step: [751/782], Loss: 0.20637960731983185
Rank:0 Epoch: [23/40], Step: [761/782], Loss: 0.2262907475233078
Rank:0 Epoch: [23/40], Step: [771/782], Loss: 0.23218247294425964
Rank:0 Epoch: [23/40], Step: [781/782], Loss: 0.14806190133094788
Current Test Acc: 0.8913
Rank:0 Epoch: [24/40], Step: [1/782], Loss: 0.17912240326404572
Rank:0 Epoch: [24/40], Step: [11/782], Loss: 0.33370527625083923
Rank:0 Epoch: [24/40], Step: [21/782], Loss: 0.2822386920452118
Rank:0 Epoch: [24/40], Step: [31/782], Loss: 0.14945752918720245
Rank:0 Epoch: [24/40], Step: [41/782], Loss: 0.19834893941879272
Rank:0 Epoch: [24/40], Step: [51/782], Loss: 0.210361048579216
Rank:0 Epoch: [24/40], Step: [61/782], Loss: 0.13221833109855652
Rank:0 Epoch: [24/40], Step: [71/782], Loss: 0.3289467990398407
Rank:0 Epoch: [24/40], Step: [81/782], Loss: 0.39315739274024963
Rank:0 Epoch: [24/40], Step: [91/782], Loss: 0.23975785076618195
Rank:0 Epoch: [24/40], Step: [101/782], Loss: 0.3591514825820923
Rank:0 Epoch: [24/40], Step: [111/782], Loss: 0.32679301500320435
Rank:0 Epoch: [24/40], Step: [121/782], Loss: 0.26465585827827454
Rank:0 Epoch: [24/40], Step: [131/782], Loss: 0.19355720281600952
Rank:0 Epoch: [24/40], Step: [141/782], Loss: 0.17476823925971985
Rank:0 Epoch: [24/40], Step: [151/782], Loss: 0.42622533440589905
Rank:0 Epoch: [24/40], Step: [161/782], Loss: 0.2586052417755127
Rank:0 Epoch: [24/40], Step: [171/782], Loss: 0.23054763674736023
Rank:0 Epoch: [24/40], Step: [181/782], Loss: 0.42471733689308167
Rank:0 Epoch: [24/40], Step: [191/782], Loss: 0.270218163728714
Rank:0 Epoch: [24/40], Step: [201/782], Loss: 0.23069708049297333
Rank:0 Epoch: [24/40], Step: [211/782], Loss: 0.257914274930954
Rank:0 Epoch: [24/40], Step: [221/782], Loss: 0.25369665026664734
Rank:0 Epoch: [24/40], Step: [231/782], Loss: 0.19066953659057617
Rank:0 Epoch: [24/40], Step: [241/782], Loss: 0.13628697395324707
Rank:0 Epoch: [24/40], Step: [251/782], Loss: 0.21222659945487976
Rank:0 Epoch: [24/40], Step: [261/782], Loss: 0.19241894781589508
Rank:0 Epoch: [24/40], Step: [271/782], Loss: 0.10246309638023376
Rank:0 Epoch: [24/40], Step: [281/782], Loss: 0.1704113632440567
Rank:0 Epoch: [24/40], Step: [291/782], Loss: 0.24642136693000793
Rank:0 Epoch: [24/40], Step: [301/782], Loss: 0.253360778093338
Rank:0 Epoch: [24/40], Step: [311/782], Loss: 0.21203887462615967
Rank:0 Epoch: [24/40], Step: [321/782], Loss: 0.30539625883102417
Rank:0 Epoch: [24/40], Step: [331/782], Loss: 0.2854028344154358
Rank:0 Epoch: [24/40], Step: [341/782], Loss: 0.1934981495141983
Rank:0 Epoch: [24/40], Step: [351/782], Loss: 0.18829825520515442
Rank:0 Epoch: [24/40], Step: [361/782], Loss: 0.20528866350650787
Rank:0 Epoch: [24/40], Step: [371/782], Loss: 0.12557674944400787
Rank:0 Epoch: [24/40], Step: [381/782], Loss: 0.174507275223732
Rank:0 Epoch: [24/40], Step: [391/782], Loss: 0.19670434296131134
Rank:0 Epoch: [24/40], Step: [401/782], Loss: 0.1506967842578888
Rank:0 Epoch: [24/40], Step: [411/782], Loss: 0.27012333273887634
Rank:0 Epoch: [24/40], Step: [421/782], Loss: 0.3203880190849304
Rank:0 Epoch: [24/40], Step: [431/782], Loss: 0.3897664546966553
Rank:0 Epoch: [24/40], Step: [441/782], Loss: 0.16583330929279327
Rank:0 Epoch: [24/40], Step: [451/782], Loss: 0.19828380644321442
Rank:0 Epoch: [24/40], Step: [461/782], Loss: 0.27061784267425537
Rank:0 Epoch: [24/40], Step: [471/782], Loss: 0.33873286843299866
Rank:0 Epoch: [24/40], Step: [481/782], Loss: 0.34812554717063904
Rank:0 Epoch: [24/40], Step: [491/782], Loss: 0.3347231447696686
Rank:0 Epoch: [24/40], Step: [501/782], Loss: 0.20201140642166138
Rank:0 Epoch: [24/40], Step: [511/782], Loss: 0.2841481566429138
Rank:0 Epoch: [24/40], Step: [521/782], Loss: 0.3466825783252716
Rank:0 Epoch: [24/40], Step: [531/782], Loss: 0.2284282147884369
Rank:0 Epoch: [24/40], Step: [541/782], Loss: 0.2526836693286896
Rank:0 Epoch: [24/40], Step: [551/782], Loss: 0.11936730146408081
Rank:0 Epoch: [24/40], Step: [561/782], Loss: 0.16618612408638
Rank:0 Epoch: [24/40], Step: [571/782], Loss: 0.27285170555114746
Rank:0 Epoch: [24/40], Step: [581/782], Loss: 0.16888651251792908
Rank:0 Epoch: [24/40], Step: [591/782], Loss: 0.19597367942333221
Rank:0 Epoch: [24/40], Step: [601/782], Loss: 0.20723740756511688
Rank:0 Epoch: [24/40], Step: [611/782], Loss: 0.25530728697776794
Rank:0 Epoch: [24/40], Step: [621/782], Loss: 0.1862328201532364
Rank:0 Epoch: [24/40], Step: [631/782], Loss: 0.32913798093795776
Rank:0 Epoch: [24/40], Step: [641/782], Loss: 0.19479480385780334
Rank:0 Epoch: [24/40], Step: [651/782], Loss: 0.3414846658706665
Rank:0 Epoch: [24/40], Step: [661/782], Loss: 0.12101922184228897
Rank:0 Epoch: [24/40], Step: [671/782], Loss: 0.1206793561577797
Rank:0 Epoch: [24/40], Step: [681/782], Loss: 0.1578221172094345
Rank:0 Epoch: [24/40], Step: [691/782], Loss: 0.18610191345214844
Rank:0 Epoch: [24/40], Step: [701/782], Loss: 0.20962202548980713
Rank:0 Epoch: [24/40], Step: [711/782], Loss: 0.3808254897594452
Rank:0 Epoch: [24/40], Step: [721/782], Loss: 0.15440978109836578
Rank:0 Epoch: [24/40], Step: [731/782], Loss: 0.27207309007644653
Rank:0 Epoch: [24/40], Step: [741/782], Loss: 0.31053707003593445
Rank:0 Epoch: [24/40], Step: [751/782], Loss: 0.34203171730041504
Rank:0 Epoch: [24/40], Step: [761/782], Loss: 0.304740309715271
Rank:0 Epoch: [24/40], Step: [771/782], Loss: 0.21065610647201538
Rank:0 Epoch: [24/40], Step: [781/782], Loss: 0.257294237613678
Current Test Acc: 0.8906
Rank:0 Epoch: [25/40], Step: [1/782], Loss: 0.2470465898513794
Rank:0 Epoch: [25/40], Step: [11/782], Loss: 0.18705132603645325
Rank:0 Epoch: [25/40], Step: [21/782], Loss: 0.1643385887145996
Rank:0 Epoch: [25/40], Step: [31/782], Loss: 0.10516258329153061
Rank:0 Epoch: [25/40], Step: [41/782], Loss: 0.3891333341598511
Rank:0 Epoch: [25/40], Step: [51/782], Loss: 0.1626586616039276
Rank:0 Epoch: [25/40], Step: [61/782], Loss: 0.29306209087371826
Rank:0 Epoch: [25/40], Step: [71/782], Loss: 0.13517063856124878
Rank:0 Epoch: [25/40], Step: [81/782], Loss: 0.23973195254802704
Rank:0 Epoch: [25/40], Step: [91/782], Loss: 0.26400434970855713
Rank:0 Epoch: [25/40], Step: [101/782], Loss: 0.24862991273403168
Rank:0 Epoch: [25/40], Step: [111/782], Loss: 0.39248114824295044
Rank:0 Epoch: [25/40], Step: [121/782], Loss: 0.11206429451704025
Rank:0 Epoch: [25/40], Step: [131/782], Loss: 0.12655970454216003
Rank:0 Epoch: [25/40], Step: [141/782], Loss: 0.25959649682044983
Rank:0 Epoch: [25/40], Step: [151/782], Loss: 0.18306779861450195
Rank:0 Epoch: [25/40], Step: [161/782], Loss: 0.05160301923751831
Rank:0 Epoch: [25/40], Step: [171/782], Loss: 0.1753741353750229
Rank:0 Epoch: [25/40], Step: [181/782], Loss: 0.2042810618877411
Rank:0 Epoch: [25/40], Step: [191/782], Loss: 0.1750250607728958
Rank:0 Epoch: [25/40], Step: [201/782], Loss: 0.28428974747657776
Rank:0 Epoch: [25/40], Step: [211/782], Loss: 0.19222496449947357
Rank:0 Epoch: [25/40], Step: [221/782], Loss: 0.2450280785560608
Rank:0 Epoch: [25/40], Step: [231/782], Loss: 0.29658427834510803
Rank:0 Epoch: [25/40], Step: [241/782], Loss: 0.12483415007591248
Rank:0 Epoch: [25/40], Step: [251/782], Loss: 0.16839295625686646
Rank:0 Epoch: [25/40], Step: [261/782], Loss: 0.23127920925617218
Rank:0 Epoch: [25/40], Step: [271/782], Loss: 0.1342374086380005
Rank:0 Epoch: [25/40], Step: [281/782], Loss: 0.12429216504096985
Rank:0 Epoch: [25/40], Step: [291/782], Loss: 0.09709516167640686
Rank:0 Epoch: [25/40], Step: [301/782], Loss: 0.3277551829814911
Rank:0 Epoch: [25/40], Step: [311/782], Loss: 0.49066105484962463
Rank:0 Epoch: [25/40], Step: [321/782], Loss: 0.28454360365867615
Rank:0 Epoch: [25/40], Step: [331/782], Loss: 0.23322147130966187
Rank:0 Epoch: [25/40], Step: [341/782], Loss: 0.16386644542217255
Rank:0 Epoch: [25/40], Step: [351/782], Loss: 0.25812190771102905
Rank:0 Epoch: [25/40], Step: [361/782], Loss: 0.2549642324447632
Rank:0 Epoch: [25/40], Step: [371/782], Loss: 0.3781355917453766
Rank:0 Epoch: [25/40], Step: [381/782], Loss: 0.38630786538124084
Rank:0 Epoch: [25/40], Step: [391/782], Loss: 0.21059083938598633
Rank:0 Epoch: [25/40], Step: [401/782], Loss: 0.2304806113243103
Rank:0 Epoch: [25/40], Step: [411/782], Loss: 0.20305708050727844
Rank:0 Epoch: [25/40], Step: [421/782], Loss: 0.17284901440143585
Rank:0 Epoch: [25/40], Step: [431/782], Loss: 0.22718684375286102
Rank:0 Epoch: [25/40], Step: [441/782], Loss: 0.17797023057937622
Rank:0 Epoch: [25/40], Step: [451/782], Loss: 0.28807762265205383
Rank:0 Epoch: [25/40], Step: [461/782], Loss: 0.11666299402713776
Rank:0 Epoch: [25/40], Step: [471/782], Loss: 0.2793509066104889
Rank:0 Epoch: [25/40], Step: [481/782], Loss: 0.1826222538948059
Rank:0 Epoch: [25/40], Step: [491/782], Loss: 0.2675541043281555
Rank:0 Epoch: [25/40], Step: [501/782], Loss: 0.18983227014541626
Rank:0 Epoch: [25/40], Step: [511/782], Loss: 0.23555490374565125
Rank:0 Epoch: [25/40], Step: [521/782], Loss: 0.21245567500591278
Rank:0 Epoch: [25/40], Step: [531/782], Loss: 0.2543797194957733
Rank:0 Epoch: [25/40], Step: [541/782], Loss: 0.3035528361797333
Rank:0 Epoch: [25/40], Step: [551/782], Loss: 0.27867013216018677
Rank:0 Epoch: [25/40], Step: [561/782], Loss: 0.3168492317199707
Rank:0 Epoch: [25/40], Step: [571/782], Loss: 0.29741865396499634
Rank:0 Epoch: [25/40], Step: [581/782], Loss: 0.3570553660392761
Rank:0 Epoch: [25/40], Step: [591/782], Loss: 0.22189100086688995
Rank:0 Epoch: [25/40], Step: [601/782], Loss: 0.20475471019744873
Rank:0 Epoch: [25/40], Step: [611/782], Loss: 0.43220195174217224
Rank:0 Epoch: [25/40], Step: [621/782], Loss: 0.29014015197753906
Rank:0 Epoch: [25/40], Step: [631/782], Loss: 0.16058549284934998
Rank:0 Epoch: [25/40], Step: [641/782], Loss: 0.2716084122657776
Rank:0 Epoch: [25/40], Step: [651/782], Loss: 0.3089522123336792
Rank:0 Epoch: [25/40], Step: [661/782], Loss: 0.29295146465301514
Rank:0 Epoch: [25/40], Step: [671/782], Loss: 0.396901398897171
Rank:0 Epoch: [25/40], Step: [681/782], Loss: 0.4195323884487152
Rank:0 Epoch: [25/40], Step: [691/782], Loss: 0.2311299592256546
Rank:0 Epoch: [25/40], Step: [701/782], Loss: 0.35977357625961304
Rank:0 Epoch: [25/40], Step: [711/782], Loss: 0.33090150356292725
Rank:0 Epoch: [25/40], Step: [721/782], Loss: 0.19245575368404388
Rank:0 Epoch: [25/40], Step: [731/782], Loss: 0.3938683271408081
Rank:0 Epoch: [25/40], Step: [741/782], Loss: 0.1501169055700302
Rank:0 Epoch: [25/40], Step: [751/782], Loss: 0.14515115320682526
Rank:0 Epoch: [25/40], Step: [761/782], Loss: 0.36549100279808044
Rank:0 Epoch: [25/40], Step: [771/782], Loss: 0.2731366753578186
Rank:0 Epoch: [25/40], Step: [781/782], Loss: 0.3668951094150543
Current Test Acc: 0.8885
Rank:0 Epoch: [26/40], Step: [1/782], Loss: 0.1671883463859558
Rank:0 Epoch: [26/40], Step: [11/782], Loss: 0.33215171098709106
Rank:0 Epoch: [26/40], Step: [21/782], Loss: 0.22053077816963196
Rank:0 Epoch: [26/40], Step: [31/782], Loss: 0.23052196204662323
Rank:0 Epoch: [26/40], Step: [41/782], Loss: 0.16534285247325897
Rank:0 Epoch: [26/40], Step: [51/782], Loss: 0.11005455255508423
Rank:0 Epoch: [26/40], Step: [61/782], Loss: 0.30501416325569153
Rank:0 Epoch: [26/40], Step: [71/782], Loss: 0.14842459559440613
Rank:0 Epoch: [26/40], Step: [81/782], Loss: 0.17076699435710907
Rank:0 Epoch: [26/40], Step: [91/782], Loss: 0.17676982283592224
Rank:0 Epoch: [26/40], Step: [101/782], Loss: 0.18717600405216217
Rank:0 Epoch: [26/40], Step: [111/782], Loss: 0.4452885687351227
Rank:0 Epoch: [26/40], Step: [121/782], Loss: 0.2344362586736679
Rank:0 Epoch: [26/40], Step: [131/782], Loss: 0.20874594151973724
Rank:0 Epoch: [26/40], Step: [141/782], Loss: 0.20704025030136108
Rank:0 Epoch: [26/40], Step: [151/782], Loss: 0.26534971594810486
Rank:0 Epoch: [26/40], Step: [161/782], Loss: 0.28061622381210327
Rank:0 Epoch: [26/40], Step: [171/782], Loss: 0.2377709299325943
Rank:0 Epoch: [26/40], Step: [181/782], Loss: 0.3413791358470917
Rank:0 Epoch: [26/40], Step: [191/782], Loss: 0.10786313563585281
Rank:0 Epoch: [26/40], Step: [201/782], Loss: 0.21264341473579407
Rank:0 Epoch: [26/40], Step: [211/782], Loss: 0.3906341791152954
Rank:0 Epoch: [26/40], Step: [221/782], Loss: 0.2548300325870514
Rank:0 Epoch: [26/40], Step: [231/782], Loss: 0.2880750596523285
Rank:0 Epoch: [26/40], Step: [241/782], Loss: 0.421059250831604
Rank:0 Epoch: [26/40], Step: [251/782], Loss: 0.28421667218208313
Rank:0 Epoch: [26/40], Step: [261/782], Loss: 0.3043544888496399
Rank:0 Epoch: [26/40], Step: [271/782], Loss: 0.25866663455963135
Rank:0 Epoch: [26/40], Step: [281/782], Loss: 0.30180710554122925
Rank:0 Epoch: [26/40], Step: [291/782], Loss: 0.29545170068740845
Rank:0 Epoch: [26/40], Step: [301/782], Loss: 0.1470714956521988
Rank:0 Epoch: [26/40], Step: [311/782], Loss: 0.30226752161979675
Rank:0 Epoch: [26/40], Step: [321/782], Loss: 0.17009450495243073
Rank:0 Epoch: [26/40], Step: [331/782], Loss: 0.1907178908586502
Rank:0 Epoch: [26/40], Step: [341/782], Loss: 0.39576008915901184
Rank:0 Epoch: [26/40], Step: [351/782], Loss: 0.1914757639169693
Rank:0 Epoch: [26/40], Step: [361/782], Loss: 0.17939291894435883
Rank:0 Epoch: [26/40], Step: [371/782], Loss: 0.23599520325660706
Rank:0 Epoch: [26/40], Step: [381/782], Loss: 0.17214348912239075
Rank:0 Epoch: [26/40], Step: [391/782], Loss: 0.1940213441848755
Rank:0 Epoch: [26/40], Step: [401/782], Loss: 0.35342228412628174
Rank:0 Epoch: [26/40], Step: [411/782], Loss: 0.22239996492862701
Rank:0 Epoch: [26/40], Step: [421/782], Loss: 0.21606189012527466
Rank:0 Epoch: [26/40], Step: [431/782], Loss: 0.2585345506668091
Rank:0 Epoch: [26/40], Step: [441/782], Loss: 0.2863965928554535
Rank:0 Epoch: [26/40], Step: [451/782], Loss: 0.35179492831230164
Rank:0 Epoch: [26/40], Step: [461/782], Loss: 0.1364588588476181
Rank:0 Epoch: [26/40], Step: [471/782], Loss: 0.1484462171792984
Rank:0 Epoch: [26/40], Step: [481/782], Loss: 0.1715662181377411
Rank:0 Epoch: [26/40], Step: [491/782], Loss: 0.178344264626503
Rank:0 Epoch: [26/40], Step: [501/782], Loss: 0.23412534594535828
Rank:0 Epoch: [26/40], Step: [511/782], Loss: 0.24061626195907593
Rank:0 Epoch: [26/40], Step: [521/782], Loss: 0.21924380958080292
Rank:0 Epoch: [26/40], Step: [531/782], Loss: 0.16872255504131317
Rank:0 Epoch: [26/40], Step: [541/782], Loss: 0.22399577498435974
Rank:0 Epoch: [26/40], Step: [551/782], Loss: 0.21536192297935486
Rank:0 Epoch: [26/40], Step: [561/782], Loss: 0.43072134256362915
Rank:0 Epoch: [26/40], Step: [571/782], Loss: 0.17980188131332397
Rank:0 Epoch: [26/40], Step: [581/782], Loss: 0.29370591044425964
Rank:0 Epoch: [26/40], Step: [591/782], Loss: 0.15471117198467255
Rank:0 Epoch: [26/40], Step: [601/782], Loss: 0.40087687969207764
Rank:0 Epoch: [26/40], Step: [611/782], Loss: 0.23975147306919098
Rank:0 Epoch: [26/40], Step: [621/782], Loss: 0.09106958657503128
Rank:0 Epoch: [26/40], Step: [631/782], Loss: 0.11280491948127747
Rank:0 Epoch: [26/40], Step: [641/782], Loss: 0.3173472285270691
Rank:0 Epoch: [26/40], Step: [651/782], Loss: 0.15043388307094574
Rank:0 Epoch: [26/40], Step: [661/782], Loss: 0.1387246996164322
Rank:0 Epoch: [26/40], Step: [671/782], Loss: 0.2333621084690094
Rank:0 Epoch: [26/40], Step: [681/782], Loss: 0.26863887906074524
Rank:0 Epoch: [26/40], Step: [691/782], Loss: 0.34975600242614746
Rank:0 Epoch: [26/40], Step: [701/782], Loss: 0.3339584469795227
Rank:0 Epoch: [26/40], Step: [711/782], Loss: 0.3264840245246887
Rank:0 Epoch: [26/40], Step: [721/782], Loss: 0.07440973073244095
Rank:0 Epoch: [26/40], Step: [731/782], Loss: 0.22881345450878143
Rank:0 Epoch: [26/40], Step: [741/782], Loss: 0.14425982534885406
Rank:0 Epoch: [26/40], Step: [751/782], Loss: 0.2575828433036804
Rank:0 Epoch: [26/40], Step: [761/782], Loss: 0.18182283639907837
Rank:0 Epoch: [26/40], Step: [771/782], Loss: 0.28301331400871277
Rank:0 Epoch: [26/40], Step: [781/782], Loss: 0.37940457463264465
Current Test Acc: 0.8942
Rank:0 Epoch: [27/40], Step: [1/782], Loss: 0.2692832052707672
Rank:0 Epoch: [27/40], Step: [11/782], Loss: 0.17657160758972168
Rank:0 Epoch: [27/40], Step: [21/782], Loss: 0.21715094149112701
Rank:0 Epoch: [27/40], Step: [31/782], Loss: 0.25230154395103455
Rank:0 Epoch: [27/40], Step: [41/782], Loss: 0.2100188434123993
Rank:0 Epoch: [27/40], Step: [51/782], Loss: 0.21080155670642853
Rank:0 Epoch: [27/40], Step: [61/782], Loss: 0.17422112822532654
Rank:0 Epoch: [27/40], Step: [71/782], Loss: 0.25223544239997864
Rank:0 Epoch: [27/40], Step: [81/782], Loss: 0.2995903491973877
Rank:0 Epoch: [27/40], Step: [91/782], Loss: 0.08991614729166031
Rank:0 Epoch: [27/40], Step: [101/782], Loss: 0.12553785741329193
Rank:0 Epoch: [27/40], Step: [111/782], Loss: 0.3804233968257904
Rank:0 Epoch: [27/40], Step: [121/782], Loss: 0.13963156938552856
Rank:0 Epoch: [27/40], Step: [131/782], Loss: 0.2255670130252838
Rank:0 Epoch: [27/40], Step: [141/782], Loss: 0.1747431755065918
Rank:0 Epoch: [27/40], Step: [151/782], Loss: 0.20520633459091187
Rank:0 Epoch: [27/40], Step: [161/782], Loss: 0.1872776448726654
Rank:0 Epoch: [27/40], Step: [171/782], Loss: 0.14093747735023499
Rank:0 Epoch: [27/40], Step: [181/782], Loss: 0.29245617985725403
Rank:0 Epoch: [27/40], Step: [191/782], Loss: 0.18013471364974976
Rank:0 Epoch: [27/40], Step: [201/782], Loss: 0.18344391882419586
Rank:0 Epoch: [27/40], Step: [211/782], Loss: 0.2741231918334961
Rank:0 Epoch: [27/40], Step: [221/782], Loss: 0.39492741227149963
Rank:0 Epoch: [27/40], Step: [231/782], Loss: 0.27023211121559143
Rank:0 Epoch: [27/40], Step: [241/782], Loss: 0.3273910582065582
Rank:0 Epoch: [27/40], Step: [251/782], Loss: 0.31033703684806824
Rank:0 Epoch: [27/40], Step: [261/782], Loss: 0.23262137174606323
Rank:0 Epoch: [27/40], Step: [271/782], Loss: 0.2081415057182312
Rank:0 Epoch: [27/40], Step: [281/782], Loss: 0.13661696016788483
Rank:0 Epoch: [27/40], Step: [291/782], Loss: 0.40316858887672424
Rank:0 Epoch: [27/40], Step: [301/782], Loss: 0.7721401453018188
Rank:0 Epoch: [27/40], Step: [311/782], Loss: 0.2098851352930069
Rank:0 Epoch: [27/40], Step: [321/782], Loss: 0.25344011187553406
Rank:0 Epoch: [27/40], Step: [331/782], Loss: 0.2745562791824341
Rank:0 Epoch: [27/40], Step: [341/782], Loss: 0.2827962040901184
Rank:0 Epoch: [27/40], Step: [351/782], Loss: 0.2799419164657593
Rank:0 Epoch: [27/40], Step: [361/782], Loss: 0.26472070813179016
Rank:0 Epoch: [27/40], Step: [371/782], Loss: 0.2398250252008438
Rank:0 Epoch: [27/40], Step: [381/782], Loss: 0.09755387157201767
Rank:0 Epoch: [27/40], Step: [391/782], Loss: 0.1095753163099289
Rank:0 Epoch: [27/40], Step: [401/782], Loss: 0.17459002137184143
Rank:0 Epoch: [27/40], Step: [411/782], Loss: 0.20057271420955658
Rank:0 Epoch: [27/40], Step: [421/782], Loss: 0.25147801637649536
Rank:0 Epoch: [27/40], Step: [431/782], Loss: 0.18623152375221252
Rank:0 Epoch: [27/40], Step: [441/782], Loss: 0.23897069692611694
Rank:0 Epoch: [27/40], Step: [451/782], Loss: 0.27240559458732605
Rank:0 Epoch: [27/40], Step: [461/782], Loss: 0.34450000524520874
Rank:0 Epoch: [27/40], Step: [471/782], Loss: 0.29214513301849365
Rank:0 Epoch: [27/40], Step: [481/782], Loss: 0.31737762689590454
Rank:0 Epoch: [27/40], Step: [491/782], Loss: 0.28563058376312256
Rank:0 Epoch: [27/40], Step: [501/782], Loss: 0.23458600044250488
Rank:0 Epoch: [27/40], Step: [511/782], Loss: 0.22346456348896027
Rank:0 Epoch: [27/40], Step: [521/782], Loss: 0.20791737735271454
Rank:0 Epoch: [27/40], Step: [531/782], Loss: 0.23694725334644318
Rank:0 Epoch: [27/40], Step: [541/782], Loss: 0.1393309384584427
Rank:0 Epoch: [27/40], Step: [551/782], Loss: 0.39269182085990906
Rank:0 Epoch: [27/40], Step: [561/782], Loss: 0.2651326656341553
Rank:0 Epoch: [27/40], Step: [571/782], Loss: 0.20918488502502441
Rank:0 Epoch: [27/40], Step: [581/782], Loss: 0.1181323304772377
Rank:0 Epoch: [27/40], Step: [591/782], Loss: 0.28917327523231506
Rank:0 Epoch: [27/40], Step: [601/782], Loss: 0.26219865679740906
Rank:0 Epoch: [27/40], Step: [611/782], Loss: 0.2572440207004547
Rank:0 Epoch: [27/40], Step: [621/782], Loss: 0.2092656046152115
Rank:0 Epoch: [27/40], Step: [631/782], Loss: 0.24678266048431396
Rank:0 Epoch: [27/40], Step: [641/782], Loss: 0.2228028029203415
Rank:0 Epoch: [27/40], Step: [651/782], Loss: 0.2025395631790161
Rank:0 Epoch: [27/40], Step: [661/782], Loss: 0.2853226661682129
Rank:0 Epoch: [27/40], Step: [671/782], Loss: 0.30237632989883423
Rank:0 Epoch: [27/40], Step: [681/782], Loss: 0.2024606466293335
Rank:0 Epoch: [27/40], Step: [691/782], Loss: 0.21024763584136963
Rank:0 Epoch: [27/40], Step: [701/782], Loss: 0.13666656613349915
Rank:0 Epoch: [27/40], Step: [711/782], Loss: 0.12597736716270447
Rank:0 Epoch: [27/40], Step: [721/782], Loss: 0.3114997446537018
Rank:0 Epoch: [27/40], Step: [731/782], Loss: 0.23401793837547302
Rank:0 Epoch: [27/40], Step: [741/782], Loss: 0.30391907691955566
Rank:0 Epoch: [27/40], Step: [751/782], Loss: 0.24421703815460205
Rank:0 Epoch: [27/40], Step: [761/782], Loss: 0.2184285670518875
Rank:0 Epoch: [27/40], Step: [771/782], Loss: 0.22541023790836334
Rank:0 Epoch: [27/40], Step: [781/782], Loss: 0.21151374280452728
Current Test Acc: 0.8926
Rank:0 Epoch: [28/40], Step: [1/782], Loss: 0.08108650892972946
Rank:0 Epoch: [28/40], Step: [11/782], Loss: 0.21184135973453522
Rank:0 Epoch: [28/40], Step: [21/782], Loss: 0.20527242124080658
Rank:0 Epoch: [28/40], Step: [31/782], Loss: 0.3143870234489441
Rank:0 Epoch: [28/40], Step: [41/782], Loss: 0.2531905174255371
Rank:0 Epoch: [28/40], Step: [51/782], Loss: 0.19143706560134888
Rank:0 Epoch: [28/40], Step: [61/782], Loss: 0.20030638575553894
Rank:0 Epoch: [28/40], Step: [71/782], Loss: 0.2631393074989319
Rank:0 Epoch: [28/40], Step: [81/782], Loss: 0.3112133741378784
Rank:0 Epoch: [28/40], Step: [91/782], Loss: 0.23982463777065277
Rank:0 Epoch: [28/40], Step: [101/782], Loss: 0.23537154495716095
Rank:0 Epoch: [28/40], Step: [111/782], Loss: 0.36408400535583496
Rank:0 Epoch: [28/40], Step: [121/782], Loss: 0.2323331981897354
Rank:0 Epoch: [28/40], Step: [131/782], Loss: 0.28814348578453064
Rank:0 Epoch: [28/40], Step: [141/782], Loss: 0.17309044301509857
Rank:0 Epoch: [28/40], Step: [151/782], Loss: 0.28655141592025757
Rank:0 Epoch: [28/40], Step: [161/782], Loss: 0.3478449583053589
Rank:0 Epoch: [28/40], Step: [171/782], Loss: 0.31264570355415344
Rank:0 Epoch: [28/40], Step: [181/782], Loss: 0.2043536901473999
Rank:0 Epoch: [28/40], Step: [191/782], Loss: 0.11165037751197815
Rank:0 Epoch: [28/40], Step: [201/782], Loss: 0.11990813910961151
Rank:0 Epoch: [28/40], Step: [211/782], Loss: 0.27902087569236755
Rank:0 Epoch: [28/40], Step: [221/782], Loss: 0.11915737390518188
Rank:0 Epoch: [28/40], Step: [231/782], Loss: 0.17334340512752533
Rank:0 Epoch: [28/40], Step: [241/782], Loss: 0.30934667587280273
Rank:0 Epoch: [28/40], Step: [251/782], Loss: 0.28500956296920776
Rank:0 Epoch: [28/40], Step: [261/782], Loss: 0.3474862575531006
Rank:0 Epoch: [28/40], Step: [271/782], Loss: 0.3524951934814453
Rank:0 Epoch: [28/40], Step: [281/782], Loss: 0.21300983428955078
Rank:0 Epoch: [28/40], Step: [291/782], Loss: 0.11880038678646088
Rank:0 Epoch: [28/40], Step: [301/782], Loss: 0.18488022685050964
Rank:0 Epoch: [28/40], Step: [311/782], Loss: 0.22600038349628448
Rank:0 Epoch: [28/40], Step: [321/782], Loss: 0.2382337749004364
Rank:0 Epoch: [28/40], Step: [331/782], Loss: 0.30174314975738525
Rank:0 Epoch: [28/40], Step: [341/782], Loss: 0.18867641687393188
Rank:0 Epoch: [28/40], Step: [351/782], Loss: 0.27871277928352356
Rank:0 Epoch: [28/40], Step: [361/782], Loss: 0.2517717480659485
Rank:0 Epoch: [28/40], Step: [371/782], Loss: 0.2287164032459259
Rank:0 Epoch: [28/40], Step: [381/782], Loss: 0.21167674660682678
Rank:0 Epoch: [28/40], Step: [391/782], Loss: 0.22460150718688965
Rank:0 Epoch: [28/40], Step: [401/782], Loss: 0.2253415882587433
Rank:0 Epoch: [28/40], Step: [411/782], Loss: 0.23949730396270752
Rank:0 Epoch: [28/40], Step: [421/782], Loss: 0.18295305967330933
Rank:0 Epoch: [28/40], Step: [431/782], Loss: 0.10427534580230713
Rank:0 Epoch: [28/40], Step: [441/782], Loss: 0.301852822303772
Rank:0 Epoch: [28/40], Step: [451/782], Loss: 0.27318957448005676
Rank:0 Epoch: [28/40], Step: [461/782], Loss: 0.2159259170293808
Rank:0 Epoch: [28/40], Step: [471/782], Loss: 0.31217601895332336
Rank:0 Epoch: [28/40], Step: [481/782], Loss: 0.16417473554611206
Rank:0 Epoch: [28/40], Step: [491/782], Loss: 0.2414991408586502
Rank:0 Epoch: [28/40], Step: [501/782], Loss: 0.2592470943927765
Rank:0 Epoch: [28/40], Step: [511/782], Loss: 0.2873618006706238
Rank:0 Epoch: [28/40], Step: [521/782], Loss: 0.302428662776947
Rank:0 Epoch: [28/40], Step: [531/782], Loss: 0.2170950174331665
Rank:0 Epoch: [28/40], Step: [541/782], Loss: 0.40828365087509155
Rank:0 Epoch: [28/40], Step: [551/782], Loss: 0.2503850758075714
Rank:0 Epoch: [28/40], Step: [561/782], Loss: 0.32892337441444397
Rank:0 Epoch: [28/40], Step: [571/782], Loss: 0.1743035465478897
Rank:0 Epoch: [28/40], Step: [581/782], Loss: 0.31815704703330994
Rank:0 Epoch: [28/40], Step: [591/782], Loss: 0.2159794270992279
Rank:0 Epoch: [28/40], Step: [601/782], Loss: 0.12379059195518494
Rank:0 Epoch: [28/40], Step: [611/782], Loss: 0.31996187567710876
Rank:0 Epoch: [28/40], Step: [621/782], Loss: 0.22035354375839233
Rank:0 Epoch: [28/40], Step: [631/782], Loss: 0.2311810404062271
Rank:0 Epoch: [28/40], Step: [641/782], Loss: 0.1442394107580185
Rank:0 Epoch: [28/40], Step: [651/782], Loss: 0.2297859489917755
Rank:0 Epoch: [28/40], Step: [661/782], Loss: 0.2940007746219635
Rank:0 Epoch: [28/40], Step: [671/782], Loss: 0.11540129035711288
Rank:0 Epoch: [28/40], Step: [681/782], Loss: 0.3370356261730194
Rank:0 Epoch: [28/40], Step: [691/782], Loss: 0.20640844106674194
Rank:0 Epoch: [28/40], Step: [701/782], Loss: 0.24923467636108398
Rank:0 Epoch: [28/40], Step: [711/782], Loss: 0.30315840244293213
Rank:0 Epoch: [28/40], Step: [721/782], Loss: 0.2956749200820923
Rank:0 Epoch: [28/40], Step: [731/782], Loss: 0.2632030248641968
Rank:0 Epoch: [28/40], Step: [741/782], Loss: 0.12131176888942719
Rank:0 Epoch: [28/40], Step: [751/782], Loss: 0.36359739303588867
Rank:0 Epoch: [28/40], Step: [761/782], Loss: 0.09729404002428055
Rank:0 Epoch: [28/40], Step: [771/782], Loss: 0.256799578666687
Rank:0 Epoch: [28/40], Step: [781/782], Loss: 0.2871415615081787
Current Test Acc: 0.8934
Rank:0 Epoch: [29/40], Step: [1/782], Loss: 0.17703264951705933
Rank:0 Epoch: [29/40], Step: [11/782], Loss: 0.19150768220424652
Rank:0 Epoch: [29/40], Step: [21/782], Loss: 0.1726980060338974
Rank:0 Epoch: [29/40], Step: [31/782], Loss: 0.22358933091163635
Rank:0 Epoch: [29/40], Step: [41/782], Loss: 0.18192031979560852
Rank:0 Epoch: [29/40], Step: [51/782], Loss: 0.19168050587177277
Rank:0 Epoch: [29/40], Step: [61/782], Loss: 0.21411322057247162
Rank:0 Epoch: [29/40], Step: [71/782], Loss: 0.20439715683460236
Rank:0 Epoch: [29/40], Step: [81/782], Loss: 0.14635641872882843
Rank:0 Epoch: [29/40], Step: [91/782], Loss: 0.15559999644756317
Rank:0 Epoch: [29/40], Step: [101/782], Loss: 0.16769637167453766
Rank:0 Epoch: [29/40], Step: [111/782], Loss: 0.208698108792305
Rank:0 Epoch: [29/40], Step: [121/782], Loss: 0.30520230531692505
Rank:0 Epoch: [29/40], Step: [131/782], Loss: 0.4238554537296295
Rank:0 Epoch: [29/40], Step: [141/782], Loss: 0.11408761143684387
Rank:0 Epoch: [29/40], Step: [151/782], Loss: 0.23501890897750854
Rank:0 Epoch: [29/40], Step: [161/782], Loss: 0.32474032044410706
Rank:0 Epoch: [29/40], Step: [171/782], Loss: 0.20778797566890717
Rank:0 Epoch: [29/40], Step: [181/782], Loss: 0.3588949739933014
Rank:0 Epoch: [29/40], Step: [191/782], Loss: 0.3022584021091461
Rank:0 Epoch: [29/40], Step: [201/782], Loss: 0.2849087715148926
Rank:0 Epoch: [29/40], Step: [211/782], Loss: 0.2616823613643646
Rank:0 Epoch: [29/40], Step: [221/782], Loss: 0.2334585040807724
Rank:0 Epoch: [29/40], Step: [231/782], Loss: 0.2283640056848526
Rank:0 Epoch: [29/40], Step: [241/782], Loss: 0.11725915968418121
Rank:0 Epoch: [29/40], Step: [251/782], Loss: 0.11764226108789444
Rank:0 Epoch: [29/40], Step: [261/782], Loss: 0.3411575257778168
Rank:0 Epoch: [29/40], Step: [271/782], Loss: 0.1859423816204071
Rank:0 Epoch: [29/40], Step: [281/782], Loss: 0.08711957186460495
Rank:0 Epoch: [29/40], Step: [291/782], Loss: 0.22910760343074799
Rank:0 Epoch: [29/40], Step: [301/782], Loss: 0.1297987401485443
Rank:0 Epoch: [29/40], Step: [311/782], Loss: 0.29053935408592224
Rank:0 Epoch: [29/40], Step: [321/782], Loss: 0.3625168800354004
Rank:0 Epoch: [29/40], Step: [331/782], Loss: 0.2017945945262909
Rank:0 Epoch: [29/40], Step: [341/782], Loss: 0.24480891227722168
Rank:0 Epoch: [29/40], Step: [351/782], Loss: 0.24233895540237427
Rank:0 Epoch: [29/40], Step: [361/782], Loss: 0.3380894958972931
Rank:0 Epoch: [29/40], Step: [371/782], Loss: 0.10559778660535812
Rank:0 Epoch: [29/40], Step: [381/782], Loss: 0.1420629918575287
Rank:0 Epoch: [29/40], Step: [391/782], Loss: 0.21746885776519775
Rank:0 Epoch: [29/40], Step: [401/782], Loss: 0.20416346192359924
Rank:0 Epoch: [29/40], Step: [411/782], Loss: 0.16713599860668182
Rank:0 Epoch: [29/40], Step: [421/782], Loss: 0.17318563163280487
Rank:0 Epoch: [29/40], Step: [431/782], Loss: 0.2339477390050888
Rank:0 Epoch: [29/40], Step: [441/782], Loss: 0.31456315517425537
Rank:0 Epoch: [29/40], Step: [451/782], Loss: 0.15119002759456635
Rank:0 Epoch: [29/40], Step: [461/782], Loss: 0.1297008991241455
Rank:0 Epoch: [29/40], Step: [471/782], Loss: 0.16991572082042694
Rank:0 Epoch: [29/40], Step: [481/782], Loss: 0.21696951985359192
Rank:0 Epoch: [29/40], Step: [491/782], Loss: 0.2252494841814041
Rank:0 Epoch: [29/40], Step: [501/782], Loss: 0.21932156383991241
Rank:0 Epoch: [29/40], Step: [511/782], Loss: 0.26366525888442993
Rank:0 Epoch: [29/40], Step: [521/782], Loss: 0.17129039764404297
Rank:0 Epoch: [29/40], Step: [531/782], Loss: 0.2952657639980316
Rank:0 Epoch: [29/40], Step: [541/782], Loss: 0.13009271025657654
Rank:0 Epoch: [29/40], Step: [551/782], Loss: 0.21440283954143524
Rank:0 Epoch: [29/40], Step: [561/782], Loss: 0.23110021650791168
Rank:0 Epoch: [29/40], Step: [571/782], Loss: 0.1498071253299713
Rank:0 Epoch: [29/40], Step: [581/782], Loss: 0.18690817058086395
Rank:0 Epoch: [29/40], Step: [591/782], Loss: 0.15497002005577087
Rank:0 Epoch: [29/40], Step: [601/782], Loss: 0.21320553123950958
Rank:0 Epoch: [29/40], Step: [611/782], Loss: 0.22131384909152985
Rank:0 Epoch: [29/40], Step: [621/782], Loss: 0.15444698929786682
Rank:0 Epoch: [29/40], Step: [631/782], Loss: 0.14834386110305786
Rank:0 Epoch: [29/40], Step: [641/782], Loss: 0.24500976502895355
Rank:0 Epoch: [29/40], Step: [651/782], Loss: 0.20989929139614105
Rank:0 Epoch: [29/40], Step: [661/782], Loss: 0.19311563670635223
Rank:0 Epoch: [29/40], Step: [671/782], Loss: 0.37251198291778564
Rank:0 Epoch: [29/40], Step: [681/782], Loss: 0.17680995166301727
Rank:0 Epoch: [29/40], Step: [691/782], Loss: 0.1258649230003357
Rank:0 Epoch: [29/40], Step: [701/782], Loss: 0.2511075437068939
Rank:0 Epoch: [29/40], Step: [711/782], Loss: 0.23543116450309753
Rank:0 Epoch: [29/40], Step: [721/782], Loss: 0.32659050822257996
Rank:0 Epoch: [29/40], Step: [731/782], Loss: 0.13812054693698883
Rank:0 Epoch: [29/40], Step: [741/782], Loss: 0.3005792200565338
Rank:0 Epoch: [29/40], Step: [751/782], Loss: 0.24520990252494812
Rank:0 Epoch: [29/40], Step: [761/782], Loss: 0.2437216341495514
Rank:0 Epoch: [29/40], Step: [771/782], Loss: 0.24900923669338226
Rank:0 Epoch: [29/40], Step: [781/782], Loss: 0.16648368537425995
Current Test Acc: 0.8931
Rank:0 Epoch: [30/40], Step: [1/782], Loss: 0.19920673966407776
Rank:0 Epoch: [30/40], Step: [11/782], Loss: 0.19826658070087433
Rank:0 Epoch: [30/40], Step: [21/782], Loss: 0.1617301106452942
Rank:0 Epoch: [30/40], Step: [31/782], Loss: 0.10889919847249985
Rank:0 Epoch: [30/40], Step: [41/782], Loss: 0.19630521535873413
Rank:0 Epoch: [30/40], Step: [51/782], Loss: 0.11315406858921051
Rank:0 Epoch: [30/40], Step: [61/782], Loss: 0.20220524072647095
Rank:0 Epoch: [30/40], Step: [71/782], Loss: 0.32666468620300293
Rank:0 Epoch: [30/40], Step: [81/782], Loss: 0.3565833866596222
Rank:0 Epoch: [30/40], Step: [91/782], Loss: 0.2086259126663208
Rank:0 Epoch: [30/40], Step: [101/782], Loss: 0.257103830575943
Rank:0 Epoch: [30/40], Step: [111/782], Loss: 0.22966070473194122
Rank:0 Epoch: [30/40], Step: [121/782], Loss: 0.2828216254711151
Rank:0 Epoch: [30/40], Step: [131/782], Loss: 0.2069946676492691
Rank:0 Epoch: [30/40], Step: [141/782], Loss: 0.11484736204147339
Rank:0 Epoch: [30/40], Step: [151/782], Loss: 0.17883244156837463
Rank:0 Epoch: [30/40], Step: [161/782], Loss: 0.27472665905952454
Rank:0 Epoch: [30/40], Step: [171/782], Loss: 0.14256006479263306
Rank:0 Epoch: [30/40], Step: [181/782], Loss: 0.28988945484161377
Rank:0 Epoch: [30/40], Step: [191/782], Loss: 0.32379528880119324
Rank:0 Epoch: [30/40], Step: [201/782], Loss: 0.2204834371805191
Rank:0 Epoch: [30/40], Step: [211/782], Loss: 0.28402143716812134
Rank:0 Epoch: [30/40], Step: [221/782], Loss: 0.25857239961624146
Rank:0 Epoch: [30/40], Step: [231/782], Loss: 0.15716376900672913
Rank:0 Epoch: [30/40], Step: [241/782], Loss: 0.1346314698457718
Rank:0 Epoch: [30/40], Step: [251/782], Loss: 0.190964937210083
Rank:0 Epoch: [30/40], Step: [261/782], Loss: 0.3129361867904663
Rank:0 Epoch: [30/40], Step: [271/782], Loss: 0.28305110335350037
Rank:0 Epoch: [30/40], Step: [281/782], Loss: 0.42158371210098267
Rank:0 Epoch: [30/40], Step: [291/782], Loss: 0.21292127668857574
Rank:0 Epoch: [30/40], Step: [301/782], Loss: 0.16605088114738464
Rank:0 Epoch: [30/40], Step: [311/782], Loss: 0.2522103488445282
Rank:0 Epoch: [30/40], Step: [321/782], Loss: 0.190576434135437
Rank:0 Epoch: [30/40], Step: [331/782], Loss: 0.45233064889907837
Rank:0 Epoch: [30/40], Step: [341/782], Loss: 0.09084255993366241
Rank:0 Epoch: [30/40], Step: [351/782], Loss: 0.2667493224143982
Rank:0 Epoch: [30/40], Step: [361/782], Loss: 0.15277345478534698
Rank:0 Epoch: [30/40], Step: [371/782], Loss: 0.21807268261909485
Rank:0 Epoch: [30/40], Step: [381/782], Loss: 0.07928304374217987
Rank:0 Epoch: [30/40], Step: [391/782], Loss: 0.2822898328304291
Rank:0 Epoch: [30/40], Step: [401/782], Loss: 0.1653175950050354
Rank:0 Epoch: [30/40], Step: [411/782], Loss: 0.20384033024311066
Rank:0 Epoch: [30/40], Step: [421/782], Loss: 0.1974695771932602
Rank:0 Epoch: [30/40], Step: [431/782], Loss: 0.21720190346240997
Rank:0 Epoch: [30/40], Step: [441/782], Loss: 0.28923943638801575
Rank:0 Epoch: [30/40], Step: [451/782], Loss: 0.11285451054573059
Rank:0 Epoch: [30/40], Step: [461/782], Loss: 0.24759863317012787
Rank:0 Epoch: [30/40], Step: [471/782], Loss: 0.3099735975265503
Rank:0 Epoch: [30/40], Step: [481/782], Loss: 0.27675458788871765
Rank:0 Epoch: [30/40], Step: [491/782], Loss: 0.23487630486488342
Rank:0 Epoch: [30/40], Step: [501/782], Loss: 0.33083099126815796
Rank:0 Epoch: [30/40], Step: [511/782], Loss: 0.31952452659606934
Rank:0 Epoch: [30/40], Step: [521/782], Loss: 0.2528214156627655
Rank:0 Epoch: [30/40], Step: [531/782], Loss: 0.21380531787872314
Rank:0 Epoch: [30/40], Step: [541/782], Loss: 0.1916651576757431
Rank:0 Epoch: [30/40], Step: [551/782], Loss: 0.15592379868030548
Rank:0 Epoch: [30/40], Step: [561/782], Loss: 0.3143710494041443
Rank:0 Epoch: [30/40], Step: [571/782], Loss: 0.2543719708919525
Rank:0 Epoch: [30/40], Step: [581/782], Loss: 0.2640783488750458
Rank:0 Epoch: [30/40], Step: [591/782], Loss: 0.21534104645252228
Rank:0 Epoch: [30/40], Step: [601/782], Loss: 0.2540062963962555
Rank:0 Epoch: [30/40], Step: [611/782], Loss: 0.22748155891895294
Rank:0 Epoch: [30/40], Step: [621/782], Loss: 0.13081447780132294
Rank:0 Epoch: [30/40], Step: [631/782], Loss: 0.41438162326812744
Rank:0 Epoch: [30/40], Step: [641/782], Loss: 0.3446609377861023
Rank:0 Epoch: [30/40], Step: [651/782], Loss: 0.2741592228412628
Rank:0 Epoch: [30/40], Step: [661/782], Loss: 0.2465018779039383
Rank:0 Epoch: [30/40], Step: [671/782], Loss: 0.18391872942447662
Rank:0 Epoch: [30/40], Step: [681/782], Loss: 0.25081950426101685
Rank:0 Epoch: [30/40], Step: [691/782], Loss: 0.3273865282535553
Rank:0 Epoch: [30/40], Step: [701/782], Loss: 0.2853715419769287
Rank:0 Epoch: [30/40], Step: [711/782], Loss: 0.22490344941616058
Rank:0 Epoch: [30/40], Step: [721/782], Loss: 0.16680268943309784
Rank:0 Epoch: [30/40], Step: [731/782], Loss: 0.34019821882247925
Rank:0 Epoch: [30/40], Step: [741/782], Loss: 0.19216151535511017
Rank:0 Epoch: [30/40], Step: [751/782], Loss: 0.1548759788274765
Rank:0 Epoch: [30/40], Step: [761/782], Loss: 0.16453643143177032
Rank:0 Epoch: [30/40], Step: [771/782], Loss: 0.06987203657627106
Rank:0 Epoch: [30/40], Step: [781/782], Loss: 0.28179022669792175
Current Test Acc: 0.894
Rank:0 Epoch: [31/40], Step: [1/782], Loss: 0.6129958629608154
Rank:0 Epoch: [31/40], Step: [11/782], Loss: 0.16470572352409363
Rank:0 Epoch: [31/40], Step: [21/782], Loss: 0.0834478959441185
Rank:0 Epoch: [31/40], Step: [31/782], Loss: 0.1693914383649826
Rank:0 Epoch: [31/40], Step: [41/782], Loss: 0.17608103156089783
Rank:0 Epoch: [31/40], Step: [51/782], Loss: 0.19193308055400848
Rank:0 Epoch: [31/40], Step: [61/782], Loss: 0.20553120970726013
Rank:0 Epoch: [31/40], Step: [71/782], Loss: 0.23203958570957184
Rank:0 Epoch: [31/40], Step: [81/782], Loss: 0.32836320996284485
Rank:0 Epoch: [31/40], Step: [91/782], Loss: 0.23887525498867035
Rank:0 Epoch: [31/40], Step: [101/782], Loss: 0.24434353411197662
Rank:0 Epoch: [31/40], Step: [111/782], Loss: 0.1604376584291458
Rank:0 Epoch: [31/40], Step: [121/782], Loss: 0.10565607249736786
Rank:0 Epoch: [31/40], Step: [131/782], Loss: 0.21332991123199463
Rank:0 Epoch: [31/40], Step: [141/782], Loss: 0.2603626847267151
Rank:0 Epoch: [31/40], Step: [151/782], Loss: 0.11665976047515869
Rank:0 Epoch: [31/40], Step: [161/782], Loss: 0.1647506058216095
Rank:0 Epoch: [31/40], Step: [171/782], Loss: 0.2268655151128769
Rank:0 Epoch: [31/40], Step: [181/782], Loss: 0.17424803972244263
Rank:0 Epoch: [31/40], Step: [191/782], Loss: 0.1648712456226349
Rank:0 Epoch: [31/40], Step: [201/782], Loss: 0.15866783261299133
Rank:0 Epoch: [31/40], Step: [211/782], Loss: 0.10118469595909119
Rank:0 Epoch: [31/40], Step: [221/782], Loss: 0.10324084013700485
Rank:0 Epoch: [31/40], Step: [231/782], Loss: 0.14433112740516663
Rank:0 Epoch: [31/40], Step: [241/782], Loss: 0.20472005009651184
Rank:0 Epoch: [31/40], Step: [251/782], Loss: 0.11307906359434128
Rank:0 Epoch: [31/40], Step: [261/782], Loss: 0.271994411945343
Rank:0 Epoch: [31/40], Step: [271/782], Loss: 0.14793571829795837
Rank:0 Epoch: [31/40], Step: [281/782], Loss: 0.1703309565782547
Rank:0 Epoch: [31/40], Step: [291/782], Loss: 0.21418415009975433
Rank:0 Epoch: [31/40], Step: [301/782], Loss: 0.21209579706192017
Rank:0 Epoch: [31/40], Step: [311/782], Loss: 0.18756389617919922
Rank:0 Epoch: [31/40], Step: [321/782], Loss: 0.1819857656955719
Rank:0 Epoch: [31/40], Step: [331/782], Loss: 0.17256297171115875
Rank:0 Epoch: [31/40], Step: [341/782], Loss: 0.10798776149749756
Rank:0 Epoch: [31/40], Step: [351/782], Loss: 0.25750282406806946
Rank:0 Epoch: [31/40], Step: [361/782], Loss: 0.26718688011169434
Rank:0 Epoch: [31/40], Step: [371/782], Loss: 0.15291127562522888
Rank:0 Epoch: [31/40], Step: [381/782], Loss: 0.4041675627231598
Rank:0 Epoch: [31/40], Step: [391/782], Loss: 0.1654992252588272
Rank:0 Epoch: [31/40], Step: [401/782], Loss: 0.13492479920387268
Rank:0 Epoch: [31/40], Step: [411/782], Loss: 0.22613336145877838
Rank:0 Epoch: [31/40], Step: [421/782], Loss: 0.14943793416023254
Rank:0 Epoch: [31/40], Step: [431/782], Loss: 0.18202802538871765
Rank:0 Epoch: [31/40], Step: [441/782], Loss: 0.27533474564552307
Rank:0 Epoch: [31/40], Step: [451/782], Loss: 0.06671181321144104
Rank:0 Epoch: [31/40], Step: [461/782], Loss: 0.29636722803115845
Rank:0 Epoch: [31/40], Step: [471/782], Loss: 0.18861843645572662
Rank:0 Epoch: [31/40], Step: [481/782], Loss: 0.22644078731536865
Rank:0 Epoch: [31/40], Step: [491/782], Loss: 0.17803847789764404
Rank:0 Epoch: [31/40], Step: [501/782], Loss: 0.2063744217157364
Rank:0 Epoch: [31/40], Step: [511/782], Loss: 0.15942198038101196
Rank:0 Epoch: [31/40], Step: [521/782], Loss: 0.30589601397514343
Rank:0 Epoch: [31/40], Step: [531/782], Loss: 0.16382788121700287
Rank:0 Epoch: [31/40], Step: [541/782], Loss: 0.1523725688457489
Rank:0 Epoch: [31/40], Step: [551/782], Loss: 0.08629576116800308
Rank:0 Epoch: [31/40], Step: [561/782], Loss: 0.1946132332086563
Rank:0 Epoch: [31/40], Step: [571/782], Loss: 0.24654145538806915
Rank:0 Epoch: [31/40], Step: [581/782], Loss: 0.16758288443088531
Rank:0 Epoch: [31/40], Step: [591/782], Loss: 0.2478122115135193
Rank:0 Epoch: [31/40], Step: [601/782], Loss: 0.11275411397218704
Rank:0 Epoch: [31/40], Step: [611/782], Loss: 0.23442168533802032
Rank:0 Epoch: [31/40], Step: [621/782], Loss: 0.19519972801208496
Rank:0 Epoch: [31/40], Step: [631/782], Loss: 0.30532681941986084
Rank:0 Epoch: [31/40], Step: [641/782], Loss: 0.3849838078022003
Rank:0 Epoch: [31/40], Step: [651/782], Loss: 0.22806887328624725
Rank:0 Epoch: [31/40], Step: [661/782], Loss: 0.1844557374715805
Rank:0 Epoch: [31/40], Step: [671/782], Loss: 0.1456875056028366
Rank:0 Epoch: [31/40], Step: [681/782], Loss: 0.20907831192016602
Rank:0 Epoch: [31/40], Step: [691/782], Loss: 0.22664563357830048
Rank:0 Epoch: [31/40], Step: [701/782], Loss: 0.1468225121498108
Rank:0 Epoch: [31/40], Step: [711/782], Loss: 0.19440481066703796
Rank:0 Epoch: [31/40], Step: [721/782], Loss: 0.1558031141757965
Rank:0 Epoch: [31/40], Step: [731/782], Loss: 0.2930399775505066
Rank:0 Epoch: [31/40], Step: [741/782], Loss: 0.10049441456794739
Rank:0 Epoch: [31/40], Step: [751/782], Loss: 0.271655797958374
Rank:0 Epoch: [31/40], Step: [761/782], Loss: 0.13130131363868713
Rank:0 Epoch: [31/40], Step: [771/782], Loss: 0.2567855715751648
Rank:0 Epoch: [31/40], Step: [781/782], Loss: 0.1604514867067337
Current Test Acc: 0.8965
Rank:0 Epoch: [32/40], Step: [1/782], Loss: 0.15039455890655518
Rank:0 Epoch: [32/40], Step: [11/782], Loss: 0.12884639203548431
Rank:0 Epoch: [32/40], Step: [21/782], Loss: 0.3395382761955261
Rank:0 Epoch: [32/40], Step: [31/782], Loss: 0.29215553402900696
Rank:0 Epoch: [32/40], Step: [41/782], Loss: 0.3139186501502991
Rank:0 Epoch: [32/40], Step: [51/782], Loss: 0.10574907809495926
Rank:0 Epoch: [32/40], Step: [61/782], Loss: 0.2205747663974762
Rank:0 Epoch: [32/40], Step: [71/782], Loss: 0.27762705087661743
Rank:0 Epoch: [32/40], Step: [81/782], Loss: 0.2576688826084137
Rank:0 Epoch: [32/40], Step: [91/782], Loss: 0.14466284215450287
Rank:0 Epoch: [32/40], Step: [101/782], Loss: 0.18671146035194397
Rank:0 Epoch: [32/40], Step: [111/782], Loss: 0.18911685049533844
Rank:0 Epoch: [32/40], Step: [121/782], Loss: 0.2645344138145447
Rank:0 Epoch: [32/40], Step: [131/782], Loss: 0.14573702216148376
Rank:0 Epoch: [32/40], Step: [141/782], Loss: 0.29661136865615845
Rank:0 Epoch: [32/40], Step: [151/782], Loss: 0.1449684351682663
Rank:0 Epoch: [32/40], Step: [161/782], Loss: 0.2452705353498459
Rank:0 Epoch: [32/40], Step: [171/782], Loss: 0.08907521516084671
Rank:0 Epoch: [32/40], Step: [181/782], Loss: 0.23629701137542725
Rank:0 Epoch: [32/40], Step: [191/782], Loss: 0.16509464383125305
Rank:0 Epoch: [32/40], Step: [201/782], Loss: 0.32499080896377563
Rank:0 Epoch: [32/40], Step: [211/782], Loss: 0.24472084641456604
Rank:0 Epoch: [32/40], Step: [221/782], Loss: 0.188084676861763
Rank:0 Epoch: [32/40], Step: [231/782], Loss: 0.35949069261550903
Rank:0 Epoch: [32/40], Step: [241/782], Loss: 0.19314692914485931
Rank:0 Epoch: [32/40], Step: [251/782], Loss: 0.167741060256958
Rank:0 Epoch: [32/40], Step: [261/782], Loss: 0.15226808190345764
Rank:0 Epoch: [32/40], Step: [271/782], Loss: 0.16707369685173035
Rank:0 Epoch: [32/40], Step: [281/782], Loss: 0.23568867146968842
Rank:0 Epoch: [32/40], Step: [291/782], Loss: 0.2562010586261749
Rank:0 Epoch: [32/40], Step: [301/782], Loss: 0.14236071705818176
Rank:0 Epoch: [32/40], Step: [311/782], Loss: 0.2540963888168335
Rank:0 Epoch: [32/40], Step: [321/782], Loss: 0.1560390442609787
Rank:0 Epoch: [32/40], Step: [331/782], Loss: 0.11772169917821884
Rank:0 Epoch: [32/40], Step: [341/782], Loss: 0.24630272388458252
Rank:0 Epoch: [32/40], Step: [351/782], Loss: 0.1347174346446991
Rank:0 Epoch: [32/40], Step: [361/782], Loss: 0.1404602825641632
Rank:0 Epoch: [32/40], Step: [371/782], Loss: 0.221552774310112
Rank:0 Epoch: [32/40], Step: [381/782], Loss: 0.20922979712486267
Rank:0 Epoch: [32/40], Step: [391/782], Loss: 0.2516863942146301
Rank:0 Epoch: [32/40], Step: [401/782], Loss: 0.21534526348114014
Rank:0 Epoch: [32/40], Step: [411/782], Loss: 0.23780569434165955
Rank:0 Epoch: [32/40], Step: [421/782], Loss: 0.22335627675056458
Rank:0 Epoch: [32/40], Step: [431/782], Loss: 0.13079269230365753
Rank:0 Epoch: [32/40], Step: [441/782], Loss: 0.20049917697906494
Rank:0 Epoch: [32/40], Step: [451/782], Loss: 0.2006131112575531
Rank:0 Epoch: [32/40], Step: [461/782], Loss: 0.17658069729804993
Rank:0 Epoch: [32/40], Step: [471/782], Loss: 0.30862316489219666
Rank:0 Epoch: [32/40], Step: [481/782], Loss: 0.24654994904994965
Rank:0 Epoch: [32/40], Step: [491/782], Loss: 0.20081806182861328
Rank:0 Epoch: [32/40], Step: [501/782], Loss: 0.2350875437259674
Rank:0 Epoch: [32/40], Step: [511/782], Loss: 0.12961679697036743
Rank:0 Epoch: [32/40], Step: [521/782], Loss: 0.18008188903331757
Rank:0 Epoch: [32/40], Step: [531/782], Loss: 0.1604108363389969
Rank:0 Epoch: [32/40], Step: [541/782], Loss: 0.1011384055018425
Rank:0 Epoch: [32/40], Step: [551/782], Loss: 0.20989370346069336
Rank:0 Epoch: [32/40], Step: [561/782], Loss: 0.1176946684718132
Rank:0 Epoch: [32/40], Step: [571/782], Loss: 0.263065367937088
Rank:0 Epoch: [32/40], Step: [581/782], Loss: 0.17946437001228333
Rank:0 Epoch: [32/40], Step: [591/782], Loss: 0.1509602963924408
Rank:0 Epoch: [32/40], Step: [601/782], Loss: 0.23628830909729004
Rank:0 Epoch: [32/40], Step: [611/782], Loss: 0.05632917210459709
Rank:0 Epoch: [32/40], Step: [621/782], Loss: 0.2508762776851654
Rank:0 Epoch: [32/40], Step: [631/782], Loss: 0.27988991141319275
Rank:0 Epoch: [32/40], Step: [641/782], Loss: 0.19640125334262848
Rank:0 Epoch: [32/40], Step: [651/782], Loss: 0.14058718085289001
Rank:0 Epoch: [32/40], Step: [661/782], Loss: 0.19107916951179504
Rank:0 Epoch: [32/40], Step: [671/782], Loss: 0.20752224326133728
Rank:0 Epoch: [32/40], Step: [681/782], Loss: 0.08149440586566925
Rank:0 Epoch: [32/40], Step: [691/782], Loss: 0.32459592819213867
Rank:0 Epoch: [32/40], Step: [701/782], Loss: 0.1033250167965889
Rank:0 Epoch: [32/40], Step: [711/782], Loss: 0.23862473666667938
Rank:0 Epoch: [32/40], Step: [721/782], Loss: 0.36177462339401245
Rank:0 Epoch: [32/40], Step: [731/782], Loss: 0.2660474479198456
Rank:0 Epoch: [32/40], Step: [741/782], Loss: 0.2936879098415375
Rank:0 Epoch: [32/40], Step: [751/782], Loss: 0.34260234236717224
Rank:0 Epoch: [32/40], Step: [761/782], Loss: 0.187371626496315
Rank:0 Epoch: [32/40], Step: [771/782], Loss: 0.28157174587249756
Rank:0 Epoch: [32/40], Step: [781/782], Loss: 0.1482902467250824
Current Test Acc: 0.8965
Rank:0 Epoch: [33/40], Step: [1/782], Loss: 0.18784800171852112
Rank:0 Epoch: [33/40], Step: [11/782], Loss: 0.193393737077713
Rank:0 Epoch: [33/40], Step: [21/782], Loss: 0.1687675267457962
Rank:0 Epoch: [33/40], Step: [31/782], Loss: 0.3547613024711609
Rank:0 Epoch: [33/40], Step: [41/782], Loss: 0.22085711359977722
Rank:0 Epoch: [33/40], Step: [51/782], Loss: 0.17851905524730682
Rank:0 Epoch: [33/40], Step: [61/782], Loss: 0.17459633946418762
Rank:0 Epoch: [33/40], Step: [71/782], Loss: 0.2742821276187897
Rank:0 Epoch: [33/40], Step: [81/782], Loss: 0.22351662814617157
Rank:0 Epoch: [33/40], Step: [91/782], Loss: 0.2057923823595047
Rank:0 Epoch: [33/40], Step: [101/782], Loss: 0.24828504025936127
Rank:0 Epoch: [33/40], Step: [111/782], Loss: 0.1306283175945282
Rank:0 Epoch: [33/40], Step: [121/782], Loss: 0.15233634412288666
Rank:0 Epoch: [33/40], Step: [131/782], Loss: 0.2073410600423813
Rank:0 Epoch: [33/40], Step: [141/782], Loss: 0.09894266724586487
Rank:0 Epoch: [33/40], Step: [151/782], Loss: 0.3717588484287262
Rank:0 Epoch: [33/40], Step: [161/782], Loss: 0.1383240669965744
Rank:0 Epoch: [33/40], Step: [171/782], Loss: 0.1161728948354721
Rank:0 Epoch: [33/40], Step: [181/782], Loss: 0.18637417256832123
Rank:0 Epoch: [33/40], Step: [191/782], Loss: 0.16317109763622284
Rank:0 Epoch: [33/40], Step: [201/782], Loss: 0.4065054953098297
Rank:0 Epoch: [33/40], Step: [211/782], Loss: 0.15568330883979797
Rank:0 Epoch: [33/40], Step: [221/782], Loss: 0.2145276814699173
Rank:0 Epoch: [33/40], Step: [231/782], Loss: 0.14223022758960724
Rank:0 Epoch: [33/40], Step: [241/782], Loss: 0.18745626509189606
Rank:0 Epoch: [33/40], Step: [251/782], Loss: 0.20395022630691528
Rank:0 Epoch: [33/40], Step: [261/782], Loss: 0.235508531332016
Rank:0 Epoch: [33/40], Step: [271/782], Loss: 0.09887376427650452
Rank:0 Epoch: [33/40], Step: [281/782], Loss: 0.22585947811603546
Rank:0 Epoch: [33/40], Step: [291/782], Loss: 0.25823843479156494
Rank:0 Epoch: [33/40], Step: [301/782], Loss: 0.20441368222236633
Rank:0 Epoch: [33/40], Step: [311/782], Loss: 0.07142025232315063
Rank:0 Epoch: [33/40], Step: [321/782], Loss: 0.22498837113380432
Rank:0 Epoch: [33/40], Step: [331/782], Loss: 0.10864318907260895
Rank:0 Epoch: [33/40], Step: [341/782], Loss: 0.2202034443616867
Rank:0 Epoch: [33/40], Step: [351/782], Loss: 0.27182257175445557
Rank:0 Epoch: [33/40], Step: [361/782], Loss: 0.1955459862947464
Rank:0 Epoch: [33/40], Step: [371/782], Loss: 0.1873476207256317
Rank:0 Epoch: [33/40], Step: [381/782], Loss: 0.20316050946712494
Rank:0 Epoch: [33/40], Step: [391/782], Loss: 0.32079535722732544
Rank:0 Epoch: [33/40], Step: [401/782], Loss: 0.2726942002773285
Rank:0 Epoch: [33/40], Step: [411/782], Loss: 0.22966349124908447
Rank:0 Epoch: [33/40], Step: [421/782], Loss: 0.13016870617866516
Rank:0 Epoch: [33/40], Step: [431/782], Loss: 0.2981451749801636
Rank:0 Epoch: [33/40], Step: [441/782], Loss: 0.11365330964326859
Rank:0 Epoch: [33/40], Step: [451/782], Loss: 0.09671895205974579
Rank:0 Epoch: [33/40], Step: [461/782], Loss: 0.15412414073944092
Rank:0 Epoch: [33/40], Step: [471/782], Loss: 0.21513719856739044
Rank:0 Epoch: [33/40], Step: [481/782], Loss: 0.3845895230770111
Rank:0 Epoch: [33/40], Step: [491/782], Loss: 0.2215881049633026
Rank:0 Epoch: [33/40], Step: [501/782], Loss: 0.19881832599639893
Rank:0 Epoch: [33/40], Step: [511/782], Loss: 0.19299456477165222
Rank:0 Epoch: [33/40], Step: [521/782], Loss: 0.32462164759635925
Rank:0 Epoch: [33/40], Step: [531/782], Loss: 0.27698448300361633
Rank:0 Epoch: [33/40], Step: [541/782], Loss: 0.1601978838443756
Rank:0 Epoch: [33/40], Step: [551/782], Loss: 0.2181614190340042
Rank:0 Epoch: [33/40], Step: [561/782], Loss: 0.18523234128952026
Rank:0 Epoch: [33/40], Step: [571/782], Loss: 0.34401509165763855
Rank:0 Epoch: [33/40], Step: [581/782], Loss: 0.18539220094680786
Rank:0 Epoch: [33/40], Step: [591/782], Loss: 0.1617467850446701
Rank:0 Epoch: [33/40], Step: [601/782], Loss: 0.21352064609527588
Rank:0 Epoch: [33/40], Step: [611/782], Loss: 0.14992278814315796
Rank:0 Epoch: [33/40], Step: [621/782], Loss: 0.21776142716407776
Rank:0 Epoch: [33/40], Step: [631/782], Loss: 0.1878356635570526
Rank:0 Epoch: [33/40], Step: [641/782], Loss: 0.22753281891345978
Rank:0 Epoch: [33/40], Step: [651/782], Loss: 0.22183233499526978
Rank:0 Epoch: [33/40], Step: [661/782], Loss: 0.12554308772087097
Rank:0 Epoch: [33/40], Step: [671/782], Loss: 0.36693933606147766
Rank:0 Epoch: [33/40], Step: [681/782], Loss: 0.3386618494987488
Rank:0 Epoch: [33/40], Step: [691/782], Loss: 0.1040860041975975
Rank:0 Epoch: [33/40], Step: [701/782], Loss: 0.17871014773845673
Rank:0 Epoch: [33/40], Step: [711/782], Loss: 0.16112340986728668
Rank:0 Epoch: [33/40], Step: [721/782], Loss: 0.2980910539627075
Rank:0 Epoch: [33/40], Step: [731/782], Loss: 0.1319420337677002
Rank:0 Epoch: [33/40], Step: [741/782], Loss: 0.19229130446910858
Rank:0 Epoch: [33/40], Step: [751/782], Loss: 0.2378721535205841
Rank:0 Epoch: [33/40], Step: [761/782], Loss: 0.2762361764907837
Rank:0 Epoch: [33/40], Step: [771/782], Loss: 0.10687680542469025
Rank:0 Epoch: [33/40], Step: [781/782], Loss: 0.14553624391555786
Current Test Acc: 0.8985
Rank:0 Epoch: [34/40], Step: [1/782], Loss: 0.17237047851085663
Rank:0 Epoch: [34/40], Step: [11/782], Loss: 0.23043814301490784
Rank:0 Epoch: [34/40], Step: [21/782], Loss: 0.3237680196762085
Rank:0 Epoch: [34/40], Step: [31/782], Loss: 0.16723716259002686
Rank:0 Epoch: [34/40], Step: [41/782], Loss: 0.315756231546402
Rank:0 Epoch: [34/40], Step: [51/782], Loss: 0.10687166452407837
Rank:0 Epoch: [34/40], Step: [61/782], Loss: 0.19322480261325836
Rank:0 Epoch: [34/40], Step: [71/782], Loss: 0.08956800401210785
Rank:0 Epoch: [34/40], Step: [81/782], Loss: 0.16598397493362427
Rank:0 Epoch: [34/40], Step: [91/782], Loss: 0.12667156755924225
Rank:0 Epoch: [34/40], Step: [101/782], Loss: 0.1684817522764206
Rank:0 Epoch: [34/40], Step: [111/782], Loss: 0.17306452989578247
Rank:0 Epoch: [34/40], Step: [121/782], Loss: 0.25044921040534973
Rank:0 Epoch: [34/40], Step: [131/782], Loss: 0.3255713880062103
Rank:0 Epoch: [34/40], Step: [141/782], Loss: 0.208357036113739
Rank:0 Epoch: [34/40], Step: [151/782], Loss: 0.16101130843162537
Rank:0 Epoch: [34/40], Step: [161/782], Loss: 0.30931082367897034
Rank:0 Epoch: [34/40], Step: [171/782], Loss: 0.4008594751358032
Rank:0 Epoch: [34/40], Step: [181/782], Loss: 0.16249598562717438
Rank:0 Epoch: [34/40], Step: [191/782], Loss: 0.1100710853934288
Rank:0 Epoch: [34/40], Step: [201/782], Loss: 0.23806263506412506
Rank:0 Epoch: [34/40], Step: [211/782], Loss: 0.2949899733066559
Rank:0 Epoch: [34/40], Step: [221/782], Loss: 0.2520149052143097
Rank:0 Epoch: [34/40], Step: [231/782], Loss: 0.16613304615020752
Rank:0 Epoch: [34/40], Step: [241/782], Loss: 0.059029918164014816
Rank:0 Epoch: [34/40], Step: [251/782], Loss: 0.25045886635780334
Rank:0 Epoch: [34/40], Step: [261/782], Loss: 0.3074483871459961
Rank:0 Epoch: [34/40], Step: [271/782], Loss: 0.33411741256713867
Rank:0 Epoch: [34/40], Step: [281/782], Loss: 0.26658308506011963
Rank:0 Epoch: [34/40], Step: [291/782], Loss: 0.2583126425743103
Rank:0 Epoch: [34/40], Step: [301/782], Loss: 0.17174504697322845
Rank:0 Epoch: [34/40], Step: [311/782], Loss: 0.28482797741889954
Rank:0 Epoch: [34/40], Step: [321/782], Loss: 0.19550096988677979
Rank:0 Epoch: [34/40], Step: [331/782], Loss: 0.26184189319610596
Rank:0 Epoch: [34/40], Step: [341/782], Loss: 0.1903008669614792
Rank:0 Epoch: [34/40], Step: [351/782], Loss: 0.2010924071073532
Rank:0 Epoch: [34/40], Step: [361/782], Loss: 0.12980803847312927
Rank:0 Epoch: [34/40], Step: [371/782], Loss: 0.21585577726364136
Rank:0 Epoch: [34/40], Step: [381/782], Loss: 0.15327149629592896
Rank:0 Epoch: [34/40], Step: [391/782], Loss: 0.1933678388595581
Rank:0 Epoch: [34/40], Step: [401/782], Loss: 0.08469831943511963
Rank:0 Epoch: [34/40], Step: [411/782], Loss: 0.12799252569675446
Rank:0 Epoch: [34/40], Step: [421/782], Loss: 0.15440982580184937
Rank:0 Epoch: [34/40], Step: [431/782], Loss: 0.14522022008895874
Rank:0 Epoch: [34/40], Step: [441/782], Loss: 0.2653234004974365
Rank:0 Epoch: [34/40], Step: [451/782], Loss: 0.12318678200244904
Rank:0 Epoch: [34/40], Step: [461/782], Loss: 0.22980500757694244
Rank:0 Epoch: [34/40], Step: [471/782], Loss: 0.16517411172389984
Rank:0 Epoch: [34/40], Step: [481/782], Loss: 0.26145631074905396
Rank:0 Epoch: [34/40], Step: [491/782], Loss: 0.12118355184793472
Rank:0 Epoch: [34/40], Step: [501/782], Loss: 0.24940243363380432
Rank:0 Epoch: [34/40], Step: [511/782], Loss: 0.15236982703208923
Rank:0 Epoch: [34/40], Step: [521/782], Loss: 0.16466210782527924
Rank:0 Epoch: [34/40], Step: [531/782], Loss: 0.28480038046836853
Rank:0 Epoch: [34/40], Step: [541/782], Loss: 0.21810677647590637
Rank:0 Epoch: [34/40], Step: [551/782], Loss: 0.14694035053253174
Rank:0 Epoch: [34/40], Step: [561/782], Loss: 0.10770832747220993
Rank:0 Epoch: [34/40], Step: [571/782], Loss: 0.22631847858428955
Rank:0 Epoch: [34/40], Step: [581/782], Loss: 0.21018025279045105
Rank:0 Epoch: [34/40], Step: [591/782], Loss: 0.25078636407852173
Rank:0 Epoch: [34/40], Step: [601/782], Loss: 0.19469019770622253
Rank:0 Epoch: [34/40], Step: [611/782], Loss: 0.15070171654224396
Rank:0 Epoch: [34/40], Step: [621/782], Loss: 0.23821064829826355
Rank:0 Epoch: [34/40], Step: [631/782], Loss: 0.22848567366600037
Rank:0 Epoch: [34/40], Step: [641/782], Loss: 0.165737584233284
Rank:0 Epoch: [34/40], Step: [651/782], Loss: 0.1820341944694519
Rank:0 Epoch: [34/40], Step: [661/782], Loss: 0.25590217113494873
Rank:0 Epoch: [34/40], Step: [671/782], Loss: 0.22511747479438782
Rank:0 Epoch: [34/40], Step: [681/782], Loss: 0.18740056455135345
Rank:0 Epoch: [34/40], Step: [691/782], Loss: 0.1801101416349411
Rank:0 Epoch: [34/40], Step: [701/782], Loss: 0.11969410628080368
Rank:0 Epoch: [34/40], Step: [711/782], Loss: 0.20039796829223633
Rank:0 Epoch: [34/40], Step: [721/782], Loss: 0.13322731852531433
Rank:0 Epoch: [34/40], Step: [731/782], Loss: 0.11430047452449799
Rank:0 Epoch: [34/40], Step: [741/782], Loss: 0.06508342176675797
Rank:0 Epoch: [34/40], Step: [751/782], Loss: 0.1325739175081253
Rank:0 Epoch: [34/40], Step: [761/782], Loss: 0.30571654438972473
Rank:0 Epoch: [34/40], Step: [771/782], Loss: 0.20638400316238403
Rank:0 Epoch: [34/40], Step: [781/782], Loss: 0.18084438145160675
Current Test Acc: 0.8975
Rank:0 Epoch: [35/40], Step: [1/782], Loss: 0.057770684361457825
Rank:0 Epoch: [35/40], Step: [11/782], Loss: 0.17448730766773224
Rank:0 Epoch: [35/40], Step: [21/782], Loss: 0.13346143066883087
Rank:0 Epoch: [35/40], Step: [31/782], Loss: 0.12469179928302765
Rank:0 Epoch: [35/40], Step: [41/782], Loss: 0.34159302711486816
Rank:0 Epoch: [35/40], Step: [51/782], Loss: 0.21059764921665192
Rank:0 Epoch: [35/40], Step: [61/782], Loss: 0.2571398913860321
Rank:0 Epoch: [35/40], Step: [71/782], Loss: 0.1923629492521286
Rank:0 Epoch: [35/40], Step: [81/782], Loss: 0.25523191690444946
Rank:0 Epoch: [35/40], Step: [91/782], Loss: 0.11451776325702667
Rank:0 Epoch: [35/40], Step: [101/782], Loss: 0.12254466861486435
Rank:0 Epoch: [35/40], Step: [111/782], Loss: 0.18897712230682373
Rank:0 Epoch: [35/40], Step: [121/782], Loss: 0.1264881193637848
Rank:0 Epoch: [35/40], Step: [131/782], Loss: 0.19975033402442932
Rank:0 Epoch: [35/40], Step: [141/782], Loss: 0.1756231039762497
Rank:0 Epoch: [35/40], Step: [151/782], Loss: 0.12424470484256744
Rank:0 Epoch: [35/40], Step: [161/782], Loss: 0.2572087049484253
Rank:0 Epoch: [35/40], Step: [171/782], Loss: 0.10795332491397858
Rank:0 Epoch: [35/40], Step: [181/782], Loss: 0.15901508927345276
Rank:0 Epoch: [35/40], Step: [191/782], Loss: 0.21002888679504395
Rank:0 Epoch: [35/40], Step: [201/782], Loss: 0.24018508195877075
Rank:0 Epoch: [35/40], Step: [211/782], Loss: 0.26482415199279785
Rank:0 Epoch: [35/40], Step: [221/782], Loss: 0.17426343262195587
Rank:0 Epoch: [35/40], Step: [231/782], Loss: 0.1946210116147995
Rank:0 Epoch: [35/40], Step: [241/782], Loss: 0.1759634166955948
Rank:0 Epoch: [35/40], Step: [251/782], Loss: 0.19698937237262726
Rank:0 Epoch: [35/40], Step: [261/782], Loss: 0.14558085799217224
Rank:0 Epoch: [35/40], Step: [271/782], Loss: 0.18769359588623047
Rank:0 Epoch: [35/40], Step: [281/782], Loss: 0.15188531577587128
Rank:0 Epoch: [35/40], Step: [291/782], Loss: 0.11638859659433365
Rank:0 Epoch: [35/40], Step: [301/782], Loss: 0.17339228093624115
Rank:0 Epoch: [35/40], Step: [311/782], Loss: 0.12589001655578613
Rank:0 Epoch: [35/40], Step: [321/782], Loss: 0.2473641335964203
Rank:0 Epoch: [35/40], Step: [331/782], Loss: 0.1374971866607666
Rank:0 Epoch: [35/40], Step: [341/782], Loss: 0.19426532089710236
Rank:0 Epoch: [35/40], Step: [351/782], Loss: 0.2752620577812195
Rank:0 Epoch: [35/40], Step: [361/782], Loss: 0.18012887239456177
Rank:0 Epoch: [35/40], Step: [371/782], Loss: 0.1774756908416748
Rank:0 Epoch: [35/40], Step: [381/782], Loss: 0.11167120933532715
Rank:0 Epoch: [35/40], Step: [391/782], Loss: 0.13945475220680237
Rank:0 Epoch: [35/40], Step: [401/782], Loss: 0.29088112711906433
Rank:0 Epoch: [35/40], Step: [411/782], Loss: 0.19089160859584808
Rank:0 Epoch: [35/40], Step: [421/782], Loss: 0.2594449818134308
Rank:0 Epoch: [35/40], Step: [431/782], Loss: 0.2335052341222763
Rank:0 Epoch: [35/40], Step: [441/782], Loss: 0.2881462574005127
Rank:0 Epoch: [35/40], Step: [451/782], Loss: 0.16437123715877533
Rank:0 Epoch: [35/40], Step: [461/782], Loss: 0.2188686579465866
Rank:0 Epoch: [35/40], Step: [471/782], Loss: 0.1816643476486206
Rank:0 Epoch: [35/40], Step: [481/782], Loss: 0.1654871702194214
Rank:0 Epoch: [35/40], Step: [491/782], Loss: 0.12411142140626907
Rank:0 Epoch: [35/40], Step: [501/782], Loss: 0.20270171761512756
Rank:0 Epoch: [35/40], Step: [511/782], Loss: 0.1834171712398529
Rank:0 Epoch: [35/40], Step: [521/782], Loss: 0.3070201277732849
Rank:0 Epoch: [35/40], Step: [531/782], Loss: 0.20566895604133606
Rank:0 Epoch: [35/40], Step: [541/782], Loss: 0.3606884181499481
Rank:0 Epoch: [35/40], Step: [551/782], Loss: 0.15395426750183105
Rank:0 Epoch: [35/40], Step: [561/782], Loss: 0.18192487955093384
Rank:0 Epoch: [35/40], Step: [571/782], Loss: 0.20133113861083984
Rank:0 Epoch: [35/40], Step: [581/782], Loss: 0.13377630710601807
Rank:0 Epoch: [35/40], Step: [591/782], Loss: 0.1622299700975418
Rank:0 Epoch: [35/40], Step: [601/782], Loss: 0.2906046509742737
Rank:0 Epoch: [35/40], Step: [611/782], Loss: 0.10198493301868439
Rank:0 Epoch: [35/40], Step: [621/782], Loss: 0.11888641119003296
Rank:0 Epoch: [35/40], Step: [631/782], Loss: 0.13787922263145447
Rank:0 Epoch: [35/40], Step: [641/782], Loss: 0.15191969275474548
Rank:0 Epoch: [35/40], Step: [651/782], Loss: 0.1531791090965271
Rank:0 Epoch: [35/40], Step: [661/782], Loss: 0.22763274610042572
Rank:0 Epoch: [35/40], Step: [671/782], Loss: 0.14874938130378723
Rank:0 Epoch: [35/40], Step: [681/782], Loss: 0.31533172726631165
Rank:0 Epoch: [35/40], Step: [691/782], Loss: 0.2393476516008377
Rank:0 Epoch: [35/40], Step: [701/782], Loss: 0.06637823581695557
Rank:0 Epoch: [35/40], Step: [711/782], Loss: 0.4228114187717438
Rank:0 Epoch: [35/40], Step: [721/782], Loss: 0.15131425857543945
Rank:0 Epoch: [35/40], Step: [731/782], Loss: 0.2878877520561218
Rank:0 Epoch: [35/40], Step: [741/782], Loss: 0.29358142614364624
Rank:0 Epoch: [35/40], Step: [751/782], Loss: 0.24600204825401306
Rank:0 Epoch: [35/40], Step: [761/782], Loss: 0.299844890832901
Rank:0 Epoch: [35/40], Step: [771/782], Loss: 0.21984168887138367
Rank:0 Epoch: [35/40], Step: [781/782], Loss: 0.18069510161876678
Current Test Acc: 0.8967
Rank:0 Epoch: [36/40], Step: [1/782], Loss: 0.20845216512680054
Rank:0 Epoch: [36/40], Step: [11/782], Loss: 0.2494616061449051
Rank:0 Epoch: [36/40], Step: [21/782], Loss: 0.18868739902973175
Rank:0 Epoch: [36/40], Step: [31/782], Loss: 0.23863692581653595
Rank:0 Epoch: [36/40], Step: [41/782], Loss: 0.25857433676719666
Rank:0 Epoch: [36/40], Step: [51/782], Loss: 0.1586337834596634
Rank:0 Epoch: [36/40], Step: [61/782], Loss: 0.19907934963703156
Rank:0 Epoch: [36/40], Step: [71/782], Loss: 0.24172443151474
Rank:0 Epoch: [36/40], Step: [81/782], Loss: 0.209589883685112
Rank:0 Epoch: [36/40], Step: [91/782], Loss: 0.17023998498916626
Rank:0 Epoch: [36/40], Step: [101/782], Loss: 0.18730692565441132
Rank:0 Epoch: [36/40], Step: [111/782], Loss: 0.19056819379329681
Rank:0 Epoch: [36/40], Step: [121/782], Loss: 0.2822926938533783
Rank:0 Epoch: [36/40], Step: [131/782], Loss: 0.21376684308052063
Rank:0 Epoch: [36/40], Step: [141/782], Loss: 0.1935894936323166
Rank:0 Epoch: [36/40], Step: [151/782], Loss: 0.2495979368686676
Rank:0 Epoch: [36/40], Step: [161/782], Loss: 0.09672974795103073
Rank:0 Epoch: [36/40], Step: [171/782], Loss: 0.33549684286117554
Rank:0 Epoch: [36/40], Step: [181/782], Loss: 0.32890138030052185
Rank:0 Epoch: [36/40], Step: [191/782], Loss: 0.23036141693592072
Rank:0 Epoch: [36/40], Step: [201/782], Loss: 0.1783469319343567
Rank:0 Epoch: [36/40], Step: [211/782], Loss: 0.23159997165203094
Rank:0 Epoch: [36/40], Step: [221/782], Loss: 0.2062757909297943
Rank:0 Epoch: [36/40], Step: [231/782], Loss: 0.14192776381969452
Rank:0 Epoch: [36/40], Step: [241/782], Loss: 0.08335601538419724
Rank:0 Epoch: [36/40], Step: [251/782], Loss: 0.3016278147697449
Rank:0 Epoch: [36/40], Step: [261/782], Loss: 0.12626466155052185
Rank:0 Epoch: [36/40], Step: [271/782], Loss: 0.23575115203857422
Rank:0 Epoch: [36/40], Step: [281/782], Loss: 0.11922171711921692
Rank:0 Epoch: [36/40], Step: [291/782], Loss: 0.3146786689758301
Rank:0 Epoch: [36/40], Step: [301/782], Loss: 0.19171445071697235
Rank:0 Epoch: [36/40], Step: [311/782], Loss: 0.13653132319450378
Rank:0 Epoch: [36/40], Step: [321/782], Loss: 0.1286960393190384
Rank:0 Epoch: [36/40], Step: [331/782], Loss: 0.22845792770385742
Rank:0 Epoch: [36/40], Step: [341/782], Loss: 0.18667125701904297
Rank:0 Epoch: [36/40], Step: [351/782], Loss: 0.11867430806159973
Rank:0 Epoch: [36/40], Step: [361/782], Loss: 0.16343006491661072
Rank:0 Epoch: [36/40], Step: [371/782], Loss: 0.21698997914791107
Rank:0 Epoch: [36/40], Step: [381/782], Loss: 0.1418542116880417
Rank:0 Epoch: [36/40], Step: [391/782], Loss: 0.3550686836242676
Rank:0 Epoch: [36/40], Step: [401/782], Loss: 0.11132069677114487
Rank:0 Epoch: [36/40], Step: [411/782], Loss: 0.2584874629974365
Rank:0 Epoch: [36/40], Step: [421/782], Loss: 0.21307483315467834
Rank:0 Epoch: [36/40], Step: [431/782], Loss: 0.2607787251472473
Rank:0 Epoch: [36/40], Step: [441/782], Loss: 0.15183477103710175
Rank:0 Epoch: [36/40], Step: [451/782], Loss: 0.23943637311458588
Rank:0 Epoch: [36/40], Step: [461/782], Loss: 0.19015048444271088
Rank:0 Epoch: [36/40], Step: [471/782], Loss: 0.1879318207502365
Rank:0 Epoch: [36/40], Step: [481/782], Loss: 0.29758507013320923
Rank:0 Epoch: [36/40], Step: [491/782], Loss: 0.2469828575849533
Rank:0 Epoch: [36/40], Step: [501/782], Loss: 0.21058976650238037
Rank:0 Epoch: [36/40], Step: [511/782], Loss: 0.2160716950893402
Rank:0 Epoch: [36/40], Step: [521/782], Loss: 0.21302635967731476
Rank:0 Epoch: [36/40], Step: [531/782], Loss: 0.20374280214309692
Rank:0 Epoch: [36/40], Step: [541/782], Loss: 0.1714756041765213
Rank:0 Epoch: [36/40], Step: [551/782], Loss: 0.3000394403934479
Rank:0 Epoch: [36/40], Step: [561/782], Loss: 0.24606047570705414
Rank:0 Epoch: [36/40], Step: [571/782], Loss: 0.1797410398721695
Rank:0 Epoch: [36/40], Step: [581/782], Loss: 0.1963454782962799
Rank:0 Epoch: [36/40], Step: [591/782], Loss: 0.2714909613132477
Rank:0 Epoch: [36/40], Step: [601/782], Loss: 0.11205576360225677
Rank:0 Epoch: [36/40], Step: [611/782], Loss: 0.11029507964849472
Rank:0 Epoch: [36/40], Step: [621/782], Loss: 0.16802093386650085
Rank:0 Epoch: [36/40], Step: [631/782], Loss: 0.13774581253528595
Rank:0 Epoch: [36/40], Step: [641/782], Loss: 0.21031592786312103
Rank:0 Epoch: [36/40], Step: [651/782], Loss: 0.22946135699748993
Rank:0 Epoch: [36/40], Step: [661/782], Loss: 0.26107466220855713
Rank:0 Epoch: [36/40], Step: [671/782], Loss: 0.18246416747570038
Rank:0 Epoch: [36/40], Step: [681/782], Loss: 0.12432929873466492
Rank:0 Epoch: [36/40], Step: [691/782], Loss: 0.18447357416152954
Rank:0 Epoch: [36/40], Step: [701/782], Loss: 0.10997091233730316
Rank:0 Epoch: [36/40], Step: [711/782], Loss: 0.2515820562839508
Rank:0 Epoch: [36/40], Step: [721/782], Loss: 0.1773786097764969
Rank:0 Epoch: [36/40], Step: [731/782], Loss: 0.16146276891231537
Rank:0 Epoch: [36/40], Step: [741/782], Loss: 0.3420546054840088
Rank:0 Epoch: [36/40], Step: [751/782], Loss: 0.4142341613769531
Rank:0 Epoch: [36/40], Step: [761/782], Loss: 0.1795145869255066
Rank:0 Epoch: [36/40], Step: [771/782], Loss: 0.2611745297908783
Rank:0 Epoch: [36/40], Step: [781/782], Loss: 0.12993115186691284
Current Test Acc: 0.8968
Rank:0 Epoch: [37/40], Step: [1/782], Loss: 0.1290936917066574
Rank:0 Epoch: [37/40], Step: [11/782], Loss: 0.33629241585731506
Rank:0 Epoch: [37/40], Step: [21/782], Loss: 0.0556957833468914
Rank:0 Epoch: [37/40], Step: [31/782], Loss: 0.24555979669094086
Rank:0 Epoch: [37/40], Step: [41/782], Loss: 0.14454510807991028
Rank:0 Epoch: [37/40], Step: [51/782], Loss: 0.3251938819885254
Rank:0 Epoch: [37/40], Step: [61/782], Loss: 0.2711043953895569
Rank:0 Epoch: [37/40], Step: [71/782], Loss: 0.20259740948677063
Rank:0 Epoch: [37/40], Step: [81/782], Loss: 0.10955086350440979
Rank:0 Epoch: [37/40], Step: [91/782], Loss: 0.18814440071582794
Rank:0 Epoch: [37/40], Step: [101/782], Loss: 0.1812838613986969
Rank:0 Epoch: [37/40], Step: [111/782], Loss: 0.19976255297660828
Rank:0 Epoch: [37/40], Step: [121/782], Loss: 0.10931216925382614
Rank:0 Epoch: [37/40], Step: [131/782], Loss: 0.10792870819568634
Rank:0 Epoch: [37/40], Step: [141/782], Loss: 0.29923081398010254
Rank:0 Epoch: [37/40], Step: [151/782], Loss: 0.24535490572452545
Rank:0 Epoch: [37/40], Step: [161/782], Loss: 0.19773340225219727
Rank:0 Epoch: [37/40], Step: [171/782], Loss: 0.27185186743736267
Rank:0 Epoch: [37/40], Step: [181/782], Loss: 0.14571471512317657
Rank:0 Epoch: [37/40], Step: [191/782], Loss: 0.2714064419269562
Rank:0 Epoch: [37/40], Step: [201/782], Loss: 0.10838054120540619
Rank:0 Epoch: [37/40], Step: [211/782], Loss: 0.26864153146743774
Rank:0 Epoch: [37/40], Step: [221/782], Loss: 0.11408189684152603
Rank:0 Epoch: [37/40], Step: [231/782], Loss: 0.18867191672325134
Rank:0 Epoch: [37/40], Step: [241/782], Loss: 0.10744187980890274
Rank:0 Epoch: [37/40], Step: [251/782], Loss: 0.30442044138908386
Rank:0 Epoch: [37/40], Step: [261/782], Loss: 0.24459032714366913
Rank:0 Epoch: [37/40], Step: [271/782], Loss: 0.1717994064092636
Rank:0 Epoch: [37/40], Step: [281/782], Loss: 0.1358851045370102
Rank:0 Epoch: [37/40], Step: [291/782], Loss: 0.27836906909942627
Rank:0 Epoch: [37/40], Step: [301/782], Loss: 0.19708937406539917
Rank:0 Epoch: [37/40], Step: [311/782], Loss: 0.21844090521335602
Rank:0 Epoch: [37/40], Step: [321/782], Loss: 0.2561888098716736
Rank:0 Epoch: [37/40], Step: [331/782], Loss: 0.32555562257766724
Rank:0 Epoch: [37/40], Step: [341/782], Loss: 0.10660526156425476
Rank:0 Epoch: [37/40], Step: [351/782], Loss: 0.17402048408985138
Rank:0 Epoch: [37/40], Step: [361/782], Loss: 0.1686544567346573
Rank:0 Epoch: [37/40], Step: [371/782], Loss: 0.1559617817401886
Rank:0 Epoch: [37/40], Step: [381/782], Loss: 0.2557408809661865
Rank:0 Epoch: [37/40], Step: [391/782], Loss: 0.21528197824954987
Rank:0 Epoch: [37/40], Step: [401/782], Loss: 0.34134605526924133
Rank:0 Epoch: [37/40], Step: [411/782], Loss: 0.2420894354581833
Rank:0 Epoch: [37/40], Step: [421/782], Loss: 0.22333793342113495
Rank:0 Epoch: [37/40], Step: [431/782], Loss: 0.1248248741030693
Rank:0 Epoch: [37/40], Step: [441/782], Loss: 0.27499380707740784
Rank:0 Epoch: [37/40], Step: [451/782], Loss: 0.0751199945807457
Rank:0 Epoch: [37/40], Step: [461/782], Loss: 0.11595074832439423
Rank:0 Epoch: [37/40], Step: [471/782], Loss: 0.14482614398002625
Rank:0 Epoch: [37/40], Step: [481/782], Loss: 0.2877780497074127
Rank:0 Epoch: [37/40], Step: [491/782], Loss: 0.16798116266727448
Rank:0 Epoch: [37/40], Step: [501/782], Loss: 0.13837464153766632
Rank:0 Epoch: [37/40], Step: [511/782], Loss: 0.34674394130706787
Rank:0 Epoch: [37/40], Step: [521/782], Loss: 0.14887595176696777
Rank:0 Epoch: [37/40], Step: [531/782], Loss: 0.23292012512683868
Rank:0 Epoch: [37/40], Step: [541/782], Loss: 0.27802252769470215
Rank:0 Epoch: [37/40], Step: [551/782], Loss: 0.11687785387039185
Rank:0 Epoch: [37/40], Step: [561/782], Loss: 0.13698406517505646
Rank:0 Epoch: [37/40], Step: [571/782], Loss: 0.24785025417804718
Rank:0 Epoch: [37/40], Step: [581/782], Loss: 0.2637191414833069
Rank:0 Epoch: [37/40], Step: [591/782], Loss: 0.13186024129390717
Rank:0 Epoch: [37/40], Step: [601/782], Loss: 0.15035338699817657
Rank:0 Epoch: [37/40], Step: [611/782], Loss: 0.22959719598293304
Rank:0 Epoch: [37/40], Step: [621/782], Loss: 0.28581947088241577
Rank:0 Epoch: [37/40], Step: [631/782], Loss: 0.20330770313739777
Rank:0 Epoch: [37/40], Step: [641/782], Loss: 0.16442514955997467
Rank:0 Epoch: [37/40], Step: [651/782], Loss: 0.16535703837871552
Rank:0 Epoch: [37/40], Step: [661/782], Loss: 0.24059006571769714
Rank:0 Epoch: [37/40], Step: [671/782], Loss: 0.16230891644954681
Rank:0 Epoch: [37/40], Step: [681/782], Loss: 0.20326940715312958
Rank:0 Epoch: [37/40], Step: [691/782], Loss: 0.19783103466033936
Rank:0 Epoch: [37/40], Step: [701/782], Loss: 0.17851197719573975
Rank:0 Epoch: [37/40], Step: [711/782], Loss: 0.20816196501255035
Rank:0 Epoch: [37/40], Step: [721/782], Loss: 0.09718536585569382
Rank:0 Epoch: [37/40], Step: [731/782], Loss: 0.3000602722167969
Rank:0 Epoch: [37/40], Step: [741/782], Loss: 0.20801754295825958
Rank:0 Epoch: [37/40], Step: [751/782], Loss: 0.12414300441741943
Rank:0 Epoch: [37/40], Step: [761/782], Loss: 0.07065754383802414
Rank:0 Epoch: [37/40], Step: [771/782], Loss: 0.1274946630001068
Rank:0 Epoch: [37/40], Step: [781/782], Loss: 0.12365811318159103
Current Test Acc: 0.8979
Rank:0 Epoch: [38/40], Step: [1/782], Loss: 0.3493850529193878
Rank:0 Epoch: [38/40], Step: [11/782], Loss: 0.09112033993005753
Rank:0 Epoch: [38/40], Step: [21/782], Loss: 0.17302845418453217
Rank:0 Epoch: [38/40], Step: [31/782], Loss: 0.24629060924053192
Rank:0 Epoch: [38/40], Step: [41/782], Loss: 0.09714803099632263
Rank:0 Epoch: [38/40], Step: [51/782], Loss: 0.24654963612556458
Rank:0 Epoch: [38/40], Step: [61/782], Loss: 0.09119948744773865
Rank:0 Epoch: [38/40], Step: [71/782], Loss: 0.13252097368240356
Rank:0 Epoch: [38/40], Step: [81/782], Loss: 0.34989669919013977
Rank:0 Epoch: [38/40], Step: [91/782], Loss: 0.18036499619483948
Rank:0 Epoch: [38/40], Step: [101/782], Loss: 0.12790802121162415
Rank:0 Epoch: [38/40], Step: [111/782], Loss: 0.25923746824264526
Rank:0 Epoch: [38/40], Step: [121/782], Loss: 0.1801852434873581
Rank:0 Epoch: [38/40], Step: [131/782], Loss: 0.19342483580112457
Rank:0 Epoch: [38/40], Step: [141/782], Loss: 0.14478863775730133
Rank:0 Epoch: [38/40], Step: [151/782], Loss: 0.1571149379014969
Rank:0 Epoch: [38/40], Step: [161/782], Loss: 0.138556569814682
Rank:0 Epoch: [38/40], Step: [171/782], Loss: 0.34942835569381714
Rank:0 Epoch: [38/40], Step: [181/782], Loss: 0.1529405266046524
Rank:0 Epoch: [38/40], Step: [191/782], Loss: 0.2342478334903717
Rank:0 Epoch: [38/40], Step: [201/782], Loss: 0.10556872189044952
Rank:0 Epoch: [38/40], Step: [211/782], Loss: 0.2974996566772461
Rank:0 Epoch: [38/40], Step: [221/782], Loss: 0.1774725466966629
Rank:0 Epoch: [38/40], Step: [231/782], Loss: 0.14073938131332397
Rank:0 Epoch: [38/40], Step: [241/782], Loss: 0.15110918879508972
Rank:0 Epoch: [38/40], Step: [251/782], Loss: 0.07174762338399887
Rank:0 Epoch: [38/40], Step: [261/782], Loss: 0.19619297981262207
Rank:0 Epoch: [38/40], Step: [271/782], Loss: 0.14727075397968292
Rank:0 Epoch: [38/40], Step: [281/782], Loss: 0.2130850851535797
Rank:0 Epoch: [38/40], Step: [291/782], Loss: 0.22728762030601501
Rank:0 Epoch: [38/40], Step: [301/782], Loss: 0.3172929286956787
Rank:0 Epoch: [38/40], Step: [311/782], Loss: 0.19909696280956268
Rank:0 Epoch: [38/40], Step: [321/782], Loss: 0.23233523964881897
Rank:0 Epoch: [38/40], Step: [331/782], Loss: 0.16557498276233673
Rank:0 Epoch: [38/40], Step: [341/782], Loss: 0.21090340614318848
Rank:0 Epoch: [38/40], Step: [351/782], Loss: 0.09794048219919205
Rank:0 Epoch: [38/40], Step: [361/782], Loss: 0.2800746262073517
Rank:0 Epoch: [38/40], Step: [371/782], Loss: 0.061974573880434036
Rank:0 Epoch: [38/40], Step: [381/782], Loss: 0.0840500220656395
Rank:0 Epoch: [38/40], Step: [391/782], Loss: 0.2029007077217102
Rank:0 Epoch: [38/40], Step: [401/782], Loss: 0.13268131017684937
Rank:0 Epoch: [38/40], Step: [411/782], Loss: 0.12282073497772217
Rank:0 Epoch: [38/40], Step: [421/782], Loss: 0.1808132529258728
Rank:0 Epoch: [38/40], Step: [431/782], Loss: 0.1468954235315323
Rank:0 Epoch: [38/40], Step: [441/782], Loss: 0.25557106733322144
Rank:0 Epoch: [38/40], Step: [451/782], Loss: 0.19563016295433044
Rank:0 Epoch: [38/40], Step: [461/782], Loss: 0.11891086399555206
Rank:0 Epoch: [38/40], Step: [471/782], Loss: 0.07686971127986908
Rank:0 Epoch: [38/40], Step: [481/782], Loss: 0.23948918282985687
Rank:0 Epoch: [38/40], Step: [491/782], Loss: 0.2105465829372406
Rank:0 Epoch: [38/40], Step: [501/782], Loss: 0.28244316577911377
Rank:0 Epoch: [38/40], Step: [511/782], Loss: 0.19716839492321014
Rank:0 Epoch: [38/40], Step: [521/782], Loss: 0.1914903223514557
Rank:0 Epoch: [38/40], Step: [531/782], Loss: 0.07531601190567017
Rank:0 Epoch: [38/40], Step: [541/782], Loss: 0.11092400550842285
Rank:0 Epoch: [38/40], Step: [551/782], Loss: 0.25832492113113403
Rank:0 Epoch: [38/40], Step: [561/782], Loss: 0.14040526747703552
Rank:0 Epoch: [38/40], Step: [571/782], Loss: 0.14611539244651794
Rank:0 Epoch: [38/40], Step: [581/782], Loss: 0.16740861535072327
Rank:0 Epoch: [38/40], Step: [591/782], Loss: 0.1397741138935089
Rank:0 Epoch: [38/40], Step: [601/782], Loss: 0.10624950379133224
Rank:0 Epoch: [38/40], Step: [611/782], Loss: 0.15965460240840912
Rank:0 Epoch: [38/40], Step: [621/782], Loss: 0.25664523243904114
Rank:0 Epoch: [38/40], Step: [631/782], Loss: 0.21995577216148376
Rank:0 Epoch: [38/40], Step: [641/782], Loss: 0.21056944131851196
Rank:0 Epoch: [38/40], Step: [651/782], Loss: 0.13328514993190765
Rank:0 Epoch: [38/40], Step: [661/782], Loss: 0.17546944320201874
Rank:0 Epoch: [38/40], Step: [671/782], Loss: 0.14016900956630707
Rank:0 Epoch: [38/40], Step: [681/782], Loss: 0.16147121787071228
Rank:0 Epoch: [38/40], Step: [691/782], Loss: 0.3288060426712036
Rank:0 Epoch: [38/40], Step: [701/782], Loss: 0.20677147805690765
Rank:0 Epoch: [38/40], Step: [711/782], Loss: 0.1057506650686264
Rank:0 Epoch: [38/40], Step: [721/782], Loss: 0.1343366801738739
Rank:0 Epoch: [38/40], Step: [731/782], Loss: 0.21271337568759918
Rank:0 Epoch: [38/40], Step: [741/782], Loss: 0.08687670528888702
Rank:0 Epoch: [38/40], Step: [751/782], Loss: 0.13213184475898743
Rank:0 Epoch: [38/40], Step: [761/782], Loss: 0.1734604388475418
Rank:0 Epoch: [38/40], Step: [771/782], Loss: 0.2623440623283386
Rank:0 Epoch: [38/40], Step: [781/782], Loss: 0.27795907855033875
Current Test Acc: 0.8983
Rank:0 Epoch: [39/40], Step: [1/782], Loss: 0.1190633475780487
Rank:0 Epoch: [39/40], Step: [11/782], Loss: 0.23946920037269592
Rank:0 Epoch: [39/40], Step: [21/782], Loss: 0.25909239053726196
Rank:0 Epoch: [39/40], Step: [31/782], Loss: 0.19097861647605896
Rank:0 Epoch: [39/40], Step: [41/782], Loss: 0.12258127331733704
Rank:0 Epoch: [39/40], Step: [51/782], Loss: 0.19008463621139526
Rank:0 Epoch: [39/40], Step: [61/782], Loss: 0.2755716145038605
Rank:0 Epoch: [39/40], Step: [71/782], Loss: 0.19486911594867706
Rank:0 Epoch: [39/40], Step: [81/782], Loss: 0.45739468932151794
Rank:0 Epoch: [39/40], Step: [91/782], Loss: 0.19747039675712585
Rank:0 Epoch: [39/40], Step: [101/782], Loss: 0.12210997194051743
Rank:0 Epoch: [39/40], Step: [111/782], Loss: 0.20012712478637695
Rank:0 Epoch: [39/40], Step: [121/782], Loss: 0.14789006114006042
Rank:0 Epoch: [39/40], Step: [131/782], Loss: 0.15226425230503082
Rank:0 Epoch: [39/40], Step: [141/782], Loss: 0.1533614546060562
Rank:0 Epoch: [39/40], Step: [151/782], Loss: 0.14466513693332672
Rank:0 Epoch: [39/40], Step: [161/782], Loss: 0.34834417700767517
Rank:0 Epoch: [39/40], Step: [171/782], Loss: 0.23341119289398193
Rank:0 Epoch: [39/40], Step: [181/782], Loss: 0.17101934552192688
Rank:0 Epoch: [39/40], Step: [191/782], Loss: 0.17743362486362457
Rank:0 Epoch: [39/40], Step: [201/782], Loss: 0.18276727199554443
Rank:0 Epoch: [39/40], Step: [211/782], Loss: 0.24285419285297394
Rank:0 Epoch: [39/40], Step: [221/782], Loss: 0.17699523270130157
Rank:0 Epoch: [39/40], Step: [231/782], Loss: 0.11623306572437286
Rank:0 Epoch: [39/40], Step: [241/782], Loss: 0.15016864240169525
Rank:0 Epoch: [39/40], Step: [251/782], Loss: 0.14177946746349335
Rank:0 Epoch: [39/40], Step: [261/782], Loss: 0.284474641084671
Rank:0 Epoch: [39/40], Step: [271/782], Loss: 0.18135839700698853
Rank:0 Epoch: [39/40], Step: [281/782], Loss: 0.14953801035881042
Rank:0 Epoch: [39/40], Step: [291/782], Loss: 0.3041781783103943
Rank:0 Epoch: [39/40], Step: [301/782], Loss: 0.3006904721260071
Rank:0 Epoch: [39/40], Step: [311/782], Loss: 0.21464233100414276
Rank:0 Epoch: [39/40], Step: [321/782], Loss: 0.2674410343170166
Rank:0 Epoch: [39/40], Step: [331/782], Loss: 0.3038122057914734
Rank:0 Epoch: [39/40], Step: [341/782], Loss: 0.21173317730426788
Rank:0 Epoch: [39/40], Step: [351/782], Loss: 0.17307913303375244
Rank:0 Epoch: [39/40], Step: [361/782], Loss: 0.07557216286659241
Rank:0 Epoch: [39/40], Step: [371/782], Loss: 0.09080171585083008
Rank:0 Epoch: [39/40], Step: [381/782], Loss: 0.2809508144855499
Rank:0 Epoch: [39/40], Step: [391/782], Loss: 0.36093246936798096
Rank:0 Epoch: [39/40], Step: [401/782], Loss: 0.1969219595193863
Rank:0 Epoch: [39/40], Step: [411/782], Loss: 0.2616036534309387
Rank:0 Epoch: [39/40], Step: [421/782], Loss: 0.16447049379348755
Rank:0 Epoch: [39/40], Step: [431/782], Loss: 0.11259560286998749
Rank:0 Epoch: [39/40], Step: [441/782], Loss: 0.3204888105392456
Rank:0 Epoch: [39/40], Step: [451/782], Loss: 0.22387085855007172
Rank:0 Epoch: [39/40], Step: [461/782], Loss: 0.22079171240329742
Rank:0 Epoch: [39/40], Step: [471/782], Loss: 0.2191634327173233
Rank:0 Epoch: [39/40], Step: [481/782], Loss: 0.276047021150589
Rank:0 Epoch: [39/40], Step: [491/782], Loss: 0.17869409918785095
Rank:0 Epoch: [39/40], Step: [501/782], Loss: 0.17144981026649475
Rank:0 Epoch: [39/40], Step: [511/782], Loss: 0.08935093879699707
Rank:0 Epoch: [39/40], Step: [521/782], Loss: 0.2897690236568451
Rank:0 Epoch: [39/40], Step: [531/782], Loss: 0.1772472858428955
Rank:0 Epoch: [39/40], Step: [541/782], Loss: 0.34079062938690186
Rank:0 Epoch: [39/40], Step: [551/782], Loss: 0.21678119897842407
Rank:0 Epoch: [39/40], Step: [561/782], Loss: 0.31520602107048035
Rank:0 Epoch: [39/40], Step: [571/782], Loss: 0.22510066628456116
Rank:0 Epoch: [39/40], Step: [581/782], Loss: 0.16724450886249542
Rank:0 Epoch: [39/40], Step: [591/782], Loss: 0.22290731966495514
Rank:0 Epoch: [39/40], Step: [601/782], Loss: 0.38799789547920227
Rank:0 Epoch: [39/40], Step: [611/782], Loss: 0.15049372613430023
Rank:0 Epoch: [39/40], Step: [621/782], Loss: 0.19131968915462494
Rank:0 Epoch: [39/40], Step: [631/782], Loss: 0.21376799046993256
Rank:0 Epoch: [39/40], Step: [641/782], Loss: 0.15553313493728638
Rank:0 Epoch: [39/40], Step: [651/782], Loss: 0.1594126671552658
Rank:0 Epoch: [39/40], Step: [661/782], Loss: 0.22605383396148682
Rank:0 Epoch: [39/40], Step: [671/782], Loss: 0.2582933008670807
Rank:0 Epoch: [39/40], Step: [681/782], Loss: 0.19360323250293732
Rank:0 Epoch: [39/40], Step: [691/782], Loss: 0.2419710010290146
Rank:0 Epoch: [39/40], Step: [701/782], Loss: 0.10160242021083832
Rank:0 Epoch: [39/40], Step: [711/782], Loss: 0.23472827672958374
Rank:0 Epoch: [39/40], Step: [721/782], Loss: 0.1538594663143158
Rank:0 Epoch: [39/40], Step: [731/782], Loss: 0.10108226537704468
Rank:0 Epoch: [39/40], Step: [741/782], Loss: 0.24947309494018555
Rank:0 Epoch: [39/40], Step: [751/782], Loss: 0.21097078919410706
Rank:0 Epoch: [39/40], Step: [761/782], Loss: 0.11563621461391449
Rank:0 Epoch: [39/40], Step: [771/782], Loss: 0.311973512172699
Rank:0 Epoch: [39/40], Step: [781/782], Loss: 0.2249068319797516
Current Test Acc: 0.8986
Rank:0 Epoch: [40/40], Step: [1/782], Loss: 0.14257219433784485
Rank:0 Epoch: [40/40], Step: [11/782], Loss: 0.18633519113063812
Rank:0 Epoch: [40/40], Step: [21/782], Loss: 0.3302300274372101
Rank:0 Epoch: [40/40], Step: [31/782], Loss: 0.22516776621341705
Rank:0 Epoch: [40/40], Step: [41/782], Loss: 0.1514742076396942
Rank:0 Epoch: [40/40], Step: [51/782], Loss: 0.16246676445007324
Rank:0 Epoch: [40/40], Step: [61/782], Loss: 0.1811751276254654
Rank:0 Epoch: [40/40], Step: [71/782], Loss: 0.10318098962306976
Rank:0 Epoch: [40/40], Step: [81/782], Loss: 0.2073684185743332
Rank:0 Epoch: [40/40], Step: [91/782], Loss: 0.18978282809257507
Rank:0 Epoch: [40/40], Step: [101/782], Loss: 0.29129692912101746
Rank:0 Epoch: [40/40], Step: [111/782], Loss: 0.21149705350399017
Rank:0 Epoch: [40/40], Step: [121/782], Loss: 0.24694718420505524
Rank:0 Epoch: [40/40], Step: [131/782], Loss: 0.13162116706371307
Rank:0 Epoch: [40/40], Step: [141/782], Loss: 0.19905413687229156
Rank:0 Epoch: [40/40], Step: [151/782], Loss: 0.2759740948677063
Rank:0 Epoch: [40/40], Step: [161/782], Loss: 0.12640412151813507
Rank:0 Epoch: [40/40], Step: [171/782], Loss: 0.15301604568958282
Rank:0 Epoch: [40/40], Step: [181/782], Loss: 0.16484828293323517
Rank:0 Epoch: [40/40], Step: [191/782], Loss: 0.28342220187187195
Rank:0 Epoch: [40/40], Step: [201/782], Loss: 0.1067633181810379
Rank:0 Epoch: [40/40], Step: [211/782], Loss: 0.13778972625732422
Rank:0 Epoch: [40/40], Step: [221/782], Loss: 0.05785652622580528
Rank:0 Epoch: [40/40], Step: [231/782], Loss: 0.34332022070884705
Rank:0 Epoch: [40/40], Step: [241/782], Loss: 0.15522342920303345
Rank:0 Epoch: [40/40], Step: [251/782], Loss: 0.22535020112991333
Rank:0 Epoch: [40/40], Step: [261/782], Loss: 0.14155684411525726
Rank:0 Epoch: [40/40], Step: [271/782], Loss: 0.17578963935375214
Rank:0 Epoch: [40/40], Step: [281/782], Loss: 0.2766991853713989
Rank:0 Epoch: [40/40], Step: [291/782], Loss: 0.13795115053653717
Rank:0 Epoch: [40/40], Step: [301/782], Loss: 0.1945265531539917
Rank:0 Epoch: [40/40], Step: [311/782], Loss: 0.22397427260875702
Rank:0 Epoch: [40/40], Step: [321/782], Loss: 0.31611955165863037
Rank:0 Epoch: [40/40], Step: [331/782], Loss: 0.11661361157894135
Rank:0 Epoch: [40/40], Step: [341/782], Loss: 0.2980293929576874
Rank:0 Epoch: [40/40], Step: [351/782], Loss: 0.2494971752166748
Rank:0 Epoch: [40/40], Step: [361/782], Loss: 0.15620772540569305
Rank:0 Epoch: [40/40], Step: [371/782], Loss: 0.2268073558807373
Rank:0 Epoch: [40/40], Step: [381/782], Loss: 0.29500365257263184
Rank:0 Epoch: [40/40], Step: [391/782], Loss: 0.21706323325634003
Rank:0 Epoch: [40/40], Step: [401/782], Loss: 0.14546503126621246
Rank:0 Epoch: [40/40], Step: [411/782], Loss: 0.19609718024730682
Rank:0 Epoch: [40/40], Step: [421/782], Loss: 0.1550319790840149
Rank:0 Epoch: [40/40], Step: [431/782], Loss: 0.12034261226654053
Rank:0 Epoch: [40/40], Step: [441/782], Loss: 0.20494817197322845
Rank:0 Epoch: [40/40], Step: [451/782], Loss: 0.25091442465782166
Rank:0 Epoch: [40/40], Step: [461/782], Loss: 0.2955072820186615
Rank:0 Epoch: [40/40], Step: [471/782], Loss: 0.3207559883594513
Rank:0 Epoch: [40/40], Step: [481/782], Loss: 0.1424676924943924
Rank:0 Epoch: [40/40], Step: [491/782], Loss: 0.3226127624511719
Rank:0 Epoch: [40/40], Step: [501/782], Loss: 0.21340744197368622
Rank:0 Epoch: [40/40], Step: [511/782], Loss: 0.18815745413303375
Rank:0 Epoch: [40/40], Step: [521/782], Loss: 0.28308844566345215
Rank:0 Epoch: [40/40], Step: [531/782], Loss: 0.18935655057430267
Rank:0 Epoch: [40/40], Step: [541/782], Loss: 0.22742758691310883
Rank:0 Epoch: [40/40], Step: [551/782], Loss: 0.3006906509399414
Rank:0 Epoch: [40/40], Step: [561/782], Loss: 0.1487618386745453
Rank:0 Epoch: [40/40], Step: [571/782], Loss: 0.13130410015583038
Rank:0 Epoch: [40/40], Step: [581/782], Loss: 0.30571305751800537
Rank:0 Epoch: [40/40], Step: [591/782], Loss: 0.216847762465477
Rank:0 Epoch: [40/40], Step: [601/782], Loss: 0.23491418361663818
Rank:0 Epoch: [40/40], Step: [611/782], Loss: 0.23511138558387756
Rank:0 Epoch: [40/40], Step: [621/782], Loss: 0.16060978174209595
Rank:0 Epoch: [40/40], Step: [631/782], Loss: 0.25519654154777527
Rank:0 Epoch: [40/40], Step: [641/782], Loss: 0.1019589751958847
Rank:0 Epoch: [40/40], Step: [651/782], Loss: 0.11613686382770538
Rank:0 Epoch: [40/40], Step: [661/782], Loss: 0.15401029586791992
Rank:0 Epoch: [40/40], Step: [671/782], Loss: 0.08941691368818283
Rank:0 Epoch: [40/40], Step: [681/782], Loss: 0.16551265120506287
Rank:0 Epoch: [40/40], Step: [691/782], Loss: 0.1658390462398529
Rank:0 Epoch: [40/40], Step: [701/782], Loss: 0.340231329202652
Rank:0 Epoch: [40/40], Step: [711/782], Loss: 0.17953160405158997
Rank:0 Epoch: [40/40], Step: [721/782], Loss: 0.2346552312374115
Rank:0 Epoch: [40/40], Step: [731/782], Loss: 0.15242227911949158
Rank:0 Epoch: [40/40], Step: [741/782], Loss: 0.15916961431503296
Rank:0 Epoch: [40/40], Step: [751/782], Loss: 0.3231278359889984
Rank:0 Epoch: [40/40], Step: [761/782], Loss: 0.16562333703041077
Rank:0 Epoch: [40/40], Step: [771/782], Loss: 0.14430798590183258
Rank:0 Epoch: [40/40], Step: [781/782], Loss: 0.13574014604091644
Current Test Acc: 0.8977
Local best accuracy so far 0.8986
Best accuracy so far 0.8986
completed!
