ddp backend: nccl, world size: 1
rank 0 train on cuda 0
Rank:0 Epoch: [1/40], Step: [1/782], Loss: 1.8988349437713623
Rank:0 Epoch: [1/40], Step: [11/782], Loss: 1.0804373025894165
Rank:0 Epoch: [1/40], Step: [21/782], Loss: 1.0955475568771362
Rank:0 Epoch: [1/40], Step: [31/782], Loss: 1.1411607265472412
Rank:0 Epoch: [1/40], Step: [41/782], Loss: 1.190818190574646
Rank:0 Epoch: [1/40], Step: [51/782], Loss: 1.4426449537277222
Rank:0 Epoch: [1/40], Step: [61/782], Loss: 0.9942150712013245
Rank:0 Epoch: [1/40], Step: [71/782], Loss: 1.156382441520691
Rank:0 Epoch: [1/40], Step: [81/782], Loss: 0.8427770733833313
Rank:0 Epoch: [1/40], Step: [91/782], Loss: 1.1619417667388916
Rank:0 Epoch: [1/40], Step: [101/782], Loss: 0.6947951316833496
Rank:0 Epoch: [1/40], Step: [111/782], Loss: 0.7275403141975403
Rank:0 Epoch: [1/40], Step: [121/782], Loss: 0.9381803870201111
Rank:0 Epoch: [1/40], Step: [131/782], Loss: 0.6736917495727539
Rank:0 Epoch: [1/40], Step: [141/782], Loss: 0.8503581285476685
Rank:0 Epoch: [1/40], Step: [151/782], Loss: 0.9847108125686646
Rank:0 Epoch: [1/40], Step: [161/782], Loss: 0.7839411497116089
Rank:0 Epoch: [1/40], Step: [171/782], Loss: 0.7916985750198364
Rank:0 Epoch: [1/40], Step: [181/782], Loss: 0.8633445501327515
Rank:0 Epoch: [1/40], Step: [191/782], Loss: 0.6217892169952393
Rank:0 Epoch: [1/40], Step: [201/782], Loss: 0.7003307938575745
Rank:0 Epoch: [1/40], Step: [211/782], Loss: 0.8680330514907837
Rank:0 Epoch: [1/40], Step: [221/782], Loss: 0.641426146030426
Rank:0 Epoch: [1/40], Step: [231/782], Loss: 1.2965114116668701
Rank:0 Epoch: [1/40], Step: [241/782], Loss: 0.7653554677963257
Rank:0 Epoch: [1/40], Step: [251/782], Loss: 0.7097687721252441
Rank:0 Epoch: [1/40], Step: [261/782], Loss: 0.9712925553321838
Rank:0 Epoch: [1/40], Step: [271/782], Loss: 0.7077290415763855
Rank:0 Epoch: [1/40], Step: [281/782], Loss: 0.5315783023834229
Rank:0 Epoch: [1/40], Step: [291/782], Loss: 0.5529578328132629
Rank:0 Epoch: [1/40], Step: [301/782], Loss: 0.8092219829559326
Rank:0 Epoch: [1/40], Step: [311/782], Loss: 0.8879716992378235
Rank:0 Epoch: [1/40], Step: [321/782], Loss: 0.43978604674339294
Rank:0 Epoch: [1/40], Step: [331/782], Loss: 0.7903845906257629
Rank:0 Epoch: [1/40], Step: [341/782], Loss: 0.5156638622283936
Rank:0 Epoch: [1/40], Step: [351/782], Loss: 0.7416539788246155
Rank:0 Epoch: [1/40], Step: [361/782], Loss: 0.5783385634422302
Rank:0 Epoch: [1/40], Step: [371/782], Loss: 0.6023613214492798
Rank:0 Epoch: [1/40], Step: [381/782], Loss: 0.5615547299385071
Rank:0 Epoch: [1/40], Step: [391/782], Loss: 0.47159236669540405
Rank:0 Epoch: [1/40], Step: [401/782], Loss: 0.6819946765899658
Rank:0 Epoch: [1/40], Step: [411/782], Loss: 0.5884835124015808
Rank:0 Epoch: [1/40], Step: [421/782], Loss: 0.5258798003196716
Rank:0 Epoch: [1/40], Step: [431/782], Loss: 0.5901973843574524
Rank:0 Epoch: [1/40], Step: [441/782], Loss: 0.7589921951293945
Rank:0 Epoch: [1/40], Step: [451/782], Loss: 0.4878007471561432
Rank:0 Epoch: [1/40], Step: [461/782], Loss: 0.5511376857757568
Rank:0 Epoch: [1/40], Step: [471/782], Loss: 0.488728791475296
Rank:0 Epoch: [1/40], Step: [481/782], Loss: 0.8647688031196594
Rank:0 Epoch: [1/40], Step: [491/782], Loss: 0.5671323537826538
Rank:0 Epoch: [1/40], Step: [501/782], Loss: 0.753535270690918
Rank:0 Epoch: [1/40], Step: [511/782], Loss: 0.29260721802711487
Rank:0 Epoch: [1/40], Step: [521/782], Loss: 0.4225713610649109
Rank:0 Epoch: [1/40], Step: [531/782], Loss: 0.6994561553001404
Rank:0 Epoch: [1/40], Step: [541/782], Loss: 0.5293185114860535
Rank:0 Epoch: [1/40], Step: [551/782], Loss: 0.48915693163871765
Rank:0 Epoch: [1/40], Step: [561/782], Loss: 0.3673599064350128
Rank:0 Epoch: [1/40], Step: [571/782], Loss: 0.597247838973999
Rank:0 Epoch: [1/40], Step: [581/782], Loss: 0.7949342727661133
Rank:0 Epoch: [1/40], Step: [591/782], Loss: 0.4636286199092865
Rank:0 Epoch: [1/40], Step: [601/782], Loss: 0.5607619285583496
Rank:0 Epoch: [1/40], Step: [611/782], Loss: 0.6068785190582275
Rank:0 Epoch: [1/40], Step: [621/782], Loss: 0.6662887334823608
Rank:0 Epoch: [1/40], Step: [631/782], Loss: 0.5431214570999146
Rank:0 Epoch: [1/40], Step: [641/782], Loss: 0.5031512379646301
Rank:0 Epoch: [1/40], Step: [651/782], Loss: 0.7213398218154907
Rank:0 Epoch: [1/40], Step: [661/782], Loss: 0.6641301512718201
Rank:0 Epoch: [1/40], Step: [671/782], Loss: 0.5120293498039246
Rank:0 Epoch: [1/40], Step: [681/782], Loss: 0.4708921015262604
Rank:0 Epoch: [1/40], Step: [691/782], Loss: 0.44986268877983093
Rank:0 Epoch: [1/40], Step: [701/782], Loss: 0.6613808870315552
Rank:0 Epoch: [1/40], Step: [711/782], Loss: 0.3969610035419464
Rank:0 Epoch: [1/40], Step: [721/782], Loss: 0.4970757067203522
Rank:0 Epoch: [1/40], Step: [731/782], Loss: 0.4232444167137146
Rank:0 Epoch: [1/40], Step: [741/782], Loss: 0.39144638180732727
Rank:0 Epoch: [1/40], Step: [751/782], Loss: 0.47123146057128906
Rank:0 Epoch: [1/40], Step: [761/782], Loss: 0.5194051265716553
Rank:0 Epoch: [1/40], Step: [771/782], Loss: 0.5173832774162292
Rank:0 Epoch: [1/40], Step: [781/782], Loss: 0.5387555360794067
Current Test Acc: 0.7854
Rank:0 Epoch: [2/40], Step: [1/782], Loss: 0.4390740692615509
Rank:0 Epoch: [2/40], Step: [11/782], Loss: 0.415422260761261
Rank:0 Epoch: [2/40], Step: [21/782], Loss: 0.13426806032657623
Rank:0 Epoch: [2/40], Step: [31/782], Loss: 0.4669823944568634
Rank:0 Epoch: [2/40], Step: [41/782], Loss: 0.3345947861671448
Rank:0 Epoch: [2/40], Step: [51/782], Loss: 0.3888842761516571
Rank:0 Epoch: [2/40], Step: [61/782], Loss: 0.3419499695301056
Rank:0 Epoch: [2/40], Step: [71/782], Loss: 0.6961818337440491
Rank:0 Epoch: [2/40], Step: [81/782], Loss: 0.5945931673049927
Rank:0 Epoch: [2/40], Step: [91/782], Loss: 0.7059893608093262
Rank:0 Epoch: [2/40], Step: [101/782], Loss: 0.3839915990829468
Rank:0 Epoch: [2/40], Step: [111/782], Loss: 0.46926039457321167
Rank:0 Epoch: [2/40], Step: [121/782], Loss: 0.46070927381515503
Rank:0 Epoch: [2/40], Step: [131/782], Loss: 0.3230595290660858
Rank:0 Epoch: [2/40], Step: [141/782], Loss: 0.4019237160682678
Rank:0 Epoch: [2/40], Step: [151/782], Loss: 0.6566960215568542
Rank:0 Epoch: [2/40], Step: [161/782], Loss: 0.42931345105171204
Rank:0 Epoch: [2/40], Step: [171/782], Loss: 0.3503988981246948
Rank:0 Epoch: [2/40], Step: [181/782], Loss: 0.6042852997779846
Rank:0 Epoch: [2/40], Step: [191/782], Loss: 0.7066607475280762
Rank:0 Epoch: [2/40], Step: [201/782], Loss: 0.34628504514694214
Rank:0 Epoch: [2/40], Step: [211/782], Loss: 0.5192685723304749
Rank:0 Epoch: [2/40], Step: [221/782], Loss: 0.47644272446632385
Rank:0 Epoch: [2/40], Step: [231/782], Loss: 0.5542665123939514
Rank:0 Epoch: [2/40], Step: [241/782], Loss: 0.37192514538764954
Rank:0 Epoch: [2/40], Step: [251/782], Loss: 0.5027930736541748
Rank:0 Epoch: [2/40], Step: [261/782], Loss: 0.3496546149253845
Rank:0 Epoch: [2/40], Step: [271/782], Loss: 0.4084712266921997
Rank:0 Epoch: [2/40], Step: [281/782], Loss: 0.46307581663131714
Rank:0 Epoch: [2/40], Step: [291/782], Loss: 0.4291355609893799
Rank:0 Epoch: [2/40], Step: [301/782], Loss: 0.34902071952819824
Rank:0 Epoch: [2/40], Step: [311/782], Loss: 0.37267759442329407
Rank:0 Epoch: [2/40], Step: [321/782], Loss: 0.5416346192359924
Rank:0 Epoch: [2/40], Step: [331/782], Loss: 0.9664453864097595
Rank:0 Epoch: [2/40], Step: [341/782], Loss: 0.4580354392528534
Rank:0 Epoch: [2/40], Step: [351/782], Loss: 0.27070850133895874
Rank:0 Epoch: [2/40], Step: [361/782], Loss: 0.550789475440979
Rank:0 Epoch: [2/40], Step: [371/782], Loss: 0.30058905482292175
Rank:0 Epoch: [2/40], Step: [381/782], Loss: 0.3303791880607605
Rank:0 Epoch: [2/40], Step: [391/782], Loss: 0.4039062559604645
Rank:0 Epoch: [2/40], Step: [401/782], Loss: 0.9098203182220459
Rank:0 Epoch: [2/40], Step: [411/782], Loss: 0.342399537563324
Rank:0 Epoch: [2/40], Step: [421/782], Loss: 0.480962872505188
Rank:0 Epoch: [2/40], Step: [431/782], Loss: 0.5946031808853149
Rank:0 Epoch: [2/40], Step: [441/782], Loss: 0.6497682332992554
Rank:0 Epoch: [2/40], Step: [451/782], Loss: 0.6153276562690735
Rank:0 Epoch: [2/40], Step: [461/782], Loss: 0.44637811183929443
Rank:0 Epoch: [2/40], Step: [471/782], Loss: 0.5535343289375305
Rank:0 Epoch: [2/40], Step: [481/782], Loss: 0.5406991243362427
Rank:0 Epoch: [2/40], Step: [491/782], Loss: 0.3588869571685791
Rank:0 Epoch: [2/40], Step: [501/782], Loss: 0.40924540162086487
Rank:0 Epoch: [2/40], Step: [511/782], Loss: 0.4856848418712616
Rank:0 Epoch: [2/40], Step: [521/782], Loss: 0.20047840476036072
Rank:0 Epoch: [2/40], Step: [531/782], Loss: 0.42290860414505005
Rank:0 Epoch: [2/40], Step: [541/782], Loss: 0.3585596978664398
Rank:0 Epoch: [2/40], Step: [551/782], Loss: 0.39730268716812134
Rank:0 Epoch: [2/40], Step: [561/782], Loss: 0.3495531678199768
Rank:0 Epoch: [2/40], Step: [571/782], Loss: 0.35279381275177
Rank:0 Epoch: [2/40], Step: [581/782], Loss: 0.2784042954444885
Rank:0 Epoch: [2/40], Step: [591/782], Loss: 0.4842917323112488
Rank:0 Epoch: [2/40], Step: [601/782], Loss: 0.43094775080680847
Rank:0 Epoch: [2/40], Step: [611/782], Loss: 0.3493395745754242
Rank:0 Epoch: [2/40], Step: [621/782], Loss: 0.3387078046798706
Rank:0 Epoch: [2/40], Step: [631/782], Loss: 0.45347028970718384
Rank:0 Epoch: [2/40], Step: [641/782], Loss: 0.3102324604988098
Rank:0 Epoch: [2/40], Step: [651/782], Loss: 0.5350968241691589
Rank:0 Epoch: [2/40], Step: [661/782], Loss: 0.29962000250816345
Rank:0 Epoch: [2/40], Step: [671/782], Loss: 0.5248223543167114
Rank:0 Epoch: [2/40], Step: [681/782], Loss: 0.21175888180732727
Rank:0 Epoch: [2/40], Step: [691/782], Loss: 0.3953581750392914
Rank:0 Epoch: [2/40], Step: [701/782], Loss: 0.4071490466594696
Rank:0 Epoch: [2/40], Step: [711/782], Loss: 0.5753794312477112
Rank:0 Epoch: [2/40], Step: [721/782], Loss: 0.37089070677757263
Rank:0 Epoch: [2/40], Step: [731/782], Loss: 0.19088943302631378
Rank:0 Epoch: [2/40], Step: [741/782], Loss: 0.42273053526878357
Rank:0 Epoch: [2/40], Step: [751/782], Loss: 0.3016999661922455
Rank:0 Epoch: [2/40], Step: [761/782], Loss: 0.6161757111549377
Rank:0 Epoch: [2/40], Step: [771/782], Loss: 0.296491801738739
Rank:0 Epoch: [2/40], Step: [781/782], Loss: 0.3659832179546356
Current Test Acc: 0.8316
Rank:0 Epoch: [3/40], Step: [1/782], Loss: 0.5048250555992126
Rank:0 Epoch: [3/40], Step: [11/782], Loss: 0.4423152804374695
Rank:0 Epoch: [3/40], Step: [21/782], Loss: 0.21767930686473846
Rank:0 Epoch: [3/40], Step: [31/782], Loss: 0.27920934557914734
Rank:0 Epoch: [3/40], Step: [41/782], Loss: 0.2905399203300476
Rank:0 Epoch: [3/40], Step: [51/782], Loss: 0.41551482677459717
Rank:0 Epoch: [3/40], Step: [61/782], Loss: 0.5641738772392273
Rank:0 Epoch: [3/40], Step: [71/782], Loss: 0.42143169045448303
Rank:0 Epoch: [3/40], Step: [81/782], Loss: 0.37236908078193665
Rank:0 Epoch: [3/40], Step: [91/782], Loss: 0.6159130930900574
Rank:0 Epoch: [3/40], Step: [101/782], Loss: 0.5449058413505554
Rank:0 Epoch: [3/40], Step: [111/782], Loss: 0.3773076832294464
Rank:0 Epoch: [3/40], Step: [121/782], Loss: 0.19222739338874817
Rank:0 Epoch: [3/40], Step: [131/782], Loss: 0.223425954580307
Rank:0 Epoch: [3/40], Step: [141/782], Loss: 0.3617749512195587
Rank:0 Epoch: [3/40], Step: [151/782], Loss: 0.27192720770835876
Rank:0 Epoch: [3/40], Step: [161/782], Loss: 0.31007444858551025
Rank:0 Epoch: [3/40], Step: [171/782], Loss: 0.1873319149017334
Rank:0 Epoch: [3/40], Step: [181/782], Loss: 0.4883175790309906
Rank:0 Epoch: [3/40], Step: [191/782], Loss: 0.3306964635848999
Rank:0 Epoch: [3/40], Step: [201/782], Loss: 0.31019195914268494
Rank:0 Epoch: [3/40], Step: [211/782], Loss: 0.3396243453025818
Rank:0 Epoch: [3/40], Step: [221/782], Loss: 0.3487398028373718
Rank:0 Epoch: [3/40], Step: [231/782], Loss: 0.638275146484375
Rank:0 Epoch: [3/40], Step: [241/782], Loss: 0.3548806309700012
Rank:0 Epoch: [3/40], Step: [251/782], Loss: 0.32293882966041565
Rank:0 Epoch: [3/40], Step: [261/782], Loss: 0.43344345688819885
Rank:0 Epoch: [3/40], Step: [271/782], Loss: 0.4636426270008087
Rank:0 Epoch: [3/40], Step: [281/782], Loss: 0.310846209526062
Rank:0 Epoch: [3/40], Step: [291/782], Loss: 0.33894428610801697
Rank:0 Epoch: [3/40], Step: [301/782], Loss: 0.4968620240688324
Rank:0 Epoch: [3/40], Step: [311/782], Loss: 0.6285842657089233
Rank:0 Epoch: [3/40], Step: [321/782], Loss: 0.2776710093021393
Rank:0 Epoch: [3/40], Step: [331/782], Loss: 0.48259055614471436
Rank:0 Epoch: [3/40], Step: [341/782], Loss: 0.6004908084869385
Rank:0 Epoch: [3/40], Step: [351/782], Loss: 0.21614930033683777
Rank:0 Epoch: [3/40], Step: [361/782], Loss: 0.2833269238471985
Rank:0 Epoch: [3/40], Step: [371/782], Loss: 0.39717039465904236
Rank:0 Epoch: [3/40], Step: [381/782], Loss: 0.44650083780288696
Rank:0 Epoch: [3/40], Step: [391/782], Loss: 0.2798376977443695
Rank:0 Epoch: [3/40], Step: [401/782], Loss: 0.47042596340179443
Rank:0 Epoch: [3/40], Step: [411/782], Loss: 0.5262811779975891
Rank:0 Epoch: [3/40], Step: [421/782], Loss: 0.4579311013221741
Rank:0 Epoch: [3/40], Step: [431/782], Loss: 0.5480020046234131
Rank:0 Epoch: [3/40], Step: [441/782], Loss: 0.5350967049598694
Rank:0 Epoch: [3/40], Step: [451/782], Loss: 0.27608972787857056
Rank:0 Epoch: [3/40], Step: [461/782], Loss: 0.25338804721832275
Rank:0 Epoch: [3/40], Step: [471/782], Loss: 0.3021920621395111
Rank:0 Epoch: [3/40], Step: [481/782], Loss: 0.7201937437057495
Rank:0 Epoch: [3/40], Step: [491/782], Loss: 0.4715487062931061
Rank:0 Epoch: [3/40], Step: [501/782], Loss: 0.40307506918907166
Rank:0 Epoch: [3/40], Step: [511/782], Loss: 0.33877474069595337
Rank:0 Epoch: [3/40], Step: [521/782], Loss: 0.45709362626075745
Rank:0 Epoch: [3/40], Step: [531/782], Loss: 0.32532262802124023
Rank:0 Epoch: [3/40], Step: [541/782], Loss: 0.453961044549942
Rank:0 Epoch: [3/40], Step: [551/782], Loss: 0.20552127063274384
Rank:0 Epoch: [3/40], Step: [561/782], Loss: 0.3992631137371063
Rank:0 Epoch: [3/40], Step: [571/782], Loss: 0.6432123780250549
Rank:0 Epoch: [3/40], Step: [581/782], Loss: 0.3384498059749603
Rank:0 Epoch: [3/40], Step: [591/782], Loss: 0.4371906518936157
Rank:0 Epoch: [3/40], Step: [601/782], Loss: 0.46718883514404297
Rank:0 Epoch: [3/40], Step: [611/782], Loss: 0.290137380361557
Rank:0 Epoch: [3/40], Step: [621/782], Loss: 0.4582028388977051
Rank:0 Epoch: [3/40], Step: [631/782], Loss: 0.5609625577926636
Rank:0 Epoch: [3/40], Step: [641/782], Loss: 0.274888813495636
Rank:0 Epoch: [3/40], Step: [651/782], Loss: 0.31289562582969666
Rank:0 Epoch: [3/40], Step: [661/782], Loss: 0.2998063564300537
Rank:0 Epoch: [3/40], Step: [671/782], Loss: 0.43861013650894165
Rank:0 Epoch: [3/40], Step: [681/782], Loss: 0.32208889722824097
Rank:0 Epoch: [3/40], Step: [691/782], Loss: 0.5518975853919983
Rank:0 Epoch: [3/40], Step: [701/782], Loss: 0.4216349720954895
Rank:0 Epoch: [3/40], Step: [711/782], Loss: 0.3096514344215393
Rank:0 Epoch: [3/40], Step: [721/782], Loss: 0.36573711037635803
Rank:0 Epoch: [3/40], Step: [731/782], Loss: 0.3145274221897125
Rank:0 Epoch: [3/40], Step: [741/782], Loss: 0.6578556895256042
Rank:0 Epoch: [3/40], Step: [751/782], Loss: 0.4417695105075836
Rank:0 Epoch: [3/40], Step: [761/782], Loss: 0.31560248136520386
Rank:0 Epoch: [3/40], Step: [771/782], Loss: 0.530598521232605
Rank:0 Epoch: [3/40], Step: [781/782], Loss: 0.37539151310920715
Current Test Acc: 0.8413
Rank:0 Epoch: [4/40], Step: [1/782], Loss: 0.4176064133644104
Rank:0 Epoch: [4/40], Step: [11/782], Loss: 0.5115755796432495
Rank:0 Epoch: [4/40], Step: [21/782], Loss: 0.7283900380134583
Rank:0 Epoch: [4/40], Step: [31/782], Loss: 0.3139299154281616
Rank:0 Epoch: [4/40], Step: [41/782], Loss: 0.3486602008342743
Rank:0 Epoch: [4/40], Step: [51/782], Loss: 0.37029337882995605
Rank:0 Epoch: [4/40], Step: [61/782], Loss: 0.40145641565322876
Rank:0 Epoch: [4/40], Step: [71/782], Loss: 0.3176763653755188
Rank:0 Epoch: [4/40], Step: [81/782], Loss: 0.36655697226524353
Rank:0 Epoch: [4/40], Step: [91/782], Loss: 0.41861817240715027
Rank:0 Epoch: [4/40], Step: [101/782], Loss: 0.41619986295700073
Rank:0 Epoch: [4/40], Step: [111/782], Loss: 0.3826104700565338
Rank:0 Epoch: [4/40], Step: [121/782], Loss: 0.22882887721061707
Rank:0 Epoch: [4/40], Step: [131/782], Loss: 0.33078470826148987
Rank:0 Epoch: [4/40], Step: [141/782], Loss: 0.21522307395935059
Rank:0 Epoch: [4/40], Step: [151/782], Loss: 0.487347811460495
Rank:0 Epoch: [4/40], Step: [161/782], Loss: 0.645281195640564
Rank:0 Epoch: [4/40], Step: [171/782], Loss: 0.4057140350341797
Rank:0 Epoch: [4/40], Step: [181/782], Loss: 0.40220654010772705
Rank:0 Epoch: [4/40], Step: [191/782], Loss: 0.35114359855651855
Rank:0 Epoch: [4/40], Step: [201/782], Loss: 0.16916602849960327
Rank:0 Epoch: [4/40], Step: [211/782], Loss: 0.6154705286026001
Rank:0 Epoch: [4/40], Step: [221/782], Loss: 0.27221789956092834
Rank:0 Epoch: [4/40], Step: [231/782], Loss: 0.3548491895198822
Rank:0 Epoch: [4/40], Step: [241/782], Loss: 0.24454092979431152
Rank:0 Epoch: [4/40], Step: [251/782], Loss: 0.33974698185920715
Rank:0 Epoch: [4/40], Step: [261/782], Loss: 0.2680875062942505
Rank:0 Epoch: [4/40], Step: [271/782], Loss: 0.43115007877349854
Rank:0 Epoch: [4/40], Step: [281/782], Loss: 0.17332907021045685
Rank:0 Epoch: [4/40], Step: [291/782], Loss: 0.30288204550743103
Rank:0 Epoch: [4/40], Step: [301/782], Loss: 0.6876160502433777
Rank:0 Epoch: [4/40], Step: [311/782], Loss: 0.26261797547340393
Rank:0 Epoch: [4/40], Step: [321/782], Loss: 0.4914593994617462
Rank:0 Epoch: [4/40], Step: [331/782], Loss: 0.26248639822006226
Rank:0 Epoch: [4/40], Step: [341/782], Loss: 0.3318465054035187
Rank:0 Epoch: [4/40], Step: [351/782], Loss: 0.2410697340965271
Rank:0 Epoch: [4/40], Step: [361/782], Loss: 0.3969755470752716
Rank:0 Epoch: [4/40], Step: [371/782], Loss: 0.36741626262664795
Rank:0 Epoch: [4/40], Step: [381/782], Loss: 0.484053373336792
Rank:0 Epoch: [4/40], Step: [391/782], Loss: 0.4176865220069885
Rank:0 Epoch: [4/40], Step: [401/782], Loss: 0.2992599606513977
Rank:0 Epoch: [4/40], Step: [411/782], Loss: 0.3352959156036377
Rank:0 Epoch: [4/40], Step: [421/782], Loss: 0.41280895471572876
Rank:0 Epoch: [4/40], Step: [431/782], Loss: 0.6211644411087036
Rank:0 Epoch: [4/40], Step: [441/782], Loss: 0.532099723815918
Rank:0 Epoch: [4/40], Step: [451/782], Loss: 0.2815438508987427
Rank:0 Epoch: [4/40], Step: [461/782], Loss: 0.34403783082962036
Rank:0 Epoch: [4/40], Step: [471/782], Loss: 0.5053866505622864
Rank:0 Epoch: [4/40], Step: [481/782], Loss: 0.502312183380127
Rank:0 Epoch: [4/40], Step: [491/782], Loss: 0.20315077900886536
Rank:0 Epoch: [4/40], Step: [501/782], Loss: 0.3865968585014343
Rank:0 Epoch: [4/40], Step: [511/782], Loss: 0.21829667687416077
Rank:0 Epoch: [4/40], Step: [521/782], Loss: 0.4136050343513489
Rank:0 Epoch: [4/40], Step: [531/782], Loss: 0.4750656485557556
Rank:0 Epoch: [4/40], Step: [541/782], Loss: 0.3775486946105957
Rank:0 Epoch: [4/40], Step: [551/782], Loss: 0.5231931209564209
Rank:0 Epoch: [4/40], Step: [561/782], Loss: 0.390898197889328
Rank:0 Epoch: [4/40], Step: [571/782], Loss: 0.2036857306957245
Rank:0 Epoch: [4/40], Step: [581/782], Loss: 0.25105020403862
Rank:0 Epoch: [4/40], Step: [591/782], Loss: 0.3095761239528656
Rank:0 Epoch: [4/40], Step: [601/782], Loss: 0.39431577920913696
Rank:0 Epoch: [4/40], Step: [611/782], Loss: 0.29969522356987
Rank:0 Epoch: [4/40], Step: [621/782], Loss: 0.22624197602272034
Rank:0 Epoch: [4/40], Step: [631/782], Loss: 0.41350534558296204
Rank:0 Epoch: [4/40], Step: [641/782], Loss: 0.2688766419887543
Rank:0 Epoch: [4/40], Step: [651/782], Loss: 0.4408112168312073
Rank:0 Epoch: [4/40], Step: [661/782], Loss: 0.41267552971839905
Rank:0 Epoch: [4/40], Step: [671/782], Loss: 0.31296494603157043
Rank:0 Epoch: [4/40], Step: [681/782], Loss: 0.3387724459171295
Rank:0 Epoch: [4/40], Step: [691/782], Loss: 0.5859732627868652
Rank:0 Epoch: [4/40], Step: [701/782], Loss: 0.4364890158176422
Rank:0 Epoch: [4/40], Step: [711/782], Loss: 0.3595675230026245
Rank:0 Epoch: [4/40], Step: [721/782], Loss: 0.2412167340517044
Rank:0 Epoch: [4/40], Step: [731/782], Loss: 0.6084935069084167
Rank:0 Epoch: [4/40], Step: [741/782], Loss: 0.4872952997684479
Rank:0 Epoch: [4/40], Step: [751/782], Loss: 0.5195451974868774
Rank:0 Epoch: [4/40], Step: [761/782], Loss: 0.46460869908332825
Rank:0 Epoch: [4/40], Step: [771/782], Loss: 0.291032999753952
Rank:0 Epoch: [4/40], Step: [781/782], Loss: 0.3308354914188385
Current Test Acc: 0.8493
Rank:0 Epoch: [5/40], Step: [1/782], Loss: 0.4873195290565491
Rank:0 Epoch: [5/40], Step: [11/782], Loss: 0.6291208863258362
Rank:0 Epoch: [5/40], Step: [21/782], Loss: 0.3700665533542633
Rank:0 Epoch: [5/40], Step: [31/782], Loss: 0.2050737887620926
Rank:0 Epoch: [5/40], Step: [41/782], Loss: 0.20256201922893524
Rank:0 Epoch: [5/40], Step: [51/782], Loss: 0.37993717193603516
Rank:0 Epoch: [5/40], Step: [61/782], Loss: 0.2862947881221771
Rank:0 Epoch: [5/40], Step: [71/782], Loss: 0.544299304485321
Rank:0 Epoch: [5/40], Step: [81/782], Loss: 0.324944406747818
Rank:0 Epoch: [5/40], Step: [91/782], Loss: 0.3373599648475647
Rank:0 Epoch: [5/40], Step: [101/782], Loss: 0.5347818732261658
Rank:0 Epoch: [5/40], Step: [111/782], Loss: 0.34380584955215454
Rank:0 Epoch: [5/40], Step: [121/782], Loss: 0.3838343024253845
Rank:0 Epoch: [5/40], Step: [131/782], Loss: 0.3948591351509094
Rank:0 Epoch: [5/40], Step: [141/782], Loss: 0.2908248007297516
Rank:0 Epoch: [5/40], Step: [151/782], Loss: 0.41119372844696045
Rank:0 Epoch: [5/40], Step: [161/782], Loss: 0.2127676159143448
Rank:0 Epoch: [5/40], Step: [171/782], Loss: 0.21965478360652924
Rank:0 Epoch: [5/40], Step: [181/782], Loss: 0.1992865800857544
Rank:0 Epoch: [5/40], Step: [191/782], Loss: 0.26137951016426086
Rank:0 Epoch: [5/40], Step: [201/782], Loss: 0.5717947483062744
Rank:0 Epoch: [5/40], Step: [211/782], Loss: 0.430256724357605
Rank:0 Epoch: [5/40], Step: [221/782], Loss: 0.25045663118362427
Rank:0 Epoch: [5/40], Step: [231/782], Loss: 0.38403862714767456
Rank:0 Epoch: [5/40], Step: [241/782], Loss: 0.4570041298866272
Rank:0 Epoch: [5/40], Step: [251/782], Loss: 0.24055363237857819
Rank:0 Epoch: [5/40], Step: [261/782], Loss: 0.33308500051498413
Rank:0 Epoch: [5/40], Step: [271/782], Loss: 0.3109257221221924
Rank:0 Epoch: [5/40], Step: [281/782], Loss: 0.2532702684402466
Rank:0 Epoch: [5/40], Step: [291/782], Loss: 0.21597863733768463
Rank:0 Epoch: [5/40], Step: [301/782], Loss: 0.37585923075675964
Rank:0 Epoch: [5/40], Step: [311/782], Loss: 0.3210352063179016
Rank:0 Epoch: [5/40], Step: [321/782], Loss: 0.24891196191310883
Rank:0 Epoch: [5/40], Step: [331/782], Loss: 0.24978941679000854
Rank:0 Epoch: [5/40], Step: [341/782], Loss: 0.3182393014431
Rank:0 Epoch: [5/40], Step: [351/782], Loss: 0.3347296118736267
Rank:0 Epoch: [5/40], Step: [361/782], Loss: 0.5031227469444275
Rank:0 Epoch: [5/40], Step: [371/782], Loss: 0.3166220486164093
Rank:0 Epoch: [5/40], Step: [381/782], Loss: 0.30323171615600586
Rank:0 Epoch: [5/40], Step: [391/782], Loss: 0.27805542945861816
Rank:0 Epoch: [5/40], Step: [401/782], Loss: 0.45859983563423157
Rank:0 Epoch: [5/40], Step: [411/782], Loss: 0.3427436351776123
Rank:0 Epoch: [5/40], Step: [421/782], Loss: 0.4863663911819458
Rank:0 Epoch: [5/40], Step: [431/782], Loss: 0.3664911389350891
Rank:0 Epoch: [5/40], Step: [441/782], Loss: 0.299567312002182
Rank:0 Epoch: [5/40], Step: [451/782], Loss: 0.6119198203086853
Rank:0 Epoch: [5/40], Step: [461/782], Loss: 0.39963141083717346
Rank:0 Epoch: [5/40], Step: [471/782], Loss: 0.39835125207901
Rank:0 Epoch: [5/40], Step: [481/782], Loss: 0.5072370171546936
Rank:0 Epoch: [5/40], Step: [491/782], Loss: 0.43058276176452637
Rank:0 Epoch: [5/40], Step: [501/782], Loss: 0.5384033918380737
Rank:0 Epoch: [5/40], Step: [511/782], Loss: 0.33698657155036926
Rank:0 Epoch: [5/40], Step: [521/782], Loss: 0.23038160800933838
Rank:0 Epoch: [5/40], Step: [531/782], Loss: 0.1842055767774582
Rank:0 Epoch: [5/40], Step: [541/782], Loss: 0.440447062253952
Rank:0 Epoch: [5/40], Step: [551/782], Loss: 0.3795848786830902
Rank:0 Epoch: [5/40], Step: [561/782], Loss: 0.4486372768878937
Rank:0 Epoch: [5/40], Step: [571/782], Loss: 0.24697239696979523
Rank:0 Epoch: [5/40], Step: [581/782], Loss: 0.3992748260498047
Rank:0 Epoch: [5/40], Step: [591/782], Loss: 0.45176994800567627
Rank:0 Epoch: [5/40], Step: [601/782], Loss: 0.3418968915939331
Rank:0 Epoch: [5/40], Step: [611/782], Loss: 0.34266483783721924
Rank:0 Epoch: [5/40], Step: [621/782], Loss: 0.29344072937965393
Rank:0 Epoch: [5/40], Step: [631/782], Loss: 0.28636857867240906
Rank:0 Epoch: [5/40], Step: [641/782], Loss: 0.6307069659233093
Rank:0 Epoch: [5/40], Step: [651/782], Loss: 0.279889851808548
Rank:0 Epoch: [5/40], Step: [661/782], Loss: 0.39880436658859253
Rank:0 Epoch: [5/40], Step: [671/782], Loss: 0.6897253394126892
Rank:0 Epoch: [5/40], Step: [681/782], Loss: 0.2498299479484558
Rank:0 Epoch: [5/40], Step: [691/782], Loss: 0.28553807735443115
Rank:0 Epoch: [5/40], Step: [701/782], Loss: 0.2538883090019226
Rank:0 Epoch: [5/40], Step: [711/782], Loss: 0.21811851859092712
Rank:0 Epoch: [5/40], Step: [721/782], Loss: 0.3265759348869324
Rank:0 Epoch: [5/40], Step: [731/782], Loss: 0.25568121671676636
Rank:0 Epoch: [5/40], Step: [741/782], Loss: 0.4813515245914459
Rank:0 Epoch: [5/40], Step: [751/782], Loss: 0.37578651309013367
Rank:0 Epoch: [5/40], Step: [761/782], Loss: 0.3351852595806122
Rank:0 Epoch: [5/40], Step: [771/782], Loss: 0.3998391628265381
Rank:0 Epoch: [5/40], Step: [781/782], Loss: 0.3852095901966095
Current Test Acc: 0.8318
Rank:0 Epoch: [6/40], Step: [1/782], Loss: 0.15781384706497192
Rank:0 Epoch: [6/40], Step: [11/782], Loss: 0.31521186232566833
Rank:0 Epoch: [6/40], Step: [21/782], Loss: 0.3271012306213379
Rank:0 Epoch: [6/40], Step: [31/782], Loss: 0.13638901710510254
Rank:0 Epoch: [6/40], Step: [41/782], Loss: 0.37160128355026245
Rank:0 Epoch: [6/40], Step: [51/782], Loss: 0.31027573347091675
Rank:0 Epoch: [6/40], Step: [61/782], Loss: 0.11339724808931351
Rank:0 Epoch: [6/40], Step: [71/782], Loss: 0.16767790913581848
Rank:0 Epoch: [6/40], Step: [81/782], Loss: 0.24193556606769562
Rank:0 Epoch: [6/40], Step: [91/782], Loss: 0.30537644028663635
Rank:0 Epoch: [6/40], Step: [101/782], Loss: 0.289672315120697
Rank:0 Epoch: [6/40], Step: [111/782], Loss: 0.29594549536705017
Rank:0 Epoch: [6/40], Step: [121/782], Loss: 0.2439408004283905
Rank:0 Epoch: [6/40], Step: [131/782], Loss: 0.47008395195007324
Rank:0 Epoch: [6/40], Step: [141/782], Loss: 0.38280779123306274
Rank:0 Epoch: [6/40], Step: [151/782], Loss: 0.23126575350761414
Rank:0 Epoch: [6/40], Step: [161/782], Loss: 0.2502535283565521
Rank:0 Epoch: [6/40], Step: [171/782], Loss: 0.35237985849380493
Rank:0 Epoch: [6/40], Step: [181/782], Loss: 0.24346210062503815
Rank:0 Epoch: [6/40], Step: [191/782], Loss: 0.4127048850059509
Rank:0 Epoch: [6/40], Step: [201/782], Loss: 0.2781012952327728
Rank:0 Epoch: [6/40], Step: [211/782], Loss: 0.3272215723991394
Rank:0 Epoch: [6/40], Step: [221/782], Loss: 0.2277393490076065
Rank:0 Epoch: [6/40], Step: [231/782], Loss: 0.4009930193424225
Rank:0 Epoch: [6/40], Step: [241/782], Loss: 0.16879698634147644
Rank:0 Epoch: [6/40], Step: [251/782], Loss: 0.22779767215251923
Rank:0 Epoch: [6/40], Step: [261/782], Loss: 0.32661569118499756
Rank:0 Epoch: [6/40], Step: [271/782], Loss: 0.38344117999076843
Rank:0 Epoch: [6/40], Step: [281/782], Loss: 0.2857103943824768
Rank:0 Epoch: [6/40], Step: [291/782], Loss: 0.22902841866016388
Rank:0 Epoch: [6/40], Step: [301/782], Loss: 0.1352376639842987
Rank:0 Epoch: [6/40], Step: [311/782], Loss: 0.33907562494277954
Rank:0 Epoch: [6/40], Step: [321/782], Loss: 0.26153290271759033
Rank:0 Epoch: [6/40], Step: [331/782], Loss: 0.17127716541290283
Rank:0 Epoch: [6/40], Step: [341/782], Loss: 0.18677222728729248
Rank:0 Epoch: [6/40], Step: [351/782], Loss: 0.16153737902641296
Rank:0 Epoch: [6/40], Step: [361/782], Loss: 0.22291530668735504
Rank:0 Epoch: [6/40], Step: [371/782], Loss: 0.44930344820022583
Rank:0 Epoch: [6/40], Step: [381/782], Loss: 0.3177013099193573
Rank:0 Epoch: [6/40], Step: [391/782], Loss: 0.28880545496940613
Rank:0 Epoch: [6/40], Step: [401/782], Loss: 0.2575874924659729
Rank:0 Epoch: [6/40], Step: [411/782], Loss: 0.17340680956840515
Rank:0 Epoch: [6/40], Step: [421/782], Loss: 0.17221949994564056
Rank:0 Epoch: [6/40], Step: [431/782], Loss: 0.14016252756118774
Rank:0 Epoch: [6/40], Step: [441/782], Loss: 0.42190325260162354
Rank:0 Epoch: [6/40], Step: [451/782], Loss: 0.25472167134284973
Rank:0 Epoch: [6/40], Step: [461/782], Loss: 0.6847310066223145
Rank:0 Epoch: [6/40], Step: [471/782], Loss: 0.23667851090431213
Rank:0 Epoch: [6/40], Step: [481/782], Loss: 0.3267558813095093
Rank:0 Epoch: [6/40], Step: [491/782], Loss: 0.2676195204257965
Rank:0 Epoch: [6/40], Step: [501/782], Loss: 0.283120721578598
Rank:0 Epoch: [6/40], Step: [511/782], Loss: 0.3442971706390381
Rank:0 Epoch: [6/40], Step: [521/782], Loss: 0.16176822781562805
Rank:0 Epoch: [6/40], Step: [531/782], Loss: 0.45393437147140503
Rank:0 Epoch: [6/40], Step: [541/782], Loss: 0.41489478945732117
Rank:0 Epoch: [6/40], Step: [551/782], Loss: 0.25840049982070923
Rank:0 Epoch: [6/40], Step: [561/782], Loss: 0.3214903473854065
Rank:0 Epoch: [6/40], Step: [571/782], Loss: 0.267452597618103
Rank:0 Epoch: [6/40], Step: [581/782], Loss: 0.32707783579826355
Rank:0 Epoch: [6/40], Step: [591/782], Loss: 0.14798550307750702
Rank:0 Epoch: [6/40], Step: [601/782], Loss: 0.25240516662597656
Rank:0 Epoch: [6/40], Step: [611/782], Loss: 0.20347678661346436
Rank:0 Epoch: [6/40], Step: [621/782], Loss: 0.26386094093322754
Rank:0 Epoch: [6/40], Step: [631/782], Loss: 0.2236180305480957
Rank:0 Epoch: [6/40], Step: [641/782], Loss: 0.3471369743347168
Rank:0 Epoch: [6/40], Step: [651/782], Loss: 0.2609671354293823
Rank:0 Epoch: [6/40], Step: [661/782], Loss: 0.23893843591213226
Rank:0 Epoch: [6/40], Step: [671/782], Loss: 0.2295558899641037
Rank:0 Epoch: [6/40], Step: [681/782], Loss: 0.4454551637172699
Rank:0 Epoch: [6/40], Step: [691/782], Loss: 0.2937757074832916
Rank:0 Epoch: [6/40], Step: [701/782], Loss: 0.40663808584213257
Rank:0 Epoch: [6/40], Step: [711/782], Loss: 0.3698359429836273
Rank:0 Epoch: [6/40], Step: [721/782], Loss: 0.1970069706439972
Rank:0 Epoch: [6/40], Step: [731/782], Loss: 0.44038617610931396
Rank:0 Epoch: [6/40], Step: [741/782], Loss: 0.4761069118976593
Rank:0 Epoch: [6/40], Step: [751/782], Loss: 0.15841612219810486
Rank:0 Epoch: [6/40], Step: [761/782], Loss: 0.19084736704826355
Rank:0 Epoch: [6/40], Step: [771/782], Loss: 0.3228878676891327
Rank:0 Epoch: [6/40], Step: [781/782], Loss: 0.33821648359298706
Current Test Acc: 0.8541
Rank:0 Epoch: [7/40], Step: [1/782], Loss: 0.21218182146549225
Rank:0 Epoch: [7/40], Step: [11/782], Loss: 0.24268363416194916
Rank:0 Epoch: [7/40], Step: [21/782], Loss: 0.2806878089904785
Rank:0 Epoch: [7/40], Step: [31/782], Loss: 0.20882822573184967
Rank:0 Epoch: [7/40], Step: [41/782], Loss: 0.3244955539703369
Rank:0 Epoch: [7/40], Step: [51/782], Loss: 0.27463197708129883
Rank:0 Epoch: [7/40], Step: [61/782], Loss: 0.22603702545166016
Rank:0 Epoch: [7/40], Step: [71/782], Loss: 0.17188067734241486
Rank:0 Epoch: [7/40], Step: [81/782], Loss: 0.2941320538520813
Rank:0 Epoch: [7/40], Step: [91/782], Loss: 0.3311927318572998
Rank:0 Epoch: [7/40], Step: [101/782], Loss: 0.3360380232334137
Rank:0 Epoch: [7/40], Step: [111/782], Loss: 0.2692756950855255
Rank:0 Epoch: [7/40], Step: [121/782], Loss: 0.4720402956008911
Rank:0 Epoch: [7/40], Step: [131/782], Loss: 0.1732102930545807
Rank:0 Epoch: [7/40], Step: [141/782], Loss: 0.28064584732055664
Rank:0 Epoch: [7/40], Step: [151/782], Loss: 0.23751863837242126
Rank:0 Epoch: [7/40], Step: [161/782], Loss: 0.20750172436237335
Rank:0 Epoch: [7/40], Step: [171/782], Loss: 0.19733843207359314
Rank:0 Epoch: [7/40], Step: [181/782], Loss: 0.1718914806842804
Rank:0 Epoch: [7/40], Step: [191/782], Loss: 0.28916919231414795
Rank:0 Epoch: [7/40], Step: [201/782], Loss: 0.21958333253860474
Rank:0 Epoch: [7/40], Step: [211/782], Loss: 0.3627758324146271
Rank:0 Epoch: [7/40], Step: [221/782], Loss: 0.4107837378978729
Rank:0 Epoch: [7/40], Step: [231/782], Loss: 0.1990288496017456
Rank:0 Epoch: [7/40], Step: [241/782], Loss: 0.27569109201431274
Rank:0 Epoch: [7/40], Step: [251/782], Loss: 0.2294355034828186
Rank:0 Epoch: [7/40], Step: [261/782], Loss: 0.2621857523918152
Rank:0 Epoch: [7/40], Step: [271/782], Loss: 0.6097064018249512
Rank:0 Epoch: [7/40], Step: [281/782], Loss: 0.20128822326660156
Rank:0 Epoch: [7/40], Step: [291/782], Loss: 0.540696918964386
Rank:0 Epoch: [7/40], Step: [301/782], Loss: 0.33711111545562744
Rank:0 Epoch: [7/40], Step: [311/782], Loss: 0.39552417397499084
Rank:0 Epoch: [7/40], Step: [321/782], Loss: 0.3511373698711395
Rank:0 Epoch: [7/40], Step: [331/782], Loss: 0.3125918507575989
Rank:0 Epoch: [7/40], Step: [341/782], Loss: 0.33674538135528564
Rank:0 Epoch: [7/40], Step: [351/782], Loss: 0.10304874181747437
Rank:0 Epoch: [7/40], Step: [361/782], Loss: 0.2563394010066986
Rank:0 Epoch: [7/40], Step: [371/782], Loss: 0.4138038754463196
Rank:0 Epoch: [7/40], Step: [381/782], Loss: 0.13816919922828674
Rank:0 Epoch: [7/40], Step: [391/782], Loss: 0.4033145308494568
Rank:0 Epoch: [7/40], Step: [401/782], Loss: 0.2944014370441437
Rank:0 Epoch: [7/40], Step: [411/782], Loss: 0.37273818254470825
Rank:0 Epoch: [7/40], Step: [421/782], Loss: 0.17729002237319946
Rank:0 Epoch: [7/40], Step: [431/782], Loss: 0.28648123145103455
Rank:0 Epoch: [7/40], Step: [441/782], Loss: 0.16525396704673767
Rank:0 Epoch: [7/40], Step: [451/782], Loss: 0.24622242152690887
Rank:0 Epoch: [7/40], Step: [461/782], Loss: 0.4056600034236908
Rank:0 Epoch: [7/40], Step: [471/782], Loss: 0.423475980758667
Rank:0 Epoch: [7/40], Step: [481/782], Loss: 0.4074617922306061
Rank:0 Epoch: [7/40], Step: [491/782], Loss: 0.27668505907058716
Rank:0 Epoch: [7/40], Step: [501/782], Loss: 0.2343020886182785
Rank:0 Epoch: [7/40], Step: [511/782], Loss: 0.35975730419158936
Rank:0 Epoch: [7/40], Step: [521/782], Loss: 0.3609628975391388
Rank:0 Epoch: [7/40], Step: [531/782], Loss: 0.14461542665958405
Rank:0 Epoch: [7/40], Step: [541/782], Loss: 0.09774848073720932
Rank:0 Epoch: [7/40], Step: [551/782], Loss: 0.43523308634757996
Rank:0 Epoch: [7/40], Step: [561/782], Loss: 0.15252967178821564
Rank:0 Epoch: [7/40], Step: [571/782], Loss: 0.27454617619514465
Rank:0 Epoch: [7/40], Step: [581/782], Loss: 0.45744991302490234
Rank:0 Epoch: [7/40], Step: [591/782], Loss: 0.2982693910598755
Rank:0 Epoch: [7/40], Step: [601/782], Loss: 0.39497578144073486
Rank:0 Epoch: [7/40], Step: [611/782], Loss: 0.3041486144065857
Rank:0 Epoch: [7/40], Step: [621/782], Loss: 0.35578465461730957
Rank:0 Epoch: [7/40], Step: [631/782], Loss: 0.4335674047470093
Rank:0 Epoch: [7/40], Step: [641/782], Loss: 0.35522159934043884
Rank:0 Epoch: [7/40], Step: [651/782], Loss: 0.3099207580089569
Rank:0 Epoch: [7/40], Step: [661/782], Loss: 0.16448575258255005
Rank:0 Epoch: [7/40], Step: [671/782], Loss: 0.1342061460018158
Rank:0 Epoch: [7/40], Step: [681/782], Loss: 0.31221532821655273
Rank:0 Epoch: [7/40], Step: [691/782], Loss: 0.44721439480781555
Rank:0 Epoch: [7/40], Step: [701/782], Loss: 0.3332456648349762
Rank:0 Epoch: [7/40], Step: [711/782], Loss: 0.14889241755008698
Rank:0 Epoch: [7/40], Step: [721/782], Loss: 0.28906720876693726
Rank:0 Epoch: [7/40], Step: [731/782], Loss: 0.42390820384025574
Rank:0 Epoch: [7/40], Step: [741/782], Loss: 0.5194273591041565
Rank:0 Epoch: [7/40], Step: [751/782], Loss: 0.37244713306427
Rank:0 Epoch: [7/40], Step: [761/782], Loss: 0.3801490068435669
Rank:0 Epoch: [7/40], Step: [771/782], Loss: 0.2618556320667267
Rank:0 Epoch: [7/40], Step: [781/782], Loss: 0.17444708943367004
Current Test Acc: 0.8564
Rank:0 Epoch: [8/40], Step: [1/782], Loss: 0.38334113359451294
Rank:0 Epoch: [8/40], Step: [11/782], Loss: 0.3953666687011719
Rank:0 Epoch: [8/40], Step: [21/782], Loss: 0.44510582089424133
Rank:0 Epoch: [8/40], Step: [31/782], Loss: 0.2065228968858719
Rank:0 Epoch: [8/40], Step: [41/782], Loss: 0.2849591076374054
Rank:0 Epoch: [8/40], Step: [51/782], Loss: 0.12559163570404053
Rank:0 Epoch: [8/40], Step: [61/782], Loss: 0.17872068285942078
Rank:0 Epoch: [8/40], Step: [71/782], Loss: 0.6006854772567749
Rank:0 Epoch: [8/40], Step: [81/782], Loss: 0.26335710287094116
Rank:0 Epoch: [8/40], Step: [91/782], Loss: 0.49548712372779846
Rank:0 Epoch: [8/40], Step: [101/782], Loss: 0.3161090016365051
Rank:0 Epoch: [8/40], Step: [111/782], Loss: 0.26552754640579224
Rank:0 Epoch: [8/40], Step: [121/782], Loss: 0.17377294600009918
Rank:0 Epoch: [8/40], Step: [131/782], Loss: 0.27554839849472046
Rank:0 Epoch: [8/40], Step: [141/782], Loss: 0.30250465869903564
Rank:0 Epoch: [8/40], Step: [151/782], Loss: 0.2974104583263397
Rank:0 Epoch: [8/40], Step: [161/782], Loss: 0.3013090491294861
Rank:0 Epoch: [8/40], Step: [171/782], Loss: 0.18512865900993347
Rank:0 Epoch: [8/40], Step: [181/782], Loss: 0.39942848682403564
Rank:0 Epoch: [8/40], Step: [191/782], Loss: 0.09316767007112503
Rank:0 Epoch: [8/40], Step: [201/782], Loss: 0.22120952606201172
Rank:0 Epoch: [8/40], Step: [211/782], Loss: 0.2780246436595917
Rank:0 Epoch: [8/40], Step: [221/782], Loss: 0.22488337755203247
Rank:0 Epoch: [8/40], Step: [231/782], Loss: 0.2677839398384094
Rank:0 Epoch: [8/40], Step: [241/782], Loss: 0.4162326753139496
Rank:0 Epoch: [8/40], Step: [251/782], Loss: 0.3674136996269226
Rank:0 Epoch: [8/40], Step: [261/782], Loss: 0.2782234251499176
Rank:0 Epoch: [8/40], Step: [271/782], Loss: 0.3337545096874237
Rank:0 Epoch: [8/40], Step: [281/782], Loss: 0.6003054976463318
Rank:0 Epoch: [8/40], Step: [291/782], Loss: 0.2104308158159256
Rank:0 Epoch: [8/40], Step: [301/782], Loss: 0.16903409361839294
Rank:0 Epoch: [8/40], Step: [311/782], Loss: 0.12051521986722946
Rank:0 Epoch: [8/40], Step: [321/782], Loss: 0.27897390723228455
Rank:0 Epoch: [8/40], Step: [331/782], Loss: 0.2559463679790497
Rank:0 Epoch: [8/40], Step: [341/782], Loss: 0.3352544605731964
Rank:0 Epoch: [8/40], Step: [351/782], Loss: 0.3678879737854004
Rank:0 Epoch: [8/40], Step: [361/782], Loss: 0.4201321005821228
Rank:0 Epoch: [8/40], Step: [371/782], Loss: 0.2573571503162384
Rank:0 Epoch: [8/40], Step: [381/782], Loss: 0.3513304889202118
Rank:0 Epoch: [8/40], Step: [391/782], Loss: 0.38403603434562683
Rank:0 Epoch: [8/40], Step: [401/782], Loss: 0.30314090847969055
Rank:0 Epoch: [8/40], Step: [411/782], Loss: 0.24340517818927765
Rank:0 Epoch: [8/40], Step: [421/782], Loss: 0.15214422345161438
Rank:0 Epoch: [8/40], Step: [431/782], Loss: 0.2293420135974884
Rank:0 Epoch: [8/40], Step: [441/782], Loss: 0.37714606523513794
Rank:0 Epoch: [8/40], Step: [451/782], Loss: 0.43682166934013367
Rank:0 Epoch: [8/40], Step: [461/782], Loss: 0.31378990411758423
Rank:0 Epoch: [8/40], Step: [471/782], Loss: 0.2295047491788864
Rank:0 Epoch: [8/40], Step: [481/782], Loss: 0.5397376418113708
Rank:0 Epoch: [8/40], Step: [491/782], Loss: 0.3434024453163147
Rank:0 Epoch: [8/40], Step: [501/782], Loss: 0.36386993527412415
Rank:0 Epoch: [8/40], Step: [511/782], Loss: 0.1448196917772293
Rank:0 Epoch: [8/40], Step: [521/782], Loss: 0.6343644261360168
Rank:0 Epoch: [8/40], Step: [531/782], Loss: 0.49203771352767944
Rank:0 Epoch: [8/40], Step: [541/782], Loss: 0.41891545057296753
Rank:0 Epoch: [8/40], Step: [551/782], Loss: 0.31237849593162537
Rank:0 Epoch: [8/40], Step: [561/782], Loss: 0.45472195744514465
Rank:0 Epoch: [8/40], Step: [571/782], Loss: 0.3626563549041748
Rank:0 Epoch: [8/40], Step: [581/782], Loss: 0.32835957407951355
Rank:0 Epoch: [8/40], Step: [591/782], Loss: 0.2619713842868805
Rank:0 Epoch: [8/40], Step: [601/782], Loss: 0.22877910733222961
Rank:0 Epoch: [8/40], Step: [611/782], Loss: 0.1888485997915268
Rank:0 Epoch: [8/40], Step: [621/782], Loss: 0.21538303792476654
Rank:0 Epoch: [8/40], Step: [631/782], Loss: 0.2578568756580353
Rank:0 Epoch: [8/40], Step: [641/782], Loss: 0.3443523049354553
Rank:0 Epoch: [8/40], Step: [651/782], Loss: 0.2548977732658386
Rank:0 Epoch: [8/40], Step: [661/782], Loss: 0.2676634192466736
Rank:0 Epoch: [8/40], Step: [671/782], Loss: 0.4018523395061493
Rank:0 Epoch: [8/40], Step: [681/782], Loss: 0.1975577175617218
Rank:0 Epoch: [8/40], Step: [691/782], Loss: 0.35848772525787354
Rank:0 Epoch: [8/40], Step: [701/782], Loss: 0.4081916809082031
Rank:0 Epoch: [8/40], Step: [711/782], Loss: 0.14998139441013336
Rank:0 Epoch: [8/40], Step: [721/782], Loss: 0.3277667760848999
Rank:0 Epoch: [8/40], Step: [731/782], Loss: 0.3852700889110565
Rank:0 Epoch: [8/40], Step: [741/782], Loss: 0.34907039999961853
Rank:0 Epoch: [8/40], Step: [751/782], Loss: 0.1305636167526245
Rank:0 Epoch: [8/40], Step: [761/782], Loss: 0.2475585788488388
Rank:0 Epoch: [8/40], Step: [771/782], Loss: 0.3040018379688263
Rank:0 Epoch: [8/40], Step: [781/782], Loss: 0.10749710351228714
Current Test Acc: 0.8804
Rank:0 Epoch: [9/40], Step: [1/782], Loss: 0.17903617024421692
Rank:0 Epoch: [9/40], Step: [11/782], Loss: 0.16939137876033783
Rank:0 Epoch: [9/40], Step: [21/782], Loss: 0.18525759875774384
Rank:0 Epoch: [9/40], Step: [31/782], Loss: 0.33093053102493286
Rank:0 Epoch: [9/40], Step: [41/782], Loss: 0.32603976130485535
Rank:0 Epoch: [9/40], Step: [51/782], Loss: 0.22241848707199097
Rank:0 Epoch: [9/40], Step: [61/782], Loss: 0.16949284076690674
Rank:0 Epoch: [9/40], Step: [71/782], Loss: 0.36938703060150146
Rank:0 Epoch: [9/40], Step: [81/782], Loss: 0.2390701025724411
Rank:0 Epoch: [9/40], Step: [91/782], Loss: 0.4906887114048004
Rank:0 Epoch: [9/40], Step: [101/782], Loss: 0.22378523647785187
Rank:0 Epoch: [9/40], Step: [111/782], Loss: 0.39915168285369873
Rank:0 Epoch: [9/40], Step: [121/782], Loss: 0.26602408289909363
Rank:0 Epoch: [9/40], Step: [131/782], Loss: 0.31657102704048157
Rank:0 Epoch: [9/40], Step: [141/782], Loss: 0.16569045186042786
Rank:0 Epoch: [9/40], Step: [151/782], Loss: 0.21147075295448303
Rank:0 Epoch: [9/40], Step: [161/782], Loss: 0.16803154349327087
Rank:0 Epoch: [9/40], Step: [171/782], Loss: 0.36147668957710266
Rank:0 Epoch: [9/40], Step: [181/782], Loss: 0.22214007377624512
Rank:0 Epoch: [9/40], Step: [191/782], Loss: 0.17327964305877686
Rank:0 Epoch: [9/40], Step: [201/782], Loss: 0.2500053346157074
Rank:0 Epoch: [9/40], Step: [211/782], Loss: 0.3643855154514313
Rank:0 Epoch: [9/40], Step: [221/782], Loss: 0.18567897379398346
Rank:0 Epoch: [9/40], Step: [231/782], Loss: 0.23033329844474792
Rank:0 Epoch: [9/40], Step: [241/782], Loss: 0.34147974848747253
Rank:0 Epoch: [9/40], Step: [251/782], Loss: 0.3676551878452301
Rank:0 Epoch: [9/40], Step: [261/782], Loss: 0.2358027547597885
Rank:0 Epoch: [9/40], Step: [271/782], Loss: 0.17928169667720795
Rank:0 Epoch: [9/40], Step: [281/782], Loss: 0.48840659856796265
Rank:0 Epoch: [9/40], Step: [291/782], Loss: 0.19873148202896118
Rank:0 Epoch: [9/40], Step: [301/782], Loss: 0.3063296675682068
Rank:0 Epoch: [9/40], Step: [311/782], Loss: 0.20431500673294067
Rank:0 Epoch: [9/40], Step: [321/782], Loss: 0.21442250907421112
Rank:0 Epoch: [9/40], Step: [331/782], Loss: 0.27617642283439636
Rank:0 Epoch: [9/40], Step: [341/782], Loss: 0.43347302079200745
Rank:0 Epoch: [9/40], Step: [351/782], Loss: 0.27136585116386414
Rank:0 Epoch: [9/40], Step: [361/782], Loss: 0.48948973417282104
Rank:0 Epoch: [9/40], Step: [371/782], Loss: 0.1384299099445343
Rank:0 Epoch: [9/40], Step: [381/782], Loss: 0.23295292258262634
Rank:0 Epoch: [9/40], Step: [391/782], Loss: 0.2923479378223419
Rank:0 Epoch: [9/40], Step: [401/782], Loss: 0.16863441467285156
Rank:0 Epoch: [9/40], Step: [411/782], Loss: 0.24255973100662231
Rank:0 Epoch: [9/40], Step: [421/782], Loss: 0.24030852317810059
Rank:0 Epoch: [9/40], Step: [431/782], Loss: 0.3831924796104431
Rank:0 Epoch: [9/40], Step: [441/782], Loss: 0.19133099913597107
Rank:0 Epoch: [9/40], Step: [451/782], Loss: 0.35745707154273987
Rank:0 Epoch: [9/40], Step: [461/782], Loss: 0.3377327620983124
Rank:0 Epoch: [9/40], Step: [471/782], Loss: 0.2209540158510208
Rank:0 Epoch: [9/40], Step: [481/782], Loss: 0.23326832056045532
Rank:0 Epoch: [9/40], Step: [491/782], Loss: 0.18497171998023987
Rank:0 Epoch: [9/40], Step: [501/782], Loss: 0.14316238462924957
Rank:0 Epoch: [9/40], Step: [511/782], Loss: 0.21244245767593384
Rank:0 Epoch: [9/40], Step: [521/782], Loss: 0.14226604998111725
Rank:0 Epoch: [9/40], Step: [531/782], Loss: 0.5302248001098633
Rank:0 Epoch: [9/40], Step: [541/782], Loss: 0.3960980772972107
Rank:0 Epoch: [9/40], Step: [551/782], Loss: 0.42325419187545776
Rank:0 Epoch: [9/40], Step: [561/782], Loss: 0.2789974510669708
Rank:0 Epoch: [9/40], Step: [571/782], Loss: 0.1535923182964325
Rank:0 Epoch: [9/40], Step: [581/782], Loss: 0.30649399757385254
Rank:0 Epoch: [9/40], Step: [591/782], Loss: 0.3109114170074463
Rank:0 Epoch: [9/40], Step: [601/782], Loss: 0.2374580055475235
Rank:0 Epoch: [9/40], Step: [611/782], Loss: 0.3753838837146759
Rank:0 Epoch: [9/40], Step: [621/782], Loss: 0.17431722581386566
Rank:0 Epoch: [9/40], Step: [631/782], Loss: 0.26955446600914
Rank:0 Epoch: [9/40], Step: [641/782], Loss: 0.32509860396385193
Rank:0 Epoch: [9/40], Step: [651/782], Loss: 0.1459793597459793
Rank:0 Epoch: [9/40], Step: [661/782], Loss: 0.26537957787513733
Rank:0 Epoch: [9/40], Step: [671/782], Loss: 0.4108978807926178
Rank:0 Epoch: [9/40], Step: [681/782], Loss: 0.31090036034584045
Rank:0 Epoch: [9/40], Step: [691/782], Loss: 0.3771384060382843
Rank:0 Epoch: [9/40], Step: [701/782], Loss: 0.32370874285697937
Rank:0 Epoch: [9/40], Step: [711/782], Loss: 0.25084859132766724
Rank:0 Epoch: [9/40], Step: [721/782], Loss: 0.24316564202308655
Rank:0 Epoch: [9/40], Step: [731/782], Loss: 0.4181678891181946
Rank:0 Epoch: [9/40], Step: [741/782], Loss: 0.3527785539627075
Rank:0 Epoch: [9/40], Step: [751/782], Loss: 0.18607768416404724
Rank:0 Epoch: [9/40], Step: [761/782], Loss: 0.29489395022392273
Rank:0 Epoch: [9/40], Step: [771/782], Loss: 0.31603848934173584
Rank:0 Epoch: [9/40], Step: [781/782], Loss: 0.28417834639549255
Current Test Acc: 0.8415
Rank:0 Epoch: [10/40], Step: [1/782], Loss: 0.18504667282104492
Rank:0 Epoch: [10/40], Step: [11/782], Loss: 0.32043302059173584
Rank:0 Epoch: [10/40], Step: [21/782], Loss: 0.34022489190101624
Rank:0 Epoch: [10/40], Step: [31/782], Loss: 0.24876375496387482
Rank:0 Epoch: [10/40], Step: [41/782], Loss: 0.3924843966960907
Rank:0 Epoch: [10/40], Step: [51/782], Loss: 0.23712429404258728
Rank:0 Epoch: [10/40], Step: [61/782], Loss: 0.29504916071891785
Rank:0 Epoch: [10/40], Step: [71/782], Loss: 0.2514325678348541
Rank:0 Epoch: [10/40], Step: [81/782], Loss: 0.23549701273441315
Rank:0 Epoch: [10/40], Step: [91/782], Loss: 0.3664279282093048
Rank:0 Epoch: [10/40], Step: [101/782], Loss: 0.2339780032634735
Rank:0 Epoch: [10/40], Step: [111/782], Loss: 0.20031854510307312
Rank:0 Epoch: [10/40], Step: [121/782], Loss: 0.23855921626091003
Rank:0 Epoch: [10/40], Step: [131/782], Loss: 0.29831042885780334
Rank:0 Epoch: [10/40], Step: [141/782], Loss: 0.20631283521652222
Rank:0 Epoch: [10/40], Step: [151/782], Loss: 0.12618084251880646
Rank:0 Epoch: [10/40], Step: [161/782], Loss: 0.18990008533000946
Rank:0 Epoch: [10/40], Step: [171/782], Loss: 0.31324902176856995
Rank:0 Epoch: [10/40], Step: [181/782], Loss: 0.25677844882011414
Rank:0 Epoch: [10/40], Step: [191/782], Loss: 0.343779593706131
Rank:0 Epoch: [10/40], Step: [201/782], Loss: 0.4866142272949219
Rank:0 Epoch: [10/40], Step: [211/782], Loss: 0.3578856289386749
Rank:0 Epoch: [10/40], Step: [221/782], Loss: 0.1444837749004364
Rank:0 Epoch: [10/40], Step: [231/782], Loss: 0.38276535272598267
Rank:0 Epoch: [10/40], Step: [241/782], Loss: 0.29867976903915405
Rank:0 Epoch: [10/40], Step: [251/782], Loss: 0.31574296951293945
Rank:0 Epoch: [10/40], Step: [261/782], Loss: 0.3151739835739136
Rank:0 Epoch: [10/40], Step: [271/782], Loss: 0.1964409351348877
Rank:0 Epoch: [10/40], Step: [281/782], Loss: 0.2466011941432953
Rank:0 Epoch: [10/40], Step: [291/782], Loss: 0.13288545608520508
Rank:0 Epoch: [10/40], Step: [301/782], Loss: 0.261735737323761
Rank:0 Epoch: [10/40], Step: [311/782], Loss: 0.5402098894119263
Rank:0 Epoch: [10/40], Step: [321/782], Loss: 0.22482815384864807
Rank:0 Epoch: [10/40], Step: [331/782], Loss: 0.3930818736553192
Rank:0 Epoch: [10/40], Step: [341/782], Loss: 0.24231722950935364
Rank:0 Epoch: [10/40], Step: [351/782], Loss: 0.26167604327201843
Rank:0 Epoch: [10/40], Step: [361/782], Loss: 0.13608306646347046
Rank:0 Epoch: [10/40], Step: [371/782], Loss: 0.32565656304359436
Rank:0 Epoch: [10/40], Step: [381/782], Loss: 0.34423232078552246
Rank:0 Epoch: [10/40], Step: [391/782], Loss: 0.2973923087120056
Rank:0 Epoch: [10/40], Step: [401/782], Loss: 0.44818606972694397
Rank:0 Epoch: [10/40], Step: [411/782], Loss: 0.31076595187187195
Rank:0 Epoch: [10/40], Step: [421/782], Loss: 0.22519554197788239
Rank:0 Epoch: [10/40], Step: [431/782], Loss: 0.34598782658576965
Rank:0 Epoch: [10/40], Step: [441/782], Loss: 0.11785443872213364
Rank:0 Epoch: [10/40], Step: [451/782], Loss: 0.3827410340309143
Rank:0 Epoch: [10/40], Step: [461/782], Loss: 0.44050708413124084
Rank:0 Epoch: [10/40], Step: [471/782], Loss: 0.29579803347587585
Rank:0 Epoch: [10/40], Step: [481/782], Loss: 0.19514614343643188
Rank:0 Epoch: [10/40], Step: [491/782], Loss: 0.1893852949142456
Rank:0 Epoch: [10/40], Step: [501/782], Loss: 0.2151806801557541
Rank:0 Epoch: [10/40], Step: [511/782], Loss: 0.13575901091098785
Rank:0 Epoch: [10/40], Step: [521/782], Loss: 0.20638054609298706
Rank:0 Epoch: [10/40], Step: [531/782], Loss: 0.3173488974571228
Rank:0 Epoch: [10/40], Step: [541/782], Loss: 0.34010595083236694
Rank:0 Epoch: [10/40], Step: [551/782], Loss: 0.33268576860427856
Rank:0 Epoch: [10/40], Step: [561/782], Loss: 0.23394271731376648
Rank:0 Epoch: [10/40], Step: [571/782], Loss: 0.18300482630729675
Rank:0 Epoch: [10/40], Step: [581/782], Loss: 0.1931721568107605
Rank:0 Epoch: [10/40], Step: [591/782], Loss: 0.34430280327796936
Rank:0 Epoch: [10/40], Step: [601/782], Loss: 0.2782810628414154
Rank:0 Epoch: [10/40], Step: [611/782], Loss: 0.31115877628326416
Rank:0 Epoch: [10/40], Step: [621/782], Loss: 0.5016409754753113
Rank:0 Epoch: [10/40], Step: [631/782], Loss: 0.5106160640716553
Rank:0 Epoch: [10/40], Step: [641/782], Loss: 0.5228954553604126
Rank:0 Epoch: [10/40], Step: [651/782], Loss: 0.21331560611724854
Rank:0 Epoch: [10/40], Step: [661/782], Loss: 0.34515905380249023
Rank:0 Epoch: [10/40], Step: [671/782], Loss: 0.26469486951828003
Rank:0 Epoch: [10/40], Step: [681/782], Loss: 0.25743257999420166
Rank:0 Epoch: [10/40], Step: [691/782], Loss: 0.35698962211608887
Rank:0 Epoch: [10/40], Step: [701/782], Loss: 0.3538554310798645
Rank:0 Epoch: [10/40], Step: [711/782], Loss: 0.20184706151485443
Rank:0 Epoch: [10/40], Step: [721/782], Loss: 0.35937079787254333
Rank:0 Epoch: [10/40], Step: [731/782], Loss: 0.2726074159145355
Rank:0 Epoch: [10/40], Step: [741/782], Loss: 0.18797889351844788
Rank:0 Epoch: [10/40], Step: [751/782], Loss: 0.19485431909561157
Rank:0 Epoch: [10/40], Step: [761/782], Loss: 0.1279972791671753
Rank:0 Epoch: [10/40], Step: [771/782], Loss: 0.2068522572517395
Rank:0 Epoch: [10/40], Step: [781/782], Loss: 0.15733282268047333
Current Test Acc: 0.8487
Rank:0 Epoch: [11/40], Step: [1/782], Loss: 0.40776267647743225
Rank:0 Epoch: [11/40], Step: [11/782], Loss: 0.2474965751171112
Rank:0 Epoch: [11/40], Step: [21/782], Loss: 0.2259214222431183
Rank:0 Epoch: [11/40], Step: [31/782], Loss: 0.1173594668507576
Rank:0 Epoch: [11/40], Step: [41/782], Loss: 0.19868561625480652
Rank:0 Epoch: [11/40], Step: [51/782], Loss: 0.10507504642009735
Rank:0 Epoch: [11/40], Step: [61/782], Loss: 0.17353898286819458
Rank:0 Epoch: [11/40], Step: [71/782], Loss: 0.1880108118057251
Rank:0 Epoch: [11/40], Step: [81/782], Loss: 0.16723044216632843
Rank:0 Epoch: [11/40], Step: [91/782], Loss: 0.22002260386943817
Rank:0 Epoch: [11/40], Step: [101/782], Loss: 0.32631179690361023
Rank:0 Epoch: [11/40], Step: [111/782], Loss: 0.23453231155872345
Rank:0 Epoch: [11/40], Step: [121/782], Loss: 0.3163442611694336
Rank:0 Epoch: [11/40], Step: [131/782], Loss: 0.26008132100105286
Rank:0 Epoch: [11/40], Step: [141/782], Loss: 0.23317267000675201
Rank:0 Epoch: [11/40], Step: [151/782], Loss: 0.22585318982601166
Rank:0 Epoch: [11/40], Step: [161/782], Loss: 0.38171276450157166
Rank:0 Epoch: [11/40], Step: [171/782], Loss: 0.24710339307785034
Rank:0 Epoch: [11/40], Step: [181/782], Loss: 0.3761698007583618
Rank:0 Epoch: [11/40], Step: [191/782], Loss: 0.3156442642211914
Rank:0 Epoch: [11/40], Step: [201/782], Loss: 0.32980746030807495
Rank:0 Epoch: [11/40], Step: [211/782], Loss: 0.2149183750152588
Rank:0 Epoch: [11/40], Step: [221/782], Loss: 0.4557386636734009
Rank:0 Epoch: [11/40], Step: [231/782], Loss: 0.3391745388507843
Rank:0 Epoch: [11/40], Step: [241/782], Loss: 0.24692000448703766
Rank:0 Epoch: [11/40], Step: [251/782], Loss: 0.19316136837005615
Rank:0 Epoch: [11/40], Step: [261/782], Loss: 0.32220548391342163
Rank:0 Epoch: [11/40], Step: [271/782], Loss: 0.16004839539527893
Rank:0 Epoch: [11/40], Step: [281/782], Loss: 0.17674243450164795
Rank:0 Epoch: [11/40], Step: [291/782], Loss: 0.3334197402000427
Rank:0 Epoch: [11/40], Step: [301/782], Loss: 0.2000066190958023
Rank:0 Epoch: [11/40], Step: [311/782], Loss: 0.24682766199111938
Rank:0 Epoch: [11/40], Step: [321/782], Loss: 0.4726583957672119
Rank:0 Epoch: [11/40], Step: [331/782], Loss: 0.3833429217338562
Rank:0 Epoch: [11/40], Step: [341/782], Loss: 0.20810182392597198
Rank:0 Epoch: [11/40], Step: [351/782], Loss: 0.2677960991859436
Rank:0 Epoch: [11/40], Step: [361/782], Loss: 0.33802899718284607
Rank:0 Epoch: [11/40], Step: [371/782], Loss: 0.12228062748908997
Rank:0 Epoch: [11/40], Step: [381/782], Loss: 0.33962711691856384
Rank:0 Epoch: [11/40], Step: [391/782], Loss: 0.23076556622982025
Rank:0 Epoch: [11/40], Step: [401/782], Loss: 0.15186375379562378
Rank:0 Epoch: [11/40], Step: [411/782], Loss: 0.28121984004974365
Rank:0 Epoch: [11/40], Step: [421/782], Loss: 0.23401781916618347
Rank:0 Epoch: [11/40], Step: [431/782], Loss: 0.41054922342300415
Rank:0 Epoch: [11/40], Step: [441/782], Loss: 0.26362869143486023
Rank:0 Epoch: [11/40], Step: [451/782], Loss: 0.2393321841955185
Rank:0 Epoch: [11/40], Step: [461/782], Loss: 0.2619965970516205
Rank:0 Epoch: [11/40], Step: [471/782], Loss: 0.24417370557785034
Rank:0 Epoch: [11/40], Step: [481/782], Loss: 0.21430978178977966
Rank:0 Epoch: [11/40], Step: [491/782], Loss: 0.21851667761802673
Rank:0 Epoch: [11/40], Step: [501/782], Loss: 0.2523919641971588
Rank:0 Epoch: [11/40], Step: [511/782], Loss: 0.19002149999141693
Rank:0 Epoch: [11/40], Step: [521/782], Loss: 0.23179137706756592
Rank:0 Epoch: [11/40], Step: [531/782], Loss: 0.33195650577545166
Rank:0 Epoch: [11/40], Step: [541/782], Loss: 0.2644104063510895
Rank:0 Epoch: [11/40], Step: [551/782], Loss: 0.3569270074367523
Rank:0 Epoch: [11/40], Step: [561/782], Loss: 0.47093796730041504
Rank:0 Epoch: [11/40], Step: [571/782], Loss: 0.39819571375846863
Rank:0 Epoch: [11/40], Step: [581/782], Loss: 0.3651103377342224
Rank:0 Epoch: [11/40], Step: [591/782], Loss: 0.2045360654592514
Rank:0 Epoch: [11/40], Step: [601/782], Loss: 0.19394557178020477
Rank:0 Epoch: [11/40], Step: [611/782], Loss: 0.1738160103559494
Rank:0 Epoch: [11/40], Step: [621/782], Loss: 0.3217672109603882
Rank:0 Epoch: [11/40], Step: [631/782], Loss: 0.3754969537258148
Rank:0 Epoch: [11/40], Step: [641/782], Loss: 0.3341962695121765
Rank:0 Epoch: [11/40], Step: [651/782], Loss: 0.274915486574173
Rank:0 Epoch: [11/40], Step: [661/782], Loss: 0.19477389752864838
Rank:0 Epoch: [11/40], Step: [671/782], Loss: 0.19072359800338745
Rank:0 Epoch: [11/40], Step: [681/782], Loss: 0.2844718098640442
Rank:0 Epoch: [11/40], Step: [691/782], Loss: 0.3905737102031708
Rank:0 Epoch: [11/40], Step: [701/782], Loss: 0.3044063448905945
Rank:0 Epoch: [11/40], Step: [711/782], Loss: 0.3665595054626465
Rank:0 Epoch: [11/40], Step: [721/782], Loss: 0.19904401898384094
Rank:0 Epoch: [11/40], Step: [731/782], Loss: 0.1261071413755417
Rank:0 Epoch: [11/40], Step: [741/782], Loss: 0.2619189918041229
Rank:0 Epoch: [11/40], Step: [751/782], Loss: 0.2573932409286499
Rank:0 Epoch: [11/40], Step: [761/782], Loss: 0.29697903990745544
Rank:0 Epoch: [11/40], Step: [771/782], Loss: 0.4184318482875824
Rank:0 Epoch: [11/40], Step: [781/782], Loss: 0.14248551428318024
Current Test Acc: 0.8458
Rank:0 Epoch: [12/40], Step: [1/782], Loss: 0.33495596051216125
Rank:0 Epoch: [12/40], Step: [11/782], Loss: 0.21444617211818695
Rank:0 Epoch: [12/40], Step: [21/782], Loss: 0.3573535978794098
Rank:0 Epoch: [12/40], Step: [31/782], Loss: 0.17861880362033844
Rank:0 Epoch: [12/40], Step: [41/782], Loss: 0.3226872980594635
Rank:0 Epoch: [12/40], Step: [51/782], Loss: 0.18381065130233765
Rank:0 Epoch: [12/40], Step: [61/782], Loss: 0.31687843799591064
Rank:0 Epoch: [12/40], Step: [71/782], Loss: 0.1551293432712555
Rank:0 Epoch: [12/40], Step: [81/782], Loss: 0.2218884378671646
Rank:0 Epoch: [12/40], Step: [91/782], Loss: 0.3224075436592102
Rank:0 Epoch: [12/40], Step: [101/782], Loss: 0.19473496079444885
Rank:0 Epoch: [12/40], Step: [111/782], Loss: 0.27126234769821167
Rank:0 Epoch: [12/40], Step: [121/782], Loss: 0.29722943902015686
Rank:0 Epoch: [12/40], Step: [131/782], Loss: 0.19259841740131378
Rank:0 Epoch: [12/40], Step: [141/782], Loss: 0.21175344288349152
Rank:0 Epoch: [12/40], Step: [151/782], Loss: 0.22317737340927124
Rank:0 Epoch: [12/40], Step: [161/782], Loss: 0.30523964762687683
Rank:0 Epoch: [12/40], Step: [171/782], Loss: 0.3557472229003906
Rank:0 Epoch: [12/40], Step: [181/782], Loss: 0.26325953006744385
Rank:0 Epoch: [12/40], Step: [191/782], Loss: 0.24060623347759247
Rank:0 Epoch: [12/40], Step: [201/782], Loss: 0.14413416385650635
Rank:0 Epoch: [12/40], Step: [211/782], Loss: 0.21021711826324463
Rank:0 Epoch: [12/40], Step: [221/782], Loss: 0.4684222638607025
Rank:0 Epoch: [12/40], Step: [231/782], Loss: 0.17752957344055176
Rank:0 Epoch: [12/40], Step: [241/782], Loss: 0.34532326459884644
Rank:0 Epoch: [12/40], Step: [251/782], Loss: 0.3390111029148102
Rank:0 Epoch: [12/40], Step: [261/782], Loss: 0.47934502363204956
Rank:0 Epoch: [12/40], Step: [271/782], Loss: 0.21435976028442383
Rank:0 Epoch: [12/40], Step: [281/782], Loss: 0.30312615633010864
Rank:0 Epoch: [12/40], Step: [291/782], Loss: 0.4043714106082916
Rank:0 Epoch: [12/40], Step: [301/782], Loss: 0.2661328911781311
Rank:0 Epoch: [12/40], Step: [311/782], Loss: 0.1583300679922104
Rank:0 Epoch: [12/40], Step: [321/782], Loss: 0.18812096118927002
Rank:0 Epoch: [12/40], Step: [331/782], Loss: 0.253807008266449
Rank:0 Epoch: [12/40], Step: [341/782], Loss: 0.1749960035085678
Rank:0 Epoch: [12/40], Step: [351/782], Loss: 0.31512153148651123
Rank:0 Epoch: [12/40], Step: [361/782], Loss: 0.4874805212020874
Rank:0 Epoch: [12/40], Step: [371/782], Loss: 0.2346377670764923
Rank:0 Epoch: [12/40], Step: [381/782], Loss: 0.3190501928329468
Rank:0 Epoch: [12/40], Step: [391/782], Loss: 0.24700841307640076
Rank:0 Epoch: [12/40], Step: [401/782], Loss: 0.11538688838481903
Rank:0 Epoch: [12/40], Step: [411/782], Loss: 0.4575634002685547
Rank:0 Epoch: [12/40], Step: [421/782], Loss: 0.2300107479095459
Rank:0 Epoch: [12/40], Step: [431/782], Loss: 0.3500763177871704
Rank:0 Epoch: [12/40], Step: [441/782], Loss: 0.38783109188079834
Rank:0 Epoch: [12/40], Step: [451/782], Loss: 0.19478294253349304
Rank:0 Epoch: [12/40], Step: [461/782], Loss: 0.19637854397296906
Rank:0 Epoch: [12/40], Step: [471/782], Loss: 0.19306616485118866
Rank:0 Epoch: [12/40], Step: [481/782], Loss: 0.19516994059085846
Rank:0 Epoch: [12/40], Step: [491/782], Loss: 0.28116005659103394
Rank:0 Epoch: [12/40], Step: [501/782], Loss: 0.3483026623725891
Rank:0 Epoch: [12/40], Step: [511/782], Loss: 0.2629266679286957
Rank:0 Epoch: [12/40], Step: [521/782], Loss: 0.3314851224422455
Rank:0 Epoch: [12/40], Step: [531/782], Loss: 0.4010942876338959
Rank:0 Epoch: [12/40], Step: [541/782], Loss: 0.20974910259246826
Rank:0 Epoch: [12/40], Step: [551/782], Loss: 0.3246883749961853
Rank:0 Epoch: [12/40], Step: [561/782], Loss: 0.21662183105945587
Rank:0 Epoch: [12/40], Step: [571/782], Loss: 0.1991174966096878
Rank:0 Epoch: [12/40], Step: [581/782], Loss: 0.339411199092865
Rank:0 Epoch: [12/40], Step: [591/782], Loss: 0.26633527874946594
Rank:0 Epoch: [12/40], Step: [601/782], Loss: 0.14199504256248474
Rank:0 Epoch: [12/40], Step: [611/782], Loss: 0.16417530179023743
Rank:0 Epoch: [12/40], Step: [621/782], Loss: 0.20093649625778198
Rank:0 Epoch: [12/40], Step: [631/782], Loss: 0.5156010389328003
Rank:0 Epoch: [12/40], Step: [641/782], Loss: 0.15290920436382294
Rank:0 Epoch: [12/40], Step: [651/782], Loss: 0.4696165919303894
Rank:0 Epoch: [12/40], Step: [661/782], Loss: 0.28283050656318665
Rank:0 Epoch: [12/40], Step: [671/782], Loss: 0.32248592376708984
Rank:0 Epoch: [12/40], Step: [681/782], Loss: 0.20896247029304504
Rank:0 Epoch: [12/40], Step: [691/782], Loss: 0.20176473259925842
Rank:0 Epoch: [12/40], Step: [701/782], Loss: 0.1718323826789856
Rank:0 Epoch: [12/40], Step: [711/782], Loss: 0.33874785900115967
Rank:0 Epoch: [12/40], Step: [721/782], Loss: 0.28099700808525085
Rank:0 Epoch: [12/40], Step: [731/782], Loss: 0.2423146367073059
Rank:0 Epoch: [12/40], Step: [741/782], Loss: 0.17411281168460846
Rank:0 Epoch: [12/40], Step: [751/782], Loss: 0.3880766034126282
Rank:0 Epoch: [12/40], Step: [761/782], Loss: 0.20846664905548096
Rank:0 Epoch: [12/40], Step: [771/782], Loss: 0.2369140386581421
Rank:0 Epoch: [12/40], Step: [781/782], Loss: 0.2524854242801666
Current Test Acc: 0.8656
Rank:0 Epoch: [13/40], Step: [1/782], Loss: 0.25842779874801636
Rank:0 Epoch: [13/40], Step: [11/782], Loss: 0.3256807029247284
Rank:0 Epoch: [13/40], Step: [21/782], Loss: 0.23574358224868774
Rank:0 Epoch: [13/40], Step: [31/782], Loss: 0.3307313323020935
Rank:0 Epoch: [13/40], Step: [41/782], Loss: 0.17728053033351898
Rank:0 Epoch: [13/40], Step: [51/782], Loss: 0.23889939486980438
Rank:0 Epoch: [13/40], Step: [61/782], Loss: 0.1917123645544052
Rank:0 Epoch: [13/40], Step: [71/782], Loss: 0.4249076545238495
Rank:0 Epoch: [13/40], Step: [81/782], Loss: 0.2847595512866974
Rank:0 Epoch: [13/40], Step: [91/782], Loss: 0.18697744607925415
Rank:0 Epoch: [13/40], Step: [101/782], Loss: 0.1827593445777893
Rank:0 Epoch: [13/40], Step: [111/782], Loss: 0.16713984310626984
Rank:0 Epoch: [13/40], Step: [121/782], Loss: 0.2096790373325348
Rank:0 Epoch: [13/40], Step: [131/782], Loss: 0.2494940161705017
Rank:0 Epoch: [13/40], Step: [141/782], Loss: 0.35824117064476013
Rank:0 Epoch: [13/40], Step: [151/782], Loss: 0.13191668689250946
Rank:0 Epoch: [13/40], Step: [161/782], Loss: 0.29292812943458557
Rank:0 Epoch: [13/40], Step: [171/782], Loss: 0.16070684790611267
Rank:0 Epoch: [13/40], Step: [181/782], Loss: 0.15504907071590424
Rank:0 Epoch: [13/40], Step: [191/782], Loss: 0.36319929361343384
Rank:0 Epoch: [13/40], Step: [201/782], Loss: 0.20468014478683472
Rank:0 Epoch: [13/40], Step: [211/782], Loss: 0.32715481519699097
Rank:0 Epoch: [13/40], Step: [221/782], Loss: 0.22064371407032013
Rank:0 Epoch: [13/40], Step: [231/782], Loss: 0.39773398637771606
Rank:0 Epoch: [13/40], Step: [241/782], Loss: 0.2661241292953491
Rank:0 Epoch: [13/40], Step: [251/782], Loss: 0.1294650435447693
Rank:0 Epoch: [13/40], Step: [261/782], Loss: 0.44612354040145874
Rank:0 Epoch: [13/40], Step: [271/782], Loss: 0.20296941697597504
Rank:0 Epoch: [13/40], Step: [281/782], Loss: 0.249199777841568
Rank:0 Epoch: [13/40], Step: [291/782], Loss: 0.24195876717567444
Rank:0 Epoch: [13/40], Step: [301/782], Loss: 0.22540685534477234
Rank:0 Epoch: [13/40], Step: [311/782], Loss: 0.11661365628242493
Rank:0 Epoch: [13/40], Step: [321/782], Loss: 0.30725404620170593
Rank:0 Epoch: [13/40], Step: [331/782], Loss: 0.31751617789268494
Rank:0 Epoch: [13/40], Step: [341/782], Loss: 0.10432732105255127
Rank:0 Epoch: [13/40], Step: [351/782], Loss: 0.4905059039592743
Rank:0 Epoch: [13/40], Step: [361/782], Loss: 0.23124587535858154
Rank:0 Epoch: [13/40], Step: [371/782], Loss: 0.24360892176628113
Rank:0 Epoch: [13/40], Step: [381/782], Loss: 0.2515106797218323
Rank:0 Epoch: [13/40], Step: [391/782], Loss: 0.20269931852817535
Rank:0 Epoch: [13/40], Step: [401/782], Loss: 0.2439158856868744
Rank:0 Epoch: [13/40], Step: [411/782], Loss: 0.4425601661205292
Rank:0 Epoch: [13/40], Step: [421/782], Loss: 0.14000816643238068
Rank:0 Epoch: [13/40], Step: [431/782], Loss: 0.13017526268959045
Rank:0 Epoch: [13/40], Step: [441/782], Loss: 0.29177895188331604
Rank:0 Epoch: [13/40], Step: [451/782], Loss: 0.27063971757888794
Rank:0 Epoch: [13/40], Step: [461/782], Loss: 0.2501380443572998
Rank:0 Epoch: [13/40], Step: [471/782], Loss: 0.19408327341079712
Rank:0 Epoch: [13/40], Step: [481/782], Loss: 0.16827788949012756
Rank:0 Epoch: [13/40], Step: [491/782], Loss: 0.23375336825847626
Rank:0 Epoch: [13/40], Step: [501/782], Loss: 0.2192922830581665
Rank:0 Epoch: [13/40], Step: [511/782], Loss: 0.23921073973178864
Rank:0 Epoch: [13/40], Step: [521/782], Loss: 0.14751571416854858
Rank:0 Epoch: [13/40], Step: [531/782], Loss: 0.25106433033943176
Rank:0 Epoch: [13/40], Step: [541/782], Loss: 0.3461412191390991
Rank:0 Epoch: [13/40], Step: [551/782], Loss: 0.41538920998573303
Rank:0 Epoch: [13/40], Step: [561/782], Loss: 0.20962543785572052
Rank:0 Epoch: [13/40], Step: [571/782], Loss: 0.3131072521209717
Rank:0 Epoch: [13/40], Step: [581/782], Loss: 0.0784103199839592
Rank:0 Epoch: [13/40], Step: [591/782], Loss: 0.26971185207366943
Rank:0 Epoch: [13/40], Step: [601/782], Loss: 0.2398882359266281
Rank:0 Epoch: [13/40], Step: [611/782], Loss: 0.2933200001716614
Rank:0 Epoch: [13/40], Step: [621/782], Loss: 0.46175235509872437
Rank:0 Epoch: [13/40], Step: [631/782], Loss: 0.2860974073410034
Rank:0 Epoch: [13/40], Step: [641/782], Loss: 0.29784294962882996
Rank:0 Epoch: [13/40], Step: [651/782], Loss: 0.1478826254606247
Rank:0 Epoch: [13/40], Step: [661/782], Loss: 0.3786768615245819
Rank:0 Epoch: [13/40], Step: [671/782], Loss: 0.17982733249664307
Rank:0 Epoch: [13/40], Step: [681/782], Loss: 0.25546640157699585
Rank:0 Epoch: [13/40], Step: [691/782], Loss: 0.19927863776683807
Rank:0 Epoch: [13/40], Step: [701/782], Loss: 0.2973098158836365
Rank:0 Epoch: [13/40], Step: [711/782], Loss: 0.2162274569272995
Rank:0 Epoch: [13/40], Step: [721/782], Loss: 0.15035919845104218
Rank:0 Epoch: [13/40], Step: [731/782], Loss: 0.3538084328174591
Rank:0 Epoch: [13/40], Step: [741/782], Loss: 0.20066949725151062
Rank:0 Epoch: [13/40], Step: [751/782], Loss: 0.4091069996356964
Rank:0 Epoch: [13/40], Step: [761/782], Loss: 0.28132307529449463
Rank:0 Epoch: [13/40], Step: [771/782], Loss: 0.11455931514501572
Rank:0 Epoch: [13/40], Step: [781/782], Loss: 0.25611457228660583
Current Test Acc: 0.8546
Rank:0 Epoch: [14/40], Step: [1/782], Loss: 0.5555115938186646
Rank:0 Epoch: [14/40], Step: [11/782], Loss: 0.38346341252326965
Rank:0 Epoch: [14/40], Step: [21/782], Loss: 0.28019195795059204
Rank:0 Epoch: [14/40], Step: [31/782], Loss: 0.30617067217826843
Rank:0 Epoch: [14/40], Step: [41/782], Loss: 0.2586580812931061
Rank:0 Epoch: [14/40], Step: [51/782], Loss: 0.31007859110832214
Rank:0 Epoch: [14/40], Step: [61/782], Loss: 0.3190110921859741
Rank:0 Epoch: [14/40], Step: [71/782], Loss: 0.41247355937957764
Rank:0 Epoch: [14/40], Step: [81/782], Loss: 0.22152914106845856
Rank:0 Epoch: [14/40], Step: [91/782], Loss: 0.23112887144088745
Rank:0 Epoch: [14/40], Step: [101/782], Loss: 0.11397809535264969
Rank:0 Epoch: [14/40], Step: [111/782], Loss: 0.60166996717453
Rank:0 Epoch: [14/40], Step: [121/782], Loss: 0.24940058588981628
Rank:0 Epoch: [14/40], Step: [131/782], Loss: 0.14559519290924072
Rank:0 Epoch: [14/40], Step: [141/782], Loss: 0.23130467534065247
Rank:0 Epoch: [14/40], Step: [151/782], Loss: 0.33241891860961914
Rank:0 Epoch: [14/40], Step: [161/782], Loss: 0.3853582441806793
Rank:0 Epoch: [14/40], Step: [171/782], Loss: 0.31651198863983154
Rank:0 Epoch: [14/40], Step: [181/782], Loss: 0.14668509364128113
Rank:0 Epoch: [14/40], Step: [191/782], Loss: 0.21585091948509216
Rank:0 Epoch: [14/40], Step: [201/782], Loss: 0.24514226615428925
Rank:0 Epoch: [14/40], Step: [211/782], Loss: 0.15735574066638947
Rank:0 Epoch: [14/40], Step: [221/782], Loss: 0.22445785999298096
Rank:0 Epoch: [14/40], Step: [231/782], Loss: 0.3896816372871399
Rank:0 Epoch: [14/40], Step: [241/782], Loss: 0.2335476130247116
Rank:0 Epoch: [14/40], Step: [251/782], Loss: 0.29541125893592834
Rank:0 Epoch: [14/40], Step: [261/782], Loss: 0.20200015604496002
Rank:0 Epoch: [14/40], Step: [271/782], Loss: 0.3485754430294037
Rank:0 Epoch: [14/40], Step: [281/782], Loss: 0.3319089710712433
Rank:0 Epoch: [14/40], Step: [291/782], Loss: 0.19252000749111176
Rank:0 Epoch: [14/40], Step: [301/782], Loss: 0.3175249993801117
Rank:0 Epoch: [14/40], Step: [311/782], Loss: 0.26293066143989563
Rank:0 Epoch: [14/40], Step: [321/782], Loss: 0.16168616712093353
Rank:0 Epoch: [14/40], Step: [331/782], Loss: 0.3246814012527466
Rank:0 Epoch: [14/40], Step: [341/782], Loss: 0.3351723551750183
Rank:0 Epoch: [14/40], Step: [351/782], Loss: 0.14152337610721588
Rank:0 Epoch: [14/40], Step: [361/782], Loss: 0.42671361565589905
Rank:0 Epoch: [14/40], Step: [371/782], Loss: 0.396193265914917
Rank:0 Epoch: [14/40], Step: [381/782], Loss: 0.289418488740921
Rank:0 Epoch: [14/40], Step: [391/782], Loss: 0.1737787276506424
Rank:0 Epoch: [14/40], Step: [401/782], Loss: 0.23372095823287964
Rank:0 Epoch: [14/40], Step: [411/782], Loss: 0.3170906603336334
Rank:0 Epoch: [14/40], Step: [421/782], Loss: 0.26311296224594116
Rank:0 Epoch: [14/40], Step: [431/782], Loss: 0.4776507318019867
Rank:0 Epoch: [14/40], Step: [441/782], Loss: 0.2482283115386963
Rank:0 Epoch: [14/40], Step: [451/782], Loss: 0.38178175687789917
Rank:0 Epoch: [14/40], Step: [461/782], Loss: 0.37338531017303467
Rank:0 Epoch: [14/40], Step: [471/782], Loss: 0.2738294005393982
Rank:0 Epoch: [14/40], Step: [481/782], Loss: 0.3246169090270996
Rank:0 Epoch: [14/40], Step: [491/782], Loss: 0.3633710741996765
Rank:0 Epoch: [14/40], Step: [501/782], Loss: 0.3784879446029663
Rank:0 Epoch: [14/40], Step: [511/782], Loss: 0.2533758580684662
Rank:0 Epoch: [14/40], Step: [521/782], Loss: 0.22661128640174866
Rank:0 Epoch: [14/40], Step: [531/782], Loss: 0.11597318202257156
Rank:0 Epoch: [14/40], Step: [541/782], Loss: 0.2899712324142456
Rank:0 Epoch: [14/40], Step: [551/782], Loss: 0.19342708587646484
Rank:0 Epoch: [14/40], Step: [561/782], Loss: 0.17502383887767792
Rank:0 Epoch: [14/40], Step: [571/782], Loss: 0.19730758666992188
Rank:0 Epoch: [14/40], Step: [581/782], Loss: 0.24358069896697998
Rank:0 Epoch: [14/40], Step: [591/782], Loss: 0.16908107697963715
Rank:0 Epoch: [14/40], Step: [601/782], Loss: 0.34827354550361633
Rank:0 Epoch: [14/40], Step: [611/782], Loss: 0.2927176058292389
Rank:0 Epoch: [14/40], Step: [621/782], Loss: 0.14859023690223694
Rank:0 Epoch: [14/40], Step: [631/782], Loss: 0.28614020347595215
Rank:0 Epoch: [14/40], Step: [641/782], Loss: 0.22847293317317963
Rank:0 Epoch: [14/40], Step: [651/782], Loss: 0.34759002923965454
Rank:0 Epoch: [14/40], Step: [661/782], Loss: 0.26780879497528076
Rank:0 Epoch: [14/40], Step: [671/782], Loss: 0.2449004203081131
Rank:0 Epoch: [14/40], Step: [681/782], Loss: 0.3642190396785736
Rank:0 Epoch: [14/40], Step: [691/782], Loss: 0.20121824741363525
Rank:0 Epoch: [14/40], Step: [701/782], Loss: 0.15616606175899506
Rank:0 Epoch: [14/40], Step: [711/782], Loss: 0.29090267419815063
Rank:0 Epoch: [14/40], Step: [721/782], Loss: 0.32601499557495117
Rank:0 Epoch: [14/40], Step: [731/782], Loss: 0.2919127643108368
Rank:0 Epoch: [14/40], Step: [741/782], Loss: 0.09563346952199936
Rank:0 Epoch: [14/40], Step: [751/782], Loss: 0.23223595321178436
Rank:0 Epoch: [14/40], Step: [761/782], Loss: 0.3270539939403534
Rank:0 Epoch: [14/40], Step: [771/782], Loss: 0.12952953577041626
Rank:0 Epoch: [14/40], Step: [781/782], Loss: 0.22325581312179565
Current Test Acc: 0.8665
Rank:0 Epoch: [15/40], Step: [1/782], Loss: 0.262103796005249
Rank:0 Epoch: [15/40], Step: [11/782], Loss: 0.5291727185249329
Rank:0 Epoch: [15/40], Step: [21/782], Loss: 0.21257850527763367
Rank:0 Epoch: [15/40], Step: [31/782], Loss: 0.2701290249824524
Rank:0 Epoch: [15/40], Step: [41/782], Loss: 0.2512724697589874
Rank:0 Epoch: [15/40], Step: [51/782], Loss: 0.28181689977645874
Rank:0 Epoch: [15/40], Step: [61/782], Loss: 0.1264944076538086
Rank:0 Epoch: [15/40], Step: [71/782], Loss: 0.20894621312618256
Rank:0 Epoch: [15/40], Step: [81/782], Loss: 0.24503295123577118
Rank:0 Epoch: [15/40], Step: [91/782], Loss: 0.20948854088783264
Rank:0 Epoch: [15/40], Step: [101/782], Loss: 0.19204246997833252
Rank:0 Epoch: [15/40], Step: [111/782], Loss: 0.20742589235305786
Rank:0 Epoch: [15/40], Step: [121/782], Loss: 0.1834576278924942
Rank:0 Epoch: [15/40], Step: [131/782], Loss: 0.25858598947525024
Rank:0 Epoch: [15/40], Step: [141/782], Loss: 0.19338500499725342
Rank:0 Epoch: [15/40], Step: [151/782], Loss: 0.14622221887111664
Rank:0 Epoch: [15/40], Step: [161/782], Loss: 0.48216280341148376
Rank:0 Epoch: [15/40], Step: [171/782], Loss: 0.18979112803936005
Rank:0 Epoch: [15/40], Step: [181/782], Loss: 0.20852170884609222
Rank:0 Epoch: [15/40], Step: [191/782], Loss: 0.2969158887863159
Rank:0 Epoch: [15/40], Step: [201/782], Loss: 0.4038759171962738
Rank:0 Epoch: [15/40], Step: [211/782], Loss: 0.2722841203212738
Rank:0 Epoch: [15/40], Step: [221/782], Loss: 0.2252558171749115
Rank:0 Epoch: [15/40], Step: [231/782], Loss: 0.36243271827697754
Rank:0 Epoch: [15/40], Step: [241/782], Loss: 0.3041995167732239
Rank:0 Epoch: [15/40], Step: [251/782], Loss: 0.2058320790529251
Rank:0 Epoch: [15/40], Step: [261/782], Loss: 0.14720064401626587
Rank:0 Epoch: [15/40], Step: [271/782], Loss: 0.245534285902977
Rank:0 Epoch: [15/40], Step: [281/782], Loss: 0.20421548187732697
Rank:0 Epoch: [15/40], Step: [291/782], Loss: 0.4167574346065521
Rank:0 Epoch: [15/40], Step: [301/782], Loss: 0.15258671343326569
Rank:0 Epoch: [15/40], Step: [311/782], Loss: 0.18720659613609314
Rank:0 Epoch: [15/40], Step: [321/782], Loss: 0.2562413811683655
Rank:0 Epoch: [15/40], Step: [331/782], Loss: 0.41369953751564026
Rank:0 Epoch: [15/40], Step: [341/782], Loss: 0.30466213822364807
Rank:0 Epoch: [15/40], Step: [351/782], Loss: 0.3573867380619049
Rank:0 Epoch: [15/40], Step: [361/782], Loss: 0.278235524892807
Rank:0 Epoch: [15/40], Step: [371/782], Loss: 0.25875893235206604
Rank:0 Epoch: [15/40], Step: [381/782], Loss: 0.5892372131347656
Rank:0 Epoch: [15/40], Step: [391/782], Loss: 0.1706651747226715
Rank:0 Epoch: [15/40], Step: [401/782], Loss: 0.2019987404346466
Rank:0 Epoch: [15/40], Step: [411/782], Loss: 0.2519075870513916
Rank:0 Epoch: [15/40], Step: [421/782], Loss: 0.19756431877613068
Rank:0 Epoch: [15/40], Step: [431/782], Loss: 0.40211576223373413
Rank:0 Epoch: [15/40], Step: [441/782], Loss: 0.23393245041370392
Rank:0 Epoch: [15/40], Step: [451/782], Loss: 0.1926010400056839
Rank:0 Epoch: [15/40], Step: [461/782], Loss: 0.27476465702056885
Rank:0 Epoch: [15/40], Step: [471/782], Loss: 0.26958900690078735
Rank:0 Epoch: [15/40], Step: [481/782], Loss: 0.31902530789375305
Rank:0 Epoch: [15/40], Step: [491/782], Loss: 0.29046133160591125
Rank:0 Epoch: [15/40], Step: [501/782], Loss: 0.2395399808883667
Rank:0 Epoch: [15/40], Step: [511/782], Loss: 0.3149757385253906
Rank:0 Epoch: [15/40], Step: [521/782], Loss: 0.21583779156208038
Rank:0 Epoch: [15/40], Step: [531/782], Loss: 0.2508752644062042
Rank:0 Epoch: [15/40], Step: [541/782], Loss: 0.25223544239997864
Rank:0 Epoch: [15/40], Step: [551/782], Loss: 0.2872248888015747
Rank:0 Epoch: [15/40], Step: [561/782], Loss: 0.2534198760986328
Rank:0 Epoch: [15/40], Step: [571/782], Loss: 0.4065614640712738
Rank:0 Epoch: [15/40], Step: [581/782], Loss: 0.2751656770706177
Rank:0 Epoch: [15/40], Step: [591/782], Loss: 0.20205608010292053
Rank:0 Epoch: [15/40], Step: [601/782], Loss: 0.3097078502178192
Rank:0 Epoch: [15/40], Step: [611/782], Loss: 0.2592824399471283
Rank:0 Epoch: [15/40], Step: [621/782], Loss: 0.31458738446235657
Rank:0 Epoch: [15/40], Step: [631/782], Loss: 0.21302847564220428
Rank:0 Epoch: [15/40], Step: [641/782], Loss: 0.2814573049545288
Rank:0 Epoch: [15/40], Step: [651/782], Loss: 0.25199055671691895
Rank:0 Epoch: [15/40], Step: [661/782], Loss: 0.19229327142238617
Rank:0 Epoch: [15/40], Step: [671/782], Loss: 0.17940391600131989
Rank:0 Epoch: [15/40], Step: [681/782], Loss: 0.24991336464881897
Rank:0 Epoch: [15/40], Step: [691/782], Loss: 0.4896559715270996
Rank:0 Epoch: [15/40], Step: [701/782], Loss: 0.198875293135643
Rank:0 Epoch: [15/40], Step: [711/782], Loss: 0.44592198729515076
Rank:0 Epoch: [15/40], Step: [721/782], Loss: 0.21914058923721313
Rank:0 Epoch: [15/40], Step: [731/782], Loss: 0.3753194212913513
Rank:0 Epoch: [15/40], Step: [741/782], Loss: 0.23372656106948853
Rank:0 Epoch: [15/40], Step: [751/782], Loss: 0.1678672581911087
Rank:0 Epoch: [15/40], Step: [761/782], Loss: 0.35814210772514343
Rank:0 Epoch: [15/40], Step: [771/782], Loss: 0.3726683557033539
Rank:0 Epoch: [15/40], Step: [781/782], Loss: 0.20998941361904144
Current Test Acc: 0.8437
Rank:0 Epoch: [16/40], Step: [1/782], Loss: 0.488437682390213
Rank:0 Epoch: [16/40], Step: [11/782], Loss: 0.3783591389656067
Rank:0 Epoch: [16/40], Step: [21/782], Loss: 0.28162941336631775
Rank:0 Epoch: [16/40], Step: [31/782], Loss: 0.2832942008972168
Rank:0 Epoch: [16/40], Step: [41/782], Loss: 0.21730920672416687
Rank:0 Epoch: [16/40], Step: [51/782], Loss: 0.226376473903656
Rank:0 Epoch: [16/40], Step: [61/782], Loss: 0.24961359798908234
Rank:0 Epoch: [16/40], Step: [71/782], Loss: 0.22064250707626343
Rank:0 Epoch: [16/40], Step: [81/782], Loss: 0.18109366297721863
Rank:0 Epoch: [16/40], Step: [91/782], Loss: 0.2352081537246704
Rank:0 Epoch: [16/40], Step: [101/782], Loss: 0.35061585903167725
Rank:0 Epoch: [16/40], Step: [111/782], Loss: 0.3031553626060486
Rank:0 Epoch: [16/40], Step: [121/782], Loss: 0.2981796860694885
Rank:0 Epoch: [16/40], Step: [131/782], Loss: 0.24087990820407867
Rank:0 Epoch: [16/40], Step: [141/782], Loss: 0.14797058701515198
Rank:0 Epoch: [16/40], Step: [151/782], Loss: 0.1961723268032074
Rank:0 Epoch: [16/40], Step: [161/782], Loss: 0.26251736283302307
Rank:0 Epoch: [16/40], Step: [171/782], Loss: 0.35646289587020874
Rank:0 Epoch: [16/40], Step: [181/782], Loss: 0.18059886991977692
Rank:0 Epoch: [16/40], Step: [191/782], Loss: 0.2478979527950287
Rank:0 Epoch: [16/40], Step: [201/782], Loss: 0.2618686854839325
Rank:0 Epoch: [16/40], Step: [211/782], Loss: 0.28930312395095825
Rank:0 Epoch: [16/40], Step: [221/782], Loss: 0.29513904452323914
Rank:0 Epoch: [16/40], Step: [231/782], Loss: 0.1878306269645691
Rank:0 Epoch: [16/40], Step: [241/782], Loss: 0.2185334414243698
Rank:0 Epoch: [16/40], Step: [251/782], Loss: 0.2313997745513916
Rank:0 Epoch: [16/40], Step: [261/782], Loss: 0.28963202238082886
Rank:0 Epoch: [16/40], Step: [271/782], Loss: 0.13472820818424225
Rank:0 Epoch: [16/40], Step: [281/782], Loss: 0.30995437502861023
Rank:0 Epoch: [16/40], Step: [291/782], Loss: 0.24237890541553497
Rank:0 Epoch: [16/40], Step: [301/782], Loss: 0.24423526227474213
Rank:0 Epoch: [16/40], Step: [311/782], Loss: 0.2644917368888855
Rank:0 Epoch: [16/40], Step: [321/782], Loss: 0.3111221194267273
Rank:0 Epoch: [16/40], Step: [331/782], Loss: 0.42926010489463806
Rank:0 Epoch: [16/40], Step: [341/782], Loss: 0.19001704454421997
Rank:0 Epoch: [16/40], Step: [351/782], Loss: 0.20456454157829285
Rank:0 Epoch: [16/40], Step: [361/782], Loss: 0.26935550570487976
Rank:0 Epoch: [16/40], Step: [371/782], Loss: 0.318949818611145
Rank:0 Epoch: [16/40], Step: [381/782], Loss: 0.2452770620584488
Rank:0 Epoch: [16/40], Step: [391/782], Loss: 0.17569737136363983
Rank:0 Epoch: [16/40], Step: [401/782], Loss: 0.23017171025276184
Rank:0 Epoch: [16/40], Step: [411/782], Loss: 0.8046536445617676
Rank:0 Epoch: [16/40], Step: [421/782], Loss: 0.4559648036956787
Rank:0 Epoch: [16/40], Step: [431/782], Loss: 0.2754223942756653
Rank:0 Epoch: [16/40], Step: [441/782], Loss: 0.3279242217540741
Rank:0 Epoch: [16/40], Step: [451/782], Loss: 0.2644422948360443
Rank:0 Epoch: [16/40], Step: [461/782], Loss: 0.18174901604652405
Rank:0 Epoch: [16/40], Step: [471/782], Loss: 0.3093283772468567
Rank:0 Epoch: [16/40], Step: [481/782], Loss: 0.23533092439174652
Rank:0 Epoch: [16/40], Step: [491/782], Loss: 0.19365599751472473
Rank:0 Epoch: [16/40], Step: [501/782], Loss: 0.29082000255584717
Rank:0 Epoch: [16/40], Step: [511/782], Loss: 0.23532116413116455
Rank:0 Epoch: [16/40], Step: [521/782], Loss: 0.2614710032939911
Rank:0 Epoch: [16/40], Step: [531/782], Loss: 0.21951425075531006
Rank:0 Epoch: [16/40], Step: [541/782], Loss: 0.1582956314086914
Rank:0 Epoch: [16/40], Step: [551/782], Loss: 0.18782858550548553
Rank:0 Epoch: [16/40], Step: [561/782], Loss: 0.2569098472595215
Rank:0 Epoch: [16/40], Step: [571/782], Loss: 0.19923770427703857
Rank:0 Epoch: [16/40], Step: [581/782], Loss: 0.23428474366664886
Rank:0 Epoch: [16/40], Step: [591/782], Loss: 0.2279655486345291
Rank:0 Epoch: [16/40], Step: [601/782], Loss: 0.20820415019989014
Rank:0 Epoch: [16/40], Step: [611/782], Loss: 0.2888566851615906
Rank:0 Epoch: [16/40], Step: [621/782], Loss: 0.29988113045692444
Rank:0 Epoch: [16/40], Step: [631/782], Loss: 0.2800387144088745
Rank:0 Epoch: [16/40], Step: [641/782], Loss: 0.32255715131759644
Rank:0 Epoch: [16/40], Step: [651/782], Loss: 0.13032865524291992
Rank:0 Epoch: [16/40], Step: [661/782], Loss: 0.45559996366500854
Rank:0 Epoch: [16/40], Step: [671/782], Loss: 0.2314067780971527
Rank:0 Epoch: [16/40], Step: [681/782], Loss: 0.1540253609418869
Rank:0 Epoch: [16/40], Step: [691/782], Loss: 0.2749238908290863
Rank:0 Epoch: [16/40], Step: [701/782], Loss: 0.21900971233844757
Rank:0 Epoch: [16/40], Step: [711/782], Loss: 0.279087632894516
Rank:0 Epoch: [16/40], Step: [721/782], Loss: 0.32809725403785706
Rank:0 Epoch: [16/40], Step: [731/782], Loss: 0.2007524073123932
Rank:0 Epoch: [16/40], Step: [741/782], Loss: 0.29001638293266296
Rank:0 Epoch: [16/40], Step: [751/782], Loss: 0.4211447238922119
Rank:0 Epoch: [16/40], Step: [761/782], Loss: 0.22446881234645844
Rank:0 Epoch: [16/40], Step: [771/782], Loss: 0.3760020434856415
Rank:0 Epoch: [16/40], Step: [781/782], Loss: 0.19287993013858795
Current Test Acc: 0.8621
Rank:0 Epoch: [17/40], Step: [1/782], Loss: 0.14329423010349274
Rank:0 Epoch: [17/40], Step: [11/782], Loss: 0.3256392478942871
Rank:0 Epoch: [17/40], Step: [21/782], Loss: 0.05928433686494827
Rank:0 Epoch: [17/40], Step: [31/782], Loss: 0.20881402492523193
Rank:0 Epoch: [17/40], Step: [41/782], Loss: 0.17699819803237915
Rank:0 Epoch: [17/40], Step: [51/782], Loss: 0.2748744785785675
Rank:0 Epoch: [17/40], Step: [61/782], Loss: 0.26453453302383423
Rank:0 Epoch: [17/40], Step: [71/782], Loss: 0.2239820957183838
Rank:0 Epoch: [17/40], Step: [81/782], Loss: 0.19695913791656494
Rank:0 Epoch: [17/40], Step: [91/782], Loss: 0.13455446064472198
Rank:0 Epoch: [17/40], Step: [101/782], Loss: 0.1962689757347107
Rank:0 Epoch: [17/40], Step: [111/782], Loss: 0.30024489760398865
Rank:0 Epoch: [17/40], Step: [121/782], Loss: 0.14957016706466675
Rank:0 Epoch: [17/40], Step: [131/782], Loss: 0.1813025027513504
Rank:0 Epoch: [17/40], Step: [141/782], Loss: 0.5563454627990723
Rank:0 Epoch: [17/40], Step: [151/782], Loss: 0.07859286665916443
Rank:0 Epoch: [17/40], Step: [161/782], Loss: 0.3221033215522766
Rank:0 Epoch: [17/40], Step: [171/782], Loss: 0.1227119117975235
Rank:0 Epoch: [17/40], Step: [181/782], Loss: 0.27879706025123596
Rank:0 Epoch: [17/40], Step: [191/782], Loss: 0.27242782711982727
Rank:0 Epoch: [17/40], Step: [201/782], Loss: 0.37136271595954895
Rank:0 Epoch: [17/40], Step: [211/782], Loss: 0.3584231436252594
Rank:0 Epoch: [17/40], Step: [221/782], Loss: 0.21886399388313293
Rank:0 Epoch: [17/40], Step: [231/782], Loss: 0.22735528647899628
Rank:0 Epoch: [17/40], Step: [241/782], Loss: 0.1801452934741974
Rank:0 Epoch: [17/40], Step: [251/782], Loss: 0.28913548588752747
Rank:0 Epoch: [17/40], Step: [261/782], Loss: 0.21830055117607117
Rank:0 Epoch: [17/40], Step: [271/782], Loss: 0.1896784007549286
Rank:0 Epoch: [17/40], Step: [281/782], Loss: 0.2043769210577011
Rank:0 Epoch: [17/40], Step: [291/782], Loss: 0.3610842227935791
Rank:0 Epoch: [17/40], Step: [301/782], Loss: 0.13421174883842468
Rank:0 Epoch: [17/40], Step: [311/782], Loss: 0.20706450939178467
Rank:0 Epoch: [17/40], Step: [321/782], Loss: 0.444978803396225
Rank:0 Epoch: [17/40], Step: [331/782], Loss: 0.3419969081878662
Rank:0 Epoch: [17/40], Step: [341/782], Loss: 0.18818789720535278
Rank:0 Epoch: [17/40], Step: [351/782], Loss: 0.25229716300964355
Rank:0 Epoch: [17/40], Step: [361/782], Loss: 0.24938839673995972
Rank:0 Epoch: [17/40], Step: [371/782], Loss: 0.22905105352401733
Rank:0 Epoch: [17/40], Step: [381/782], Loss: 0.30880507826805115
Rank:0 Epoch: [17/40], Step: [391/782], Loss: 0.22568157315254211
Rank:0 Epoch: [17/40], Step: [401/782], Loss: 0.3942301571369171
Rank:0 Epoch: [17/40], Step: [411/782], Loss: 0.22932186722755432
Rank:0 Epoch: [17/40], Step: [421/782], Loss: 0.20418621599674225
Rank:0 Epoch: [17/40], Step: [431/782], Loss: 0.1051042228937149
Rank:0 Epoch: [17/40], Step: [441/782], Loss: 0.31661856174468994
Rank:0 Epoch: [17/40], Step: [451/782], Loss: 0.15709778666496277
Rank:0 Epoch: [17/40], Step: [461/782], Loss: 0.32878121733665466
Rank:0 Epoch: [17/40], Step: [471/782], Loss: 0.2477944791316986
Rank:0 Epoch: [17/40], Step: [481/782], Loss: 0.07119441032409668
Rank:0 Epoch: [17/40], Step: [491/782], Loss: 0.4297785758972168
Rank:0 Epoch: [17/40], Step: [501/782], Loss: 0.18619820475578308
Rank:0 Epoch: [17/40], Step: [511/782], Loss: 0.36115512251853943
Rank:0 Epoch: [17/40], Step: [521/782], Loss: 0.34255725145339966
Rank:0 Epoch: [17/40], Step: [531/782], Loss: 0.4046178162097931
Rank:0 Epoch: [17/40], Step: [541/782], Loss: 0.2707028388977051
Rank:0 Epoch: [17/40], Step: [551/782], Loss: 0.3921208083629608
Rank:0 Epoch: [17/40], Step: [561/782], Loss: 0.3801753520965576
Rank:0 Epoch: [17/40], Step: [571/782], Loss: 0.23199976980686188
Rank:0 Epoch: [17/40], Step: [581/782], Loss: 0.32036271691322327
Rank:0 Epoch: [17/40], Step: [591/782], Loss: 0.25041067600250244
Rank:0 Epoch: [17/40], Step: [601/782], Loss: 0.2014472782611847
Rank:0 Epoch: [17/40], Step: [611/782], Loss: 0.31693997979164124
Rank:0 Epoch: [17/40], Step: [621/782], Loss: 0.3525815010070801
Rank:0 Epoch: [17/40], Step: [631/782], Loss: 0.18973034620285034
Rank:0 Epoch: [17/40], Step: [641/782], Loss: 0.25188595056533813
Rank:0 Epoch: [17/40], Step: [651/782], Loss: 0.22431030869483948
Rank:0 Epoch: [17/40], Step: [661/782], Loss: 0.20874668657779694
Rank:0 Epoch: [17/40], Step: [671/782], Loss: 0.22419336438179016
Rank:0 Epoch: [17/40], Step: [681/782], Loss: 0.24856077134609222
Rank:0 Epoch: [17/40], Step: [691/782], Loss: 0.37159237265586853
Rank:0 Epoch: [17/40], Step: [701/782], Loss: 0.3362075388431549
Rank:0 Epoch: [17/40], Step: [711/782], Loss: 0.2604644298553467
Rank:0 Epoch: [17/40], Step: [721/782], Loss: 0.40277546644210815
Rank:0 Epoch: [17/40], Step: [731/782], Loss: 0.21848329901695251
Rank:0 Epoch: [17/40], Step: [741/782], Loss: 0.24773986637592316
Rank:0 Epoch: [17/40], Step: [751/782], Loss: 0.33862316608428955
Rank:0 Epoch: [17/40], Step: [761/782], Loss: 0.3452644646167755
Rank:0 Epoch: [17/40], Step: [771/782], Loss: 0.3222610056400299
Rank:0 Epoch: [17/40], Step: [781/782], Loss: 0.17358899116516113
Current Test Acc: 0.847
Rank:0 Epoch: [18/40], Step: [1/782], Loss: 0.12976834177970886
Rank:0 Epoch: [18/40], Step: [11/782], Loss: 0.15673360228538513
Rank:0 Epoch: [18/40], Step: [21/782], Loss: 0.3670852780342102
Rank:0 Epoch: [18/40], Step: [31/782], Loss: 0.09957144409418106
Rank:0 Epoch: [18/40], Step: [41/782], Loss: 0.20350179076194763
Rank:0 Epoch: [18/40], Step: [51/782], Loss: 0.2276797592639923
Rank:0 Epoch: [18/40], Step: [61/782], Loss: 0.22140918672084808
Rank:0 Epoch: [18/40], Step: [71/782], Loss: 0.28840476274490356
Rank:0 Epoch: [18/40], Step: [81/782], Loss: 0.19522181153297424
Rank:0 Epoch: [18/40], Step: [91/782], Loss: 0.15018485486507416
Rank:0 Epoch: [18/40], Step: [101/782], Loss: 0.18455398082733154
Rank:0 Epoch: [18/40], Step: [111/782], Loss: 0.14050568640232086
Rank:0 Epoch: [18/40], Step: [121/782], Loss: 0.20379145443439484
Rank:0 Epoch: [18/40], Step: [131/782], Loss: 0.19977161288261414
Rank:0 Epoch: [18/40], Step: [141/782], Loss: 0.18151280283927917
Rank:0 Epoch: [18/40], Step: [151/782], Loss: 0.23926492035388947
Rank:0 Epoch: [18/40], Step: [161/782], Loss: 0.1582844853401184
Rank:0 Epoch: [18/40], Step: [171/782], Loss: 0.25933098793029785
Rank:0 Epoch: [18/40], Step: [181/782], Loss: 0.14165157079696655
Rank:0 Epoch: [18/40], Step: [191/782], Loss: 0.41816577315330505
Rank:0 Epoch: [18/40], Step: [201/782], Loss: 0.33184927701950073
Rank:0 Epoch: [18/40], Step: [211/782], Loss: 0.24224752187728882
Rank:0 Epoch: [18/40], Step: [221/782], Loss: 0.16444453597068787
Rank:0 Epoch: [18/40], Step: [231/782], Loss: 0.07999705523252487
Rank:0 Epoch: [18/40], Step: [241/782], Loss: 0.2144346833229065
Rank:0 Epoch: [18/40], Step: [251/782], Loss: 0.23020969331264496
Rank:0 Epoch: [18/40], Step: [261/782], Loss: 0.5054352283477783
Rank:0 Epoch: [18/40], Step: [271/782], Loss: 0.22380198538303375
Rank:0 Epoch: [18/40], Step: [281/782], Loss: 0.3040376305580139
Rank:0 Epoch: [18/40], Step: [291/782], Loss: 0.34086841344833374
Rank:0 Epoch: [18/40], Step: [301/782], Loss: 0.2654767334461212
Rank:0 Epoch: [18/40], Step: [311/782], Loss: 0.2084527611732483
Rank:0 Epoch: [18/40], Step: [321/782], Loss: 0.25346508622169495
Rank:0 Epoch: [18/40], Step: [331/782], Loss: 0.3421888053417206
Rank:0 Epoch: [18/40], Step: [341/782], Loss: 0.5361173748970032
Rank:0 Epoch: [18/40], Step: [351/782], Loss: 0.5203696489334106
Rank:0 Epoch: [18/40], Step: [361/782], Loss: 0.26355889439582825
Rank:0 Epoch: [18/40], Step: [371/782], Loss: 0.28672298789024353
Rank:0 Epoch: [18/40], Step: [381/782], Loss: 0.05269232392311096
Rank:0 Epoch: [18/40], Step: [391/782], Loss: 0.37264662981033325
Rank:0 Epoch: [18/40], Step: [401/782], Loss: 0.1951354444026947
Rank:0 Epoch: [18/40], Step: [411/782], Loss: 0.13212347030639648
Rank:0 Epoch: [18/40], Step: [421/782], Loss: 0.2404775619506836
Rank:0 Epoch: [18/40], Step: [431/782], Loss: 0.30859583616256714
Rank:0 Epoch: [18/40], Step: [441/782], Loss: 0.12087499350309372
Rank:0 Epoch: [18/40], Step: [451/782], Loss: 0.20670902729034424
Rank:0 Epoch: [18/40], Step: [461/782], Loss: 0.36324313282966614
Rank:0 Epoch: [18/40], Step: [471/782], Loss: 0.30983614921569824
Rank:0 Epoch: [18/40], Step: [481/782], Loss: 0.21068069338798523
Rank:0 Epoch: [18/40], Step: [491/782], Loss: 0.20913517475128174
Rank:0 Epoch: [18/40], Step: [501/782], Loss: 0.26126596331596375
Rank:0 Epoch: [18/40], Step: [511/782], Loss: 0.17588448524475098
Rank:0 Epoch: [18/40], Step: [521/782], Loss: 0.17061609029769897
Rank:0 Epoch: [18/40], Step: [531/782], Loss: 0.34837567806243896
Rank:0 Epoch: [18/40], Step: [541/782], Loss: 0.28228676319122314
Rank:0 Epoch: [18/40], Step: [551/782], Loss: 0.17166495323181152
Rank:0 Epoch: [18/40], Step: [561/782], Loss: 0.45621368288993835
Rank:0 Epoch: [18/40], Step: [571/782], Loss: 0.43237176537513733
Rank:0 Epoch: [18/40], Step: [581/782], Loss: 0.2454506754875183
Rank:0 Epoch: [18/40], Step: [591/782], Loss: 0.2785726487636566
Rank:0 Epoch: [18/40], Step: [601/782], Loss: 0.2889346182346344
Rank:0 Epoch: [18/40], Step: [611/782], Loss: 0.4417792558670044
Rank:0 Epoch: [18/40], Step: [621/782], Loss: 0.1820153146982193
Rank:0 Epoch: [18/40], Step: [631/782], Loss: 0.4245055615901947
Rank:0 Epoch: [18/40], Step: [641/782], Loss: 0.3539973497390747
Rank:0 Epoch: [18/40], Step: [651/782], Loss: 0.19543500244617462
Rank:0 Epoch: [18/40], Step: [661/782], Loss: 0.33422061800956726
Rank:0 Epoch: [18/40], Step: [671/782], Loss: 0.2382713407278061
Rank:0 Epoch: [18/40], Step: [681/782], Loss: 0.23598982393741608
Rank:0 Epoch: [18/40], Step: [691/782], Loss: 0.25735411047935486
Rank:0 Epoch: [18/40], Step: [701/782], Loss: 0.36413323879241943
Rank:0 Epoch: [18/40], Step: [711/782], Loss: 0.30006155371665955
Rank:0 Epoch: [18/40], Step: [721/782], Loss: 0.2426614761352539
Rank:0 Epoch: [18/40], Step: [731/782], Loss: 0.09935272485017776
Rank:0 Epoch: [18/40], Step: [741/782], Loss: 0.23202213644981384
Rank:0 Epoch: [18/40], Step: [751/782], Loss: 0.15172375738620758
Rank:0 Epoch: [18/40], Step: [761/782], Loss: 0.4039364457130432
Rank:0 Epoch: [18/40], Step: [771/782], Loss: 0.22584718465805054
Rank:0 Epoch: [18/40], Step: [781/782], Loss: 0.3318781554698944
Current Test Acc: 0.8586
Rank:0 Epoch: [19/40], Step: [1/782], Loss: 0.35780641436576843
Rank:0 Epoch: [19/40], Step: [11/782], Loss: 0.20565925538539886
Rank:0 Epoch: [19/40], Step: [21/782], Loss: 0.17707741260528564
Rank:0 Epoch: [19/40], Step: [31/782], Loss: 0.13277679681777954
Rank:0 Epoch: [19/40], Step: [41/782], Loss: 0.1322602927684784
Rank:0 Epoch: [19/40], Step: [51/782], Loss: 0.22036606073379517
Rank:0 Epoch: [19/40], Step: [61/782], Loss: 0.10537101328372955
Rank:0 Epoch: [19/40], Step: [71/782], Loss: 0.09633152186870575
Rank:0 Epoch: [19/40], Step: [81/782], Loss: 0.19994181394577026
Rank:0 Epoch: [19/40], Step: [91/782], Loss: 0.5057966709136963
Rank:0 Epoch: [19/40], Step: [101/782], Loss: 0.22381210327148438
Rank:0 Epoch: [19/40], Step: [111/782], Loss: 0.16006819903850555
Rank:0 Epoch: [19/40], Step: [121/782], Loss: 0.41794553399086
Rank:0 Epoch: [19/40], Step: [131/782], Loss: 0.2445649802684784
Rank:0 Epoch: [19/40], Step: [141/782], Loss: 0.2941702604293823
Rank:0 Epoch: [19/40], Step: [151/782], Loss: 0.25847581028938293
Rank:0 Epoch: [19/40], Step: [161/782], Loss: 0.10797768831253052
Rank:0 Epoch: [19/40], Step: [171/782], Loss: 0.2906271517276764
Rank:0 Epoch: [19/40], Step: [181/782], Loss: 0.16195477545261383
Rank:0 Epoch: [19/40], Step: [191/782], Loss: 0.2305651307106018
Rank:0 Epoch: [19/40], Step: [201/782], Loss: 0.22897349298000336
Rank:0 Epoch: [19/40], Step: [211/782], Loss: 0.32394856214523315
Rank:0 Epoch: [19/40], Step: [221/782], Loss: 0.3715396523475647
Rank:0 Epoch: [19/40], Step: [231/782], Loss: 0.25446823239326477
Rank:0 Epoch: [19/40], Step: [241/782], Loss: 0.23726829886436462
Rank:0 Epoch: [19/40], Step: [251/782], Loss: 0.22870638966560364
Rank:0 Epoch: [19/40], Step: [261/782], Loss: 0.37909460067749023
Rank:0 Epoch: [19/40], Step: [271/782], Loss: 0.26328885555267334
Rank:0 Epoch: [19/40], Step: [281/782], Loss: 0.2775726020336151
Rank:0 Epoch: [19/40], Step: [291/782], Loss: 0.4749106168746948
Rank:0 Epoch: [19/40], Step: [301/782], Loss: 0.3390810787677765
Rank:0 Epoch: [19/40], Step: [311/782], Loss: 0.22963586449623108
Rank:0 Epoch: [19/40], Step: [321/782], Loss: 0.23076923191547394
Rank:0 Epoch: [19/40], Step: [331/782], Loss: 0.15364782512187958
Rank:0 Epoch: [19/40], Step: [341/782], Loss: 0.37995943427085876
Rank:0 Epoch: [19/40], Step: [351/782], Loss: 0.29488039016723633
Rank:0 Epoch: [19/40], Step: [361/782], Loss: 0.3241948187351227
Rank:0 Epoch: [19/40], Step: [371/782], Loss: 0.15958021581172943
Rank:0 Epoch: [19/40], Step: [381/782], Loss: 0.10375139117240906
Rank:0 Epoch: [19/40], Step: [391/782], Loss: 0.20754408836364746
Rank:0 Epoch: [19/40], Step: [401/782], Loss: 0.3510805368423462
Rank:0 Epoch: [19/40], Step: [411/782], Loss: 0.32696279883384705
Rank:0 Epoch: [19/40], Step: [421/782], Loss: 0.18774709105491638
Rank:0 Epoch: [19/40], Step: [431/782], Loss: 0.28634947538375854
Rank:0 Epoch: [19/40], Step: [441/782], Loss: 0.275951623916626
Rank:0 Epoch: [19/40], Step: [451/782], Loss: 0.20255939662456512
Rank:0 Epoch: [19/40], Step: [461/782], Loss: 0.1865798681974411
Rank:0 Epoch: [19/40], Step: [471/782], Loss: 0.14252735674381256
Rank:0 Epoch: [19/40], Step: [481/782], Loss: 0.20358136296272278
Rank:0 Epoch: [19/40], Step: [491/782], Loss: 0.10881541669368744
Rank:0 Epoch: [19/40], Step: [501/782], Loss: 0.3624415099620819
Rank:0 Epoch: [19/40], Step: [511/782], Loss: 0.3551921844482422
Rank:0 Epoch: [19/40], Step: [521/782], Loss: 0.4975016415119171
Rank:0 Epoch: [19/40], Step: [531/782], Loss: 0.24140499532222748
Rank:0 Epoch: [19/40], Step: [541/782], Loss: 0.3536541759967804
Rank:0 Epoch: [19/40], Step: [551/782], Loss: 0.21087370812892914
Rank:0 Epoch: [19/40], Step: [561/782], Loss: 0.09264011681079865
Rank:0 Epoch: [19/40], Step: [571/782], Loss: 0.1512465924024582
Rank:0 Epoch: [19/40], Step: [581/782], Loss: 0.25255194306373596
Rank:0 Epoch: [19/40], Step: [591/782], Loss: 0.30306047201156616
Rank:0 Epoch: [19/40], Step: [601/782], Loss: 0.11542434245347977
Rank:0 Epoch: [19/40], Step: [611/782], Loss: 0.17827410995960236
Rank:0 Epoch: [19/40], Step: [621/782], Loss: 0.19065916538238525
Rank:0 Epoch: [19/40], Step: [631/782], Loss: 0.162815123796463
Rank:0 Epoch: [19/40], Step: [641/782], Loss: 0.4258764386177063
Rank:0 Epoch: [19/40], Step: [651/782], Loss: 0.46881920099258423
Rank:0 Epoch: [19/40], Step: [661/782], Loss: 0.18705178797245026
Rank:0 Epoch: [19/40], Step: [671/782], Loss: 0.2924295961856842
Rank:0 Epoch: [19/40], Step: [681/782], Loss: 0.23362044990062714
Rank:0 Epoch: [19/40], Step: [691/782], Loss: 0.2721927762031555
Rank:0 Epoch: [19/40], Step: [701/782], Loss: 0.25914618372917175
Rank:0 Epoch: [19/40], Step: [711/782], Loss: 0.4020746052265167
Rank:0 Epoch: [19/40], Step: [721/782], Loss: 0.23773740231990814
Rank:0 Epoch: [19/40], Step: [731/782], Loss: 0.3397057056427002
Rank:0 Epoch: [19/40], Step: [741/782], Loss: 0.23546014726161957
Rank:0 Epoch: [19/40], Step: [751/782], Loss: 0.27149948477745056
Rank:0 Epoch: [19/40], Step: [761/782], Loss: 0.10374501347541809
Rank:0 Epoch: [19/40], Step: [771/782], Loss: 0.19080455601215363
Rank:0 Epoch: [19/40], Step: [781/782], Loss: 0.38593152165412903
Current Test Acc: 0.8517
Rank:0 Epoch: [20/40], Step: [1/782], Loss: 0.18878059089183807
Rank:0 Epoch: [20/40], Step: [11/782], Loss: 0.1483236402273178
Rank:0 Epoch: [20/40], Step: [21/782], Loss: 0.14152897894382477
Rank:0 Epoch: [20/40], Step: [31/782], Loss: 0.24135592579841614
Rank:0 Epoch: [20/40], Step: [41/782], Loss: 0.268451064825058
Rank:0 Epoch: [20/40], Step: [51/782], Loss: 0.18394094705581665
Rank:0 Epoch: [20/40], Step: [61/782], Loss: 0.27887073159217834
Rank:0 Epoch: [20/40], Step: [71/782], Loss: 0.18360383808612823
Rank:0 Epoch: [20/40], Step: [81/782], Loss: 0.12640784680843353
Rank:0 Epoch: [20/40], Step: [91/782], Loss: 0.15542396903038025
Rank:0 Epoch: [20/40], Step: [101/782], Loss: 0.17916542291641235
Rank:0 Epoch: [20/40], Step: [111/782], Loss: 0.21471697092056274
Rank:0 Epoch: [20/40], Step: [121/782], Loss: 0.2743619382381439
Rank:0 Epoch: [20/40], Step: [131/782], Loss: 0.5140320062637329
Rank:0 Epoch: [20/40], Step: [141/782], Loss: 0.28446710109710693
Rank:0 Epoch: [20/40], Step: [151/782], Loss: 0.20551638305187225
Rank:0 Epoch: [20/40], Step: [161/782], Loss: 0.29881715774536133
Rank:0 Epoch: [20/40], Step: [171/782], Loss: 0.15046679973602295
Rank:0 Epoch: [20/40], Step: [181/782], Loss: 0.3559359908103943
Rank:0 Epoch: [20/40], Step: [191/782], Loss: 0.2642228305339813
Rank:0 Epoch: [20/40], Step: [201/782], Loss: 0.22927424311637878
Rank:0 Epoch: [20/40], Step: [211/782], Loss: 0.18797947466373444
Rank:0 Epoch: [20/40], Step: [221/782], Loss: 0.13778042793273926
Rank:0 Epoch: [20/40], Step: [231/782], Loss: 0.32994550466537476
Rank:0 Epoch: [20/40], Step: [241/782], Loss: 0.250899076461792
Rank:0 Epoch: [20/40], Step: [251/782], Loss: 0.20949402451515198
Rank:0 Epoch: [20/40], Step: [261/782], Loss: 0.17536704242229462
Rank:0 Epoch: [20/40], Step: [271/782], Loss: 0.09834876656532288
Rank:0 Epoch: [20/40], Step: [281/782], Loss: 0.3929678499698639
Rank:0 Epoch: [20/40], Step: [291/782], Loss: 0.27540886402130127
Rank:0 Epoch: [20/40], Step: [301/782], Loss: 0.26446714997291565
Rank:0 Epoch: [20/40], Step: [311/782], Loss: 0.10693366825580597
Rank:0 Epoch: [20/40], Step: [321/782], Loss: 0.19068187475204468
Rank:0 Epoch: [20/40], Step: [331/782], Loss: 0.24771371483802795
Rank:0 Epoch: [20/40], Step: [341/782], Loss: 0.14110226929187775
Rank:0 Epoch: [20/40], Step: [351/782], Loss: 0.07722146809101105
Rank:0 Epoch: [20/40], Step: [361/782], Loss: 0.15523789823055267
Rank:0 Epoch: [20/40], Step: [371/782], Loss: 0.12577199935913086
Rank:0 Epoch: [20/40], Step: [381/782], Loss: 0.33478501439094543
Rank:0 Epoch: [20/40], Step: [391/782], Loss: 0.10133568942546844
Rank:0 Epoch: [20/40], Step: [401/782], Loss: 0.3254818022251129
Rank:0 Epoch: [20/40], Step: [411/782], Loss: 0.3128528594970703
Rank:0 Epoch: [20/40], Step: [421/782], Loss: 0.24790962040424347
Rank:0 Epoch: [20/40], Step: [431/782], Loss: 0.29992809891700745
Rank:0 Epoch: [20/40], Step: [441/782], Loss: 0.11651831120252609
Rank:0 Epoch: [20/40], Step: [451/782], Loss: 0.23223794996738434
Rank:0 Epoch: [20/40], Step: [461/782], Loss: 0.3065081834793091
Rank:0 Epoch: [20/40], Step: [471/782], Loss: 0.3681647777557373
Rank:0 Epoch: [20/40], Step: [481/782], Loss: 0.35162487626075745
Rank:0 Epoch: [20/40], Step: [491/782], Loss: 0.31395775079727173
Rank:0 Epoch: [20/40], Step: [501/782], Loss: 0.4128722548484802
Rank:0 Epoch: [20/40], Step: [511/782], Loss: 0.2075299322605133
Rank:0 Epoch: [20/40], Step: [521/782], Loss: 0.0946086198091507
Rank:0 Epoch: [20/40], Step: [531/782], Loss: 0.2700721025466919
Rank:0 Epoch: [20/40], Step: [541/782], Loss: 0.18755291402339935
Rank:0 Epoch: [20/40], Step: [551/782], Loss: 0.285039484500885
Rank:0 Epoch: [20/40], Step: [561/782], Loss: 0.2886161208152771
Rank:0 Epoch: [20/40], Step: [571/782], Loss: 0.2779272794723511
Rank:0 Epoch: [20/40], Step: [581/782], Loss: 0.30619290471076965
Rank:0 Epoch: [20/40], Step: [591/782], Loss: 0.16819480061531067
Rank:0 Epoch: [20/40], Step: [601/782], Loss: 0.5260740518569946
Rank:0 Epoch: [20/40], Step: [611/782], Loss: 0.20432500541210175
Rank:0 Epoch: [20/40], Step: [621/782], Loss: 0.2032470405101776
Rank:0 Epoch: [20/40], Step: [631/782], Loss: 0.42256471514701843
Rank:0 Epoch: [20/40], Step: [641/782], Loss: 0.13139045238494873
Rank:0 Epoch: [20/40], Step: [651/782], Loss: 0.2073887586593628
Rank:0 Epoch: [20/40], Step: [661/782], Loss: 0.08280587941408157
Rank:0 Epoch: [20/40], Step: [671/782], Loss: 0.2870475947856903
Rank:0 Epoch: [20/40], Step: [681/782], Loss: 0.45976948738098145
Rank:0 Epoch: [20/40], Step: [691/782], Loss: 0.38098880648612976
Rank:0 Epoch: [20/40], Step: [701/782], Loss: 0.2247786968946457
Rank:0 Epoch: [20/40], Step: [711/782], Loss: 0.26604342460632324
Rank:0 Epoch: [20/40], Step: [721/782], Loss: 0.21693894267082214
Rank:0 Epoch: [20/40], Step: [731/782], Loss: 0.2859419286251068
Rank:0 Epoch: [20/40], Step: [741/782], Loss: 0.25628557801246643
Rank:0 Epoch: [20/40], Step: [751/782], Loss: 0.4808719754219055
Rank:0 Epoch: [20/40], Step: [761/782], Loss: 0.3056817948818207
Rank:0 Epoch: [20/40], Step: [771/782], Loss: 0.17525969445705414
Rank:0 Epoch: [20/40], Step: [781/782], Loss: 0.13906992971897125
Current Test Acc: 0.8615
Rank:0 Epoch: [21/40], Step: [1/782], Loss: 0.23217128217220306
Rank:0 Epoch: [21/40], Step: [11/782], Loss: 0.27479928731918335
Rank:0 Epoch: [21/40], Step: [21/782], Loss: 0.165711909532547
Rank:0 Epoch: [21/40], Step: [31/782], Loss: 0.134216770529747
Rank:0 Epoch: [21/40], Step: [41/782], Loss: 0.24908332526683807
Rank:0 Epoch: [21/40], Step: [51/782], Loss: 0.2555450201034546
Rank:0 Epoch: [21/40], Step: [61/782], Loss: 0.22314119338989258
Rank:0 Epoch: [21/40], Step: [71/782], Loss: 0.19446928799152374
Rank:0 Epoch: [21/40], Step: [81/782], Loss: 0.06490852683782578
Rank:0 Epoch: [21/40], Step: [91/782], Loss: 0.14193236827850342
Rank:0 Epoch: [21/40], Step: [101/782], Loss: 0.08833301812410355
Rank:0 Epoch: [21/40], Step: [111/782], Loss: 0.08419494330883026
Rank:0 Epoch: [21/40], Step: [121/782], Loss: 0.15607604384422302
Rank:0 Epoch: [21/40], Step: [131/782], Loss: 0.0678238496184349
Rank:0 Epoch: [21/40], Step: [141/782], Loss: 0.07762912660837173
Rank:0 Epoch: [21/40], Step: [151/782], Loss: 0.2744785249233246
Rank:0 Epoch: [21/40], Step: [161/782], Loss: 0.08935963362455368
Rank:0 Epoch: [21/40], Step: [171/782], Loss: 0.1354227364063263
Rank:0 Epoch: [21/40], Step: [181/782], Loss: 0.05702563002705574
Rank:0 Epoch: [21/40], Step: [191/782], Loss: 0.1531318724155426
Rank:0 Epoch: [21/40], Step: [201/782], Loss: 0.07467345148324966
Rank:0 Epoch: [21/40], Step: [211/782], Loss: 0.20292750000953674
Rank:0 Epoch: [21/40], Step: [221/782], Loss: 0.1703920215368271
Rank:0 Epoch: [21/40], Step: [231/782], Loss: 0.17420846223831177
Rank:0 Epoch: [21/40], Step: [241/782], Loss: 0.09095446020364761
Rank:0 Epoch: [21/40], Step: [251/782], Loss: 0.20327560603618622
Rank:0 Epoch: [21/40], Step: [261/782], Loss: 0.06563788652420044
Rank:0 Epoch: [21/40], Step: [271/782], Loss: 0.19422458112239838
Rank:0 Epoch: [21/40], Step: [281/782], Loss: 0.13875222206115723
Rank:0 Epoch: [21/40], Step: [291/782], Loss: 0.045347411185503006
Rank:0 Epoch: [21/40], Step: [301/782], Loss: 0.13189062476158142
Rank:0 Epoch: [21/40], Step: [311/782], Loss: 0.20126552879810333
Rank:0 Epoch: [21/40], Step: [321/782], Loss: 0.08103839308023453
Rank:0 Epoch: [21/40], Step: [331/782], Loss: 0.13516327738761902
Rank:0 Epoch: [21/40], Step: [341/782], Loss: 0.1972862184047699
Rank:0 Epoch: [21/40], Step: [351/782], Loss: 0.14079315960407257
Rank:0 Epoch: [21/40], Step: [361/782], Loss: 0.12096530944108963
Rank:0 Epoch: [21/40], Step: [371/782], Loss: 0.10419143736362457
Rank:0 Epoch: [21/40], Step: [381/782], Loss: 0.14620883762836456
Rank:0 Epoch: [21/40], Step: [391/782], Loss: 0.054746415466070175
Rank:0 Epoch: [21/40], Step: [401/782], Loss: 0.10881942510604858
Rank:0 Epoch: [21/40], Step: [411/782], Loss: 0.16215048730373383
Rank:0 Epoch: [21/40], Step: [421/782], Loss: 0.11690399795770645
Rank:0 Epoch: [21/40], Step: [431/782], Loss: 0.1840355098247528
Rank:0 Epoch: [21/40], Step: [441/782], Loss: 0.08819472789764404
Rank:0 Epoch: [21/40], Step: [451/782], Loss: 0.09183816611766815
Rank:0 Epoch: [21/40], Step: [461/782], Loss: 0.07086824625730515
Rank:0 Epoch: [21/40], Step: [471/782], Loss: 0.04207743704319
Rank:0 Epoch: [21/40], Step: [481/782], Loss: 0.05165576562285423
Rank:0 Epoch: [21/40], Step: [491/782], Loss: 0.15072418749332428
Rank:0 Epoch: [21/40], Step: [501/782], Loss: 0.10376428067684174
Rank:0 Epoch: [21/40], Step: [511/782], Loss: 0.1375678926706314
Rank:0 Epoch: [21/40], Step: [521/782], Loss: 0.07982836663722992
Rank:0 Epoch: [21/40], Step: [531/782], Loss: 0.09882402420043945
Rank:0 Epoch: [21/40], Step: [541/782], Loss: 0.2564072012901306
Rank:0 Epoch: [21/40], Step: [551/782], Loss: 0.14954982697963715
Rank:0 Epoch: [21/40], Step: [561/782], Loss: 0.06041691452264786
Rank:0 Epoch: [21/40], Step: [571/782], Loss: 0.09161593019962311
Rank:0 Epoch: [21/40], Step: [581/782], Loss: 0.25106364488601685
Rank:0 Epoch: [21/40], Step: [591/782], Loss: 0.06361140310764313
Rank:0 Epoch: [21/40], Step: [601/782], Loss: 0.1517568975687027
Rank:0 Epoch: [21/40], Step: [611/782], Loss: 0.12376748025417328
Rank:0 Epoch: [21/40], Step: [621/782], Loss: 0.08089610189199448
Rank:0 Epoch: [21/40], Step: [631/782], Loss: 0.019567610695958138
Rank:0 Epoch: [21/40], Step: [641/782], Loss: 0.06952496618032455
Rank:0 Epoch: [21/40], Step: [651/782], Loss: 0.1891220062971115
Rank:0 Epoch: [21/40], Step: [661/782], Loss: 0.26217687129974365
Rank:0 Epoch: [21/40], Step: [671/782], Loss: 0.13060042262077332
Rank:0 Epoch: [21/40], Step: [681/782], Loss: 0.09931796044111252
Rank:0 Epoch: [21/40], Step: [691/782], Loss: 0.0670517235994339
Rank:0 Epoch: [21/40], Step: [701/782], Loss: 0.1964213252067566
Rank:0 Epoch: [21/40], Step: [711/782], Loss: 0.08020186424255371
Rank:0 Epoch: [21/40], Step: [721/782], Loss: 0.17804135382175446
Rank:0 Epoch: [21/40], Step: [731/782], Loss: 0.23225873708724976
Rank:0 Epoch: [21/40], Step: [741/782], Loss: 0.09809377789497375
Rank:0 Epoch: [21/40], Step: [751/782], Loss: 0.104575514793396
Rank:0 Epoch: [21/40], Step: [761/782], Loss: 0.18153944611549377
Rank:0 Epoch: [21/40], Step: [771/782], Loss: 0.1552945077419281
Rank:0 Epoch: [21/40], Step: [781/782], Loss: 0.15895533561706543
Current Test Acc: 0.9188
Rank:0 Epoch: [22/40], Step: [1/782], Loss: 0.13201047480106354
Rank:0 Epoch: [22/40], Step: [11/782], Loss: 0.15878452360630035
Rank:0 Epoch: [22/40], Step: [21/782], Loss: 0.0520830936729908
Rank:0 Epoch: [22/40], Step: [31/782], Loss: 0.06553196161985397
Rank:0 Epoch: [22/40], Step: [41/782], Loss: 0.08346957713365555
Rank:0 Epoch: [22/40], Step: [51/782], Loss: 0.04436993598937988
Rank:0 Epoch: [22/40], Step: [61/782], Loss: 0.12319797277450562
Rank:0 Epoch: [22/40], Step: [71/782], Loss: 0.16903549432754517
Rank:0 Epoch: [22/40], Step: [81/782], Loss: 0.22568672895431519
Rank:0 Epoch: [22/40], Step: [91/782], Loss: 0.14354509115219116
Rank:0 Epoch: [22/40], Step: [101/782], Loss: 0.03333551064133644
Rank:0 Epoch: [22/40], Step: [111/782], Loss: 0.16232582926750183
Rank:0 Epoch: [22/40], Step: [121/782], Loss: 0.08153738081455231
Rank:0 Epoch: [22/40], Step: [131/782], Loss: 0.098985955119133
Rank:0 Epoch: [22/40], Step: [141/782], Loss: 0.07422396540641785
Rank:0 Epoch: [22/40], Step: [151/782], Loss: 0.03391316533088684
Rank:0 Epoch: [22/40], Step: [161/782], Loss: 0.05512527748942375
Rank:0 Epoch: [22/40], Step: [171/782], Loss: 0.02439993806183338
Rank:0 Epoch: [22/40], Step: [181/782], Loss: 0.049457453191280365
Rank:0 Epoch: [22/40], Step: [191/782], Loss: 0.12328904867172241
Rank:0 Epoch: [22/40], Step: [201/782], Loss: 0.06987310200929642
Rank:0 Epoch: [22/40], Step: [211/782], Loss: 0.05154365301132202
Rank:0 Epoch: [22/40], Step: [221/782], Loss: 0.1158875972032547
Rank:0 Epoch: [22/40], Step: [231/782], Loss: 0.09348613023757935
Rank:0 Epoch: [22/40], Step: [241/782], Loss: 0.1942102164030075
Rank:0 Epoch: [22/40], Step: [251/782], Loss: 0.03039691410958767
Rank:0 Epoch: [22/40], Step: [261/782], Loss: 0.07307226210832596
Rank:0 Epoch: [22/40], Step: [271/782], Loss: 0.08888863027095795
Rank:0 Epoch: [22/40], Step: [281/782], Loss: 0.16151942312717438
Rank:0 Epoch: [22/40], Step: [291/782], Loss: 0.05661805719137192
Rank:0 Epoch: [22/40], Step: [301/782], Loss: 0.0828496590256691
Rank:0 Epoch: [22/40], Step: [311/782], Loss: 0.1649787873029709
Rank:0 Epoch: [22/40], Step: [321/782], Loss: 0.05191178247332573
Rank:0 Epoch: [22/40], Step: [331/782], Loss: 0.16831235587596893
Rank:0 Epoch: [22/40], Step: [341/782], Loss: 0.06261414289474487
Rank:0 Epoch: [22/40], Step: [351/782], Loss: 0.0638456717133522
Rank:0 Epoch: [22/40], Step: [361/782], Loss: 0.16838790476322174
Rank:0 Epoch: [22/40], Step: [371/782], Loss: 0.027431827038526535
Rank:0 Epoch: [22/40], Step: [381/782], Loss: 0.06070249527692795
Rank:0 Epoch: [22/40], Step: [391/782], Loss: 0.24417419731616974
Rank:0 Epoch: [22/40], Step: [401/782], Loss: 0.10782414674758911
Rank:0 Epoch: [22/40], Step: [411/782], Loss: 0.1399596482515335
Rank:0 Epoch: [22/40], Step: [421/782], Loss: 0.17125041782855988
Rank:0 Epoch: [22/40], Step: [431/782], Loss: 0.07108936458826065
Rank:0 Epoch: [22/40], Step: [441/782], Loss: 0.013382422737777233
Rank:0 Epoch: [22/40], Step: [451/782], Loss: 0.04044407606124878
Rank:0 Epoch: [22/40], Step: [461/782], Loss: 0.05158933252096176
Rank:0 Epoch: [22/40], Step: [471/782], Loss: 0.2125367373228073
Rank:0 Epoch: [22/40], Step: [481/782], Loss: 0.02403191663324833
Rank:0 Epoch: [22/40], Step: [491/782], Loss: 0.19310668110847473
Rank:0 Epoch: [22/40], Step: [501/782], Loss: 0.07057855278253555
Rank:0 Epoch: [22/40], Step: [511/782], Loss: 0.17853546142578125
Rank:0 Epoch: [22/40], Step: [521/782], Loss: 0.1874408721923828
Rank:0 Epoch: [22/40], Step: [531/782], Loss: 0.10667688399553299
Rank:0 Epoch: [22/40], Step: [541/782], Loss: 0.09484237432479858
Rank:0 Epoch: [22/40], Step: [551/782], Loss: 0.03602319955825806
Rank:0 Epoch: [22/40], Step: [561/782], Loss: 0.11529868841171265
Rank:0 Epoch: [22/40], Step: [571/782], Loss: 0.04334328696131706
Rank:0 Epoch: [22/40], Step: [581/782], Loss: 0.05319417268037796
Rank:0 Epoch: [22/40], Step: [591/782], Loss: 0.09272759407758713
Rank:0 Epoch: [22/40], Step: [601/782], Loss: 0.11792222410440445
Rank:0 Epoch: [22/40], Step: [611/782], Loss: 0.02452355995774269
Rank:0 Epoch: [22/40], Step: [621/782], Loss: 0.11654724180698395
Rank:0 Epoch: [22/40], Step: [631/782], Loss: 0.17092439532279968
Rank:0 Epoch: [22/40], Step: [641/782], Loss: 0.05410446971654892
Rank:0 Epoch: [22/40], Step: [651/782], Loss: 0.03192926570773125
Rank:0 Epoch: [22/40], Step: [661/782], Loss: 0.0224800705909729
Rank:0 Epoch: [22/40], Step: [671/782], Loss: 0.09754785895347595
Rank:0 Epoch: [22/40], Step: [681/782], Loss: 0.023796837776899338
Rank:0 Epoch: [22/40], Step: [691/782], Loss: 0.11289838701486588
Rank:0 Epoch: [22/40], Step: [701/782], Loss: 0.1148250475525856
Rank:0 Epoch: [22/40], Step: [711/782], Loss: 0.10723547637462616
Rank:0 Epoch: [22/40], Step: [721/782], Loss: 0.1614847481250763
Rank:0 Epoch: [22/40], Step: [731/782], Loss: 0.16089783608913422
Rank:0 Epoch: [22/40], Step: [741/782], Loss: 0.023321334272623062
Rank:0 Epoch: [22/40], Step: [751/782], Loss: 0.03822177276015282
Rank:0 Epoch: [22/40], Step: [761/782], Loss: 0.11111877113580704
Rank:0 Epoch: [22/40], Step: [771/782], Loss: 0.1289917528629303
Rank:0 Epoch: [22/40], Step: [781/782], Loss: 0.029433688148856163
Current Test Acc: 0.9203
Rank:0 Epoch: [23/40], Step: [1/782], Loss: 0.09221529215574265
Rank:0 Epoch: [23/40], Step: [11/782], Loss: 0.10739100724458694
Rank:0 Epoch: [23/40], Step: [21/782], Loss: 0.12548503279685974
Rank:0 Epoch: [23/40], Step: [31/782], Loss: 0.06536290794610977
Rank:0 Epoch: [23/40], Step: [41/782], Loss: 0.07055182009935379
Rank:0 Epoch: [23/40], Step: [51/782], Loss: 0.10133817791938782
Rank:0 Epoch: [23/40], Step: [61/782], Loss: 0.06453172862529755
Rank:0 Epoch: [23/40], Step: [71/782], Loss: 0.10210149735212326
Rank:0 Epoch: [23/40], Step: [81/782], Loss: 0.1064070612192154
Rank:0 Epoch: [23/40], Step: [91/782], Loss: 0.03969154879450798
Rank:0 Epoch: [23/40], Step: [101/782], Loss: 0.05828731507062912
Rank:0 Epoch: [23/40], Step: [111/782], Loss: 0.026452133432030678
Rank:0 Epoch: [23/40], Step: [121/782], Loss: 0.07009121775627136
Rank:0 Epoch: [23/40], Step: [131/782], Loss: 0.11185013502836227
Rank:0 Epoch: [23/40], Step: [141/782], Loss: 0.03329206630587578
Rank:0 Epoch: [23/40], Step: [151/782], Loss: 0.06093645468354225
Rank:0 Epoch: [23/40], Step: [161/782], Loss: 0.22789761424064636
Rank:0 Epoch: [23/40], Step: [171/782], Loss: 0.12468073517084122
Rank:0 Epoch: [23/40], Step: [181/782], Loss: 0.10697071254253387
Rank:0 Epoch: [23/40], Step: [191/782], Loss: 0.0635727047920227
Rank:0 Epoch: [23/40], Step: [201/782], Loss: 0.1557997763156891
Rank:0 Epoch: [23/40], Step: [211/782], Loss: 0.037375837564468384
Rank:0 Epoch: [23/40], Step: [221/782], Loss: 0.09492045640945435
Rank:0 Epoch: [23/40], Step: [231/782], Loss: 0.0966767892241478
Rank:0 Epoch: [23/40], Step: [241/782], Loss: 0.08063437789678574
Rank:0 Epoch: [23/40], Step: [251/782], Loss: 0.1355026215314865
Rank:0 Epoch: [23/40], Step: [261/782], Loss: 0.055570345371961594
Rank:0 Epoch: [23/40], Step: [271/782], Loss: 0.05026209354400635
Rank:0 Epoch: [23/40], Step: [281/782], Loss: 0.11221854388713837
Rank:0 Epoch: [23/40], Step: [291/782], Loss: 0.056076206266880035
Rank:0 Epoch: [23/40], Step: [301/782], Loss: 0.01843671128153801
Rank:0 Epoch: [23/40], Step: [311/782], Loss: 0.02415502443909645
Rank:0 Epoch: [23/40], Step: [321/782], Loss: 0.09304622560739517
Rank:0 Epoch: [23/40], Step: [331/782], Loss: 0.012715506367385387
Rank:0 Epoch: [23/40], Step: [341/782], Loss: 0.16442468762397766
Rank:0 Epoch: [23/40], Step: [351/782], Loss: 0.04418391361832619
Rank:0 Epoch: [23/40], Step: [361/782], Loss: 0.08415060490369797
Rank:0 Epoch: [23/40], Step: [371/782], Loss: 0.031009208410978317
Rank:0 Epoch: [23/40], Step: [381/782], Loss: 0.014732091687619686
Rank:0 Epoch: [23/40], Step: [391/782], Loss: 0.08101093769073486
Rank:0 Epoch: [23/40], Step: [401/782], Loss: 0.1282145231962204
Rank:0 Epoch: [23/40], Step: [411/782], Loss: 0.05192861333489418
Rank:0 Epoch: [23/40], Step: [421/782], Loss: 0.05202385410666466
Rank:0 Epoch: [23/40], Step: [431/782], Loss: 0.05342470854520798
Rank:0 Epoch: [23/40], Step: [441/782], Loss: 0.10081683844327927
Rank:0 Epoch: [23/40], Step: [451/782], Loss: 0.08326350897550583
Rank:0 Epoch: [23/40], Step: [461/782], Loss: 0.01289420761168003
Rank:0 Epoch: [23/40], Step: [471/782], Loss: 0.04093587026000023
Rank:0 Epoch: [23/40], Step: [481/782], Loss: 0.1105680838227272
Rank:0 Epoch: [23/40], Step: [491/782], Loss: 0.022428790107369423
Rank:0 Epoch: [23/40], Step: [501/782], Loss: 0.14635932445526123
Rank:0 Epoch: [23/40], Step: [511/782], Loss: 0.017969096079468727
Rank:0 Epoch: [23/40], Step: [521/782], Loss: 0.06198535114526749
Rank:0 Epoch: [23/40], Step: [531/782], Loss: 0.056485921144485474
Rank:0 Epoch: [23/40], Step: [541/782], Loss: 0.04019368439912796
Rank:0 Epoch: [23/40], Step: [551/782], Loss: 0.0407203733921051
Rank:0 Epoch: [23/40], Step: [561/782], Loss: 0.06186731532216072
Rank:0 Epoch: [23/40], Step: [571/782], Loss: 0.08090689033269882
Rank:0 Epoch: [23/40], Step: [581/782], Loss: 0.034391455352306366
Rank:0 Epoch: [23/40], Step: [591/782], Loss: 0.09293654561042786
Rank:0 Epoch: [23/40], Step: [601/782], Loss: 0.15444539487361908
Rank:0 Epoch: [23/40], Step: [611/782], Loss: 0.06678681075572968
Rank:0 Epoch: [23/40], Step: [621/782], Loss: 0.06335718184709549
Rank:0 Epoch: [23/40], Step: [631/782], Loss: 0.07680415362119675
Rank:0 Epoch: [23/40], Step: [641/782], Loss: 0.10007049888372421
Rank:0 Epoch: [23/40], Step: [651/782], Loss: 0.017708761617541313
Rank:0 Epoch: [23/40], Step: [661/782], Loss: 0.053660083562135696
Rank:0 Epoch: [23/40], Step: [671/782], Loss: 0.01584918424487114
Rank:0 Epoch: [23/40], Step: [681/782], Loss: 0.09997936338186264
Rank:0 Epoch: [23/40], Step: [691/782], Loss: 0.06758299469947815
Rank:0 Epoch: [23/40], Step: [701/782], Loss: 0.09332922846078873
Rank:0 Epoch: [23/40], Step: [711/782], Loss: 0.19536195695400238
Rank:0 Epoch: [23/40], Step: [721/782], Loss: 0.0650864839553833
Rank:0 Epoch: [23/40], Step: [731/782], Loss: 0.0167207233607769
Rank:0 Epoch: [23/40], Step: [741/782], Loss: 0.12935979664325714
Rank:0 Epoch: [23/40], Step: [751/782], Loss: 0.12797823548316956
Rank:0 Epoch: [23/40], Step: [761/782], Loss: 0.0193728469312191
Rank:0 Epoch: [23/40], Step: [771/782], Loss: 0.0795859694480896
Rank:0 Epoch: [23/40], Step: [781/782], Loss: 0.05933253467082977
Current Test Acc: 0.9225
Rank:0 Epoch: [24/40], Step: [1/782], Loss: 0.03246378153562546
Rank:0 Epoch: [24/40], Step: [11/782], Loss: 0.05126349627971649
Rank:0 Epoch: [24/40], Step: [21/782], Loss: 0.06591879576444626
Rank:0 Epoch: [24/40], Step: [31/782], Loss: 0.020337635651230812
Rank:0 Epoch: [24/40], Step: [41/782], Loss: 0.012179556302726269
Rank:0 Epoch: [24/40], Step: [51/782], Loss: 0.05461765080690384
Rank:0 Epoch: [24/40], Step: [61/782], Loss: 0.05567832291126251
Rank:0 Epoch: [24/40], Step: [71/782], Loss: 0.11146295070648193
Rank:0 Epoch: [24/40], Step: [81/782], Loss: 0.03556549921631813
Rank:0 Epoch: [24/40], Step: [91/782], Loss: 0.04348468407988548
Rank:0 Epoch: [24/40], Step: [101/782], Loss: 0.05151694267988205
Rank:0 Epoch: [24/40], Step: [111/782], Loss: 0.10540817677974701
Rank:0 Epoch: [24/40], Step: [121/782], Loss: 0.026611438021063805
Rank:0 Epoch: [24/40], Step: [131/782], Loss: 0.032461684197187424
Rank:0 Epoch: [24/40], Step: [141/782], Loss: 0.03234532102942467
Rank:0 Epoch: [24/40], Step: [151/782], Loss: 0.09173932671546936
Rank:0 Epoch: [24/40], Step: [161/782], Loss: 0.052515290677547455
Rank:0 Epoch: [24/40], Step: [171/782], Loss: 0.043495841324329376
Rank:0 Epoch: [24/40], Step: [181/782], Loss: 0.19011887907981873
Rank:0 Epoch: [24/40], Step: [191/782], Loss: 0.03030736744403839
Rank:0 Epoch: [24/40], Step: [201/782], Loss: 0.16772045195102692
Rank:0 Epoch: [24/40], Step: [211/782], Loss: 0.11827296018600464
Rank:0 Epoch: [24/40], Step: [221/782], Loss: 0.020271584391593933
Rank:0 Epoch: [24/40], Step: [231/782], Loss: 0.014959686435759068
Rank:0 Epoch: [24/40], Step: [241/782], Loss: 0.02960112690925598
Rank:0 Epoch: [24/40], Step: [251/782], Loss: 0.05797494575381279
Rank:0 Epoch: [24/40], Step: [261/782], Loss: 0.012550018727779388
Rank:0 Epoch: [24/40], Step: [271/782], Loss: 0.030872218310832977
Rank:0 Epoch: [24/40], Step: [281/782], Loss: 0.07700389623641968
Rank:0 Epoch: [24/40], Step: [291/782], Loss: 0.03678407892584801
Rank:0 Epoch: [24/40], Step: [301/782], Loss: 0.05955057591199875
Rank:0 Epoch: [24/40], Step: [311/782], Loss: 0.029600679874420166
Rank:0 Epoch: [24/40], Step: [321/782], Loss: 0.10245661437511444
Rank:0 Epoch: [24/40], Step: [331/782], Loss: 0.02999732829630375
Rank:0 Epoch: [24/40], Step: [341/782], Loss: 0.0071680424734950066
Rank:0 Epoch: [24/40], Step: [351/782], Loss: 0.0712277889251709
Rank:0 Epoch: [24/40], Step: [361/782], Loss: 0.05694962665438652
Rank:0 Epoch: [24/40], Step: [371/782], Loss: 0.07249147444963455
Rank:0 Epoch: [24/40], Step: [381/782], Loss: 0.0783495381474495
Rank:0 Epoch: [24/40], Step: [391/782], Loss: 0.03607003390789032
Rank:0 Epoch: [24/40], Step: [401/782], Loss: 0.0792146697640419
Rank:0 Epoch: [24/40], Step: [411/782], Loss: 0.09993216395378113
Rank:0 Epoch: [24/40], Step: [421/782], Loss: 0.05516296625137329
Rank:0 Epoch: [24/40], Step: [431/782], Loss: 0.13698607683181763
Rank:0 Epoch: [24/40], Step: [441/782], Loss: 0.09684768319129944
Rank:0 Epoch: [24/40], Step: [451/782], Loss: 0.11794203519821167
Rank:0 Epoch: [24/40], Step: [461/782], Loss: 0.12034668773412704
Rank:0 Epoch: [24/40], Step: [471/782], Loss: 0.05103326216340065
Rank:0 Epoch: [24/40], Step: [481/782], Loss: 0.21558377146720886
Rank:0 Epoch: [24/40], Step: [491/782], Loss: 0.1473870873451233
Rank:0 Epoch: [24/40], Step: [501/782], Loss: 0.08908844739198685
Rank:0 Epoch: [24/40], Step: [511/782], Loss: 0.05233052372932434
Rank:0 Epoch: [24/40], Step: [521/782], Loss: 0.07762105017900467
Rank:0 Epoch: [24/40], Step: [531/782], Loss: 0.13164152204990387
Rank:0 Epoch: [24/40], Step: [541/782], Loss: 0.10272593051195145
Rank:0 Epoch: [24/40], Step: [551/782], Loss: 0.032270848751068115
Rank:0 Epoch: [24/40], Step: [561/782], Loss: 0.047405779361724854
Rank:0 Epoch: [24/40], Step: [571/782], Loss: 0.0699031874537468
Rank:0 Epoch: [24/40], Step: [581/782], Loss: 0.0260633435100317
Rank:0 Epoch: [24/40], Step: [591/782], Loss: 0.08913039416074753
Rank:0 Epoch: [24/40], Step: [601/782], Loss: 0.09097830206155777
Rank:0 Epoch: [24/40], Step: [611/782], Loss: 0.04103918373584747
Rank:0 Epoch: [24/40], Step: [621/782], Loss: 0.006261331494897604
Rank:0 Epoch: [24/40], Step: [631/782], Loss: 0.07704608142375946
Rank:0 Epoch: [24/40], Step: [641/782], Loss: 0.036611199378967285
Rank:0 Epoch: [24/40], Step: [651/782], Loss: 0.20479755103588104
Rank:0 Epoch: [24/40], Step: [661/782], Loss: 0.01625811867415905
Rank:0 Epoch: [24/40], Step: [671/782], Loss: 0.01689942367374897
Rank:0 Epoch: [24/40], Step: [681/782], Loss: 0.0099257817491889
Rank:0 Epoch: [24/40], Step: [691/782], Loss: 0.050032954663038254
Rank:0 Epoch: [24/40], Step: [701/782], Loss: 0.0359874963760376
Rank:0 Epoch: [24/40], Step: [711/782], Loss: 0.15723326802253723
Rank:0 Epoch: [24/40], Step: [721/782], Loss: 0.009831980802118778
Rank:0 Epoch: [24/40], Step: [731/782], Loss: 0.028998302295804024
Rank:0 Epoch: [24/40], Step: [741/782], Loss: 0.10309172421693802
Rank:0 Epoch: [24/40], Step: [751/782], Loss: 0.030518747866153717
Rank:0 Epoch: [24/40], Step: [761/782], Loss: 0.03374004364013672
Rank:0 Epoch: [24/40], Step: [771/782], Loss: 0.0850583091378212
Rank:0 Epoch: [24/40], Step: [781/782], Loss: 0.03738049417734146
Current Test Acc: 0.9234
Rank:0 Epoch: [25/40], Step: [1/782], Loss: 0.15182217955589294
Rank:0 Epoch: [25/40], Step: [11/782], Loss: 0.014506107196211815
Rank:0 Epoch: [25/40], Step: [21/782], Loss: 0.02950064092874527
Rank:0 Epoch: [25/40], Step: [31/782], Loss: 0.020605674013495445
Rank:0 Epoch: [25/40], Step: [41/782], Loss: 0.04884416610002518
Rank:0 Epoch: [25/40], Step: [51/782], Loss: 0.09065719693899155
Rank:0 Epoch: [25/40], Step: [61/782], Loss: 0.01640208438038826
Rank:0 Epoch: [25/40], Step: [71/782], Loss: 0.018712583929300308
Rank:0 Epoch: [25/40], Step: [81/782], Loss: 0.054942112416028976
Rank:0 Epoch: [25/40], Step: [91/782], Loss: 0.0758674219250679
Rank:0 Epoch: [25/40], Step: [101/782], Loss: 0.03345515578985214
Rank:0 Epoch: [25/40], Step: [111/782], Loss: 0.0450189970433712
Rank:0 Epoch: [25/40], Step: [121/782], Loss: 0.020415417850017548
Rank:0 Epoch: [25/40], Step: [131/782], Loss: 0.09542559832334518
Rank:0 Epoch: [25/40], Step: [141/782], Loss: 0.055584076792001724
Rank:0 Epoch: [25/40], Step: [151/782], Loss: 0.031116874888539314
Rank:0 Epoch: [25/40], Step: [161/782], Loss: 0.01908883824944496
Rank:0 Epoch: [25/40], Step: [171/782], Loss: 0.034057680517435074
Rank:0 Epoch: [25/40], Step: [181/782], Loss: 0.022010762244462967
Rank:0 Epoch: [25/40], Step: [191/782], Loss: 0.035847198218107224
Rank:0 Epoch: [25/40], Step: [201/782], Loss: 0.06907667219638824
Rank:0 Epoch: [25/40], Step: [211/782], Loss: 0.10761590301990509
Rank:0 Epoch: [25/40], Step: [221/782], Loss: 0.016980525106191635
Rank:0 Epoch: [25/40], Step: [231/782], Loss: 0.04538227617740631
Rank:0 Epoch: [25/40], Step: [241/782], Loss: 0.06539983302354813
Rank:0 Epoch: [25/40], Step: [251/782], Loss: 0.011131079867482185
Rank:0 Epoch: [25/40], Step: [261/782], Loss: 0.09215594828128815
Rank:0 Epoch: [25/40], Step: [271/782], Loss: 0.042984604835510254
Rank:0 Epoch: [25/40], Step: [281/782], Loss: 0.007775397971272469
Rank:0 Epoch: [25/40], Step: [291/782], Loss: 0.04757236689329147
Rank:0 Epoch: [25/40], Step: [301/782], Loss: 0.0664915069937706
Rank:0 Epoch: [25/40], Step: [311/782], Loss: 0.08231006562709808
Rank:0 Epoch: [25/40], Step: [321/782], Loss: 0.01368389930576086
Rank:0 Epoch: [25/40], Step: [331/782], Loss: 0.02538636140525341
Rank:0 Epoch: [25/40], Step: [341/782], Loss: 0.061242904514074326
Rank:0 Epoch: [25/40], Step: [351/782], Loss: 0.08398133516311646
Rank:0 Epoch: [25/40], Step: [361/782], Loss: 0.0793008953332901
Rank:0 Epoch: [25/40], Step: [371/782], Loss: 0.09117380529642105
Rank:0 Epoch: [25/40], Step: [381/782], Loss: 0.06154264137148857
Rank:0 Epoch: [25/40], Step: [391/782], Loss: 0.02852349355816841
Rank:0 Epoch: [25/40], Step: [401/782], Loss: 0.10785574465990067
Rank:0 Epoch: [25/40], Step: [411/782], Loss: 0.015908727422356606
Rank:0 Epoch: [25/40], Step: [421/782], Loss: 0.12220568209886551
Rank:0 Epoch: [25/40], Step: [431/782], Loss: 0.030088115483522415
Rank:0 Epoch: [25/40], Step: [441/782], Loss: 0.07326032966375351
Rank:0 Epoch: [25/40], Step: [451/782], Loss: 0.04480734094977379
Rank:0 Epoch: [25/40], Step: [461/782], Loss: 0.0154164033010602
Rank:0 Epoch: [25/40], Step: [471/782], Loss: 0.1896844208240509
Rank:0 Epoch: [25/40], Step: [481/782], Loss: 0.022936828434467316
Rank:0 Epoch: [25/40], Step: [491/782], Loss: 0.02260926552116871
Rank:0 Epoch: [25/40], Step: [501/782], Loss: 0.006682985462248325
Rank:0 Epoch: [25/40], Step: [511/782], Loss: 0.0586717315018177
Rank:0 Epoch: [25/40], Step: [521/782], Loss: 0.08001421391963959
Rank:0 Epoch: [25/40], Step: [531/782], Loss: 0.023970389738678932
Rank:0 Epoch: [25/40], Step: [541/782], Loss: 0.07624918967485428
Rank:0 Epoch: [25/40], Step: [551/782], Loss: 0.03819426894187927
Rank:0 Epoch: [25/40], Step: [561/782], Loss: 0.08859452605247498
Rank:0 Epoch: [25/40], Step: [571/782], Loss: 0.07260799407958984
Rank:0 Epoch: [25/40], Step: [581/782], Loss: 0.09867093712091446
Rank:0 Epoch: [25/40], Step: [591/782], Loss: 0.08071563392877579
Rank:0 Epoch: [25/40], Step: [601/782], Loss: 0.03197742998600006
Rank:0 Epoch: [25/40], Step: [611/782], Loss: 0.08934209495782852
Rank:0 Epoch: [25/40], Step: [621/782], Loss: 0.02635943703353405
Rank:0 Epoch: [25/40], Step: [631/782], Loss: 0.05112782120704651
Rank:0 Epoch: [25/40], Step: [641/782], Loss: 0.06925510615110397
Rank:0 Epoch: [25/40], Step: [651/782], Loss: 0.04684107378125191
Rank:0 Epoch: [25/40], Step: [661/782], Loss: 0.049739401787519455
Rank:0 Epoch: [25/40], Step: [671/782], Loss: 0.1561977118253708
Rank:0 Epoch: [25/40], Step: [681/782], Loss: 0.12118981778621674
Rank:0 Epoch: [25/40], Step: [691/782], Loss: 0.035153210163116455
Rank:0 Epoch: [25/40], Step: [701/782], Loss: 0.15171146392822266
Rank:0 Epoch: [25/40], Step: [711/782], Loss: 0.05743106082081795
Rank:0 Epoch: [25/40], Step: [721/782], Loss: 0.040352463722229004
Rank:0 Epoch: [25/40], Step: [731/782], Loss: 0.026962628588080406
Rank:0 Epoch: [25/40], Step: [741/782], Loss: 0.03330051153898239
Rank:0 Epoch: [25/40], Step: [751/782], Loss: 0.04746760427951813
Rank:0 Epoch: [25/40], Step: [761/782], Loss: 0.08928065747022629
Rank:0 Epoch: [25/40], Step: [771/782], Loss: 0.08599495142698288
Rank:0 Epoch: [25/40], Step: [781/782], Loss: 0.07617395371198654
Current Test Acc: 0.9242
Rank:0 Epoch: [26/40], Step: [1/782], Loss: 0.03277232125401497
Rank:0 Epoch: [26/40], Step: [11/782], Loss: 0.1486506164073944
Rank:0 Epoch: [26/40], Step: [21/782], Loss: 0.04749566689133644
Rank:0 Epoch: [26/40], Step: [31/782], Loss: 0.028823215514421463
Rank:0 Epoch: [26/40], Step: [41/782], Loss: 0.04422340542078018
Rank:0 Epoch: [26/40], Step: [51/782], Loss: 0.05074528604745865
Rank:0 Epoch: [26/40], Step: [61/782], Loss: 0.0718221515417099
Rank:0 Epoch: [26/40], Step: [71/782], Loss: 0.025606997311115265
Rank:0 Epoch: [26/40], Step: [81/782], Loss: 0.010550482198596
Rank:0 Epoch: [26/40], Step: [91/782], Loss: 0.0291887316852808
Rank:0 Epoch: [26/40], Step: [101/782], Loss: 0.059963662177324295
Rank:0 Epoch: [26/40], Step: [111/782], Loss: 0.09921851754188538
Rank:0 Epoch: [26/40], Step: [121/782], Loss: 0.04655342176556587
Rank:0 Epoch: [26/40], Step: [131/782], Loss: 0.03283948078751564
Rank:0 Epoch: [26/40], Step: [141/782], Loss: 0.0948442593216896
Rank:0 Epoch: [26/40], Step: [151/782], Loss: 0.08425645530223846
Rank:0 Epoch: [26/40], Step: [161/782], Loss: 0.017391370609402657
Rank:0 Epoch: [26/40], Step: [171/782], Loss: 0.034228626638650894
Rank:0 Epoch: [26/40], Step: [181/782], Loss: 0.16387976706027985
Rank:0 Epoch: [26/40], Step: [191/782], Loss: 0.03189340978860855
Rank:0 Epoch: [26/40], Step: [201/782], Loss: 0.06452253460884094
Rank:0 Epoch: [26/40], Step: [211/782], Loss: 0.05253984034061432
Rank:0 Epoch: [26/40], Step: [221/782], Loss: 0.07445696741342545
Rank:0 Epoch: [26/40], Step: [231/782], Loss: 0.020330416038632393
Rank:0 Epoch: [26/40], Step: [241/782], Loss: 0.1737072765827179
Rank:0 Epoch: [26/40], Step: [251/782], Loss: 0.06978767365217209
Rank:0 Epoch: [26/40], Step: [261/782], Loss: 0.10127302259206772
Rank:0 Epoch: [26/40], Step: [271/782], Loss: 0.046519167721271515
Rank:0 Epoch: [26/40], Step: [281/782], Loss: 0.013024133630096912
Rank:0 Epoch: [26/40], Step: [291/782], Loss: 0.08566252142190933
Rank:0 Epoch: [26/40], Step: [301/782], Loss: 0.0079615768045187
Rank:0 Epoch: [26/40], Step: [311/782], Loss: 0.04398934170603752
Rank:0 Epoch: [26/40], Step: [321/782], Loss: 0.016748173162341118
Rank:0 Epoch: [26/40], Step: [331/782], Loss: 0.021800057962536812
Rank:0 Epoch: [26/40], Step: [341/782], Loss: 0.060002658516168594
Rank:0 Epoch: [26/40], Step: [351/782], Loss: 0.15992017090320587
Rank:0 Epoch: [26/40], Step: [361/782], Loss: 0.10857292264699936
Rank:0 Epoch: [26/40], Step: [371/782], Loss: 0.08866465091705322
Rank:0 Epoch: [26/40], Step: [381/782], Loss: 0.010300892405211926
Rank:0 Epoch: [26/40], Step: [391/782], Loss: 0.023408744484186172
Rank:0 Epoch: [26/40], Step: [401/782], Loss: 0.08897841721773148
Rank:0 Epoch: [26/40], Step: [411/782], Loss: 0.05477605387568474
Rank:0 Epoch: [26/40], Step: [421/782], Loss: 0.09056228399276733
Rank:0 Epoch: [26/40], Step: [431/782], Loss: 0.05787203833460808
Rank:0 Epoch: [26/40], Step: [441/782], Loss: 0.08319205045700073
Rank:0 Epoch: [26/40], Step: [451/782], Loss: 0.03058985248208046
Rank:0 Epoch: [26/40], Step: [461/782], Loss: 0.010883360169827938
Rank:0 Epoch: [26/40], Step: [471/782], Loss: 0.03778070583939552
Rank:0 Epoch: [26/40], Step: [481/782], Loss: 0.04447551816701889
Rank:0 Epoch: [26/40], Step: [491/782], Loss: 0.03001466952264309
Rank:0 Epoch: [26/40], Step: [501/782], Loss: 0.06159713491797447
Rank:0 Epoch: [26/40], Step: [511/782], Loss: 0.040599435567855835
Rank:0 Epoch: [26/40], Step: [521/782], Loss: 0.10721466690301895
Rank:0 Epoch: [26/40], Step: [531/782], Loss: 0.04575630649924278
Rank:0 Epoch: [26/40], Step: [541/782], Loss: 0.051056280732154846
Rank:0 Epoch: [26/40], Step: [551/782], Loss: 0.01205610390752554
Rank:0 Epoch: [26/40], Step: [561/782], Loss: 0.12870781123638153
Rank:0 Epoch: [26/40], Step: [571/782], Loss: 0.040333982557058334
Rank:0 Epoch: [26/40], Step: [581/782], Loss: 0.040138278156518936
Rank:0 Epoch: [26/40], Step: [591/782], Loss: 0.00941420253366232
Rank:0 Epoch: [26/40], Step: [601/782], Loss: 0.05471642315387726
Rank:0 Epoch: [26/40], Step: [611/782], Loss: 0.023320330306887627
Rank:0 Epoch: [26/40], Step: [621/782], Loss: 0.010524547658860683
Rank:0 Epoch: [26/40], Step: [631/782], Loss: 0.013438372872769833
Rank:0 Epoch: [26/40], Step: [641/782], Loss: 0.0521923191845417
Rank:0 Epoch: [26/40], Step: [651/782], Loss: 0.05892079323530197
Rank:0 Epoch: [26/40], Step: [661/782], Loss: 0.01381892804056406
Rank:0 Epoch: [26/40], Step: [671/782], Loss: 0.08041613548994064
Rank:0 Epoch: [26/40], Step: [681/782], Loss: 0.05943896993994713
Rank:0 Epoch: [26/40], Step: [691/782], Loss: 0.11009713262319565
Rank:0 Epoch: [26/40], Step: [701/782], Loss: 0.14348851144313812
Rank:0 Epoch: [26/40], Step: [711/782], Loss: 0.13315846025943756
Rank:0 Epoch: [26/40], Step: [721/782], Loss: 0.007818065583705902
Rank:0 Epoch: [26/40], Step: [731/782], Loss: 0.021743785589933395
Rank:0 Epoch: [26/40], Step: [741/782], Loss: 0.04528874158859253
Rank:0 Epoch: [26/40], Step: [751/782], Loss: 0.07639933377504349
Rank:0 Epoch: [26/40], Step: [761/782], Loss: 0.020261012017726898
Rank:0 Epoch: [26/40], Step: [771/782], Loss: 0.025020843371748924
Rank:0 Epoch: [26/40], Step: [781/782], Loss: 0.19709333777427673
Current Test Acc: 0.9239
Rank:0 Epoch: [27/40], Step: [1/782], Loss: 0.057861316949129105
Rank:0 Epoch: [27/40], Step: [11/782], Loss: 0.06759446114301682
Rank:0 Epoch: [27/40], Step: [21/782], Loss: 0.04516369104385376
Rank:0 Epoch: [27/40], Step: [31/782], Loss: 0.09919339418411255
Rank:0 Epoch: [27/40], Step: [41/782], Loss: 0.035247497260570526
Rank:0 Epoch: [27/40], Step: [51/782], Loss: 0.0250253826379776
Rank:0 Epoch: [27/40], Step: [61/782], Loss: 0.016541598364710808
Rank:0 Epoch: [27/40], Step: [71/782], Loss: 0.012591226026415825
Rank:0 Epoch: [27/40], Step: [81/782], Loss: 0.004475666210055351
Rank:0 Epoch: [27/40], Step: [91/782], Loss: 0.05881667137145996
Rank:0 Epoch: [27/40], Step: [101/782], Loss: 0.02817271463572979
Rank:0 Epoch: [27/40], Step: [111/782], Loss: 0.044091638177633286
Rank:0 Epoch: [27/40], Step: [121/782], Loss: 0.00854405015707016
Rank:0 Epoch: [27/40], Step: [131/782], Loss: 0.007587611675262451
Rank:0 Epoch: [27/40], Step: [141/782], Loss: 0.0210562814027071
Rank:0 Epoch: [27/40], Step: [151/782], Loss: 0.018007250502705574
Rank:0 Epoch: [27/40], Step: [161/782], Loss: 0.014237902127206326
Rank:0 Epoch: [27/40], Step: [171/782], Loss: 0.054433051496744156
Rank:0 Epoch: [27/40], Step: [181/782], Loss: 0.03964100778102875
Rank:0 Epoch: [27/40], Step: [191/782], Loss: 0.04415649548172951
Rank:0 Epoch: [27/40], Step: [201/782], Loss: 0.12772147357463837
Rank:0 Epoch: [27/40], Step: [211/782], Loss: 0.04215129092335701
Rank:0 Epoch: [27/40], Step: [221/782], Loss: 0.07723744213581085
Rank:0 Epoch: [27/40], Step: [231/782], Loss: 0.04967479035258293
Rank:0 Epoch: [27/40], Step: [241/782], Loss: 0.01396834384649992
Rank:0 Epoch: [27/40], Step: [251/782], Loss: 0.010347704403102398
Rank:0 Epoch: [27/40], Step: [261/782], Loss: 0.03516099601984024
Rank:0 Epoch: [27/40], Step: [271/782], Loss: 0.03133270516991615
Rank:0 Epoch: [27/40], Step: [281/782], Loss: 0.020664749667048454
Rank:0 Epoch: [27/40], Step: [291/782], Loss: 0.12144850939512253
Rank:0 Epoch: [27/40], Step: [301/782], Loss: 0.41023457050323486
Rank:0 Epoch: [27/40], Step: [311/782], Loss: 0.038125693798065186
Rank:0 Epoch: [27/40], Step: [321/782], Loss: 0.029194625094532967
Rank:0 Epoch: [27/40], Step: [331/782], Loss: 0.05789690464735031
Rank:0 Epoch: [27/40], Step: [341/782], Loss: 0.07693330943584442
Rank:0 Epoch: [27/40], Step: [351/782], Loss: 0.06141946092247963
Rank:0 Epoch: [27/40], Step: [361/782], Loss: 0.03366854414343834
Rank:0 Epoch: [27/40], Step: [371/782], Loss: 0.055841196328401566
Rank:0 Epoch: [27/40], Step: [381/782], Loss: 0.007910476066172123
Rank:0 Epoch: [27/40], Step: [391/782], Loss: 0.025281494483351707
Rank:0 Epoch: [27/40], Step: [401/782], Loss: 0.04291890561580658
Rank:0 Epoch: [27/40], Step: [411/782], Loss: 0.03542871028184891
Rank:0 Epoch: [27/40], Step: [421/782], Loss: 0.0873974859714508
Rank:0 Epoch: [27/40], Step: [431/782], Loss: 0.0032687641214579344
Rank:0 Epoch: [27/40], Step: [441/782], Loss: 0.022999342530965805
Rank:0 Epoch: [27/40], Step: [451/782], Loss: 0.0518852062523365
Rank:0 Epoch: [27/40], Step: [461/782], Loss: 0.0311515461653471
Rank:0 Epoch: [27/40], Step: [471/782], Loss: 0.006444165948778391
Rank:0 Epoch: [27/40], Step: [481/782], Loss: 0.06035461276769638
Rank:0 Epoch: [27/40], Step: [491/782], Loss: 0.0951196625828743
Rank:0 Epoch: [27/40], Step: [501/782], Loss: 0.07019849866628647
Rank:0 Epoch: [27/40], Step: [511/782], Loss: 0.08574090152978897
Rank:0 Epoch: [27/40], Step: [521/782], Loss: 0.03450657054781914
Rank:0 Epoch: [27/40], Step: [531/782], Loss: 0.006459877826273441
Rank:0 Epoch: [27/40], Step: [541/782], Loss: 0.010658002458512783
Rank:0 Epoch: [27/40], Step: [551/782], Loss: 0.023024417459964752
Rank:0 Epoch: [27/40], Step: [561/782], Loss: 0.046263933181762695
Rank:0 Epoch: [27/40], Step: [571/782], Loss: 0.08955715596675873
Rank:0 Epoch: [27/40], Step: [581/782], Loss: 0.004361889325082302
Rank:0 Epoch: [27/40], Step: [591/782], Loss: 0.027373364195227623
Rank:0 Epoch: [27/40], Step: [601/782], Loss: 0.028160082176327705
Rank:0 Epoch: [27/40], Step: [611/782], Loss: 0.0592280738055706
Rank:0 Epoch: [27/40], Step: [621/782], Loss: 0.11095763742923737
Rank:0 Epoch: [27/40], Step: [631/782], Loss: 0.05534724146127701
Rank:0 Epoch: [27/40], Step: [641/782], Loss: 0.0506478026509285
Rank:0 Epoch: [27/40], Step: [651/782], Loss: 0.06229217350482941
Rank:0 Epoch: [27/40], Step: [661/782], Loss: 0.10060547292232513
Rank:0 Epoch: [27/40], Step: [671/782], Loss: 0.02064705081284046
Rank:0 Epoch: [27/40], Step: [681/782], Loss: 0.005593399982899427
Rank:0 Epoch: [27/40], Step: [691/782], Loss: 0.05578448623418808
Rank:0 Epoch: [27/40], Step: [701/782], Loss: 0.09739068150520325
Rank:0 Epoch: [27/40], Step: [711/782], Loss: 0.005123029462993145
Rank:0 Epoch: [27/40], Step: [721/782], Loss: 0.08538386970758438
Rank:0 Epoch: [27/40], Step: [731/782], Loss: 0.026505552232265472
Rank:0 Epoch: [27/40], Step: [741/782], Loss: 0.11799043416976929
Rank:0 Epoch: [27/40], Step: [751/782], Loss: 0.03709820285439491
Rank:0 Epoch: [27/40], Step: [761/782], Loss: 0.056411538273096085
Rank:0 Epoch: [27/40], Step: [771/782], Loss: 0.02467798814177513
Rank:0 Epoch: [27/40], Step: [781/782], Loss: 0.10934889316558838
Current Test Acc: 0.9254
Rank:0 Epoch: [28/40], Step: [1/782], Loss: 0.007491258438676596
Rank:0 Epoch: [28/40], Step: [11/782], Loss: 0.08871649950742722
Rank:0 Epoch: [28/40], Step: [21/782], Loss: 0.07579705864191055
Rank:0 Epoch: [28/40], Step: [31/782], Loss: 0.07048916816711426
Rank:0 Epoch: [28/40], Step: [41/782], Loss: 0.028695832937955856
Rank:0 Epoch: [28/40], Step: [51/782], Loss: 0.10348868370056152
Rank:0 Epoch: [28/40], Step: [61/782], Loss: 0.019052326679229736
Rank:0 Epoch: [28/40], Step: [71/782], Loss: 0.1027759313583374
Rank:0 Epoch: [28/40], Step: [81/782], Loss: 0.027300545945763588
Rank:0 Epoch: [28/40], Step: [91/782], Loss: 0.07582761347293854
Rank:0 Epoch: [28/40], Step: [101/782], Loss: 0.02244325540959835
Rank:0 Epoch: [28/40], Step: [111/782], Loss: 0.03835630044341087
Rank:0 Epoch: [28/40], Step: [121/782], Loss: 0.008523812517523766
Rank:0 Epoch: [28/40], Step: [131/782], Loss: 0.021607855334877968
Rank:0 Epoch: [28/40], Step: [141/782], Loss: 0.03695761412382126
Rank:0 Epoch: [28/40], Step: [151/782], Loss: 0.04587240889668465
Rank:0 Epoch: [28/40], Step: [161/782], Loss: 0.03419646620750427
Rank:0 Epoch: [28/40], Step: [171/782], Loss: 0.04362727701663971
Rank:0 Epoch: [28/40], Step: [181/782], Loss: 0.01667732745409012
Rank:0 Epoch: [28/40], Step: [191/782], Loss: 0.015015318989753723
Rank:0 Epoch: [28/40], Step: [201/782], Loss: 0.012791815213859081
Rank:0 Epoch: [28/40], Step: [211/782], Loss: 0.07835260033607483
Rank:0 Epoch: [28/40], Step: [221/782], Loss: 0.01090386975556612
Rank:0 Epoch: [28/40], Step: [231/782], Loss: 0.0749153271317482
Rank:0 Epoch: [28/40], Step: [241/782], Loss: 0.04967716336250305
Rank:0 Epoch: [28/40], Step: [251/782], Loss: 0.028084395453333855
Rank:0 Epoch: [28/40], Step: [261/782], Loss: 0.04933009296655655
Rank:0 Epoch: [28/40], Step: [271/782], Loss: 0.06594602763652802
Rank:0 Epoch: [28/40], Step: [281/782], Loss: 0.06224504113197327
Rank:0 Epoch: [28/40], Step: [291/782], Loss: 0.0605594739317894
Rank:0 Epoch: [28/40], Step: [301/782], Loss: 0.03519883006811142
Rank:0 Epoch: [28/40], Step: [311/782], Loss: 0.04932323098182678
Rank:0 Epoch: [28/40], Step: [321/782], Loss: 0.10609003901481628
Rank:0 Epoch: [28/40], Step: [331/782], Loss: 0.04910917580127716
Rank:0 Epoch: [28/40], Step: [341/782], Loss: 0.02736721932888031
Rank:0 Epoch: [28/40], Step: [351/782], Loss: 0.03705420717597008
Rank:0 Epoch: [28/40], Step: [361/782], Loss: 0.07112748920917511
Rank:0 Epoch: [28/40], Step: [371/782], Loss: 0.00528260413557291
Rank:0 Epoch: [28/40], Step: [381/782], Loss: 0.005432696547359228
Rank:0 Epoch: [28/40], Step: [391/782], Loss: 0.020070495083928108
Rank:0 Epoch: [28/40], Step: [401/782], Loss: 0.011339695192873478
Rank:0 Epoch: [28/40], Step: [411/782], Loss: 0.008594085462391376
Rank:0 Epoch: [28/40], Step: [421/782], Loss: 0.03828717768192291
Rank:0 Epoch: [28/40], Step: [431/782], Loss: 0.015584082342684269
Rank:0 Epoch: [28/40], Step: [441/782], Loss: 0.02227044850587845
Rank:0 Epoch: [28/40], Step: [451/782], Loss: 0.004881575237959623
Rank:0 Epoch: [28/40], Step: [461/782], Loss: 0.09402450174093246
Rank:0 Epoch: [28/40], Step: [471/782], Loss: 0.08611679077148438
Rank:0 Epoch: [28/40], Step: [481/782], Loss: 0.011992009356617928
Rank:0 Epoch: [28/40], Step: [491/782], Loss: 0.10045986622571945
Rank:0 Epoch: [28/40], Step: [501/782], Loss: 0.09535162895917892
Rank:0 Epoch: [28/40], Step: [511/782], Loss: 0.03252074122428894
Rank:0 Epoch: [28/40], Step: [521/782], Loss: 0.0888621062040329
Rank:0 Epoch: [28/40], Step: [531/782], Loss: 0.04980217665433884
Rank:0 Epoch: [28/40], Step: [541/782], Loss: 0.030562318861484528
Rank:0 Epoch: [28/40], Step: [551/782], Loss: 0.057170819491147995
Rank:0 Epoch: [28/40], Step: [561/782], Loss: 0.026466695591807365
Rank:0 Epoch: [28/40], Step: [571/782], Loss: 0.03139049559831619
Rank:0 Epoch: [28/40], Step: [581/782], Loss: 0.08495531231164932
Rank:0 Epoch: [28/40], Step: [591/782], Loss: 0.015457315370440483
Rank:0 Epoch: [28/40], Step: [601/782], Loss: 0.0175190269947052
Rank:0 Epoch: [28/40], Step: [611/782], Loss: 0.05484369024634361
Rank:0 Epoch: [28/40], Step: [621/782], Loss: 0.027892187237739563
Rank:0 Epoch: [28/40], Step: [631/782], Loss: 0.024639684706926346
Rank:0 Epoch: [28/40], Step: [641/782], Loss: 0.03269851952791214
Rank:0 Epoch: [28/40], Step: [651/782], Loss: 0.05785923823714256
Rank:0 Epoch: [28/40], Step: [661/782], Loss: 0.07869986444711685
Rank:0 Epoch: [28/40], Step: [671/782], Loss: 0.006982395891100168
Rank:0 Epoch: [28/40], Step: [681/782], Loss: 0.1665472835302353
Rank:0 Epoch: [28/40], Step: [691/782], Loss: 0.07109041512012482
Rank:0 Epoch: [28/40], Step: [701/782], Loss: 0.01921398751437664
Rank:0 Epoch: [28/40], Step: [711/782], Loss: 0.12198415398597717
Rank:0 Epoch: [28/40], Step: [721/782], Loss: 0.1360504925251007
Rank:0 Epoch: [28/40], Step: [731/782], Loss: 0.02428155019879341
Rank:0 Epoch: [28/40], Step: [741/782], Loss: 0.054014112800359726
Rank:0 Epoch: [28/40], Step: [751/782], Loss: 0.06808248907327652
Rank:0 Epoch: [28/40], Step: [761/782], Loss: 0.002714194357395172
Rank:0 Epoch: [28/40], Step: [771/782], Loss: 0.022937437519431114
Rank:0 Epoch: [28/40], Step: [781/782], Loss: 0.04718271270394325
Current Test Acc: 0.9251
Rank:0 Epoch: [29/40], Step: [1/782], Loss: 0.023601289838552475
Rank:0 Epoch: [29/40], Step: [11/782], Loss: 0.01592412032186985
Rank:0 Epoch: [29/40], Step: [21/782], Loss: 0.06352215260267258
Rank:0 Epoch: [29/40], Step: [31/782], Loss: 0.07376152276992798
Rank:0 Epoch: [29/40], Step: [41/782], Loss: 0.022959064692258835
Rank:0 Epoch: [29/40], Step: [51/782], Loss: 0.035195242613554
Rank:0 Epoch: [29/40], Step: [61/782], Loss: 0.05820111930370331
Rank:0 Epoch: [29/40], Step: [71/782], Loss: 0.01050165668129921
Rank:0 Epoch: [29/40], Step: [81/782], Loss: 0.0017907321453094482
Rank:0 Epoch: [29/40], Step: [91/782], Loss: 0.052961237728595734
Rank:0 Epoch: [29/40], Step: [101/782], Loss: 0.12244746088981628
Rank:0 Epoch: [29/40], Step: [111/782], Loss: 0.039786867797374725
Rank:0 Epoch: [29/40], Step: [121/782], Loss: 0.022583480924367905
Rank:0 Epoch: [29/40], Step: [131/782], Loss: 0.11791346967220306
Rank:0 Epoch: [29/40], Step: [141/782], Loss: 0.009570636786520481
Rank:0 Epoch: [29/40], Step: [151/782], Loss: 0.04054278880357742
Rank:0 Epoch: [29/40], Step: [161/782], Loss: 0.04921345412731171
Rank:0 Epoch: [29/40], Step: [171/782], Loss: 0.01173256803303957
Rank:0 Epoch: [29/40], Step: [181/782], Loss: 0.036103714257478714
Rank:0 Epoch: [29/40], Step: [191/782], Loss: 0.04247106611728668
Rank:0 Epoch: [29/40], Step: [201/782], Loss: 0.1775238811969757
Rank:0 Epoch: [29/40], Step: [211/782], Loss: 0.09110423922538757
Rank:0 Epoch: [29/40], Step: [221/782], Loss: 0.04747299477458
Rank:0 Epoch: [29/40], Step: [231/782], Loss: 0.010554678738117218
Rank:0 Epoch: [29/40], Step: [241/782], Loss: 0.008489606902003288
Rank:0 Epoch: [29/40], Step: [251/782], Loss: 0.0409279465675354
Rank:0 Epoch: [29/40], Step: [261/782], Loss: 0.09538408368825912
Rank:0 Epoch: [29/40], Step: [271/782], Loss: 0.035272952169179916
Rank:0 Epoch: [29/40], Step: [281/782], Loss: 0.007650316692888737
Rank:0 Epoch: [29/40], Step: [291/782], Loss: 0.05352981761097908
Rank:0 Epoch: [29/40], Step: [301/782], Loss: 0.007528156042098999
Rank:0 Epoch: [29/40], Step: [311/782], Loss: 0.02604435570538044
Rank:0 Epoch: [29/40], Step: [321/782], Loss: 0.04119625687599182
Rank:0 Epoch: [29/40], Step: [331/782], Loss: 0.0028897039592266083
Rank:0 Epoch: [29/40], Step: [341/782], Loss: 0.02804470621049404
Rank:0 Epoch: [29/40], Step: [351/782], Loss: 0.009584951214492321
Rank:0 Epoch: [29/40], Step: [361/782], Loss: 0.03837891295552254
Rank:0 Epoch: [29/40], Step: [371/782], Loss: 0.015336748212575912
Rank:0 Epoch: [29/40], Step: [381/782], Loss: 0.01107893604785204
Rank:0 Epoch: [29/40], Step: [391/782], Loss: 0.03309883922338486
Rank:0 Epoch: [29/40], Step: [401/782], Loss: 0.00508016487583518
Rank:0 Epoch: [29/40], Step: [411/782], Loss: 0.05188988894224167
Rank:0 Epoch: [29/40], Step: [421/782], Loss: 0.019043289124965668
Rank:0 Epoch: [29/40], Step: [431/782], Loss: 0.04445001110434532
Rank:0 Epoch: [29/40], Step: [441/782], Loss: 0.11803321540355682
Rank:0 Epoch: [29/40], Step: [451/782], Loss: 0.056784920394420624
Rank:0 Epoch: [29/40], Step: [461/782], Loss: 0.07449191063642502
Rank:0 Epoch: [29/40], Step: [471/782], Loss: 0.09169604629278183
Rank:0 Epoch: [29/40], Step: [481/782], Loss: 0.006683913990855217
Rank:0 Epoch: [29/40], Step: [491/782], Loss: 0.01253780908882618
Rank:0 Epoch: [29/40], Step: [501/782], Loss: 0.022673333063721657
Rank:0 Epoch: [29/40], Step: [511/782], Loss: 0.044423431158065796
Rank:0 Epoch: [29/40], Step: [521/782], Loss: 0.03388085961341858
Rank:0 Epoch: [29/40], Step: [531/782], Loss: 0.002517236163839698
Rank:0 Epoch: [29/40], Step: [541/782], Loss: 0.0820411965250969
Rank:0 Epoch: [29/40], Step: [551/782], Loss: 0.04098540544509888
Rank:0 Epoch: [29/40], Step: [561/782], Loss: 0.051995765417814255
Rank:0 Epoch: [29/40], Step: [571/782], Loss: 0.06517377495765686
Rank:0 Epoch: [29/40], Step: [581/782], Loss: 0.07724837958812714
Rank:0 Epoch: [29/40], Step: [591/782], Loss: 0.00940546952188015
Rank:0 Epoch: [29/40], Step: [601/782], Loss: 0.03926737233996391
Rank:0 Epoch: [29/40], Step: [611/782], Loss: 0.00897623598575592
Rank:0 Epoch: [29/40], Step: [621/782], Loss: 0.018621167168021202
Rank:0 Epoch: [29/40], Step: [631/782], Loss: 0.004801244009286165
Rank:0 Epoch: [29/40], Step: [641/782], Loss: 0.016620853915810585
Rank:0 Epoch: [29/40], Step: [651/782], Loss: 0.014122079126536846
Rank:0 Epoch: [29/40], Step: [661/782], Loss: 0.01600515842437744
Rank:0 Epoch: [29/40], Step: [671/782], Loss: 0.10557302087545395
Rank:0 Epoch: [29/40], Step: [681/782], Loss: 0.053012799471616745
Rank:0 Epoch: [29/40], Step: [691/782], Loss: 0.0758742019534111
Rank:0 Epoch: [29/40], Step: [701/782], Loss: 0.038912996649742126
Rank:0 Epoch: [29/40], Step: [711/782], Loss: 0.020100563764572144
Rank:0 Epoch: [29/40], Step: [721/782], Loss: 0.09098033607006073
Rank:0 Epoch: [29/40], Step: [731/782], Loss: 0.007966096512973309
Rank:0 Epoch: [29/40], Step: [741/782], Loss: 0.02382260374724865
Rank:0 Epoch: [29/40], Step: [751/782], Loss: 0.01912900060415268
Rank:0 Epoch: [29/40], Step: [761/782], Loss: 0.007627881597727537
Rank:0 Epoch: [29/40], Step: [771/782], Loss: 0.06116659194231033
Rank:0 Epoch: [29/40], Step: [781/782], Loss: 0.03695791959762573
Current Test Acc: 0.925
Rank:0 Epoch: [30/40], Step: [1/782], Loss: 0.06807449460029602
Rank:0 Epoch: [30/40], Step: [11/782], Loss: 0.02296932227909565
Rank:0 Epoch: [30/40], Step: [21/782], Loss: 0.04540970176458359
Rank:0 Epoch: [30/40], Step: [31/782], Loss: 0.013096720911562443
Rank:0 Epoch: [30/40], Step: [41/782], Loss: 0.01250314712524414
Rank:0 Epoch: [30/40], Step: [51/782], Loss: 0.022902607917785645
Rank:0 Epoch: [30/40], Step: [61/782], Loss: 0.028810186311602592
Rank:0 Epoch: [30/40], Step: [71/782], Loss: 0.048572320491075516
Rank:0 Epoch: [30/40], Step: [81/782], Loss: 0.046478334814310074
Rank:0 Epoch: [30/40], Step: [91/782], Loss: 0.0846487283706665
Rank:0 Epoch: [30/40], Step: [101/782], Loss: 0.03925994783639908
Rank:0 Epoch: [30/40], Step: [111/782], Loss: 0.013681065291166306
Rank:0 Epoch: [30/40], Step: [121/782], Loss: 0.002896606456488371
Rank:0 Epoch: [30/40], Step: [131/782], Loss: 0.023298535495996475
Rank:0 Epoch: [30/40], Step: [141/782], Loss: 0.008688537403941154
Rank:0 Epoch: [30/40], Step: [151/782], Loss: 0.0734557956457138
Rank:0 Epoch: [30/40], Step: [161/782], Loss: 0.005748250987380743
Rank:0 Epoch: [30/40], Step: [171/782], Loss: 0.013687278144061565
Rank:0 Epoch: [30/40], Step: [181/782], Loss: 0.005889197811484337
Rank:0 Epoch: [30/40], Step: [191/782], Loss: 0.07547583431005478
Rank:0 Epoch: [30/40], Step: [201/782], Loss: 0.011521776206791401
Rank:0 Epoch: [30/40], Step: [211/782], Loss: 0.028099501505494118
Rank:0 Epoch: [30/40], Step: [221/782], Loss: 0.05191681161522865
Rank:0 Epoch: [30/40], Step: [231/782], Loss: 0.014651216566562653
Rank:0 Epoch: [30/40], Step: [241/782], Loss: 0.04795702546834946
Rank:0 Epoch: [30/40], Step: [251/782], Loss: 0.013965405523777008
Rank:0 Epoch: [30/40], Step: [261/782], Loss: 0.0402502678334713
Rank:0 Epoch: [30/40], Step: [271/782], Loss: 0.05008750408887863
Rank:0 Epoch: [30/40], Step: [281/782], Loss: 0.17821505665779114
Rank:0 Epoch: [30/40], Step: [291/782], Loss: 0.010277850553393364
Rank:0 Epoch: [30/40], Step: [301/782], Loss: 0.0059931520372629166
Rank:0 Epoch: [30/40], Step: [311/782], Loss: 0.024134425446391106
Rank:0 Epoch: [30/40], Step: [321/782], Loss: 0.025002693757414818
Rank:0 Epoch: [30/40], Step: [331/782], Loss: 0.15615405142307281
Rank:0 Epoch: [30/40], Step: [341/782], Loss: 0.024714117869734764
Rank:0 Epoch: [30/40], Step: [351/782], Loss: 0.16443085670471191
Rank:0 Epoch: [30/40], Step: [361/782], Loss: 0.017328571528196335
Rank:0 Epoch: [30/40], Step: [371/782], Loss: 0.009097215719521046
Rank:0 Epoch: [30/40], Step: [381/782], Loss: 0.010748231783509254
Rank:0 Epoch: [30/40], Step: [391/782], Loss: 0.107414610683918
Rank:0 Epoch: [30/40], Step: [401/782], Loss: 0.0073915268294513226
Rank:0 Epoch: [30/40], Step: [411/782], Loss: 0.018835633993148804
Rank:0 Epoch: [30/40], Step: [421/782], Loss: 0.018004661425948143
Rank:0 Epoch: [30/40], Step: [431/782], Loss: 0.05431150645017624
Rank:0 Epoch: [30/40], Step: [441/782], Loss: 0.04532073065638542
Rank:0 Epoch: [30/40], Step: [451/782], Loss: 0.009726912714540958
Rank:0 Epoch: [30/40], Step: [461/782], Loss: 0.05326003581285477
Rank:0 Epoch: [30/40], Step: [471/782], Loss: 0.033574528992176056
Rank:0 Epoch: [30/40], Step: [481/782], Loss: 0.018245339393615723
Rank:0 Epoch: [30/40], Step: [491/782], Loss: 0.05648162215948105
Rank:0 Epoch: [30/40], Step: [501/782], Loss: 0.05962945520877838
Rank:0 Epoch: [30/40], Step: [511/782], Loss: 0.05090399831533432
Rank:0 Epoch: [30/40], Step: [521/782], Loss: 0.027451837435364723
Rank:0 Epoch: [30/40], Step: [531/782], Loss: 0.07510943710803986
Rank:0 Epoch: [30/40], Step: [541/782], Loss: 0.0026253079995512962
Rank:0 Epoch: [30/40], Step: [551/782], Loss: 0.09195653349161148
Rank:0 Epoch: [30/40], Step: [561/782], Loss: 0.05802592262625694
Rank:0 Epoch: [30/40], Step: [571/782], Loss: 0.06062677502632141
Rank:0 Epoch: [30/40], Step: [581/782], Loss: 0.021460507065057755
Rank:0 Epoch: [30/40], Step: [591/782], Loss: 0.033088572323322296
Rank:0 Epoch: [30/40], Step: [601/782], Loss: 0.047268763184547424
Rank:0 Epoch: [30/40], Step: [611/782], Loss: 0.04397987946867943
Rank:0 Epoch: [30/40], Step: [621/782], Loss: 0.01382558885961771
Rank:0 Epoch: [30/40], Step: [631/782], Loss: 0.030159084126353264
Rank:0 Epoch: [30/40], Step: [641/782], Loss: 0.01301558967679739
Rank:0 Epoch: [30/40], Step: [651/782], Loss: 0.037055619060993195
Rank:0 Epoch: [30/40], Step: [661/782], Loss: 0.05358559265732765
Rank:0 Epoch: [30/40], Step: [671/782], Loss: 0.0275415051728487
Rank:0 Epoch: [30/40], Step: [681/782], Loss: 0.02337552234530449
Rank:0 Epoch: [30/40], Step: [691/782], Loss: 0.01504877395927906
Rank:0 Epoch: [30/40], Step: [701/782], Loss: 0.10604730248451233
Rank:0 Epoch: [30/40], Step: [711/782], Loss: 0.04226237162947655
Rank:0 Epoch: [30/40], Step: [721/782], Loss: 0.005699828267097473
Rank:0 Epoch: [30/40], Step: [731/782], Loss: 0.010241350159049034
Rank:0 Epoch: [30/40], Step: [741/782], Loss: 0.07422756403684616
Rank:0 Epoch: [30/40], Step: [751/782], Loss: 0.01956496573984623
Rank:0 Epoch: [30/40], Step: [761/782], Loss: 0.04777117446064949
Rank:0 Epoch: [30/40], Step: [771/782], Loss: 0.007208586670458317
Rank:0 Epoch: [30/40], Step: [781/782], Loss: 0.015948200598359108
Current Test Acc: 0.9241
Rank:0 Epoch: [31/40], Step: [1/782], Loss: 0.05274060741066933
Rank:0 Epoch: [31/40], Step: [11/782], Loss: 0.011964689008891582
Rank:0 Epoch: [31/40], Step: [21/782], Loss: 0.0028340541757643223
Rank:0 Epoch: [31/40], Step: [31/782], Loss: 0.012039784342050552
Rank:0 Epoch: [31/40], Step: [41/782], Loss: 0.04767419025301933
Rank:0 Epoch: [31/40], Step: [51/782], Loss: 0.011060768738389015
Rank:0 Epoch: [31/40], Step: [61/782], Loss: 0.06208815798163414
Rank:0 Epoch: [31/40], Step: [71/782], Loss: 0.011693875305354595
Rank:0 Epoch: [31/40], Step: [81/782], Loss: 0.012788869440555573
Rank:0 Epoch: [31/40], Step: [91/782], Loss: 0.03574949502944946
Rank:0 Epoch: [31/40], Step: [101/782], Loss: 0.10668674856424332
Rank:0 Epoch: [31/40], Step: [111/782], Loss: 0.09289760142564774
Rank:0 Epoch: [31/40], Step: [121/782], Loss: 0.055505815893411636
Rank:0 Epoch: [31/40], Step: [131/782], Loss: 0.04453926160931587
Rank:0 Epoch: [31/40], Step: [141/782], Loss: 0.007441510912030935
Rank:0 Epoch: [31/40], Step: [151/782], Loss: 0.01573614776134491
Rank:0 Epoch: [31/40], Step: [161/782], Loss: 0.046298496425151825
Rank:0 Epoch: [31/40], Step: [171/782], Loss: 0.08101706951856613
Rank:0 Epoch: [31/40], Step: [181/782], Loss: 0.018928712233901024
Rank:0 Epoch: [31/40], Step: [191/782], Loss: 0.08615243434906006
Rank:0 Epoch: [31/40], Step: [201/782], Loss: 0.11867165565490723
Rank:0 Epoch: [31/40], Step: [211/782], Loss: 0.05246725305914879
Rank:0 Epoch: [31/40], Step: [221/782], Loss: 0.009743232280015945
Rank:0 Epoch: [31/40], Step: [231/782], Loss: 0.016850164160132408
Rank:0 Epoch: [31/40], Step: [241/782], Loss: 0.00926122348755598
Rank:0 Epoch: [31/40], Step: [251/782], Loss: 0.03719188645482063
Rank:0 Epoch: [31/40], Step: [261/782], Loss: 0.016852648928761482
Rank:0 Epoch: [31/40], Step: [271/782], Loss: 0.017799731343984604
Rank:0 Epoch: [31/40], Step: [281/782], Loss: 0.10716643929481506
Rank:0 Epoch: [31/40], Step: [291/782], Loss: 0.03257398307323456
Rank:0 Epoch: [31/40], Step: [301/782], Loss: 0.03256040811538696
Rank:0 Epoch: [31/40], Step: [311/782], Loss: 0.041590891778469086
Rank:0 Epoch: [31/40], Step: [321/782], Loss: 0.007458828389644623
Rank:0 Epoch: [31/40], Step: [331/782], Loss: 0.015437514521181583
Rank:0 Epoch: [31/40], Step: [341/782], Loss: 0.012814217247068882
Rank:0 Epoch: [31/40], Step: [351/782], Loss: 0.014366724528372288
Rank:0 Epoch: [31/40], Step: [361/782], Loss: 0.09297844022512436
Rank:0 Epoch: [31/40], Step: [371/782], Loss: 0.021599749103188515
Rank:0 Epoch: [31/40], Step: [381/782], Loss: 0.01963338442146778
Rank:0 Epoch: [31/40], Step: [391/782], Loss: 0.037061773240566254
Rank:0 Epoch: [31/40], Step: [401/782], Loss: 0.09823847562074661
Rank:0 Epoch: [31/40], Step: [411/782], Loss: 0.01279605645686388
Rank:0 Epoch: [31/40], Step: [421/782], Loss: 0.01685197837650776
Rank:0 Epoch: [31/40], Step: [431/782], Loss: 0.014082392677664757
Rank:0 Epoch: [31/40], Step: [441/782], Loss: 0.06835116446018219
Rank:0 Epoch: [31/40], Step: [451/782], Loss: 0.02893078699707985
Rank:0 Epoch: [31/40], Step: [461/782], Loss: 0.01551366038620472
Rank:0 Epoch: [31/40], Step: [471/782], Loss: 0.06104862317442894
Rank:0 Epoch: [31/40], Step: [481/782], Loss: 0.0066383411176502705
Rank:0 Epoch: [31/40], Step: [491/782], Loss: 0.03812412545084953
Rank:0 Epoch: [31/40], Step: [501/782], Loss: 0.00933307595551014
Rank:0 Epoch: [31/40], Step: [511/782], Loss: 0.004393839742988348
Rank:0 Epoch: [31/40], Step: [521/782], Loss: 0.11777393519878387
Rank:0 Epoch: [31/40], Step: [531/782], Loss: 0.019907653331756592
Rank:0 Epoch: [31/40], Step: [541/782], Loss: 0.007209010887891054
Rank:0 Epoch: [31/40], Step: [551/782], Loss: 0.009069747291505337
Rank:0 Epoch: [31/40], Step: [561/782], Loss: 0.06318079680204391
Rank:0 Epoch: [31/40], Step: [571/782], Loss: 0.02491063065826893
Rank:0 Epoch: [31/40], Step: [581/782], Loss: 0.013508079573512077
Rank:0 Epoch: [31/40], Step: [591/782], Loss: 0.041387442499399185
Rank:0 Epoch: [31/40], Step: [601/782], Loss: 0.006537768058478832
Rank:0 Epoch: [31/40], Step: [611/782], Loss: 0.016109218820929527
Rank:0 Epoch: [31/40], Step: [621/782], Loss: 0.032737571746110916
Rank:0 Epoch: [31/40], Step: [631/782], Loss: 0.12682458758354187
Rank:0 Epoch: [31/40], Step: [641/782], Loss: 0.07438186556100845
Rank:0 Epoch: [31/40], Step: [651/782], Loss: 0.011181226000189781
Rank:0 Epoch: [31/40], Step: [661/782], Loss: 0.02456662245094776
Rank:0 Epoch: [31/40], Step: [671/782], Loss: 0.0761401355266571
Rank:0 Epoch: [31/40], Step: [681/782], Loss: 0.040367331355810165
Rank:0 Epoch: [31/40], Step: [691/782], Loss: 0.029391231015324593
Rank:0 Epoch: [31/40], Step: [701/782], Loss: 0.03974653407931328
Rank:0 Epoch: [31/40], Step: [711/782], Loss: 0.003203354077413678
Rank:0 Epoch: [31/40], Step: [721/782], Loss: 0.014296924695372581
Rank:0 Epoch: [31/40], Step: [731/782], Loss: 0.06344015896320343
Rank:0 Epoch: [31/40], Step: [741/782], Loss: 0.028562434017658234
Rank:0 Epoch: [31/40], Step: [751/782], Loss: 0.03617020323872566
Rank:0 Epoch: [31/40], Step: [761/782], Loss: 0.015267444774508476
Rank:0 Epoch: [31/40], Step: [771/782], Loss: 0.1400226503610611
Rank:0 Epoch: [31/40], Step: [781/782], Loss: 0.003246084088459611
Current Test Acc: 0.9268
Rank:0 Epoch: [32/40], Step: [1/782], Loss: 0.016855118796229362
Rank:0 Epoch: [32/40], Step: [11/782], Loss: 0.012860655784606934
Rank:0 Epoch: [32/40], Step: [21/782], Loss: 0.09277889877557755
Rank:0 Epoch: [32/40], Step: [31/782], Loss: 0.13222737610340118
Rank:0 Epoch: [32/40], Step: [41/782], Loss: 0.0233117938041687
Rank:0 Epoch: [32/40], Step: [51/782], Loss: 0.002956702373921871
Rank:0 Epoch: [32/40], Step: [61/782], Loss: 0.03727014735341072
Rank:0 Epoch: [32/40], Step: [71/782], Loss: 0.07671937346458435
Rank:0 Epoch: [32/40], Step: [81/782], Loss: 0.019087335094809532
Rank:0 Epoch: [32/40], Step: [91/782], Loss: 0.005197705700993538
Rank:0 Epoch: [32/40], Step: [101/782], Loss: 0.0631679818034172
Rank:0 Epoch: [32/40], Step: [111/782], Loss: 0.0030015783850103617
Rank:0 Epoch: [32/40], Step: [121/782], Loss: 0.01514261681586504
Rank:0 Epoch: [32/40], Step: [131/782], Loss: 0.019526144489645958
Rank:0 Epoch: [32/40], Step: [141/782], Loss: 0.03514142706990242
Rank:0 Epoch: [32/40], Step: [151/782], Loss: 0.01034584455192089
Rank:0 Epoch: [32/40], Step: [161/782], Loss: 0.009821335785090923
Rank:0 Epoch: [32/40], Step: [171/782], Loss: 0.02980150654911995
Rank:0 Epoch: [32/40], Step: [181/782], Loss: 0.007472438737750053
Rank:0 Epoch: [32/40], Step: [191/782], Loss: 0.006829459685832262
Rank:0 Epoch: [32/40], Step: [201/782], Loss: 0.11701468378305435
Rank:0 Epoch: [32/40], Step: [211/782], Loss: 0.06973418593406677
Rank:0 Epoch: [32/40], Step: [221/782], Loss: 0.07818709313869476
Rank:0 Epoch: [32/40], Step: [231/782], Loss: 0.04963599517941475
Rank:0 Epoch: [32/40], Step: [241/782], Loss: 0.019698888063430786
Rank:0 Epoch: [32/40], Step: [251/782], Loss: 0.027702562510967255
Rank:0 Epoch: [32/40], Step: [261/782], Loss: 0.015002061612904072
Rank:0 Epoch: [32/40], Step: [271/782], Loss: 0.006618863437324762
Rank:0 Epoch: [32/40], Step: [281/782], Loss: 0.029734967276453972
Rank:0 Epoch: [32/40], Step: [291/782], Loss: 0.00709082605317235
Rank:0 Epoch: [32/40], Step: [301/782], Loss: 0.01348226610571146
Rank:0 Epoch: [32/40], Step: [311/782], Loss: 0.02631957456469536
Rank:0 Epoch: [32/40], Step: [321/782], Loss: 0.020608164370059967
Rank:0 Epoch: [32/40], Step: [331/782], Loss: 0.048751067370176315
Rank:0 Epoch: [32/40], Step: [341/782], Loss: 0.021268345415592194
Rank:0 Epoch: [32/40], Step: [351/782], Loss: 0.012855643406510353
Rank:0 Epoch: [32/40], Step: [361/782], Loss: 0.017751041799783707
Rank:0 Epoch: [32/40], Step: [371/782], Loss: 0.012339978478848934
Rank:0 Epoch: [32/40], Step: [381/782], Loss: 0.026346933096647263
Rank:0 Epoch: [32/40], Step: [391/782], Loss: 0.06107402220368385
Rank:0 Epoch: [32/40], Step: [401/782], Loss: 0.05465346574783325
Rank:0 Epoch: [32/40], Step: [411/782], Loss: 0.08878903836011887
Rank:0 Epoch: [32/40], Step: [421/782], Loss: 0.012648865580558777
Rank:0 Epoch: [32/40], Step: [431/782], Loss: 0.009907592087984085
Rank:0 Epoch: [32/40], Step: [441/782], Loss: 0.005567366257309914
Rank:0 Epoch: [32/40], Step: [451/782], Loss: 0.01645118184387684
Rank:0 Epoch: [32/40], Step: [461/782], Loss: 0.007235215976834297
Rank:0 Epoch: [32/40], Step: [471/782], Loss: 0.02189471386373043
Rank:0 Epoch: [32/40], Step: [481/782], Loss: 0.06380017101764679
Rank:0 Epoch: [32/40], Step: [491/782], Loss: 0.05587196722626686
Rank:0 Epoch: [32/40], Step: [501/782], Loss: 0.01673760451376438
Rank:0 Epoch: [32/40], Step: [511/782], Loss: 0.031750716269016266
Rank:0 Epoch: [32/40], Step: [521/782], Loss: 0.006892794277518988
Rank:0 Epoch: [32/40], Step: [531/782], Loss: 0.028724782168865204
Rank:0 Epoch: [32/40], Step: [541/782], Loss: 0.0061722551472485065
Rank:0 Epoch: [32/40], Step: [551/782], Loss: 0.03436616063117981
Rank:0 Epoch: [32/40], Step: [561/782], Loss: 0.03559243306517601
Rank:0 Epoch: [32/40], Step: [571/782], Loss: 0.011539921164512634
Rank:0 Epoch: [32/40], Step: [581/782], Loss: 0.06030803546309471
Rank:0 Epoch: [32/40], Step: [591/782], Loss: 0.0035751780960708857
Rank:0 Epoch: [32/40], Step: [601/782], Loss: 0.01502008456736803
Rank:0 Epoch: [32/40], Step: [611/782], Loss: 0.020169734954833984
Rank:0 Epoch: [32/40], Step: [621/782], Loss: 0.004753514658659697
Rank:0 Epoch: [32/40], Step: [631/782], Loss: 0.06746888905763626
Rank:0 Epoch: [32/40], Step: [641/782], Loss: 0.006858852691948414
Rank:0 Epoch: [32/40], Step: [651/782], Loss: 0.010521259158849716
Rank:0 Epoch: [32/40], Step: [661/782], Loss: 0.012024580501019955
Rank:0 Epoch: [32/40], Step: [671/782], Loss: 0.014137719757854939
Rank:0 Epoch: [32/40], Step: [681/782], Loss: 0.004329059273004532
Rank:0 Epoch: [32/40], Step: [691/782], Loss: 0.03121059387922287
Rank:0 Epoch: [32/40], Step: [701/782], Loss: 0.006909528281539679
Rank:0 Epoch: [32/40], Step: [711/782], Loss: 0.013675524853169918
Rank:0 Epoch: [32/40], Step: [721/782], Loss: 0.0110327722504735
Rank:0 Epoch: [32/40], Step: [731/782], Loss: 0.025813475251197815
Rank:0 Epoch: [32/40], Step: [741/782], Loss: 0.021449247375130653
Rank:0 Epoch: [32/40], Step: [751/782], Loss: 0.036477070301771164
Rank:0 Epoch: [32/40], Step: [761/782], Loss: 0.021116217598319054
Rank:0 Epoch: [32/40], Step: [771/782], Loss: 0.04767152667045593
Rank:0 Epoch: [32/40], Step: [781/782], Loss: 0.01414896734058857
Current Test Acc: 0.928
Rank:0 Epoch: [33/40], Step: [1/782], Loss: 0.035668857395648956
Rank:0 Epoch: [33/40], Step: [11/782], Loss: 0.01488274522125721
Rank:0 Epoch: [33/40], Step: [21/782], Loss: 0.03928448259830475
Rank:0 Epoch: [33/40], Step: [31/782], Loss: 0.036973707377910614
Rank:0 Epoch: [33/40], Step: [41/782], Loss: 0.009871511720120907
Rank:0 Epoch: [33/40], Step: [51/782], Loss: 0.005141064524650574
Rank:0 Epoch: [33/40], Step: [61/782], Loss: 0.023426759988069534
Rank:0 Epoch: [33/40], Step: [71/782], Loss: 0.05330492928624153
Rank:0 Epoch: [33/40], Step: [81/782], Loss: 0.0056570786982774734
Rank:0 Epoch: [33/40], Step: [91/782], Loss: 0.006773036438971758
Rank:0 Epoch: [33/40], Step: [101/782], Loss: 0.018568502739071846
Rank:0 Epoch: [33/40], Step: [111/782], Loss: 0.018582291901111603
Rank:0 Epoch: [33/40], Step: [121/782], Loss: 0.025687260553240776
Rank:0 Epoch: [33/40], Step: [131/782], Loss: 0.0022528760600835085
Rank:0 Epoch: [33/40], Step: [141/782], Loss: 0.011443817056715488
Rank:0 Epoch: [33/40], Step: [151/782], Loss: 0.07529161870479584
Rank:0 Epoch: [33/40], Step: [161/782], Loss: 0.019421298056840897
Rank:0 Epoch: [33/40], Step: [171/782], Loss: 0.015643402934074402
Rank:0 Epoch: [33/40], Step: [181/782], Loss: 0.02712966501712799
Rank:0 Epoch: [33/40], Step: [191/782], Loss: 0.019839279353618622
Rank:0 Epoch: [33/40], Step: [201/782], Loss: 0.150883749127388
Rank:0 Epoch: [33/40], Step: [211/782], Loss: 0.01671825349330902
Rank:0 Epoch: [33/40], Step: [221/782], Loss: 0.052932269871234894
Rank:0 Epoch: [33/40], Step: [231/782], Loss: 0.010343304835259914
Rank:0 Epoch: [33/40], Step: [241/782], Loss: 0.004937415011227131
Rank:0 Epoch: [33/40], Step: [251/782], Loss: 0.011966795660555363
Rank:0 Epoch: [33/40], Step: [261/782], Loss: 0.04502209648489952
Rank:0 Epoch: [33/40], Step: [271/782], Loss: 0.007199542596936226
Rank:0 Epoch: [33/40], Step: [281/782], Loss: 0.04179207608103752
Rank:0 Epoch: [33/40], Step: [291/782], Loss: 0.054637882858514786
Rank:0 Epoch: [33/40], Step: [301/782], Loss: 0.03264326974749565
Rank:0 Epoch: [33/40], Step: [311/782], Loss: 0.003438603598624468
Rank:0 Epoch: [33/40], Step: [321/782], Loss: 0.0696054995059967
Rank:0 Epoch: [33/40], Step: [331/782], Loss: 0.007707207463681698
Rank:0 Epoch: [33/40], Step: [341/782], Loss: 0.015567448921501637
Rank:0 Epoch: [33/40], Step: [351/782], Loss: 0.011246439069509506
Rank:0 Epoch: [33/40], Step: [361/782], Loss: 0.004372889641672373
Rank:0 Epoch: [33/40], Step: [371/782], Loss: 0.026966959238052368
Rank:0 Epoch: [33/40], Step: [381/782], Loss: 0.014572972431778908
Rank:0 Epoch: [33/40], Step: [391/782], Loss: 0.018282772973179817
Rank:0 Epoch: [33/40], Step: [401/782], Loss: 0.02108081430196762
Rank:0 Epoch: [33/40], Step: [411/782], Loss: 0.03299860656261444
Rank:0 Epoch: [33/40], Step: [421/782], Loss: 0.03560131415724754
Rank:0 Epoch: [33/40], Step: [431/782], Loss: 0.01802063174545765
Rank:0 Epoch: [33/40], Step: [441/782], Loss: 0.04715299233794212
Rank:0 Epoch: [33/40], Step: [451/782], Loss: 0.009128686040639877
Rank:0 Epoch: [33/40], Step: [461/782], Loss: 0.043456658720970154
Rank:0 Epoch: [33/40], Step: [471/782], Loss: 0.02967853657901287
Rank:0 Epoch: [33/40], Step: [481/782], Loss: 0.08596095442771912
Rank:0 Epoch: [33/40], Step: [491/782], Loss: 0.060176633298397064
Rank:0 Epoch: [33/40], Step: [501/782], Loss: 0.04150504618883133
Rank:0 Epoch: [33/40], Step: [511/782], Loss: 0.06805722415447235
Rank:0 Epoch: [33/40], Step: [521/782], Loss: 0.00562379090115428
Rank:0 Epoch: [33/40], Step: [531/782], Loss: 0.010403812862932682
Rank:0 Epoch: [33/40], Step: [541/782], Loss: 0.05982542410492897
Rank:0 Epoch: [33/40], Step: [551/782], Loss: 0.016854261979460716
Rank:0 Epoch: [33/40], Step: [561/782], Loss: 0.007464926224201918
Rank:0 Epoch: [33/40], Step: [571/782], Loss: 0.09669745713472366
Rank:0 Epoch: [33/40], Step: [581/782], Loss: 0.007889710366725922
Rank:0 Epoch: [33/40], Step: [591/782], Loss: 0.005960858426988125
Rank:0 Epoch: [33/40], Step: [601/782], Loss: 0.014602509327232838
Rank:0 Epoch: [33/40], Step: [611/782], Loss: 0.016746772453188896
Rank:0 Epoch: [33/40], Step: [621/782], Loss: 0.015038711950182915
Rank:0 Epoch: [33/40], Step: [631/782], Loss: 0.03978769853711128
Rank:0 Epoch: [33/40], Step: [641/782], Loss: 0.015331510454416275
Rank:0 Epoch: [33/40], Step: [651/782], Loss: 0.011592681519687176
Rank:0 Epoch: [33/40], Step: [661/782], Loss: 0.0077570839785039425
Rank:0 Epoch: [33/40], Step: [671/782], Loss: 0.0808199867606163
Rank:0 Epoch: [33/40], Step: [681/782], Loss: 0.16558127105236053
Rank:0 Epoch: [33/40], Step: [691/782], Loss: 0.015429038554430008
Rank:0 Epoch: [33/40], Step: [701/782], Loss: 0.02306625247001648
Rank:0 Epoch: [33/40], Step: [711/782], Loss: 0.007165160495787859
Rank:0 Epoch: [33/40], Step: [721/782], Loss: 0.012027815915644169
Rank:0 Epoch: [33/40], Step: [731/782], Loss: 0.023729613050818443
Rank:0 Epoch: [33/40], Step: [741/782], Loss: 0.025948408991098404
Rank:0 Epoch: [33/40], Step: [751/782], Loss: 0.007202036213129759
Rank:0 Epoch: [33/40], Step: [761/782], Loss: 0.011040071956813335
Rank:0 Epoch: [33/40], Step: [771/782], Loss: 0.05373167246580124
Rank:0 Epoch: [33/40], Step: [781/782], Loss: 0.004547975491732359
Current Test Acc: 0.9269
Rank:0 Epoch: [34/40], Step: [1/782], Loss: 0.004208486992865801
Rank:0 Epoch: [34/40], Step: [11/782], Loss: 0.03475409001111984
Rank:0 Epoch: [34/40], Step: [21/782], Loss: 0.003637406276538968
Rank:0 Epoch: [34/40], Step: [31/782], Loss: 0.04494613781571388
Rank:0 Epoch: [34/40], Step: [41/782], Loss: 0.06096411123871803
Rank:0 Epoch: [34/40], Step: [51/782], Loss: 0.0035385959781706333
Rank:0 Epoch: [34/40], Step: [61/782], Loss: 0.028757037594914436
Rank:0 Epoch: [34/40], Step: [71/782], Loss: 0.0010641199769452214
Rank:0 Epoch: [34/40], Step: [81/782], Loss: 0.0100081916898489
Rank:0 Epoch: [34/40], Step: [91/782], Loss: 0.004467382561415434
Rank:0 Epoch: [34/40], Step: [101/782], Loss: 0.00642727455124259
Rank:0 Epoch: [34/40], Step: [111/782], Loss: 0.009526940993964672
Rank:0 Epoch: [34/40], Step: [121/782], Loss: 0.06338919699192047
Rank:0 Epoch: [34/40], Step: [131/782], Loss: 0.003701316425576806
Rank:0 Epoch: [34/40], Step: [141/782], Loss: 0.0433814637362957
Rank:0 Epoch: [34/40], Step: [151/782], Loss: 0.022490616887807846
Rank:0 Epoch: [34/40], Step: [161/782], Loss: 0.014033056795597076
Rank:0 Epoch: [34/40], Step: [171/782], Loss: 0.011292166076600552
Rank:0 Epoch: [34/40], Step: [181/782], Loss: 0.08146260678768158
Rank:0 Epoch: [34/40], Step: [191/782], Loss: 0.0034492644481360912
Rank:0 Epoch: [34/40], Step: [201/782], Loss: 0.007202622480690479
Rank:0 Epoch: [34/40], Step: [211/782], Loss: 0.05685395002365112
Rank:0 Epoch: [34/40], Step: [221/782], Loss: 0.013305936940014362
Rank:0 Epoch: [34/40], Step: [231/782], Loss: 0.009723639115691185
Rank:0 Epoch: [34/40], Step: [241/782], Loss: 0.003387572942301631
Rank:0 Epoch: [34/40], Step: [251/782], Loss: 0.05234924703836441
Rank:0 Epoch: [34/40], Step: [261/782], Loss: 0.015196751803159714
Rank:0 Epoch: [34/40], Step: [271/782], Loss: 0.06340154260396957
Rank:0 Epoch: [34/40], Step: [281/782], Loss: 0.004876882303506136
Rank:0 Epoch: [34/40], Step: [291/782], Loss: 0.0021633338183164597
Rank:0 Epoch: [34/40], Step: [301/782], Loss: 0.007425684481859207
Rank:0 Epoch: [34/40], Step: [311/782], Loss: 0.008853894658386707
Rank:0 Epoch: [34/40], Step: [321/782], Loss: 0.01185942068696022
Rank:0 Epoch: [34/40], Step: [331/782], Loss: 0.05674183741211891
Rank:0 Epoch: [34/40], Step: [341/782], Loss: 0.04590051993727684
Rank:0 Epoch: [34/40], Step: [351/782], Loss: 0.047193970531225204
Rank:0 Epoch: [34/40], Step: [361/782], Loss: 0.007962452247738838
Rank:0 Epoch: [34/40], Step: [371/782], Loss: 0.012030587531626225
Rank:0 Epoch: [34/40], Step: [381/782], Loss: 0.001842683763243258
Rank:0 Epoch: [34/40], Step: [391/782], Loss: 0.005924620665609837
Rank:0 Epoch: [34/40], Step: [401/782], Loss: 0.0016843157354742289
Rank:0 Epoch: [34/40], Step: [411/782], Loss: 0.010791105218231678
Rank:0 Epoch: [34/40], Step: [421/782], Loss: 0.0008834161562845111
Rank:0 Epoch: [34/40], Step: [431/782], Loss: 0.00532480888068676
Rank:0 Epoch: [34/40], Step: [441/782], Loss: 0.03788916766643524
Rank:0 Epoch: [34/40], Step: [451/782], Loss: 0.008478047326207161
Rank:0 Epoch: [34/40], Step: [461/782], Loss: 0.0077302888967096806
Rank:0 Epoch: [34/40], Step: [471/782], Loss: 0.025960136204957962
Rank:0 Epoch: [34/40], Step: [481/782], Loss: 0.018441522493958473
Rank:0 Epoch: [34/40], Step: [491/782], Loss: 0.008134216070175171
Rank:0 Epoch: [34/40], Step: [501/782], Loss: 0.022952474653720856
Rank:0 Epoch: [34/40], Step: [511/782], Loss: 0.008737292140722275
Rank:0 Epoch: [34/40], Step: [521/782], Loss: 0.009385363198816776
Rank:0 Epoch: [34/40], Step: [531/782], Loss: 0.05495357885956764
Rank:0 Epoch: [34/40], Step: [541/782], Loss: 0.04733270779252052
Rank:0 Epoch: [34/40], Step: [551/782], Loss: 0.030885646119713783
Rank:0 Epoch: [34/40], Step: [561/782], Loss: 0.0011603133752942085
Rank:0 Epoch: [34/40], Step: [571/782], Loss: 0.046500399708747864
Rank:0 Epoch: [34/40], Step: [581/782], Loss: 0.10548233985900879
Rank:0 Epoch: [34/40], Step: [591/782], Loss: 0.055344101041555405
Rank:0 Epoch: [34/40], Step: [601/782], Loss: 0.0161044392734766
Rank:0 Epoch: [34/40], Step: [611/782], Loss: 0.019401155412197113
Rank:0 Epoch: [34/40], Step: [621/782], Loss: 0.02479350008070469
Rank:0 Epoch: [34/40], Step: [631/782], Loss: 0.011571287177503109
Rank:0 Epoch: [34/40], Step: [641/782], Loss: 0.01313698198646307
Rank:0 Epoch: [34/40], Step: [651/782], Loss: 0.010250386781990528
Rank:0 Epoch: [34/40], Step: [661/782], Loss: 0.09104029834270477
Rank:0 Epoch: [34/40], Step: [671/782], Loss: 0.004703691229224205
Rank:0 Epoch: [34/40], Step: [681/782], Loss: 0.00906379148364067
Rank:0 Epoch: [34/40], Step: [691/782], Loss: 0.06369690597057343
Rank:0 Epoch: [34/40], Step: [701/782], Loss: 0.002675057388842106
Rank:0 Epoch: [34/40], Step: [711/782], Loss: 0.04764537513256073
Rank:0 Epoch: [34/40], Step: [721/782], Loss: 0.021633056923747063
Rank:0 Epoch: [34/40], Step: [731/782], Loss: 0.0026799440383911133
Rank:0 Epoch: [34/40], Step: [741/782], Loss: 0.028447233140468597
Rank:0 Epoch: [34/40], Step: [751/782], Loss: 0.005766283720731735
Rank:0 Epoch: [34/40], Step: [761/782], Loss: 0.04523022472858429
Rank:0 Epoch: [34/40], Step: [771/782], Loss: 0.0041876970790326595
Rank:0 Epoch: [34/40], Step: [781/782], Loss: 0.008292598649859428
Current Test Acc: 0.9272
Rank:0 Epoch: [35/40], Step: [1/782], Loss: 0.0031627146527171135
Rank:0 Epoch: [35/40], Step: [11/782], Loss: 0.00909201055765152
Rank:0 Epoch: [35/40], Step: [21/782], Loss: 0.010942191816866398
Rank:0 Epoch: [35/40], Step: [31/782], Loss: 0.004216425120830536
Rank:0 Epoch: [35/40], Step: [41/782], Loss: 0.041189346462488174
Rank:0 Epoch: [35/40], Step: [51/782], Loss: 0.008145651780068874
Rank:0 Epoch: [35/40], Step: [61/782], Loss: 0.002591641154140234
Rank:0 Epoch: [35/40], Step: [71/782], Loss: 0.006965970154851675
Rank:0 Epoch: [35/40], Step: [81/782], Loss: 0.0316484309732914
Rank:0 Epoch: [35/40], Step: [91/782], Loss: 0.009152316488325596
Rank:0 Epoch: [35/40], Step: [101/782], Loss: 0.01295687910169363
Rank:0 Epoch: [35/40], Step: [111/782], Loss: 0.011706244200468063
Rank:0 Epoch: [35/40], Step: [121/782], Loss: 0.002601655200123787
Rank:0 Epoch: [35/40], Step: [131/782], Loss: 0.006420805584639311
Rank:0 Epoch: [35/40], Step: [141/782], Loss: 0.006372862029820681
Rank:0 Epoch: [35/40], Step: [151/782], Loss: 0.006681574508547783
Rank:0 Epoch: [35/40], Step: [161/782], Loss: 0.06772615015506744
Rank:0 Epoch: [35/40], Step: [171/782], Loss: 0.02350611612200737
Rank:0 Epoch: [35/40], Step: [181/782], Loss: 0.042419277131557465
Rank:0 Epoch: [35/40], Step: [191/782], Loss: 0.011521909385919571
Rank:0 Epoch: [35/40], Step: [201/782], Loss: 0.01404796913266182
Rank:0 Epoch: [35/40], Step: [211/782], Loss: 0.04153181612491608
Rank:0 Epoch: [35/40], Step: [221/782], Loss: 0.05307069048285484
Rank:0 Epoch: [35/40], Step: [231/782], Loss: 0.020250698551535606
Rank:0 Epoch: [35/40], Step: [241/782], Loss: 0.007273106370121241
Rank:0 Epoch: [35/40], Step: [251/782], Loss: 0.002822187962010503
Rank:0 Epoch: [35/40], Step: [261/782], Loss: 0.04665233939886093
Rank:0 Epoch: [35/40], Step: [271/782], Loss: 0.05134521424770355
Rank:0 Epoch: [35/40], Step: [281/782], Loss: 0.00826271902769804
Rank:0 Epoch: [35/40], Step: [291/782], Loss: 0.003900802694261074
Rank:0 Epoch: [35/40], Step: [301/782], Loss: 0.019103500992059708
Rank:0 Epoch: [35/40], Step: [311/782], Loss: 0.13991473615169525
Rank:0 Epoch: [35/40], Step: [321/782], Loss: 0.14959459006786346
Rank:0 Epoch: [35/40], Step: [331/782], Loss: 0.015434733591973782
Rank:0 Epoch: [35/40], Step: [341/782], Loss: 0.026645531877875328
Rank:0 Epoch: [35/40], Step: [351/782], Loss: 0.08560927957296371
Rank:0 Epoch: [35/40], Step: [361/782], Loss: 0.012605641968548298
Rank:0 Epoch: [35/40], Step: [371/782], Loss: 0.003481308463960886
Rank:0 Epoch: [35/40], Step: [381/782], Loss: 0.032260868698358536
Rank:0 Epoch: [35/40], Step: [391/782], Loss: 0.022686012089252472
Rank:0 Epoch: [35/40], Step: [401/782], Loss: 0.07707120478153229
Rank:0 Epoch: [35/40], Step: [411/782], Loss: 0.041749414056539536
Rank:0 Epoch: [35/40], Step: [421/782], Loss: 0.012653606943786144
Rank:0 Epoch: [35/40], Step: [431/782], Loss: 0.039542581886053085
Rank:0 Epoch: [35/40], Step: [441/782], Loss: 0.01580849662423134
Rank:0 Epoch: [35/40], Step: [451/782], Loss: 0.05940729007124901
Rank:0 Epoch: [35/40], Step: [461/782], Loss: 0.043744780123233795
Rank:0 Epoch: [35/40], Step: [471/782], Loss: 0.009500119835138321
Rank:0 Epoch: [35/40], Step: [481/782], Loss: 0.002760009840130806
Rank:0 Epoch: [35/40], Step: [491/782], Loss: 0.005768729839473963
Rank:0 Epoch: [35/40], Step: [501/782], Loss: 0.018060913309454918
Rank:0 Epoch: [35/40], Step: [511/782], Loss: 0.11066646873950958
Rank:0 Epoch: [35/40], Step: [521/782], Loss: 0.033656712621450424
Rank:0 Epoch: [35/40], Step: [531/782], Loss: 0.10423977673053741
Rank:0 Epoch: [35/40], Step: [541/782], Loss: 0.04940135031938553
Rank:0 Epoch: [35/40], Step: [551/782], Loss: 0.016721269115805626
Rank:0 Epoch: [35/40], Step: [561/782], Loss: 0.006979427300393581
Rank:0 Epoch: [35/40], Step: [571/782], Loss: 0.02388581819832325
Rank:0 Epoch: [35/40], Step: [581/782], Loss: 0.01999662257730961
Rank:0 Epoch: [35/40], Step: [591/782], Loss: 0.0035207148175686598
Rank:0 Epoch: [35/40], Step: [601/782], Loss: 0.015783362090587616
Rank:0 Epoch: [35/40], Step: [611/782], Loss: 0.02030438743531704
Rank:0 Epoch: [35/40], Step: [621/782], Loss: 0.013561236672103405
Rank:0 Epoch: [35/40], Step: [631/782], Loss: 0.010986000299453735
Rank:0 Epoch: [35/40], Step: [641/782], Loss: 0.01594475656747818
Rank:0 Epoch: [35/40], Step: [651/782], Loss: 0.029494011774659157
Rank:0 Epoch: [35/40], Step: [661/782], Loss: 0.02023782767355442
Rank:0 Epoch: [35/40], Step: [671/782], Loss: 0.005873813293874264
Rank:0 Epoch: [35/40], Step: [681/782], Loss: 0.04720386862754822
Rank:0 Epoch: [35/40], Step: [691/782], Loss: 0.09518308192491531
Rank:0 Epoch: [35/40], Step: [701/782], Loss: 0.03807028755545616
Rank:0 Epoch: [35/40], Step: [711/782], Loss: 0.06381280720233917
Rank:0 Epoch: [35/40], Step: [721/782], Loss: 0.00791211612522602
Rank:0 Epoch: [35/40], Step: [731/782], Loss: 0.07527756690979004
Rank:0 Epoch: [35/40], Step: [741/782], Loss: 0.0583140067756176
Rank:0 Epoch: [35/40], Step: [751/782], Loss: 0.0031376893166452646
Rank:0 Epoch: [35/40], Step: [761/782], Loss: 0.013951651751995087
Rank:0 Epoch: [35/40], Step: [771/782], Loss: 0.013836400583386421
Rank:0 Epoch: [35/40], Step: [781/782], Loss: 0.005837113130837679
Current Test Acc: 0.9276
Rank:0 Epoch: [36/40], Step: [1/782], Loss: 0.02148076333105564
Rank:0 Epoch: [36/40], Step: [11/782], Loss: 0.009038782678544521
Rank:0 Epoch: [36/40], Step: [21/782], Loss: 0.01486562006175518
Rank:0 Epoch: [36/40], Step: [31/782], Loss: 0.003309299936518073
Rank:0 Epoch: [36/40], Step: [41/782], Loss: 0.017747996374964714
Rank:0 Epoch: [36/40], Step: [51/782], Loss: 0.017506834119558334
Rank:0 Epoch: [36/40], Step: [61/782], Loss: 0.029749104753136635
Rank:0 Epoch: [36/40], Step: [71/782], Loss: 0.04334140568971634
Rank:0 Epoch: [36/40], Step: [81/782], Loss: 0.058334559202194214
Rank:0 Epoch: [36/40], Step: [91/782], Loss: 0.014315014705061913
Rank:0 Epoch: [36/40], Step: [101/782], Loss: 0.007207834627479315
Rank:0 Epoch: [36/40], Step: [111/782], Loss: 0.006727870088070631
Rank:0 Epoch: [36/40], Step: [121/782], Loss: 0.05183614417910576
Rank:0 Epoch: [36/40], Step: [131/782], Loss: 0.023145657032728195
Rank:0 Epoch: [36/40], Step: [141/782], Loss: 0.018224067986011505
Rank:0 Epoch: [36/40], Step: [151/782], Loss: 0.02151826210319996
Rank:0 Epoch: [36/40], Step: [161/782], Loss: 0.0023822386283427477
Rank:0 Epoch: [36/40], Step: [171/782], Loss: 0.04481654241681099
Rank:0 Epoch: [36/40], Step: [181/782], Loss: 0.054901234805583954
Rank:0 Epoch: [36/40], Step: [191/782], Loss: 0.0149537967517972
Rank:0 Epoch: [36/40], Step: [201/782], Loss: 0.008877117186784744
Rank:0 Epoch: [36/40], Step: [211/782], Loss: 0.06776557117700577
Rank:0 Epoch: [36/40], Step: [221/782], Loss: 0.0057117217220366
Rank:0 Epoch: [36/40], Step: [231/782], Loss: 0.07163538783788681
Rank:0 Epoch: [36/40], Step: [241/782], Loss: 0.010624496266245842
Rank:0 Epoch: [36/40], Step: [251/782], Loss: 0.07526206970214844
Rank:0 Epoch: [36/40], Step: [261/782], Loss: 0.002761269686743617
Rank:0 Epoch: [36/40], Step: [271/782], Loss: 0.0022140012588351965
Rank:0 Epoch: [36/40], Step: [281/782], Loss: 0.026768706738948822
Rank:0 Epoch: [36/40], Step: [291/782], Loss: 0.04957036301493645
Rank:0 Epoch: [36/40], Step: [301/782], Loss: 0.07993865013122559
Rank:0 Epoch: [36/40], Step: [311/782], Loss: 0.011895334348082542
Rank:0 Epoch: [36/40], Step: [321/782], Loss: 0.0026232213713228703
Rank:0 Epoch: [36/40], Step: [331/782], Loss: 0.040952038019895554
Rank:0 Epoch: [36/40], Step: [341/782], Loss: 0.04549073055386543
Rank:0 Epoch: [36/40], Step: [351/782], Loss: 0.008568710647523403
Rank:0 Epoch: [36/40], Step: [361/782], Loss: 0.06074981018900871
Rank:0 Epoch: [36/40], Step: [371/782], Loss: 0.04756467416882515
Rank:0 Epoch: [36/40], Step: [381/782], Loss: 0.0027550996746867895
Rank:0 Epoch: [36/40], Step: [391/782], Loss: 0.012745128013193607
Rank:0 Epoch: [36/40], Step: [401/782], Loss: 0.01063687726855278
Rank:0 Epoch: [36/40], Step: [411/782], Loss: 0.005749508738517761
Rank:0 Epoch: [36/40], Step: [421/782], Loss: 0.005172379780560732
Rank:0 Epoch: [36/40], Step: [431/782], Loss: 0.01961386203765869
Rank:0 Epoch: [36/40], Step: [441/782], Loss: 0.04414891079068184
Rank:0 Epoch: [36/40], Step: [451/782], Loss: 0.05607837438583374
Rank:0 Epoch: [36/40], Step: [461/782], Loss: 0.008449084125459194
Rank:0 Epoch: [36/40], Step: [471/782], Loss: 0.040960367769002914
Rank:0 Epoch: [36/40], Step: [481/782], Loss: 0.04236823692917824
Rank:0 Epoch: [36/40], Step: [491/782], Loss: 0.004146507941186428
Rank:0 Epoch: [36/40], Step: [501/782], Loss: 0.003412495134398341
Rank:0 Epoch: [36/40], Step: [511/782], Loss: 0.0013770085060968995
Rank:0 Epoch: [36/40], Step: [521/782], Loss: 0.037875834852457047
Rank:0 Epoch: [36/40], Step: [531/782], Loss: 0.05448734015226364
Rank:0 Epoch: [36/40], Step: [541/782], Loss: 0.01904420740902424
Rank:0 Epoch: [36/40], Step: [551/782], Loss: 0.030670039355754852
Rank:0 Epoch: [36/40], Step: [561/782], Loss: 0.050897371023893356
Rank:0 Epoch: [36/40], Step: [571/782], Loss: 0.04200572520494461
Rank:0 Epoch: [36/40], Step: [581/782], Loss: 0.07526007294654846
Rank:0 Epoch: [36/40], Step: [591/782], Loss: 0.02106640301644802
Rank:0 Epoch: [36/40], Step: [601/782], Loss: 0.0030087025370448828
Rank:0 Epoch: [36/40], Step: [611/782], Loss: 0.033009301871061325
Rank:0 Epoch: [36/40], Step: [621/782], Loss: 0.01562084723263979
Rank:0 Epoch: [36/40], Step: [631/782], Loss: 0.0023314699064940214
Rank:0 Epoch: [36/40], Step: [641/782], Loss: 0.03495502471923828
Rank:0 Epoch: [36/40], Step: [651/782], Loss: 0.023111557587981224
Rank:0 Epoch: [36/40], Step: [661/782], Loss: 0.05913284793496132
Rank:0 Epoch: [36/40], Step: [671/782], Loss: 0.10814648121595383
Rank:0 Epoch: [36/40], Step: [681/782], Loss: 0.001866574864834547
Rank:0 Epoch: [36/40], Step: [691/782], Loss: 0.025011174380779266
Rank:0 Epoch: [36/40], Step: [701/782], Loss: 0.006171598099172115
Rank:0 Epoch: [36/40], Step: [711/782], Loss: 0.07378502190113068
Rank:0 Epoch: [36/40], Step: [721/782], Loss: 0.023374512791633606
Rank:0 Epoch: [36/40], Step: [731/782], Loss: 0.005423613823950291
Rank:0 Epoch: [36/40], Step: [741/782], Loss: 0.010967607609927654
Rank:0 Epoch: [36/40], Step: [751/782], Loss: 0.020560430362820625
Rank:0 Epoch: [36/40], Step: [761/782], Loss: 0.011895524337887764
Rank:0 Epoch: [36/40], Step: [771/782], Loss: 0.015129060484468937
Rank:0 Epoch: [36/40], Step: [781/782], Loss: 0.018215488642454147
Current Test Acc: 0.9276
Rank:0 Epoch: [37/40], Step: [1/782], Loss: 0.002296817023307085
Rank:0 Epoch: [37/40], Step: [11/782], Loss: 0.02043594792485237
Rank:0 Epoch: [37/40], Step: [21/782], Loss: 0.005946206860244274
Rank:0 Epoch: [37/40], Step: [31/782], Loss: 0.061777833849191666
Rank:0 Epoch: [37/40], Step: [41/782], Loss: 0.06236639991402626
Rank:0 Epoch: [37/40], Step: [51/782], Loss: 0.018856683745980263
Rank:0 Epoch: [37/40], Step: [61/782], Loss: 0.015694407746195793
Rank:0 Epoch: [37/40], Step: [71/782], Loss: 0.0010352125391364098
Rank:0 Epoch: [37/40], Step: [81/782], Loss: 0.022735610604286194
Rank:0 Epoch: [37/40], Step: [91/782], Loss: 0.022607143968343735
Rank:0 Epoch: [37/40], Step: [101/782], Loss: 0.018787086009979248
Rank:0 Epoch: [37/40], Step: [111/782], Loss: 0.0053924559615552425
Rank:0 Epoch: [37/40], Step: [121/782], Loss: 0.021287759765982628
Rank:0 Epoch: [37/40], Step: [131/782], Loss: 0.0075434427708387375
Rank:0 Epoch: [37/40], Step: [141/782], Loss: 0.046821873635053635
Rank:0 Epoch: [37/40], Step: [151/782], Loss: 0.003388691693544388
Rank:0 Epoch: [37/40], Step: [161/782], Loss: 0.01677883416414261
Rank:0 Epoch: [37/40], Step: [171/782], Loss: 0.04032793268561363
Rank:0 Epoch: [37/40], Step: [181/782], Loss: 0.03472049534320831
Rank:0 Epoch: [37/40], Step: [191/782], Loss: 0.06622286140918732
Rank:0 Epoch: [37/40], Step: [201/782], Loss: 0.011813429184257984
Rank:0 Epoch: [37/40], Step: [211/782], Loss: 0.037097226828336716
Rank:0 Epoch: [37/40], Step: [221/782], Loss: 0.00811986718326807
Rank:0 Epoch: [37/40], Step: [231/782], Loss: 0.0317300409078598
Rank:0 Epoch: [37/40], Step: [241/782], Loss: 0.004312828183174133
Rank:0 Epoch: [37/40], Step: [251/782], Loss: 0.0592486672103405
Rank:0 Epoch: [37/40], Step: [261/782], Loss: 0.0023165177553892136
Rank:0 Epoch: [37/40], Step: [271/782], Loss: 0.013717138208448887
Rank:0 Epoch: [37/40], Step: [281/782], Loss: 0.053852904587984085
Rank:0 Epoch: [37/40], Step: [291/782], Loss: 0.019481873139739037
Rank:0 Epoch: [37/40], Step: [301/782], Loss: 0.014644615352153778
Rank:0 Epoch: [37/40], Step: [311/782], Loss: 0.07848626375198364
Rank:0 Epoch: [37/40], Step: [321/782], Loss: 0.04968065768480301
Rank:0 Epoch: [37/40], Step: [331/782], Loss: 0.028393803164362907
Rank:0 Epoch: [37/40], Step: [341/782], Loss: 0.004159745294600725
Rank:0 Epoch: [37/40], Step: [351/782], Loss: 0.011565218679606915
Rank:0 Epoch: [37/40], Step: [361/782], Loss: 0.017742618918418884
Rank:0 Epoch: [37/40], Step: [371/782], Loss: 0.02606314793229103
Rank:0 Epoch: [37/40], Step: [381/782], Loss: 0.03610691428184509
Rank:0 Epoch: [37/40], Step: [391/782], Loss: 0.026744019240140915
Rank:0 Epoch: [37/40], Step: [401/782], Loss: 0.013702311553061008
Rank:0 Epoch: [37/40], Step: [411/782], Loss: 0.07999518513679504
Rank:0 Epoch: [37/40], Step: [421/782], Loss: 0.0030426420271396637
Rank:0 Epoch: [37/40], Step: [431/782], Loss: 0.00712553458288312
Rank:0 Epoch: [37/40], Step: [441/782], Loss: 0.041454337537288666
Rank:0 Epoch: [37/40], Step: [451/782], Loss: 0.0053383051417768
Rank:0 Epoch: [37/40], Step: [461/782], Loss: 0.006021671928465366
Rank:0 Epoch: [37/40], Step: [471/782], Loss: 0.0029822434298694134
Rank:0 Epoch: [37/40], Step: [481/782], Loss: 0.04354779049754143
Rank:0 Epoch: [37/40], Step: [491/782], Loss: 0.02014538086950779
Rank:0 Epoch: [37/40], Step: [501/782], Loss: 0.0021269286517053843
Rank:0 Epoch: [37/40], Step: [511/782], Loss: 0.05732869356870651
Rank:0 Epoch: [37/40], Step: [521/782], Loss: 0.005163908004760742
Rank:0 Epoch: [37/40], Step: [531/782], Loss: 0.01088639535009861
Rank:0 Epoch: [37/40], Step: [541/782], Loss: 0.0701298862695694
Rank:0 Epoch: [37/40], Step: [551/782], Loss: 0.014254389330744743
Rank:0 Epoch: [37/40], Step: [561/782], Loss: 0.0910349190235138
Rank:0 Epoch: [37/40], Step: [571/782], Loss: 0.01665770448744297
Rank:0 Epoch: [37/40], Step: [581/782], Loss: 0.010669447481632233
Rank:0 Epoch: [37/40], Step: [591/782], Loss: 0.0094769187271595
Rank:0 Epoch: [37/40], Step: [601/782], Loss: 0.06654604524374008
Rank:0 Epoch: [37/40], Step: [611/782], Loss: 0.025690441951155663
Rank:0 Epoch: [37/40], Step: [621/782], Loss: 0.007760623469948769
Rank:0 Epoch: [37/40], Step: [631/782], Loss: 0.02159036137163639
Rank:0 Epoch: [37/40], Step: [641/782], Loss: 0.0016320094000548124
Rank:0 Epoch: [37/40], Step: [651/782], Loss: 0.0604211799800396
Rank:0 Epoch: [37/40], Step: [661/782], Loss: 0.0034519194159656763
Rank:0 Epoch: [37/40], Step: [671/782], Loss: 0.012701377272605896
Rank:0 Epoch: [37/40], Step: [681/782], Loss: 0.03157714754343033
Rank:0 Epoch: [37/40], Step: [691/782], Loss: 0.008729329332709312
Rank:0 Epoch: [37/40], Step: [701/782], Loss: 0.018838735297322273
Rank:0 Epoch: [37/40], Step: [711/782], Loss: 0.0019022912019863725
Rank:0 Epoch: [37/40], Step: [721/782], Loss: 0.0068320007994771
Rank:0 Epoch: [37/40], Step: [731/782], Loss: 0.01889019086956978
Rank:0 Epoch: [37/40], Step: [741/782], Loss: 0.0031964604277163744
Rank:0 Epoch: [37/40], Step: [751/782], Loss: 0.09601768851280212
Rank:0 Epoch: [37/40], Step: [761/782], Loss: 0.0015110236126929522
Rank:0 Epoch: [37/40], Step: [771/782], Loss: 0.011054798029363155
Rank:0 Epoch: [37/40], Step: [781/782], Loss: 0.02863142266869545
Current Test Acc: 0.9288
Rank:0 Epoch: [38/40], Step: [1/782], Loss: 0.044782139360904694
Rank:0 Epoch: [38/40], Step: [11/782], Loss: 0.033280160278081894
Rank:0 Epoch: [38/40], Step: [21/782], Loss: 0.0024187006056308746
Rank:0 Epoch: [38/40], Step: [31/782], Loss: 0.060097504407167435
Rank:0 Epoch: [38/40], Step: [41/782], Loss: 0.026496898382902145
Rank:0 Epoch: [38/40], Step: [51/782], Loss: 0.005164443049579859
Rank:0 Epoch: [38/40], Step: [61/782], Loss: 0.05318734422326088
Rank:0 Epoch: [38/40], Step: [71/782], Loss: 0.009207049384713173
Rank:0 Epoch: [38/40], Step: [81/782], Loss: 0.1793210655450821
Rank:0 Epoch: [38/40], Step: [91/782], Loss: 0.043371543288230896
Rank:0 Epoch: [38/40], Step: [101/782], Loss: 0.00981914158910513
Rank:0 Epoch: [38/40], Step: [111/782], Loss: 0.032547637820243835
Rank:0 Epoch: [38/40], Step: [121/782], Loss: 0.023692408576607704
Rank:0 Epoch: [38/40], Step: [131/782], Loss: 0.012623469345271587
Rank:0 Epoch: [38/40], Step: [141/782], Loss: 0.0023489941377192736
Rank:0 Epoch: [38/40], Step: [151/782], Loss: 0.006655868608504534
Rank:0 Epoch: [38/40], Step: [161/782], Loss: 0.005126050673425198
Rank:0 Epoch: [38/40], Step: [171/782], Loss: 0.03674393147230148
Rank:0 Epoch: [38/40], Step: [181/782], Loss: 0.04406163468956947
Rank:0 Epoch: [38/40], Step: [191/782], Loss: 0.04123562574386597
Rank:0 Epoch: [38/40], Step: [201/782], Loss: 0.04144929721951485
Rank:0 Epoch: [38/40], Step: [211/782], Loss: 0.0051717618480324745
Rank:0 Epoch: [38/40], Step: [221/782], Loss: 0.026703279465436935
Rank:0 Epoch: [38/40], Step: [231/782], Loss: 0.04033100977540016
Rank:0 Epoch: [38/40], Step: [241/782], Loss: 0.029851673170924187
Rank:0 Epoch: [38/40], Step: [251/782], Loss: 0.011421100236475468
Rank:0 Epoch: [38/40], Step: [261/782], Loss: 0.006485955324023962
Rank:0 Epoch: [38/40], Step: [271/782], Loss: 0.002756086178123951
Rank:0 Epoch: [38/40], Step: [281/782], Loss: 0.012997332029044628
Rank:0 Epoch: [38/40], Step: [291/782], Loss: 0.04669617488980293
Rank:0 Epoch: [38/40], Step: [301/782], Loss: 0.011265422217547894
Rank:0 Epoch: [38/40], Step: [311/782], Loss: 0.11241064220666885
Rank:0 Epoch: [38/40], Step: [321/782], Loss: 0.04482775554060936
Rank:0 Epoch: [38/40], Step: [331/782], Loss: 0.010732203722000122
Rank:0 Epoch: [38/40], Step: [341/782], Loss: 0.014021091163158417
Rank:0 Epoch: [38/40], Step: [351/782], Loss: 0.0009453700040467083
Rank:0 Epoch: [38/40], Step: [361/782], Loss: 0.009102706797420979
Rank:0 Epoch: [38/40], Step: [371/782], Loss: 0.04699606075882912
Rank:0 Epoch: [38/40], Step: [381/782], Loss: 0.001979084452614188
Rank:0 Epoch: [38/40], Step: [391/782], Loss: 0.005503360647708178
Rank:0 Epoch: [38/40], Step: [401/782], Loss: 0.011947402730584145
Rank:0 Epoch: [38/40], Step: [411/782], Loss: 0.03918279707431793
Rank:0 Epoch: [38/40], Step: [421/782], Loss: 0.04179256409406662
Rank:0 Epoch: [38/40], Step: [431/782], Loss: 0.005851435475051403
Rank:0 Epoch: [38/40], Step: [441/782], Loss: 0.015612421557307243
Rank:0 Epoch: [38/40], Step: [451/782], Loss: 0.008010659366846085
Rank:0 Epoch: [38/40], Step: [461/782], Loss: 0.004671885631978512
Rank:0 Epoch: [38/40], Step: [471/782], Loss: 0.013419389724731445
Rank:0 Epoch: [38/40], Step: [481/782], Loss: 0.014261117205023766
Rank:0 Epoch: [38/40], Step: [491/782], Loss: 0.022068707272410393
Rank:0 Epoch: [38/40], Step: [501/782], Loss: 0.03156103566288948
Rank:0 Epoch: [38/40], Step: [511/782], Loss: 0.023992225527763367
Rank:0 Epoch: [38/40], Step: [521/782], Loss: 0.010922991670668125
Rank:0 Epoch: [38/40], Step: [531/782], Loss: 0.002380681224167347
Rank:0 Epoch: [38/40], Step: [541/782], Loss: 0.04301566258072853
Rank:0 Epoch: [38/40], Step: [551/782], Loss: 0.05856473371386528
Rank:0 Epoch: [38/40], Step: [561/782], Loss: 0.009328752756118774
Rank:0 Epoch: [38/40], Step: [571/782], Loss: 0.09221620857715607
Rank:0 Epoch: [38/40], Step: [581/782], Loss: 0.004262672737240791
Rank:0 Epoch: [38/40], Step: [591/782], Loss: 0.004457132890820503
Rank:0 Epoch: [38/40], Step: [601/782], Loss: 0.006070602219551802
Rank:0 Epoch: [38/40], Step: [611/782], Loss: 0.003708549542352557
Rank:0 Epoch: [38/40], Step: [621/782], Loss: 0.010698547586798668
Rank:0 Epoch: [38/40], Step: [631/782], Loss: 0.004935955163091421
Rank:0 Epoch: [38/40], Step: [641/782], Loss: 0.010264863260090351
Rank:0 Epoch: [38/40], Step: [651/782], Loss: 0.007062677294015884
Rank:0 Epoch: [38/40], Step: [661/782], Loss: 0.01134870108217001
Rank:0 Epoch: [38/40], Step: [671/782], Loss: 0.012221597135066986
Rank:0 Epoch: [38/40], Step: [681/782], Loss: 0.011747915297746658
Rank:0 Epoch: [38/40], Step: [691/782], Loss: 0.024271083995699883
Rank:0 Epoch: [38/40], Step: [701/782], Loss: 0.008291060104966164
Rank:0 Epoch: [38/40], Step: [711/782], Loss: 0.006407194770872593
Rank:0 Epoch: [38/40], Step: [721/782], Loss: 0.019202666357159615
Rank:0 Epoch: [38/40], Step: [731/782], Loss: 0.009514272212982178
Rank:0 Epoch: [38/40], Step: [741/782], Loss: 0.0037905590143054724
Rank:0 Epoch: [38/40], Step: [751/782], Loss: 0.085969477891922
Rank:0 Epoch: [38/40], Step: [761/782], Loss: 0.008480601012706757
Rank:0 Epoch: [38/40], Step: [771/782], Loss: 0.045319121330976486
Rank:0 Epoch: [38/40], Step: [781/782], Loss: 0.041457515209913254
Current Test Acc: 0.9281
Rank:0 Epoch: [39/40], Step: [1/782], Loss: 0.002542114118114114
Rank:0 Epoch: [39/40], Step: [11/782], Loss: 0.014651842415332794
Rank:0 Epoch: [39/40], Step: [21/782], Loss: 0.06541167944669724
Rank:0 Epoch: [39/40], Step: [31/782], Loss: 0.018163470551371574
Rank:0 Epoch: [39/40], Step: [41/782], Loss: 0.022578639909625053
Rank:0 Epoch: [39/40], Step: [51/782], Loss: 0.012437229044735432
Rank:0 Epoch: [39/40], Step: [61/782], Loss: 0.08535468578338623
Rank:0 Epoch: [39/40], Step: [71/782], Loss: 0.008199073374271393
Rank:0 Epoch: [39/40], Step: [81/782], Loss: 0.0843578428030014
Rank:0 Epoch: [39/40], Step: [91/782], Loss: 0.021852459758520126
Rank:0 Epoch: [39/40], Step: [101/782], Loss: 0.07678860425949097
Rank:0 Epoch: [39/40], Step: [111/782], Loss: 0.011627905070781708
Rank:0 Epoch: [39/40], Step: [121/782], Loss: 0.014299757778644562
Rank:0 Epoch: [39/40], Step: [131/782], Loss: 0.09480202198028564
Rank:0 Epoch: [39/40], Step: [141/782], Loss: 0.041221603751182556
Rank:0 Epoch: [39/40], Step: [151/782], Loss: 0.011162535287439823
Rank:0 Epoch: [39/40], Step: [161/782], Loss: 0.05468732863664627
Rank:0 Epoch: [39/40], Step: [171/782], Loss: 0.05277743935585022
Rank:0 Epoch: [39/40], Step: [181/782], Loss: 0.019124075770378113
Rank:0 Epoch: [39/40], Step: [191/782], Loss: 0.041661687195301056
Rank:0 Epoch: [39/40], Step: [201/782], Loss: 0.030838528648018837
Rank:0 Epoch: [39/40], Step: [211/782], Loss: 0.025267276912927628
Rank:0 Epoch: [39/40], Step: [221/782], Loss: 0.08943359553813934
Rank:0 Epoch: [39/40], Step: [231/782], Loss: 0.013734554871916771
Rank:0 Epoch: [39/40], Step: [241/782], Loss: 0.003950880374759436
Rank:0 Epoch: [39/40], Step: [251/782], Loss: 0.011035210452973843
Rank:0 Epoch: [39/40], Step: [261/782], Loss: 0.033697571605443954
Rank:0 Epoch: [39/40], Step: [271/782], Loss: 0.015887808054685593
Rank:0 Epoch: [39/40], Step: [281/782], Loss: 0.0011659322772175074
Rank:0 Epoch: [39/40], Step: [291/782], Loss: 0.01332775130867958
Rank:0 Epoch: [39/40], Step: [301/782], Loss: 0.053847793489694595
Rank:0 Epoch: [39/40], Step: [311/782], Loss: 0.008359143510460854
Rank:0 Epoch: [39/40], Step: [321/782], Loss: 0.03885854035615921
Rank:0 Epoch: [39/40], Step: [331/782], Loss: 0.13906705379486084
Rank:0 Epoch: [39/40], Step: [341/782], Loss: 0.02681368589401245
Rank:0 Epoch: [39/40], Step: [351/782], Loss: 0.01774652674794197
Rank:0 Epoch: [39/40], Step: [361/782], Loss: 0.005715323146432638
Rank:0 Epoch: [39/40], Step: [371/782], Loss: 0.011270287446677685
Rank:0 Epoch: [39/40], Step: [381/782], Loss: 0.02628925070166588
Rank:0 Epoch: [39/40], Step: [391/782], Loss: 0.011475789360702038
Rank:0 Epoch: [39/40], Step: [401/782], Loss: 0.006248090416193008
Rank:0 Epoch: [39/40], Step: [411/782], Loss: 0.03352934494614601
Rank:0 Epoch: [39/40], Step: [421/782], Loss: 0.04390928894281387
Rank:0 Epoch: [39/40], Step: [431/782], Loss: 0.03862110525369644
Rank:0 Epoch: [39/40], Step: [441/782], Loss: 0.07530368119478226
Rank:0 Epoch: [39/40], Step: [451/782], Loss: 0.009528194554150105
Rank:0 Epoch: [39/40], Step: [461/782], Loss: 0.05759325250983238
Rank:0 Epoch: [39/40], Step: [471/782], Loss: 0.004504263401031494
Rank:0 Epoch: [39/40], Step: [481/782], Loss: 0.061376504600048065
Rank:0 Epoch: [39/40], Step: [491/782], Loss: 0.012418157421052456
Rank:0 Epoch: [39/40], Step: [501/782], Loss: 0.04733835533261299
Rank:0 Epoch: [39/40], Step: [511/782], Loss: 0.0024975305423140526
Rank:0 Epoch: [39/40], Step: [521/782], Loss: 0.03635719418525696
Rank:0 Epoch: [39/40], Step: [531/782], Loss: 0.03392898291349411
Rank:0 Epoch: [39/40], Step: [541/782], Loss: 0.0037466445937752724
Rank:0 Epoch: [39/40], Step: [551/782], Loss: 0.006396691780537367
Rank:0 Epoch: [39/40], Step: [561/782], Loss: 0.04144866764545441
Rank:0 Epoch: [39/40], Step: [571/782], Loss: 0.03196612000465393
Rank:0 Epoch: [39/40], Step: [581/782], Loss: 0.004106462467461824
Rank:0 Epoch: [39/40], Step: [591/782], Loss: 0.02602200396358967
Rank:0 Epoch: [39/40], Step: [601/782], Loss: 0.005800481885671616
Rank:0 Epoch: [39/40], Step: [611/782], Loss: 0.01660437509417534
Rank:0 Epoch: [39/40], Step: [621/782], Loss: 0.0033832532353699207
Rank:0 Epoch: [39/40], Step: [631/782], Loss: 0.009252245537936687
Rank:0 Epoch: [39/40], Step: [641/782], Loss: 0.00901472382247448
Rank:0 Epoch: [39/40], Step: [651/782], Loss: 0.001740342820994556
Rank:0 Epoch: [39/40], Step: [661/782], Loss: 0.0076304273679852486
Rank:0 Epoch: [39/40], Step: [671/782], Loss: 0.02413148060441017
Rank:0 Epoch: [39/40], Step: [681/782], Loss: 0.008090260438621044
Rank:0 Epoch: [39/40], Step: [691/782], Loss: 0.01924506202340126
Rank:0 Epoch: [39/40], Step: [701/782], Loss: 0.024800658226013184
Rank:0 Epoch: [39/40], Step: [711/782], Loss: 0.05833432450890541
Rank:0 Epoch: [39/40], Step: [721/782], Loss: 0.006949816830456257
Rank:0 Epoch: [39/40], Step: [731/782], Loss: 0.0021380954422056675
Rank:0 Epoch: [39/40], Step: [741/782], Loss: 0.017773844301700592
Rank:0 Epoch: [39/40], Step: [751/782], Loss: 0.013422990217804909
Rank:0 Epoch: [39/40], Step: [761/782], Loss: 0.0062108635902404785
Rank:0 Epoch: [39/40], Step: [771/782], Loss: 0.01351085864007473
Rank:0 Epoch: [39/40], Step: [781/782], Loss: 0.004448182415217161
Current Test Acc: 0.9274
Rank:0 Epoch: [40/40], Step: [1/782], Loss: 0.026079602539539337
Rank:0 Epoch: [40/40], Step: [11/782], Loss: 0.03225872665643692
Rank:0 Epoch: [40/40], Step: [21/782], Loss: 0.0156033243983984
Rank:0 Epoch: [40/40], Step: [31/782], Loss: 0.020395617932081223
Rank:0 Epoch: [40/40], Step: [41/782], Loss: 0.010568089783191681
Rank:0 Epoch: [40/40], Step: [51/782], Loss: 0.029065575450658798
Rank:0 Epoch: [40/40], Step: [61/782], Loss: 0.006482318509370089
Rank:0 Epoch: [40/40], Step: [71/782], Loss: 0.028871651738882065
Rank:0 Epoch: [40/40], Step: [81/782], Loss: 0.036942027509212494
Rank:0 Epoch: [40/40], Step: [91/782], Loss: 0.10485771298408508
Rank:0 Epoch: [40/40], Step: [101/782], Loss: 0.07516463845968246
Rank:0 Epoch: [40/40], Step: [111/782], Loss: 0.0027127296198159456
Rank:0 Epoch: [40/40], Step: [121/782], Loss: 0.007834019139409065
Rank:0 Epoch: [40/40], Step: [131/782], Loss: 0.004906701389700174
Rank:0 Epoch: [40/40], Step: [141/782], Loss: 0.0027454982046037912
Rank:0 Epoch: [40/40], Step: [151/782], Loss: 0.02699633315205574
Rank:0 Epoch: [40/40], Step: [161/782], Loss: 0.08972722291946411
Rank:0 Epoch: [40/40], Step: [171/782], Loss: 0.03813517466187477
Rank:0 Epoch: [40/40], Step: [181/782], Loss: 0.056509293615818024
Rank:0 Epoch: [40/40], Step: [191/782], Loss: 0.07976985722780228
Rank:0 Epoch: [40/40], Step: [201/782], Loss: 0.005597495473921299
Rank:0 Epoch: [40/40], Step: [211/782], Loss: 0.05315797030925751
Rank:0 Epoch: [40/40], Step: [221/782], Loss: 0.005471755750477314
Rank:0 Epoch: [40/40], Step: [231/782], Loss: 0.009469945915043354
Rank:0 Epoch: [40/40], Step: [241/782], Loss: 0.08639675378799438
Rank:0 Epoch: [40/40], Step: [251/782], Loss: 0.008666254580020905
Rank:0 Epoch: [40/40], Step: [261/782], Loss: 0.046507421880960464
Rank:0 Epoch: [40/40], Step: [271/782], Loss: 0.007945669814944267
Rank:0 Epoch: [40/40], Step: [281/782], Loss: 0.04627896100282669
Rank:0 Epoch: [40/40], Step: [291/782], Loss: 0.004667023196816444
Rank:0 Epoch: [40/40], Step: [301/782], Loss: 0.004323385190218687
Rank:0 Epoch: [40/40], Step: [311/782], Loss: 0.06190594658255577
Rank:0 Epoch: [40/40], Step: [321/782], Loss: 0.08344224095344543
Rank:0 Epoch: [40/40], Step: [331/782], Loss: 0.0019026818918064237
Rank:0 Epoch: [40/40], Step: [341/782], Loss: 0.006361332256346941
Rank:0 Epoch: [40/40], Step: [351/782], Loss: 0.006900663021951914
Rank:0 Epoch: [40/40], Step: [361/782], Loss: 0.05935613065958023
Rank:0 Epoch: [40/40], Step: [371/782], Loss: 0.05479301139712334
Rank:0 Epoch: [40/40], Step: [381/782], Loss: 0.007921029813587666
Rank:0 Epoch: [40/40], Step: [391/782], Loss: 0.0074525391682982445
Rank:0 Epoch: [40/40], Step: [401/782], Loss: 0.04981808736920357
Rank:0 Epoch: [40/40], Step: [411/782], Loss: 0.01520423125475645
Rank:0 Epoch: [40/40], Step: [421/782], Loss: 0.030738892033696175
Rank:0 Epoch: [40/40], Step: [431/782], Loss: 0.01797424629330635
Rank:0 Epoch: [40/40], Step: [441/782], Loss: 0.003694377141073346
Rank:0 Epoch: [40/40], Step: [451/782], Loss: 0.030531316995620728
Rank:0 Epoch: [40/40], Step: [461/782], Loss: 0.04542547091841698
Rank:0 Epoch: [40/40], Step: [471/782], Loss: 0.08646835386753082
Rank:0 Epoch: [40/40], Step: [481/782], Loss: 0.008124715648591518
Rank:0 Epoch: [40/40], Step: [491/782], Loss: 0.05598446726799011
Rank:0 Epoch: [40/40], Step: [501/782], Loss: 0.03955038636922836
Rank:0 Epoch: [40/40], Step: [511/782], Loss: 0.027392953634262085
Rank:0 Epoch: [40/40], Step: [521/782], Loss: 0.038261279463768005
Rank:0 Epoch: [40/40], Step: [531/782], Loss: 0.0035001281648874283
Rank:0 Epoch: [40/40], Step: [541/782], Loss: 0.008172296918928623
Rank:0 Epoch: [40/40], Step: [551/782], Loss: 0.013621260412037373
Rank:0 Epoch: [40/40], Step: [561/782], Loss: 0.0035557139199227095
Rank:0 Epoch: [40/40], Step: [571/782], Loss: 0.005661817267537117
Rank:0 Epoch: [40/40], Step: [581/782], Loss: 0.064243383705616
Rank:0 Epoch: [40/40], Step: [591/782], Loss: 0.05623539164662361
Rank:0 Epoch: [40/40], Step: [601/782], Loss: 0.010254998691380024
Rank:0 Epoch: [40/40], Step: [611/782], Loss: 0.016426274552941322
Rank:0 Epoch: [40/40], Step: [621/782], Loss: 0.002523865317925811
Rank:0 Epoch: [40/40], Step: [631/782], Loss: 0.014953202567994595
Rank:0 Epoch: [40/40], Step: [641/782], Loss: 0.005259376019239426
Rank:0 Epoch: [40/40], Step: [651/782], Loss: 0.0038275367114692926
Rank:0 Epoch: [40/40], Step: [661/782], Loss: 0.00576886348426342
Rank:0 Epoch: [40/40], Step: [671/782], Loss: 0.018023479729890823
Rank:0 Epoch: [40/40], Step: [681/782], Loss: 0.014580714516341686
Rank:0 Epoch: [40/40], Step: [691/782], Loss: 0.016420336440205574
Rank:0 Epoch: [40/40], Step: [701/782], Loss: 0.048177845776081085
Rank:0 Epoch: [40/40], Step: [711/782], Loss: 0.027111884206533432
Rank:0 Epoch: [40/40], Step: [721/782], Loss: 0.006104333326220512
Rank:0 Epoch: [40/40], Step: [731/782], Loss: 0.007694822736084461
Rank:0 Epoch: [40/40], Step: [741/782], Loss: 0.0018846732564270496
Rank:0 Epoch: [40/40], Step: [751/782], Loss: 0.026947634294629097
Rank:0 Epoch: [40/40], Step: [761/782], Loss: 0.02406313642859459
Rank:0 Epoch: [40/40], Step: [771/782], Loss: 0.003163787769153714
Rank:0 Epoch: [40/40], Step: [781/782], Loss: 0.009165399707853794
Current Test Acc: 0.9278
Local best accuracy so far 0.9288
Best accuracy so far 0.9288
completed!
