ddp backend: nccl, world size: 1
rank 0 train on cuda 0
Rank:0 Epoch: [1/40], Step: [1/782], Loss: 0.8586716055870056
Rank:0 Epoch: [1/40], Step: [11/782], Loss: 3.364091157913208
Rank:0 Epoch: [1/40], Step: [21/782], Loss: 1.9333776235580444
Rank:0 Epoch: [1/40], Step: [31/782], Loss: 2.0947494506835938
Rank:0 Epoch: [1/40], Step: [41/782], Loss: 1.8185087442398071
Rank:0 Epoch: [1/40], Step: [51/782], Loss: 1.7231416702270508
Rank:0 Epoch: [1/40], Step: [61/782], Loss: 1.5655639171600342
Rank:0 Epoch: [1/40], Step: [71/782], Loss: 1.6023131608963013
Rank:0 Epoch: [1/40], Step: [81/782], Loss: 1.36001455783844
Rank:0 Epoch: [1/40], Step: [91/782], Loss: 1.3752694129943848
Rank:0 Epoch: [1/40], Step: [101/782], Loss: 1.1921987533569336
Rank:0 Epoch: [1/40], Step: [111/782], Loss: 1.1966221332550049
Rank:0 Epoch: [1/40], Step: [121/782], Loss: 1.1060124635696411
Rank:0 Epoch: [1/40], Step: [131/782], Loss: 1.1059459447860718
Rank:0 Epoch: [1/40], Step: [141/782], Loss: 1.2092645168304443
Rank:0 Epoch: [1/40], Step: [151/782], Loss: 1.4405786991119385
Rank:0 Epoch: [1/40], Step: [161/782], Loss: 1.2357275485992432
Rank:0 Epoch: [1/40], Step: [171/782], Loss: 1.0319135189056396
Rank:0 Epoch: [1/40], Step: [181/782], Loss: 1.1804472208023071
Rank:0 Epoch: [1/40], Step: [191/782], Loss: 1.1090352535247803
Rank:0 Epoch: [1/40], Step: [201/782], Loss: 1.2252730131149292
Rank:0 Epoch: [1/40], Step: [211/782], Loss: 1.0967377424240112
Rank:0 Epoch: [1/40], Step: [221/782], Loss: 0.8464528322219849
Rank:0 Epoch: [1/40], Step: [231/782], Loss: 1.1632115840911865
Rank:0 Epoch: [1/40], Step: [241/782], Loss: 0.875587522983551
Rank:0 Epoch: [1/40], Step: [251/782], Loss: 1.057613730430603
Rank:0 Epoch: [1/40], Step: [261/782], Loss: 1.1527618169784546
Rank:0 Epoch: [1/40], Step: [271/782], Loss: 1.0872747898101807
Rank:0 Epoch: [1/40], Step: [281/782], Loss: 0.6957744359970093
Rank:0 Epoch: [1/40], Step: [291/782], Loss: 0.7460984587669373
Rank:0 Epoch: [1/40], Step: [301/782], Loss: 1.0339943170547485
Rank:0 Epoch: [1/40], Step: [311/782], Loss: 0.8724676370620728
Rank:0 Epoch: [1/40], Step: [321/782], Loss: 0.6433976292610168
Rank:0 Epoch: [1/40], Step: [331/782], Loss: 0.7879825234413147
Rank:0 Epoch: [1/40], Step: [341/782], Loss: 0.7640088200569153
Rank:0 Epoch: [1/40], Step: [351/782], Loss: 0.9082855582237244
Rank:0 Epoch: [1/40], Step: [361/782], Loss: 0.7953579425811768
Rank:0 Epoch: [1/40], Step: [371/782], Loss: 0.8116620779037476
Rank:0 Epoch: [1/40], Step: [381/782], Loss: 0.8440165519714355
Rank:0 Epoch: [1/40], Step: [391/782], Loss: 0.7863529324531555
Rank:0 Epoch: [1/40], Step: [401/782], Loss: 0.9852607846260071
Rank:0 Epoch: [1/40], Step: [411/782], Loss: 0.7689402103424072
Rank:0 Epoch: [1/40], Step: [421/782], Loss: 0.7831564545631409
Rank:0 Epoch: [1/40], Step: [431/782], Loss: 0.7325981855392456
Rank:0 Epoch: [1/40], Step: [441/782], Loss: 0.5771492719650269
Rank:0 Epoch: [1/40], Step: [451/782], Loss: 0.6109395623207092
Rank:0 Epoch: [1/40], Step: [461/782], Loss: 0.7407549023628235
Rank:0 Epoch: [1/40], Step: [471/782], Loss: 0.831447958946228
Rank:0 Epoch: [1/40], Step: [481/782], Loss: 0.9150980114936829
Rank:0 Epoch: [1/40], Step: [491/782], Loss: 0.6485896110534668
Rank:0 Epoch: [1/40], Step: [501/782], Loss: 0.7940986752510071
Rank:0 Epoch: [1/40], Step: [511/782], Loss: 0.6866407990455627
Rank:0 Epoch: [1/40], Step: [521/782], Loss: 0.6718692183494568
Rank:0 Epoch: [1/40], Step: [531/782], Loss: 0.6349710822105408
Rank:0 Epoch: [1/40], Step: [541/782], Loss: 0.6128464937210083
Rank:0 Epoch: [1/40], Step: [551/782], Loss: 0.6655730605125427
Rank:0 Epoch: [1/40], Step: [561/782], Loss: 0.5993018746376038
Rank:0 Epoch: [1/40], Step: [571/782], Loss: 0.5983603596687317
Rank:0 Epoch: [1/40], Step: [581/782], Loss: 0.9029095768928528
Rank:0 Epoch: [1/40], Step: [591/782], Loss: 0.5706093311309814
Rank:0 Epoch: [1/40], Step: [601/782], Loss: 0.8023929595947266
Rank:0 Epoch: [1/40], Step: [611/782], Loss: 0.6839248538017273
Rank:0 Epoch: [1/40], Step: [621/782], Loss: 0.6551324129104614
Rank:0 Epoch: [1/40], Step: [631/782], Loss: 0.6367278695106506
Rank:0 Epoch: [1/40], Step: [641/782], Loss: 0.671040415763855
Rank:0 Epoch: [1/40], Step: [651/782], Loss: 0.9968766570091248
Rank:0 Epoch: [1/40], Step: [661/782], Loss: 0.684805154800415
Rank:0 Epoch: [1/40], Step: [671/782], Loss: 0.6891038417816162
Rank:0 Epoch: [1/40], Step: [681/782], Loss: 0.5436393022537231
Rank:0 Epoch: [1/40], Step: [691/782], Loss: 0.8240746259689331
Rank:0 Epoch: [1/40], Step: [701/782], Loss: 0.9140289425849915
Rank:0 Epoch: [1/40], Step: [711/782], Loss: 0.4778989255428314
Rank:0 Epoch: [1/40], Step: [721/782], Loss: 0.6427991986274719
Rank:0 Epoch: [1/40], Step: [731/782], Loss: 0.5431334972381592
Rank:0 Epoch: [1/40], Step: [741/782], Loss: 0.4522835314273834
Rank:0 Epoch: [1/40], Step: [751/782], Loss: 0.5877631306648254
Rank:0 Epoch: [1/40], Step: [761/782], Loss: 0.6150583028793335
Rank:0 Epoch: [1/40], Step: [771/782], Loss: 0.6977818608283997
Rank:0 Epoch: [1/40], Step: [781/782], Loss: 0.5316193103790283
Current Test Acc: 0.7335
Rank:0 Epoch: [2/40], Step: [1/782], Loss: 0.7190625667572021
Rank:0 Epoch: [2/40], Step: [11/782], Loss: 0.5456541776657104
Rank:0 Epoch: [2/40], Step: [21/782], Loss: 0.35403895378112793
Rank:0 Epoch: [2/40], Step: [31/782], Loss: 0.746792733669281
Rank:0 Epoch: [2/40], Step: [41/782], Loss: 0.5589433908462524
Rank:0 Epoch: [2/40], Step: [51/782], Loss: 0.4684460163116455
Rank:0 Epoch: [2/40], Step: [61/782], Loss: 0.47147300839424133
Rank:0 Epoch: [2/40], Step: [71/782], Loss: 0.5552570223808289
Rank:0 Epoch: [2/40], Step: [81/782], Loss: 0.6195986866950989
Rank:0 Epoch: [2/40], Step: [91/782], Loss: 0.7471110820770264
Rank:0 Epoch: [2/40], Step: [101/782], Loss: 0.38430625200271606
Rank:0 Epoch: [2/40], Step: [111/782], Loss: 0.6022480726242065
Rank:0 Epoch: [2/40], Step: [121/782], Loss: 0.4688333570957184
Rank:0 Epoch: [2/40], Step: [131/782], Loss: 0.5550104975700378
Rank:0 Epoch: [2/40], Step: [141/782], Loss: 0.5839217901229858
Rank:0 Epoch: [2/40], Step: [151/782], Loss: 0.9206362366676331
Rank:0 Epoch: [2/40], Step: [161/782], Loss: 0.536697506904602
Rank:0 Epoch: [2/40], Step: [171/782], Loss: 0.5656205415725708
Rank:0 Epoch: [2/40], Step: [181/782], Loss: 0.6324637532234192
Rank:0 Epoch: [2/40], Step: [191/782], Loss: 0.573222279548645
Rank:0 Epoch: [2/40], Step: [201/782], Loss: 0.40999919176101685
Rank:0 Epoch: [2/40], Step: [211/782], Loss: 0.5606436729431152
Rank:0 Epoch: [2/40], Step: [221/782], Loss: 0.4854183495044708
Rank:0 Epoch: [2/40], Step: [231/782], Loss: 0.6326572299003601
Rank:0 Epoch: [2/40], Step: [241/782], Loss: 0.5945616960525513
Rank:0 Epoch: [2/40], Step: [251/782], Loss: 0.5501841902732849
Rank:0 Epoch: [2/40], Step: [261/782], Loss: 0.4894847273826599
Rank:0 Epoch: [2/40], Step: [271/782], Loss: 0.613872766494751
Rank:0 Epoch: [2/40], Step: [281/782], Loss: 0.43381327390670776
Rank:0 Epoch: [2/40], Step: [291/782], Loss: 0.5332860946655273
Rank:0 Epoch: [2/40], Step: [301/782], Loss: 0.5820360779762268
Rank:0 Epoch: [2/40], Step: [311/782], Loss: 0.4800020456314087
Rank:0 Epoch: [2/40], Step: [321/782], Loss: 0.624434232711792
Rank:0 Epoch: [2/40], Step: [331/782], Loss: 0.6723039746284485
Rank:0 Epoch: [2/40], Step: [341/782], Loss: 0.5069381594657898
Rank:0 Epoch: [2/40], Step: [351/782], Loss: 0.39826592803001404
Rank:0 Epoch: [2/40], Step: [361/782], Loss: 0.5726015567779541
Rank:0 Epoch: [2/40], Step: [371/782], Loss: 0.3781880736351013
Rank:0 Epoch: [2/40], Step: [381/782], Loss: 0.46640992164611816
Rank:0 Epoch: [2/40], Step: [391/782], Loss: 0.6913713216781616
Rank:0 Epoch: [2/40], Step: [401/782], Loss: 0.8297820091247559
Rank:0 Epoch: [2/40], Step: [411/782], Loss: 0.40124720335006714
Rank:0 Epoch: [2/40], Step: [421/782], Loss: 0.5181623697280884
Rank:0 Epoch: [2/40], Step: [431/782], Loss: 0.6787934303283691
Rank:0 Epoch: [2/40], Step: [441/782], Loss: 0.6377671957015991
Rank:0 Epoch: [2/40], Step: [451/782], Loss: 0.6220808625221252
Rank:0 Epoch: [2/40], Step: [461/782], Loss: 0.40969061851501465
Rank:0 Epoch: [2/40], Step: [471/782], Loss: 0.7380223274230957
Rank:0 Epoch: [2/40], Step: [481/782], Loss: 0.5132259726524353
Rank:0 Epoch: [2/40], Step: [491/782], Loss: 0.583328902721405
Rank:0 Epoch: [2/40], Step: [501/782], Loss: 0.6253479719161987
Rank:0 Epoch: [2/40], Step: [511/782], Loss: 0.4783463478088379
Rank:0 Epoch: [2/40], Step: [521/782], Loss: 0.32256704568862915
Rank:0 Epoch: [2/40], Step: [531/782], Loss: 0.4676016867160797
Rank:0 Epoch: [2/40], Step: [541/782], Loss: 0.654089093208313
Rank:0 Epoch: [2/40], Step: [551/782], Loss: 0.3255724012851715
Rank:0 Epoch: [2/40], Step: [561/782], Loss: 0.48877304792404175
Rank:0 Epoch: [2/40], Step: [571/782], Loss: 0.5113648176193237
Rank:0 Epoch: [2/40], Step: [581/782], Loss: 0.6120952367782593
Rank:0 Epoch: [2/40], Step: [591/782], Loss: 0.591378927230835
Rank:0 Epoch: [2/40], Step: [601/782], Loss: 0.46944940090179443
Rank:0 Epoch: [2/40], Step: [611/782], Loss: 0.35471126437187195
Rank:0 Epoch: [2/40], Step: [621/782], Loss: 0.464627206325531
Rank:0 Epoch: [2/40], Step: [631/782], Loss: 0.6241515874862671
Rank:0 Epoch: [2/40], Step: [641/782], Loss: 0.6502525210380554
Rank:0 Epoch: [2/40], Step: [651/782], Loss: 0.7305383086204529
Rank:0 Epoch: [2/40], Step: [661/782], Loss: 0.6795018911361694
Rank:0 Epoch: [2/40], Step: [671/782], Loss: 0.4855480492115021
Rank:0 Epoch: [2/40], Step: [681/782], Loss: 0.4601089060306549
Rank:0 Epoch: [2/40], Step: [691/782], Loss: 0.4200346767902374
Rank:0 Epoch: [2/40], Step: [701/782], Loss: 0.477060467004776
Rank:0 Epoch: [2/40], Step: [711/782], Loss: 0.5689061284065247
Rank:0 Epoch: [2/40], Step: [721/782], Loss: 0.5479369163513184
Rank:0 Epoch: [2/40], Step: [731/782], Loss: 0.30882278084754944
Rank:0 Epoch: [2/40], Step: [741/782], Loss: 0.5876476168632507
Rank:0 Epoch: [2/40], Step: [751/782], Loss: 0.4294052720069885
Rank:0 Epoch: [2/40], Step: [761/782], Loss: 0.6771590709686279
Rank:0 Epoch: [2/40], Step: [771/782], Loss: 0.3865927755832672
Rank:0 Epoch: [2/40], Step: [781/782], Loss: 0.4452205002307892
Current Test Acc: 0.7755
Rank:0 Epoch: [3/40], Step: [1/782], Loss: 0.6059761047363281
Rank:0 Epoch: [3/40], Step: [11/782], Loss: 0.5605876445770264
Rank:0 Epoch: [3/40], Step: [21/782], Loss: 0.4373700022697449
Rank:0 Epoch: [3/40], Step: [31/782], Loss: 0.44429489970207214
Rank:0 Epoch: [3/40], Step: [41/782], Loss: 0.41624194383621216
Rank:0 Epoch: [3/40], Step: [51/782], Loss: 0.4180331528186798
Rank:0 Epoch: [3/40], Step: [61/782], Loss: 0.5947204828262329
Rank:0 Epoch: [3/40], Step: [71/782], Loss: 0.37616991996765137
Rank:0 Epoch: [3/40], Step: [81/782], Loss: 0.3520747721195221
Rank:0 Epoch: [3/40], Step: [91/782], Loss: 0.5452883243560791
Rank:0 Epoch: [3/40], Step: [101/782], Loss: 0.6073338985443115
Rank:0 Epoch: [3/40], Step: [111/782], Loss: 0.5521920919418335
Rank:0 Epoch: [3/40], Step: [121/782], Loss: 0.4627750515937805
Rank:0 Epoch: [3/40], Step: [131/782], Loss: 0.30005091428756714
Rank:0 Epoch: [3/40], Step: [141/782], Loss: 0.4295813739299774
Rank:0 Epoch: [3/40], Step: [151/782], Loss: 0.5160709023475647
Rank:0 Epoch: [3/40], Step: [161/782], Loss: 0.41627898812294006
Rank:0 Epoch: [3/40], Step: [171/782], Loss: 0.37719717621803284
Rank:0 Epoch: [3/40], Step: [181/782], Loss: 0.36025965213775635
Rank:0 Epoch: [3/40], Step: [191/782], Loss: 0.3728293180465698
Rank:0 Epoch: [3/40], Step: [201/782], Loss: 0.3194299638271332
Rank:0 Epoch: [3/40], Step: [211/782], Loss: 0.29359468817710876
Rank:0 Epoch: [3/40], Step: [221/782], Loss: 0.3032233417034149
Rank:0 Epoch: [3/40], Step: [231/782], Loss: 0.6085841059684753
Rank:0 Epoch: [3/40], Step: [241/782], Loss: 0.2917771339416504
Rank:0 Epoch: [3/40], Step: [251/782], Loss: 0.26131772994995117
Rank:0 Epoch: [3/40], Step: [261/782], Loss: 0.45325544476509094
Rank:0 Epoch: [3/40], Step: [271/782], Loss: 0.6094197630882263
Rank:0 Epoch: [3/40], Step: [281/782], Loss: 0.4881226420402527
Rank:0 Epoch: [3/40], Step: [291/782], Loss: 0.3300616443157196
Rank:0 Epoch: [3/40], Step: [301/782], Loss: 0.6744321584701538
Rank:0 Epoch: [3/40], Step: [311/782], Loss: 0.5292632579803467
Rank:0 Epoch: [3/40], Step: [321/782], Loss: 0.44807982444763184
Rank:0 Epoch: [3/40], Step: [331/782], Loss: 0.5408523678779602
Rank:0 Epoch: [3/40], Step: [341/782], Loss: 0.5496998429298401
Rank:0 Epoch: [3/40], Step: [351/782], Loss: 0.3724483251571655
Rank:0 Epoch: [3/40], Step: [361/782], Loss: 0.6171252727508545
Rank:0 Epoch: [3/40], Step: [371/782], Loss: 0.4746955633163452
Rank:0 Epoch: [3/40], Step: [381/782], Loss: 0.48201459646224976
Rank:0 Epoch: [3/40], Step: [391/782], Loss: 0.40219956636428833
Rank:0 Epoch: [3/40], Step: [401/782], Loss: 0.49708011746406555
Rank:0 Epoch: [3/40], Step: [411/782], Loss: 0.5474728345870972
Rank:0 Epoch: [3/40], Step: [421/782], Loss: 0.5867921710014343
Rank:0 Epoch: [3/40], Step: [431/782], Loss: 0.696955144405365
Rank:0 Epoch: [3/40], Step: [441/782], Loss: 0.5018672943115234
Rank:0 Epoch: [3/40], Step: [451/782], Loss: 0.5442236065864563
Rank:0 Epoch: [3/40], Step: [461/782], Loss: 0.39900997281074524
Rank:0 Epoch: [3/40], Step: [471/782], Loss: 0.37480655312538147
Rank:0 Epoch: [3/40], Step: [481/782], Loss: 0.7706978917121887
Rank:0 Epoch: [3/40], Step: [491/782], Loss: 0.5248115658760071
Rank:0 Epoch: [3/40], Step: [501/782], Loss: 0.666995644569397
Rank:0 Epoch: [3/40], Step: [511/782], Loss: 0.4003095030784607
Rank:0 Epoch: [3/40], Step: [521/782], Loss: 0.4344341456890106
Rank:0 Epoch: [3/40], Step: [531/782], Loss: 0.5086534023284912
Rank:0 Epoch: [3/40], Step: [541/782], Loss: 0.6021912097930908
Rank:0 Epoch: [3/40], Step: [551/782], Loss: 0.2342224419116974
Rank:0 Epoch: [3/40], Step: [561/782], Loss: 0.48055481910705566
Rank:0 Epoch: [3/40], Step: [571/782], Loss: 0.8550708889961243
Rank:0 Epoch: [3/40], Step: [581/782], Loss: 0.519138514995575
Rank:0 Epoch: [3/40], Step: [591/782], Loss: 0.3529609739780426
Rank:0 Epoch: [3/40], Step: [601/782], Loss: 0.24547609686851501
Rank:0 Epoch: [3/40], Step: [611/782], Loss: 0.3666076958179474
Rank:0 Epoch: [3/40], Step: [621/782], Loss: 0.5068100094795227
Rank:0 Epoch: [3/40], Step: [631/782], Loss: 0.6091660261154175
Rank:0 Epoch: [3/40], Step: [641/782], Loss: 0.2197563201189041
Rank:0 Epoch: [3/40], Step: [651/782], Loss: 0.42164531350135803
Rank:0 Epoch: [3/40], Step: [661/782], Loss: 0.35228201746940613
Rank:0 Epoch: [3/40], Step: [671/782], Loss: 0.4988744854927063
Rank:0 Epoch: [3/40], Step: [681/782], Loss: 0.4205089807510376
Rank:0 Epoch: [3/40], Step: [691/782], Loss: 0.6918230652809143
Rank:0 Epoch: [3/40], Step: [701/782], Loss: 0.5915773510932922
Rank:0 Epoch: [3/40], Step: [711/782], Loss: 0.3741174340248108
Rank:0 Epoch: [3/40], Step: [721/782], Loss: 0.39152076840400696
Rank:0 Epoch: [3/40], Step: [731/782], Loss: 0.7352357506752014
Rank:0 Epoch: [3/40], Step: [741/782], Loss: 0.44262343645095825
Rank:0 Epoch: [3/40], Step: [751/782], Loss: 0.5207160115242004
Rank:0 Epoch: [3/40], Step: [761/782], Loss: 0.4860534369945526
Rank:0 Epoch: [3/40], Step: [771/782], Loss: 0.36954692006111145
Rank:0 Epoch: [3/40], Step: [781/782], Loss: 0.34983953833580017
Current Test Acc: 0.7773
Rank:0 Epoch: [4/40], Step: [1/782], Loss: 0.4722720980644226
Rank:0 Epoch: [4/40], Step: [11/782], Loss: 0.3968329429626465
Rank:0 Epoch: [4/40], Step: [21/782], Loss: 0.4685453772544861
Rank:0 Epoch: [4/40], Step: [31/782], Loss: 0.2442191243171692
Rank:0 Epoch: [4/40], Step: [41/782], Loss: 0.37568870186805725
Rank:0 Epoch: [4/40], Step: [51/782], Loss: 0.41473111510276794
Rank:0 Epoch: [4/40], Step: [61/782], Loss: 0.23800086975097656
Rank:0 Epoch: [4/40], Step: [71/782], Loss: 0.337981641292572
Rank:0 Epoch: [4/40], Step: [81/782], Loss: 0.36316874623298645
Rank:0 Epoch: [4/40], Step: [91/782], Loss: 0.541046142578125
Rank:0 Epoch: [4/40], Step: [101/782], Loss: 0.39608773589134216
Rank:0 Epoch: [4/40], Step: [111/782], Loss: 0.48239806294441223
Rank:0 Epoch: [4/40], Step: [121/782], Loss: 0.29167234897613525
Rank:0 Epoch: [4/40], Step: [131/782], Loss: 0.306259423494339
Rank:0 Epoch: [4/40], Step: [141/782], Loss: 0.31320735812187195
Rank:0 Epoch: [4/40], Step: [151/782], Loss: 0.4460309147834778
Rank:0 Epoch: [4/40], Step: [161/782], Loss: 0.5599253177642822
Rank:0 Epoch: [4/40], Step: [171/782], Loss: 0.648588240146637
Rank:0 Epoch: [4/40], Step: [181/782], Loss: 0.6656205058097839
Rank:0 Epoch: [4/40], Step: [191/782], Loss: 0.4168211817741394
Rank:0 Epoch: [4/40], Step: [201/782], Loss: 0.4609934687614441
Rank:0 Epoch: [4/40], Step: [211/782], Loss: 0.7414782643318176
Rank:0 Epoch: [4/40], Step: [221/782], Loss: 0.35914793610572815
Rank:0 Epoch: [4/40], Step: [231/782], Loss: 0.41512835025787354
Rank:0 Epoch: [4/40], Step: [241/782], Loss: 0.2501547038555145
Rank:0 Epoch: [4/40], Step: [251/782], Loss: 0.32733821868896484
Rank:0 Epoch: [4/40], Step: [261/782], Loss: 0.48021620512008667
Rank:0 Epoch: [4/40], Step: [271/782], Loss: 0.4266285002231598
Rank:0 Epoch: [4/40], Step: [281/782], Loss: 0.3381417989730835
Rank:0 Epoch: [4/40], Step: [291/782], Loss: 0.5516376495361328
Rank:0 Epoch: [4/40], Step: [301/782], Loss: 0.708146333694458
Rank:0 Epoch: [4/40], Step: [311/782], Loss: 0.4660557210445404
Rank:0 Epoch: [4/40], Step: [321/782], Loss: 0.5293126106262207
Rank:0 Epoch: [4/40], Step: [331/782], Loss: 0.3443736135959625
Rank:0 Epoch: [4/40], Step: [341/782], Loss: 0.49865981936454773
Rank:0 Epoch: [4/40], Step: [351/782], Loss: 0.2585335671901703
Rank:0 Epoch: [4/40], Step: [361/782], Loss: 0.5051565170288086
Rank:0 Epoch: [4/40], Step: [371/782], Loss: 0.5951302647590637
Rank:0 Epoch: [4/40], Step: [381/782], Loss: 0.44494375586509705
Rank:0 Epoch: [4/40], Step: [391/782], Loss: 0.4309689700603485
Rank:0 Epoch: [4/40], Step: [401/782], Loss: 0.46549782156944275
Rank:0 Epoch: [4/40], Step: [411/782], Loss: 0.4706932306289673
Rank:0 Epoch: [4/40], Step: [421/782], Loss: 0.2946152985095978
Rank:0 Epoch: [4/40], Step: [431/782], Loss: 0.6912035942077637
Rank:0 Epoch: [4/40], Step: [441/782], Loss: 0.593137800693512
Rank:0 Epoch: [4/40], Step: [451/782], Loss: 0.6602323055267334
Rank:0 Epoch: [4/40], Step: [461/782], Loss: 0.4217526316642761
Rank:0 Epoch: [4/40], Step: [471/782], Loss: 0.5292670726776123
Rank:0 Epoch: [4/40], Step: [481/782], Loss: 0.7210582494735718
Rank:0 Epoch: [4/40], Step: [491/782], Loss: 0.28865718841552734
Rank:0 Epoch: [4/40], Step: [501/782], Loss: 0.4641245901584625
Rank:0 Epoch: [4/40], Step: [511/782], Loss: 0.31344151496887207
Rank:0 Epoch: [4/40], Step: [521/782], Loss: 0.40412235260009766
Rank:0 Epoch: [4/40], Step: [531/782], Loss: 0.5634725093841553
Rank:0 Epoch: [4/40], Step: [541/782], Loss: 0.41798028349876404
Rank:0 Epoch: [4/40], Step: [551/782], Loss: 0.6051127910614014
Rank:0 Epoch: [4/40], Step: [561/782], Loss: 0.4787462651729584
Rank:0 Epoch: [4/40], Step: [571/782], Loss: 0.35285651683807373
Rank:0 Epoch: [4/40], Step: [581/782], Loss: 0.30265188217163086
Rank:0 Epoch: [4/40], Step: [591/782], Loss: 0.2630701959133148
Rank:0 Epoch: [4/40], Step: [601/782], Loss: 0.41342639923095703
Rank:0 Epoch: [4/40], Step: [611/782], Loss: 0.2780216932296753
Rank:0 Epoch: [4/40], Step: [621/782], Loss: 0.29946669936180115
Rank:0 Epoch: [4/40], Step: [631/782], Loss: 0.7484356760978699
Rank:0 Epoch: [4/40], Step: [641/782], Loss: 0.4126093089580536
Rank:0 Epoch: [4/40], Step: [651/782], Loss: 0.5088819861412048
Rank:0 Epoch: [4/40], Step: [661/782], Loss: 0.4703325033187866
Rank:0 Epoch: [4/40], Step: [671/782], Loss: 0.33215948939323425
Rank:0 Epoch: [4/40], Step: [681/782], Loss: 0.3572547137737274
Rank:0 Epoch: [4/40], Step: [691/782], Loss: 0.5392400026321411
Rank:0 Epoch: [4/40], Step: [701/782], Loss: 0.477537602186203
Rank:0 Epoch: [4/40], Step: [711/782], Loss: 0.36526766419410706
Rank:0 Epoch: [4/40], Step: [721/782], Loss: 0.40476346015930176
Rank:0 Epoch: [4/40], Step: [731/782], Loss: 0.4934999346733093
Rank:0 Epoch: [4/40], Step: [741/782], Loss: 0.6217029094696045
Rank:0 Epoch: [4/40], Step: [751/782], Loss: 0.4827985167503357
Rank:0 Epoch: [4/40], Step: [761/782], Loss: 0.349493145942688
Rank:0 Epoch: [4/40], Step: [771/782], Loss: 0.4811142683029175
Rank:0 Epoch: [4/40], Step: [781/782], Loss: 0.33180126547813416
Current Test Acc: 0.8081
Rank:0 Epoch: [5/40], Step: [1/782], Loss: 0.46122363209724426
Rank:0 Epoch: [5/40], Step: [11/782], Loss: 0.5617645382881165
Rank:0 Epoch: [5/40], Step: [21/782], Loss: 0.4361659586429596
Rank:0 Epoch: [5/40], Step: [31/782], Loss: 0.301835834980011
Rank:0 Epoch: [5/40], Step: [41/782], Loss: 0.3095983564853668
Rank:0 Epoch: [5/40], Step: [51/782], Loss: 0.3472813665866852
Rank:0 Epoch: [5/40], Step: [61/782], Loss: 0.36684757471084595
Rank:0 Epoch: [5/40], Step: [71/782], Loss: 0.3897611200809479
Rank:0 Epoch: [5/40], Step: [81/782], Loss: 0.23218481242656708
Rank:0 Epoch: [5/40], Step: [91/782], Loss: 0.3592517077922821
Rank:0 Epoch: [5/40], Step: [101/782], Loss: 0.594805896282196
Rank:0 Epoch: [5/40], Step: [111/782], Loss: 0.4150872230529785
Rank:0 Epoch: [5/40], Step: [121/782], Loss: 0.2565697729587555
Rank:0 Epoch: [5/40], Step: [131/782], Loss: 0.493792861700058
Rank:0 Epoch: [5/40], Step: [141/782], Loss: 0.3545272648334503
Rank:0 Epoch: [5/40], Step: [151/782], Loss: 0.3780153691768646
Rank:0 Epoch: [5/40], Step: [161/782], Loss: 0.2637983560562134
Rank:0 Epoch: [5/40], Step: [171/782], Loss: 0.3562926650047302
Rank:0 Epoch: [5/40], Step: [181/782], Loss: 0.30447784066200256
Rank:0 Epoch: [5/40], Step: [191/782], Loss: 0.35870617628097534
Rank:0 Epoch: [5/40], Step: [201/782], Loss: 0.4135229289531708
Rank:0 Epoch: [5/40], Step: [211/782], Loss: 0.34466060996055603
Rank:0 Epoch: [5/40], Step: [221/782], Loss: 0.2566855549812317
Rank:0 Epoch: [5/40], Step: [231/782], Loss: 0.3857899010181427
Rank:0 Epoch: [5/40], Step: [241/782], Loss: 0.3504011332988739
Rank:0 Epoch: [5/40], Step: [251/782], Loss: 0.3812437951564789
Rank:0 Epoch: [5/40], Step: [261/782], Loss: 0.39703208208084106
Rank:0 Epoch: [5/40], Step: [271/782], Loss: 0.3232954442501068
Rank:0 Epoch: [5/40], Step: [281/782], Loss: 0.42786550521850586
Rank:0 Epoch: [5/40], Step: [291/782], Loss: 0.19848333299160004
Rank:0 Epoch: [5/40], Step: [301/782], Loss: 0.4321945309638977
Rank:0 Epoch: [5/40], Step: [311/782], Loss: 0.5911943912506104
Rank:0 Epoch: [5/40], Step: [321/782], Loss: 0.32214581966400146
Rank:0 Epoch: [5/40], Step: [331/782], Loss: 0.3551667332649231
Rank:0 Epoch: [5/40], Step: [341/782], Loss: 0.6600278615951538
Rank:0 Epoch: [5/40], Step: [351/782], Loss: 0.3063880503177643
Rank:0 Epoch: [5/40], Step: [361/782], Loss: 0.5031340718269348
Rank:0 Epoch: [5/40], Step: [371/782], Loss: 0.6367994546890259
Rank:0 Epoch: [5/40], Step: [381/782], Loss: 0.5076034069061279
Rank:0 Epoch: [5/40], Step: [391/782], Loss: 0.3317599594593048
Rank:0 Epoch: [5/40], Step: [401/782], Loss: 0.4275859594345093
Rank:0 Epoch: [5/40], Step: [411/782], Loss: 0.38280773162841797
Rank:0 Epoch: [5/40], Step: [421/782], Loss: 0.6380566358566284
Rank:0 Epoch: [5/40], Step: [431/782], Loss: 0.42747950553894043
Rank:0 Epoch: [5/40], Step: [441/782], Loss: 0.3828750252723694
Rank:0 Epoch: [5/40], Step: [451/782], Loss: 0.6809001564979553
Rank:0 Epoch: [5/40], Step: [461/782], Loss: 0.44656485319137573
Rank:0 Epoch: [5/40], Step: [471/782], Loss: 0.48842787742614746
Rank:0 Epoch: [5/40], Step: [481/782], Loss: 0.4706387519836426
Rank:0 Epoch: [5/40], Step: [491/782], Loss: 0.33008691668510437
Rank:0 Epoch: [5/40], Step: [501/782], Loss: 0.4400051236152649
Rank:0 Epoch: [5/40], Step: [511/782], Loss: 0.41840070486068726
Rank:0 Epoch: [5/40], Step: [521/782], Loss: 0.4683724343776703
Rank:0 Epoch: [5/40], Step: [531/782], Loss: 0.3724210560321808
Rank:0 Epoch: [5/40], Step: [541/782], Loss: 0.5037738680839539
Rank:0 Epoch: [5/40], Step: [551/782], Loss: 0.39321643114089966
Rank:0 Epoch: [5/40], Step: [561/782], Loss: 0.39042750000953674
Rank:0 Epoch: [5/40], Step: [571/782], Loss: 0.20140038430690765
Rank:0 Epoch: [5/40], Step: [581/782], Loss: 0.42458826303482056
Rank:0 Epoch: [5/40], Step: [591/782], Loss: 0.4605908989906311
Rank:0 Epoch: [5/40], Step: [601/782], Loss: 0.3787499666213989
Rank:0 Epoch: [5/40], Step: [611/782], Loss: 0.29084181785583496
Rank:0 Epoch: [5/40], Step: [621/782], Loss: 0.453241765499115
Rank:0 Epoch: [5/40], Step: [631/782], Loss: 0.31505313515663147
Rank:0 Epoch: [5/40], Step: [641/782], Loss: 0.5622048377990723
Rank:0 Epoch: [5/40], Step: [651/782], Loss: 0.30055564641952515
Rank:0 Epoch: [5/40], Step: [661/782], Loss: 0.637823760509491
Rank:0 Epoch: [5/40], Step: [671/782], Loss: 0.585838258266449
Rank:0 Epoch: [5/40], Step: [681/782], Loss: 0.24927091598510742
Rank:0 Epoch: [5/40], Step: [691/782], Loss: 0.38917818665504456
Rank:0 Epoch: [5/40], Step: [701/782], Loss: 0.43820467591285706
Rank:0 Epoch: [5/40], Step: [711/782], Loss: 0.2642943561077118
Rank:0 Epoch: [5/40], Step: [721/782], Loss: 0.3673272430896759
Rank:0 Epoch: [5/40], Step: [731/782], Loss: 0.3735996186733246
Rank:0 Epoch: [5/40], Step: [741/782], Loss: 0.3653104901313782
Rank:0 Epoch: [5/40], Step: [751/782], Loss: 0.46524834632873535
Rank:0 Epoch: [5/40], Step: [761/782], Loss: 0.4643932580947876
Rank:0 Epoch: [5/40], Step: [771/782], Loss: 0.26348066329956055
Rank:0 Epoch: [5/40], Step: [781/782], Loss: 0.4895745813846588
Current Test Acc: 0.8201
Rank:0 Epoch: [6/40], Step: [1/782], Loss: 0.3011448383331299
Rank:0 Epoch: [6/40], Step: [11/782], Loss: 0.4717949628829956
Rank:0 Epoch: [6/40], Step: [21/782], Loss: 0.26520004868507385
Rank:0 Epoch: [6/40], Step: [31/782], Loss: 0.3021947145462036
Rank:0 Epoch: [6/40], Step: [41/782], Loss: 0.38556092977523804
Rank:0 Epoch: [6/40], Step: [51/782], Loss: 0.258835107088089
Rank:0 Epoch: [6/40], Step: [61/782], Loss: 0.28108832240104675
Rank:0 Epoch: [6/40], Step: [71/782], Loss: 0.23987822234630585
Rank:0 Epoch: [6/40], Step: [81/782], Loss: 0.3933061957359314
Rank:0 Epoch: [6/40], Step: [91/782], Loss: 0.35795390605926514
Rank:0 Epoch: [6/40], Step: [101/782], Loss: 0.38170984387397766
Rank:0 Epoch: [6/40], Step: [111/782], Loss: 0.18563048541545868
Rank:0 Epoch: [6/40], Step: [121/782], Loss: 0.3323594629764557
Rank:0 Epoch: [6/40], Step: [131/782], Loss: 0.4738239347934723
Rank:0 Epoch: [6/40], Step: [141/782], Loss: 0.32621461153030396
Rank:0 Epoch: [6/40], Step: [151/782], Loss: 0.28749963641166687
Rank:0 Epoch: [6/40], Step: [161/782], Loss: 0.350744366645813
Rank:0 Epoch: [6/40], Step: [171/782], Loss: 0.38229629397392273
Rank:0 Epoch: [6/40], Step: [181/782], Loss: 0.4016915261745453
Rank:0 Epoch: [6/40], Step: [191/782], Loss: 0.37505799531936646
Rank:0 Epoch: [6/40], Step: [201/782], Loss: 0.5349435210227966
Rank:0 Epoch: [6/40], Step: [211/782], Loss: 0.4572451710700989
Rank:0 Epoch: [6/40], Step: [221/782], Loss: 0.16686537861824036
Rank:0 Epoch: [6/40], Step: [231/782], Loss: 0.4887790083885193
Rank:0 Epoch: [6/40], Step: [241/782], Loss: 0.2765152156352997
Rank:0 Epoch: [6/40], Step: [251/782], Loss: 0.3478206694126129
Rank:0 Epoch: [6/40], Step: [261/782], Loss: 0.3087600767612457
Rank:0 Epoch: [6/40], Step: [271/782], Loss: 0.437410444021225
Rank:0 Epoch: [6/40], Step: [281/782], Loss: 0.4156942665576935
Rank:0 Epoch: [6/40], Step: [291/782], Loss: 0.42262834310531616
Rank:0 Epoch: [6/40], Step: [301/782], Loss: 0.2954186201095581
Rank:0 Epoch: [6/40], Step: [311/782], Loss: 0.2919903099536896
Rank:0 Epoch: [6/40], Step: [321/782], Loss: 0.3282473683357239
Rank:0 Epoch: [6/40], Step: [331/782], Loss: 0.30694231390953064
Rank:0 Epoch: [6/40], Step: [341/782], Loss: 0.23307539522647858
Rank:0 Epoch: [6/40], Step: [351/782], Loss: 0.3403734564781189
Rank:0 Epoch: [6/40], Step: [361/782], Loss: 0.36510977149009705
Rank:0 Epoch: [6/40], Step: [371/782], Loss: 0.3777960538864136
Rank:0 Epoch: [6/40], Step: [381/782], Loss: 0.1135217696428299
Rank:0 Epoch: [6/40], Step: [391/782], Loss: 0.41290178894996643
Rank:0 Epoch: [6/40], Step: [401/782], Loss: 0.4037533402442932
Rank:0 Epoch: [6/40], Step: [411/782], Loss: 0.20578885078430176
Rank:0 Epoch: [6/40], Step: [421/782], Loss: 0.3782637119293213
Rank:0 Epoch: [6/40], Step: [431/782], Loss: 0.2798677682876587
Rank:0 Epoch: [6/40], Step: [441/782], Loss: 0.4061640799045563
Rank:0 Epoch: [6/40], Step: [451/782], Loss: 0.4360649287700653
Rank:0 Epoch: [6/40], Step: [461/782], Loss: 0.5750873684883118
Rank:0 Epoch: [6/40], Step: [471/782], Loss: 0.16773651540279388
Rank:0 Epoch: [6/40], Step: [481/782], Loss: 0.34325873851776123
Rank:0 Epoch: [6/40], Step: [491/782], Loss: 0.35403233766555786
Rank:0 Epoch: [6/40], Step: [501/782], Loss: 0.5294333100318909
Rank:0 Epoch: [6/40], Step: [511/782], Loss: 0.28093221783638
Rank:0 Epoch: [6/40], Step: [521/782], Loss: 0.25909602642059326
Rank:0 Epoch: [6/40], Step: [531/782], Loss: 0.3386247158050537
Rank:0 Epoch: [6/40], Step: [541/782], Loss: 0.5719205737113953
Rank:0 Epoch: [6/40], Step: [551/782], Loss: 0.4269420802593231
Rank:0 Epoch: [6/40], Step: [561/782], Loss: 0.3874896764755249
Rank:0 Epoch: [6/40], Step: [571/782], Loss: 0.3678840100765228
Rank:0 Epoch: [6/40], Step: [581/782], Loss: 0.4312790036201477
Rank:0 Epoch: [6/40], Step: [591/782], Loss: 0.30517256259918213
Rank:0 Epoch: [6/40], Step: [601/782], Loss: 0.2307891696691513
Rank:0 Epoch: [6/40], Step: [611/782], Loss: 0.30447396636009216
Rank:0 Epoch: [6/40], Step: [621/782], Loss: 0.3192581832408905
Rank:0 Epoch: [6/40], Step: [631/782], Loss: 0.31146907806396484
Rank:0 Epoch: [6/40], Step: [641/782], Loss: 0.23219558596611023
Rank:0 Epoch: [6/40], Step: [651/782], Loss: 0.3959484100341797
Rank:0 Epoch: [6/40], Step: [661/782], Loss: 0.30577751994132996
Rank:0 Epoch: [6/40], Step: [671/782], Loss: 0.3568536937236786
Rank:0 Epoch: [6/40], Step: [681/782], Loss: 0.3561991751194
Rank:0 Epoch: [6/40], Step: [691/782], Loss: 0.2609677016735077
Rank:0 Epoch: [6/40], Step: [701/782], Loss: 0.35163670778274536
Rank:0 Epoch: [6/40], Step: [711/782], Loss: 0.30617207288742065
Rank:0 Epoch: [6/40], Step: [721/782], Loss: 0.2642436623573303
Rank:0 Epoch: [6/40], Step: [731/782], Loss: 0.5792410373687744
Rank:0 Epoch: [6/40], Step: [741/782], Loss: 0.6152382493019104
Rank:0 Epoch: [6/40], Step: [751/782], Loss: 0.2959824800491333
Rank:0 Epoch: [6/40], Step: [761/782], Loss: 0.35184356570243835
Rank:0 Epoch: [6/40], Step: [771/782], Loss: 0.42613664269447327
Rank:0 Epoch: [6/40], Step: [781/782], Loss: 0.3956493139266968
Current Test Acc: 0.8524
Rank:0 Epoch: [7/40], Step: [1/782], Loss: 0.30658358335494995
Rank:0 Epoch: [7/40], Step: [11/782], Loss: 0.32470473647117615
Rank:0 Epoch: [7/40], Step: [21/782], Loss: 0.4234190881252289
Rank:0 Epoch: [7/40], Step: [31/782], Loss: 0.22126640379428864
Rank:0 Epoch: [7/40], Step: [41/782], Loss: 0.4041922986507416
Rank:0 Epoch: [7/40], Step: [51/782], Loss: 0.40167319774627686
Rank:0 Epoch: [7/40], Step: [61/782], Loss: 0.36312758922576904
Rank:0 Epoch: [7/40], Step: [71/782], Loss: 0.2759670317173004
Rank:0 Epoch: [7/40], Step: [81/782], Loss: 0.24137599766254425
Rank:0 Epoch: [7/40], Step: [91/782], Loss: 0.27421969175338745
Rank:0 Epoch: [7/40], Step: [101/782], Loss: 0.2934911251068115
Rank:0 Epoch: [7/40], Step: [111/782], Loss: 0.36088573932647705
Rank:0 Epoch: [7/40], Step: [121/782], Loss: 0.7750051021575928
Rank:0 Epoch: [7/40], Step: [131/782], Loss: 0.47205716371536255
Rank:0 Epoch: [7/40], Step: [141/782], Loss: 0.4593139886856079
Rank:0 Epoch: [7/40], Step: [151/782], Loss: 0.33737027645111084
Rank:0 Epoch: [7/40], Step: [161/782], Loss: 0.30256298184394836
Rank:0 Epoch: [7/40], Step: [171/782], Loss: 0.3276342749595642
Rank:0 Epoch: [7/40], Step: [181/782], Loss: 0.2516886591911316
Rank:0 Epoch: [7/40], Step: [191/782], Loss: 0.3577378988265991
Rank:0 Epoch: [7/40], Step: [201/782], Loss: 0.2613406777381897
Rank:0 Epoch: [7/40], Step: [211/782], Loss: 0.4793345034122467
Rank:0 Epoch: [7/40], Step: [221/782], Loss: 0.40300461649894714
Rank:0 Epoch: [7/40], Step: [231/782], Loss: 0.3655388653278351
Rank:0 Epoch: [7/40], Step: [241/782], Loss: 0.4482783079147339
Rank:0 Epoch: [7/40], Step: [251/782], Loss: 0.3393578827381134
Rank:0 Epoch: [7/40], Step: [261/782], Loss: 0.39800187945365906
Rank:0 Epoch: [7/40], Step: [271/782], Loss: 0.5888538360595703
Rank:0 Epoch: [7/40], Step: [281/782], Loss: 0.4473273456096649
Rank:0 Epoch: [7/40], Step: [291/782], Loss: 0.6559036374092102
Rank:0 Epoch: [7/40], Step: [301/782], Loss: 0.281648188829422
Rank:0 Epoch: [7/40], Step: [311/782], Loss: 0.5980210900306702
Rank:0 Epoch: [7/40], Step: [321/782], Loss: 0.3883000314235687
Rank:0 Epoch: [7/40], Step: [331/782], Loss: 0.47298911213874817
Rank:0 Epoch: [7/40], Step: [341/782], Loss: 0.42693954706192017
Rank:0 Epoch: [7/40], Step: [351/782], Loss: 0.2870935797691345
Rank:0 Epoch: [7/40], Step: [361/782], Loss: 0.29650434851646423
Rank:0 Epoch: [7/40], Step: [371/782], Loss: 0.5367845296859741
Rank:0 Epoch: [7/40], Step: [381/782], Loss: 0.3074388802051544
Rank:0 Epoch: [7/40], Step: [391/782], Loss: 0.37535762786865234
Rank:0 Epoch: [7/40], Step: [401/782], Loss: 0.42455679178237915
Rank:0 Epoch: [7/40], Step: [411/782], Loss: 0.4165041446685791
Rank:0 Epoch: [7/40], Step: [421/782], Loss: 0.3151000440120697
Rank:0 Epoch: [7/40], Step: [431/782], Loss: 0.22155985236167908
Rank:0 Epoch: [7/40], Step: [441/782], Loss: 0.3226384222507477
Rank:0 Epoch: [7/40], Step: [451/782], Loss: 0.3249931037425995
Rank:0 Epoch: [7/40], Step: [461/782], Loss: 0.4025302827358246
Rank:0 Epoch: [7/40], Step: [471/782], Loss: 0.4845392405986786
Rank:0 Epoch: [7/40], Step: [481/782], Loss: 0.5119739770889282
Rank:0 Epoch: [7/40], Step: [491/782], Loss: 0.4108419418334961
Rank:0 Epoch: [7/40], Step: [501/782], Loss: 0.24798986315727234
Rank:0 Epoch: [7/40], Step: [511/782], Loss: 0.2941015958786011
Rank:0 Epoch: [7/40], Step: [521/782], Loss: 0.5574750304222107
Rank:0 Epoch: [7/40], Step: [531/782], Loss: 0.3003341257572174
Rank:0 Epoch: [7/40], Step: [541/782], Loss: 0.1749810427427292
Rank:0 Epoch: [7/40], Step: [551/782], Loss: 0.4298698604106903
Rank:0 Epoch: [7/40], Step: [561/782], Loss: 0.2838350236415863
Rank:0 Epoch: [7/40], Step: [571/782], Loss: 0.4521205723285675
Rank:0 Epoch: [7/40], Step: [581/782], Loss: 0.43774643540382385
Rank:0 Epoch: [7/40], Step: [591/782], Loss: 0.33543744683265686
Rank:0 Epoch: [7/40], Step: [601/782], Loss: 0.38008931279182434
Rank:0 Epoch: [7/40], Step: [611/782], Loss: 0.37932324409484863
Rank:0 Epoch: [7/40], Step: [621/782], Loss: 0.3498707115650177
Rank:0 Epoch: [7/40], Step: [631/782], Loss: 0.2919050455093384
Rank:0 Epoch: [7/40], Step: [641/782], Loss: 0.396526575088501
Rank:0 Epoch: [7/40], Step: [651/782], Loss: 0.3669787049293518
Rank:0 Epoch: [7/40], Step: [661/782], Loss: 0.3107568919658661
Rank:0 Epoch: [7/40], Step: [671/782], Loss: 0.4151446521282196
Rank:0 Epoch: [7/40], Step: [681/782], Loss: 0.4639819860458374
Rank:0 Epoch: [7/40], Step: [691/782], Loss: 0.541938066482544
Rank:0 Epoch: [7/40], Step: [701/782], Loss: 0.33786606788635254
Rank:0 Epoch: [7/40], Step: [711/782], Loss: 0.4291362762451172
Rank:0 Epoch: [7/40], Step: [721/782], Loss: 0.3406720459461212
Rank:0 Epoch: [7/40], Step: [731/782], Loss: 0.36609384417533875
Rank:0 Epoch: [7/40], Step: [741/782], Loss: 0.5108407735824585
Rank:0 Epoch: [7/40], Step: [751/782], Loss: 0.32115820050239563
Rank:0 Epoch: [7/40], Step: [761/782], Loss: 0.2708655595779419
Rank:0 Epoch: [7/40], Step: [771/782], Loss: 0.2800411880016327
Rank:0 Epoch: [7/40], Step: [781/782], Loss: 0.26262718439102173
Current Test Acc: 0.8249
Rank:0 Epoch: [8/40], Step: [1/782], Loss: 0.5432145595550537
Rank:0 Epoch: [8/40], Step: [11/782], Loss: 0.3257405757904053
Rank:0 Epoch: [8/40], Step: [21/782], Loss: 0.5934247970581055
Rank:0 Epoch: [8/40], Step: [31/782], Loss: 0.3803449869155884
Rank:0 Epoch: [8/40], Step: [41/782], Loss: 0.36401206254959106
Rank:0 Epoch: [8/40], Step: [51/782], Loss: 0.12474510073661804
Rank:0 Epoch: [8/40], Step: [61/782], Loss: 0.25325870513916016
Rank:0 Epoch: [8/40], Step: [71/782], Loss: 0.24572475254535675
Rank:0 Epoch: [8/40], Step: [81/782], Loss: 0.4244791865348816
Rank:0 Epoch: [8/40], Step: [91/782], Loss: 0.38791459798812866
Rank:0 Epoch: [8/40], Step: [101/782], Loss: 0.3178369700908661
Rank:0 Epoch: [8/40], Step: [111/782], Loss: 0.3211008310317993
Rank:0 Epoch: [8/40], Step: [121/782], Loss: 0.24239656329154968
Rank:0 Epoch: [8/40], Step: [131/782], Loss: 0.373923122882843
Rank:0 Epoch: [8/40], Step: [141/782], Loss: 0.429747998714447
Rank:0 Epoch: [8/40], Step: [151/782], Loss: 0.32256925106048584
Rank:0 Epoch: [8/40], Step: [161/782], Loss: 0.45222026109695435
Rank:0 Epoch: [8/40], Step: [171/782], Loss: 0.27302414178848267
Rank:0 Epoch: [8/40], Step: [181/782], Loss: 0.37763574719429016
Rank:0 Epoch: [8/40], Step: [191/782], Loss: 0.3294498920440674
Rank:0 Epoch: [8/40], Step: [201/782], Loss: 0.3525969386100769
Rank:0 Epoch: [8/40], Step: [211/782], Loss: 0.49623730778694153
Rank:0 Epoch: [8/40], Step: [221/782], Loss: 0.3223438262939453
Rank:0 Epoch: [8/40], Step: [231/782], Loss: 0.3814984858036041
Rank:0 Epoch: [8/40], Step: [241/782], Loss: 0.31397876143455505
Rank:0 Epoch: [8/40], Step: [251/782], Loss: 0.5070575475692749
Rank:0 Epoch: [8/40], Step: [261/782], Loss: 0.18957625329494476
Rank:0 Epoch: [8/40], Step: [271/782], Loss: 0.49274033308029175
Rank:0 Epoch: [8/40], Step: [281/782], Loss: 0.49456316232681274
Rank:0 Epoch: [8/40], Step: [291/782], Loss: 0.3929488956928253
Rank:0 Epoch: [8/40], Step: [301/782], Loss: 0.27984267473220825
Rank:0 Epoch: [8/40], Step: [311/782], Loss: 0.24503019452095032
Rank:0 Epoch: [8/40], Step: [321/782], Loss: 0.37571752071380615
Rank:0 Epoch: [8/40], Step: [331/782], Loss: 0.4687338173389435
Rank:0 Epoch: [8/40], Step: [341/782], Loss: 0.4162503182888031
Rank:0 Epoch: [8/40], Step: [351/782], Loss: 0.278653621673584
Rank:0 Epoch: [8/40], Step: [361/782], Loss: 0.31121695041656494
Rank:0 Epoch: [8/40], Step: [371/782], Loss: 0.3161749839782715
Rank:0 Epoch: [8/40], Step: [381/782], Loss: 0.30350983142852783
Rank:0 Epoch: [8/40], Step: [391/782], Loss: 0.5926225781440735
Rank:0 Epoch: [8/40], Step: [401/782], Loss: 0.24079817533493042
Rank:0 Epoch: [8/40], Step: [411/782], Loss: 0.3709452152252197
Rank:0 Epoch: [8/40], Step: [421/782], Loss: 0.22374117374420166
Rank:0 Epoch: [8/40], Step: [431/782], Loss: 0.30503061413764954
Rank:0 Epoch: [8/40], Step: [441/782], Loss: 0.4664716422557831
Rank:0 Epoch: [8/40], Step: [451/782], Loss: 0.4666315019130707
Rank:0 Epoch: [8/40], Step: [461/782], Loss: 0.3608793318271637
Rank:0 Epoch: [8/40], Step: [471/782], Loss: 0.3264084756374359
Rank:0 Epoch: [8/40], Step: [481/782], Loss: 0.47763150930404663
Rank:0 Epoch: [8/40], Step: [491/782], Loss: 0.22265973687171936
Rank:0 Epoch: [8/40], Step: [501/782], Loss: 0.29830724000930786
Rank:0 Epoch: [8/40], Step: [511/782], Loss: 0.23955070972442627
Rank:0 Epoch: [8/40], Step: [521/782], Loss: 0.5472343564033508
Rank:0 Epoch: [8/40], Step: [531/782], Loss: 0.4958246946334839
Rank:0 Epoch: [8/40], Step: [541/782], Loss: 0.29608801007270813
Rank:0 Epoch: [8/40], Step: [551/782], Loss: 0.3869491219520569
Rank:0 Epoch: [8/40], Step: [561/782], Loss: 0.36066025495529175
Rank:0 Epoch: [8/40], Step: [571/782], Loss: 0.291975736618042
Rank:0 Epoch: [8/40], Step: [581/782], Loss: 0.3284701704978943
Rank:0 Epoch: [8/40], Step: [591/782], Loss: 0.2496090531349182
Rank:0 Epoch: [8/40], Step: [601/782], Loss: 0.5015633702278137
Rank:0 Epoch: [8/40], Step: [611/782], Loss: 0.33908581733703613
Rank:0 Epoch: [8/40], Step: [621/782], Loss: 0.221626415848732
Rank:0 Epoch: [8/40], Step: [631/782], Loss: 0.43873241543769836
Rank:0 Epoch: [8/40], Step: [641/782], Loss: 0.34986820816993713
Rank:0 Epoch: [8/40], Step: [651/782], Loss: 0.3167606294155121
Rank:0 Epoch: [8/40], Step: [661/782], Loss: 0.38026225566864014
Rank:0 Epoch: [8/40], Step: [671/782], Loss: 0.449104368686676
Rank:0 Epoch: [8/40], Step: [681/782], Loss: 0.2826423645019531
Rank:0 Epoch: [8/40], Step: [691/782], Loss: 0.6740622520446777
Rank:0 Epoch: [8/40], Step: [701/782], Loss: 0.6364874839782715
Rank:0 Epoch: [8/40], Step: [711/782], Loss: 0.3558131158351898
Rank:0 Epoch: [8/40], Step: [721/782], Loss: 0.35346680879592896
Rank:0 Epoch: [8/40], Step: [731/782], Loss: 0.38614407181739807
Rank:0 Epoch: [8/40], Step: [741/782], Loss: 0.29453015327453613
Rank:0 Epoch: [8/40], Step: [751/782], Loss: 0.20047184824943542
Rank:0 Epoch: [8/40], Step: [761/782], Loss: 0.3385566771030426
Rank:0 Epoch: [8/40], Step: [771/782], Loss: 0.2595551013946533
Rank:0 Epoch: [8/40], Step: [781/782], Loss: 0.26637357473373413
Current Test Acc: 0.828
Rank:0 Epoch: [9/40], Step: [1/782], Loss: 0.279467910528183
Rank:0 Epoch: [9/40], Step: [11/782], Loss: 0.24556006491184235
Rank:0 Epoch: [9/40], Step: [21/782], Loss: 0.29960232973098755
Rank:0 Epoch: [9/40], Step: [31/782], Loss: 0.4039188325405121
Rank:0 Epoch: [9/40], Step: [41/782], Loss: 0.24930162727832794
Rank:0 Epoch: [9/40], Step: [51/782], Loss: 0.3563590347766876
Rank:0 Epoch: [9/40], Step: [61/782], Loss: 0.3283521234989166
Rank:0 Epoch: [9/40], Step: [71/782], Loss: 0.4295767545700073
Rank:0 Epoch: [9/40], Step: [81/782], Loss: 0.3369597792625427
Rank:0 Epoch: [9/40], Step: [91/782], Loss: 0.40348386764526367
Rank:0 Epoch: [9/40], Step: [101/782], Loss: 0.2774280607700348
Rank:0 Epoch: [9/40], Step: [111/782], Loss: 0.28846484422683716
Rank:0 Epoch: [9/40], Step: [121/782], Loss: 0.23845353722572327
Rank:0 Epoch: [9/40], Step: [131/782], Loss: 0.46914058923721313
Rank:0 Epoch: [9/40], Step: [141/782], Loss: 0.1906818002462387
Rank:0 Epoch: [9/40], Step: [151/782], Loss: 0.22892124950885773
Rank:0 Epoch: [9/40], Step: [161/782], Loss: 0.212972030043602
Rank:0 Epoch: [9/40], Step: [171/782], Loss: 0.2320999950170517
Rank:0 Epoch: [9/40], Step: [181/782], Loss: 0.3225571811199188
Rank:0 Epoch: [9/40], Step: [191/782], Loss: 0.3550020754337311
Rank:0 Epoch: [9/40], Step: [201/782], Loss: 0.27389779686927795
Rank:0 Epoch: [9/40], Step: [211/782], Loss: 0.3617114722728729
Rank:0 Epoch: [9/40], Step: [221/782], Loss: 0.3689468502998352
Rank:0 Epoch: [9/40], Step: [231/782], Loss: 0.18458004295825958
Rank:0 Epoch: [9/40], Step: [241/782], Loss: 0.3321646451950073
Rank:0 Epoch: [9/40], Step: [251/782], Loss: 0.33544543385505676
Rank:0 Epoch: [9/40], Step: [261/782], Loss: 0.3434380292892456
Rank:0 Epoch: [9/40], Step: [271/782], Loss: 0.45386210083961487
Rank:0 Epoch: [9/40], Step: [281/782], Loss: 0.5725140571594238
Rank:0 Epoch: [9/40], Step: [291/782], Loss: 0.19362479448318481
Rank:0 Epoch: [9/40], Step: [301/782], Loss: 0.36239761114120483
Rank:0 Epoch: [9/40], Step: [311/782], Loss: 0.40509212017059326
Rank:0 Epoch: [9/40], Step: [321/782], Loss: 0.31556132435798645
Rank:0 Epoch: [9/40], Step: [331/782], Loss: 0.46232882142066956
Rank:0 Epoch: [9/40], Step: [341/782], Loss: 0.3163822293281555
Rank:0 Epoch: [9/40], Step: [351/782], Loss: 0.2420826107263565
Rank:0 Epoch: [9/40], Step: [361/782], Loss: 0.5432127118110657
Rank:0 Epoch: [9/40], Step: [371/782], Loss: 0.189737930893898
Rank:0 Epoch: [9/40], Step: [381/782], Loss: 0.3704865574836731
Rank:0 Epoch: [9/40], Step: [391/782], Loss: 0.3364483714103699
Rank:0 Epoch: [9/40], Step: [401/782], Loss: 0.21845559775829315
Rank:0 Epoch: [9/40], Step: [411/782], Loss: 0.23788556456565857
Rank:0 Epoch: [9/40], Step: [421/782], Loss: 0.3281744420528412
Rank:0 Epoch: [9/40], Step: [431/782], Loss: 0.467488557100296
Rank:0 Epoch: [9/40], Step: [441/782], Loss: 0.390383243560791
Rank:0 Epoch: [9/40], Step: [451/782], Loss: 0.3642829656600952
Rank:0 Epoch: [9/40], Step: [461/782], Loss: 0.3586289584636688
Rank:0 Epoch: [9/40], Step: [471/782], Loss: 0.20328204333782196
Rank:0 Epoch: [9/40], Step: [481/782], Loss: 0.38213616609573364
Rank:0 Epoch: [9/40], Step: [491/782], Loss: 0.3156880736351013
Rank:0 Epoch: [9/40], Step: [501/782], Loss: 0.2489435225725174
Rank:0 Epoch: [9/40], Step: [511/782], Loss: 0.3386549949645996
Rank:0 Epoch: [9/40], Step: [521/782], Loss: 0.4513953924179077
Rank:0 Epoch: [9/40], Step: [531/782], Loss: 0.3946778178215027
Rank:0 Epoch: [9/40], Step: [541/782], Loss: 0.4268512725830078
Rank:0 Epoch: [9/40], Step: [551/782], Loss: 0.361978679895401
Rank:0 Epoch: [9/40], Step: [561/782], Loss: 0.24211367964744568
Rank:0 Epoch: [9/40], Step: [571/782], Loss: 0.16487917304039001
Rank:0 Epoch: [9/40], Step: [581/782], Loss: 0.5072055459022522
Rank:0 Epoch: [9/40], Step: [591/782], Loss: 0.2917633652687073
Rank:0 Epoch: [9/40], Step: [601/782], Loss: 0.3405758738517761
Rank:0 Epoch: [9/40], Step: [611/782], Loss: 0.45585063099861145
Rank:0 Epoch: [9/40], Step: [621/782], Loss: 0.23816007375717163
Rank:0 Epoch: [9/40], Step: [631/782], Loss: 0.19147446751594543
Rank:0 Epoch: [9/40], Step: [641/782], Loss: 0.42057961225509644
Rank:0 Epoch: [9/40], Step: [651/782], Loss: 0.4997376501560211
Rank:0 Epoch: [9/40], Step: [661/782], Loss: 0.28197547793388367
Rank:0 Epoch: [9/40], Step: [671/782], Loss: 0.398413747549057
Rank:0 Epoch: [9/40], Step: [681/782], Loss: 0.3527239263057709
Rank:0 Epoch: [9/40], Step: [691/782], Loss: 0.4883389472961426
Rank:0 Epoch: [9/40], Step: [701/782], Loss: 0.3107307553291321
Rank:0 Epoch: [9/40], Step: [711/782], Loss: 0.5550258159637451
Rank:0 Epoch: [9/40], Step: [721/782], Loss: 0.38549840450286865
Rank:0 Epoch: [9/40], Step: [731/782], Loss: 0.4063394367694855
Rank:0 Epoch: [9/40], Step: [741/782], Loss: 0.24717286229133606
Rank:0 Epoch: [9/40], Step: [751/782], Loss: 0.29662418365478516
Rank:0 Epoch: [9/40], Step: [761/782], Loss: 0.28217995166778564
Rank:0 Epoch: [9/40], Step: [771/782], Loss: 0.3641311228275299
Rank:0 Epoch: [9/40], Step: [781/782], Loss: 0.4339987635612488
Current Test Acc: 0.8438
Rank:0 Epoch: [10/40], Step: [1/782], Loss: 0.29937267303466797
Rank:0 Epoch: [10/40], Step: [11/782], Loss: 0.3349972367286682
Rank:0 Epoch: [10/40], Step: [21/782], Loss: 0.27408313751220703
Rank:0 Epoch: [10/40], Step: [31/782], Loss: 0.23912085592746735
Rank:0 Epoch: [10/40], Step: [41/782], Loss: 0.31935450434684753
Rank:0 Epoch: [10/40], Step: [51/782], Loss: 0.5033665299415588
Rank:0 Epoch: [10/40], Step: [61/782], Loss: 0.41038623452186584
Rank:0 Epoch: [10/40], Step: [71/782], Loss: 0.25577396154403687
Rank:0 Epoch: [10/40], Step: [81/782], Loss: 0.24148882925510406
Rank:0 Epoch: [10/40], Step: [91/782], Loss: 0.3740154802799225
Rank:0 Epoch: [10/40], Step: [101/782], Loss: 0.2565549612045288
Rank:0 Epoch: [10/40], Step: [111/782], Loss: 0.16910545527935028
Rank:0 Epoch: [10/40], Step: [121/782], Loss: 0.25216221809387207
Rank:0 Epoch: [10/40], Step: [131/782], Loss: 0.2479509562253952
Rank:0 Epoch: [10/40], Step: [141/782], Loss: 0.24662825465202332
Rank:0 Epoch: [10/40], Step: [151/782], Loss: 0.20037123560905457
Rank:0 Epoch: [10/40], Step: [161/782], Loss: 0.2900947332382202
Rank:0 Epoch: [10/40], Step: [171/782], Loss: 0.40128350257873535
Rank:0 Epoch: [10/40], Step: [181/782], Loss: 0.4750356376171112
Rank:0 Epoch: [10/40], Step: [191/782], Loss: 0.5406670570373535
Rank:0 Epoch: [10/40], Step: [201/782], Loss: 0.34341147541999817
Rank:0 Epoch: [10/40], Step: [211/782], Loss: 0.46040740609169006
Rank:0 Epoch: [10/40], Step: [221/782], Loss: 0.3062736988067627
Rank:0 Epoch: [10/40], Step: [231/782], Loss: 0.3178856372833252
Rank:0 Epoch: [10/40], Step: [241/782], Loss: 0.3439059555530548
Rank:0 Epoch: [10/40], Step: [251/782], Loss: 0.41769877076148987
Rank:0 Epoch: [10/40], Step: [261/782], Loss: 0.20781822502613068
Rank:0 Epoch: [10/40], Step: [271/782], Loss: 0.28024354577064514
Rank:0 Epoch: [10/40], Step: [281/782], Loss: 0.20602218806743622
Rank:0 Epoch: [10/40], Step: [291/782], Loss: 0.29492080211639404
Rank:0 Epoch: [10/40], Step: [301/782], Loss: 0.3001643121242523
Rank:0 Epoch: [10/40], Step: [311/782], Loss: 0.43534186482429504
Rank:0 Epoch: [10/40], Step: [321/782], Loss: 0.3629206120967865
Rank:0 Epoch: [10/40], Step: [331/782], Loss: 0.3373720645904541
Rank:0 Epoch: [10/40], Step: [341/782], Loss: 0.29883894324302673
Rank:0 Epoch: [10/40], Step: [351/782], Loss: 0.31668707728385925
Rank:0 Epoch: [10/40], Step: [361/782], Loss: 0.1970013976097107
Rank:0 Epoch: [10/40], Step: [371/782], Loss: 0.33666762709617615
Rank:0 Epoch: [10/40], Step: [381/782], Loss: 0.47939592599868774
Rank:0 Epoch: [10/40], Step: [391/782], Loss: 0.4461718499660492
Rank:0 Epoch: [10/40], Step: [401/782], Loss: 0.39352303743362427
Rank:0 Epoch: [10/40], Step: [411/782], Loss: 0.47524547576904297
Rank:0 Epoch: [10/40], Step: [421/782], Loss: 0.15427911281585693
Rank:0 Epoch: [10/40], Step: [431/782], Loss: 0.2746220529079437
Rank:0 Epoch: [10/40], Step: [441/782], Loss: 0.2316405177116394
Rank:0 Epoch: [10/40], Step: [451/782], Loss: 0.4848214387893677
Rank:0 Epoch: [10/40], Step: [461/782], Loss: 0.5938970446586609
Rank:0 Epoch: [10/40], Step: [471/782], Loss: 0.31809794902801514
Rank:0 Epoch: [10/40], Step: [481/782], Loss: 0.4731772541999817
Rank:0 Epoch: [10/40], Step: [491/782], Loss: 0.36342018842697144
Rank:0 Epoch: [10/40], Step: [501/782], Loss: 0.17952287197113037
Rank:0 Epoch: [10/40], Step: [511/782], Loss: 0.2884936034679413
Rank:0 Epoch: [10/40], Step: [521/782], Loss: 0.31908759474754333
Rank:0 Epoch: [10/40], Step: [531/782], Loss: 0.49216461181640625
Rank:0 Epoch: [10/40], Step: [541/782], Loss: 0.38799041509628296
Rank:0 Epoch: [10/40], Step: [551/782], Loss: 0.3842236399650574
Rank:0 Epoch: [10/40], Step: [561/782], Loss: 0.33661165833473206
Rank:0 Epoch: [10/40], Step: [571/782], Loss: 0.26211532950401306
Rank:0 Epoch: [10/40], Step: [581/782], Loss: 0.25573426485061646
Rank:0 Epoch: [10/40], Step: [591/782], Loss: 0.33646512031555176
Rank:0 Epoch: [10/40], Step: [601/782], Loss: 0.36817145347595215
Rank:0 Epoch: [10/40], Step: [611/782], Loss: 0.32570186257362366
Rank:0 Epoch: [10/40], Step: [621/782], Loss: 0.47670698165893555
Rank:0 Epoch: [10/40], Step: [631/782], Loss: 0.5549359321594238
Rank:0 Epoch: [10/40], Step: [641/782], Loss: 0.4112251400947571
Rank:0 Epoch: [10/40], Step: [651/782], Loss: 0.3519686162471771
Rank:0 Epoch: [10/40], Step: [661/782], Loss: 0.38204118609428406
Rank:0 Epoch: [10/40], Step: [671/782], Loss: 0.36889827251434326
Rank:0 Epoch: [10/40], Step: [681/782], Loss: 0.4708162248134613
Rank:0 Epoch: [10/40], Step: [691/782], Loss: 0.28680965304374695
Rank:0 Epoch: [10/40], Step: [701/782], Loss: 0.2954555153846741
Rank:0 Epoch: [10/40], Step: [711/782], Loss: 0.3153335750102997
Rank:0 Epoch: [10/40], Step: [721/782], Loss: 0.33284991979599
Rank:0 Epoch: [10/40], Step: [731/782], Loss: 0.28503692150115967
Rank:0 Epoch: [10/40], Step: [741/782], Loss: 0.2537080943584442
Rank:0 Epoch: [10/40], Step: [751/782], Loss: 0.2115766853094101
Rank:0 Epoch: [10/40], Step: [761/782], Loss: 0.24453823268413544
Rank:0 Epoch: [10/40], Step: [771/782], Loss: 0.2540561854839325
Rank:0 Epoch: [10/40], Step: [781/782], Loss: 0.17733365297317505
Current Test Acc: 0.8362
Rank:0 Epoch: [11/40], Step: [1/782], Loss: 0.4598643183708191
Rank:0 Epoch: [11/40], Step: [11/782], Loss: 0.251878023147583
Rank:0 Epoch: [11/40], Step: [21/782], Loss: 0.2819274663925171
Rank:0 Epoch: [11/40], Step: [31/782], Loss: 0.13809162378311157
Rank:0 Epoch: [11/40], Step: [41/782], Loss: 0.33080774545669556
Rank:0 Epoch: [11/40], Step: [51/782], Loss: 0.1327694207429886
Rank:0 Epoch: [11/40], Step: [61/782], Loss: 0.3675364553928375
Rank:0 Epoch: [11/40], Step: [71/782], Loss: 0.2741415500640869
Rank:0 Epoch: [11/40], Step: [81/782], Loss: 0.20829057693481445
Rank:0 Epoch: [11/40], Step: [91/782], Loss: 0.46429046988487244
Rank:0 Epoch: [11/40], Step: [101/782], Loss: 0.3964102566242218
Rank:0 Epoch: [11/40], Step: [111/782], Loss: 0.3456211984157562
Rank:0 Epoch: [11/40], Step: [121/782], Loss: 0.17869971692562103
Rank:0 Epoch: [11/40], Step: [131/782], Loss: 0.2640248239040375
Rank:0 Epoch: [11/40], Step: [141/782], Loss: 0.3089589476585388
Rank:0 Epoch: [11/40], Step: [151/782], Loss: 0.3475089371204376
Rank:0 Epoch: [11/40], Step: [161/782], Loss: 0.5370053052902222
Rank:0 Epoch: [11/40], Step: [171/782], Loss: 0.24462267756462097
Rank:0 Epoch: [11/40], Step: [181/782], Loss: 0.5015990734100342
Rank:0 Epoch: [11/40], Step: [191/782], Loss: 0.4449464976787567
Rank:0 Epoch: [11/40], Step: [201/782], Loss: 0.26591920852661133
Rank:0 Epoch: [11/40], Step: [211/782], Loss: 0.383146196603775
Rank:0 Epoch: [11/40], Step: [221/782], Loss: 0.3801758289337158
Rank:0 Epoch: [11/40], Step: [231/782], Loss: 0.4203937351703644
Rank:0 Epoch: [11/40], Step: [241/782], Loss: 0.3522329330444336
Rank:0 Epoch: [11/40], Step: [251/782], Loss: 0.3427862823009491
Rank:0 Epoch: [11/40], Step: [261/782], Loss: 0.3533064126968384
Rank:0 Epoch: [11/40], Step: [271/782], Loss: 0.24057352542877197
Rank:0 Epoch: [11/40], Step: [281/782], Loss: 0.30079513788223267
Rank:0 Epoch: [11/40], Step: [291/782], Loss: 0.25693175196647644
Rank:0 Epoch: [11/40], Step: [301/782], Loss: 0.19767892360687256
Rank:0 Epoch: [11/40], Step: [311/782], Loss: 0.4023949205875397
Rank:0 Epoch: [11/40], Step: [321/782], Loss: 0.2985937297344208
Rank:0 Epoch: [11/40], Step: [331/782], Loss: 0.39982330799102783
Rank:0 Epoch: [11/40], Step: [341/782], Loss: 0.3565937876701355
Rank:0 Epoch: [11/40], Step: [351/782], Loss: 0.48270708322525024
Rank:0 Epoch: [11/40], Step: [361/782], Loss: 0.27564898133277893
Rank:0 Epoch: [11/40], Step: [371/782], Loss: 0.3515602946281433
Rank:0 Epoch: [11/40], Step: [381/782], Loss: 0.2705000340938568
Rank:0 Epoch: [11/40], Step: [391/782], Loss: 0.2060113549232483
Rank:0 Epoch: [11/40], Step: [401/782], Loss: 0.2719882130622864
Rank:0 Epoch: [11/40], Step: [411/782], Loss: 0.2922062575817108
Rank:0 Epoch: [11/40], Step: [421/782], Loss: 0.34768497943878174
Rank:0 Epoch: [11/40], Step: [431/782], Loss: 0.3770177364349365
Rank:0 Epoch: [11/40], Step: [441/782], Loss: 0.42898303270339966
Rank:0 Epoch: [11/40], Step: [451/782], Loss: 0.18163134157657623
Rank:0 Epoch: [11/40], Step: [461/782], Loss: 0.34629037976264954
Rank:0 Epoch: [11/40], Step: [471/782], Loss: 0.3557420074939728
Rank:0 Epoch: [11/40], Step: [481/782], Loss: 0.2557659149169922
Rank:0 Epoch: [11/40], Step: [491/782], Loss: 0.21958185732364655
Rank:0 Epoch: [11/40], Step: [501/782], Loss: 0.5153490900993347
Rank:0 Epoch: [11/40], Step: [511/782], Loss: 0.2997899651527405
Rank:0 Epoch: [11/40], Step: [521/782], Loss: 0.305774450302124
Rank:0 Epoch: [11/40], Step: [531/782], Loss: 0.27219080924987793
Rank:0 Epoch: [11/40], Step: [541/782], Loss: 0.17795178294181824
Rank:0 Epoch: [11/40], Step: [551/782], Loss: 0.2965364158153534
Rank:0 Epoch: [11/40], Step: [561/782], Loss: 0.19814349710941315
Rank:0 Epoch: [11/40], Step: [571/782], Loss: 0.5258533358573914
Rank:0 Epoch: [11/40], Step: [581/782], Loss: 0.5008267760276794
Rank:0 Epoch: [11/40], Step: [591/782], Loss: 0.24573412537574768
Rank:0 Epoch: [11/40], Step: [601/782], Loss: 0.2881097197532654
Rank:0 Epoch: [11/40], Step: [611/782], Loss: 0.3076295554637909
Rank:0 Epoch: [11/40], Step: [621/782], Loss: 0.22826704382896423
Rank:0 Epoch: [11/40], Step: [631/782], Loss: 0.39034268260002136
Rank:0 Epoch: [11/40], Step: [641/782], Loss: 0.2788721024990082
Rank:0 Epoch: [11/40], Step: [651/782], Loss: 0.39798521995544434
Rank:0 Epoch: [11/40], Step: [661/782], Loss: 0.3450165390968323
Rank:0 Epoch: [11/40], Step: [671/782], Loss: 0.49774473905563354
Rank:0 Epoch: [11/40], Step: [681/782], Loss: 0.23207175731658936
Rank:0 Epoch: [11/40], Step: [691/782], Loss: 0.4234520494937897
Rank:0 Epoch: [11/40], Step: [701/782], Loss: 0.5328781604766846
Rank:0 Epoch: [11/40], Step: [711/782], Loss: 0.5649430751800537
Rank:0 Epoch: [11/40], Step: [721/782], Loss: 0.30162009596824646
Rank:0 Epoch: [11/40], Step: [731/782], Loss: 0.23575961589813232
Rank:0 Epoch: [11/40], Step: [741/782], Loss: 0.3221691846847534
Rank:0 Epoch: [11/40], Step: [751/782], Loss: 0.285686194896698
Rank:0 Epoch: [11/40], Step: [761/782], Loss: 0.330543577671051
Rank:0 Epoch: [11/40], Step: [771/782], Loss: 0.3048221170902252
Rank:0 Epoch: [11/40], Step: [781/782], Loss: 0.16382546722888947
Current Test Acc: 0.8366
Rank:0 Epoch: [12/40], Step: [1/782], Loss: 0.4930545687675476
Rank:0 Epoch: [12/40], Step: [11/782], Loss: 0.2790386974811554
Rank:0 Epoch: [12/40], Step: [21/782], Loss: 0.42618563771247864
Rank:0 Epoch: [12/40], Step: [31/782], Loss: 0.1864480972290039
Rank:0 Epoch: [12/40], Step: [41/782], Loss: 0.48445165157318115
Rank:0 Epoch: [12/40], Step: [51/782], Loss: 0.3536781668663025
Rank:0 Epoch: [12/40], Step: [61/782], Loss: 0.26925143599510193
Rank:0 Epoch: [12/40], Step: [71/782], Loss: 0.2736607491970062
Rank:0 Epoch: [12/40], Step: [81/782], Loss: 0.2145882546901703
Rank:0 Epoch: [12/40], Step: [91/782], Loss: 0.2543801963329315
Rank:0 Epoch: [12/40], Step: [101/782], Loss: 0.31222063302993774
Rank:0 Epoch: [12/40], Step: [111/782], Loss: 0.33092620968818665
Rank:0 Epoch: [12/40], Step: [121/782], Loss: 0.34956783056259155
Rank:0 Epoch: [12/40], Step: [131/782], Loss: 0.31463420391082764
Rank:0 Epoch: [12/40], Step: [141/782], Loss: 0.26826533675193787
Rank:0 Epoch: [12/40], Step: [151/782], Loss: 0.36797961592674255
Rank:0 Epoch: [12/40], Step: [161/782], Loss: 0.32114696502685547
Rank:0 Epoch: [12/40], Step: [171/782], Loss: 0.29745832085609436
Rank:0 Epoch: [12/40], Step: [181/782], Loss: 0.24310368299484253
Rank:0 Epoch: [12/40], Step: [191/782], Loss: 0.33835864067077637
Rank:0 Epoch: [12/40], Step: [201/782], Loss: 0.25882965326309204
Rank:0 Epoch: [12/40], Step: [211/782], Loss: 0.2440701127052307
Rank:0 Epoch: [12/40], Step: [221/782], Loss: 0.35515332221984863
Rank:0 Epoch: [12/40], Step: [231/782], Loss: 0.39706745743751526
Rank:0 Epoch: [12/40], Step: [241/782], Loss: 0.3819645345211029
Rank:0 Epoch: [12/40], Step: [251/782], Loss: 0.3924761712551117
Rank:0 Epoch: [12/40], Step: [261/782], Loss: 0.46556100249290466
Rank:0 Epoch: [12/40], Step: [271/782], Loss: 0.2820085287094116
Rank:0 Epoch: [12/40], Step: [281/782], Loss: 0.45516398549079895
Rank:0 Epoch: [12/40], Step: [291/782], Loss: 0.6169621348381042
Rank:0 Epoch: [12/40], Step: [301/782], Loss: 0.5843072533607483
Rank:0 Epoch: [12/40], Step: [311/782], Loss: 0.1709049493074417
Rank:0 Epoch: [12/40], Step: [321/782], Loss: 0.21367381513118744
Rank:0 Epoch: [12/40], Step: [331/782], Loss: 0.4438655972480774
Rank:0 Epoch: [12/40], Step: [341/782], Loss: 0.2897557318210602
Rank:0 Epoch: [12/40], Step: [351/782], Loss: 0.4156821370124817
Rank:0 Epoch: [12/40], Step: [361/782], Loss: 0.4555828273296356
Rank:0 Epoch: [12/40], Step: [371/782], Loss: 0.24876271188259125
Rank:0 Epoch: [12/40], Step: [381/782], Loss: 0.2321256548166275
Rank:0 Epoch: [12/40], Step: [391/782], Loss: 0.4828517735004425
Rank:0 Epoch: [12/40], Step: [401/782], Loss: 0.25024276971817017
Rank:0 Epoch: [12/40], Step: [411/782], Loss: 0.6076123714447021
Rank:0 Epoch: [12/40], Step: [421/782], Loss: 0.25005242228507996
Rank:0 Epoch: [12/40], Step: [431/782], Loss: 0.48934635519981384
Rank:0 Epoch: [12/40], Step: [441/782], Loss: 0.232021301984787
Rank:0 Epoch: [12/40], Step: [451/782], Loss: 0.3263934254646301
Rank:0 Epoch: [12/40], Step: [461/782], Loss: 0.24387109279632568
Rank:0 Epoch: [12/40], Step: [471/782], Loss: 0.2670467793941498
Rank:0 Epoch: [12/40], Step: [481/782], Loss: 0.26427462697029114
Rank:0 Epoch: [12/40], Step: [491/782], Loss: 0.31564730405807495
Rank:0 Epoch: [12/40], Step: [501/782], Loss: 0.25394687056541443
Rank:0 Epoch: [12/40], Step: [511/782], Loss: 0.3765332102775574
Rank:0 Epoch: [12/40], Step: [521/782], Loss: 0.4081660807132721
Rank:0 Epoch: [12/40], Step: [531/782], Loss: 0.4125671684741974
Rank:0 Epoch: [12/40], Step: [541/782], Loss: 0.14976580440998077
Rank:0 Epoch: [12/40], Step: [551/782], Loss: 0.291419118642807
Rank:0 Epoch: [12/40], Step: [561/782], Loss: 0.35722824931144714
Rank:0 Epoch: [12/40], Step: [571/782], Loss: 0.2242145538330078
Rank:0 Epoch: [12/40], Step: [581/782], Loss: 0.4056635797023773
Rank:0 Epoch: [12/40], Step: [591/782], Loss: 0.23459915816783905
Rank:0 Epoch: [12/40], Step: [601/782], Loss: 0.29355520009994507
Rank:0 Epoch: [12/40], Step: [611/782], Loss: 0.17789936065673828
Rank:0 Epoch: [12/40], Step: [621/782], Loss: 0.29060161113739014
Rank:0 Epoch: [12/40], Step: [631/782], Loss: 0.3957880437374115
Rank:0 Epoch: [12/40], Step: [641/782], Loss: 0.28666889667510986
Rank:0 Epoch: [12/40], Step: [651/782], Loss: 0.33203136920928955
Rank:0 Epoch: [12/40], Step: [661/782], Loss: 0.430337131023407
Rank:0 Epoch: [12/40], Step: [671/782], Loss: 0.4152403473854065
Rank:0 Epoch: [12/40], Step: [681/782], Loss: 0.3355163037776947
Rank:0 Epoch: [12/40], Step: [691/782], Loss: 0.28114813566207886
Rank:0 Epoch: [12/40], Step: [701/782], Loss: 0.27419164776802063
Rank:0 Epoch: [12/40], Step: [711/782], Loss: 0.5464267134666443
Rank:0 Epoch: [12/40], Step: [721/782], Loss: 0.28036490082740784
Rank:0 Epoch: [12/40], Step: [731/782], Loss: 0.4708847999572754
Rank:0 Epoch: [12/40], Step: [741/782], Loss: 0.1795966923236847
Rank:0 Epoch: [12/40], Step: [751/782], Loss: 0.5963550806045532
Rank:0 Epoch: [12/40], Step: [761/782], Loss: 0.34908953309059143
Rank:0 Epoch: [12/40], Step: [771/782], Loss: 0.2920178472995758
Rank:0 Epoch: [12/40], Step: [781/782], Loss: 0.2595268189907074
Current Test Acc: 0.8354
Rank:0 Epoch: [13/40], Step: [1/782], Loss: 0.49095478653907776
Rank:0 Epoch: [13/40], Step: [11/782], Loss: 0.34382864832878113
Rank:0 Epoch: [13/40], Step: [21/782], Loss: 0.34730106592178345
Rank:0 Epoch: [13/40], Step: [31/782], Loss: 0.42914924025535583
Rank:0 Epoch: [13/40], Step: [41/782], Loss: 0.36340704560279846
Rank:0 Epoch: [13/40], Step: [51/782], Loss: 0.3372064530849457
Rank:0 Epoch: [13/40], Step: [61/782], Loss: 0.34934598207473755
Rank:0 Epoch: [13/40], Step: [71/782], Loss: 0.4115528464317322
Rank:0 Epoch: [13/40], Step: [81/782], Loss: 0.28554877638816833
Rank:0 Epoch: [13/40], Step: [91/782], Loss: 0.3012833297252655
Rank:0 Epoch: [13/40], Step: [101/782], Loss: 0.18319840729236603
Rank:0 Epoch: [13/40], Step: [111/782], Loss: 0.2856369912624359
Rank:0 Epoch: [13/40], Step: [121/782], Loss: 0.3921140730381012
Rank:0 Epoch: [13/40], Step: [131/782], Loss: 0.25548580288887024
Rank:0 Epoch: [13/40], Step: [141/782], Loss: 0.35036689043045044
Rank:0 Epoch: [13/40], Step: [151/782], Loss: 0.3270558714866638
Rank:0 Epoch: [13/40], Step: [161/782], Loss: 0.2337401956319809
Rank:0 Epoch: [13/40], Step: [171/782], Loss: 0.22859270870685577
Rank:0 Epoch: [13/40], Step: [181/782], Loss: 0.19238795340061188
Rank:0 Epoch: [13/40], Step: [191/782], Loss: 0.23998086154460907
Rank:0 Epoch: [13/40], Step: [201/782], Loss: 0.18427830934524536
Rank:0 Epoch: [13/40], Step: [211/782], Loss: 0.38980457186698914
Rank:0 Epoch: [13/40], Step: [221/782], Loss: 0.24784234166145325
Rank:0 Epoch: [13/40], Step: [231/782], Loss: 0.6564628481864929
Rank:0 Epoch: [13/40], Step: [241/782], Loss: 0.45958924293518066
Rank:0 Epoch: [13/40], Step: [251/782], Loss: 0.2100871056318283
Rank:0 Epoch: [13/40], Step: [261/782], Loss: 0.407441109418869
Rank:0 Epoch: [13/40], Step: [271/782], Loss: 0.2300204187631607
Rank:0 Epoch: [13/40], Step: [281/782], Loss: 0.19507697224617004
Rank:0 Epoch: [13/40], Step: [291/782], Loss: 0.2266739010810852
Rank:0 Epoch: [13/40], Step: [301/782], Loss: 0.2950812578201294
Rank:0 Epoch: [13/40], Step: [311/782], Loss: 0.2650066614151001
Rank:0 Epoch: [13/40], Step: [321/782], Loss: 0.4588499069213867
Rank:0 Epoch: [13/40], Step: [331/782], Loss: 0.3025674521923065
Rank:0 Epoch: [13/40], Step: [341/782], Loss: 0.10416077822446823
Rank:0 Epoch: [13/40], Step: [351/782], Loss: 0.6991292238235474
Rank:0 Epoch: [13/40], Step: [361/782], Loss: 0.4167787730693817
Rank:0 Epoch: [13/40], Step: [371/782], Loss: 0.39123669266700745
Rank:0 Epoch: [13/40], Step: [381/782], Loss: 0.21049679815769196
Rank:0 Epoch: [13/40], Step: [391/782], Loss: 0.3297989070415497
Rank:0 Epoch: [13/40], Step: [401/782], Loss: 0.23622199892997742
Rank:0 Epoch: [13/40], Step: [411/782], Loss: 0.44855961203575134
Rank:0 Epoch: [13/40], Step: [421/782], Loss: 0.3006595969200134
Rank:0 Epoch: [13/40], Step: [431/782], Loss: 0.17221954464912415
Rank:0 Epoch: [13/40], Step: [441/782], Loss: 0.3147856593132019
Rank:0 Epoch: [13/40], Step: [451/782], Loss: 0.24598939716815948
Rank:0 Epoch: [13/40], Step: [461/782], Loss: 0.36168426275253296
Rank:0 Epoch: [13/40], Step: [471/782], Loss: 0.26148009300231934
Rank:0 Epoch: [13/40], Step: [481/782], Loss: 0.24781125783920288
Rank:0 Epoch: [13/40], Step: [491/782], Loss: 0.32202550768852234
Rank:0 Epoch: [13/40], Step: [501/782], Loss: 0.21970044076442719
Rank:0 Epoch: [13/40], Step: [511/782], Loss: 0.252268522977829
Rank:0 Epoch: [13/40], Step: [521/782], Loss: 0.15336252748966217
Rank:0 Epoch: [13/40], Step: [531/782], Loss: 0.5775948166847229
Rank:0 Epoch: [13/40], Step: [541/782], Loss: 0.4882117211818695
Rank:0 Epoch: [13/40], Step: [551/782], Loss: 0.4394644498825073
Rank:0 Epoch: [13/40], Step: [561/782], Loss: 0.2717934250831604
Rank:0 Epoch: [13/40], Step: [571/782], Loss: 0.23031112551689148
Rank:0 Epoch: [13/40], Step: [581/782], Loss: 0.22521793842315674
Rank:0 Epoch: [13/40], Step: [591/782], Loss: 0.23043836653232574
Rank:0 Epoch: [13/40], Step: [601/782], Loss: 0.18913143873214722
Rank:0 Epoch: [13/40], Step: [611/782], Loss: 0.2188291847705841
Rank:0 Epoch: [13/40], Step: [621/782], Loss: 0.3763159215450287
Rank:0 Epoch: [13/40], Step: [631/782], Loss: 0.39224371314048767
Rank:0 Epoch: [13/40], Step: [641/782], Loss: 0.3768615126609802
Rank:0 Epoch: [13/40], Step: [651/782], Loss: 0.31607329845428467
Rank:0 Epoch: [13/40], Step: [661/782], Loss: 0.3735227584838867
Rank:0 Epoch: [13/40], Step: [671/782], Loss: 0.3244948387145996
Rank:0 Epoch: [13/40], Step: [681/782], Loss: 0.4350692629814148
Rank:0 Epoch: [13/40], Step: [691/782], Loss: 0.23654435575008392
Rank:0 Epoch: [13/40], Step: [701/782], Loss: 0.43312153220176697
Rank:0 Epoch: [13/40], Step: [711/782], Loss: 0.3043137788772583
Rank:0 Epoch: [13/40], Step: [721/782], Loss: 0.18877874314785004
Rank:0 Epoch: [13/40], Step: [731/782], Loss: 0.2730497121810913
Rank:0 Epoch: [13/40], Step: [741/782], Loss: 0.4635433852672577
Rank:0 Epoch: [13/40], Step: [751/782], Loss: 0.314897745847702
Rank:0 Epoch: [13/40], Step: [761/782], Loss: 0.35053062438964844
Rank:0 Epoch: [13/40], Step: [771/782], Loss: 0.2604488432407379
Rank:0 Epoch: [13/40], Step: [781/782], Loss: 0.44814762473106384
Current Test Acc: 0.8642
Rank:0 Epoch: [14/40], Step: [1/782], Loss: 0.4260992109775543
Rank:0 Epoch: [14/40], Step: [11/782], Loss: 0.3785662353038788
Rank:0 Epoch: [14/40], Step: [21/782], Loss: 0.22442643344402313
Rank:0 Epoch: [14/40], Step: [31/782], Loss: 0.41708093881607056
Rank:0 Epoch: [14/40], Step: [41/782], Loss: 0.32472291588783264
Rank:0 Epoch: [14/40], Step: [51/782], Loss: 0.2887970805168152
Rank:0 Epoch: [14/40], Step: [61/782], Loss: 0.3128732442855835
Rank:0 Epoch: [14/40], Step: [71/782], Loss: 0.4182475805282593
Rank:0 Epoch: [14/40], Step: [81/782], Loss: 0.2530692219734192
Rank:0 Epoch: [14/40], Step: [91/782], Loss: 0.20633573830127716
Rank:0 Epoch: [14/40], Step: [101/782], Loss: 0.16286520659923553
Rank:0 Epoch: [14/40], Step: [111/782], Loss: 0.5706777572631836
Rank:0 Epoch: [14/40], Step: [121/782], Loss: 0.3018002510070801
Rank:0 Epoch: [14/40], Step: [131/782], Loss: 0.23711146414279938
Rank:0 Epoch: [14/40], Step: [141/782], Loss: 0.2989504039287567
Rank:0 Epoch: [14/40], Step: [151/782], Loss: 0.511289119720459
Rank:0 Epoch: [14/40], Step: [161/782], Loss: 0.4543028771877289
Rank:0 Epoch: [14/40], Step: [171/782], Loss: 0.40536269545555115
Rank:0 Epoch: [14/40], Step: [181/782], Loss: 0.22306695580482483
Rank:0 Epoch: [14/40], Step: [191/782], Loss: 0.3309384286403656
Rank:0 Epoch: [14/40], Step: [201/782], Loss: 0.2686653733253479
Rank:0 Epoch: [14/40], Step: [211/782], Loss: 0.26753467321395874
Rank:0 Epoch: [14/40], Step: [221/782], Loss: 0.20820681750774384
Rank:0 Epoch: [14/40], Step: [231/782], Loss: 0.3947219252586365
Rank:0 Epoch: [14/40], Step: [241/782], Loss: 0.22257724404335022
Rank:0 Epoch: [14/40], Step: [251/782], Loss: 0.35279276967048645
Rank:0 Epoch: [14/40], Step: [261/782], Loss: 0.30088645219802856
Rank:0 Epoch: [14/40], Step: [271/782], Loss: 0.41847386956214905
Rank:0 Epoch: [14/40], Step: [281/782], Loss: 0.41368353366851807
Rank:0 Epoch: [14/40], Step: [291/782], Loss: 0.2422713041305542
Rank:0 Epoch: [14/40], Step: [301/782], Loss: 0.4357447326183319
Rank:0 Epoch: [14/40], Step: [311/782], Loss: 0.19892273843288422
Rank:0 Epoch: [14/40], Step: [321/782], Loss: 0.37671858072280884
Rank:0 Epoch: [14/40], Step: [331/782], Loss: 0.5614888072013855
Rank:0 Epoch: [14/40], Step: [341/782], Loss: 0.370728999376297
Rank:0 Epoch: [14/40], Step: [351/782], Loss: 0.20308223366737366
Rank:0 Epoch: [14/40], Step: [361/782], Loss: 0.35121583938598633
Rank:0 Epoch: [14/40], Step: [371/782], Loss: 0.33194950222969055
Rank:0 Epoch: [14/40], Step: [381/782], Loss: 0.36440354585647583
Rank:0 Epoch: [14/40], Step: [391/782], Loss: 0.20325437188148499
Rank:0 Epoch: [14/40], Step: [401/782], Loss: 0.35437482595443726
Rank:0 Epoch: [14/40], Step: [411/782], Loss: 0.3247796297073364
Rank:0 Epoch: [14/40], Step: [421/782], Loss: 0.33874306082725525
Rank:0 Epoch: [14/40], Step: [431/782], Loss: 0.3517336845397949
Rank:0 Epoch: [14/40], Step: [441/782], Loss: 0.3124358654022217
Rank:0 Epoch: [14/40], Step: [451/782], Loss: 0.364577978849411
Rank:0 Epoch: [14/40], Step: [461/782], Loss: 0.5066021680831909
Rank:0 Epoch: [14/40], Step: [471/782], Loss: 0.3744816780090332
Rank:0 Epoch: [14/40], Step: [481/782], Loss: 0.4149636924266815
Rank:0 Epoch: [14/40], Step: [491/782], Loss: 0.2886667847633362
Rank:0 Epoch: [14/40], Step: [501/782], Loss: 0.23942865431308746
Rank:0 Epoch: [14/40], Step: [511/782], Loss: 0.2524527609348297
Rank:0 Epoch: [14/40], Step: [521/782], Loss: 0.21786227822303772
Rank:0 Epoch: [14/40], Step: [531/782], Loss: 0.25895124673843384
Rank:0 Epoch: [14/40], Step: [541/782], Loss: 0.22663088142871857
Rank:0 Epoch: [14/40], Step: [551/782], Loss: 0.2185027003288269
Rank:0 Epoch: [14/40], Step: [561/782], Loss: 0.38805660605430603
Rank:0 Epoch: [14/40], Step: [571/782], Loss: 0.33294573426246643
Rank:0 Epoch: [14/40], Step: [581/782], Loss: 0.1748245358467102
Rank:0 Epoch: [14/40], Step: [591/782], Loss: 0.3640196621417999
Rank:0 Epoch: [14/40], Step: [601/782], Loss: 0.4844573736190796
Rank:0 Epoch: [14/40], Step: [611/782], Loss: 0.3549271821975708
Rank:0 Epoch: [14/40], Step: [621/782], Loss: 0.2618141174316406
Rank:0 Epoch: [14/40], Step: [631/782], Loss: 0.19850321114063263
Rank:0 Epoch: [14/40], Step: [641/782], Loss: 0.3371182978153229
Rank:0 Epoch: [14/40], Step: [651/782], Loss: 0.3463488817214966
Rank:0 Epoch: [14/40], Step: [661/782], Loss: 0.2643311321735382
Rank:0 Epoch: [14/40], Step: [671/782], Loss: 0.5009639859199524
Rank:0 Epoch: [14/40], Step: [681/782], Loss: 0.2901037037372589
Rank:0 Epoch: [14/40], Step: [691/782], Loss: 0.16105757653713226
Rank:0 Epoch: [14/40], Step: [701/782], Loss: 0.28217703104019165
Rank:0 Epoch: [14/40], Step: [711/782], Loss: 0.47988972067832947
Rank:0 Epoch: [14/40], Step: [721/782], Loss: 0.6063920259475708
Rank:0 Epoch: [14/40], Step: [731/782], Loss: 0.32561737298965454
Rank:0 Epoch: [14/40], Step: [741/782], Loss: 0.16670401394367218
Rank:0 Epoch: [14/40], Step: [751/782], Loss: 0.21863922476768494
Rank:0 Epoch: [14/40], Step: [761/782], Loss: 0.29206952452659607
Rank:0 Epoch: [14/40], Step: [771/782], Loss: 0.2990231513977051
Rank:0 Epoch: [14/40], Step: [781/782], Loss: 0.25938552618026733
Current Test Acc: 0.8468
Rank:0 Epoch: [15/40], Step: [1/782], Loss: 0.4877201020717621
Rank:0 Epoch: [15/40], Step: [11/782], Loss: 0.34875810146331787
Rank:0 Epoch: [15/40], Step: [21/782], Loss: 0.22329741716384888
Rank:0 Epoch: [15/40], Step: [31/782], Loss: 0.2074279934167862
Rank:0 Epoch: [15/40], Step: [41/782], Loss: 0.33349284529685974
Rank:0 Epoch: [15/40], Step: [51/782], Loss: 0.44920292496681213
Rank:0 Epoch: [15/40], Step: [61/782], Loss: 0.2454644739627838
Rank:0 Epoch: [15/40], Step: [71/782], Loss: 0.38909614086151123
Rank:0 Epoch: [15/40], Step: [81/782], Loss: 0.23225519061088562
Rank:0 Epoch: [15/40], Step: [91/782], Loss: 0.19399495422840118
Rank:0 Epoch: [15/40], Step: [101/782], Loss: 0.3412450850009918
Rank:0 Epoch: [15/40], Step: [111/782], Loss: 0.3650316298007965
Rank:0 Epoch: [15/40], Step: [121/782], Loss: 0.32606756687164307
Rank:0 Epoch: [15/40], Step: [131/782], Loss: 0.42016151547431946
Rank:0 Epoch: [15/40], Step: [141/782], Loss: 0.3255048990249634
Rank:0 Epoch: [15/40], Step: [151/782], Loss: 0.3314047157764435
Rank:0 Epoch: [15/40], Step: [161/782], Loss: 0.6657416820526123
Rank:0 Epoch: [15/40], Step: [171/782], Loss: 0.15146063268184662
Rank:0 Epoch: [15/40], Step: [181/782], Loss: 0.49788087606430054
Rank:0 Epoch: [15/40], Step: [191/782], Loss: 0.28864023089408875
Rank:0 Epoch: [15/40], Step: [201/782], Loss: 0.31974294781684875
Rank:0 Epoch: [15/40], Step: [211/782], Loss: 0.33711060881614685
Rank:0 Epoch: [15/40], Step: [221/782], Loss: 0.4510314464569092
Rank:0 Epoch: [15/40], Step: [231/782], Loss: 0.31122061610221863
Rank:0 Epoch: [15/40], Step: [241/782], Loss: 0.2260333001613617
Rank:0 Epoch: [15/40], Step: [251/782], Loss: 0.3066975176334381
Rank:0 Epoch: [15/40], Step: [261/782], Loss: 0.2989737391471863
Rank:0 Epoch: [15/40], Step: [271/782], Loss: 0.32112979888916016
Rank:0 Epoch: [15/40], Step: [281/782], Loss: 0.3108947277069092
Rank:0 Epoch: [15/40], Step: [291/782], Loss: 0.3855213224887848
Rank:0 Epoch: [15/40], Step: [301/782], Loss: 0.3539043068885803
Rank:0 Epoch: [15/40], Step: [311/782], Loss: 0.2116275131702423
Rank:0 Epoch: [15/40], Step: [321/782], Loss: 0.380977064371109
Rank:0 Epoch: [15/40], Step: [331/782], Loss: 0.35630324482917786
Rank:0 Epoch: [15/40], Step: [341/782], Loss: 0.2747443914413452
Rank:0 Epoch: [15/40], Step: [351/782], Loss: 0.31018275022506714
Rank:0 Epoch: [15/40], Step: [361/782], Loss: 0.27018722891807556
Rank:0 Epoch: [15/40], Step: [371/782], Loss: 0.29509061574935913
Rank:0 Epoch: [15/40], Step: [381/782], Loss: 0.7289295196533203
Rank:0 Epoch: [15/40], Step: [391/782], Loss: 0.30346664786338806
Rank:0 Epoch: [15/40], Step: [401/782], Loss: 0.290642112493515
Rank:0 Epoch: [15/40], Step: [411/782], Loss: 0.41809558868408203
Rank:0 Epoch: [15/40], Step: [421/782], Loss: 0.3084219694137573
Rank:0 Epoch: [15/40], Step: [431/782], Loss: 0.48243939876556396
Rank:0 Epoch: [15/40], Step: [441/782], Loss: 0.33546674251556396
Rank:0 Epoch: [15/40], Step: [451/782], Loss: 0.27350345253944397
Rank:0 Epoch: [15/40], Step: [461/782], Loss: 0.19553659856319427
Rank:0 Epoch: [15/40], Step: [471/782], Loss: 0.30788454413414
Rank:0 Epoch: [15/40], Step: [481/782], Loss: 0.3538960814476013
Rank:0 Epoch: [15/40], Step: [491/782], Loss: 0.3831641376018524
Rank:0 Epoch: [15/40], Step: [501/782], Loss: 0.38518309593200684
Rank:0 Epoch: [15/40], Step: [511/782], Loss: 0.24375532567501068
Rank:0 Epoch: [15/40], Step: [521/782], Loss: 0.41375383734703064
Rank:0 Epoch: [15/40], Step: [531/782], Loss: 0.3520839810371399
Rank:0 Epoch: [15/40], Step: [541/782], Loss: 0.41418787837028503
Rank:0 Epoch: [15/40], Step: [551/782], Loss: 0.33070212602615356
Rank:0 Epoch: [15/40], Step: [561/782], Loss: 0.47875359654426575
Rank:0 Epoch: [15/40], Step: [571/782], Loss: 0.4629080593585968
Rank:0 Epoch: [15/40], Step: [581/782], Loss: 0.4378875195980072
Rank:0 Epoch: [15/40], Step: [591/782], Loss: 0.20330499112606049
Rank:0 Epoch: [15/40], Step: [601/782], Loss: 0.36847907304763794
Rank:0 Epoch: [15/40], Step: [611/782], Loss: 0.46746501326560974
Rank:0 Epoch: [15/40], Step: [621/782], Loss: 0.3684631884098053
Rank:0 Epoch: [15/40], Step: [631/782], Loss: 0.3054802417755127
Rank:0 Epoch: [15/40], Step: [641/782], Loss: 0.24721650779247284
Rank:0 Epoch: [15/40], Step: [651/782], Loss: 0.14333100616931915
Rank:0 Epoch: [15/40], Step: [661/782], Loss: 0.2695748507976532
Rank:0 Epoch: [15/40], Step: [671/782], Loss: 0.21513786911964417
Rank:0 Epoch: [15/40], Step: [681/782], Loss: 0.19542765617370605
Rank:0 Epoch: [15/40], Step: [691/782], Loss: 0.48284849524497986
Rank:0 Epoch: [15/40], Step: [701/782], Loss: 0.3682284653186798
Rank:0 Epoch: [15/40], Step: [711/782], Loss: 0.4576752781867981
Rank:0 Epoch: [15/40], Step: [721/782], Loss: 0.19559551775455475
Rank:0 Epoch: [15/40], Step: [731/782], Loss: 0.4485717713832855
Rank:0 Epoch: [15/40], Step: [741/782], Loss: 0.4347453713417053
Rank:0 Epoch: [15/40], Step: [751/782], Loss: 0.24255353212356567
Rank:0 Epoch: [15/40], Step: [761/782], Loss: 0.5395286083221436
Rank:0 Epoch: [15/40], Step: [771/782], Loss: 0.6117292642593384
Rank:0 Epoch: [15/40], Step: [781/782], Loss: 0.24275152385234833
Current Test Acc: 0.8652
Rank:0 Epoch: [16/40], Step: [1/782], Loss: 0.24323034286499023
Rank:0 Epoch: [16/40], Step: [11/782], Loss: 0.31413552165031433
Rank:0 Epoch: [16/40], Step: [21/782], Loss: 0.3885796070098877
Rank:0 Epoch: [16/40], Step: [31/782], Loss: 0.4040001630783081
Rank:0 Epoch: [16/40], Step: [41/782], Loss: 0.35711154341697693
Rank:0 Epoch: [16/40], Step: [51/782], Loss: 0.3022291362285614
Rank:0 Epoch: [16/40], Step: [61/782], Loss: 0.5533412098884583
Rank:0 Epoch: [16/40], Step: [71/782], Loss: 0.3382694721221924
Rank:0 Epoch: [16/40], Step: [81/782], Loss: 0.23587805032730103
Rank:0 Epoch: [16/40], Step: [91/782], Loss: 0.2240467369556427
Rank:0 Epoch: [16/40], Step: [101/782], Loss: 0.3153682053089142
Rank:0 Epoch: [16/40], Step: [111/782], Loss: 0.28234001994132996
Rank:0 Epoch: [16/40], Step: [121/782], Loss: 0.20583303272724152
Rank:0 Epoch: [16/40], Step: [131/782], Loss: 0.2630353271961212
Rank:0 Epoch: [16/40], Step: [141/782], Loss: 0.2714199125766754
Rank:0 Epoch: [16/40], Step: [151/782], Loss: 0.21455393731594086
Rank:0 Epoch: [16/40], Step: [161/782], Loss: 0.29527565836906433
Rank:0 Epoch: [16/40], Step: [171/782], Loss: 0.4199005961418152
Rank:0 Epoch: [16/40], Step: [181/782], Loss: 0.15957573056221008
Rank:0 Epoch: [16/40], Step: [191/782], Loss: 0.5838330984115601
Rank:0 Epoch: [16/40], Step: [201/782], Loss: 0.3457788825035095
Rank:0 Epoch: [16/40], Step: [211/782], Loss: 0.339836061000824
Rank:0 Epoch: [16/40], Step: [221/782], Loss: 0.17120495438575745
Rank:0 Epoch: [16/40], Step: [231/782], Loss: 0.2188756763935089
Rank:0 Epoch: [16/40], Step: [241/782], Loss: 0.26992368698120117
Rank:0 Epoch: [16/40], Step: [251/782], Loss: 0.3118351697921753
Rank:0 Epoch: [16/40], Step: [261/782], Loss: 0.4330942928791046
Rank:0 Epoch: [16/40], Step: [271/782], Loss: 0.27419641613960266
Rank:0 Epoch: [16/40], Step: [281/782], Loss: 0.4719889163970947
Rank:0 Epoch: [16/40], Step: [291/782], Loss: 0.2951897382736206
Rank:0 Epoch: [16/40], Step: [301/782], Loss: 0.35836490988731384
Rank:0 Epoch: [16/40], Step: [311/782], Loss: 0.5529657602310181
Rank:0 Epoch: [16/40], Step: [321/782], Loss: 0.2978582978248596
Rank:0 Epoch: [16/40], Step: [331/782], Loss: 0.6007688641548157
Rank:0 Epoch: [16/40], Step: [341/782], Loss: 0.3464086353778839
Rank:0 Epoch: [16/40], Step: [351/782], Loss: 0.3886263370513916
Rank:0 Epoch: [16/40], Step: [361/782], Loss: 0.20996224880218506
Rank:0 Epoch: [16/40], Step: [371/782], Loss: 0.3789425790309906
Rank:0 Epoch: [16/40], Step: [381/782], Loss: 0.32712963223457336
Rank:0 Epoch: [16/40], Step: [391/782], Loss: 0.30120402574539185
Rank:0 Epoch: [16/40], Step: [401/782], Loss: 0.24549050629138947
Rank:0 Epoch: [16/40], Step: [411/782], Loss: 0.7751590013504028
Rank:0 Epoch: [16/40], Step: [421/782], Loss: 0.48232290148735046
Rank:0 Epoch: [16/40], Step: [431/782], Loss: 0.2873556613922119
Rank:0 Epoch: [16/40], Step: [441/782], Loss: 0.4288368821144104
Rank:0 Epoch: [16/40], Step: [451/782], Loss: 0.4212535321712494
Rank:0 Epoch: [16/40], Step: [461/782], Loss: 0.2711254358291626
Rank:0 Epoch: [16/40], Step: [471/782], Loss: 0.3121678829193115
Rank:0 Epoch: [16/40], Step: [481/782], Loss: 0.282010942697525
Rank:0 Epoch: [16/40], Step: [491/782], Loss: 0.19479678571224213
Rank:0 Epoch: [16/40], Step: [501/782], Loss: 0.306405246257782
Rank:0 Epoch: [16/40], Step: [511/782], Loss: 0.16484607756137848
Rank:0 Epoch: [16/40], Step: [521/782], Loss: 0.31670090556144714
Rank:0 Epoch: [16/40], Step: [531/782], Loss: 0.29856207966804504
Rank:0 Epoch: [16/40], Step: [541/782], Loss: 0.2572477459907532
Rank:0 Epoch: [16/40], Step: [551/782], Loss: 0.22808991372585297
Rank:0 Epoch: [16/40], Step: [561/782], Loss: 0.19701729714870453
Rank:0 Epoch: [16/40], Step: [571/782], Loss: 0.1914701908826828
Rank:0 Epoch: [16/40], Step: [581/782], Loss: 0.20089589059352875
Rank:0 Epoch: [16/40], Step: [591/782], Loss: 0.28055521845817566
Rank:0 Epoch: [16/40], Step: [601/782], Loss: 0.3340824842453003
Rank:0 Epoch: [16/40], Step: [611/782], Loss: 0.2857522964477539
Rank:0 Epoch: [16/40], Step: [621/782], Loss: 0.470843642950058
Rank:0 Epoch: [16/40], Step: [631/782], Loss: 0.32284823060035706
Rank:0 Epoch: [16/40], Step: [641/782], Loss: 0.3701632022857666
Rank:0 Epoch: [16/40], Step: [651/782], Loss: 0.2942197918891907
Rank:0 Epoch: [16/40], Step: [661/782], Loss: 0.4126356542110443
Rank:0 Epoch: [16/40], Step: [671/782], Loss: 0.26574409008026123
Rank:0 Epoch: [16/40], Step: [681/782], Loss: 0.38778162002563477
Rank:0 Epoch: [16/40], Step: [691/782], Loss: 0.19598689675331116
Rank:0 Epoch: [16/40], Step: [701/782], Loss: 0.21775318682193756
Rank:0 Epoch: [16/40], Step: [711/782], Loss: 0.3284541368484497
Rank:0 Epoch: [16/40], Step: [721/782], Loss: 0.38067615032196045
Rank:0 Epoch: [16/40], Step: [731/782], Loss: 0.2825895845890045
Rank:0 Epoch: [16/40], Step: [741/782], Loss: 0.46987810730934143
Rank:0 Epoch: [16/40], Step: [751/782], Loss: 0.2890852093696594
Rank:0 Epoch: [16/40], Step: [761/782], Loss: 0.3414479196071625
Rank:0 Epoch: [16/40], Step: [771/782], Loss: 0.3712080419063568
Rank:0 Epoch: [16/40], Step: [781/782], Loss: 0.283168226480484
Current Test Acc: 0.8541
Rank:0 Epoch: [17/40], Step: [1/782], Loss: 0.19002720713615417
Rank:0 Epoch: [17/40], Step: [11/782], Loss: 0.2767464518547058
Rank:0 Epoch: [17/40], Step: [21/782], Loss: 0.2594691216945648
Rank:0 Epoch: [17/40], Step: [31/782], Loss: 0.23573383688926697
Rank:0 Epoch: [17/40], Step: [41/782], Loss: 0.2866848409175873
Rank:0 Epoch: [17/40], Step: [51/782], Loss: 0.40341120958328247
Rank:0 Epoch: [17/40], Step: [61/782], Loss: 0.36427974700927734
Rank:0 Epoch: [17/40], Step: [71/782], Loss: 0.3360449969768524
Rank:0 Epoch: [17/40], Step: [81/782], Loss: 0.2990284264087677
Rank:0 Epoch: [17/40], Step: [91/782], Loss: 0.24648718535900116
Rank:0 Epoch: [17/40], Step: [101/782], Loss: 0.2339889407157898
Rank:0 Epoch: [17/40], Step: [111/782], Loss: 0.41659078001976013
Rank:0 Epoch: [17/40], Step: [121/782], Loss: 0.289451539516449
Rank:0 Epoch: [17/40], Step: [131/782], Loss: 0.2560308575630188
Rank:0 Epoch: [17/40], Step: [141/782], Loss: 0.3486747741699219
Rank:0 Epoch: [17/40], Step: [151/782], Loss: 0.17372122406959534
Rank:0 Epoch: [17/40], Step: [161/782], Loss: 0.2973059415817261
Rank:0 Epoch: [17/40], Step: [171/782], Loss: 0.32101890444755554
Rank:0 Epoch: [17/40], Step: [181/782], Loss: 0.36996179819107056
Rank:0 Epoch: [17/40], Step: [191/782], Loss: 0.27231499552726746
Rank:0 Epoch: [17/40], Step: [201/782], Loss: 0.37165170907974243
Rank:0 Epoch: [17/40], Step: [211/782], Loss: 0.22571536898612976
Rank:0 Epoch: [17/40], Step: [221/782], Loss: 0.21298709511756897
Rank:0 Epoch: [17/40], Step: [231/782], Loss: 0.22820590436458588
Rank:0 Epoch: [17/40], Step: [241/782], Loss: 0.27577638626098633
Rank:0 Epoch: [17/40], Step: [251/782], Loss: 0.3289296627044678
Rank:0 Epoch: [17/40], Step: [261/782], Loss: 0.35108113288879395
Rank:0 Epoch: [17/40], Step: [271/782], Loss: 0.390109658241272
Rank:0 Epoch: [17/40], Step: [281/782], Loss: 0.1450422704219818
Rank:0 Epoch: [17/40], Step: [291/782], Loss: 0.46680328249931335
Rank:0 Epoch: [17/40], Step: [301/782], Loss: 0.17721422016620636
Rank:0 Epoch: [17/40], Step: [311/782], Loss: 0.2440229058265686
Rank:0 Epoch: [17/40], Step: [321/782], Loss: 0.4433706998825073
Rank:0 Epoch: [17/40], Step: [331/782], Loss: 0.2520899772644043
Rank:0 Epoch: [17/40], Step: [341/782], Loss: 0.15654058754444122
Rank:0 Epoch: [17/40], Step: [351/782], Loss: 0.2136499434709549
Rank:0 Epoch: [17/40], Step: [361/782], Loss: 0.22842355072498322
Rank:0 Epoch: [17/40], Step: [371/782], Loss: 0.3199956715106964
Rank:0 Epoch: [17/40], Step: [381/782], Loss: 0.502348780632019
Rank:0 Epoch: [17/40], Step: [391/782], Loss: 0.2009314000606537
Rank:0 Epoch: [17/40], Step: [401/782], Loss: 0.36595964431762695
Rank:0 Epoch: [17/40], Step: [411/782], Loss: 0.38654831051826477
Rank:0 Epoch: [17/40], Step: [421/782], Loss: 0.28593379259109497
Rank:0 Epoch: [17/40], Step: [431/782], Loss: 0.2400667816400528
Rank:0 Epoch: [17/40], Step: [441/782], Loss: 0.32984840869903564
Rank:0 Epoch: [17/40], Step: [451/782], Loss: 0.18784849345684052
Rank:0 Epoch: [17/40], Step: [461/782], Loss: 0.426214337348938
Rank:0 Epoch: [17/40], Step: [471/782], Loss: 0.2939743101596832
Rank:0 Epoch: [17/40], Step: [481/782], Loss: 0.316648930311203
Rank:0 Epoch: [17/40], Step: [491/782], Loss: 0.5142265558242798
Rank:0 Epoch: [17/40], Step: [501/782], Loss: 0.37112247943878174
Rank:0 Epoch: [17/40], Step: [511/782], Loss: 0.5096908807754517
Rank:0 Epoch: [17/40], Step: [521/782], Loss: 0.36560648679733276
Rank:0 Epoch: [17/40], Step: [531/782], Loss: 0.4170016646385193
Rank:0 Epoch: [17/40], Step: [541/782], Loss: 0.28217652440071106
Rank:0 Epoch: [17/40], Step: [551/782], Loss: 0.2601330578327179
Rank:0 Epoch: [17/40], Step: [561/782], Loss: 0.363811731338501
Rank:0 Epoch: [17/40], Step: [571/782], Loss: 0.24086755514144897
Rank:0 Epoch: [17/40], Step: [581/782], Loss: 0.3002910315990448
Rank:0 Epoch: [17/40], Step: [591/782], Loss: 0.2186879962682724
Rank:0 Epoch: [17/40], Step: [601/782], Loss: 0.14408953487873077
Rank:0 Epoch: [17/40], Step: [611/782], Loss: 0.3455602526664734
Rank:0 Epoch: [17/40], Step: [621/782], Loss: 0.3751542270183563
Rank:0 Epoch: [17/40], Step: [631/782], Loss: 0.18839548528194427
Rank:0 Epoch: [17/40], Step: [641/782], Loss: 0.2211284041404724
Rank:0 Epoch: [17/40], Step: [651/782], Loss: 0.27637583017349243
Rank:0 Epoch: [17/40], Step: [661/782], Loss: 0.3483465909957886
Rank:0 Epoch: [17/40], Step: [671/782], Loss: 0.3641149699687958
Rank:0 Epoch: [17/40], Step: [681/782], Loss: 0.4074850380420685
Rank:0 Epoch: [17/40], Step: [691/782], Loss: 0.32460957765579224
Rank:0 Epoch: [17/40], Step: [701/782], Loss: 0.20024147629737854
Rank:0 Epoch: [17/40], Step: [711/782], Loss: 0.419464111328125
Rank:0 Epoch: [17/40], Step: [721/782], Loss: 0.36038243770599365
Rank:0 Epoch: [17/40], Step: [731/782], Loss: 0.18202659487724304
Rank:0 Epoch: [17/40], Step: [741/782], Loss: 0.3133483827114105
Rank:0 Epoch: [17/40], Step: [751/782], Loss: 0.38272252678871155
Rank:0 Epoch: [17/40], Step: [761/782], Loss: 0.3358443081378937
Rank:0 Epoch: [17/40], Step: [771/782], Loss: 0.3699958920478821
Rank:0 Epoch: [17/40], Step: [781/782], Loss: 0.19773148000240326
Current Test Acc: 0.8487
Rank:0 Epoch: [18/40], Step: [1/782], Loss: 0.16980381309986115
Rank:0 Epoch: [18/40], Step: [11/782], Loss: 0.2291502207517624
Rank:0 Epoch: [18/40], Step: [21/782], Loss: 0.3277640640735626
Rank:0 Epoch: [18/40], Step: [31/782], Loss: 0.2428819239139557
Rank:0 Epoch: [18/40], Step: [41/782], Loss: 0.3450305461883545
Rank:0 Epoch: [18/40], Step: [51/782], Loss: 0.16049526631832123
Rank:0 Epoch: [18/40], Step: [61/782], Loss: 0.28385019302368164
Rank:0 Epoch: [18/40], Step: [71/782], Loss: 0.27386656403541565
Rank:0 Epoch: [18/40], Step: [81/782], Loss: 0.38531598448753357
Rank:0 Epoch: [18/40], Step: [91/782], Loss: 0.39979323744773865
Rank:0 Epoch: [18/40], Step: [101/782], Loss: 0.24788181483745575
Rank:0 Epoch: [18/40], Step: [111/782], Loss: 0.2747562825679779
Rank:0 Epoch: [18/40], Step: [121/782], Loss: 0.38253989815711975
Rank:0 Epoch: [18/40], Step: [131/782], Loss: 0.2633301615715027
Rank:0 Epoch: [18/40], Step: [141/782], Loss: 0.2512868642807007
Rank:0 Epoch: [18/40], Step: [151/782], Loss: 0.2456706017255783
Rank:0 Epoch: [18/40], Step: [161/782], Loss: 0.2489033043384552
Rank:0 Epoch: [18/40], Step: [171/782], Loss: 0.4714148938655853
Rank:0 Epoch: [18/40], Step: [181/782], Loss: 0.2840541899204254
Rank:0 Epoch: [18/40], Step: [191/782], Loss: 0.4186926484107971
Rank:0 Epoch: [18/40], Step: [201/782], Loss: 0.5135021805763245
Rank:0 Epoch: [18/40], Step: [211/782], Loss: 0.22841067612171173
Rank:0 Epoch: [18/40], Step: [221/782], Loss: 0.2787266671657562
Rank:0 Epoch: [18/40], Step: [231/782], Loss: 0.20587359368801117
Rank:0 Epoch: [18/40], Step: [241/782], Loss: 0.15551318228244781
Rank:0 Epoch: [18/40], Step: [251/782], Loss: 0.3867143392562866
Rank:0 Epoch: [18/40], Step: [261/782], Loss: 0.4748511016368866
Rank:0 Epoch: [18/40], Step: [271/782], Loss: 0.4279700517654419
Rank:0 Epoch: [18/40], Step: [281/782], Loss: 0.28574854135513306
Rank:0 Epoch: [18/40], Step: [291/782], Loss: 0.38459843397140503
Rank:0 Epoch: [18/40], Step: [301/782], Loss: 0.3569890260696411
Rank:0 Epoch: [18/40], Step: [311/782], Loss: 0.14862486720085144
Rank:0 Epoch: [18/40], Step: [321/782], Loss: 0.2660157382488251
Rank:0 Epoch: [18/40], Step: [331/782], Loss: 0.510209321975708
Rank:0 Epoch: [18/40], Step: [341/782], Loss: 0.2928222715854645
Rank:0 Epoch: [18/40], Step: [351/782], Loss: 0.25849202275276184
Rank:0 Epoch: [18/40], Step: [361/782], Loss: 0.29740649461746216
Rank:0 Epoch: [18/40], Step: [371/782], Loss: 0.2904773950576782
Rank:0 Epoch: [18/40], Step: [381/782], Loss: 0.13010753691196442
Rank:0 Epoch: [18/40], Step: [391/782], Loss: 0.37241238355636597
Rank:0 Epoch: [18/40], Step: [401/782], Loss: 0.2736918330192566
Rank:0 Epoch: [18/40], Step: [411/782], Loss: 0.21521629393100739
Rank:0 Epoch: [18/40], Step: [421/782], Loss: 0.18028013408184052
Rank:0 Epoch: [18/40], Step: [431/782], Loss: 0.25719112157821655
Rank:0 Epoch: [18/40], Step: [441/782], Loss: 0.2621062994003296
Rank:0 Epoch: [18/40], Step: [451/782], Loss: 0.32448238134384155
Rank:0 Epoch: [18/40], Step: [461/782], Loss: 0.4125141203403473
Rank:0 Epoch: [18/40], Step: [471/782], Loss: 0.273862361907959
Rank:0 Epoch: [18/40], Step: [481/782], Loss: 0.4763180613517761
Rank:0 Epoch: [18/40], Step: [491/782], Loss: 0.2583485245704651
Rank:0 Epoch: [18/40], Step: [501/782], Loss: 0.385638952255249
Rank:0 Epoch: [18/40], Step: [511/782], Loss: 0.3515748977661133
Rank:0 Epoch: [18/40], Step: [521/782], Loss: 0.25492364168167114
Rank:0 Epoch: [18/40], Step: [531/782], Loss: 0.35262417793273926
Rank:0 Epoch: [18/40], Step: [541/782], Loss: 0.31631335616111755
Rank:0 Epoch: [18/40], Step: [551/782], Loss: 0.2846854031085968
Rank:0 Epoch: [18/40], Step: [561/782], Loss: 0.4641449749469757
Rank:0 Epoch: [18/40], Step: [571/782], Loss: 0.3113698959350586
Rank:0 Epoch: [18/40], Step: [581/782], Loss: 0.4291679859161377
Rank:0 Epoch: [18/40], Step: [591/782], Loss: 0.2843981683254242
Rank:0 Epoch: [18/40], Step: [601/782], Loss: 0.4437500834465027
Rank:0 Epoch: [18/40], Step: [611/782], Loss: 0.3749983310699463
Rank:0 Epoch: [18/40], Step: [621/782], Loss: 0.12669143080711365
Rank:0 Epoch: [18/40], Step: [631/782], Loss: 0.47830578684806824
Rank:0 Epoch: [18/40], Step: [641/782], Loss: 0.3447698950767517
Rank:0 Epoch: [18/40], Step: [651/782], Loss: 0.32555046677589417
Rank:0 Epoch: [18/40], Step: [661/782], Loss: 0.5608052611351013
Rank:0 Epoch: [18/40], Step: [671/782], Loss: 0.24058248102664948
Rank:0 Epoch: [18/40], Step: [681/782], Loss: 0.2703312635421753
Rank:0 Epoch: [18/40], Step: [691/782], Loss: 0.24711984395980835
Rank:0 Epoch: [18/40], Step: [701/782], Loss: 0.4133635461330414
Rank:0 Epoch: [18/40], Step: [711/782], Loss: 0.30595940351486206
Rank:0 Epoch: [18/40], Step: [721/782], Loss: 0.260271281003952
Rank:0 Epoch: [18/40], Step: [731/782], Loss: 0.1621628850698471
Rank:0 Epoch: [18/40], Step: [741/782], Loss: 0.43548935651779175
Rank:0 Epoch: [18/40], Step: [751/782], Loss: 0.24485927820205688
Rank:0 Epoch: [18/40], Step: [761/782], Loss: 0.26827558875083923
Rank:0 Epoch: [18/40], Step: [771/782], Loss: 0.2343650758266449
Rank:0 Epoch: [18/40], Step: [781/782], Loss: 0.3269274830818176
Current Test Acc: 0.8445
Rank:0 Epoch: [19/40], Step: [1/782], Loss: 0.3051700294017792
Rank:0 Epoch: [19/40], Step: [11/782], Loss: 0.24801106750965118
Rank:0 Epoch: [19/40], Step: [21/782], Loss: 0.38848036527633667
Rank:0 Epoch: [19/40], Step: [31/782], Loss: 0.3031568229198456
Rank:0 Epoch: [19/40], Step: [41/782], Loss: 0.19696173071861267
Rank:0 Epoch: [19/40], Step: [51/782], Loss: 0.26727762818336487
Rank:0 Epoch: [19/40], Step: [61/782], Loss: 0.2993484139442444
Rank:0 Epoch: [19/40], Step: [71/782], Loss: 0.19177524745464325
Rank:0 Epoch: [19/40], Step: [81/782], Loss: 0.2703774869441986
Rank:0 Epoch: [19/40], Step: [91/782], Loss: 0.4392990171909332
Rank:0 Epoch: [19/40], Step: [101/782], Loss: 0.18558478355407715
Rank:0 Epoch: [19/40], Step: [111/782], Loss: 0.32280421257019043
Rank:0 Epoch: [19/40], Step: [121/782], Loss: 0.5502781271934509
Rank:0 Epoch: [19/40], Step: [131/782], Loss: 0.3035034239292145
Rank:0 Epoch: [19/40], Step: [141/782], Loss: 0.2764982581138611
Rank:0 Epoch: [19/40], Step: [151/782], Loss: 0.33141225576400757
Rank:0 Epoch: [19/40], Step: [161/782], Loss: 0.35529187321662903
Rank:0 Epoch: [19/40], Step: [171/782], Loss: 0.31940507888793945
Rank:0 Epoch: [19/40], Step: [181/782], Loss: 0.34930849075317383
Rank:0 Epoch: [19/40], Step: [191/782], Loss: 0.38727718591690063
Rank:0 Epoch: [19/40], Step: [201/782], Loss: 0.29220494627952576
Rank:0 Epoch: [19/40], Step: [211/782], Loss: 0.3022211492061615
Rank:0 Epoch: [19/40], Step: [221/782], Loss: 0.38692206144332886
Rank:0 Epoch: [19/40], Step: [231/782], Loss: 0.2482822984457016
Rank:0 Epoch: [19/40], Step: [241/782], Loss: 0.33252087235450745
Rank:0 Epoch: [19/40], Step: [251/782], Loss: 0.33791980147361755
Rank:0 Epoch: [19/40], Step: [261/782], Loss: 0.37227532267570496
Rank:0 Epoch: [19/40], Step: [271/782], Loss: 0.2362300604581833
Rank:0 Epoch: [19/40], Step: [281/782], Loss: 0.1841086894273758
Rank:0 Epoch: [19/40], Step: [291/782], Loss: 0.41713201999664307
Rank:0 Epoch: [19/40], Step: [301/782], Loss: 0.2687998116016388
Rank:0 Epoch: [19/40], Step: [311/782], Loss: 0.2354239672422409
Rank:0 Epoch: [19/40], Step: [321/782], Loss: 0.20618365705013275
Rank:0 Epoch: [19/40], Step: [331/782], Loss: 0.31421515345573425
Rank:0 Epoch: [19/40], Step: [341/782], Loss: 0.4005500376224518
Rank:0 Epoch: [19/40], Step: [351/782], Loss: 0.305906742811203
Rank:0 Epoch: [19/40], Step: [361/782], Loss: 0.4535730183124542
Rank:0 Epoch: [19/40], Step: [371/782], Loss: 0.36320164799690247
Rank:0 Epoch: [19/40], Step: [381/782], Loss: 0.22176691889762878
Rank:0 Epoch: [19/40], Step: [391/782], Loss: 0.47549718618392944
Rank:0 Epoch: [19/40], Step: [401/782], Loss: 0.5213496088981628
Rank:0 Epoch: [19/40], Step: [411/782], Loss: 0.3204135000705719
Rank:0 Epoch: [19/40], Step: [421/782], Loss: 0.25986236333847046
Rank:0 Epoch: [19/40], Step: [431/782], Loss: 0.2760225534439087
Rank:0 Epoch: [19/40], Step: [441/782], Loss: 0.3358449339866638
Rank:0 Epoch: [19/40], Step: [451/782], Loss: 0.2692019045352936
Rank:0 Epoch: [19/40], Step: [461/782], Loss: 0.4423181414604187
Rank:0 Epoch: [19/40], Step: [471/782], Loss: 0.21474893391132355
Rank:0 Epoch: [19/40], Step: [481/782], Loss: 0.3794010281562805
Rank:0 Epoch: [19/40], Step: [491/782], Loss: 0.22511811554431915
Rank:0 Epoch: [19/40], Step: [501/782], Loss: 0.37319132685661316
Rank:0 Epoch: [19/40], Step: [511/782], Loss: 0.30852314829826355
Rank:0 Epoch: [19/40], Step: [521/782], Loss: 0.3317297101020813
Rank:0 Epoch: [19/40], Step: [531/782], Loss: 0.20756082236766815
Rank:0 Epoch: [19/40], Step: [541/782], Loss: 0.6814618706703186
Rank:0 Epoch: [19/40], Step: [551/782], Loss: 0.31739380955696106
Rank:0 Epoch: [19/40], Step: [561/782], Loss: 0.1945488601922989
Rank:0 Epoch: [19/40], Step: [571/782], Loss: 0.22078301012516022
Rank:0 Epoch: [19/40], Step: [581/782], Loss: 0.5258654356002808
Rank:0 Epoch: [19/40], Step: [591/782], Loss: 0.31118935346603394
Rank:0 Epoch: [19/40], Step: [601/782], Loss: 0.42861124873161316
Rank:0 Epoch: [19/40], Step: [611/782], Loss: 0.25843971967697144
Rank:0 Epoch: [19/40], Step: [621/782], Loss: 0.29709360003471375
Rank:0 Epoch: [19/40], Step: [631/782], Loss: 0.33582353591918945
Rank:0 Epoch: [19/40], Step: [641/782], Loss: 0.38285234570503235
Rank:0 Epoch: [19/40], Step: [651/782], Loss: 0.4264228641986847
Rank:0 Epoch: [19/40], Step: [661/782], Loss: 0.20064936578273773
Rank:0 Epoch: [19/40], Step: [671/782], Loss: 0.3268805146217346
Rank:0 Epoch: [19/40], Step: [681/782], Loss: 0.2117653638124466
Rank:0 Epoch: [19/40], Step: [691/782], Loss: 0.3933262825012207
Rank:0 Epoch: [19/40], Step: [701/782], Loss: 0.3061349093914032
Rank:0 Epoch: [19/40], Step: [711/782], Loss: 0.3104743957519531
Rank:0 Epoch: [19/40], Step: [721/782], Loss: 0.2835592031478882
Rank:0 Epoch: [19/40], Step: [731/782], Loss: 0.440451979637146
Rank:0 Epoch: [19/40], Step: [741/782], Loss: 0.25336042046546936
Rank:0 Epoch: [19/40], Step: [751/782], Loss: 0.31293922662734985
Rank:0 Epoch: [19/40], Step: [761/782], Loss: 0.3782658576965332
Rank:0 Epoch: [19/40], Step: [771/782], Loss: 0.24863260984420776
Rank:0 Epoch: [19/40], Step: [781/782], Loss: 0.23996973037719727
Current Test Acc: 0.8598
Rank:0 Epoch: [20/40], Step: [1/782], Loss: 0.1295338273048401
Rank:0 Epoch: [20/40], Step: [11/782], Loss: 0.18123678863048553
Rank:0 Epoch: [20/40], Step: [21/782], Loss: 0.18949754536151886
Rank:0 Epoch: [20/40], Step: [31/782], Loss: 0.21052484214305878
Rank:0 Epoch: [20/40], Step: [41/782], Loss: 0.3314952552318573
Rank:0 Epoch: [20/40], Step: [51/782], Loss: 0.20013673603534698
Rank:0 Epoch: [20/40], Step: [61/782], Loss: 0.26192882657051086
Rank:0 Epoch: [20/40], Step: [71/782], Loss: 0.24136820435523987
Rank:0 Epoch: [20/40], Step: [81/782], Loss: 0.35513269901275635
Rank:0 Epoch: [20/40], Step: [91/782], Loss: 0.23479221761226654
Rank:0 Epoch: [20/40], Step: [101/782], Loss: 0.28654611110687256
Rank:0 Epoch: [20/40], Step: [111/782], Loss: 0.5165159106254578
Rank:0 Epoch: [20/40], Step: [121/782], Loss: 0.4474087655544281
Rank:0 Epoch: [20/40], Step: [131/782], Loss: 0.2598433494567871
Rank:0 Epoch: [20/40], Step: [141/782], Loss: 0.4700760245323181
Rank:0 Epoch: [20/40], Step: [151/782], Loss: 0.1877681314945221
Rank:0 Epoch: [20/40], Step: [161/782], Loss: 0.3833124339580536
Rank:0 Epoch: [20/40], Step: [171/782], Loss: 0.2354964315891266
Rank:0 Epoch: [20/40], Step: [181/782], Loss: 0.27772390842437744
Rank:0 Epoch: [20/40], Step: [191/782], Loss: 0.25091230869293213
Rank:0 Epoch: [20/40], Step: [201/782], Loss: 0.3818132281303406
Rank:0 Epoch: [20/40], Step: [211/782], Loss: 0.23334357142448425
Rank:0 Epoch: [20/40], Step: [221/782], Loss: 0.20495788753032684
Rank:0 Epoch: [20/40], Step: [231/782], Loss: 0.3351514935493469
Rank:0 Epoch: [20/40], Step: [241/782], Loss: 0.3535986840724945
Rank:0 Epoch: [20/40], Step: [251/782], Loss: 0.31712254881858826
Rank:0 Epoch: [20/40], Step: [261/782], Loss: 0.24302494525909424
Rank:0 Epoch: [20/40], Step: [271/782], Loss: 0.30936193466186523
Rank:0 Epoch: [20/40], Step: [281/782], Loss: 0.7048333287239075
Rank:0 Epoch: [20/40], Step: [291/782], Loss: 0.29415756464004517
Rank:0 Epoch: [20/40], Step: [301/782], Loss: 0.2767485976219177
Rank:0 Epoch: [20/40], Step: [311/782], Loss: 0.273184597492218
Rank:0 Epoch: [20/40], Step: [321/782], Loss: 0.20997017621994019
Rank:0 Epoch: [20/40], Step: [331/782], Loss: 0.3304900527000427
Rank:0 Epoch: [20/40], Step: [341/782], Loss: 0.15805067121982574
Rank:0 Epoch: [20/40], Step: [351/782], Loss: 0.12072835862636566
Rank:0 Epoch: [20/40], Step: [361/782], Loss: 0.32074931263923645
Rank:0 Epoch: [20/40], Step: [371/782], Loss: 0.36251139640808105
Rank:0 Epoch: [20/40], Step: [381/782], Loss: 0.445177286863327
Rank:0 Epoch: [20/40], Step: [391/782], Loss: 0.2899416387081146
Rank:0 Epoch: [20/40], Step: [401/782], Loss: 0.23170410096645355
Rank:0 Epoch: [20/40], Step: [411/782], Loss: 0.4367090165615082
Rank:0 Epoch: [20/40], Step: [421/782], Loss: 0.4379952549934387
Rank:0 Epoch: [20/40], Step: [431/782], Loss: 0.29317864775657654
Rank:0 Epoch: [20/40], Step: [441/782], Loss: 0.30725061893463135
Rank:0 Epoch: [20/40], Step: [451/782], Loss: 0.2719886898994446
Rank:0 Epoch: [20/40], Step: [461/782], Loss: 0.29938456416130066
Rank:0 Epoch: [20/40], Step: [471/782], Loss: 0.42664042115211487
Rank:0 Epoch: [20/40], Step: [481/782], Loss: 0.3477853238582611
Rank:0 Epoch: [20/40], Step: [491/782], Loss: 0.247298002243042
Rank:0 Epoch: [20/40], Step: [501/782], Loss: 0.5717523694038391
Rank:0 Epoch: [20/40], Step: [511/782], Loss: 0.34964168071746826
Rank:0 Epoch: [20/40], Step: [521/782], Loss: 0.2156675159931183
Rank:0 Epoch: [20/40], Step: [531/782], Loss: 0.2372102439403534
Rank:0 Epoch: [20/40], Step: [541/782], Loss: 0.15604755282402039
Rank:0 Epoch: [20/40], Step: [551/782], Loss: 0.2720489501953125
Rank:0 Epoch: [20/40], Step: [561/782], Loss: 0.3391903042793274
Rank:0 Epoch: [20/40], Step: [571/782], Loss: 0.18578264117240906
Rank:0 Epoch: [20/40], Step: [581/782], Loss: 0.29105332493782043
Rank:0 Epoch: [20/40], Step: [591/782], Loss: 0.3639073669910431
Rank:0 Epoch: [20/40], Step: [601/782], Loss: 0.3551395833492279
Rank:0 Epoch: [20/40], Step: [611/782], Loss: 0.4098491072654724
Rank:0 Epoch: [20/40], Step: [621/782], Loss: 0.1631065309047699
Rank:0 Epoch: [20/40], Step: [631/782], Loss: 0.31548115611076355
Rank:0 Epoch: [20/40], Step: [641/782], Loss: 0.2906985878944397
Rank:0 Epoch: [20/40], Step: [651/782], Loss: 0.27020037174224854
Rank:0 Epoch: [20/40], Step: [661/782], Loss: 0.21117527782917023
Rank:0 Epoch: [20/40], Step: [671/782], Loss: 0.33918333053588867
Rank:0 Epoch: [20/40], Step: [681/782], Loss: 0.3347725570201874
Rank:0 Epoch: [20/40], Step: [691/782], Loss: 0.3739481568336487
Rank:0 Epoch: [20/40], Step: [701/782], Loss: 0.4697355628013611
Rank:0 Epoch: [20/40], Step: [711/782], Loss: 0.36707088351249695
Rank:0 Epoch: [20/40], Step: [721/782], Loss: 0.21036465466022491
Rank:0 Epoch: [20/40], Step: [731/782], Loss: 0.32167118787765503
Rank:0 Epoch: [20/40], Step: [741/782], Loss: 0.30613479018211365
Rank:0 Epoch: [20/40], Step: [751/782], Loss: 0.5061569809913635
Rank:0 Epoch: [20/40], Step: [761/782], Loss: 0.3009202480316162
Rank:0 Epoch: [20/40], Step: [771/782], Loss: 0.2610001862049103
Rank:0 Epoch: [20/40], Step: [781/782], Loss: 0.22319160401821136
Current Test Acc: 0.8433
Rank:0 Epoch: [21/40], Step: [1/782], Loss: 0.2502141296863556
Rank:0 Epoch: [21/40], Step: [11/782], Loss: 0.2760465741157532
Rank:0 Epoch: [21/40], Step: [21/782], Loss: 0.21389634907245636
Rank:0 Epoch: [21/40], Step: [31/782], Loss: 0.26325637102127075
Rank:0 Epoch: [21/40], Step: [41/782], Loss: 0.3010895550251007
Rank:0 Epoch: [21/40], Step: [51/782], Loss: 0.2591131627559662
Rank:0 Epoch: [21/40], Step: [61/782], Loss: 0.12849301099777222
Rank:0 Epoch: [21/40], Step: [71/782], Loss: 0.2936474680900574
Rank:0 Epoch: [21/40], Step: [81/782], Loss: 0.14240974187850952
Rank:0 Epoch: [21/40], Step: [91/782], Loss: 0.22223316133022308
Rank:0 Epoch: [21/40], Step: [101/782], Loss: 0.2542145252227783
Rank:0 Epoch: [21/40], Step: [111/782], Loss: 0.2530362904071808
Rank:0 Epoch: [21/40], Step: [121/782], Loss: 0.2120445966720581
Rank:0 Epoch: [21/40], Step: [131/782], Loss: 0.2158338874578476
Rank:0 Epoch: [21/40], Step: [141/782], Loss: 0.1306224763393402
Rank:0 Epoch: [21/40], Step: [151/782], Loss: 0.29755374789237976
Rank:0 Epoch: [21/40], Step: [161/782], Loss: 0.07478098571300507
Rank:0 Epoch: [21/40], Step: [171/782], Loss: 0.23368123173713684
Rank:0 Epoch: [21/40], Step: [181/782], Loss: 0.12385635823011398
Rank:0 Epoch: [21/40], Step: [191/782], Loss: 0.22574463486671448
Rank:0 Epoch: [21/40], Step: [201/782], Loss: 0.12378290295600891
Rank:0 Epoch: [21/40], Step: [211/782], Loss: 0.19012585282325745
Rank:0 Epoch: [21/40], Step: [221/782], Loss: 0.19885751605033875
Rank:0 Epoch: [21/40], Step: [231/782], Loss: 0.2048603743314743
Rank:0 Epoch: [21/40], Step: [241/782], Loss: 0.14481320977210999
Rank:0 Epoch: [21/40], Step: [251/782], Loss: 0.2180565446615219
Rank:0 Epoch: [21/40], Step: [261/782], Loss: 0.12209180742502213
Rank:0 Epoch: [21/40], Step: [271/782], Loss: 0.29653480648994446
Rank:0 Epoch: [21/40], Step: [281/782], Loss: 0.23744525015354156
Rank:0 Epoch: [21/40], Step: [291/782], Loss: 0.180120587348938
Rank:0 Epoch: [21/40], Step: [301/782], Loss: 0.19759832322597504
Rank:0 Epoch: [21/40], Step: [311/782], Loss: 0.18149782717227936
Rank:0 Epoch: [21/40], Step: [321/782], Loss: 0.24539105594158173
Rank:0 Epoch: [21/40], Step: [331/782], Loss: 0.13743507862091064
Rank:0 Epoch: [21/40], Step: [341/782], Loss: 0.26678481698036194
Rank:0 Epoch: [21/40], Step: [351/782], Loss: 0.1986914575099945
Rank:0 Epoch: [21/40], Step: [361/782], Loss: 0.12399394810199738
Rank:0 Epoch: [21/40], Step: [371/782], Loss: 0.14083977043628693
Rank:0 Epoch: [21/40], Step: [381/782], Loss: 0.2698553204536438
Rank:0 Epoch: [21/40], Step: [391/782], Loss: 0.1428707391023636
Rank:0 Epoch: [21/40], Step: [401/782], Loss: 0.18607310950756073
Rank:0 Epoch: [21/40], Step: [411/782], Loss: 0.20818790793418884
Rank:0 Epoch: [21/40], Step: [421/782], Loss: 0.2283998727798462
Rank:0 Epoch: [21/40], Step: [431/782], Loss: 0.22662867605686188
Rank:0 Epoch: [21/40], Step: [441/782], Loss: 0.2203131765127182
Rank:0 Epoch: [21/40], Step: [451/782], Loss: 0.19601179659366608
Rank:0 Epoch: [21/40], Step: [461/782], Loss: 0.1882929801940918
Rank:0 Epoch: [21/40], Step: [471/782], Loss: 0.2710697650909424
Rank:0 Epoch: [21/40], Step: [481/782], Loss: 0.04441468417644501
Rank:0 Epoch: [21/40], Step: [491/782], Loss: 0.26134586334228516
Rank:0 Epoch: [21/40], Step: [501/782], Loss: 0.1280975341796875
Rank:0 Epoch: [21/40], Step: [511/782], Loss: 0.16201873123645782
Rank:0 Epoch: [21/40], Step: [521/782], Loss: 0.1944122463464737
Rank:0 Epoch: [21/40], Step: [531/782], Loss: 0.1025351881980896
Rank:0 Epoch: [21/40], Step: [541/782], Loss: 0.3442939817905426
Rank:0 Epoch: [21/40], Step: [551/782], Loss: 0.19943290948867798
Rank:0 Epoch: [21/40], Step: [561/782], Loss: 0.12779118120670319
Rank:0 Epoch: [21/40], Step: [571/782], Loss: 0.1369463950395584
Rank:0 Epoch: [21/40], Step: [581/782], Loss: 0.20375576615333557
Rank:0 Epoch: [21/40], Step: [591/782], Loss: 0.19023491442203522
Rank:0 Epoch: [21/40], Step: [601/782], Loss: 0.21316327154636383
Rank:0 Epoch: [21/40], Step: [611/782], Loss: 0.20703163743019104
Rank:0 Epoch: [21/40], Step: [621/782], Loss: 0.09247385710477829
Rank:0 Epoch: [21/40], Step: [631/782], Loss: 0.045652538537979126
Rank:0 Epoch: [21/40], Step: [641/782], Loss: 0.11233968287706375
Rank:0 Epoch: [21/40], Step: [651/782], Loss: 0.20261451601982117
Rank:0 Epoch: [21/40], Step: [661/782], Loss: 0.2582506537437439
Rank:0 Epoch: [21/40], Step: [671/782], Loss: 0.16077281534671783
Rank:0 Epoch: [21/40], Step: [681/782], Loss: 0.07420673966407776
Rank:0 Epoch: [21/40], Step: [691/782], Loss: 0.17849965393543243
Rank:0 Epoch: [21/40], Step: [701/782], Loss: 0.207782581448555
Rank:0 Epoch: [21/40], Step: [711/782], Loss: 0.13131195306777954
Rank:0 Epoch: [21/40], Step: [721/782], Loss: 0.1055140346288681
Rank:0 Epoch: [21/40], Step: [731/782], Loss: 0.15490025281906128
Rank:0 Epoch: [21/40], Step: [741/782], Loss: 0.16411811113357544
Rank:0 Epoch: [21/40], Step: [751/782], Loss: 0.17619971930980682
Rank:0 Epoch: [21/40], Step: [761/782], Loss: 0.20640133321285248
Rank:0 Epoch: [21/40], Step: [771/782], Loss: 0.10712883621454239
Rank:0 Epoch: [21/40], Step: [781/782], Loss: 0.17629654705524445
Current Test Acc: 0.9081
Rank:0 Epoch: [22/40], Step: [1/782], Loss: 0.21528005599975586
Rank:0 Epoch: [22/40], Step: [11/782], Loss: 0.20936226844787598
Rank:0 Epoch: [22/40], Step: [21/782], Loss: 0.1169360801577568
Rank:0 Epoch: [22/40], Step: [31/782], Loss: 0.19647914171218872
Rank:0 Epoch: [22/40], Step: [41/782], Loss: 0.21407639980316162
Rank:0 Epoch: [22/40], Step: [51/782], Loss: 0.16286490857601166
Rank:0 Epoch: [22/40], Step: [61/782], Loss: 0.10577750951051712
Rank:0 Epoch: [22/40], Step: [71/782], Loss: 0.22536307573318481
Rank:0 Epoch: [22/40], Step: [81/782], Loss: 0.27204635739326477
Rank:0 Epoch: [22/40], Step: [91/782], Loss: 0.1332196593284607
Rank:0 Epoch: [22/40], Step: [101/782], Loss: 0.12176878750324249
Rank:0 Epoch: [22/40], Step: [111/782], Loss: 0.13878625631332397
Rank:0 Epoch: [22/40], Step: [121/782], Loss: 0.1720319241285324
Rank:0 Epoch: [22/40], Step: [131/782], Loss: 0.17064373195171356
Rank:0 Epoch: [22/40], Step: [141/782], Loss: 0.2058779001235962
Rank:0 Epoch: [22/40], Step: [151/782], Loss: 0.0576009675860405
Rank:0 Epoch: [22/40], Step: [161/782], Loss: 0.06012090668082237
Rank:0 Epoch: [22/40], Step: [171/782], Loss: 0.1708606779575348
Rank:0 Epoch: [22/40], Step: [181/782], Loss: 0.10772714018821716
Rank:0 Epoch: [22/40], Step: [191/782], Loss: 0.2405865490436554
Rank:0 Epoch: [22/40], Step: [201/782], Loss: 0.15251438319683075
Rank:0 Epoch: [22/40], Step: [211/782], Loss: 0.17774130403995514
Rank:0 Epoch: [22/40], Step: [221/782], Loss: 0.16788962483406067
Rank:0 Epoch: [22/40], Step: [231/782], Loss: 0.08584245294332504
Rank:0 Epoch: [22/40], Step: [241/782], Loss: 0.19098787009716034
Rank:0 Epoch: [22/40], Step: [251/782], Loss: 0.10249028354883194
Rank:0 Epoch: [22/40], Step: [261/782], Loss: 0.1274481564760208
Rank:0 Epoch: [22/40], Step: [271/782], Loss: 0.26375216245651245
Rank:0 Epoch: [22/40], Step: [281/782], Loss: 0.24978037178516388
Rank:0 Epoch: [22/40], Step: [291/782], Loss: 0.10836285352706909
Rank:0 Epoch: [22/40], Step: [301/782], Loss: 0.1414691060781479
Rank:0 Epoch: [22/40], Step: [311/782], Loss: 0.15778182446956635
Rank:0 Epoch: [22/40], Step: [321/782], Loss: 0.22121919691562653
Rank:0 Epoch: [22/40], Step: [331/782], Loss: 0.1561415195465088
Rank:0 Epoch: [22/40], Step: [341/782], Loss: 0.1681838184595108
Rank:0 Epoch: [22/40], Step: [351/782], Loss: 0.1510336548089981
Rank:0 Epoch: [22/40], Step: [361/782], Loss: 0.1114916130900383
Rank:0 Epoch: [22/40], Step: [371/782], Loss: 0.06121617928147316
Rank:0 Epoch: [22/40], Step: [381/782], Loss: 0.0780729278922081
Rank:0 Epoch: [22/40], Step: [391/782], Loss: 0.3225470781326294
Rank:0 Epoch: [22/40], Step: [401/782], Loss: 0.11894570291042328
Rank:0 Epoch: [22/40], Step: [411/782], Loss: 0.21483418345451355
Rank:0 Epoch: [22/40], Step: [421/782], Loss: 0.15588608384132385
Rank:0 Epoch: [22/40], Step: [431/782], Loss: 0.12871360778808594
Rank:0 Epoch: [22/40], Step: [441/782], Loss: 0.13850802183151245
Rank:0 Epoch: [22/40], Step: [451/782], Loss: 0.13427868485450745
Rank:0 Epoch: [22/40], Step: [461/782], Loss: 0.1341705471277237
Rank:0 Epoch: [22/40], Step: [471/782], Loss: 0.30059725046157837
Rank:0 Epoch: [22/40], Step: [481/782], Loss: 0.20927591621875763
Rank:0 Epoch: [22/40], Step: [491/782], Loss: 0.18036171793937683
Rank:0 Epoch: [22/40], Step: [501/782], Loss: 0.14267098903656006
Rank:0 Epoch: [22/40], Step: [511/782], Loss: 0.19686263799667358
Rank:0 Epoch: [22/40], Step: [521/782], Loss: 0.285512238740921
Rank:0 Epoch: [22/40], Step: [531/782], Loss: 0.22507348656654358
Rank:0 Epoch: [22/40], Step: [541/782], Loss: 0.19704841077327728
Rank:0 Epoch: [22/40], Step: [551/782], Loss: 0.12250538170337677
Rank:0 Epoch: [22/40], Step: [561/782], Loss: 0.15199251472949982
Rank:0 Epoch: [22/40], Step: [571/782], Loss: 0.15116268396377563
Rank:0 Epoch: [22/40], Step: [581/782], Loss: 0.25191593170166016
Rank:0 Epoch: [22/40], Step: [591/782], Loss: 0.24582116305828094
Rank:0 Epoch: [22/40], Step: [601/782], Loss: 0.1644754558801651
Rank:0 Epoch: [22/40], Step: [611/782], Loss: 0.1676155924797058
Rank:0 Epoch: [22/40], Step: [621/782], Loss: 0.20024724304676056
Rank:0 Epoch: [22/40], Step: [631/782], Loss: 0.18106836080551147
Rank:0 Epoch: [22/40], Step: [641/782], Loss: 0.1408226490020752
Rank:0 Epoch: [22/40], Step: [651/782], Loss: 0.06970509886741638
Rank:0 Epoch: [22/40], Step: [661/782], Loss: 0.0627008005976677
Rank:0 Epoch: [22/40], Step: [671/782], Loss: 0.18454226851463318
Rank:0 Epoch: [22/40], Step: [681/782], Loss: 0.09684604406356812
Rank:0 Epoch: [22/40], Step: [691/782], Loss: 0.15781398117542267
Rank:0 Epoch: [22/40], Step: [701/782], Loss: 0.2005460262298584
Rank:0 Epoch: [22/40], Step: [711/782], Loss: 0.11812740564346313
Rank:0 Epoch: [22/40], Step: [721/782], Loss: 0.1047261506319046
Rank:0 Epoch: [22/40], Step: [731/782], Loss: 0.30351102352142334
Rank:0 Epoch: [22/40], Step: [741/782], Loss: 0.07454506307840347
Rank:0 Epoch: [22/40], Step: [751/782], Loss: 0.07476679235696793
Rank:0 Epoch: [22/40], Step: [761/782], Loss: 0.14566583931446075
Rank:0 Epoch: [22/40], Step: [771/782], Loss: 0.09539623558521271
Rank:0 Epoch: [22/40], Step: [781/782], Loss: 0.11023639887571335
Current Test Acc: 0.9125
Rank:0 Epoch: [23/40], Step: [1/782], Loss: 0.2500821650028229
Rank:0 Epoch: [23/40], Step: [11/782], Loss: 0.1334085315465927
Rank:0 Epoch: [23/40], Step: [21/782], Loss: 0.23644040524959564
Rank:0 Epoch: [23/40], Step: [31/782], Loss: 0.11047974228858948
Rank:0 Epoch: [23/40], Step: [41/782], Loss: 0.2181052416563034
Rank:0 Epoch: [23/40], Step: [51/782], Loss: 0.1197691336274147
Rank:0 Epoch: [23/40], Step: [61/782], Loss: 0.12803201377391815
Rank:0 Epoch: [23/40], Step: [71/782], Loss: 0.21449625492095947
Rank:0 Epoch: [23/40], Step: [81/782], Loss: 0.1258259415626526
Rank:0 Epoch: [23/40], Step: [91/782], Loss: 0.10741691291332245
Rank:0 Epoch: [23/40], Step: [101/782], Loss: 0.08586463332176208
Rank:0 Epoch: [23/40], Step: [111/782], Loss: 0.06966201215982437
Rank:0 Epoch: [23/40], Step: [121/782], Loss: 0.13049516081809998
Rank:0 Epoch: [23/40], Step: [131/782], Loss: 0.2828812897205353
Rank:0 Epoch: [23/40], Step: [141/782], Loss: 0.15891359746456146
Rank:0 Epoch: [23/40], Step: [151/782], Loss: 0.06799441576004028
Rank:0 Epoch: [23/40], Step: [161/782], Loss: 0.2584264576435089
Rank:0 Epoch: [23/40], Step: [171/782], Loss: 0.1619986891746521
Rank:0 Epoch: [23/40], Step: [181/782], Loss: 0.1647225171327591
Rank:0 Epoch: [23/40], Step: [191/782], Loss: 0.0996476486325264
Rank:0 Epoch: [23/40], Step: [201/782], Loss: 0.22308661043643951
Rank:0 Epoch: [23/40], Step: [211/782], Loss: 0.07854458689689636
Rank:0 Epoch: [23/40], Step: [221/782], Loss: 0.13849575817584991
Rank:0 Epoch: [23/40], Step: [231/782], Loss: 0.12053747475147247
Rank:0 Epoch: [23/40], Step: [241/782], Loss: 0.14163261651992798
Rank:0 Epoch: [23/40], Step: [251/782], Loss: 0.11121722310781479
Rank:0 Epoch: [23/40], Step: [261/782], Loss: 0.12239859998226166
Rank:0 Epoch: [23/40], Step: [271/782], Loss: 0.09307698905467987
Rank:0 Epoch: [23/40], Step: [281/782], Loss: 0.1244555413722992
Rank:0 Epoch: [23/40], Step: [291/782], Loss: 0.21585412323474884
Rank:0 Epoch: [23/40], Step: [301/782], Loss: 0.09924127161502838
Rank:0 Epoch: [23/40], Step: [311/782], Loss: 0.12562507390975952
Rank:0 Epoch: [23/40], Step: [321/782], Loss: 0.06714323163032532
Rank:0 Epoch: [23/40], Step: [331/782], Loss: 0.06568851321935654
Rank:0 Epoch: [23/40], Step: [341/782], Loss: 0.1677074134349823
Rank:0 Epoch: [23/40], Step: [351/782], Loss: 0.08499015867710114
Rank:0 Epoch: [23/40], Step: [361/782], Loss: 0.13671167194843292
Rank:0 Epoch: [23/40], Step: [371/782], Loss: 0.21383121609687805
Rank:0 Epoch: [23/40], Step: [381/782], Loss: 0.06441358476877213
Rank:0 Epoch: [23/40], Step: [391/782], Loss: 0.1692236214876175
Rank:0 Epoch: [23/40], Step: [401/782], Loss: 0.17107374966144562
Rank:0 Epoch: [23/40], Step: [411/782], Loss: 0.11306591331958771
Rank:0 Epoch: [23/40], Step: [421/782], Loss: 0.09667222946882248
Rank:0 Epoch: [23/40], Step: [431/782], Loss: 0.2171998769044876
Rank:0 Epoch: [23/40], Step: [441/782], Loss: 0.2263757735490799
Rank:0 Epoch: [23/40], Step: [451/782], Loss: 0.10110978037118912
Rank:0 Epoch: [23/40], Step: [461/782], Loss: 0.10207132995128632
Rank:0 Epoch: [23/40], Step: [471/782], Loss: 0.16502197086811066
Rank:0 Epoch: [23/40], Step: [481/782], Loss: 0.10352956503629684
Rank:0 Epoch: [23/40], Step: [491/782], Loss: 0.11936953663825989
Rank:0 Epoch: [23/40], Step: [501/782], Loss: 0.12458954006433487
Rank:0 Epoch: [23/40], Step: [511/782], Loss: 0.08068057894706726
Rank:0 Epoch: [23/40], Step: [521/782], Loss: 0.08363938331604004
Rank:0 Epoch: [23/40], Step: [531/782], Loss: 0.22157074511051178
Rank:0 Epoch: [23/40], Step: [541/782], Loss: 0.08598558604717255
Rank:0 Epoch: [23/40], Step: [551/782], Loss: 0.19266347587108612
Rank:0 Epoch: [23/40], Step: [561/782], Loss: 0.13409270346164703
Rank:0 Epoch: [23/40], Step: [571/782], Loss: 0.1715051382780075
Rank:0 Epoch: [23/40], Step: [581/782], Loss: 0.10577084869146347
Rank:0 Epoch: [23/40], Step: [591/782], Loss: 0.17895781993865967
Rank:0 Epoch: [23/40], Step: [601/782], Loss: 0.19187328219413757
Rank:0 Epoch: [23/40], Step: [611/782], Loss: 0.09927943348884583
Rank:0 Epoch: [23/40], Step: [621/782], Loss: 0.06975916028022766
Rank:0 Epoch: [23/40], Step: [631/782], Loss: 0.17391112446784973
Rank:0 Epoch: [23/40], Step: [641/782], Loss: 0.10470473021268845
Rank:0 Epoch: [23/40], Step: [651/782], Loss: 0.07022501528263092
Rank:0 Epoch: [23/40], Step: [661/782], Loss: 0.13893797993659973
Rank:0 Epoch: [23/40], Step: [671/782], Loss: 0.09478890895843506
Rank:0 Epoch: [23/40], Step: [681/782], Loss: 0.09255891293287277
Rank:0 Epoch: [23/40], Step: [691/782], Loss: 0.24597050249576569
Rank:0 Epoch: [23/40], Step: [701/782], Loss: 0.15276500582695007
Rank:0 Epoch: [23/40], Step: [711/782], Loss: 0.3445655405521393
Rank:0 Epoch: [23/40], Step: [721/782], Loss: 0.14180761575698853
Rank:0 Epoch: [23/40], Step: [731/782], Loss: 0.08160240203142166
Rank:0 Epoch: [23/40], Step: [741/782], Loss: 0.17281952500343323
Rank:0 Epoch: [23/40], Step: [751/782], Loss: 0.14566384255886078
Rank:0 Epoch: [23/40], Step: [761/782], Loss: 0.08562079071998596
Rank:0 Epoch: [23/40], Step: [771/782], Loss: 0.06471112370491028
Rank:0 Epoch: [23/40], Step: [781/782], Loss: 0.06075175479054451
Current Test Acc: 0.9146
Rank:0 Epoch: [24/40], Step: [1/782], Loss: 0.09222565591335297
Rank:0 Epoch: [24/40], Step: [11/782], Loss: 0.09309674054384232
Rank:0 Epoch: [24/40], Step: [21/782], Loss: 0.13201908767223358
Rank:0 Epoch: [24/40], Step: [31/782], Loss: 0.09990759193897247
Rank:0 Epoch: [24/40], Step: [41/782], Loss: 0.07842965424060822
Rank:0 Epoch: [24/40], Step: [51/782], Loss: 0.056944459676742554
Rank:0 Epoch: [24/40], Step: [61/782], Loss: 0.07276074588298798
Rank:0 Epoch: [24/40], Step: [71/782], Loss: 0.16534356772899628
Rank:0 Epoch: [24/40], Step: [81/782], Loss: 0.2818490266799927
Rank:0 Epoch: [24/40], Step: [91/782], Loss: 0.09842407703399658
Rank:0 Epoch: [24/40], Step: [101/782], Loss: 0.1398153007030487
Rank:0 Epoch: [24/40], Step: [111/782], Loss: 0.16947519779205322
Rank:0 Epoch: [24/40], Step: [121/782], Loss: 0.11871878057718277
Rank:0 Epoch: [24/40], Step: [131/782], Loss: 0.07742513716220856
Rank:0 Epoch: [24/40], Step: [141/782], Loss: 0.08174718171358109
Rank:0 Epoch: [24/40], Step: [151/782], Loss: 0.23286257684230804
Rank:0 Epoch: [24/40], Step: [161/782], Loss: 0.06564295291900635
Rank:0 Epoch: [24/40], Step: [171/782], Loss: 0.05135802552103996
Rank:0 Epoch: [24/40], Step: [181/782], Loss: 0.22208057343959808
Rank:0 Epoch: [24/40], Step: [191/782], Loss: 0.14199389517307281
Rank:0 Epoch: [24/40], Step: [201/782], Loss: 0.1275840848684311
Rank:0 Epoch: [24/40], Step: [211/782], Loss: 0.06356977671384811
Rank:0 Epoch: [24/40], Step: [221/782], Loss: 0.06369009613990784
Rank:0 Epoch: [24/40], Step: [231/782], Loss: 0.11655715107917786
Rank:0 Epoch: [24/40], Step: [241/782], Loss: 0.14290808141231537
Rank:0 Epoch: [24/40], Step: [251/782], Loss: 0.07810649275779724
Rank:0 Epoch: [24/40], Step: [261/782], Loss: 0.06655989587306976
Rank:0 Epoch: [24/40], Step: [271/782], Loss: 0.08502301573753357
Rank:0 Epoch: [24/40], Step: [281/782], Loss: 0.245138019323349
Rank:0 Epoch: [24/40], Step: [291/782], Loss: 0.17234866321086884
Rank:0 Epoch: [24/40], Step: [301/782], Loss: 0.18201586604118347
Rank:0 Epoch: [24/40], Step: [311/782], Loss: 0.09997327625751495
Rank:0 Epoch: [24/40], Step: [321/782], Loss: 0.19666700065135956
Rank:0 Epoch: [24/40], Step: [331/782], Loss: 0.12415027618408203
Rank:0 Epoch: [24/40], Step: [341/782], Loss: 0.1192297488451004
Rank:0 Epoch: [24/40], Step: [351/782], Loss: 0.18273204565048218
Rank:0 Epoch: [24/40], Step: [361/782], Loss: 0.13989460468292236
Rank:0 Epoch: [24/40], Step: [371/782], Loss: 0.1414109617471695
Rank:0 Epoch: [24/40], Step: [381/782], Loss: 0.13960999250411987
Rank:0 Epoch: [24/40], Step: [391/782], Loss: 0.11684688180685043
Rank:0 Epoch: [24/40], Step: [401/782], Loss: 0.03340435028076172
Rank:0 Epoch: [24/40], Step: [411/782], Loss: 0.13495084643363953
Rank:0 Epoch: [24/40], Step: [421/782], Loss: 0.10921546071767807
Rank:0 Epoch: [24/40], Step: [431/782], Loss: 0.2499943971633911
Rank:0 Epoch: [24/40], Step: [441/782], Loss: 0.09688922017812729
Rank:0 Epoch: [24/40], Step: [451/782], Loss: 0.04911937192082405
Rank:0 Epoch: [24/40], Step: [461/782], Loss: 0.19043157994747162
Rank:0 Epoch: [24/40], Step: [471/782], Loss: 0.07049713283777237
Rank:0 Epoch: [24/40], Step: [481/782], Loss: 0.26065710186958313
Rank:0 Epoch: [24/40], Step: [491/782], Loss: 0.08061926811933517
Rank:0 Epoch: [24/40], Step: [501/782], Loss: 0.17851154506206512
Rank:0 Epoch: [24/40], Step: [511/782], Loss: 0.15817426145076752
Rank:0 Epoch: [24/40], Step: [521/782], Loss: 0.16595353186130524
Rank:0 Epoch: [24/40], Step: [531/782], Loss: 0.05346491560339928
Rank:0 Epoch: [24/40], Step: [541/782], Loss: 0.11958719789981842
Rank:0 Epoch: [24/40], Step: [551/782], Loss: 0.10101152211427689
Rank:0 Epoch: [24/40], Step: [561/782], Loss: 0.06864890456199646
Rank:0 Epoch: [24/40], Step: [571/782], Loss: 0.11921416968107224
Rank:0 Epoch: [24/40], Step: [581/782], Loss: 0.049201201647520065
Rank:0 Epoch: [24/40], Step: [591/782], Loss: 0.07656458765268326
Rank:0 Epoch: [24/40], Step: [601/782], Loss: 0.11798588186502457
Rank:0 Epoch: [24/40], Step: [611/782], Loss: 0.1154603511095047
Rank:0 Epoch: [24/40], Step: [621/782], Loss: 0.059523966163396835
Rank:0 Epoch: [24/40], Step: [631/782], Loss: 0.12478640675544739
Rank:0 Epoch: [24/40], Step: [641/782], Loss: 0.11753714084625244
Rank:0 Epoch: [24/40], Step: [651/782], Loss: 0.1999458372592926
Rank:0 Epoch: [24/40], Step: [661/782], Loss: 0.03305577114224434
Rank:0 Epoch: [24/40], Step: [671/782], Loss: 0.07614637911319733
Rank:0 Epoch: [24/40], Step: [681/782], Loss: 0.03436655178666115
Rank:0 Epoch: [24/40], Step: [691/782], Loss: 0.11280810832977295
Rank:0 Epoch: [24/40], Step: [701/782], Loss: 0.061306193470954895
Rank:0 Epoch: [24/40], Step: [711/782], Loss: 0.11918606609106064
Rank:0 Epoch: [24/40], Step: [721/782], Loss: 0.06730704754590988
Rank:0 Epoch: [24/40], Step: [731/782], Loss: 0.07364986091852188
Rank:0 Epoch: [24/40], Step: [741/782], Loss: 0.13014325499534607
Rank:0 Epoch: [24/40], Step: [751/782], Loss: 0.1549333930015564
Rank:0 Epoch: [24/40], Step: [761/782], Loss: 0.1386009156703949
Rank:0 Epoch: [24/40], Step: [771/782], Loss: 0.15577776730060577
Rank:0 Epoch: [24/40], Step: [781/782], Loss: 0.10451024025678635
Current Test Acc: 0.9162
Rank:0 Epoch: [25/40], Step: [1/782], Loss: 0.09960266202688217
Rank:0 Epoch: [25/40], Step: [11/782], Loss: 0.06483136117458344
Rank:0 Epoch: [25/40], Step: [21/782], Loss: 0.08057552576065063
Rank:0 Epoch: [25/40], Step: [31/782], Loss: 0.08794250339269638
Rank:0 Epoch: [25/40], Step: [41/782], Loss: 0.04639692232012749
Rank:0 Epoch: [25/40], Step: [51/782], Loss: 0.08232229948043823
Rank:0 Epoch: [25/40], Step: [61/782], Loss: 0.09751155227422714
Rank:0 Epoch: [25/40], Step: [71/782], Loss: 0.09167003631591797
Rank:0 Epoch: [25/40], Step: [81/782], Loss: 0.1446896642446518
Rank:0 Epoch: [25/40], Step: [91/782], Loss: 0.1610909253358841
Rank:0 Epoch: [25/40], Step: [101/782], Loss: 0.09717890620231628
Rank:0 Epoch: [25/40], Step: [111/782], Loss: 0.22416111826896667
Rank:0 Epoch: [25/40], Step: [121/782], Loss: 0.05258447304368019
Rank:0 Epoch: [25/40], Step: [131/782], Loss: 0.0878777727484703
Rank:0 Epoch: [25/40], Step: [141/782], Loss: 0.1923900693655014
Rank:0 Epoch: [25/40], Step: [151/782], Loss: 0.10574350506067276
Rank:0 Epoch: [25/40], Step: [161/782], Loss: 0.05324602499604225
Rank:0 Epoch: [25/40], Step: [171/782], Loss: 0.03996697813272476
Rank:0 Epoch: [25/40], Step: [181/782], Loss: 0.06232311949133873
Rank:0 Epoch: [25/40], Step: [191/782], Loss: 0.061992958188056946
Rank:0 Epoch: [25/40], Step: [201/782], Loss: 0.11514081805944443
Rank:0 Epoch: [25/40], Step: [211/782], Loss: 0.1379246562719345
Rank:0 Epoch: [25/40], Step: [221/782], Loss: 0.09730599075555801
Rank:0 Epoch: [25/40], Step: [231/782], Loss: 0.10884495824575424
Rank:0 Epoch: [25/40], Step: [241/782], Loss: 0.07567130774259567
Rank:0 Epoch: [25/40], Step: [251/782], Loss: 0.10802995413541794
Rank:0 Epoch: [25/40], Step: [261/782], Loss: 0.22556845843791962
Rank:0 Epoch: [25/40], Step: [271/782], Loss: 0.0921330377459526
Rank:0 Epoch: [25/40], Step: [281/782], Loss: 0.05260824039578438
Rank:0 Epoch: [25/40], Step: [291/782], Loss: 0.08744566142559052
Rank:0 Epoch: [25/40], Step: [301/782], Loss: 0.20931074023246765
Rank:0 Epoch: [25/40], Step: [311/782], Loss: 0.23617425560951233
Rank:0 Epoch: [25/40], Step: [321/782], Loss: 0.15336419641971588
Rank:0 Epoch: [25/40], Step: [331/782], Loss: 0.07447566837072372
Rank:0 Epoch: [25/40], Step: [341/782], Loss: 0.09622263163328171
Rank:0 Epoch: [25/40], Step: [351/782], Loss: 0.05137893185019493
Rank:0 Epoch: [25/40], Step: [361/782], Loss: 0.10669047385454178
Rank:0 Epoch: [25/40], Step: [371/782], Loss: 0.1932557076215744
Rank:0 Epoch: [25/40], Step: [381/782], Loss: 0.07364401966333389
Rank:0 Epoch: [25/40], Step: [391/782], Loss: 0.06516511738300323
Rank:0 Epoch: [25/40], Step: [401/782], Loss: 0.13261820375919342
Rank:0 Epoch: [25/40], Step: [411/782], Loss: 0.041535936295986176
Rank:0 Epoch: [25/40], Step: [421/782], Loss: 0.16996920108795166
Rank:0 Epoch: [25/40], Step: [431/782], Loss: 0.08203855156898499
Rank:0 Epoch: [25/40], Step: [441/782], Loss: 0.11771608889102936
Rank:0 Epoch: [25/40], Step: [451/782], Loss: 0.1776578575372696
Rank:0 Epoch: [25/40], Step: [461/782], Loss: 0.07291963696479797
Rank:0 Epoch: [25/40], Step: [471/782], Loss: 0.12719982862472534
Rank:0 Epoch: [25/40], Step: [481/782], Loss: 0.14397777616977692
Rank:0 Epoch: [25/40], Step: [491/782], Loss: 0.10742002725601196
Rank:0 Epoch: [25/40], Step: [501/782], Loss: 0.1108250692486763
Rank:0 Epoch: [25/40], Step: [511/782], Loss: 0.07769101858139038
Rank:0 Epoch: [25/40], Step: [521/782], Loss: 0.13278290629386902
Rank:0 Epoch: [25/40], Step: [531/782], Loss: 0.152182474732399
Rank:0 Epoch: [25/40], Step: [541/782], Loss: 0.1268784999847412
Rank:0 Epoch: [25/40], Step: [551/782], Loss: 0.10234670341014862
Rank:0 Epoch: [25/40], Step: [561/782], Loss: 0.1315041035413742
Rank:0 Epoch: [25/40], Step: [571/782], Loss: 0.17313452064990997
Rank:0 Epoch: [25/40], Step: [581/782], Loss: 0.26226136088371277
Rank:0 Epoch: [25/40], Step: [591/782], Loss: 0.1213417500257492
Rank:0 Epoch: [25/40], Step: [601/782], Loss: 0.16369275748729706
Rank:0 Epoch: [25/40], Step: [611/782], Loss: 0.14595820009708405
Rank:0 Epoch: [25/40], Step: [621/782], Loss: 0.13065190613269806
Rank:0 Epoch: [25/40], Step: [631/782], Loss: 0.12282170355319977
Rank:0 Epoch: [25/40], Step: [641/782], Loss: 0.14100083708763123
Rank:0 Epoch: [25/40], Step: [651/782], Loss: 0.11529403924942017
Rank:0 Epoch: [25/40], Step: [661/782], Loss: 0.21932874619960785
Rank:0 Epoch: [25/40], Step: [671/782], Loss: 0.29320621490478516
Rank:0 Epoch: [25/40], Step: [681/782], Loss: 0.21838128566741943
Rank:0 Epoch: [25/40], Step: [691/782], Loss: 0.19490167498588562
Rank:0 Epoch: [25/40], Step: [701/782], Loss: 0.09839652478694916
Rank:0 Epoch: [25/40], Step: [711/782], Loss: 0.12520737946033478
Rank:0 Epoch: [25/40], Step: [721/782], Loss: 0.04876262694597244
Rank:0 Epoch: [25/40], Step: [731/782], Loss: 0.15862397849559784
Rank:0 Epoch: [25/40], Step: [741/782], Loss: 0.056410469114780426
Rank:0 Epoch: [25/40], Step: [751/782], Loss: 0.17361032962799072
Rank:0 Epoch: [25/40], Step: [761/782], Loss: 0.31299731135368347
Rank:0 Epoch: [25/40], Step: [771/782], Loss: 0.09071636199951172
Rank:0 Epoch: [25/40], Step: [781/782], Loss: 0.29572591185569763
Current Test Acc: 0.913
Rank:0 Epoch: [26/40], Step: [1/782], Loss: 0.09804882854223251
Rank:0 Epoch: [26/40], Step: [11/782], Loss: 0.17579872906208038
Rank:0 Epoch: [26/40], Step: [21/782], Loss: 0.08872684091329575
Rank:0 Epoch: [26/40], Step: [31/782], Loss: 0.13967421650886536
Rank:0 Epoch: [26/40], Step: [41/782], Loss: 0.06771619617938995
Rank:0 Epoch: [26/40], Step: [51/782], Loss: 0.1397181898355484
Rank:0 Epoch: [26/40], Step: [61/782], Loss: 0.12158182263374329
Rank:0 Epoch: [26/40], Step: [71/782], Loss: 0.09484315663576126
Rank:0 Epoch: [26/40], Step: [81/782], Loss: 0.15290848910808563
Rank:0 Epoch: [26/40], Step: [91/782], Loss: 0.0623776912689209
Rank:0 Epoch: [26/40], Step: [101/782], Loss: 0.03254876285791397
Rank:0 Epoch: [26/40], Step: [111/782], Loss: 0.17025402188301086
Rank:0 Epoch: [26/40], Step: [121/782], Loss: 0.14818283915519714
Rank:0 Epoch: [26/40], Step: [131/782], Loss: 0.13349029421806335
Rank:0 Epoch: [26/40], Step: [141/782], Loss: 0.19099833071231842
Rank:0 Epoch: [26/40], Step: [151/782], Loss: 0.09546947479248047
Rank:0 Epoch: [26/40], Step: [161/782], Loss: 0.06039933115243912
Rank:0 Epoch: [26/40], Step: [171/782], Loss: 0.13760247826576233
Rank:0 Epoch: [26/40], Step: [181/782], Loss: 0.11522742360830307
Rank:0 Epoch: [26/40], Step: [191/782], Loss: 0.11544826626777649
Rank:0 Epoch: [26/40], Step: [201/782], Loss: 0.15279905498027802
Rank:0 Epoch: [26/40], Step: [211/782], Loss: 0.11739842593669891
Rank:0 Epoch: [26/40], Step: [221/782], Loss: 0.133071169257164
Rank:0 Epoch: [26/40], Step: [231/782], Loss: 0.15468525886535645
Rank:0 Epoch: [26/40], Step: [241/782], Loss: 0.11764698475599289
Rank:0 Epoch: [26/40], Step: [251/782], Loss: 0.12878087162971497
Rank:0 Epoch: [26/40], Step: [261/782], Loss: 0.14615878462791443
Rank:0 Epoch: [26/40], Step: [271/782], Loss: 0.12303917109966278
Rank:0 Epoch: [26/40], Step: [281/782], Loss: 0.057687800377607346
Rank:0 Epoch: [26/40], Step: [291/782], Loss: 0.17114096879959106
Rank:0 Epoch: [26/40], Step: [301/782], Loss: 0.14119696617126465
Rank:0 Epoch: [26/40], Step: [311/782], Loss: 0.11756855249404907
Rank:0 Epoch: [26/40], Step: [321/782], Loss: 0.1098654717206955
Rank:0 Epoch: [26/40], Step: [331/782], Loss: 0.07896482944488525
Rank:0 Epoch: [26/40], Step: [341/782], Loss: 0.18361741304397583
Rank:0 Epoch: [26/40], Step: [351/782], Loss: 0.18530230224132538
Rank:0 Epoch: [26/40], Step: [361/782], Loss: 0.12616823613643646
Rank:0 Epoch: [26/40], Step: [371/782], Loss: 0.15471354126930237
Rank:0 Epoch: [26/40], Step: [381/782], Loss: 0.07197391241788864
Rank:0 Epoch: [26/40], Step: [391/782], Loss: 0.03752436861395836
Rank:0 Epoch: [26/40], Step: [401/782], Loss: 0.21773505210876465
Rank:0 Epoch: [26/40], Step: [411/782], Loss: 0.14046543836593628
Rank:0 Epoch: [26/40], Step: [421/782], Loss: 0.08468986302614212
Rank:0 Epoch: [26/40], Step: [431/782], Loss: 0.16445207595825195
Rank:0 Epoch: [26/40], Step: [441/782], Loss: 0.0975351557135582
Rank:0 Epoch: [26/40], Step: [451/782], Loss: 0.14275528490543365
Rank:0 Epoch: [26/40], Step: [461/782], Loss: 0.04053043946623802
Rank:0 Epoch: [26/40], Step: [471/782], Loss: 0.11259789019823074
Rank:0 Epoch: [26/40], Step: [481/782], Loss: 0.06041364744305611
Rank:0 Epoch: [26/40], Step: [491/782], Loss: 0.06737863272428513
Rank:0 Epoch: [26/40], Step: [501/782], Loss: 0.0790049135684967
Rank:0 Epoch: [26/40], Step: [511/782], Loss: 0.1137513741850853
Rank:0 Epoch: [26/40], Step: [521/782], Loss: 0.11441022157669067
Rank:0 Epoch: [26/40], Step: [531/782], Loss: 0.09332669526338577
Rank:0 Epoch: [26/40], Step: [541/782], Loss: 0.046695586293935776
Rank:0 Epoch: [26/40], Step: [551/782], Loss: 0.07524865120649338
Rank:0 Epoch: [26/40], Step: [561/782], Loss: 0.18884816765785217
Rank:0 Epoch: [26/40], Step: [571/782], Loss: 0.18187101185321808
Rank:0 Epoch: [26/40], Step: [581/782], Loss: 0.2041294425725937
Rank:0 Epoch: [26/40], Step: [591/782], Loss: 0.022375021129846573
Rank:0 Epoch: [26/40], Step: [601/782], Loss: 0.21407920122146606
Rank:0 Epoch: [26/40], Step: [611/782], Loss: 0.055654242634773254
Rank:0 Epoch: [26/40], Step: [621/782], Loss: 0.032126910984516144
Rank:0 Epoch: [26/40], Step: [631/782], Loss: 0.05037081614136696
Rank:0 Epoch: [26/40], Step: [641/782], Loss: 0.2039433717727661
Rank:0 Epoch: [26/40], Step: [651/782], Loss: 0.1325232833623886
Rank:0 Epoch: [26/40], Step: [661/782], Loss: 0.14416365325450897
Rank:0 Epoch: [26/40], Step: [671/782], Loss: 0.09160307794809341
Rank:0 Epoch: [26/40], Step: [681/782], Loss: 0.047415684908628464
Rank:0 Epoch: [26/40], Step: [691/782], Loss: 0.09409424662590027
Rank:0 Epoch: [26/40], Step: [701/782], Loss: 0.1585058569908142
Rank:0 Epoch: [26/40], Step: [711/782], Loss: 0.27308791875839233
Rank:0 Epoch: [26/40], Step: [721/782], Loss: 0.017979467287659645
Rank:0 Epoch: [26/40], Step: [731/782], Loss: 0.18934866786003113
Rank:0 Epoch: [26/40], Step: [741/782], Loss: 0.09765304625034332
Rank:0 Epoch: [26/40], Step: [751/782], Loss: 0.1994013786315918
Rank:0 Epoch: [26/40], Step: [761/782], Loss: 0.0700436383485794
Rank:0 Epoch: [26/40], Step: [771/782], Loss: 0.17810490727424622
Rank:0 Epoch: [26/40], Step: [781/782], Loss: 0.23360078036785126
Current Test Acc: 0.916
Rank:0 Epoch: [27/40], Step: [1/782], Loss: 0.07731080800294876
Rank:0 Epoch: [27/40], Step: [11/782], Loss: 0.13557398319244385
Rank:0 Epoch: [27/40], Step: [21/782], Loss: 0.10331280529499054
Rank:0 Epoch: [27/40], Step: [31/782], Loss: 0.08271495252847672
Rank:0 Epoch: [27/40], Step: [41/782], Loss: 0.14299169182777405
Rank:0 Epoch: [27/40], Step: [51/782], Loss: 0.10350947082042694
Rank:0 Epoch: [27/40], Step: [61/782], Loss: 0.0965699851512909
Rank:0 Epoch: [27/40], Step: [71/782], Loss: 0.2530198097229004
Rank:0 Epoch: [27/40], Step: [81/782], Loss: 0.0877666100859642
Rank:0 Epoch: [27/40], Step: [91/782], Loss: 0.0653669536113739
Rank:0 Epoch: [27/40], Step: [101/782], Loss: 0.04728776216506958
Rank:0 Epoch: [27/40], Step: [111/782], Loss: 0.09420476108789444
Rank:0 Epoch: [27/40], Step: [121/782], Loss: 0.1047339141368866
Rank:0 Epoch: [27/40], Step: [131/782], Loss: 0.058251552283763885
Rank:0 Epoch: [27/40], Step: [141/782], Loss: 0.029878266155719757
Rank:0 Epoch: [27/40], Step: [151/782], Loss: 0.07863027602434158
Rank:0 Epoch: [27/40], Step: [161/782], Loss: 0.1526479423046112
Rank:0 Epoch: [27/40], Step: [171/782], Loss: 0.09692424535751343
Rank:0 Epoch: [27/40], Step: [181/782], Loss: 0.10213649272918701
Rank:0 Epoch: [27/40], Step: [191/782], Loss: 0.10508809983730316
Rank:0 Epoch: [27/40], Step: [201/782], Loss: 0.1349320262670517
Rank:0 Epoch: [27/40], Step: [211/782], Loss: 0.08549480140209198
Rank:0 Epoch: [27/40], Step: [221/782], Loss: 0.2102285921573639
Rank:0 Epoch: [27/40], Step: [231/782], Loss: 0.0640423595905304
Rank:0 Epoch: [27/40], Step: [241/782], Loss: 0.15900719165802002
Rank:0 Epoch: [27/40], Step: [251/782], Loss: 0.13871385157108307
Rank:0 Epoch: [27/40], Step: [261/782], Loss: 0.06814789772033691
Rank:0 Epoch: [27/40], Step: [271/782], Loss: 0.033930376172065735
Rank:0 Epoch: [27/40], Step: [281/782], Loss: 0.08706865459680557
Rank:0 Epoch: [27/40], Step: [291/782], Loss: 0.16241450607776642
Rank:0 Epoch: [27/40], Step: [301/782], Loss: 0.6211633682250977
Rank:0 Epoch: [27/40], Step: [311/782], Loss: 0.12250635772943497
Rank:0 Epoch: [27/40], Step: [321/782], Loss: 0.12273914366960526
Rank:0 Epoch: [27/40], Step: [331/782], Loss: 0.1119733601808548
Rank:0 Epoch: [27/40], Step: [341/782], Loss: 0.10640847682952881
Rank:0 Epoch: [27/40], Step: [351/782], Loss: 0.20023976266384125
Rank:0 Epoch: [27/40], Step: [361/782], Loss: 0.13516902923583984
Rank:0 Epoch: [27/40], Step: [371/782], Loss: 0.14902663230895996
Rank:0 Epoch: [27/40], Step: [381/782], Loss: 0.05530769005417824
Rank:0 Epoch: [27/40], Step: [391/782], Loss: 0.043653491884469986
Rank:0 Epoch: [27/40], Step: [401/782], Loss: 0.08602427691221237
Rank:0 Epoch: [27/40], Step: [411/782], Loss: 0.12442103773355484
Rank:0 Epoch: [27/40], Step: [421/782], Loss: 0.117289699614048
Rank:0 Epoch: [27/40], Step: [431/782], Loss: 0.06829817593097687
Rank:0 Epoch: [27/40], Step: [441/782], Loss: 0.06948665529489517
Rank:0 Epoch: [27/40], Step: [451/782], Loss: 0.14812800288200378
Rank:0 Epoch: [27/40], Step: [461/782], Loss: 0.17895753681659698
Rank:0 Epoch: [27/40], Step: [471/782], Loss: 0.10170821845531464
Rank:0 Epoch: [27/40], Step: [481/782], Loss: 0.11131619662046432
Rank:0 Epoch: [27/40], Step: [491/782], Loss: 0.0835430696606636
Rank:0 Epoch: [27/40], Step: [501/782], Loss: 0.08909938484430313
Rank:0 Epoch: [27/40], Step: [511/782], Loss: 0.1238204762339592
Rank:0 Epoch: [27/40], Step: [521/782], Loss: 0.0627240240573883
Rank:0 Epoch: [27/40], Step: [531/782], Loss: 0.17883464694023132
Rank:0 Epoch: [27/40], Step: [541/782], Loss: 0.05277537554502487
Rank:0 Epoch: [27/40], Step: [551/782], Loss: 0.17682361602783203
Rank:0 Epoch: [27/40], Step: [561/782], Loss: 0.08092021942138672
Rank:0 Epoch: [27/40], Step: [571/782], Loss: 0.10791979730129242
Rank:0 Epoch: [27/40], Step: [581/782], Loss: 0.029110673815011978
Rank:0 Epoch: [27/40], Step: [591/782], Loss: 0.11408208310604095
Rank:0 Epoch: [27/40], Step: [601/782], Loss: 0.06591654568910599
Rank:0 Epoch: [27/40], Step: [611/782], Loss: 0.06184994429349899
Rank:0 Epoch: [27/40], Step: [621/782], Loss: 0.1026163175702095
Rank:0 Epoch: [27/40], Step: [631/782], Loss: 0.036543481051921844
Rank:0 Epoch: [27/40], Step: [641/782], Loss: 0.2063247710466385
Rank:0 Epoch: [27/40], Step: [651/782], Loss: 0.18884532153606415
Rank:0 Epoch: [27/40], Step: [661/782], Loss: 0.14164331555366516
Rank:0 Epoch: [27/40], Step: [671/782], Loss: 0.14726857841014862
Rank:0 Epoch: [27/40], Step: [681/782], Loss: 0.12087726593017578
Rank:0 Epoch: [27/40], Step: [691/782], Loss: 0.1417621225118637
Rank:0 Epoch: [27/40], Step: [701/782], Loss: 0.14047104120254517
Rank:0 Epoch: [27/40], Step: [711/782], Loss: 0.02887829765677452
Rank:0 Epoch: [27/40], Step: [721/782], Loss: 0.17522087693214417
Rank:0 Epoch: [27/40], Step: [731/782], Loss: 0.045939959585666656
Rank:0 Epoch: [27/40], Step: [741/782], Loss: 0.10542254894971848
Rank:0 Epoch: [27/40], Step: [751/782], Loss: 0.12882888317108154
Rank:0 Epoch: [27/40], Step: [761/782], Loss: 0.1269613802433014
Rank:0 Epoch: [27/40], Step: [771/782], Loss: 0.14295776188373566
Rank:0 Epoch: [27/40], Step: [781/782], Loss: 0.10093936324119568
Current Test Acc: 0.9162
Rank:0 Epoch: [28/40], Step: [1/782], Loss: 0.04502507299184799
Rank:0 Epoch: [28/40], Step: [11/782], Loss: 0.10661755502223969
Rank:0 Epoch: [28/40], Step: [21/782], Loss: 0.14650286734104156
Rank:0 Epoch: [28/40], Step: [31/782], Loss: 0.16264955699443817
Rank:0 Epoch: [28/40], Step: [41/782], Loss: 0.048217903822660446
Rank:0 Epoch: [28/40], Step: [51/782], Loss: 0.041153933852910995
Rank:0 Epoch: [28/40], Step: [61/782], Loss: 0.12347632646560669
Rank:0 Epoch: [28/40], Step: [71/782], Loss: 0.07500092685222626
Rank:0 Epoch: [28/40], Step: [81/782], Loss: 0.12268763035535812
Rank:0 Epoch: [28/40], Step: [91/782], Loss: 0.11134593933820724
Rank:0 Epoch: [28/40], Step: [101/782], Loss: 0.06027563661336899
Rank:0 Epoch: [28/40], Step: [111/782], Loss: 0.1585618108510971
Rank:0 Epoch: [28/40], Step: [121/782], Loss: 0.09039050340652466
Rank:0 Epoch: [28/40], Step: [131/782], Loss: 0.055219631642103195
Rank:0 Epoch: [28/40], Step: [141/782], Loss: 0.04372292011976242
Rank:0 Epoch: [28/40], Step: [151/782], Loss: 0.09527740627527237
Rank:0 Epoch: [28/40], Step: [161/782], Loss: 0.0558246411383152
Rank:0 Epoch: [28/40], Step: [171/782], Loss: 0.12265012413263321
Rank:0 Epoch: [28/40], Step: [181/782], Loss: 0.11122008413076401
Rank:0 Epoch: [28/40], Step: [191/782], Loss: 0.0992860347032547
Rank:0 Epoch: [28/40], Step: [201/782], Loss: 0.09781911224126816
Rank:0 Epoch: [28/40], Step: [211/782], Loss: 0.20371609926223755
Rank:0 Epoch: [28/40], Step: [221/782], Loss: 0.02759402245283127
Rank:0 Epoch: [28/40], Step: [231/782], Loss: 0.059139542281627655
Rank:0 Epoch: [28/40], Step: [241/782], Loss: 0.12536302208900452
Rank:0 Epoch: [28/40], Step: [251/782], Loss: 0.11990135908126831
Rank:0 Epoch: [28/40], Step: [261/782], Loss: 0.21788640320301056
Rank:0 Epoch: [28/40], Step: [271/782], Loss: 0.2795536518096924
Rank:0 Epoch: [28/40], Step: [281/782], Loss: 0.0654262825846672
Rank:0 Epoch: [28/40], Step: [291/782], Loss: 0.10476487129926682
Rank:0 Epoch: [28/40], Step: [301/782], Loss: 0.1785046011209488
Rank:0 Epoch: [28/40], Step: [311/782], Loss: 0.09709802269935608
Rank:0 Epoch: [28/40], Step: [321/782], Loss: 0.13777612149715424
Rank:0 Epoch: [28/40], Step: [331/782], Loss: 0.12567894160747528
Rank:0 Epoch: [28/40], Step: [341/782], Loss: 0.07507584989070892
Rank:0 Epoch: [28/40], Step: [351/782], Loss: 0.05916877090930939
Rank:0 Epoch: [28/40], Step: [361/782], Loss: 0.1554795652627945
Rank:0 Epoch: [28/40], Step: [371/782], Loss: 0.07015596330165863
Rank:0 Epoch: [28/40], Step: [381/782], Loss: 0.058168813586235046
Rank:0 Epoch: [28/40], Step: [391/782], Loss: 0.17586252093315125
Rank:0 Epoch: [28/40], Step: [401/782], Loss: 0.11853751540184021
Rank:0 Epoch: [28/40], Step: [411/782], Loss: 0.05643315613269806
Rank:0 Epoch: [28/40], Step: [421/782], Loss: 0.13445395231246948
Rank:0 Epoch: [28/40], Step: [431/782], Loss: 0.06672890484333038
Rank:0 Epoch: [28/40], Step: [441/782], Loss: 0.08924030512571335
Rank:0 Epoch: [28/40], Step: [451/782], Loss: 0.10136335343122482
Rank:0 Epoch: [28/40], Step: [461/782], Loss: 0.18331050872802734
Rank:0 Epoch: [28/40], Step: [471/782], Loss: 0.15275144577026367
Rank:0 Epoch: [28/40], Step: [481/782], Loss: 0.0724824070930481
Rank:0 Epoch: [28/40], Step: [491/782], Loss: 0.19568054378032684
Rank:0 Epoch: [28/40], Step: [501/782], Loss: 0.04539105296134949
Rank:0 Epoch: [28/40], Step: [511/782], Loss: 0.18010392785072327
Rank:0 Epoch: [28/40], Step: [521/782], Loss: 0.05971525236964226
Rank:0 Epoch: [28/40], Step: [531/782], Loss: 0.10304778814315796
Rank:0 Epoch: [28/40], Step: [541/782], Loss: 0.09554488211870193
Rank:0 Epoch: [28/40], Step: [551/782], Loss: 0.12435225397348404
Rank:0 Epoch: [28/40], Step: [561/782], Loss: 0.07178600132465363
Rank:0 Epoch: [28/40], Step: [571/782], Loss: 0.13555528223514557
Rank:0 Epoch: [28/40], Step: [581/782], Loss: 0.09825244545936584
Rank:0 Epoch: [28/40], Step: [591/782], Loss: 0.06488261371850967
Rank:0 Epoch: [28/40], Step: [601/782], Loss: 0.040468160063028336
Rank:0 Epoch: [28/40], Step: [611/782], Loss: 0.13651970028877258
Rank:0 Epoch: [28/40], Step: [621/782], Loss: 0.08376368880271912
Rank:0 Epoch: [28/40], Step: [631/782], Loss: 0.0998719334602356
Rank:0 Epoch: [28/40], Step: [641/782], Loss: 0.07909345626831055
Rank:0 Epoch: [28/40], Step: [651/782], Loss: 0.0833306759595871
Rank:0 Epoch: [28/40], Step: [661/782], Loss: 0.07519187033176422
Rank:0 Epoch: [28/40], Step: [671/782], Loss: 0.03673231974244118
Rank:0 Epoch: [28/40], Step: [681/782], Loss: 0.1666901856660843
Rank:0 Epoch: [28/40], Step: [691/782], Loss: 0.12650954723358154
Rank:0 Epoch: [28/40], Step: [701/782], Loss: 0.16939742863178253
Rank:0 Epoch: [28/40], Step: [711/782], Loss: 0.1972329318523407
Rank:0 Epoch: [28/40], Step: [721/782], Loss: 0.0867128074169159
Rank:0 Epoch: [28/40], Step: [731/782], Loss: 0.1370050311088562
Rank:0 Epoch: [28/40], Step: [741/782], Loss: 0.06863417476415634
Rank:0 Epoch: [28/40], Step: [751/782], Loss: 0.10217755287885666
Rank:0 Epoch: [28/40], Step: [761/782], Loss: 0.02754359133541584
Rank:0 Epoch: [28/40], Step: [771/782], Loss: 0.20553362369537354
Rank:0 Epoch: [28/40], Step: [781/782], Loss: 0.10407093167304993
Current Test Acc: 0.9167
Rank:0 Epoch: [29/40], Step: [1/782], Loss: 0.0808698982000351
Rank:0 Epoch: [29/40], Step: [11/782], Loss: 0.04994703829288483
Rank:0 Epoch: [29/40], Step: [21/782], Loss: 0.15959548950195312
Rank:0 Epoch: [29/40], Step: [31/782], Loss: 0.12665799260139465
Rank:0 Epoch: [29/40], Step: [41/782], Loss: 0.0455377958714962
Rank:0 Epoch: [29/40], Step: [51/782], Loss: 0.08210717141628265
Rank:0 Epoch: [29/40], Step: [61/782], Loss: 0.10722846537828445
Rank:0 Epoch: [29/40], Step: [71/782], Loss: 0.04111970216035843
Rank:0 Epoch: [29/40], Step: [81/782], Loss: 0.04645102471113205
Rank:0 Epoch: [29/40], Step: [91/782], Loss: 0.06934940069913864
Rank:0 Epoch: [29/40], Step: [101/782], Loss: 0.09656864404678345
Rank:0 Epoch: [29/40], Step: [111/782], Loss: 0.13555596768856049
Rank:0 Epoch: [29/40], Step: [121/782], Loss: 0.1414121836423874
Rank:0 Epoch: [29/40], Step: [131/782], Loss: 0.3199761211872101
Rank:0 Epoch: [29/40], Step: [141/782], Loss: 0.08471081405878067
Rank:0 Epoch: [29/40], Step: [151/782], Loss: 0.1287815272808075
Rank:0 Epoch: [29/40], Step: [161/782], Loss: 0.03609183803200722
Rank:0 Epoch: [29/40], Step: [171/782], Loss: 0.0170117374509573
Rank:0 Epoch: [29/40], Step: [181/782], Loss: 0.08930753916501999
Rank:0 Epoch: [29/40], Step: [191/782], Loss: 0.12678828835487366
Rank:0 Epoch: [29/40], Step: [201/782], Loss: 0.09302917122840881
Rank:0 Epoch: [29/40], Step: [211/782], Loss: 0.1852935403585434
Rank:0 Epoch: [29/40], Step: [221/782], Loss: 0.1527857482433319
Rank:0 Epoch: [29/40], Step: [231/782], Loss: 0.09940415620803833
Rank:0 Epoch: [29/40], Step: [241/782], Loss: 0.06327556073665619
Rank:0 Epoch: [29/40], Step: [251/782], Loss: 0.04388940706849098
Rank:0 Epoch: [29/40], Step: [261/782], Loss: 0.11916117370128632
Rank:0 Epoch: [29/40], Step: [271/782], Loss: 0.02321113646030426
Rank:0 Epoch: [29/40], Step: [281/782], Loss: 0.030443860217928886
Rank:0 Epoch: [29/40], Step: [291/782], Loss: 0.12032243609428406
Rank:0 Epoch: [29/40], Step: [301/782], Loss: 0.06760712713003159
Rank:0 Epoch: [29/40], Step: [311/782], Loss: 0.09567932039499283
Rank:0 Epoch: [29/40], Step: [321/782], Loss: 0.10677767544984818
Rank:0 Epoch: [29/40], Step: [331/782], Loss: 0.12911301851272583
Rank:0 Epoch: [29/40], Step: [341/782], Loss: 0.12474101781845093
Rank:0 Epoch: [29/40], Step: [351/782], Loss: 0.08078379184007645
Rank:0 Epoch: [29/40], Step: [361/782], Loss: 0.16181638836860657
Rank:0 Epoch: [29/40], Step: [371/782], Loss: 0.02786865644156933
Rank:0 Epoch: [29/40], Step: [381/782], Loss: 0.07821331918239594
Rank:0 Epoch: [29/40], Step: [391/782], Loss: 0.05837634578347206
Rank:0 Epoch: [29/40], Step: [401/782], Loss: 0.059880051761865616
Rank:0 Epoch: [29/40], Step: [411/782], Loss: 0.07358316332101822
Rank:0 Epoch: [29/40], Step: [421/782], Loss: 0.05462803319096565
Rank:0 Epoch: [29/40], Step: [431/782], Loss: 0.07529637217521667
Rank:0 Epoch: [29/40], Step: [441/782], Loss: 0.18922626972198486
Rank:0 Epoch: [29/40], Step: [451/782], Loss: 0.07706838846206665
Rank:0 Epoch: [29/40], Step: [461/782], Loss: 0.0862579420208931
Rank:0 Epoch: [29/40], Step: [471/782], Loss: 0.0853695198893547
Rank:0 Epoch: [29/40], Step: [481/782], Loss: 0.06166599690914154
Rank:0 Epoch: [29/40], Step: [491/782], Loss: 0.0952867865562439
Rank:0 Epoch: [29/40], Step: [501/782], Loss: 0.051806993782520294
Rank:0 Epoch: [29/40], Step: [511/782], Loss: 0.11173980683088303
Rank:0 Epoch: [29/40], Step: [521/782], Loss: 0.07045995444059372
Rank:0 Epoch: [29/40], Step: [531/782], Loss: 0.04741229489445686
Rank:0 Epoch: [29/40], Step: [541/782], Loss: 0.17369191348552704
Rank:0 Epoch: [29/40], Step: [551/782], Loss: 0.10194793343544006
Rank:0 Epoch: [29/40], Step: [561/782], Loss: 0.06500768661499023
Rank:0 Epoch: [29/40], Step: [571/782], Loss: 0.09482711553573608
Rank:0 Epoch: [29/40], Step: [581/782], Loss: 0.054918982088565826
Rank:0 Epoch: [29/40], Step: [591/782], Loss: 0.06403186172246933
Rank:0 Epoch: [29/40], Step: [601/782], Loss: 0.033371519297361374
Rank:0 Epoch: [29/40], Step: [611/782], Loss: 0.11427505314350128
Rank:0 Epoch: [29/40], Step: [621/782], Loss: 0.05224452540278435
Rank:0 Epoch: [29/40], Step: [631/782], Loss: 0.09771167486906052
Rank:0 Epoch: [29/40], Step: [641/782], Loss: 0.12894421815872192
Rank:0 Epoch: [29/40], Step: [651/782], Loss: 0.11480570584535599
Rank:0 Epoch: [29/40], Step: [661/782], Loss: 0.05557633191347122
Rank:0 Epoch: [29/40], Step: [671/782], Loss: 0.15368270874023438
Rank:0 Epoch: [29/40], Step: [681/782], Loss: 0.08841261267662048
Rank:0 Epoch: [29/40], Step: [691/782], Loss: 0.08321253955364227
Rank:0 Epoch: [29/40], Step: [701/782], Loss: 0.16255684196949005
Rank:0 Epoch: [29/40], Step: [711/782], Loss: 0.08433502167463303
Rank:0 Epoch: [29/40], Step: [721/782], Loss: 0.2244262993335724
Rank:0 Epoch: [29/40], Step: [731/782], Loss: 0.0515606515109539
Rank:0 Epoch: [29/40], Step: [741/782], Loss: 0.10427684336900711
Rank:0 Epoch: [29/40], Step: [751/782], Loss: 0.09014412015676498
Rank:0 Epoch: [29/40], Step: [761/782], Loss: 0.05188611149787903
Rank:0 Epoch: [29/40], Step: [771/782], Loss: 0.20492522418498993
Rank:0 Epoch: [29/40], Step: [781/782], Loss: 0.06228083372116089
Current Test Acc: 0.915
Rank:0 Epoch: [30/40], Step: [1/782], Loss: 0.0910874456167221
Rank:0 Epoch: [30/40], Step: [11/782], Loss: 0.03524032235145569
Rank:0 Epoch: [30/40], Step: [21/782], Loss: 0.07390426099300385
Rank:0 Epoch: [30/40], Step: [31/782], Loss: 0.05868241935968399
Rank:0 Epoch: [30/40], Step: [41/782], Loss: 0.06876850128173828
Rank:0 Epoch: [30/40], Step: [51/782], Loss: 0.09897810965776443
Rank:0 Epoch: [30/40], Step: [61/782], Loss: 0.08262447267770767
Rank:0 Epoch: [30/40], Step: [71/782], Loss: 0.14595289528369904
Rank:0 Epoch: [30/40], Step: [81/782], Loss: 0.1824098378419876
Rank:0 Epoch: [30/40], Step: [91/782], Loss: 0.15257224440574646
Rank:0 Epoch: [30/40], Step: [101/782], Loss: 0.06855223327875137
Rank:0 Epoch: [30/40], Step: [111/782], Loss: 0.10235027223825455
Rank:0 Epoch: [30/40], Step: [121/782], Loss: 0.11883862316608429
Rank:0 Epoch: [30/40], Step: [131/782], Loss: 0.2514025866985321
Rank:0 Epoch: [30/40], Step: [141/782], Loss: 0.06640973687171936
Rank:0 Epoch: [30/40], Step: [151/782], Loss: 0.07317915558815002
Rank:0 Epoch: [30/40], Step: [161/782], Loss: 0.04737287014722824
Rank:0 Epoch: [30/40], Step: [171/782], Loss: 0.064278744161129
Rank:0 Epoch: [30/40], Step: [181/782], Loss: 0.11538216471672058
Rank:0 Epoch: [30/40], Step: [191/782], Loss: 0.12187711149454117
Rank:0 Epoch: [30/40], Step: [201/782], Loss: 0.10883581638336182
Rank:0 Epoch: [30/40], Step: [211/782], Loss: 0.11131206154823303
Rank:0 Epoch: [30/40], Step: [221/782], Loss: 0.09018393605947495
Rank:0 Epoch: [30/40], Step: [231/782], Loss: 0.04085827246308327
Rank:0 Epoch: [30/40], Step: [241/782], Loss: 0.05328795686364174
Rank:0 Epoch: [30/40], Step: [251/782], Loss: 0.042601797729730606
Rank:0 Epoch: [30/40], Step: [261/782], Loss: 0.08708376437425613
Rank:0 Epoch: [30/40], Step: [271/782], Loss: 0.1288151890039444
Rank:0 Epoch: [30/40], Step: [281/782], Loss: 0.20901918411254883
Rank:0 Epoch: [30/40], Step: [291/782], Loss: 0.1486998200416565
Rank:0 Epoch: [30/40], Step: [301/782], Loss: 0.05723828077316284
Rank:0 Epoch: [30/40], Step: [311/782], Loss: 0.10267013311386108
Rank:0 Epoch: [30/40], Step: [321/782], Loss: 0.029017265886068344
Rank:0 Epoch: [30/40], Step: [331/782], Loss: 0.24324974417686462
Rank:0 Epoch: [30/40], Step: [341/782], Loss: 0.035118237137794495
Rank:0 Epoch: [30/40], Step: [351/782], Loss: 0.08807124197483063
Rank:0 Epoch: [30/40], Step: [361/782], Loss: 0.12631644308567047
Rank:0 Epoch: [30/40], Step: [371/782], Loss: 0.08924458920955658
Rank:0 Epoch: [30/40], Step: [381/782], Loss: 0.018633877858519554
Rank:0 Epoch: [30/40], Step: [391/782], Loss: 0.16090749204158783
Rank:0 Epoch: [30/40], Step: [401/782], Loss: 0.08779460191726685
Rank:0 Epoch: [30/40], Step: [411/782], Loss: 0.08436857908964157
Rank:0 Epoch: [30/40], Step: [421/782], Loss: 0.10274703055620193
Rank:0 Epoch: [30/40], Step: [431/782], Loss: 0.09816620498895645
Rank:0 Epoch: [30/40], Step: [441/782], Loss: 0.07750117033720016
Rank:0 Epoch: [30/40], Step: [451/782], Loss: 0.07685081660747528
Rank:0 Epoch: [30/40], Step: [461/782], Loss: 0.1116640716791153
Rank:0 Epoch: [30/40], Step: [471/782], Loss: 0.12377845495939255
Rank:0 Epoch: [30/40], Step: [481/782], Loss: 0.0539398118853569
Rank:0 Epoch: [30/40], Step: [491/782], Loss: 0.06407873332500458
Rank:0 Epoch: [30/40], Step: [501/782], Loss: 0.04815635457634926
Rank:0 Epoch: [30/40], Step: [511/782], Loss: 0.16367420554161072
Rank:0 Epoch: [30/40], Step: [521/782], Loss: 0.10632417351007462
Rank:0 Epoch: [30/40], Step: [531/782], Loss: 0.06940795481204987
Rank:0 Epoch: [30/40], Step: [541/782], Loss: 0.09046762436628342
Rank:0 Epoch: [30/40], Step: [551/782], Loss: 0.11507685482501984
Rank:0 Epoch: [30/40], Step: [561/782], Loss: 0.11171012371778488
Rank:0 Epoch: [30/40], Step: [571/782], Loss: 0.15647275745868683
Rank:0 Epoch: [30/40], Step: [581/782], Loss: 0.12074921280145645
Rank:0 Epoch: [30/40], Step: [591/782], Loss: 0.10739926993846893
Rank:0 Epoch: [30/40], Step: [601/782], Loss: 0.08314042538404465
Rank:0 Epoch: [30/40], Step: [611/782], Loss: 0.043420158326625824
Rank:0 Epoch: [30/40], Step: [621/782], Loss: 0.04692281410098076
Rank:0 Epoch: [30/40], Step: [631/782], Loss: 0.13830074667930603
Rank:0 Epoch: [30/40], Step: [641/782], Loss: 0.09049282222986221
Rank:0 Epoch: [30/40], Step: [651/782], Loss: 0.19268670678138733
Rank:0 Epoch: [30/40], Step: [661/782], Loss: 0.15654736757278442
Rank:0 Epoch: [30/40], Step: [671/782], Loss: 0.13005630671977997
Rank:0 Epoch: [30/40], Step: [681/782], Loss: 0.08656816929578781
Rank:0 Epoch: [30/40], Step: [691/782], Loss: 0.06386683881282806
Rank:0 Epoch: [30/40], Step: [701/782], Loss: 0.11415990442037582
Rank:0 Epoch: [30/40], Step: [711/782], Loss: 0.059784360229969025
Rank:0 Epoch: [30/40], Step: [721/782], Loss: 0.08942467719316483
Rank:0 Epoch: [30/40], Step: [731/782], Loss: 0.17132632434368134
Rank:0 Epoch: [30/40], Step: [741/782], Loss: 0.1226801723241806
Rank:0 Epoch: [30/40], Step: [751/782], Loss: 0.05641676485538483
Rank:0 Epoch: [30/40], Step: [761/782], Loss: 0.07934650778770447
Rank:0 Epoch: [30/40], Step: [771/782], Loss: 0.021533308550715446
Rank:0 Epoch: [30/40], Step: [781/782], Loss: 0.1387150138616562
Current Test Acc: 0.9134
Rank:0 Epoch: [31/40], Step: [1/782], Loss: 0.12903665006160736
Rank:0 Epoch: [31/40], Step: [11/782], Loss: 0.09063678979873657
Rank:0 Epoch: [31/40], Step: [21/782], Loss: 0.019823577255010605
Rank:0 Epoch: [31/40], Step: [31/782], Loss: 0.06902896612882614
Rank:0 Epoch: [31/40], Step: [41/782], Loss: 0.03444518893957138
Rank:0 Epoch: [31/40], Step: [51/782], Loss: 0.062296222895383835
Rank:0 Epoch: [31/40], Step: [61/782], Loss: 0.07386571168899536
Rank:0 Epoch: [31/40], Step: [71/782], Loss: 0.051869895309209824
Rank:0 Epoch: [31/40], Step: [81/782], Loss: 0.07671231776475906
Rank:0 Epoch: [31/40], Step: [91/782], Loss: 0.11419183760881424
Rank:0 Epoch: [31/40], Step: [101/782], Loss: 0.21794624626636505
Rank:0 Epoch: [31/40], Step: [111/782], Loss: 0.07704487442970276
Rank:0 Epoch: [31/40], Step: [121/782], Loss: 0.017215780913829803
Rank:0 Epoch: [31/40], Step: [131/782], Loss: 0.1789642721414566
Rank:0 Epoch: [31/40], Step: [141/782], Loss: 0.054850444197654724
Rank:0 Epoch: [31/40], Step: [151/782], Loss: 0.07797499001026154
Rank:0 Epoch: [31/40], Step: [161/782], Loss: 0.1482982486486435
Rank:0 Epoch: [31/40], Step: [171/782], Loss: 0.05626441910862923
Rank:0 Epoch: [31/40], Step: [181/782], Loss: 0.0403648242354393
Rank:0 Epoch: [31/40], Step: [191/782], Loss: 0.062624491751194
Rank:0 Epoch: [31/40], Step: [201/782], Loss: 0.16228240728378296
Rank:0 Epoch: [31/40], Step: [211/782], Loss: 0.04355695843696594
Rank:0 Epoch: [31/40], Step: [221/782], Loss: 0.01990472339093685
Rank:0 Epoch: [31/40], Step: [231/782], Loss: 0.08512932807207108
Rank:0 Epoch: [31/40], Step: [241/782], Loss: 0.03370353952050209
Rank:0 Epoch: [31/40], Step: [251/782], Loss: 0.1314864456653595
Rank:0 Epoch: [31/40], Step: [261/782], Loss: 0.13166747987270355
Rank:0 Epoch: [31/40], Step: [271/782], Loss: 0.15879085659980774
Rank:0 Epoch: [31/40], Step: [281/782], Loss: 0.17803022265434265
Rank:0 Epoch: [31/40], Step: [291/782], Loss: 0.05038134381175041
Rank:0 Epoch: [31/40], Step: [301/782], Loss: 0.10941724479198456
Rank:0 Epoch: [31/40], Step: [311/782], Loss: 0.05225580185651779
Rank:0 Epoch: [31/40], Step: [321/782], Loss: 0.05975373089313507
Rank:0 Epoch: [31/40], Step: [331/782], Loss: 0.12080604583024979
Rank:0 Epoch: [31/40], Step: [341/782], Loss: 0.030957574024796486
Rank:0 Epoch: [31/40], Step: [351/782], Loss: 0.10463981330394745
Rank:0 Epoch: [31/40], Step: [361/782], Loss: 0.2426370233297348
Rank:0 Epoch: [31/40], Step: [371/782], Loss: 0.10149818658828735
Rank:0 Epoch: [31/40], Step: [381/782], Loss: 0.17980125546455383
Rank:0 Epoch: [31/40], Step: [391/782], Loss: 0.043523333966732025
Rank:0 Epoch: [31/40], Step: [401/782], Loss: 0.10415168106555939
Rank:0 Epoch: [31/40], Step: [411/782], Loss: 0.1321413815021515
Rank:0 Epoch: [31/40], Step: [421/782], Loss: 0.13429121673107147
Rank:0 Epoch: [31/40], Step: [431/782], Loss: 0.02061128430068493
Rank:0 Epoch: [31/40], Step: [441/782], Loss: 0.12423653900623322
Rank:0 Epoch: [31/40], Step: [451/782], Loss: 0.03546077758073807
Rank:0 Epoch: [31/40], Step: [461/782], Loss: 0.09597281366586685
Rank:0 Epoch: [31/40], Step: [471/782], Loss: 0.15890879929065704
Rank:0 Epoch: [31/40], Step: [481/782], Loss: 0.06028451770544052
Rank:0 Epoch: [31/40], Step: [491/782], Loss: 0.1385515034198761
Rank:0 Epoch: [31/40], Step: [501/782], Loss: 0.04452284052968025
Rank:0 Epoch: [31/40], Step: [511/782], Loss: 0.038176972419023514
Rank:0 Epoch: [31/40], Step: [521/782], Loss: 0.13362561166286469
Rank:0 Epoch: [31/40], Step: [531/782], Loss: 0.041928794234991074
Rank:0 Epoch: [31/40], Step: [541/782], Loss: 0.029439209029078484
Rank:0 Epoch: [31/40], Step: [551/782], Loss: 0.02575044147670269
Rank:0 Epoch: [31/40], Step: [561/782], Loss: 0.07983443886041641
Rank:0 Epoch: [31/40], Step: [571/782], Loss: 0.06822644919157028
Rank:0 Epoch: [31/40], Step: [581/782], Loss: 0.11809950321912766
Rank:0 Epoch: [31/40], Step: [591/782], Loss: 0.061361830681562424
Rank:0 Epoch: [31/40], Step: [601/782], Loss: 0.03907090798020363
Rank:0 Epoch: [31/40], Step: [611/782], Loss: 0.04893719032406807
Rank:0 Epoch: [31/40], Step: [621/782], Loss: 0.1365973800420761
Rank:0 Epoch: [31/40], Step: [631/782], Loss: 0.07915176451206207
Rank:0 Epoch: [31/40], Step: [641/782], Loss: 0.12054663151502609
Rank:0 Epoch: [31/40], Step: [651/782], Loss: 0.06418575346469879
Rank:0 Epoch: [31/40], Step: [661/782], Loss: 0.06150089204311371
Rank:0 Epoch: [31/40], Step: [671/782], Loss: 0.09649071097373962
Rank:0 Epoch: [31/40], Step: [681/782], Loss: 0.10920613259077072
Rank:0 Epoch: [31/40], Step: [691/782], Loss: 0.128788024187088
Rank:0 Epoch: [31/40], Step: [701/782], Loss: 0.0483238585293293
Rank:0 Epoch: [31/40], Step: [711/782], Loss: 0.02951940894126892
Rank:0 Epoch: [31/40], Step: [721/782], Loss: 0.10233480483293533
Rank:0 Epoch: [31/40], Step: [731/782], Loss: 0.070479616522789
Rank:0 Epoch: [31/40], Step: [741/782], Loss: 0.0903233215212822
Rank:0 Epoch: [31/40], Step: [751/782], Loss: 0.06064792722463608
Rank:0 Epoch: [31/40], Step: [761/782], Loss: 0.09130382537841797
Rank:0 Epoch: [31/40], Step: [771/782], Loss: 0.15517596900463104
Rank:0 Epoch: [31/40], Step: [781/782], Loss: 0.024068746715784073
Current Test Acc: 0.9172
Rank:0 Epoch: [32/40], Step: [1/782], Loss: 0.04730597883462906
Rank:0 Epoch: [32/40], Step: [11/782], Loss: 0.05250608175992966
Rank:0 Epoch: [32/40], Step: [21/782], Loss: 0.13808384537696838
Rank:0 Epoch: [32/40], Step: [31/782], Loss: 0.15119284391403198
Rank:0 Epoch: [32/40], Step: [41/782], Loss: 0.0649171695113182
Rank:0 Epoch: [32/40], Step: [51/782], Loss: 0.058855459094047546
Rank:0 Epoch: [32/40], Step: [61/782], Loss: 0.12320293486118317
Rank:0 Epoch: [32/40], Step: [71/782], Loss: 0.1800207942724228
Rank:0 Epoch: [32/40], Step: [81/782], Loss: 0.10713084042072296
Rank:0 Epoch: [32/40], Step: [91/782], Loss: 0.0466647744178772
Rank:0 Epoch: [32/40], Step: [101/782], Loss: 0.06332267075777054
Rank:0 Epoch: [32/40], Step: [111/782], Loss: 0.10965818911790848
Rank:0 Epoch: [32/40], Step: [121/782], Loss: 0.10339716821908951
Rank:0 Epoch: [32/40], Step: [131/782], Loss: 0.05364818871021271
Rank:0 Epoch: [32/40], Step: [141/782], Loss: 0.0883881226181984
Rank:0 Epoch: [32/40], Step: [151/782], Loss: 0.05582239851355553
Rank:0 Epoch: [32/40], Step: [161/782], Loss: 0.08132907003164291
Rank:0 Epoch: [32/40], Step: [171/782], Loss: 0.08826962858438492
Rank:0 Epoch: [32/40], Step: [181/782], Loss: 0.08085911720991135
Rank:0 Epoch: [32/40], Step: [191/782], Loss: 0.05316387861967087
Rank:0 Epoch: [32/40], Step: [201/782], Loss: 0.0936623215675354
Rank:0 Epoch: [32/40], Step: [211/782], Loss: 0.0680001899600029
Rank:0 Epoch: [32/40], Step: [221/782], Loss: 0.17583464086055756
Rank:0 Epoch: [32/40], Step: [231/782], Loss: 0.08441244810819626
Rank:0 Epoch: [32/40], Step: [241/782], Loss: 0.0521114282310009
Rank:0 Epoch: [32/40], Step: [251/782], Loss: 0.07851874083280563
Rank:0 Epoch: [32/40], Step: [261/782], Loss: 0.04266534373164177
Rank:0 Epoch: [32/40], Step: [271/782], Loss: 0.07597462087869644
Rank:0 Epoch: [32/40], Step: [281/782], Loss: 0.05188905820250511
Rank:0 Epoch: [32/40], Step: [291/782], Loss: 0.11891985684633255
Rank:0 Epoch: [32/40], Step: [301/782], Loss: 0.02726029045879841
Rank:0 Epoch: [32/40], Step: [311/782], Loss: 0.08107518404722214
Rank:0 Epoch: [32/40], Step: [321/782], Loss: 0.054113030433654785
Rank:0 Epoch: [32/40], Step: [331/782], Loss: 0.03296835720539093
Rank:0 Epoch: [32/40], Step: [341/782], Loss: 0.03984447941184044
Rank:0 Epoch: [32/40], Step: [351/782], Loss: 0.11435362696647644
Rank:0 Epoch: [32/40], Step: [361/782], Loss: 0.039619047194719315
Rank:0 Epoch: [32/40], Step: [371/782], Loss: 0.06979867070913315
Rank:0 Epoch: [32/40], Step: [381/782], Loss: 0.05505385994911194
Rank:0 Epoch: [32/40], Step: [391/782], Loss: 0.04482060670852661
Rank:0 Epoch: [32/40], Step: [401/782], Loss: 0.0699855238199234
Rank:0 Epoch: [32/40], Step: [411/782], Loss: 0.11697343736886978
Rank:0 Epoch: [32/40], Step: [421/782], Loss: 0.0336797721683979
Rank:0 Epoch: [32/40], Step: [431/782], Loss: 0.06587433069944382
Rank:0 Epoch: [32/40], Step: [441/782], Loss: 0.06999699026346207
Rank:0 Epoch: [32/40], Step: [451/782], Loss: 0.06948944181203842
Rank:0 Epoch: [32/40], Step: [461/782], Loss: 0.045083098113536835
Rank:0 Epoch: [32/40], Step: [471/782], Loss: 0.1701592355966568
Rank:0 Epoch: [32/40], Step: [481/782], Loss: 0.030228056013584137
Rank:0 Epoch: [32/40], Step: [491/782], Loss: 0.15536627173423767
Rank:0 Epoch: [32/40], Step: [501/782], Loss: 0.20419909060001373
Rank:0 Epoch: [32/40], Step: [511/782], Loss: 0.024630749598145485
Rank:0 Epoch: [32/40], Step: [521/782], Loss: 0.03173993527889252
Rank:0 Epoch: [32/40], Step: [531/782], Loss: 0.05024261772632599
Rank:0 Epoch: [32/40], Step: [541/782], Loss: 0.0775357261300087
Rank:0 Epoch: [32/40], Step: [551/782], Loss: 0.05085514858365059
Rank:0 Epoch: [32/40], Step: [561/782], Loss: 0.07032904028892517
Rank:0 Epoch: [32/40], Step: [571/782], Loss: 0.029334373772144318
Rank:0 Epoch: [32/40], Step: [581/782], Loss: 0.10298331081867218
Rank:0 Epoch: [32/40], Step: [591/782], Loss: 0.12750552594661713
Rank:0 Epoch: [32/40], Step: [601/782], Loss: 0.07597889751195908
Rank:0 Epoch: [32/40], Step: [611/782], Loss: 0.027354231104254723
Rank:0 Epoch: [32/40], Step: [621/782], Loss: 0.1659899652004242
Rank:0 Epoch: [32/40], Step: [631/782], Loss: 0.1750500202178955
Rank:0 Epoch: [32/40], Step: [641/782], Loss: 0.08388496935367584
Rank:0 Epoch: [32/40], Step: [651/782], Loss: 0.02458438277244568
Rank:0 Epoch: [32/40], Step: [661/782], Loss: 0.04744226112961769
Rank:0 Epoch: [32/40], Step: [671/782], Loss: 0.08628000319004059
Rank:0 Epoch: [32/40], Step: [681/782], Loss: 0.0239056795835495
Rank:0 Epoch: [32/40], Step: [691/782], Loss: 0.06749468296766281
Rank:0 Epoch: [32/40], Step: [701/782], Loss: 0.069951631128788
Rank:0 Epoch: [32/40], Step: [711/782], Loss: 0.12218976020812988
Rank:0 Epoch: [32/40], Step: [721/782], Loss: 0.08831530064344406
Rank:0 Epoch: [32/40], Step: [731/782], Loss: 0.07988327741622925
Rank:0 Epoch: [32/40], Step: [741/782], Loss: 0.05522848665714264
Rank:0 Epoch: [32/40], Step: [751/782], Loss: 0.18059465289115906
Rank:0 Epoch: [32/40], Step: [761/782], Loss: 0.03875957801938057
Rank:0 Epoch: [32/40], Step: [771/782], Loss: 0.10389865189790726
Rank:0 Epoch: [32/40], Step: [781/782], Loss: 0.05304062366485596
Current Test Acc: 0.9167
Rank:0 Epoch: [33/40], Step: [1/782], Loss: 0.06717047840356827
Rank:0 Epoch: [33/40], Step: [11/782], Loss: 0.14711043238639832
Rank:0 Epoch: [33/40], Step: [21/782], Loss: 0.10024493932723999
Rank:0 Epoch: [33/40], Step: [31/782], Loss: 0.10412459075450897
Rank:0 Epoch: [33/40], Step: [41/782], Loss: 0.1436290442943573
Rank:0 Epoch: [33/40], Step: [51/782], Loss: 0.06595490127801895
Rank:0 Epoch: [33/40], Step: [61/782], Loss: 0.024452228099107742
Rank:0 Epoch: [33/40], Step: [71/782], Loss: 0.02503341995179653
Rank:0 Epoch: [33/40], Step: [81/782], Loss: 0.06441409885883331
Rank:0 Epoch: [33/40], Step: [91/782], Loss: 0.12115702033042908
Rank:0 Epoch: [33/40], Step: [101/782], Loss: 0.08259593695402145
Rank:0 Epoch: [33/40], Step: [111/782], Loss: 0.03055688738822937
Rank:0 Epoch: [33/40], Step: [121/782], Loss: 0.07229158282279968
Rank:0 Epoch: [33/40], Step: [131/782], Loss: 0.05455062538385391
Rank:0 Epoch: [33/40], Step: [141/782], Loss: 0.03243860602378845
Rank:0 Epoch: [33/40], Step: [151/782], Loss: 0.11967342346906662
Rank:0 Epoch: [33/40], Step: [161/782], Loss: 0.0967581495642662
Rank:0 Epoch: [33/40], Step: [171/782], Loss: 0.07334613054990768
Rank:0 Epoch: [33/40], Step: [181/782], Loss: 0.047731030732393265
Rank:0 Epoch: [33/40], Step: [191/782], Loss: 0.09921184182167053
Rank:0 Epoch: [33/40], Step: [201/782], Loss: 0.09664811193943024
Rank:0 Epoch: [33/40], Step: [211/782], Loss: 0.07447179406881332
Rank:0 Epoch: [33/40], Step: [221/782], Loss: 0.13822585344314575
Rank:0 Epoch: [33/40], Step: [231/782], Loss: 0.03291061520576477
Rank:0 Epoch: [33/40], Step: [241/782], Loss: 0.03027331829071045
Rank:0 Epoch: [33/40], Step: [251/782], Loss: 0.0780303031206131
Rank:0 Epoch: [33/40], Step: [261/782], Loss: 0.0934382826089859
Rank:0 Epoch: [33/40], Step: [271/782], Loss: 0.019256995990872383
Rank:0 Epoch: [33/40], Step: [281/782], Loss: 0.047622524201869965
Rank:0 Epoch: [33/40], Step: [291/782], Loss: 0.03084152191877365
Rank:0 Epoch: [33/40], Step: [301/782], Loss: 0.049951665103435516
Rank:0 Epoch: [33/40], Step: [311/782], Loss: 0.02970285899937153
Rank:0 Epoch: [33/40], Step: [321/782], Loss: 0.2767145335674286
Rank:0 Epoch: [33/40], Step: [331/782], Loss: 0.050001636147499084
Rank:0 Epoch: [33/40], Step: [341/782], Loss: 0.14231832325458527
Rank:0 Epoch: [33/40], Step: [351/782], Loss: 0.07623138278722763
Rank:0 Epoch: [33/40], Step: [361/782], Loss: 0.04807856306433678
Rank:0 Epoch: [33/40], Step: [371/782], Loss: 0.128681480884552
Rank:0 Epoch: [33/40], Step: [381/782], Loss: 0.06869197636842728
Rank:0 Epoch: [33/40], Step: [391/782], Loss: 0.06406376510858536
Rank:0 Epoch: [33/40], Step: [401/782], Loss: 0.09393554925918579
Rank:0 Epoch: [33/40], Step: [411/782], Loss: 0.09982050210237503
Rank:0 Epoch: [33/40], Step: [421/782], Loss: 0.039225023239851
Rank:0 Epoch: [33/40], Step: [431/782], Loss: 0.07711842656135559
Rank:0 Epoch: [33/40], Step: [441/782], Loss: 0.033702582120895386
Rank:0 Epoch: [33/40], Step: [451/782], Loss: 0.017294710502028465
Rank:0 Epoch: [33/40], Step: [461/782], Loss: 0.07062012702226639
Rank:0 Epoch: [33/40], Step: [471/782], Loss: 0.038361456245183945
Rank:0 Epoch: [33/40], Step: [481/782], Loss: 0.1782177835702896
Rank:0 Epoch: [33/40], Step: [491/782], Loss: 0.049897000193595886
Rank:0 Epoch: [33/40], Step: [501/782], Loss: 0.06546458601951599
Rank:0 Epoch: [33/40], Step: [511/782], Loss: 0.08190659433603287
Rank:0 Epoch: [33/40], Step: [521/782], Loss: 0.14445523917675018
Rank:0 Epoch: [33/40], Step: [531/782], Loss: 0.17663156986236572
Rank:0 Epoch: [33/40], Step: [541/782], Loss: 0.0834001898765564
Rank:0 Epoch: [33/40], Step: [551/782], Loss: 0.04091111198067665
Rank:0 Epoch: [33/40], Step: [561/782], Loss: 0.06440303474664688
Rank:0 Epoch: [33/40], Step: [571/782], Loss: 0.16576549410820007
Rank:0 Epoch: [33/40], Step: [581/782], Loss: 0.08990120142698288
Rank:0 Epoch: [33/40], Step: [591/782], Loss: 0.06358963996171951
Rank:0 Epoch: [33/40], Step: [601/782], Loss: 0.14946354925632477
Rank:0 Epoch: [33/40], Step: [611/782], Loss: 0.06308922916650772
Rank:0 Epoch: [33/40], Step: [621/782], Loss: 0.10424105077981949
Rank:0 Epoch: [33/40], Step: [631/782], Loss: 0.07111397385597229
Rank:0 Epoch: [33/40], Step: [641/782], Loss: 0.03431547433137894
Rank:0 Epoch: [33/40], Step: [651/782], Loss: 0.11041588336229324
Rank:0 Epoch: [33/40], Step: [661/782], Loss: 0.02878410741686821
Rank:0 Epoch: [33/40], Step: [671/782], Loss: 0.11339547485113144
Rank:0 Epoch: [33/40], Step: [681/782], Loss: 0.1924511343240738
Rank:0 Epoch: [33/40], Step: [691/782], Loss: 0.07283663749694824
Rank:0 Epoch: [33/40], Step: [701/782], Loss: 0.03769311308860779
Rank:0 Epoch: [33/40], Step: [711/782], Loss: 0.06032627820968628
Rank:0 Epoch: [33/40], Step: [721/782], Loss: 0.08707331120967865
Rank:0 Epoch: [33/40], Step: [731/782], Loss: 0.0560154914855957
Rank:0 Epoch: [33/40], Step: [741/782], Loss: 0.035364799201488495
Rank:0 Epoch: [33/40], Step: [751/782], Loss: 0.07520933449268341
Rank:0 Epoch: [33/40], Step: [761/782], Loss: 0.09492424130439758
Rank:0 Epoch: [33/40], Step: [771/782], Loss: 0.06862850487232208
Rank:0 Epoch: [33/40], Step: [781/782], Loss: 0.09543632715940475
Current Test Acc: 0.9185
Rank:0 Epoch: [34/40], Step: [1/782], Loss: 0.03268462419509888
Rank:0 Epoch: [34/40], Step: [11/782], Loss: 0.08863281458616257
Rank:0 Epoch: [34/40], Step: [21/782], Loss: 0.12075795233249664
Rank:0 Epoch: [34/40], Step: [31/782], Loss: 0.13863371312618256
Rank:0 Epoch: [34/40], Step: [41/782], Loss: 0.06826534867286682
Rank:0 Epoch: [34/40], Step: [51/782], Loss: 0.03501952812075615
Rank:0 Epoch: [34/40], Step: [61/782], Loss: 0.10208476334810257
Rank:0 Epoch: [34/40], Step: [71/782], Loss: 0.012755014933645725
Rank:0 Epoch: [34/40], Step: [81/782], Loss: 0.0367516353726387
Rank:0 Epoch: [34/40], Step: [91/782], Loss: 0.033257488161325455
Rank:0 Epoch: [34/40], Step: [101/782], Loss: 0.03195841982960701
Rank:0 Epoch: [34/40], Step: [111/782], Loss: 0.06530165672302246
Rank:0 Epoch: [34/40], Step: [121/782], Loss: 0.17239420115947723
Rank:0 Epoch: [34/40], Step: [131/782], Loss: 0.1417076736688614
Rank:0 Epoch: [34/40], Step: [141/782], Loss: 0.06324600428342819
Rank:0 Epoch: [34/40], Step: [151/782], Loss: 0.04092266783118248
Rank:0 Epoch: [34/40], Step: [161/782], Loss: 0.11863162368535995
Rank:0 Epoch: [34/40], Step: [171/782], Loss: 0.09067054092884064
Rank:0 Epoch: [34/40], Step: [181/782], Loss: 0.0840601846575737
Rank:0 Epoch: [34/40], Step: [191/782], Loss: 0.03141636773943901
Rank:0 Epoch: [34/40], Step: [201/782], Loss: 0.062233809381723404
Rank:0 Epoch: [34/40], Step: [211/782], Loss: 0.061195529997348785
Rank:0 Epoch: [34/40], Step: [221/782], Loss: 0.0283749271184206
Rank:0 Epoch: [34/40], Step: [231/782], Loss: 0.044051799923181534
Rank:0 Epoch: [34/40], Step: [241/782], Loss: 0.020091911777853966
Rank:0 Epoch: [34/40], Step: [251/782], Loss: 0.1360395848751068
Rank:0 Epoch: [34/40], Step: [261/782], Loss: 0.08080992102622986
Rank:0 Epoch: [34/40], Step: [271/782], Loss: 0.12610773742198944
Rank:0 Epoch: [34/40], Step: [281/782], Loss: 0.051144637167453766
Rank:0 Epoch: [34/40], Step: [291/782], Loss: 0.03235199674963951
Rank:0 Epoch: [34/40], Step: [301/782], Loss: 0.10852818936109543
Rank:0 Epoch: [34/40], Step: [311/782], Loss: 0.10740744322538376
Rank:0 Epoch: [34/40], Step: [321/782], Loss: 0.050947487354278564
Rank:0 Epoch: [34/40], Step: [331/782], Loss: 0.11697874963283539
Rank:0 Epoch: [34/40], Step: [341/782], Loss: 0.08556219935417175
Rank:0 Epoch: [34/40], Step: [351/782], Loss: 0.03325462341308594
Rank:0 Epoch: [34/40], Step: [361/782], Loss: 0.0299491249024868
Rank:0 Epoch: [34/40], Step: [371/782], Loss: 0.0965116024017334
Rank:0 Epoch: [34/40], Step: [381/782], Loss: 0.040409937500953674
Rank:0 Epoch: [34/40], Step: [391/782], Loss: 0.037127044051885605
Rank:0 Epoch: [34/40], Step: [401/782], Loss: 0.06253518909215927
Rank:0 Epoch: [34/40], Step: [411/782], Loss: 0.07089197635650635
Rank:0 Epoch: [34/40], Step: [421/782], Loss: 0.06381633877754211
Rank:0 Epoch: [34/40], Step: [431/782], Loss: 0.04392959922552109
Rank:0 Epoch: [34/40], Step: [441/782], Loss: 0.08897797018289566
Rank:0 Epoch: [34/40], Step: [451/782], Loss: 0.03999793902039528
Rank:0 Epoch: [34/40], Step: [461/782], Loss: 0.04918043315410614
Rank:0 Epoch: [34/40], Step: [471/782], Loss: 0.033273033797740936
Rank:0 Epoch: [34/40], Step: [481/782], Loss: 0.1579669713973999
Rank:0 Epoch: [34/40], Step: [491/782], Loss: 0.04208804666996002
Rank:0 Epoch: [34/40], Step: [501/782], Loss: 0.06678611040115356
Rank:0 Epoch: [34/40], Step: [511/782], Loss: 0.045487742871046066
Rank:0 Epoch: [34/40], Step: [521/782], Loss: 0.03474825248122215
Rank:0 Epoch: [34/40], Step: [531/782], Loss: 0.1693122535943985
Rank:0 Epoch: [34/40], Step: [541/782], Loss: 0.025683388113975525
Rank:0 Epoch: [34/40], Step: [551/782], Loss: 0.11191806942224503
Rank:0 Epoch: [34/40], Step: [561/782], Loss: 0.047241367399692535
Rank:0 Epoch: [34/40], Step: [571/782], Loss: 0.050392039120197296
Rank:0 Epoch: [34/40], Step: [581/782], Loss: 0.1378311663866043
Rank:0 Epoch: [34/40], Step: [591/782], Loss: 0.15599584579467773
Rank:0 Epoch: [34/40], Step: [601/782], Loss: 0.06216865032911301
Rank:0 Epoch: [34/40], Step: [611/782], Loss: 0.03792418912053108
Rank:0 Epoch: [34/40], Step: [621/782], Loss: 0.0808636024594307
Rank:0 Epoch: [34/40], Step: [631/782], Loss: 0.09125776588916779
Rank:0 Epoch: [34/40], Step: [641/782], Loss: 0.046331267803907394
Rank:0 Epoch: [34/40], Step: [651/782], Loss: 0.09441453963518143
Rank:0 Epoch: [34/40], Step: [661/782], Loss: 0.11685707420110703
Rank:0 Epoch: [34/40], Step: [671/782], Loss: 0.07888484001159668
Rank:0 Epoch: [34/40], Step: [681/782], Loss: 0.09022022038698196
Rank:0 Epoch: [34/40], Step: [691/782], Loss: 0.08491029590368271
Rank:0 Epoch: [34/40], Step: [701/782], Loss: 0.03458118066191673
Rank:0 Epoch: [34/40], Step: [711/782], Loss: 0.0623062439262867
Rank:0 Epoch: [34/40], Step: [721/782], Loss: 0.09566964209079742
Rank:0 Epoch: [34/40], Step: [731/782], Loss: 0.019123416393995285
Rank:0 Epoch: [34/40], Step: [741/782], Loss: 0.03097093105316162
Rank:0 Epoch: [34/40], Step: [751/782], Loss: 0.07893286645412445
Rank:0 Epoch: [34/40], Step: [761/782], Loss: 0.04848767817020416
Rank:0 Epoch: [34/40], Step: [771/782], Loss: 0.06505357474088669
Rank:0 Epoch: [34/40], Step: [781/782], Loss: 0.04181627929210663
Current Test Acc: 0.9186
Rank:0 Epoch: [35/40], Step: [1/782], Loss: 0.011350353248417377
Rank:0 Epoch: [35/40], Step: [11/782], Loss: 0.06225036829710007
Rank:0 Epoch: [35/40], Step: [21/782], Loss: 0.04687894880771637
Rank:0 Epoch: [35/40], Step: [31/782], Loss: 0.0629807636141777
Rank:0 Epoch: [35/40], Step: [41/782], Loss: 0.10660917311906815
Rank:0 Epoch: [35/40], Step: [51/782], Loss: 0.0631682425737381
Rank:0 Epoch: [35/40], Step: [61/782], Loss: 0.04277975857257843
Rank:0 Epoch: [35/40], Step: [71/782], Loss: 0.05798075720667839
Rank:0 Epoch: [35/40], Step: [81/782], Loss: 0.14082255959510803
Rank:0 Epoch: [35/40], Step: [91/782], Loss: 0.07549050450325012
Rank:0 Epoch: [35/40], Step: [101/782], Loss: 0.06824696809053421
Rank:0 Epoch: [35/40], Step: [111/782], Loss: 0.08248088508844376
Rank:0 Epoch: [35/40], Step: [121/782], Loss: 0.03805982694029808
Rank:0 Epoch: [35/40], Step: [131/782], Loss: 0.06180362030863762
Rank:0 Epoch: [35/40], Step: [141/782], Loss: 0.0783083438873291
Rank:0 Epoch: [35/40], Step: [151/782], Loss: 0.06157810986042023
Rank:0 Epoch: [35/40], Step: [161/782], Loss: 0.050253357738256454
Rank:0 Epoch: [35/40], Step: [171/782], Loss: 0.02163483016192913
Rank:0 Epoch: [35/40], Step: [181/782], Loss: 0.11419752240180969
Rank:0 Epoch: [35/40], Step: [191/782], Loss: 0.05629703029990196
Rank:0 Epoch: [35/40], Step: [201/782], Loss: 0.06909547001123428
Rank:0 Epoch: [35/40], Step: [211/782], Loss: 0.03232266381382942
Rank:0 Epoch: [35/40], Step: [221/782], Loss: 0.1266864538192749
Rank:0 Epoch: [35/40], Step: [231/782], Loss: 0.04204792529344559
Rank:0 Epoch: [35/40], Step: [241/782], Loss: 0.039087969809770584
Rank:0 Epoch: [35/40], Step: [251/782], Loss: 0.029943235218524933
Rank:0 Epoch: [35/40], Step: [261/782], Loss: 0.08785775303840637
Rank:0 Epoch: [35/40], Step: [271/782], Loss: 0.07205051928758621
Rank:0 Epoch: [35/40], Step: [281/782], Loss: 0.062371134757995605
Rank:0 Epoch: [35/40], Step: [291/782], Loss: 0.0758514255285263
Rank:0 Epoch: [35/40], Step: [301/782], Loss: 0.08156648278236389
Rank:0 Epoch: [35/40], Step: [311/782], Loss: 0.034348320215940475
Rank:0 Epoch: [35/40], Step: [321/782], Loss: 0.08141715824604034
Rank:0 Epoch: [35/40], Step: [331/782], Loss: 0.04448378086090088
Rank:0 Epoch: [35/40], Step: [341/782], Loss: 0.06905518472194672
Rank:0 Epoch: [35/40], Step: [351/782], Loss: 0.11474114656448364
Rank:0 Epoch: [35/40], Step: [361/782], Loss: 0.059934936463832855
Rank:0 Epoch: [35/40], Step: [371/782], Loss: 0.05849970877170563
Rank:0 Epoch: [35/40], Step: [381/782], Loss: 0.05663081258535385
Rank:0 Epoch: [35/40], Step: [391/782], Loss: 0.06678902357816696
Rank:0 Epoch: [35/40], Step: [401/782], Loss: 0.18220989406108856
Rank:0 Epoch: [35/40], Step: [411/782], Loss: 0.07745097577571869
Rank:0 Epoch: [35/40], Step: [421/782], Loss: 0.055501893162727356
Rank:0 Epoch: [35/40], Step: [431/782], Loss: 0.06262373179197311
Rank:0 Epoch: [35/40], Step: [441/782], Loss: 0.11828302592039108
Rank:0 Epoch: [35/40], Step: [451/782], Loss: 0.05388538911938667
Rank:0 Epoch: [35/40], Step: [461/782], Loss: 0.043876346200704575
Rank:0 Epoch: [35/40], Step: [471/782], Loss: 0.03407074138522148
Rank:0 Epoch: [35/40], Step: [481/782], Loss: 0.02814958244562149
Rank:0 Epoch: [35/40], Step: [491/782], Loss: 0.07420311123132706
Rank:0 Epoch: [35/40], Step: [501/782], Loss: 0.034600868821144104
Rank:0 Epoch: [35/40], Step: [511/782], Loss: 0.12110447138547897
Rank:0 Epoch: [35/40], Step: [521/782], Loss: 0.08803845196962357
Rank:0 Epoch: [35/40], Step: [531/782], Loss: 0.12122291326522827
Rank:0 Epoch: [35/40], Step: [541/782], Loss: 0.05323152244091034
Rank:0 Epoch: [35/40], Step: [551/782], Loss: 0.049490783363580704
Rank:0 Epoch: [35/40], Step: [561/782], Loss: 0.024714184924960136
Rank:0 Epoch: [35/40], Step: [571/782], Loss: 0.08355824649333954
Rank:0 Epoch: [35/40], Step: [581/782], Loss: 0.09821940213441849
Rank:0 Epoch: [35/40], Step: [591/782], Loss: 0.09575734287500381
Rank:0 Epoch: [35/40], Step: [601/782], Loss: 0.05949743464589119
Rank:0 Epoch: [35/40], Step: [611/782], Loss: 0.023695290088653564
Rank:0 Epoch: [35/40], Step: [621/782], Loss: 0.054877813905477524
Rank:0 Epoch: [35/40], Step: [631/782], Loss: 0.04798068478703499
Rank:0 Epoch: [35/40], Step: [641/782], Loss: 0.025519348680973053
Rank:0 Epoch: [35/40], Step: [651/782], Loss: 0.07750217616558075
Rank:0 Epoch: [35/40], Step: [661/782], Loss: 0.051473136991262436
Rank:0 Epoch: [35/40], Step: [671/782], Loss: 0.0864032432436943
Rank:0 Epoch: [35/40], Step: [681/782], Loss: 0.15371407568454742
Rank:0 Epoch: [35/40], Step: [691/782], Loss: 0.158597931265831
Rank:0 Epoch: [35/40], Step: [701/782], Loss: 0.0492531880736351
Rank:0 Epoch: [35/40], Step: [711/782], Loss: 0.09508901089429855
Rank:0 Epoch: [35/40], Step: [721/782], Loss: 0.03727695718407631
Rank:0 Epoch: [35/40], Step: [731/782], Loss: 0.08485668897628784
Rank:0 Epoch: [35/40], Step: [741/782], Loss: 0.22881358861923218
Rank:0 Epoch: [35/40], Step: [751/782], Loss: 0.06357912719249725
Rank:0 Epoch: [35/40], Step: [761/782], Loss: 0.04001839458942413
Rank:0 Epoch: [35/40], Step: [771/782], Loss: 0.11246518790721893
Rank:0 Epoch: [35/40], Step: [781/782], Loss: 0.059674009680747986
Current Test Acc: 0.9174
Rank:0 Epoch: [36/40], Step: [1/782], Loss: 0.01580304466187954
Rank:0 Epoch: [36/40], Step: [11/782], Loss: 0.0389292947947979
Rank:0 Epoch: [36/40], Step: [21/782], Loss: 0.07117275148630142
Rank:0 Epoch: [36/40], Step: [31/782], Loss: 0.07559013366699219
Rank:0 Epoch: [36/40], Step: [41/782], Loss: 0.07274755835533142
Rank:0 Epoch: [36/40], Step: [51/782], Loss: 0.08041556179523468
Rank:0 Epoch: [36/40], Step: [61/782], Loss: 0.12256558984518051
Rank:0 Epoch: [36/40], Step: [71/782], Loss: 0.08829843997955322
Rank:0 Epoch: [36/40], Step: [81/782], Loss: 0.08886731415987015
Rank:0 Epoch: [36/40], Step: [91/782], Loss: 0.060033176094293594
Rank:0 Epoch: [36/40], Step: [101/782], Loss: 0.08757029473781586
Rank:0 Epoch: [36/40], Step: [111/782], Loss: 0.05752897262573242
Rank:0 Epoch: [36/40], Step: [121/782], Loss: 0.13849963247776031
Rank:0 Epoch: [36/40], Step: [131/782], Loss: 0.09929187595844269
Rank:0 Epoch: [36/40], Step: [141/782], Loss: 0.10957194864749908
Rank:0 Epoch: [36/40], Step: [151/782], Loss: 0.11233700811862946
Rank:0 Epoch: [36/40], Step: [161/782], Loss: 0.013165862299501896
Rank:0 Epoch: [36/40], Step: [171/782], Loss: 0.10686522722244263
Rank:0 Epoch: [36/40], Step: [181/782], Loss: 0.08271732181310654
Rank:0 Epoch: [36/40], Step: [191/782], Loss: 0.0552869476377964
Rank:0 Epoch: [36/40], Step: [201/782], Loss: 0.041836321353912354
Rank:0 Epoch: [36/40], Step: [211/782], Loss: 0.10527952015399933
Rank:0 Epoch: [36/40], Step: [221/782], Loss: 0.05259408801794052
Rank:0 Epoch: [36/40], Step: [231/782], Loss: 0.06825529038906097
Rank:0 Epoch: [36/40], Step: [241/782], Loss: 0.02447693608701229
Rank:0 Epoch: [36/40], Step: [251/782], Loss: 0.10816089063882828
Rank:0 Epoch: [36/40], Step: [261/782], Loss: 0.08748699724674225
Rank:0 Epoch: [36/40], Step: [271/782], Loss: 0.047053780406713486
Rank:0 Epoch: [36/40], Step: [281/782], Loss: 0.06426239758729935
Rank:0 Epoch: [36/40], Step: [291/782], Loss: 0.0775703713297844
Rank:0 Epoch: [36/40], Step: [301/782], Loss: 0.07598253339529037
Rank:0 Epoch: [36/40], Step: [311/782], Loss: 0.039745524525642395
Rank:0 Epoch: [36/40], Step: [321/782], Loss: 0.07159534841775894
Rank:0 Epoch: [36/40], Step: [331/782], Loss: 0.044676635414361954
Rank:0 Epoch: [36/40], Step: [341/782], Loss: 0.0989147499203682
Rank:0 Epoch: [36/40], Step: [351/782], Loss: 0.0699472427368164
Rank:0 Epoch: [36/40], Step: [361/782], Loss: 0.05761517956852913
Rank:0 Epoch: [36/40], Step: [371/782], Loss: 0.038383714854717255
Rank:0 Epoch: [36/40], Step: [381/782], Loss: 0.036131903529167175
Rank:0 Epoch: [36/40], Step: [391/782], Loss: 0.08995253592729568
Rank:0 Epoch: [36/40], Step: [401/782], Loss: 0.06741636246442795
Rank:0 Epoch: [36/40], Step: [411/782], Loss: 0.06034389138221741
Rank:0 Epoch: [36/40], Step: [421/782], Loss: 0.0960952490568161
Rank:0 Epoch: [36/40], Step: [431/782], Loss: 0.061682842671871185
Rank:0 Epoch: [36/40], Step: [441/782], Loss: 0.044252537190914154
Rank:0 Epoch: [36/40], Step: [451/782], Loss: 0.06097608432173729
Rank:0 Epoch: [36/40], Step: [461/782], Loss: 0.008799777366220951
Rank:0 Epoch: [36/40], Step: [471/782], Loss: 0.051545675843954086
Rank:0 Epoch: [36/40], Step: [481/782], Loss: 0.048022329807281494
Rank:0 Epoch: [36/40], Step: [491/782], Loss: 0.04547462984919548
Rank:0 Epoch: [36/40], Step: [501/782], Loss: 0.04778275266289711
Rank:0 Epoch: [36/40], Step: [511/782], Loss: 0.14036664366722107
Rank:0 Epoch: [36/40], Step: [521/782], Loss: 0.047522787004709244
Rank:0 Epoch: [36/40], Step: [531/782], Loss: 0.10264509916305542
Rank:0 Epoch: [36/40], Step: [541/782], Loss: 0.07728875428438187
Rank:0 Epoch: [36/40], Step: [551/782], Loss: 0.06588491052389145
Rank:0 Epoch: [36/40], Step: [561/782], Loss: 0.0944649800658226
Rank:0 Epoch: [36/40], Step: [571/782], Loss: 0.11880014836788177
Rank:0 Epoch: [36/40], Step: [581/782], Loss: 0.08453630656003952
Rank:0 Epoch: [36/40], Step: [591/782], Loss: 0.08997874706983566
Rank:0 Epoch: [36/40], Step: [601/782], Loss: 0.01806321181356907
Rank:0 Epoch: [36/40], Step: [611/782], Loss: 0.06678173691034317
Rank:0 Epoch: [36/40], Step: [621/782], Loss: 0.04822714626789093
Rank:0 Epoch: [36/40], Step: [631/782], Loss: 0.017838653177022934
Rank:0 Epoch: [36/40], Step: [641/782], Loss: 0.06629980355501175
Rank:0 Epoch: [36/40], Step: [651/782], Loss: 0.1285770684480667
Rank:0 Epoch: [36/40], Step: [661/782], Loss: 0.17043213546276093
Rank:0 Epoch: [36/40], Step: [671/782], Loss: 0.10141487419605255
Rank:0 Epoch: [36/40], Step: [681/782], Loss: 0.04728937894105911
Rank:0 Epoch: [36/40], Step: [691/782], Loss: 0.08468098938465118
Rank:0 Epoch: [36/40], Step: [701/782], Loss: 0.01421353779733181
Rank:0 Epoch: [36/40], Step: [711/782], Loss: 0.15060503780841827
Rank:0 Epoch: [36/40], Step: [721/782], Loss: 0.04639724642038345
Rank:0 Epoch: [36/40], Step: [731/782], Loss: 0.02794329635798931
Rank:0 Epoch: [36/40], Step: [741/782], Loss: 0.04758307337760925
Rank:0 Epoch: [36/40], Step: [751/782], Loss: 0.19017009437084198
Rank:0 Epoch: [36/40], Step: [761/782], Loss: 0.05449559912085533
Rank:0 Epoch: [36/40], Step: [771/782], Loss: 0.10311077535152435
Rank:0 Epoch: [36/40], Step: [781/782], Loss: 0.04128507524728775
Current Test Acc: 0.9169
Rank:0 Epoch: [37/40], Step: [1/782], Loss: 0.047640006989240646
Rank:0 Epoch: [37/40], Step: [11/782], Loss: 0.1160048395395279
Rank:0 Epoch: [37/40], Step: [21/782], Loss: 0.008259164169430733
Rank:0 Epoch: [37/40], Step: [31/782], Loss: 0.05425494164228439
Rank:0 Epoch: [37/40], Step: [41/782], Loss: 0.04729108139872551
Rank:0 Epoch: [37/40], Step: [51/782], Loss: 0.0890931487083435
Rank:0 Epoch: [37/40], Step: [61/782], Loss: 0.07035951316356659
Rank:0 Epoch: [37/40], Step: [71/782], Loss: 0.036052342504262924
Rank:0 Epoch: [37/40], Step: [81/782], Loss: 0.09034306555986404
Rank:0 Epoch: [37/40], Step: [91/782], Loss: 0.08102758228778839
Rank:0 Epoch: [37/40], Step: [101/782], Loss: 0.05182467773556709
Rank:0 Epoch: [37/40], Step: [111/782], Loss: 0.12063150852918625
Rank:0 Epoch: [37/40], Step: [121/782], Loss: 0.06393486261367798
Rank:0 Epoch: [37/40], Step: [131/782], Loss: 0.01288232859224081
Rank:0 Epoch: [37/40], Step: [141/782], Loss: 0.09638907015323639
Rank:0 Epoch: [37/40], Step: [151/782], Loss: 0.05318685248494148
Rank:0 Epoch: [37/40], Step: [161/782], Loss: 0.10910548269748688
Rank:0 Epoch: [37/40], Step: [171/782], Loss: 0.057424161583185196
Rank:0 Epoch: [37/40], Step: [181/782], Loss: 0.037700966000556946
Rank:0 Epoch: [37/40], Step: [191/782], Loss: 0.06800995767116547
Rank:0 Epoch: [37/40], Step: [201/782], Loss: 0.03546781465411186
Rank:0 Epoch: [37/40], Step: [211/782], Loss: 0.05417092517018318
Rank:0 Epoch: [37/40], Step: [221/782], Loss: 0.01910005509853363
Rank:0 Epoch: [37/40], Step: [231/782], Loss: 0.05639836937189102
Rank:0 Epoch: [37/40], Step: [241/782], Loss: 0.12067388743162155
Rank:0 Epoch: [37/40], Step: [251/782], Loss: 0.11646842956542969
Rank:0 Epoch: [37/40], Step: [261/782], Loss: 0.06997682899236679
Rank:0 Epoch: [37/40], Step: [271/782], Loss: 0.05467422306537628
Rank:0 Epoch: [37/40], Step: [281/782], Loss: 0.07743547111749649
Rank:0 Epoch: [37/40], Step: [291/782], Loss: 0.1077570766210556
Rank:0 Epoch: [37/40], Step: [301/782], Loss: 0.0662498027086258
Rank:0 Epoch: [37/40], Step: [311/782], Loss: 0.09159205108880997
Rank:0 Epoch: [37/40], Step: [321/782], Loss: 0.0970601737499237
Rank:0 Epoch: [37/40], Step: [331/782], Loss: 0.09877248108386993
Rank:0 Epoch: [37/40], Step: [341/782], Loss: 0.031299665570259094
Rank:0 Epoch: [37/40], Step: [351/782], Loss: 0.02791551500558853
Rank:0 Epoch: [37/40], Step: [361/782], Loss: 0.0505516491830349
Rank:0 Epoch: [37/40], Step: [371/782], Loss: 0.0169161856174469
Rank:0 Epoch: [37/40], Step: [381/782], Loss: 0.05743692070245743
Rank:0 Epoch: [37/40], Step: [391/782], Loss: 0.07812711596488953
Rank:0 Epoch: [37/40], Step: [401/782], Loss: 0.10590551793575287
Rank:0 Epoch: [37/40], Step: [411/782], Loss: 0.06746957451105118
Rank:0 Epoch: [37/40], Step: [421/782], Loss: 0.07278677076101303
Rank:0 Epoch: [37/40], Step: [431/782], Loss: 0.020346250385046005
Rank:0 Epoch: [37/40], Step: [441/782], Loss: 0.10741647332906723
Rank:0 Epoch: [37/40], Step: [451/782], Loss: 0.019300367683172226
Rank:0 Epoch: [37/40], Step: [461/782], Loss: 0.03959602862596512
Rank:0 Epoch: [37/40], Step: [471/782], Loss: 0.04867531731724739
Rank:0 Epoch: [37/40], Step: [481/782], Loss: 0.14608240127563477
Rank:0 Epoch: [37/40], Step: [491/782], Loss: 0.06272318214178085
Rank:0 Epoch: [37/40], Step: [501/782], Loss: 0.02682168036699295
Rank:0 Epoch: [37/40], Step: [511/782], Loss: 0.09612011909484863
Rank:0 Epoch: [37/40], Step: [521/782], Loss: 0.05623389780521393
Rank:0 Epoch: [37/40], Step: [531/782], Loss: 0.07636156678199768
Rank:0 Epoch: [37/40], Step: [541/782], Loss: 0.10909371823072433
Rank:0 Epoch: [37/40], Step: [551/782], Loss: 0.03415601700544357
Rank:0 Epoch: [37/40], Step: [561/782], Loss: 0.12220661342144012
Rank:0 Epoch: [37/40], Step: [571/782], Loss: 0.08367680013179779
Rank:0 Epoch: [37/40], Step: [581/782], Loss: 0.09480355679988861
Rank:0 Epoch: [37/40], Step: [591/782], Loss: 0.09500641375780106
Rank:0 Epoch: [37/40], Step: [601/782], Loss: 0.200822114944458
Rank:0 Epoch: [37/40], Step: [611/782], Loss: 0.05009957402944565
Rank:0 Epoch: [37/40], Step: [621/782], Loss: 0.059476256370544434
Rank:0 Epoch: [37/40], Step: [631/782], Loss: 0.10491909086704254
Rank:0 Epoch: [37/40], Step: [641/782], Loss: 0.037495072931051254
Rank:0 Epoch: [37/40], Step: [651/782], Loss: 0.10498381406068802
Rank:0 Epoch: [37/40], Step: [661/782], Loss: 0.09290339052677155
Rank:0 Epoch: [37/40], Step: [671/782], Loss: 0.05489158630371094
Rank:0 Epoch: [37/40], Step: [681/782], Loss: 0.10328464955091476
Rank:0 Epoch: [37/40], Step: [691/782], Loss: 0.07587949186563492
Rank:0 Epoch: [37/40], Step: [701/782], Loss: 0.09817999601364136
Rank:0 Epoch: [37/40], Step: [711/782], Loss: 0.022512543946504593
Rank:0 Epoch: [37/40], Step: [721/782], Loss: 0.0321795791387558
Rank:0 Epoch: [37/40], Step: [731/782], Loss: 0.10596849769353867
Rank:0 Epoch: [37/40], Step: [741/782], Loss: 0.010932532139122486
Rank:0 Epoch: [37/40], Step: [751/782], Loss: 0.11291222274303436
Rank:0 Epoch: [37/40], Step: [761/782], Loss: 0.01114495936781168
Rank:0 Epoch: [37/40], Step: [771/782], Loss: 0.10050757974386215
Rank:0 Epoch: [37/40], Step: [781/782], Loss: 0.038843367248773575
Current Test Acc: 0.9201
Rank:0 Epoch: [38/40], Step: [1/782], Loss: 0.07485970109701157
Rank:0 Epoch: [38/40], Step: [11/782], Loss: 0.09073369950056076
Rank:0 Epoch: [38/40], Step: [21/782], Loss: 0.05085432901978493
Rank:0 Epoch: [38/40], Step: [31/782], Loss: 0.06912583112716675
Rank:0 Epoch: [38/40], Step: [41/782], Loss: 0.0510420948266983
Rank:0 Epoch: [38/40], Step: [51/782], Loss: 0.05544569715857506
Rank:0 Epoch: [38/40], Step: [61/782], Loss: 0.04005908966064453
Rank:0 Epoch: [38/40], Step: [71/782], Loss: 0.03763995319604874
Rank:0 Epoch: [38/40], Step: [81/782], Loss: 0.0806221142411232
Rank:0 Epoch: [38/40], Step: [91/782], Loss: 0.05509771406650543
Rank:0 Epoch: [38/40], Step: [101/782], Loss: 0.046296365559101105
Rank:0 Epoch: [38/40], Step: [111/782], Loss: 0.1557174026966095
Rank:0 Epoch: [38/40], Step: [121/782], Loss: 0.06720014661550522
Rank:0 Epoch: [38/40], Step: [131/782], Loss: 0.09367112070322037
Rank:0 Epoch: [38/40], Step: [141/782], Loss: 0.02935631014406681
Rank:0 Epoch: [38/40], Step: [151/782], Loss: 0.011286260560154915
Rank:0 Epoch: [38/40], Step: [161/782], Loss: 0.026214711368083954
Rank:0 Epoch: [38/40], Step: [171/782], Loss: 0.07818420231342316
Rank:0 Epoch: [38/40], Step: [181/782], Loss: 0.0704646185040474
Rank:0 Epoch: [38/40], Step: [191/782], Loss: 0.04809648171067238
Rank:0 Epoch: [38/40], Step: [201/782], Loss: 0.04983023554086685
Rank:0 Epoch: [38/40], Step: [211/782], Loss: 0.10639254003763199
Rank:0 Epoch: [38/40], Step: [221/782], Loss: 0.11096794158220291
Rank:0 Epoch: [38/40], Step: [231/782], Loss: 0.0521819181740284
Rank:0 Epoch: [38/40], Step: [241/782], Loss: 0.04001089930534363
Rank:0 Epoch: [38/40], Step: [251/782], Loss: 0.03165494650602341
Rank:0 Epoch: [38/40], Step: [261/782], Loss: 0.07364984601736069
Rank:0 Epoch: [38/40], Step: [271/782], Loss: 0.04969066381454468
Rank:0 Epoch: [38/40], Step: [281/782], Loss: 0.052574701607227325
Rank:0 Epoch: [38/40], Step: [291/782], Loss: 0.12273596227169037
Rank:0 Epoch: [38/40], Step: [301/782], Loss: 0.06968608498573303
Rank:0 Epoch: [38/40], Step: [311/782], Loss: 0.08339980244636536
Rank:0 Epoch: [38/40], Step: [321/782], Loss: 0.13822084665298462
Rank:0 Epoch: [38/40], Step: [331/782], Loss: 0.10147494077682495
Rank:0 Epoch: [38/40], Step: [341/782], Loss: 0.08417325466871262
Rank:0 Epoch: [38/40], Step: [351/782], Loss: 0.030155258253216743
Rank:0 Epoch: [38/40], Step: [361/782], Loss: 0.10134667903184891
Rank:0 Epoch: [38/40], Step: [371/782], Loss: 0.09280716627836227
Rank:0 Epoch: [38/40], Step: [381/782], Loss: 0.036593109369277954
Rank:0 Epoch: [38/40], Step: [391/782], Loss: 0.05167125537991524
Rank:0 Epoch: [38/40], Step: [401/782], Loss: 0.022315315902233124
Rank:0 Epoch: [38/40], Step: [411/782], Loss: 0.05447018891572952
Rank:0 Epoch: [38/40], Step: [421/782], Loss: 0.02570158615708351
Rank:0 Epoch: [38/40], Step: [431/782], Loss: 0.035235825926065445
Rank:0 Epoch: [38/40], Step: [441/782], Loss: 0.11492117494344711
Rank:0 Epoch: [38/40], Step: [451/782], Loss: 0.0375497043132782
Rank:0 Epoch: [38/40], Step: [461/782], Loss: 0.023619985207915306
Rank:0 Epoch: [38/40], Step: [471/782], Loss: 0.014365052804350853
Rank:0 Epoch: [38/40], Step: [481/782], Loss: 0.2547816336154938
Rank:0 Epoch: [38/40], Step: [491/782], Loss: 0.119570791721344
Rank:0 Epoch: [38/40], Step: [501/782], Loss: 0.031317830085754395
Rank:0 Epoch: [38/40], Step: [511/782], Loss: 0.11006321758031845
Rank:0 Epoch: [38/40], Step: [521/782], Loss: 0.04723585397005081
Rank:0 Epoch: [38/40], Step: [531/782], Loss: 0.016334066167473793
Rank:0 Epoch: [38/40], Step: [541/782], Loss: 0.024209661409258842
Rank:0 Epoch: [38/40], Step: [551/782], Loss: 0.09938472509384155
Rank:0 Epoch: [38/40], Step: [561/782], Loss: 0.028000250458717346
Rank:0 Epoch: [38/40], Step: [571/782], Loss: 0.04940066486597061
Rank:0 Epoch: [38/40], Step: [581/782], Loss: 0.039688970893621445
Rank:0 Epoch: [38/40], Step: [591/782], Loss: 0.04262525960803032
Rank:0 Epoch: [38/40], Step: [601/782], Loss: 0.08056450635194778
Rank:0 Epoch: [38/40], Step: [611/782], Loss: 0.07420464605093002
Rank:0 Epoch: [38/40], Step: [621/782], Loss: 0.08372783660888672
Rank:0 Epoch: [38/40], Step: [631/782], Loss: 0.15150435268878937
Rank:0 Epoch: [38/40], Step: [641/782], Loss: 0.059785861521959305
Rank:0 Epoch: [38/40], Step: [651/782], Loss: 0.0542883574962616
Rank:0 Epoch: [38/40], Step: [661/782], Loss: 0.08974549174308777
Rank:0 Epoch: [38/40], Step: [671/782], Loss: 0.06319029629230499
Rank:0 Epoch: [38/40], Step: [681/782], Loss: 0.11715228855609894
Rank:0 Epoch: [38/40], Step: [691/782], Loss: 0.024979397654533386
Rank:0 Epoch: [38/40], Step: [701/782], Loss: 0.030270855873823166
Rank:0 Epoch: [38/40], Step: [711/782], Loss: 0.028986856341362
Rank:0 Epoch: [38/40], Step: [721/782], Loss: 0.03500324860215187
Rank:0 Epoch: [38/40], Step: [731/782], Loss: 0.09356620907783508
Rank:0 Epoch: [38/40], Step: [741/782], Loss: 0.006804038770496845
Rank:0 Epoch: [38/40], Step: [751/782], Loss: 0.14270567893981934
Rank:0 Epoch: [38/40], Step: [761/782], Loss: 0.07543668150901794
Rank:0 Epoch: [38/40], Step: [771/782], Loss: 0.18238410353660583
Rank:0 Epoch: [38/40], Step: [781/782], Loss: 0.02406242862343788
Current Test Acc: 0.9179
Rank:0 Epoch: [39/40], Step: [1/782], Loss: 0.03354377672076225
Rank:0 Epoch: [39/40], Step: [11/782], Loss: 0.0331977978348732
Rank:0 Epoch: [39/40], Step: [21/782], Loss: 0.11398784816265106
Rank:0 Epoch: [39/40], Step: [31/782], Loss: 0.03844451531767845
Rank:0 Epoch: [39/40], Step: [41/782], Loss: 0.11299081146717072
Rank:0 Epoch: [39/40], Step: [51/782], Loss: 0.02871689759194851
Rank:0 Epoch: [39/40], Step: [61/782], Loss: 0.15486104786396027
Rank:0 Epoch: [39/40], Step: [71/782], Loss: 0.03552750498056412
Rank:0 Epoch: [39/40], Step: [81/782], Loss: 0.08177515864372253
Rank:0 Epoch: [39/40], Step: [91/782], Loss: 0.029281212016940117
Rank:0 Epoch: [39/40], Step: [101/782], Loss: 0.06195920705795288
Rank:0 Epoch: [39/40], Step: [111/782], Loss: 0.04538432136178017
Rank:0 Epoch: [39/40], Step: [121/782], Loss: 0.023459389805793762
Rank:0 Epoch: [39/40], Step: [131/782], Loss: 0.1273408830165863
Rank:0 Epoch: [39/40], Step: [141/782], Loss: 0.09405066072940826
Rank:0 Epoch: [39/40], Step: [151/782], Loss: 0.08055663853883743
Rank:0 Epoch: [39/40], Step: [161/782], Loss: 0.09767665714025497
Rank:0 Epoch: [39/40], Step: [171/782], Loss: 0.06433206796646118
Rank:0 Epoch: [39/40], Step: [181/782], Loss: 0.03979632630944252
Rank:0 Epoch: [39/40], Step: [191/782], Loss: 0.06652503460645676
Rank:0 Epoch: [39/40], Step: [201/782], Loss: 0.07196056097745895
Rank:0 Epoch: [39/40], Step: [211/782], Loss: 0.03639652580022812
Rank:0 Epoch: [39/40], Step: [221/782], Loss: 0.14941072463989258
Rank:0 Epoch: [39/40], Step: [231/782], Loss: 0.09270207583904266
Rank:0 Epoch: [39/40], Step: [241/782], Loss: 0.06471345573663712
Rank:0 Epoch: [39/40], Step: [251/782], Loss: 0.08514909446239471
Rank:0 Epoch: [39/40], Step: [261/782], Loss: 0.1310160905122757
Rank:0 Epoch: [39/40], Step: [271/782], Loss: 0.030445538461208344
Rank:0 Epoch: [39/40], Step: [281/782], Loss: 0.028668440878391266
Rank:0 Epoch: [39/40], Step: [291/782], Loss: 0.04722825437784195
Rank:0 Epoch: [39/40], Step: [301/782], Loss: 0.1841229945421219
Rank:0 Epoch: [39/40], Step: [311/782], Loss: 0.06661906093358994
Rank:0 Epoch: [39/40], Step: [321/782], Loss: 0.13914883136749268
Rank:0 Epoch: [39/40], Step: [331/782], Loss: 0.21633437275886536
Rank:0 Epoch: [39/40], Step: [341/782], Loss: 0.051784101873636246
Rank:0 Epoch: [39/40], Step: [351/782], Loss: 0.042493876069784164
Rank:0 Epoch: [39/40], Step: [361/782], Loss: 0.022847628220915794
Rank:0 Epoch: [39/40], Step: [371/782], Loss: 0.03441927954554558
Rank:0 Epoch: [39/40], Step: [381/782], Loss: 0.0995403602719307
Rank:0 Epoch: [39/40], Step: [391/782], Loss: 0.07345861941576004
Rank:0 Epoch: [39/40], Step: [401/782], Loss: 0.04541732370853424
Rank:0 Epoch: [39/40], Step: [411/782], Loss: 0.06949809193611145
Rank:0 Epoch: [39/40], Step: [421/782], Loss: 0.05711596459150314
Rank:0 Epoch: [39/40], Step: [431/782], Loss: 0.028135867789387703
Rank:0 Epoch: [39/40], Step: [441/782], Loss: 0.16489076614379883
Rank:0 Epoch: [39/40], Step: [451/782], Loss: 0.09986520558595657
Rank:0 Epoch: [39/40], Step: [461/782], Loss: 0.060159243643283844
Rank:0 Epoch: [39/40], Step: [471/782], Loss: 0.06034757196903229
Rank:0 Epoch: [39/40], Step: [481/782], Loss: 0.18726791441440582
Rank:0 Epoch: [39/40], Step: [491/782], Loss: 0.049227166920900345
Rank:0 Epoch: [39/40], Step: [501/782], Loss: 0.08419942855834961
Rank:0 Epoch: [39/40], Step: [511/782], Loss: 0.012814559042453766
Rank:0 Epoch: [39/40], Step: [521/782], Loss: 0.2191106081008911
Rank:0 Epoch: [39/40], Step: [531/782], Loss: 0.03292752057313919
Rank:0 Epoch: [39/40], Step: [541/782], Loss: 0.06868543475866318
Rank:0 Epoch: [39/40], Step: [551/782], Loss: 0.04348791763186455
Rank:0 Epoch: [39/40], Step: [561/782], Loss: 0.2264692783355713
Rank:0 Epoch: [39/40], Step: [571/782], Loss: 0.09709525853395462
Rank:0 Epoch: [39/40], Step: [581/782], Loss: 0.05698318034410477
Rank:0 Epoch: [39/40], Step: [591/782], Loss: 0.11408941447734833
Rank:0 Epoch: [39/40], Step: [601/782], Loss: 0.06675870716571808
Rank:0 Epoch: [39/40], Step: [611/782], Loss: 0.0767781212925911
Rank:0 Epoch: [39/40], Step: [621/782], Loss: 0.03277682885527611
Rank:0 Epoch: [39/40], Step: [631/782], Loss: 0.022614378482103348
Rank:0 Epoch: [39/40], Step: [641/782], Loss: 0.018836064264178276
Rank:0 Epoch: [39/40], Step: [651/782], Loss: 0.027875840663909912
Rank:0 Epoch: [39/40], Step: [661/782], Loss: 0.0563354566693306
Rank:0 Epoch: [39/40], Step: [671/782], Loss: 0.07122387737035751
Rank:0 Epoch: [39/40], Step: [681/782], Loss: 0.05961840599775314
Rank:0 Epoch: [39/40], Step: [691/782], Loss: 0.05719391256570816
Rank:0 Epoch: [39/40], Step: [701/782], Loss: 0.05315674841403961
Rank:0 Epoch: [39/40], Step: [711/782], Loss: 0.09577934443950653
Rank:0 Epoch: [39/40], Step: [721/782], Loss: 0.029167430475354195
Rank:0 Epoch: [39/40], Step: [731/782], Loss: 0.04610324651002884
Rank:0 Epoch: [39/40], Step: [741/782], Loss: 0.11792957037687302
Rank:0 Epoch: [39/40], Step: [751/782], Loss: 0.04780854284763336
Rank:0 Epoch: [39/40], Step: [761/782], Loss: 0.043210387229919434
Rank:0 Epoch: [39/40], Step: [771/782], Loss: 0.10855390876531601
Rank:0 Epoch: [39/40], Step: [781/782], Loss: 0.04457131773233414
Current Test Acc: 0.9186
Rank:0 Epoch: [40/40], Step: [1/782], Loss: 0.03455314785242081
Rank:0 Epoch: [40/40], Step: [11/782], Loss: 0.05592697858810425
Rank:0 Epoch: [40/40], Step: [21/782], Loss: 0.0810299962759018
Rank:0 Epoch: [40/40], Step: [31/782], Loss: 0.05769432336091995
Rank:0 Epoch: [40/40], Step: [41/782], Loss: 0.12237640470266342
Rank:0 Epoch: [40/40], Step: [51/782], Loss: 0.12255848944187164
Rank:0 Epoch: [40/40], Step: [61/782], Loss: 0.07439154386520386
Rank:0 Epoch: [40/40], Step: [71/782], Loss: 0.035499926656484604
Rank:0 Epoch: [40/40], Step: [81/782], Loss: 0.08757985383272171
Rank:0 Epoch: [40/40], Step: [91/782], Loss: 0.07339613139629364
Rank:0 Epoch: [40/40], Step: [101/782], Loss: 0.09184328466653824
Rank:0 Epoch: [40/40], Step: [111/782], Loss: 0.12315958738327026
Rank:0 Epoch: [40/40], Step: [121/782], Loss: 0.02906528301537037
Rank:0 Epoch: [40/40], Step: [131/782], Loss: 0.03905756026506424
Rank:0 Epoch: [40/40], Step: [141/782], Loss: 0.06160469725728035
Rank:0 Epoch: [40/40], Step: [151/782], Loss: 0.04481325298547745
Rank:0 Epoch: [40/40], Step: [161/782], Loss: 0.03950187563896179
Rank:0 Epoch: [40/40], Step: [171/782], Loss: 0.052219320088624954
Rank:0 Epoch: [40/40], Step: [181/782], Loss: 0.020168721675872803
Rank:0 Epoch: [40/40], Step: [191/782], Loss: 0.13465756177902222
Rank:0 Epoch: [40/40], Step: [201/782], Loss: 0.03210063651204109
Rank:0 Epoch: [40/40], Step: [211/782], Loss: 0.02535114623606205
Rank:0 Epoch: [40/40], Step: [221/782], Loss: 0.014830994419753551
Rank:0 Epoch: [40/40], Step: [231/782], Loss: 0.11530734598636627
Rank:0 Epoch: [40/40], Step: [241/782], Loss: 0.0763336718082428
Rank:0 Epoch: [40/40], Step: [251/782], Loss: 0.07568018138408661
Rank:0 Epoch: [40/40], Step: [261/782], Loss: 0.07515989989042282
Rank:0 Epoch: [40/40], Step: [271/782], Loss: 0.08500789850950241
Rank:0 Epoch: [40/40], Step: [281/782], Loss: 0.08859828859567642
Rank:0 Epoch: [40/40], Step: [291/782], Loss: 0.03561919182538986
Rank:0 Epoch: [40/40], Step: [301/782], Loss: 0.037238214164972305
Rank:0 Epoch: [40/40], Step: [311/782], Loss: 0.1926281750202179
Rank:0 Epoch: [40/40], Step: [321/782], Loss: 0.09555740654468536
Rank:0 Epoch: [40/40], Step: [331/782], Loss: 0.02377590909600258
Rank:0 Epoch: [40/40], Step: [341/782], Loss: 0.14160816371440887
Rank:0 Epoch: [40/40], Step: [351/782], Loss: 0.029734017327427864
Rank:0 Epoch: [40/40], Step: [361/782], Loss: 0.09070758521556854
Rank:0 Epoch: [40/40], Step: [371/782], Loss: 0.08404769748449326
Rank:0 Epoch: [40/40], Step: [381/782], Loss: 0.0662744790315628
Rank:0 Epoch: [40/40], Step: [391/782], Loss: 0.13493728637695312
Rank:0 Epoch: [40/40], Step: [401/782], Loss: 0.0705476924777031
Rank:0 Epoch: [40/40], Step: [411/782], Loss: 0.07416661828756332
Rank:0 Epoch: [40/40], Step: [421/782], Loss: 0.028306182473897934
Rank:0 Epoch: [40/40], Step: [431/782], Loss: 0.02722552977502346
Rank:0 Epoch: [40/40], Step: [441/782], Loss: 0.04556513950228691
Rank:0 Epoch: [40/40], Step: [451/782], Loss: 0.13616767525672913
Rank:0 Epoch: [40/40], Step: [461/782], Loss: 0.07763901352882385
Rank:0 Epoch: [40/40], Step: [471/782], Loss: 0.24912995100021362
Rank:0 Epoch: [40/40], Step: [481/782], Loss: 0.0560271330177784
Rank:0 Epoch: [40/40], Step: [491/782], Loss: 0.16578516364097595
Rank:0 Epoch: [40/40], Step: [501/782], Loss: 0.08603834360837936
Rank:0 Epoch: [40/40], Step: [511/782], Loss: 0.0971141830086708
Rank:0 Epoch: [40/40], Step: [521/782], Loss: 0.11774063855409622
Rank:0 Epoch: [40/40], Step: [531/782], Loss: 0.04174242913722992
Rank:0 Epoch: [40/40], Step: [541/782], Loss: 0.11327630281448364
Rank:0 Epoch: [40/40], Step: [551/782], Loss: 0.05053647607564926
Rank:0 Epoch: [40/40], Step: [561/782], Loss: 0.02345966547727585
Rank:0 Epoch: [40/40], Step: [571/782], Loss: 0.02692113257944584
Rank:0 Epoch: [40/40], Step: [581/782], Loss: 0.13233277201652527
Rank:0 Epoch: [40/40], Step: [591/782], Loss: 0.04094041883945465
Rank:0 Epoch: [40/40], Step: [601/782], Loss: 0.1921781450510025
Rank:0 Epoch: [40/40], Step: [611/782], Loss: 0.06713100522756577
Rank:0 Epoch: [40/40], Step: [621/782], Loss: 0.10488405078649521
Rank:0 Epoch: [40/40], Step: [631/782], Loss: 0.14008258283138275
Rank:0 Epoch: [40/40], Step: [641/782], Loss: 0.06655215471982956
Rank:0 Epoch: [40/40], Step: [651/782], Loss: 0.056353550404310226
Rank:0 Epoch: [40/40], Step: [661/782], Loss: 0.05166527256369591
Rank:0 Epoch: [40/40], Step: [671/782], Loss: 0.03074566088616848
Rank:0 Epoch: [40/40], Step: [681/782], Loss: 0.01950998604297638
Rank:0 Epoch: [40/40], Step: [691/782], Loss: 0.06484439969062805
Rank:0 Epoch: [40/40], Step: [701/782], Loss: 0.05736915022134781
Rank:0 Epoch: [40/40], Step: [711/782], Loss: 0.03878827020525932
Rank:0 Epoch: [40/40], Step: [721/782], Loss: 0.051541175693273544
Rank:0 Epoch: [40/40], Step: [731/782], Loss: 0.08905098587274551
Rank:0 Epoch: [40/40], Step: [741/782], Loss: 0.037306010723114014
Rank:0 Epoch: [40/40], Step: [751/782], Loss: 0.09793675690889359
Rank:0 Epoch: [40/40], Step: [761/782], Loss: 0.05137151852250099
Rank:0 Epoch: [40/40], Step: [771/782], Loss: 0.042975373566150665
Rank:0 Epoch: [40/40], Step: [781/782], Loss: 0.0373343862593174
Current Test Acc: 0.9181
Local best accuracy so far 0.9201
Best accuracy so far 0.9201
completed!
