ddp backend: nccl, world size: 1
rank 0 train on cuda 0
Rank:0 Epoch: [1/40], Step: [1/782], Loss: 2.229689836502075
Rank:0 Epoch: [1/40], Step: [11/782], Loss: 1.9091600179672241
Rank:0 Epoch: [1/40], Step: [21/782], Loss: 1.5672000646591187
Rank:0 Epoch: [1/40], Step: [31/782], Loss: 1.387567162513733
Rank:0 Epoch: [1/40], Step: [41/782], Loss: 1.129709005355835
Rank:0 Epoch: [1/40], Step: [51/782], Loss: 1.1594091653823853
Rank:0 Epoch: [1/40], Step: [61/782], Loss: 1.2049466371536255
Rank:0 Epoch: [1/40], Step: [71/782], Loss: 1.5364842414855957
Rank:0 Epoch: [1/40], Step: [81/782], Loss: 1.2436275482177734
Rank:0 Epoch: [1/40], Step: [91/782], Loss: 1.4038410186767578
Rank:0 Epoch: [1/40], Step: [101/782], Loss: 1.1721861362457275
Rank:0 Epoch: [1/40], Step: [111/782], Loss: 1.2784639596939087
Rank:0 Epoch: [1/40], Step: [121/782], Loss: 1.1476925611495972
Rank:0 Epoch: [1/40], Step: [131/782], Loss: 1.1740362644195557
Rank:0 Epoch: [1/40], Step: [141/782], Loss: 1.2442444562911987
Rank:0 Epoch: [1/40], Step: [151/782], Loss: 1.386242151260376
Rank:0 Epoch: [1/40], Step: [161/782], Loss: 1.461567997932434
Rank:0 Epoch: [1/40], Step: [171/782], Loss: 1.2118608951568604
Rank:0 Epoch: [1/40], Step: [181/782], Loss: 1.1714541912078857
Rank:0 Epoch: [1/40], Step: [191/782], Loss: 1.0676581859588623
Rank:0 Epoch: [1/40], Step: [201/782], Loss: 1.3047492504119873
Rank:0 Epoch: [1/40], Step: [211/782], Loss: 1.1025062799453735
Rank:0 Epoch: [1/40], Step: [221/782], Loss: 1.1181747913360596
Rank:0 Epoch: [1/40], Step: [231/782], Loss: 1.170149803161621
Rank:0 Epoch: [1/40], Step: [241/782], Loss: 1.0278490781784058
Rank:0 Epoch: [1/40], Step: [251/782], Loss: 0.9430096745491028
Rank:0 Epoch: [1/40], Step: [261/782], Loss: 1.2517130374908447
Rank:0 Epoch: [1/40], Step: [271/782], Loss: 1.2479572296142578
Rank:0 Epoch: [1/40], Step: [281/782], Loss: 0.9186632633209229
Rank:0 Epoch: [1/40], Step: [291/782], Loss: 0.9014431834220886
Rank:0 Epoch: [1/40], Step: [301/782], Loss: 1.1219024658203125
Rank:0 Epoch: [1/40], Step: [311/782], Loss: 1.134246826171875
Rank:0 Epoch: [1/40], Step: [321/782], Loss: 1.102088451385498
Rank:0 Epoch: [1/40], Step: [331/782], Loss: 0.9546892046928406
Rank:0 Epoch: [1/40], Step: [341/782], Loss: 1.032004714012146
Rank:0 Epoch: [1/40], Step: [351/782], Loss: 1.0542579889297485
Rank:0 Epoch: [1/40], Step: [361/782], Loss: 0.9717620015144348
Rank:0 Epoch: [1/40], Step: [371/782], Loss: 1.1423426866531372
Rank:0 Epoch: [1/40], Step: [381/782], Loss: 0.9425909519195557
Rank:0 Epoch: [1/40], Step: [391/782], Loss: 1.0162913799285889
Rank:0 Epoch: [1/40], Step: [401/782], Loss: 1.053890347480774
Rank:0 Epoch: [1/40], Step: [411/782], Loss: 1.0625797510147095
Rank:0 Epoch: [1/40], Step: [421/782], Loss: 1.1691257953643799
Rank:0 Epoch: [1/40], Step: [431/782], Loss: 0.6332218647003174
Rank:0 Epoch: [1/40], Step: [441/782], Loss: 1.1955018043518066
Rank:0 Epoch: [1/40], Step: [451/782], Loss: 1.0145026445388794
Rank:0 Epoch: [1/40], Step: [461/782], Loss: 1.6475812196731567
Rank:0 Epoch: [1/40], Step: [471/782], Loss: 1.1292893886566162
Rank:0 Epoch: [1/40], Step: [481/782], Loss: 1.2704490423202515
Rank:0 Epoch: [1/40], Step: [491/782], Loss: 1.1545310020446777
Rank:0 Epoch: [1/40], Step: [501/782], Loss: 1.4026297330856323
Rank:0 Epoch: [1/40], Step: [511/782], Loss: 1.027496099472046
Rank:0 Epoch: [1/40], Step: [521/782], Loss: 0.8056243658065796
Rank:0 Epoch: [1/40], Step: [531/782], Loss: 1.075279951095581
Rank:0 Epoch: [1/40], Step: [541/782], Loss: 0.5899739861488342
Rank:0 Epoch: [1/40], Step: [551/782], Loss: 1.1039224863052368
Rank:0 Epoch: [1/40], Step: [561/782], Loss: 0.7441892027854919
Rank:0 Epoch: [1/40], Step: [571/782], Loss: 1.1400995254516602
Rank:0 Epoch: [1/40], Step: [581/782], Loss: 1.5171641111373901
Rank:0 Epoch: [1/40], Step: [591/782], Loss: 0.7914854288101196
Rank:0 Epoch: [1/40], Step: [601/782], Loss: 0.7365817427635193
Rank:0 Epoch: [1/40], Step: [611/782], Loss: 1.2484890222549438
Rank:0 Epoch: [1/40], Step: [621/782], Loss: 1.1582204103469849
Rank:0 Epoch: [1/40], Step: [631/782], Loss: 1.0801992416381836
Rank:0 Epoch: [1/40], Step: [641/782], Loss: 1.038645625114441
Rank:0 Epoch: [1/40], Step: [651/782], Loss: 1.1355359554290771
Rank:0 Epoch: [1/40], Step: [661/782], Loss: 1.1978753805160522
Rank:0 Epoch: [1/40], Step: [671/782], Loss: 0.988385796546936
Rank:0 Epoch: [1/40], Step: [681/782], Loss: 0.8648847937583923
Rank:0 Epoch: [1/40], Step: [691/782], Loss: 1.1185307502746582
Rank:0 Epoch: [1/40], Step: [701/782], Loss: 1.1464440822601318
Rank:0 Epoch: [1/40], Step: [711/782], Loss: 0.8187961578369141
Rank:0 Epoch: [1/40], Step: [721/782], Loss: 1.0738917589187622
Rank:0 Epoch: [1/40], Step: [731/782], Loss: 0.8449934720993042
Rank:0 Epoch: [1/40], Step: [741/782], Loss: 0.8145953416824341
Rank:0 Epoch: [1/40], Step: [751/782], Loss: 0.8174839019775391
Rank:0 Epoch: [1/40], Step: [761/782], Loss: 1.221702218055725
Rank:0 Epoch: [1/40], Step: [771/782], Loss: 1.014451503753662
Rank:0 Epoch: [1/40], Step: [781/782], Loss: 0.9023537039756775
Current Test Acc: 0.731
Rank:0 Epoch: [2/40], Step: [1/782], Loss: 0.896329939365387
Rank:0 Epoch: [2/40], Step: [11/782], Loss: 0.6920554041862488
Rank:0 Epoch: [2/40], Step: [21/782], Loss: 0.7067851424217224
Rank:0 Epoch: [2/40], Step: [31/782], Loss: 0.9177744388580322
Rank:0 Epoch: [2/40], Step: [41/782], Loss: 0.7778178453445435
Rank:0 Epoch: [2/40], Step: [51/782], Loss: 0.7773873209953308
Rank:0 Epoch: [2/40], Step: [61/782], Loss: 0.5697721838951111
Rank:0 Epoch: [2/40], Step: [71/782], Loss: 1.0208213329315186
Rank:0 Epoch: [2/40], Step: [81/782], Loss: 0.7500540614128113
Rank:0 Epoch: [2/40], Step: [91/782], Loss: 0.9419845938682556
Rank:0 Epoch: [2/40], Step: [101/782], Loss: 0.7047041058540344
Rank:0 Epoch: [2/40], Step: [111/782], Loss: 0.7772584557533264
Rank:0 Epoch: [2/40], Step: [121/782], Loss: 0.6253666877746582
Rank:0 Epoch: [2/40], Step: [131/782], Loss: 0.7200130224227905
Rank:0 Epoch: [2/40], Step: [141/782], Loss: 0.8887261152267456
Rank:0 Epoch: [2/40], Step: [151/782], Loss: 1.16660737991333
Rank:0 Epoch: [2/40], Step: [161/782], Loss: 0.9018593430519104
Rank:0 Epoch: [2/40], Step: [171/782], Loss: 0.7697631120681763
Rank:0 Epoch: [2/40], Step: [181/782], Loss: 1.0447721481323242
Rank:0 Epoch: [2/40], Step: [191/782], Loss: 0.8025525212287903
Rank:0 Epoch: [2/40], Step: [201/782], Loss: 1.4905481338500977
Rank:0 Epoch: [2/40], Step: [211/782], Loss: 0.8119196891784668
Rank:0 Epoch: [2/40], Step: [221/782], Loss: 0.6104041934013367
Rank:0 Epoch: [2/40], Step: [231/782], Loss: 0.9726312756538391
Rank:0 Epoch: [2/40], Step: [241/782], Loss: 0.839746356010437
Rank:0 Epoch: [2/40], Step: [251/782], Loss: 0.8993889093399048
Rank:0 Epoch: [2/40], Step: [261/782], Loss: 0.6874701380729675
Rank:0 Epoch: [2/40], Step: [271/782], Loss: 0.8645982146263123
Rank:0 Epoch: [2/40], Step: [281/782], Loss: 0.721294105052948
Rank:0 Epoch: [2/40], Step: [291/782], Loss: 1.022306203842163
Rank:0 Epoch: [2/40], Step: [301/782], Loss: 0.726249635219574
Rank:0 Epoch: [2/40], Step: [311/782], Loss: 1.1120296716690063
Rank:0 Epoch: [2/40], Step: [321/782], Loss: 0.9893012642860413
Rank:0 Epoch: [2/40], Step: [331/782], Loss: 0.9235462546348572
Rank:0 Epoch: [2/40], Step: [341/782], Loss: 0.9741297960281372
Rank:0 Epoch: [2/40], Step: [351/782], Loss: 0.6607639193534851
Rank:0 Epoch: [2/40], Step: [361/782], Loss: 0.8840287923812866
Rank:0 Epoch: [2/40], Step: [371/782], Loss: 0.7995455861091614
Rank:0 Epoch: [2/40], Step: [381/782], Loss: 0.7006915211677551
Rank:0 Epoch: [2/40], Step: [391/782], Loss: 0.7549548745155334
Rank:0 Epoch: [2/40], Step: [401/782], Loss: 1.3172776699066162
Rank:0 Epoch: [2/40], Step: [411/782], Loss: 0.7000287771224976
Rank:0 Epoch: [2/40], Step: [421/782], Loss: 0.7712236642837524
Rank:0 Epoch: [2/40], Step: [431/782], Loss: 1.1892662048339844
Rank:0 Epoch: [2/40], Step: [441/782], Loss: 0.7773231267929077
Rank:0 Epoch: [2/40], Step: [451/782], Loss: 0.7387117147445679
Rank:0 Epoch: [2/40], Step: [461/782], Loss: 0.8274000883102417
Rank:0 Epoch: [2/40], Step: [471/782], Loss: 0.9947531819343567
Rank:0 Epoch: [2/40], Step: [481/782], Loss: 0.5856582522392273
Rank:0 Epoch: [2/40], Step: [491/782], Loss: 1.013783574104309
Rank:0 Epoch: [2/40], Step: [501/782], Loss: 0.9130874276161194
Rank:0 Epoch: [2/40], Step: [511/782], Loss: 0.8385682702064514
Rank:0 Epoch: [2/40], Step: [521/782], Loss: 0.5128015279769897
Rank:0 Epoch: [2/40], Step: [531/782], Loss: 0.7599062323570251
Rank:0 Epoch: [2/40], Step: [541/782], Loss: 0.917578399181366
Rank:0 Epoch: [2/40], Step: [551/782], Loss: 0.7754055261611938
Rank:0 Epoch: [2/40], Step: [561/782], Loss: 0.7456117868423462
Rank:0 Epoch: [2/40], Step: [571/782], Loss: 0.48564866185188293
Rank:0 Epoch: [2/40], Step: [581/782], Loss: 0.6117799878120422
Rank:0 Epoch: [2/40], Step: [591/782], Loss: 0.7859605550765991
Rank:0 Epoch: [2/40], Step: [601/782], Loss: 0.7266541719436646
Rank:0 Epoch: [2/40], Step: [611/782], Loss: 0.6050662994384766
Rank:0 Epoch: [2/40], Step: [621/782], Loss: 0.69010990858078
Rank:0 Epoch: [2/40], Step: [631/782], Loss: 0.6960464119911194
Rank:0 Epoch: [2/40], Step: [641/782], Loss: 0.7721372842788696
Rank:0 Epoch: [2/40], Step: [651/782], Loss: 1.0931495428085327
Rank:0 Epoch: [2/40], Step: [661/782], Loss: 0.8897960782051086
Rank:0 Epoch: [2/40], Step: [671/782], Loss: 1.1050090789794922
Rank:0 Epoch: [2/40], Step: [681/782], Loss: 0.80316561460495
Rank:0 Epoch: [2/40], Step: [691/782], Loss: 0.7008782625198364
Rank:0 Epoch: [2/40], Step: [701/782], Loss: 0.6795327663421631
Rank:0 Epoch: [2/40], Step: [711/782], Loss: 0.8479198813438416
Rank:0 Epoch: [2/40], Step: [721/782], Loss: 0.9532524347305298
Rank:0 Epoch: [2/40], Step: [731/782], Loss: 0.40696200728416443
Rank:0 Epoch: [2/40], Step: [741/782], Loss: 1.099507451057434
Rank:0 Epoch: [2/40], Step: [751/782], Loss: 0.6112943887710571
Rank:0 Epoch: [2/40], Step: [761/782], Loss: 1.1343286037445068
Rank:0 Epoch: [2/40], Step: [771/782], Loss: 0.9046974182128906
Rank:0 Epoch: [2/40], Step: [781/782], Loss: 0.6531150937080383
Current Test Acc: 0.7773
Rank:0 Epoch: [3/40], Step: [1/782], Loss: 0.7990386486053467
Rank:0 Epoch: [3/40], Step: [11/782], Loss: 0.8413022756576538
Rank:0 Epoch: [3/40], Step: [21/782], Loss: 1.2024701833724976
Rank:0 Epoch: [3/40], Step: [31/782], Loss: 0.7548909187316895
Rank:0 Epoch: [3/40], Step: [41/782], Loss: 0.5352226495742798
Rank:0 Epoch: [3/40], Step: [51/782], Loss: 0.5496112704277039
Rank:0 Epoch: [3/40], Step: [61/782], Loss: 0.5872526168823242
Rank:0 Epoch: [3/40], Step: [71/782], Loss: 0.7243830561637878
Rank:0 Epoch: [3/40], Step: [81/782], Loss: 0.586266815662384
Rank:0 Epoch: [3/40], Step: [91/782], Loss: 1.1169064044952393
Rank:0 Epoch: [3/40], Step: [101/782], Loss: 0.8025205135345459
Rank:0 Epoch: [3/40], Step: [111/782], Loss: 0.7793508768081665
Rank:0 Epoch: [3/40], Step: [121/782], Loss: 0.780441403388977
Rank:0 Epoch: [3/40], Step: [131/782], Loss: 0.7767646908760071
Rank:0 Epoch: [3/40], Step: [141/782], Loss: 1.145495057106018
Rank:0 Epoch: [3/40], Step: [151/782], Loss: 0.8321900367736816
Rank:0 Epoch: [3/40], Step: [161/782], Loss: 1.1385871171951294
Rank:0 Epoch: [3/40], Step: [171/782], Loss: 0.8339607119560242
Rank:0 Epoch: [3/40], Step: [181/782], Loss: 0.6633269786834717
Rank:0 Epoch: [3/40], Step: [191/782], Loss: 0.5569258332252502
Rank:0 Epoch: [3/40], Step: [201/782], Loss: 0.6876195073127747
Rank:0 Epoch: [3/40], Step: [211/782], Loss: 0.4815911054611206
Rank:0 Epoch: [3/40], Step: [221/782], Loss: 0.7223238945007324
Rank:0 Epoch: [3/40], Step: [231/782], Loss: 0.8119438886642456
Rank:0 Epoch: [3/40], Step: [241/782], Loss: 0.7027536034584045
Rank:0 Epoch: [3/40], Step: [251/782], Loss: 0.5901070237159729
Rank:0 Epoch: [3/40], Step: [261/782], Loss: 0.49104204773902893
Rank:0 Epoch: [3/40], Step: [271/782], Loss: 0.9042962193489075
Rank:0 Epoch: [3/40], Step: [281/782], Loss: 0.933162271976471
Rank:0 Epoch: [3/40], Step: [291/782], Loss: 0.5402751564979553
Rank:0 Epoch: [3/40], Step: [301/782], Loss: 1.035089135169983
Rank:0 Epoch: [3/40], Step: [311/782], Loss: 1.0449024438858032
Rank:0 Epoch: [3/40], Step: [321/782], Loss: 0.6249355673789978
Rank:0 Epoch: [3/40], Step: [331/782], Loss: 0.8988821506500244
Rank:0 Epoch: [3/40], Step: [341/782], Loss: 0.8431339263916016
Rank:0 Epoch: [3/40], Step: [351/782], Loss: 0.7286648750305176
Rank:0 Epoch: [3/40], Step: [361/782], Loss: 1.0385016202926636
Rank:0 Epoch: [3/40], Step: [371/782], Loss: 0.8206835389137268
Rank:0 Epoch: [3/40], Step: [381/782], Loss: 0.6030476689338684
Rank:0 Epoch: [3/40], Step: [391/782], Loss: 0.5957111120223999
Rank:0 Epoch: [3/40], Step: [401/782], Loss: 0.9236282706260681
Rank:0 Epoch: [3/40], Step: [411/782], Loss: 0.7568126320838928
Rank:0 Epoch: [3/40], Step: [421/782], Loss: 0.9463976621627808
Rank:0 Epoch: [3/40], Step: [431/782], Loss: 0.9109780192375183
Rank:0 Epoch: [3/40], Step: [441/782], Loss: 0.8278436064720154
Rank:0 Epoch: [3/40], Step: [451/782], Loss: 0.6370723247528076
Rank:0 Epoch: [3/40], Step: [461/782], Loss: 0.6276168823242188
Rank:0 Epoch: [3/40], Step: [471/782], Loss: 0.6462484002113342
Rank:0 Epoch: [3/40], Step: [481/782], Loss: 1.286710500717163
Rank:0 Epoch: [3/40], Step: [491/782], Loss: 0.7152822017669678
Rank:0 Epoch: [3/40], Step: [501/782], Loss: 0.6620693802833557
Rank:0 Epoch: [3/40], Step: [511/782], Loss: 0.46989500522613525
Rank:0 Epoch: [3/40], Step: [521/782], Loss: 0.7486718893051147
Rank:0 Epoch: [3/40], Step: [531/782], Loss: 0.5886716246604919
Rank:0 Epoch: [3/40], Step: [541/782], Loss: 1.0034198760986328
Rank:0 Epoch: [3/40], Step: [551/782], Loss: 0.6470686197280884
Rank:0 Epoch: [3/40], Step: [561/782], Loss: 0.5862210392951965
Rank:0 Epoch: [3/40], Step: [571/782], Loss: 1.32950758934021
Rank:0 Epoch: [3/40], Step: [581/782], Loss: 0.6520309448242188
Rank:0 Epoch: [3/40], Step: [591/782], Loss: 0.5565482974052429
Rank:0 Epoch: [3/40], Step: [601/782], Loss: 0.6456347703933716
Rank:0 Epoch: [3/40], Step: [611/782], Loss: 0.5717611908912659
Rank:0 Epoch: [3/40], Step: [621/782], Loss: 0.7340761423110962
Rank:0 Epoch: [3/40], Step: [631/782], Loss: 0.8338537812232971
Rank:0 Epoch: [3/40], Step: [641/782], Loss: 0.6643680930137634
Rank:0 Epoch: [3/40], Step: [651/782], Loss: 0.9423283934593201
Rank:0 Epoch: [3/40], Step: [661/782], Loss: 0.5744025111198425
Rank:0 Epoch: [3/40], Step: [671/782], Loss: 0.7122213244438171
Rank:0 Epoch: [3/40], Step: [681/782], Loss: 0.7123682498931885
Rank:0 Epoch: [3/40], Step: [691/782], Loss: 0.782365620136261
Rank:0 Epoch: [3/40], Step: [701/782], Loss: 0.9482632279396057
Rank:0 Epoch: [3/40], Step: [711/782], Loss: 0.6186476945877075
Rank:0 Epoch: [3/40], Step: [721/782], Loss: 0.651699960231781
Rank:0 Epoch: [3/40], Step: [731/782], Loss: 0.8468369841575623
Rank:0 Epoch: [3/40], Step: [741/782], Loss: 0.9030023813247681
Rank:0 Epoch: [3/40], Step: [751/782], Loss: 0.7502198815345764
Rank:0 Epoch: [3/40], Step: [761/782], Loss: 0.7498130202293396
Rank:0 Epoch: [3/40], Step: [771/782], Loss: 0.9465967416763306
Rank:0 Epoch: [3/40], Step: [781/782], Loss: 0.7235170006752014
Current Test Acc: 0.799
Rank:0 Epoch: [4/40], Step: [1/782], Loss: 0.9931660294532776
Rank:0 Epoch: [4/40], Step: [11/782], Loss: 0.5698392987251282
Rank:0 Epoch: [4/40], Step: [21/782], Loss: 0.6988396048545837
Rank:0 Epoch: [4/40], Step: [31/782], Loss: 0.4460654854774475
Rank:0 Epoch: [4/40], Step: [41/782], Loss: 0.5659629106521606
Rank:0 Epoch: [4/40], Step: [51/782], Loss: 0.49008119106292725
Rank:0 Epoch: [4/40], Step: [61/782], Loss: 0.5317108631134033
Rank:0 Epoch: [4/40], Step: [71/782], Loss: 0.5560648441314697
Rank:0 Epoch: [4/40], Step: [81/782], Loss: 0.7244709134101868
Rank:0 Epoch: [4/40], Step: [91/782], Loss: 0.6978368759155273
Rank:0 Epoch: [4/40], Step: [101/782], Loss: 0.7816930413246155
Rank:0 Epoch: [4/40], Step: [111/782], Loss: 0.881030797958374
Rank:0 Epoch: [4/40], Step: [121/782], Loss: 0.5855190753936768
Rank:0 Epoch: [4/40], Step: [131/782], Loss: 0.7420263886451721
Rank:0 Epoch: [4/40], Step: [141/782], Loss: 0.43160873651504517
Rank:0 Epoch: [4/40], Step: [151/782], Loss: 0.9140638113021851
Rank:0 Epoch: [4/40], Step: [161/782], Loss: 0.9174691438674927
Rank:0 Epoch: [4/40], Step: [171/782], Loss: 0.9307196736335754
Rank:0 Epoch: [4/40], Step: [181/782], Loss: 0.7270073294639587
Rank:0 Epoch: [4/40], Step: [191/782], Loss: 0.6689363121986389
Rank:0 Epoch: [4/40], Step: [201/782], Loss: 0.5836893320083618
Rank:0 Epoch: [4/40], Step: [211/782], Loss: 0.865485668182373
Rank:0 Epoch: [4/40], Step: [221/782], Loss: 0.7302924394607544
Rank:0 Epoch: [4/40], Step: [231/782], Loss: 0.6741662621498108
Rank:0 Epoch: [4/40], Step: [241/782], Loss: 0.37852197885513306
Rank:0 Epoch: [4/40], Step: [251/782], Loss: 0.47154700756073
Rank:0 Epoch: [4/40], Step: [261/782], Loss: 0.5583034157752991
Rank:0 Epoch: [4/40], Step: [271/782], Loss: 0.6508533954620361
Rank:0 Epoch: [4/40], Step: [281/782], Loss: 0.7803624272346497
Rank:0 Epoch: [4/40], Step: [291/782], Loss: 0.8462708592414856
Rank:0 Epoch: [4/40], Step: [301/782], Loss: 0.8529064655303955
Rank:0 Epoch: [4/40], Step: [311/782], Loss: 0.5318536162376404
Rank:0 Epoch: [4/40], Step: [321/782], Loss: 0.9189496636390686
Rank:0 Epoch: [4/40], Step: [331/782], Loss: 0.833938479423523
Rank:0 Epoch: [4/40], Step: [341/782], Loss: 0.6731927394866943
Rank:0 Epoch: [4/40], Step: [351/782], Loss: 0.41215813159942627
Rank:0 Epoch: [4/40], Step: [361/782], Loss: 0.7515300512313843
Rank:0 Epoch: [4/40], Step: [371/782], Loss: 0.7426039576530457
Rank:0 Epoch: [4/40], Step: [381/782], Loss: 0.869888424873352
Rank:0 Epoch: [4/40], Step: [391/782], Loss: 0.6614007949829102
Rank:0 Epoch: [4/40], Step: [401/782], Loss: 0.83426433801651
Rank:0 Epoch: [4/40], Step: [411/782], Loss: 0.5241525173187256
Rank:0 Epoch: [4/40], Step: [421/782], Loss: 0.6453772783279419
Rank:0 Epoch: [4/40], Step: [431/782], Loss: 0.9626668691635132
Rank:0 Epoch: [4/40], Step: [441/782], Loss: 1.6166551113128662
Rank:0 Epoch: [4/40], Step: [451/782], Loss: 0.5299766063690186
Rank:0 Epoch: [4/40], Step: [461/782], Loss: 0.7824748158454895
Rank:0 Epoch: [4/40], Step: [471/782], Loss: 0.7876021862030029
Rank:0 Epoch: [4/40], Step: [481/782], Loss: 1.1949076652526855
Rank:0 Epoch: [4/40], Step: [491/782], Loss: 0.40985947847366333
Rank:0 Epoch: [4/40], Step: [501/782], Loss: 0.6561976671218872
Rank:0 Epoch: [4/40], Step: [511/782], Loss: 0.7978947162628174
Rank:0 Epoch: [4/40], Step: [521/782], Loss: 0.5550562143325806
Rank:0 Epoch: [4/40], Step: [531/782], Loss: 0.9666951298713684
Rank:0 Epoch: [4/40], Step: [541/782], Loss: 0.6697480082511902
Rank:0 Epoch: [4/40], Step: [551/782], Loss: 1.050710678100586
Rank:0 Epoch: [4/40], Step: [561/782], Loss: 0.47800129652023315
Rank:0 Epoch: [4/40], Step: [571/782], Loss: 0.531758725643158
Rank:0 Epoch: [4/40], Step: [581/782], Loss: 0.672573447227478
Rank:0 Epoch: [4/40], Step: [591/782], Loss: 0.40924009680747986
Rank:0 Epoch: [4/40], Step: [601/782], Loss: 0.6151496171951294
Rank:0 Epoch: [4/40], Step: [611/782], Loss: 0.5202286243438721
Rank:0 Epoch: [4/40], Step: [621/782], Loss: 0.669418454170227
Rank:0 Epoch: [4/40], Step: [631/782], Loss: 0.7554988265037537
Rank:0 Epoch: [4/40], Step: [641/782], Loss: 0.8338705897331238
Rank:0 Epoch: [4/40], Step: [651/782], Loss: 0.7821286916732788
Rank:0 Epoch: [4/40], Step: [661/782], Loss: 0.530403196811676
Rank:0 Epoch: [4/40], Step: [671/782], Loss: 0.6263196468353271
Rank:0 Epoch: [4/40], Step: [681/782], Loss: 0.660554826259613
Rank:0 Epoch: [4/40], Step: [691/782], Loss: 0.7750758528709412
Rank:0 Epoch: [4/40], Step: [701/782], Loss: 0.5133968591690063
Rank:0 Epoch: [4/40], Step: [711/782], Loss: 0.5299996137619019
Rank:0 Epoch: [4/40], Step: [721/782], Loss: 0.7803674936294556
Rank:0 Epoch: [4/40], Step: [731/782], Loss: 0.6970015168190002
Rank:0 Epoch: [4/40], Step: [741/782], Loss: 0.7114309072494507
Rank:0 Epoch: [4/40], Step: [751/782], Loss: 0.6065652370452881
Rank:0 Epoch: [4/40], Step: [761/782], Loss: 0.41780373454093933
Rank:0 Epoch: [4/40], Step: [771/782], Loss: 0.6881363391876221
Rank:0 Epoch: [4/40], Step: [781/782], Loss: 0.8755831122398376
Current Test Acc: 0.8197
Rank:0 Epoch: [5/40], Step: [1/782], Loss: 0.7683860659599304
Rank:0 Epoch: [5/40], Step: [11/782], Loss: 0.6896488070487976
Rank:0 Epoch: [5/40], Step: [21/782], Loss: 0.5905307531356812
Rank:0 Epoch: [5/40], Step: [31/782], Loss: 0.7073408961296082
Rank:0 Epoch: [5/40], Step: [41/782], Loss: 0.5548554062843323
Rank:0 Epoch: [5/40], Step: [51/782], Loss: 0.6805894374847412
Rank:0 Epoch: [5/40], Step: [61/782], Loss: 0.609633207321167
Rank:0 Epoch: [5/40], Step: [71/782], Loss: 0.6573163270950317
Rank:0 Epoch: [5/40], Step: [81/782], Loss: 0.4975363314151764
Rank:0 Epoch: [5/40], Step: [91/782], Loss: 0.3966876268386841
Rank:0 Epoch: [5/40], Step: [101/782], Loss: 0.7294569611549377
Rank:0 Epoch: [5/40], Step: [111/782], Loss: 0.6527023315429688
Rank:0 Epoch: [5/40], Step: [121/782], Loss: 0.4091445803642273
Rank:0 Epoch: [5/40], Step: [131/782], Loss: 0.6245007514953613
Rank:0 Epoch: [5/40], Step: [141/782], Loss: 0.5357277393341064
Rank:0 Epoch: [5/40], Step: [151/782], Loss: 0.6955918073654175
Rank:0 Epoch: [5/40], Step: [161/782], Loss: 0.6709626317024231
Rank:0 Epoch: [5/40], Step: [171/782], Loss: 0.4794894754886627
Rank:0 Epoch: [5/40], Step: [181/782], Loss: 0.4779205918312073
Rank:0 Epoch: [5/40], Step: [191/782], Loss: 0.8272625803947449
Rank:0 Epoch: [5/40], Step: [201/782], Loss: 0.8995804786682129
Rank:0 Epoch: [5/40], Step: [211/782], Loss: 0.5383225679397583
Rank:0 Epoch: [5/40], Step: [221/782], Loss: 0.6370519399642944
Rank:0 Epoch: [5/40], Step: [231/782], Loss: 0.8263229727745056
Rank:0 Epoch: [5/40], Step: [241/782], Loss: 0.7506075501441956
Rank:0 Epoch: [5/40], Step: [251/782], Loss: 0.5345102548599243
Rank:0 Epoch: [5/40], Step: [261/782], Loss: 0.6210103631019592
Rank:0 Epoch: [5/40], Step: [271/782], Loss: 0.5225410461425781
Rank:0 Epoch: [5/40], Step: [281/782], Loss: 0.6191790699958801
Rank:0 Epoch: [5/40], Step: [291/782], Loss: 0.5089031457901001
Rank:0 Epoch: [5/40], Step: [301/782], Loss: 0.575851559638977
Rank:0 Epoch: [5/40], Step: [311/782], Loss: 0.8405688405036926
Rank:0 Epoch: [5/40], Step: [321/782], Loss: 0.47158464789390564
Rank:0 Epoch: [5/40], Step: [331/782], Loss: 0.48364952206611633
Rank:0 Epoch: [5/40], Step: [341/782], Loss: 0.6362214088439941
Rank:0 Epoch: [5/40], Step: [351/782], Loss: 0.5152715444564819
Rank:0 Epoch: [5/40], Step: [361/782], Loss: 0.7449990510940552
Rank:0 Epoch: [5/40], Step: [371/782], Loss: 0.8249768018722534
Rank:0 Epoch: [5/40], Step: [381/782], Loss: 0.7090541124343872
Rank:0 Epoch: [5/40], Step: [391/782], Loss: 0.46659356355667114
Rank:0 Epoch: [5/40], Step: [401/782], Loss: 0.6665742993354797
Rank:0 Epoch: [5/40], Step: [411/782], Loss: 0.5251709818840027
Rank:0 Epoch: [5/40], Step: [421/782], Loss: 0.6977183222770691
Rank:0 Epoch: [5/40], Step: [431/782], Loss: 0.5238663554191589
Rank:0 Epoch: [5/40], Step: [441/782], Loss: 0.7981787919998169
Rank:0 Epoch: [5/40], Step: [451/782], Loss: 0.713593602180481
Rank:0 Epoch: [5/40], Step: [461/782], Loss: 0.7147536873817444
Rank:0 Epoch: [5/40], Step: [471/782], Loss: 1.0127686262130737
Rank:0 Epoch: [5/40], Step: [481/782], Loss: 0.6541404724121094
Rank:0 Epoch: [5/40], Step: [491/782], Loss: 0.7982932329177856
Rank:0 Epoch: [5/40], Step: [501/782], Loss: 0.733468770980835
Rank:0 Epoch: [5/40], Step: [511/782], Loss: 0.813491702079773
Rank:0 Epoch: [5/40], Step: [521/782], Loss: 0.7120030522346497
Rank:0 Epoch: [5/40], Step: [531/782], Loss: 0.5288928747177124
Rank:0 Epoch: [5/40], Step: [541/782], Loss: 0.7656139731407166
Rank:0 Epoch: [5/40], Step: [551/782], Loss: 0.8671109080314636
Rank:0 Epoch: [5/40], Step: [561/782], Loss: 0.7244434356689453
Rank:0 Epoch: [5/40], Step: [571/782], Loss: 0.44021639227867126
Rank:0 Epoch: [5/40], Step: [581/782], Loss: 0.6766552329063416
Rank:0 Epoch: [5/40], Step: [591/782], Loss: 0.7972332239151001
Rank:0 Epoch: [5/40], Step: [601/782], Loss: 0.560650110244751
Rank:0 Epoch: [5/40], Step: [611/782], Loss: 0.6356995701789856
Rank:0 Epoch: [5/40], Step: [621/782], Loss: 0.5853142142295837
Rank:0 Epoch: [5/40], Step: [631/782], Loss: 0.7647934556007385
Rank:0 Epoch: [5/40], Step: [641/782], Loss: 0.8686454892158508
Rank:0 Epoch: [5/40], Step: [651/782], Loss: 0.569942831993103
Rank:0 Epoch: [5/40], Step: [661/782], Loss: 0.5402461886405945
Rank:0 Epoch: [5/40], Step: [671/782], Loss: 1.2177612781524658
Rank:0 Epoch: [5/40], Step: [681/782], Loss: 0.5561193823814392
Rank:0 Epoch: [5/40], Step: [691/782], Loss: 0.7328336238861084
Rank:0 Epoch: [5/40], Step: [701/782], Loss: 0.49085912108421326
Rank:0 Epoch: [5/40], Step: [711/782], Loss: 0.9160835146903992
Rank:0 Epoch: [5/40], Step: [721/782], Loss: 0.720477819442749
Rank:0 Epoch: [5/40], Step: [731/782], Loss: 0.725838840007782
Rank:0 Epoch: [5/40], Step: [741/782], Loss: 0.7678979635238647
Rank:0 Epoch: [5/40], Step: [751/782], Loss: 0.49185457825660706
Rank:0 Epoch: [5/40], Step: [761/782], Loss: 0.4523497223854065
Rank:0 Epoch: [5/40], Step: [771/782], Loss: 0.9434866309165955
Rank:0 Epoch: [5/40], Step: [781/782], Loss: 0.5919871926307678
Current Test Acc: 0.7588
Rank:0 Epoch: [6/40], Step: [1/782], Loss: 0.417994886636734
Rank:0 Epoch: [6/40], Step: [11/782], Loss: 0.706854522228241
Rank:0 Epoch: [6/40], Step: [21/782], Loss: 0.631112813949585
Rank:0 Epoch: [6/40], Step: [31/782], Loss: 0.8724564909934998
Rank:0 Epoch: [6/40], Step: [41/782], Loss: 0.8017958998680115
Rank:0 Epoch: [6/40], Step: [51/782], Loss: 0.35593801736831665
Rank:0 Epoch: [6/40], Step: [61/782], Loss: 0.4750625193119049
Rank:0 Epoch: [6/40], Step: [71/782], Loss: 0.5351360440254211
Rank:0 Epoch: [6/40], Step: [81/782], Loss: 0.608874499797821
Rank:0 Epoch: [6/40], Step: [91/782], Loss: 0.6745324730873108
Rank:0 Epoch: [6/40], Step: [101/782], Loss: 0.4437501132488251
Rank:0 Epoch: [6/40], Step: [111/782], Loss: 0.3598734736442566
Rank:0 Epoch: [6/40], Step: [121/782], Loss: 0.5602652430534363
Rank:0 Epoch: [6/40], Step: [131/782], Loss: 1.068319320678711
Rank:0 Epoch: [6/40], Step: [141/782], Loss: 0.48658522963523865
Rank:0 Epoch: [6/40], Step: [151/782], Loss: 0.4370206296443939
Rank:0 Epoch: [6/40], Step: [161/782], Loss: 0.6429566740989685
Rank:0 Epoch: [6/40], Step: [171/782], Loss: 0.7112066149711609
Rank:0 Epoch: [6/40], Step: [181/782], Loss: 0.9183942675590515
Rank:0 Epoch: [6/40], Step: [191/782], Loss: 0.5776412487030029
Rank:0 Epoch: [6/40], Step: [201/782], Loss: 0.4390738904476166
Rank:0 Epoch: [6/40], Step: [211/782], Loss: 0.7505152225494385
Rank:0 Epoch: [6/40], Step: [221/782], Loss: 0.42561718821525574
Rank:0 Epoch: [6/40], Step: [231/782], Loss: 0.6607629656791687
Rank:0 Epoch: [6/40], Step: [241/782], Loss: 0.38472840189933777
Rank:0 Epoch: [6/40], Step: [251/782], Loss: 0.5561021566390991
Rank:0 Epoch: [6/40], Step: [261/782], Loss: 0.5730802416801453
Rank:0 Epoch: [6/40], Step: [271/782], Loss: 0.8623554706573486
Rank:0 Epoch: [6/40], Step: [281/782], Loss: 0.7278683185577393
Rank:0 Epoch: [6/40], Step: [291/782], Loss: 0.7073843479156494
Rank:0 Epoch: [6/40], Step: [301/782], Loss: 1.1003789901733398
Rank:0 Epoch: [6/40], Step: [311/782], Loss: 0.5413140654563904
Rank:0 Epoch: [6/40], Step: [321/782], Loss: 0.4108732342720032
Rank:0 Epoch: [6/40], Step: [331/782], Loss: 0.4665603041648865
Rank:0 Epoch: [6/40], Step: [341/782], Loss: 0.4714304208755493
Rank:0 Epoch: [6/40], Step: [351/782], Loss: 0.5143208503723145
Rank:0 Epoch: [6/40], Step: [361/782], Loss: 0.8193185925483704
Rank:0 Epoch: [6/40], Step: [371/782], Loss: 0.8133335709571838
Rank:0 Epoch: [6/40], Step: [381/782], Loss: 0.6653010845184326
Rank:0 Epoch: [6/40], Step: [391/782], Loss: 0.6768025159835815
Rank:0 Epoch: [6/40], Step: [401/782], Loss: 0.4907412528991699
Rank:0 Epoch: [6/40], Step: [411/782], Loss: 0.4790000021457672
Rank:0 Epoch: [6/40], Step: [421/782], Loss: 0.7856671214103699
Rank:0 Epoch: [6/40], Step: [431/782], Loss: 0.5483388900756836
Rank:0 Epoch: [6/40], Step: [441/782], Loss: 1.2781082391738892
Rank:0 Epoch: [6/40], Step: [451/782], Loss: 0.8425294160842896
Rank:0 Epoch: [6/40], Step: [461/782], Loss: 0.7465635538101196
Rank:0 Epoch: [6/40], Step: [471/782], Loss: 0.5678826570510864
Rank:0 Epoch: [6/40], Step: [481/782], Loss: 0.8215316534042358
Rank:0 Epoch: [6/40], Step: [491/782], Loss: 0.8454954028129578
Rank:0 Epoch: [6/40], Step: [501/782], Loss: 0.664577066898346
Rank:0 Epoch: [6/40], Step: [511/782], Loss: 0.7039602994918823
Rank:0 Epoch: [6/40], Step: [521/782], Loss: 0.4115430414676666
Rank:0 Epoch: [6/40], Step: [531/782], Loss: 0.9180848002433777
Rank:0 Epoch: [6/40], Step: [541/782], Loss: 0.753040075302124
Rank:0 Epoch: [6/40], Step: [551/782], Loss: 0.5437154173851013
Rank:0 Epoch: [6/40], Step: [561/782], Loss: 0.4949341118335724
Rank:0 Epoch: [6/40], Step: [571/782], Loss: 0.39759209752082825
Rank:0 Epoch: [6/40], Step: [581/782], Loss: 0.7081217169761658
Rank:0 Epoch: [6/40], Step: [591/782], Loss: 0.6310917139053345
Rank:0 Epoch: [6/40], Step: [601/782], Loss: 0.4725904166698456
Rank:0 Epoch: [6/40], Step: [611/782], Loss: 0.4819464087486267
Rank:0 Epoch: [6/40], Step: [621/782], Loss: 0.5042642951011658
Rank:0 Epoch: [6/40], Step: [631/782], Loss: 0.48722007870674133
Rank:0 Epoch: [6/40], Step: [641/782], Loss: 0.4134949743747711
Rank:0 Epoch: [6/40], Step: [651/782], Loss: 0.5053511261940002
Rank:0 Epoch: [6/40], Step: [661/782], Loss: 0.7428547143936157
Rank:0 Epoch: [6/40], Step: [671/782], Loss: 0.4221715033054352
Rank:0 Epoch: [6/40], Step: [681/782], Loss: 0.7562246322631836
Rank:0 Epoch: [6/40], Step: [691/782], Loss: 0.73770672082901
Rank:0 Epoch: [6/40], Step: [701/782], Loss: 0.8559866547584534
Rank:0 Epoch: [6/40], Step: [711/782], Loss: 0.5413004755973816
Rank:0 Epoch: [6/40], Step: [721/782], Loss: 0.3779529333114624
Rank:0 Epoch: [6/40], Step: [731/782], Loss: 0.6861351132392883
Rank:0 Epoch: [6/40], Step: [741/782], Loss: 0.8205597996711731
Rank:0 Epoch: [6/40], Step: [751/782], Loss: 0.2583766281604767
Rank:0 Epoch: [6/40], Step: [761/782], Loss: 0.7533528804779053
Rank:0 Epoch: [6/40], Step: [771/782], Loss: 0.552465558052063
Rank:0 Epoch: [6/40], Step: [781/782], Loss: 1.0072627067565918
Current Test Acc: 0.8342
Rank:0 Epoch: [7/40], Step: [1/782], Loss: 0.4477883279323578
Rank:0 Epoch: [7/40], Step: [11/782], Loss: 0.5707804560661316
Rank:0 Epoch: [7/40], Step: [21/782], Loss: 0.7604495882987976
Rank:0 Epoch: [7/40], Step: [31/782], Loss: 0.5024960041046143
Rank:0 Epoch: [7/40], Step: [41/782], Loss: 0.7761310935020447
Rank:0 Epoch: [7/40], Step: [51/782], Loss: 0.564054548740387
Rank:0 Epoch: [7/40], Step: [61/782], Loss: 0.7079917192459106
Rank:0 Epoch: [7/40], Step: [71/782], Loss: 0.44826310873031616
Rank:0 Epoch: [7/40], Step: [81/782], Loss: 0.46024420857429504
Rank:0 Epoch: [7/40], Step: [91/782], Loss: 0.5294443964958191
Rank:0 Epoch: [7/40], Step: [101/782], Loss: 0.5266993045806885
Rank:0 Epoch: [7/40], Step: [111/782], Loss: 0.46399086713790894
Rank:0 Epoch: [7/40], Step: [121/782], Loss: 0.7661191821098328
Rank:0 Epoch: [7/40], Step: [131/782], Loss: 0.763003945350647
Rank:0 Epoch: [7/40], Step: [141/782], Loss: 0.775963306427002
Rank:0 Epoch: [7/40], Step: [151/782], Loss: 0.5879020094871521
Rank:0 Epoch: [7/40], Step: [161/782], Loss: 0.5320781469345093
Rank:0 Epoch: [7/40], Step: [171/782], Loss: 0.6231725811958313
Rank:0 Epoch: [7/40], Step: [181/782], Loss: 0.49961063265800476
Rank:0 Epoch: [7/40], Step: [191/782], Loss: 0.6612597703933716
Rank:0 Epoch: [7/40], Step: [201/782], Loss: 0.5109743475914001
Rank:0 Epoch: [7/40], Step: [211/782], Loss: 0.4791194498538971
Rank:0 Epoch: [7/40], Step: [221/782], Loss: 0.6629276871681213
Rank:0 Epoch: [7/40], Step: [231/782], Loss: 0.5078486800193787
Rank:0 Epoch: [7/40], Step: [241/782], Loss: 0.5253937840461731
Rank:0 Epoch: [7/40], Step: [251/782], Loss: 0.45496585965156555
Rank:0 Epoch: [7/40], Step: [261/782], Loss: 0.6721346378326416
Rank:0 Epoch: [7/40], Step: [271/782], Loss: 0.789630651473999
Rank:0 Epoch: [7/40], Step: [281/782], Loss: 0.43531084060668945
Rank:0 Epoch: [7/40], Step: [291/782], Loss: 0.8506264686584473
Rank:0 Epoch: [7/40], Step: [301/782], Loss: 0.5031075477600098
Rank:0 Epoch: [7/40], Step: [311/782], Loss: 0.7677525281906128
Rank:0 Epoch: [7/40], Step: [321/782], Loss: 0.6144971251487732
Rank:0 Epoch: [7/40], Step: [331/782], Loss: 0.42360004782676697
Rank:0 Epoch: [7/40], Step: [341/782], Loss: 0.8980089426040649
Rank:0 Epoch: [7/40], Step: [351/782], Loss: 0.5278856754302979
Rank:0 Epoch: [7/40], Step: [361/782], Loss: 0.5432649850845337
Rank:0 Epoch: [7/40], Step: [371/782], Loss: 0.6999380588531494
Rank:0 Epoch: [7/40], Step: [381/782], Loss: 0.3594639003276825
Rank:0 Epoch: [7/40], Step: [391/782], Loss: 0.7799167037010193
Rank:0 Epoch: [7/40], Step: [401/782], Loss: 0.7726209759712219
Rank:0 Epoch: [7/40], Step: [411/782], Loss: 0.7210344076156616
Rank:0 Epoch: [7/40], Step: [421/782], Loss: 0.6260834336280823
Rank:0 Epoch: [7/40], Step: [431/782], Loss: 0.5229229927062988
Rank:0 Epoch: [7/40], Step: [441/782], Loss: 0.5075340270996094
Rank:0 Epoch: [7/40], Step: [451/782], Loss: 0.5774683356285095
Rank:0 Epoch: [7/40], Step: [461/782], Loss: 0.9908242225646973
Rank:0 Epoch: [7/40], Step: [471/782], Loss: 0.7732673287391663
Rank:0 Epoch: [7/40], Step: [481/782], Loss: 0.7105903625488281
Rank:0 Epoch: [7/40], Step: [491/782], Loss: 0.612312912940979
Rank:0 Epoch: [7/40], Step: [501/782], Loss: 0.4745352268218994
Rank:0 Epoch: [7/40], Step: [511/782], Loss: 0.7063436508178711
Rank:0 Epoch: [7/40], Step: [521/782], Loss: 0.6059867739677429
Rank:0 Epoch: [7/40], Step: [531/782], Loss: 0.4651218354701996
Rank:0 Epoch: [7/40], Step: [541/782], Loss: 0.7171230316162109
Rank:0 Epoch: [7/40], Step: [551/782], Loss: 0.7242746949195862
Rank:0 Epoch: [7/40], Step: [561/782], Loss: 0.4183361530303955
Rank:0 Epoch: [7/40], Step: [571/782], Loss: 0.8796110153198242
Rank:0 Epoch: [7/40], Step: [581/782], Loss: 0.7633461952209473
Rank:0 Epoch: [7/40], Step: [591/782], Loss: 0.687492311000824
Rank:0 Epoch: [7/40], Step: [601/782], Loss: 0.5801056623458862
Rank:0 Epoch: [7/40], Step: [611/782], Loss: 0.4801516532897949
Rank:0 Epoch: [7/40], Step: [621/782], Loss: 0.6400111317634583
Rank:0 Epoch: [7/40], Step: [631/782], Loss: 0.6090684533119202
Rank:0 Epoch: [7/40], Step: [641/782], Loss: 0.8145096302032471
Rank:0 Epoch: [7/40], Step: [651/782], Loss: 0.859025776386261
Rank:0 Epoch: [7/40], Step: [661/782], Loss: 0.5086015462875366
Rank:0 Epoch: [7/40], Step: [671/782], Loss: 0.5348953008651733
Rank:0 Epoch: [7/40], Step: [681/782], Loss: 0.355691134929657
Rank:0 Epoch: [7/40], Step: [691/782], Loss: 0.5569953322410583
Rank:0 Epoch: [7/40], Step: [701/782], Loss: 0.7501062750816345
Rank:0 Epoch: [7/40], Step: [711/782], Loss: 0.6816198825836182
Rank:0 Epoch: [7/40], Step: [721/782], Loss: 0.7147051095962524
Rank:0 Epoch: [7/40], Step: [731/782], Loss: 0.6814972758293152
Rank:0 Epoch: [7/40], Step: [741/782], Loss: 0.7072417140007019
Rank:0 Epoch: [7/40], Step: [751/782], Loss: 0.5153001546859741
Rank:0 Epoch: [7/40], Step: [761/782], Loss: 0.7929366827011108
Rank:0 Epoch: [7/40], Step: [771/782], Loss: 0.5145804286003113
Rank:0 Epoch: [7/40], Step: [781/782], Loss: 0.5330202579498291
Current Test Acc: 0.776
Rank:0 Epoch: [8/40], Step: [1/782], Loss: 0.6961984634399414
Rank:0 Epoch: [8/40], Step: [11/782], Loss: 0.9071788787841797
Rank:0 Epoch: [8/40], Step: [21/782], Loss: 0.6609708666801453
Rank:0 Epoch: [8/40], Step: [31/782], Loss: 0.42317989468574524
Rank:0 Epoch: [8/40], Step: [41/782], Loss: 0.4853423237800598
Rank:0 Epoch: [8/40], Step: [51/782], Loss: 0.33049917221069336
Rank:0 Epoch: [8/40], Step: [61/782], Loss: 0.5563066601753235
Rank:0 Epoch: [8/40], Step: [71/782], Loss: 0.8588476777076721
Rank:0 Epoch: [8/40], Step: [81/782], Loss: 0.49851736426353455
Rank:0 Epoch: [8/40], Step: [91/782], Loss: 0.5550225973129272
Rank:0 Epoch: [8/40], Step: [101/782], Loss: 0.28683969378471375
Rank:0 Epoch: [8/40], Step: [111/782], Loss: 0.5704188942909241
Rank:0 Epoch: [8/40], Step: [121/782], Loss: 0.5691477060317993
Rank:0 Epoch: [8/40], Step: [131/782], Loss: 0.4536284804344177
Rank:0 Epoch: [8/40], Step: [141/782], Loss: 0.9135013818740845
Rank:0 Epoch: [8/40], Step: [151/782], Loss: 0.3843650817871094
Rank:0 Epoch: [8/40], Step: [161/782], Loss: 0.6381192207336426
Rank:0 Epoch: [8/40], Step: [171/782], Loss: 0.511247456073761
Rank:0 Epoch: [8/40], Step: [181/782], Loss: 0.6632416844367981
Rank:0 Epoch: [8/40], Step: [191/782], Loss: 0.50408935546875
Rank:0 Epoch: [8/40], Step: [201/782], Loss: 0.3576410114765167
Rank:0 Epoch: [8/40], Step: [211/782], Loss: 0.6422767043113708
Rank:0 Epoch: [8/40], Step: [221/782], Loss: 0.40310031175613403
Rank:0 Epoch: [8/40], Step: [231/782], Loss: 0.5432441234588623
Rank:0 Epoch: [8/40], Step: [241/782], Loss: 0.5048321485519409
Rank:0 Epoch: [8/40], Step: [251/782], Loss: 0.7037478685379028
Rank:0 Epoch: [8/40], Step: [261/782], Loss: 0.39832356572151184
Rank:0 Epoch: [8/40], Step: [271/782], Loss: 0.8964848518371582
Rank:0 Epoch: [8/40], Step: [281/782], Loss: 0.4683140516281128
Rank:0 Epoch: [8/40], Step: [291/782], Loss: 0.8152436017990112
Rank:0 Epoch: [8/40], Step: [301/782], Loss: 0.4328923523426056
Rank:0 Epoch: [8/40], Step: [311/782], Loss: 0.2783944308757782
Rank:0 Epoch: [8/40], Step: [321/782], Loss: 0.3775877058506012
Rank:0 Epoch: [8/40], Step: [331/782], Loss: 0.6018924713134766
Rank:0 Epoch: [8/40], Step: [341/782], Loss: 0.613170862197876
Rank:0 Epoch: [8/40], Step: [351/782], Loss: 0.6686240434646606
Rank:0 Epoch: [8/40], Step: [361/782], Loss: 0.37763702869415283
Rank:0 Epoch: [8/40], Step: [371/782], Loss: 0.49322518706321716
Rank:0 Epoch: [8/40], Step: [381/782], Loss: 0.42236632108688354
Rank:0 Epoch: [8/40], Step: [391/782], Loss: 0.5259056091308594
Rank:0 Epoch: [8/40], Step: [401/782], Loss: 0.4569756090641022
Rank:0 Epoch: [8/40], Step: [411/782], Loss: 0.5062946677207947
Rank:0 Epoch: [8/40], Step: [421/782], Loss: 0.7815800309181213
Rank:0 Epoch: [8/40], Step: [431/782], Loss: 0.4104301929473877
Rank:0 Epoch: [8/40], Step: [441/782], Loss: 0.963688850402832
Rank:0 Epoch: [8/40], Step: [451/782], Loss: 0.9835140109062195
Rank:0 Epoch: [8/40], Step: [461/782], Loss: 0.7317747473716736
Rank:0 Epoch: [8/40], Step: [471/782], Loss: 0.7751674056053162
Rank:0 Epoch: [8/40], Step: [481/782], Loss: 0.6560118794441223
Rank:0 Epoch: [8/40], Step: [491/782], Loss: 0.5123913884162903
Rank:0 Epoch: [8/40], Step: [501/782], Loss: 0.4624813199043274
Rank:0 Epoch: [8/40], Step: [511/782], Loss: 0.3802924156188965
Rank:0 Epoch: [8/40], Step: [521/782], Loss: 0.7111857533454895
Rank:0 Epoch: [8/40], Step: [531/782], Loss: 1.0623003244400024
Rank:0 Epoch: [8/40], Step: [541/782], Loss: 0.48630499839782715
Rank:0 Epoch: [8/40], Step: [551/782], Loss: 0.8064854741096497
Rank:0 Epoch: [8/40], Step: [561/782], Loss: 0.6159805655479431
Rank:0 Epoch: [8/40], Step: [571/782], Loss: 0.45078760385513306
Rank:0 Epoch: [8/40], Step: [581/782], Loss: 0.9416529536247253
Rank:0 Epoch: [8/40], Step: [591/782], Loss: 0.862403392791748
Rank:0 Epoch: [8/40], Step: [601/782], Loss: 0.6687250137329102
Rank:0 Epoch: [8/40], Step: [611/782], Loss: 0.41188088059425354
Rank:0 Epoch: [8/40], Step: [621/782], Loss: 0.40118151903152466
Rank:0 Epoch: [8/40], Step: [631/782], Loss: 0.7091434001922607
Rank:0 Epoch: [8/40], Step: [641/782], Loss: 0.7767518758773804
Rank:0 Epoch: [8/40], Step: [651/782], Loss: 0.4280812740325928
Rank:0 Epoch: [8/40], Step: [661/782], Loss: 0.5607596635818481
Rank:0 Epoch: [8/40], Step: [671/782], Loss: 0.769361138343811
Rank:0 Epoch: [8/40], Step: [681/782], Loss: 0.6097947359085083
Rank:0 Epoch: [8/40], Step: [691/782], Loss: 0.6360025405883789
Rank:0 Epoch: [8/40], Step: [701/782], Loss: 0.9761941432952881
Rank:0 Epoch: [8/40], Step: [711/782], Loss: 0.4331302046775818
Rank:0 Epoch: [8/40], Step: [721/782], Loss: 0.6162197589874268
Rank:0 Epoch: [8/40], Step: [731/782], Loss: 0.47659534215927124
Rank:0 Epoch: [8/40], Step: [741/782], Loss: 0.7799696326255798
Rank:0 Epoch: [8/40], Step: [751/782], Loss: 0.3379834294319153
Rank:0 Epoch: [8/40], Step: [761/782], Loss: 0.502078652381897
Rank:0 Epoch: [8/40], Step: [771/782], Loss: 0.49503427743911743
Rank:0 Epoch: [8/40], Step: [781/782], Loss: 0.4444124102592468
Current Test Acc: 0.8065
Rank:0 Epoch: [9/40], Step: [1/782], Loss: 0.4653167426586151
Rank:0 Epoch: [9/40], Step: [11/782], Loss: 0.29753929376602173
Rank:0 Epoch: [9/40], Step: [21/782], Loss: 0.4451817572116852
Rank:0 Epoch: [9/40], Step: [31/782], Loss: 0.7133904695510864
Rank:0 Epoch: [9/40], Step: [41/782], Loss: 0.4494606554508209
Rank:0 Epoch: [9/40], Step: [51/782], Loss: 0.7954270839691162
Rank:0 Epoch: [9/40], Step: [61/782], Loss: 0.3487744927406311
Rank:0 Epoch: [9/40], Step: [71/782], Loss: 0.6054683327674866
Rank:0 Epoch: [9/40], Step: [81/782], Loss: 0.5670104026794434
Rank:0 Epoch: [9/40], Step: [91/782], Loss: 1.0391457080841064
Rank:0 Epoch: [9/40], Step: [101/782], Loss: 0.32465049624443054
Rank:0 Epoch: [9/40], Step: [111/782], Loss: 0.49476081132888794
Rank:0 Epoch: [9/40], Step: [121/782], Loss: 0.31505271792411804
Rank:0 Epoch: [9/40], Step: [131/782], Loss: 0.314871609210968
Rank:0 Epoch: [9/40], Step: [141/782], Loss: 0.3298884928226471
Rank:0 Epoch: [9/40], Step: [151/782], Loss: 0.5555129647254944
Rank:0 Epoch: [9/40], Step: [161/782], Loss: 0.48073169589042664
Rank:0 Epoch: [9/40], Step: [171/782], Loss: 0.6340820789337158
Rank:0 Epoch: [9/40], Step: [181/782], Loss: 0.581122636795044
Rank:0 Epoch: [9/40], Step: [191/782], Loss: 0.49041369557380676
Rank:0 Epoch: [9/40], Step: [201/782], Loss: 0.6219661831855774
Rank:0 Epoch: [9/40], Step: [211/782], Loss: 0.5629357099533081
Rank:0 Epoch: [9/40], Step: [221/782], Loss: 0.46665704250335693
Rank:0 Epoch: [9/40], Step: [231/782], Loss: 0.3956284821033478
Rank:0 Epoch: [9/40], Step: [241/782], Loss: 0.46686413884162903
Rank:0 Epoch: [9/40], Step: [251/782], Loss: 0.4372347593307495
Rank:0 Epoch: [9/40], Step: [261/782], Loss: 0.5720713138580322
Rank:0 Epoch: [9/40], Step: [271/782], Loss: 0.7806717753410339
Rank:0 Epoch: [9/40], Step: [281/782], Loss: 0.8077763319015503
Rank:0 Epoch: [9/40], Step: [291/782], Loss: 0.4555206596851349
Rank:0 Epoch: [9/40], Step: [301/782], Loss: 0.7677379250526428
Rank:0 Epoch: [9/40], Step: [311/782], Loss: 0.34625738859176636
Rank:0 Epoch: [9/40], Step: [321/782], Loss: 0.42524170875549316
Rank:0 Epoch: [9/40], Step: [331/782], Loss: 0.5172200798988342
Rank:0 Epoch: [9/40], Step: [341/782], Loss: 1.0717467069625854
Rank:0 Epoch: [9/40], Step: [351/782], Loss: 0.4729160964488983
Rank:0 Epoch: [9/40], Step: [361/782], Loss: 0.63321453332901
Rank:0 Epoch: [9/40], Step: [371/782], Loss: 0.35618215799331665
Rank:0 Epoch: [9/40], Step: [381/782], Loss: 0.3677040636539459
Rank:0 Epoch: [9/40], Step: [391/782], Loss: 0.5058257579803467
Rank:0 Epoch: [9/40], Step: [401/782], Loss: 0.36887598037719727
Rank:0 Epoch: [9/40], Step: [411/782], Loss: 0.34156540036201477
Rank:0 Epoch: [9/40], Step: [421/782], Loss: 0.27746063470840454
Rank:0 Epoch: [9/40], Step: [431/782], Loss: 0.6320639848709106
Rank:0 Epoch: [9/40], Step: [441/782], Loss: 0.7934888601303101
Rank:0 Epoch: [9/40], Step: [451/782], Loss: 0.40961742401123047
Rank:0 Epoch: [9/40], Step: [461/782], Loss: 0.5176236629486084
Rank:0 Epoch: [9/40], Step: [471/782], Loss: 0.3288535177707672
Rank:0 Epoch: [9/40], Step: [481/782], Loss: 0.45424845814704895
Rank:0 Epoch: [9/40], Step: [491/782], Loss: 0.4165560305118561
Rank:0 Epoch: [9/40], Step: [501/782], Loss: 0.19840727746486664
Rank:0 Epoch: [9/40], Step: [511/782], Loss: 0.49493828415870667
Rank:0 Epoch: [9/40], Step: [521/782], Loss: 0.6959381699562073
Rank:0 Epoch: [9/40], Step: [531/782], Loss: 0.67430579662323
Rank:0 Epoch: [9/40], Step: [541/782], Loss: 0.44313010573387146
Rank:0 Epoch: [9/40], Step: [551/782], Loss: 0.4640129506587982
Rank:0 Epoch: [9/40], Step: [561/782], Loss: 0.62928307056427
Rank:0 Epoch: [9/40], Step: [571/782], Loss: 0.3516358733177185
Rank:0 Epoch: [9/40], Step: [581/782], Loss: 0.8746665120124817
Rank:0 Epoch: [9/40], Step: [591/782], Loss: 0.5694393515586853
Rank:0 Epoch: [9/40], Step: [601/782], Loss: 0.8045811057090759
Rank:0 Epoch: [9/40], Step: [611/782], Loss: 0.48504015803337097
Rank:0 Epoch: [9/40], Step: [621/782], Loss: 0.573948323726654
Rank:0 Epoch: [9/40], Step: [631/782], Loss: 0.47765782475471497
Rank:0 Epoch: [9/40], Step: [641/782], Loss: 0.5146757960319519
Rank:0 Epoch: [9/40], Step: [651/782], Loss: 0.5435860753059387
Rank:0 Epoch: [9/40], Step: [661/782], Loss: 0.5285943150520325
Rank:0 Epoch: [9/40], Step: [671/782], Loss: 1.0202633142471313
Rank:0 Epoch: [9/40], Step: [681/782], Loss: 0.8197904825210571
Rank:0 Epoch: [9/40], Step: [691/782], Loss: 0.5014467835426331
Rank:0 Epoch: [9/40], Step: [701/782], Loss: 0.7270135283470154
Rank:0 Epoch: [9/40], Step: [711/782], Loss: 0.8302503824234009
Rank:0 Epoch: [9/40], Step: [721/782], Loss: 0.45367005467414856
Rank:0 Epoch: [9/40], Step: [731/782], Loss: 0.5671848654747009
Rank:0 Epoch: [9/40], Step: [741/782], Loss: 0.7025465965270996
Rank:0 Epoch: [9/40], Step: [751/782], Loss: 0.843685507774353
Rank:0 Epoch: [9/40], Step: [761/782], Loss: 0.5069594383239746
Rank:0 Epoch: [9/40], Step: [771/782], Loss: 0.5583536028862
Rank:0 Epoch: [9/40], Step: [781/782], Loss: 0.5899486541748047
Current Test Acc: 0.78
Rank:0 Epoch: [10/40], Step: [1/782], Loss: 0.5248469710350037
Rank:0 Epoch: [10/40], Step: [11/782], Loss: 0.4566173255443573
Rank:0 Epoch: [10/40], Step: [21/782], Loss: 0.5774409770965576
Rank:0 Epoch: [10/40], Step: [31/782], Loss: 0.40276724100112915
Rank:0 Epoch: [10/40], Step: [41/782], Loss: 0.7082142233848572
Rank:0 Epoch: [10/40], Step: [51/782], Loss: 0.7454857230186462
Rank:0 Epoch: [10/40], Step: [61/782], Loss: 0.39115771651268005
Rank:0 Epoch: [10/40], Step: [71/782], Loss: 0.5733755230903625
Rank:0 Epoch: [10/40], Step: [81/782], Loss: 0.3150053918361664
Rank:0 Epoch: [10/40], Step: [91/782], Loss: 0.5169939994812012
Rank:0 Epoch: [10/40], Step: [101/782], Loss: 0.820870578289032
Rank:0 Epoch: [10/40], Step: [111/782], Loss: 0.6278133392333984
Rank:0 Epoch: [10/40], Step: [121/782], Loss: 0.46608781814575195
Rank:0 Epoch: [10/40], Step: [131/782], Loss: 0.54618239402771
Rank:0 Epoch: [10/40], Step: [141/782], Loss: 0.7207097411155701
Rank:0 Epoch: [10/40], Step: [151/782], Loss: 0.4177763760089874
Rank:0 Epoch: [10/40], Step: [161/782], Loss: 0.4131130278110504
Rank:0 Epoch: [10/40], Step: [171/782], Loss: 0.629541277885437
Rank:0 Epoch: [10/40], Step: [181/782], Loss: 0.46480411291122437
Rank:0 Epoch: [10/40], Step: [191/782], Loss: 0.3748457133769989
Rank:0 Epoch: [10/40], Step: [201/782], Loss: 0.6770340204238892
Rank:0 Epoch: [10/40], Step: [211/782], Loss: 0.901130199432373
Rank:0 Epoch: [10/40], Step: [221/782], Loss: 0.5735821723937988
Rank:0 Epoch: [10/40], Step: [231/782], Loss: 0.48989546298980713
Rank:0 Epoch: [10/40], Step: [241/782], Loss: 0.4009614586830139
Rank:0 Epoch: [10/40], Step: [251/782], Loss: 0.5778707265853882
Rank:0 Epoch: [10/40], Step: [261/782], Loss: 0.4841257929801941
Rank:0 Epoch: [10/40], Step: [271/782], Loss: 0.4336888790130615
Rank:0 Epoch: [10/40], Step: [281/782], Loss: 0.5748543739318848
Rank:0 Epoch: [10/40], Step: [291/782], Loss: 0.43485334515571594
Rank:0 Epoch: [10/40], Step: [301/782], Loss: 0.47813278436660767
Rank:0 Epoch: [10/40], Step: [311/782], Loss: 0.6486995220184326
Rank:0 Epoch: [10/40], Step: [321/782], Loss: 0.5033539533615112
Rank:0 Epoch: [10/40], Step: [331/782], Loss: 0.6264610290527344
Rank:0 Epoch: [10/40], Step: [341/782], Loss: 0.5107787847518921
Rank:0 Epoch: [10/40], Step: [351/782], Loss: 0.4912703335285187
Rank:0 Epoch: [10/40], Step: [361/782], Loss: 0.30754372477531433
Rank:0 Epoch: [10/40], Step: [371/782], Loss: 0.3936662971973419
Rank:0 Epoch: [10/40], Step: [381/782], Loss: 0.8156298995018005
Rank:0 Epoch: [10/40], Step: [391/782], Loss: 0.5804952383041382
Rank:0 Epoch: [10/40], Step: [401/782], Loss: 0.7763181328773499
Rank:0 Epoch: [10/40], Step: [411/782], Loss: 0.6042657494544983
Rank:0 Epoch: [10/40], Step: [421/782], Loss: 0.44765201210975647
Rank:0 Epoch: [10/40], Step: [431/782], Loss: 0.47836214303970337
Rank:0 Epoch: [10/40], Step: [441/782], Loss: 0.402709424495697
Rank:0 Epoch: [10/40], Step: [451/782], Loss: 0.7894713878631592
Rank:0 Epoch: [10/40], Step: [461/782], Loss: 0.8027910590171814
Rank:0 Epoch: [10/40], Step: [471/782], Loss: 0.8879913091659546
Rank:0 Epoch: [10/40], Step: [481/782], Loss: 0.5444412231445312
Rank:0 Epoch: [10/40], Step: [491/782], Loss: 0.6139403581619263
Rank:0 Epoch: [10/40], Step: [501/782], Loss: 0.38762086629867554
Rank:0 Epoch: [10/40], Step: [511/782], Loss: 0.33082711696624756
Rank:0 Epoch: [10/40], Step: [521/782], Loss: 0.5760698914527893
Rank:0 Epoch: [10/40], Step: [531/782], Loss: 0.9226370453834534
Rank:0 Epoch: [10/40], Step: [541/782], Loss: 0.4568493068218231
Rank:0 Epoch: [10/40], Step: [551/782], Loss: 0.4801856279373169
Rank:0 Epoch: [10/40], Step: [561/782], Loss: 0.5951243042945862
Rank:0 Epoch: [10/40], Step: [571/782], Loss: 0.49822649359703064
Rank:0 Epoch: [10/40], Step: [581/782], Loss: 0.5541765689849854
Rank:0 Epoch: [10/40], Step: [591/782], Loss: 0.3612769842147827
Rank:0 Epoch: [10/40], Step: [601/782], Loss: 0.4908674359321594
Rank:0 Epoch: [10/40], Step: [611/782], Loss: 0.445250540971756
Rank:0 Epoch: [10/40], Step: [621/782], Loss: 0.7404053211212158
Rank:0 Epoch: [10/40], Step: [631/782], Loss: 0.748628556728363
Rank:0 Epoch: [10/40], Step: [641/782], Loss: 0.7275258898735046
Rank:0 Epoch: [10/40], Step: [651/782], Loss: 0.4144224524497986
Rank:0 Epoch: [10/40], Step: [661/782], Loss: 0.9818394780158997
Rank:0 Epoch: [10/40], Step: [671/782], Loss: 0.5725160241127014
Rank:0 Epoch: [10/40], Step: [681/782], Loss: 0.3697676360607147
Rank:0 Epoch: [10/40], Step: [691/782], Loss: 0.38634273409843445
Rank:0 Epoch: [10/40], Step: [701/782], Loss: 0.794793963432312
Rank:0 Epoch: [10/40], Step: [711/782], Loss: 0.7111535668373108
Rank:0 Epoch: [10/40], Step: [721/782], Loss: 0.3682349622249603
Rank:0 Epoch: [10/40], Step: [731/782], Loss: 0.5983841419219971
Rank:0 Epoch: [10/40], Step: [741/782], Loss: 0.5488511323928833
Rank:0 Epoch: [10/40], Step: [751/782], Loss: 0.4138442277908325
Rank:0 Epoch: [10/40], Step: [761/782], Loss: 0.6932615637779236
Rank:0 Epoch: [10/40], Step: [771/782], Loss: 0.5156015157699585
Rank:0 Epoch: [10/40], Step: [781/782], Loss: 0.2739826738834381
Current Test Acc: 0.8448
Rank:0 Epoch: [11/40], Step: [1/782], Loss: 0.4068824052810669
Rank:0 Epoch: [11/40], Step: [11/782], Loss: 0.2679246962070465
Rank:0 Epoch: [11/40], Step: [21/782], Loss: 0.5029605031013489
Rank:0 Epoch: [11/40], Step: [31/782], Loss: 0.4327743649482727
Rank:0 Epoch: [11/40], Step: [41/782], Loss: 0.6922515034675598
Rank:0 Epoch: [11/40], Step: [51/782], Loss: 0.2736532986164093
Rank:0 Epoch: [11/40], Step: [61/782], Loss: 0.5492876172065735
Rank:0 Epoch: [11/40], Step: [71/782], Loss: 0.5783050060272217
Rank:0 Epoch: [11/40], Step: [81/782], Loss: 0.4027594327926636
Rank:0 Epoch: [11/40], Step: [91/782], Loss: 0.2970150113105774
Rank:0 Epoch: [11/40], Step: [101/782], Loss: 0.5198515057563782
Rank:0 Epoch: [11/40], Step: [111/782], Loss: 0.46329134702682495
Rank:0 Epoch: [11/40], Step: [121/782], Loss: 0.3904258906841278
Rank:0 Epoch: [11/40], Step: [131/782], Loss: 0.3230092525482178
Rank:0 Epoch: [11/40], Step: [141/782], Loss: 0.6865986585617065
Rank:0 Epoch: [11/40], Step: [151/782], Loss: 0.5179092288017273
Rank:0 Epoch: [11/40], Step: [161/782], Loss: 0.8365728855133057
Rank:0 Epoch: [11/40], Step: [171/782], Loss: 0.8393723964691162
Rank:0 Epoch: [11/40], Step: [181/782], Loss: 0.9727158546447754
Rank:0 Epoch: [11/40], Step: [191/782], Loss: 0.5546995401382446
Rank:0 Epoch: [11/40], Step: [201/782], Loss: 0.6958255767822266
Rank:0 Epoch: [11/40], Step: [211/782], Loss: 0.6611748933792114
Rank:0 Epoch: [11/40], Step: [221/782], Loss: 0.5761093497276306
Rank:0 Epoch: [11/40], Step: [231/782], Loss: 0.7308914065361023
Rank:0 Epoch: [11/40], Step: [241/782], Loss: 0.4394185245037079
Rank:0 Epoch: [11/40], Step: [251/782], Loss: 0.383903443813324
Rank:0 Epoch: [11/40], Step: [261/782], Loss: 0.5068324208259583
Rank:0 Epoch: [11/40], Step: [271/782], Loss: 0.36722332239151
Rank:0 Epoch: [11/40], Step: [281/782], Loss: 0.31588825583457947
Rank:0 Epoch: [11/40], Step: [291/782], Loss: 0.463846892118454
Rank:0 Epoch: [11/40], Step: [301/782], Loss: 0.35051167011260986
Rank:0 Epoch: [11/40], Step: [311/782], Loss: 0.778464674949646
Rank:0 Epoch: [11/40], Step: [321/782], Loss: 0.5911068916320801
Rank:0 Epoch: [11/40], Step: [331/782], Loss: 0.48478320240974426
Rank:0 Epoch: [11/40], Step: [341/782], Loss: 0.40034815669059753
Rank:0 Epoch: [11/40], Step: [351/782], Loss: 0.8773096799850464
Rank:0 Epoch: [11/40], Step: [361/782], Loss: 0.471239298582077
Rank:0 Epoch: [11/40], Step: [371/782], Loss: 0.5801008939743042
Rank:0 Epoch: [11/40], Step: [381/782], Loss: 0.5220162868499756
Rank:0 Epoch: [11/40], Step: [391/782], Loss: 0.5425024032592773
Rank:0 Epoch: [11/40], Step: [401/782], Loss: 0.36592987179756165
Rank:0 Epoch: [11/40], Step: [411/782], Loss: 0.6239500641822815
Rank:0 Epoch: [11/40], Step: [421/782], Loss: 0.6868380904197693
Rank:0 Epoch: [11/40], Step: [431/782], Loss: 0.599979043006897
Rank:0 Epoch: [11/40], Step: [441/782], Loss: 0.750200629234314
Rank:0 Epoch: [11/40], Step: [451/782], Loss: 0.38480785489082336
Rank:0 Epoch: [11/40], Step: [461/782], Loss: 0.5420820116996765
Rank:0 Epoch: [11/40], Step: [471/782], Loss: 0.6057998538017273
Rank:0 Epoch: [11/40], Step: [481/782], Loss: 0.6694793701171875
Rank:0 Epoch: [11/40], Step: [491/782], Loss: 0.672671377658844
Rank:0 Epoch: [11/40], Step: [501/782], Loss: 0.6140152215957642
Rank:0 Epoch: [11/40], Step: [511/782], Loss: 0.6318063735961914
Rank:0 Epoch: [11/40], Step: [521/782], Loss: 0.6255772113800049
Rank:0 Epoch: [11/40], Step: [531/782], Loss: 0.7425118684768677
Rank:0 Epoch: [11/40], Step: [541/782], Loss: 0.5562900304794312
Rank:0 Epoch: [11/40], Step: [551/782], Loss: 0.5263544917106628
Rank:0 Epoch: [11/40], Step: [561/782], Loss: 0.573936402797699
Rank:0 Epoch: [11/40], Step: [571/782], Loss: 0.6178751587867737
Rank:0 Epoch: [11/40], Step: [581/782], Loss: 0.6377903819084167
Rank:0 Epoch: [11/40], Step: [591/782], Loss: 0.3023121654987335
Rank:0 Epoch: [11/40], Step: [601/782], Loss: 0.393226683139801
Rank:0 Epoch: [11/40], Step: [611/782], Loss: 0.4576272964477539
Rank:0 Epoch: [11/40], Step: [621/782], Loss: 0.43140000104904175
Rank:0 Epoch: [11/40], Step: [631/782], Loss: 0.8222659230232239
Rank:0 Epoch: [11/40], Step: [641/782], Loss: 0.5216120481491089
Rank:0 Epoch: [11/40], Step: [651/782], Loss: 0.4543338418006897
Rank:0 Epoch: [11/40], Step: [661/782], Loss: 0.765511155128479
Rank:0 Epoch: [11/40], Step: [671/782], Loss: 0.7182387113571167
Rank:0 Epoch: [11/40], Step: [681/782], Loss: 0.583794891834259
Rank:0 Epoch: [11/40], Step: [691/782], Loss: 0.6709492802619934
Rank:0 Epoch: [11/40], Step: [701/782], Loss: 0.9358404874801636
Rank:0 Epoch: [11/40], Step: [711/782], Loss: 0.5346882343292236
Rank:0 Epoch: [11/40], Step: [721/782], Loss: 0.5691798329353333
Rank:0 Epoch: [11/40], Step: [731/782], Loss: 0.42123112082481384
Rank:0 Epoch: [11/40], Step: [741/782], Loss: 0.5173724889755249
Rank:0 Epoch: [11/40], Step: [751/782], Loss: 0.4451058804988861
Rank:0 Epoch: [11/40], Step: [761/782], Loss: 0.6726526618003845
Rank:0 Epoch: [11/40], Step: [771/782], Loss: 0.33500808477401733
Rank:0 Epoch: [11/40], Step: [781/782], Loss: 0.30011773109436035
Current Test Acc: 0.8402
Rank:0 Epoch: [12/40], Step: [1/782], Loss: 0.5580441951751709
Rank:0 Epoch: [12/40], Step: [11/782], Loss: 0.5954630374908447
Rank:0 Epoch: [12/40], Step: [21/782], Loss: 0.5988883376121521
Rank:0 Epoch: [12/40], Step: [31/782], Loss: 0.43691447377204895
Rank:0 Epoch: [12/40], Step: [41/782], Loss: 0.8687014579772949
Rank:0 Epoch: [12/40], Step: [51/782], Loss: 0.3803306519985199
Rank:0 Epoch: [12/40], Step: [61/782], Loss: 0.1956038922071457
Rank:0 Epoch: [12/40], Step: [71/782], Loss: 0.4294253885746002
Rank:0 Epoch: [12/40], Step: [81/782], Loss: 0.30239394307136536
Rank:0 Epoch: [12/40], Step: [91/782], Loss: 0.6894795298576355
Rank:0 Epoch: [12/40], Step: [101/782], Loss: 0.3361499309539795
Rank:0 Epoch: [12/40], Step: [111/782], Loss: 0.6076345443725586
Rank:0 Epoch: [12/40], Step: [121/782], Loss: 1.527377724647522
Rank:0 Epoch: [12/40], Step: [131/782], Loss: 0.5059488415718079
Rank:0 Epoch: [12/40], Step: [141/782], Loss: 0.4941609501838684
Rank:0 Epoch: [12/40], Step: [151/782], Loss: 0.697785496711731
Rank:0 Epoch: [12/40], Step: [161/782], Loss: 0.48629963397979736
Rank:0 Epoch: [12/40], Step: [171/782], Loss: 0.5006700754165649
Rank:0 Epoch: [12/40], Step: [181/782], Loss: 0.5058324933052063
Rank:0 Epoch: [12/40], Step: [191/782], Loss: 0.8135242462158203
Rank:0 Epoch: [12/40], Step: [201/782], Loss: 0.22892218828201294
Rank:0 Epoch: [12/40], Step: [211/782], Loss: 0.41385552287101746
Rank:0 Epoch: [12/40], Step: [221/782], Loss: 0.5653325319290161
Rank:0 Epoch: [12/40], Step: [231/782], Loss: 0.5362775325775146
Rank:0 Epoch: [12/40], Step: [241/782], Loss: 0.5159623026847839
Rank:0 Epoch: [12/40], Step: [251/782], Loss: 0.6439904570579529
Rank:0 Epoch: [12/40], Step: [261/782], Loss: 0.7232373952865601
Rank:0 Epoch: [12/40], Step: [271/782], Loss: 0.9202713966369629
Rank:0 Epoch: [12/40], Step: [281/782], Loss: 0.5010257959365845
Rank:0 Epoch: [12/40], Step: [291/782], Loss: 0.6436346769332886
Rank:0 Epoch: [12/40], Step: [301/782], Loss: 0.610201895236969
Rank:0 Epoch: [12/40], Step: [311/782], Loss: 0.41432052850723267
Rank:0 Epoch: [12/40], Step: [321/782], Loss: 0.41414642333984375
Rank:0 Epoch: [12/40], Step: [331/782], Loss: 0.5469703078269958
Rank:0 Epoch: [12/40], Step: [341/782], Loss: 0.39046916365623474
Rank:0 Epoch: [12/40], Step: [351/782], Loss: 0.5176658034324646
Rank:0 Epoch: [12/40], Step: [361/782], Loss: 0.7716788053512573
Rank:0 Epoch: [12/40], Step: [371/782], Loss: 0.614168643951416
Rank:0 Epoch: [12/40], Step: [381/782], Loss: 0.49405330419540405
Rank:0 Epoch: [12/40], Step: [391/782], Loss: 0.5502132773399353
Rank:0 Epoch: [12/40], Step: [401/782], Loss: 0.3232763409614563
Rank:0 Epoch: [12/40], Step: [411/782], Loss: 1.0502257347106934
Rank:0 Epoch: [12/40], Step: [421/782], Loss: 0.506803572177887
Rank:0 Epoch: [12/40], Step: [431/782], Loss: 0.8993842601776123
Rank:0 Epoch: [12/40], Step: [441/782], Loss: 0.6847279071807861
Rank:0 Epoch: [12/40], Step: [451/782], Loss: 0.7667979001998901
Rank:0 Epoch: [12/40], Step: [461/782], Loss: 0.35345712304115295
Rank:0 Epoch: [12/40], Step: [471/782], Loss: 0.553231954574585
Rank:0 Epoch: [12/40], Step: [481/782], Loss: 0.4766257107257843
Rank:0 Epoch: [12/40], Step: [491/782], Loss: 0.6614435911178589
Rank:0 Epoch: [12/40], Step: [501/782], Loss: 0.636013925075531
Rank:0 Epoch: [12/40], Step: [511/782], Loss: 0.5558152794837952
Rank:0 Epoch: [12/40], Step: [521/782], Loss: 0.6058899760246277
Rank:0 Epoch: [12/40], Step: [531/782], Loss: 0.5604895949363708
Rank:0 Epoch: [12/40], Step: [541/782], Loss: 0.3384546637535095
Rank:0 Epoch: [12/40], Step: [551/782], Loss: 0.7229821681976318
Rank:0 Epoch: [12/40], Step: [561/782], Loss: 0.3854559063911438
Rank:0 Epoch: [12/40], Step: [571/782], Loss: 0.3746173083782196
Rank:0 Epoch: [12/40], Step: [581/782], Loss: 0.43361014127731323
Rank:0 Epoch: [12/40], Step: [591/782], Loss: 0.5448305010795593
Rank:0 Epoch: [12/40], Step: [601/782], Loss: 0.44985777139663696
Rank:0 Epoch: [12/40], Step: [611/782], Loss: 0.4472920894622803
Rank:0 Epoch: [12/40], Step: [621/782], Loss: 0.5183996558189392
Rank:0 Epoch: [12/40], Step: [631/782], Loss: 0.6824917793273926
Rank:0 Epoch: [12/40], Step: [641/782], Loss: 0.40302565693855286
Rank:0 Epoch: [12/40], Step: [651/782], Loss: 0.8037375807762146
Rank:0 Epoch: [12/40], Step: [661/782], Loss: 0.8425611853599548
Rank:0 Epoch: [12/40], Step: [671/782], Loss: 0.8461862802505493
Rank:0 Epoch: [12/40], Step: [681/782], Loss: 0.5114874243736267
Rank:0 Epoch: [12/40], Step: [691/782], Loss: 0.7602384090423584
Rank:0 Epoch: [12/40], Step: [701/782], Loss: 0.5095378160476685
Rank:0 Epoch: [12/40], Step: [711/782], Loss: 0.604392945766449
Rank:0 Epoch: [12/40], Step: [721/782], Loss: 0.6463935375213623
Rank:0 Epoch: [12/40], Step: [731/782], Loss: 0.5299293398857117
Rank:0 Epoch: [12/40], Step: [741/782], Loss: 0.456642210483551
Rank:0 Epoch: [12/40], Step: [751/782], Loss: 0.8491091132164001
Rank:0 Epoch: [12/40], Step: [761/782], Loss: 1.3010048866271973
Rank:0 Epoch: [12/40], Step: [771/782], Loss: 0.4896925687789917
Rank:0 Epoch: [12/40], Step: [781/782], Loss: 0.5356159210205078
Current Test Acc: 0.8105
Rank:0 Epoch: [13/40], Step: [1/782], Loss: 0.8445371985435486
Rank:0 Epoch: [13/40], Step: [11/782], Loss: 0.41808781027793884
Rank:0 Epoch: [13/40], Step: [21/782], Loss: 0.3763269782066345
Rank:0 Epoch: [13/40], Step: [31/782], Loss: 0.6994470953941345
Rank:0 Epoch: [13/40], Step: [41/782], Loss: 0.5796223282814026
Rank:0 Epoch: [13/40], Step: [51/782], Loss: 0.43252938985824585
Rank:0 Epoch: [13/40], Step: [61/782], Loss: 0.411904513835907
Rank:0 Epoch: [13/40], Step: [71/782], Loss: 0.6631195545196533
Rank:0 Epoch: [13/40], Step: [81/782], Loss: 0.4014292061328888
Rank:0 Epoch: [13/40], Step: [91/782], Loss: 0.3881416320800781
Rank:0 Epoch: [13/40], Step: [101/782], Loss: 0.37186717987060547
Rank:0 Epoch: [13/40], Step: [111/782], Loss: 0.29416826367378235
Rank:0 Epoch: [13/40], Step: [121/782], Loss: 0.43462762236595154
Rank:0 Epoch: [13/40], Step: [131/782], Loss: 0.5134230852127075
Rank:0 Epoch: [13/40], Step: [141/782], Loss: 0.4187304973602295
Rank:0 Epoch: [13/40], Step: [151/782], Loss: 0.4210864305496216
Rank:0 Epoch: [13/40], Step: [161/782], Loss: 0.4656094014644623
Rank:0 Epoch: [13/40], Step: [171/782], Loss: 0.3394560217857361
Rank:0 Epoch: [13/40], Step: [181/782], Loss: 0.4257829487323761
Rank:0 Epoch: [13/40], Step: [191/782], Loss: 0.8967952132225037
Rank:0 Epoch: [13/40], Step: [201/782], Loss: 0.630161702632904
Rank:0 Epoch: [13/40], Step: [211/782], Loss: 0.5539627075195312
Rank:0 Epoch: [13/40], Step: [221/782], Loss: 0.313508003950119
Rank:0 Epoch: [13/40], Step: [231/782], Loss: 0.5791952610015869
Rank:0 Epoch: [13/40], Step: [241/782], Loss: 0.6092650890350342
Rank:0 Epoch: [13/40], Step: [251/782], Loss: 0.27699071168899536
Rank:0 Epoch: [13/40], Step: [261/782], Loss: 0.7359818816184998
Rank:0 Epoch: [13/40], Step: [271/782], Loss: 0.42780402302742004
Rank:0 Epoch: [13/40], Step: [281/782], Loss: 0.36939239501953125
Rank:0 Epoch: [13/40], Step: [291/782], Loss: 0.3963609039783478
Rank:0 Epoch: [13/40], Step: [301/782], Loss: 0.4724293351173401
Rank:0 Epoch: [13/40], Step: [311/782], Loss: 0.31451570987701416
Rank:0 Epoch: [13/40], Step: [321/782], Loss: 0.6910010576248169
Rank:0 Epoch: [13/40], Step: [331/782], Loss: 0.4539414346218109
Rank:0 Epoch: [13/40], Step: [341/782], Loss: 0.3106818199157715
Rank:0 Epoch: [13/40], Step: [351/782], Loss: 0.9829246997833252
Rank:0 Epoch: [13/40], Step: [361/782], Loss: 0.5827785134315491
Rank:0 Epoch: [13/40], Step: [371/782], Loss: 0.6451293230056763
Rank:0 Epoch: [13/40], Step: [381/782], Loss: 0.5006524324417114
Rank:0 Epoch: [13/40], Step: [391/782], Loss: 0.6495407223701477
Rank:0 Epoch: [13/40], Step: [401/782], Loss: 0.5592924356460571
Rank:0 Epoch: [13/40], Step: [411/782], Loss: 0.7627100348472595
Rank:0 Epoch: [13/40], Step: [421/782], Loss: 0.2902275621891022
Rank:0 Epoch: [13/40], Step: [431/782], Loss: 0.5648704767227173
Rank:0 Epoch: [13/40], Step: [441/782], Loss: 0.36313390731811523
Rank:0 Epoch: [13/40], Step: [451/782], Loss: 0.4180792272090912
Rank:0 Epoch: [13/40], Step: [461/782], Loss: 0.5492045879364014
Rank:0 Epoch: [13/40], Step: [471/782], Loss: 0.5902702808380127
Rank:0 Epoch: [13/40], Step: [481/782], Loss: 0.6021032333374023
Rank:0 Epoch: [13/40], Step: [491/782], Loss: 0.5147944092750549
Rank:0 Epoch: [13/40], Step: [501/782], Loss: 0.6009888052940369
Rank:0 Epoch: [13/40], Step: [511/782], Loss: 0.3831697106361389
Rank:0 Epoch: [13/40], Step: [521/782], Loss: 0.4675859212875366
Rank:0 Epoch: [13/40], Step: [531/782], Loss: 0.4133562445640564
Rank:0 Epoch: [13/40], Step: [541/782], Loss: 0.6579650640487671
Rank:0 Epoch: [13/40], Step: [551/782], Loss: 0.8205631971359253
Rank:0 Epoch: [13/40], Step: [561/782], Loss: 0.4000503420829773
Rank:0 Epoch: [13/40], Step: [571/782], Loss: 0.3808062672615051
Rank:0 Epoch: [13/40], Step: [581/782], Loss: 0.3881871700286865
Rank:0 Epoch: [13/40], Step: [591/782], Loss: 0.5221906900405884
Rank:0 Epoch: [13/40], Step: [601/782], Loss: 0.3074207305908203
Rank:0 Epoch: [13/40], Step: [611/782], Loss: 0.24632219970226288
Rank:0 Epoch: [13/40], Step: [621/782], Loss: 0.7151253819465637
Rank:0 Epoch: [13/40], Step: [631/782], Loss: 0.564375102519989
Rank:0 Epoch: [13/40], Step: [641/782], Loss: 0.9507719278335571
Rank:0 Epoch: [13/40], Step: [651/782], Loss: 0.5294255614280701
Rank:0 Epoch: [13/40], Step: [661/782], Loss: 0.43767380714416504
Rank:0 Epoch: [13/40], Step: [671/782], Loss: 0.6962684392929077
Rank:0 Epoch: [13/40], Step: [681/782], Loss: 0.48874354362487793
Rank:0 Epoch: [13/40], Step: [691/782], Loss: 0.6683108806610107
Rank:0 Epoch: [13/40], Step: [701/782], Loss: 0.6654089093208313
Rank:0 Epoch: [13/40], Step: [711/782], Loss: 0.4469294846057892
Rank:0 Epoch: [13/40], Step: [721/782], Loss: 0.3754844665527344
Rank:0 Epoch: [13/40], Step: [731/782], Loss: 0.41788697242736816
Rank:0 Epoch: [13/40], Step: [741/782], Loss: 0.4858444333076477
Rank:0 Epoch: [13/40], Step: [751/782], Loss: 0.5997900366783142
Rank:0 Epoch: [13/40], Step: [761/782], Loss: 0.3009083867073059
Rank:0 Epoch: [13/40], Step: [771/782], Loss: 0.5361524224281311
Rank:0 Epoch: [13/40], Step: [781/782], Loss: 0.735587477684021
Current Test Acc: 0.8577
Rank:0 Epoch: [14/40], Step: [1/782], Loss: 0.4913718104362488
Rank:0 Epoch: [14/40], Step: [11/782], Loss: 0.9746726751327515
Rank:0 Epoch: [14/40], Step: [21/782], Loss: 0.4163466989994049
Rank:0 Epoch: [14/40], Step: [31/782], Loss: 0.7739319801330566
Rank:0 Epoch: [14/40], Step: [41/782], Loss: 0.7348844408988953
Rank:0 Epoch: [14/40], Step: [51/782], Loss: 0.6047174334526062
Rank:0 Epoch: [14/40], Step: [61/782], Loss: 0.9772911667823792
Rank:0 Epoch: [14/40], Step: [71/782], Loss: 0.6361091136932373
Rank:0 Epoch: [14/40], Step: [81/782], Loss: 0.49184736609458923
Rank:0 Epoch: [14/40], Step: [91/782], Loss: 0.5407086610794067
Rank:0 Epoch: [14/40], Step: [101/782], Loss: 0.3322352468967438
Rank:0 Epoch: [14/40], Step: [111/782], Loss: 0.5279091596603394
Rank:0 Epoch: [14/40], Step: [121/782], Loss: 0.5825499892234802
Rank:0 Epoch: [14/40], Step: [131/782], Loss: 0.48973605036735535
Rank:0 Epoch: [14/40], Step: [141/782], Loss: 0.48707544803619385
Rank:0 Epoch: [14/40], Step: [151/782], Loss: 0.8592867851257324
Rank:0 Epoch: [14/40], Step: [161/782], Loss: 0.5914269089698792
Rank:0 Epoch: [14/40], Step: [171/782], Loss: 0.5966042876243591
Rank:0 Epoch: [14/40], Step: [181/782], Loss: 0.2977520525455475
Rank:0 Epoch: [14/40], Step: [191/782], Loss: 0.4090377688407898
Rank:0 Epoch: [14/40], Step: [201/782], Loss: 0.49437209963798523
Rank:0 Epoch: [14/40], Step: [211/782], Loss: 0.7682915925979614
Rank:0 Epoch: [14/40], Step: [221/782], Loss: 0.43523895740509033
Rank:0 Epoch: [14/40], Step: [231/782], Loss: 0.803307056427002
Rank:0 Epoch: [14/40], Step: [241/782], Loss: 0.4204840362071991
Rank:0 Epoch: [14/40], Step: [251/782], Loss: 0.7443665862083435
Rank:0 Epoch: [14/40], Step: [261/782], Loss: 0.775652289390564
Rank:0 Epoch: [14/40], Step: [271/782], Loss: 0.6589595675468445
Rank:0 Epoch: [14/40], Step: [281/782], Loss: 0.5640093088150024
Rank:0 Epoch: [14/40], Step: [291/782], Loss: 0.47086769342422485
Rank:0 Epoch: [14/40], Step: [301/782], Loss: 0.8119809031486511
Rank:0 Epoch: [14/40], Step: [311/782], Loss: 0.7158591151237488
Rank:0 Epoch: [14/40], Step: [321/782], Loss: 0.8308992981910706
Rank:0 Epoch: [14/40], Step: [331/782], Loss: 0.5490347743034363
Rank:0 Epoch: [14/40], Step: [341/782], Loss: 0.7877269983291626
Rank:0 Epoch: [14/40], Step: [351/782], Loss: 0.4020906388759613
Rank:0 Epoch: [14/40], Step: [361/782], Loss: 0.4325253367424011
Rank:0 Epoch: [14/40], Step: [371/782], Loss: 0.6508776545524597
Rank:0 Epoch: [14/40], Step: [381/782], Loss: 0.5519842505455017
Rank:0 Epoch: [14/40], Step: [391/782], Loss: 0.6904813647270203
Rank:0 Epoch: [14/40], Step: [401/782], Loss: 0.4577687680721283
Rank:0 Epoch: [14/40], Step: [411/782], Loss: 0.45570284128189087
Rank:0 Epoch: [14/40], Step: [421/782], Loss: 0.6769590973854065
Rank:0 Epoch: [14/40], Step: [431/782], Loss: 0.544975996017456
Rank:0 Epoch: [14/40], Step: [441/782], Loss: 0.34449541568756104
Rank:0 Epoch: [14/40], Step: [451/782], Loss: 0.7024258375167847
Rank:0 Epoch: [14/40], Step: [461/782], Loss: 0.39715108275413513
Rank:0 Epoch: [14/40], Step: [471/782], Loss: 0.32990118861198425
Rank:0 Epoch: [14/40], Step: [481/782], Loss: 0.6238592267036438
Rank:0 Epoch: [14/40], Step: [491/782], Loss: 0.4495200216770172
Rank:0 Epoch: [14/40], Step: [501/782], Loss: 0.5752671957015991
Rank:0 Epoch: [14/40], Step: [511/782], Loss: 0.44859907031059265
Rank:0 Epoch: [14/40], Step: [521/782], Loss: 0.6353789567947388
Rank:0 Epoch: [14/40], Step: [531/782], Loss: 0.42356234788894653
Rank:0 Epoch: [14/40], Step: [541/782], Loss: 0.5066117644309998
Rank:0 Epoch: [14/40], Step: [551/782], Loss: 0.32865384221076965
Rank:0 Epoch: [14/40], Step: [561/782], Loss: 0.6073227524757385
Rank:0 Epoch: [14/40], Step: [571/782], Loss: 0.4370700716972351
Rank:0 Epoch: [14/40], Step: [581/782], Loss: 0.4880027174949646
Rank:0 Epoch: [14/40], Step: [591/782], Loss: 0.618553102016449
Rank:0 Epoch: [14/40], Step: [601/782], Loss: 0.7378686666488647
Rank:0 Epoch: [14/40], Step: [611/782], Loss: 0.4846966862678528
Rank:0 Epoch: [14/40], Step: [621/782], Loss: 0.6533489227294922
Rank:0 Epoch: [14/40], Step: [631/782], Loss: 0.3983040750026703
Rank:0 Epoch: [14/40], Step: [641/782], Loss: 0.6151382923126221
Rank:0 Epoch: [14/40], Step: [651/782], Loss: 0.4989849627017975
Rank:0 Epoch: [14/40], Step: [661/782], Loss: 0.4523380398750305
Rank:0 Epoch: [14/40], Step: [671/782], Loss: 0.7563835382461548
Rank:0 Epoch: [14/40], Step: [681/782], Loss: 0.5875833630561829
Rank:0 Epoch: [14/40], Step: [691/782], Loss: 0.5304494500160217
Rank:0 Epoch: [14/40], Step: [701/782], Loss: 0.500963568687439
Rank:0 Epoch: [14/40], Step: [711/782], Loss: 0.5810327529907227
Rank:0 Epoch: [14/40], Step: [721/782], Loss: 0.5191066265106201
Rank:0 Epoch: [14/40], Step: [731/782], Loss: 0.70174640417099
Rank:0 Epoch: [14/40], Step: [741/782], Loss: 0.3691589832305908
Rank:0 Epoch: [14/40], Step: [751/782], Loss: 0.46106448769569397
Rank:0 Epoch: [14/40], Step: [761/782], Loss: 0.3602631092071533
Rank:0 Epoch: [14/40], Step: [771/782], Loss: 0.5940027236938477
Rank:0 Epoch: [14/40], Step: [781/782], Loss: 0.37827152013778687
Current Test Acc: 0.8263
Rank:0 Epoch: [15/40], Step: [1/782], Loss: 0.6474785208702087
Rank:0 Epoch: [15/40], Step: [11/782], Loss: 0.8436986804008484
Rank:0 Epoch: [15/40], Step: [21/782], Loss: 0.33164459466934204
Rank:0 Epoch: [15/40], Step: [31/782], Loss: 0.40113091468811035
Rank:0 Epoch: [15/40], Step: [41/782], Loss: 0.5430132746696472
Rank:0 Epoch: [15/40], Step: [51/782], Loss: 0.6026037931442261
Rank:0 Epoch: [15/40], Step: [61/782], Loss: 0.34508636593818665
Rank:0 Epoch: [15/40], Step: [71/782], Loss: 0.6540326476097107
Rank:0 Epoch: [15/40], Step: [81/782], Loss: 0.4075198769569397
Rank:0 Epoch: [15/40], Step: [91/782], Loss: 0.2930411696434021
Rank:0 Epoch: [15/40], Step: [101/782], Loss: 0.3955199122428894
Rank:0 Epoch: [15/40], Step: [111/782], Loss: 0.4068557918071747
Rank:0 Epoch: [15/40], Step: [121/782], Loss: 0.595463216304779
Rank:0 Epoch: [15/40], Step: [131/782], Loss: 0.7489553689956665
Rank:0 Epoch: [15/40], Step: [141/782], Loss: 0.480122447013855
Rank:0 Epoch: [15/40], Step: [151/782], Loss: 0.46826666593551636
Rank:0 Epoch: [15/40], Step: [161/782], Loss: 0.9279302358627319
Rank:0 Epoch: [15/40], Step: [171/782], Loss: 0.557622492313385
Rank:0 Epoch: [15/40], Step: [181/782], Loss: 0.8093819618225098
Rank:0 Epoch: [15/40], Step: [191/782], Loss: 0.5153986215591431
Rank:0 Epoch: [15/40], Step: [201/782], Loss: 0.669436514377594
Rank:0 Epoch: [15/40], Step: [211/782], Loss: 0.5584802627563477
Rank:0 Epoch: [15/40], Step: [221/782], Loss: 0.5099921226501465
Rank:0 Epoch: [15/40], Step: [231/782], Loss: 0.5508928894996643
Rank:0 Epoch: [15/40], Step: [241/782], Loss: 0.6664393544197083
Rank:0 Epoch: [15/40], Step: [251/782], Loss: 0.5226233601570129
Rank:0 Epoch: [15/40], Step: [261/782], Loss: 0.5651000142097473
Rank:0 Epoch: [15/40], Step: [271/782], Loss: 0.7477408647537231
Rank:0 Epoch: [15/40], Step: [281/782], Loss: 0.4670778214931488
Rank:0 Epoch: [15/40], Step: [291/782], Loss: 0.7207340002059937
Rank:0 Epoch: [15/40], Step: [301/782], Loss: 0.4456130862236023
Rank:0 Epoch: [15/40], Step: [311/782], Loss: 0.4327358901500702
Rank:0 Epoch: [15/40], Step: [321/782], Loss: 0.4420227110385895
Rank:0 Epoch: [15/40], Step: [331/782], Loss: 0.6274842023849487
Rank:0 Epoch: [15/40], Step: [341/782], Loss: 0.5876087546348572
Rank:0 Epoch: [15/40], Step: [351/782], Loss: 0.38854408264160156
Rank:0 Epoch: [15/40], Step: [361/782], Loss: 0.5079992413520813
Rank:0 Epoch: [15/40], Step: [371/782], Loss: 0.6296011209487915
Rank:0 Epoch: [15/40], Step: [381/782], Loss: 1.0312021970748901
Rank:0 Epoch: [15/40], Step: [391/782], Loss: 0.27970966696739197
Rank:0 Epoch: [15/40], Step: [401/782], Loss: 0.42310619354248047
Rank:0 Epoch: [15/40], Step: [411/782], Loss: 0.6504306197166443
Rank:0 Epoch: [15/40], Step: [421/782], Loss: 0.454563707113266
Rank:0 Epoch: [15/40], Step: [431/782], Loss: 0.6599474549293518
Rank:0 Epoch: [15/40], Step: [441/782], Loss: 0.7770726084709167
Rank:0 Epoch: [15/40], Step: [451/782], Loss: 0.6762808561325073
Rank:0 Epoch: [15/40], Step: [461/782], Loss: 0.4675666093826294
Rank:0 Epoch: [15/40], Step: [471/782], Loss: 0.6101638674736023
Rank:0 Epoch: [15/40], Step: [481/782], Loss: 0.8769748210906982
Rank:0 Epoch: [15/40], Step: [491/782], Loss: 0.5175345540046692
Rank:0 Epoch: [15/40], Step: [501/782], Loss: 0.6115442514419556
Rank:0 Epoch: [15/40], Step: [511/782], Loss: 0.5174936056137085
Rank:0 Epoch: [15/40], Step: [521/782], Loss: 0.7172606587409973
Rank:0 Epoch: [15/40], Step: [531/782], Loss: 0.5210240483283997
Rank:0 Epoch: [15/40], Step: [541/782], Loss: 0.7802819609642029
Rank:0 Epoch: [15/40], Step: [551/782], Loss: 0.5668469071388245
Rank:0 Epoch: [15/40], Step: [561/782], Loss: 0.4606601595878601
Rank:0 Epoch: [15/40], Step: [571/782], Loss: 0.7155945897102356
Rank:0 Epoch: [15/40], Step: [581/782], Loss: 0.3708225190639496
Rank:0 Epoch: [15/40], Step: [591/782], Loss: 0.3432244658470154
Rank:0 Epoch: [15/40], Step: [601/782], Loss: 0.6002216339111328
Rank:0 Epoch: [15/40], Step: [611/782], Loss: 0.47989532351493835
Rank:0 Epoch: [15/40], Step: [621/782], Loss: 0.8146722316741943
Rank:0 Epoch: [15/40], Step: [631/782], Loss: 0.47399380803108215
Rank:0 Epoch: [15/40], Step: [641/782], Loss: 0.4353513717651367
Rank:0 Epoch: [15/40], Step: [651/782], Loss: 0.40291839838027954
Rank:0 Epoch: [15/40], Step: [661/782], Loss: 0.5203178524971008
Rank:0 Epoch: [15/40], Step: [671/782], Loss: 0.6338053941726685
Rank:0 Epoch: [15/40], Step: [681/782], Loss: 0.47477999329566956
Rank:0 Epoch: [15/40], Step: [691/782], Loss: 0.9170792698860168
Rank:0 Epoch: [15/40], Step: [701/782], Loss: 0.41349074244499207
Rank:0 Epoch: [15/40], Step: [711/782], Loss: 0.878807783126831
Rank:0 Epoch: [15/40], Step: [721/782], Loss: 0.6070747375488281
Rank:0 Epoch: [15/40], Step: [731/782], Loss: 0.9667584300041199
Rank:0 Epoch: [15/40], Step: [741/782], Loss: 0.5746381878852844
Rank:0 Epoch: [15/40], Step: [751/782], Loss: 0.40056920051574707
Rank:0 Epoch: [15/40], Step: [761/782], Loss: 0.7510358095169067
Rank:0 Epoch: [15/40], Step: [771/782], Loss: 0.5963299870491028
Rank:0 Epoch: [15/40], Step: [781/782], Loss: 0.7059031128883362
Current Test Acc: 0.8422
Rank:0 Epoch: [16/40], Step: [1/782], Loss: 0.6269840598106384
Rank:0 Epoch: [16/40], Step: [11/782], Loss: 0.42934954166412354
Rank:0 Epoch: [16/40], Step: [21/782], Loss: 0.3569272458553314
Rank:0 Epoch: [16/40], Step: [31/782], Loss: 0.33300599455833435
Rank:0 Epoch: [16/40], Step: [41/782], Loss: 0.538822591304779
Rank:0 Epoch: [16/40], Step: [51/782], Loss: 0.4087703824043274
Rank:0 Epoch: [16/40], Step: [61/782], Loss: 0.44361481070518494
Rank:0 Epoch: [16/40], Step: [71/782], Loss: 0.6882410049438477
Rank:0 Epoch: [16/40], Step: [81/782], Loss: 0.5531759858131409
Rank:0 Epoch: [16/40], Step: [91/782], Loss: 0.8646444082260132
Rank:0 Epoch: [16/40], Step: [101/782], Loss: 0.6711499094963074
Rank:0 Epoch: [16/40], Step: [111/782], Loss: 0.5905596613883972
Rank:0 Epoch: [16/40], Step: [121/782], Loss: 0.44996488094329834
Rank:0 Epoch: [16/40], Step: [131/782], Loss: 0.6366268992424011
Rank:0 Epoch: [16/40], Step: [141/782], Loss: 0.5312156081199646
Rank:0 Epoch: [16/40], Step: [151/782], Loss: 0.2760079801082611
Rank:0 Epoch: [16/40], Step: [161/782], Loss: 0.40941911935806274
Rank:0 Epoch: [16/40], Step: [171/782], Loss: 0.9319232106208801
Rank:0 Epoch: [16/40], Step: [181/782], Loss: 0.5176512598991394
Rank:0 Epoch: [16/40], Step: [191/782], Loss: 0.4768323302268982
Rank:0 Epoch: [16/40], Step: [201/782], Loss: 0.6443091034889221
Rank:0 Epoch: [16/40], Step: [211/782], Loss: 0.7824071645736694
Rank:0 Epoch: [16/40], Step: [221/782], Loss: 0.32970061898231506
Rank:0 Epoch: [16/40], Step: [231/782], Loss: 0.407164067029953
Rank:0 Epoch: [16/40], Step: [241/782], Loss: 0.4321366250514984
Rank:0 Epoch: [16/40], Step: [251/782], Loss: 0.47391384840011597
Rank:0 Epoch: [16/40], Step: [261/782], Loss: 0.4521293342113495
Rank:0 Epoch: [16/40], Step: [271/782], Loss: 0.3887597322463989
Rank:0 Epoch: [16/40], Step: [281/782], Loss: 0.5518129467964172
Rank:0 Epoch: [16/40], Step: [291/782], Loss: 0.42640137672424316
Rank:0 Epoch: [16/40], Step: [301/782], Loss: 0.6549410223960876
Rank:0 Epoch: [16/40], Step: [311/782], Loss: 0.7660638689994812
Rank:0 Epoch: [16/40], Step: [321/782], Loss: 0.3996594250202179
Rank:0 Epoch: [16/40], Step: [331/782], Loss: 0.9017230272293091
Rank:0 Epoch: [16/40], Step: [341/782], Loss: 0.5137965679168701
Rank:0 Epoch: [16/40], Step: [351/782], Loss: 0.3731537461280823
Rank:0 Epoch: [16/40], Step: [361/782], Loss: 0.2691959738731384
Rank:0 Epoch: [16/40], Step: [371/782], Loss: 0.5461906790733337
Rank:0 Epoch: [16/40], Step: [381/782], Loss: 0.6051311492919922
Rank:0 Epoch: [16/40], Step: [391/782], Loss: 0.7138902544975281
Rank:0 Epoch: [16/40], Step: [401/782], Loss: 0.5948351621627808
Rank:0 Epoch: [16/40], Step: [411/782], Loss: 1.7345319986343384
Rank:0 Epoch: [16/40], Step: [421/782], Loss: 0.5056561231613159
Rank:0 Epoch: [16/40], Step: [431/782], Loss: 0.7413440346717834
Rank:0 Epoch: [16/40], Step: [441/782], Loss: 0.3612169027328491
Rank:0 Epoch: [16/40], Step: [451/782], Loss: 0.5278542041778564
Rank:0 Epoch: [16/40], Step: [461/782], Loss: 0.2878056466579437
Rank:0 Epoch: [16/40], Step: [471/782], Loss: 0.4444332718849182
Rank:0 Epoch: [16/40], Step: [481/782], Loss: 0.3828234076499939
Rank:0 Epoch: [16/40], Step: [491/782], Loss: 0.2764793038368225
Rank:0 Epoch: [16/40], Step: [501/782], Loss: 0.5028050541877747
Rank:0 Epoch: [16/40], Step: [511/782], Loss: 0.482607901096344
Rank:0 Epoch: [16/40], Step: [521/782], Loss: 0.5847761034965515
Rank:0 Epoch: [16/40], Step: [531/782], Loss: 0.44166192412376404
Rank:0 Epoch: [16/40], Step: [541/782], Loss: 0.43079349398612976
Rank:0 Epoch: [16/40], Step: [551/782], Loss: 0.35575389862060547
Rank:0 Epoch: [16/40], Step: [561/782], Loss: 0.5308434963226318
Rank:0 Epoch: [16/40], Step: [571/782], Loss: 0.591284990310669
Rank:0 Epoch: [16/40], Step: [581/782], Loss: 0.3016758859157562
Rank:0 Epoch: [16/40], Step: [591/782], Loss: 0.5249455571174622
Rank:0 Epoch: [16/40], Step: [601/782], Loss: 0.39113351702690125
Rank:0 Epoch: [16/40], Step: [611/782], Loss: 0.9408993721008301
Rank:0 Epoch: [16/40], Step: [621/782], Loss: 0.4116975963115692
Rank:0 Epoch: [16/40], Step: [631/782], Loss: 0.26179394125938416
Rank:0 Epoch: [16/40], Step: [641/782], Loss: 0.7148019075393677
Rank:0 Epoch: [16/40], Step: [651/782], Loss: 0.3744529187679291
Rank:0 Epoch: [16/40], Step: [661/782], Loss: 0.5571140646934509
Rank:0 Epoch: [16/40], Step: [671/782], Loss: 0.5098224878311157
Rank:0 Epoch: [16/40], Step: [681/782], Loss: 0.40752819180488586
Rank:0 Epoch: [16/40], Step: [691/782], Loss: 0.43532097339630127
Rank:0 Epoch: [16/40], Step: [701/782], Loss: 0.41531819105148315
Rank:0 Epoch: [16/40], Step: [711/782], Loss: 0.5660904049873352
Rank:0 Epoch: [16/40], Step: [721/782], Loss: 0.47018539905548096
Rank:0 Epoch: [16/40], Step: [731/782], Loss: 0.39498332142829895
Rank:0 Epoch: [16/40], Step: [741/782], Loss: 0.5292024612426758
Rank:0 Epoch: [16/40], Step: [751/782], Loss: 0.9290734529495239
Rank:0 Epoch: [16/40], Step: [761/782], Loss: 0.5696470737457275
Rank:0 Epoch: [16/40], Step: [771/782], Loss: 0.5458566546440125
Rank:0 Epoch: [16/40], Step: [781/782], Loss: 0.6635374426841736
Current Test Acc: 0.8408
Rank:0 Epoch: [17/40], Step: [1/782], Loss: 0.4412451684474945
Rank:0 Epoch: [17/40], Step: [11/782], Loss: 0.48997223377227783
Rank:0 Epoch: [17/40], Step: [21/782], Loss: 0.34933871030807495
Rank:0 Epoch: [17/40], Step: [31/782], Loss: 0.5747090578079224
Rank:0 Epoch: [17/40], Step: [41/782], Loss: 0.5764862298965454
Rank:0 Epoch: [17/40], Step: [51/782], Loss: 0.7080110311508179
Rank:0 Epoch: [17/40], Step: [61/782], Loss: 0.4108901917934418
Rank:0 Epoch: [17/40], Step: [71/782], Loss: 0.7610213756561279
Rank:0 Epoch: [17/40], Step: [81/782], Loss: 0.5004510283470154
Rank:0 Epoch: [17/40], Step: [91/782], Loss: 0.5429747104644775
Rank:0 Epoch: [17/40], Step: [101/782], Loss: 0.2783569097518921
Rank:0 Epoch: [17/40], Step: [111/782], Loss: 0.4805910289287567
Rank:0 Epoch: [17/40], Step: [121/782], Loss: 0.43011394143104553
Rank:0 Epoch: [17/40], Step: [131/782], Loss: 0.504360020160675
Rank:0 Epoch: [17/40], Step: [141/782], Loss: 0.7190133333206177
Rank:0 Epoch: [17/40], Step: [151/782], Loss: 0.3139456808567047
Rank:0 Epoch: [17/40], Step: [161/782], Loss: 0.38917291164398193
Rank:0 Epoch: [17/40], Step: [171/782], Loss: 0.5212235450744629
Rank:0 Epoch: [17/40], Step: [181/782], Loss: 0.5827054977416992
Rank:0 Epoch: [17/40], Step: [191/782], Loss: 0.6978799104690552
Rank:0 Epoch: [17/40], Step: [201/782], Loss: 0.7687668800354004
Rank:0 Epoch: [17/40], Step: [211/782], Loss: 0.49859488010406494
Rank:0 Epoch: [17/40], Step: [221/782], Loss: 0.656080961227417
Rank:0 Epoch: [17/40], Step: [231/782], Loss: 0.5020677447319031
Rank:0 Epoch: [17/40], Step: [241/782], Loss: 0.3129713833332062
Rank:0 Epoch: [17/40], Step: [251/782], Loss: 0.5702638626098633
Rank:0 Epoch: [17/40], Step: [261/782], Loss: 0.6386969685554504
Rank:0 Epoch: [17/40], Step: [271/782], Loss: 0.3677523136138916
Rank:0 Epoch: [17/40], Step: [281/782], Loss: 0.4537035822868347
Rank:0 Epoch: [17/40], Step: [291/782], Loss: 0.6287355422973633
Rank:0 Epoch: [17/40], Step: [301/782], Loss: 0.26234880089759827
Rank:0 Epoch: [17/40], Step: [311/782], Loss: 0.5420835018157959
Rank:0 Epoch: [17/40], Step: [321/782], Loss: 0.4171677827835083
Rank:0 Epoch: [17/40], Step: [331/782], Loss: 0.4766639769077301
Rank:0 Epoch: [17/40], Step: [341/782], Loss: 0.35386866331100464
Rank:0 Epoch: [17/40], Step: [351/782], Loss: 0.3987290859222412
Rank:0 Epoch: [17/40], Step: [361/782], Loss: 0.5507957935333252
Rank:0 Epoch: [17/40], Step: [371/782], Loss: 0.4569600820541382
Rank:0 Epoch: [17/40], Step: [381/782], Loss: 0.5631693601608276
Rank:0 Epoch: [17/40], Step: [391/782], Loss: 0.42344358563423157
Rank:0 Epoch: [17/40], Step: [401/782], Loss: 0.429893434047699
Rank:0 Epoch: [17/40], Step: [411/782], Loss: 0.9290663003921509
Rank:0 Epoch: [17/40], Step: [421/782], Loss: 0.3090684115886688
Rank:0 Epoch: [17/40], Step: [431/782], Loss: 0.4890739619731903
Rank:0 Epoch: [17/40], Step: [441/782], Loss: 0.8413398861885071
Rank:0 Epoch: [17/40], Step: [451/782], Loss: 0.5720962882041931
Rank:0 Epoch: [17/40], Step: [461/782], Loss: 0.4841803014278412
Rank:0 Epoch: [17/40], Step: [471/782], Loss: 0.40893620252609253
Rank:0 Epoch: [17/40], Step: [481/782], Loss: 0.30422964692115784
Rank:0 Epoch: [17/40], Step: [491/782], Loss: 0.713590681552887
Rank:0 Epoch: [17/40], Step: [501/782], Loss: 0.772747814655304
Rank:0 Epoch: [17/40], Step: [511/782], Loss: 0.5695710778236389
Rank:0 Epoch: [17/40], Step: [521/782], Loss: 0.6430355906486511
Rank:0 Epoch: [17/40], Step: [531/782], Loss: 0.865111768245697
Rank:0 Epoch: [17/40], Step: [541/782], Loss: 0.6185666918754578
Rank:0 Epoch: [17/40], Step: [551/782], Loss: 0.3510046899318695
Rank:0 Epoch: [17/40], Step: [561/782], Loss: 0.5379013419151306
Rank:0 Epoch: [17/40], Step: [571/782], Loss: 0.47923070192337036
Rank:0 Epoch: [17/40], Step: [581/782], Loss: 0.4316921830177307
Rank:0 Epoch: [17/40], Step: [591/782], Loss: 0.2934045195579529
Rank:0 Epoch: [17/40], Step: [601/782], Loss: 0.4928949773311615
Rank:0 Epoch: [17/40], Step: [611/782], Loss: 0.4638743996620178
Rank:0 Epoch: [17/40], Step: [621/782], Loss: 0.500174343585968
Rank:0 Epoch: [17/40], Step: [631/782], Loss: 0.3143223226070404
Rank:0 Epoch: [17/40], Step: [641/782], Loss: 0.680239737033844
Rank:0 Epoch: [17/40], Step: [651/782], Loss: 0.5271487832069397
Rank:0 Epoch: [17/40], Step: [661/782], Loss: 0.4802567660808563
Rank:0 Epoch: [17/40], Step: [671/782], Loss: 0.43449679017066956
Rank:0 Epoch: [17/40], Step: [681/782], Loss: 0.35216525197029114
Rank:0 Epoch: [17/40], Step: [691/782], Loss: 0.8461256623268127
Rank:0 Epoch: [17/40], Step: [701/782], Loss: 0.6648238301277161
Rank:0 Epoch: [17/40], Step: [711/782], Loss: 0.6065549850463867
Rank:0 Epoch: [17/40], Step: [721/782], Loss: 0.43216177821159363
Rank:0 Epoch: [17/40], Step: [731/782], Loss: 0.3166799247264862
Rank:0 Epoch: [17/40], Step: [741/782], Loss: 0.6321408152580261
Rank:0 Epoch: [17/40], Step: [751/782], Loss: 0.937083899974823
Rank:0 Epoch: [17/40], Step: [761/782], Loss: 0.4943089783191681
Rank:0 Epoch: [17/40], Step: [771/782], Loss: 0.41261306405067444
Rank:0 Epoch: [17/40], Step: [781/782], Loss: 0.3147084414958954
Current Test Acc: 0.8364
Rank:0 Epoch: [18/40], Step: [1/782], Loss: 0.4513627588748932
Rank:0 Epoch: [18/40], Step: [11/782], Loss: 0.6281762719154358
Rank:0 Epoch: [18/40], Step: [21/782], Loss: 0.734118640422821
Rank:0 Epoch: [18/40], Step: [31/782], Loss: 0.38625067472457886
Rank:0 Epoch: [18/40], Step: [41/782], Loss: 0.44165581464767456
Rank:0 Epoch: [18/40], Step: [51/782], Loss: 0.30487531423568726
Rank:0 Epoch: [18/40], Step: [61/782], Loss: 0.592734694480896
Rank:0 Epoch: [18/40], Step: [71/782], Loss: 0.7950817346572876
Rank:0 Epoch: [18/40], Step: [81/782], Loss: 0.8196326494216919
Rank:0 Epoch: [18/40], Step: [91/782], Loss: 0.6406351327896118
Rank:0 Epoch: [18/40], Step: [101/782], Loss: 0.24377493560314178
Rank:0 Epoch: [18/40], Step: [111/782], Loss: 0.48419299721717834
Rank:0 Epoch: [18/40], Step: [121/782], Loss: 0.43967118859291077
Rank:0 Epoch: [18/40], Step: [131/782], Loss: 0.43073153495788574
Rank:0 Epoch: [18/40], Step: [141/782], Loss: 0.33674126863479614
Rank:0 Epoch: [18/40], Step: [151/782], Loss: 0.4863520562648773
Rank:0 Epoch: [18/40], Step: [161/782], Loss: 0.32103461027145386
Rank:0 Epoch: [18/40], Step: [171/782], Loss: 0.382549524307251
Rank:0 Epoch: [18/40], Step: [181/782], Loss: 0.6166747212409973
Rank:0 Epoch: [18/40], Step: [191/782], Loss: 0.9423142671585083
Rank:0 Epoch: [18/40], Step: [201/782], Loss: 0.3119383454322815
Rank:0 Epoch: [18/40], Step: [211/782], Loss: 0.4408602714538574
Rank:0 Epoch: [18/40], Step: [221/782], Loss: 0.45124489068984985
Rank:0 Epoch: [18/40], Step: [231/782], Loss: 0.41102585196495056
Rank:0 Epoch: [18/40], Step: [241/782], Loss: 0.36224499344825745
Rank:0 Epoch: [18/40], Step: [251/782], Loss: 0.28253498673439026
Rank:0 Epoch: [18/40], Step: [261/782], Loss: 1.2871673107147217
Rank:0 Epoch: [18/40], Step: [271/782], Loss: 0.3274676501750946
Rank:0 Epoch: [18/40], Step: [281/782], Loss: 0.45253098011016846
Rank:0 Epoch: [18/40], Step: [291/782], Loss: 0.6141694188117981
Rank:0 Epoch: [18/40], Step: [301/782], Loss: 0.5381698608398438
Rank:0 Epoch: [18/40], Step: [311/782], Loss: 0.47603651881217957
Rank:0 Epoch: [18/40], Step: [321/782], Loss: 0.5798230171203613
Rank:0 Epoch: [18/40], Step: [331/782], Loss: 0.5014195442199707
Rank:0 Epoch: [18/40], Step: [341/782], Loss: 0.939870297908783
Rank:0 Epoch: [18/40], Step: [351/782], Loss: 0.5947381258010864
Rank:0 Epoch: [18/40], Step: [361/782], Loss: 0.40850695967674255
Rank:0 Epoch: [18/40], Step: [371/782], Loss: 0.613696813583374
Rank:0 Epoch: [18/40], Step: [381/782], Loss: 0.2849550247192383
Rank:0 Epoch: [18/40], Step: [391/782], Loss: 0.33529871702194214
Rank:0 Epoch: [18/40], Step: [401/782], Loss: 0.3561384677886963
Rank:0 Epoch: [18/40], Step: [411/782], Loss: 0.1863764524459839
Rank:0 Epoch: [18/40], Step: [421/782], Loss: 0.257816880941391
Rank:0 Epoch: [18/40], Step: [431/782], Loss: 0.5764772295951843
Rank:0 Epoch: [18/40], Step: [441/782], Loss: 0.8803694248199463
Rank:0 Epoch: [18/40], Step: [451/782], Loss: 0.539282500743866
Rank:0 Epoch: [18/40], Step: [461/782], Loss: 0.8006275296211243
Rank:0 Epoch: [18/40], Step: [471/782], Loss: 0.7488527297973633
Rank:0 Epoch: [18/40], Step: [481/782], Loss: 0.7872154712677002
Rank:0 Epoch: [18/40], Step: [491/782], Loss: 0.6986932754516602
Rank:0 Epoch: [18/40], Step: [501/782], Loss: 0.34061795473098755
Rank:0 Epoch: [18/40], Step: [511/782], Loss: 0.7419316172599792
Rank:0 Epoch: [18/40], Step: [521/782], Loss: 0.5323975086212158
Rank:0 Epoch: [18/40], Step: [531/782], Loss: 0.4013112783432007
Rank:0 Epoch: [18/40], Step: [541/782], Loss: 0.48383983969688416
Rank:0 Epoch: [18/40], Step: [551/782], Loss: 0.4304336607456207
Rank:0 Epoch: [18/40], Step: [561/782], Loss: 0.561630129814148
Rank:0 Epoch: [18/40], Step: [571/782], Loss: 0.4723688066005707
Rank:0 Epoch: [18/40], Step: [581/782], Loss: 0.37226995825767517
Rank:0 Epoch: [18/40], Step: [591/782], Loss: 0.2868148386478424
Rank:0 Epoch: [18/40], Step: [601/782], Loss: 0.3473523259162903
Rank:0 Epoch: [18/40], Step: [611/782], Loss: 0.5679700970649719
Rank:0 Epoch: [18/40], Step: [621/782], Loss: 0.27005535364151
Rank:0 Epoch: [18/40], Step: [631/782], Loss: 0.5915615558624268
Rank:0 Epoch: [18/40], Step: [641/782], Loss: 0.38116827607154846
Rank:0 Epoch: [18/40], Step: [651/782], Loss: 0.43231070041656494
Rank:0 Epoch: [18/40], Step: [661/782], Loss: 0.6616016030311584
Rank:0 Epoch: [18/40], Step: [671/782], Loss: 0.840197741985321
Rank:0 Epoch: [18/40], Step: [681/782], Loss: 0.6347429156303406
Rank:0 Epoch: [18/40], Step: [691/782], Loss: 0.49344998598098755
Rank:0 Epoch: [18/40], Step: [701/782], Loss: 0.5543879270553589
Rank:0 Epoch: [18/40], Step: [711/782], Loss: 0.4352920353412628
Rank:0 Epoch: [18/40], Step: [721/782], Loss: 0.6022176146507263
Rank:0 Epoch: [18/40], Step: [731/782], Loss: 0.22868990898132324
Rank:0 Epoch: [18/40], Step: [741/782], Loss: 0.3975309133529663
Rank:0 Epoch: [18/40], Step: [751/782], Loss: 0.3474123477935791
Rank:0 Epoch: [18/40], Step: [761/782], Loss: 0.4743478298187256
Rank:0 Epoch: [18/40], Step: [771/782], Loss: 0.3062199354171753
Rank:0 Epoch: [18/40], Step: [781/782], Loss: 0.3524226248264313
Current Test Acc: 0.8369
Rank:0 Epoch: [19/40], Step: [1/782], Loss: 0.5270853042602539
Rank:0 Epoch: [19/40], Step: [11/782], Loss: 0.3950527310371399
Rank:0 Epoch: [19/40], Step: [21/782], Loss: 0.3315817713737488
Rank:0 Epoch: [19/40], Step: [31/782], Loss: 0.5269405245780945
Rank:0 Epoch: [19/40], Step: [41/782], Loss: 0.380750834941864
Rank:0 Epoch: [19/40], Step: [51/782], Loss: 0.5920792818069458
Rank:0 Epoch: [19/40], Step: [61/782], Loss: 0.383320689201355
Rank:0 Epoch: [19/40], Step: [71/782], Loss: 0.3418748676776886
Rank:0 Epoch: [19/40], Step: [81/782], Loss: 0.45627349615097046
Rank:0 Epoch: [19/40], Step: [91/782], Loss: 0.6866806149482727
Rank:0 Epoch: [19/40], Step: [101/782], Loss: 0.2238740473985672
Rank:0 Epoch: [19/40], Step: [111/782], Loss: 0.4937959313392639
Rank:0 Epoch: [19/40], Step: [121/782], Loss: 0.5306105613708496
Rank:0 Epoch: [19/40], Step: [131/782], Loss: 0.9119967222213745
Rank:0 Epoch: [19/40], Step: [141/782], Loss: 0.7952507734298706
Rank:0 Epoch: [19/40], Step: [151/782], Loss: 0.580815851688385
Rank:0 Epoch: [19/40], Step: [161/782], Loss: 0.3801400363445282
Rank:0 Epoch: [19/40], Step: [171/782], Loss: 0.38228681683540344
Rank:0 Epoch: [19/40], Step: [181/782], Loss: 0.37638795375823975
Rank:0 Epoch: [19/40], Step: [191/782], Loss: 0.6302618384361267
Rank:0 Epoch: [19/40], Step: [201/782], Loss: 0.405015766620636
Rank:0 Epoch: [19/40], Step: [211/782], Loss: 0.8346916437149048
Rank:0 Epoch: [19/40], Step: [221/782], Loss: 0.793398916721344
Rank:0 Epoch: [19/40], Step: [231/782], Loss: 0.37871450185775757
Rank:0 Epoch: [19/40], Step: [241/782], Loss: 0.5317120552062988
Rank:0 Epoch: [19/40], Step: [251/782], Loss: 0.4281068742275238
Rank:0 Epoch: [19/40], Step: [261/782], Loss: 0.5920186638832092
Rank:0 Epoch: [19/40], Step: [271/782], Loss: 0.539653480052948
Rank:0 Epoch: [19/40], Step: [281/782], Loss: 0.4246557950973511
Rank:0 Epoch: [19/40], Step: [291/782], Loss: 1.443715214729309
Rank:0 Epoch: [19/40], Step: [301/782], Loss: 0.5523502826690674
Rank:0 Epoch: [19/40], Step: [311/782], Loss: 0.6049289107322693
Rank:0 Epoch: [19/40], Step: [321/782], Loss: 0.38932058215141296
Rank:0 Epoch: [19/40], Step: [331/782], Loss: 0.48289984464645386
Rank:0 Epoch: [19/40], Step: [341/782], Loss: 0.5654218792915344
Rank:0 Epoch: [19/40], Step: [351/782], Loss: 0.581480085849762
Rank:0 Epoch: [19/40], Step: [361/782], Loss: 0.5376634001731873
Rank:0 Epoch: [19/40], Step: [371/782], Loss: 0.5465013980865479
Rank:0 Epoch: [19/40], Step: [381/782], Loss: 0.5532009601593018
Rank:0 Epoch: [19/40], Step: [391/782], Loss: 0.7588440179824829
Rank:0 Epoch: [19/40], Step: [401/782], Loss: 0.5364776849746704
Rank:0 Epoch: [19/40], Step: [411/782], Loss: 0.5899989008903503
Rank:0 Epoch: [19/40], Step: [421/782], Loss: 0.538257896900177
Rank:0 Epoch: [19/40], Step: [431/782], Loss: 0.6332130432128906
Rank:0 Epoch: [19/40], Step: [441/782], Loss: 0.7344445586204529
Rank:0 Epoch: [19/40], Step: [451/782], Loss: 0.6655756831169128
Rank:0 Epoch: [19/40], Step: [461/782], Loss: 0.6494715213775635
Rank:0 Epoch: [19/40], Step: [471/782], Loss: 0.4334082007408142
Rank:0 Epoch: [19/40], Step: [481/782], Loss: 0.3522499203681946
Rank:0 Epoch: [19/40], Step: [491/782], Loss: 0.5156738758087158
Rank:0 Epoch: [19/40], Step: [501/782], Loss: 0.7030085325241089
Rank:0 Epoch: [19/40], Step: [511/782], Loss: 0.4372159242630005
Rank:0 Epoch: [19/40], Step: [521/782], Loss: 0.8969627618789673
Rank:0 Epoch: [19/40], Step: [531/782], Loss: 0.529598593711853
Rank:0 Epoch: [19/40], Step: [541/782], Loss: 0.5750341415405273
Rank:0 Epoch: [19/40], Step: [551/782], Loss: 0.5240573883056641
Rank:0 Epoch: [19/40], Step: [561/782], Loss: 0.4255632162094116
Rank:0 Epoch: [19/40], Step: [571/782], Loss: 0.3491324186325073
Rank:0 Epoch: [19/40], Step: [581/782], Loss: 0.5373310446739197
Rank:0 Epoch: [19/40], Step: [591/782], Loss: 0.5051549673080444
Rank:0 Epoch: [19/40], Step: [601/782], Loss: 0.6753345727920532
Rank:0 Epoch: [19/40], Step: [611/782], Loss: 0.4608226716518402
Rank:0 Epoch: [19/40], Step: [621/782], Loss: 0.5294044613838196
Rank:0 Epoch: [19/40], Step: [631/782], Loss: 0.42827263474464417
Rank:0 Epoch: [19/40], Step: [641/782], Loss: 0.5954139828681946
Rank:0 Epoch: [19/40], Step: [651/782], Loss: 0.5019869804382324
Rank:0 Epoch: [19/40], Step: [661/782], Loss: 0.4003278315067291
Rank:0 Epoch: [19/40], Step: [671/782], Loss: 0.821199893951416
Rank:0 Epoch: [19/40], Step: [681/782], Loss: 0.35627567768096924
Rank:0 Epoch: [19/40], Step: [691/782], Loss: 0.4376976490020752
Rank:0 Epoch: [19/40], Step: [701/782], Loss: 0.4492282569408417
Rank:0 Epoch: [19/40], Step: [711/782], Loss: 0.4302694499492645
Rank:0 Epoch: [19/40], Step: [721/782], Loss: 0.4643329679965973
Rank:0 Epoch: [19/40], Step: [731/782], Loss: 0.7335028052330017
Rank:0 Epoch: [19/40], Step: [741/782], Loss: 0.37185218930244446
Rank:0 Epoch: [19/40], Step: [751/782], Loss: 0.4168897271156311
Rank:0 Epoch: [19/40], Step: [761/782], Loss: 0.6474794745445251
Rank:0 Epoch: [19/40], Step: [771/782], Loss: 0.7580000162124634
Rank:0 Epoch: [19/40], Step: [781/782], Loss: 0.7384213805198669
Current Test Acc: 0.7962
Rank:0 Epoch: [20/40], Step: [1/782], Loss: 0.4742642343044281
Rank:0 Epoch: [20/40], Step: [11/782], Loss: 0.4030616879463196
Rank:0 Epoch: [20/40], Step: [21/782], Loss: 0.6403635740280151
Rank:0 Epoch: [20/40], Step: [31/782], Loss: 0.3983961343765259
Rank:0 Epoch: [20/40], Step: [41/782], Loss: 0.6876124143600464
Rank:0 Epoch: [20/40], Step: [51/782], Loss: 0.7167919278144836
Rank:0 Epoch: [20/40], Step: [61/782], Loss: 0.7930683493614197
Rank:0 Epoch: [20/40], Step: [71/782], Loss: 0.4914728105068207
Rank:0 Epoch: [20/40], Step: [81/782], Loss: 0.5345946550369263
Rank:0 Epoch: [20/40], Step: [91/782], Loss: 0.35494545102119446
Rank:0 Epoch: [20/40], Step: [101/782], Loss: 0.3894280791282654
Rank:0 Epoch: [20/40], Step: [111/782], Loss: 0.48355868458747864
Rank:0 Epoch: [20/40], Step: [121/782], Loss: 0.371232271194458
Rank:0 Epoch: [20/40], Step: [131/782], Loss: 0.37116318941116333
Rank:0 Epoch: [20/40], Step: [141/782], Loss: 0.5091584920883179
Rank:0 Epoch: [20/40], Step: [151/782], Loss: 0.5868905186653137
Rank:0 Epoch: [20/40], Step: [161/782], Loss: 0.5709642767906189
Rank:0 Epoch: [20/40], Step: [171/782], Loss: 0.437978059053421
Rank:0 Epoch: [20/40], Step: [181/782], Loss: 0.5100177526473999
Rank:0 Epoch: [20/40], Step: [191/782], Loss: 0.4173054099082947
Rank:0 Epoch: [20/40], Step: [201/782], Loss: 0.529669463634491
Rank:0 Epoch: [20/40], Step: [211/782], Loss: 0.30125218629837036
Rank:0 Epoch: [20/40], Step: [221/782], Loss: 0.6008849143981934
Rank:0 Epoch: [20/40], Step: [231/782], Loss: 0.5863584876060486
Rank:0 Epoch: [20/40], Step: [241/782], Loss: 0.7613480687141418
Rank:0 Epoch: [20/40], Step: [251/782], Loss: 0.527738094329834
Rank:0 Epoch: [20/40], Step: [261/782], Loss: 0.22507378458976746
Rank:0 Epoch: [20/40], Step: [271/782], Loss: 0.561225175857544
Rank:0 Epoch: [20/40], Step: [281/782], Loss: 0.7166107892990112
Rank:0 Epoch: [20/40], Step: [291/782], Loss: 0.3670043349266052
Rank:0 Epoch: [20/40], Step: [301/782], Loss: 0.391976922750473
Rank:0 Epoch: [20/40], Step: [311/782], Loss: 0.4328014850616455
Rank:0 Epoch: [20/40], Step: [321/782], Loss: 0.2912621796131134
Rank:0 Epoch: [20/40], Step: [331/782], Loss: 0.33638739585876465
Rank:0 Epoch: [20/40], Step: [341/782], Loss: 0.501486599445343
Rank:0 Epoch: [20/40], Step: [351/782], Loss: 0.25602784752845764
Rank:0 Epoch: [20/40], Step: [361/782], Loss: 0.4589444696903229
Rank:0 Epoch: [20/40], Step: [371/782], Loss: 0.40297356247901917
Rank:0 Epoch: [20/40], Step: [381/782], Loss: 0.39765307307243347
Rank:0 Epoch: [20/40], Step: [391/782], Loss: 0.2696414887905121
Rank:0 Epoch: [20/40], Step: [401/782], Loss: 0.42769721150398254
Rank:0 Epoch: [20/40], Step: [411/782], Loss: 0.6027089953422546
Rank:0 Epoch: [20/40], Step: [421/782], Loss: 0.5760793089866638
Rank:0 Epoch: [20/40], Step: [431/782], Loss: 0.41453489661216736
Rank:0 Epoch: [20/40], Step: [441/782], Loss: 0.3126814663410187
Rank:0 Epoch: [20/40], Step: [451/782], Loss: 0.4075356721878052
Rank:0 Epoch: [20/40], Step: [461/782], Loss: 0.5467691421508789
Rank:0 Epoch: [20/40], Step: [471/782], Loss: 0.5740185379981995
Rank:0 Epoch: [20/40], Step: [481/782], Loss: 0.7761140465736389
Rank:0 Epoch: [20/40], Step: [491/782], Loss: 0.5258451700210571
Rank:0 Epoch: [20/40], Step: [501/782], Loss: 0.442495733499527
Rank:0 Epoch: [20/40], Step: [511/782], Loss: 0.48611751198768616
Rank:0 Epoch: [20/40], Step: [521/782], Loss: 0.5339146256446838
Rank:0 Epoch: [20/40], Step: [531/782], Loss: 0.4094719886779785
Rank:0 Epoch: [20/40], Step: [541/782], Loss: 0.49465212225914
Rank:0 Epoch: [20/40], Step: [551/782], Loss: 0.34817853569984436
Rank:0 Epoch: [20/40], Step: [561/782], Loss: 0.4926909804344177
Rank:0 Epoch: [20/40], Step: [571/782], Loss: 1.0060813426971436
Rank:0 Epoch: [20/40], Step: [581/782], Loss: 0.38420912623405457
Rank:0 Epoch: [20/40], Step: [591/782], Loss: 0.39636680483818054
Rank:0 Epoch: [20/40], Step: [601/782], Loss: 0.8123843669891357
Rank:0 Epoch: [20/40], Step: [611/782], Loss: 0.5590174794197083
Rank:0 Epoch: [20/40], Step: [621/782], Loss: 0.3659095764160156
Rank:0 Epoch: [20/40], Step: [631/782], Loss: 0.7444387674331665
Rank:0 Epoch: [20/40], Step: [641/782], Loss: 0.33018770813941956
Rank:0 Epoch: [20/40], Step: [651/782], Loss: 0.45664265751838684
Rank:0 Epoch: [20/40], Step: [661/782], Loss: 0.4768003225326538
Rank:0 Epoch: [20/40], Step: [671/782], Loss: 0.8773765563964844
Rank:0 Epoch: [20/40], Step: [681/782], Loss: 0.5145411491394043
Rank:0 Epoch: [20/40], Step: [691/782], Loss: 0.6126453280448914
Rank:0 Epoch: [20/40], Step: [701/782], Loss: 0.45424458384513855
Rank:0 Epoch: [20/40], Step: [711/782], Loss: 0.2983130216598511
Rank:0 Epoch: [20/40], Step: [721/782], Loss: 0.42675086855888367
Rank:0 Epoch: [20/40], Step: [731/782], Loss: 0.31359589099884033
Rank:0 Epoch: [20/40], Step: [741/782], Loss: 0.6445246934890747
Rank:0 Epoch: [20/40], Step: [751/782], Loss: 0.6911791563034058
Rank:0 Epoch: [20/40], Step: [761/782], Loss: 0.7519631385803223
Rank:0 Epoch: [20/40], Step: [771/782], Loss: 0.34842586517333984
Rank:0 Epoch: [20/40], Step: [781/782], Loss: 0.4625881314277649
Current Test Acc: 0.8095
Rank:0 Epoch: [21/40], Step: [1/782], Loss: 0.42015349864959717
Rank:0 Epoch: [21/40], Step: [11/782], Loss: 0.456219345331192
Rank:0 Epoch: [21/40], Step: [21/782], Loss: 0.6912133097648621
Rank:0 Epoch: [21/40], Step: [31/782], Loss: 0.45285409688949585
Rank:0 Epoch: [21/40], Step: [41/782], Loss: 0.36093321442604065
Rank:0 Epoch: [21/40], Step: [51/782], Loss: 0.5197276473045349
Rank:0 Epoch: [21/40], Step: [61/782], Loss: 0.40736842155456543
Rank:0 Epoch: [21/40], Step: [71/782], Loss: 0.40601688623428345
Rank:0 Epoch: [21/40], Step: [81/782], Loss: 0.2704373300075531
Rank:0 Epoch: [21/40], Step: [91/782], Loss: 0.3526477813720703
Rank:0 Epoch: [21/40], Step: [101/782], Loss: 0.36115676164627075
Rank:0 Epoch: [21/40], Step: [111/782], Loss: 0.3245415687561035
Rank:0 Epoch: [21/40], Step: [121/782], Loss: 0.8404026627540588
Rank:0 Epoch: [21/40], Step: [131/782], Loss: 0.25666993856430054
Rank:0 Epoch: [21/40], Step: [141/782], Loss: 0.25124669075012207
Rank:0 Epoch: [21/40], Step: [151/782], Loss: 0.35507115721702576
Rank:0 Epoch: [21/40], Step: [161/782], Loss: 0.201884925365448
Rank:0 Epoch: [21/40], Step: [171/782], Loss: 0.2635570764541626
Rank:0 Epoch: [21/40], Step: [181/782], Loss: 0.17009232938289642
Rank:0 Epoch: [21/40], Step: [191/782], Loss: 0.4893493056297302
Rank:0 Epoch: [21/40], Step: [201/782], Loss: 0.35330888628959656
Rank:0 Epoch: [21/40], Step: [211/782], Loss: 0.44004008173942566
Rank:0 Epoch: [21/40], Step: [221/782], Loss: 0.22682304680347443
Rank:0 Epoch: [21/40], Step: [231/782], Loss: 0.48853251338005066
Rank:0 Epoch: [21/40], Step: [241/782], Loss: 0.28384360671043396
Rank:0 Epoch: [21/40], Step: [251/782], Loss: 0.3814781904220581
Rank:0 Epoch: [21/40], Step: [261/782], Loss: 0.2636879086494446
Rank:0 Epoch: [21/40], Step: [271/782], Loss: 0.5709373950958252
Rank:0 Epoch: [21/40], Step: [281/782], Loss: 0.736757755279541
Rank:0 Epoch: [21/40], Step: [291/782], Loss: 0.20410051941871643
Rank:0 Epoch: [21/40], Step: [301/782], Loss: 0.2775464355945587
Rank:0 Epoch: [21/40], Step: [311/782], Loss: 0.30073434114456177
Rank:0 Epoch: [21/40], Step: [321/782], Loss: 0.4873250126838684
Rank:0 Epoch: [21/40], Step: [331/782], Loss: 0.2252531200647354
Rank:0 Epoch: [21/40], Step: [341/782], Loss: 0.4346124529838562
Rank:0 Epoch: [21/40], Step: [351/782], Loss: 0.2797565162181854
Rank:0 Epoch: [21/40], Step: [361/782], Loss: 0.22485369443893433
Rank:0 Epoch: [21/40], Step: [371/782], Loss: 0.28574424982070923
Rank:0 Epoch: [21/40], Step: [381/782], Loss: 0.42590978741645813
Rank:0 Epoch: [21/40], Step: [391/782], Loss: 0.18648549914360046
Rank:0 Epoch: [21/40], Step: [401/782], Loss: 0.28849679231643677
Rank:0 Epoch: [21/40], Step: [411/782], Loss: 0.38146349787712097
Rank:0 Epoch: [21/40], Step: [421/782], Loss: 0.28542235493659973
Rank:0 Epoch: [21/40], Step: [431/782], Loss: 0.5059607028961182
Rank:0 Epoch: [21/40], Step: [441/782], Loss: 0.2624426484107971
Rank:0 Epoch: [21/40], Step: [451/782], Loss: 0.18658243119716644
Rank:0 Epoch: [21/40], Step: [461/782], Loss: 0.23876290023326874
Rank:0 Epoch: [21/40], Step: [471/782], Loss: 0.3106521964073181
Rank:0 Epoch: [21/40], Step: [481/782], Loss: 0.16880570352077484
Rank:0 Epoch: [21/40], Step: [491/782], Loss: 0.31747809052467346
Rank:0 Epoch: [21/40], Step: [501/782], Loss: 0.19091416895389557
Rank:0 Epoch: [21/40], Step: [511/782], Loss: 0.3046417534351349
Rank:0 Epoch: [21/40], Step: [521/782], Loss: 0.4726686179637909
Rank:0 Epoch: [21/40], Step: [531/782], Loss: 0.18373295664787292
Rank:0 Epoch: [21/40], Step: [541/782], Loss: 0.20562425255775452
Rank:0 Epoch: [21/40], Step: [551/782], Loss: 0.28527459502220154
Rank:0 Epoch: [21/40], Step: [561/782], Loss: 0.2758350968360901
Rank:0 Epoch: [21/40], Step: [571/782], Loss: 0.23345011472702026
Rank:0 Epoch: [21/40], Step: [581/782], Loss: 0.5506648421287537
Rank:0 Epoch: [21/40], Step: [591/782], Loss: 0.24149036407470703
Rank:0 Epoch: [21/40], Step: [601/782], Loss: 0.2475658655166626
Rank:0 Epoch: [21/40], Step: [611/782], Loss: 0.38238605856895447
Rank:0 Epoch: [21/40], Step: [621/782], Loss: 0.2368028312921524
Rank:0 Epoch: [21/40], Step: [631/782], Loss: 0.18230940401554108
Rank:0 Epoch: [21/40], Step: [641/782], Loss: 0.2184906303882599
Rank:0 Epoch: [21/40], Step: [651/782], Loss: 0.2619643807411194
Rank:0 Epoch: [21/40], Step: [661/782], Loss: 0.405709445476532
Rank:0 Epoch: [21/40], Step: [671/782], Loss: 0.27264565229415894
Rank:0 Epoch: [21/40], Step: [681/782], Loss: 0.1775381714105606
Rank:0 Epoch: [21/40], Step: [691/782], Loss: 0.3329811692237854
Rank:0 Epoch: [21/40], Step: [701/782], Loss: 0.3376019299030304
Rank:0 Epoch: [21/40], Step: [711/782], Loss: 0.17969155311584473
Rank:0 Epoch: [21/40], Step: [721/782], Loss: 0.14960771799087524
Rank:0 Epoch: [21/40], Step: [731/782], Loss: 0.30382195115089417
Rank:0 Epoch: [21/40], Step: [741/782], Loss: 0.16682787239551544
Rank:0 Epoch: [21/40], Step: [751/782], Loss: 0.39082691073417664
Rank:0 Epoch: [21/40], Step: [761/782], Loss: 0.3248509168624878
Rank:0 Epoch: [21/40], Step: [771/782], Loss: 0.3924825191497803
Rank:0 Epoch: [21/40], Step: [781/782], Loss: 0.32917076349258423
Current Test Acc: 0.8987
Rank:0 Epoch: [22/40], Step: [1/782], Loss: 0.2431701123714447
Rank:0 Epoch: [22/40], Step: [11/782], Loss: 0.2612108290195465
Rank:0 Epoch: [22/40], Step: [21/782], Loss: 0.22224749624729156
Rank:0 Epoch: [22/40], Step: [31/782], Loss: 0.2570425271987915
Rank:0 Epoch: [22/40], Step: [41/782], Loss: 0.3805046081542969
Rank:0 Epoch: [22/40], Step: [51/782], Loss: 0.3090720772743225
Rank:0 Epoch: [22/40], Step: [61/782], Loss: 0.281217098236084
Rank:0 Epoch: [22/40], Step: [71/782], Loss: 0.3998914062976837
Rank:0 Epoch: [22/40], Step: [81/782], Loss: 0.45094752311706543
Rank:0 Epoch: [22/40], Step: [91/782], Loss: 0.22069382667541504
Rank:0 Epoch: [22/40], Step: [101/782], Loss: 0.32448115944862366
Rank:0 Epoch: [22/40], Step: [111/782], Loss: 0.19576628506183624
Rank:0 Epoch: [22/40], Step: [121/782], Loss: 0.16848841309547424
Rank:0 Epoch: [22/40], Step: [131/782], Loss: 0.23596006631851196
Rank:0 Epoch: [22/40], Step: [141/782], Loss: 0.25718948245048523
Rank:0 Epoch: [22/40], Step: [151/782], Loss: 0.1622322052717209
Rank:0 Epoch: [22/40], Step: [161/782], Loss: 0.15305443108081818
Rank:0 Epoch: [22/40], Step: [171/782], Loss: 0.19221875071525574
Rank:0 Epoch: [22/40], Step: [181/782], Loss: 0.18589867651462555
Rank:0 Epoch: [22/40], Step: [191/782], Loss: 0.4607643485069275
Rank:0 Epoch: [22/40], Step: [201/782], Loss: 0.1406540870666504
Rank:0 Epoch: [22/40], Step: [211/782], Loss: 0.22695624828338623
Rank:0 Epoch: [22/40], Step: [221/782], Loss: 0.24745410680770874
Rank:0 Epoch: [22/40], Step: [231/782], Loss: 0.19123226404190063
Rank:0 Epoch: [22/40], Step: [241/782], Loss: 0.23949064314365387
Rank:0 Epoch: [22/40], Step: [251/782], Loss: 0.16834048926830292
Rank:0 Epoch: [22/40], Step: [261/782], Loss: 0.1734340488910675
Rank:0 Epoch: [22/40], Step: [271/782], Loss: 0.292726993560791
Rank:0 Epoch: [22/40], Step: [281/782], Loss: 0.26924780011177063
Rank:0 Epoch: [22/40], Step: [291/782], Loss: 0.2201913595199585
Rank:0 Epoch: [22/40], Step: [301/782], Loss: 0.3493219316005707
Rank:0 Epoch: [22/40], Step: [311/782], Loss: 0.3715117573738098
Rank:0 Epoch: [22/40], Step: [321/782], Loss: 0.2853618562221527
Rank:0 Epoch: [22/40], Step: [331/782], Loss: 0.5884823203086853
Rank:0 Epoch: [22/40], Step: [341/782], Loss: 0.2783709466457367
Rank:0 Epoch: [22/40], Step: [351/782], Loss: 0.18962058424949646
Rank:0 Epoch: [22/40], Step: [361/782], Loss: 0.1576094925403595
Rank:0 Epoch: [22/40], Step: [371/782], Loss: 0.10748133063316345
Rank:0 Epoch: [22/40], Step: [381/782], Loss: 0.24189051985740662
Rank:0 Epoch: [22/40], Step: [391/782], Loss: 0.5130839943885803
Rank:0 Epoch: [22/40], Step: [401/782], Loss: 0.14826840162277222
Rank:0 Epoch: [22/40], Step: [411/782], Loss: 0.19918785989284515
Rank:0 Epoch: [22/40], Step: [421/782], Loss: 0.2613604962825775
Rank:0 Epoch: [22/40], Step: [431/782], Loss: 0.27596232295036316
Rank:0 Epoch: [22/40], Step: [441/782], Loss: 0.2750532031059265
Rank:0 Epoch: [22/40], Step: [451/782], Loss: 0.13796520233154297
Rank:0 Epoch: [22/40], Step: [461/782], Loss: 0.22030726075172424
Rank:0 Epoch: [22/40], Step: [471/782], Loss: 0.46176108717918396
Rank:0 Epoch: [22/40], Step: [481/782], Loss: 0.17716671526432037
Rank:0 Epoch: [22/40], Step: [491/782], Loss: 0.2529505491256714
Rank:0 Epoch: [22/40], Step: [501/782], Loss: 0.18307167291641235
Rank:0 Epoch: [22/40], Step: [511/782], Loss: 0.377383828163147
Rank:0 Epoch: [22/40], Step: [521/782], Loss: 0.349405437707901
Rank:0 Epoch: [22/40], Step: [531/782], Loss: 0.2315901219844818
Rank:0 Epoch: [22/40], Step: [541/782], Loss: 0.3204352557659149
Rank:0 Epoch: [22/40], Step: [551/782], Loss: 0.2294199913740158
Rank:0 Epoch: [22/40], Step: [561/782], Loss: 0.395447313785553
Rank:0 Epoch: [22/40], Step: [571/782], Loss: 0.17072917520999908
Rank:0 Epoch: [22/40], Step: [581/782], Loss: 0.3665207624435425
Rank:0 Epoch: [22/40], Step: [591/782], Loss: 0.25082066655158997
Rank:0 Epoch: [22/40], Step: [601/782], Loss: 0.21763470768928528
Rank:0 Epoch: [22/40], Step: [611/782], Loss: 0.21634334325790405
Rank:0 Epoch: [22/40], Step: [621/782], Loss: 0.28335827589035034
Rank:0 Epoch: [22/40], Step: [631/782], Loss: 0.25092580914497375
Rank:0 Epoch: [22/40], Step: [641/782], Loss: 0.1473820060491562
Rank:0 Epoch: [22/40], Step: [651/782], Loss: 0.20978809893131256
Rank:0 Epoch: [22/40], Step: [661/782], Loss: 0.16985252499580383
Rank:0 Epoch: [22/40], Step: [671/782], Loss: 0.1583026796579361
Rank:0 Epoch: [22/40], Step: [681/782], Loss: 0.21021631360054016
Rank:0 Epoch: [22/40], Step: [691/782], Loss: 0.4749757945537567
Rank:0 Epoch: [22/40], Step: [701/782], Loss: 0.14733396470546722
Rank:0 Epoch: [22/40], Step: [711/782], Loss: 0.20512063801288605
Rank:0 Epoch: [22/40], Step: [721/782], Loss: 0.2194795459508896
Rank:0 Epoch: [22/40], Step: [731/782], Loss: 0.2791672945022583
Rank:0 Epoch: [22/40], Step: [741/782], Loss: 0.15614362061023712
Rank:0 Epoch: [22/40], Step: [751/782], Loss: 0.2352156937122345
Rank:0 Epoch: [22/40], Step: [761/782], Loss: 0.2299342304468155
Rank:0 Epoch: [22/40], Step: [771/782], Loss: 0.4366861581802368
Rank:0 Epoch: [22/40], Step: [781/782], Loss: 0.2892838418483734
Current Test Acc: 0.9039
Rank:0 Epoch: [23/40], Step: [1/782], Loss: 0.39846423268318176
Rank:0 Epoch: [23/40], Step: [11/782], Loss: 0.2782799005508423
Rank:0 Epoch: [23/40], Step: [21/782], Loss: 0.20633067190647125
Rank:0 Epoch: [23/40], Step: [31/782], Loss: 0.38921311497688293
Rank:0 Epoch: [23/40], Step: [41/782], Loss: 0.15697458386421204
Rank:0 Epoch: [23/40], Step: [51/782], Loss: 0.16214531660079956
Rank:0 Epoch: [23/40], Step: [61/782], Loss: 0.1914558857679367
Rank:0 Epoch: [23/40], Step: [71/782], Loss: 0.25368550419807434
Rank:0 Epoch: [23/40], Step: [81/782], Loss: 0.26916754245758057
Rank:0 Epoch: [23/40], Step: [91/782], Loss: 0.2035798281431198
Rank:0 Epoch: [23/40], Step: [101/782], Loss: 0.11320570111274719
Rank:0 Epoch: [23/40], Step: [111/782], Loss: 0.18362057209014893
Rank:0 Epoch: [23/40], Step: [121/782], Loss: 0.17020387947559357
Rank:0 Epoch: [23/40], Step: [131/782], Loss: 0.21397395431995392
Rank:0 Epoch: [23/40], Step: [141/782], Loss: 0.16133025288581848
Rank:0 Epoch: [23/40], Step: [151/782], Loss: 0.19465987384319305
Rank:0 Epoch: [23/40], Step: [161/782], Loss: 0.5277467370033264
Rank:0 Epoch: [23/40], Step: [171/782], Loss: 0.2664549648761749
Rank:0 Epoch: [23/40], Step: [181/782], Loss: 0.21177241206169128
Rank:0 Epoch: [23/40], Step: [191/782], Loss: 0.17771220207214355
Rank:0 Epoch: [23/40], Step: [201/782], Loss: 0.4211173951625824
Rank:0 Epoch: [23/40], Step: [211/782], Loss: 0.16058240830898285
Rank:0 Epoch: [23/40], Step: [221/782], Loss: 0.22294221818447113
Rank:0 Epoch: [23/40], Step: [231/782], Loss: 0.1484469324350357
Rank:0 Epoch: [23/40], Step: [241/782], Loss: 0.23774279654026031
Rank:0 Epoch: [23/40], Step: [251/782], Loss: 0.244109109044075
Rank:0 Epoch: [23/40], Step: [261/782], Loss: 0.24242891371250153
Rank:0 Epoch: [23/40], Step: [271/782], Loss: 0.23294559121131897
Rank:0 Epoch: [23/40], Step: [281/782], Loss: 0.19690099358558655
Rank:0 Epoch: [23/40], Step: [291/782], Loss: 0.24401222169399261
Rank:0 Epoch: [23/40], Step: [301/782], Loss: 0.22488850355148315
Rank:0 Epoch: [23/40], Step: [311/782], Loss: 0.3180619478225708
Rank:0 Epoch: [23/40], Step: [321/782], Loss: 0.1940227746963501
Rank:0 Epoch: [23/40], Step: [331/782], Loss: 0.09567788243293762
Rank:0 Epoch: [23/40], Step: [341/782], Loss: 0.29035571217536926
Rank:0 Epoch: [23/40], Step: [351/782], Loss: 0.2275586873292923
Rank:0 Epoch: [23/40], Step: [361/782], Loss: 0.1412620097398758
Rank:0 Epoch: [23/40], Step: [371/782], Loss: 0.2748118042945862
Rank:0 Epoch: [23/40], Step: [381/782], Loss: 0.1766340136528015
Rank:0 Epoch: [23/40], Step: [391/782], Loss: 0.31431928277015686
Rank:0 Epoch: [23/40], Step: [401/782], Loss: 0.25199705362319946
Rank:0 Epoch: [23/40], Step: [411/782], Loss: 0.1357879638671875
Rank:0 Epoch: [23/40], Step: [421/782], Loss: 0.14556917548179626
Rank:0 Epoch: [23/40], Step: [431/782], Loss: 0.18794181942939758
Rank:0 Epoch: [23/40], Step: [441/782], Loss: 0.32974380254745483
Rank:0 Epoch: [23/40], Step: [451/782], Loss: 0.28402313590049744
Rank:0 Epoch: [23/40], Step: [461/782], Loss: 0.10871882736682892
Rank:0 Epoch: [23/40], Step: [471/782], Loss: 0.28053444623947144
Rank:0 Epoch: [23/40], Step: [481/782], Loss: 0.25738251209259033
Rank:0 Epoch: [23/40], Step: [491/782], Loss: 0.12486591190099716
Rank:0 Epoch: [23/40], Step: [501/782], Loss: 0.23913735151290894
Rank:0 Epoch: [23/40], Step: [511/782], Loss: 0.13570380210876465
Rank:0 Epoch: [23/40], Step: [521/782], Loss: 0.22765189409255981
Rank:0 Epoch: [23/40], Step: [531/782], Loss: 0.3240019679069519
Rank:0 Epoch: [23/40], Step: [541/782], Loss: 0.2214895635843277
Rank:0 Epoch: [23/40], Step: [551/782], Loss: 0.14719624817371368
Rank:0 Epoch: [23/40], Step: [561/782], Loss: 0.0927378237247467
Rank:0 Epoch: [23/40], Step: [571/782], Loss: 0.18121075630187988
Rank:0 Epoch: [23/40], Step: [581/782], Loss: 0.20729631185531616
Rank:0 Epoch: [23/40], Step: [591/782], Loss: 0.30184265971183777
Rank:0 Epoch: [23/40], Step: [601/782], Loss: 0.4349103271961212
Rank:0 Epoch: [23/40], Step: [611/782], Loss: 0.15200012922286987
Rank:0 Epoch: [23/40], Step: [621/782], Loss: 0.1601736843585968
Rank:0 Epoch: [23/40], Step: [631/782], Loss: 0.28626251220703125
Rank:0 Epoch: [23/40], Step: [641/782], Loss: 0.14691664278507233
Rank:0 Epoch: [23/40], Step: [651/782], Loss: 0.07848317176103592
Rank:0 Epoch: [23/40], Step: [661/782], Loss: 0.18084348738193512
Rank:0 Epoch: [23/40], Step: [671/782], Loss: 0.2443041205406189
Rank:0 Epoch: [23/40], Step: [681/782], Loss: 0.19932956993579865
Rank:0 Epoch: [23/40], Step: [691/782], Loss: 0.20946520566940308
Rank:0 Epoch: [23/40], Step: [701/782], Loss: 0.14133940637111664
Rank:0 Epoch: [23/40], Step: [711/782], Loss: 0.30254170298576355
Rank:0 Epoch: [23/40], Step: [721/782], Loss: 0.10109895467758179
Rank:0 Epoch: [23/40], Step: [731/782], Loss: 0.1165163591504097
Rank:0 Epoch: [23/40], Step: [741/782], Loss: 0.278636634349823
Rank:0 Epoch: [23/40], Step: [751/782], Loss: 0.3509266674518585
Rank:0 Epoch: [23/40], Step: [761/782], Loss: 0.10683920234441757
Rank:0 Epoch: [23/40], Step: [771/782], Loss: 0.16834673285484314
Rank:0 Epoch: [23/40], Step: [781/782], Loss: 0.2250085324048996
Current Test Acc: 0.9084
Rank:0 Epoch: [24/40], Step: [1/782], Loss: 0.17208638787269592
Rank:0 Epoch: [24/40], Step: [11/782], Loss: 0.23928019404411316
Rank:0 Epoch: [24/40], Step: [21/782], Loss: 0.2794732451438904
Rank:0 Epoch: [24/40], Step: [31/782], Loss: 0.17243163287639618
Rank:0 Epoch: [24/40], Step: [41/782], Loss: 0.14487458765506744
Rank:0 Epoch: [24/40], Step: [51/782], Loss: 0.14359067380428314
Rank:0 Epoch: [24/40], Step: [61/782], Loss: 0.1921914517879486
Rank:0 Epoch: [24/40], Step: [71/782], Loss: 0.3549060523509979
Rank:0 Epoch: [24/40], Step: [81/782], Loss: 0.23728930950164795
Rank:0 Epoch: [24/40], Step: [91/782], Loss: 0.13913865387439728
Rank:0 Epoch: [24/40], Step: [101/782], Loss: 0.2115747034549713
Rank:0 Epoch: [24/40], Step: [111/782], Loss: 0.3054139316082001
Rank:0 Epoch: [24/40], Step: [121/782], Loss: 0.13371641933918
Rank:0 Epoch: [24/40], Step: [131/782], Loss: 0.1675155907869339
Rank:0 Epoch: [24/40], Step: [141/782], Loss: 0.22484169900417328
Rank:0 Epoch: [24/40], Step: [151/782], Loss: 0.33789539337158203
Rank:0 Epoch: [24/40], Step: [161/782], Loss: 0.12675265967845917
Rank:0 Epoch: [24/40], Step: [171/782], Loss: 0.1820446252822876
Rank:0 Epoch: [24/40], Step: [181/782], Loss: 0.46134769916534424
Rank:0 Epoch: [24/40], Step: [191/782], Loss: 0.204718217253685
Rank:0 Epoch: [24/40], Step: [201/782], Loss: 0.28570130467414856
Rank:0 Epoch: [24/40], Step: [211/782], Loss: 0.1937730610370636
Rank:0 Epoch: [24/40], Step: [221/782], Loss: 0.0898895189166069
Rank:0 Epoch: [24/40], Step: [231/782], Loss: 0.27521970868110657
Rank:0 Epoch: [24/40], Step: [241/782], Loss: 0.15140284597873688
Rank:0 Epoch: [24/40], Step: [251/782], Loss: 0.11556021124124527
Rank:0 Epoch: [24/40], Step: [261/782], Loss: 0.15506602823734283
Rank:0 Epoch: [24/40], Step: [271/782], Loss: 0.05498216301202774
Rank:0 Epoch: [24/40], Step: [281/782], Loss: 0.16611705720424652
Rank:0 Epoch: [24/40], Step: [291/782], Loss: 0.17051322758197784
Rank:0 Epoch: [24/40], Step: [301/782], Loss: 0.12523633241653442
Rank:0 Epoch: [24/40], Step: [311/782], Loss: 0.33823975920677185
Rank:0 Epoch: [24/40], Step: [321/782], Loss: 0.4851842224597931
Rank:0 Epoch: [24/40], Step: [331/782], Loss: 0.154184028506279
Rank:0 Epoch: [24/40], Step: [341/782], Loss: 0.08190137892961502
Rank:0 Epoch: [24/40], Step: [351/782], Loss: 0.2304726392030716
Rank:0 Epoch: [24/40], Step: [361/782], Loss: 0.20234191417694092
Rank:0 Epoch: [24/40], Step: [371/782], Loss: 0.09206141531467438
Rank:0 Epoch: [24/40], Step: [381/782], Loss: 0.1077633872628212
Rank:0 Epoch: [24/40], Step: [391/782], Loss: 0.2264765501022339
Rank:0 Epoch: [24/40], Step: [401/782], Loss: 0.08169694244861603
Rank:0 Epoch: [24/40], Step: [411/782], Loss: 0.20755894482135773
Rank:0 Epoch: [24/40], Step: [421/782], Loss: 0.15060366690158844
Rank:0 Epoch: [24/40], Step: [431/782], Loss: 0.250890851020813
Rank:0 Epoch: [24/40], Step: [441/782], Loss: 0.24405059218406677
Rank:0 Epoch: [24/40], Step: [451/782], Loss: 0.13711759448051453
Rank:0 Epoch: [24/40], Step: [461/782], Loss: 0.3397771120071411
Rank:0 Epoch: [24/40], Step: [471/782], Loss: 0.09703022241592407
Rank:0 Epoch: [24/40], Step: [481/782], Loss: 0.33960646390914917
Rank:0 Epoch: [24/40], Step: [491/782], Loss: 0.21207766234874725
Rank:0 Epoch: [24/40], Step: [501/782], Loss: 0.17044787108898163
Rank:0 Epoch: [24/40], Step: [511/782], Loss: 0.21017152070999146
Rank:0 Epoch: [24/40], Step: [521/782], Loss: 0.392964631319046
Rank:0 Epoch: [24/40], Step: [531/782], Loss: 0.12400882691144943
Rank:0 Epoch: [24/40], Step: [541/782], Loss: 0.09565550088882446
Rank:0 Epoch: [24/40], Step: [551/782], Loss: 0.14472542703151703
Rank:0 Epoch: [24/40], Step: [561/782], Loss: 0.0818239226937294
Rank:0 Epoch: [24/40], Step: [571/782], Loss: 0.3059331178665161
Rank:0 Epoch: [24/40], Step: [581/782], Loss: 0.11849451065063477
Rank:0 Epoch: [24/40], Step: [591/782], Loss: 0.122011199593544
Rank:0 Epoch: [24/40], Step: [601/782], Loss: 0.14418937265872955
Rank:0 Epoch: [24/40], Step: [611/782], Loss: 0.181268110871315
Rank:0 Epoch: [24/40], Step: [621/782], Loss: 0.05685292184352875
Rank:0 Epoch: [24/40], Step: [631/782], Loss: 0.1521502435207367
Rank:0 Epoch: [24/40], Step: [641/782], Loss: 0.1839095652103424
Rank:0 Epoch: [24/40], Step: [651/782], Loss: 0.2788049578666687
Rank:0 Epoch: [24/40], Step: [661/782], Loss: 0.22232398390769958
Rank:0 Epoch: [24/40], Step: [671/782], Loss: 0.18789643049240112
Rank:0 Epoch: [24/40], Step: [681/782], Loss: 0.07082343101501465
Rank:0 Epoch: [24/40], Step: [691/782], Loss: 0.19595816731452942
Rank:0 Epoch: [24/40], Step: [701/782], Loss: 0.2176903784275055
Rank:0 Epoch: [24/40], Step: [711/782], Loss: 0.25476327538490295
Rank:0 Epoch: [24/40], Step: [721/782], Loss: 0.14735351502895355
Rank:0 Epoch: [24/40], Step: [731/782], Loss: 0.13002324104309082
Rank:0 Epoch: [24/40], Step: [741/782], Loss: 0.18814408779144287
Rank:0 Epoch: [24/40], Step: [751/782], Loss: 0.3354790508747101
Rank:0 Epoch: [24/40], Step: [761/782], Loss: 0.21499699354171753
Rank:0 Epoch: [24/40], Step: [771/782], Loss: 0.22060424089431763
Rank:0 Epoch: [24/40], Step: [781/782], Loss: 0.19323952496051788
Current Test Acc: 0.9121
Rank:0 Epoch: [25/40], Step: [1/782], Loss: 0.17694051563739777
Rank:0 Epoch: [25/40], Step: [11/782], Loss: 0.08228219300508499
Rank:0 Epoch: [25/40], Step: [21/782], Loss: 0.09898795932531357
Rank:0 Epoch: [25/40], Step: [31/782], Loss: 0.05969151109457016
Rank:0 Epoch: [25/40], Step: [41/782], Loss: 0.2869783937931061
Rank:0 Epoch: [25/40], Step: [51/782], Loss: 0.09539682418107986
Rank:0 Epoch: [25/40], Step: [61/782], Loss: 0.09946639090776443
Rank:0 Epoch: [25/40], Step: [71/782], Loss: 0.16187642514705658
Rank:0 Epoch: [25/40], Step: [81/782], Loss: 0.1941905915737152
Rank:0 Epoch: [25/40], Step: [91/782], Loss: 0.08441408723592758
Rank:0 Epoch: [25/40], Step: [101/782], Loss: 0.18016178905963898
Rank:0 Epoch: [25/40], Step: [111/782], Loss: 0.22871316969394684
Rank:0 Epoch: [25/40], Step: [121/782], Loss: 0.10533226281404495
Rank:0 Epoch: [25/40], Step: [131/782], Loss: 0.10598837584257126
Rank:0 Epoch: [25/40], Step: [141/782], Loss: 0.16017459332942963
Rank:0 Epoch: [25/40], Step: [151/782], Loss: 0.10261105746030807
Rank:0 Epoch: [25/40], Step: [161/782], Loss: 0.09028050303459167
Rank:0 Epoch: [25/40], Step: [171/782], Loss: 0.13540567457675934
Rank:0 Epoch: [25/40], Step: [181/782], Loss: 0.2446432262659073
Rank:0 Epoch: [25/40], Step: [191/782], Loss: 0.1567879468202591
Rank:0 Epoch: [25/40], Step: [201/782], Loss: 0.0907929539680481
Rank:0 Epoch: [25/40], Step: [211/782], Loss: 0.28921711444854736
Rank:0 Epoch: [25/40], Step: [221/782], Loss: 0.17245259881019592
Rank:0 Epoch: [25/40], Step: [231/782], Loss: 0.11912020295858383
Rank:0 Epoch: [25/40], Step: [241/782], Loss: 0.16892613470554352
Rank:0 Epoch: [25/40], Step: [251/782], Loss: 0.08393304795026779
Rank:0 Epoch: [25/40], Step: [261/782], Loss: 0.15319447219371796
Rank:0 Epoch: [25/40], Step: [271/782], Loss: 0.21919633448123932
Rank:0 Epoch: [25/40], Step: [281/782], Loss: 0.05617082864046097
Rank:0 Epoch: [25/40], Step: [291/782], Loss: 0.23280800879001617
Rank:0 Epoch: [25/40], Step: [301/782], Loss: 0.410917192697525
Rank:0 Epoch: [25/40], Step: [311/782], Loss: 0.2584577798843384
Rank:0 Epoch: [25/40], Step: [321/782], Loss: 0.15099366009235382
Rank:0 Epoch: [25/40], Step: [331/782], Loss: 0.20208480954170227
Rank:0 Epoch: [25/40], Step: [341/782], Loss: 0.07844384014606476
Rank:0 Epoch: [25/40], Step: [351/782], Loss: 0.18072746694087982
Rank:0 Epoch: [25/40], Step: [361/782], Loss: 0.23205138742923737
Rank:0 Epoch: [25/40], Step: [371/782], Loss: 0.3574732542037964
Rank:0 Epoch: [25/40], Step: [381/782], Loss: 0.2825050950050354
Rank:0 Epoch: [25/40], Step: [391/782], Loss: 0.16529572010040283
Rank:0 Epoch: [25/40], Step: [401/782], Loss: 0.2746586501598358
Rank:0 Epoch: [25/40], Step: [411/782], Loss: 0.11273150891065598
Rank:0 Epoch: [25/40], Step: [421/782], Loss: 0.2596108615398407
Rank:0 Epoch: [25/40], Step: [431/782], Loss: 0.11119803041219711
Rank:0 Epoch: [25/40], Step: [441/782], Loss: 0.08956113457679749
Rank:0 Epoch: [25/40], Step: [451/782], Loss: 0.2868588864803314
Rank:0 Epoch: [25/40], Step: [461/782], Loss: 0.07339122891426086
Rank:0 Epoch: [25/40], Step: [471/782], Loss: 0.18099083006381989
Rank:0 Epoch: [25/40], Step: [481/782], Loss: 0.2155725359916687
Rank:0 Epoch: [25/40], Step: [491/782], Loss: 0.1932283341884613
Rank:0 Epoch: [25/40], Step: [501/782], Loss: 0.07367851585149765
Rank:0 Epoch: [25/40], Step: [511/782], Loss: 0.2441587746143341
Rank:0 Epoch: [25/40], Step: [521/782], Loss: 0.30788540840148926
Rank:0 Epoch: [25/40], Step: [531/782], Loss: 0.13740846514701843
Rank:0 Epoch: [25/40], Step: [541/782], Loss: 0.18113695085048676
Rank:0 Epoch: [25/40], Step: [551/782], Loss: 0.1557978242635727
Rank:0 Epoch: [25/40], Step: [561/782], Loss: 0.22913223505020142
Rank:0 Epoch: [25/40], Step: [571/782], Loss: 0.3105583190917969
Rank:0 Epoch: [25/40], Step: [581/782], Loss: 0.17770881950855255
Rank:0 Epoch: [25/40], Step: [591/782], Loss: 0.16981613636016846
Rank:0 Epoch: [25/40], Step: [601/782], Loss: 0.2597702145576477
Rank:0 Epoch: [25/40], Step: [611/782], Loss: 0.34549885988235474
Rank:0 Epoch: [25/40], Step: [621/782], Loss: 0.21767713129520416
Rank:0 Epoch: [25/40], Step: [631/782], Loss: 0.2055361121892929
Rank:0 Epoch: [25/40], Step: [641/782], Loss: 0.1178431361913681
Rank:0 Epoch: [25/40], Step: [651/782], Loss: 0.20625099539756775
Rank:0 Epoch: [25/40], Step: [661/782], Loss: 0.2965502440929413
Rank:0 Epoch: [25/40], Step: [671/782], Loss: 0.22328388690948486
Rank:0 Epoch: [25/40], Step: [681/782], Loss: 0.37774258852005005
Rank:0 Epoch: [25/40], Step: [691/782], Loss: 0.2031339406967163
Rank:0 Epoch: [25/40], Step: [701/782], Loss: 0.23570936918258667
Rank:0 Epoch: [25/40], Step: [711/782], Loss: 0.2944623827934265
Rank:0 Epoch: [25/40], Step: [721/782], Loss: 0.1628129631280899
Rank:0 Epoch: [25/40], Step: [731/782], Loss: 0.2868801951408386
Rank:0 Epoch: [25/40], Step: [741/782], Loss: 0.06974679976701736
Rank:0 Epoch: [25/40], Step: [751/782], Loss: 0.1571352779865265
Rank:0 Epoch: [25/40], Step: [761/782], Loss: 0.32885727286338806
Rank:0 Epoch: [25/40], Step: [771/782], Loss: 0.2653147578239441
Rank:0 Epoch: [25/40], Step: [781/782], Loss: 0.18329045176506042
Current Test Acc: 0.9148
Rank:0 Epoch: [26/40], Step: [1/782], Loss: 0.23813721537590027
Rank:0 Epoch: [26/40], Step: [11/782], Loss: 0.3135339021682739
Rank:0 Epoch: [26/40], Step: [21/782], Loss: 0.18564952909946442
Rank:0 Epoch: [26/40], Step: [31/782], Loss: 0.0868769958615303
Rank:0 Epoch: [26/40], Step: [41/782], Loss: 0.08400800824165344
Rank:0 Epoch: [26/40], Step: [51/782], Loss: 0.1175973191857338
Rank:0 Epoch: [26/40], Step: [61/782], Loss: 0.25154873728752136
Rank:0 Epoch: [26/40], Step: [71/782], Loss: 0.08142688125371933
Rank:0 Epoch: [26/40], Step: [81/782], Loss: 0.12122321128845215
Rank:0 Epoch: [26/40], Step: [91/782], Loss: 0.1596958339214325
Rank:0 Epoch: [26/40], Step: [101/782], Loss: 0.06919271498918533
Rank:0 Epoch: [26/40], Step: [111/782], Loss: 0.22036689519882202
Rank:0 Epoch: [26/40], Step: [121/782], Loss: 0.24211764335632324
Rank:0 Epoch: [26/40], Step: [131/782], Loss: 0.14839579164981842
Rank:0 Epoch: [26/40], Step: [141/782], Loss: 0.18735983967781067
Rank:0 Epoch: [26/40], Step: [151/782], Loss: 0.0924350917339325
Rank:0 Epoch: [26/40], Step: [161/782], Loss: 0.13382406532764435
Rank:0 Epoch: [26/40], Step: [171/782], Loss: 0.2274145632982254
Rank:0 Epoch: [26/40], Step: [181/782], Loss: 0.1769372969865799
Rank:0 Epoch: [26/40], Step: [191/782], Loss: 0.05256248638033867
Rank:0 Epoch: [26/40], Step: [201/782], Loss: 0.19473545253276825
Rank:0 Epoch: [26/40], Step: [211/782], Loss: 0.2729409337043762
Rank:0 Epoch: [26/40], Step: [221/782], Loss: 0.39882826805114746
Rank:0 Epoch: [26/40], Step: [231/782], Loss: 0.14628922939300537
Rank:0 Epoch: [26/40], Step: [241/782], Loss: 0.28132516145706177
Rank:0 Epoch: [26/40], Step: [251/782], Loss: 0.10309065878391266
Rank:0 Epoch: [26/40], Step: [261/782], Loss: 0.18153563141822815
Rank:0 Epoch: [26/40], Step: [271/782], Loss: 0.23700352013111115
Rank:0 Epoch: [26/40], Step: [281/782], Loss: 0.14674626290798187
Rank:0 Epoch: [26/40], Step: [291/782], Loss: 0.23493362963199615
Rank:0 Epoch: [26/40], Step: [301/782], Loss: 0.11489066481590271
Rank:0 Epoch: [26/40], Step: [311/782], Loss: 0.06102392449975014
Rank:0 Epoch: [26/40], Step: [321/782], Loss: 0.13525623083114624
Rank:0 Epoch: [26/40], Step: [331/782], Loss: 0.07356389611959457
Rank:0 Epoch: [26/40], Step: [341/782], Loss: 0.2625748813152313
Rank:0 Epoch: [26/40], Step: [351/782], Loss: 0.1556585133075714
Rank:0 Epoch: [26/40], Step: [361/782], Loss: 0.1900009661912918
Rank:0 Epoch: [26/40], Step: [371/782], Loss: 0.1430606245994568
Rank:0 Epoch: [26/40], Step: [381/782], Loss: 0.07311883568763733
Rank:0 Epoch: [26/40], Step: [391/782], Loss: 0.14743320643901825
Rank:0 Epoch: [26/40], Step: [401/782], Loss: 0.18107423186302185
Rank:0 Epoch: [26/40], Step: [411/782], Loss: 0.20313520729541779
Rank:0 Epoch: [26/40], Step: [421/782], Loss: 0.20754888653755188
Rank:0 Epoch: [26/40], Step: [431/782], Loss: 0.12717024981975555
Rank:0 Epoch: [26/40], Step: [441/782], Loss: 0.1688041239976883
Rank:0 Epoch: [26/40], Step: [451/782], Loss: 0.11984255164861679
Rank:0 Epoch: [26/40], Step: [461/782], Loss: 0.11643784493207932
Rank:0 Epoch: [26/40], Step: [471/782], Loss: 0.09315784275531769
Rank:0 Epoch: [26/40], Step: [481/782], Loss: 0.1436566710472107
Rank:0 Epoch: [26/40], Step: [491/782], Loss: 0.06926754117012024
Rank:0 Epoch: [26/40], Step: [501/782], Loss: 0.1193232610821724
Rank:0 Epoch: [26/40], Step: [511/782], Loss: 0.2068326473236084
Rank:0 Epoch: [26/40], Step: [521/782], Loss: 0.169835165143013
Rank:0 Epoch: [26/40], Step: [531/782], Loss: 0.07898956537246704
Rank:0 Epoch: [26/40], Step: [541/782], Loss: 0.05933954194188118
Rank:0 Epoch: [26/40], Step: [551/782], Loss: 0.07851389050483704
Rank:0 Epoch: [26/40], Step: [561/782], Loss: 0.40294837951660156
Rank:0 Epoch: [26/40], Step: [571/782], Loss: 0.1605147123336792
Rank:0 Epoch: [26/40], Step: [581/782], Loss: 0.19321969151496887
Rank:0 Epoch: [26/40], Step: [591/782], Loss: 0.08276647329330444
Rank:0 Epoch: [26/40], Step: [601/782], Loss: 0.29167240858078003
Rank:0 Epoch: [26/40], Step: [611/782], Loss: 0.2443288266658783
Rank:0 Epoch: [26/40], Step: [621/782], Loss: 0.06241275370121002
Rank:0 Epoch: [26/40], Step: [631/782], Loss: 0.06170784309506416
Rank:0 Epoch: [26/40], Step: [641/782], Loss: 0.15271148085594177
Rank:0 Epoch: [26/40], Step: [651/782], Loss: 0.083199642598629
Rank:0 Epoch: [26/40], Step: [661/782], Loss: 0.12988951802253723
Rank:0 Epoch: [26/40], Step: [671/782], Loss: 0.1574987769126892
Rank:0 Epoch: [26/40], Step: [681/782], Loss: 0.1061115711927414
Rank:0 Epoch: [26/40], Step: [691/782], Loss: 0.18997801840305328
Rank:0 Epoch: [26/40], Step: [701/782], Loss: 0.22240376472473145
Rank:0 Epoch: [26/40], Step: [711/782], Loss: 0.3003125786781311
Rank:0 Epoch: [26/40], Step: [721/782], Loss: 0.060539525002241135
Rank:0 Epoch: [26/40], Step: [731/782], Loss: 0.11869296431541443
Rank:0 Epoch: [26/40], Step: [741/782], Loss: 0.20959049463272095
Rank:0 Epoch: [26/40], Step: [751/782], Loss: 0.3318007290363312
Rank:0 Epoch: [26/40], Step: [761/782], Loss: 0.15892483294010162
Rank:0 Epoch: [26/40], Step: [771/782], Loss: 0.1501685380935669
Rank:0 Epoch: [26/40], Step: [781/782], Loss: 0.3369317650794983
Current Test Acc: 0.9172
Rank:0 Epoch: [27/40], Step: [1/782], Loss: 0.17029187083244324
Rank:0 Epoch: [27/40], Step: [11/782], Loss: 0.2523743808269501
Rank:0 Epoch: [27/40], Step: [21/782], Loss: 0.07899807393550873
Rank:0 Epoch: [27/40], Step: [31/782], Loss: 0.10111319273710251
Rank:0 Epoch: [27/40], Step: [41/782], Loss: 0.23889218270778656
Rank:0 Epoch: [27/40], Step: [51/782], Loss: 0.20742790400981903
Rank:0 Epoch: [27/40], Step: [61/782], Loss: 0.1399504542350769
Rank:0 Epoch: [27/40], Step: [71/782], Loss: 0.15338222682476044
Rank:0 Epoch: [27/40], Step: [81/782], Loss: 0.15841291844844818
Rank:0 Epoch: [27/40], Step: [91/782], Loss: 0.07153365761041641
Rank:0 Epoch: [27/40], Step: [101/782], Loss: 0.07385236024856567
Rank:0 Epoch: [27/40], Step: [111/782], Loss: 0.19207650423049927
Rank:0 Epoch: [27/40], Step: [121/782], Loss: 0.21103328466415405
Rank:0 Epoch: [27/40], Step: [131/782], Loss: 0.07549342513084412
Rank:0 Epoch: [27/40], Step: [141/782], Loss: 0.12474610656499863
Rank:0 Epoch: [27/40], Step: [151/782], Loss: 0.1299106478691101
Rank:0 Epoch: [27/40], Step: [161/782], Loss: 0.05554288253188133
Rank:0 Epoch: [27/40], Step: [171/782], Loss: 0.08059252053499222
Rank:0 Epoch: [27/40], Step: [181/782], Loss: 0.06251144409179688
Rank:0 Epoch: [27/40], Step: [191/782], Loss: 0.07719559222459793
Rank:0 Epoch: [27/40], Step: [201/782], Loss: 0.23576706647872925
Rank:0 Epoch: [27/40], Step: [211/782], Loss: 0.11344385892152786
Rank:0 Epoch: [27/40], Step: [221/782], Loss: 0.2753816545009613
Rank:0 Epoch: [27/40], Step: [231/782], Loss: 0.2524786591529846
Rank:0 Epoch: [27/40], Step: [241/782], Loss: 0.17670539021492004
Rank:0 Epoch: [27/40], Step: [251/782], Loss: 0.11329927295446396
Rank:0 Epoch: [27/40], Step: [261/782], Loss: 0.17959628999233246
Rank:0 Epoch: [27/40], Step: [271/782], Loss: 0.32762935757637024
Rank:0 Epoch: [27/40], Step: [281/782], Loss: 0.1551143229007721
Rank:0 Epoch: [27/40], Step: [291/782], Loss: 0.21186017990112305
Rank:0 Epoch: [27/40], Step: [301/782], Loss: 1.0249009132385254
Rank:0 Epoch: [27/40], Step: [311/782], Loss: 0.16918228566646576
Rank:0 Epoch: [27/40], Step: [321/782], Loss: 0.15134096145629883
Rank:0 Epoch: [27/40], Step: [331/782], Loss: 0.10883773863315582
Rank:0 Epoch: [27/40], Step: [341/782], Loss: 0.2643492519855499
Rank:0 Epoch: [27/40], Step: [351/782], Loss: 0.2607477605342865
Rank:0 Epoch: [27/40], Step: [361/782], Loss: 0.13469776511192322
Rank:0 Epoch: [27/40], Step: [371/782], Loss: 0.19151350855827332
Rank:0 Epoch: [27/40], Step: [381/782], Loss: 0.05409003421664238
Rank:0 Epoch: [27/40], Step: [391/782], Loss: 0.07023480534553528
Rank:0 Epoch: [27/40], Step: [401/782], Loss: 0.2719460129737854
Rank:0 Epoch: [27/40], Step: [411/782], Loss: 0.1319737732410431
Rank:0 Epoch: [27/40], Step: [421/782], Loss: 0.13948900997638702
Rank:0 Epoch: [27/40], Step: [431/782], Loss: 0.08573852479457855
Rank:0 Epoch: [27/40], Step: [441/782], Loss: 0.14960522949695587
Rank:0 Epoch: [27/40], Step: [451/782], Loss: 0.21380120515823364
Rank:0 Epoch: [27/40], Step: [461/782], Loss: 0.22477027773857117
Rank:0 Epoch: [27/40], Step: [471/782], Loss: 0.14488525688648224
Rank:0 Epoch: [27/40], Step: [481/782], Loss: 0.19196182489395142
Rank:0 Epoch: [27/40], Step: [491/782], Loss: 0.2549785375595093
Rank:0 Epoch: [27/40], Step: [501/782], Loss: 0.14987197518348694
Rank:0 Epoch: [27/40], Step: [511/782], Loss: 0.14814047515392303
Rank:0 Epoch: [27/40], Step: [521/782], Loss: 0.1565905064344406
Rank:0 Epoch: [27/40], Step: [531/782], Loss: 0.13204799592494965
Rank:0 Epoch: [27/40], Step: [541/782], Loss: 0.11635585874319077
Rank:0 Epoch: [27/40], Step: [551/782], Loss: 0.4053339660167694
Rank:0 Epoch: [27/40], Step: [561/782], Loss: 0.17158453166484833
Rank:0 Epoch: [27/40], Step: [571/782], Loss: 0.35890141129493713
Rank:0 Epoch: [27/40], Step: [581/782], Loss: 0.040490370243787766
Rank:0 Epoch: [27/40], Step: [591/782], Loss: 0.29025131464004517
Rank:0 Epoch: [27/40], Step: [601/782], Loss: 0.04497021436691284
Rank:0 Epoch: [27/40], Step: [611/782], Loss: 0.08729974180459976
Rank:0 Epoch: [27/40], Step: [621/782], Loss: 0.09209731221199036
Rank:0 Epoch: [27/40], Step: [631/782], Loss: 0.1422853171825409
Rank:0 Epoch: [27/40], Step: [641/782], Loss: 0.23622173070907593
Rank:0 Epoch: [27/40], Step: [651/782], Loss: 0.24659746885299683
Rank:0 Epoch: [27/40], Step: [661/782], Loss: 0.2736596465110779
Rank:0 Epoch: [27/40], Step: [671/782], Loss: 0.16333803534507751
Rank:0 Epoch: [27/40], Step: [681/782], Loss: 0.07768978178501129
Rank:0 Epoch: [27/40], Step: [691/782], Loss: 0.13855409622192383
Rank:0 Epoch: [27/40], Step: [701/782], Loss: 0.28842729330062866
Rank:0 Epoch: [27/40], Step: [711/782], Loss: 0.15546850860118866
Rank:0 Epoch: [27/40], Step: [721/782], Loss: 0.14798416197299957
Rank:0 Epoch: [27/40], Step: [731/782], Loss: 0.15729719400405884
Rank:0 Epoch: [27/40], Step: [741/782], Loss: 0.16378922760486603
Rank:0 Epoch: [27/40], Step: [751/782], Loss: 0.1352766752243042
Rank:0 Epoch: [27/40], Step: [761/782], Loss: 0.15682727098464966
Rank:0 Epoch: [27/40], Step: [771/782], Loss: 0.13165193796157837
Rank:0 Epoch: [27/40], Step: [781/782], Loss: 0.2361580729484558
Current Test Acc: 0.9161
Rank:0 Epoch: [28/40], Step: [1/782], Loss: 0.11674145609140396
Rank:0 Epoch: [28/40], Step: [11/782], Loss: 0.15756437182426453
Rank:0 Epoch: [28/40], Step: [21/782], Loss: 0.12163112312555313
Rank:0 Epoch: [28/40], Step: [31/782], Loss: 0.16072489321231842
Rank:0 Epoch: [28/40], Step: [41/782], Loss: 0.13494838774204254
Rank:0 Epoch: [28/40], Step: [51/782], Loss: 0.12006983906030655
Rank:0 Epoch: [28/40], Step: [61/782], Loss: 0.08136463910341263
Rank:0 Epoch: [28/40], Step: [71/782], Loss: 0.2887587547302246
Rank:0 Epoch: [28/40], Step: [81/782], Loss: 0.16014376282691956
Rank:0 Epoch: [28/40], Step: [91/782], Loss: 0.14061366021633148
Rank:0 Epoch: [28/40], Step: [101/782], Loss: 0.1016707792878151
Rank:0 Epoch: [28/40], Step: [111/782], Loss: 0.10110309720039368
Rank:0 Epoch: [28/40], Step: [121/782], Loss: 0.14448457956314087
Rank:0 Epoch: [28/40], Step: [131/782], Loss: 0.21645356714725494
Rank:0 Epoch: [28/40], Step: [141/782], Loss: 0.10719078779220581
Rank:0 Epoch: [28/40], Step: [151/782], Loss: 0.1743360012769699
Rank:0 Epoch: [28/40], Step: [161/782], Loss: 0.12231481820344925
Rank:0 Epoch: [28/40], Step: [171/782], Loss: 0.05092611163854599
Rank:0 Epoch: [28/40], Step: [181/782], Loss: 0.04703747481107712
Rank:0 Epoch: [28/40], Step: [191/782], Loss: 0.0525890477001667
Rank:0 Epoch: [28/40], Step: [201/782], Loss: 0.10039303451776505
Rank:0 Epoch: [28/40], Step: [211/782], Loss: 0.12197268009185791
Rank:0 Epoch: [28/40], Step: [221/782], Loss: 0.11810079216957092
Rank:0 Epoch: [28/40], Step: [231/782], Loss: 0.08690329641103745
Rank:0 Epoch: [28/40], Step: [241/782], Loss: 0.2120293527841568
Rank:0 Epoch: [28/40], Step: [251/782], Loss: 0.2879749536514282
Rank:0 Epoch: [28/40], Step: [261/782], Loss: 0.1827346533536911
Rank:0 Epoch: [28/40], Step: [271/782], Loss: 0.1668267846107483
Rank:0 Epoch: [28/40], Step: [281/782], Loss: 0.18636612594127655
Rank:0 Epoch: [28/40], Step: [291/782], Loss: 0.13826212286949158
Rank:0 Epoch: [28/40], Step: [301/782], Loss: 0.17077003419399261
Rank:0 Epoch: [28/40], Step: [311/782], Loss: 0.14832957088947296
Rank:0 Epoch: [28/40], Step: [321/782], Loss: 0.14921170473098755
Rank:0 Epoch: [28/40], Step: [331/782], Loss: 0.15536679327487946
Rank:0 Epoch: [28/40], Step: [341/782], Loss: 0.12082485109567642
Rank:0 Epoch: [28/40], Step: [351/782], Loss: 0.07623791694641113
Rank:0 Epoch: [28/40], Step: [361/782], Loss: 0.12923023104667664
Rank:0 Epoch: [28/40], Step: [371/782], Loss: 0.21374131739139557
Rank:0 Epoch: [28/40], Step: [381/782], Loss: 0.17496560513973236
Rank:0 Epoch: [28/40], Step: [391/782], Loss: 0.18355907499790192
Rank:0 Epoch: [28/40], Step: [401/782], Loss: 0.1474333256483078
Rank:0 Epoch: [28/40], Step: [411/782], Loss: 0.15938322246074677
Rank:0 Epoch: [28/40], Step: [421/782], Loss: 0.26706257462501526
Rank:0 Epoch: [28/40], Step: [431/782], Loss: 0.07316213101148605
Rank:0 Epoch: [28/40], Step: [441/782], Loss: 0.09667228162288666
Rank:0 Epoch: [28/40], Step: [451/782], Loss: 0.0683550089597702
Rank:0 Epoch: [28/40], Step: [461/782], Loss: 0.17919977009296417
Rank:0 Epoch: [28/40], Step: [471/782], Loss: 0.2761998474597931
Rank:0 Epoch: [28/40], Step: [481/782], Loss: 0.20193852484226227
Rank:0 Epoch: [28/40], Step: [491/782], Loss: 0.1541474163532257
Rank:0 Epoch: [28/40], Step: [501/782], Loss: 0.16195738315582275
Rank:0 Epoch: [28/40], Step: [511/782], Loss: 0.2255934625864029
Rank:0 Epoch: [28/40], Step: [521/782], Loss: 0.20502468943595886
Rank:0 Epoch: [28/40], Step: [531/782], Loss: 0.11972875893115997
Rank:0 Epoch: [28/40], Step: [541/782], Loss: 0.12236817926168442
Rank:0 Epoch: [28/40], Step: [551/782], Loss: 0.12304511666297913
Rank:0 Epoch: [28/40], Step: [561/782], Loss: 0.23661981523036957
Rank:0 Epoch: [28/40], Step: [571/782], Loss: 0.10277533531188965
Rank:0 Epoch: [28/40], Step: [581/782], Loss: 0.10289935767650604
Rank:0 Epoch: [28/40], Step: [591/782], Loss: 0.15612159669399261
Rank:0 Epoch: [28/40], Step: [601/782], Loss: 0.0456480011343956
Rank:0 Epoch: [28/40], Step: [611/782], Loss: 0.1566162109375
Rank:0 Epoch: [28/40], Step: [621/782], Loss: 0.08561892062425613
Rank:0 Epoch: [28/40], Step: [631/782], Loss: 0.08090578764677048
Rank:0 Epoch: [28/40], Step: [641/782], Loss: 0.07938450574874878
Rank:0 Epoch: [28/40], Step: [651/782], Loss: 0.12540914118289948
Rank:0 Epoch: [28/40], Step: [661/782], Loss: 0.13556984066963196
Rank:0 Epoch: [28/40], Step: [671/782], Loss: 0.11124883592128754
Rank:0 Epoch: [28/40], Step: [681/782], Loss: 0.15605665743350983
Rank:0 Epoch: [28/40], Step: [691/782], Loss: 0.13529452681541443
Rank:0 Epoch: [28/40], Step: [701/782], Loss: 0.12334884703159332
Rank:0 Epoch: [28/40], Step: [711/782], Loss: 0.20220467448234558
Rank:0 Epoch: [28/40], Step: [721/782], Loss: 0.2825508117675781
Rank:0 Epoch: [28/40], Step: [731/782], Loss: 0.17483718693256378
Rank:0 Epoch: [28/40], Step: [741/782], Loss: 0.10345935076475143
Rank:0 Epoch: [28/40], Step: [751/782], Loss: 0.16297566890716553
Rank:0 Epoch: [28/40], Step: [761/782], Loss: 0.05668604001402855
Rank:0 Epoch: [28/40], Step: [771/782], Loss: 0.12349720299243927
Rank:0 Epoch: [28/40], Step: [781/782], Loss: 0.29889148473739624
Current Test Acc: 0.9182
Rank:0 Epoch: [29/40], Step: [1/782], Loss: 0.13008961081504822
Rank:0 Epoch: [29/40], Step: [11/782], Loss: 0.043339915573596954
Rank:0 Epoch: [29/40], Step: [21/782], Loss: 0.12012902647256851
Rank:0 Epoch: [29/40], Step: [31/782], Loss: 0.16340070962905884
Rank:0 Epoch: [29/40], Step: [41/782], Loss: 0.2538711428642273
Rank:0 Epoch: [29/40], Step: [51/782], Loss: 0.06566090881824493
Rank:0 Epoch: [29/40], Step: [61/782], Loss: 0.15326891839504242
Rank:0 Epoch: [29/40], Step: [71/782], Loss: 0.0619233101606369
Rank:0 Epoch: [29/40], Step: [81/782], Loss: 0.1306065022945404
Rank:0 Epoch: [29/40], Step: [91/782], Loss: 0.06040803715586662
Rank:0 Epoch: [29/40], Step: [101/782], Loss: 0.0889555960893631
Rank:0 Epoch: [29/40], Step: [111/782], Loss: 0.14929895102977753
Rank:0 Epoch: [29/40], Step: [121/782], Loss: 0.10492299497127533
Rank:0 Epoch: [29/40], Step: [131/782], Loss: 0.2819765508174896
Rank:0 Epoch: [29/40], Step: [141/782], Loss: 0.41696897149086
Rank:0 Epoch: [29/40], Step: [151/782], Loss: 0.16703912615776062
Rank:0 Epoch: [29/40], Step: [161/782], Loss: 0.29272645711898804
Rank:0 Epoch: [29/40], Step: [171/782], Loss: 0.10227783769369125
Rank:0 Epoch: [29/40], Step: [181/782], Loss: 0.19274316728115082
Rank:0 Epoch: [29/40], Step: [191/782], Loss: 0.11980768293142319
Rank:0 Epoch: [29/40], Step: [201/782], Loss: 0.18704746663570404
Rank:0 Epoch: [29/40], Step: [211/782], Loss: 0.28220945596694946
Rank:0 Epoch: [29/40], Step: [221/782], Loss: 0.13837231695652008
Rank:0 Epoch: [29/40], Step: [231/782], Loss: 0.09396447986364365
Rank:0 Epoch: [29/40], Step: [241/782], Loss: 0.09516364336013794
Rank:0 Epoch: [29/40], Step: [251/782], Loss: 0.08340355008840561
Rank:0 Epoch: [29/40], Step: [261/782], Loss: 0.17929460108280182
Rank:0 Epoch: [29/40], Step: [271/782], Loss: 0.08336678892374039
Rank:0 Epoch: [29/40], Step: [281/782], Loss: 0.06888043135404587
Rank:0 Epoch: [29/40], Step: [291/782], Loss: 0.0577237531542778
Rank:0 Epoch: [29/40], Step: [301/782], Loss: 0.11395461857318878
Rank:0 Epoch: [29/40], Step: [311/782], Loss: 0.11623339354991913
Rank:0 Epoch: [29/40], Step: [321/782], Loss: 0.2334650456905365
Rank:0 Epoch: [29/40], Step: [331/782], Loss: 0.06277279555797577
Rank:0 Epoch: [29/40], Step: [341/782], Loss: 0.1566614955663681
Rank:0 Epoch: [29/40], Step: [351/782], Loss: 0.13488751649856567
Rank:0 Epoch: [29/40], Step: [361/782], Loss: 0.1502922773361206
Rank:0 Epoch: [29/40], Step: [371/782], Loss: 0.0704430565237999
Rank:0 Epoch: [29/40], Step: [381/782], Loss: 0.07637589424848557
Rank:0 Epoch: [29/40], Step: [391/782], Loss: 0.12889496982097626
Rank:0 Epoch: [29/40], Step: [401/782], Loss: 0.10164651274681091
Rank:0 Epoch: [29/40], Step: [411/782], Loss: 0.2027779221534729
Rank:0 Epoch: [29/40], Step: [421/782], Loss: 0.08944971114397049
Rank:0 Epoch: [29/40], Step: [431/782], Loss: 0.23879361152648926
Rank:0 Epoch: [29/40], Step: [441/782], Loss: 0.35948365926742554
Rank:0 Epoch: [29/40], Step: [451/782], Loss: 0.03831365704536438
Rank:0 Epoch: [29/40], Step: [461/782], Loss: 0.053684037178754807
Rank:0 Epoch: [29/40], Step: [471/782], Loss: 0.1275721788406372
Rank:0 Epoch: [29/40], Step: [481/782], Loss: 0.23131009936332703
Rank:0 Epoch: [29/40], Step: [491/782], Loss: 0.11616766452789307
Rank:0 Epoch: [29/40], Step: [501/782], Loss: 0.16815786063671112
Rank:0 Epoch: [29/40], Step: [511/782], Loss: 0.18054887652397156
Rank:0 Epoch: [29/40], Step: [521/782], Loss: 0.06072704493999481
Rank:0 Epoch: [29/40], Step: [531/782], Loss: 0.21873518824577332
Rank:0 Epoch: [29/40], Step: [541/782], Loss: 0.16063304245471954
Rank:0 Epoch: [29/40], Step: [551/782], Loss: 0.0940176323056221
Rank:0 Epoch: [29/40], Step: [561/782], Loss: 0.14203797280788422
Rank:0 Epoch: [29/40], Step: [571/782], Loss: 0.12495367974042892
Rank:0 Epoch: [29/40], Step: [581/782], Loss: 0.1072225570678711
Rank:0 Epoch: [29/40], Step: [591/782], Loss: 0.09116871654987335
Rank:0 Epoch: [29/40], Step: [601/782], Loss: 0.11827705800533295
Rank:0 Epoch: [29/40], Step: [611/782], Loss: 0.13672515749931335
Rank:0 Epoch: [29/40], Step: [621/782], Loss: 0.08141970634460449
Rank:0 Epoch: [29/40], Step: [631/782], Loss: 0.06626564264297485
Rank:0 Epoch: [29/40], Step: [641/782], Loss: 0.11208631843328476
Rank:0 Epoch: [29/40], Step: [651/782], Loss: 0.11691366136074066
Rank:0 Epoch: [29/40], Step: [661/782], Loss: 0.10370306670665741
Rank:0 Epoch: [29/40], Step: [671/782], Loss: 0.3631371557712555
Rank:0 Epoch: [29/40], Step: [681/782], Loss: 0.2411353439092636
Rank:0 Epoch: [29/40], Step: [691/782], Loss: 0.09114338457584381
Rank:0 Epoch: [29/40], Step: [701/782], Loss: 0.18675076961517334
Rank:0 Epoch: [29/40], Step: [711/782], Loss: 0.13557922840118408
Rank:0 Epoch: [29/40], Step: [721/782], Loss: 0.308602899312973
Rank:0 Epoch: [29/40], Step: [731/782], Loss: 0.057426467537879944
Rank:0 Epoch: [29/40], Step: [741/782], Loss: 0.08732805401086807
Rank:0 Epoch: [29/40], Step: [751/782], Loss: 0.0677708312869072
Rank:0 Epoch: [29/40], Step: [761/782], Loss: 0.11168960481882095
Rank:0 Epoch: [29/40], Step: [771/782], Loss: 0.19984857738018036
Rank:0 Epoch: [29/40], Step: [781/782], Loss: 0.10447996854782104
Current Test Acc: 0.9186
Rank:0 Epoch: [30/40], Step: [1/782], Loss: 0.05293632298707962
Rank:0 Epoch: [30/40], Step: [11/782], Loss: 0.12214425206184387
Rank:0 Epoch: [30/40], Step: [21/782], Loss: 0.17977699637413025
Rank:0 Epoch: [30/40], Step: [31/782], Loss: 0.054878685623407364
Rank:0 Epoch: [30/40], Step: [41/782], Loss: 0.07488339394330978
Rank:0 Epoch: [30/40], Step: [51/782], Loss: 0.10663515329360962
Rank:0 Epoch: [30/40], Step: [61/782], Loss: 0.1581529825925827
Rank:0 Epoch: [30/40], Step: [71/782], Loss: 0.11567015200853348
Rank:0 Epoch: [30/40], Step: [81/782], Loss: 0.1879703253507614
Rank:0 Epoch: [30/40], Step: [91/782], Loss: 0.15476231276988983
Rank:0 Epoch: [30/40], Step: [101/782], Loss: 0.09586962312459946
Rank:0 Epoch: [30/40], Step: [111/782], Loss: 0.08679026365280151
Rank:0 Epoch: [30/40], Step: [121/782], Loss: 0.25491097569465637
Rank:0 Epoch: [30/40], Step: [131/782], Loss: 0.14608827233314514
Rank:0 Epoch: [30/40], Step: [141/782], Loss: 0.08870954811573029
Rank:0 Epoch: [30/40], Step: [151/782], Loss: 0.24157924950122833
Rank:0 Epoch: [30/40], Step: [161/782], Loss: 0.1687476485967636
Rank:0 Epoch: [30/40], Step: [171/782], Loss: 0.13600626587867737
Rank:0 Epoch: [30/40], Step: [181/782], Loss: 0.081520676612854
Rank:0 Epoch: [30/40], Step: [191/782], Loss: 0.14456193149089813
Rank:0 Epoch: [30/40], Step: [201/782], Loss: 0.0819288045167923
Rank:0 Epoch: [30/40], Step: [211/782], Loss: 0.21004663407802582
Rank:0 Epoch: [30/40], Step: [221/782], Loss: 0.20925453305244446
Rank:0 Epoch: [30/40], Step: [231/782], Loss: 0.1010245829820633
Rank:0 Epoch: [30/40], Step: [241/782], Loss: 0.09836912155151367
Rank:0 Epoch: [30/40], Step: [251/782], Loss: 0.12466254830360413
Rank:0 Epoch: [30/40], Step: [261/782], Loss: 0.07691656798124313
Rank:0 Epoch: [30/40], Step: [271/782], Loss: 0.24886226654052734
Rank:0 Epoch: [30/40], Step: [281/782], Loss: 0.17706459760665894
Rank:0 Epoch: [30/40], Step: [291/782], Loss: 0.0900353416800499
Rank:0 Epoch: [30/40], Step: [301/782], Loss: 0.11786600202322006
Rank:0 Epoch: [30/40], Step: [311/782], Loss: 0.12465645372867584
Rank:0 Epoch: [30/40], Step: [321/782], Loss: 0.07754942774772644
Rank:0 Epoch: [30/40], Step: [331/782], Loss: 0.3467889428138733
Rank:0 Epoch: [30/40], Step: [341/782], Loss: 0.06300818175077438
Rank:0 Epoch: [30/40], Step: [351/782], Loss: 0.24910131096839905
Rank:0 Epoch: [30/40], Step: [361/782], Loss: 0.09220987558364868
Rank:0 Epoch: [30/40], Step: [371/782], Loss: 0.2554444372653961
Rank:0 Epoch: [30/40], Step: [381/782], Loss: 0.06121523305773735
Rank:0 Epoch: [30/40], Step: [391/782], Loss: 0.16569724678993225
Rank:0 Epoch: [30/40], Step: [401/782], Loss: 0.03752575442194939
Rank:0 Epoch: [30/40], Step: [411/782], Loss: 0.06499738246202469
Rank:0 Epoch: [30/40], Step: [421/782], Loss: 0.07822319120168686
Rank:0 Epoch: [30/40], Step: [431/782], Loss: 0.081333227455616
Rank:0 Epoch: [30/40], Step: [441/782], Loss: 0.16269762814044952
Rank:0 Epoch: [30/40], Step: [451/782], Loss: 0.12783624231815338
Rank:0 Epoch: [30/40], Step: [461/782], Loss: 0.17449107766151428
Rank:0 Epoch: [30/40], Step: [471/782], Loss: 0.07985173165798187
Rank:0 Epoch: [30/40], Step: [481/782], Loss: 0.1457170844078064
Rank:0 Epoch: [30/40], Step: [491/782], Loss: 0.06870012730360031
Rank:0 Epoch: [30/40], Step: [501/782], Loss: 0.11247510462999344
Rank:0 Epoch: [30/40], Step: [511/782], Loss: 0.08172475546598434
Rank:0 Epoch: [30/40], Step: [521/782], Loss: 0.12223166972398758
Rank:0 Epoch: [30/40], Step: [531/782], Loss: 0.09571704268455505
Rank:0 Epoch: [30/40], Step: [541/782], Loss: 0.09444571286439896
Rank:0 Epoch: [30/40], Step: [551/782], Loss: 0.04965152218937874
Rank:0 Epoch: [30/40], Step: [561/782], Loss: 0.12516538798809052
Rank:0 Epoch: [30/40], Step: [571/782], Loss: 0.2204856276512146
Rank:0 Epoch: [30/40], Step: [581/782], Loss: 0.1479901671409607
Rank:0 Epoch: [30/40], Step: [591/782], Loss: 0.09019686281681061
Rank:0 Epoch: [30/40], Step: [601/782], Loss: 0.09505955874919891
Rank:0 Epoch: [30/40], Step: [611/782], Loss: 0.10278888046741486
Rank:0 Epoch: [30/40], Step: [621/782], Loss: 0.05620729178190231
Rank:0 Epoch: [30/40], Step: [631/782], Loss: 0.11705144494771957
Rank:0 Epoch: [30/40], Step: [641/782], Loss: 0.14833872020244598
Rank:0 Epoch: [30/40], Step: [651/782], Loss: 0.14658044278621674
Rank:0 Epoch: [30/40], Step: [661/782], Loss: 0.18214841187000275
Rank:0 Epoch: [30/40], Step: [671/782], Loss: 0.19205252826213837
Rank:0 Epoch: [30/40], Step: [681/782], Loss: 0.17988289892673492
Rank:0 Epoch: [30/40], Step: [691/782], Loss: 0.12474041432142258
Rank:0 Epoch: [30/40], Step: [701/782], Loss: 0.15157894790172577
Rank:0 Epoch: [30/40], Step: [711/782], Loss: 0.13616147637367249
Rank:0 Epoch: [30/40], Step: [721/782], Loss: 0.05898861214518547
Rank:0 Epoch: [30/40], Step: [731/782], Loss: 0.12641356885433197
Rank:0 Epoch: [30/40], Step: [741/782], Loss: 0.13426530361175537
Rank:0 Epoch: [30/40], Step: [751/782], Loss: 0.07561984658241272
Rank:0 Epoch: [30/40], Step: [761/782], Loss: 0.13399085402488708
Rank:0 Epoch: [30/40], Step: [771/782], Loss: 0.06751742213964462
Rank:0 Epoch: [30/40], Step: [781/782], Loss: 0.20091430842876434
Current Test Acc: 0.9184
Rank:0 Epoch: [31/40], Step: [1/782], Loss: 0.23307719826698303
Rank:0 Epoch: [31/40], Step: [11/782], Loss: 0.08264646679162979
Rank:0 Epoch: [31/40], Step: [21/782], Loss: 0.0644318088889122
Rank:0 Epoch: [31/40], Step: [31/782], Loss: 0.114967942237854
Rank:0 Epoch: [31/40], Step: [41/782], Loss: 0.04273034259676933
Rank:0 Epoch: [31/40], Step: [51/782], Loss: 0.11923211067914963
Rank:0 Epoch: [31/40], Step: [61/782], Loss: 0.1649540513753891
Rank:0 Epoch: [31/40], Step: [71/782], Loss: 0.15058432519435883
Rank:0 Epoch: [31/40], Step: [81/782], Loss: 0.07841639220714569
Rank:0 Epoch: [31/40], Step: [91/782], Loss: 0.16006480157375336
Rank:0 Epoch: [31/40], Step: [101/782], Loss: 0.09785096347332001
Rank:0 Epoch: [31/40], Step: [111/782], Loss: 0.10481742024421692
Rank:0 Epoch: [31/40], Step: [121/782], Loss: 0.09838015586137772
Rank:0 Epoch: [31/40], Step: [131/782], Loss: 0.08506496250629425
Rank:0 Epoch: [31/40], Step: [141/782], Loss: 0.10532272607088089
Rank:0 Epoch: [31/40], Step: [151/782], Loss: 0.04238462820649147
Rank:0 Epoch: [31/40], Step: [161/782], Loss: 0.12489191442728043
Rank:0 Epoch: [31/40], Step: [171/782], Loss: 0.22805987298488617
Rank:0 Epoch: [31/40], Step: [181/782], Loss: 0.09282143414020538
Rank:0 Epoch: [31/40], Step: [191/782], Loss: 0.07774041593074799
Rank:0 Epoch: [31/40], Step: [201/782], Loss: 0.14545898139476776
Rank:0 Epoch: [31/40], Step: [211/782], Loss: 0.08267568796873093
Rank:0 Epoch: [31/40], Step: [221/782], Loss: 0.05220681056380272
Rank:0 Epoch: [31/40], Step: [231/782], Loss: 0.04718209430575371
Rank:0 Epoch: [31/40], Step: [241/782], Loss: 0.10628330707550049
Rank:0 Epoch: [31/40], Step: [251/782], Loss: 0.0557614304125309
Rank:0 Epoch: [31/40], Step: [261/782], Loss: 0.07424704730510712
Rank:0 Epoch: [31/40], Step: [271/782], Loss: 0.14428305625915527
Rank:0 Epoch: [31/40], Step: [281/782], Loss: 0.316490113735199
Rank:0 Epoch: [31/40], Step: [291/782], Loss: 0.18382056057453156
Rank:0 Epoch: [31/40], Step: [301/782], Loss: 0.14083558320999146
Rank:0 Epoch: [31/40], Step: [311/782], Loss: 0.03796721622347832
Rank:0 Epoch: [31/40], Step: [321/782], Loss: 0.04247613251209259
Rank:0 Epoch: [31/40], Step: [331/782], Loss: 0.0478452630341053
Rank:0 Epoch: [31/40], Step: [341/782], Loss: 0.059574227780103683
Rank:0 Epoch: [31/40], Step: [351/782], Loss: 0.11784787476062775
Rank:0 Epoch: [31/40], Step: [361/782], Loss: 0.34975454211235046
Rank:0 Epoch: [31/40], Step: [371/782], Loss: 0.0829334631562233
Rank:0 Epoch: [31/40], Step: [381/782], Loss: 0.1464390754699707
Rank:0 Epoch: [31/40], Step: [391/782], Loss: 0.08541067689657211
Rank:0 Epoch: [31/40], Step: [401/782], Loss: 0.13543865084648132
Rank:0 Epoch: [31/40], Step: [411/782], Loss: 0.1128963902592659
Rank:0 Epoch: [31/40], Step: [421/782], Loss: 0.08167368918657303
Rank:0 Epoch: [31/40], Step: [431/782], Loss: 0.08551038801670074
Rank:0 Epoch: [31/40], Step: [441/782], Loss: 0.10149373859167099
Rank:0 Epoch: [31/40], Step: [451/782], Loss: 0.07378443330526352
Rank:0 Epoch: [31/40], Step: [461/782], Loss: 0.12815015017986298
Rank:0 Epoch: [31/40], Step: [471/782], Loss: 0.15087385475635529
Rank:0 Epoch: [31/40], Step: [481/782], Loss: 0.12032126635313034
Rank:0 Epoch: [31/40], Step: [491/782], Loss: 0.20769564807415009
Rank:0 Epoch: [31/40], Step: [501/782], Loss: 0.04636792093515396
Rank:0 Epoch: [31/40], Step: [511/782], Loss: 0.056346967816352844
Rank:0 Epoch: [31/40], Step: [521/782], Loss: 0.17319832742214203
Rank:0 Epoch: [31/40], Step: [531/782], Loss: 0.19214865565299988
Rank:0 Epoch: [31/40], Step: [541/782], Loss: 0.1032114252448082
Rank:0 Epoch: [31/40], Step: [551/782], Loss: 0.11626806110143661
Rank:0 Epoch: [31/40], Step: [561/782], Loss: 0.10985163599252701
Rank:0 Epoch: [31/40], Step: [571/782], Loss: 0.1759587526321411
Rank:0 Epoch: [31/40], Step: [581/782], Loss: 0.07602086663246155
Rank:0 Epoch: [31/40], Step: [591/782], Loss: 0.10033540427684784
Rank:0 Epoch: [31/40], Step: [601/782], Loss: 0.11761994659900665
Rank:0 Epoch: [31/40], Step: [611/782], Loss: 0.13448435068130493
Rank:0 Epoch: [31/40], Step: [621/782], Loss: 0.13303177058696747
Rank:0 Epoch: [31/40], Step: [631/782], Loss: 0.12898455560207367
Rank:0 Epoch: [31/40], Step: [641/782], Loss: 0.13102340698242188
Rank:0 Epoch: [31/40], Step: [651/782], Loss: 0.1075550764799118
Rank:0 Epoch: [31/40], Step: [661/782], Loss: 0.10314100235700607
Rank:0 Epoch: [31/40], Step: [671/782], Loss: 0.17368115484714508
Rank:0 Epoch: [31/40], Step: [681/782], Loss: 0.06017961725592613
Rank:0 Epoch: [31/40], Step: [691/782], Loss: 0.2087370604276657
Rank:0 Epoch: [31/40], Step: [701/782], Loss: 0.1140761449933052
Rank:0 Epoch: [31/40], Step: [711/782], Loss: 0.0985601395368576
Rank:0 Epoch: [31/40], Step: [721/782], Loss: 0.11938101053237915
Rank:0 Epoch: [31/40], Step: [731/782], Loss: 0.12724684178829193
Rank:0 Epoch: [31/40], Step: [741/782], Loss: 0.11262164264917374
Rank:0 Epoch: [31/40], Step: [751/782], Loss: 0.13584205508232117
Rank:0 Epoch: [31/40], Step: [761/782], Loss: 0.10052334517240524
Rank:0 Epoch: [31/40], Step: [771/782], Loss: 0.19370420277118683
Rank:0 Epoch: [31/40], Step: [781/782], Loss: 0.09780455380678177
Current Test Acc: 0.9204
Rank:0 Epoch: [32/40], Step: [1/782], Loss: 0.09404244273900986
Rank:0 Epoch: [32/40], Step: [11/782], Loss: 0.06260084360837936
Rank:0 Epoch: [32/40], Step: [21/782], Loss: 0.2177601456642151
Rank:0 Epoch: [32/40], Step: [31/782], Loss: 0.20353323221206665
Rank:0 Epoch: [32/40], Step: [41/782], Loss: 0.09967192262411118
Rank:0 Epoch: [32/40], Step: [51/782], Loss: 0.08647371828556061
Rank:0 Epoch: [32/40], Step: [61/782], Loss: 0.07280680537223816
Rank:0 Epoch: [32/40], Step: [71/782], Loss: 0.0836932435631752
Rank:0 Epoch: [32/40], Step: [81/782], Loss: 0.07655256241559982
Rank:0 Epoch: [32/40], Step: [91/782], Loss: 0.11559592932462692
Rank:0 Epoch: [32/40], Step: [101/782], Loss: 0.11458606272935867
Rank:0 Epoch: [32/40], Step: [111/782], Loss: 0.16079632937908173
Rank:0 Epoch: [32/40], Step: [121/782], Loss: 0.11714274436235428
Rank:0 Epoch: [32/40], Step: [131/782], Loss: 0.05153736472129822
Rank:0 Epoch: [32/40], Step: [141/782], Loss: 0.11105607450008392
Rank:0 Epoch: [32/40], Step: [151/782], Loss: 0.05484137311577797
Rank:0 Epoch: [32/40], Step: [161/782], Loss: 0.08109524101018906
Rank:0 Epoch: [32/40], Step: [171/782], Loss: 0.06031934544444084
Rank:0 Epoch: [32/40], Step: [181/782], Loss: 0.2701687514781952
Rank:0 Epoch: [32/40], Step: [191/782], Loss: 0.05161084607243538
Rank:0 Epoch: [32/40], Step: [201/782], Loss: 0.26805588603019714
Rank:0 Epoch: [32/40], Step: [211/782], Loss: 0.11254777014255524
Rank:0 Epoch: [32/40], Step: [221/782], Loss: 0.18808980286121368
Rank:0 Epoch: [32/40], Step: [231/782], Loss: 0.07572652399539948
Rank:0 Epoch: [32/40], Step: [241/782], Loss: 0.12774775922298431
Rank:0 Epoch: [32/40], Step: [251/782], Loss: 0.057355836033821106
Rank:0 Epoch: [32/40], Step: [261/782], Loss: 0.11268177628517151
Rank:0 Epoch: [32/40], Step: [271/782], Loss: 0.14428891241550446
Rank:0 Epoch: [32/40], Step: [281/782], Loss: 0.0986451581120491
Rank:0 Epoch: [32/40], Step: [291/782], Loss: 0.1156269982457161
Rank:0 Epoch: [32/40], Step: [301/782], Loss: 0.1622995287179947
Rank:0 Epoch: [32/40], Step: [311/782], Loss: 0.11799466609954834
Rank:0 Epoch: [32/40], Step: [321/782], Loss: 0.08670791983604431
Rank:0 Epoch: [32/40], Step: [331/782], Loss: 0.12929505109786987
Rank:0 Epoch: [32/40], Step: [341/782], Loss: 0.14042653143405914
Rank:0 Epoch: [32/40], Step: [351/782], Loss: 0.12824048101902008
Rank:0 Epoch: [32/40], Step: [361/782], Loss: 0.0654209777712822
Rank:0 Epoch: [32/40], Step: [371/782], Loss: 0.17578309774398804
Rank:0 Epoch: [32/40], Step: [381/782], Loss: 0.12454643845558167
Rank:0 Epoch: [32/40], Step: [391/782], Loss: 0.15827611088752747
Rank:0 Epoch: [32/40], Step: [401/782], Loss: 0.0771024152636528
Rank:0 Epoch: [32/40], Step: [411/782], Loss: 0.16462461650371552
Rank:0 Epoch: [32/40], Step: [421/782], Loss: 0.0795486569404602
Rank:0 Epoch: [32/40], Step: [431/782], Loss: 0.12346340715885162
Rank:0 Epoch: [32/40], Step: [441/782], Loss: 0.10602669417858124
Rank:0 Epoch: [32/40], Step: [451/782], Loss: 0.05170353502035141
Rank:0 Epoch: [32/40], Step: [461/782], Loss: 0.13514822721481323
Rank:0 Epoch: [32/40], Step: [471/782], Loss: 0.11776033043861389
Rank:0 Epoch: [32/40], Step: [481/782], Loss: 0.12531894445419312
Rank:0 Epoch: [32/40], Step: [491/782], Loss: 0.1313915103673935
Rank:0 Epoch: [32/40], Step: [501/782], Loss: 0.21817772090435028
Rank:0 Epoch: [32/40], Step: [511/782], Loss: 0.05462828651070595
Rank:0 Epoch: [32/40], Step: [521/782], Loss: 0.07599183917045593
Rank:0 Epoch: [32/40], Step: [531/782], Loss: 0.0529823936522007
Rank:0 Epoch: [32/40], Step: [541/782], Loss: 0.04533373937010765
Rank:0 Epoch: [32/40], Step: [551/782], Loss: 0.057385724037885666
Rank:0 Epoch: [32/40], Step: [561/782], Loss: 0.137156143784523
Rank:0 Epoch: [32/40], Step: [571/782], Loss: 0.09225786477327347
Rank:0 Epoch: [32/40], Step: [581/782], Loss: 0.16062767803668976
Rank:0 Epoch: [32/40], Step: [591/782], Loss: 0.13177251815795898
Rank:0 Epoch: [32/40], Step: [601/782], Loss: 0.2646195590496063
Rank:0 Epoch: [32/40], Step: [611/782], Loss: 0.07178732752799988
Rank:0 Epoch: [32/40], Step: [621/782], Loss: 0.12454040348529816
Rank:0 Epoch: [32/40], Step: [631/782], Loss: 0.2118161916732788
Rank:0 Epoch: [32/40], Step: [641/782], Loss: 0.06803488731384277
Rank:0 Epoch: [32/40], Step: [651/782], Loss: 0.13220277428627014
Rank:0 Epoch: [32/40], Step: [661/782], Loss: 0.1123419925570488
Rank:0 Epoch: [32/40], Step: [671/782], Loss: 0.08838117122650146
Rank:0 Epoch: [32/40], Step: [681/782], Loss: 0.030398597940802574
Rank:0 Epoch: [32/40], Step: [691/782], Loss: 0.11340421438217163
Rank:0 Epoch: [32/40], Step: [701/782], Loss: 0.07754991948604584
Rank:0 Epoch: [32/40], Step: [711/782], Loss: 0.14228281378746033
Rank:0 Epoch: [32/40], Step: [721/782], Loss: 0.22237907350063324
Rank:0 Epoch: [32/40], Step: [731/782], Loss: 0.08388175070285797
Rank:0 Epoch: [32/40], Step: [741/782], Loss: 0.07047578692436218
Rank:0 Epoch: [32/40], Step: [751/782], Loss: 0.2230142205953598
Rank:0 Epoch: [32/40], Step: [761/782], Loss: 0.3569503128528595
Rank:0 Epoch: [32/40], Step: [771/782], Loss: 0.22153039276599884
Rank:0 Epoch: [32/40], Step: [781/782], Loss: 0.04224120453000069
Current Test Acc: 0.9229
Rank:0 Epoch: [33/40], Step: [1/782], Loss: 0.06443625688552856
Rank:0 Epoch: [33/40], Step: [11/782], Loss: 0.10493956506252289
Rank:0 Epoch: [33/40], Step: [21/782], Loss: 0.08175133913755417
Rank:0 Epoch: [33/40], Step: [31/782], Loss: 0.0764894187450409
Rank:0 Epoch: [33/40], Step: [41/782], Loss: 0.08622017502784729
Rank:0 Epoch: [33/40], Step: [51/782], Loss: 0.12257061153650284
Rank:0 Epoch: [33/40], Step: [61/782], Loss: 0.03873365372419357
Rank:0 Epoch: [33/40], Step: [71/782], Loss: 0.08084011822938919
Rank:0 Epoch: [33/40], Step: [81/782], Loss: 0.16656695306301117
Rank:0 Epoch: [33/40], Step: [91/782], Loss: 0.08169754594564438
Rank:0 Epoch: [33/40], Step: [101/782], Loss: 0.19379876554012299
Rank:0 Epoch: [33/40], Step: [111/782], Loss: 0.058697909116744995
Rank:0 Epoch: [33/40], Step: [121/782], Loss: 0.15415991842746735
Rank:0 Epoch: [33/40], Step: [131/782], Loss: 0.06418444961309433
Rank:0 Epoch: [33/40], Step: [141/782], Loss: 0.06499707698822021
Rank:0 Epoch: [33/40], Step: [151/782], Loss: 0.1903136521577835
Rank:0 Epoch: [33/40], Step: [161/782], Loss: 0.14716196060180664
Rank:0 Epoch: [33/40], Step: [171/782], Loss: 0.17156822979450226
Rank:0 Epoch: [33/40], Step: [181/782], Loss: 0.09578032791614532
Rank:0 Epoch: [33/40], Step: [191/782], Loss: 0.05262847617268562
Rank:0 Epoch: [33/40], Step: [201/782], Loss: 0.1951165795326233
Rank:0 Epoch: [33/40], Step: [211/782], Loss: 0.17090938985347748
Rank:0 Epoch: [33/40], Step: [221/782], Loss: 0.11543477326631546
Rank:0 Epoch: [33/40], Step: [231/782], Loss: 0.0677889809012413
Rank:0 Epoch: [33/40], Step: [241/782], Loss: 0.08415564149618149
Rank:0 Epoch: [33/40], Step: [251/782], Loss: 0.0757649838924408
Rank:0 Epoch: [33/40], Step: [261/782], Loss: 0.14279325306415558
Rank:0 Epoch: [33/40], Step: [271/782], Loss: 0.13751526176929474
Rank:0 Epoch: [33/40], Step: [281/782], Loss: 0.08649631589651108
Rank:0 Epoch: [33/40], Step: [291/782], Loss: 0.09302324056625366
Rank:0 Epoch: [33/40], Step: [301/782], Loss: 0.12996140122413635
Rank:0 Epoch: [33/40], Step: [311/782], Loss: 0.04422227665781975
Rank:0 Epoch: [33/40], Step: [321/782], Loss: 0.3246365785598755
Rank:0 Epoch: [33/40], Step: [331/782], Loss: 0.04857515171170235
Rank:0 Epoch: [33/40], Step: [341/782], Loss: 0.10359789431095123
Rank:0 Epoch: [33/40], Step: [351/782], Loss: 0.06548933684825897
Rank:0 Epoch: [33/40], Step: [361/782], Loss: 0.10065377503633499
Rank:0 Epoch: [33/40], Step: [371/782], Loss: 0.24050834774971008
Rank:0 Epoch: [33/40], Step: [381/782], Loss: 0.09030435979366302
Rank:0 Epoch: [33/40], Step: [391/782], Loss: 0.07631299644708633
Rank:0 Epoch: [33/40], Step: [401/782], Loss: 0.1763802021741867
Rank:0 Epoch: [33/40], Step: [411/782], Loss: 0.2510283291339874
Rank:0 Epoch: [33/40], Step: [421/782], Loss: 0.045888349413871765
Rank:0 Epoch: [33/40], Step: [431/782], Loss: 0.04958861321210861
Rank:0 Epoch: [33/40], Step: [441/782], Loss: 0.0675729289650917
Rank:0 Epoch: [33/40], Step: [451/782], Loss: 0.05703352764248848
Rank:0 Epoch: [33/40], Step: [461/782], Loss: 0.08252938836812973
Rank:0 Epoch: [33/40], Step: [471/782], Loss: 0.08131000399589539
Rank:0 Epoch: [33/40], Step: [481/782], Loss: 0.18037697672843933
Rank:0 Epoch: [33/40], Step: [491/782], Loss: 0.06707967817783356
Rank:0 Epoch: [33/40], Step: [501/782], Loss: 0.08599482476711273
Rank:0 Epoch: [33/40], Step: [511/782], Loss: 0.12863795459270477
Rank:0 Epoch: [33/40], Step: [521/782], Loss: 0.14921435713768005
Rank:0 Epoch: [33/40], Step: [531/782], Loss: 0.13701796531677246
Rank:0 Epoch: [33/40], Step: [541/782], Loss: 0.16267776489257812
Rank:0 Epoch: [33/40], Step: [551/782], Loss: 0.16600923240184784
Rank:0 Epoch: [33/40], Step: [561/782], Loss: 0.1078251302242279
Rank:0 Epoch: [33/40], Step: [571/782], Loss: 0.19957034289836884
Rank:0 Epoch: [33/40], Step: [581/782], Loss: 0.06689847260713577
Rank:0 Epoch: [33/40], Step: [591/782], Loss: 0.10693703591823578
Rank:0 Epoch: [33/40], Step: [601/782], Loss: 0.2465059757232666
Rank:0 Epoch: [33/40], Step: [611/782], Loss: 0.07680650055408478
Rank:0 Epoch: [33/40], Step: [621/782], Loss: 0.10836981981992722
Rank:0 Epoch: [33/40], Step: [631/782], Loss: 0.13903160393238068
Rank:0 Epoch: [33/40], Step: [641/782], Loss: 0.0662946030497551
Rank:0 Epoch: [33/40], Step: [651/782], Loss: 0.13170050084590912
Rank:0 Epoch: [33/40], Step: [661/782], Loss: 0.0478753000497818
Rank:0 Epoch: [33/40], Step: [671/782], Loss: 0.27936771512031555
Rank:0 Epoch: [33/40], Step: [681/782], Loss: 0.20817998051643372
Rank:0 Epoch: [33/40], Step: [691/782], Loss: 0.051028214395046234
Rank:0 Epoch: [33/40], Step: [701/782], Loss: 0.07549078017473221
Rank:0 Epoch: [33/40], Step: [711/782], Loss: 0.06865602731704712
Rank:0 Epoch: [33/40], Step: [721/782], Loss: 0.23606877028942108
Rank:0 Epoch: [33/40], Step: [731/782], Loss: 0.16814303398132324
Rank:0 Epoch: [33/40], Step: [741/782], Loss: 0.0722958967089653
Rank:0 Epoch: [33/40], Step: [751/782], Loss: 0.11032865941524506
Rank:0 Epoch: [33/40], Step: [761/782], Loss: 0.19037717580795288
Rank:0 Epoch: [33/40], Step: [771/782], Loss: 0.07639016956090927
Rank:0 Epoch: [33/40], Step: [781/782], Loss: 0.0716065987944603
Current Test Acc: 0.9215
Rank:0 Epoch: [34/40], Step: [1/782], Loss: 0.1245776116847992
Rank:0 Epoch: [34/40], Step: [11/782], Loss: 0.09879420697689056
Rank:0 Epoch: [34/40], Step: [21/782], Loss: 0.1131991595029831
Rank:0 Epoch: [34/40], Step: [31/782], Loss: 0.14278613030910492
Rank:0 Epoch: [34/40], Step: [41/782], Loss: 0.07872568070888519
Rank:0 Epoch: [34/40], Step: [51/782], Loss: 0.04321781173348427
Rank:0 Epoch: [34/40], Step: [61/782], Loss: 0.14681221544742584
Rank:0 Epoch: [34/40], Step: [71/782], Loss: 0.0455542653799057
Rank:0 Epoch: [34/40], Step: [81/782], Loss: 0.044178519397974014
Rank:0 Epoch: [34/40], Step: [91/782], Loss: 0.03933282196521759
Rank:0 Epoch: [34/40], Step: [101/782], Loss: 0.1440354287624359
Rank:0 Epoch: [34/40], Step: [111/782], Loss: 0.06962830573320389
Rank:0 Epoch: [34/40], Step: [121/782], Loss: 0.18522463738918304
Rank:0 Epoch: [34/40], Step: [131/782], Loss: 0.10500986129045486
Rank:0 Epoch: [34/40], Step: [141/782], Loss: 0.07239409536123276
Rank:0 Epoch: [34/40], Step: [151/782], Loss: 0.039010826498270035
Rank:0 Epoch: [34/40], Step: [161/782], Loss: 0.1930238902568817
Rank:0 Epoch: [34/40], Step: [171/782], Loss: 0.22413970530033112
Rank:0 Epoch: [34/40], Step: [181/782], Loss: 0.09491822868585587
Rank:0 Epoch: [34/40], Step: [191/782], Loss: 0.35707810521125793
Rank:0 Epoch: [34/40], Step: [201/782], Loss: 0.1622956544160843
Rank:0 Epoch: [34/40], Step: [211/782], Loss: 0.07511702179908752
Rank:0 Epoch: [34/40], Step: [221/782], Loss: 0.08258812129497528
Rank:0 Epoch: [34/40], Step: [231/782], Loss: 0.03186237812042236
Rank:0 Epoch: [34/40], Step: [241/782], Loss: 0.09969130158424377
Rank:0 Epoch: [34/40], Step: [251/782], Loss: 0.15044398605823517
Rank:0 Epoch: [34/40], Step: [261/782], Loss: 0.08775454759597778
Rank:0 Epoch: [34/40], Step: [271/782], Loss: 0.13060373067855835
Rank:0 Epoch: [34/40], Step: [281/782], Loss: 0.06499393284320831
Rank:0 Epoch: [34/40], Step: [291/782], Loss: 0.06544492393732071
Rank:0 Epoch: [34/40], Step: [301/782], Loss: 0.06877154856920242
Rank:0 Epoch: [34/40], Step: [311/782], Loss: 0.1843046396970749
Rank:0 Epoch: [34/40], Step: [321/782], Loss: 0.07187557965517044
Rank:0 Epoch: [34/40], Step: [331/782], Loss: 0.2609310448169708
Rank:0 Epoch: [34/40], Step: [341/782], Loss: 0.13522526621818542
Rank:0 Epoch: [34/40], Step: [351/782], Loss: 0.061495739966630936
Rank:0 Epoch: [34/40], Step: [361/782], Loss: 0.05211836099624634
Rank:0 Epoch: [34/40], Step: [371/782], Loss: 0.1290067732334137
Rank:0 Epoch: [34/40], Step: [381/782], Loss: 0.03974352777004242
Rank:0 Epoch: [34/40], Step: [391/782], Loss: 0.04632965475320816
Rank:0 Epoch: [34/40], Step: [401/782], Loss: 0.03425111621618271
Rank:0 Epoch: [34/40], Step: [411/782], Loss: 0.1380349099636078
Rank:0 Epoch: [34/40], Step: [421/782], Loss: 0.04106369614601135
Rank:0 Epoch: [34/40], Step: [431/782], Loss: 0.10668690502643585
Rank:0 Epoch: [34/40], Step: [441/782], Loss: 0.07962878048419952
Rank:0 Epoch: [34/40], Step: [451/782], Loss: 0.13410761952400208
Rank:0 Epoch: [34/40], Step: [461/782], Loss: 0.051849063485860825
Rank:0 Epoch: [34/40], Step: [471/782], Loss: 0.03522852063179016
Rank:0 Epoch: [34/40], Step: [481/782], Loss: 0.2919071912765503
Rank:0 Epoch: [34/40], Step: [491/782], Loss: 0.18109659850597382
Rank:0 Epoch: [34/40], Step: [501/782], Loss: 0.11426214128732681
Rank:0 Epoch: [34/40], Step: [511/782], Loss: 0.03455611690878868
Rank:0 Epoch: [34/40], Step: [521/782], Loss: 0.09414467215538025
Rank:0 Epoch: [34/40], Step: [531/782], Loss: 0.11384796351194382
Rank:0 Epoch: [34/40], Step: [541/782], Loss: 0.037649184465408325
Rank:0 Epoch: [34/40], Step: [551/782], Loss: 0.11874198168516159
Rank:0 Epoch: [34/40], Step: [561/782], Loss: 0.047318875789642334
Rank:0 Epoch: [34/40], Step: [571/782], Loss: 0.04915189370512962
Rank:0 Epoch: [34/40], Step: [581/782], Loss: 0.2316388487815857
Rank:0 Epoch: [34/40], Step: [591/782], Loss: 0.14152581989765167
Rank:0 Epoch: [34/40], Step: [601/782], Loss: 0.1553592085838318
Rank:0 Epoch: [34/40], Step: [611/782], Loss: 0.07585016638040543
Rank:0 Epoch: [34/40], Step: [621/782], Loss: 0.10450728237628937
Rank:0 Epoch: [34/40], Step: [631/782], Loss: 0.19156046211719513
Rank:0 Epoch: [34/40], Step: [641/782], Loss: 0.23410770297050476
Rank:0 Epoch: [34/40], Step: [651/782], Loss: 0.159391850233078
Rank:0 Epoch: [34/40], Step: [661/782], Loss: 0.16671378910541534
Rank:0 Epoch: [34/40], Step: [671/782], Loss: 0.06459895521402359
Rank:0 Epoch: [34/40], Step: [681/782], Loss: 0.1762261837720871
Rank:0 Epoch: [34/40], Step: [691/782], Loss: 0.09951422363519669
Rank:0 Epoch: [34/40], Step: [701/782], Loss: 0.054780591279268265
Rank:0 Epoch: [34/40], Step: [711/782], Loss: 0.04904097691178322
Rank:0 Epoch: [34/40], Step: [721/782], Loss: 0.0749422237277031
Rank:0 Epoch: [34/40], Step: [731/782], Loss: 0.032048437744379044
Rank:0 Epoch: [34/40], Step: [741/782], Loss: 0.1699967086315155
Rank:0 Epoch: [34/40], Step: [751/782], Loss: 0.09239185601472855
Rank:0 Epoch: [34/40], Step: [761/782], Loss: 0.07643172144889832
Rank:0 Epoch: [34/40], Step: [771/782], Loss: 0.07892216742038727
Rank:0 Epoch: [34/40], Step: [781/782], Loss: 0.1807078719139099
Current Test Acc: 0.9219
Rank:0 Epoch: [35/40], Step: [1/782], Loss: 0.044569630175828934
Rank:0 Epoch: [35/40], Step: [11/782], Loss: 0.05152745544910431
Rank:0 Epoch: [35/40], Step: [21/782], Loss: 0.036371540278196335
Rank:0 Epoch: [35/40], Step: [31/782], Loss: 0.1593848019838333
Rank:0 Epoch: [35/40], Step: [41/782], Loss: 0.04812922701239586
Rank:0 Epoch: [35/40], Step: [51/782], Loss: 0.12387802451848984
Rank:0 Epoch: [35/40], Step: [61/782], Loss: 0.04967278614640236
Rank:0 Epoch: [35/40], Step: [71/782], Loss: 0.08509421348571777
Rank:0 Epoch: [35/40], Step: [81/782], Loss: 0.08624280244112015
Rank:0 Epoch: [35/40], Step: [91/782], Loss: 0.09683908522129059
Rank:0 Epoch: [35/40], Step: [101/782], Loss: 0.05668945237994194
Rank:0 Epoch: [35/40], Step: [111/782], Loss: 0.07431656867265701
Rank:0 Epoch: [35/40], Step: [121/782], Loss: 0.037078727036714554
Rank:0 Epoch: [35/40], Step: [131/782], Loss: 0.08869948238134384
Rank:0 Epoch: [35/40], Step: [141/782], Loss: 0.05209041386842728
Rank:0 Epoch: [35/40], Step: [151/782], Loss: 0.0698615312576294
Rank:0 Epoch: [35/40], Step: [161/782], Loss: 0.14298701286315918
Rank:0 Epoch: [35/40], Step: [171/782], Loss: 0.0883617103099823
Rank:0 Epoch: [35/40], Step: [181/782], Loss: 0.12538236379623413
Rank:0 Epoch: [35/40], Step: [191/782], Loss: 0.03521672263741493
Rank:0 Epoch: [35/40], Step: [201/782], Loss: 0.06775056570768356
Rank:0 Epoch: [35/40], Step: [211/782], Loss: 0.12561005353927612
Rank:0 Epoch: [35/40], Step: [221/782], Loss: 0.03441288322210312
Rank:0 Epoch: [35/40], Step: [231/782], Loss: 0.03497007116675377
Rank:0 Epoch: [35/40], Step: [241/782], Loss: 0.07174048572778702
Rank:0 Epoch: [35/40], Step: [251/782], Loss: 0.08360446989536285
Rank:0 Epoch: [35/40], Step: [261/782], Loss: 0.04174952208995819
Rank:0 Epoch: [35/40], Step: [271/782], Loss: 0.10264120250940323
Rank:0 Epoch: [35/40], Step: [281/782], Loss: 0.18206366896629333
Rank:0 Epoch: [35/40], Step: [291/782], Loss: 0.1237737312912941
Rank:0 Epoch: [35/40], Step: [301/782], Loss: 0.09840095788240433
Rank:0 Epoch: [35/40], Step: [311/782], Loss: 0.12318786233663559
Rank:0 Epoch: [35/40], Step: [321/782], Loss: 0.26721349358558655
Rank:0 Epoch: [35/40], Step: [331/782], Loss: 0.06962665915489197
Rank:0 Epoch: [35/40], Step: [341/782], Loss: 0.045904431492090225
Rank:0 Epoch: [35/40], Step: [351/782], Loss: 0.2316220998764038
Rank:0 Epoch: [35/40], Step: [361/782], Loss: 0.045184217393398285
Rank:0 Epoch: [35/40], Step: [371/782], Loss: 0.055329546332359314
Rank:0 Epoch: [35/40], Step: [381/782], Loss: 0.04067528620362282
Rank:0 Epoch: [35/40], Step: [391/782], Loss: 0.09553046524524689
Rank:0 Epoch: [35/40], Step: [401/782], Loss: 0.22978028655052185
Rank:0 Epoch: [35/40], Step: [411/782], Loss: 0.16261190176010132
Rank:0 Epoch: [35/40], Step: [421/782], Loss: 0.05763191729784012
Rank:0 Epoch: [35/40], Step: [431/782], Loss: 0.13214726746082306
Rank:0 Epoch: [35/40], Step: [441/782], Loss: 0.3293024003505707
Rank:0 Epoch: [35/40], Step: [451/782], Loss: 0.07512544840574265
Rank:0 Epoch: [35/40], Step: [461/782], Loss: 0.1308409869670868
Rank:0 Epoch: [35/40], Step: [471/782], Loss: 0.057150546461343765
Rank:0 Epoch: [35/40], Step: [481/782], Loss: 0.1481291651725769
Rank:0 Epoch: [35/40], Step: [491/782], Loss: 0.047101616859436035
Rank:0 Epoch: [35/40], Step: [501/782], Loss: 0.04350866377353668
Rank:0 Epoch: [35/40], Step: [511/782], Loss: 0.4847055673599243
Rank:0 Epoch: [35/40], Step: [521/782], Loss: 0.19400137662887573
Rank:0 Epoch: [35/40], Step: [531/782], Loss: 0.08247305452823639
Rank:0 Epoch: [35/40], Step: [541/782], Loss: 0.2003803700208664
Rank:0 Epoch: [35/40], Step: [551/782], Loss: 0.11245138943195343
Rank:0 Epoch: [35/40], Step: [561/782], Loss: 0.04740514978766441
Rank:0 Epoch: [35/40], Step: [571/782], Loss: 0.2059878259897232
Rank:0 Epoch: [35/40], Step: [581/782], Loss: 0.11449327319860458
Rank:0 Epoch: [35/40], Step: [591/782], Loss: 0.08893036097288132
Rank:0 Epoch: [35/40], Step: [601/782], Loss: 0.127161905169487
Rank:0 Epoch: [35/40], Step: [611/782], Loss: 0.07106787711381912
Rank:0 Epoch: [35/40], Step: [621/782], Loss: 0.08946273475885391
Rank:0 Epoch: [35/40], Step: [631/782], Loss: 0.06241771578788757
Rank:0 Epoch: [35/40], Step: [641/782], Loss: 0.03806048631668091
Rank:0 Epoch: [35/40], Step: [651/782], Loss: 0.09267439693212509
Rank:0 Epoch: [35/40], Step: [661/782], Loss: 0.0908723771572113
Rank:0 Epoch: [35/40], Step: [671/782], Loss: 0.21631626784801483
Rank:0 Epoch: [35/40], Step: [681/782], Loss: 0.18196219205856323
Rank:0 Epoch: [35/40], Step: [691/782], Loss: 0.11542268842458725
Rank:0 Epoch: [35/40], Step: [701/782], Loss: 0.053606484085321426
Rank:0 Epoch: [35/40], Step: [711/782], Loss: 0.24556416273117065
Rank:0 Epoch: [35/40], Step: [721/782], Loss: 0.07423892617225647
Rank:0 Epoch: [35/40], Step: [731/782], Loss: 0.08478669077157974
Rank:0 Epoch: [35/40], Step: [741/782], Loss: 0.16953516006469727
Rank:0 Epoch: [35/40], Step: [751/782], Loss: 0.04104793444275856
Rank:0 Epoch: [35/40], Step: [761/782], Loss: 0.08390448987483978
Rank:0 Epoch: [35/40], Step: [771/782], Loss: 0.14796453714370728
Rank:0 Epoch: [35/40], Step: [781/782], Loss: 0.09682555496692657
Current Test Acc: 0.9235
Rank:0 Epoch: [36/40], Step: [1/782], Loss: 0.10792773216962814
Rank:0 Epoch: [36/40], Step: [11/782], Loss: 0.08655186742544174
Rank:0 Epoch: [36/40], Step: [21/782], Loss: 0.08784995228052139
Rank:0 Epoch: [36/40], Step: [31/782], Loss: 0.05425200238823891
Rank:0 Epoch: [36/40], Step: [41/782], Loss: 0.11313895136117935
Rank:0 Epoch: [36/40], Step: [51/782], Loss: 0.04383527487516403
Rank:0 Epoch: [36/40], Step: [61/782], Loss: 0.0870981216430664
Rank:0 Epoch: [36/40], Step: [71/782], Loss: 0.10175558179616928
Rank:0 Epoch: [36/40], Step: [81/782], Loss: 0.18098512291908264
Rank:0 Epoch: [36/40], Step: [91/782], Loss: 0.06254886090755463
Rank:0 Epoch: [36/40], Step: [101/782], Loss: 0.08363516628742218
Rank:0 Epoch: [36/40], Step: [111/782], Loss: 0.11522050201892853
Rank:0 Epoch: [36/40], Step: [121/782], Loss: 0.1775675117969513
Rank:0 Epoch: [36/40], Step: [131/782], Loss: 0.07078544050455093
Rank:0 Epoch: [36/40], Step: [141/782], Loss: 0.12198469787836075
Rank:0 Epoch: [36/40], Step: [151/782], Loss: 0.055544525384902954
Rank:0 Epoch: [36/40], Step: [161/782], Loss: 0.057614561170339584
Rank:0 Epoch: [36/40], Step: [171/782], Loss: 0.11148636043071747
Rank:0 Epoch: [36/40], Step: [181/782], Loss: 0.05298590660095215
Rank:0 Epoch: [36/40], Step: [191/782], Loss: 0.04528065025806427
Rank:0 Epoch: [36/40], Step: [201/782], Loss: 0.07784044742584229
Rank:0 Epoch: [36/40], Step: [211/782], Loss: 0.2778874635696411
Rank:0 Epoch: [36/40], Step: [221/782], Loss: 0.038282085210084915
Rank:0 Epoch: [36/40], Step: [231/782], Loss: 0.12412378191947937
Rank:0 Epoch: [36/40], Step: [241/782], Loss: 0.03756644204258919
Rank:0 Epoch: [36/40], Step: [251/782], Loss: 0.08589808642864227
Rank:0 Epoch: [36/40], Step: [261/782], Loss: 0.06944534182548523
Rank:0 Epoch: [36/40], Step: [271/782], Loss: 0.03855162858963013
Rank:0 Epoch: [36/40], Step: [281/782], Loss: 0.07569926977157593
Rank:0 Epoch: [36/40], Step: [291/782], Loss: 0.10665857046842575
Rank:0 Epoch: [36/40], Step: [301/782], Loss: 0.14855940639972687
Rank:0 Epoch: [36/40], Step: [311/782], Loss: 0.06688454747200012
Rank:0 Epoch: [36/40], Step: [321/782], Loss: 0.03831743448972702
Rank:0 Epoch: [36/40], Step: [331/782], Loss: 0.16297626495361328
Rank:0 Epoch: [36/40], Step: [341/782], Loss: 0.07282610237598419
Rank:0 Epoch: [36/40], Step: [351/782], Loss: 0.06394796073436737
Rank:0 Epoch: [36/40], Step: [361/782], Loss: 0.09571461379528046
Rank:0 Epoch: [36/40], Step: [371/782], Loss: 0.06885940581560135
Rank:0 Epoch: [36/40], Step: [381/782], Loss: 0.05214198678731918
Rank:0 Epoch: [36/40], Step: [391/782], Loss: 0.123484306037426
Rank:0 Epoch: [36/40], Step: [401/782], Loss: 0.050981227308511734
Rank:0 Epoch: [36/40], Step: [411/782], Loss: 0.07591106742620468
Rank:0 Epoch: [36/40], Step: [421/782], Loss: 0.14279288053512573
Rank:0 Epoch: [36/40], Step: [431/782], Loss: 0.15385375916957855
Rank:0 Epoch: [36/40], Step: [441/782], Loss: 0.10804238170385361
Rank:0 Epoch: [36/40], Step: [451/782], Loss: 0.12426551431417465
Rank:0 Epoch: [36/40], Step: [461/782], Loss: 0.03707464411854744
Rank:0 Epoch: [36/40], Step: [471/782], Loss: 0.15785205364227295
Rank:0 Epoch: [36/40], Step: [481/782], Loss: 0.06586652994155884
Rank:0 Epoch: [36/40], Step: [491/782], Loss: 0.10307614505290985
Rank:0 Epoch: [36/40], Step: [501/782], Loss: 0.07276736199855804
Rank:0 Epoch: [36/40], Step: [511/782], Loss: 0.08812136948108673
Rank:0 Epoch: [36/40], Step: [521/782], Loss: 0.08236511796712875
Rank:0 Epoch: [36/40], Step: [531/782], Loss: 0.1292971521615982
Rank:0 Epoch: [36/40], Step: [541/782], Loss: 0.10203036665916443
Rank:0 Epoch: [36/40], Step: [551/782], Loss: 0.16034658253192902
Rank:0 Epoch: [36/40], Step: [561/782], Loss: 0.13910169899463654
Rank:0 Epoch: [36/40], Step: [571/782], Loss: 0.16226643323898315
Rank:0 Epoch: [36/40], Step: [581/782], Loss: 0.19754275679588318
Rank:0 Epoch: [36/40], Step: [591/782], Loss: 0.25779879093170166
Rank:0 Epoch: [36/40], Step: [601/782], Loss: 0.03147798404097557
Rank:0 Epoch: [36/40], Step: [611/782], Loss: 0.054169055074453354
Rank:0 Epoch: [36/40], Step: [621/782], Loss: 0.17819057404994965
Rank:0 Epoch: [36/40], Step: [631/782], Loss: 0.0925488993525505
Rank:0 Epoch: [36/40], Step: [641/782], Loss: 0.08868411928415298
Rank:0 Epoch: [36/40], Step: [651/782], Loss: 0.21844375133514404
Rank:0 Epoch: [36/40], Step: [661/782], Loss: 0.1354377269744873
Rank:0 Epoch: [36/40], Step: [671/782], Loss: 0.14431563019752502
Rank:0 Epoch: [36/40], Step: [681/782], Loss: 0.13145515322685242
Rank:0 Epoch: [36/40], Step: [691/782], Loss: 0.1672346293926239
Rank:0 Epoch: [36/40], Step: [701/782], Loss: 0.05289975181221962
Rank:0 Epoch: [36/40], Step: [711/782], Loss: 0.2099338322877884
Rank:0 Epoch: [36/40], Step: [721/782], Loss: 0.0702710971236229
Rank:0 Epoch: [36/40], Step: [731/782], Loss: 0.04093967750668526
Rank:0 Epoch: [36/40], Step: [741/782], Loss: 0.083126001060009
Rank:0 Epoch: [36/40], Step: [751/782], Loss: 0.1620662659406662
Rank:0 Epoch: [36/40], Step: [761/782], Loss: 0.17027518153190613
Rank:0 Epoch: [36/40], Step: [771/782], Loss: 0.1574164777994156
Rank:0 Epoch: [36/40], Step: [781/782], Loss: 0.05376936122775078
Current Test Acc: 0.9228
Rank:0 Epoch: [37/40], Step: [1/782], Loss: 0.053483471274375916
Rank:0 Epoch: [37/40], Step: [11/782], Loss: 0.053389616310596466
Rank:0 Epoch: [37/40], Step: [21/782], Loss: 0.021539820358157158
Rank:0 Epoch: [37/40], Step: [31/782], Loss: 0.08193759620189667
Rank:0 Epoch: [37/40], Step: [41/782], Loss: 0.08967286348342896
Rank:0 Epoch: [37/40], Step: [51/782], Loss: 0.0726998820900917
Rank:0 Epoch: [37/40], Step: [61/782], Loss: 0.1395139992237091
Rank:0 Epoch: [37/40], Step: [71/782], Loss: 0.04021367058157921
Rank:0 Epoch: [37/40], Step: [81/782], Loss: 0.04894312098622322
Rank:0 Epoch: [37/40], Step: [91/782], Loss: 0.057820457965135574
Rank:0 Epoch: [37/40], Step: [101/782], Loss: 0.059925612062215805
Rank:0 Epoch: [37/40], Step: [111/782], Loss: 0.12618736922740936
Rank:0 Epoch: [37/40], Step: [121/782], Loss: 0.05624048784375191
Rank:0 Epoch: [37/40], Step: [131/782], Loss: 0.03421410173177719
Rank:0 Epoch: [37/40], Step: [141/782], Loss: 0.09025991708040237
Rank:0 Epoch: [37/40], Step: [151/782], Loss: 0.031019160524010658
Rank:0 Epoch: [37/40], Step: [161/782], Loss: 0.14632001519203186
Rank:0 Epoch: [37/40], Step: [171/782], Loss: 0.12086246907711029
Rank:0 Epoch: [37/40], Step: [181/782], Loss: 0.03491664305329323
Rank:0 Epoch: [37/40], Step: [191/782], Loss: 0.14417698979377747
Rank:0 Epoch: [37/40], Step: [201/782], Loss: 0.06970848888158798
Rank:0 Epoch: [37/40], Step: [211/782], Loss: 0.08989899605512619
Rank:0 Epoch: [37/40], Step: [221/782], Loss: 0.10319105535745621
Rank:0 Epoch: [37/40], Step: [231/782], Loss: 0.050184592604637146
Rank:0 Epoch: [37/40], Step: [241/782], Loss: 0.0850529670715332
Rank:0 Epoch: [37/40], Step: [251/782], Loss: 0.20641638338565826
Rank:0 Epoch: [37/40], Step: [261/782], Loss: 0.05183138698339462
Rank:0 Epoch: [37/40], Step: [271/782], Loss: 0.1354597955942154
Rank:0 Epoch: [37/40], Step: [281/782], Loss: 0.19408613443374634
Rank:0 Epoch: [37/40], Step: [291/782], Loss: 0.15307091176509857
Rank:0 Epoch: [37/40], Step: [301/782], Loss: 0.07029321789741516
Rank:0 Epoch: [37/40], Step: [311/782], Loss: 0.12160739302635193
Rank:0 Epoch: [37/40], Step: [321/782], Loss: 0.1596088409423828
Rank:0 Epoch: [37/40], Step: [331/782], Loss: 0.13659070432186127
Rank:0 Epoch: [37/40], Step: [341/782], Loss: 0.07142511755228043
Rank:0 Epoch: [37/40], Step: [351/782], Loss: 0.11777929216623306
Rank:0 Epoch: [37/40], Step: [361/782], Loss: 0.042428627610206604
Rank:0 Epoch: [37/40], Step: [371/782], Loss: 0.02797734923660755
Rank:0 Epoch: [37/40], Step: [381/782], Loss: 0.13227376341819763
Rank:0 Epoch: [37/40], Step: [391/782], Loss: 0.1645544022321701
Rank:0 Epoch: [37/40], Step: [401/782], Loss: 0.08503441512584686
Rank:0 Epoch: [37/40], Step: [411/782], Loss: 0.09585637599229813
Rank:0 Epoch: [37/40], Step: [421/782], Loss: 0.0971532016992569
Rank:0 Epoch: [37/40], Step: [431/782], Loss: 0.029107974842190742
Rank:0 Epoch: [37/40], Step: [441/782], Loss: 0.15033838152885437
Rank:0 Epoch: [37/40], Step: [451/782], Loss: 0.047355614602565765
Rank:0 Epoch: [37/40], Step: [461/782], Loss: 0.09851796925067902
Rank:0 Epoch: [37/40], Step: [471/782], Loss: 0.05101539194583893
Rank:0 Epoch: [37/40], Step: [481/782], Loss: 0.20724014937877655
Rank:0 Epoch: [37/40], Step: [491/782], Loss: 0.07127150148153305
Rank:0 Epoch: [37/40], Step: [501/782], Loss: 0.03553888946771622
Rank:0 Epoch: [37/40], Step: [511/782], Loss: 0.12845943868160248
Rank:0 Epoch: [37/40], Step: [521/782], Loss: 0.10692978650331497
Rank:0 Epoch: [37/40], Step: [531/782], Loss: 0.12540049850940704
Rank:0 Epoch: [37/40], Step: [541/782], Loss: 0.06389165669679642
Rank:0 Epoch: [37/40], Step: [551/782], Loss: 0.08857905864715576
Rank:0 Epoch: [37/40], Step: [561/782], Loss: 0.13319751620292664
Rank:0 Epoch: [37/40], Step: [571/782], Loss: 0.33062055706977844
Rank:0 Epoch: [37/40], Step: [581/782], Loss: 0.11025672405958176
Rank:0 Epoch: [37/40], Step: [591/782], Loss: 0.10832203179597855
Rank:0 Epoch: [37/40], Step: [601/782], Loss: 0.1382008194923401
Rank:0 Epoch: [37/40], Step: [611/782], Loss: 0.07715362310409546
Rank:0 Epoch: [37/40], Step: [621/782], Loss: 0.06581873446702957
Rank:0 Epoch: [37/40], Step: [631/782], Loss: 0.12495916336774826
Rank:0 Epoch: [37/40], Step: [641/782], Loss: 0.04679860547184944
Rank:0 Epoch: [37/40], Step: [651/782], Loss: 0.1532539427280426
Rank:0 Epoch: [37/40], Step: [661/782], Loss: 0.14301201701164246
Rank:0 Epoch: [37/40], Step: [671/782], Loss: 0.1173589676618576
Rank:0 Epoch: [37/40], Step: [681/782], Loss: 0.10725833475589752
Rank:0 Epoch: [37/40], Step: [691/782], Loss: 0.1786680817604065
Rank:0 Epoch: [37/40], Step: [701/782], Loss: 0.06135795637965202
Rank:0 Epoch: [37/40], Step: [711/782], Loss: 0.11806810647249222
Rank:0 Epoch: [37/40], Step: [721/782], Loss: 0.09763073176145554
Rank:0 Epoch: [37/40], Step: [731/782], Loss: 0.18553699553012848
Rank:0 Epoch: [37/40], Step: [741/782], Loss: 0.037207797169685364
Rank:0 Epoch: [37/40], Step: [751/782], Loss: 0.10489960759878159
Rank:0 Epoch: [37/40], Step: [761/782], Loss: 0.06686317175626755
Rank:0 Epoch: [37/40], Step: [771/782], Loss: 0.09853880107402802
Rank:0 Epoch: [37/40], Step: [781/782], Loss: 0.10242029279470444
Current Test Acc: 0.9237
Rank:0 Epoch: [38/40], Step: [1/782], Loss: 0.30300551652908325
Rank:0 Epoch: [38/40], Step: [11/782], Loss: 0.12184891849756241
Rank:0 Epoch: [38/40], Step: [21/782], Loss: 0.0759701132774353
Rank:0 Epoch: [38/40], Step: [31/782], Loss: 0.05435868352651596
Rank:0 Epoch: [38/40], Step: [41/782], Loss: 0.09411822259426117
Rank:0 Epoch: [38/40], Step: [51/782], Loss: 0.10037761926651001
Rank:0 Epoch: [38/40], Step: [61/782], Loss: 0.11102336645126343
Rank:0 Epoch: [38/40], Step: [71/782], Loss: 0.05796336755156517
Rank:0 Epoch: [38/40], Step: [81/782], Loss: 0.12576650083065033
Rank:0 Epoch: [38/40], Step: [91/782], Loss: 0.09633360058069229
Rank:0 Epoch: [38/40], Step: [101/782], Loss: 0.14805445075035095
Rank:0 Epoch: [38/40], Step: [111/782], Loss: 0.1320425420999527
Rank:0 Epoch: [38/40], Step: [121/782], Loss: 0.05167397856712341
Rank:0 Epoch: [38/40], Step: [131/782], Loss: 0.17558014392852783
Rank:0 Epoch: [38/40], Step: [141/782], Loss: 0.04159978777170181
Rank:0 Epoch: [38/40], Step: [151/782], Loss: 0.13290317356586456
Rank:0 Epoch: [38/40], Step: [161/782], Loss: 0.050063494592905045
Rank:0 Epoch: [38/40], Step: [171/782], Loss: 0.0908532589673996
Rank:0 Epoch: [38/40], Step: [181/782], Loss: 0.12146040052175522
Rank:0 Epoch: [38/40], Step: [191/782], Loss: 0.037244655191898346
Rank:0 Epoch: [38/40], Step: [201/782], Loss: 0.11541556566953659
Rank:0 Epoch: [38/40], Step: [211/782], Loss: 0.12903419137001038
Rank:0 Epoch: [38/40], Step: [221/782], Loss: 0.09850496798753738
Rank:0 Epoch: [38/40], Step: [231/782], Loss: 0.03978344053030014
Rank:0 Epoch: [38/40], Step: [241/782], Loss: 0.05673348531126976
Rank:0 Epoch: [38/40], Step: [251/782], Loss: 0.045490264892578125
Rank:0 Epoch: [38/40], Step: [261/782], Loss: 0.04506032168865204
Rank:0 Epoch: [38/40], Step: [271/782], Loss: 0.051180873066186905
Rank:0 Epoch: [38/40], Step: [281/782], Loss: 0.11103009432554245
Rank:0 Epoch: [38/40], Step: [291/782], Loss: 0.14190351963043213
Rank:0 Epoch: [38/40], Step: [301/782], Loss: 0.1447686403989792
Rank:0 Epoch: [38/40], Step: [311/782], Loss: 0.19748206436634064
Rank:0 Epoch: [38/40], Step: [321/782], Loss: 0.06464216113090515
Rank:0 Epoch: [38/40], Step: [331/782], Loss: 0.10977184772491455
Rank:0 Epoch: [38/40], Step: [341/782], Loss: 0.06960244476795197
Rank:0 Epoch: [38/40], Step: [351/782], Loss: 0.03288355469703674
Rank:0 Epoch: [38/40], Step: [361/782], Loss: 0.21120280027389526
Rank:0 Epoch: [38/40], Step: [371/782], Loss: 0.06362126022577286
Rank:0 Epoch: [38/40], Step: [381/782], Loss: 0.036287445574998856
Rank:0 Epoch: [38/40], Step: [391/782], Loss: 0.07924635708332062
Rank:0 Epoch: [38/40], Step: [401/782], Loss: 0.051228221505880356
Rank:0 Epoch: [38/40], Step: [411/782], Loss: 0.09076458215713501
Rank:0 Epoch: [38/40], Step: [421/782], Loss: 0.16292224824428558
Rank:0 Epoch: [38/40], Step: [431/782], Loss: 0.08353021740913391
Rank:0 Epoch: [38/40], Step: [441/782], Loss: 0.13237616419792175
Rank:0 Epoch: [38/40], Step: [451/782], Loss: 0.10536901652812958
Rank:0 Epoch: [38/40], Step: [461/782], Loss: 0.028733348473906517
Rank:0 Epoch: [38/40], Step: [471/782], Loss: 0.06977618485689163
Rank:0 Epoch: [38/40], Step: [481/782], Loss: 0.12407495826482773
Rank:0 Epoch: [38/40], Step: [491/782], Loss: 0.05439404770731926
Rank:0 Epoch: [38/40], Step: [501/782], Loss: 0.12269601970911026
Rank:0 Epoch: [38/40], Step: [511/782], Loss: 0.1233026534318924
Rank:0 Epoch: [38/40], Step: [521/782], Loss: 0.03715210780501366
Rank:0 Epoch: [38/40], Step: [531/782], Loss: 0.02887004241347313
Rank:0 Epoch: [38/40], Step: [541/782], Loss: 0.10458551347255707
Rank:0 Epoch: [38/40], Step: [551/782], Loss: 0.11778812110424042
Rank:0 Epoch: [38/40], Step: [561/782], Loss: 0.07791947573423386
Rank:0 Epoch: [38/40], Step: [571/782], Loss: 0.04909214377403259
Rank:0 Epoch: [38/40], Step: [581/782], Loss: 0.1146789938211441
Rank:0 Epoch: [38/40], Step: [591/782], Loss: 0.049472738057374954
Rank:0 Epoch: [38/40], Step: [601/782], Loss: 0.055215246975421906
Rank:0 Epoch: [38/40], Step: [611/782], Loss: 0.06013702228665352
Rank:0 Epoch: [38/40], Step: [621/782], Loss: 0.11409267038106918
Rank:0 Epoch: [38/40], Step: [631/782], Loss: 0.13958770036697388
Rank:0 Epoch: [38/40], Step: [641/782], Loss: 0.14784777164459229
Rank:0 Epoch: [38/40], Step: [651/782], Loss: 0.07701580971479416
Rank:0 Epoch: [38/40], Step: [661/782], Loss: 0.10442476719617844
Rank:0 Epoch: [38/40], Step: [671/782], Loss: 0.05466965585947037
Rank:0 Epoch: [38/40], Step: [681/782], Loss: 0.15496878325939178
Rank:0 Epoch: [38/40], Step: [691/782], Loss: 0.044064220041036606
Rank:0 Epoch: [38/40], Step: [701/782], Loss: 0.06507988274097443
Rank:0 Epoch: [38/40], Step: [711/782], Loss: 0.08509337157011032
Rank:0 Epoch: [38/40], Step: [721/782], Loss: 0.059891097247600555
Rank:0 Epoch: [38/40], Step: [731/782], Loss: 0.05146440491080284
Rank:0 Epoch: [38/40], Step: [741/782], Loss: 0.02213570475578308
Rank:0 Epoch: [38/40], Step: [751/782], Loss: 0.1359855830669403
Rank:0 Epoch: [38/40], Step: [761/782], Loss: 0.1543336659669876
Rank:0 Epoch: [38/40], Step: [771/782], Loss: 0.1930224597454071
Rank:0 Epoch: [38/40], Step: [781/782], Loss: 0.07713218778371811
Current Test Acc: 0.9235
Rank:0 Epoch: [39/40], Step: [1/782], Loss: 0.08592104911804199
Rank:0 Epoch: [39/40], Step: [11/782], Loss: 0.06039932742714882
Rank:0 Epoch: [39/40], Step: [21/782], Loss: 0.19662971794605255
Rank:0 Epoch: [39/40], Step: [31/782], Loss: 0.08486315608024597
Rank:0 Epoch: [39/40], Step: [41/782], Loss: 0.1271870881319046
Rank:0 Epoch: [39/40], Step: [51/782], Loss: 0.10460735857486725
Rank:0 Epoch: [39/40], Step: [61/782], Loss: 0.1519753336906433
Rank:0 Epoch: [39/40], Step: [71/782], Loss: 0.050921887159347534
Rank:0 Epoch: [39/40], Step: [81/782], Loss: 0.14496423304080963
Rank:0 Epoch: [39/40], Step: [91/782], Loss: 0.050086524337530136
Rank:0 Epoch: [39/40], Step: [101/782], Loss: 0.04672839492559433
Rank:0 Epoch: [39/40], Step: [111/782], Loss: 0.07643108069896698
Rank:0 Epoch: [39/40], Step: [121/782], Loss: 0.0945211872458458
Rank:0 Epoch: [39/40], Step: [131/782], Loss: 0.14836914837360382
Rank:0 Epoch: [39/40], Step: [141/782], Loss: 0.1869012862443924
Rank:0 Epoch: [39/40], Step: [151/782], Loss: 0.13980969786643982
Rank:0 Epoch: [39/40], Step: [161/782], Loss: 0.15048012137413025
Rank:0 Epoch: [39/40], Step: [171/782], Loss: 0.1492026150226593
Rank:0 Epoch: [39/40], Step: [181/782], Loss: 0.06099861115217209
Rank:0 Epoch: [39/40], Step: [191/782], Loss: 0.039995260536670685
Rank:0 Epoch: [39/40], Step: [201/782], Loss: 0.10287545621395111
Rank:0 Epoch: [39/40], Step: [211/782], Loss: 0.05726482346653938
Rank:0 Epoch: [39/40], Step: [221/782], Loss: 0.07277300953865051
Rank:0 Epoch: [39/40], Step: [231/782], Loss: 0.06608965992927551
Rank:0 Epoch: [39/40], Step: [241/782], Loss: 0.10051827877759933
Rank:0 Epoch: [39/40], Step: [251/782], Loss: 0.09012043476104736
Rank:0 Epoch: [39/40], Step: [261/782], Loss: 0.11345038563013077
Rank:0 Epoch: [39/40], Step: [271/782], Loss: 0.16410331428050995
Rank:0 Epoch: [39/40], Step: [281/782], Loss: 0.07387576252222061
Rank:0 Epoch: [39/40], Step: [291/782], Loss: 0.14724992215633392
Rank:0 Epoch: [39/40], Step: [301/782], Loss: 0.15912246704101562
Rank:0 Epoch: [39/40], Step: [311/782], Loss: 0.10650941729545593
Rank:0 Epoch: [39/40], Step: [321/782], Loss: 0.205474853515625
Rank:0 Epoch: [39/40], Step: [331/782], Loss: 0.1380167007446289
Rank:0 Epoch: [39/40], Step: [341/782], Loss: 0.04576480761170387
Rank:0 Epoch: [39/40], Step: [351/782], Loss: 0.04912353679537773
Rank:0 Epoch: [39/40], Step: [361/782], Loss: 0.06509900838136673
Rank:0 Epoch: [39/40], Step: [371/782], Loss: 0.06891028583049774
Rank:0 Epoch: [39/40], Step: [381/782], Loss: 0.05506680905818939
Rank:0 Epoch: [39/40], Step: [391/782], Loss: 0.20837126672267914
Rank:0 Epoch: [39/40], Step: [401/782], Loss: 0.12289737910032272
Rank:0 Epoch: [39/40], Step: [411/782], Loss: 0.18893501162528992
Rank:0 Epoch: [39/40], Step: [421/782], Loss: 0.0861177146434784
Rank:0 Epoch: [39/40], Step: [431/782], Loss: 0.04419296607375145
Rank:0 Epoch: [39/40], Step: [441/782], Loss: 0.3077971339225769
Rank:0 Epoch: [39/40], Step: [451/782], Loss: 0.05833328515291214
Rank:0 Epoch: [39/40], Step: [461/782], Loss: 0.0831720307469368
Rank:0 Epoch: [39/40], Step: [471/782], Loss: 0.22496908903121948
Rank:0 Epoch: [39/40], Step: [481/782], Loss: 0.30207839608192444
Rank:0 Epoch: [39/40], Step: [491/782], Loss: 0.09555631130933762
Rank:0 Epoch: [39/40], Step: [501/782], Loss: 0.09006514400243759
Rank:0 Epoch: [39/40], Step: [511/782], Loss: 0.056012190878391266
Rank:0 Epoch: [39/40], Step: [521/782], Loss: 0.20230405032634735
Rank:0 Epoch: [39/40], Step: [531/782], Loss: 0.11886952072381973
Rank:0 Epoch: [39/40], Step: [541/782], Loss: 0.11114732921123505
Rank:0 Epoch: [39/40], Step: [551/782], Loss: 0.07493297755718231
Rank:0 Epoch: [39/40], Step: [561/782], Loss: 0.22384606301784515
Rank:0 Epoch: [39/40], Step: [571/782], Loss: 0.22677381336688995
Rank:0 Epoch: [39/40], Step: [581/782], Loss: 0.09013243019580841
Rank:0 Epoch: [39/40], Step: [591/782], Loss: 0.0911162942647934
Rank:0 Epoch: [39/40], Step: [601/782], Loss: 0.14354106783866882
Rank:0 Epoch: [39/40], Step: [611/782], Loss: 0.07921923696994781
Rank:0 Epoch: [39/40], Step: [621/782], Loss: 0.0379558801651001
Rank:0 Epoch: [39/40], Step: [631/782], Loss: 0.09419385343790054
Rank:0 Epoch: [39/40], Step: [641/782], Loss: 0.03751346096396446
Rank:0 Epoch: [39/40], Step: [651/782], Loss: 0.028435416519641876
Rank:0 Epoch: [39/40], Step: [661/782], Loss: 0.1737498641014099
Rank:0 Epoch: [39/40], Step: [671/782], Loss: 0.16613151133060455
Rank:0 Epoch: [39/40], Step: [681/782], Loss: 0.1282271146774292
Rank:0 Epoch: [39/40], Step: [691/782], Loss: 0.11126376688480377
Rank:0 Epoch: [39/40], Step: [701/782], Loss: 0.11707601696252823
Rank:0 Epoch: [39/40], Step: [711/782], Loss: 0.16149568557739258
Rank:0 Epoch: [39/40], Step: [721/782], Loss: 0.10320691764354706
Rank:0 Epoch: [39/40], Step: [731/782], Loss: 0.035105325281620026
Rank:0 Epoch: [39/40], Step: [741/782], Loss: 0.07795959711074829
Rank:0 Epoch: [39/40], Step: [751/782], Loss: 0.09739792346954346
Rank:0 Epoch: [39/40], Step: [761/782], Loss: 0.04713233932852745
Rank:0 Epoch: [39/40], Step: [771/782], Loss: 0.12740091979503632
Rank:0 Epoch: [39/40], Step: [781/782], Loss: 0.10615385323762894
Current Test Acc: 0.9236
Rank:0 Epoch: [40/40], Step: [1/782], Loss: 0.0833485797047615
Rank:0 Epoch: [40/40], Step: [11/782], Loss: 0.08223555982112885
Rank:0 Epoch: [40/40], Step: [21/782], Loss: 0.06411617994308472
Rank:0 Epoch: [40/40], Step: [31/782], Loss: 0.16825611889362335
Rank:0 Epoch: [40/40], Step: [41/782], Loss: 0.13511233031749725
Rank:0 Epoch: [40/40], Step: [51/782], Loss: 0.0997648686170578
Rank:0 Epoch: [40/40], Step: [61/782], Loss: 0.09034168720245361
Rank:0 Epoch: [40/40], Step: [71/782], Loss: 0.052434276789426804
Rank:0 Epoch: [40/40], Step: [81/782], Loss: 0.1282859444618225
Rank:0 Epoch: [40/40], Step: [91/782], Loss: 0.0905059427022934
Rank:0 Epoch: [40/40], Step: [101/782], Loss: 0.15237194299697876
Rank:0 Epoch: [40/40], Step: [111/782], Loss: 0.1635013222694397
Rank:0 Epoch: [40/40], Step: [121/782], Loss: 0.17066359519958496
Rank:0 Epoch: [40/40], Step: [131/782], Loss: 0.06126359477639198
Rank:0 Epoch: [40/40], Step: [141/782], Loss: 0.1149761900305748
Rank:0 Epoch: [40/40], Step: [151/782], Loss: 0.1128203347325325
Rank:0 Epoch: [40/40], Step: [161/782], Loss: 0.04907143488526344
Rank:0 Epoch: [40/40], Step: [171/782], Loss: 0.17158202826976776
Rank:0 Epoch: [40/40], Step: [181/782], Loss: 0.04405082017183304
Rank:0 Epoch: [40/40], Step: [191/782], Loss: 0.1503320336341858
Rank:0 Epoch: [40/40], Step: [201/782], Loss: 0.0793771967291832
Rank:0 Epoch: [40/40], Step: [211/782], Loss: 0.039105843752622604
Rank:0 Epoch: [40/40], Step: [221/782], Loss: 0.03043411299586296
Rank:0 Epoch: [40/40], Step: [231/782], Loss: 0.12184236943721771
Rank:0 Epoch: [40/40], Step: [241/782], Loss: 0.14338597655296326
Rank:0 Epoch: [40/40], Step: [251/782], Loss: 0.1321677565574646
Rank:0 Epoch: [40/40], Step: [261/782], Loss: 0.17891903221607208
Rank:0 Epoch: [40/40], Step: [271/782], Loss: 0.09292615205049515
Rank:0 Epoch: [40/40], Step: [281/782], Loss: 0.20302221179008484
Rank:0 Epoch: [40/40], Step: [291/782], Loss: 0.07070419192314148
Rank:0 Epoch: [40/40], Step: [301/782], Loss: 0.06243177503347397
Rank:0 Epoch: [40/40], Step: [311/782], Loss: 0.13113926351070404
Rank:0 Epoch: [40/40], Step: [321/782], Loss: 0.15283754467964172
Rank:0 Epoch: [40/40], Step: [331/782], Loss: 0.03552091494202614
Rank:0 Epoch: [40/40], Step: [341/782], Loss: 0.0896759033203125
Rank:0 Epoch: [40/40], Step: [351/782], Loss: 0.13182789087295532
Rank:0 Epoch: [40/40], Step: [361/782], Loss: 0.04618269205093384
Rank:0 Epoch: [40/40], Step: [371/782], Loss: 0.11202132701873779
Rank:0 Epoch: [40/40], Step: [381/782], Loss: 0.04538072273135185
Rank:0 Epoch: [40/40], Step: [391/782], Loss: 0.16328716278076172
Rank:0 Epoch: [40/40], Step: [401/782], Loss: 0.05952000990509987
Rank:0 Epoch: [40/40], Step: [411/782], Loss: 0.11343797296285629
Rank:0 Epoch: [40/40], Step: [421/782], Loss: 0.07794079929590225
Rank:0 Epoch: [40/40], Step: [431/782], Loss: 0.07231298089027405
Rank:0 Epoch: [40/40], Step: [441/782], Loss: 0.1174950897693634
Rank:0 Epoch: [40/40], Step: [451/782], Loss: 0.23351038992404938
Rank:0 Epoch: [40/40], Step: [461/782], Loss: 0.12716883420944214
Rank:0 Epoch: [40/40], Step: [471/782], Loss: 0.0977039635181427
Rank:0 Epoch: [40/40], Step: [481/782], Loss: 0.09402099996805191
Rank:0 Epoch: [40/40], Step: [491/782], Loss: 0.1567016988992691
Rank:0 Epoch: [40/40], Step: [501/782], Loss: 0.14926345646381378
Rank:0 Epoch: [40/40], Step: [511/782], Loss: 0.12189271301031113
Rank:0 Epoch: [40/40], Step: [521/782], Loss: 0.15636102855205536
Rank:0 Epoch: [40/40], Step: [531/782], Loss: 0.054477758705616
Rank:0 Epoch: [40/40], Step: [541/782], Loss: 0.14579296112060547
Rank:0 Epoch: [40/40], Step: [551/782], Loss: 0.07758747041225433
Rank:0 Epoch: [40/40], Step: [561/782], Loss: 0.025283094495534897
Rank:0 Epoch: [40/40], Step: [571/782], Loss: 0.04958664998412132
Rank:0 Epoch: [40/40], Step: [581/782], Loss: 0.27107372879981995
Rank:0 Epoch: [40/40], Step: [591/782], Loss: 0.123769111931324
Rank:0 Epoch: [40/40], Step: [601/782], Loss: 0.18382668495178223
Rank:0 Epoch: [40/40], Step: [611/782], Loss: 0.15218541026115417
Rank:0 Epoch: [40/40], Step: [621/782], Loss: 0.11322610825300217
Rank:0 Epoch: [40/40], Step: [631/782], Loss: 0.11988160759210587
Rank:0 Epoch: [40/40], Step: [641/782], Loss: 0.04260312765836716
Rank:0 Epoch: [40/40], Step: [651/782], Loss: 0.06646618247032166
Rank:0 Epoch: [40/40], Step: [661/782], Loss: 0.10247503221035004
Rank:0 Epoch: [40/40], Step: [671/782], Loss: 0.09622804820537567
Rank:0 Epoch: [40/40], Step: [681/782], Loss: 0.053022053092718124
Rank:0 Epoch: [40/40], Step: [691/782], Loss: 0.10054583102464676
Rank:0 Epoch: [40/40], Step: [701/782], Loss: 0.2854421138763428
Rank:0 Epoch: [40/40], Step: [711/782], Loss: 0.06114458665251732
Rank:0 Epoch: [40/40], Step: [721/782], Loss: 0.04908228665590286
Rank:0 Epoch: [40/40], Step: [731/782], Loss: 0.06605473160743713
Rank:0 Epoch: [40/40], Step: [741/782], Loss: 0.04362691566348076
Rank:0 Epoch: [40/40], Step: [751/782], Loss: 0.08106987178325653
Rank:0 Epoch: [40/40], Step: [761/782], Loss: 0.23558266460895538
Rank:0 Epoch: [40/40], Step: [771/782], Loss: 0.04162488877773285
Rank:0 Epoch: [40/40], Step: [781/782], Loss: 0.08147113770246506
Current Test Acc: 0.9229
Local best accuracy so far 0.9237
Best accuracy so far 0.9237
completed!
