ddp backend: nccl, world size: 1
rank 0 train on cuda 0
Rank:0 Epoch: [1/40], Step: [1/782], Loss: 3.346231460571289
Rank:0 Epoch: [1/40], Step: [11/782], Loss: 2.2181613445281982
Rank:0 Epoch: [1/40], Step: [21/782], Loss: 1.7601935863494873
Rank:0 Epoch: [1/40], Step: [31/782], Loss: 2.040616989135742
Rank:0 Epoch: [1/40], Step: [41/782], Loss: 1.8147327899932861
Rank:0 Epoch: [1/40], Step: [51/782], Loss: 1.865666151046753
Rank:0 Epoch: [1/40], Step: [61/782], Loss: 1.5422375202178955
Rank:0 Epoch: [1/40], Step: [71/782], Loss: 1.7930865287780762
Rank:0 Epoch: [1/40], Step: [81/782], Loss: 1.6866766214370728
Rank:0 Epoch: [1/40], Step: [91/782], Loss: 1.4843833446502686
Rank:0 Epoch: [1/40], Step: [101/782], Loss: 1.5679680109024048
Rank:0 Epoch: [1/40], Step: [111/782], Loss: 1.2991520166397095
Rank:0 Epoch: [1/40], Step: [121/782], Loss: 1.224558711051941
Rank:0 Epoch: [1/40], Step: [131/782], Loss: 1.2714301347732544
Rank:0 Epoch: [1/40], Step: [141/782], Loss: 1.533077359199524
Rank:0 Epoch: [1/40], Step: [151/782], Loss: 1.4558131694793701
Rank:0 Epoch: [1/40], Step: [161/782], Loss: 1.4770798683166504
Rank:0 Epoch: [1/40], Step: [171/782], Loss: 1.1458261013031006
Rank:0 Epoch: [1/40], Step: [181/782], Loss: 1.1495298147201538
Rank:0 Epoch: [1/40], Step: [191/782], Loss: 1.3317118883132935
Rank:0 Epoch: [1/40], Step: [201/782], Loss: 1.1958024501800537
Rank:0 Epoch: [1/40], Step: [211/782], Loss: 1.0411412715911865
Rank:0 Epoch: [1/40], Step: [221/782], Loss: 0.8684356212615967
Rank:0 Epoch: [1/40], Step: [231/782], Loss: 1.1165708303451538
Rank:0 Epoch: [1/40], Step: [241/782], Loss: 0.7610714435577393
Rank:0 Epoch: [1/40], Step: [251/782], Loss: 0.9968820214271545
Rank:0 Epoch: [1/40], Step: [261/782], Loss: 1.163441777229309
Rank:0 Epoch: [1/40], Step: [271/782], Loss: 1.0404092073440552
Rank:0 Epoch: [1/40], Step: [281/782], Loss: 0.6785502433776855
Rank:0 Epoch: [1/40], Step: [291/782], Loss: 0.6871920228004456
Rank:0 Epoch: [1/40], Step: [301/782], Loss: 1.031116008758545
Rank:0 Epoch: [1/40], Step: [311/782], Loss: 0.9229125380516052
Rank:0 Epoch: [1/40], Step: [321/782], Loss: 0.9156793355941772
Rank:0 Epoch: [1/40], Step: [331/782], Loss: 1.0217658281326294
Rank:0 Epoch: [1/40], Step: [341/782], Loss: 0.6826019287109375
Rank:0 Epoch: [1/40], Step: [351/782], Loss: 0.9793097376823425
Rank:0 Epoch: [1/40], Step: [361/782], Loss: 0.791156530380249
Rank:0 Epoch: [1/40], Step: [371/782], Loss: 0.7537990808486938
Rank:0 Epoch: [1/40], Step: [381/782], Loss: 0.7833346128463745
Rank:0 Epoch: [1/40], Step: [391/782], Loss: 0.7857772707939148
Rank:0 Epoch: [1/40], Step: [401/782], Loss: 0.7563108205795288
Rank:0 Epoch: [1/40], Step: [411/782], Loss: 0.8809882402420044
Rank:0 Epoch: [1/40], Step: [421/782], Loss: 0.7837781310081482
Rank:0 Epoch: [1/40], Step: [431/782], Loss: 0.8661296367645264
Rank:0 Epoch: [1/40], Step: [441/782], Loss: 0.6426678895950317
Rank:0 Epoch: [1/40], Step: [451/782], Loss: 0.7458857297897339
Rank:0 Epoch: [1/40], Step: [461/782], Loss: 0.7559934854507446
Rank:0 Epoch: [1/40], Step: [471/782], Loss: 0.6626152992248535
Rank:0 Epoch: [1/40], Step: [481/782], Loss: 0.9456398487091064
Rank:0 Epoch: [1/40], Step: [491/782], Loss: 0.6959636807441711
Rank:0 Epoch: [1/40], Step: [501/782], Loss: 0.9080460667610168
Rank:0 Epoch: [1/40], Step: [511/782], Loss: 0.7472695112228394
Rank:0 Epoch: [1/40], Step: [521/782], Loss: 0.6495258808135986
Rank:0 Epoch: [1/40], Step: [531/782], Loss: 0.8174062967300415
Rank:0 Epoch: [1/40], Step: [541/782], Loss: 0.6941059827804565
Rank:0 Epoch: [1/40], Step: [551/782], Loss: 0.7231569290161133
Rank:0 Epoch: [1/40], Step: [561/782], Loss: 0.6413640975952148
Rank:0 Epoch: [1/40], Step: [571/782], Loss: 0.682598888874054
Rank:0 Epoch: [1/40], Step: [581/782], Loss: 1.0393006801605225
Rank:0 Epoch: [1/40], Step: [591/782], Loss: 0.7279233336448669
Rank:0 Epoch: [1/40], Step: [601/782], Loss: 0.8329519033432007
Rank:0 Epoch: [1/40], Step: [611/782], Loss: 0.7893475294113159
Rank:0 Epoch: [1/40], Step: [621/782], Loss: 0.8228479623794556
Rank:0 Epoch: [1/40], Step: [631/782], Loss: 0.7901052236557007
Rank:0 Epoch: [1/40], Step: [641/782], Loss: 0.8882225155830383
Rank:0 Epoch: [1/40], Step: [651/782], Loss: 0.9172796010971069
Rank:0 Epoch: [1/40], Step: [661/782], Loss: 0.8670837879180908
Rank:0 Epoch: [1/40], Step: [671/782], Loss: 0.8353734016418457
Rank:0 Epoch: [1/40], Step: [681/782], Loss: 0.6371328234672546
Rank:0 Epoch: [1/40], Step: [691/782], Loss: 0.8222371339797974
Rank:0 Epoch: [1/40], Step: [701/782], Loss: 0.9720125794410706
Rank:0 Epoch: [1/40], Step: [711/782], Loss: 0.6083136796951294
Rank:0 Epoch: [1/40], Step: [721/782], Loss: 0.6661111116409302
Rank:0 Epoch: [1/40], Step: [731/782], Loss: 0.5195361375808716
Rank:0 Epoch: [1/40], Step: [741/782], Loss: 0.5443373322486877
Rank:0 Epoch: [1/40], Step: [751/782], Loss: 0.499477744102478
Rank:0 Epoch: [1/40], Step: [761/782], Loss: 0.7915988564491272
Rank:0 Epoch: [1/40], Step: [771/782], Loss: 0.6430753469467163
Rank:0 Epoch: [1/40], Step: [781/782], Loss: 0.693568766117096
Current Test Acc: 0.6319
Rank:0 Epoch: [2/40], Step: [1/782], Loss: 0.9062634706497192
Rank:0 Epoch: [2/40], Step: [11/782], Loss: 0.7424560189247131
Rank:0 Epoch: [2/40], Step: [21/782], Loss: 0.38455313444137573
Rank:0 Epoch: [2/40], Step: [31/782], Loss: 0.8596463799476624
Rank:0 Epoch: [2/40], Step: [41/782], Loss: 0.5063425302505493
Rank:0 Epoch: [2/40], Step: [51/782], Loss: 0.5489792823791504
Rank:0 Epoch: [2/40], Step: [61/782], Loss: 0.47180938720703125
Rank:0 Epoch: [2/40], Step: [71/782], Loss: 0.8087155818939209
Rank:0 Epoch: [2/40], Step: [81/782], Loss: 0.7269588708877563
Rank:0 Epoch: [2/40], Step: [91/782], Loss: 0.965487003326416
Rank:0 Epoch: [2/40], Step: [101/782], Loss: 0.5866403579711914
Rank:0 Epoch: [2/40], Step: [111/782], Loss: 0.7141022682189941
Rank:0 Epoch: [2/40], Step: [121/782], Loss: 0.6347503662109375
Rank:0 Epoch: [2/40], Step: [131/782], Loss: 0.6593216061592102
Rank:0 Epoch: [2/40], Step: [141/782], Loss: 0.7263474464416504
Rank:0 Epoch: [2/40], Step: [151/782], Loss: 0.8882458209991455
Rank:0 Epoch: [2/40], Step: [161/782], Loss: 0.7401434779167175
Rank:0 Epoch: [2/40], Step: [171/782], Loss: 0.6190044283866882
Rank:0 Epoch: [2/40], Step: [181/782], Loss: 0.7650162577629089
Rank:0 Epoch: [2/40], Step: [191/782], Loss: 0.6978137493133545
Rank:0 Epoch: [2/40], Step: [201/782], Loss: 0.5911411046981812
Rank:0 Epoch: [2/40], Step: [211/782], Loss: 0.8172115683555603
Rank:0 Epoch: [2/40], Step: [221/782], Loss: 0.5199896097183228
Rank:0 Epoch: [2/40], Step: [231/782], Loss: 0.7233595848083496
Rank:0 Epoch: [2/40], Step: [241/782], Loss: 0.8118115067481995
Rank:0 Epoch: [2/40], Step: [251/782], Loss: 0.7711515426635742
Rank:0 Epoch: [2/40], Step: [261/782], Loss: 0.5751889944076538
Rank:0 Epoch: [2/40], Step: [271/782], Loss: 0.7017534375190735
Rank:0 Epoch: [2/40], Step: [281/782], Loss: 0.4577200412750244
Rank:0 Epoch: [2/40], Step: [291/782], Loss: 0.6463223099708557
Rank:0 Epoch: [2/40], Step: [301/782], Loss: 0.6706436276435852
Rank:0 Epoch: [2/40], Step: [311/782], Loss: 0.5833798050880432
Rank:0 Epoch: [2/40], Step: [321/782], Loss: 0.7635705471038818
Rank:0 Epoch: [2/40], Step: [331/782], Loss: 0.758043646812439
Rank:0 Epoch: [2/40], Step: [341/782], Loss: 0.5696331262588501
Rank:0 Epoch: [2/40], Step: [351/782], Loss: 0.4981815814971924
Rank:0 Epoch: [2/40], Step: [361/782], Loss: 0.8052401542663574
Rank:0 Epoch: [2/40], Step: [371/782], Loss: 0.4679911434650421
Rank:0 Epoch: [2/40], Step: [381/782], Loss: 0.6763983368873596
Rank:0 Epoch: [2/40], Step: [391/782], Loss: 0.6502478122711182
Rank:0 Epoch: [2/40], Step: [401/782], Loss: 0.9576484560966492
Rank:0 Epoch: [2/40], Step: [411/782], Loss: 0.4813249111175537
Rank:0 Epoch: [2/40], Step: [421/782], Loss: 0.6527523994445801
Rank:0 Epoch: [2/40], Step: [431/782], Loss: 0.7224143743515015
Rank:0 Epoch: [2/40], Step: [441/782], Loss: 0.6530222296714783
Rank:0 Epoch: [2/40], Step: [451/782], Loss: 0.5820934772491455
Rank:0 Epoch: [2/40], Step: [461/782], Loss: 0.6154674887657166
Rank:0 Epoch: [2/40], Step: [471/782], Loss: 0.8103470802307129
Rank:0 Epoch: [2/40], Step: [481/782], Loss: 0.6989670991897583
Rank:0 Epoch: [2/40], Step: [491/782], Loss: 0.6102410554885864
Rank:0 Epoch: [2/40], Step: [501/782], Loss: 0.7834486961364746
Rank:0 Epoch: [2/40], Step: [511/782], Loss: 0.826978862285614
Rank:0 Epoch: [2/40], Step: [521/782], Loss: 0.48763781785964966
Rank:0 Epoch: [2/40], Step: [531/782], Loss: 0.6433119177818298
Rank:0 Epoch: [2/40], Step: [541/782], Loss: 0.7402805089950562
Rank:0 Epoch: [2/40], Step: [551/782], Loss: 0.5804283022880554
Rank:0 Epoch: [2/40], Step: [561/782], Loss: 0.41466283798217773
Rank:0 Epoch: [2/40], Step: [571/782], Loss: 0.6631405353546143
Rank:0 Epoch: [2/40], Step: [581/782], Loss: 0.513481855392456
Rank:0 Epoch: [2/40], Step: [591/782], Loss: 0.5604164004325867
Rank:0 Epoch: [2/40], Step: [601/782], Loss: 0.48219215869903564
Rank:0 Epoch: [2/40], Step: [611/782], Loss: 0.4083941876888275
Rank:0 Epoch: [2/40], Step: [621/782], Loss: 0.6169490814208984
Rank:0 Epoch: [2/40], Step: [631/782], Loss: 0.500974714756012
Rank:0 Epoch: [2/40], Step: [641/782], Loss: 0.5989780426025391
Rank:0 Epoch: [2/40], Step: [651/782], Loss: 0.5555192828178406
Rank:0 Epoch: [2/40], Step: [661/782], Loss: 0.6628084182739258
Rank:0 Epoch: [2/40], Step: [671/782], Loss: 0.7898998260498047
Rank:0 Epoch: [2/40], Step: [681/782], Loss: 0.6329822540283203
Rank:0 Epoch: [2/40], Step: [691/782], Loss: 0.44822749495506287
Rank:0 Epoch: [2/40], Step: [701/782], Loss: 0.602898895740509
Rank:0 Epoch: [2/40], Step: [711/782], Loss: 0.6349660158157349
Rank:0 Epoch: [2/40], Step: [721/782], Loss: 0.5873836874961853
Rank:0 Epoch: [2/40], Step: [731/782], Loss: 0.3385114371776581
Rank:0 Epoch: [2/40], Step: [741/782], Loss: 0.7446591854095459
Rank:0 Epoch: [2/40], Step: [751/782], Loss: 0.6440881490707397
Rank:0 Epoch: [2/40], Step: [761/782], Loss: 0.8631099462509155
Rank:0 Epoch: [2/40], Step: [771/782], Loss: 0.481547474861145
Rank:0 Epoch: [2/40], Step: [781/782], Loss: 0.5910966396331787
Current Test Acc: 0.7234
Rank:0 Epoch: [3/40], Step: [1/782], Loss: 0.6982134580612183
Rank:0 Epoch: [3/40], Step: [11/782], Loss: 0.674573540687561
Rank:0 Epoch: [3/40], Step: [21/782], Loss: 0.5657591223716736
Rank:0 Epoch: [3/40], Step: [31/782], Loss: 0.5193885564804077
Rank:0 Epoch: [3/40], Step: [41/782], Loss: 0.5246042013168335
Rank:0 Epoch: [3/40], Step: [51/782], Loss: 0.4382164180278778
Rank:0 Epoch: [3/40], Step: [61/782], Loss: 0.6031937599182129
Rank:0 Epoch: [3/40], Step: [71/782], Loss: 0.6648030877113342
Rank:0 Epoch: [3/40], Step: [81/782], Loss: 0.3941483795642853
Rank:0 Epoch: [3/40], Step: [91/782], Loss: 0.6226375102996826
Rank:0 Epoch: [3/40], Step: [101/782], Loss: 0.725423276424408
Rank:0 Epoch: [3/40], Step: [111/782], Loss: 0.6070199012756348
Rank:0 Epoch: [3/40], Step: [121/782], Loss: 0.6011050343513489
Rank:0 Epoch: [3/40], Step: [131/782], Loss: 0.41560298204421997
Rank:0 Epoch: [3/40], Step: [141/782], Loss: 0.542697548866272
Rank:0 Epoch: [3/40], Step: [151/782], Loss: 0.514836311340332
Rank:0 Epoch: [3/40], Step: [161/782], Loss: 0.6654818058013916
Rank:0 Epoch: [3/40], Step: [171/782], Loss: 0.5728318691253662
Rank:0 Epoch: [3/40], Step: [181/782], Loss: 0.5808513760566711
Rank:0 Epoch: [3/40], Step: [191/782], Loss: 0.35782480239868164
Rank:0 Epoch: [3/40], Step: [201/782], Loss: 0.5177837610244751
Rank:0 Epoch: [3/40], Step: [211/782], Loss: 0.4944418668746948
Rank:0 Epoch: [3/40], Step: [221/782], Loss: 0.37147220969200134
Rank:0 Epoch: [3/40], Step: [231/782], Loss: 0.6691926121711731
Rank:0 Epoch: [3/40], Step: [241/782], Loss: 0.6077561378479004
Rank:0 Epoch: [3/40], Step: [251/782], Loss: 0.44564375281333923
Rank:0 Epoch: [3/40], Step: [261/782], Loss: 0.473019540309906
Rank:0 Epoch: [3/40], Step: [271/782], Loss: 0.6781281232833862
Rank:0 Epoch: [3/40], Step: [281/782], Loss: 0.5759341716766357
Rank:0 Epoch: [3/40], Step: [291/782], Loss: 0.42166265845298767
Rank:0 Epoch: [3/40], Step: [301/782], Loss: 0.6506555080413818
Rank:0 Epoch: [3/40], Step: [311/782], Loss: 0.6639316082000732
Rank:0 Epoch: [3/40], Step: [321/782], Loss: 0.4805649220943451
Rank:0 Epoch: [3/40], Step: [331/782], Loss: 0.6406429409980774
Rank:0 Epoch: [3/40], Step: [341/782], Loss: 0.7657199501991272
Rank:0 Epoch: [3/40], Step: [351/782], Loss: 0.5095706582069397
Rank:0 Epoch: [3/40], Step: [361/782], Loss: 0.6215248703956604
Rank:0 Epoch: [3/40], Step: [371/782], Loss: 0.603627622127533
Rank:0 Epoch: [3/40], Step: [381/782], Loss: 0.5438305139541626
Rank:0 Epoch: [3/40], Step: [391/782], Loss: 0.4927825927734375
Rank:0 Epoch: [3/40], Step: [401/782], Loss: 0.7434222102165222
Rank:0 Epoch: [3/40], Step: [411/782], Loss: 0.611506462097168
Rank:0 Epoch: [3/40], Step: [421/782], Loss: 0.5272358059883118
Rank:0 Epoch: [3/40], Step: [431/782], Loss: 0.6560648679733276
Rank:0 Epoch: [3/40], Step: [441/782], Loss: 0.7102300524711609
Rank:0 Epoch: [3/40], Step: [451/782], Loss: 0.4812171757221222
Rank:0 Epoch: [3/40], Step: [461/782], Loss: 0.599092960357666
Rank:0 Epoch: [3/40], Step: [471/782], Loss: 0.5662457346916199
Rank:0 Epoch: [3/40], Step: [481/782], Loss: 0.9123961329460144
Rank:0 Epoch: [3/40], Step: [491/782], Loss: 0.734495222568512
Rank:0 Epoch: [3/40], Step: [501/782], Loss: 0.6559963822364807
Rank:0 Epoch: [3/40], Step: [511/782], Loss: 0.4562789499759674
Rank:0 Epoch: [3/40], Step: [521/782], Loss: 0.5553877949714661
Rank:0 Epoch: [3/40], Step: [531/782], Loss: 0.5526615977287292
Rank:0 Epoch: [3/40], Step: [541/782], Loss: 0.49996164441108704
Rank:0 Epoch: [3/40], Step: [551/782], Loss: 0.3565148115158081
Rank:0 Epoch: [3/40], Step: [561/782], Loss: 0.5737079381942749
Rank:0 Epoch: [3/40], Step: [571/782], Loss: 0.8240402340888977
Rank:0 Epoch: [3/40], Step: [581/782], Loss: 0.5734619498252869
Rank:0 Epoch: [3/40], Step: [591/782], Loss: 0.3609767556190491
Rank:0 Epoch: [3/40], Step: [601/782], Loss: 0.4956820011138916
Rank:0 Epoch: [3/40], Step: [611/782], Loss: 0.5386952757835388
Rank:0 Epoch: [3/40], Step: [621/782], Loss: 0.4175523519515991
Rank:0 Epoch: [3/40], Step: [631/782], Loss: 0.741905927658081
Rank:0 Epoch: [3/40], Step: [641/782], Loss: 0.3275127410888672
Rank:0 Epoch: [3/40], Step: [651/782], Loss: 0.4916363060474396
Rank:0 Epoch: [3/40], Step: [661/782], Loss: 0.39285099506378174
Rank:0 Epoch: [3/40], Step: [671/782], Loss: 0.5798079967498779
Rank:0 Epoch: [3/40], Step: [681/782], Loss: 0.5151032209396362
Rank:0 Epoch: [3/40], Step: [691/782], Loss: 0.8449565172195435
Rank:0 Epoch: [3/40], Step: [701/782], Loss: 0.9071717262268066
Rank:0 Epoch: [3/40], Step: [711/782], Loss: 0.5890563130378723
Rank:0 Epoch: [3/40], Step: [721/782], Loss: 0.5284196734428406
Rank:0 Epoch: [3/40], Step: [731/782], Loss: 0.7757061719894409
Rank:0 Epoch: [3/40], Step: [741/782], Loss: 0.608755886554718
Rank:0 Epoch: [3/40], Step: [751/782], Loss: 0.5604223012924194
Rank:0 Epoch: [3/40], Step: [761/782], Loss: 0.5795004367828369
Rank:0 Epoch: [3/40], Step: [771/782], Loss: 0.6228833794593811
Rank:0 Epoch: [3/40], Step: [781/782], Loss: 0.4452938735485077
Current Test Acc: 0.7899
Rank:0 Epoch: [4/40], Step: [1/782], Loss: 0.7457126379013062
Rank:0 Epoch: [4/40], Step: [11/782], Loss: 0.4421868324279785
Rank:0 Epoch: [4/40], Step: [21/782], Loss: 0.4602614641189575
Rank:0 Epoch: [4/40], Step: [31/782], Loss: 0.4599837362766266
Rank:0 Epoch: [4/40], Step: [41/782], Loss: 0.4509967863559723
Rank:0 Epoch: [4/40], Step: [51/782], Loss: 0.4885781407356262
Rank:0 Epoch: [4/40], Step: [61/782], Loss: 0.42660096287727356
Rank:0 Epoch: [4/40], Step: [71/782], Loss: 0.5333845615386963
Rank:0 Epoch: [4/40], Step: [81/782], Loss: 0.4017931818962097
Rank:0 Epoch: [4/40], Step: [91/782], Loss: 0.6241665482521057
Rank:0 Epoch: [4/40], Step: [101/782], Loss: 0.43686985969543457
Rank:0 Epoch: [4/40], Step: [111/782], Loss: 0.6337077021598816
Rank:0 Epoch: [4/40], Step: [121/782], Loss: 0.3610518276691437
Rank:0 Epoch: [4/40], Step: [131/782], Loss: 0.472289502620697
Rank:0 Epoch: [4/40], Step: [141/782], Loss: 0.410795122385025
Rank:0 Epoch: [4/40], Step: [151/782], Loss: 0.5707142949104309
Rank:0 Epoch: [4/40], Step: [161/782], Loss: 0.6521672606468201
Rank:0 Epoch: [4/40], Step: [171/782], Loss: 0.7030658721923828
Rank:0 Epoch: [4/40], Step: [181/782], Loss: 0.6691757440567017
Rank:0 Epoch: [4/40], Step: [191/782], Loss: 0.58929044008255
Rank:0 Epoch: [4/40], Step: [201/782], Loss: 0.6327322721481323
Rank:0 Epoch: [4/40], Step: [211/782], Loss: 0.6252458691596985
Rank:0 Epoch: [4/40], Step: [221/782], Loss: 0.6256538033485413
Rank:0 Epoch: [4/40], Step: [231/782], Loss: 0.6086306571960449
Rank:0 Epoch: [4/40], Step: [241/782], Loss: 0.3320918083190918
Rank:0 Epoch: [4/40], Step: [251/782], Loss: 0.47107651829719543
Rank:0 Epoch: [4/40], Step: [261/782], Loss: 0.4839417338371277
Rank:0 Epoch: [4/40], Step: [271/782], Loss: 0.5152105689048767
Rank:0 Epoch: [4/40], Step: [281/782], Loss: 0.44445863366127014
Rank:0 Epoch: [4/40], Step: [291/782], Loss: 0.5944252014160156
Rank:0 Epoch: [4/40], Step: [301/782], Loss: 0.6314056515693665
Rank:0 Epoch: [4/40], Step: [311/782], Loss: 0.4868055284023285
Rank:0 Epoch: [4/40], Step: [321/782], Loss: 0.593619704246521
Rank:0 Epoch: [4/40], Step: [331/782], Loss: 0.3970319926738739
Rank:0 Epoch: [4/40], Step: [341/782], Loss: 0.3534430265426636
Rank:0 Epoch: [4/40], Step: [351/782], Loss: 0.3914624750614166
Rank:0 Epoch: [4/40], Step: [361/782], Loss: 0.6058928370475769
Rank:0 Epoch: [4/40], Step: [371/782], Loss: 0.5993757843971252
Rank:0 Epoch: [4/40], Step: [381/782], Loss: 0.6742732524871826
Rank:0 Epoch: [4/40], Step: [391/782], Loss: 0.5879384279251099
Rank:0 Epoch: [4/40], Step: [401/782], Loss: 0.5500457882881165
Rank:0 Epoch: [4/40], Step: [411/782], Loss: 0.5913698077201843
Rank:0 Epoch: [4/40], Step: [421/782], Loss: 0.46643754839897156
Rank:0 Epoch: [4/40], Step: [431/782], Loss: 0.675625205039978
Rank:0 Epoch: [4/40], Step: [441/782], Loss: 0.7109046578407288
Rank:0 Epoch: [4/40], Step: [451/782], Loss: 0.594137966632843
Rank:0 Epoch: [4/40], Step: [461/782], Loss: 0.6515404582023621
Rank:0 Epoch: [4/40], Step: [471/782], Loss: 0.6190956830978394
Rank:0 Epoch: [4/40], Step: [481/782], Loss: 0.8470103740692139
Rank:0 Epoch: [4/40], Step: [491/782], Loss: 0.4500366151332855
Rank:0 Epoch: [4/40], Step: [501/782], Loss: 0.5014086365699768
Rank:0 Epoch: [4/40], Step: [511/782], Loss: 0.40394726395606995
Rank:0 Epoch: [4/40], Step: [521/782], Loss: 0.6244993805885315
Rank:0 Epoch: [4/40], Step: [531/782], Loss: 0.6565884351730347
Rank:0 Epoch: [4/40], Step: [541/782], Loss: 0.5883873105049133
Rank:0 Epoch: [4/40], Step: [551/782], Loss: 0.6141678690910339
Rank:0 Epoch: [4/40], Step: [561/782], Loss: 0.6831539273262024
Rank:0 Epoch: [4/40], Step: [571/782], Loss: 0.44178706407546997
Rank:0 Epoch: [4/40], Step: [581/782], Loss: 0.37419962882995605
Rank:0 Epoch: [4/40], Step: [591/782], Loss: 0.339190274477005
Rank:0 Epoch: [4/40], Step: [601/782], Loss: 0.49937909841537476
Rank:0 Epoch: [4/40], Step: [611/782], Loss: 0.44031059741973877
Rank:0 Epoch: [4/40], Step: [621/782], Loss: 0.4076729118824005
Rank:0 Epoch: [4/40], Step: [631/782], Loss: 0.6770965456962585
Rank:0 Epoch: [4/40], Step: [641/782], Loss: 0.44806748628616333
Rank:0 Epoch: [4/40], Step: [651/782], Loss: 0.4471292793750763
Rank:0 Epoch: [4/40], Step: [661/782], Loss: 0.45874008536338806
Rank:0 Epoch: [4/40], Step: [671/782], Loss: 0.3479183614253998
Rank:0 Epoch: [4/40], Step: [681/782], Loss: 0.5175758600234985
Rank:0 Epoch: [4/40], Step: [691/782], Loss: 0.6912952661514282
Rank:0 Epoch: [4/40], Step: [701/782], Loss: 0.5929602384567261
Rank:0 Epoch: [4/40], Step: [711/782], Loss: 0.3647077977657318
Rank:0 Epoch: [4/40], Step: [721/782], Loss: 0.417958527803421
Rank:0 Epoch: [4/40], Step: [731/782], Loss: 0.5344681143760681
Rank:0 Epoch: [4/40], Step: [741/782], Loss: 0.5736000537872314
Rank:0 Epoch: [4/40], Step: [751/782], Loss: 0.5493192672729492
Rank:0 Epoch: [4/40], Step: [761/782], Loss: 0.41813063621520996
Rank:0 Epoch: [4/40], Step: [771/782], Loss: 0.6153749227523804
Rank:0 Epoch: [4/40], Step: [781/782], Loss: 0.5165345668792725
Current Test Acc: 0.7816
Rank:0 Epoch: [5/40], Step: [1/782], Loss: 0.5607141852378845
Rank:0 Epoch: [5/40], Step: [11/782], Loss: 0.5907778143882751
Rank:0 Epoch: [5/40], Step: [21/782], Loss: 0.516365647315979
Rank:0 Epoch: [5/40], Step: [31/782], Loss: 0.5872129797935486
Rank:0 Epoch: [5/40], Step: [41/782], Loss: 0.42443808913230896
Rank:0 Epoch: [5/40], Step: [51/782], Loss: 0.5936736464500427
Rank:0 Epoch: [5/40], Step: [61/782], Loss: 0.3927948772907257
Rank:0 Epoch: [5/40], Step: [71/782], Loss: 0.4945324957370758
Rank:0 Epoch: [5/40], Step: [81/782], Loss: 0.48589280247688293
Rank:0 Epoch: [5/40], Step: [91/782], Loss: 0.4676414132118225
Rank:0 Epoch: [5/40], Step: [101/782], Loss: 0.7102848291397095
Rank:0 Epoch: [5/40], Step: [111/782], Loss: 0.6180391907691956
Rank:0 Epoch: [5/40], Step: [121/782], Loss: 0.33230525255203247
Rank:0 Epoch: [5/40], Step: [131/782], Loss: 0.4769696593284607
Rank:0 Epoch: [5/40], Step: [141/782], Loss: 0.5300654768943787
Rank:0 Epoch: [5/40], Step: [151/782], Loss: 0.5583598613739014
Rank:0 Epoch: [5/40], Step: [161/782], Loss: 0.4161233901977539
Rank:0 Epoch: [5/40], Step: [171/782], Loss: 0.4218357801437378
Rank:0 Epoch: [5/40], Step: [181/782], Loss: 0.42270776629447937
Rank:0 Epoch: [5/40], Step: [191/782], Loss: 0.471120148897171
Rank:0 Epoch: [5/40], Step: [201/782], Loss: 0.5581576824188232
Rank:0 Epoch: [5/40], Step: [211/782], Loss: 0.4483654201030731
Rank:0 Epoch: [5/40], Step: [221/782], Loss: 0.6617947816848755
Rank:0 Epoch: [5/40], Step: [231/782], Loss: 0.6430052518844604
Rank:0 Epoch: [5/40], Step: [241/782], Loss: 0.5026752948760986
Rank:0 Epoch: [5/40], Step: [251/782], Loss: 0.5161897540092468
Rank:0 Epoch: [5/40], Step: [261/782], Loss: 0.6752884984016418
Rank:0 Epoch: [5/40], Step: [271/782], Loss: 0.36135926842689514
Rank:0 Epoch: [5/40], Step: [281/782], Loss: 0.4404512643814087
Rank:0 Epoch: [5/40], Step: [291/782], Loss: 0.4259240925312042
Rank:0 Epoch: [5/40], Step: [301/782], Loss: 0.6763364672660828
Rank:0 Epoch: [5/40], Step: [311/782], Loss: 0.5104436874389648
Rank:0 Epoch: [5/40], Step: [321/782], Loss: 0.4720843434333801
Rank:0 Epoch: [5/40], Step: [331/782], Loss: 0.3898083567619324
Rank:0 Epoch: [5/40], Step: [341/782], Loss: 0.6627540588378906
Rank:0 Epoch: [5/40], Step: [351/782], Loss: 0.44807741045951843
Rank:0 Epoch: [5/40], Step: [361/782], Loss: 0.5600318908691406
Rank:0 Epoch: [5/40], Step: [371/782], Loss: 0.6649378538131714
Rank:0 Epoch: [5/40], Step: [381/782], Loss: 0.3873801827430725
Rank:0 Epoch: [5/40], Step: [391/782], Loss: 0.5161735415458679
Rank:0 Epoch: [5/40], Step: [401/782], Loss: 0.6359868049621582
Rank:0 Epoch: [5/40], Step: [411/782], Loss: 0.5734427571296692
Rank:0 Epoch: [5/40], Step: [421/782], Loss: 0.5545543432235718
Rank:0 Epoch: [5/40], Step: [431/782], Loss: 0.4627004563808441
Rank:0 Epoch: [5/40], Step: [441/782], Loss: 0.4755536913871765
Rank:0 Epoch: [5/40], Step: [451/782], Loss: 0.7359521985054016
Rank:0 Epoch: [5/40], Step: [461/782], Loss: 0.6045786738395691
Rank:0 Epoch: [5/40], Step: [471/782], Loss: 0.5720617175102234
Rank:0 Epoch: [5/40], Step: [481/782], Loss: 0.5840458273887634
Rank:0 Epoch: [5/40], Step: [491/782], Loss: 0.4540145695209503
Rank:0 Epoch: [5/40], Step: [501/782], Loss: 0.5502419471740723
Rank:0 Epoch: [5/40], Step: [511/782], Loss: 0.6781023144721985
Rank:0 Epoch: [5/40], Step: [521/782], Loss: 0.6127101182937622
Rank:0 Epoch: [5/40], Step: [531/782], Loss: 0.41766634583473206
Rank:0 Epoch: [5/40], Step: [541/782], Loss: 0.6056065559387207
Rank:0 Epoch: [5/40], Step: [551/782], Loss: 0.5096026659011841
Rank:0 Epoch: [5/40], Step: [561/782], Loss: 0.5321371555328369
Rank:0 Epoch: [5/40], Step: [571/782], Loss: 0.46903514862060547
Rank:0 Epoch: [5/40], Step: [581/782], Loss: 0.43792855739593506
Rank:0 Epoch: [5/40], Step: [591/782], Loss: 0.5897908210754395
Rank:0 Epoch: [5/40], Step: [601/782], Loss: 0.5055779218673706
Rank:0 Epoch: [5/40], Step: [611/782], Loss: 0.3975442051887512
Rank:0 Epoch: [5/40], Step: [621/782], Loss: 0.53482586145401
Rank:0 Epoch: [5/40], Step: [631/782], Loss: 0.5471281409263611
Rank:0 Epoch: [5/40], Step: [641/782], Loss: 0.5638006925582886
Rank:0 Epoch: [5/40], Step: [651/782], Loss: 0.5117945671081543
Rank:0 Epoch: [5/40], Step: [661/782], Loss: 0.5439513921737671
Rank:0 Epoch: [5/40], Step: [671/782], Loss: 0.6697551012039185
Rank:0 Epoch: [5/40], Step: [681/782], Loss: 0.4183751046657562
Rank:0 Epoch: [5/40], Step: [691/782], Loss: 0.41645345091819763
Rank:0 Epoch: [5/40], Step: [701/782], Loss: 0.4843488037586212
Rank:0 Epoch: [5/40], Step: [711/782], Loss: 0.466471403837204
Rank:0 Epoch: [5/40], Step: [721/782], Loss: 0.43189698457717896
Rank:0 Epoch: [5/40], Step: [731/782], Loss: 0.5271028876304626
Rank:0 Epoch: [5/40], Step: [741/782], Loss: 0.5991611480712891
Rank:0 Epoch: [5/40], Step: [751/782], Loss: 0.37838664650917053
Rank:0 Epoch: [5/40], Step: [761/782], Loss: 0.3344362676143646
Rank:0 Epoch: [5/40], Step: [771/782], Loss: 0.4118812084197998
Rank:0 Epoch: [5/40], Step: [781/782], Loss: 0.5961406826972961
Current Test Acc: 0.8096
Rank:0 Epoch: [6/40], Step: [1/782], Loss: 0.36797815561294556
Rank:0 Epoch: [6/40], Step: [11/782], Loss: 0.38363662362098694
Rank:0 Epoch: [6/40], Step: [21/782], Loss: 0.3646397292613983
Rank:0 Epoch: [6/40], Step: [31/782], Loss: 0.43616819381713867
Rank:0 Epoch: [6/40], Step: [41/782], Loss: 0.41338253021240234
Rank:0 Epoch: [6/40], Step: [51/782], Loss: 0.2911235988140106
Rank:0 Epoch: [6/40], Step: [61/782], Loss: 0.35256868600845337
Rank:0 Epoch: [6/40], Step: [71/782], Loss: 0.42210063338279724
Rank:0 Epoch: [6/40], Step: [81/782], Loss: 0.6063795685768127
Rank:0 Epoch: [6/40], Step: [91/782], Loss: 0.45120933651924133
Rank:0 Epoch: [6/40], Step: [101/782], Loss: 0.3169032037258148
Rank:0 Epoch: [6/40], Step: [111/782], Loss: 0.33100366592407227
Rank:0 Epoch: [6/40], Step: [121/782], Loss: 0.3653804063796997
Rank:0 Epoch: [6/40], Step: [131/782], Loss: 0.7068837285041809
Rank:0 Epoch: [6/40], Step: [141/782], Loss: 0.4681042432785034
Rank:0 Epoch: [6/40], Step: [151/782], Loss: 0.4814237952232361
Rank:0 Epoch: [6/40], Step: [161/782], Loss: 0.3962268531322479
Rank:0 Epoch: [6/40], Step: [171/782], Loss: 0.5211559534072876
Rank:0 Epoch: [6/40], Step: [181/782], Loss: 0.5567916035652161
Rank:0 Epoch: [6/40], Step: [191/782], Loss: 0.6649194359779358
Rank:0 Epoch: [6/40], Step: [201/782], Loss: 0.5986034274101257
Rank:0 Epoch: [6/40], Step: [211/782], Loss: 0.46834948658943176
Rank:0 Epoch: [6/40], Step: [221/782], Loss: 0.2913475036621094
Rank:0 Epoch: [6/40], Step: [231/782], Loss: 0.528913676738739
Rank:0 Epoch: [6/40], Step: [241/782], Loss: 0.471505731344223
Rank:0 Epoch: [6/40], Step: [251/782], Loss: 0.599320650100708
Rank:0 Epoch: [6/40], Step: [261/782], Loss: 0.5437926054000854
Rank:0 Epoch: [6/40], Step: [271/782], Loss: 0.41839081048965454
Rank:0 Epoch: [6/40], Step: [281/782], Loss: 0.46605026721954346
Rank:0 Epoch: [6/40], Step: [291/782], Loss: 0.4144935607910156
Rank:0 Epoch: [6/40], Step: [301/782], Loss: 0.3709726631641388
Rank:0 Epoch: [6/40], Step: [311/782], Loss: 0.3949788212776184
Rank:0 Epoch: [6/40], Step: [321/782], Loss: 0.38503679633140564
Rank:0 Epoch: [6/40], Step: [331/782], Loss: 0.34387481212615967
Rank:0 Epoch: [6/40], Step: [341/782], Loss: 0.32337987422943115
Rank:0 Epoch: [6/40], Step: [351/782], Loss: 0.4066164195537567
Rank:0 Epoch: [6/40], Step: [361/782], Loss: 0.49548211693763733
Rank:0 Epoch: [6/40], Step: [371/782], Loss: 0.45221543312072754
Rank:0 Epoch: [6/40], Step: [381/782], Loss: 0.2701304852962494
Rank:0 Epoch: [6/40], Step: [391/782], Loss: 0.573344886302948
Rank:0 Epoch: [6/40], Step: [401/782], Loss: 0.5542464256286621
Rank:0 Epoch: [6/40], Step: [411/782], Loss: 0.4112003445625305
Rank:0 Epoch: [6/40], Step: [421/782], Loss: 0.4554380774497986
Rank:0 Epoch: [6/40], Step: [431/782], Loss: 0.31604185700416565
Rank:0 Epoch: [6/40], Step: [441/782], Loss: 0.5025244951248169
Rank:0 Epoch: [6/40], Step: [451/782], Loss: 0.5842021703720093
Rank:0 Epoch: [6/40], Step: [461/782], Loss: 0.6016258001327515
Rank:0 Epoch: [6/40], Step: [471/782], Loss: 0.43441909551620483
Rank:0 Epoch: [6/40], Step: [481/782], Loss: 0.6030756831169128
Rank:0 Epoch: [6/40], Step: [491/782], Loss: 0.5214711427688599
Rank:0 Epoch: [6/40], Step: [501/782], Loss: 0.5419491529464722
Rank:0 Epoch: [6/40], Step: [511/782], Loss: 0.4809885025024414
Rank:0 Epoch: [6/40], Step: [521/782], Loss: 0.23759718239307404
Rank:0 Epoch: [6/40], Step: [531/782], Loss: 0.6576212644577026
Rank:0 Epoch: [6/40], Step: [541/782], Loss: 0.6288809180259705
Rank:0 Epoch: [6/40], Step: [551/782], Loss: 0.5178589224815369
Rank:0 Epoch: [6/40], Step: [561/782], Loss: 0.4490957260131836
Rank:0 Epoch: [6/40], Step: [571/782], Loss: 0.4943130314350128
Rank:0 Epoch: [6/40], Step: [581/782], Loss: 0.5535443425178528
Rank:0 Epoch: [6/40], Step: [591/782], Loss: 0.3903554677963257
Rank:0 Epoch: [6/40], Step: [601/782], Loss: 0.32878178358078003
Rank:0 Epoch: [6/40], Step: [611/782], Loss: 0.5147440433502197
Rank:0 Epoch: [6/40], Step: [621/782], Loss: 0.3658679127693176
Rank:0 Epoch: [6/40], Step: [631/782], Loss: 0.4682043194770813
Rank:0 Epoch: [6/40], Step: [641/782], Loss: 0.3794182538986206
Rank:0 Epoch: [6/40], Step: [651/782], Loss: 0.38067173957824707
Rank:0 Epoch: [6/40], Step: [661/782], Loss: 0.42176854610443115
Rank:0 Epoch: [6/40], Step: [671/782], Loss: 0.5136706829071045
Rank:0 Epoch: [6/40], Step: [681/782], Loss: 0.4242989718914032
Rank:0 Epoch: [6/40], Step: [691/782], Loss: 0.41832268238067627
Rank:0 Epoch: [6/40], Step: [701/782], Loss: 0.567454993724823
Rank:0 Epoch: [6/40], Step: [711/782], Loss: 0.4302545487880707
Rank:0 Epoch: [6/40], Step: [721/782], Loss: 0.34274822473526
Rank:0 Epoch: [6/40], Step: [731/782], Loss: 0.6793111562728882
Rank:0 Epoch: [6/40], Step: [741/782], Loss: 0.5971023440361023
Rank:0 Epoch: [6/40], Step: [751/782], Loss: 0.24945533275604248
Rank:0 Epoch: [6/40], Step: [761/782], Loss: 0.37563377618789673
Rank:0 Epoch: [6/40], Step: [771/782], Loss: 0.5628581047058105
Rank:0 Epoch: [6/40], Step: [781/782], Loss: 0.43095776438713074
Current Test Acc: 0.8034
Rank:0 Epoch: [7/40], Step: [1/782], Loss: 0.29963958263397217
Rank:0 Epoch: [7/40], Step: [11/782], Loss: 0.42087993025779724
Rank:0 Epoch: [7/40], Step: [21/782], Loss: 0.4756135046482086
Rank:0 Epoch: [7/40], Step: [31/782], Loss: 0.3458091914653778
Rank:0 Epoch: [7/40], Step: [41/782], Loss: 0.53493732213974
Rank:0 Epoch: [7/40], Step: [51/782], Loss: 0.5289590954780579
Rank:0 Epoch: [7/40], Step: [61/782], Loss: 0.4705817401409149
Rank:0 Epoch: [7/40], Step: [71/782], Loss: 0.43478983640670776
Rank:0 Epoch: [7/40], Step: [81/782], Loss: 0.42899736762046814
Rank:0 Epoch: [7/40], Step: [91/782], Loss: 0.3792983889579773
Rank:0 Epoch: [7/40], Step: [101/782], Loss: 0.46876999735832214
Rank:0 Epoch: [7/40], Step: [111/782], Loss: 0.4689507782459259
Rank:0 Epoch: [7/40], Step: [121/782], Loss: 0.6692124605178833
Rank:0 Epoch: [7/40], Step: [131/782], Loss: 0.5356913805007935
Rank:0 Epoch: [7/40], Step: [141/782], Loss: 0.4330078363418579
Rank:0 Epoch: [7/40], Step: [151/782], Loss: 0.4524401128292084
Rank:0 Epoch: [7/40], Step: [161/782], Loss: 0.33998948335647583
Rank:0 Epoch: [7/40], Step: [171/782], Loss: 0.44445979595184326
Rank:0 Epoch: [7/40], Step: [181/782], Loss: 0.30387815833091736
Rank:0 Epoch: [7/40], Step: [191/782], Loss: 0.5137549638748169
Rank:0 Epoch: [7/40], Step: [201/782], Loss: 0.35144442319869995
Rank:0 Epoch: [7/40], Step: [211/782], Loss: 0.5764991044998169
Rank:0 Epoch: [7/40], Step: [221/782], Loss: 0.5481405258178711
Rank:0 Epoch: [7/40], Step: [231/782], Loss: 0.4168703556060791
Rank:0 Epoch: [7/40], Step: [241/782], Loss: 0.5840408205986023
Rank:0 Epoch: [7/40], Step: [251/782], Loss: 0.3056938350200653
Rank:0 Epoch: [7/40], Step: [261/782], Loss: 0.6422321200370789
Rank:0 Epoch: [7/40], Step: [271/782], Loss: 0.5844568014144897
Rank:0 Epoch: [7/40], Step: [281/782], Loss: 0.3989744186401367
Rank:0 Epoch: [7/40], Step: [291/782], Loss: 0.548527181148529
Rank:0 Epoch: [7/40], Step: [301/782], Loss: 0.4371560215950012
Rank:0 Epoch: [7/40], Step: [311/782], Loss: 0.6967469453811646
Rank:0 Epoch: [7/40], Step: [321/782], Loss: 0.3817760646343231
Rank:0 Epoch: [7/40], Step: [331/782], Loss: 0.37912309169769287
Rank:0 Epoch: [7/40], Step: [341/782], Loss: 0.6820491552352905
Rank:0 Epoch: [7/40], Step: [351/782], Loss: 0.31605643033981323
Rank:0 Epoch: [7/40], Step: [361/782], Loss: 0.33553847670555115
Rank:0 Epoch: [7/40], Step: [371/782], Loss: 0.5666884779930115
Rank:0 Epoch: [7/40], Step: [381/782], Loss: 0.3738408088684082
Rank:0 Epoch: [7/40], Step: [391/782], Loss: 0.516514241695404
Rank:0 Epoch: [7/40], Step: [401/782], Loss: 0.48429301381111145
Rank:0 Epoch: [7/40], Step: [411/782], Loss: 0.5160787105560303
Rank:0 Epoch: [7/40], Step: [421/782], Loss: 0.387699156999588
Rank:0 Epoch: [7/40], Step: [431/782], Loss: 0.3290645182132721
Rank:0 Epoch: [7/40], Step: [441/782], Loss: 0.4377538561820984
Rank:0 Epoch: [7/40], Step: [451/782], Loss: 0.3459702730178833
Rank:0 Epoch: [7/40], Step: [461/782], Loss: 0.5227121114730835
Rank:0 Epoch: [7/40], Step: [471/782], Loss: 0.6686598658561707
Rank:0 Epoch: [7/40], Step: [481/782], Loss: 0.772293746471405
Rank:0 Epoch: [7/40], Step: [491/782], Loss: 0.4056277573108673
Rank:0 Epoch: [7/40], Step: [501/782], Loss: 0.3803423047065735
Rank:0 Epoch: [7/40], Step: [511/782], Loss: 0.6055657267570496
Rank:0 Epoch: [7/40], Step: [521/782], Loss: 0.5134769082069397
Rank:0 Epoch: [7/40], Step: [531/782], Loss: 0.3617900609970093
Rank:0 Epoch: [7/40], Step: [541/782], Loss: 0.3598267734050751
Rank:0 Epoch: [7/40], Step: [551/782], Loss: 0.5466474890708923
Rank:0 Epoch: [7/40], Step: [561/782], Loss: 0.48881790041923523
Rank:0 Epoch: [7/40], Step: [571/782], Loss: 0.5524947643280029
Rank:0 Epoch: [7/40], Step: [581/782], Loss: 0.6288803815841675
Rank:0 Epoch: [7/40], Step: [591/782], Loss: 0.4080906808376312
Rank:0 Epoch: [7/40], Step: [601/782], Loss: 0.7028176784515381
Rank:0 Epoch: [7/40], Step: [611/782], Loss: 0.5928773880004883
Rank:0 Epoch: [7/40], Step: [621/782], Loss: 0.37957021594047546
Rank:0 Epoch: [7/40], Step: [631/782], Loss: 0.5801200866699219
Rank:0 Epoch: [7/40], Step: [641/782], Loss: 0.5353307723999023
Rank:0 Epoch: [7/40], Step: [651/782], Loss: 0.42288053035736084
Rank:0 Epoch: [7/40], Step: [661/782], Loss: 0.5244710445404053
Rank:0 Epoch: [7/40], Step: [671/782], Loss: 0.4792402982711792
Rank:0 Epoch: [7/40], Step: [681/782], Loss: 0.45534273982048035
Rank:0 Epoch: [7/40], Step: [691/782], Loss: 0.7383343577384949
Rank:0 Epoch: [7/40], Step: [701/782], Loss: 0.5072125792503357
Rank:0 Epoch: [7/40], Step: [711/782], Loss: 0.35392332077026367
Rank:0 Epoch: [7/40], Step: [721/782], Loss: 0.3181016147136688
Rank:0 Epoch: [7/40], Step: [731/782], Loss: 0.5400662422180176
Rank:0 Epoch: [7/40], Step: [741/782], Loss: 0.6919407844543457
Rank:0 Epoch: [7/40], Step: [751/782], Loss: 0.39592742919921875
Rank:0 Epoch: [7/40], Step: [761/782], Loss: 0.4166816771030426
Rank:0 Epoch: [7/40], Step: [771/782], Loss: 0.4324670135974884
Rank:0 Epoch: [7/40], Step: [781/782], Loss: 0.5072401762008667
Current Test Acc: 0.8213
Rank:0 Epoch: [8/40], Step: [1/782], Loss: 0.4951024055480957
Rank:0 Epoch: [8/40], Step: [11/782], Loss: 0.45038604736328125
Rank:0 Epoch: [8/40], Step: [21/782], Loss: 0.6655046343803406
Rank:0 Epoch: [8/40], Step: [31/782], Loss: 0.4524334669113159
Rank:0 Epoch: [8/40], Step: [41/782], Loss: 0.5090434551239014
Rank:0 Epoch: [8/40], Step: [51/782], Loss: 0.29066964983940125
Rank:0 Epoch: [8/40], Step: [61/782], Loss: 0.43199095129966736
Rank:0 Epoch: [8/40], Step: [71/782], Loss: 0.5045363903045654
Rank:0 Epoch: [8/40], Step: [81/782], Loss: 0.4765624403953552
Rank:0 Epoch: [8/40], Step: [91/782], Loss: 0.4626881182193756
Rank:0 Epoch: [8/40], Step: [101/782], Loss: 0.39263564348220825
Rank:0 Epoch: [8/40], Step: [111/782], Loss: 0.5095239281654358
Rank:0 Epoch: [8/40], Step: [121/782], Loss: 0.25596797466278076
Rank:0 Epoch: [8/40], Step: [131/782], Loss: 0.3702554404735565
Rank:0 Epoch: [8/40], Step: [141/782], Loss: 0.6030433773994446
Rank:0 Epoch: [8/40], Step: [151/782], Loss: 0.5636283755302429
Rank:0 Epoch: [8/40], Step: [161/782], Loss: 0.5189896821975708
Rank:0 Epoch: [8/40], Step: [171/782], Loss: 0.371753066778183
Rank:0 Epoch: [8/40], Step: [181/782], Loss: 0.5199888944625854
Rank:0 Epoch: [8/40], Step: [191/782], Loss: 0.29985952377319336
Rank:0 Epoch: [8/40], Step: [201/782], Loss: 0.5069754123687744
Rank:0 Epoch: [8/40], Step: [211/782], Loss: 0.6197926998138428
Rank:0 Epoch: [8/40], Step: [221/782], Loss: 0.3810165822505951
Rank:0 Epoch: [8/40], Step: [231/782], Loss: 0.33486834168434143
Rank:0 Epoch: [8/40], Step: [241/782], Loss: 0.4877205789089203
Rank:0 Epoch: [8/40], Step: [251/782], Loss: 0.5220046043395996
Rank:0 Epoch: [8/40], Step: [261/782], Loss: 0.2464740127325058
Rank:0 Epoch: [8/40], Step: [271/782], Loss: 0.6301859021186829
Rank:0 Epoch: [8/40], Step: [281/782], Loss: 0.6666175127029419
Rank:0 Epoch: [8/40], Step: [291/782], Loss: 0.5993562340736389
Rank:0 Epoch: [8/40], Step: [301/782], Loss: 0.3409145474433899
Rank:0 Epoch: [8/40], Step: [311/782], Loss: 0.4690919816493988
Rank:0 Epoch: [8/40], Step: [321/782], Loss: 0.5100759267807007
Rank:0 Epoch: [8/40], Step: [331/782], Loss: 0.4273329973220825
Rank:0 Epoch: [8/40], Step: [341/782], Loss: 0.46561360359191895
Rank:0 Epoch: [8/40], Step: [351/782], Loss: 0.3816700577735901
Rank:0 Epoch: [8/40], Step: [361/782], Loss: 0.5795877575874329
Rank:0 Epoch: [8/40], Step: [371/782], Loss: 0.4043053090572357
Rank:0 Epoch: [8/40], Step: [381/782], Loss: 0.4888261556625366
Rank:0 Epoch: [8/40], Step: [391/782], Loss: 0.6196962594985962
Rank:0 Epoch: [8/40], Step: [401/782], Loss: 0.4465183615684509
Rank:0 Epoch: [8/40], Step: [411/782], Loss: 0.481092244386673
Rank:0 Epoch: [8/40], Step: [421/782], Loss: 0.3480682075023651
Rank:0 Epoch: [8/40], Step: [431/782], Loss: 0.34147873520851135
Rank:0 Epoch: [8/40], Step: [441/782], Loss: 0.5702803730964661
Rank:0 Epoch: [8/40], Step: [451/782], Loss: 0.6494981050491333
Rank:0 Epoch: [8/40], Step: [461/782], Loss: 0.7240257263183594
Rank:0 Epoch: [8/40], Step: [471/782], Loss: 0.4997991919517517
Rank:0 Epoch: [8/40], Step: [481/782], Loss: 0.6299121975898743
Rank:0 Epoch: [8/40], Step: [491/782], Loss: 0.40476664900779724
Rank:0 Epoch: [8/40], Step: [501/782], Loss: 0.5302683711051941
Rank:0 Epoch: [8/40], Step: [511/782], Loss: 0.27068138122558594
Rank:0 Epoch: [8/40], Step: [521/782], Loss: 0.7620555758476257
Rank:0 Epoch: [8/40], Step: [531/782], Loss: 0.5792111158370972
Rank:0 Epoch: [8/40], Step: [541/782], Loss: 0.5897481441497803
Rank:0 Epoch: [8/40], Step: [551/782], Loss: 0.32231563329696655
Rank:0 Epoch: [8/40], Step: [561/782], Loss: 0.6352282166481018
Rank:0 Epoch: [8/40], Step: [571/782], Loss: 0.3729648292064667
Rank:0 Epoch: [8/40], Step: [581/782], Loss: 0.42081934213638306
Rank:0 Epoch: [8/40], Step: [591/782], Loss: 0.5086931586265564
Rank:0 Epoch: [8/40], Step: [601/782], Loss: 0.3763434588909149
Rank:0 Epoch: [8/40], Step: [611/782], Loss: 0.3560584783554077
Rank:0 Epoch: [8/40], Step: [621/782], Loss: 0.41307133436203003
Rank:0 Epoch: [8/40], Step: [631/782], Loss: 0.4943397045135498
Rank:0 Epoch: [8/40], Step: [641/782], Loss: 0.4579424560070038
Rank:0 Epoch: [8/40], Step: [651/782], Loss: 0.43468180298805237
Rank:0 Epoch: [8/40], Step: [661/782], Loss: 0.5014911890029907
Rank:0 Epoch: [8/40], Step: [671/782], Loss: 0.5690154433250427
Rank:0 Epoch: [8/40], Step: [681/782], Loss: 0.34981879591941833
Rank:0 Epoch: [8/40], Step: [691/782], Loss: 0.5566275715827942
Rank:0 Epoch: [8/40], Step: [701/782], Loss: 0.705370306968689
Rank:0 Epoch: [8/40], Step: [711/782], Loss: 0.3604077398777008
Rank:0 Epoch: [8/40], Step: [721/782], Loss: 0.46258553862571716
Rank:0 Epoch: [8/40], Step: [731/782], Loss: 0.43228012323379517
Rank:0 Epoch: [8/40], Step: [741/782], Loss: 0.6016640663146973
Rank:0 Epoch: [8/40], Step: [751/782], Loss: 0.24508297443389893
Rank:0 Epoch: [8/40], Step: [761/782], Loss: 0.45246800780296326
Rank:0 Epoch: [8/40], Step: [771/782], Loss: 0.3863520622253418
Rank:0 Epoch: [8/40], Step: [781/782], Loss: 0.44070711731910706
Current Test Acc: 0.8373
Rank:0 Epoch: [9/40], Step: [1/782], Loss: 0.352975457906723
Rank:0 Epoch: [9/40], Step: [11/782], Loss: 0.31074783205986023
Rank:0 Epoch: [9/40], Step: [21/782], Loss: 0.3801223039627075
Rank:0 Epoch: [9/40], Step: [31/782], Loss: 0.6156766414642334
Rank:0 Epoch: [9/40], Step: [41/782], Loss: 0.33010968565940857
Rank:0 Epoch: [9/40], Step: [51/782], Loss: 0.4655650556087494
Rank:0 Epoch: [9/40], Step: [61/782], Loss: 0.4396936893463135
Rank:0 Epoch: [9/40], Step: [71/782], Loss: 0.5120904445648193
Rank:0 Epoch: [9/40], Step: [81/782], Loss: 0.40512117743492126
Rank:0 Epoch: [9/40], Step: [91/782], Loss: 0.5306686162948608
Rank:0 Epoch: [9/40], Step: [101/782], Loss: 0.3041769862174988
Rank:0 Epoch: [9/40], Step: [111/782], Loss: 0.612940788269043
Rank:0 Epoch: [9/40], Step: [121/782], Loss: 0.39526623487472534
Rank:0 Epoch: [9/40], Step: [131/782], Loss: 0.5255861282348633
Rank:0 Epoch: [9/40], Step: [141/782], Loss: 0.22123095393180847
Rank:0 Epoch: [9/40], Step: [151/782], Loss: 0.2856611907482147
Rank:0 Epoch: [9/40], Step: [161/782], Loss: 0.27548947930336
Rank:0 Epoch: [9/40], Step: [171/782], Loss: 0.391608327627182
Rank:0 Epoch: [9/40], Step: [181/782], Loss: 0.4377455413341522
Rank:0 Epoch: [9/40], Step: [191/782], Loss: 0.4346470832824707
Rank:0 Epoch: [9/40], Step: [201/782], Loss: 0.5633913278579712
Rank:0 Epoch: [9/40], Step: [211/782], Loss: 0.4253523051738739
Rank:0 Epoch: [9/40], Step: [221/782], Loss: 0.38530007004737854
Rank:0 Epoch: [9/40], Step: [231/782], Loss: 0.27875229716300964
Rank:0 Epoch: [9/40], Step: [241/782], Loss: 0.4651297628879547
Rank:0 Epoch: [9/40], Step: [251/782], Loss: 0.5298684239387512
Rank:0 Epoch: [9/40], Step: [261/782], Loss: 0.44955235719680786
Rank:0 Epoch: [9/40], Step: [271/782], Loss: 0.5417879819869995
Rank:0 Epoch: [9/40], Step: [281/782], Loss: 0.5342047214508057
Rank:0 Epoch: [9/40], Step: [291/782], Loss: 0.5207322239875793
Rank:0 Epoch: [9/40], Step: [301/782], Loss: 0.3449568450450897
Rank:0 Epoch: [9/40], Step: [311/782], Loss: 0.3479224741458893
Rank:0 Epoch: [9/40], Step: [321/782], Loss: 0.4208201467990875
Rank:0 Epoch: [9/40], Step: [331/782], Loss: 0.46156176924705505
Rank:0 Epoch: [9/40], Step: [341/782], Loss: 0.4010363519191742
Rank:0 Epoch: [9/40], Step: [351/782], Loss: 0.3162324130535126
Rank:0 Epoch: [9/40], Step: [361/782], Loss: 0.6130579113960266
Rank:0 Epoch: [9/40], Step: [371/782], Loss: 0.2534617781639099
Rank:0 Epoch: [9/40], Step: [381/782], Loss: 0.3611023724079132
Rank:0 Epoch: [9/40], Step: [391/782], Loss: 0.36068230867385864
Rank:0 Epoch: [9/40], Step: [401/782], Loss: 0.32437461614608765
Rank:0 Epoch: [9/40], Step: [411/782], Loss: 0.27268505096435547
Rank:0 Epoch: [9/40], Step: [421/782], Loss: 0.4213452935218811
Rank:0 Epoch: [9/40], Step: [431/782], Loss: 0.46431243419647217
Rank:0 Epoch: [9/40], Step: [441/782], Loss: 0.5754182934761047
Rank:0 Epoch: [9/40], Step: [451/782], Loss: 0.39841869473457336
Rank:0 Epoch: [9/40], Step: [461/782], Loss: 0.4590454399585724
Rank:0 Epoch: [9/40], Step: [471/782], Loss: 0.4147831201553345
Rank:0 Epoch: [9/40], Step: [481/782], Loss: 0.4744977355003357
Rank:0 Epoch: [9/40], Step: [491/782], Loss: 0.495764821767807
Rank:0 Epoch: [9/40], Step: [501/782], Loss: 0.36392202973365784
Rank:0 Epoch: [9/40], Step: [511/782], Loss: 0.4652983248233795
Rank:0 Epoch: [9/40], Step: [521/782], Loss: 0.5080080032348633
Rank:0 Epoch: [9/40], Step: [531/782], Loss: 0.4497586786746979
Rank:0 Epoch: [9/40], Step: [541/782], Loss: 0.41956770420074463
Rank:0 Epoch: [9/40], Step: [551/782], Loss: 0.4076225459575653
Rank:0 Epoch: [9/40], Step: [561/782], Loss: 0.36205706000328064
Rank:0 Epoch: [9/40], Step: [571/782], Loss: 0.4232594966888428
Rank:0 Epoch: [9/40], Step: [581/782], Loss: 0.5218828320503235
Rank:0 Epoch: [9/40], Step: [591/782], Loss: 0.5265481472015381
Rank:0 Epoch: [9/40], Step: [601/782], Loss: 0.6005759239196777
Rank:0 Epoch: [9/40], Step: [611/782], Loss: 0.41365861892700195
Rank:0 Epoch: [9/40], Step: [621/782], Loss: 0.3987817168235779
Rank:0 Epoch: [9/40], Step: [631/782], Loss: 0.5356033444404602
Rank:0 Epoch: [9/40], Step: [641/782], Loss: 0.360910564661026
Rank:0 Epoch: [9/40], Step: [651/782], Loss: 0.5460982918739319
Rank:0 Epoch: [9/40], Step: [661/782], Loss: 0.3179597854614258
Rank:0 Epoch: [9/40], Step: [671/782], Loss: 0.4661019742488861
Rank:0 Epoch: [9/40], Step: [681/782], Loss: 0.5128902196884155
Rank:0 Epoch: [9/40], Step: [691/782], Loss: 0.49546757340431213
Rank:0 Epoch: [9/40], Step: [701/782], Loss: 0.47029241919517517
Rank:0 Epoch: [9/40], Step: [711/782], Loss: 0.44149771332740784
Rank:0 Epoch: [9/40], Step: [721/782], Loss: 0.4295641779899597
Rank:0 Epoch: [9/40], Step: [731/782], Loss: 0.6319806575775146
Rank:0 Epoch: [9/40], Step: [741/782], Loss: 0.36249300837516785
Rank:0 Epoch: [9/40], Step: [751/782], Loss: 0.46911919116973877
Rank:0 Epoch: [9/40], Step: [761/782], Loss: 0.39348021149635315
Rank:0 Epoch: [9/40], Step: [771/782], Loss: 0.5212516784667969
Rank:0 Epoch: [9/40], Step: [781/782], Loss: 0.5225644111633301
Current Test Acc: 0.8372
Rank:0 Epoch: [10/40], Step: [1/782], Loss: 0.39126452803611755
Rank:0 Epoch: [10/40], Step: [11/782], Loss: 0.4205896258354187
Rank:0 Epoch: [10/40], Step: [21/782], Loss: 0.45239681005477905
Rank:0 Epoch: [10/40], Step: [31/782], Loss: 0.4512227773666382
Rank:0 Epoch: [10/40], Step: [41/782], Loss: 0.43708962202072144
Rank:0 Epoch: [10/40], Step: [51/782], Loss: 0.6173542141914368
Rank:0 Epoch: [10/40], Step: [61/782], Loss: 0.3714589476585388
Rank:0 Epoch: [10/40], Step: [71/782], Loss: 0.3359683156013489
Rank:0 Epoch: [10/40], Step: [81/782], Loss: 0.29506716132164
Rank:0 Epoch: [10/40], Step: [91/782], Loss: 0.4575583040714264
Rank:0 Epoch: [10/40], Step: [101/782], Loss: 0.3424874544143677
Rank:0 Epoch: [10/40], Step: [111/782], Loss: 0.33788999915122986
Rank:0 Epoch: [10/40], Step: [121/782], Loss: 0.3308299779891968
Rank:0 Epoch: [10/40], Step: [131/782], Loss: 0.33603861927986145
Rank:0 Epoch: [10/40], Step: [141/782], Loss: 0.2951466143131256
Rank:0 Epoch: [10/40], Step: [151/782], Loss: 0.3994850516319275
Rank:0 Epoch: [10/40], Step: [161/782], Loss: 0.27076810598373413
Rank:0 Epoch: [10/40], Step: [171/782], Loss: 0.5327901840209961
Rank:0 Epoch: [10/40], Step: [181/782], Loss: 0.4139510989189148
Rank:0 Epoch: [10/40], Step: [191/782], Loss: 0.5207518935203552
Rank:0 Epoch: [10/40], Step: [201/782], Loss: 0.4470304846763611
Rank:0 Epoch: [10/40], Step: [211/782], Loss: 0.6386341452598572
Rank:0 Epoch: [10/40], Step: [221/782], Loss: 0.38146457076072693
Rank:0 Epoch: [10/40], Step: [231/782], Loss: 0.3671189248561859
Rank:0 Epoch: [10/40], Step: [241/782], Loss: 0.44419801235198975
Rank:0 Epoch: [10/40], Step: [251/782], Loss: 0.6335514187812805
Rank:0 Epoch: [10/40], Step: [261/782], Loss: 0.38395094871520996
Rank:0 Epoch: [10/40], Step: [271/782], Loss: 0.3735778033733368
Rank:0 Epoch: [10/40], Step: [281/782], Loss: 0.5030397772789001
Rank:0 Epoch: [10/40], Step: [291/782], Loss: 0.31103211641311646
Rank:0 Epoch: [10/40], Step: [301/782], Loss: 0.3564651906490326
Rank:0 Epoch: [10/40], Step: [311/782], Loss: 0.4807690382003784
Rank:0 Epoch: [10/40], Step: [321/782], Loss: 0.6016279458999634
Rank:0 Epoch: [10/40], Step: [331/782], Loss: 0.47454944252967834
Rank:0 Epoch: [10/40], Step: [341/782], Loss: 0.38581162691116333
Rank:0 Epoch: [10/40], Step: [351/782], Loss: 0.4558474123477936
Rank:0 Epoch: [10/40], Step: [361/782], Loss: 0.29216113686561584
Rank:0 Epoch: [10/40], Step: [371/782], Loss: 0.2839498519897461
Rank:0 Epoch: [10/40], Step: [381/782], Loss: 0.5034794211387634
Rank:0 Epoch: [10/40], Step: [391/782], Loss: 0.539250373840332
Rank:0 Epoch: [10/40], Step: [401/782], Loss: 0.6085672378540039
Rank:0 Epoch: [10/40], Step: [411/782], Loss: 0.6340538859367371
Rank:0 Epoch: [10/40], Step: [421/782], Loss: 0.29496368765830994
Rank:0 Epoch: [10/40], Step: [431/782], Loss: 0.3964218199253082
Rank:0 Epoch: [10/40], Step: [441/782], Loss: 0.3296014368534088
Rank:0 Epoch: [10/40], Step: [451/782], Loss: 0.5192334055900574
Rank:0 Epoch: [10/40], Step: [461/782], Loss: 0.7288632392883301
Rank:0 Epoch: [10/40], Step: [471/782], Loss: 0.6608702540397644
Rank:0 Epoch: [10/40], Step: [481/782], Loss: 0.4318569600582123
Rank:0 Epoch: [10/40], Step: [491/782], Loss: 0.4958781898021698
Rank:0 Epoch: [10/40], Step: [501/782], Loss: 0.2570362091064453
Rank:0 Epoch: [10/40], Step: [511/782], Loss: 0.40883931517601013
Rank:0 Epoch: [10/40], Step: [521/782], Loss: 0.397934228181839
Rank:0 Epoch: [10/40], Step: [531/782], Loss: 0.5334557890892029
Rank:0 Epoch: [10/40], Step: [541/782], Loss: 0.330841600894928
Rank:0 Epoch: [10/40], Step: [551/782], Loss: 0.6070994734764099
Rank:0 Epoch: [10/40], Step: [561/782], Loss: 0.48229196667671204
Rank:0 Epoch: [10/40], Step: [571/782], Loss: 0.3582145869731903
Rank:0 Epoch: [10/40], Step: [581/782], Loss: 0.4714173674583435
Rank:0 Epoch: [10/40], Step: [591/782], Loss: 0.48767197132110596
Rank:0 Epoch: [10/40], Step: [601/782], Loss: 0.28590574860572815
Rank:0 Epoch: [10/40], Step: [611/782], Loss: 0.37560632824897766
Rank:0 Epoch: [10/40], Step: [621/782], Loss: 0.49174588918685913
Rank:0 Epoch: [10/40], Step: [631/782], Loss: 0.5995281338691711
Rank:0 Epoch: [10/40], Step: [641/782], Loss: 0.5992423295974731
Rank:0 Epoch: [10/40], Step: [651/782], Loss: 0.39194270968437195
Rank:0 Epoch: [10/40], Step: [661/782], Loss: 0.5346741676330566
Rank:0 Epoch: [10/40], Step: [671/782], Loss: 0.5185785293579102
Rank:0 Epoch: [10/40], Step: [681/782], Loss: 0.5547556281089783
Rank:0 Epoch: [10/40], Step: [691/782], Loss: 0.49640294909477234
Rank:0 Epoch: [10/40], Step: [701/782], Loss: 0.5730794072151184
Rank:0 Epoch: [10/40], Step: [711/782], Loss: 0.5455531477928162
Rank:0 Epoch: [10/40], Step: [721/782], Loss: 0.3873753845691681
Rank:0 Epoch: [10/40], Step: [731/782], Loss: 0.4085448980331421
Rank:0 Epoch: [10/40], Step: [741/782], Loss: 0.34592708945274353
Rank:0 Epoch: [10/40], Step: [751/782], Loss: 0.24461039900779724
Rank:0 Epoch: [10/40], Step: [761/782], Loss: 0.4292370676994324
Rank:0 Epoch: [10/40], Step: [771/782], Loss: 0.263175368309021
Rank:0 Epoch: [10/40], Step: [781/782], Loss: 0.4503040611743927
Current Test Acc: 0.8042
Rank:0 Epoch: [11/40], Step: [1/782], Loss: 0.6539577841758728
Rank:0 Epoch: [11/40], Step: [11/782], Loss: 0.3218807876110077
Rank:0 Epoch: [11/40], Step: [21/782], Loss: 0.3657016158103943
Rank:0 Epoch: [11/40], Step: [31/782], Loss: 0.39340198040008545
Rank:0 Epoch: [11/40], Step: [41/782], Loss: 0.44596949219703674
Rank:0 Epoch: [11/40], Step: [51/782], Loss: 0.36210304498672485
Rank:0 Epoch: [11/40], Step: [61/782], Loss: 0.3699198365211487
Rank:0 Epoch: [11/40], Step: [71/782], Loss: 0.6553991436958313
Rank:0 Epoch: [11/40], Step: [81/782], Loss: 0.33585813641548157
Rank:0 Epoch: [11/40], Step: [91/782], Loss: 0.5308523178100586
Rank:0 Epoch: [11/40], Step: [101/782], Loss: 0.5641215443611145
Rank:0 Epoch: [11/40], Step: [111/782], Loss: 0.3141491413116455
Rank:0 Epoch: [11/40], Step: [121/782], Loss: 0.24541005492210388
Rank:0 Epoch: [11/40], Step: [131/782], Loss: 0.35653790831565857
Rank:0 Epoch: [11/40], Step: [141/782], Loss: 0.4364953339099884
Rank:0 Epoch: [11/40], Step: [151/782], Loss: 0.44158586859703064
Rank:0 Epoch: [11/40], Step: [161/782], Loss: 0.5203877091407776
Rank:0 Epoch: [11/40], Step: [171/782], Loss: 0.3846243619918823
Rank:0 Epoch: [11/40], Step: [181/782], Loss: 0.3807086944580078
Rank:0 Epoch: [11/40], Step: [191/782], Loss: 0.36570098996162415
Rank:0 Epoch: [11/40], Step: [201/782], Loss: 0.42242276668548584
Rank:0 Epoch: [11/40], Step: [211/782], Loss: 0.46252068877220154
Rank:0 Epoch: [11/40], Step: [221/782], Loss: 0.4368361830711365
Rank:0 Epoch: [11/40], Step: [231/782], Loss: 0.5563293695449829
Rank:0 Epoch: [11/40], Step: [241/782], Loss: 0.47720518708229065
Rank:0 Epoch: [11/40], Step: [251/782], Loss: 0.33210432529449463
Rank:0 Epoch: [11/40], Step: [261/782], Loss: 0.6183516979217529
Rank:0 Epoch: [11/40], Step: [271/782], Loss: 0.28722867369651794
Rank:0 Epoch: [11/40], Step: [281/782], Loss: 0.3381340205669403
Rank:0 Epoch: [11/40], Step: [291/782], Loss: 0.2933962047100067
Rank:0 Epoch: [11/40], Step: [301/782], Loss: 0.3671664893627167
Rank:0 Epoch: [11/40], Step: [311/782], Loss: 0.336149126291275
Rank:0 Epoch: [11/40], Step: [321/782], Loss: 0.4392545223236084
Rank:0 Epoch: [11/40], Step: [331/782], Loss: 0.6027567982673645
Rank:0 Epoch: [11/40], Step: [341/782], Loss: 0.5912795662879944
Rank:0 Epoch: [11/40], Step: [351/782], Loss: 0.6757572889328003
Rank:0 Epoch: [11/40], Step: [361/782], Loss: 0.46696406602859497
Rank:0 Epoch: [11/40], Step: [371/782], Loss: 0.39868465065956116
Rank:0 Epoch: [11/40], Step: [381/782], Loss: 0.3784774839878082
Rank:0 Epoch: [11/40], Step: [391/782], Loss: 0.36502203345298767
Rank:0 Epoch: [11/40], Step: [401/782], Loss: 0.28104323148727417
Rank:0 Epoch: [11/40], Step: [411/782], Loss: 0.4229402542114258
Rank:0 Epoch: [11/40], Step: [421/782], Loss: 0.43059319257736206
Rank:0 Epoch: [11/40], Step: [431/782], Loss: 0.5553649067878723
Rank:0 Epoch: [11/40], Step: [441/782], Loss: 0.5267322659492493
Rank:0 Epoch: [11/40], Step: [451/782], Loss: 0.30472177267074585
Rank:0 Epoch: [11/40], Step: [461/782], Loss: 0.46295297145843506
Rank:0 Epoch: [11/40], Step: [471/782], Loss: 0.5225113034248352
Rank:0 Epoch: [11/40], Step: [481/782], Loss: 0.3280683755874634
Rank:0 Epoch: [11/40], Step: [491/782], Loss: 0.3990034759044647
Rank:0 Epoch: [11/40], Step: [501/782], Loss: 0.5083875060081482
Rank:0 Epoch: [11/40], Step: [511/782], Loss: 0.5213150382041931
Rank:0 Epoch: [11/40], Step: [521/782], Loss: 0.3483488857746124
Rank:0 Epoch: [11/40], Step: [531/782], Loss: 0.4802453815937042
Rank:0 Epoch: [11/40], Step: [541/782], Loss: 0.3523837625980377
Rank:0 Epoch: [11/40], Step: [551/782], Loss: 0.4335494637489319
Rank:0 Epoch: [11/40], Step: [561/782], Loss: 0.35164961218833923
Rank:0 Epoch: [11/40], Step: [571/782], Loss: 0.4377095401287079
Rank:0 Epoch: [11/40], Step: [581/782], Loss: 0.5122761726379395
Rank:0 Epoch: [11/40], Step: [591/782], Loss: 0.4147012233734131
Rank:0 Epoch: [11/40], Step: [601/782], Loss: 0.47145146131515503
Rank:0 Epoch: [11/40], Step: [611/782], Loss: 0.4331684708595276
Rank:0 Epoch: [11/40], Step: [621/782], Loss: 0.3344535529613495
Rank:0 Epoch: [11/40], Step: [631/782], Loss: 0.4272395968437195
Rank:0 Epoch: [11/40], Step: [641/782], Loss: 0.3763134181499481
Rank:0 Epoch: [11/40], Step: [651/782], Loss: 0.4947444200515747
Rank:0 Epoch: [11/40], Step: [661/782], Loss: 0.4468042254447937
Rank:0 Epoch: [11/40], Step: [671/782], Loss: 0.6518566608428955
Rank:0 Epoch: [11/40], Step: [681/782], Loss: 0.40236398577690125
Rank:0 Epoch: [11/40], Step: [691/782], Loss: 0.6787427663803101
Rank:0 Epoch: [11/40], Step: [701/782], Loss: 0.5376316905021667
Rank:0 Epoch: [11/40], Step: [711/782], Loss: 0.5404453873634338
Rank:0 Epoch: [11/40], Step: [721/782], Loss: 0.47373324632644653
Rank:0 Epoch: [11/40], Step: [731/782], Loss: 0.4053381681442261
Rank:0 Epoch: [11/40], Step: [741/782], Loss: 0.4610865116119385
Rank:0 Epoch: [11/40], Step: [751/782], Loss: 0.5249239802360535
Rank:0 Epoch: [11/40], Step: [761/782], Loss: 0.45904237031936646
Rank:0 Epoch: [11/40], Step: [771/782], Loss: 0.5644798874855042
Rank:0 Epoch: [11/40], Step: [781/782], Loss: 0.23630878329277039
Current Test Acc: 0.8067
Rank:0 Epoch: [12/40], Step: [1/782], Loss: 0.5319093465805054
Rank:0 Epoch: [12/40], Step: [11/782], Loss: 0.5143209099769592
Rank:0 Epoch: [12/40], Step: [21/782], Loss: 0.43974483013153076
Rank:0 Epoch: [12/40], Step: [31/782], Loss: 0.38538962602615356
Rank:0 Epoch: [12/40], Step: [41/782], Loss: 0.5096337795257568
Rank:0 Epoch: [12/40], Step: [51/782], Loss: 0.3262091279029846
Rank:0 Epoch: [12/40], Step: [61/782], Loss: 0.4343840479850769
Rank:0 Epoch: [12/40], Step: [71/782], Loss: 0.44145503640174866
Rank:0 Epoch: [12/40], Step: [81/782], Loss: 0.2900450527667999
Rank:0 Epoch: [12/40], Step: [91/782], Loss: 0.4214470684528351
Rank:0 Epoch: [12/40], Step: [101/782], Loss: 0.36496615409851074
Rank:0 Epoch: [12/40], Step: [111/782], Loss: 0.35847216844558716
Rank:0 Epoch: [12/40], Step: [121/782], Loss: 0.368839293718338
Rank:0 Epoch: [12/40], Step: [131/782], Loss: 0.49260687828063965
Rank:0 Epoch: [12/40], Step: [141/782], Loss: 0.3549145460128784
Rank:0 Epoch: [12/40], Step: [151/782], Loss: 0.6806802153587341
Rank:0 Epoch: [12/40], Step: [161/782], Loss: 0.5013145208358765
Rank:0 Epoch: [12/40], Step: [171/782], Loss: 0.37976983189582825
Rank:0 Epoch: [12/40], Step: [181/782], Loss: 0.3340475857257843
Rank:0 Epoch: [12/40], Step: [191/782], Loss: 0.31548529863357544
Rank:0 Epoch: [12/40], Step: [201/782], Loss: 0.17776994407176971
Rank:0 Epoch: [12/40], Step: [211/782], Loss: 0.2490314394235611
Rank:0 Epoch: [12/40], Step: [221/782], Loss: 0.44745734333992004
Rank:0 Epoch: [12/40], Step: [231/782], Loss: 0.42607471346855164
Rank:0 Epoch: [12/40], Step: [241/782], Loss: 0.7446876168251038
Rank:0 Epoch: [12/40], Step: [251/782], Loss: 0.4068072438240051
Rank:0 Epoch: [12/40], Step: [261/782], Loss: 0.4907779395580292
Rank:0 Epoch: [12/40], Step: [271/782], Loss: 0.34910848736763
Rank:0 Epoch: [12/40], Step: [281/782], Loss: 0.4639604687690735
Rank:0 Epoch: [12/40], Step: [291/782], Loss: 0.6029306054115295
Rank:0 Epoch: [12/40], Step: [301/782], Loss: 0.4644317924976349
Rank:0 Epoch: [12/40], Step: [311/782], Loss: 0.36088302731513977
Rank:0 Epoch: [12/40], Step: [321/782], Loss: 0.2831656038761139
Rank:0 Epoch: [12/40], Step: [331/782], Loss: 0.5289000272750854
Rank:0 Epoch: [12/40], Step: [341/782], Loss: 0.393801212310791
Rank:0 Epoch: [12/40], Step: [351/782], Loss: 0.5507215261459351
Rank:0 Epoch: [12/40], Step: [361/782], Loss: 0.4934414029121399
Rank:0 Epoch: [12/40], Step: [371/782], Loss: 0.3259994685649872
Rank:0 Epoch: [12/40], Step: [381/782], Loss: 0.2851838171482086
Rank:0 Epoch: [12/40], Step: [391/782], Loss: 0.34082579612731934
Rank:0 Epoch: [12/40], Step: [401/782], Loss: 0.2803367078304291
Rank:0 Epoch: [12/40], Step: [411/782], Loss: 0.8343675136566162
Rank:0 Epoch: [12/40], Step: [421/782], Loss: 0.3643283247947693
Rank:0 Epoch: [12/40], Step: [431/782], Loss: 0.42309653759002686
Rank:0 Epoch: [12/40], Step: [441/782], Loss: 0.39095497131347656
Rank:0 Epoch: [12/40], Step: [451/782], Loss: 0.3619116544723511
Rank:0 Epoch: [12/40], Step: [461/782], Loss: 0.29691624641418457
Rank:0 Epoch: [12/40], Step: [471/782], Loss: 0.35231322050094604
Rank:0 Epoch: [12/40], Step: [481/782], Loss: 0.3742704391479492
Rank:0 Epoch: [12/40], Step: [491/782], Loss: 0.5379997491836548
Rank:0 Epoch: [12/40], Step: [501/782], Loss: 0.461608350276947
Rank:0 Epoch: [12/40], Step: [511/782], Loss: 0.473833292722702
Rank:0 Epoch: [12/40], Step: [521/782], Loss: 0.5033642053604126
Rank:0 Epoch: [12/40], Step: [531/782], Loss: 0.3925689160823822
Rank:0 Epoch: [12/40], Step: [541/782], Loss: 0.2107018530368805
Rank:0 Epoch: [12/40], Step: [551/782], Loss: 0.4249074161052704
Rank:0 Epoch: [12/40], Step: [561/782], Loss: 0.3425009846687317
Rank:0 Epoch: [12/40], Step: [571/782], Loss: 0.24535678327083588
Rank:0 Epoch: [12/40], Step: [581/782], Loss: 0.576781690120697
Rank:0 Epoch: [12/40], Step: [591/782], Loss: 0.3826812207698822
Rank:0 Epoch: [12/40], Step: [601/782], Loss: 0.46568506956100464
Rank:0 Epoch: [12/40], Step: [611/782], Loss: 0.29689639806747437
Rank:0 Epoch: [12/40], Step: [621/782], Loss: 0.3821312189102173
Rank:0 Epoch: [12/40], Step: [631/782], Loss: 0.47689181566238403
Rank:0 Epoch: [12/40], Step: [641/782], Loss: 0.2784191966056824
Rank:0 Epoch: [12/40], Step: [651/782], Loss: 0.4420554041862488
Rank:0 Epoch: [12/40], Step: [661/782], Loss: 0.603206217288971
Rank:0 Epoch: [12/40], Step: [671/782], Loss: 0.5622364282608032
Rank:0 Epoch: [12/40], Step: [681/782], Loss: 0.6029690504074097
Rank:0 Epoch: [12/40], Step: [691/782], Loss: 0.5327707529067993
Rank:0 Epoch: [12/40], Step: [701/782], Loss: 0.3378409743309021
Rank:0 Epoch: [12/40], Step: [711/782], Loss: 0.6918147206306458
Rank:0 Epoch: [12/40], Step: [721/782], Loss: 0.35764080286026
Rank:0 Epoch: [12/40], Step: [731/782], Loss: 0.4837552607059479
Rank:0 Epoch: [12/40], Step: [741/782], Loss: 0.26575836539268494
Rank:0 Epoch: [12/40], Step: [751/782], Loss: 0.5428280830383301
Rank:0 Epoch: [12/40], Step: [761/782], Loss: 0.40549248456954956
Rank:0 Epoch: [12/40], Step: [771/782], Loss: 0.3965861201286316
Rank:0 Epoch: [12/40], Step: [781/782], Loss: 0.33089396357536316
Current Test Acc: 0.7805
Rank:0 Epoch: [13/40], Step: [1/782], Loss: 0.686543345451355
Rank:0 Epoch: [13/40], Step: [11/782], Loss: 0.47387978434562683
Rank:0 Epoch: [13/40], Step: [21/782], Loss: 0.32517242431640625
Rank:0 Epoch: [13/40], Step: [31/782], Loss: 0.48802709579467773
Rank:0 Epoch: [13/40], Step: [41/782], Loss: 0.23230740427970886
Rank:0 Epoch: [13/40], Step: [51/782], Loss: 0.5072588324546814
Rank:0 Epoch: [13/40], Step: [61/782], Loss: 0.3712899684906006
Rank:0 Epoch: [13/40], Step: [71/782], Loss: 0.4199596643447876
Rank:0 Epoch: [13/40], Step: [81/782], Loss: 0.286516934633255
Rank:0 Epoch: [13/40], Step: [91/782], Loss: 0.23593725264072418
Rank:0 Epoch: [13/40], Step: [101/782], Loss: 0.2007981240749359
Rank:0 Epoch: [13/40], Step: [111/782], Loss: 0.42599231004714966
Rank:0 Epoch: [13/40], Step: [121/782], Loss: 0.323914110660553
Rank:0 Epoch: [13/40], Step: [131/782], Loss: 0.3624199330806732
Rank:0 Epoch: [13/40], Step: [141/782], Loss: 0.5019428133964539
Rank:0 Epoch: [13/40], Step: [151/782], Loss: 0.5656497478485107
Rank:0 Epoch: [13/40], Step: [161/782], Loss: 0.37733250856399536
Rank:0 Epoch: [13/40], Step: [171/782], Loss: 0.3658756911754608
Rank:0 Epoch: [13/40], Step: [181/782], Loss: 0.3047376275062561
Rank:0 Epoch: [13/40], Step: [191/782], Loss: 0.504031777381897
Rank:0 Epoch: [13/40], Step: [201/782], Loss: 0.36302173137664795
Rank:0 Epoch: [13/40], Step: [211/782], Loss: 0.626593828201294
Rank:0 Epoch: [13/40], Step: [221/782], Loss: 0.270339697599411
Rank:0 Epoch: [13/40], Step: [231/782], Loss: 0.42196300625801086
Rank:0 Epoch: [13/40], Step: [241/782], Loss: 0.48300305008888245
Rank:0 Epoch: [13/40], Step: [251/782], Loss: 0.23147712647914886
Rank:0 Epoch: [13/40], Step: [261/782], Loss: 0.6158158183097839
Rank:0 Epoch: [13/40], Step: [271/782], Loss: 0.43310123682022095
Rank:0 Epoch: [13/40], Step: [281/782], Loss: 0.507942259311676
Rank:0 Epoch: [13/40], Step: [291/782], Loss: 0.45573320984840393
Rank:0 Epoch: [13/40], Step: [301/782], Loss: 0.3960449993610382
Rank:0 Epoch: [13/40], Step: [311/782], Loss: 0.3357252776622772
Rank:0 Epoch: [13/40], Step: [321/782], Loss: 0.45127949118614197
Rank:0 Epoch: [13/40], Step: [331/782], Loss: 0.38149648904800415
Rank:0 Epoch: [13/40], Step: [341/782], Loss: 0.2617366909980774
Rank:0 Epoch: [13/40], Step: [351/782], Loss: 0.5644577741622925
Rank:0 Epoch: [13/40], Step: [361/782], Loss: 0.44447290897369385
Rank:0 Epoch: [13/40], Step: [371/782], Loss: 0.4545689523220062
Rank:0 Epoch: [13/40], Step: [381/782], Loss: 0.2487107217311859
Rank:0 Epoch: [13/40], Step: [391/782], Loss: 0.46722540259361267
Rank:0 Epoch: [13/40], Step: [401/782], Loss: 0.47044217586517334
Rank:0 Epoch: [13/40], Step: [411/782], Loss: 0.7279087901115417
Rank:0 Epoch: [13/40], Step: [421/782], Loss: 0.33480262756347656
Rank:0 Epoch: [13/40], Step: [431/782], Loss: 0.3991459906101227
Rank:0 Epoch: [13/40], Step: [441/782], Loss: 0.5001282095909119
Rank:0 Epoch: [13/40], Step: [451/782], Loss: 0.37954413890838623
Rank:0 Epoch: [13/40], Step: [461/782], Loss: 0.5244053602218628
Rank:0 Epoch: [13/40], Step: [471/782], Loss: 0.27876514196395874
Rank:0 Epoch: [13/40], Step: [481/782], Loss: 0.49519801139831543
Rank:0 Epoch: [13/40], Step: [491/782], Loss: 0.40012067556381226
Rank:0 Epoch: [13/40], Step: [501/782], Loss: 0.3707556128501892
Rank:0 Epoch: [13/40], Step: [511/782], Loss: 0.6034984588623047
Rank:0 Epoch: [13/40], Step: [521/782], Loss: 0.31518983840942383
Rank:0 Epoch: [13/40], Step: [531/782], Loss: 0.6303450465202332
Rank:0 Epoch: [13/40], Step: [541/782], Loss: 0.48245924711227417
Rank:0 Epoch: [13/40], Step: [551/782], Loss: 0.6152830719947815
Rank:0 Epoch: [13/40], Step: [561/782], Loss: 0.5454365611076355
Rank:0 Epoch: [13/40], Step: [571/782], Loss: 0.4107930064201355
Rank:0 Epoch: [13/40], Step: [581/782], Loss: 0.290168434381485
Rank:0 Epoch: [13/40], Step: [591/782], Loss: 0.42339953780174255
Rank:0 Epoch: [13/40], Step: [601/782], Loss: 0.4336543679237366
Rank:0 Epoch: [13/40], Step: [611/782], Loss: 0.2528379261493683
Rank:0 Epoch: [13/40], Step: [621/782], Loss: 0.47111040353775024
Rank:0 Epoch: [13/40], Step: [631/782], Loss: 0.6219842433929443
Rank:0 Epoch: [13/40], Step: [641/782], Loss: 0.35757386684417725
Rank:0 Epoch: [13/40], Step: [651/782], Loss: 0.34333327412605286
Rank:0 Epoch: [13/40], Step: [661/782], Loss: 0.3349176049232483
Rank:0 Epoch: [13/40], Step: [671/782], Loss: 0.416389137506485
Rank:0 Epoch: [13/40], Step: [681/782], Loss: 0.4913474917411804
Rank:0 Epoch: [13/40], Step: [691/782], Loss: 0.40266287326812744
Rank:0 Epoch: [13/40], Step: [701/782], Loss: 0.5266339778900146
Rank:0 Epoch: [13/40], Step: [711/782], Loss: 0.3670746684074402
Rank:0 Epoch: [13/40], Step: [721/782], Loss: 0.2629665434360504
Rank:0 Epoch: [13/40], Step: [731/782], Loss: 0.4381900429725647
Rank:0 Epoch: [13/40], Step: [741/782], Loss: 0.5739949345588684
Rank:0 Epoch: [13/40], Step: [751/782], Loss: 0.46610015630722046
Rank:0 Epoch: [13/40], Step: [761/782], Loss: 0.38597097992897034
Rank:0 Epoch: [13/40], Step: [771/782], Loss: 0.4260437786579132
Rank:0 Epoch: [13/40], Step: [781/782], Loss: 0.39905548095703125
Current Test Acc: 0.8006
Rank:0 Epoch: [14/40], Step: [1/782], Loss: 0.6143409609794617
Rank:0 Epoch: [14/40], Step: [11/782], Loss: 0.5890015363693237
Rank:0 Epoch: [14/40], Step: [21/782], Loss: 0.3798176944255829
Rank:0 Epoch: [14/40], Step: [31/782], Loss: 0.446784108877182
Rank:0 Epoch: [14/40], Step: [41/782], Loss: 0.3916431665420532
Rank:0 Epoch: [14/40], Step: [51/782], Loss: 0.4444861114025116
Rank:0 Epoch: [14/40], Step: [61/782], Loss: 0.4103388786315918
Rank:0 Epoch: [14/40], Step: [71/782], Loss: 0.7272190451622009
Rank:0 Epoch: [14/40], Step: [81/782], Loss: 0.2863769233226776
Rank:0 Epoch: [14/40], Step: [91/782], Loss: 0.28252309560775757
Rank:0 Epoch: [14/40], Step: [101/782], Loss: 0.27625513076782227
Rank:0 Epoch: [14/40], Step: [111/782], Loss: 0.6492192149162292
Rank:0 Epoch: [14/40], Step: [121/782], Loss: 0.4131172299385071
Rank:0 Epoch: [14/40], Step: [131/782], Loss: 0.2810314893722534
Rank:0 Epoch: [14/40], Step: [141/782], Loss: 0.38268208503723145
Rank:0 Epoch: [14/40], Step: [151/782], Loss: 0.5127779245376587
Rank:0 Epoch: [14/40], Step: [161/782], Loss: 0.5338148474693298
Rank:0 Epoch: [14/40], Step: [171/782], Loss: 0.4683109521865845
Rank:0 Epoch: [14/40], Step: [181/782], Loss: 0.2816118597984314
Rank:0 Epoch: [14/40], Step: [191/782], Loss: 0.36273837089538574
Rank:0 Epoch: [14/40], Step: [201/782], Loss: 0.4760238826274872
Rank:0 Epoch: [14/40], Step: [211/782], Loss: 0.5623922944068909
Rank:0 Epoch: [14/40], Step: [221/782], Loss: 0.25504857301712036
Rank:0 Epoch: [14/40], Step: [231/782], Loss: 0.8487582802772522
Rank:0 Epoch: [14/40], Step: [241/782], Loss: 0.2653821110725403
Rank:0 Epoch: [14/40], Step: [251/782], Loss: 0.5945999622344971
Rank:0 Epoch: [14/40], Step: [261/782], Loss: 0.5204605460166931
Rank:0 Epoch: [14/40], Step: [271/782], Loss: 0.4967452883720398
Rank:0 Epoch: [14/40], Step: [281/782], Loss: 0.3598437011241913
Rank:0 Epoch: [14/40], Step: [291/782], Loss: 0.39579713344573975
Rank:0 Epoch: [14/40], Step: [301/782], Loss: 0.3796747028827667
Rank:0 Epoch: [14/40], Step: [311/782], Loss: 0.3634974956512451
Rank:0 Epoch: [14/40], Step: [321/782], Loss: 0.3300551474094391
Rank:0 Epoch: [14/40], Step: [331/782], Loss: 0.4627266228199005
Rank:0 Epoch: [14/40], Step: [341/782], Loss: 0.6409421563148499
Rank:0 Epoch: [14/40], Step: [351/782], Loss: 0.3663424849510193
Rank:0 Epoch: [14/40], Step: [361/782], Loss: 0.5088282227516174
Rank:0 Epoch: [14/40], Step: [371/782], Loss: 0.6747534871101379
Rank:0 Epoch: [14/40], Step: [381/782], Loss: 0.471030056476593
Rank:0 Epoch: [14/40], Step: [391/782], Loss: 0.31024107336997986
Rank:0 Epoch: [14/40], Step: [401/782], Loss: 0.5445543527603149
Rank:0 Epoch: [14/40], Step: [411/782], Loss: 0.3670384883880615
Rank:0 Epoch: [14/40], Step: [421/782], Loss: 0.45780232548713684
Rank:0 Epoch: [14/40], Step: [431/782], Loss: 0.49100810289382935
Rank:0 Epoch: [14/40], Step: [441/782], Loss: 0.3428090810775757
Rank:0 Epoch: [14/40], Step: [451/782], Loss: 0.3493504226207733
Rank:0 Epoch: [14/40], Step: [461/782], Loss: 0.4708261489868164
Rank:0 Epoch: [14/40], Step: [471/782], Loss: 0.3472067713737488
Rank:0 Epoch: [14/40], Step: [481/782], Loss: 0.418701171875
Rank:0 Epoch: [14/40], Step: [491/782], Loss: 0.4484584331512451
Rank:0 Epoch: [14/40], Step: [501/782], Loss: 0.36313819885253906
Rank:0 Epoch: [14/40], Step: [511/782], Loss: 0.35445985198020935
Rank:0 Epoch: [14/40], Step: [521/782], Loss: 0.4234349727630615
Rank:0 Epoch: [14/40], Step: [531/782], Loss: 0.2519654333591461
Rank:0 Epoch: [14/40], Step: [541/782], Loss: 0.4102509915828705
Rank:0 Epoch: [14/40], Step: [551/782], Loss: 0.41779643297195435
Rank:0 Epoch: [14/40], Step: [561/782], Loss: 0.5547983646392822
Rank:0 Epoch: [14/40], Step: [571/782], Loss: 0.5167717337608337
Rank:0 Epoch: [14/40], Step: [581/782], Loss: 0.30992773175239563
Rank:0 Epoch: [14/40], Step: [591/782], Loss: 0.3691065013408661
Rank:0 Epoch: [14/40], Step: [601/782], Loss: 0.5358545780181885
Rank:0 Epoch: [14/40], Step: [611/782], Loss: 0.47805893421173096
Rank:0 Epoch: [14/40], Step: [621/782], Loss: 0.3464728593826294
Rank:0 Epoch: [14/40], Step: [631/782], Loss: 0.22366800904273987
Rank:0 Epoch: [14/40], Step: [641/782], Loss: 0.4873071014881134
Rank:0 Epoch: [14/40], Step: [651/782], Loss: 0.45748767256736755
Rank:0 Epoch: [14/40], Step: [661/782], Loss: 0.44167447090148926
Rank:0 Epoch: [14/40], Step: [671/782], Loss: 0.5589662194252014
Rank:0 Epoch: [14/40], Step: [681/782], Loss: 0.3831942081451416
Rank:0 Epoch: [14/40], Step: [691/782], Loss: 0.2652061879634857
Rank:0 Epoch: [14/40], Step: [701/782], Loss: 0.2679726481437683
Rank:0 Epoch: [14/40], Step: [711/782], Loss: 0.47359031438827515
Rank:0 Epoch: [14/40], Step: [721/782], Loss: 0.6249710321426392
Rank:0 Epoch: [14/40], Step: [731/782], Loss: 0.5646647214889526
Rank:0 Epoch: [14/40], Step: [741/782], Loss: 0.31460684537887573
Rank:0 Epoch: [14/40], Step: [751/782], Loss: 0.30368322134017944
Rank:0 Epoch: [14/40], Step: [761/782], Loss: 0.2803577482700348
Rank:0 Epoch: [14/40], Step: [771/782], Loss: 0.302903413772583
Rank:0 Epoch: [14/40], Step: [781/782], Loss: 0.276517778635025
Current Test Acc: 0.8272
Rank:0 Epoch: [15/40], Step: [1/782], Loss: 0.5793412923812866
Rank:0 Epoch: [15/40], Step: [11/782], Loss: 0.515570342540741
Rank:0 Epoch: [15/40], Step: [21/782], Loss: 0.44407615065574646
Rank:0 Epoch: [15/40], Step: [31/782], Loss: 0.3017186224460602
Rank:0 Epoch: [15/40], Step: [41/782], Loss: 0.30171090364456177
Rank:0 Epoch: [15/40], Step: [51/782], Loss: 0.6372318267822266
Rank:0 Epoch: [15/40], Step: [61/782], Loss: 0.31732362508773804
Rank:0 Epoch: [15/40], Step: [71/782], Loss: 0.404018372297287
Rank:0 Epoch: [15/40], Step: [81/782], Loss: 0.43225929141044617
Rank:0 Epoch: [15/40], Step: [91/782], Loss: 0.25458550453186035
Rank:0 Epoch: [15/40], Step: [101/782], Loss: 0.3626141846179962
Rank:0 Epoch: [15/40], Step: [111/782], Loss: 0.35503441095352173
Rank:0 Epoch: [15/40], Step: [121/782], Loss: 0.32914477586746216
Rank:0 Epoch: [15/40], Step: [131/782], Loss: 0.4999507665634155
Rank:0 Epoch: [15/40], Step: [141/782], Loss: 0.40428656339645386
Rank:0 Epoch: [15/40], Step: [151/782], Loss: 0.4706939160823822
Rank:0 Epoch: [15/40], Step: [161/782], Loss: 0.6058467626571655
Rank:0 Epoch: [15/40], Step: [171/782], Loss: 0.29343289136886597
Rank:0 Epoch: [15/40], Step: [181/782], Loss: 0.6910035014152527
Rank:0 Epoch: [15/40], Step: [191/782], Loss: 0.34957846999168396
Rank:0 Epoch: [15/40], Step: [201/782], Loss: 0.49451321363449097
Rank:0 Epoch: [15/40], Step: [211/782], Loss: 0.37321364879608154
Rank:0 Epoch: [15/40], Step: [221/782], Loss: 0.36688071489334106
Rank:0 Epoch: [15/40], Step: [231/782], Loss: 0.31271621584892273
Rank:0 Epoch: [15/40], Step: [241/782], Loss: 0.39711540937423706
Rank:0 Epoch: [15/40], Step: [251/782], Loss: 0.46531111001968384
Rank:0 Epoch: [15/40], Step: [261/782], Loss: 0.38711559772491455
Rank:0 Epoch: [15/40], Step: [271/782], Loss: 0.45708969235420227
Rank:0 Epoch: [15/40], Step: [281/782], Loss: 0.3446572721004486
Rank:0 Epoch: [15/40], Step: [291/782], Loss: 0.5822981595993042
Rank:0 Epoch: [15/40], Step: [301/782], Loss: 0.3185374438762665
Rank:0 Epoch: [15/40], Step: [311/782], Loss: 0.24769631028175354
Rank:0 Epoch: [15/40], Step: [321/782], Loss: 0.513808012008667
Rank:0 Epoch: [15/40], Step: [331/782], Loss: 0.419510155916214
Rank:0 Epoch: [15/40], Step: [341/782], Loss: 0.4175453782081604
Rank:0 Epoch: [15/40], Step: [351/782], Loss: 0.4334012567996979
Rank:0 Epoch: [15/40], Step: [361/782], Loss: 0.4148940443992615
Rank:0 Epoch: [15/40], Step: [371/782], Loss: 0.36017119884490967
Rank:0 Epoch: [15/40], Step: [381/782], Loss: 0.9801273941993713
Rank:0 Epoch: [15/40], Step: [391/782], Loss: 0.3109259307384491
Rank:0 Epoch: [15/40], Step: [401/782], Loss: 0.4870533347129822
Rank:0 Epoch: [15/40], Step: [411/782], Loss: 0.5284051895141602
Rank:0 Epoch: [15/40], Step: [421/782], Loss: 0.34719938039779663
Rank:0 Epoch: [15/40], Step: [431/782], Loss: 0.6009975075721741
Rank:0 Epoch: [15/40], Step: [441/782], Loss: 0.4930587410926819
Rank:0 Epoch: [15/40], Step: [451/782], Loss: 0.33437106013298035
Rank:0 Epoch: [15/40], Step: [461/782], Loss: 0.4448007345199585
Rank:0 Epoch: [15/40], Step: [471/782], Loss: 0.3634251654148102
Rank:0 Epoch: [15/40], Step: [481/782], Loss: 0.4634081721305847
Rank:0 Epoch: [15/40], Step: [491/782], Loss: 0.49536648392677307
Rank:0 Epoch: [15/40], Step: [501/782], Loss: 0.47372934222221375
Rank:0 Epoch: [15/40], Step: [511/782], Loss: 0.4309864938259125
Rank:0 Epoch: [15/40], Step: [521/782], Loss: 0.26889050006866455
Rank:0 Epoch: [15/40], Step: [531/782], Loss: 0.5298188328742981
Rank:0 Epoch: [15/40], Step: [541/782], Loss: 0.442375123500824
Rank:0 Epoch: [15/40], Step: [551/782], Loss: 0.4536919891834259
Rank:0 Epoch: [15/40], Step: [561/782], Loss: 0.5441097617149353
Rank:0 Epoch: [15/40], Step: [571/782], Loss: 0.5303870439529419
Rank:0 Epoch: [15/40], Step: [581/782], Loss: 0.2642248272895813
Rank:0 Epoch: [15/40], Step: [591/782], Loss: 0.3007948100566864
Rank:0 Epoch: [15/40], Step: [601/782], Loss: 0.3619437515735626
Rank:0 Epoch: [15/40], Step: [611/782], Loss: 0.5155317783355713
Rank:0 Epoch: [15/40], Step: [621/782], Loss: 0.4949615001678467
Rank:0 Epoch: [15/40], Step: [631/782], Loss: 0.266349732875824
Rank:0 Epoch: [15/40], Step: [641/782], Loss: 0.4657491147518158
Rank:0 Epoch: [15/40], Step: [651/782], Loss: 0.30013999342918396
Rank:0 Epoch: [15/40], Step: [661/782], Loss: 0.4164655804634094
Rank:0 Epoch: [15/40], Step: [671/782], Loss: 0.40590155124664307
Rank:0 Epoch: [15/40], Step: [681/782], Loss: 0.45022475719451904
Rank:0 Epoch: [15/40], Step: [691/782], Loss: 0.4564667344093323
Rank:0 Epoch: [15/40], Step: [701/782], Loss: 0.2386268526315689
Rank:0 Epoch: [15/40], Step: [711/782], Loss: 0.3384737968444824
Rank:0 Epoch: [15/40], Step: [721/782], Loss: 0.39412856101989746
Rank:0 Epoch: [15/40], Step: [731/782], Loss: 0.6824171543121338
Rank:0 Epoch: [15/40], Step: [741/782], Loss: 0.6195799708366394
Rank:0 Epoch: [15/40], Step: [751/782], Loss: 0.3811735510826111
Rank:0 Epoch: [15/40], Step: [761/782], Loss: 0.7879635691642761
Rank:0 Epoch: [15/40], Step: [771/782], Loss: 0.5218652486801147
Rank:0 Epoch: [15/40], Step: [781/782], Loss: 0.2850239872932434
Current Test Acc: 0.8368
Rank:0 Epoch: [16/40], Step: [1/782], Loss: 0.4293892979621887
Rank:0 Epoch: [16/40], Step: [11/782], Loss: 0.5506152510643005
Rank:0 Epoch: [16/40], Step: [21/782], Loss: 0.4117254912853241
Rank:0 Epoch: [16/40], Step: [31/782], Loss: 0.34858438372612
Rank:0 Epoch: [16/40], Step: [41/782], Loss: 0.40164506435394287
Rank:0 Epoch: [16/40], Step: [51/782], Loss: 0.36833900213241577
Rank:0 Epoch: [16/40], Step: [61/782], Loss: 0.581938624382019
Rank:0 Epoch: [16/40], Step: [71/782], Loss: 0.49057474732398987
Rank:0 Epoch: [16/40], Step: [81/782], Loss: 0.30282700061798096
Rank:0 Epoch: [16/40], Step: [91/782], Loss: 0.3104109764099121
Rank:0 Epoch: [16/40], Step: [101/782], Loss: 0.36632829904556274
Rank:0 Epoch: [16/40], Step: [111/782], Loss: 0.4289190173149109
Rank:0 Epoch: [16/40], Step: [121/782], Loss: 0.4638703763484955
Rank:0 Epoch: [16/40], Step: [131/782], Loss: 0.5274578332901001
Rank:0 Epoch: [16/40], Step: [141/782], Loss: 0.2876693606376648
Rank:0 Epoch: [16/40], Step: [151/782], Loss: 0.3569411337375641
Rank:0 Epoch: [16/40], Step: [161/782], Loss: 0.4148850739002228
Rank:0 Epoch: [16/40], Step: [171/782], Loss: 0.5633673071861267
Rank:0 Epoch: [16/40], Step: [181/782], Loss: 0.22884966433048248
Rank:0 Epoch: [16/40], Step: [191/782], Loss: 0.4215528666973114
Rank:0 Epoch: [16/40], Step: [201/782], Loss: 0.29840296506881714
Rank:0 Epoch: [16/40], Step: [211/782], Loss: 0.7031548619270325
Rank:0 Epoch: [16/40], Step: [221/782], Loss: 0.2562749683856964
Rank:0 Epoch: [16/40], Step: [231/782], Loss: 0.2968970239162445
Rank:0 Epoch: [16/40], Step: [241/782], Loss: 0.4187968075275421
Rank:0 Epoch: [16/40], Step: [251/782], Loss: 0.41826552152633667
Rank:0 Epoch: [16/40], Step: [261/782], Loss: 0.4379239082336426
Rank:0 Epoch: [16/40], Step: [271/782], Loss: 0.31313467025756836
Rank:0 Epoch: [16/40], Step: [281/782], Loss: 0.4960615038871765
Rank:0 Epoch: [16/40], Step: [291/782], Loss: 0.41530466079711914
Rank:0 Epoch: [16/40], Step: [301/782], Loss: 0.4427410662174225
Rank:0 Epoch: [16/40], Step: [311/782], Loss: 0.5464111566543579
Rank:0 Epoch: [16/40], Step: [321/782], Loss: 0.3580811321735382
Rank:0 Epoch: [16/40], Step: [331/782], Loss: 0.4008138179779053
Rank:0 Epoch: [16/40], Step: [341/782], Loss: 0.45451876521110535
Rank:0 Epoch: [16/40], Step: [351/782], Loss: 0.46603211760520935
Rank:0 Epoch: [16/40], Step: [361/782], Loss: 0.2859492003917694
Rank:0 Epoch: [16/40], Step: [371/782], Loss: 0.4437846839427948
Rank:0 Epoch: [16/40], Step: [381/782], Loss: 0.3882657587528229
Rank:0 Epoch: [16/40], Step: [391/782], Loss: 0.4213598072528839
Rank:0 Epoch: [16/40], Step: [401/782], Loss: 0.38592270016670227
Rank:0 Epoch: [16/40], Step: [411/782], Loss: 0.7435891032218933
Rank:0 Epoch: [16/40], Step: [421/782], Loss: 0.5346904993057251
Rank:0 Epoch: [16/40], Step: [431/782], Loss: 0.4921923875808716
Rank:0 Epoch: [16/40], Step: [441/782], Loss: 0.43063831329345703
Rank:0 Epoch: [16/40], Step: [451/782], Loss: 0.503267765045166
Rank:0 Epoch: [16/40], Step: [461/782], Loss: 0.5509941577911377
Rank:0 Epoch: [16/40], Step: [471/782], Loss: 0.4001658260822296
Rank:0 Epoch: [16/40], Step: [481/782], Loss: 0.482746422290802
Rank:0 Epoch: [16/40], Step: [491/782], Loss: 0.36997589468955994
Rank:0 Epoch: [16/40], Step: [501/782], Loss: 0.3524649441242218
Rank:0 Epoch: [16/40], Step: [511/782], Loss: 0.2682878375053406
Rank:0 Epoch: [16/40], Step: [521/782], Loss: 0.4800627529621124
Rank:0 Epoch: [16/40], Step: [531/782], Loss: 0.3343876302242279
Rank:0 Epoch: [16/40], Step: [541/782], Loss: 0.27217045426368713
Rank:0 Epoch: [16/40], Step: [551/782], Loss: 0.3633038103580475
Rank:0 Epoch: [16/40], Step: [561/782], Loss: 0.3451123535633087
Rank:0 Epoch: [16/40], Step: [571/782], Loss: 0.4280611276626587
Rank:0 Epoch: [16/40], Step: [581/782], Loss: 0.3558788299560547
Rank:0 Epoch: [16/40], Step: [591/782], Loss: 0.2915155589580536
Rank:0 Epoch: [16/40], Step: [601/782], Loss: 0.36208903789520264
Rank:0 Epoch: [16/40], Step: [611/782], Loss: 0.5192481875419617
Rank:0 Epoch: [16/40], Step: [621/782], Loss: 0.502870500087738
Rank:0 Epoch: [16/40], Step: [631/782], Loss: 0.47988495230674744
Rank:0 Epoch: [16/40], Step: [641/782], Loss: 0.3633197844028473
Rank:0 Epoch: [16/40], Step: [651/782], Loss: 0.3807174265384674
Rank:0 Epoch: [16/40], Step: [661/782], Loss: 0.27926546335220337
Rank:0 Epoch: [16/40], Step: [671/782], Loss: 0.4268294870853424
Rank:0 Epoch: [16/40], Step: [681/782], Loss: 0.3680178225040436
Rank:0 Epoch: [16/40], Step: [691/782], Loss: 0.40482383966445923
Rank:0 Epoch: [16/40], Step: [701/782], Loss: 0.26877036690711975
Rank:0 Epoch: [16/40], Step: [711/782], Loss: 0.42359480261802673
Rank:0 Epoch: [16/40], Step: [721/782], Loss: 0.6908726692199707
Rank:0 Epoch: [16/40], Step: [731/782], Loss: 0.331707239151001
Rank:0 Epoch: [16/40], Step: [741/782], Loss: 0.6032454967498779
Rank:0 Epoch: [16/40], Step: [751/782], Loss: 0.4144279956817627
Rank:0 Epoch: [16/40], Step: [761/782], Loss: 0.3918110132217407
Rank:0 Epoch: [16/40], Step: [771/782], Loss: 0.32662540674209595
Rank:0 Epoch: [16/40], Step: [781/782], Loss: 0.44991233944892883
Current Test Acc: 0.8438
Rank:0 Epoch: [17/40], Step: [1/782], Loss: 0.20011082291603088
Rank:0 Epoch: [17/40], Step: [11/782], Loss: 0.39603474736213684
Rank:0 Epoch: [17/40], Step: [21/782], Loss: 0.3282342851161957
Rank:0 Epoch: [17/40], Step: [31/782], Loss: 0.3772229552268982
Rank:0 Epoch: [17/40], Step: [41/782], Loss: 0.31221386790275574
Rank:0 Epoch: [17/40], Step: [51/782], Loss: 0.4857899844646454
Rank:0 Epoch: [17/40], Step: [61/782], Loss: 0.5599626302719116
Rank:0 Epoch: [17/40], Step: [71/782], Loss: 0.4376591742038727
Rank:0 Epoch: [17/40], Step: [81/782], Loss: 0.3172994554042816
Rank:0 Epoch: [17/40], Step: [91/782], Loss: 0.28953471779823303
Rank:0 Epoch: [17/40], Step: [101/782], Loss: 0.2542133033275604
Rank:0 Epoch: [17/40], Step: [111/782], Loss: 0.4575193524360657
Rank:0 Epoch: [17/40], Step: [121/782], Loss: 0.34742090106010437
Rank:0 Epoch: [17/40], Step: [131/782], Loss: 0.40240636467933655
Rank:0 Epoch: [17/40], Step: [141/782], Loss: 0.49823686480522156
Rank:0 Epoch: [17/40], Step: [151/782], Loss: 0.3313096761703491
Rank:0 Epoch: [17/40], Step: [161/782], Loss: 0.25510379672050476
Rank:0 Epoch: [17/40], Step: [171/782], Loss: 0.7697606086730957
Rank:0 Epoch: [17/40], Step: [181/782], Loss: 0.42123547196388245
Rank:0 Epoch: [17/40], Step: [191/782], Loss: 0.32359421253204346
Rank:0 Epoch: [17/40], Step: [201/782], Loss: 0.4371809661388397
Rank:0 Epoch: [17/40], Step: [211/782], Loss: 0.4962920844554901
Rank:0 Epoch: [17/40], Step: [221/782], Loss: 0.397806316614151
Rank:0 Epoch: [17/40], Step: [231/782], Loss: 0.3484562039375305
Rank:0 Epoch: [17/40], Step: [241/782], Loss: 0.3178637623786926
Rank:0 Epoch: [17/40], Step: [251/782], Loss: 0.6031774282455444
Rank:0 Epoch: [17/40], Step: [261/782], Loss: 0.4556901454925537
Rank:0 Epoch: [17/40], Step: [271/782], Loss: 0.37157368659973145
Rank:0 Epoch: [17/40], Step: [281/782], Loss: 0.3180936872959137
Rank:0 Epoch: [17/40], Step: [291/782], Loss: 0.606722891330719
Rank:0 Epoch: [17/40], Step: [301/782], Loss: 0.26397955417633057
Rank:0 Epoch: [17/40], Step: [311/782], Loss: 0.3871646523475647
Rank:0 Epoch: [17/40], Step: [321/782], Loss: 0.36770254373550415
Rank:0 Epoch: [17/40], Step: [331/782], Loss: 0.498235821723938
Rank:0 Epoch: [17/40], Step: [341/782], Loss: 0.3879085183143616
Rank:0 Epoch: [17/40], Step: [351/782], Loss: 0.42088061571121216
Rank:0 Epoch: [17/40], Step: [361/782], Loss: 0.4522823095321655
Rank:0 Epoch: [17/40], Step: [371/782], Loss: 0.422009140253067
Rank:0 Epoch: [17/40], Step: [381/782], Loss: 0.5794569849967957
Rank:0 Epoch: [17/40], Step: [391/782], Loss: 0.2920611500740051
Rank:0 Epoch: [17/40], Step: [401/782], Loss: 0.6119751930236816
Rank:0 Epoch: [17/40], Step: [411/782], Loss: 0.481180876493454
Rank:0 Epoch: [17/40], Step: [421/782], Loss: 0.35267964005470276
Rank:0 Epoch: [17/40], Step: [431/782], Loss: 0.3245682716369629
Rank:0 Epoch: [17/40], Step: [441/782], Loss: 0.4575047492980957
Rank:0 Epoch: [17/40], Step: [451/782], Loss: 0.3174048662185669
Rank:0 Epoch: [17/40], Step: [461/782], Loss: 0.5126973390579224
Rank:0 Epoch: [17/40], Step: [471/782], Loss: 0.3970341086387634
Rank:0 Epoch: [17/40], Step: [481/782], Loss: 0.22037644684314728
Rank:0 Epoch: [17/40], Step: [491/782], Loss: 0.4010733962059021
Rank:0 Epoch: [17/40], Step: [501/782], Loss: 0.2509714365005493
Rank:0 Epoch: [17/40], Step: [511/782], Loss: 0.4486493170261383
Rank:0 Epoch: [17/40], Step: [521/782], Loss: 0.352860689163208
Rank:0 Epoch: [17/40], Step: [531/782], Loss: 0.5480708479881287
Rank:0 Epoch: [17/40], Step: [541/782], Loss: 0.36149898171424866
Rank:0 Epoch: [17/40], Step: [551/782], Loss: 0.31635814905166626
Rank:0 Epoch: [17/40], Step: [561/782], Loss: 0.5839617848396301
Rank:0 Epoch: [17/40], Step: [571/782], Loss: 0.3960992693901062
Rank:0 Epoch: [17/40], Step: [581/782], Loss: 0.4768408238887787
Rank:0 Epoch: [17/40], Step: [591/782], Loss: 0.3019803464412689
Rank:0 Epoch: [17/40], Step: [601/782], Loss: 0.2815791964530945
Rank:0 Epoch: [17/40], Step: [611/782], Loss: 0.45784077048301697
Rank:0 Epoch: [17/40], Step: [621/782], Loss: 0.30818429589271545
Rank:0 Epoch: [17/40], Step: [631/782], Loss: 0.37815728783607483
Rank:0 Epoch: [17/40], Step: [641/782], Loss: 0.271101176738739
Rank:0 Epoch: [17/40], Step: [651/782], Loss: 0.33886125683784485
Rank:0 Epoch: [17/40], Step: [661/782], Loss: 0.4942054748535156
Rank:0 Epoch: [17/40], Step: [671/782], Loss: 0.4206751585006714
Rank:0 Epoch: [17/40], Step: [681/782], Loss: 0.3552413880825043
Rank:0 Epoch: [17/40], Step: [691/782], Loss: 0.32323259115219116
Rank:0 Epoch: [17/40], Step: [701/782], Loss: 0.31731656193733215
Rank:0 Epoch: [17/40], Step: [711/782], Loss: 0.616982102394104
Rank:0 Epoch: [17/40], Step: [721/782], Loss: 0.4657694399356842
Rank:0 Epoch: [17/40], Step: [731/782], Loss: 0.25299814343452454
Rank:0 Epoch: [17/40], Step: [741/782], Loss: 0.3710714876651764
Rank:0 Epoch: [17/40], Step: [751/782], Loss: 0.5090550780296326
Rank:0 Epoch: [17/40], Step: [761/782], Loss: 0.4422603249549866
Rank:0 Epoch: [17/40], Step: [771/782], Loss: 0.5746217370033264
Rank:0 Epoch: [17/40], Step: [781/782], Loss: 0.18897676467895508
Current Test Acc: 0.8076
Rank:0 Epoch: [18/40], Step: [1/782], Loss: 0.3111349940299988
Rank:0 Epoch: [18/40], Step: [11/782], Loss: 0.407396525144577
Rank:0 Epoch: [18/40], Step: [21/782], Loss: 0.5358433127403259
Rank:0 Epoch: [18/40], Step: [31/782], Loss: 0.3795834183692932
Rank:0 Epoch: [18/40], Step: [41/782], Loss: 0.3346957266330719
Rank:0 Epoch: [18/40], Step: [51/782], Loss: 0.3291275203227997
Rank:0 Epoch: [18/40], Step: [61/782], Loss: 0.4963465631008148
Rank:0 Epoch: [18/40], Step: [71/782], Loss: 0.2366495579481125
Rank:0 Epoch: [18/40], Step: [81/782], Loss: 0.44257092475891113
Rank:0 Epoch: [18/40], Step: [91/782], Loss: 0.4361990690231323
Rank:0 Epoch: [18/40], Step: [101/782], Loss: 0.25555261969566345
Rank:0 Epoch: [18/40], Step: [111/782], Loss: 0.3023003935813904
Rank:0 Epoch: [18/40], Step: [121/782], Loss: 0.5385035872459412
Rank:0 Epoch: [18/40], Step: [131/782], Loss: 0.5176956057548523
Rank:0 Epoch: [18/40], Step: [141/782], Loss: 0.2505348324775696
Rank:0 Epoch: [18/40], Step: [151/782], Loss: 0.3891230523586273
Rank:0 Epoch: [18/40], Step: [161/782], Loss: 0.37679579854011536
Rank:0 Epoch: [18/40], Step: [171/782], Loss: 0.5003451108932495
Rank:0 Epoch: [18/40], Step: [181/782], Loss: 0.26445522904396057
Rank:0 Epoch: [18/40], Step: [191/782], Loss: 0.6433151960372925
Rank:0 Epoch: [18/40], Step: [201/782], Loss: 0.38426142930984497
Rank:0 Epoch: [18/40], Step: [211/782], Loss: 0.35503172874450684
Rank:0 Epoch: [18/40], Step: [221/782], Loss: 0.19547638297080994
Rank:0 Epoch: [18/40], Step: [231/782], Loss: 0.2512660324573517
Rank:0 Epoch: [18/40], Step: [241/782], Loss: 0.2772313058376312
Rank:0 Epoch: [18/40], Step: [251/782], Loss: 0.4011082351207733
Rank:0 Epoch: [18/40], Step: [261/782], Loss: 0.5240708589553833
Rank:0 Epoch: [18/40], Step: [271/782], Loss: 0.5073570013046265
Rank:0 Epoch: [18/40], Step: [281/782], Loss: 0.3395213186740875
Rank:0 Epoch: [18/40], Step: [291/782], Loss: 0.42788442969322205
Rank:0 Epoch: [18/40], Step: [301/782], Loss: 0.396295428276062
Rank:0 Epoch: [18/40], Step: [311/782], Loss: 0.5203188061714172
Rank:0 Epoch: [18/40], Step: [321/782], Loss: 0.41598936915397644
Rank:0 Epoch: [18/40], Step: [331/782], Loss: 0.48592400550842285
Rank:0 Epoch: [18/40], Step: [341/782], Loss: 0.39670035243034363
Rank:0 Epoch: [18/40], Step: [351/782], Loss: 0.3337460160255432
Rank:0 Epoch: [18/40], Step: [361/782], Loss: 0.5888024568557739
Rank:0 Epoch: [18/40], Step: [371/782], Loss: 0.47658610343933105
Rank:0 Epoch: [18/40], Step: [381/782], Loss: 0.20779912173748016
Rank:0 Epoch: [18/40], Step: [391/782], Loss: 0.38186338543891907
Rank:0 Epoch: [18/40], Step: [401/782], Loss: 0.47820985317230225
Rank:0 Epoch: [18/40], Step: [411/782], Loss: 0.2676040530204773
Rank:0 Epoch: [18/40], Step: [421/782], Loss: 0.3760994076728821
Rank:0 Epoch: [18/40], Step: [431/782], Loss: 0.3977922201156616
Rank:0 Epoch: [18/40], Step: [441/782], Loss: 0.2877788245677948
Rank:0 Epoch: [18/40], Step: [451/782], Loss: 0.410294771194458
Rank:0 Epoch: [18/40], Step: [461/782], Loss: 0.49787628650665283
Rank:0 Epoch: [18/40], Step: [471/782], Loss: 0.4691019356250763
Rank:0 Epoch: [18/40], Step: [481/782], Loss: 0.4364107847213745
Rank:0 Epoch: [18/40], Step: [491/782], Loss: 0.47792714834213257
Rank:0 Epoch: [18/40], Step: [501/782], Loss: 0.43831759691238403
Rank:0 Epoch: [18/40], Step: [511/782], Loss: 0.3860360085964203
Rank:0 Epoch: [18/40], Step: [521/782], Loss: 0.35178306698799133
Rank:0 Epoch: [18/40], Step: [531/782], Loss: 0.356433629989624
Rank:0 Epoch: [18/40], Step: [541/782], Loss: 0.5419306755065918
Rank:0 Epoch: [18/40], Step: [551/782], Loss: 0.3480300307273865
Rank:0 Epoch: [18/40], Step: [561/782], Loss: 0.5020505785942078
Rank:0 Epoch: [18/40], Step: [571/782], Loss: 0.42806997895240784
Rank:0 Epoch: [18/40], Step: [581/782], Loss: 0.5079890489578247
Rank:0 Epoch: [18/40], Step: [591/782], Loss: 0.3407590091228485
Rank:0 Epoch: [18/40], Step: [601/782], Loss: 0.5117339491844177
Rank:0 Epoch: [18/40], Step: [611/782], Loss: 0.6093072295188904
Rank:0 Epoch: [18/40], Step: [621/782], Loss: 0.2869412302970886
Rank:0 Epoch: [18/40], Step: [631/782], Loss: 0.5104762315750122
Rank:0 Epoch: [18/40], Step: [641/782], Loss: 0.4715286195278168
Rank:0 Epoch: [18/40], Step: [651/782], Loss: 0.4135900139808655
Rank:0 Epoch: [18/40], Step: [661/782], Loss: 0.5173876881599426
Rank:0 Epoch: [18/40], Step: [671/782], Loss: 0.5255888104438782
Rank:0 Epoch: [18/40], Step: [681/782], Loss: 0.3913347125053406
Rank:0 Epoch: [18/40], Step: [691/782], Loss: 0.5863440036773682
Rank:0 Epoch: [18/40], Step: [701/782], Loss: 0.37162140011787415
Rank:0 Epoch: [18/40], Step: [711/782], Loss: 0.49861589074134827
Rank:0 Epoch: [18/40], Step: [721/782], Loss: 0.4936482310295105
Rank:0 Epoch: [18/40], Step: [731/782], Loss: 0.26735919713974
Rank:0 Epoch: [18/40], Step: [741/782], Loss: 0.43710416555404663
Rank:0 Epoch: [18/40], Step: [751/782], Loss: 0.3975198566913605
Rank:0 Epoch: [18/40], Step: [761/782], Loss: 0.3203638792037964
Rank:0 Epoch: [18/40], Step: [771/782], Loss: 0.3041836619377136
Rank:0 Epoch: [18/40], Step: [781/782], Loss: 0.31836315989494324
Current Test Acc: 0.8242
Rank:0 Epoch: [19/40], Step: [1/782], Loss: 0.4419190287590027
Rank:0 Epoch: [19/40], Step: [11/782], Loss: 0.3384484052658081
Rank:0 Epoch: [19/40], Step: [21/782], Loss: 0.4007318317890167
Rank:0 Epoch: [19/40], Step: [31/782], Loss: 0.27170443534851074
Rank:0 Epoch: [19/40], Step: [41/782], Loss: 0.36308518052101135
Rank:0 Epoch: [19/40], Step: [51/782], Loss: 0.39646103978157043
Rank:0 Epoch: [19/40], Step: [61/782], Loss: 0.3402080237865448
Rank:0 Epoch: [19/40], Step: [71/782], Loss: 0.2006741166114807
Rank:0 Epoch: [19/40], Step: [81/782], Loss: 0.38070353865623474
Rank:0 Epoch: [19/40], Step: [91/782], Loss: 0.8218798637390137
Rank:0 Epoch: [19/40], Step: [101/782], Loss: 0.3013928234577179
Rank:0 Epoch: [19/40], Step: [111/782], Loss: 0.4144667387008667
Rank:0 Epoch: [19/40], Step: [121/782], Loss: 0.6525838971138
Rank:0 Epoch: [19/40], Step: [131/782], Loss: 0.44950708746910095
Rank:0 Epoch: [19/40], Step: [141/782], Loss: 0.4372160732746124
Rank:0 Epoch: [19/40], Step: [151/782], Loss: 0.42296552658081055
Rank:0 Epoch: [19/40], Step: [161/782], Loss: 0.33310434222221375
Rank:0 Epoch: [19/40], Step: [171/782], Loss: 0.4807892143726349
Rank:0 Epoch: [19/40], Step: [181/782], Loss: 0.38072317838668823
Rank:0 Epoch: [19/40], Step: [191/782], Loss: 0.5573801398277283
Rank:0 Epoch: [19/40], Step: [201/782], Loss: 0.3982394337654114
Rank:0 Epoch: [19/40], Step: [211/782], Loss: 0.3103501498699188
Rank:0 Epoch: [19/40], Step: [221/782], Loss: 0.4625101089477539
Rank:0 Epoch: [19/40], Step: [231/782], Loss: 0.49320244789123535
Rank:0 Epoch: [19/40], Step: [241/782], Loss: 0.38994577527046204
Rank:0 Epoch: [19/40], Step: [251/782], Loss: 0.6595867872238159
Rank:0 Epoch: [19/40], Step: [261/782], Loss: 0.5285702347755432
Rank:0 Epoch: [19/40], Step: [271/782], Loss: 0.5725216865539551
Rank:0 Epoch: [19/40], Step: [281/782], Loss: 0.4178374111652374
Rank:0 Epoch: [19/40], Step: [291/782], Loss: 0.3910332918167114
Rank:0 Epoch: [19/40], Step: [301/782], Loss: 0.4312658905982971
Rank:0 Epoch: [19/40], Step: [311/782], Loss: 0.46221593022346497
Rank:0 Epoch: [19/40], Step: [321/782], Loss: 0.33025285601615906
Rank:0 Epoch: [19/40], Step: [331/782], Loss: 0.4934927821159363
Rank:0 Epoch: [19/40], Step: [341/782], Loss: 0.5724068284034729
Rank:0 Epoch: [19/40], Step: [351/782], Loss: 0.4309266209602356
Rank:0 Epoch: [19/40], Step: [361/782], Loss: 0.5306212306022644
Rank:0 Epoch: [19/40], Step: [371/782], Loss: 0.41774508357048035
Rank:0 Epoch: [19/40], Step: [381/782], Loss: 0.3260071277618408
Rank:0 Epoch: [19/40], Step: [391/782], Loss: 0.6090056896209717
Rank:0 Epoch: [19/40], Step: [401/782], Loss: 0.5870946645736694
Rank:0 Epoch: [19/40], Step: [411/782], Loss: 0.5729177594184875
Rank:0 Epoch: [19/40], Step: [421/782], Loss: 0.39688923954963684
Rank:0 Epoch: [19/40], Step: [431/782], Loss: 0.4824930429458618
Rank:0 Epoch: [19/40], Step: [441/782], Loss: 0.3905271589756012
Rank:0 Epoch: [19/40], Step: [451/782], Loss: 0.312583863735199
Rank:0 Epoch: [19/40], Step: [461/782], Loss: 0.34488967061042786
Rank:0 Epoch: [19/40], Step: [471/782], Loss: 0.3965141773223877
Rank:0 Epoch: [19/40], Step: [481/782], Loss: 0.3973545730113983
Rank:0 Epoch: [19/40], Step: [491/782], Loss: 0.288956880569458
Rank:0 Epoch: [19/40], Step: [501/782], Loss: 0.49826228618621826
Rank:0 Epoch: [19/40], Step: [511/782], Loss: 0.5110352039337158
Rank:0 Epoch: [19/40], Step: [521/782], Loss: 0.494062602519989
Rank:0 Epoch: [19/40], Step: [531/782], Loss: 0.43203455209732056
Rank:0 Epoch: [19/40], Step: [541/782], Loss: 0.49291446805000305
Rank:0 Epoch: [19/40], Step: [551/782], Loss: 0.38490572571754456
Rank:0 Epoch: [19/40], Step: [561/782], Loss: 0.2060396522283554
Rank:0 Epoch: [19/40], Step: [571/782], Loss: 0.32789602875709534
Rank:0 Epoch: [19/40], Step: [581/782], Loss: 0.4651910662651062
Rank:0 Epoch: [19/40], Step: [591/782], Loss: 0.4871079623699188
Rank:0 Epoch: [19/40], Step: [601/782], Loss: 0.4240695536136627
Rank:0 Epoch: [19/40], Step: [611/782], Loss: 0.2716540992259979
Rank:0 Epoch: [19/40], Step: [621/782], Loss: 0.37123364210128784
Rank:0 Epoch: [19/40], Step: [631/782], Loss: 0.3192136883735657
Rank:0 Epoch: [19/40], Step: [641/782], Loss: 0.5660387277603149
Rank:0 Epoch: [19/40], Step: [651/782], Loss: 0.5582435131072998
Rank:0 Epoch: [19/40], Step: [661/782], Loss: 0.3209497332572937
Rank:0 Epoch: [19/40], Step: [671/782], Loss: 0.4729018211364746
Rank:0 Epoch: [19/40], Step: [681/782], Loss: 0.46548813581466675
Rank:0 Epoch: [19/40], Step: [691/782], Loss: 0.4835478365421295
Rank:0 Epoch: [19/40], Step: [701/782], Loss: 0.3740330934524536
Rank:0 Epoch: [19/40], Step: [711/782], Loss: 0.4155614674091339
Rank:0 Epoch: [19/40], Step: [721/782], Loss: 0.4532506763935089
Rank:0 Epoch: [19/40], Step: [731/782], Loss: 0.4629944860935211
Rank:0 Epoch: [19/40], Step: [741/782], Loss: 0.4593873918056488
Rank:0 Epoch: [19/40], Step: [751/782], Loss: 0.4993126690387726
Rank:0 Epoch: [19/40], Step: [761/782], Loss: 0.23148153722286224
Rank:0 Epoch: [19/40], Step: [771/782], Loss: 0.254014790058136
Rank:0 Epoch: [19/40], Step: [781/782], Loss: 0.44282451272010803
Current Test Acc: 0.8427
Rank:0 Epoch: [20/40], Step: [1/782], Loss: 0.31906455755233765
Rank:0 Epoch: [20/40], Step: [11/782], Loss: 0.4450174868106842
Rank:0 Epoch: [20/40], Step: [21/782], Loss: 0.43379175662994385
Rank:0 Epoch: [20/40], Step: [31/782], Loss: 0.323247492313385
Rank:0 Epoch: [20/40], Step: [41/782], Loss: 0.543831467628479
Rank:0 Epoch: [20/40], Step: [51/782], Loss: 0.3953649401664734
Rank:0 Epoch: [20/40], Step: [61/782], Loss: 0.36865153908729553
Rank:0 Epoch: [20/40], Step: [71/782], Loss: 0.48281195759773254
Rank:0 Epoch: [20/40], Step: [81/782], Loss: 0.36727261543273926
Rank:0 Epoch: [20/40], Step: [91/782], Loss: 0.3661130368709564
Rank:0 Epoch: [20/40], Step: [101/782], Loss: 0.3077477514743805
Rank:0 Epoch: [20/40], Step: [111/782], Loss: 0.3883883059024811
Rank:0 Epoch: [20/40], Step: [121/782], Loss: 0.37965264916419983
Rank:0 Epoch: [20/40], Step: [131/782], Loss: 0.3084262013435364
Rank:0 Epoch: [20/40], Step: [141/782], Loss: 0.3147536516189575
Rank:0 Epoch: [20/40], Step: [151/782], Loss: 0.4799904525279999
Rank:0 Epoch: [20/40], Step: [161/782], Loss: 0.49245354533195496
Rank:0 Epoch: [20/40], Step: [171/782], Loss: 0.4098256826400757
Rank:0 Epoch: [20/40], Step: [181/782], Loss: 0.418681263923645
Rank:0 Epoch: [20/40], Step: [191/782], Loss: 0.4030134081840515
Rank:0 Epoch: [20/40], Step: [201/782], Loss: 0.32808127999305725
Rank:0 Epoch: [20/40], Step: [211/782], Loss: 0.3321114480495453
Rank:0 Epoch: [20/40], Step: [221/782], Loss: 0.31141114234924316
Rank:0 Epoch: [20/40], Step: [231/782], Loss: 0.3768875300884247
Rank:0 Epoch: [20/40], Step: [241/782], Loss: 0.3851124942302704
Rank:0 Epoch: [20/40], Step: [251/782], Loss: 0.3202604651451111
Rank:0 Epoch: [20/40], Step: [261/782], Loss: 0.24488091468811035
Rank:0 Epoch: [20/40], Step: [271/782], Loss: 0.3188421428203583
Rank:0 Epoch: [20/40], Step: [281/782], Loss: 0.7569719552993774
Rank:0 Epoch: [20/40], Step: [291/782], Loss: 0.4443300664424896
Rank:0 Epoch: [20/40], Step: [301/782], Loss: 0.4582732319831848
Rank:0 Epoch: [20/40], Step: [311/782], Loss: 0.24567803740501404
Rank:0 Epoch: [20/40], Step: [321/782], Loss: 0.3443208932876587
Rank:0 Epoch: [20/40], Step: [331/782], Loss: 0.3784298598766327
Rank:0 Epoch: [20/40], Step: [341/782], Loss: 0.30778685212135315
Rank:0 Epoch: [20/40], Step: [351/782], Loss: 0.30563807487487793
Rank:0 Epoch: [20/40], Step: [361/782], Loss: 0.4676418602466583
Rank:0 Epoch: [20/40], Step: [371/782], Loss: 0.27688705921173096
Rank:0 Epoch: [20/40], Step: [381/782], Loss: 0.5396523475646973
Rank:0 Epoch: [20/40], Step: [391/782], Loss: 0.3552553653717041
Rank:0 Epoch: [20/40], Step: [401/782], Loss: 0.4984126389026642
Rank:0 Epoch: [20/40], Step: [411/782], Loss: 0.41412076354026794
Rank:0 Epoch: [20/40], Step: [421/782], Loss: 0.46974557638168335
Rank:0 Epoch: [20/40], Step: [431/782], Loss: 0.4836116433143616
Rank:0 Epoch: [20/40], Step: [441/782], Loss: 0.335620254278183
Rank:0 Epoch: [20/40], Step: [451/782], Loss: 0.4074571132659912
Rank:0 Epoch: [20/40], Step: [461/782], Loss: 0.3493334650993347
Rank:0 Epoch: [20/40], Step: [471/782], Loss: 0.4135051965713501
Rank:0 Epoch: [20/40], Step: [481/782], Loss: 0.7419887781143188
Rank:0 Epoch: [20/40], Step: [491/782], Loss: 0.46264106035232544
Rank:0 Epoch: [20/40], Step: [501/782], Loss: 0.5573235750198364
Rank:0 Epoch: [20/40], Step: [511/782], Loss: 0.30035996437072754
Rank:0 Epoch: [20/40], Step: [521/782], Loss: 0.3337307572364807
Rank:0 Epoch: [20/40], Step: [531/782], Loss: 0.3260168731212616
Rank:0 Epoch: [20/40], Step: [541/782], Loss: 0.11004592478275299
Rank:0 Epoch: [20/40], Step: [551/782], Loss: 0.3814260959625244
Rank:0 Epoch: [20/40], Step: [561/782], Loss: 0.428663045167923
Rank:0 Epoch: [20/40], Step: [571/782], Loss: 0.4008232653141022
Rank:0 Epoch: [20/40], Step: [581/782], Loss: 0.34873560070991516
Rank:0 Epoch: [20/40], Step: [591/782], Loss: 0.4186885356903076
Rank:0 Epoch: [20/40], Step: [601/782], Loss: 0.5459879040718079
Rank:0 Epoch: [20/40], Step: [611/782], Loss: 0.5857367515563965
Rank:0 Epoch: [20/40], Step: [621/782], Loss: 0.3379289209842682
Rank:0 Epoch: [20/40], Step: [631/782], Loss: 0.5059095621109009
Rank:0 Epoch: [20/40], Step: [641/782], Loss: 0.24750427901744843
Rank:0 Epoch: [20/40], Step: [651/782], Loss: 0.30708473920822144
Rank:0 Epoch: [20/40], Step: [661/782], Loss: 0.2646269202232361
Rank:0 Epoch: [20/40], Step: [671/782], Loss: 0.3624103367328644
Rank:0 Epoch: [20/40], Step: [681/782], Loss: 0.4547836184501648
Rank:0 Epoch: [20/40], Step: [691/782], Loss: 0.640497088432312
Rank:0 Epoch: [20/40], Step: [701/782], Loss: 0.31514453887939453
Rank:0 Epoch: [20/40], Step: [711/782], Loss: 0.41573667526245117
Rank:0 Epoch: [20/40], Step: [721/782], Loss: 0.40153074264526367
Rank:0 Epoch: [20/40], Step: [731/782], Loss: 0.38690003752708435
Rank:0 Epoch: [20/40], Step: [741/782], Loss: 0.4558779001235962
Rank:0 Epoch: [20/40], Step: [751/782], Loss: 0.5006995797157288
Rank:0 Epoch: [20/40], Step: [761/782], Loss: 0.37484991550445557
Rank:0 Epoch: [20/40], Step: [771/782], Loss: 0.2696632146835327
Rank:0 Epoch: [20/40], Step: [781/782], Loss: 0.2841305732727051
Current Test Acc: 0.826
Rank:0 Epoch: [21/40], Step: [1/782], Loss: 0.2603646516799927
Rank:0 Epoch: [21/40], Step: [11/782], Loss: 0.4837842881679535
Rank:0 Epoch: [21/40], Step: [21/782], Loss: 0.2268165796995163
Rank:0 Epoch: [21/40], Step: [31/782], Loss: 0.37423771619796753
Rank:0 Epoch: [21/40], Step: [41/782], Loss: 0.3646358251571655
Rank:0 Epoch: [21/40], Step: [51/782], Loss: 0.3454798758029938
Rank:0 Epoch: [21/40], Step: [61/782], Loss: 0.26624491810798645
Rank:0 Epoch: [21/40], Step: [71/782], Loss: 0.43066519498825073
Rank:0 Epoch: [21/40], Step: [81/782], Loss: 0.14363421499729156
Rank:0 Epoch: [21/40], Step: [91/782], Loss: 0.2375214397907257
Rank:0 Epoch: [21/40], Step: [101/782], Loss: 0.3247460424900055
Rank:0 Epoch: [21/40], Step: [111/782], Loss: 0.3251878023147583
Rank:0 Epoch: [21/40], Step: [121/782], Loss: 0.37442976236343384
Rank:0 Epoch: [21/40], Step: [131/782], Loss: 0.300126314163208
Rank:0 Epoch: [21/40], Step: [141/782], Loss: 0.24419108033180237
Rank:0 Epoch: [21/40], Step: [151/782], Loss: 0.34887489676475525
Rank:0 Epoch: [21/40], Step: [161/782], Loss: 0.26784586906433105
Rank:0 Epoch: [21/40], Step: [171/782], Loss: 0.35164159536361694
Rank:0 Epoch: [21/40], Step: [181/782], Loss: 0.19116348028182983
Rank:0 Epoch: [21/40], Step: [191/782], Loss: 0.3935454487800598
Rank:0 Epoch: [21/40], Step: [201/782], Loss: 0.22095263004302979
Rank:0 Epoch: [21/40], Step: [211/782], Loss: 0.33745527267456055
Rank:0 Epoch: [21/40], Step: [221/782], Loss: 0.21033048629760742
Rank:0 Epoch: [21/40], Step: [231/782], Loss: 0.3779067099094391
Rank:0 Epoch: [21/40], Step: [241/782], Loss: 0.2940483093261719
Rank:0 Epoch: [21/40], Step: [251/782], Loss: 0.304838627576828
Rank:0 Epoch: [21/40], Step: [261/782], Loss: 0.2632797062397003
Rank:0 Epoch: [21/40], Step: [271/782], Loss: 0.4325617253780365
Rank:0 Epoch: [21/40], Step: [281/782], Loss: 0.29863637685775757
Rank:0 Epoch: [21/40], Step: [291/782], Loss: 0.32089945673942566
Rank:0 Epoch: [21/40], Step: [301/782], Loss: 0.3278040587902069
Rank:0 Epoch: [21/40], Step: [311/782], Loss: 0.26762157678604126
Rank:0 Epoch: [21/40], Step: [321/782], Loss: 0.35386785864830017
Rank:0 Epoch: [21/40], Step: [331/782], Loss: 0.2138494998216629
Rank:0 Epoch: [21/40], Step: [341/782], Loss: 0.23203930258750916
Rank:0 Epoch: [21/40], Step: [351/782], Loss: 0.24536347389221191
Rank:0 Epoch: [21/40], Step: [361/782], Loss: 0.19065828621387482
Rank:0 Epoch: [21/40], Step: [371/782], Loss: 0.3198159337043762
Rank:0 Epoch: [21/40], Step: [381/782], Loss: 0.5344673991203308
Rank:0 Epoch: [21/40], Step: [391/782], Loss: 0.2870970368385315
Rank:0 Epoch: [21/40], Step: [401/782], Loss: 0.2134738266468048
Rank:0 Epoch: [21/40], Step: [411/782], Loss: 0.36398616433143616
Rank:0 Epoch: [21/40], Step: [421/782], Loss: 0.24215830862522125
Rank:0 Epoch: [21/40], Step: [431/782], Loss: 0.3149876594543457
Rank:0 Epoch: [21/40], Step: [441/782], Loss: 0.38544437289237976
Rank:0 Epoch: [21/40], Step: [451/782], Loss: 0.2091439664363861
Rank:0 Epoch: [21/40], Step: [461/782], Loss: 0.2534082233905792
Rank:0 Epoch: [21/40], Step: [471/782], Loss: 0.3094595670700073
Rank:0 Epoch: [21/40], Step: [481/782], Loss: 0.15535692870616913
Rank:0 Epoch: [21/40], Step: [491/782], Loss: 0.36276137828826904
Rank:0 Epoch: [21/40], Step: [501/782], Loss: 0.159187912940979
Rank:0 Epoch: [21/40], Step: [511/782], Loss: 0.20080973207950592
Rank:0 Epoch: [21/40], Step: [521/782], Loss: 0.30362871289253235
Rank:0 Epoch: [21/40], Step: [531/782], Loss: 0.14380261301994324
Rank:0 Epoch: [21/40], Step: [541/782], Loss: 0.3378860056400299
Rank:0 Epoch: [21/40], Step: [551/782], Loss: 0.2788328230381012
Rank:0 Epoch: [21/40], Step: [561/782], Loss: 0.25696367025375366
Rank:0 Epoch: [21/40], Step: [571/782], Loss: 0.3647144138813019
Rank:0 Epoch: [21/40], Step: [581/782], Loss: 0.4319644868373871
Rank:0 Epoch: [21/40], Step: [591/782], Loss: 0.22924721240997314
Rank:0 Epoch: [21/40], Step: [601/782], Loss: 0.2510129511356354
Rank:0 Epoch: [21/40], Step: [611/782], Loss: 0.36506158113479614
Rank:0 Epoch: [21/40], Step: [621/782], Loss: 0.23243799805641174
Rank:0 Epoch: [21/40], Step: [631/782], Loss: 0.13784733414649963
Rank:0 Epoch: [21/40], Step: [641/782], Loss: 0.2286662459373474
Rank:0 Epoch: [21/40], Step: [651/782], Loss: 0.3425859808921814
Rank:0 Epoch: [21/40], Step: [661/782], Loss: 0.3329428732395172
Rank:0 Epoch: [21/40], Step: [671/782], Loss: 0.2620721757411957
Rank:0 Epoch: [21/40], Step: [681/782], Loss: 0.2146652489900589
Rank:0 Epoch: [21/40], Step: [691/782], Loss: 0.3258955478668213
Rank:0 Epoch: [21/40], Step: [701/782], Loss: 0.35822466015815735
Rank:0 Epoch: [21/40], Step: [711/782], Loss: 0.21629637479782104
Rank:0 Epoch: [21/40], Step: [721/782], Loss: 0.16053450107574463
Rank:0 Epoch: [21/40], Step: [731/782], Loss: 0.25110936164855957
Rank:0 Epoch: [21/40], Step: [741/782], Loss: 0.14420941472053528
Rank:0 Epoch: [21/40], Step: [751/782], Loss: 0.2922755479812622
Rank:0 Epoch: [21/40], Step: [761/782], Loss: 0.29628831148147583
Rank:0 Epoch: [21/40], Step: [771/782], Loss: 0.24140936136245728
Rank:0 Epoch: [21/40], Step: [781/782], Loss: 0.33213138580322266
Current Test Acc: 0.8827
Rank:0 Epoch: [22/40], Step: [1/782], Loss: 0.3229752779006958
Rank:0 Epoch: [22/40], Step: [11/782], Loss: 0.26578691601753235
Rank:0 Epoch: [22/40], Step: [21/782], Loss: 0.1554073989391327
Rank:0 Epoch: [22/40], Step: [31/782], Loss: 0.3757663369178772
Rank:0 Epoch: [22/40], Step: [41/782], Loss: 0.28295835852622986
Rank:0 Epoch: [22/40], Step: [51/782], Loss: 0.24816668033599854
Rank:0 Epoch: [22/40], Step: [61/782], Loss: 0.21543806791305542
Rank:0 Epoch: [22/40], Step: [71/782], Loss: 0.37307313084602356
Rank:0 Epoch: [22/40], Step: [81/782], Loss: 0.2833338975906372
Rank:0 Epoch: [22/40], Step: [91/782], Loss: 0.29508814215660095
Rank:0 Epoch: [22/40], Step: [101/782], Loss: 0.18765632808208466
Rank:0 Epoch: [22/40], Step: [111/782], Loss: 0.23605605959892273
Rank:0 Epoch: [22/40], Step: [121/782], Loss: 0.18872793018817902
Rank:0 Epoch: [22/40], Step: [131/782], Loss: 0.2593655288219452
Rank:0 Epoch: [22/40], Step: [141/782], Loss: 0.332475870847702
Rank:0 Epoch: [22/40], Step: [151/782], Loss: 0.22925212979316711
Rank:0 Epoch: [22/40], Step: [161/782], Loss: 0.28094732761383057
Rank:0 Epoch: [22/40], Step: [171/782], Loss: 0.30623140931129456
Rank:0 Epoch: [22/40], Step: [181/782], Loss: 0.22785523533821106
Rank:0 Epoch: [22/40], Step: [191/782], Loss: 0.37064045667648315
Rank:0 Epoch: [22/40], Step: [201/782], Loss: 0.32528769969940186
Rank:0 Epoch: [22/40], Step: [211/782], Loss: 0.35811102390289307
Rank:0 Epoch: [22/40], Step: [221/782], Loss: 0.26347312331199646
Rank:0 Epoch: [22/40], Step: [231/782], Loss: 0.31042397022247314
Rank:0 Epoch: [22/40], Step: [241/782], Loss: 0.26312151551246643
Rank:0 Epoch: [22/40], Step: [251/782], Loss: 0.17381331324577332
Rank:0 Epoch: [22/40], Step: [261/782], Loss: 0.15045736730098724
Rank:0 Epoch: [22/40], Step: [271/782], Loss: 0.25579550862312317
Rank:0 Epoch: [22/40], Step: [281/782], Loss: 0.360397607088089
Rank:0 Epoch: [22/40], Step: [291/782], Loss: 0.2596920132637024
Rank:0 Epoch: [22/40], Step: [301/782], Loss: 0.2784648835659027
Rank:0 Epoch: [22/40], Step: [311/782], Loss: 0.3448471128940582
Rank:0 Epoch: [22/40], Step: [321/782], Loss: 0.37828120589256287
Rank:0 Epoch: [22/40], Step: [331/782], Loss: 0.1960848569869995
Rank:0 Epoch: [22/40], Step: [341/782], Loss: 0.18036916851997375
Rank:0 Epoch: [22/40], Step: [351/782], Loss: 0.1833728849887848
Rank:0 Epoch: [22/40], Step: [361/782], Loss: 0.23162660002708435
Rank:0 Epoch: [22/40], Step: [371/782], Loss: 0.18634289503097534
Rank:0 Epoch: [22/40], Step: [381/782], Loss: 0.2706108093261719
Rank:0 Epoch: [22/40], Step: [391/782], Loss: 0.42758819460868835
Rank:0 Epoch: [22/40], Step: [401/782], Loss: 0.17033180594444275
Rank:0 Epoch: [22/40], Step: [411/782], Loss: 0.4250843822956085
Rank:0 Epoch: [22/40], Step: [421/782], Loss: 0.1744326502084732
Rank:0 Epoch: [22/40], Step: [431/782], Loss: 0.4474315643310547
Rank:0 Epoch: [22/40], Step: [441/782], Loss: 0.39016950130462646
Rank:0 Epoch: [22/40], Step: [451/782], Loss: 0.25228098034858704
Rank:0 Epoch: [22/40], Step: [461/782], Loss: 0.2063538134098053
Rank:0 Epoch: [22/40], Step: [471/782], Loss: 0.3883056044578552
Rank:0 Epoch: [22/40], Step: [481/782], Loss: 0.29451003670692444
Rank:0 Epoch: [22/40], Step: [491/782], Loss: 0.2983607053756714
Rank:0 Epoch: [22/40], Step: [501/782], Loss: 0.32586514949798584
Rank:0 Epoch: [22/40], Step: [511/782], Loss: 0.20133629441261292
Rank:0 Epoch: [22/40], Step: [521/782], Loss: 0.37135568261146545
Rank:0 Epoch: [22/40], Step: [531/782], Loss: 0.35823577642440796
Rank:0 Epoch: [22/40], Step: [541/782], Loss: 0.25319981575012207
Rank:0 Epoch: [22/40], Step: [551/782], Loss: 0.3280245363712311
Rank:0 Epoch: [22/40], Step: [561/782], Loss: 0.3669032156467438
Rank:0 Epoch: [22/40], Step: [571/782], Loss: 0.22343599796295166
Rank:0 Epoch: [22/40], Step: [581/782], Loss: 0.3459937572479248
Rank:0 Epoch: [22/40], Step: [591/782], Loss: 0.3893425166606903
Rank:0 Epoch: [22/40], Step: [601/782], Loss: 0.31528759002685547
Rank:0 Epoch: [22/40], Step: [611/782], Loss: 0.21679610013961792
Rank:0 Epoch: [22/40], Step: [621/782], Loss: 0.2922302782535553
Rank:0 Epoch: [22/40], Step: [631/782], Loss: 0.3040897250175476
Rank:0 Epoch: [22/40], Step: [641/782], Loss: 0.15937291085720062
Rank:0 Epoch: [22/40], Step: [651/782], Loss: 0.16306863725185394
Rank:0 Epoch: [22/40], Step: [661/782], Loss: 0.11150679737329483
Rank:0 Epoch: [22/40], Step: [671/782], Loss: 0.20681758224964142
Rank:0 Epoch: [22/40], Step: [681/782], Loss: 0.14872367680072784
Rank:0 Epoch: [22/40], Step: [691/782], Loss: 0.3341953456401825
Rank:0 Epoch: [22/40], Step: [701/782], Loss: 0.22376585006713867
Rank:0 Epoch: [22/40], Step: [711/782], Loss: 0.35632336139678955
Rank:0 Epoch: [22/40], Step: [721/782], Loss: 0.26276546716690063
Rank:0 Epoch: [22/40], Step: [731/782], Loss: 0.3569766581058502
Rank:0 Epoch: [22/40], Step: [741/782], Loss: 0.12992656230926514
Rank:0 Epoch: [22/40], Step: [751/782], Loss: 0.3165806531906128
Rank:0 Epoch: [22/40], Step: [761/782], Loss: 0.3023673892021179
Rank:0 Epoch: [22/40], Step: [771/782], Loss: 0.31479164958000183
Rank:0 Epoch: [22/40], Step: [781/782], Loss: 0.2030407339334488
Current Test Acc: 0.8878
Rank:0 Epoch: [23/40], Step: [1/782], Loss: 0.2935149371623993
Rank:0 Epoch: [23/40], Step: [11/782], Loss: 0.2556232213973999
Rank:0 Epoch: [23/40], Step: [21/782], Loss: 0.3220806121826172
Rank:0 Epoch: [23/40], Step: [31/782], Loss: 0.26946914196014404
Rank:0 Epoch: [23/40], Step: [41/782], Loss: 0.28036874532699585
Rank:0 Epoch: [23/40], Step: [51/782], Loss: 0.2660459280014038
Rank:0 Epoch: [23/40], Step: [61/782], Loss: 0.18248826265335083
Rank:0 Epoch: [23/40], Step: [71/782], Loss: 0.27176299691200256
Rank:0 Epoch: [23/40], Step: [81/782], Loss: 0.33605828881263733
Rank:0 Epoch: [23/40], Step: [91/782], Loss: 0.22137796878814697
Rank:0 Epoch: [23/40], Step: [101/782], Loss: 0.20390205085277557
Rank:0 Epoch: [23/40], Step: [111/782], Loss: 0.23814217746257782
Rank:0 Epoch: [23/40], Step: [121/782], Loss: 0.33691030740737915
Rank:0 Epoch: [23/40], Step: [131/782], Loss: 0.22514629364013672
Rank:0 Epoch: [23/40], Step: [141/782], Loss: 0.38470056653022766
Rank:0 Epoch: [23/40], Step: [151/782], Loss: 0.19152814149856567
Rank:0 Epoch: [23/40], Step: [161/782], Loss: 0.40067753195762634
Rank:0 Epoch: [23/40], Step: [171/782], Loss: 0.3663980960845947
Rank:0 Epoch: [23/40], Step: [181/782], Loss: 0.2706319987773895
Rank:0 Epoch: [23/40], Step: [191/782], Loss: 0.21474027633666992
Rank:0 Epoch: [23/40], Step: [201/782], Loss: 0.23084546625614166
Rank:0 Epoch: [23/40], Step: [211/782], Loss: 0.26677045226097107
Rank:0 Epoch: [23/40], Step: [221/782], Loss: 0.2777344882488251
Rank:0 Epoch: [23/40], Step: [231/782], Loss: 0.3003743290901184
Rank:0 Epoch: [23/40], Step: [241/782], Loss: 0.21114829182624817
Rank:0 Epoch: [23/40], Step: [251/782], Loss: 0.2113906294107437
Rank:0 Epoch: [23/40], Step: [261/782], Loss: 0.3003891706466675
Rank:0 Epoch: [23/40], Step: [271/782], Loss: 0.12732644379138947
Rank:0 Epoch: [23/40], Step: [281/782], Loss: 0.16769836843013763
Rank:0 Epoch: [23/40], Step: [291/782], Loss: 0.19739924371242523
Rank:0 Epoch: [23/40], Step: [301/782], Loss: 0.24171479046344757
Rank:0 Epoch: [23/40], Step: [311/782], Loss: 0.24788442254066467
Rank:0 Epoch: [23/40], Step: [321/782], Loss: 0.2594775855541229
Rank:0 Epoch: [23/40], Step: [331/782], Loss: 0.1981090009212494
Rank:0 Epoch: [23/40], Step: [341/782], Loss: 0.43018296360969543
Rank:0 Epoch: [23/40], Step: [351/782], Loss: 0.20243439078330994
Rank:0 Epoch: [23/40], Step: [361/782], Loss: 0.2061796635389328
Rank:0 Epoch: [23/40], Step: [371/782], Loss: 0.32549920678138733
Rank:0 Epoch: [23/40], Step: [381/782], Loss: 0.18947674334049225
Rank:0 Epoch: [23/40], Step: [391/782], Loss: 0.19151949882507324
Rank:0 Epoch: [23/40], Step: [401/782], Loss: 0.25241851806640625
Rank:0 Epoch: [23/40], Step: [411/782], Loss: 0.18722692131996155
Rank:0 Epoch: [23/40], Step: [421/782], Loss: 0.20919212698936462
Rank:0 Epoch: [23/40], Step: [431/782], Loss: 0.26100513339042664
Rank:0 Epoch: [23/40], Step: [441/782], Loss: 0.3108971118927002
Rank:0 Epoch: [23/40], Step: [451/782], Loss: 0.19063131511211395
Rank:0 Epoch: [23/40], Step: [461/782], Loss: 0.16549794375896454
Rank:0 Epoch: [23/40], Step: [471/782], Loss: 0.41211745142936707
Rank:0 Epoch: [23/40], Step: [481/782], Loss: 0.2657938301563263
Rank:0 Epoch: [23/40], Step: [491/782], Loss: 0.18617385625839233
Rank:0 Epoch: [23/40], Step: [501/782], Loss: 0.32985350489616394
Rank:0 Epoch: [23/40], Step: [511/782], Loss: 0.20284873247146606
Rank:0 Epoch: [23/40], Step: [521/782], Loss: 0.32810330390930176
Rank:0 Epoch: [23/40], Step: [531/782], Loss: 0.4923543334007263
Rank:0 Epoch: [23/40], Step: [541/782], Loss: 0.23667381703853607
Rank:0 Epoch: [23/40], Step: [551/782], Loss: 0.2582240402698517
Rank:0 Epoch: [23/40], Step: [561/782], Loss: 0.2070426493883133
Rank:0 Epoch: [23/40], Step: [571/782], Loss: 0.2778506577014923
Rank:0 Epoch: [23/40], Step: [581/782], Loss: 0.22702638804912567
Rank:0 Epoch: [23/40], Step: [591/782], Loss: 0.27402156591415405
Rank:0 Epoch: [23/40], Step: [601/782], Loss: 0.3369569778442383
Rank:0 Epoch: [23/40], Step: [611/782], Loss: 0.25283491611480713
Rank:0 Epoch: [23/40], Step: [621/782], Loss: 0.15892603993415833
Rank:0 Epoch: [23/40], Step: [631/782], Loss: 0.26866069436073303
Rank:0 Epoch: [23/40], Step: [641/782], Loss: 0.1513465940952301
Rank:0 Epoch: [23/40], Step: [651/782], Loss: 0.2398497611284256
Rank:0 Epoch: [23/40], Step: [661/782], Loss: 0.2495235651731491
Rank:0 Epoch: [23/40], Step: [671/782], Loss: 0.1389157623052597
Rank:0 Epoch: [23/40], Step: [681/782], Loss: 0.2661226987838745
Rank:0 Epoch: [23/40], Step: [691/782], Loss: 0.23154984414577484
Rank:0 Epoch: [23/40], Step: [701/782], Loss: 0.4406578838825226
Rank:0 Epoch: [23/40], Step: [711/782], Loss: 0.5376479625701904
Rank:0 Epoch: [23/40], Step: [721/782], Loss: 0.2756444811820984
Rank:0 Epoch: [23/40], Step: [731/782], Loss: 0.20375892519950867
Rank:0 Epoch: [23/40], Step: [741/782], Loss: 0.3248492479324341
Rank:0 Epoch: [23/40], Step: [751/782], Loss: 0.300978422164917
Rank:0 Epoch: [23/40], Step: [761/782], Loss: 0.16828833520412445
Rank:0 Epoch: [23/40], Step: [771/782], Loss: 0.17327237129211426
Rank:0 Epoch: [23/40], Step: [781/782], Loss: 0.2678382992744446
Current Test Acc: 0.8869
Rank:0 Epoch: [24/40], Step: [1/782], Loss: 0.1927649974822998
Rank:0 Epoch: [24/40], Step: [11/782], Loss: 0.29119163751602173
Rank:0 Epoch: [24/40], Step: [21/782], Loss: 0.31822678446769714
Rank:0 Epoch: [24/40], Step: [31/782], Loss: 0.12028293311595917
Rank:0 Epoch: [24/40], Step: [41/782], Loss: 0.18487702310085297
Rank:0 Epoch: [24/40], Step: [51/782], Loss: 0.11175456643104553
Rank:0 Epoch: [24/40], Step: [61/782], Loss: 0.16354447603225708
Rank:0 Epoch: [24/40], Step: [71/782], Loss: 0.263849139213562
Rank:0 Epoch: [24/40], Step: [81/782], Loss: 0.4702594578266144
Rank:0 Epoch: [24/40], Step: [91/782], Loss: 0.20096305012702942
Rank:0 Epoch: [24/40], Step: [101/782], Loss: 0.3540996015071869
Rank:0 Epoch: [24/40], Step: [111/782], Loss: 0.2173321694135666
Rank:0 Epoch: [24/40], Step: [121/782], Loss: 0.2523965835571289
Rank:0 Epoch: [24/40], Step: [131/782], Loss: 0.18753448128700256
Rank:0 Epoch: [24/40], Step: [141/782], Loss: 0.2086937129497528
Rank:0 Epoch: [24/40], Step: [151/782], Loss: 0.3137468993663788
Rank:0 Epoch: [24/40], Step: [161/782], Loss: 0.27358153462409973
Rank:0 Epoch: [24/40], Step: [171/782], Loss: 0.20125709474086761
Rank:0 Epoch: [24/40], Step: [181/782], Loss: 0.3366716802120209
Rank:0 Epoch: [24/40], Step: [191/782], Loss: 0.23210692405700684
Rank:0 Epoch: [24/40], Step: [201/782], Loss: 0.27186715602874756
Rank:0 Epoch: [24/40], Step: [211/782], Loss: 0.3415157198905945
Rank:0 Epoch: [24/40], Step: [221/782], Loss: 0.23535309731960297
Rank:0 Epoch: [24/40], Step: [231/782], Loss: 0.2884877026081085
Rank:0 Epoch: [24/40], Step: [241/782], Loss: 0.18621088564395905
Rank:0 Epoch: [24/40], Step: [251/782], Loss: 0.2460237592458725
Rank:0 Epoch: [24/40], Step: [261/782], Loss: 0.2096596360206604
Rank:0 Epoch: [24/40], Step: [271/782], Loss: 0.1494377702474594
Rank:0 Epoch: [24/40], Step: [281/782], Loss: 0.220998615026474
Rank:0 Epoch: [24/40], Step: [291/782], Loss: 0.20266442000865936
Rank:0 Epoch: [24/40], Step: [301/782], Loss: 0.284810870885849
Rank:0 Epoch: [24/40], Step: [311/782], Loss: 0.25169751048088074
Rank:0 Epoch: [24/40], Step: [321/782], Loss: 0.33498892188072205
Rank:0 Epoch: [24/40], Step: [331/782], Loss: 0.275070458650589
Rank:0 Epoch: [24/40], Step: [341/782], Loss: 0.2205950766801834
Rank:0 Epoch: [24/40], Step: [351/782], Loss: 0.28637194633483887
Rank:0 Epoch: [24/40], Step: [361/782], Loss: 0.1994933933019638
Rank:0 Epoch: [24/40], Step: [371/782], Loss: 0.2215234935283661
Rank:0 Epoch: [24/40], Step: [381/782], Loss: 0.1825694441795349
Rank:0 Epoch: [24/40], Step: [391/782], Loss: 0.1810029149055481
Rank:0 Epoch: [24/40], Step: [401/782], Loss: 0.1292353868484497
Rank:0 Epoch: [24/40], Step: [411/782], Loss: 0.33968764543533325
Rank:0 Epoch: [24/40], Step: [421/782], Loss: 0.258558452129364
Rank:0 Epoch: [24/40], Step: [431/782], Loss: 0.31988024711608887
Rank:0 Epoch: [24/40], Step: [441/782], Loss: 0.16994823515415192
Rank:0 Epoch: [24/40], Step: [451/782], Loss: 0.21130099892616272
Rank:0 Epoch: [24/40], Step: [461/782], Loss: 0.2947079837322235
Rank:0 Epoch: [24/40], Step: [471/782], Loss: 0.2634725570678711
Rank:0 Epoch: [24/40], Step: [481/782], Loss: 0.36303260922431946
Rank:0 Epoch: [24/40], Step: [491/782], Loss: 0.27554112672805786
Rank:0 Epoch: [24/40], Step: [501/782], Loss: 0.2051229476928711
Rank:0 Epoch: [24/40], Step: [511/782], Loss: 0.20519205927848816
Rank:0 Epoch: [24/40], Step: [521/782], Loss: 0.2151581048965454
Rank:0 Epoch: [24/40], Step: [531/782], Loss: 0.1845542937517166
Rank:0 Epoch: [24/40], Step: [541/782], Loss: 0.14813125133514404
Rank:0 Epoch: [24/40], Step: [551/782], Loss: 0.18889404833316803
Rank:0 Epoch: [24/40], Step: [561/782], Loss: 0.17240005731582642
Rank:0 Epoch: [24/40], Step: [571/782], Loss: 0.24383173882961273
Rank:0 Epoch: [24/40], Step: [581/782], Loss: 0.2131907343864441
Rank:0 Epoch: [24/40], Step: [591/782], Loss: 0.2308965027332306
Rank:0 Epoch: [24/40], Step: [601/782], Loss: 0.291544109582901
Rank:0 Epoch: [24/40], Step: [611/782], Loss: 0.22435638308525085
Rank:0 Epoch: [24/40], Step: [621/782], Loss: 0.1140376478433609
Rank:0 Epoch: [24/40], Step: [631/782], Loss: 0.20110949873924255
Rank:0 Epoch: [24/40], Step: [641/782], Loss: 0.22903987765312195
Rank:0 Epoch: [24/40], Step: [651/782], Loss: 0.4206463098526001
Rank:0 Epoch: [24/40], Step: [661/782], Loss: 0.08963944017887115
Rank:0 Epoch: [24/40], Step: [671/782], Loss: 0.1902502328157425
Rank:0 Epoch: [24/40], Step: [681/782], Loss: 0.14794397354125977
Rank:0 Epoch: [24/40], Step: [691/782], Loss: 0.21903681755065918
Rank:0 Epoch: [24/40], Step: [701/782], Loss: 0.2075146585702896
Rank:0 Epoch: [24/40], Step: [711/782], Loss: 0.33435696363449097
Rank:0 Epoch: [24/40], Step: [721/782], Loss: 0.17294278740882874
Rank:0 Epoch: [24/40], Step: [731/782], Loss: 0.26297616958618164
Rank:0 Epoch: [24/40], Step: [741/782], Loss: 0.30609074234962463
Rank:0 Epoch: [24/40], Step: [751/782], Loss: 0.32367241382598877
Rank:0 Epoch: [24/40], Step: [761/782], Loss: 0.3138454556465149
Rank:0 Epoch: [24/40], Step: [771/782], Loss: 0.14535574615001678
Rank:0 Epoch: [24/40], Step: [781/782], Loss: 0.20622842013835907
Current Test Acc: 0.8909
Rank:0 Epoch: [25/40], Step: [1/782], Loss: 0.25337183475494385
Rank:0 Epoch: [25/40], Step: [11/782], Loss: 0.18898195028305054
Rank:0 Epoch: [25/40], Step: [21/782], Loss: 0.13938423991203308
Rank:0 Epoch: [25/40], Step: [31/782], Loss: 0.10098205506801605
Rank:0 Epoch: [25/40], Step: [41/782], Loss: 0.23412010073661804
Rank:0 Epoch: [25/40], Step: [51/782], Loss: 0.16900379955768585
Rank:0 Epoch: [25/40], Step: [61/782], Loss: 0.3075932264328003
Rank:0 Epoch: [25/40], Step: [71/782], Loss: 0.1881726086139679
Rank:0 Epoch: [25/40], Step: [81/782], Loss: 0.2550155520439148
Rank:0 Epoch: [25/40], Step: [91/782], Loss: 0.3231402635574341
Rank:0 Epoch: [25/40], Step: [101/782], Loss: 0.27884310483932495
Rank:0 Epoch: [25/40], Step: [111/782], Loss: 0.3480397164821625
Rank:0 Epoch: [25/40], Step: [121/782], Loss: 0.1404547244310379
Rank:0 Epoch: [25/40], Step: [131/782], Loss: 0.14730608463287354
Rank:0 Epoch: [25/40], Step: [141/782], Loss: 0.20694471895694733
Rank:0 Epoch: [25/40], Step: [151/782], Loss: 0.15189270675182343
Rank:0 Epoch: [25/40], Step: [161/782], Loss: 0.07893351465463638
Rank:0 Epoch: [25/40], Step: [171/782], Loss: 0.1687709391117096
Rank:0 Epoch: [25/40], Step: [181/782], Loss: 0.23003731667995453
Rank:0 Epoch: [25/40], Step: [191/782], Loss: 0.18107911944389343
Rank:0 Epoch: [25/40], Step: [201/782], Loss: 0.2823048233985901
Rank:0 Epoch: [25/40], Step: [211/782], Loss: 0.24705669283866882
Rank:0 Epoch: [25/40], Step: [221/782], Loss: 0.3171871304512024
Rank:0 Epoch: [25/40], Step: [231/782], Loss: 0.30179086327552795
Rank:0 Epoch: [25/40], Step: [241/782], Loss: 0.20919717848300934
Rank:0 Epoch: [25/40], Step: [251/782], Loss: 0.2344502955675125
Rank:0 Epoch: [25/40], Step: [261/782], Loss: 0.24768322706222534
Rank:0 Epoch: [25/40], Step: [271/782], Loss: 0.16291730105876923
Rank:0 Epoch: [25/40], Step: [281/782], Loss: 0.149529367685318
Rank:0 Epoch: [25/40], Step: [291/782], Loss: 0.16778278350830078
Rank:0 Epoch: [25/40], Step: [301/782], Loss: 0.42709919810295105
Rank:0 Epoch: [25/40], Step: [311/782], Loss: 0.30757734179496765
Rank:0 Epoch: [25/40], Step: [321/782], Loss: 0.2983771860599518
Rank:0 Epoch: [25/40], Step: [331/782], Loss: 0.1888187974691391
Rank:0 Epoch: [25/40], Step: [341/782], Loss: 0.19612877070903778
Rank:0 Epoch: [25/40], Step: [351/782], Loss: 0.3028814494609833
Rank:0 Epoch: [25/40], Step: [361/782], Loss: 0.24238896369934082
Rank:0 Epoch: [25/40], Step: [371/782], Loss: 0.3458651602268219
Rank:0 Epoch: [25/40], Step: [381/782], Loss: 0.14873367547988892
Rank:0 Epoch: [25/40], Step: [391/782], Loss: 0.16973434388637543
Rank:0 Epoch: [25/40], Step: [401/782], Loss: 0.225917786359787
Rank:0 Epoch: [25/40], Step: [411/782], Loss: 0.22631344199180603
Rank:0 Epoch: [25/40], Step: [421/782], Loss: 0.2063853144645691
Rank:0 Epoch: [25/40], Step: [431/782], Loss: 0.2162829488515854
Rank:0 Epoch: [25/40], Step: [441/782], Loss: 0.17946742475032806
Rank:0 Epoch: [25/40], Step: [451/782], Loss: 0.23521704971790314
Rank:0 Epoch: [25/40], Step: [461/782], Loss: 0.11850143224000931
Rank:0 Epoch: [25/40], Step: [471/782], Loss: 0.28463226556777954
Rank:0 Epoch: [25/40], Step: [481/782], Loss: 0.16816900670528412
Rank:0 Epoch: [25/40], Step: [491/782], Loss: 0.26099517941474915
Rank:0 Epoch: [25/40], Step: [501/782], Loss: 0.19791942834854126
Rank:0 Epoch: [25/40], Step: [511/782], Loss: 0.17484480142593384
Rank:0 Epoch: [25/40], Step: [521/782], Loss: 0.2008931040763855
Rank:0 Epoch: [25/40], Step: [531/782], Loss: 0.32143616676330566
Rank:0 Epoch: [25/40], Step: [541/782], Loss: 0.3723314702510834
Rank:0 Epoch: [25/40], Step: [551/782], Loss: 0.27020007371902466
Rank:0 Epoch: [25/40], Step: [561/782], Loss: 0.23639126121997833
Rank:0 Epoch: [25/40], Step: [571/782], Loss: 0.3239493668079376
Rank:0 Epoch: [25/40], Step: [581/782], Loss: 0.24949222803115845
Rank:0 Epoch: [25/40], Step: [591/782], Loss: 0.1667722910642624
Rank:0 Epoch: [25/40], Step: [601/782], Loss: 0.2958188056945801
Rank:0 Epoch: [25/40], Step: [611/782], Loss: 0.2934507131576538
Rank:0 Epoch: [25/40], Step: [621/782], Loss: 0.265071302652359
Rank:0 Epoch: [25/40], Step: [631/782], Loss: 0.21301032602787018
Rank:0 Epoch: [25/40], Step: [641/782], Loss: 0.228239506483078
Rank:0 Epoch: [25/40], Step: [651/782], Loss: 0.3757837414741516
Rank:0 Epoch: [25/40], Step: [661/782], Loss: 0.3113690912723541
Rank:0 Epoch: [25/40], Step: [671/782], Loss: 0.3351580500602722
Rank:0 Epoch: [25/40], Step: [681/782], Loss: 0.30699098110198975
Rank:0 Epoch: [25/40], Step: [691/782], Loss: 0.2548583447933197
Rank:0 Epoch: [25/40], Step: [701/782], Loss: 0.2901729941368103
Rank:0 Epoch: [25/40], Step: [711/782], Loss: 0.4448198974132538
Rank:0 Epoch: [25/40], Step: [721/782], Loss: 0.1636597365140915
Rank:0 Epoch: [25/40], Step: [731/782], Loss: 0.3950871229171753
Rank:0 Epoch: [25/40], Step: [741/782], Loss: 0.13415391743183136
Rank:0 Epoch: [25/40], Step: [751/782], Loss: 0.2168087512254715
Rank:0 Epoch: [25/40], Step: [761/782], Loss: 0.302632212638855
Rank:0 Epoch: [25/40], Step: [771/782], Loss: 0.264880508184433
Rank:0 Epoch: [25/40], Step: [781/782], Loss: 0.3413335084915161
Current Test Acc: 0.8895
Rank:0 Epoch: [26/40], Step: [1/782], Loss: 0.14133203029632568
Rank:0 Epoch: [26/40], Step: [11/782], Loss: 0.3918641209602356
Rank:0 Epoch: [26/40], Step: [21/782], Loss: 0.2001880556344986
Rank:0 Epoch: [26/40], Step: [31/782], Loss: 0.18405559659004211
Rank:0 Epoch: [26/40], Step: [41/782], Loss: 0.21957562863826752
Rank:0 Epoch: [26/40], Step: [51/782], Loss: 0.16512881219387054
Rank:0 Epoch: [26/40], Step: [61/782], Loss: 0.40755245089530945
Rank:0 Epoch: [26/40], Step: [71/782], Loss: 0.200545996427536
Rank:0 Epoch: [26/40], Step: [81/782], Loss: 0.14144034683704376
Rank:0 Epoch: [26/40], Step: [91/782], Loss: 0.17928765714168549
Rank:0 Epoch: [26/40], Step: [101/782], Loss: 0.18566441535949707
Rank:0 Epoch: [26/40], Step: [111/782], Loss: 0.37430083751678467
Rank:0 Epoch: [26/40], Step: [121/782], Loss: 0.24115459620952606
Rank:0 Epoch: [26/40], Step: [131/782], Loss: 0.2740127444267273
Rank:0 Epoch: [26/40], Step: [141/782], Loss: 0.21606910228729248
Rank:0 Epoch: [26/40], Step: [151/782], Loss: 0.2728991210460663
Rank:0 Epoch: [26/40], Step: [161/782], Loss: 0.25451165437698364
Rank:0 Epoch: [26/40], Step: [171/782], Loss: 0.19761121273040771
Rank:0 Epoch: [26/40], Step: [181/782], Loss: 0.25518912076950073
Rank:0 Epoch: [26/40], Step: [191/782], Loss: 0.13886037468910217
Rank:0 Epoch: [26/40], Step: [201/782], Loss: 0.22392262518405914
Rank:0 Epoch: [26/40], Step: [211/782], Loss: 0.33205288648605347
Rank:0 Epoch: [26/40], Step: [221/782], Loss: 0.2789778709411621
Rank:0 Epoch: [26/40], Step: [231/782], Loss: 0.22020822763442993
Rank:0 Epoch: [26/40], Step: [241/782], Loss: 0.41956961154937744
Rank:0 Epoch: [26/40], Step: [251/782], Loss: 0.19691284000873566
Rank:0 Epoch: [26/40], Step: [261/782], Loss: 0.3945327699184418
Rank:0 Epoch: [26/40], Step: [271/782], Loss: 0.3363525867462158
Rank:0 Epoch: [26/40], Step: [281/782], Loss: 0.3212563693523407
Rank:0 Epoch: [26/40], Step: [291/782], Loss: 0.2795563042163849
Rank:0 Epoch: [26/40], Step: [301/782], Loss: 0.2668229639530182
Rank:0 Epoch: [26/40], Step: [311/782], Loss: 0.3356313705444336
Rank:0 Epoch: [26/40], Step: [321/782], Loss: 0.1515512764453888
Rank:0 Epoch: [26/40], Step: [331/782], Loss: 0.23783378303050995
Rank:0 Epoch: [26/40], Step: [341/782], Loss: 0.3850530982017517
Rank:0 Epoch: [26/40], Step: [351/782], Loss: 0.1822851002216339
Rank:0 Epoch: [26/40], Step: [361/782], Loss: 0.2626241147518158
Rank:0 Epoch: [26/40], Step: [371/782], Loss: 0.2151215374469757
Rank:0 Epoch: [26/40], Step: [381/782], Loss: 0.19223973155021667
Rank:0 Epoch: [26/40], Step: [391/782], Loss: 0.13131986558437347
Rank:0 Epoch: [26/40], Step: [401/782], Loss: 0.3238295018672943
Rank:0 Epoch: [26/40], Step: [411/782], Loss: 0.26355627179145813
Rank:0 Epoch: [26/40], Step: [421/782], Loss: 0.199672132730484
Rank:0 Epoch: [26/40], Step: [431/782], Loss: 0.1823156327009201
Rank:0 Epoch: [26/40], Step: [441/782], Loss: 0.268386572599411
Rank:0 Epoch: [26/40], Step: [451/782], Loss: 0.26826393604278564
Rank:0 Epoch: [26/40], Step: [461/782], Loss: 0.1713629812002182
Rank:0 Epoch: [26/40], Step: [471/782], Loss: 0.17507675290107727
Rank:0 Epoch: [26/40], Step: [481/782], Loss: 0.20890958607196808
Rank:0 Epoch: [26/40], Step: [491/782], Loss: 0.16321107745170593
Rank:0 Epoch: [26/40], Step: [501/782], Loss: 0.17578117549419403
Rank:0 Epoch: [26/40], Step: [511/782], Loss: 0.24922733008861542
Rank:0 Epoch: [26/40], Step: [521/782], Loss: 0.2480502873659134
Rank:0 Epoch: [26/40], Step: [531/782], Loss: 0.2422030121088028
Rank:0 Epoch: [26/40], Step: [541/782], Loss: 0.3848280906677246
Rank:0 Epoch: [26/40], Step: [551/782], Loss: 0.25525733828544617
Rank:0 Epoch: [26/40], Step: [561/782], Loss: 0.4530380964279175
Rank:0 Epoch: [26/40], Step: [571/782], Loss: 0.24382123351097107
Rank:0 Epoch: [26/40], Step: [581/782], Loss: 0.3218855559825897
Rank:0 Epoch: [26/40], Step: [591/782], Loss: 0.21118029952049255
Rank:0 Epoch: [26/40], Step: [601/782], Loss: 0.3956185579299927
Rank:0 Epoch: [26/40], Step: [611/782], Loss: 0.2611360549926758
Rank:0 Epoch: [26/40], Step: [621/782], Loss: 0.12097382545471191
Rank:0 Epoch: [26/40], Step: [631/782], Loss: 0.22396539151668549
Rank:0 Epoch: [26/40], Step: [641/782], Loss: 0.1969069242477417
Rank:0 Epoch: [26/40], Step: [651/782], Loss: 0.18893548846244812
Rank:0 Epoch: [26/40], Step: [661/782], Loss: 0.16698621213436127
Rank:0 Epoch: [26/40], Step: [671/782], Loss: 0.20792405307292938
Rank:0 Epoch: [26/40], Step: [681/782], Loss: 0.1611737310886383
Rank:0 Epoch: [26/40], Step: [691/782], Loss: 0.32076072692871094
Rank:0 Epoch: [26/40], Step: [701/782], Loss: 0.3688746988773346
Rank:0 Epoch: [26/40], Step: [711/782], Loss: 0.29819175601005554
Rank:0 Epoch: [26/40], Step: [721/782], Loss: 0.062042757868766785
Rank:0 Epoch: [26/40], Step: [731/782], Loss: 0.23109452426433563
Rank:0 Epoch: [26/40], Step: [741/782], Loss: 0.16058345139026642
Rank:0 Epoch: [26/40], Step: [751/782], Loss: 0.3012407720088959
Rank:0 Epoch: [26/40], Step: [761/782], Loss: 0.17319045960903168
Rank:0 Epoch: [26/40], Step: [771/782], Loss: 0.2549178898334503
Rank:0 Epoch: [26/40], Step: [781/782], Loss: 0.24622184038162231
Current Test Acc: 0.8917
Rank:0 Epoch: [27/40], Step: [1/782], Loss: 0.20381353795528412
Rank:0 Epoch: [27/40], Step: [11/782], Loss: 0.21157222986221313
Rank:0 Epoch: [27/40], Step: [21/782], Loss: 0.17085807025432587
Rank:0 Epoch: [27/40], Step: [31/782], Loss: 0.2114599347114563
Rank:0 Epoch: [27/40], Step: [41/782], Loss: 0.26746171712875366
Rank:0 Epoch: [27/40], Step: [51/782], Loss: 0.30240240693092346
Rank:0 Epoch: [27/40], Step: [61/782], Loss: 0.27300646901130676
Rank:0 Epoch: [27/40], Step: [71/782], Loss: 0.25539442896842957
Rank:0 Epoch: [27/40], Step: [81/782], Loss: 0.33254116773605347
Rank:0 Epoch: [27/40], Step: [91/782], Loss: 0.09305647760629654
Rank:0 Epoch: [27/40], Step: [101/782], Loss: 0.14750389754772186
Rank:0 Epoch: [27/40], Step: [111/782], Loss: 0.2688678801059723
Rank:0 Epoch: [27/40], Step: [121/782], Loss: 0.16229106485843658
Rank:0 Epoch: [27/40], Step: [131/782], Loss: 0.1720791459083557
Rank:0 Epoch: [27/40], Step: [141/782], Loss: 0.18349651992321014
Rank:0 Epoch: [27/40], Step: [151/782], Loss: 0.19369032979011536
Rank:0 Epoch: [27/40], Step: [161/782], Loss: 0.202675923705101
Rank:0 Epoch: [27/40], Step: [171/782], Loss: 0.23545107245445251
Rank:0 Epoch: [27/40], Step: [181/782], Loss: 0.195465087890625
Rank:0 Epoch: [27/40], Step: [191/782], Loss: 0.15250584483146667
Rank:0 Epoch: [27/40], Step: [201/782], Loss: 0.15643735229969025
Rank:0 Epoch: [27/40], Step: [211/782], Loss: 0.21344614028930664
Rank:0 Epoch: [27/40], Step: [221/782], Loss: 0.40202322602272034
Rank:0 Epoch: [27/40], Step: [231/782], Loss: 0.2739400267601013
Rank:0 Epoch: [27/40], Step: [241/782], Loss: 0.2151622325181961
Rank:0 Epoch: [27/40], Step: [251/782], Loss: 0.21502479910850525
Rank:0 Epoch: [27/40], Step: [261/782], Loss: 0.25716423988342285
Rank:0 Epoch: [27/40], Step: [271/782], Loss: 0.18625915050506592
Rank:0 Epoch: [27/40], Step: [281/782], Loss: 0.12623654305934906
Rank:0 Epoch: [27/40], Step: [291/782], Loss: 0.33614546060562134
Rank:0 Epoch: [27/40], Step: [301/782], Loss: 0.8329529166221619
Rank:0 Epoch: [27/40], Step: [311/782], Loss: 0.3063163757324219
Rank:0 Epoch: [27/40], Step: [321/782], Loss: 0.2573976516723633
Rank:0 Epoch: [27/40], Step: [331/782], Loss: 0.28738370537757874
Rank:0 Epoch: [27/40], Step: [341/782], Loss: 0.27100175619125366
Rank:0 Epoch: [27/40], Step: [351/782], Loss: 0.3155514597892761
Rank:0 Epoch: [27/40], Step: [361/782], Loss: 0.26010197401046753
Rank:0 Epoch: [27/40], Step: [371/782], Loss: 0.25082334876060486
Rank:0 Epoch: [27/40], Step: [381/782], Loss: 0.15221798419952393
Rank:0 Epoch: [27/40], Step: [391/782], Loss: 0.11290622502565384
Rank:0 Epoch: [27/40], Step: [401/782], Loss: 0.22569400072097778
Rank:0 Epoch: [27/40], Step: [411/782], Loss: 0.2095210701227188
Rank:0 Epoch: [27/40], Step: [421/782], Loss: 0.2878311574459076
Rank:0 Epoch: [27/40], Step: [431/782], Loss: 0.14408718049526215
Rank:0 Epoch: [27/40], Step: [441/782], Loss: 0.2658427953720093
Rank:0 Epoch: [27/40], Step: [451/782], Loss: 0.20183934271335602
Rank:0 Epoch: [27/40], Step: [461/782], Loss: 0.37096819281578064
Rank:0 Epoch: [27/40], Step: [471/782], Loss: 0.22709870338439941
Rank:0 Epoch: [27/40], Step: [481/782], Loss: 0.22443482279777527
Rank:0 Epoch: [27/40], Step: [491/782], Loss: 0.21903999149799347
Rank:0 Epoch: [27/40], Step: [501/782], Loss: 0.23763805627822876
Rank:0 Epoch: [27/40], Step: [511/782], Loss: 0.1649477779865265
Rank:0 Epoch: [27/40], Step: [521/782], Loss: 0.2913345694541931
Rank:0 Epoch: [27/40], Step: [531/782], Loss: 0.18395036458969116
Rank:0 Epoch: [27/40], Step: [541/782], Loss: 0.17312303185462952
Rank:0 Epoch: [27/40], Step: [551/782], Loss: 0.408413290977478
Rank:0 Epoch: [27/40], Step: [561/782], Loss: 0.2559552490711212
Rank:0 Epoch: [27/40], Step: [571/782], Loss: 0.21175406873226166
Rank:0 Epoch: [27/40], Step: [581/782], Loss: 0.18260858952999115
Rank:0 Epoch: [27/40], Step: [591/782], Loss: 0.26349499821662903
Rank:0 Epoch: [27/40], Step: [601/782], Loss: 0.18951494991779327
Rank:0 Epoch: [27/40], Step: [611/782], Loss: 0.22723738849163055
Rank:0 Epoch: [27/40], Step: [621/782], Loss: 0.26203885674476624
Rank:0 Epoch: [27/40], Step: [631/782], Loss: 0.1661946326494217
Rank:0 Epoch: [27/40], Step: [641/782], Loss: 0.20849347114562988
Rank:0 Epoch: [27/40], Step: [651/782], Loss: 0.2795863151550293
Rank:0 Epoch: [27/40], Step: [661/782], Loss: 0.30227214097976685
Rank:0 Epoch: [27/40], Step: [671/782], Loss: 0.2835061252117157
Rank:0 Epoch: [27/40], Step: [681/782], Loss: 0.18008461594581604
Rank:0 Epoch: [27/40], Step: [691/782], Loss: 0.2542736828327179
Rank:0 Epoch: [27/40], Step: [701/782], Loss: 0.20163275301456451
Rank:0 Epoch: [27/40], Step: [711/782], Loss: 0.12970086932182312
Rank:0 Epoch: [27/40], Step: [721/782], Loss: 0.2603791654109955
Rank:0 Epoch: [27/40], Step: [731/782], Loss: 0.2467922419309616
Rank:0 Epoch: [27/40], Step: [741/782], Loss: 0.28132593631744385
Rank:0 Epoch: [27/40], Step: [751/782], Loss: 0.189543217420578
Rank:0 Epoch: [27/40], Step: [761/782], Loss: 0.2342437505722046
Rank:0 Epoch: [27/40], Step: [771/782], Loss: 0.17257815599441528
Rank:0 Epoch: [27/40], Step: [781/782], Loss: 0.34869450330734253
Current Test Acc: 0.8923
Rank:0 Epoch: [28/40], Step: [1/782], Loss: 0.15083783864974976
Rank:0 Epoch: [28/40], Step: [11/782], Loss: 0.16066625714302063
Rank:0 Epoch: [28/40], Step: [21/782], Loss: 0.21374040842056274
Rank:0 Epoch: [28/40], Step: [31/782], Loss: 0.33191540837287903
Rank:0 Epoch: [28/40], Step: [41/782], Loss: 0.20197655260562897
Rank:0 Epoch: [28/40], Step: [51/782], Loss: 0.21344463527202606
Rank:0 Epoch: [28/40], Step: [61/782], Loss: 0.1628255844116211
Rank:0 Epoch: [28/40], Step: [71/782], Loss: 0.23387861251831055
Rank:0 Epoch: [28/40], Step: [81/782], Loss: 0.22688600420951843
Rank:0 Epoch: [28/40], Step: [91/782], Loss: 0.21949884295463562
Rank:0 Epoch: [28/40], Step: [101/782], Loss: 0.27340400218963623
Rank:0 Epoch: [28/40], Step: [111/782], Loss: 0.4390064477920532
Rank:0 Epoch: [28/40], Step: [121/782], Loss: 0.24719642102718353
Rank:0 Epoch: [28/40], Step: [131/782], Loss: 0.25509345531463623
Rank:0 Epoch: [28/40], Step: [141/782], Loss: 0.13877634704113007
Rank:0 Epoch: [28/40], Step: [151/782], Loss: 0.18411649763584137
Rank:0 Epoch: [28/40], Step: [161/782], Loss: 0.3565097153186798
Rank:0 Epoch: [28/40], Step: [171/782], Loss: 0.2003575712442398
Rank:0 Epoch: [28/40], Step: [181/782], Loss: 0.1218578889966011
Rank:0 Epoch: [28/40], Step: [191/782], Loss: 0.21106593310832977
Rank:0 Epoch: [28/40], Step: [201/782], Loss: 0.14914646744728088
Rank:0 Epoch: [28/40], Step: [211/782], Loss: 0.3020727038383484
Rank:0 Epoch: [28/40], Step: [221/782], Loss: 0.15764591097831726
Rank:0 Epoch: [28/40], Step: [231/782], Loss: 0.1516643762588501
Rank:0 Epoch: [28/40], Step: [241/782], Loss: 0.3066161572933197
Rank:0 Epoch: [28/40], Step: [251/782], Loss: 0.26512059569358826
Rank:0 Epoch: [28/40], Step: [261/782], Loss: 0.25818967819213867
Rank:0 Epoch: [28/40], Step: [271/782], Loss: 0.24004186689853668
Rank:0 Epoch: [28/40], Step: [281/782], Loss: 0.17690323293209076
Rank:0 Epoch: [28/40], Step: [291/782], Loss: 0.08963628858327866
Rank:0 Epoch: [28/40], Step: [301/782], Loss: 0.275549054145813
Rank:0 Epoch: [28/40], Step: [311/782], Loss: 0.1905205249786377
Rank:0 Epoch: [28/40], Step: [321/782], Loss: 0.29806721210479736
Rank:0 Epoch: [28/40], Step: [331/782], Loss: 0.2482900619506836
Rank:0 Epoch: [28/40], Step: [341/782], Loss: 0.24506208300590515
Rank:0 Epoch: [28/40], Step: [351/782], Loss: 0.22595642507076263
Rank:0 Epoch: [28/40], Step: [361/782], Loss: 0.1706237941980362
Rank:0 Epoch: [28/40], Step: [371/782], Loss: 0.21501295268535614
Rank:0 Epoch: [28/40], Step: [381/782], Loss: 0.22190624475479126
Rank:0 Epoch: [28/40], Step: [391/782], Loss: 0.21097120642662048
Rank:0 Epoch: [28/40], Step: [401/782], Loss: 0.21235144138336182
Rank:0 Epoch: [28/40], Step: [411/782], Loss: 0.19290213286876678
Rank:0 Epoch: [28/40], Step: [421/782], Loss: 0.16568535566329956
Rank:0 Epoch: [28/40], Step: [431/782], Loss: 0.11711518466472626
Rank:0 Epoch: [28/40], Step: [441/782], Loss: 0.27545860409736633
Rank:0 Epoch: [28/40], Step: [451/782], Loss: 0.222670778632164
Rank:0 Epoch: [28/40], Step: [461/782], Loss: 0.17513230443000793
Rank:0 Epoch: [28/40], Step: [471/782], Loss: 0.2693638503551483
Rank:0 Epoch: [28/40], Step: [481/782], Loss: 0.2824569344520569
Rank:0 Epoch: [28/40], Step: [491/782], Loss: 0.21237538754940033
Rank:0 Epoch: [28/40], Step: [501/782], Loss: 0.2457793951034546
Rank:0 Epoch: [28/40], Step: [511/782], Loss: 0.3030254542827606
Rank:0 Epoch: [28/40], Step: [521/782], Loss: 0.1977502852678299
Rank:0 Epoch: [28/40], Step: [531/782], Loss: 0.24317270517349243
Rank:0 Epoch: [28/40], Step: [541/782], Loss: 0.2643440067768097
Rank:0 Epoch: [28/40], Step: [551/782], Loss: 0.21232475340366364
Rank:0 Epoch: [28/40], Step: [561/782], Loss: 0.29479631781578064
Rank:0 Epoch: [28/40], Step: [571/782], Loss: 0.1664079874753952
Rank:0 Epoch: [28/40], Step: [581/782], Loss: 0.1933823674917221
Rank:0 Epoch: [28/40], Step: [591/782], Loss: 0.17043375968933105
Rank:0 Epoch: [28/40], Step: [601/782], Loss: 0.19864971935749054
Rank:0 Epoch: [28/40], Step: [611/782], Loss: 0.17592479288578033
Rank:0 Epoch: [28/40], Step: [621/782], Loss: 0.21906444430351257
Rank:0 Epoch: [28/40], Step: [631/782], Loss: 0.20259332656860352
Rank:0 Epoch: [28/40], Step: [641/782], Loss: 0.20868569612503052
Rank:0 Epoch: [28/40], Step: [651/782], Loss: 0.22124679386615753
Rank:0 Epoch: [28/40], Step: [661/782], Loss: 0.21603065729141235
Rank:0 Epoch: [28/40], Step: [671/782], Loss: 0.13999567925930023
Rank:0 Epoch: [28/40], Step: [681/782], Loss: 0.2596767544746399
Rank:0 Epoch: [28/40], Step: [691/782], Loss: 0.2407253235578537
Rank:0 Epoch: [28/40], Step: [701/782], Loss: 0.23323413729667664
Rank:0 Epoch: [28/40], Step: [711/782], Loss: 0.38194048404693604
Rank:0 Epoch: [28/40], Step: [721/782], Loss: 0.32813209295272827
Rank:0 Epoch: [28/40], Step: [731/782], Loss: 0.20954105257987976
Rank:0 Epoch: [28/40], Step: [741/782], Loss: 0.1417938619852066
Rank:0 Epoch: [28/40], Step: [751/782], Loss: 0.27960729598999023
Rank:0 Epoch: [28/40], Step: [761/782], Loss: 0.157663494348526
Rank:0 Epoch: [28/40], Step: [771/782], Loss: 0.3331308960914612
Rank:0 Epoch: [28/40], Step: [781/782], Loss: 0.20568877458572388
Current Test Acc: 0.8913
Rank:0 Epoch: [29/40], Step: [1/782], Loss: 0.12451261281967163
Rank:0 Epoch: [29/40], Step: [11/782], Loss: 0.17723363637924194
Rank:0 Epoch: [29/40], Step: [21/782], Loss: 0.17403580248355865
Rank:0 Epoch: [29/40], Step: [31/782], Loss: 0.225168377161026
Rank:0 Epoch: [29/40], Step: [41/782], Loss: 0.16538819670677185
Rank:0 Epoch: [29/40], Step: [51/782], Loss: 0.1695682555437088
Rank:0 Epoch: [29/40], Step: [61/782], Loss: 0.29360833764076233
Rank:0 Epoch: [29/40], Step: [71/782], Loss: 0.21785806119441986
Rank:0 Epoch: [29/40], Step: [81/782], Loss: 0.2063063234090805
Rank:0 Epoch: [29/40], Step: [91/782], Loss: 0.1741091012954712
Rank:0 Epoch: [29/40], Step: [101/782], Loss: 0.22728818655014038
Rank:0 Epoch: [29/40], Step: [111/782], Loss: 0.20124945044517517
Rank:0 Epoch: [29/40], Step: [121/782], Loss: 0.28237104415893555
Rank:0 Epoch: [29/40], Step: [131/782], Loss: 0.40256738662719727
Rank:0 Epoch: [29/40], Step: [141/782], Loss: 0.11399322003126144
Rank:0 Epoch: [29/40], Step: [151/782], Loss: 0.1767500936985016
Rank:0 Epoch: [29/40], Step: [161/782], Loss: 0.3964158594608307
Rank:0 Epoch: [29/40], Step: [171/782], Loss: 0.19819168746471405
Rank:0 Epoch: [29/40], Step: [181/782], Loss: 0.31174153089523315
Rank:0 Epoch: [29/40], Step: [191/782], Loss: 0.2620477080345154
Rank:0 Epoch: [29/40], Step: [201/782], Loss: 0.14512582123279572
Rank:0 Epoch: [29/40], Step: [211/782], Loss: 0.32846900820732117
Rank:0 Epoch: [29/40], Step: [221/782], Loss: 0.23046354949474335
Rank:0 Epoch: [29/40], Step: [231/782], Loss: 0.26832693815231323
Rank:0 Epoch: [29/40], Step: [241/782], Loss: 0.1079966202378273
Rank:0 Epoch: [29/40], Step: [251/782], Loss: 0.15029330551624298
Rank:0 Epoch: [29/40], Step: [261/782], Loss: 0.3841903805732727
Rank:0 Epoch: [29/40], Step: [271/782], Loss: 0.17112693190574646
Rank:0 Epoch: [29/40], Step: [281/782], Loss: 0.11816204339265823
Rank:0 Epoch: [29/40], Step: [291/782], Loss: 0.1753215193748474
Rank:0 Epoch: [29/40], Step: [301/782], Loss: 0.11980670690536499
Rank:0 Epoch: [29/40], Step: [311/782], Loss: 0.2687029242515564
Rank:0 Epoch: [29/40], Step: [321/782], Loss: 0.3044847548007965
Rank:0 Epoch: [29/40], Step: [331/782], Loss: 0.2308916300535202
Rank:0 Epoch: [29/40], Step: [341/782], Loss: 0.3177157938480377
Rank:0 Epoch: [29/40], Step: [351/782], Loss: 0.24528971314430237
Rank:0 Epoch: [29/40], Step: [361/782], Loss: 0.27691030502319336
Rank:0 Epoch: [29/40], Step: [371/782], Loss: 0.15022598206996918
Rank:0 Epoch: [29/40], Step: [381/782], Loss: 0.21632662415504456
Rank:0 Epoch: [29/40], Step: [391/782], Loss: 0.2428630292415619
Rank:0 Epoch: [29/40], Step: [401/782], Loss: 0.16546118259429932
Rank:0 Epoch: [29/40], Step: [411/782], Loss: 0.24617092311382294
Rank:0 Epoch: [29/40], Step: [421/782], Loss: 0.17656947672367096
Rank:0 Epoch: [29/40], Step: [431/782], Loss: 0.21285118162631989
Rank:0 Epoch: [29/40], Step: [441/782], Loss: 0.30760645866394043
Rank:0 Epoch: [29/40], Step: [451/782], Loss: 0.16684970259666443
Rank:0 Epoch: [29/40], Step: [461/782], Loss: 0.1892869472503662
Rank:0 Epoch: [29/40], Step: [471/782], Loss: 0.23524659872055054
Rank:0 Epoch: [29/40], Step: [481/782], Loss: 0.2244158536195755
Rank:0 Epoch: [29/40], Step: [491/782], Loss: 0.19754356145858765
Rank:0 Epoch: [29/40], Step: [501/782], Loss: 0.19188205897808075
Rank:0 Epoch: [29/40], Step: [511/782], Loss: 0.23251502215862274
Rank:0 Epoch: [29/40], Step: [521/782], Loss: 0.21878255903720856
Rank:0 Epoch: [29/40], Step: [531/782], Loss: 0.2519107758998871
Rank:0 Epoch: [29/40], Step: [541/782], Loss: 0.13612878322601318
Rank:0 Epoch: [29/40], Step: [551/782], Loss: 0.23594947159290314
Rank:0 Epoch: [29/40], Step: [561/782], Loss: 0.2503146529197693
Rank:0 Epoch: [29/40], Step: [571/782], Loss: 0.14474371075630188
Rank:0 Epoch: [29/40], Step: [581/782], Loss: 0.14575785398483276
Rank:0 Epoch: [29/40], Step: [591/782], Loss: 0.256361186504364
Rank:0 Epoch: [29/40], Step: [601/782], Loss: 0.19438697397708893
Rank:0 Epoch: [29/40], Step: [611/782], Loss: 0.248760387301445
Rank:0 Epoch: [29/40], Step: [621/782], Loss: 0.18249370157718658
Rank:0 Epoch: [29/40], Step: [631/782], Loss: 0.23004011809825897
Rank:0 Epoch: [29/40], Step: [641/782], Loss: 0.2570200264453888
Rank:0 Epoch: [29/40], Step: [651/782], Loss: 0.11511717736721039
Rank:0 Epoch: [29/40], Step: [661/782], Loss: 0.12449092417955399
Rank:0 Epoch: [29/40], Step: [671/782], Loss: 0.34110286831855774
Rank:0 Epoch: [29/40], Step: [681/782], Loss: 0.2624918818473816
Rank:0 Epoch: [29/40], Step: [691/782], Loss: 0.14116159081459045
Rank:0 Epoch: [29/40], Step: [701/782], Loss: 0.24633388221263885
Rank:0 Epoch: [29/40], Step: [711/782], Loss: 0.23636065423488617
Rank:0 Epoch: [29/40], Step: [721/782], Loss: 0.32230648398399353
Rank:0 Epoch: [29/40], Step: [731/782], Loss: 0.14222213625907898
Rank:0 Epoch: [29/40], Step: [741/782], Loss: 0.2195443958044052
Rank:0 Epoch: [29/40], Step: [751/782], Loss: 0.15919680893421173
Rank:0 Epoch: [29/40], Step: [761/782], Loss: 0.15247517824172974
Rank:0 Epoch: [29/40], Step: [771/782], Loss: 0.30081355571746826
Rank:0 Epoch: [29/40], Step: [781/782], Loss: 0.17126542329788208
Current Test Acc: 0.8937
Rank:0 Epoch: [30/40], Step: [1/782], Loss: 0.26001548767089844
Rank:0 Epoch: [30/40], Step: [11/782], Loss: 0.2026546746492386
Rank:0 Epoch: [30/40], Step: [21/782], Loss: 0.17947955429553986
Rank:0 Epoch: [30/40], Step: [31/782], Loss: 0.10732848942279816
Rank:0 Epoch: [30/40], Step: [41/782], Loss: 0.1405237317085266
Rank:0 Epoch: [30/40], Step: [51/782], Loss: 0.1901674121618271
Rank:0 Epoch: [30/40], Step: [61/782], Loss: 0.25126412510871887
Rank:0 Epoch: [30/40], Step: [71/782], Loss: 0.30850255489349365
Rank:0 Epoch: [30/40], Step: [81/782], Loss: 0.24542516469955444
Rank:0 Epoch: [30/40], Step: [91/782], Loss: 0.23320043087005615
Rank:0 Epoch: [30/40], Step: [101/782], Loss: 0.20353800058364868
Rank:0 Epoch: [30/40], Step: [111/782], Loss: 0.14033979177474976
Rank:0 Epoch: [30/40], Step: [121/782], Loss: 0.26443085074424744
Rank:0 Epoch: [30/40], Step: [131/782], Loss: 0.22748181223869324
Rank:0 Epoch: [30/40], Step: [141/782], Loss: 0.14356450736522675
Rank:0 Epoch: [30/40], Step: [151/782], Loss: 0.2620374858379364
Rank:0 Epoch: [30/40], Step: [161/782], Loss: 0.19039379060268402
Rank:0 Epoch: [30/40], Step: [171/782], Loss: 0.17083705961704254
Rank:0 Epoch: [30/40], Step: [181/782], Loss: 0.26784053444862366
Rank:0 Epoch: [30/40], Step: [191/782], Loss: 0.2820774018764496
Rank:0 Epoch: [30/40], Step: [201/782], Loss: 0.1705254167318344
Rank:0 Epoch: [30/40], Step: [211/782], Loss: 0.17105045914649963
Rank:0 Epoch: [30/40], Step: [221/782], Loss: 0.25332510471343994
Rank:0 Epoch: [30/40], Step: [231/782], Loss: 0.18598434329032898
Rank:0 Epoch: [30/40], Step: [241/782], Loss: 0.14543117582798004
Rank:0 Epoch: [30/40], Step: [251/782], Loss: 0.20088134706020355
Rank:0 Epoch: [30/40], Step: [261/782], Loss: 0.25242432951927185
Rank:0 Epoch: [30/40], Step: [271/782], Loss: 0.2858392894268036
Rank:0 Epoch: [30/40], Step: [281/782], Loss: 0.47145983576774597
Rank:0 Epoch: [30/40], Step: [291/782], Loss: 0.24100233614444733
Rank:0 Epoch: [30/40], Step: [301/782], Loss: 0.11380056291818619
Rank:0 Epoch: [30/40], Step: [311/782], Loss: 0.2714279294013977
Rank:0 Epoch: [30/40], Step: [321/782], Loss: 0.1263764202594757
Rank:0 Epoch: [30/40], Step: [331/782], Loss: 0.36301079392433167
Rank:0 Epoch: [30/40], Step: [341/782], Loss: 0.10471770912408829
Rank:0 Epoch: [30/40], Step: [351/782], Loss: 0.2736295461654663
Rank:0 Epoch: [30/40], Step: [361/782], Loss: 0.20907849073410034
Rank:0 Epoch: [30/40], Step: [371/782], Loss: 0.32730695605278015
Rank:0 Epoch: [30/40], Step: [381/782], Loss: 0.06525851786136627
Rank:0 Epoch: [30/40], Step: [391/782], Loss: 0.3378807604312897
Rank:0 Epoch: [30/40], Step: [401/782], Loss: 0.1562783271074295
Rank:0 Epoch: [30/40], Step: [411/782], Loss: 0.18640150129795074
Rank:0 Epoch: [30/40], Step: [421/782], Loss: 0.20109784603118896
Rank:0 Epoch: [30/40], Step: [431/782], Loss: 0.20195342600345612
Rank:0 Epoch: [30/40], Step: [441/782], Loss: 0.2855263650417328
Rank:0 Epoch: [30/40], Step: [451/782], Loss: 0.15011486411094666
Rank:0 Epoch: [30/40], Step: [461/782], Loss: 0.27345341444015503
Rank:0 Epoch: [30/40], Step: [471/782], Loss: 0.28437718749046326
Rank:0 Epoch: [30/40], Step: [481/782], Loss: 0.15010245144367218
Rank:0 Epoch: [30/40], Step: [491/782], Loss: 0.17160968482494354
Rank:0 Epoch: [30/40], Step: [501/782], Loss: 0.2729329764842987
Rank:0 Epoch: [30/40], Step: [511/782], Loss: 0.23625566065311432
Rank:0 Epoch: [30/40], Step: [521/782], Loss: 0.17347505688667297
Rank:0 Epoch: [30/40], Step: [531/782], Loss: 0.18415530025959015
Rank:0 Epoch: [30/40], Step: [541/782], Loss: 0.1801946759223938
Rank:0 Epoch: [30/40], Step: [551/782], Loss: 0.15024061501026154
Rank:0 Epoch: [30/40], Step: [561/782], Loss: 0.2635771632194519
Rank:0 Epoch: [30/40], Step: [571/782], Loss: 0.3335331976413727
Rank:0 Epoch: [30/40], Step: [581/782], Loss: 0.2655688524246216
Rank:0 Epoch: [30/40], Step: [591/782], Loss: 0.20467451214790344
Rank:0 Epoch: [30/40], Step: [601/782], Loss: 0.3017137050628662
Rank:0 Epoch: [30/40], Step: [611/782], Loss: 0.2793724536895752
Rank:0 Epoch: [30/40], Step: [621/782], Loss: 0.12621261179447174
Rank:0 Epoch: [30/40], Step: [631/782], Loss: 0.40983846783638
Rank:0 Epoch: [30/40], Step: [641/782], Loss: 0.30941224098205566
Rank:0 Epoch: [30/40], Step: [651/782], Loss: 0.2818663418292999
Rank:0 Epoch: [30/40], Step: [661/782], Loss: 0.3102937936782837
Rank:0 Epoch: [30/40], Step: [671/782], Loss: 0.29376649856567383
Rank:0 Epoch: [30/40], Step: [681/782], Loss: 0.3046496510505676
Rank:0 Epoch: [30/40], Step: [691/782], Loss: 0.2922390401363373
Rank:0 Epoch: [30/40], Step: [701/782], Loss: 0.22917461395263672
Rank:0 Epoch: [30/40], Step: [711/782], Loss: 0.23422420024871826
Rank:0 Epoch: [30/40], Step: [721/782], Loss: 0.14311684668064117
Rank:0 Epoch: [30/40], Step: [731/782], Loss: 0.27045583724975586
Rank:0 Epoch: [30/40], Step: [741/782], Loss: 0.22489002346992493
Rank:0 Epoch: [30/40], Step: [751/782], Loss: 0.15618951618671417
Rank:0 Epoch: [30/40], Step: [761/782], Loss: 0.15611787140369415
Rank:0 Epoch: [30/40], Step: [771/782], Loss: 0.11348320543766022
Rank:0 Epoch: [30/40], Step: [781/782], Loss: 0.3493023216724396
Current Test Acc: 0.8932
Rank:0 Epoch: [31/40], Step: [1/782], Loss: 0.47160086035728455
Rank:0 Epoch: [31/40], Step: [11/782], Loss: 0.20216113328933716
Rank:0 Epoch: [31/40], Step: [21/782], Loss: 0.05657053366303444
Rank:0 Epoch: [31/40], Step: [31/782], Loss: 0.15910948812961578
Rank:0 Epoch: [31/40], Step: [41/782], Loss: 0.15030284225940704
Rank:0 Epoch: [31/40], Step: [51/782], Loss: 0.19953326880931854
Rank:0 Epoch: [31/40], Step: [61/782], Loss: 0.28363558650016785
Rank:0 Epoch: [31/40], Step: [71/782], Loss: 0.21303384006023407
Rank:0 Epoch: [31/40], Step: [81/782], Loss: 0.21005921065807343
Rank:0 Epoch: [31/40], Step: [91/782], Loss: 0.2996189296245575
Rank:0 Epoch: [31/40], Step: [101/782], Loss: 0.21358062326908112
Rank:0 Epoch: [31/40], Step: [111/782], Loss: 0.21561650931835175
Rank:0 Epoch: [31/40], Step: [121/782], Loss: 0.123879075050354
Rank:0 Epoch: [31/40], Step: [131/782], Loss: 0.21989482641220093
Rank:0 Epoch: [31/40], Step: [141/782], Loss: 0.22825375199317932
Rank:0 Epoch: [31/40], Step: [151/782], Loss: 0.18861013650894165
Rank:0 Epoch: [31/40], Step: [161/782], Loss: 0.16103333234786987
Rank:0 Epoch: [31/40], Step: [171/782], Loss: 0.19364884495735168
Rank:0 Epoch: [31/40], Step: [181/782], Loss: 0.26318925619125366
Rank:0 Epoch: [31/40], Step: [191/782], Loss: 0.27528759837150574
Rank:0 Epoch: [31/40], Step: [201/782], Loss: 0.15804928541183472
Rank:0 Epoch: [31/40], Step: [211/782], Loss: 0.10242273658514023
Rank:0 Epoch: [31/40], Step: [221/782], Loss: 0.12237853556871414
Rank:0 Epoch: [31/40], Step: [231/782], Loss: 0.15583202242851257
Rank:0 Epoch: [31/40], Step: [241/782], Loss: 0.20353153347969055
Rank:0 Epoch: [31/40], Step: [251/782], Loss: 0.09299249947071075
Rank:0 Epoch: [31/40], Step: [261/782], Loss: 0.2987380027770996
Rank:0 Epoch: [31/40], Step: [271/782], Loss: 0.15566524863243103
Rank:0 Epoch: [31/40], Step: [281/782], Loss: 0.2721390426158905
Rank:0 Epoch: [31/40], Step: [291/782], Loss: 0.2479373961687088
Rank:0 Epoch: [31/40], Step: [301/782], Loss: 0.25336167216300964
Rank:0 Epoch: [31/40], Step: [311/782], Loss: 0.18769560754299164
Rank:0 Epoch: [31/40], Step: [321/782], Loss: 0.23628245294094086
Rank:0 Epoch: [31/40], Step: [331/782], Loss: 0.14423272013664246
Rank:0 Epoch: [31/40], Step: [341/782], Loss: 0.0886254832148552
Rank:0 Epoch: [31/40], Step: [351/782], Loss: 0.21403923630714417
Rank:0 Epoch: [31/40], Step: [361/782], Loss: 0.31588318943977356
Rank:0 Epoch: [31/40], Step: [371/782], Loss: 0.16137756407260895
Rank:0 Epoch: [31/40], Step: [381/782], Loss: 0.45995867252349854
Rank:0 Epoch: [31/40], Step: [391/782], Loss: 0.1454923152923584
Rank:0 Epoch: [31/40], Step: [401/782], Loss: 0.09674113243818283
Rank:0 Epoch: [31/40], Step: [411/782], Loss: 0.24438785016536713
Rank:0 Epoch: [31/40], Step: [421/782], Loss: 0.16178765892982483
Rank:0 Epoch: [31/40], Step: [431/782], Loss: 0.16350725293159485
Rank:0 Epoch: [31/40], Step: [441/782], Loss: 0.25989022850990295
Rank:0 Epoch: [31/40], Step: [451/782], Loss: 0.10188627243041992
Rank:0 Epoch: [31/40], Step: [461/782], Loss: 0.20256838202476501
Rank:0 Epoch: [31/40], Step: [471/782], Loss: 0.2296532690525055
Rank:0 Epoch: [31/40], Step: [481/782], Loss: 0.22297309339046478
Rank:0 Epoch: [31/40], Step: [491/782], Loss: 0.15298399329185486
Rank:0 Epoch: [31/40], Step: [501/782], Loss: 0.24965454638004303
Rank:0 Epoch: [31/40], Step: [511/782], Loss: 0.1486523300409317
Rank:0 Epoch: [31/40], Step: [521/782], Loss: 0.23122069239616394
Rank:0 Epoch: [31/40], Step: [531/782], Loss: 0.1371965855360031
Rank:0 Epoch: [31/40], Step: [541/782], Loss: 0.12892144918441772
Rank:0 Epoch: [31/40], Step: [551/782], Loss: 0.0795339047908783
Rank:0 Epoch: [31/40], Step: [561/782], Loss: 0.202583909034729
Rank:0 Epoch: [31/40], Step: [571/782], Loss: 0.3045106828212738
Rank:0 Epoch: [31/40], Step: [581/782], Loss: 0.2716440260410309
Rank:0 Epoch: [31/40], Step: [591/782], Loss: 0.18224561214447021
Rank:0 Epoch: [31/40], Step: [601/782], Loss: 0.11222901195287704
Rank:0 Epoch: [31/40], Step: [611/782], Loss: 0.21945373713970184
Rank:0 Epoch: [31/40], Step: [621/782], Loss: 0.30393916368484497
Rank:0 Epoch: [31/40], Step: [631/782], Loss: 0.26245129108428955
Rank:0 Epoch: [31/40], Step: [641/782], Loss: 0.3097022771835327
Rank:0 Epoch: [31/40], Step: [651/782], Loss: 0.22497771680355072
Rank:0 Epoch: [31/40], Step: [661/782], Loss: 0.1885276734828949
Rank:0 Epoch: [31/40], Step: [671/782], Loss: 0.17240941524505615
Rank:0 Epoch: [31/40], Step: [681/782], Loss: 0.17550840973854065
Rank:0 Epoch: [31/40], Step: [691/782], Loss: 0.3070290684700012
Rank:0 Epoch: [31/40], Step: [701/782], Loss: 0.14618059992790222
Rank:0 Epoch: [31/40], Step: [711/782], Loss: 0.18279872834682465
Rank:0 Epoch: [31/40], Step: [721/782], Loss: 0.16537345945835114
Rank:0 Epoch: [31/40], Step: [731/782], Loss: 0.27721941471099854
Rank:0 Epoch: [31/40], Step: [741/782], Loss: 0.10103645920753479
Rank:0 Epoch: [31/40], Step: [751/782], Loss: 0.22389400005340576
Rank:0 Epoch: [31/40], Step: [761/782], Loss: 0.2024533748626709
Rank:0 Epoch: [31/40], Step: [771/782], Loss: 0.2909669578075409
Rank:0 Epoch: [31/40], Step: [781/782], Loss: 0.1329391449689865
Current Test Acc: 0.8971
Rank:0 Epoch: [32/40], Step: [1/782], Loss: 0.12401475012302399
Rank:0 Epoch: [32/40], Step: [11/782], Loss: 0.1816689819097519
Rank:0 Epoch: [32/40], Step: [21/782], Loss: 0.2948291003704071
Rank:0 Epoch: [32/40], Step: [31/782], Loss: 0.20684558153152466
Rank:0 Epoch: [32/40], Step: [41/782], Loss: 0.3161601424217224
Rank:0 Epoch: [32/40], Step: [51/782], Loss: 0.14714117348194122
Rank:0 Epoch: [32/40], Step: [61/782], Loss: 0.2730877697467804
Rank:0 Epoch: [32/40], Step: [71/782], Loss: 0.31288495659828186
Rank:0 Epoch: [32/40], Step: [81/782], Loss: 0.23739191889762878
Rank:0 Epoch: [32/40], Step: [91/782], Loss: 0.15254490077495575
Rank:0 Epoch: [32/40], Step: [101/782], Loss: 0.2544234097003937
Rank:0 Epoch: [32/40], Step: [111/782], Loss: 0.29683244228363037
Rank:0 Epoch: [32/40], Step: [121/782], Loss: 0.26155680418014526
Rank:0 Epoch: [32/40], Step: [131/782], Loss: 0.19992618262767792
Rank:0 Epoch: [32/40], Step: [141/782], Loss: 0.23557044565677643
Rank:0 Epoch: [32/40], Step: [151/782], Loss: 0.15847520530223846
Rank:0 Epoch: [32/40], Step: [161/782], Loss: 0.1489378958940506
Rank:0 Epoch: [32/40], Step: [171/782], Loss: 0.10257811844348907
Rank:0 Epoch: [32/40], Step: [181/782], Loss: 0.2643907070159912
Rank:0 Epoch: [32/40], Step: [191/782], Loss: 0.17076832056045532
Rank:0 Epoch: [32/40], Step: [201/782], Loss: 0.2665165662765503
Rank:0 Epoch: [32/40], Step: [211/782], Loss: 0.24852332472801208
Rank:0 Epoch: [32/40], Step: [221/782], Loss: 0.20985624194145203
Rank:0 Epoch: [32/40], Step: [231/782], Loss: 0.323538213968277
Rank:0 Epoch: [32/40], Step: [241/782], Loss: 0.16142381727695465
Rank:0 Epoch: [32/40], Step: [251/782], Loss: 0.19671200215816498
Rank:0 Epoch: [32/40], Step: [261/782], Loss: 0.14029677212238312
Rank:0 Epoch: [32/40], Step: [271/782], Loss: 0.08543933928012848
Rank:0 Epoch: [32/40], Step: [281/782], Loss: 0.22279739379882812
Rank:0 Epoch: [32/40], Step: [291/782], Loss: 0.211825892329216
Rank:0 Epoch: [32/40], Step: [301/782], Loss: 0.18193738162517548
Rank:0 Epoch: [32/40], Step: [311/782], Loss: 0.22587905824184418
Rank:0 Epoch: [32/40], Step: [321/782], Loss: 0.13660384714603424
Rank:0 Epoch: [32/40], Step: [331/782], Loss: 0.13943490386009216
Rank:0 Epoch: [32/40], Step: [341/782], Loss: 0.24193346500396729
Rank:0 Epoch: [32/40], Step: [351/782], Loss: 0.16711518168449402
Rank:0 Epoch: [32/40], Step: [361/782], Loss: 0.13793396949768066
Rank:0 Epoch: [32/40], Step: [371/782], Loss: 0.2188677042722702
Rank:0 Epoch: [32/40], Step: [381/782], Loss: 0.198175311088562
Rank:0 Epoch: [32/40], Step: [391/782], Loss: 0.24319109320640564
Rank:0 Epoch: [32/40], Step: [401/782], Loss: 0.333980530500412
Rank:0 Epoch: [32/40], Step: [411/782], Loss: 0.23001928627490997
Rank:0 Epoch: [32/40], Step: [421/782], Loss: 0.17408308386802673
Rank:0 Epoch: [32/40], Step: [431/782], Loss: 0.1857471913099289
Rank:0 Epoch: [32/40], Step: [441/782], Loss: 0.15389029681682587
Rank:0 Epoch: [32/40], Step: [451/782], Loss: 0.2196912318468094
Rank:0 Epoch: [32/40], Step: [461/782], Loss: 0.19851739704608917
Rank:0 Epoch: [32/40], Step: [471/782], Loss: 0.26236197352409363
Rank:0 Epoch: [32/40], Step: [481/782], Loss: 0.27765777707099915
Rank:0 Epoch: [32/40], Step: [491/782], Loss: 0.2104731649160385
Rank:0 Epoch: [32/40], Step: [501/782], Loss: 0.23378393054008484
Rank:0 Epoch: [32/40], Step: [511/782], Loss: 0.0959874764084816
Rank:0 Epoch: [32/40], Step: [521/782], Loss: 0.13447043299674988
Rank:0 Epoch: [32/40], Step: [531/782], Loss: 0.11590956151485443
Rank:0 Epoch: [32/40], Step: [541/782], Loss: 0.15149641036987305
Rank:0 Epoch: [32/40], Step: [551/782], Loss: 0.1435084193944931
Rank:0 Epoch: [32/40], Step: [561/782], Loss: 0.18439975380897522
Rank:0 Epoch: [32/40], Step: [571/782], Loss: 0.2025827318429947
Rank:0 Epoch: [32/40], Step: [581/782], Loss: 0.3367093801498413
Rank:0 Epoch: [32/40], Step: [591/782], Loss: 0.13323833048343658
Rank:0 Epoch: [32/40], Step: [601/782], Loss: 0.15673916041851044
Rank:0 Epoch: [32/40], Step: [611/782], Loss: 0.08569489419460297
Rank:0 Epoch: [32/40], Step: [621/782], Loss: 0.16495664417743683
Rank:0 Epoch: [32/40], Step: [631/782], Loss: 0.40511852502822876
Rank:0 Epoch: [32/40], Step: [641/782], Loss: 0.20139239728450775
Rank:0 Epoch: [32/40], Step: [651/782], Loss: 0.14187327027320862
Rank:0 Epoch: [32/40], Step: [661/782], Loss: 0.2728436589241028
Rank:0 Epoch: [32/40], Step: [671/782], Loss: 0.20723505318164825
Rank:0 Epoch: [32/40], Step: [681/782], Loss: 0.10142011940479279
Rank:0 Epoch: [32/40], Step: [691/782], Loss: 0.2574276626110077
Rank:0 Epoch: [32/40], Step: [701/782], Loss: 0.12261013686656952
Rank:0 Epoch: [32/40], Step: [711/782], Loss: 0.2039361298084259
Rank:0 Epoch: [32/40], Step: [721/782], Loss: 0.35692742466926575
Rank:0 Epoch: [32/40], Step: [731/782], Loss: 0.33024853467941284
Rank:0 Epoch: [32/40], Step: [741/782], Loss: 0.2952389419078827
Rank:0 Epoch: [32/40], Step: [751/782], Loss: 0.4071939289569855
Rank:0 Epoch: [32/40], Step: [761/782], Loss: 0.17965057492256165
Rank:0 Epoch: [32/40], Step: [771/782], Loss: 0.2583485543727875
Rank:0 Epoch: [32/40], Step: [781/782], Loss: 0.13576556742191315
Current Test Acc: 0.8967
Rank:0 Epoch: [33/40], Step: [1/782], Loss: 0.23110675811767578
Rank:0 Epoch: [33/40], Step: [11/782], Loss: 0.17739644646644592
Rank:0 Epoch: [33/40], Step: [21/782], Loss: 0.16117359697818756
Rank:0 Epoch: [33/40], Step: [31/782], Loss: 0.3207182288169861
Rank:0 Epoch: [33/40], Step: [41/782], Loss: 0.17829254269599915
Rank:0 Epoch: [33/40], Step: [51/782], Loss: 0.10743788629770279
Rank:0 Epoch: [33/40], Step: [61/782], Loss: 0.1697589010000229
Rank:0 Epoch: [33/40], Step: [71/782], Loss: 0.16107620298862457
Rank:0 Epoch: [33/40], Step: [81/782], Loss: 0.17340640723705292
Rank:0 Epoch: [33/40], Step: [91/782], Loss: 0.20534129440784454
Rank:0 Epoch: [33/40], Step: [101/782], Loss: 0.2028205394744873
Rank:0 Epoch: [33/40], Step: [111/782], Loss: 0.10491462796926498
Rank:0 Epoch: [33/40], Step: [121/782], Loss: 0.16758127510547638
Rank:0 Epoch: [33/40], Step: [131/782], Loss: 0.15267741680145264
Rank:0 Epoch: [33/40], Step: [141/782], Loss: 0.10138469189405441
Rank:0 Epoch: [33/40], Step: [151/782], Loss: 0.2797800600528717
Rank:0 Epoch: [33/40], Step: [161/782], Loss: 0.1347806453704834
Rank:0 Epoch: [33/40], Step: [171/782], Loss: 0.13468463718891144
Rank:0 Epoch: [33/40], Step: [181/782], Loss: 0.17387042939662933
Rank:0 Epoch: [33/40], Step: [191/782], Loss: 0.18366149067878723
Rank:0 Epoch: [33/40], Step: [201/782], Loss: 0.37941300868988037
Rank:0 Epoch: [33/40], Step: [211/782], Loss: 0.1571427881717682
Rank:0 Epoch: [33/40], Step: [221/782], Loss: 0.19952304661273956
Rank:0 Epoch: [33/40], Step: [231/782], Loss: 0.17695322632789612
Rank:0 Epoch: [33/40], Step: [241/782], Loss: 0.0990595817565918
Rank:0 Epoch: [33/40], Step: [251/782], Loss: 0.14069800078868866
Rank:0 Epoch: [33/40], Step: [261/782], Loss: 0.27911847829818726
Rank:0 Epoch: [33/40], Step: [271/782], Loss: 0.1062551811337471
Rank:0 Epoch: [33/40], Step: [281/782], Loss: 0.23638540506362915
Rank:0 Epoch: [33/40], Step: [291/782], Loss: 0.3079570531845093
Rank:0 Epoch: [33/40], Step: [301/782], Loss: 0.2670925259590149
Rank:0 Epoch: [33/40], Step: [311/782], Loss: 0.1760607659816742
Rank:0 Epoch: [33/40], Step: [321/782], Loss: 0.27168211340904236
Rank:0 Epoch: [33/40], Step: [331/782], Loss: 0.1645352989435196
Rank:0 Epoch: [33/40], Step: [341/782], Loss: 0.2895307242870331
Rank:0 Epoch: [33/40], Step: [351/782], Loss: 0.17327018082141876
Rank:0 Epoch: [33/40], Step: [361/782], Loss: 0.17155058681964874
Rank:0 Epoch: [33/40], Step: [371/782], Loss: 0.24188289046287537
Rank:0 Epoch: [33/40], Step: [381/782], Loss: 0.17858849465847015
Rank:0 Epoch: [33/40], Step: [391/782], Loss: 0.2867240905761719
Rank:0 Epoch: [33/40], Step: [401/782], Loss: 0.35883402824401855
Rank:0 Epoch: [33/40], Step: [411/782], Loss: 0.32187405228614807
Rank:0 Epoch: [33/40], Step: [421/782], Loss: 0.10163026303052902
Rank:0 Epoch: [33/40], Step: [431/782], Loss: 0.2734519839286804
Rank:0 Epoch: [33/40], Step: [441/782], Loss: 0.1453188955783844
Rank:0 Epoch: [33/40], Step: [451/782], Loss: 0.10514023900032043
Rank:0 Epoch: [33/40], Step: [461/782], Loss: 0.15726785361766815
Rank:0 Epoch: [33/40], Step: [471/782], Loss: 0.2060786485671997
Rank:0 Epoch: [33/40], Step: [481/782], Loss: 0.3072849214076996
Rank:0 Epoch: [33/40], Step: [491/782], Loss: 0.2109338790178299
Rank:0 Epoch: [33/40], Step: [501/782], Loss: 0.15585079789161682
Rank:0 Epoch: [33/40], Step: [511/782], Loss: 0.23585593700408936
Rank:0 Epoch: [33/40], Step: [521/782], Loss: 0.2787898778915405
Rank:0 Epoch: [33/40], Step: [531/782], Loss: 0.31022366881370544
Rank:0 Epoch: [33/40], Step: [541/782], Loss: 0.1811264157295227
Rank:0 Epoch: [33/40], Step: [551/782], Loss: 0.15420448780059814
Rank:0 Epoch: [33/40], Step: [561/782], Loss: 0.21589086949825287
Rank:0 Epoch: [33/40], Step: [571/782], Loss: 0.3750442862510681
Rank:0 Epoch: [33/40], Step: [581/782], Loss: 0.24677613377571106
Rank:0 Epoch: [33/40], Step: [591/782], Loss: 0.2146664559841156
Rank:0 Epoch: [33/40], Step: [601/782], Loss: 0.2339354157447815
Rank:0 Epoch: [33/40], Step: [611/782], Loss: 0.16405513882637024
Rank:0 Epoch: [33/40], Step: [621/782], Loss: 0.19973668456077576
Rank:0 Epoch: [33/40], Step: [631/782], Loss: 0.338408887386322
Rank:0 Epoch: [33/40], Step: [641/782], Loss: 0.1368851214647293
Rank:0 Epoch: [33/40], Step: [651/782], Loss: 0.1914522349834442
Rank:0 Epoch: [33/40], Step: [661/782], Loss: 0.13214106857776642
Rank:0 Epoch: [33/40], Step: [671/782], Loss: 0.3837282657623291
Rank:0 Epoch: [33/40], Step: [681/782], Loss: 0.3800830543041229
Rank:0 Epoch: [33/40], Step: [691/782], Loss: 0.11177248507738113
Rank:0 Epoch: [33/40], Step: [701/782], Loss: 0.15290968120098114
Rank:0 Epoch: [33/40], Step: [711/782], Loss: 0.11416076123714447
Rank:0 Epoch: [33/40], Step: [721/782], Loss: 0.37067821621894836
Rank:0 Epoch: [33/40], Step: [731/782], Loss: 0.13033853471279144
Rank:0 Epoch: [33/40], Step: [741/782], Loss: 0.1409703940153122
Rank:0 Epoch: [33/40], Step: [751/782], Loss: 0.23597586154937744
Rank:0 Epoch: [33/40], Step: [761/782], Loss: 0.26716235280036926
Rank:0 Epoch: [33/40], Step: [771/782], Loss: 0.14950275421142578
Rank:0 Epoch: [33/40], Step: [781/782], Loss: 0.1719454824924469
Current Test Acc: 0.8966
Rank:0 Epoch: [34/40], Step: [1/782], Loss: 0.19195556640625
Rank:0 Epoch: [34/40], Step: [11/782], Loss: 0.2569662928581238
Rank:0 Epoch: [34/40], Step: [21/782], Loss: 0.26521503925323486
Rank:0 Epoch: [34/40], Step: [31/782], Loss: 0.25010815262794495
Rank:0 Epoch: [34/40], Step: [41/782], Loss: 0.1698777824640274
Rank:0 Epoch: [34/40], Step: [51/782], Loss: 0.13359691202640533
Rank:0 Epoch: [34/40], Step: [61/782], Loss: 0.1883814036846161
Rank:0 Epoch: [34/40], Step: [71/782], Loss: 0.11673969030380249
Rank:0 Epoch: [34/40], Step: [81/782], Loss: 0.12651050090789795
Rank:0 Epoch: [34/40], Step: [91/782], Loss: 0.09456230700016022
Rank:0 Epoch: [34/40], Step: [101/782], Loss: 0.12317607551813126
Rank:0 Epoch: [34/40], Step: [111/782], Loss: 0.2075892686843872
Rank:0 Epoch: [34/40], Step: [121/782], Loss: 0.2687785029411316
Rank:0 Epoch: [34/40], Step: [131/782], Loss: 0.29923754930496216
Rank:0 Epoch: [34/40], Step: [141/782], Loss: 0.2282687872648239
Rank:0 Epoch: [34/40], Step: [151/782], Loss: 0.12634848058223724
Rank:0 Epoch: [34/40], Step: [161/782], Loss: 0.2403835654258728
Rank:0 Epoch: [34/40], Step: [171/782], Loss: 0.259816974401474
Rank:0 Epoch: [34/40], Step: [181/782], Loss: 0.17751044034957886
Rank:0 Epoch: [34/40], Step: [191/782], Loss: 0.13090869784355164
Rank:0 Epoch: [34/40], Step: [201/782], Loss: 0.2925322949886322
Rank:0 Epoch: [34/40], Step: [211/782], Loss: 0.32879167795181274
Rank:0 Epoch: [34/40], Step: [221/782], Loss: 0.1804693043231964
Rank:0 Epoch: [34/40], Step: [231/782], Loss: 0.1728881448507309
Rank:0 Epoch: [34/40], Step: [241/782], Loss: 0.11540565639734268
Rank:0 Epoch: [34/40], Step: [251/782], Loss: 0.23607398569583893
Rank:0 Epoch: [34/40], Step: [261/782], Loss: 0.18144908547401428
Rank:0 Epoch: [34/40], Step: [271/782], Loss: 0.28489258885383606
Rank:0 Epoch: [34/40], Step: [281/782], Loss: 0.16473977267742157
Rank:0 Epoch: [34/40], Step: [291/782], Loss: 0.2730177342891693
Rank:0 Epoch: [34/40], Step: [301/782], Loss: 0.1291630119085312
Rank:0 Epoch: [34/40], Step: [311/782], Loss: 0.33767226338386536
Rank:0 Epoch: [34/40], Step: [321/782], Loss: 0.24748137593269348
Rank:0 Epoch: [34/40], Step: [331/782], Loss: 0.3089855909347534
Rank:0 Epoch: [34/40], Step: [341/782], Loss: 0.18255408108234406
Rank:0 Epoch: [34/40], Step: [351/782], Loss: 0.24167995154857635
Rank:0 Epoch: [34/40], Step: [361/782], Loss: 0.09880387037992477
Rank:0 Epoch: [34/40], Step: [371/782], Loss: 0.23014184832572937
Rank:0 Epoch: [34/40], Step: [381/782], Loss: 0.15515495836734772
Rank:0 Epoch: [34/40], Step: [391/782], Loss: 0.2267945557832718
Rank:0 Epoch: [34/40], Step: [401/782], Loss: 0.10001986473798752
Rank:0 Epoch: [34/40], Step: [411/782], Loss: 0.23010139167308807
Rank:0 Epoch: [34/40], Step: [421/782], Loss: 0.1737738400697708
Rank:0 Epoch: [34/40], Step: [431/782], Loss: 0.1648237109184265
Rank:0 Epoch: [34/40], Step: [441/782], Loss: 0.27872490882873535
Rank:0 Epoch: [34/40], Step: [451/782], Loss: 0.15483824908733368
Rank:0 Epoch: [34/40], Step: [461/782], Loss: 0.22921057045459747
Rank:0 Epoch: [34/40], Step: [471/782], Loss: 0.13449016213417053
Rank:0 Epoch: [34/40], Step: [481/782], Loss: 0.18193386495113373
Rank:0 Epoch: [34/40], Step: [491/782], Loss: 0.1344757378101349
Rank:0 Epoch: [34/40], Step: [501/782], Loss: 0.21889257431030273
Rank:0 Epoch: [34/40], Step: [511/782], Loss: 0.1356855183839798
Rank:0 Epoch: [34/40], Step: [521/782], Loss: 0.16749776899814606
Rank:0 Epoch: [34/40], Step: [531/782], Loss: 0.2825394570827484
Rank:0 Epoch: [34/40], Step: [541/782], Loss: 0.17141872644424438
Rank:0 Epoch: [34/40], Step: [551/782], Loss: 0.11110757291316986
Rank:0 Epoch: [34/40], Step: [561/782], Loss: 0.16149644553661346
Rank:0 Epoch: [34/40], Step: [571/782], Loss: 0.27557748556137085
Rank:0 Epoch: [34/40], Step: [581/782], Loss: 0.23960299789905548
Rank:0 Epoch: [34/40], Step: [591/782], Loss: 0.23933573067188263
Rank:0 Epoch: [34/40], Step: [601/782], Loss: 0.1282585710287094
Rank:0 Epoch: [34/40], Step: [611/782], Loss: 0.14197544753551483
Rank:0 Epoch: [34/40], Step: [621/782], Loss: 0.23910833895206451
Rank:0 Epoch: [34/40], Step: [631/782], Loss: 0.1973981261253357
Rank:0 Epoch: [34/40], Step: [641/782], Loss: 0.13661795854568481
Rank:0 Epoch: [34/40], Step: [651/782], Loss: 0.23287373781204224
Rank:0 Epoch: [34/40], Step: [661/782], Loss: 0.2658935785293579
Rank:0 Epoch: [34/40], Step: [671/782], Loss: 0.16748768091201782
Rank:0 Epoch: [34/40], Step: [681/782], Loss: 0.1975194364786148
Rank:0 Epoch: [34/40], Step: [691/782], Loss: 0.18390507996082306
Rank:0 Epoch: [34/40], Step: [701/782], Loss: 0.1377587467432022
Rank:0 Epoch: [34/40], Step: [711/782], Loss: 0.13599802553653717
Rank:0 Epoch: [34/40], Step: [721/782], Loss: 0.13042986392974854
Rank:0 Epoch: [34/40], Step: [731/782], Loss: 0.07513245195150375
Rank:0 Epoch: [34/40], Step: [741/782], Loss: 0.1436370313167572
Rank:0 Epoch: [34/40], Step: [751/782], Loss: 0.16486871242523193
Rank:0 Epoch: [34/40], Step: [761/782], Loss: 0.2106931060552597
Rank:0 Epoch: [34/40], Step: [771/782], Loss: 0.1886291801929474
Rank:0 Epoch: [34/40], Step: [781/782], Loss: 0.16311205923557281
Current Test Acc: 0.8969
Rank:0 Epoch: [35/40], Step: [1/782], Loss: 0.057115331292152405
Rank:0 Epoch: [35/40], Step: [11/782], Loss: 0.160134956240654
Rank:0 Epoch: [35/40], Step: [21/782], Loss: 0.12890930473804474
Rank:0 Epoch: [35/40], Step: [31/782], Loss: 0.12415178120136261
Rank:0 Epoch: [35/40], Step: [41/782], Loss: 0.30525466799736023
Rank:0 Epoch: [35/40], Step: [51/782], Loss: 0.2458896040916443
Rank:0 Epoch: [35/40], Step: [61/782], Loss: 0.1586737185716629
Rank:0 Epoch: [35/40], Step: [71/782], Loss: 0.15845657885074615
Rank:0 Epoch: [35/40], Step: [81/782], Loss: 0.2819644510746002
Rank:0 Epoch: [35/40], Step: [91/782], Loss: 0.18267972767353058
Rank:0 Epoch: [35/40], Step: [101/782], Loss: 0.13072144985198975
Rank:0 Epoch: [35/40], Step: [111/782], Loss: 0.1883687824010849
Rank:0 Epoch: [35/40], Step: [121/782], Loss: 0.13338187336921692
Rank:0 Epoch: [35/40], Step: [131/782], Loss: 0.1908240169286728
Rank:0 Epoch: [35/40], Step: [141/782], Loss: 0.22630076110363007
Rank:0 Epoch: [35/40], Step: [151/782], Loss: 0.1784130334854126
Rank:0 Epoch: [35/40], Step: [161/782], Loss: 0.19604866206645966
Rank:0 Epoch: [35/40], Step: [171/782], Loss: 0.13717235624790192
Rank:0 Epoch: [35/40], Step: [181/782], Loss: 0.16887414455413818
Rank:0 Epoch: [35/40], Step: [191/782], Loss: 0.08210254460573196
Rank:0 Epoch: [35/40], Step: [201/782], Loss: 0.17674821615219116
Rank:0 Epoch: [35/40], Step: [211/782], Loss: 0.1990121752023697
Rank:0 Epoch: [35/40], Step: [221/782], Loss: 0.17679838836193085
Rank:0 Epoch: [35/40], Step: [231/782], Loss: 0.14474380016326904
Rank:0 Epoch: [35/40], Step: [241/782], Loss: 0.1259257197380066
Rank:0 Epoch: [35/40], Step: [251/782], Loss: 0.22104620933532715
Rank:0 Epoch: [35/40], Step: [261/782], Loss: 0.14997969567775726
Rank:0 Epoch: [35/40], Step: [271/782], Loss: 0.18187418580055237
Rank:0 Epoch: [35/40], Step: [281/782], Loss: 0.24790167808532715
Rank:0 Epoch: [35/40], Step: [291/782], Loss: 0.2171725630760193
Rank:0 Epoch: [35/40], Step: [301/782], Loss: 0.17140473425388336
Rank:0 Epoch: [35/40], Step: [311/782], Loss: 0.20649820566177368
Rank:0 Epoch: [35/40], Step: [321/782], Loss: 0.21789121627807617
Rank:0 Epoch: [35/40], Step: [331/782], Loss: 0.2393970787525177
Rank:0 Epoch: [35/40], Step: [341/782], Loss: 0.2072005718946457
Rank:0 Epoch: [35/40], Step: [351/782], Loss: 0.3506932556629181
Rank:0 Epoch: [35/40], Step: [361/782], Loss: 0.20449821650981903
Rank:0 Epoch: [35/40], Step: [371/782], Loss: 0.12768299877643585
Rank:0 Epoch: [35/40], Step: [381/782], Loss: 0.08360712230205536
Rank:0 Epoch: [35/40], Step: [391/782], Loss: 0.21336819231510162
Rank:0 Epoch: [35/40], Step: [401/782], Loss: 0.3109970688819885
Rank:0 Epoch: [35/40], Step: [411/782], Loss: 0.22167415916919708
Rank:0 Epoch: [35/40], Step: [421/782], Loss: 0.20210210978984833
Rank:0 Epoch: [35/40], Step: [431/782], Loss: 0.2177998572587967
Rank:0 Epoch: [35/40], Step: [441/782], Loss: 0.32209211587905884
Rank:0 Epoch: [35/40], Step: [451/782], Loss: 0.25318074226379395
Rank:0 Epoch: [35/40], Step: [461/782], Loss: 0.1706722527742386
Rank:0 Epoch: [35/40], Step: [471/782], Loss: 0.11753605306148529
Rank:0 Epoch: [35/40], Step: [481/782], Loss: 0.1590392142534256
Rank:0 Epoch: [35/40], Step: [491/782], Loss: 0.10377886891365051
Rank:0 Epoch: [35/40], Step: [501/782], Loss: 0.18202300369739532
Rank:0 Epoch: [35/40], Step: [511/782], Loss: 0.11930127441883087
Rank:0 Epoch: [35/40], Step: [521/782], Loss: 0.30169677734375
Rank:0 Epoch: [35/40], Step: [531/782], Loss: 0.30766257643699646
Rank:0 Epoch: [35/40], Step: [541/782], Loss: 0.2532256245613098
Rank:0 Epoch: [35/40], Step: [551/782], Loss: 0.16242757439613342
Rank:0 Epoch: [35/40], Step: [561/782], Loss: 0.18549852073192596
Rank:0 Epoch: [35/40], Step: [571/782], Loss: 0.20516963303089142
Rank:0 Epoch: [35/40], Step: [581/782], Loss: 0.08913850784301758
Rank:0 Epoch: [35/40], Step: [591/782], Loss: 0.15559029579162598
Rank:0 Epoch: [35/40], Step: [601/782], Loss: 0.22547049820423126
Rank:0 Epoch: [35/40], Step: [611/782], Loss: 0.12964153289794922
Rank:0 Epoch: [35/40], Step: [621/782], Loss: 0.19646909832954407
Rank:0 Epoch: [35/40], Step: [631/782], Loss: 0.17785386741161346
Rank:0 Epoch: [35/40], Step: [641/782], Loss: 0.12631802260875702
Rank:0 Epoch: [35/40], Step: [651/782], Loss: 0.2359565645456314
Rank:0 Epoch: [35/40], Step: [661/782], Loss: 0.18538561463356018
Rank:0 Epoch: [35/40], Step: [671/782], Loss: 0.13109856843948364
Rank:0 Epoch: [35/40], Step: [681/782], Loss: 0.29238754510879517
Rank:0 Epoch: [35/40], Step: [691/782], Loss: 0.30487486720085144
Rank:0 Epoch: [35/40], Step: [701/782], Loss: 0.09756457060575485
Rank:0 Epoch: [35/40], Step: [711/782], Loss: 0.32159507274627686
Rank:0 Epoch: [35/40], Step: [721/782], Loss: 0.11660774797201157
Rank:0 Epoch: [35/40], Step: [731/782], Loss: 0.18246902525424957
Rank:0 Epoch: [35/40], Step: [741/782], Loss: 0.24718408286571503
Rank:0 Epoch: [35/40], Step: [751/782], Loss: 0.22250834107398987
Rank:0 Epoch: [35/40], Step: [761/782], Loss: 0.3187611401081085
Rank:0 Epoch: [35/40], Step: [771/782], Loss: 0.3019036054611206
Rank:0 Epoch: [35/40], Step: [781/782], Loss: 0.20427200198173523
Current Test Acc: 0.8957
Rank:0 Epoch: [36/40], Step: [1/782], Loss: 0.3130183219909668
Rank:0 Epoch: [36/40], Step: [11/782], Loss: 0.1825251430273056
Rank:0 Epoch: [36/40], Step: [21/782], Loss: 0.18232610821723938
Rank:0 Epoch: [36/40], Step: [31/782], Loss: 0.15957503020763397
Rank:0 Epoch: [36/40], Step: [41/782], Loss: 0.1774120032787323
Rank:0 Epoch: [36/40], Step: [51/782], Loss: 0.1398375928401947
Rank:0 Epoch: [36/40], Step: [61/782], Loss: 0.16688667237758636
Rank:0 Epoch: [36/40], Step: [71/782], Loss: 0.23253506422042847
Rank:0 Epoch: [36/40], Step: [81/782], Loss: 0.18055368959903717
Rank:0 Epoch: [36/40], Step: [91/782], Loss: 0.22323431074619293
Rank:0 Epoch: [36/40], Step: [101/782], Loss: 0.11591234803199768
Rank:0 Epoch: [36/40], Step: [111/782], Loss: 0.14626547694206238
Rank:0 Epoch: [36/40], Step: [121/782], Loss: 0.2582099735736847
Rank:0 Epoch: [36/40], Step: [131/782], Loss: 0.24419964849948883
Rank:0 Epoch: [36/40], Step: [141/782], Loss: 0.2477191835641861
Rank:0 Epoch: [36/40], Step: [151/782], Loss: 0.21621659398078918
Rank:0 Epoch: [36/40], Step: [161/782], Loss: 0.08104737102985382
Rank:0 Epoch: [36/40], Step: [171/782], Loss: 0.29551488161087036
Rank:0 Epoch: [36/40], Step: [181/782], Loss: 0.45629897713661194
Rank:0 Epoch: [36/40], Step: [191/782], Loss: 0.15229839086532593
Rank:0 Epoch: [36/40], Step: [201/782], Loss: 0.1831902116537094
Rank:0 Epoch: [36/40], Step: [211/782], Loss: 0.18463076651096344
Rank:0 Epoch: [36/40], Step: [221/782], Loss: 0.18558815121650696
Rank:0 Epoch: [36/40], Step: [231/782], Loss: 0.12988004088401794
Rank:0 Epoch: [36/40], Step: [241/782], Loss: 0.12053634971380234
Rank:0 Epoch: [36/40], Step: [251/782], Loss: 0.2779470682144165
Rank:0 Epoch: [36/40], Step: [261/782], Loss: 0.10269466787576675
Rank:0 Epoch: [36/40], Step: [271/782], Loss: 0.24118390679359436
Rank:0 Epoch: [36/40], Step: [281/782], Loss: 0.2877373695373535
Rank:0 Epoch: [36/40], Step: [291/782], Loss: 0.2700803279876709
Rank:0 Epoch: [36/40], Step: [301/782], Loss: 0.20672722160816193
Rank:0 Epoch: [36/40], Step: [311/782], Loss: 0.1228204071521759
Rank:0 Epoch: [36/40], Step: [321/782], Loss: 0.2070656567811966
Rank:0 Epoch: [36/40], Step: [331/782], Loss: 0.2574428915977478
Rank:0 Epoch: [36/40], Step: [341/782], Loss: 0.17412631213665009
Rank:0 Epoch: [36/40], Step: [351/782], Loss: 0.1536695808172226
Rank:0 Epoch: [36/40], Step: [361/782], Loss: 0.16984641551971436
Rank:0 Epoch: [36/40], Step: [371/782], Loss: 0.1849081814289093
Rank:0 Epoch: [36/40], Step: [381/782], Loss: 0.1698230355978012
Rank:0 Epoch: [36/40], Step: [391/782], Loss: 0.3020343482494354
Rank:0 Epoch: [36/40], Step: [401/782], Loss: 0.1492372751235962
Rank:0 Epoch: [36/40], Step: [411/782], Loss: 0.14249859750270844
Rank:0 Epoch: [36/40], Step: [421/782], Loss: 0.2060164213180542
Rank:0 Epoch: [36/40], Step: [431/782], Loss: 0.29656925797462463
Rank:0 Epoch: [36/40], Step: [441/782], Loss: 0.1443307101726532
Rank:0 Epoch: [36/40], Step: [451/782], Loss: 0.1842128187417984
Rank:0 Epoch: [36/40], Step: [461/782], Loss: 0.1328745186328888
Rank:0 Epoch: [36/40], Step: [471/782], Loss: 0.11774326860904694
Rank:0 Epoch: [36/40], Step: [481/782], Loss: 0.22735130786895752
Rank:0 Epoch: [36/40], Step: [491/782], Loss: 0.27024173736572266
Rank:0 Epoch: [36/40], Step: [501/782], Loss: 0.14880742132663727
Rank:0 Epoch: [36/40], Step: [511/782], Loss: 0.22889572381973267
Rank:0 Epoch: [36/40], Step: [521/782], Loss: 0.12158815562725067
Rank:0 Epoch: [36/40], Step: [531/782], Loss: 0.24252088367938995
Rank:0 Epoch: [36/40], Step: [541/782], Loss: 0.19556432962417603
Rank:0 Epoch: [36/40], Step: [551/782], Loss: 0.2544461190700531
Rank:0 Epoch: [36/40], Step: [561/782], Loss: 0.22277237474918365
Rank:0 Epoch: [36/40], Step: [571/782], Loss: 0.2547687590122223
Rank:0 Epoch: [36/40], Step: [581/782], Loss: 0.18546299636363983
Rank:0 Epoch: [36/40], Step: [591/782], Loss: 0.2449229210615158
Rank:0 Epoch: [36/40], Step: [601/782], Loss: 0.0850328803062439
Rank:0 Epoch: [36/40], Step: [611/782], Loss: 0.163204163312912
Rank:0 Epoch: [36/40], Step: [621/782], Loss: 0.23845888674259186
Rank:0 Epoch: [36/40], Step: [631/782], Loss: 0.08814552426338196
Rank:0 Epoch: [36/40], Step: [641/782], Loss: 0.19057248532772064
Rank:0 Epoch: [36/40], Step: [651/782], Loss: 0.35464030504226685
Rank:0 Epoch: [36/40], Step: [661/782], Loss: 0.1794034093618393
Rank:0 Epoch: [36/40], Step: [671/782], Loss: 0.1663278192281723
Rank:0 Epoch: [36/40], Step: [681/782], Loss: 0.18488962948322296
Rank:0 Epoch: [36/40], Step: [691/782], Loss: 0.14016540348529816
Rank:0 Epoch: [36/40], Step: [701/782], Loss: 0.09811519831418991
Rank:0 Epoch: [36/40], Step: [711/782], Loss: 0.255905419588089
Rank:0 Epoch: [36/40], Step: [721/782], Loss: 0.20677952468395233
Rank:0 Epoch: [36/40], Step: [731/782], Loss: 0.10044404119253159
Rank:0 Epoch: [36/40], Step: [741/782], Loss: 0.21619515120983124
Rank:0 Epoch: [36/40], Step: [751/782], Loss: 0.30075499415397644
Rank:0 Epoch: [36/40], Step: [761/782], Loss: 0.2643905580043793
Rank:0 Epoch: [36/40], Step: [771/782], Loss: 0.26854753494262695
Rank:0 Epoch: [36/40], Step: [781/782], Loss: 0.17737534642219543
Current Test Acc: 0.8963
Rank:0 Epoch: [37/40], Step: [1/782], Loss: 0.15857011079788208
Rank:0 Epoch: [37/40], Step: [11/782], Loss: 0.20028164982795715
Rank:0 Epoch: [37/40], Step: [21/782], Loss: 0.050458863377571106
Rank:0 Epoch: [37/40], Step: [31/782], Loss: 0.20439307391643524
Rank:0 Epoch: [37/40], Step: [41/782], Loss: 0.183038592338562
Rank:0 Epoch: [37/40], Step: [51/782], Loss: 0.32967814803123474
Rank:0 Epoch: [37/40], Step: [61/782], Loss: 0.3584425747394562
Rank:0 Epoch: [37/40], Step: [71/782], Loss: 0.2287202775478363
Rank:0 Epoch: [37/40], Step: [81/782], Loss: 0.1272497922182083
Rank:0 Epoch: [37/40], Step: [91/782], Loss: 0.1409558802843094
Rank:0 Epoch: [37/40], Step: [101/782], Loss: 0.20106308162212372
Rank:0 Epoch: [37/40], Step: [111/782], Loss: 0.23439790308475494
Rank:0 Epoch: [37/40], Step: [121/782], Loss: 0.21450017392635345
Rank:0 Epoch: [37/40], Step: [131/782], Loss: 0.11160611361265182
Rank:0 Epoch: [37/40], Step: [141/782], Loss: 0.21155160665512085
Rank:0 Epoch: [37/40], Step: [151/782], Loss: 0.24051514267921448
Rank:0 Epoch: [37/40], Step: [161/782], Loss: 0.23955610394477844
Rank:0 Epoch: [37/40], Step: [171/782], Loss: 0.21819914877414703
Rank:0 Epoch: [37/40], Step: [181/782], Loss: 0.22628265619277954
Rank:0 Epoch: [37/40], Step: [191/782], Loss: 0.2835780084133148
Rank:0 Epoch: [37/40], Step: [201/782], Loss: 0.1758112758398056
Rank:0 Epoch: [37/40], Step: [211/782], Loss: 0.2313181608915329
Rank:0 Epoch: [37/40], Step: [221/782], Loss: 0.13691945374011993
Rank:0 Epoch: [37/40], Step: [231/782], Loss: 0.18890155851840973
Rank:0 Epoch: [37/40], Step: [241/782], Loss: 0.1548539102077484
Rank:0 Epoch: [37/40], Step: [251/782], Loss: 0.26632821559906006
Rank:0 Epoch: [37/40], Step: [261/782], Loss: 0.17460426688194275
Rank:0 Epoch: [37/40], Step: [271/782], Loss: 0.09792730957269669
Rank:0 Epoch: [37/40], Step: [281/782], Loss: 0.16206204891204834
Rank:0 Epoch: [37/40], Step: [291/782], Loss: 0.23473699390888214
Rank:0 Epoch: [37/40], Step: [301/782], Loss: 0.2614443004131317
Rank:0 Epoch: [37/40], Step: [311/782], Loss: 0.2449570745229721
Rank:0 Epoch: [37/40], Step: [321/782], Loss: 0.4067964255809784
Rank:0 Epoch: [37/40], Step: [331/782], Loss: 0.3150058388710022
Rank:0 Epoch: [37/40], Step: [341/782], Loss: 0.08931225538253784
Rank:0 Epoch: [37/40], Step: [351/782], Loss: 0.14129264652729034
Rank:0 Epoch: [37/40], Step: [361/782], Loss: 0.12878945469856262
Rank:0 Epoch: [37/40], Step: [371/782], Loss: 0.21258895099163055
Rank:0 Epoch: [37/40], Step: [381/782], Loss: 0.2300064116716385
Rank:0 Epoch: [37/40], Step: [391/782], Loss: 0.18405193090438843
Rank:0 Epoch: [37/40], Step: [401/782], Loss: 0.33358892798423767
Rank:0 Epoch: [37/40], Step: [411/782], Loss: 0.17526809871196747
Rank:0 Epoch: [37/40], Step: [421/782], Loss: 0.21541836857795715
Rank:0 Epoch: [37/40], Step: [431/782], Loss: 0.10073596239089966
Rank:0 Epoch: [37/40], Step: [441/782], Loss: 0.2553294897079468
Rank:0 Epoch: [37/40], Step: [451/782], Loss: 0.0673695057630539
Rank:0 Epoch: [37/40], Step: [461/782], Loss: 0.11409914493560791
Rank:0 Epoch: [37/40], Step: [471/782], Loss: 0.11508243530988693
Rank:0 Epoch: [37/40], Step: [481/782], Loss: 0.37539076805114746
Rank:0 Epoch: [37/40], Step: [491/782], Loss: 0.17544683814048767
Rank:0 Epoch: [37/40], Step: [501/782], Loss: 0.09110536426305771
Rank:0 Epoch: [37/40], Step: [511/782], Loss: 0.20511148869991302
Rank:0 Epoch: [37/40], Step: [521/782], Loss: 0.19810079038143158
Rank:0 Epoch: [37/40], Step: [531/782], Loss: 0.33335739374160767
Rank:0 Epoch: [37/40], Step: [541/782], Loss: 0.19702225923538208
Rank:0 Epoch: [37/40], Step: [551/782], Loss: 0.19251544773578644
Rank:0 Epoch: [37/40], Step: [561/782], Loss: 0.13715331256389618
Rank:0 Epoch: [37/40], Step: [571/782], Loss: 0.24919068813323975
Rank:0 Epoch: [37/40], Step: [581/782], Loss: 0.3090989291667938
Rank:0 Epoch: [37/40], Step: [591/782], Loss: 0.13878284394741058
Rank:0 Epoch: [37/40], Step: [601/782], Loss: 0.2422838807106018
Rank:0 Epoch: [37/40], Step: [611/782], Loss: 0.1186223104596138
Rank:0 Epoch: [37/40], Step: [621/782], Loss: 0.25790852308273315
Rank:0 Epoch: [37/40], Step: [631/782], Loss: 0.20363600552082062
Rank:0 Epoch: [37/40], Step: [641/782], Loss: 0.13461923599243164
Rank:0 Epoch: [37/40], Step: [651/782], Loss: 0.17499370872974396
Rank:0 Epoch: [37/40], Step: [661/782], Loss: 0.21221092343330383
Rank:0 Epoch: [37/40], Step: [671/782], Loss: 0.13756749033927917
Rank:0 Epoch: [37/40], Step: [681/782], Loss: 0.1883847415447235
Rank:0 Epoch: [37/40], Step: [691/782], Loss: 0.24859684705734253
Rank:0 Epoch: [37/40], Step: [701/782], Loss: 0.21287448704242706
Rank:0 Epoch: [37/40], Step: [711/782], Loss: 0.10603093355894089
Rank:0 Epoch: [37/40], Step: [721/782], Loss: 0.09517214447259903
Rank:0 Epoch: [37/40], Step: [731/782], Loss: 0.20597556233406067
Rank:0 Epoch: [37/40], Step: [741/782], Loss: 0.17922092974185944
Rank:0 Epoch: [37/40], Step: [751/782], Loss: 0.1678313910961151
Rank:0 Epoch: [37/40], Step: [761/782], Loss: 0.06399794667959213
Rank:0 Epoch: [37/40], Step: [771/782], Loss: 0.1778694987297058
Rank:0 Epoch: [37/40], Step: [781/782], Loss: 0.14146101474761963
Current Test Acc: 0.8989
Rank:0 Epoch: [38/40], Step: [1/782], Loss: 0.384980171918869
Rank:0 Epoch: [38/40], Step: [11/782], Loss: 0.1362571120262146
Rank:0 Epoch: [38/40], Step: [21/782], Loss: 0.16277006268501282
Rank:0 Epoch: [38/40], Step: [31/782], Loss: 0.21614760160446167
Rank:0 Epoch: [38/40], Step: [41/782], Loss: 0.12801414728164673
Rank:0 Epoch: [38/40], Step: [51/782], Loss: 0.14801597595214844
Rank:0 Epoch: [38/40], Step: [61/782], Loss: 0.09058056026697159
Rank:0 Epoch: [38/40], Step: [71/782], Loss: 0.13851270079612732
Rank:0 Epoch: [38/40], Step: [81/782], Loss: 0.26518282294273376
Rank:0 Epoch: [38/40], Step: [91/782], Loss: 0.17058183252811432
Rank:0 Epoch: [38/40], Step: [101/782], Loss: 0.12232484668493271
Rank:0 Epoch: [38/40], Step: [111/782], Loss: 0.23253175616264343
Rank:0 Epoch: [38/40], Step: [121/782], Loss: 0.12702924013137817
Rank:0 Epoch: [38/40], Step: [131/782], Loss: 0.16768677532672882
Rank:0 Epoch: [38/40], Step: [141/782], Loss: 0.10579387098550797
Rank:0 Epoch: [38/40], Step: [151/782], Loss: 0.12782737612724304
Rank:0 Epoch: [38/40], Step: [161/782], Loss: 0.14398901164531708
Rank:0 Epoch: [38/40], Step: [171/782], Loss: 0.31763043999671936
Rank:0 Epoch: [38/40], Step: [181/782], Loss: 0.17941834032535553
Rank:0 Epoch: [38/40], Step: [191/782], Loss: 0.19356627762317657
Rank:0 Epoch: [38/40], Step: [201/782], Loss: 0.1719404011964798
Rank:0 Epoch: [38/40], Step: [211/782], Loss: 0.32332128286361694
Rank:0 Epoch: [38/40], Step: [221/782], Loss: 0.1695733219385147
Rank:0 Epoch: [38/40], Step: [231/782], Loss: 0.2338595986366272
Rank:0 Epoch: [38/40], Step: [241/782], Loss: 0.124485082924366
Rank:0 Epoch: [38/40], Step: [251/782], Loss: 0.09276160597801208
Rank:0 Epoch: [38/40], Step: [261/782], Loss: 0.2497391402721405
Rank:0 Epoch: [38/40], Step: [271/782], Loss: 0.20811890065670013
Rank:0 Epoch: [38/40], Step: [281/782], Loss: 0.18946579098701477
Rank:0 Epoch: [38/40], Step: [291/782], Loss: 0.4037579298019409
Rank:0 Epoch: [38/40], Step: [301/782], Loss: 0.26530468463897705
Rank:0 Epoch: [38/40], Step: [311/782], Loss: 0.21670815348625183
Rank:0 Epoch: [38/40], Step: [321/782], Loss: 0.1469670832157135
Rank:0 Epoch: [38/40], Step: [331/782], Loss: 0.20337356626987457
Rank:0 Epoch: [38/40], Step: [341/782], Loss: 0.20986773073673248
Rank:0 Epoch: [38/40], Step: [351/782], Loss: 0.07758179306983948
Rank:0 Epoch: [38/40], Step: [361/782], Loss: 0.24268676340579987
Rank:0 Epoch: [38/40], Step: [371/782], Loss: 0.11639227718114853
Rank:0 Epoch: [38/40], Step: [381/782], Loss: 0.10931362211704254
Rank:0 Epoch: [38/40], Step: [391/782], Loss: 0.15789568424224854
Rank:0 Epoch: [38/40], Step: [401/782], Loss: 0.0868305042386055
Rank:0 Epoch: [38/40], Step: [411/782], Loss: 0.18521864712238312
Rank:0 Epoch: [38/40], Step: [421/782], Loss: 0.13724586367607117
Rank:0 Epoch: [38/40], Step: [431/782], Loss: 0.25568440556526184
Rank:0 Epoch: [38/40], Step: [441/782], Loss: 0.3444083034992218
Rank:0 Epoch: [38/40], Step: [451/782], Loss: 0.2699170708656311
Rank:0 Epoch: [38/40], Step: [461/782], Loss: 0.16438129544258118
Rank:0 Epoch: [38/40], Step: [471/782], Loss: 0.08473892509937286
Rank:0 Epoch: [38/40], Step: [481/782], Loss: 0.29710066318511963
Rank:0 Epoch: [38/40], Step: [491/782], Loss: 0.2767612934112549
Rank:0 Epoch: [38/40], Step: [501/782], Loss: 0.27864545583724976
Rank:0 Epoch: [38/40], Step: [511/782], Loss: 0.29449212551116943
Rank:0 Epoch: [38/40], Step: [521/782], Loss: 0.159460186958313
Rank:0 Epoch: [38/40], Step: [531/782], Loss: 0.10875698179006577
Rank:0 Epoch: [38/40], Step: [541/782], Loss: 0.20125535130500793
Rank:0 Epoch: [38/40], Step: [551/782], Loss: 0.24477113783359528
Rank:0 Epoch: [38/40], Step: [561/782], Loss: 0.12973134219646454
Rank:0 Epoch: [38/40], Step: [571/782], Loss: 0.14832840859889984
Rank:0 Epoch: [38/40], Step: [581/782], Loss: 0.14808379113674164
Rank:0 Epoch: [38/40], Step: [591/782], Loss: 0.1413261592388153
Rank:0 Epoch: [38/40], Step: [601/782], Loss: 0.14114916324615479
Rank:0 Epoch: [38/40], Step: [611/782], Loss: 0.27174681425094604
Rank:0 Epoch: [38/40], Step: [621/782], Loss: 0.24457086622714996
Rank:0 Epoch: [38/40], Step: [631/782], Loss: 0.2645867168903351
Rank:0 Epoch: [38/40], Step: [641/782], Loss: 0.2589084506034851
Rank:0 Epoch: [38/40], Step: [651/782], Loss: 0.13494929671287537
Rank:0 Epoch: [38/40], Step: [661/782], Loss: 0.2791998088359833
Rank:0 Epoch: [38/40], Step: [671/782], Loss: 0.12024632096290588
Rank:0 Epoch: [38/40], Step: [681/782], Loss: 0.18676996231079102
Rank:0 Epoch: [38/40], Step: [691/782], Loss: 0.24526406824588776
Rank:0 Epoch: [38/40], Step: [701/782], Loss: 0.2127545326948166
Rank:0 Epoch: [38/40], Step: [711/782], Loss: 0.08711475133895874
Rank:0 Epoch: [38/40], Step: [721/782], Loss: 0.16830839216709137
Rank:0 Epoch: [38/40], Step: [731/782], Loss: 0.11089526116847992
Rank:0 Epoch: [38/40], Step: [741/782], Loss: 0.0914904773235321
Rank:0 Epoch: [38/40], Step: [751/782], Loss: 0.1641947478055954
Rank:0 Epoch: [38/40], Step: [761/782], Loss: 0.1967347115278244
Rank:0 Epoch: [38/40], Step: [771/782], Loss: 0.3074275553226471
Rank:0 Epoch: [38/40], Step: [781/782], Loss: 0.24091261625289917
Current Test Acc: 0.8963
Rank:0 Epoch: [39/40], Step: [1/782], Loss: 0.11480702459812164
Rank:0 Epoch: [39/40], Step: [11/782], Loss: 0.13966546952724457
Rank:0 Epoch: [39/40], Step: [21/782], Loss: 0.1735861897468567
Rank:0 Epoch: [39/40], Step: [31/782], Loss: 0.20455922186374664
Rank:0 Epoch: [39/40], Step: [41/782], Loss: 0.15763597190380096
Rank:0 Epoch: [39/40], Step: [51/782], Loss: 0.1463736891746521
Rank:0 Epoch: [39/40], Step: [61/782], Loss: 0.3288894295692444
Rank:0 Epoch: [39/40], Step: [71/782], Loss: 0.21375180780887604
Rank:0 Epoch: [39/40], Step: [81/782], Loss: 0.43006932735443115
Rank:0 Epoch: [39/40], Step: [91/782], Loss: 0.16989661753177643
Rank:0 Epoch: [39/40], Step: [101/782], Loss: 0.12867771089076996
Rank:0 Epoch: [39/40], Step: [111/782], Loss: 0.20135349035263062
Rank:0 Epoch: [39/40], Step: [121/782], Loss: 0.07936852425336838
Rank:0 Epoch: [39/40], Step: [131/782], Loss: 0.27637600898742676
Rank:0 Epoch: [39/40], Step: [141/782], Loss: 0.20242929458618164
Rank:0 Epoch: [39/40], Step: [151/782], Loss: 0.17752036452293396
Rank:0 Epoch: [39/40], Step: [161/782], Loss: 0.3212662935256958
Rank:0 Epoch: [39/40], Step: [171/782], Loss: 0.22467856109142303
Rank:0 Epoch: [39/40], Step: [181/782], Loss: 0.1924392580986023
Rank:0 Epoch: [39/40], Step: [191/782], Loss: 0.21409247815608978
Rank:0 Epoch: [39/40], Step: [201/782], Loss: 0.16505520045757294
Rank:0 Epoch: [39/40], Step: [211/782], Loss: 0.26112449169158936
Rank:0 Epoch: [39/40], Step: [221/782], Loss: 0.19815513491630554
Rank:0 Epoch: [39/40], Step: [231/782], Loss: 0.1388438642024994
Rank:0 Epoch: [39/40], Step: [241/782], Loss: 0.0924568921327591
Rank:0 Epoch: [39/40], Step: [251/782], Loss: 0.15314729511737823
Rank:0 Epoch: [39/40], Step: [261/782], Loss: 0.2056889533996582
Rank:0 Epoch: [39/40], Step: [271/782], Loss: 0.14808374643325806
Rank:0 Epoch: [39/40], Step: [281/782], Loss: 0.11547749489545822
Rank:0 Epoch: [39/40], Step: [291/782], Loss: 0.16532360017299652
Rank:0 Epoch: [39/40], Step: [301/782], Loss: 0.2931825518608093
Rank:0 Epoch: [39/40], Step: [311/782], Loss: 0.18275128304958344
Rank:0 Epoch: [39/40], Step: [321/782], Loss: 0.2247583419084549
Rank:0 Epoch: [39/40], Step: [331/782], Loss: 0.2809327244758606
Rank:0 Epoch: [39/40], Step: [341/782], Loss: 0.2493300586938858
Rank:0 Epoch: [39/40], Step: [351/782], Loss: 0.20460189878940582
Rank:0 Epoch: [39/40], Step: [361/782], Loss: 0.12327934801578522
Rank:0 Epoch: [39/40], Step: [371/782], Loss: 0.0850801095366478
Rank:0 Epoch: [39/40], Step: [381/782], Loss: 0.24723473191261292
Rank:0 Epoch: [39/40], Step: [391/782], Loss: 0.3946289122104645
Rank:0 Epoch: [39/40], Step: [401/782], Loss: 0.14359012246131897
Rank:0 Epoch: [39/40], Step: [411/782], Loss: 0.24208706617355347
Rank:0 Epoch: [39/40], Step: [421/782], Loss: 0.12358631193637848
Rank:0 Epoch: [39/40], Step: [431/782], Loss: 0.13193698227405548
Rank:0 Epoch: [39/40], Step: [441/782], Loss: 0.23405255377292633
Rank:0 Epoch: [39/40], Step: [451/782], Loss: 0.18370608985424042
Rank:0 Epoch: [39/40], Step: [461/782], Loss: 0.17140182852745056
Rank:0 Epoch: [39/40], Step: [471/782], Loss: 0.242886021733284
Rank:0 Epoch: [39/40], Step: [481/782], Loss: 0.3084166646003723
Rank:0 Epoch: [39/40], Step: [491/782], Loss: 0.18927113711833954
Rank:0 Epoch: [39/40], Step: [501/782], Loss: 0.16561320424079895
Rank:0 Epoch: [39/40], Step: [511/782], Loss: 0.06934840232133865
Rank:0 Epoch: [39/40], Step: [521/782], Loss: 0.39589256048202515
Rank:0 Epoch: [39/40], Step: [531/782], Loss: 0.15279434621334076
Rank:0 Epoch: [39/40], Step: [541/782], Loss: 0.2983349859714508
Rank:0 Epoch: [39/40], Step: [551/782], Loss: 0.1766628921031952
Rank:0 Epoch: [39/40], Step: [561/782], Loss: 0.24738791584968567
Rank:0 Epoch: [39/40], Step: [571/782], Loss: 0.1623985916376114
Rank:0 Epoch: [39/40], Step: [581/782], Loss: 0.19460700452327728
Rank:0 Epoch: [39/40], Step: [591/782], Loss: 0.2563781440258026
Rank:0 Epoch: [39/40], Step: [601/782], Loss: 0.3581990897655487
Rank:0 Epoch: [39/40], Step: [611/782], Loss: 0.11977294087409973
Rank:0 Epoch: [39/40], Step: [621/782], Loss: 0.14244011044502258
Rank:0 Epoch: [39/40], Step: [631/782], Loss: 0.21165262162685394
Rank:0 Epoch: [39/40], Step: [641/782], Loss: 0.13901536166667938
Rank:0 Epoch: [39/40], Step: [651/782], Loss: 0.1807136982679367
Rank:0 Epoch: [39/40], Step: [661/782], Loss: 0.30562835931777954
Rank:0 Epoch: [39/40], Step: [671/782], Loss: 0.3079392611980438
Rank:0 Epoch: [39/40], Step: [681/782], Loss: 0.20168545842170715
Rank:0 Epoch: [39/40], Step: [691/782], Loss: 0.31841084361076355
Rank:0 Epoch: [39/40], Step: [701/782], Loss: 0.18643228709697723
Rank:0 Epoch: [39/40], Step: [711/782], Loss: 0.2367403507232666
Rank:0 Epoch: [39/40], Step: [721/782], Loss: 0.25144341588020325
Rank:0 Epoch: [39/40], Step: [731/782], Loss: 0.14042383432388306
Rank:0 Epoch: [39/40], Step: [741/782], Loss: 0.21887344121932983
Rank:0 Epoch: [39/40], Step: [751/782], Loss: 0.1922474503517151
Rank:0 Epoch: [39/40], Step: [761/782], Loss: 0.15732592344284058
Rank:0 Epoch: [39/40], Step: [771/782], Loss: 0.21571287512779236
Rank:0 Epoch: [39/40], Step: [781/782], Loss: 0.2092028111219406
Current Test Acc: 0.8966
Rank:0 Epoch: [40/40], Step: [1/782], Loss: 0.1724972277879715
Rank:0 Epoch: [40/40], Step: [11/782], Loss: 0.23637153208255768
Rank:0 Epoch: [40/40], Step: [21/782], Loss: 0.234675332903862
Rank:0 Epoch: [40/40], Step: [31/782], Loss: 0.2491782009601593
Rank:0 Epoch: [40/40], Step: [41/782], Loss: 0.18954600393772125
Rank:0 Epoch: [40/40], Step: [51/782], Loss: 0.19831115007400513
Rank:0 Epoch: [40/40], Step: [61/782], Loss: 0.214721217751503
Rank:0 Epoch: [40/40], Step: [71/782], Loss: 0.16914542019367218
Rank:0 Epoch: [40/40], Step: [81/782], Loss: 0.2428147941827774
Rank:0 Epoch: [40/40], Step: [91/782], Loss: 0.16850987076759338
Rank:0 Epoch: [40/40], Step: [101/782], Loss: 0.22407615184783936
Rank:0 Epoch: [40/40], Step: [111/782], Loss: 0.1930655986070633
Rank:0 Epoch: [40/40], Step: [121/782], Loss: 0.2242240607738495
Rank:0 Epoch: [40/40], Step: [131/782], Loss: 0.18707339465618134
Rank:0 Epoch: [40/40], Step: [141/782], Loss: 0.22032268345355988
Rank:0 Epoch: [40/40], Step: [151/782], Loss: 0.2572866976261139
Rank:0 Epoch: [40/40], Step: [161/782], Loss: 0.11639591306447983
Rank:0 Epoch: [40/40], Step: [171/782], Loss: 0.19300204515457153
Rank:0 Epoch: [40/40], Step: [181/782], Loss: 0.1692841351032257
Rank:0 Epoch: [40/40], Step: [191/782], Loss: 0.2507023513317108
Rank:0 Epoch: [40/40], Step: [201/782], Loss: 0.1279943436384201
Rank:0 Epoch: [40/40], Step: [211/782], Loss: 0.0816798284649849
Rank:0 Epoch: [40/40], Step: [221/782], Loss: 0.07309477776288986
Rank:0 Epoch: [40/40], Step: [231/782], Loss: 0.27158814668655396
Rank:0 Epoch: [40/40], Step: [241/782], Loss: 0.16157802939414978
Rank:0 Epoch: [40/40], Step: [251/782], Loss: 0.22634273767471313
Rank:0 Epoch: [40/40], Step: [261/782], Loss: 0.10692769289016724
Rank:0 Epoch: [40/40], Step: [271/782], Loss: 0.12011747807264328
Rank:0 Epoch: [40/40], Step: [281/782], Loss: 0.17240914702415466
Rank:0 Epoch: [40/40], Step: [291/782], Loss: 0.13952431082725525
Rank:0 Epoch: [40/40], Step: [301/782], Loss: 0.15010136365890503
Rank:0 Epoch: [40/40], Step: [311/782], Loss: 0.21422502398490906
Rank:0 Epoch: [40/40], Step: [321/782], Loss: 0.3186940848827362
Rank:0 Epoch: [40/40], Step: [331/782], Loss: 0.086760014295578
Rank:0 Epoch: [40/40], Step: [341/782], Loss: 0.24662211537361145
Rank:0 Epoch: [40/40], Step: [351/782], Loss: 0.36269643902778625
Rank:0 Epoch: [40/40], Step: [361/782], Loss: 0.1911822408437729
Rank:0 Epoch: [40/40], Step: [371/782], Loss: 0.19319391250610352
Rank:0 Epoch: [40/40], Step: [381/782], Loss: 0.2866634428501129
Rank:0 Epoch: [40/40], Step: [391/782], Loss: 0.26623740792274475
Rank:0 Epoch: [40/40], Step: [401/782], Loss: 0.25642159581184387
Rank:0 Epoch: [40/40], Step: [411/782], Loss: 0.14619110524654388
Rank:0 Epoch: [40/40], Step: [421/782], Loss: 0.16548208892345428
Rank:0 Epoch: [40/40], Step: [431/782], Loss: 0.19151267409324646
Rank:0 Epoch: [40/40], Step: [441/782], Loss: 0.1774992197751999
Rank:0 Epoch: [40/40], Step: [451/782], Loss: 0.2999517619609833
Rank:0 Epoch: [40/40], Step: [461/782], Loss: 0.31380635499954224
Rank:0 Epoch: [40/40], Step: [471/782], Loss: 0.34685027599334717
Rank:0 Epoch: [40/40], Step: [481/782], Loss: 0.1499599665403366
Rank:0 Epoch: [40/40], Step: [491/782], Loss: 0.2896905243396759
Rank:0 Epoch: [40/40], Step: [501/782], Loss: 0.16165386140346527
Rank:0 Epoch: [40/40], Step: [511/782], Loss: 0.25992658734321594
Rank:0 Epoch: [40/40], Step: [521/782], Loss: 0.20206932723522186
Rank:0 Epoch: [40/40], Step: [531/782], Loss: 0.23917244374752045
Rank:0 Epoch: [40/40], Step: [541/782], Loss: 0.3093946576118469
Rank:0 Epoch: [40/40], Step: [551/782], Loss: 0.1906372755765915
Rank:0 Epoch: [40/40], Step: [561/782], Loss: 0.10499812662601471
Rank:0 Epoch: [40/40], Step: [571/782], Loss: 0.19523121416568756
Rank:0 Epoch: [40/40], Step: [581/782], Loss: 0.26512810587882996
Rank:0 Epoch: [40/40], Step: [591/782], Loss: 0.2214815765619278
Rank:0 Epoch: [40/40], Step: [601/782], Loss: 0.2653946280479431
Rank:0 Epoch: [40/40], Step: [611/782], Loss: 0.22883297502994537
Rank:0 Epoch: [40/40], Step: [621/782], Loss: 0.16447503864765167
Rank:0 Epoch: [40/40], Step: [631/782], Loss: 0.3198852837085724
Rank:0 Epoch: [40/40], Step: [641/782], Loss: 0.13034845888614655
Rank:0 Epoch: [40/40], Step: [651/782], Loss: 0.10217960178852081
Rank:0 Epoch: [40/40], Step: [661/782], Loss: 0.12156554311513901
Rank:0 Epoch: [40/40], Step: [671/782], Loss: 0.1337479203939438
Rank:0 Epoch: [40/40], Step: [681/782], Loss: 0.10173632204532623
Rank:0 Epoch: [40/40], Step: [691/782], Loss: 0.1596929430961609
Rank:0 Epoch: [40/40], Step: [701/782], Loss: 0.31766277551651
Rank:0 Epoch: [40/40], Step: [711/782], Loss: 0.18177473545074463
Rank:0 Epoch: [40/40], Step: [721/782], Loss: 0.16959702968597412
Rank:0 Epoch: [40/40], Step: [731/782], Loss: 0.17598630487918854
Rank:0 Epoch: [40/40], Step: [741/782], Loss: 0.2449680119752884
Rank:0 Epoch: [40/40], Step: [751/782], Loss: 0.3131716549396515
Rank:0 Epoch: [40/40], Step: [761/782], Loss: 0.20036828517913818
Rank:0 Epoch: [40/40], Step: [771/782], Loss: 0.1010856106877327
Rank:0 Epoch: [40/40], Step: [781/782], Loss: 0.1368599385023117
beta=2
Current Test Acc: 0.8973
Local best accuracy so far 0.8989
Best accuracy so far 0.8989
completed!
