ddp backend: nccl, world size: 1
rank 0 train on cuda 0
Rank:0 Epoch: [1/40], Step: [1/782], Loss: 0.3994885981082916
Rank:0 Epoch: [1/40], Step: [11/782], Loss: 0.20854750275611877
Rank:0 Epoch: [1/40], Step: [21/782], Loss: 0.26670700311660767
Rank:0 Epoch: [1/40], Step: [31/782], Loss: 0.7099909782409668
Rank:0 Epoch: [1/40], Step: [41/782], Loss: 0.5187198519706726
Rank:0 Epoch: [1/40], Step: [51/782], Loss: 0.6685420870780945
Rank:0 Epoch: [1/40], Step: [61/782], Loss: 0.7790675759315491
Rank:0 Epoch: [1/40], Step: [71/782], Loss: 0.7616906762123108
Rank:0 Epoch: [1/40], Step: [81/782], Loss: 0.4798510670661926
Rank:0 Epoch: [1/40], Step: [91/782], Loss: 0.7054531574249268
Rank:0 Epoch: [1/40], Step: [101/782], Loss: 0.5737070441246033
Rank:0 Epoch: [1/40], Step: [111/782], Loss: 0.5999624133110046
Rank:0 Epoch: [1/40], Step: [121/782], Loss: 0.603501558303833
Rank:0 Epoch: [1/40], Step: [131/782], Loss: 0.4618857502937317
Rank:0 Epoch: [1/40], Step: [141/782], Loss: 0.6909695863723755
Rank:0 Epoch: [1/40], Step: [151/782], Loss: 0.5097686648368835
Rank:0 Epoch: [1/40], Step: [161/782], Loss: 0.5366475582122803
Rank:0 Epoch: [1/40], Step: [171/782], Loss: 0.543464720249176
Rank:0 Epoch: [1/40], Step: [181/782], Loss: 0.7161009907722473
Rank:0 Epoch: [1/40], Step: [191/782], Loss: 0.6431811451911926
Rank:0 Epoch: [1/40], Step: [201/782], Loss: 0.5108040571212769
Rank:0 Epoch: [1/40], Step: [211/782], Loss: 0.5770638585090637
Rank:0 Epoch: [1/40], Step: [221/782], Loss: 0.5602145791053772
Rank:0 Epoch: [1/40], Step: [231/782], Loss: 0.8514704704284668
Rank:0 Epoch: [1/40], Step: [241/782], Loss: 0.5659006237983704
Rank:0 Epoch: [1/40], Step: [251/782], Loss: 0.3803013861179352
Rank:0 Epoch: [1/40], Step: [261/782], Loss: 0.596859872341156
Rank:0 Epoch: [1/40], Step: [271/782], Loss: 0.6831566095352173
Rank:0 Epoch: [1/40], Step: [281/782], Loss: 0.2725204527378082
Rank:0 Epoch: [1/40], Step: [291/782], Loss: 0.34135112166404724
Rank:0 Epoch: [1/40], Step: [301/782], Loss: 0.4798775613307953
Rank:0 Epoch: [1/40], Step: [311/782], Loss: 0.5322308540344238
Rank:0 Epoch: [1/40], Step: [321/782], Loss: 0.37908270955085754
Rank:0 Epoch: [1/40], Step: [331/782], Loss: 0.5404419302940369
Rank:0 Epoch: [1/40], Step: [341/782], Loss: 0.27485108375549316
Rank:0 Epoch: [1/40], Step: [351/782], Loss: 0.6112121939659119
Rank:0 Epoch: [1/40], Step: [361/782], Loss: 0.555991530418396
Rank:0 Epoch: [1/40], Step: [371/782], Loss: 0.46245265007019043
Rank:0 Epoch: [1/40], Step: [381/782], Loss: 0.37224081158638
Rank:0 Epoch: [1/40], Step: [391/782], Loss: 0.31982526183128357
Rank:0 Epoch: [1/40], Step: [401/782], Loss: 0.46888279914855957
Rank:0 Epoch: [1/40], Step: [411/782], Loss: 0.40263786911964417
Rank:0 Epoch: [1/40], Step: [421/782], Loss: 0.3947144150733948
Rank:0 Epoch: [1/40], Step: [431/782], Loss: 0.6309040188789368
Rank:0 Epoch: [1/40], Step: [441/782], Loss: 0.40993115305900574
Rank:0 Epoch: [1/40], Step: [451/782], Loss: 0.34250175952911377
Rank:0 Epoch: [1/40], Step: [461/782], Loss: 0.35888320207595825
Rank:0 Epoch: [1/40], Step: [471/782], Loss: 0.2883042097091675
Rank:0 Epoch: [1/40], Step: [481/782], Loss: 0.5326656699180603
Rank:0 Epoch: [1/40], Step: [491/782], Loss: 0.5230554938316345
Rank:0 Epoch: [1/40], Step: [501/782], Loss: 0.4300718307495117
Rank:0 Epoch: [1/40], Step: [511/782], Loss: 0.2876254916191101
Rank:0 Epoch: [1/40], Step: [521/782], Loss: 0.4654434323310852
Rank:0 Epoch: [1/40], Step: [531/782], Loss: 0.4735638201236725
Rank:0 Epoch: [1/40], Step: [541/782], Loss: 0.2508612871170044
Rank:0 Epoch: [1/40], Step: [551/782], Loss: 0.23680388927459717
Rank:0 Epoch: [1/40], Step: [561/782], Loss: 0.30803990364074707
Rank:0 Epoch: [1/40], Step: [571/782], Loss: 0.31656524538993835
Rank:0 Epoch: [1/40], Step: [581/782], Loss: 0.6356385946273804
Rank:0 Epoch: [1/40], Step: [591/782], Loss: 0.35910695791244507
Rank:0 Epoch: [1/40], Step: [601/782], Loss: 0.5670500993728638
Rank:0 Epoch: [1/40], Step: [611/782], Loss: 0.38396644592285156
Rank:0 Epoch: [1/40], Step: [621/782], Loss: 0.4061257243156433
Rank:0 Epoch: [1/40], Step: [631/782], Loss: 0.34793657064437866
Rank:0 Epoch: [1/40], Step: [641/782], Loss: 0.41298535466194153
Rank:0 Epoch: [1/40], Step: [651/782], Loss: 0.41603946685791016
Rank:0 Epoch: [1/40], Step: [661/782], Loss: 0.47297489643096924
Rank:0 Epoch: [1/40], Step: [671/782], Loss: 0.42825591564178467
Rank:0 Epoch: [1/40], Step: [681/782], Loss: 0.420243501663208
Rank:0 Epoch: [1/40], Step: [691/782], Loss: 0.5004835724830627
Rank:0 Epoch: [1/40], Step: [701/782], Loss: 0.47977903485298157
Rank:0 Epoch: [1/40], Step: [711/782], Loss: 0.37435099482536316
Rank:0 Epoch: [1/40], Step: [721/782], Loss: 0.31433671712875366
Rank:0 Epoch: [1/40], Step: [731/782], Loss: 0.339843213558197
Rank:0 Epoch: [1/40], Step: [741/782], Loss: 0.28736212849617004
Rank:0 Epoch: [1/40], Step: [751/782], Loss: 0.38869529962539673
Rank:0 Epoch: [1/40], Step: [761/782], Loss: 0.4166503846645355
Rank:0 Epoch: [1/40], Step: [771/782], Loss: 0.35689181089401245
Rank:0 Epoch: [1/40], Step: [781/782], Loss: 0.3143322467803955
Current Test Acc: 0.8202
Rank:0 Epoch: [2/40], Step: [1/782], Loss: 0.4153732657432556
Rank:0 Epoch: [2/40], Step: [11/782], Loss: 0.3284546434879303
Rank:0 Epoch: [2/40], Step: [21/782], Loss: 0.24757784605026245
Rank:0 Epoch: [2/40], Step: [31/782], Loss: 0.2424807995557785
Rank:0 Epoch: [2/40], Step: [41/782], Loss: 0.2464999407529831
Rank:0 Epoch: [2/40], Step: [51/782], Loss: 0.268805593252182
Rank:0 Epoch: [2/40], Step: [61/782], Loss: 0.23175647854804993
Rank:0 Epoch: [2/40], Step: [71/782], Loss: 0.5152998566627502
Rank:0 Epoch: [2/40], Step: [81/782], Loss: 0.476948618888855
Rank:0 Epoch: [2/40], Step: [91/782], Loss: 0.40916773676872253
Rank:0 Epoch: [2/40], Step: [101/782], Loss: 0.27579036355018616
Rank:0 Epoch: [2/40], Step: [111/782], Loss: 0.30942147970199585
Rank:0 Epoch: [2/40], Step: [121/782], Loss: 0.40474918484687805
Rank:0 Epoch: [2/40], Step: [131/782], Loss: 0.21222823858261108
Rank:0 Epoch: [2/40], Step: [141/782], Loss: 0.2403281033039093
Rank:0 Epoch: [2/40], Step: [151/782], Loss: 0.5385675430297852
Rank:0 Epoch: [2/40], Step: [161/782], Loss: 0.3733796775341034
Rank:0 Epoch: [2/40], Step: [171/782], Loss: 0.3375084102153778
Rank:0 Epoch: [2/40], Step: [181/782], Loss: 0.36645686626434326
Rank:0 Epoch: [2/40], Step: [191/782], Loss: 0.38546839356422424
Rank:0 Epoch: [2/40], Step: [201/782], Loss: 0.25625279545783997
Rank:0 Epoch: [2/40], Step: [211/782], Loss: 0.3439856171607971
Rank:0 Epoch: [2/40], Step: [221/782], Loss: 0.35654300451278687
Rank:0 Epoch: [2/40], Step: [231/782], Loss: 0.3840409219264984
Rank:0 Epoch: [2/40], Step: [241/782], Loss: 0.35337308049201965
Rank:0 Epoch: [2/40], Step: [251/782], Loss: 0.5838778018951416
Rank:0 Epoch: [2/40], Step: [261/782], Loss: 0.348781943321228
Rank:0 Epoch: [2/40], Step: [271/782], Loss: 0.3748101592063904
Rank:0 Epoch: [2/40], Step: [281/782], Loss: 0.3335757255554199
Rank:0 Epoch: [2/40], Step: [291/782], Loss: 0.2620394825935364
Rank:0 Epoch: [2/40], Step: [301/782], Loss: 0.4032342731952667
Rank:0 Epoch: [2/40], Step: [311/782], Loss: 0.2532322406768799
Rank:0 Epoch: [2/40], Step: [321/782], Loss: 0.2584104835987091
Rank:0 Epoch: [2/40], Step: [331/782], Loss: 0.44768500328063965
Rank:0 Epoch: [2/40], Step: [341/782], Loss: 0.38658052682876587
Rank:0 Epoch: [2/40], Step: [351/782], Loss: 0.12871359288692474
Rank:0 Epoch: [2/40], Step: [361/782], Loss: 0.2896178960800171
Rank:0 Epoch: [2/40], Step: [371/782], Loss: 0.289895236492157
Rank:0 Epoch: [2/40], Step: [381/782], Loss: 0.2981087565422058
Rank:0 Epoch: [2/40], Step: [391/782], Loss: 0.39470174908638
Rank:0 Epoch: [2/40], Step: [401/782], Loss: 0.5470882654190063
Rank:0 Epoch: [2/40], Step: [411/782], Loss: 0.4603782594203949
Rank:0 Epoch: [2/40], Step: [421/782], Loss: 0.5531031489372253
Rank:0 Epoch: [2/40], Step: [431/782], Loss: 0.4005020260810852
Rank:0 Epoch: [2/40], Step: [441/782], Loss: 0.3542599380016327
Rank:0 Epoch: [2/40], Step: [451/782], Loss: 0.31349796056747437
Rank:0 Epoch: [2/40], Step: [461/782], Loss: 0.33381810784339905
Rank:0 Epoch: [2/40], Step: [471/782], Loss: 0.28389063477516174
Rank:0 Epoch: [2/40], Step: [481/782], Loss: 0.32832810282707214
Rank:0 Epoch: [2/40], Step: [491/782], Loss: 0.32951706647872925
Rank:0 Epoch: [2/40], Step: [501/782], Loss: 0.5626745820045471
Rank:0 Epoch: [2/40], Step: [511/782], Loss: 0.3386809229850769
Rank:0 Epoch: [2/40], Step: [521/782], Loss: 0.07755003869533539
Rank:0 Epoch: [2/40], Step: [531/782], Loss: 0.2983749508857727
Rank:0 Epoch: [2/40], Step: [541/782], Loss: 0.2547520697116852
Rank:0 Epoch: [2/40], Step: [551/782], Loss: 0.2575100362300873
Rank:0 Epoch: [2/40], Step: [561/782], Loss: 0.36167997121810913
Rank:0 Epoch: [2/40], Step: [571/782], Loss: 0.2038964480161667
Rank:0 Epoch: [2/40], Step: [581/782], Loss: 0.17498904466629028
Rank:0 Epoch: [2/40], Step: [591/782], Loss: 0.21537479758262634
Rank:0 Epoch: [2/40], Step: [601/782], Loss: 0.3374573886394501
Rank:0 Epoch: [2/40], Step: [611/782], Loss: 0.3171655833721161
Rank:0 Epoch: [2/40], Step: [621/782], Loss: 0.2925894856452942
Rank:0 Epoch: [2/40], Step: [631/782], Loss: 0.38473382592201233
Rank:0 Epoch: [2/40], Step: [641/782], Loss: 0.37574121356010437
Rank:0 Epoch: [2/40], Step: [651/782], Loss: 0.4367921054363251
Rank:0 Epoch: [2/40], Step: [661/782], Loss: 0.4110051989555359
Rank:0 Epoch: [2/40], Step: [671/782], Loss: 0.33828243613243103
Rank:0 Epoch: [2/40], Step: [681/782], Loss: 0.2847507894039154
Rank:0 Epoch: [2/40], Step: [691/782], Loss: 0.24682432413101196
Rank:0 Epoch: [2/40], Step: [701/782], Loss: 0.25562259554862976
Rank:0 Epoch: [2/40], Step: [711/782], Loss: 0.33459219336509705
Rank:0 Epoch: [2/40], Step: [721/782], Loss: 0.2468382865190506
Rank:0 Epoch: [2/40], Step: [731/782], Loss: 0.1843094527721405
Rank:0 Epoch: [2/40], Step: [741/782], Loss: 0.30719563364982605
Rank:0 Epoch: [2/40], Step: [751/782], Loss: 0.2294299304485321
Rank:0 Epoch: [2/40], Step: [761/782], Loss: 0.343158483505249
Rank:0 Epoch: [2/40], Step: [771/782], Loss: 0.2742539644241333
Rank:0 Epoch: [2/40], Step: [781/782], Loss: 0.2440289556980133
Current Test Acc: 0.8606
Rank:0 Epoch: [3/40], Step: [1/782], Loss: 0.2999420762062073
Rank:0 Epoch: [3/40], Step: [11/782], Loss: 0.5040396451950073
Rank:0 Epoch: [3/40], Step: [21/782], Loss: 0.17057864367961884
Rank:0 Epoch: [3/40], Step: [31/782], Loss: 0.2368309497833252
Rank:0 Epoch: [3/40], Step: [41/782], Loss: 0.1755465865135193
Rank:0 Epoch: [3/40], Step: [51/782], Loss: 0.11143296957015991
Rank:0 Epoch: [3/40], Step: [61/782], Loss: 0.29868724942207336
Rank:0 Epoch: [3/40], Step: [71/782], Loss: 0.3660789728164673
Rank:0 Epoch: [3/40], Step: [81/782], Loss: 0.2867286205291748
Rank:0 Epoch: [3/40], Step: [91/782], Loss: 0.3718983829021454
Rank:0 Epoch: [3/40], Step: [101/782], Loss: 0.43633973598480225
Rank:0 Epoch: [3/40], Step: [111/782], Loss: 0.22329869866371155
Rank:0 Epoch: [3/40], Step: [121/782], Loss: 0.21109271049499512
Rank:0 Epoch: [3/40], Step: [131/782], Loss: 0.23186849057674408
Rank:0 Epoch: [3/40], Step: [141/782], Loss: 0.310465544462204
Rank:0 Epoch: [3/40], Step: [151/782], Loss: 0.2802444398403168
Rank:0 Epoch: [3/40], Step: [161/782], Loss: 0.17822960019111633
Rank:0 Epoch: [3/40], Step: [171/782], Loss: 0.20871363580226898
Rank:0 Epoch: [3/40], Step: [181/782], Loss: 0.42895641922950745
Rank:0 Epoch: [3/40], Step: [191/782], Loss: 0.18644186854362488
Rank:0 Epoch: [3/40], Step: [201/782], Loss: 0.15422894060611725
Rank:0 Epoch: [3/40], Step: [211/782], Loss: 0.3176948130130768
Rank:0 Epoch: [3/40], Step: [221/782], Loss: 0.21001724898815155
Rank:0 Epoch: [3/40], Step: [231/782], Loss: 0.33096030354499817
Rank:0 Epoch: [3/40], Step: [241/782], Loss: 0.22086767852306366
Rank:0 Epoch: [3/40], Step: [251/782], Loss: 0.15324923396110535
Rank:0 Epoch: [3/40], Step: [261/782], Loss: 0.3237387239933014
Rank:0 Epoch: [3/40], Step: [271/782], Loss: 0.3257826864719391
Rank:0 Epoch: [3/40], Step: [281/782], Loss: 0.32274243235588074
Rank:0 Epoch: [3/40], Step: [291/782], Loss: 0.15839584171772003
Rank:0 Epoch: [3/40], Step: [301/782], Loss: 0.44050347805023193
Rank:0 Epoch: [3/40], Step: [311/782], Loss: 0.553421676158905
Rank:0 Epoch: [3/40], Step: [321/782], Loss: 0.45548015832901
Rank:0 Epoch: [3/40], Step: [331/782], Loss: 0.29410579800605774
Rank:0 Epoch: [3/40], Step: [341/782], Loss: 0.3097585141658783
Rank:0 Epoch: [3/40], Step: [351/782], Loss: 0.21393176913261414
Rank:0 Epoch: [3/40], Step: [361/782], Loss: 0.3096058666706085
Rank:0 Epoch: [3/40], Step: [371/782], Loss: 0.27798330783843994
Rank:0 Epoch: [3/40], Step: [381/782], Loss: 0.33397263288497925
Rank:0 Epoch: [3/40], Step: [391/782], Loss: 0.25875937938690186
Rank:0 Epoch: [3/40], Step: [401/782], Loss: 0.2890731990337372
Rank:0 Epoch: [3/40], Step: [411/782], Loss: 0.4125475287437439
Rank:0 Epoch: [3/40], Step: [421/782], Loss: 0.4693661630153656
Rank:0 Epoch: [3/40], Step: [431/782], Loss: 0.3393412232398987
Rank:0 Epoch: [3/40], Step: [441/782], Loss: 0.39422813057899475
Rank:0 Epoch: [3/40], Step: [451/782], Loss: 0.2802771329879761
Rank:0 Epoch: [3/40], Step: [461/782], Loss: 0.17041775584220886
Rank:0 Epoch: [3/40], Step: [471/782], Loss: 0.26927492022514343
Rank:0 Epoch: [3/40], Step: [481/782], Loss: 0.4182743430137634
Rank:0 Epoch: [3/40], Step: [491/782], Loss: 0.45490148663520813
Rank:0 Epoch: [3/40], Step: [501/782], Loss: 0.24931631982326508
Rank:0 Epoch: [3/40], Step: [511/782], Loss: 0.14481446146965027
Rank:0 Epoch: [3/40], Step: [521/782], Loss: 0.23358014225959778
Rank:0 Epoch: [3/40], Step: [531/782], Loss: 0.3204949200153351
Rank:0 Epoch: [3/40], Step: [541/782], Loss: 0.4108552038669586
Rank:0 Epoch: [3/40], Step: [551/782], Loss: 0.2390800416469574
Rank:0 Epoch: [3/40], Step: [561/782], Loss: 0.44044625759124756
Rank:0 Epoch: [3/40], Step: [571/782], Loss: 0.4317369759082794
Rank:0 Epoch: [3/40], Step: [581/782], Loss: 0.2965954542160034
Rank:0 Epoch: [3/40], Step: [591/782], Loss: 0.23347504436969757
Rank:0 Epoch: [3/40], Step: [601/782], Loss: 0.22879262268543243
Rank:0 Epoch: [3/40], Step: [611/782], Loss: 0.35035789012908936
Rank:0 Epoch: [3/40], Step: [621/782], Loss: 0.2550923824310303
Rank:0 Epoch: [3/40], Step: [631/782], Loss: 0.3795605003833771
Rank:0 Epoch: [3/40], Step: [641/782], Loss: 0.33576077222824097
Rank:0 Epoch: [3/40], Step: [651/782], Loss: 0.288618803024292
Rank:0 Epoch: [3/40], Step: [661/782], Loss: 0.22736625373363495
Rank:0 Epoch: [3/40], Step: [671/782], Loss: 0.3002808690071106
Rank:0 Epoch: [3/40], Step: [681/782], Loss: 0.26873141527175903
Rank:0 Epoch: [3/40], Step: [691/782], Loss: 0.2831495404243469
Rank:0 Epoch: [3/40], Step: [701/782], Loss: 0.3486301302909851
Rank:0 Epoch: [3/40], Step: [711/782], Loss: 0.22059208154678345
Rank:0 Epoch: [3/40], Step: [721/782], Loss: 0.3331435024738312
Rank:0 Epoch: [3/40], Step: [731/782], Loss: 0.44519487023353577
Rank:0 Epoch: [3/40], Step: [741/782], Loss: 0.4118109941482544
Rank:0 Epoch: [3/40], Step: [751/782], Loss: 0.3846933841705322
Rank:0 Epoch: [3/40], Step: [761/782], Loss: 0.19871437549591064
Rank:0 Epoch: [3/40], Step: [771/782], Loss: 0.2960243821144104
Rank:0 Epoch: [3/40], Step: [781/782], Loss: 0.1724449247121811
Current Test Acc: 0.8659
Rank:0 Epoch: [4/40], Step: [1/782], Loss: 0.3416553735733032
Rank:0 Epoch: [4/40], Step: [11/782], Loss: 0.2716398537158966
Rank:0 Epoch: [4/40], Step: [21/782], Loss: 0.2283143550157547
Rank:0 Epoch: [4/40], Step: [31/782], Loss: 0.26314911246299744
Rank:0 Epoch: [4/40], Step: [41/782], Loss: 0.1303997039794922
Rank:0 Epoch: [4/40], Step: [51/782], Loss: 0.38266003131866455
Rank:0 Epoch: [4/40], Step: [61/782], Loss: 0.19015447795391083
Rank:0 Epoch: [4/40], Step: [71/782], Loss: 0.27855995297431946
Rank:0 Epoch: [4/40], Step: [81/782], Loss: 0.3339061439037323
Rank:0 Epoch: [4/40], Step: [91/782], Loss: 0.3628280460834503
Rank:0 Epoch: [4/40], Step: [101/782], Loss: 0.2990275025367737
Rank:0 Epoch: [4/40], Step: [111/782], Loss: 0.3752521276473999
Rank:0 Epoch: [4/40], Step: [121/782], Loss: 0.18778012692928314
Rank:0 Epoch: [4/40], Step: [131/782], Loss: 0.2436964064836502
Rank:0 Epoch: [4/40], Step: [141/782], Loss: 0.16779740154743195
Rank:0 Epoch: [4/40], Step: [151/782], Loss: 0.2384297400712967
Rank:0 Epoch: [4/40], Step: [161/782], Loss: 0.4379889667034149
Rank:0 Epoch: [4/40], Step: [171/782], Loss: 0.3877548277378082
Rank:0 Epoch: [4/40], Step: [181/782], Loss: 0.3727891445159912
Rank:0 Epoch: [4/40], Step: [191/782], Loss: 0.19062387943267822
Rank:0 Epoch: [4/40], Step: [201/782], Loss: 0.18525713682174683
Rank:0 Epoch: [4/40], Step: [211/782], Loss: 0.39193204045295715
Rank:0 Epoch: [4/40], Step: [221/782], Loss: 0.22430092096328735
Rank:0 Epoch: [4/40], Step: [231/782], Loss: 0.19538336992263794
Rank:0 Epoch: [4/40], Step: [241/782], Loss: 0.17425280809402466
Rank:0 Epoch: [4/40], Step: [251/782], Loss: 0.1982879638671875
Rank:0 Epoch: [4/40], Step: [261/782], Loss: 0.29816195368766785
Rank:0 Epoch: [4/40], Step: [271/782], Loss: 0.3382607698440552
Rank:0 Epoch: [4/40], Step: [281/782], Loss: 0.14793597161769867
Rank:0 Epoch: [4/40], Step: [291/782], Loss: 0.3589785397052765
Rank:0 Epoch: [4/40], Step: [301/782], Loss: 0.48940783739089966
Rank:0 Epoch: [4/40], Step: [311/782], Loss: 0.1386955827474594
Rank:0 Epoch: [4/40], Step: [321/782], Loss: 0.26834937930107117
Rank:0 Epoch: [4/40], Step: [331/782], Loss: 0.2550604045391083
Rank:0 Epoch: [4/40], Step: [341/782], Loss: 0.16903282701969147
Rank:0 Epoch: [4/40], Step: [351/782], Loss: 0.23689968883991241
Rank:0 Epoch: [4/40], Step: [361/782], Loss: 0.27069422602653503
Rank:0 Epoch: [4/40], Step: [371/782], Loss: 0.38667452335357666
Rank:0 Epoch: [4/40], Step: [381/782], Loss: 0.2981516420841217
Rank:0 Epoch: [4/40], Step: [391/782], Loss: 0.45041340589523315
Rank:0 Epoch: [4/40], Step: [401/782], Loss: 0.35046547651290894
Rank:0 Epoch: [4/40], Step: [411/782], Loss: 0.21156996488571167
Rank:0 Epoch: [4/40], Step: [421/782], Loss: 0.17524762451648712
Rank:0 Epoch: [4/40], Step: [431/782], Loss: 0.34121716022491455
Rank:0 Epoch: [4/40], Step: [441/782], Loss: 0.5485777854919434
Rank:0 Epoch: [4/40], Step: [451/782], Loss: 0.275971382856369
Rank:0 Epoch: [4/40], Step: [461/782], Loss: 0.343621164560318
Rank:0 Epoch: [4/40], Step: [471/782], Loss: 0.6111371517181396
Rank:0 Epoch: [4/40], Step: [481/782], Loss: 0.6816059947013855
Rank:0 Epoch: [4/40], Step: [491/782], Loss: 0.2608855962753296
Rank:0 Epoch: [4/40], Step: [501/782], Loss: 0.27683863043785095
Rank:0 Epoch: [4/40], Step: [511/782], Loss: 0.19628839194774628
Rank:0 Epoch: [4/40], Step: [521/782], Loss: 0.21856771409511566
Rank:0 Epoch: [4/40], Step: [531/782], Loss: 0.42829975485801697
Rank:0 Epoch: [4/40], Step: [541/782], Loss: 0.2008383721113205
Rank:0 Epoch: [4/40], Step: [551/782], Loss: 0.39963337779045105
Rank:0 Epoch: [4/40], Step: [561/782], Loss: 0.2059452384710312
Rank:0 Epoch: [4/40], Step: [571/782], Loss: 0.1432180404663086
Rank:0 Epoch: [4/40], Step: [581/782], Loss: 0.20047956705093384
Rank:0 Epoch: [4/40], Step: [591/782], Loss: 0.2657417058944702
Rank:0 Epoch: [4/40], Step: [601/782], Loss: 0.2395079880952835
Rank:0 Epoch: [4/40], Step: [611/782], Loss: 0.0939236581325531
Rank:0 Epoch: [4/40], Step: [621/782], Loss: 0.16202843189239502
Rank:0 Epoch: [4/40], Step: [631/782], Loss: 0.34876421093940735
Rank:0 Epoch: [4/40], Step: [641/782], Loss: 0.2889888882637024
Rank:0 Epoch: [4/40], Step: [651/782], Loss: 0.15766379237174988
Rank:0 Epoch: [4/40], Step: [661/782], Loss: 0.23664230108261108
Rank:0 Epoch: [4/40], Step: [671/782], Loss: 0.20825693011283875
Rank:0 Epoch: [4/40], Step: [681/782], Loss: 0.3717009127140045
Rank:0 Epoch: [4/40], Step: [691/782], Loss: 0.42511579394340515
Rank:0 Epoch: [4/40], Step: [701/782], Loss: 0.19572965800762177
Rank:0 Epoch: [4/40], Step: [711/782], Loss: 0.22239725291728973
Rank:0 Epoch: [4/40], Step: [721/782], Loss: 0.3183557093143463
Rank:0 Epoch: [4/40], Step: [731/782], Loss: 0.3304106593132019
Rank:0 Epoch: [4/40], Step: [741/782], Loss: 0.2863348126411438
Rank:0 Epoch: [4/40], Step: [751/782], Loss: 0.563099205493927
Rank:0 Epoch: [4/40], Step: [761/782], Loss: 0.25983425974845886
Rank:0 Epoch: [4/40], Step: [771/782], Loss: 0.304950088262558
Rank:0 Epoch: [4/40], Step: [781/782], Loss: 0.3178752064704895
Current Test Acc: 0.8645
Rank:0 Epoch: [5/40], Step: [1/782], Loss: 0.32628706097602844
Rank:0 Epoch: [5/40], Step: [11/782], Loss: 0.5337069630622864
Rank:0 Epoch: [5/40], Step: [21/782], Loss: 0.24961800873279572
Rank:0 Epoch: [5/40], Step: [31/782], Loss: 0.15793105959892273
Rank:0 Epoch: [5/40], Step: [41/782], Loss: 0.14013703167438507
Rank:0 Epoch: [5/40], Step: [51/782], Loss: 0.2254367470741272
Rank:0 Epoch: [5/40], Step: [61/782], Loss: 0.20111332833766937
Rank:0 Epoch: [5/40], Step: [71/782], Loss: 0.3636822998523712
Rank:0 Epoch: [5/40], Step: [81/782], Loss: 0.24736927449703217
Rank:0 Epoch: [5/40], Step: [91/782], Loss: 0.2367023080587387
Rank:0 Epoch: [5/40], Step: [101/782], Loss: 0.2610087990760803
Rank:0 Epoch: [5/40], Step: [111/782], Loss: 0.17077557742595673
Rank:0 Epoch: [5/40], Step: [121/782], Loss: 0.18710875511169434
Rank:0 Epoch: [5/40], Step: [131/782], Loss: 0.26032161712646484
Rank:0 Epoch: [5/40], Step: [141/782], Loss: 0.15534169971942902
Rank:0 Epoch: [5/40], Step: [151/782], Loss: 0.34323182702064514
Rank:0 Epoch: [5/40], Step: [161/782], Loss: 0.25550591945648193
Rank:0 Epoch: [5/40], Step: [171/782], Loss: 0.28749802708625793
Rank:0 Epoch: [5/40], Step: [181/782], Loss: 0.16353240609169006
Rank:0 Epoch: [5/40], Step: [191/782], Loss: 0.21045362949371338
Rank:0 Epoch: [5/40], Step: [201/782], Loss: 0.1819952428340912
Rank:0 Epoch: [5/40], Step: [211/782], Loss: 0.3074803352355957
Rank:0 Epoch: [5/40], Step: [221/782], Loss: 0.06546736508607864
Rank:0 Epoch: [5/40], Step: [231/782], Loss: 0.35365763306617737
Rank:0 Epoch: [5/40], Step: [241/782], Loss: 0.3989696800708771
Rank:0 Epoch: [5/40], Step: [251/782], Loss: 0.26194921135902405
Rank:0 Epoch: [5/40], Step: [261/782], Loss: 0.25617271661758423
Rank:0 Epoch: [5/40], Step: [271/782], Loss: 0.12380708009004593
Rank:0 Epoch: [5/40], Step: [281/782], Loss: 0.1867263913154602
Rank:0 Epoch: [5/40], Step: [291/782], Loss: 0.11988130211830139
Rank:0 Epoch: [5/40], Step: [301/782], Loss: 0.21264521777629852
Rank:0 Epoch: [5/40], Step: [311/782], Loss: 0.22416847944259644
Rank:0 Epoch: [5/40], Step: [321/782], Loss: 0.1483418047428131
Rank:0 Epoch: [5/40], Step: [331/782], Loss: 0.25773337483406067
Rank:0 Epoch: [5/40], Step: [341/782], Loss: 0.3613217771053314
Rank:0 Epoch: [5/40], Step: [351/782], Loss: 0.16566121578216553
Rank:0 Epoch: [5/40], Step: [361/782], Loss: 0.37689411640167236
Rank:0 Epoch: [5/40], Step: [371/782], Loss: 0.3731881082057953
Rank:0 Epoch: [5/40], Step: [381/782], Loss: 0.19407938420772552
Rank:0 Epoch: [5/40], Step: [391/782], Loss: 0.1355038583278656
Rank:0 Epoch: [5/40], Step: [401/782], Loss: 0.1997521072626114
Rank:0 Epoch: [5/40], Step: [411/782], Loss: 0.24640978872776031
Rank:0 Epoch: [5/40], Step: [421/782], Loss: 0.34611207246780396
Rank:0 Epoch: [5/40], Step: [431/782], Loss: 0.2269277572631836
Rank:0 Epoch: [5/40], Step: [441/782], Loss: 0.23971687257289886
Rank:0 Epoch: [5/40], Step: [451/782], Loss: 0.40593451261520386
Rank:0 Epoch: [5/40], Step: [461/782], Loss: 0.1996791660785675
Rank:0 Epoch: [5/40], Step: [471/782], Loss: 0.2564830482006073
Rank:0 Epoch: [5/40], Step: [481/782], Loss: 0.38714829087257385
Rank:0 Epoch: [5/40], Step: [491/782], Loss: 0.28826913237571716
Rank:0 Epoch: [5/40], Step: [501/782], Loss: 0.4457870423793793
Rank:0 Epoch: [5/40], Step: [511/782], Loss: 0.3083496689796448
Rank:0 Epoch: [5/40], Step: [521/782], Loss: 0.21435131132602692
Rank:0 Epoch: [5/40], Step: [531/782], Loss: 0.32233601808547974
Rank:0 Epoch: [5/40], Step: [541/782], Loss: 0.36767739057540894
Rank:0 Epoch: [5/40], Step: [551/782], Loss: 0.3186477720737457
Rank:0 Epoch: [5/40], Step: [561/782], Loss: 0.2636132836341858
Rank:0 Epoch: [5/40], Step: [571/782], Loss: 0.22844648361206055
Rank:0 Epoch: [5/40], Step: [581/782], Loss: 0.394698828458786
Rank:0 Epoch: [5/40], Step: [591/782], Loss: 0.200170636177063
Rank:0 Epoch: [5/40], Step: [601/782], Loss: 0.37461212277412415
Rank:0 Epoch: [5/40], Step: [611/782], Loss: 0.26041921973228455
Rank:0 Epoch: [5/40], Step: [621/782], Loss: 0.23702587187290192
Rank:0 Epoch: [5/40], Step: [631/782], Loss: 0.28624460101127625
Rank:0 Epoch: [5/40], Step: [641/782], Loss: 0.30967971682548523
Rank:0 Epoch: [5/40], Step: [651/782], Loss: 0.178879976272583
Rank:0 Epoch: [5/40], Step: [661/782], Loss: 0.4571501910686493
Rank:0 Epoch: [5/40], Step: [671/782], Loss: 0.48251649737358093
Rank:0 Epoch: [5/40], Step: [681/782], Loss: 0.3623153269290924
Rank:0 Epoch: [5/40], Step: [691/782], Loss: 0.30070632696151733
Rank:0 Epoch: [5/40], Step: [701/782], Loss: 0.46772629022598267
Rank:0 Epoch: [5/40], Step: [711/782], Loss: 0.2164466381072998
Rank:0 Epoch: [5/40], Step: [721/782], Loss: 0.3139362931251526
Rank:0 Epoch: [5/40], Step: [731/782], Loss: 0.3652799129486084
Rank:0 Epoch: [5/40], Step: [741/782], Loss: 0.30287280678749084
Rank:0 Epoch: [5/40], Step: [751/782], Loss: 0.2444366067647934
Rank:0 Epoch: [5/40], Step: [761/782], Loss: 0.23601941764354706
Rank:0 Epoch: [5/40], Step: [771/782], Loss: 0.309542715549469
Rank:0 Epoch: [5/40], Step: [781/782], Loss: 0.23470081388950348
Current Test Acc: 0.8594
Rank:0 Epoch: [6/40], Step: [1/782], Loss: 0.11879032850265503
Rank:0 Epoch: [6/40], Step: [11/782], Loss: 0.3293212950229645
Rank:0 Epoch: [6/40], Step: [21/782], Loss: 0.35207974910736084
Rank:0 Epoch: [6/40], Step: [31/782], Loss: 0.14964990317821503
Rank:0 Epoch: [6/40], Step: [41/782], Loss: 0.26366448402404785
Rank:0 Epoch: [6/40], Step: [51/782], Loss: 0.21885260939598083
Rank:0 Epoch: [6/40], Step: [61/782], Loss: 0.16292473673820496
Rank:0 Epoch: [6/40], Step: [71/782], Loss: 0.0811118483543396
Rank:0 Epoch: [6/40], Step: [81/782], Loss: 0.3448944389820099
Rank:0 Epoch: [6/40], Step: [91/782], Loss: 0.17147715389728546
Rank:0 Epoch: [6/40], Step: [101/782], Loss: 0.1549629122018814
Rank:0 Epoch: [6/40], Step: [111/782], Loss: 0.13437281548976898
Rank:0 Epoch: [6/40], Step: [121/782], Loss: 0.2406967729330063
Rank:0 Epoch: [6/40], Step: [131/782], Loss: 0.3966788351535797
Rank:0 Epoch: [6/40], Step: [141/782], Loss: 0.27116844058036804
Rank:0 Epoch: [6/40], Step: [151/782], Loss: 0.39444324374198914
Rank:0 Epoch: [6/40], Step: [161/782], Loss: 0.18510626256465912
Rank:0 Epoch: [6/40], Step: [171/782], Loss: 0.30813711881637573
Rank:0 Epoch: [6/40], Step: [181/782], Loss: 0.2673318088054657
Rank:0 Epoch: [6/40], Step: [191/782], Loss: 0.349184513092041
Rank:0 Epoch: [6/40], Step: [201/782], Loss: 0.3529912829399109
Rank:0 Epoch: [6/40], Step: [211/782], Loss: 0.28208422660827637
Rank:0 Epoch: [6/40], Step: [221/782], Loss: 0.1284887045621872
Rank:0 Epoch: [6/40], Step: [231/782], Loss: 0.25651440024375916
Rank:0 Epoch: [6/40], Step: [241/782], Loss: 0.08361999690532684
Rank:0 Epoch: [6/40], Step: [251/782], Loss: 0.1468338966369629
Rank:0 Epoch: [6/40], Step: [261/782], Loss: 0.22672899067401886
Rank:0 Epoch: [6/40], Step: [271/782], Loss: 0.33490875363349915
Rank:0 Epoch: [6/40], Step: [281/782], Loss: 0.20158539712429047
Rank:0 Epoch: [6/40], Step: [291/782], Loss: 0.14085753262043
Rank:0 Epoch: [6/40], Step: [301/782], Loss: 0.11527437716722488
Rank:0 Epoch: [6/40], Step: [311/782], Loss: 0.2753787338733673
Rank:0 Epoch: [6/40], Step: [321/782], Loss: 0.22820121049880981
Rank:0 Epoch: [6/40], Step: [331/782], Loss: 0.1786925345659256
Rank:0 Epoch: [6/40], Step: [341/782], Loss: 0.2058030366897583
Rank:0 Epoch: [6/40], Step: [351/782], Loss: 0.26203012466430664
Rank:0 Epoch: [6/40], Step: [361/782], Loss: 0.23219527304172516
Rank:0 Epoch: [6/40], Step: [371/782], Loss: 0.25803330540657043
Rank:0 Epoch: [6/40], Step: [381/782], Loss: 0.2025221437215805
Rank:0 Epoch: [6/40], Step: [391/782], Loss: 0.38016295433044434
Rank:0 Epoch: [6/40], Step: [401/782], Loss: 0.2212820053100586
Rank:0 Epoch: [6/40], Step: [411/782], Loss: 0.15911176800727844
Rank:0 Epoch: [6/40], Step: [421/782], Loss: 0.18177831172943115
Rank:0 Epoch: [6/40], Step: [431/782], Loss: 0.20811019837856293
Rank:0 Epoch: [6/40], Step: [441/782], Loss: 0.22616754472255707
Rank:0 Epoch: [6/40], Step: [451/782], Loss: 0.2797560393810272
Rank:0 Epoch: [6/40], Step: [461/782], Loss: 0.6783499717712402
Rank:0 Epoch: [6/40], Step: [471/782], Loss: 0.1920039802789688
Rank:0 Epoch: [6/40], Step: [481/782], Loss: 0.20486018061637878
Rank:0 Epoch: [6/40], Step: [491/782], Loss: 0.20214590430259705
Rank:0 Epoch: [6/40], Step: [501/782], Loss: 0.24379418790340424
Rank:0 Epoch: [6/40], Step: [511/782], Loss: 0.2690627872943878
Rank:0 Epoch: [6/40], Step: [521/782], Loss: 0.14813409745693207
Rank:0 Epoch: [6/40], Step: [531/782], Loss: 0.49374282360076904
Rank:0 Epoch: [6/40], Step: [541/782], Loss: 0.2879860997200012
Rank:0 Epoch: [6/40], Step: [551/782], Loss: 0.2755662202835083
Rank:0 Epoch: [6/40], Step: [561/782], Loss: 0.21636952459812164
Rank:0 Epoch: [6/40], Step: [571/782], Loss: 0.2522326707839966
Rank:0 Epoch: [6/40], Step: [581/782], Loss: 0.2877812087535858
Rank:0 Epoch: [6/40], Step: [591/782], Loss: 0.2090092897415161
Rank:0 Epoch: [6/40], Step: [601/782], Loss: 0.18189071118831635
Rank:0 Epoch: [6/40], Step: [611/782], Loss: 0.22395958006381989
Rank:0 Epoch: [6/40], Step: [621/782], Loss: 0.1288450062274933
Rank:0 Epoch: [6/40], Step: [631/782], Loss: 0.28731095790863037
Rank:0 Epoch: [6/40], Step: [641/782], Loss: 0.2151394486427307
Rank:0 Epoch: [6/40], Step: [651/782], Loss: 0.1520061194896698
Rank:0 Epoch: [6/40], Step: [661/782], Loss: 0.26367783546447754
Rank:0 Epoch: [6/40], Step: [671/782], Loss: 0.282589316368103
Rank:0 Epoch: [6/40], Step: [681/782], Loss: 0.23565952479839325
Rank:0 Epoch: [6/40], Step: [691/782], Loss: 0.20914490520954132
Rank:0 Epoch: [6/40], Step: [701/782], Loss: 0.220826655626297
Rank:0 Epoch: [6/40], Step: [711/782], Loss: 0.1310792863368988
Rank:0 Epoch: [6/40], Step: [721/782], Loss: 0.1440519541501999
Rank:0 Epoch: [6/40], Step: [731/782], Loss: 0.2587437331676483
Rank:0 Epoch: [6/40], Step: [741/782], Loss: 0.2799057960510254
Rank:0 Epoch: [6/40], Step: [751/782], Loss: 0.13769316673278809
Rank:0 Epoch: [6/40], Step: [761/782], Loss: 0.17310968041419983
Rank:0 Epoch: [6/40], Step: [771/782], Loss: 0.3269704282283783
Rank:0 Epoch: [6/40], Step: [781/782], Loss: 0.33250007033348083
Current Test Acc: 0.8698
Rank:0 Epoch: [7/40], Step: [1/782], Loss: 0.14352038502693176
Rank:0 Epoch: [7/40], Step: [11/782], Loss: 0.23207193613052368
Rank:0 Epoch: [7/40], Step: [21/782], Loss: 0.27451929450035095
Rank:0 Epoch: [7/40], Step: [31/782], Loss: 0.09133981168270111
Rank:0 Epoch: [7/40], Step: [41/782], Loss: 0.20528210699558258
Rank:0 Epoch: [7/40], Step: [51/782], Loss: 0.29309847950935364
Rank:0 Epoch: [7/40], Step: [61/782], Loss: 0.20378245413303375
Rank:0 Epoch: [7/40], Step: [71/782], Loss: 0.19937293231487274
Rank:0 Epoch: [7/40], Step: [81/782], Loss: 0.18064087629318237
Rank:0 Epoch: [7/40], Step: [91/782], Loss: 0.16988883912563324
Rank:0 Epoch: [7/40], Step: [101/782], Loss: 0.09768291562795639
Rank:0 Epoch: [7/40], Step: [111/782], Loss: 0.1447140872478485
Rank:0 Epoch: [7/40], Step: [121/782], Loss: 0.46163591742515564
Rank:0 Epoch: [7/40], Step: [131/782], Loss: 0.20077216625213623
Rank:0 Epoch: [7/40], Step: [141/782], Loss: 0.12224194407463074
Rank:0 Epoch: [7/40], Step: [151/782], Loss: 0.14667513966560364
Rank:0 Epoch: [7/40], Step: [161/782], Loss: 0.12744690477848053
Rank:0 Epoch: [7/40], Step: [171/782], Loss: 0.10744885355234146
Rank:0 Epoch: [7/40], Step: [181/782], Loss: 0.12700684368610382
Rank:0 Epoch: [7/40], Step: [191/782], Loss: 0.2869434356689453
Rank:0 Epoch: [7/40], Step: [201/782], Loss: 0.23182521760463715
Rank:0 Epoch: [7/40], Step: [211/782], Loss: 0.379971981048584
Rank:0 Epoch: [7/40], Step: [221/782], Loss: 0.17945583164691925
Rank:0 Epoch: [7/40], Step: [231/782], Loss: 0.11019016057252884
Rank:0 Epoch: [7/40], Step: [241/782], Loss: 0.1705232709646225
Rank:0 Epoch: [7/40], Step: [251/782], Loss: 0.1776585727930069
Rank:0 Epoch: [7/40], Step: [261/782], Loss: 0.18617969751358032
Rank:0 Epoch: [7/40], Step: [271/782], Loss: 0.33805325627326965
Rank:0 Epoch: [7/40], Step: [281/782], Loss: 0.1976497918367386
Rank:0 Epoch: [7/40], Step: [291/782], Loss: 0.3327571749687195
Rank:0 Epoch: [7/40], Step: [301/782], Loss: 0.1546907126903534
Rank:0 Epoch: [7/40], Step: [311/782], Loss: 0.23182964324951172
Rank:0 Epoch: [7/40], Step: [321/782], Loss: 0.21593444049358368
Rank:0 Epoch: [7/40], Step: [331/782], Loss: 0.26201537251472473
Rank:0 Epoch: [7/40], Step: [341/782], Loss: 0.3569278419017792
Rank:0 Epoch: [7/40], Step: [351/782], Loss: 0.1627817451953888
Rank:0 Epoch: [7/40], Step: [361/782], Loss: 0.277311235666275
Rank:0 Epoch: [7/40], Step: [371/782], Loss: 0.42535898089408875
Rank:0 Epoch: [7/40], Step: [381/782], Loss: 0.2309190034866333
Rank:0 Epoch: [7/40], Step: [391/782], Loss: 0.3105441927909851
Rank:0 Epoch: [7/40], Step: [401/782], Loss: 0.09378696978092194
Rank:0 Epoch: [7/40], Step: [411/782], Loss: 0.19046027958393097
Rank:0 Epoch: [7/40], Step: [421/782], Loss: 0.13322852551937103
Rank:0 Epoch: [7/40], Step: [431/782], Loss: 0.11487141996622086
Rank:0 Epoch: [7/40], Step: [441/782], Loss: 0.22941997647285461
Rank:0 Epoch: [7/40], Step: [451/782], Loss: 0.19969633221626282
Rank:0 Epoch: [7/40], Step: [461/782], Loss: 0.21608948707580566
Rank:0 Epoch: [7/40], Step: [471/782], Loss: 0.36739736795425415
Rank:0 Epoch: [7/40], Step: [481/782], Loss: 0.5316693186759949
Rank:0 Epoch: [7/40], Step: [491/782], Loss: 0.12503807246685028
Rank:0 Epoch: [7/40], Step: [501/782], Loss: 0.19709181785583496
Rank:0 Epoch: [7/40], Step: [511/782], Loss: 0.1423627883195877
Rank:0 Epoch: [7/40], Step: [521/782], Loss: 0.3521808981895447
Rank:0 Epoch: [7/40], Step: [531/782], Loss: 0.1026732474565506
Rank:0 Epoch: [7/40], Step: [541/782], Loss: 0.08662933111190796
Rank:0 Epoch: [7/40], Step: [551/782], Loss: 0.25666892528533936
Rank:0 Epoch: [7/40], Step: [561/782], Loss: 0.164320170879364
Rank:0 Epoch: [7/40], Step: [571/782], Loss: 0.27673760056495667
Rank:0 Epoch: [7/40], Step: [581/782], Loss: 0.25553834438323975
Rank:0 Epoch: [7/40], Step: [591/782], Loss: 0.28817662596702576
Rank:0 Epoch: [7/40], Step: [601/782], Loss: 0.2244139462709427
Rank:0 Epoch: [7/40], Step: [611/782], Loss: 0.2956448495388031
Rank:0 Epoch: [7/40], Step: [621/782], Loss: 0.16699674725532532
Rank:0 Epoch: [7/40], Step: [631/782], Loss: 0.28040313720703125
Rank:0 Epoch: [7/40], Step: [641/782], Loss: 0.18367016315460205
Rank:0 Epoch: [7/40], Step: [651/782], Loss: 0.3093361556529999
Rank:0 Epoch: [7/40], Step: [661/782], Loss: 0.16544142365455627
Rank:0 Epoch: [7/40], Step: [671/782], Loss: 0.19686177372932434
Rank:0 Epoch: [7/40], Step: [681/782], Loss: 0.39202627539634705
Rank:0 Epoch: [7/40], Step: [691/782], Loss: 0.261191189289093
Rank:0 Epoch: [7/40], Step: [701/782], Loss: 0.3255840837955475
Rank:0 Epoch: [7/40], Step: [711/782], Loss: 0.17146676778793335
Rank:0 Epoch: [7/40], Step: [721/782], Loss: 0.3671910762786865
Rank:0 Epoch: [7/40], Step: [731/782], Loss: 0.41055962443351746
Rank:0 Epoch: [7/40], Step: [741/782], Loss: 0.3442625403404236
Rank:0 Epoch: [7/40], Step: [751/782], Loss: 0.19888052344322205
Rank:0 Epoch: [7/40], Step: [761/782], Loss: 0.2702951729297638
Rank:0 Epoch: [7/40], Step: [771/782], Loss: 0.14174318313598633
Rank:0 Epoch: [7/40], Step: [781/782], Loss: 0.1137157678604126
Current Test Acc: 0.8499
Rank:0 Epoch: [8/40], Step: [1/782], Loss: 0.2719385027885437
Rank:0 Epoch: [8/40], Step: [11/782], Loss: 0.5183194279670715
Rank:0 Epoch: [8/40], Step: [21/782], Loss: 0.3271489143371582
Rank:0 Epoch: [8/40], Step: [31/782], Loss: 0.17683154344558716
Rank:0 Epoch: [8/40], Step: [41/782], Loss: 0.20095980167388916
Rank:0 Epoch: [8/40], Step: [51/782], Loss: 0.08775751292705536
Rank:0 Epoch: [8/40], Step: [61/782], Loss: 0.1926087737083435
Rank:0 Epoch: [8/40], Step: [71/782], Loss: 0.20815928280353546
Rank:0 Epoch: [8/40], Step: [81/782], Loss: 0.15965992212295532
Rank:0 Epoch: [8/40], Step: [91/782], Loss: 0.21736463904380798
Rank:0 Epoch: [8/40], Step: [101/782], Loss: 0.172475203871727
Rank:0 Epoch: [8/40], Step: [111/782], Loss: 0.24188604950904846
Rank:0 Epoch: [8/40], Step: [121/782], Loss: 0.18702036142349243
Rank:0 Epoch: [8/40], Step: [131/782], Loss: 0.17045535147190094
Rank:0 Epoch: [8/40], Step: [141/782], Loss: 0.2168663740158081
Rank:0 Epoch: [8/40], Step: [151/782], Loss: 0.1714266687631607
Rank:0 Epoch: [8/40], Step: [161/782], Loss: 0.2478412538766861
Rank:0 Epoch: [8/40], Step: [171/782], Loss: 0.23961687088012695
Rank:0 Epoch: [8/40], Step: [181/782], Loss: 0.2692633271217346
Rank:0 Epoch: [8/40], Step: [191/782], Loss: 0.1559833139181137
Rank:0 Epoch: [8/40], Step: [201/782], Loss: 0.26972147822380066
Rank:0 Epoch: [8/40], Step: [211/782], Loss: 0.2682117819786072
Rank:0 Epoch: [8/40], Step: [221/782], Loss: 0.23539866507053375
Rank:0 Epoch: [8/40], Step: [231/782], Loss: 0.2998548150062561
Rank:0 Epoch: [8/40], Step: [241/782], Loss: 0.1705992966890335
Rank:0 Epoch: [8/40], Step: [251/782], Loss: 0.4145517647266388
Rank:0 Epoch: [8/40], Step: [261/782], Loss: 0.14026980102062225
Rank:0 Epoch: [8/40], Step: [271/782], Loss: 0.31899189949035645
Rank:0 Epoch: [8/40], Step: [281/782], Loss: 0.2462300807237625
Rank:0 Epoch: [8/40], Step: [291/782], Loss: 0.28154075145721436
Rank:0 Epoch: [8/40], Step: [301/782], Loss: 0.13967816531658173
Rank:0 Epoch: [8/40], Step: [311/782], Loss: 0.08813582360744476
Rank:0 Epoch: [8/40], Step: [321/782], Loss: 0.2803958058357239
Rank:0 Epoch: [8/40], Step: [331/782], Loss: 0.22644633054733276
Rank:0 Epoch: [8/40], Step: [341/782], Loss: 0.2380029559135437
Rank:0 Epoch: [8/40], Step: [351/782], Loss: 0.2824452817440033
Rank:0 Epoch: [8/40], Step: [361/782], Loss: 0.232545405626297
Rank:0 Epoch: [8/40], Step: [371/782], Loss: 0.11909396946430206
Rank:0 Epoch: [8/40], Step: [381/782], Loss: 0.27125388383865356
Rank:0 Epoch: [8/40], Step: [391/782], Loss: 0.3134756088256836
Rank:0 Epoch: [8/40], Step: [401/782], Loss: 0.205536350607872
Rank:0 Epoch: [8/40], Step: [411/782], Loss: 0.29582250118255615
Rank:0 Epoch: [8/40], Step: [421/782], Loss: 0.14123623073101044
Rank:0 Epoch: [8/40], Step: [431/782], Loss: 0.09904377907514572
Rank:0 Epoch: [8/40], Step: [441/782], Loss: 0.26663196086883545
Rank:0 Epoch: [8/40], Step: [451/782], Loss: 0.4895966649055481
Rank:0 Epoch: [8/40], Step: [461/782], Loss: 0.3145170509815216
Rank:0 Epoch: [8/40], Step: [471/782], Loss: 0.15662506222724915
Rank:0 Epoch: [8/40], Step: [481/782], Loss: 0.3421892821788788
Rank:0 Epoch: [8/40], Step: [491/782], Loss: 0.18637757003307343
Rank:0 Epoch: [8/40], Step: [501/782], Loss: 0.21207907795906067
Rank:0 Epoch: [8/40], Step: [511/782], Loss: 0.11212354898452759
Rank:0 Epoch: [8/40], Step: [521/782], Loss: 0.27191081643104553
Rank:0 Epoch: [8/40], Step: [531/782], Loss: 0.3869963586330414
Rank:0 Epoch: [8/40], Step: [541/782], Loss: 0.3458024263381958
Rank:0 Epoch: [8/40], Step: [551/782], Loss: 0.13892993330955505
Rank:0 Epoch: [8/40], Step: [561/782], Loss: 0.34735360741615295
Rank:0 Epoch: [8/40], Step: [571/782], Loss: 0.2113691121339798
Rank:0 Epoch: [8/40], Step: [581/782], Loss: 0.3033686578273773
Rank:0 Epoch: [8/40], Step: [591/782], Loss: 0.25607216358184814
Rank:0 Epoch: [8/40], Step: [601/782], Loss: 0.1833593100309372
Rank:0 Epoch: [8/40], Step: [611/782], Loss: 0.09863971173763275
Rank:0 Epoch: [8/40], Step: [621/782], Loss: 0.13128019869327545
Rank:0 Epoch: [8/40], Step: [631/782], Loss: 0.30073219537734985
Rank:0 Epoch: [8/40], Step: [641/782], Loss: 0.3968571424484253
Rank:0 Epoch: [8/40], Step: [651/782], Loss: 0.2935783565044403
Rank:0 Epoch: [8/40], Step: [661/782], Loss: 0.2742781639099121
Rank:0 Epoch: [8/40], Step: [671/782], Loss: 0.3722569942474365
Rank:0 Epoch: [8/40], Step: [681/782], Loss: 0.11440394073724747
Rank:0 Epoch: [8/40], Step: [691/782], Loss: 0.3111748993396759
Rank:0 Epoch: [8/40], Step: [701/782], Loss: 0.40750235319137573
Rank:0 Epoch: [8/40], Step: [711/782], Loss: 0.14402320981025696
Rank:0 Epoch: [8/40], Step: [721/782], Loss: 0.319730281829834
Rank:0 Epoch: [8/40], Step: [731/782], Loss: 0.2803303599357605
Rank:0 Epoch: [8/40], Step: [741/782], Loss: 0.27570900321006775
Rank:0 Epoch: [8/40], Step: [751/782], Loss: 0.14376164972782135
Rank:0 Epoch: [8/40], Step: [761/782], Loss: 0.27437102794647217
Rank:0 Epoch: [8/40], Step: [771/782], Loss: 0.20209473371505737
Rank:0 Epoch: [8/40], Step: [781/782], Loss: 0.2549116015434265
Current Test Acc: 0.872
Rank:0 Epoch: [9/40], Step: [1/782], Loss: 0.18115225434303284
Rank:0 Epoch: [9/40], Step: [11/782], Loss: 0.10305098444223404
Rank:0 Epoch: [9/40], Step: [21/782], Loss: 0.13709531724452972
Rank:0 Epoch: [9/40], Step: [31/782], Loss: 0.2021464705467224
Rank:0 Epoch: [9/40], Step: [41/782], Loss: 0.10113674402236938
Rank:0 Epoch: [9/40], Step: [51/782], Loss: 0.26899638772010803
Rank:0 Epoch: [9/40], Step: [61/782], Loss: 0.11514292657375336
Rank:0 Epoch: [9/40], Step: [71/782], Loss: 0.17452853918075562
Rank:0 Epoch: [9/40], Step: [81/782], Loss: 0.23661160469055176
Rank:0 Epoch: [9/40], Step: [91/782], Loss: 0.3588169515132904
Rank:0 Epoch: [9/40], Step: [101/782], Loss: 0.1300133764743805
Rank:0 Epoch: [9/40], Step: [111/782], Loss: 0.19596515595912933
Rank:0 Epoch: [9/40], Step: [121/782], Loss: 0.14349901676177979
Rank:0 Epoch: [9/40], Step: [131/782], Loss: 0.2431326061487198
Rank:0 Epoch: [9/40], Step: [141/782], Loss: 0.09183137118816376
Rank:0 Epoch: [9/40], Step: [151/782], Loss: 0.2162953019142151
Rank:0 Epoch: [9/40], Step: [161/782], Loss: 0.15252333879470825
Rank:0 Epoch: [9/40], Step: [171/782], Loss: 0.1725565493106842
Rank:0 Epoch: [9/40], Step: [181/782], Loss: 0.18685369193553925
Rank:0 Epoch: [9/40], Step: [191/782], Loss: 0.10858900099992752
Rank:0 Epoch: [9/40], Step: [201/782], Loss: 0.28464409708976746
Rank:0 Epoch: [9/40], Step: [211/782], Loss: 0.19223512709140778
Rank:0 Epoch: [9/40], Step: [221/782], Loss: 0.21615907549858093
Rank:0 Epoch: [9/40], Step: [231/782], Loss: 0.05681278556585312
Rank:0 Epoch: [9/40], Step: [241/782], Loss: 0.26662880182266235
Rank:0 Epoch: [9/40], Step: [251/782], Loss: 0.2843138575553894
Rank:0 Epoch: [9/40], Step: [261/782], Loss: 0.1883213073015213
Rank:0 Epoch: [9/40], Step: [271/782], Loss: 0.08526342362165451
Rank:0 Epoch: [9/40], Step: [281/782], Loss: 0.3690832555294037
Rank:0 Epoch: [9/40], Step: [291/782], Loss: 0.10826852172613144
Rank:0 Epoch: [9/40], Step: [301/782], Loss: 0.27553093433380127
Rank:0 Epoch: [9/40], Step: [311/782], Loss: 0.20346423983573914
Rank:0 Epoch: [9/40], Step: [321/782], Loss: 0.1189434677362442
Rank:0 Epoch: [9/40], Step: [331/782], Loss: 0.13671143352985382
Rank:0 Epoch: [9/40], Step: [341/782], Loss: 0.2578276991844177
Rank:0 Epoch: [9/40], Step: [351/782], Loss: 0.23706339299678802
Rank:0 Epoch: [9/40], Step: [361/782], Loss: 0.3966340124607086
Rank:0 Epoch: [9/40], Step: [371/782], Loss: 0.3505280017852783
Rank:0 Epoch: [9/40], Step: [381/782], Loss: 0.060266993939876556
Rank:0 Epoch: [9/40], Step: [391/782], Loss: 0.23644080758094788
Rank:0 Epoch: [9/40], Step: [401/782], Loss: 0.15187464654445648
Rank:0 Epoch: [9/40], Step: [411/782], Loss: 0.199288010597229
Rank:0 Epoch: [9/40], Step: [421/782], Loss: 0.2097354680299759
Rank:0 Epoch: [9/40], Step: [431/782], Loss: 0.18279942870140076
Rank:0 Epoch: [9/40], Step: [441/782], Loss: 0.27956241369247437
Rank:0 Epoch: [9/40], Step: [451/782], Loss: 0.2555831968784332
Rank:0 Epoch: [9/40], Step: [461/782], Loss: 0.3415845036506653
Rank:0 Epoch: [9/40], Step: [471/782], Loss: 0.26509156823158264
Rank:0 Epoch: [9/40], Step: [481/782], Loss: 0.09421546757221222
Rank:0 Epoch: [9/40], Step: [491/782], Loss: 0.14923246204853058
Rank:0 Epoch: [9/40], Step: [501/782], Loss: 0.09437400102615356
Rank:0 Epoch: [9/40], Step: [511/782], Loss: 0.2036198228597641
Rank:0 Epoch: [9/40], Step: [521/782], Loss: 0.19680917263031006
Rank:0 Epoch: [9/40], Step: [531/782], Loss: 0.1728130429983139
Rank:0 Epoch: [9/40], Step: [541/782], Loss: 0.2385958433151245
Rank:0 Epoch: [9/40], Step: [551/782], Loss: 0.4091655910015106
Rank:0 Epoch: [9/40], Step: [561/782], Loss: 0.23254847526550293
Rank:0 Epoch: [9/40], Step: [571/782], Loss: 0.17612126469612122
Rank:0 Epoch: [9/40], Step: [581/782], Loss: 0.1627306193113327
Rank:0 Epoch: [9/40], Step: [591/782], Loss: 0.1609942466020584
Rank:0 Epoch: [9/40], Step: [601/782], Loss: 0.23890896141529083
Rank:0 Epoch: [9/40], Step: [611/782], Loss: 0.2054239958524704
Rank:0 Epoch: [9/40], Step: [621/782], Loss: 0.17063625156879425
Rank:0 Epoch: [9/40], Step: [631/782], Loss: 0.17340371012687683
Rank:0 Epoch: [9/40], Step: [641/782], Loss: 0.24149367213249207
Rank:0 Epoch: [9/40], Step: [651/782], Loss: 0.2672070264816284
Rank:0 Epoch: [9/40], Step: [661/782], Loss: 0.3282811939716339
Rank:0 Epoch: [9/40], Step: [671/782], Loss: 0.3437452018260956
Rank:0 Epoch: [9/40], Step: [681/782], Loss: 0.26307523250579834
Rank:0 Epoch: [9/40], Step: [691/782], Loss: 0.23155498504638672
Rank:0 Epoch: [9/40], Step: [701/782], Loss: 0.18180590867996216
Rank:0 Epoch: [9/40], Step: [711/782], Loss: 0.2548273801803589
Rank:0 Epoch: [9/40], Step: [721/782], Loss: 0.24766258895397186
Rank:0 Epoch: [9/40], Step: [731/782], Loss: 0.21909578144550323
Rank:0 Epoch: [9/40], Step: [741/782], Loss: 0.1830904483795166
Rank:0 Epoch: [9/40], Step: [751/782], Loss: 0.25322774052619934
Rank:0 Epoch: [9/40], Step: [761/782], Loss: 0.17639842629432678
Rank:0 Epoch: [9/40], Step: [771/782], Loss: 0.22221358120441437
Rank:0 Epoch: [9/40], Step: [781/782], Loss: 0.41396039724349976
Current Test Acc: 0.8596
Rank:0 Epoch: [10/40], Step: [1/782], Loss: 0.38492318987846375
Rank:0 Epoch: [10/40], Step: [11/782], Loss: 0.23628856241703033
Rank:0 Epoch: [10/40], Step: [21/782], Loss: 0.1656457930803299
Rank:0 Epoch: [10/40], Step: [31/782], Loss: 0.06718361377716064
Rank:0 Epoch: [10/40], Step: [41/782], Loss: 0.4195261597633362
Rank:0 Epoch: [10/40], Step: [51/782], Loss: 0.26171398162841797
Rank:0 Epoch: [10/40], Step: [61/782], Loss: 0.10601920634508133
Rank:0 Epoch: [10/40], Step: [71/782], Loss: 0.20343917608261108
Rank:0 Epoch: [10/40], Step: [81/782], Loss: 0.14913682639598846
Rank:0 Epoch: [10/40], Step: [91/782], Loss: 0.10509298741817474
Rank:0 Epoch: [10/40], Step: [101/782], Loss: 0.28843507170677185
Rank:0 Epoch: [10/40], Step: [111/782], Loss: 0.1520768105983734
Rank:0 Epoch: [10/40], Step: [121/782], Loss: 0.21452617645263672
Rank:0 Epoch: [10/40], Step: [131/782], Loss: 0.13770560920238495
Rank:0 Epoch: [10/40], Step: [141/782], Loss: 0.13505510985851288
Rank:0 Epoch: [10/40], Step: [151/782], Loss: 0.1343507021665573
Rank:0 Epoch: [10/40], Step: [161/782], Loss: 0.2052021026611328
Rank:0 Epoch: [10/40], Step: [171/782], Loss: 0.3849458694458008
Rank:0 Epoch: [10/40], Step: [181/782], Loss: 0.18483568727970123
Rank:0 Epoch: [10/40], Step: [191/782], Loss: 0.3497235178947449
Rank:0 Epoch: [10/40], Step: [201/782], Loss: 0.28017088770866394
Rank:0 Epoch: [10/40], Step: [211/782], Loss: 0.40210455656051636
Rank:0 Epoch: [10/40], Step: [221/782], Loss: 0.20686189830303192
Rank:0 Epoch: [10/40], Step: [231/782], Loss: 0.329912006855011
Rank:0 Epoch: [10/40], Step: [241/782], Loss: 0.26798319816589355
Rank:0 Epoch: [10/40], Step: [251/782], Loss: 0.27617552876472473
Rank:0 Epoch: [10/40], Step: [261/782], Loss: 0.2336300164461136
Rank:0 Epoch: [10/40], Step: [271/782], Loss: 0.25954440236091614
Rank:0 Epoch: [10/40], Step: [281/782], Loss: 0.18029239773750305
Rank:0 Epoch: [10/40], Step: [291/782], Loss: 0.06541278213262558
Rank:0 Epoch: [10/40], Step: [301/782], Loss: 0.25883081555366516
Rank:0 Epoch: [10/40], Step: [311/782], Loss: 0.27323710918426514
Rank:0 Epoch: [10/40], Step: [321/782], Loss: 0.1839083731174469
Rank:0 Epoch: [10/40], Step: [331/782], Loss: 0.20704206824302673
Rank:0 Epoch: [10/40], Step: [341/782], Loss: 0.21980465948581696
Rank:0 Epoch: [10/40], Step: [351/782], Loss: 0.29658642411231995
Rank:0 Epoch: [10/40], Step: [361/782], Loss: 0.152532160282135
Rank:0 Epoch: [10/40], Step: [371/782], Loss: 0.2604268193244934
Rank:0 Epoch: [10/40], Step: [381/782], Loss: 0.5354204177856445
Rank:0 Epoch: [10/40], Step: [391/782], Loss: 0.43111535906791687
Rank:0 Epoch: [10/40], Step: [401/782], Loss: 0.26903682947158813
Rank:0 Epoch: [10/40], Step: [411/782], Loss: 0.3557935953140259
Rank:0 Epoch: [10/40], Step: [421/782], Loss: 0.12695929408073425
Rank:0 Epoch: [10/40], Step: [431/782], Loss: 0.21746034920215607
Rank:0 Epoch: [10/40], Step: [441/782], Loss: 0.05125366523861885
Rank:0 Epoch: [10/40], Step: [451/782], Loss: 0.13994622230529785
Rank:0 Epoch: [10/40], Step: [461/782], Loss: 0.5792990922927856
Rank:0 Epoch: [10/40], Step: [471/782], Loss: 0.41046085953712463
Rank:0 Epoch: [10/40], Step: [481/782], Loss: 0.21890509128570557
Rank:0 Epoch: [10/40], Step: [491/782], Loss: 0.15118910372257233
Rank:0 Epoch: [10/40], Step: [501/782], Loss: 0.20445455610752106
Rank:0 Epoch: [10/40], Step: [511/782], Loss: 0.12430737912654877
Rank:0 Epoch: [10/40], Step: [521/782], Loss: 0.15266992151737213
Rank:0 Epoch: [10/40], Step: [531/782], Loss: 0.16068097949028015
Rank:0 Epoch: [10/40], Step: [541/782], Loss: 0.22877158224582672
Rank:0 Epoch: [10/40], Step: [551/782], Loss: 0.3834567666053772
Rank:0 Epoch: [10/40], Step: [561/782], Loss: 0.1916576325893402
Rank:0 Epoch: [10/40], Step: [571/782], Loss: 0.17170995473861694
Rank:0 Epoch: [10/40], Step: [581/782], Loss: 0.19581188261508942
Rank:0 Epoch: [10/40], Step: [591/782], Loss: 0.15520398318767548
Rank:0 Epoch: [10/40], Step: [601/782], Loss: 0.3821786046028137
Rank:0 Epoch: [10/40], Step: [611/782], Loss: 0.26628103852272034
Rank:0 Epoch: [10/40], Step: [621/782], Loss: 0.2911812365055084
Rank:0 Epoch: [10/40], Step: [631/782], Loss: 0.2917117178440094
Rank:0 Epoch: [10/40], Step: [641/782], Loss: 0.4503650367259979
Rank:0 Epoch: [10/40], Step: [651/782], Loss: 0.13656742870807648
Rank:0 Epoch: [10/40], Step: [661/782], Loss: 0.37521809339523315
Rank:0 Epoch: [10/40], Step: [671/782], Loss: 0.24342775344848633
Rank:0 Epoch: [10/40], Step: [681/782], Loss: 0.34452393651008606
Rank:0 Epoch: [10/40], Step: [691/782], Loss: 0.3240114450454712
Rank:0 Epoch: [10/40], Step: [701/782], Loss: 0.29014748334884644
Rank:0 Epoch: [10/40], Step: [711/782], Loss: 0.3071226477622986
Rank:0 Epoch: [10/40], Step: [721/782], Loss: 0.10854173451662064
Rank:0 Epoch: [10/40], Step: [731/782], Loss: 0.1891677975654602
Rank:0 Epoch: [10/40], Step: [741/782], Loss: 0.16926829516887665
Rank:0 Epoch: [10/40], Step: [751/782], Loss: 0.09271426498889923
Rank:0 Epoch: [10/40], Step: [761/782], Loss: 0.10464249551296234
Rank:0 Epoch: [10/40], Step: [771/782], Loss: 0.22295495867729187
Rank:0 Epoch: [10/40], Step: [781/782], Loss: 0.14168302714824677
Current Test Acc: 0.8541
Rank:0 Epoch: [11/40], Step: [1/782], Loss: 0.37768009305000305
Rank:0 Epoch: [11/40], Step: [11/782], Loss: 0.1907515525817871
Rank:0 Epoch: [11/40], Step: [21/782], Loss: 0.27237993478775024
Rank:0 Epoch: [11/40], Step: [31/782], Loss: 0.051283109933137894
Rank:0 Epoch: [11/40], Step: [41/782], Loss: 0.08359897136688232
Rank:0 Epoch: [11/40], Step: [51/782], Loss: 0.08173611760139465
Rank:0 Epoch: [11/40], Step: [61/782], Loss: 0.20107373595237732
Rank:0 Epoch: [11/40], Step: [71/782], Loss: 0.19374583661556244
Rank:0 Epoch: [11/40], Step: [81/782], Loss: 0.1447012722492218
Rank:0 Epoch: [11/40], Step: [91/782], Loss: 0.24798505008220673
Rank:0 Epoch: [11/40], Step: [101/782], Loss: 0.36008402705192566
Rank:0 Epoch: [11/40], Step: [111/782], Loss: 0.09652957320213318
Rank:0 Epoch: [11/40], Step: [121/782], Loss: 0.2541816830635071
Rank:0 Epoch: [11/40], Step: [131/782], Loss: 0.15640504658222198
Rank:0 Epoch: [11/40], Step: [141/782], Loss: 0.21050600707530975
Rank:0 Epoch: [11/40], Step: [151/782], Loss: 0.2522757053375244
Rank:0 Epoch: [11/40], Step: [161/782], Loss: 0.33805009722709656
Rank:0 Epoch: [11/40], Step: [171/782], Loss: 0.184346005320549
Rank:0 Epoch: [11/40], Step: [181/782], Loss: 0.1296696662902832
Rank:0 Epoch: [11/40], Step: [191/782], Loss: 0.3014809489250183
Rank:0 Epoch: [11/40], Step: [201/782], Loss: 0.22552955150604248
Rank:0 Epoch: [11/40], Step: [211/782], Loss: 0.39293256402015686
Rank:0 Epoch: [11/40], Step: [221/782], Loss: 0.2718845307826996
Rank:0 Epoch: [11/40], Step: [231/782], Loss: 0.23454144597053528
Rank:0 Epoch: [11/40], Step: [241/782], Loss: 0.23584875464439392
Rank:0 Epoch: [11/40], Step: [251/782], Loss: 0.15877623856067657
Rank:0 Epoch: [11/40], Step: [261/782], Loss: 0.1406976729631424
Rank:0 Epoch: [11/40], Step: [271/782], Loss: 0.12210991233587265
Rank:0 Epoch: [11/40], Step: [281/782], Loss: 0.13589724898338318
Rank:0 Epoch: [11/40], Step: [291/782], Loss: 0.3156520426273346
Rank:0 Epoch: [11/40], Step: [301/782], Loss: 0.1794755756855011
Rank:0 Epoch: [11/40], Step: [311/782], Loss: 0.2302091121673584
Rank:0 Epoch: [11/40], Step: [321/782], Loss: 0.4818462133407593
Rank:0 Epoch: [11/40], Step: [331/782], Loss: 0.21283669769763947
Rank:0 Epoch: [11/40], Step: [341/782], Loss: 0.15660980343818665
Rank:0 Epoch: [11/40], Step: [351/782], Loss: 0.2953951060771942
Rank:0 Epoch: [11/40], Step: [361/782], Loss: 0.2781105637550354
Rank:0 Epoch: [11/40], Step: [371/782], Loss: 0.2889639139175415
Rank:0 Epoch: [11/40], Step: [381/782], Loss: 0.2720445394515991
Rank:0 Epoch: [11/40], Step: [391/782], Loss: 0.2697640657424927
Rank:0 Epoch: [11/40], Step: [401/782], Loss: 0.21434588730335236
Rank:0 Epoch: [11/40], Step: [411/782], Loss: 0.3741474151611328
Rank:0 Epoch: [11/40], Step: [421/782], Loss: 0.11797180771827698
Rank:0 Epoch: [11/40], Step: [431/782], Loss: 0.3132797181606293
Rank:0 Epoch: [11/40], Step: [441/782], Loss: 0.3082236349582672
Rank:0 Epoch: [11/40], Step: [451/782], Loss: 0.18571120500564575
Rank:0 Epoch: [11/40], Step: [461/782], Loss: 0.3090769946575165
Rank:0 Epoch: [11/40], Step: [471/782], Loss: 0.2805737555027008
Rank:0 Epoch: [11/40], Step: [481/782], Loss: 0.23236902058124542
Rank:0 Epoch: [11/40], Step: [491/782], Loss: 0.1986522376537323
Rank:0 Epoch: [11/40], Step: [501/782], Loss: 0.47482579946517944
Rank:0 Epoch: [11/40], Step: [511/782], Loss: 0.2105289101600647
Rank:0 Epoch: [11/40], Step: [521/782], Loss: 0.27249929308891296
Rank:0 Epoch: [11/40], Step: [531/782], Loss: 0.23640012741088867
Rank:0 Epoch: [11/40], Step: [541/782], Loss: 0.24501898884773254
Rank:0 Epoch: [11/40], Step: [551/782], Loss: 0.1927284300327301
Rank:0 Epoch: [11/40], Step: [561/782], Loss: 0.2633352279663086
Rank:0 Epoch: [11/40], Step: [571/782], Loss: 0.23927775025367737
Rank:0 Epoch: [11/40], Step: [581/782], Loss: 0.41991162300109863
Rank:0 Epoch: [11/40], Step: [591/782], Loss: 0.14258494973182678
Rank:0 Epoch: [11/40], Step: [601/782], Loss: 0.08370289206504822
Rank:0 Epoch: [11/40], Step: [611/782], Loss: 0.2969687283039093
Rank:0 Epoch: [11/40], Step: [621/782], Loss: 0.337929368019104
Rank:0 Epoch: [11/40], Step: [631/782], Loss: 0.28570473194122314
Rank:0 Epoch: [11/40], Step: [641/782], Loss: 0.2617203891277313
Rank:0 Epoch: [11/40], Step: [651/782], Loss: 0.3924260437488556
Rank:0 Epoch: [11/40], Step: [661/782], Loss: 0.1875143200159073
Rank:0 Epoch: [11/40], Step: [671/782], Loss: 0.22423967719078064
Rank:0 Epoch: [11/40], Step: [681/782], Loss: 0.13447695970535278
Rank:0 Epoch: [11/40], Step: [691/782], Loss: 0.34096041321754456
Rank:0 Epoch: [11/40], Step: [701/782], Loss: 0.2018425315618515
Rank:0 Epoch: [11/40], Step: [711/782], Loss: 0.32836657762527466
Rank:0 Epoch: [11/40], Step: [721/782], Loss: 0.1768345683813095
Rank:0 Epoch: [11/40], Step: [731/782], Loss: 0.10490409284830093
Rank:0 Epoch: [11/40], Step: [741/782], Loss: 0.16603125631809235
Rank:0 Epoch: [11/40], Step: [751/782], Loss: 0.30071380734443665
Rank:0 Epoch: [11/40], Step: [761/782], Loss: 0.20061612129211426
Rank:0 Epoch: [11/40], Step: [771/782], Loss: 0.2164277583360672
Rank:0 Epoch: [11/40], Step: [781/782], Loss: 0.08445317298173904
Current Test Acc: 0.887
Rank:0 Epoch: [12/40], Step: [1/782], Loss: 0.16878773272037506
Rank:0 Epoch: [12/40], Step: [11/782], Loss: 0.4354345500469208
Rank:0 Epoch: [12/40], Step: [21/782], Loss: 0.2956942617893219
Rank:0 Epoch: [12/40], Step: [31/782], Loss: 0.28245723247528076
Rank:0 Epoch: [12/40], Step: [41/782], Loss: 0.41193586587905884
Rank:0 Epoch: [12/40], Step: [51/782], Loss: 0.1347203105688095
Rank:0 Epoch: [12/40], Step: [61/782], Loss: 0.14322099089622498
Rank:0 Epoch: [12/40], Step: [71/782], Loss: 0.21668212115764618
Rank:0 Epoch: [12/40], Step: [81/782], Loss: 0.07553569972515106
Rank:0 Epoch: [12/40], Step: [91/782], Loss: 0.23808012902736664
Rank:0 Epoch: [12/40], Step: [101/782], Loss: 0.10698781907558441
Rank:0 Epoch: [12/40], Step: [111/782], Loss: 0.17500744760036469
Rank:0 Epoch: [12/40], Step: [121/782], Loss: 0.24435007572174072
Rank:0 Epoch: [12/40], Step: [131/782], Loss: 0.19681954383850098
Rank:0 Epoch: [12/40], Step: [141/782], Loss: 0.25560227036476135
Rank:0 Epoch: [12/40], Step: [151/782], Loss: 0.18448348343372345
Rank:0 Epoch: [12/40], Step: [161/782], Loss: 0.2974783480167389
Rank:0 Epoch: [12/40], Step: [171/782], Loss: 0.38435685634613037
Rank:0 Epoch: [12/40], Step: [181/782], Loss: 0.31862470507621765
Rank:0 Epoch: [12/40], Step: [191/782], Loss: 0.1787278950214386
Rank:0 Epoch: [12/40], Step: [201/782], Loss: 0.12137645483016968
Rank:0 Epoch: [12/40], Step: [211/782], Loss: 0.1650046557188034
Rank:0 Epoch: [12/40], Step: [221/782], Loss: 0.5022616386413574
Rank:0 Epoch: [12/40], Step: [231/782], Loss: 0.33732640743255615
Rank:0 Epoch: [12/40], Step: [241/782], Loss: 0.1515112668275833
Rank:0 Epoch: [12/40], Step: [251/782], Loss: 0.12878073751926422
Rank:0 Epoch: [12/40], Step: [261/782], Loss: 0.19767728447914124
Rank:0 Epoch: [12/40], Step: [271/782], Loss: 0.18219129741191864
Rank:0 Epoch: [12/40], Step: [281/782], Loss: 0.20454485714435577
Rank:0 Epoch: [12/40], Step: [291/782], Loss: 0.3278498351573944
Rank:0 Epoch: [12/40], Step: [301/782], Loss: 0.18715642392635345
Rank:0 Epoch: [12/40], Step: [311/782], Loss: 0.11880187690258026
Rank:0 Epoch: [12/40], Step: [321/782], Loss: 0.06617232412099838
Rank:0 Epoch: [12/40], Step: [331/782], Loss: 0.36851873993873596
Rank:0 Epoch: [12/40], Step: [341/782], Loss: 0.24622273445129395
Rank:0 Epoch: [12/40], Step: [351/782], Loss: 0.34376978874206543
Rank:0 Epoch: [12/40], Step: [361/782], Loss: 0.271626353263855
Rank:0 Epoch: [12/40], Step: [371/782], Loss: 0.2937348783016205
Rank:0 Epoch: [12/40], Step: [381/782], Loss: 0.15787553787231445
Rank:0 Epoch: [12/40], Step: [391/782], Loss: 0.29403024911880493
Rank:0 Epoch: [12/40], Step: [401/782], Loss: 0.2798415720462799
Rank:0 Epoch: [12/40], Step: [411/782], Loss: 0.43735548853874207
Rank:0 Epoch: [12/40], Step: [421/782], Loss: 0.2643823027610779
Rank:0 Epoch: [12/40], Step: [431/782], Loss: 0.3924810588359833
Rank:0 Epoch: [12/40], Step: [441/782], Loss: 0.3248142898082733
Rank:0 Epoch: [12/40], Step: [451/782], Loss: 0.2525344789028168
Rank:0 Epoch: [12/40], Step: [461/782], Loss: 0.16737334430217743
Rank:0 Epoch: [12/40], Step: [471/782], Loss: 0.12818294763565063
Rank:0 Epoch: [12/40], Step: [481/782], Loss: 0.1766699105501175
Rank:0 Epoch: [12/40], Step: [491/782], Loss: 0.27010414004325867
Rank:0 Epoch: [12/40], Step: [501/782], Loss: 0.11798588931560516
Rank:0 Epoch: [12/40], Step: [511/782], Loss: 0.10026302933692932
Rank:0 Epoch: [12/40], Step: [521/782], Loss: 0.300516277551651
Rank:0 Epoch: [12/40], Step: [531/782], Loss: 0.22488069534301758
Rank:0 Epoch: [12/40], Step: [541/782], Loss: 0.15759791433811188
Rank:0 Epoch: [12/40], Step: [551/782], Loss: 0.1667831391096115
Rank:0 Epoch: [12/40], Step: [561/782], Loss: 0.24910984933376312
Rank:0 Epoch: [12/40], Step: [571/782], Loss: 0.4226568341255188
Rank:0 Epoch: [12/40], Step: [581/782], Loss: 0.3052637279033661
Rank:0 Epoch: [12/40], Step: [591/782], Loss: 0.16972558200359344
Rank:0 Epoch: [12/40], Step: [601/782], Loss: 0.2196909487247467
Rank:0 Epoch: [12/40], Step: [611/782], Loss: 0.08835329860448837
Rank:0 Epoch: [12/40], Step: [621/782], Loss: 0.22687527537345886
Rank:0 Epoch: [12/40], Step: [631/782], Loss: 0.3487503230571747
Rank:0 Epoch: [12/40], Step: [641/782], Loss: 0.15752263367176056
Rank:0 Epoch: [12/40], Step: [651/782], Loss: 0.3075655698776245
Rank:0 Epoch: [12/40], Step: [661/782], Loss: 0.3268105983734131
Rank:0 Epoch: [12/40], Step: [671/782], Loss: 0.2414402812719345
Rank:0 Epoch: [12/40], Step: [681/782], Loss: 0.23474663496017456
Rank:0 Epoch: [12/40], Step: [691/782], Loss: 0.10848692804574966
Rank:0 Epoch: [12/40], Step: [701/782], Loss: 0.13784027099609375
Rank:0 Epoch: [12/40], Step: [711/782], Loss: 0.28250735998153687
Rank:0 Epoch: [12/40], Step: [721/782], Loss: 0.19837749004364014
Rank:0 Epoch: [12/40], Step: [731/782], Loss: 0.29178673028945923
Rank:0 Epoch: [12/40], Step: [741/782], Loss: 0.1454087197780609
Rank:0 Epoch: [12/40], Step: [751/782], Loss: 0.3940022587776184
Rank:0 Epoch: [12/40], Step: [761/782], Loss: 0.20100420713424683
Rank:0 Epoch: [12/40], Step: [771/782], Loss: 0.27652987837791443
Rank:0 Epoch: [12/40], Step: [781/782], Loss: 0.13278809189796448
Current Test Acc: 0.8819
Rank:0 Epoch: [13/40], Step: [1/782], Loss: 0.4045862555503845
Rank:0 Epoch: [13/40], Step: [11/782], Loss: 0.28513187170028687
Rank:0 Epoch: [13/40], Step: [21/782], Loss: 0.2341330349445343
Rank:0 Epoch: [13/40], Step: [31/782], Loss: 0.24644145369529724
Rank:0 Epoch: [13/40], Step: [41/782], Loss: 0.17095044255256653
Rank:0 Epoch: [13/40], Step: [51/782], Loss: 0.24756194651126862
Rank:0 Epoch: [13/40], Step: [61/782], Loss: 0.21206294000148773
Rank:0 Epoch: [13/40], Step: [71/782], Loss: 0.26154085993766785
Rank:0 Epoch: [13/40], Step: [81/782], Loss: 0.280638724565506
Rank:0 Epoch: [13/40], Step: [91/782], Loss: 0.16508811712265015
Rank:0 Epoch: [13/40], Step: [101/782], Loss: 0.05086427181959152
Rank:0 Epoch: [13/40], Step: [111/782], Loss: 0.3303692936897278
Rank:0 Epoch: [13/40], Step: [121/782], Loss: 0.2297545075416565
Rank:0 Epoch: [13/40], Step: [131/782], Loss: 0.18318523466587067
Rank:0 Epoch: [13/40], Step: [141/782], Loss: 0.29040056467056274
Rank:0 Epoch: [13/40], Step: [151/782], Loss: 0.28041791915893555
Rank:0 Epoch: [13/40], Step: [161/782], Loss: 0.09447278082370758
Rank:0 Epoch: [13/40], Step: [171/782], Loss: 0.11877291649580002
Rank:0 Epoch: [13/40], Step: [181/782], Loss: 0.1733119934797287
Rank:0 Epoch: [13/40], Step: [191/782], Loss: 0.21949708461761475
Rank:0 Epoch: [13/40], Step: [201/782], Loss: 0.20946264266967773
Rank:0 Epoch: [13/40], Step: [211/782], Loss: 0.37046465277671814
Rank:0 Epoch: [13/40], Step: [221/782], Loss: 0.23214927315711975
Rank:0 Epoch: [13/40], Step: [231/782], Loss: 0.3775954246520996
Rank:0 Epoch: [13/40], Step: [241/782], Loss: 0.225897878408432
Rank:0 Epoch: [13/40], Step: [251/782], Loss: 0.11869144439697266
Rank:0 Epoch: [13/40], Step: [261/782], Loss: 0.23914171755313873
Rank:0 Epoch: [13/40], Step: [271/782], Loss: 0.16125760972499847
Rank:0 Epoch: [13/40], Step: [281/782], Loss: 0.35124555230140686
Rank:0 Epoch: [13/40], Step: [291/782], Loss: 0.20839780569076538
Rank:0 Epoch: [13/40], Step: [301/782], Loss: 0.30694475769996643
Rank:0 Epoch: [13/40], Step: [311/782], Loss: 0.08867514878511429
Rank:0 Epoch: [13/40], Step: [321/782], Loss: 0.26673972606658936
Rank:0 Epoch: [13/40], Step: [331/782], Loss: 0.12506136298179626
Rank:0 Epoch: [13/40], Step: [341/782], Loss: 0.11185015738010406
Rank:0 Epoch: [13/40], Step: [351/782], Loss: 0.3026646673679352
Rank:0 Epoch: [13/40], Step: [361/782], Loss: 0.29546862840652466
Rank:0 Epoch: [13/40], Step: [371/782], Loss: 0.2632160782814026
Rank:0 Epoch: [13/40], Step: [381/782], Loss: 0.1199781522154808
Rank:0 Epoch: [13/40], Step: [391/782], Loss: 0.24039670825004578
Rank:0 Epoch: [13/40], Step: [401/782], Loss: 0.2797938883304596
Rank:0 Epoch: [13/40], Step: [411/782], Loss: 0.42798635363578796
Rank:0 Epoch: [13/40], Step: [421/782], Loss: 0.1285337656736374
Rank:0 Epoch: [13/40], Step: [431/782], Loss: 0.1643381118774414
Rank:0 Epoch: [13/40], Step: [441/782], Loss: 0.15165138244628906
Rank:0 Epoch: [13/40], Step: [451/782], Loss: 0.09299267083406448
Rank:0 Epoch: [13/40], Step: [461/782], Loss: 0.1038866937160492
Rank:0 Epoch: [13/40], Step: [471/782], Loss: 0.2471490502357483
Rank:0 Epoch: [13/40], Step: [481/782], Loss: 0.1249169185757637
Rank:0 Epoch: [13/40], Step: [491/782], Loss: 0.18742527067661285
Rank:0 Epoch: [13/40], Step: [501/782], Loss: 0.2770237326622009
Rank:0 Epoch: [13/40], Step: [511/782], Loss: 0.3048807680606842
Rank:0 Epoch: [13/40], Step: [521/782], Loss: 0.1934085190296173
Rank:0 Epoch: [13/40], Step: [531/782], Loss: 0.2554149031639099
Rank:0 Epoch: [13/40], Step: [541/782], Loss: 0.19123989343643188
Rank:0 Epoch: [13/40], Step: [551/782], Loss: 0.2776173949241638
Rank:0 Epoch: [13/40], Step: [561/782], Loss: 0.11344201862812042
Rank:0 Epoch: [13/40], Step: [571/782], Loss: 0.21155521273612976
Rank:0 Epoch: [13/40], Step: [581/782], Loss: 0.12876711785793304
Rank:0 Epoch: [13/40], Step: [591/782], Loss: 0.11511044949293137
Rank:0 Epoch: [13/40], Step: [601/782], Loss: 0.2710801064968109
Rank:0 Epoch: [13/40], Step: [611/782], Loss: 0.13780130445957184
Rank:0 Epoch: [13/40], Step: [621/782], Loss: 0.2578957676887512
Rank:0 Epoch: [13/40], Step: [631/782], Loss: 0.2890511155128479
Rank:0 Epoch: [13/40], Step: [641/782], Loss: 0.24589231610298157
Rank:0 Epoch: [13/40], Step: [651/782], Loss: 0.3027583360671997
Rank:0 Epoch: [13/40], Step: [661/782], Loss: 0.3366656005382538
Rank:0 Epoch: [13/40], Step: [671/782], Loss: 0.19943633675575256
Rank:0 Epoch: [13/40], Step: [681/782], Loss: 0.20998422801494598
Rank:0 Epoch: [13/40], Step: [691/782], Loss: 0.12927912175655365
Rank:0 Epoch: [13/40], Step: [701/782], Loss: 0.2822970449924469
Rank:0 Epoch: [13/40], Step: [711/782], Loss: 0.18291229009628296
Rank:0 Epoch: [13/40], Step: [721/782], Loss: 0.0788750872015953
Rank:0 Epoch: [13/40], Step: [731/782], Loss: 0.25624340772628784
Rank:0 Epoch: [13/40], Step: [741/782], Loss: 0.2816822826862335
Rank:0 Epoch: [13/40], Step: [751/782], Loss: 0.18448016047477722
Rank:0 Epoch: [13/40], Step: [761/782], Loss: 0.228059321641922
Rank:0 Epoch: [13/40], Step: [771/782], Loss: 0.253856360912323
Rank:0 Epoch: [13/40], Step: [781/782], Loss: 0.24817728996276855
Current Test Acc: 0.8756
Rank:0 Epoch: [14/40], Step: [1/782], Loss: 0.21989592909812927
Rank:0 Epoch: [14/40], Step: [11/782], Loss: 0.3061410188674927
Rank:0 Epoch: [14/40], Step: [21/782], Loss: 0.2043241262435913
Rank:0 Epoch: [14/40], Step: [31/782], Loss: 0.16259652376174927
Rank:0 Epoch: [14/40], Step: [41/782], Loss: 0.26607492566108704
Rank:0 Epoch: [14/40], Step: [51/782], Loss: 0.16425840556621552
Rank:0 Epoch: [14/40], Step: [61/782], Loss: 0.18286149203777313
Rank:0 Epoch: [14/40], Step: [71/782], Loss: 0.4220691919326782
Rank:0 Epoch: [14/40], Step: [81/782], Loss: 0.14799219369888306
Rank:0 Epoch: [14/40], Step: [91/782], Loss: 0.1439492106437683
Rank:0 Epoch: [14/40], Step: [101/782], Loss: 0.13238495588302612
Rank:0 Epoch: [14/40], Step: [111/782], Loss: 0.30954262614250183
Rank:0 Epoch: [14/40], Step: [121/782], Loss: 0.38589388132095337
Rank:0 Epoch: [14/40], Step: [131/782], Loss: 0.14069217443466187
Rank:0 Epoch: [14/40], Step: [141/782], Loss: 0.23632210493087769
Rank:0 Epoch: [14/40], Step: [151/782], Loss: 0.25717630982398987
Rank:0 Epoch: [14/40], Step: [161/782], Loss: 0.3011817932128906
Rank:0 Epoch: [14/40], Step: [171/782], Loss: 0.22759908437728882
Rank:0 Epoch: [14/40], Step: [181/782], Loss: 0.15053735673427582
Rank:0 Epoch: [14/40], Step: [191/782], Loss: 0.13735631108283997
Rank:0 Epoch: [14/40], Step: [201/782], Loss: 0.09735548496246338
Rank:0 Epoch: [14/40], Step: [211/782], Loss: 0.1991872638463974
Rank:0 Epoch: [14/40], Step: [221/782], Loss: 0.20839309692382812
Rank:0 Epoch: [14/40], Step: [231/782], Loss: 0.22260212898254395
Rank:0 Epoch: [14/40], Step: [241/782], Loss: 0.13636475801467896
Rank:0 Epoch: [14/40], Step: [251/782], Loss: 0.2626902759075165
Rank:0 Epoch: [14/40], Step: [261/782], Loss: 0.18928872048854828
Rank:0 Epoch: [14/40], Step: [271/782], Loss: 0.29669424891471863
Rank:0 Epoch: [14/40], Step: [281/782], Loss: 0.3049939274787903
Rank:0 Epoch: [14/40], Step: [291/782], Loss: 0.1874246448278427
Rank:0 Epoch: [14/40], Step: [301/782], Loss: 0.16663643717765808
Rank:0 Epoch: [14/40], Step: [311/782], Loss: 0.2209235429763794
Rank:0 Epoch: [14/40], Step: [321/782], Loss: 0.19375021755695343
Rank:0 Epoch: [14/40], Step: [331/782], Loss: 0.17234794795513153
Rank:0 Epoch: [14/40], Step: [341/782], Loss: 0.33008280396461487
Rank:0 Epoch: [14/40], Step: [351/782], Loss: 0.05753081664443016
Rank:0 Epoch: [14/40], Step: [361/782], Loss: 0.28759679198265076
Rank:0 Epoch: [14/40], Step: [371/782], Loss: 0.24394071102142334
Rank:0 Epoch: [14/40], Step: [381/782], Loss: 0.20368443429470062
Rank:0 Epoch: [14/40], Step: [391/782], Loss: 0.13854388892650604
Rank:0 Epoch: [14/40], Step: [401/782], Loss: 0.18314509093761444
Rank:0 Epoch: [14/40], Step: [411/782], Loss: 0.25713038444519043
Rank:0 Epoch: [14/40], Step: [421/782], Loss: 0.17431944608688354
Rank:0 Epoch: [14/40], Step: [431/782], Loss: 0.2270514816045761
Rank:0 Epoch: [14/40], Step: [441/782], Loss: 0.41746148467063904
Rank:0 Epoch: [14/40], Step: [451/782], Loss: 0.21880057454109192
Rank:0 Epoch: [14/40], Step: [461/782], Loss: 0.2810657024383545
Rank:0 Epoch: [14/40], Step: [471/782], Loss: 0.2881907522678375
Rank:0 Epoch: [14/40], Step: [481/782], Loss: 0.20128779113292694
Rank:0 Epoch: [14/40], Step: [491/782], Loss: 0.18173381686210632
Rank:0 Epoch: [14/40], Step: [501/782], Loss: 0.2906379997730255
Rank:0 Epoch: [14/40], Step: [511/782], Loss: 0.2785438299179077
Rank:0 Epoch: [14/40], Step: [521/782], Loss: 0.27489596605300903
Rank:0 Epoch: [14/40], Step: [531/782], Loss: 0.21611753106117249
Rank:0 Epoch: [14/40], Step: [541/782], Loss: 0.17596286535263062
Rank:0 Epoch: [14/40], Step: [551/782], Loss: 0.14712004363536835
Rank:0 Epoch: [14/40], Step: [561/782], Loss: 0.10159876942634583
Rank:0 Epoch: [14/40], Step: [571/782], Loss: 0.168410062789917
Rank:0 Epoch: [14/40], Step: [581/782], Loss: 0.187962144613266
Rank:0 Epoch: [14/40], Step: [591/782], Loss: 0.2444167584180832
Rank:0 Epoch: [14/40], Step: [601/782], Loss: 0.3515198826789856
Rank:0 Epoch: [14/40], Step: [611/782], Loss: 0.21266880631446838
Rank:0 Epoch: [14/40], Step: [621/782], Loss: 0.17594309151172638
Rank:0 Epoch: [14/40], Step: [631/782], Loss: 0.163848876953125
Rank:0 Epoch: [14/40], Step: [641/782], Loss: 0.1652592122554779
Rank:0 Epoch: [14/40], Step: [651/782], Loss: 0.2543439567089081
Rank:0 Epoch: [14/40], Step: [661/782], Loss: 0.2054358273744583
Rank:0 Epoch: [14/40], Step: [671/782], Loss: 0.2085098773241043
Rank:0 Epoch: [14/40], Step: [681/782], Loss: 0.31653493642807007
Rank:0 Epoch: [14/40], Step: [691/782], Loss: 0.1619473099708557
Rank:0 Epoch: [14/40], Step: [701/782], Loss: 0.053319524973630905
Rank:0 Epoch: [14/40], Step: [711/782], Loss: 0.3746350109577179
Rank:0 Epoch: [14/40], Step: [721/782], Loss: 0.1762717217206955
Rank:0 Epoch: [14/40], Step: [731/782], Loss: 0.3641616404056549
Rank:0 Epoch: [14/40], Step: [741/782], Loss: 0.12482384592294693
Rank:0 Epoch: [14/40], Step: [751/782], Loss: 0.1269163191318512
Rank:0 Epoch: [14/40], Step: [761/782], Loss: 0.22399842739105225
Rank:0 Epoch: [14/40], Step: [771/782], Loss: 0.1710117757320404
Rank:0 Epoch: [14/40], Step: [781/782], Loss: 0.2062877118587494
Current Test Acc: 0.8791
Rank:0 Epoch: [15/40], Step: [1/782], Loss: 0.13359765708446503
Rank:0 Epoch: [15/40], Step: [11/782], Loss: 0.35365596413612366
Rank:0 Epoch: [15/40], Step: [21/782], Loss: 0.13804107904434204
Rank:0 Epoch: [15/40], Step: [31/782], Loss: 0.21916700899600983
Rank:0 Epoch: [15/40], Step: [41/782], Loss: 0.22482672333717346
Rank:0 Epoch: [15/40], Step: [51/782], Loss: 0.40174391865730286
Rank:0 Epoch: [15/40], Step: [61/782], Loss: 0.175883486866951
Rank:0 Epoch: [15/40], Step: [71/782], Loss: 0.2763916254043579
Rank:0 Epoch: [15/40], Step: [81/782], Loss: 0.21868231892585754
Rank:0 Epoch: [15/40], Step: [91/782], Loss: 0.16502727568149567
Rank:0 Epoch: [15/40], Step: [101/782], Loss: 0.23676608502864838
Rank:0 Epoch: [15/40], Step: [111/782], Loss: 0.16781219840049744
Rank:0 Epoch: [15/40], Step: [121/782], Loss: 0.22783702611923218
Rank:0 Epoch: [15/40], Step: [131/782], Loss: 0.16712310910224915
Rank:0 Epoch: [15/40], Step: [141/782], Loss: 0.2947574257850647
Rank:0 Epoch: [15/40], Step: [151/782], Loss: 0.22282496094703674
Rank:0 Epoch: [15/40], Step: [161/782], Loss: 0.4641299545764923
Rank:0 Epoch: [15/40], Step: [171/782], Loss: 0.18083862960338593
Rank:0 Epoch: [15/40], Step: [181/782], Loss: 0.26035186648368835
Rank:0 Epoch: [15/40], Step: [191/782], Loss: 0.15399061143398285
Rank:0 Epoch: [15/40], Step: [201/782], Loss: 0.40033072233200073
Rank:0 Epoch: [15/40], Step: [211/782], Loss: 0.17210476100444794
Rank:0 Epoch: [15/40], Step: [221/782], Loss: 0.18006710708141327
Rank:0 Epoch: [15/40], Step: [231/782], Loss: 0.1051323339343071
Rank:0 Epoch: [15/40], Step: [241/782], Loss: 0.17686627805233002
Rank:0 Epoch: [15/40], Step: [251/782], Loss: 0.0850195437669754
Rank:0 Epoch: [15/40], Step: [261/782], Loss: 0.199367493391037
Rank:0 Epoch: [15/40], Step: [271/782], Loss: 0.16862915456295013
Rank:0 Epoch: [15/40], Step: [281/782], Loss: 0.2564505636692047
Rank:0 Epoch: [15/40], Step: [291/782], Loss: 0.3839731514453888
Rank:0 Epoch: [15/40], Step: [301/782], Loss: 0.07042394578456879
Rank:0 Epoch: [15/40], Step: [311/782], Loss: 0.078280009329319
Rank:0 Epoch: [15/40], Step: [321/782], Loss: 0.3880532383918762
Rank:0 Epoch: [15/40], Step: [331/782], Loss: 0.4476187825202942
Rank:0 Epoch: [15/40], Step: [341/782], Loss: 0.19875505566596985
Rank:0 Epoch: [15/40], Step: [351/782], Loss: 0.1727609485387802
Rank:0 Epoch: [15/40], Step: [361/782], Loss: 0.15321284532546997
Rank:0 Epoch: [15/40], Step: [371/782], Loss: 0.2141231894493103
Rank:0 Epoch: [15/40], Step: [381/782], Loss: 0.4457992613315582
Rank:0 Epoch: [15/40], Step: [391/782], Loss: 0.24365465342998505
Rank:0 Epoch: [15/40], Step: [401/782], Loss: 0.24587059020996094
Rank:0 Epoch: [15/40], Step: [411/782], Loss: 0.34539133310317993
Rank:0 Epoch: [15/40], Step: [421/782], Loss: 0.18698415160179138
Rank:0 Epoch: [15/40], Step: [431/782], Loss: 0.2141219675540924
Rank:0 Epoch: [15/40], Step: [441/782], Loss: 0.18433605134487152
Rank:0 Epoch: [15/40], Step: [451/782], Loss: 0.19031402468681335
Rank:0 Epoch: [15/40], Step: [461/782], Loss: 0.21229197084903717
Rank:0 Epoch: [15/40], Step: [471/782], Loss: 0.1654817759990692
Rank:0 Epoch: [15/40], Step: [481/782], Loss: 0.16027158498764038
Rank:0 Epoch: [15/40], Step: [491/782], Loss: 0.17382954061031342
Rank:0 Epoch: [15/40], Step: [501/782], Loss: 0.33067065477371216
Rank:0 Epoch: [15/40], Step: [511/782], Loss: 0.2005409300327301
Rank:0 Epoch: [15/40], Step: [521/782], Loss: 0.09454158693552017
Rank:0 Epoch: [15/40], Step: [531/782], Loss: 0.15685997903347015
Rank:0 Epoch: [15/40], Step: [541/782], Loss: 0.33796611428260803
Rank:0 Epoch: [15/40], Step: [551/782], Loss: 0.2188655436038971
Rank:0 Epoch: [15/40], Step: [561/782], Loss: 0.20092156529426575
Rank:0 Epoch: [15/40], Step: [571/782], Loss: 0.3366446793079376
Rank:0 Epoch: [15/40], Step: [581/782], Loss: 0.20902685821056366
Rank:0 Epoch: [15/40], Step: [591/782], Loss: 0.09174878895282745
Rank:0 Epoch: [15/40], Step: [601/782], Loss: 0.34685230255126953
Rank:0 Epoch: [15/40], Step: [611/782], Loss: 0.22817498445510864
Rank:0 Epoch: [15/40], Step: [621/782], Loss: 0.17106929421424866
Rank:0 Epoch: [15/40], Step: [631/782], Loss: 0.10490529984235764
Rank:0 Epoch: [15/40], Step: [641/782], Loss: 0.301889568567276
Rank:0 Epoch: [15/40], Step: [651/782], Loss: 0.139961376786232
Rank:0 Epoch: [15/40], Step: [661/782], Loss: 0.09374894946813583
Rank:0 Epoch: [15/40], Step: [671/782], Loss: 0.1632309854030609
Rank:0 Epoch: [15/40], Step: [681/782], Loss: 0.12572765350341797
Rank:0 Epoch: [15/40], Step: [691/782], Loss: 0.2579904794692993
Rank:0 Epoch: [15/40], Step: [701/782], Loss: 0.16570790112018585
Rank:0 Epoch: [15/40], Step: [711/782], Loss: 0.28785717487335205
Rank:0 Epoch: [15/40], Step: [721/782], Loss: 0.20674456655979156
Rank:0 Epoch: [15/40], Step: [731/782], Loss: 0.35335949063301086
Rank:0 Epoch: [15/40], Step: [741/782], Loss: 0.08523000031709671
Rank:0 Epoch: [15/40], Step: [751/782], Loss: 0.16866940259933472
Rank:0 Epoch: [15/40], Step: [761/782], Loss: 0.27714836597442627
Rank:0 Epoch: [15/40], Step: [771/782], Loss: 0.2995010018348694
Rank:0 Epoch: [15/40], Step: [781/782], Loss: 0.1499296873807907
Current Test Acc: 0.8802
Rank:0 Epoch: [16/40], Step: [1/782], Loss: 0.1612524837255478
Rank:0 Epoch: [16/40], Step: [11/782], Loss: 0.32306644320487976
Rank:0 Epoch: [16/40], Step: [21/782], Loss: 0.1481724977493286
Rank:0 Epoch: [16/40], Step: [31/782], Loss: 0.06987331807613373
Rank:0 Epoch: [16/40], Step: [41/782], Loss: 0.19891725480556488
Rank:0 Epoch: [16/40], Step: [51/782], Loss: 0.23840679228305817
Rank:0 Epoch: [16/40], Step: [61/782], Loss: 0.2654745876789093
Rank:0 Epoch: [16/40], Step: [71/782], Loss: 0.3383254408836365
Rank:0 Epoch: [16/40], Step: [81/782], Loss: 0.1321737915277481
Rank:0 Epoch: [16/40], Step: [91/782], Loss: 0.09969369322061539
Rank:0 Epoch: [16/40], Step: [101/782], Loss: 0.2536739408969879
Rank:0 Epoch: [16/40], Step: [111/782], Loss: 0.19724804162979126
Rank:0 Epoch: [16/40], Step: [121/782], Loss: 0.25470417737960815
Rank:0 Epoch: [16/40], Step: [131/782], Loss: 0.24331416189670563
Rank:0 Epoch: [16/40], Step: [141/782], Loss: 0.12859861552715302
Rank:0 Epoch: [16/40], Step: [151/782], Loss: 0.05038386210799217
Rank:0 Epoch: [16/40], Step: [161/782], Loss: 0.2952117919921875
Rank:0 Epoch: [16/40], Step: [171/782], Loss: 0.2997630834579468
Rank:0 Epoch: [16/40], Step: [181/782], Loss: 0.0996309444308281
Rank:0 Epoch: [16/40], Step: [191/782], Loss: 0.20084704458713531
Rank:0 Epoch: [16/40], Step: [201/782], Loss: 0.13330897688865662
Rank:0 Epoch: [16/40], Step: [211/782], Loss: 0.24168065190315247
Rank:0 Epoch: [16/40], Step: [221/782], Loss: 0.115420863032341
Rank:0 Epoch: [16/40], Step: [231/782], Loss: 0.1132001131772995
Rank:0 Epoch: [16/40], Step: [241/782], Loss: 0.18477754294872284
Rank:0 Epoch: [16/40], Step: [251/782], Loss: 0.1923457235097885
Rank:0 Epoch: [16/40], Step: [261/782], Loss: 0.29593124985694885
Rank:0 Epoch: [16/40], Step: [271/782], Loss: 0.20918385684490204
Rank:0 Epoch: [16/40], Step: [281/782], Loss: 0.2154790461063385
Rank:0 Epoch: [16/40], Step: [291/782], Loss: 0.2447313666343689
Rank:0 Epoch: [16/40], Step: [301/782], Loss: 0.257534921169281
Rank:0 Epoch: [16/40], Step: [311/782], Loss: 0.276839017868042
Rank:0 Epoch: [16/40], Step: [321/782], Loss: 0.09335970133543015
Rank:0 Epoch: [16/40], Step: [331/782], Loss: 0.33596163988113403
Rank:0 Epoch: [16/40], Step: [341/782], Loss: 0.33522915840148926
Rank:0 Epoch: [16/40], Step: [351/782], Loss: 0.1819954365491867
Rank:0 Epoch: [16/40], Step: [361/782], Loss: 0.08266250789165497
Rank:0 Epoch: [16/40], Step: [371/782], Loss: 0.1355566680431366
Rank:0 Epoch: [16/40], Step: [381/782], Loss: 0.2416333109140396
Rank:0 Epoch: [16/40], Step: [391/782], Loss: 0.18746083974838257
Rank:0 Epoch: [16/40], Step: [401/782], Loss: 0.16600565612316132
Rank:0 Epoch: [16/40], Step: [411/782], Loss: 0.48161718249320984
Rank:0 Epoch: [16/40], Step: [421/782], Loss: 0.29299700260162354
Rank:0 Epoch: [16/40], Step: [431/782], Loss: 0.2339496612548828
Rank:0 Epoch: [16/40], Step: [441/782], Loss: 0.2585500180721283
Rank:0 Epoch: [16/40], Step: [451/782], Loss: 0.33277207612991333
Rank:0 Epoch: [16/40], Step: [461/782], Loss: 0.21290655434131622
Rank:0 Epoch: [16/40], Step: [471/782], Loss: 0.28497833013534546
Rank:0 Epoch: [16/40], Step: [481/782], Loss: 0.22216394543647766
Rank:0 Epoch: [16/40], Step: [491/782], Loss: 0.13083027303218842
Rank:0 Epoch: [16/40], Step: [501/782], Loss: 0.2744999825954437
Rank:0 Epoch: [16/40], Step: [511/782], Loss: 0.1219138652086258
Rank:0 Epoch: [16/40], Step: [521/782], Loss: 0.1340510994195938
Rank:0 Epoch: [16/40], Step: [531/782], Loss: 0.19489239156246185
Rank:0 Epoch: [16/40], Step: [541/782], Loss: 0.09612404555082321
Rank:0 Epoch: [16/40], Step: [551/782], Loss: 0.21022029221057892
Rank:0 Epoch: [16/40], Step: [561/782], Loss: 0.2566978335380554
Rank:0 Epoch: [16/40], Step: [571/782], Loss: 0.3125460147857666
Rank:0 Epoch: [16/40], Step: [581/782], Loss: 0.24871407449245453
Rank:0 Epoch: [16/40], Step: [591/782], Loss: 0.18050357699394226
Rank:0 Epoch: [16/40], Step: [601/782], Loss: 0.176376074552536
Rank:0 Epoch: [16/40], Step: [611/782], Loss: 0.23853115737438202
Rank:0 Epoch: [16/40], Step: [621/782], Loss: 0.27317920327186584
Rank:0 Epoch: [16/40], Step: [631/782], Loss: 0.25181159377098083
Rank:0 Epoch: [16/40], Step: [641/782], Loss: 0.15501590073108673
Rank:0 Epoch: [16/40], Step: [651/782], Loss: 0.2026287317276001
Rank:0 Epoch: [16/40], Step: [661/782], Loss: 0.35995084047317505
Rank:0 Epoch: [16/40], Step: [671/782], Loss: 0.10779271274805069
Rank:0 Epoch: [16/40], Step: [681/782], Loss: 0.251135915517807
Rank:0 Epoch: [16/40], Step: [691/782], Loss: 0.22480584681034088
Rank:0 Epoch: [16/40], Step: [701/782], Loss: 0.09395452588796616
Rank:0 Epoch: [16/40], Step: [711/782], Loss: 0.2051439732313156
Rank:0 Epoch: [16/40], Step: [721/782], Loss: 0.3527030944824219
Rank:0 Epoch: [16/40], Step: [731/782], Loss: 0.17584989964962006
Rank:0 Epoch: [16/40], Step: [741/782], Loss: 0.2524464726448059
Rank:0 Epoch: [16/40], Step: [751/782], Loss: 0.2723787724971771
Rank:0 Epoch: [16/40], Step: [761/782], Loss: 0.2591755986213684
Rank:0 Epoch: [16/40], Step: [771/782], Loss: 0.13439762592315674
Rank:0 Epoch: [16/40], Step: [781/782], Loss: 0.226749449968338
Current Test Acc: 0.8843
Rank:0 Epoch: [17/40], Step: [1/782], Loss: 0.07735549658536911
Rank:0 Epoch: [17/40], Step: [11/782], Loss: 0.18278874456882477
Rank:0 Epoch: [17/40], Step: [21/782], Loss: 0.12944883108139038
Rank:0 Epoch: [17/40], Step: [31/782], Loss: 0.09328222274780273
Rank:0 Epoch: [17/40], Step: [41/782], Loss: 0.11036738753318787
Rank:0 Epoch: [17/40], Step: [51/782], Loss: 0.25693103671073914
Rank:0 Epoch: [17/40], Step: [61/782], Loss: 0.16089113056659698
Rank:0 Epoch: [17/40], Step: [71/782], Loss: 0.15928047895431519
Rank:0 Epoch: [17/40], Step: [81/782], Loss: 0.15727438032627106
Rank:0 Epoch: [17/40], Step: [91/782], Loss: 0.06765659898519516
Rank:0 Epoch: [17/40], Step: [101/782], Loss: 0.1869775801897049
Rank:0 Epoch: [17/40], Step: [111/782], Loss: 0.21321848034858704
Rank:0 Epoch: [17/40], Step: [121/782], Loss: 0.20810067653656006
Rank:0 Epoch: [17/40], Step: [131/782], Loss: 0.3761170208454132
Rank:0 Epoch: [17/40], Step: [141/782], Loss: 0.39265623688697815
Rank:0 Epoch: [17/40], Step: [151/782], Loss: 0.09858554601669312
Rank:0 Epoch: [17/40], Step: [161/782], Loss: 0.12404940277338028
Rank:0 Epoch: [17/40], Step: [171/782], Loss: 0.3361072540283203
Rank:0 Epoch: [17/40], Step: [181/782], Loss: 0.3294748365879059
Rank:0 Epoch: [17/40], Step: [191/782], Loss: 0.16151395440101624
Rank:0 Epoch: [17/40], Step: [201/782], Loss: 0.3745056986808777
Rank:0 Epoch: [17/40], Step: [211/782], Loss: 0.22808034718036652
Rank:0 Epoch: [17/40], Step: [221/782], Loss: 0.13391084969043732
Rank:0 Epoch: [17/40], Step: [231/782], Loss: 0.1421201378107071
Rank:0 Epoch: [17/40], Step: [241/782], Loss: 0.15643489360809326
Rank:0 Epoch: [17/40], Step: [251/782], Loss: 0.27780523896217346
Rank:0 Epoch: [17/40], Step: [261/782], Loss: 0.163036048412323
Rank:0 Epoch: [17/40], Step: [271/782], Loss: 0.20852358639240265
Rank:0 Epoch: [17/40], Step: [281/782], Loss: 0.10822395980358124
Rank:0 Epoch: [17/40], Step: [291/782], Loss: 0.32732030749320984
Rank:0 Epoch: [17/40], Step: [301/782], Loss: 0.04548265039920807
Rank:0 Epoch: [17/40], Step: [311/782], Loss: 0.0921548381447792
Rank:0 Epoch: [17/40], Step: [321/782], Loss: 0.15633109211921692
Rank:0 Epoch: [17/40], Step: [331/782], Loss: 0.2173176407814026
Rank:0 Epoch: [17/40], Step: [341/782], Loss: 0.25102293491363525
Rank:0 Epoch: [17/40], Step: [351/782], Loss: 0.18091724812984467
Rank:0 Epoch: [17/40], Step: [361/782], Loss: 0.21035100519657135
Rank:0 Epoch: [17/40], Step: [371/782], Loss: 0.16604626178741455
Rank:0 Epoch: [17/40], Step: [381/782], Loss: 0.23099182546138763
Rank:0 Epoch: [17/40], Step: [391/782], Loss: 0.1344711035490036
Rank:0 Epoch: [17/40], Step: [401/782], Loss: 0.3150201439857483
Rank:0 Epoch: [17/40], Step: [411/782], Loss: 0.25157496333122253
Rank:0 Epoch: [17/40], Step: [421/782], Loss: 0.1119731068611145
Rank:0 Epoch: [17/40], Step: [431/782], Loss: 0.22501090168952942
Rank:0 Epoch: [17/40], Step: [441/782], Loss: 0.3312349021434784
Rank:0 Epoch: [17/40], Step: [451/782], Loss: 0.11815140396356583
Rank:0 Epoch: [17/40], Step: [461/782], Loss: 0.2422972172498703
Rank:0 Epoch: [17/40], Step: [471/782], Loss: 0.34250307083129883
Rank:0 Epoch: [17/40], Step: [481/782], Loss: 0.21505385637283325
Rank:0 Epoch: [17/40], Step: [491/782], Loss: 0.28895747661590576
Rank:0 Epoch: [17/40], Step: [501/782], Loss: 0.10770489275455475
Rank:0 Epoch: [17/40], Step: [511/782], Loss: 0.19270551204681396
Rank:0 Epoch: [17/40], Step: [521/782], Loss: 0.20537172257900238
Rank:0 Epoch: [17/40], Step: [531/782], Loss: 0.32026392221450806
Rank:0 Epoch: [17/40], Step: [541/782], Loss: 0.11834554374217987
Rank:0 Epoch: [17/40], Step: [551/782], Loss: 0.3193628787994385
Rank:0 Epoch: [17/40], Step: [561/782], Loss: 0.22767625749111176
Rank:0 Epoch: [17/40], Step: [571/782], Loss: 0.15851032733917236
Rank:0 Epoch: [17/40], Step: [581/782], Loss: 0.2976233959197998
Rank:0 Epoch: [17/40], Step: [591/782], Loss: 0.1329832524061203
Rank:0 Epoch: [17/40], Step: [601/782], Loss: 0.08947914093732834
Rank:0 Epoch: [17/40], Step: [611/782], Loss: 0.19894301891326904
Rank:0 Epoch: [17/40], Step: [621/782], Loss: 0.21915015578269958
Rank:0 Epoch: [17/40], Step: [631/782], Loss: 0.09924470633268356
Rank:0 Epoch: [17/40], Step: [641/782], Loss: 0.29884010553359985
Rank:0 Epoch: [17/40], Step: [651/782], Loss: 0.18849696218967438
Rank:0 Epoch: [17/40], Step: [661/782], Loss: 0.34054094552993774
Rank:0 Epoch: [17/40], Step: [671/782], Loss: 0.1054866686463356
Rank:0 Epoch: [17/40], Step: [681/782], Loss: 0.057686738669872284
Rank:0 Epoch: [17/40], Step: [691/782], Loss: 0.1607862114906311
Rank:0 Epoch: [17/40], Step: [701/782], Loss: 0.274848997592926
Rank:0 Epoch: [17/40], Step: [711/782], Loss: 0.20806251466274261
Rank:0 Epoch: [17/40], Step: [721/782], Loss: 0.27668461203575134
Rank:0 Epoch: [17/40], Step: [731/782], Loss: 0.10450519621372223
Rank:0 Epoch: [17/40], Step: [741/782], Loss: 0.13736215233802795
Rank:0 Epoch: [17/40], Step: [751/782], Loss: 0.3310285806655884
Rank:0 Epoch: [17/40], Step: [761/782], Loss: 0.23597925901412964
Rank:0 Epoch: [17/40], Step: [771/782], Loss: 0.15683147311210632
Rank:0 Epoch: [17/40], Step: [781/782], Loss: 0.18154673278331757
Current Test Acc: 0.8695
Rank:0 Epoch: [18/40], Step: [1/782], Loss: 0.17916688323020935
Rank:0 Epoch: [18/40], Step: [11/782], Loss: 0.13152344524860382
Rank:0 Epoch: [18/40], Step: [21/782], Loss: 0.292248010635376
Rank:0 Epoch: [18/40], Step: [31/782], Loss: 0.05558623746037483
Rank:0 Epoch: [18/40], Step: [41/782], Loss: 0.15037479996681213
Rank:0 Epoch: [18/40], Step: [51/782], Loss: 0.12708213925361633
Rank:0 Epoch: [18/40], Step: [61/782], Loss: 0.1710028201341629
Rank:0 Epoch: [18/40], Step: [71/782], Loss: 0.10851200670003891
Rank:0 Epoch: [18/40], Step: [81/782], Loss: 0.08244441449642181
Rank:0 Epoch: [18/40], Step: [91/782], Loss: 0.23949696123600006
Rank:0 Epoch: [18/40], Step: [101/782], Loss: 0.06687306612730026
Rank:0 Epoch: [18/40], Step: [111/782], Loss: 0.05305353179574013
Rank:0 Epoch: [18/40], Step: [121/782], Loss: 0.1767677515745163
Rank:0 Epoch: [18/40], Step: [131/782], Loss: 0.08258860558271408
Rank:0 Epoch: [18/40], Step: [141/782], Loss: 0.08426972478628159
Rank:0 Epoch: [18/40], Step: [151/782], Loss: 0.1704595685005188
Rank:0 Epoch: [18/40], Step: [161/782], Loss: 0.07446672022342682
Rank:0 Epoch: [18/40], Step: [171/782], Loss: 0.31596365571022034
Rank:0 Epoch: [18/40], Step: [181/782], Loss: 0.12344362586736679
Rank:0 Epoch: [18/40], Step: [191/782], Loss: 0.560175895690918
Rank:0 Epoch: [18/40], Step: [201/782], Loss: 0.4082396626472473
Rank:0 Epoch: [18/40], Step: [211/782], Loss: 0.2132200449705124
Rank:0 Epoch: [18/40], Step: [221/782], Loss: 0.17452450096607208
Rank:0 Epoch: [18/40], Step: [231/782], Loss: 0.14294159412384033
Rank:0 Epoch: [18/40], Step: [241/782], Loss: 0.11695323884487152
Rank:0 Epoch: [18/40], Step: [251/782], Loss: 0.22877182066440582
Rank:0 Epoch: [18/40], Step: [261/782], Loss: 0.3482958972454071
Rank:0 Epoch: [18/40], Step: [271/782], Loss: 0.22655089199543
Rank:0 Epoch: [18/40], Step: [281/782], Loss: 0.06233878433704376
Rank:0 Epoch: [18/40], Step: [291/782], Loss: 0.1410033255815506
Rank:0 Epoch: [18/40], Step: [301/782], Loss: 0.1418926864862442
Rank:0 Epoch: [18/40], Step: [311/782], Loss: 0.09165117889642715
Rank:0 Epoch: [18/40], Step: [321/782], Loss: 0.21994632482528687
Rank:0 Epoch: [18/40], Step: [331/782], Loss: 0.2656344175338745
Rank:0 Epoch: [18/40], Step: [341/782], Loss: 0.3805862367153168
Rank:0 Epoch: [18/40], Step: [351/782], Loss: 0.22088539600372314
Rank:0 Epoch: [18/40], Step: [361/782], Loss: 0.12377458810806274
Rank:0 Epoch: [18/40], Step: [371/782], Loss: 0.15350721776485443
Rank:0 Epoch: [18/40], Step: [381/782], Loss: 0.12940506637096405
Rank:0 Epoch: [18/40], Step: [391/782], Loss: 0.20366401970386505
Rank:0 Epoch: [18/40], Step: [401/782], Loss: 0.20173171162605286
Rank:0 Epoch: [18/40], Step: [411/782], Loss: 0.10878720134496689
Rank:0 Epoch: [18/40], Step: [421/782], Loss: 0.15767045319080353
Rank:0 Epoch: [18/40], Step: [431/782], Loss: 0.23612330853939056
Rank:0 Epoch: [18/40], Step: [441/782], Loss: 0.1814938336610794
Rank:0 Epoch: [18/40], Step: [451/782], Loss: 0.07165047526359558
Rank:0 Epoch: [18/40], Step: [461/782], Loss: 0.29151904582977295
Rank:0 Epoch: [18/40], Step: [471/782], Loss: 0.404075026512146
Rank:0 Epoch: [18/40], Step: [481/782], Loss: 0.24429477751255035
Rank:0 Epoch: [18/40], Step: [491/782], Loss: 0.25385788083076477
Rank:0 Epoch: [18/40], Step: [501/782], Loss: 0.28042927384376526
Rank:0 Epoch: [18/40], Step: [511/782], Loss: 0.17743708193302155
Rank:0 Epoch: [18/40], Step: [521/782], Loss: 0.15369394421577454
Rank:0 Epoch: [18/40], Step: [531/782], Loss: 0.21156306564807892
Rank:0 Epoch: [18/40], Step: [541/782], Loss: 0.22665004432201385
Rank:0 Epoch: [18/40], Step: [551/782], Loss: 0.1949462890625
Rank:0 Epoch: [18/40], Step: [561/782], Loss: 0.32230713963508606
Rank:0 Epoch: [18/40], Step: [571/782], Loss: 0.2742597460746765
Rank:0 Epoch: [18/40], Step: [581/782], Loss: 0.19245164096355438
Rank:0 Epoch: [18/40], Step: [591/782], Loss: 0.17035669088363647
Rank:0 Epoch: [18/40], Step: [601/782], Loss: 0.1658615916967392
Rank:0 Epoch: [18/40], Step: [611/782], Loss: 0.410023957490921
Rank:0 Epoch: [18/40], Step: [621/782], Loss: 0.21277017891407013
Rank:0 Epoch: [18/40], Step: [631/782], Loss: 0.26854783296585083
Rank:0 Epoch: [18/40], Step: [641/782], Loss: 0.2525206208229065
Rank:0 Epoch: [18/40], Step: [651/782], Loss: 0.27996382117271423
Rank:0 Epoch: [18/40], Step: [661/782], Loss: 0.330047607421875
Rank:0 Epoch: [18/40], Step: [671/782], Loss: 0.1728827953338623
Rank:0 Epoch: [18/40], Step: [681/782], Loss: 0.20152714848518372
Rank:0 Epoch: [18/40], Step: [691/782], Loss: 0.26593801379203796
Rank:0 Epoch: [18/40], Step: [701/782], Loss: 0.17055906355381012
Rank:0 Epoch: [18/40], Step: [711/782], Loss: 0.15451276302337646
Rank:0 Epoch: [18/40], Step: [721/782], Loss: 0.32448527216911316
Rank:0 Epoch: [18/40], Step: [731/782], Loss: 0.19031959772109985
Rank:0 Epoch: [18/40], Step: [741/782], Loss: 0.2340659201145172
Rank:0 Epoch: [18/40], Step: [751/782], Loss: 0.12357649952173233
Rank:0 Epoch: [18/40], Step: [761/782], Loss: 0.2986489236354828
Rank:0 Epoch: [18/40], Step: [771/782], Loss: 0.15061892569065094
Rank:0 Epoch: [18/40], Step: [781/782], Loss: 0.2220471352338791
Current Test Acc: 0.8813
Rank:0 Epoch: [19/40], Step: [1/782], Loss: 0.21902059018611908
Rank:0 Epoch: [19/40], Step: [11/782], Loss: 0.10411731153726578
Rank:0 Epoch: [19/40], Step: [21/782], Loss: 0.15782609581947327
Rank:0 Epoch: [19/40], Step: [31/782], Loss: 0.17236384749412537
Rank:0 Epoch: [19/40], Step: [41/782], Loss: 0.1362331509590149
Rank:0 Epoch: [19/40], Step: [51/782], Loss: 0.19129300117492676
Rank:0 Epoch: [19/40], Step: [61/782], Loss: 0.13513070344924927
Rank:0 Epoch: [19/40], Step: [71/782], Loss: 0.1080813929438591
Rank:0 Epoch: [19/40], Step: [81/782], Loss: 0.24512313306331635
Rank:0 Epoch: [19/40], Step: [91/782], Loss: 0.2811416685581207
Rank:0 Epoch: [19/40], Step: [101/782], Loss: 0.0973019003868103
Rank:0 Epoch: [19/40], Step: [111/782], Loss: 0.20623543858528137
Rank:0 Epoch: [19/40], Step: [121/782], Loss: 0.299494206905365
Rank:0 Epoch: [19/40], Step: [131/782], Loss: 0.4607509970664978
Rank:0 Epoch: [19/40], Step: [141/782], Loss: 0.17352867126464844
Rank:0 Epoch: [19/40], Step: [151/782], Loss: 0.24527373909950256
Rank:0 Epoch: [19/40], Step: [161/782], Loss: 0.19050030410289764
Rank:0 Epoch: [19/40], Step: [171/782], Loss: 0.191118061542511
Rank:0 Epoch: [19/40], Step: [181/782], Loss: 0.14514516294002533
Rank:0 Epoch: [19/40], Step: [191/782], Loss: 0.1259787529706955
Rank:0 Epoch: [19/40], Step: [201/782], Loss: 0.1808469444513321
Rank:0 Epoch: [19/40], Step: [211/782], Loss: 0.22806403040885925
Rank:0 Epoch: [19/40], Step: [221/782], Loss: 0.2712673842906952
Rank:0 Epoch: [19/40], Step: [231/782], Loss: 0.20725345611572266
Rank:0 Epoch: [19/40], Step: [241/782], Loss: 0.21940021216869354
Rank:0 Epoch: [19/40], Step: [251/782], Loss: 0.20217785239219666
Rank:0 Epoch: [19/40], Step: [261/782], Loss: 0.2935883104801178
Rank:0 Epoch: [19/40], Step: [271/782], Loss: 0.2520913779735565
Rank:0 Epoch: [19/40], Step: [281/782], Loss: 0.08610621839761734
Rank:0 Epoch: [19/40], Step: [291/782], Loss: 0.2760799527168274
Rank:0 Epoch: [19/40], Step: [301/782], Loss: 0.35038062930107117
Rank:0 Epoch: [19/40], Step: [311/782], Loss: 0.274029016494751
Rank:0 Epoch: [19/40], Step: [321/782], Loss: 0.24733701348304749
Rank:0 Epoch: [19/40], Step: [331/782], Loss: 0.3210030496120453
Rank:0 Epoch: [19/40], Step: [341/782], Loss: 0.4197770655155182
Rank:0 Epoch: [19/40], Step: [351/782], Loss: 0.20045410096645355
Rank:0 Epoch: [19/40], Step: [361/782], Loss: 0.36179786920547485
Rank:0 Epoch: [19/40], Step: [371/782], Loss: 0.24399513006210327
Rank:0 Epoch: [19/40], Step: [381/782], Loss: 0.10360122472047806
Rank:0 Epoch: [19/40], Step: [391/782], Loss: 0.26427555084228516
Rank:0 Epoch: [19/40], Step: [401/782], Loss: 0.28467777371406555
Rank:0 Epoch: [19/40], Step: [411/782], Loss: 0.28048378229141235
Rank:0 Epoch: [19/40], Step: [421/782], Loss: 0.2269143909215927
Rank:0 Epoch: [19/40], Step: [431/782], Loss: 0.218607097864151
Rank:0 Epoch: [19/40], Step: [441/782], Loss: 0.17134113609790802
Rank:0 Epoch: [19/40], Step: [451/782], Loss: 0.19885434210300446
Rank:0 Epoch: [19/40], Step: [461/782], Loss: 0.15333542227745056
Rank:0 Epoch: [19/40], Step: [471/782], Loss: 0.2673688530921936
Rank:0 Epoch: [19/40], Step: [481/782], Loss: 0.1679832488298416
Rank:0 Epoch: [19/40], Step: [491/782], Loss: 0.27789074182510376
Rank:0 Epoch: [19/40], Step: [501/782], Loss: 0.32302457094192505
Rank:0 Epoch: [19/40], Step: [511/782], Loss: 0.3185431957244873
Rank:0 Epoch: [19/40], Step: [521/782], Loss: 0.2962482273578644
Rank:0 Epoch: [19/40], Step: [531/782], Loss: 0.13492617011070251
Rank:0 Epoch: [19/40], Step: [541/782], Loss: 0.2572757303714752
Rank:0 Epoch: [19/40], Step: [551/782], Loss: 0.1384158432483673
Rank:0 Epoch: [19/40], Step: [561/782], Loss: 0.11524242907762527
Rank:0 Epoch: [19/40], Step: [571/782], Loss: 0.2005416303873062
Rank:0 Epoch: [19/40], Step: [581/782], Loss: 0.38516485691070557
Rank:0 Epoch: [19/40], Step: [591/782], Loss: 0.23737041652202606
Rank:0 Epoch: [19/40], Step: [601/782], Loss: 0.20153449475765228
Rank:0 Epoch: [19/40], Step: [611/782], Loss: 0.18834000825881958
Rank:0 Epoch: [19/40], Step: [621/782], Loss: 0.10233046114444733
Rank:0 Epoch: [19/40], Step: [631/782], Loss: 0.13303916156291962
Rank:0 Epoch: [19/40], Step: [641/782], Loss: 0.3326546251773834
Rank:0 Epoch: [19/40], Step: [651/782], Loss: 0.44433844089508057
Rank:0 Epoch: [19/40], Step: [661/782], Loss: 0.1840328425168991
Rank:0 Epoch: [19/40], Step: [671/782], Loss: 0.17001643776893616
Rank:0 Epoch: [19/40], Step: [681/782], Loss: 0.15305428206920624
Rank:0 Epoch: [19/40], Step: [691/782], Loss: 0.32299336791038513
Rank:0 Epoch: [19/40], Step: [701/782], Loss: 0.20607219636440277
Rank:0 Epoch: [19/40], Step: [711/782], Loss: 0.2365577220916748
Rank:0 Epoch: [19/40], Step: [721/782], Loss: 0.2043481469154358
Rank:0 Epoch: [19/40], Step: [731/782], Loss: 0.3388803005218506
Rank:0 Epoch: [19/40], Step: [741/782], Loss: 0.26537126302719116
Rank:0 Epoch: [19/40], Step: [751/782], Loss: 0.2740039825439453
Rank:0 Epoch: [19/40], Step: [761/782], Loss: 0.1541999876499176
Rank:0 Epoch: [19/40], Step: [771/782], Loss: 0.11638326942920685
Rank:0 Epoch: [19/40], Step: [781/782], Loss: 0.27552616596221924
Current Test Acc: 0.8651
Rank:0 Epoch: [20/40], Step: [1/782], Loss: 0.21851131319999695
Rank:0 Epoch: [20/40], Step: [11/782], Loss: 0.06457605212926865
Rank:0 Epoch: [20/40], Step: [21/782], Loss: 0.13788184523582458
Rank:0 Epoch: [20/40], Step: [31/782], Loss: 0.20390301942825317
Rank:0 Epoch: [20/40], Step: [41/782], Loss: 0.20338085293769836
Rank:0 Epoch: [20/40], Step: [51/782], Loss: 0.14428961277008057
Rank:0 Epoch: [20/40], Step: [61/782], Loss: 0.17745572328567505
Rank:0 Epoch: [20/40], Step: [71/782], Loss: 0.2246076464653015
Rank:0 Epoch: [20/40], Step: [81/782], Loss: 0.17635881900787354
Rank:0 Epoch: [20/40], Step: [91/782], Loss: 0.15921413898468018
Rank:0 Epoch: [20/40], Step: [101/782], Loss: 0.18757201731204987
Rank:0 Epoch: [20/40], Step: [111/782], Loss: 0.17419211566448212
Rank:0 Epoch: [20/40], Step: [121/782], Loss: 0.22224310040473938
Rank:0 Epoch: [20/40], Step: [131/782], Loss: 0.1435595452785492
Rank:0 Epoch: [20/40], Step: [141/782], Loss: 0.29772621393203735
Rank:0 Epoch: [20/40], Step: [151/782], Loss: 0.3247866928577423
Rank:0 Epoch: [20/40], Step: [161/782], Loss: 0.25611254572868347
Rank:0 Epoch: [20/40], Step: [171/782], Loss: 0.19449447095394135
Rank:0 Epoch: [20/40], Step: [181/782], Loss: 0.34780916571617126
Rank:0 Epoch: [20/40], Step: [191/782], Loss: 0.2571524679660797
Rank:0 Epoch: [20/40], Step: [201/782], Loss: 0.16458868980407715
Rank:0 Epoch: [20/40], Step: [211/782], Loss: 0.1119852364063263
Rank:0 Epoch: [20/40], Step: [221/782], Loss: 0.2318088561296463
Rank:0 Epoch: [20/40], Step: [231/782], Loss: 0.38935935497283936
Rank:0 Epoch: [20/40], Step: [241/782], Loss: 0.3468622863292694
Rank:0 Epoch: [20/40], Step: [251/782], Loss: 0.46280637383461
Rank:0 Epoch: [20/40], Step: [261/782], Loss: 0.1268082857131958
Rank:0 Epoch: [20/40], Step: [271/782], Loss: 0.16072824597358704
Rank:0 Epoch: [20/40], Step: [281/782], Loss: 0.563356339931488
Rank:0 Epoch: [20/40], Step: [291/782], Loss: 0.21103012561798096
Rank:0 Epoch: [20/40], Step: [301/782], Loss: 0.20533926784992218
Rank:0 Epoch: [20/40], Step: [311/782], Loss: 0.187024787068367
Rank:0 Epoch: [20/40], Step: [321/782], Loss: 0.09305670857429504
Rank:0 Epoch: [20/40], Step: [331/782], Loss: 0.15933361649513245
Rank:0 Epoch: [20/40], Step: [341/782], Loss: 0.1155071035027504
Rank:0 Epoch: [20/40], Step: [351/782], Loss: 0.15514640510082245
Rank:0 Epoch: [20/40], Step: [361/782], Loss: 0.09927542507648468
Rank:0 Epoch: [20/40], Step: [371/782], Loss: 0.22218213975429535
Rank:0 Epoch: [20/40], Step: [381/782], Loss: 0.30424442887306213
Rank:0 Epoch: [20/40], Step: [391/782], Loss: 0.18226584792137146
Rank:0 Epoch: [20/40], Step: [401/782], Loss: 0.15060554444789886
Rank:0 Epoch: [20/40], Step: [411/782], Loss: 0.3038952052593231
Rank:0 Epoch: [20/40], Step: [421/782], Loss: 0.2850029468536377
Rank:0 Epoch: [20/40], Step: [431/782], Loss: 0.26796936988830566
Rank:0 Epoch: [20/40], Step: [441/782], Loss: 0.09915610402822495
Rank:0 Epoch: [20/40], Step: [451/782], Loss: 0.2917761504650116
Rank:0 Epoch: [20/40], Step: [461/782], Loss: 0.2675996720790863
Rank:0 Epoch: [20/40], Step: [471/782], Loss: 0.2851289212703705
Rank:0 Epoch: [20/40], Step: [481/782], Loss: 0.2660491168498993
Rank:0 Epoch: [20/40], Step: [491/782], Loss: 0.20894362032413483
Rank:0 Epoch: [20/40], Step: [501/782], Loss: 0.32921063899993896
Rank:0 Epoch: [20/40], Step: [511/782], Loss: 0.13453112542629242
Rank:0 Epoch: [20/40], Step: [521/782], Loss: 0.14663861691951752
Rank:0 Epoch: [20/40], Step: [531/782], Loss: 0.16932249069213867
Rank:0 Epoch: [20/40], Step: [541/782], Loss: 0.18147364258766174
Rank:0 Epoch: [20/40], Step: [551/782], Loss: 0.2254323959350586
Rank:0 Epoch: [20/40], Step: [561/782], Loss: 0.26668599247932434
Rank:0 Epoch: [20/40], Step: [571/782], Loss: 0.22784341871738434
Rank:0 Epoch: [20/40], Step: [581/782], Loss: 0.18482865393161774
Rank:0 Epoch: [20/40], Step: [591/782], Loss: 0.26204416155815125
Rank:0 Epoch: [20/40], Step: [601/782], Loss: 0.501731276512146
Rank:0 Epoch: [20/40], Step: [611/782], Loss: 0.3002607822418213
Rank:0 Epoch: [20/40], Step: [621/782], Loss: 0.14953961968421936
Rank:0 Epoch: [20/40], Step: [631/782], Loss: 0.34657397866249084
Rank:0 Epoch: [20/40], Step: [641/782], Loss: 0.2538256049156189
Rank:0 Epoch: [20/40], Step: [651/782], Loss: 0.09628015756607056
Rank:0 Epoch: [20/40], Step: [661/782], Loss: 0.1934441179037094
Rank:0 Epoch: [20/40], Step: [671/782], Loss: 0.19926467537879944
Rank:0 Epoch: [20/40], Step: [681/782], Loss: 0.3789464831352234
Rank:0 Epoch: [20/40], Step: [691/782], Loss: 0.3561268746852875
Rank:0 Epoch: [20/40], Step: [701/782], Loss: 0.14508624374866486
Rank:0 Epoch: [20/40], Step: [711/782], Loss: 0.24077419936656952
Rank:0 Epoch: [20/40], Step: [721/782], Loss: 0.1477704644203186
Rank:0 Epoch: [20/40], Step: [731/782], Loss: 0.09573965519666672
Rank:0 Epoch: [20/40], Step: [741/782], Loss: 0.27680325508117676
Rank:0 Epoch: [20/40], Step: [751/782], Loss: 0.3374907076358795
Rank:0 Epoch: [20/40], Step: [761/782], Loss: 0.2814939618110657
Rank:0 Epoch: [20/40], Step: [771/782], Loss: 0.2001444548368454
Rank:0 Epoch: [20/40], Step: [781/782], Loss: 0.10078541934490204
Current Test Acc: 0.8602
Rank:0 Epoch: [21/40], Step: [1/782], Loss: 0.11229625344276428
Rank:0 Epoch: [21/40], Step: [11/782], Loss: 0.2134212851524353
Rank:0 Epoch: [21/40], Step: [21/782], Loss: 0.126691535115242
Rank:0 Epoch: [21/40], Step: [31/782], Loss: 0.12871551513671875
Rank:0 Epoch: [21/40], Step: [41/782], Loss: 0.29668134450912476
Rank:0 Epoch: [21/40], Step: [51/782], Loss: 0.1890137642621994
Rank:0 Epoch: [21/40], Step: [61/782], Loss: 0.25810256600379944
Rank:0 Epoch: [21/40], Step: [71/782], Loss: 0.17620402574539185
Rank:0 Epoch: [21/40], Step: [81/782], Loss: 0.11635082215070724
Rank:0 Epoch: [21/40], Step: [91/782], Loss: 0.08911212533712387
Rank:0 Epoch: [21/40], Step: [101/782], Loss: 0.08475451171398163
Rank:0 Epoch: [21/40], Step: [111/782], Loss: 0.07212582975625992
Rank:0 Epoch: [21/40], Step: [121/782], Loss: 0.17542459070682526
Rank:0 Epoch: [21/40], Step: [131/782], Loss: 0.13658076524734497
Rank:0 Epoch: [21/40], Step: [141/782], Loss: 0.0931144431233406
Rank:0 Epoch: [21/40], Step: [151/782], Loss: 0.2249043881893158
Rank:0 Epoch: [21/40], Step: [161/782], Loss: 0.08944520354270935
Rank:0 Epoch: [21/40], Step: [171/782], Loss: 0.06995595991611481
Rank:0 Epoch: [21/40], Step: [181/782], Loss: 0.07988886535167694
Rank:0 Epoch: [21/40], Step: [191/782], Loss: 0.07377906143665314
Rank:0 Epoch: [21/40], Step: [201/782], Loss: 0.07343147695064545
Rank:0 Epoch: [21/40], Step: [211/782], Loss: 0.10779904574155807
Rank:0 Epoch: [21/40], Step: [221/782], Loss: 0.08974310755729675
Rank:0 Epoch: [21/40], Step: [231/782], Loss: 0.12511511147022247
Rank:0 Epoch: [21/40], Step: [241/782], Loss: 0.053411439061164856
Rank:0 Epoch: [21/40], Step: [251/782], Loss: 0.06769382208585739
Rank:0 Epoch: [21/40], Step: [261/782], Loss: 0.0920199304819107
Rank:0 Epoch: [21/40], Step: [271/782], Loss: 0.2104121744632721
Rank:0 Epoch: [21/40], Step: [281/782], Loss: 0.10267134010791779
Rank:0 Epoch: [21/40], Step: [291/782], Loss: 0.07665929198265076
Rank:0 Epoch: [21/40], Step: [301/782], Loss: 0.02046802081167698
Rank:0 Epoch: [21/40], Step: [311/782], Loss: 0.0668734610080719
Rank:0 Epoch: [21/40], Step: [321/782], Loss: 0.038135163486003876
Rank:0 Epoch: [21/40], Step: [331/782], Loss: 0.038419246673583984
Rank:0 Epoch: [21/40], Step: [341/782], Loss: 0.17451107501983643
Rank:0 Epoch: [21/40], Step: [351/782], Loss: 0.09297649562358856
Rank:0 Epoch: [21/40], Step: [361/782], Loss: 0.10961570590734482
Rank:0 Epoch: [21/40], Step: [371/782], Loss: 0.10012821108102798
Rank:0 Epoch: [21/40], Step: [381/782], Loss: 0.19084259867668152
Rank:0 Epoch: [21/40], Step: [391/782], Loss: 0.07218588888645172
Rank:0 Epoch: [21/40], Step: [401/782], Loss: 0.11685903370380402
Rank:0 Epoch: [21/40], Step: [411/782], Loss: 0.11223385483026505
Rank:0 Epoch: [21/40], Step: [421/782], Loss: 0.11115726828575134
Rank:0 Epoch: [21/40], Step: [431/782], Loss: 0.10203049331903458
Rank:0 Epoch: [21/40], Step: [441/782], Loss: 0.018621986731886864
Rank:0 Epoch: [21/40], Step: [451/782], Loss: 0.031186895444989204
Rank:0 Epoch: [21/40], Step: [461/782], Loss: 0.054309289902448654
Rank:0 Epoch: [21/40], Step: [471/782], Loss: 0.10223482549190521
Rank:0 Epoch: [21/40], Step: [481/782], Loss: 0.06465023010969162
Rank:0 Epoch: [21/40], Step: [491/782], Loss: 0.033114053308963776
Rank:0 Epoch: [21/40], Step: [501/782], Loss: 0.020391685888171196
Rank:0 Epoch: [21/40], Step: [511/782], Loss: 0.21586567163467407
Rank:0 Epoch: [21/40], Step: [521/782], Loss: 0.04122883081436157
Rank:0 Epoch: [21/40], Step: [531/782], Loss: 0.09726198762655258
Rank:0 Epoch: [21/40], Step: [541/782], Loss: 0.15321457386016846
Rank:0 Epoch: [21/40], Step: [551/782], Loss: 0.13932693004608154
Rank:0 Epoch: [21/40], Step: [561/782], Loss: 0.08421055972576141
Rank:0 Epoch: [21/40], Step: [571/782], Loss: 0.04890817403793335
Rank:0 Epoch: [21/40], Step: [581/782], Loss: 0.15226782858371735
Rank:0 Epoch: [21/40], Step: [591/782], Loss: 0.036940544843673706
Rank:0 Epoch: [21/40], Step: [601/782], Loss: 0.08336842060089111
Rank:0 Epoch: [21/40], Step: [611/782], Loss: 0.10165005922317505
Rank:0 Epoch: [21/40], Step: [621/782], Loss: 0.03556619957089424
Rank:0 Epoch: [21/40], Step: [631/782], Loss: 0.03186718374490738
Rank:0 Epoch: [21/40], Step: [641/782], Loss: 0.007921714335680008
Rank:0 Epoch: [21/40], Step: [651/782], Loss: 0.11071355640888214
Rank:0 Epoch: [21/40], Step: [661/782], Loss: 0.1307602822780609
Rank:0 Epoch: [21/40], Step: [671/782], Loss: 0.1078329011797905
Rank:0 Epoch: [21/40], Step: [681/782], Loss: 0.028330214321613312
Rank:0 Epoch: [21/40], Step: [691/782], Loss: 0.08997996151447296
Rank:0 Epoch: [21/40], Step: [701/782], Loss: 0.18799400329589844
Rank:0 Epoch: [21/40], Step: [711/782], Loss: 0.08773120492696762
Rank:0 Epoch: [21/40], Step: [721/782], Loss: 0.07430039346218109
Rank:0 Epoch: [21/40], Step: [731/782], Loss: 0.08350338041782379
Rank:0 Epoch: [21/40], Step: [741/782], Loss: 0.0487237274646759
Rank:0 Epoch: [21/40], Step: [751/782], Loss: 0.17038124799728394
Rank:0 Epoch: [21/40], Step: [761/782], Loss: 0.08891461044549942
Rank:0 Epoch: [21/40], Step: [771/782], Loss: 0.06774945557117462
Rank:0 Epoch: [21/40], Step: [781/782], Loss: 0.10402513295412064
Current Test Acc: 0.927
Rank:0 Epoch: [22/40], Step: [1/782], Loss: 0.04879089444875717
Rank:0 Epoch: [22/40], Step: [11/782], Loss: 0.05364345759153366
Rank:0 Epoch: [22/40], Step: [21/782], Loss: 0.05957132205367088
Rank:0 Epoch: [22/40], Step: [31/782], Loss: 0.06452187895774841
Rank:0 Epoch: [22/40], Step: [41/782], Loss: 0.04772159457206726
Rank:0 Epoch: [22/40], Step: [51/782], Loss: 0.15270070731639862
Rank:0 Epoch: [22/40], Step: [61/782], Loss: 0.022027799859642982
Rank:0 Epoch: [22/40], Step: [71/782], Loss: 0.1378065049648285
Rank:0 Epoch: [22/40], Step: [81/782], Loss: 0.13101091980934143
Rank:0 Epoch: [22/40], Step: [91/782], Loss: 0.032142601907253265
Rank:0 Epoch: [22/40], Step: [101/782], Loss: 0.045229606330394745
Rank:0 Epoch: [22/40], Step: [111/782], Loss: 0.06258426606655121
Rank:0 Epoch: [22/40], Step: [121/782], Loss: 0.0785083994269371
Rank:0 Epoch: [22/40], Step: [131/782], Loss: 0.05203140154480934
Rank:0 Epoch: [22/40], Step: [141/782], Loss: 0.09383401274681091
Rank:0 Epoch: [22/40], Step: [151/782], Loss: 0.04552612081170082
Rank:0 Epoch: [22/40], Step: [161/782], Loss: 0.009971320629119873
Rank:0 Epoch: [22/40], Step: [171/782], Loss: 0.019084036350250244
Rank:0 Epoch: [22/40], Step: [181/782], Loss: 0.05857490375638008
Rank:0 Epoch: [22/40], Step: [191/782], Loss: 0.1482916623353958
Rank:0 Epoch: [22/40], Step: [201/782], Loss: 0.05633645877242088
Rank:0 Epoch: [22/40], Step: [211/782], Loss: 0.050768621265888214
Rank:0 Epoch: [22/40], Step: [221/782], Loss: 0.0549921914935112
Rank:0 Epoch: [22/40], Step: [231/782], Loss: 0.04319057613611221
Rank:0 Epoch: [22/40], Step: [241/782], Loss: 0.06757160276174545
Rank:0 Epoch: [22/40], Step: [251/782], Loss: 0.023248545825481415
Rank:0 Epoch: [22/40], Step: [261/782], Loss: 0.04682156443595886
Rank:0 Epoch: [22/40], Step: [271/782], Loss: 0.16094236075878143
Rank:0 Epoch: [22/40], Step: [281/782], Loss: 0.06735549122095108
Rank:0 Epoch: [22/40], Step: [291/782], Loss: 0.06246276944875717
Rank:0 Epoch: [22/40], Step: [301/782], Loss: 0.12406445294618607
Rank:0 Epoch: [22/40], Step: [311/782], Loss: 0.019085094332695007
Rank:0 Epoch: [22/40], Step: [321/782], Loss: 0.08427461236715317
Rank:0 Epoch: [22/40], Step: [331/782], Loss: 0.10199764370918274
Rank:0 Epoch: [22/40], Step: [341/782], Loss: 0.020412322133779526
Rank:0 Epoch: [22/40], Step: [351/782], Loss: 0.11353200674057007
Rank:0 Epoch: [22/40], Step: [361/782], Loss: 0.08181062340736389
Rank:0 Epoch: [22/40], Step: [371/782], Loss: 0.012178739532828331
Rank:0 Epoch: [22/40], Step: [381/782], Loss: 0.029652437195181847
Rank:0 Epoch: [22/40], Step: [391/782], Loss: 0.039255816489458084
Rank:0 Epoch: [22/40], Step: [401/782], Loss: 0.012432309798896313
Rank:0 Epoch: [22/40], Step: [411/782], Loss: 0.18420101702213287
Rank:0 Epoch: [22/40], Step: [421/782], Loss: 0.10758886486291885
Rank:0 Epoch: [22/40], Step: [431/782], Loss: 0.10796086490154266
Rank:0 Epoch: [22/40], Step: [441/782], Loss: 0.13171067833900452
Rank:0 Epoch: [22/40], Step: [451/782], Loss: 0.022995024919509888
Rank:0 Epoch: [22/40], Step: [461/782], Loss: 0.04173619672656059
Rank:0 Epoch: [22/40], Step: [471/782], Loss: 0.08243286609649658
Rank:0 Epoch: [22/40], Step: [481/782], Loss: 0.03474804386496544
Rank:0 Epoch: [22/40], Step: [491/782], Loss: 0.1315237581729889
Rank:0 Epoch: [22/40], Step: [501/782], Loss: 0.039145588874816895
Rank:0 Epoch: [22/40], Step: [511/782], Loss: 0.05060935765504837
Rank:0 Epoch: [22/40], Step: [521/782], Loss: 0.14595012366771698
Rank:0 Epoch: [22/40], Step: [531/782], Loss: 0.129628524184227
Rank:0 Epoch: [22/40], Step: [541/782], Loss: 0.04014553502202034
Rank:0 Epoch: [22/40], Step: [551/782], Loss: 0.05890686810016632
Rank:0 Epoch: [22/40], Step: [561/782], Loss: 0.11353791505098343
Rank:0 Epoch: [22/40], Step: [571/782], Loss: 0.07831915467977524
Rank:0 Epoch: [22/40], Step: [581/782], Loss: 0.051828112453222275
Rank:0 Epoch: [22/40], Step: [591/782], Loss: 0.1049797311425209
Rank:0 Epoch: [22/40], Step: [601/782], Loss: 0.11926570534706116
Rank:0 Epoch: [22/40], Step: [611/782], Loss: 0.04956667870283127
Rank:0 Epoch: [22/40], Step: [621/782], Loss: 0.0498531237244606
Rank:0 Epoch: [22/40], Step: [631/782], Loss: 0.06934427469968796
Rank:0 Epoch: [22/40], Step: [641/782], Loss: 0.01728782057762146
Rank:0 Epoch: [22/40], Step: [651/782], Loss: 0.013484981842339039
Rank:0 Epoch: [22/40], Step: [661/782], Loss: 0.055364903062582016
Rank:0 Epoch: [22/40], Step: [671/782], Loss: 0.119472935795784
Rank:0 Epoch: [22/40], Step: [681/782], Loss: 0.022245237603783607
Rank:0 Epoch: [22/40], Step: [691/782], Loss: 0.09408018738031387
Rank:0 Epoch: [22/40], Step: [701/782], Loss: 0.02335609495639801
Rank:0 Epoch: [22/40], Step: [711/782], Loss: 0.039078906178474426
Rank:0 Epoch: [22/40], Step: [721/782], Loss: 0.056290943175554276
Rank:0 Epoch: [22/40], Step: [731/782], Loss: 0.14318238198757172
Rank:0 Epoch: [22/40], Step: [741/782], Loss: 0.014541811309754848
Rank:0 Epoch: [22/40], Step: [751/782], Loss: 0.026731830090284348
Rank:0 Epoch: [22/40], Step: [761/782], Loss: 0.08146613836288452
Rank:0 Epoch: [22/40], Step: [771/782], Loss: 0.12121681869029999
Rank:0 Epoch: [22/40], Step: [781/782], Loss: 0.010453006252646446
Current Test Acc: 0.9294
Rank:0 Epoch: [23/40], Step: [1/782], Loss: 0.05741838738322258
Rank:0 Epoch: [23/40], Step: [11/782], Loss: 0.13094185292720795
Rank:0 Epoch: [23/40], Step: [21/782], Loss: 0.12330196052789688
Rank:0 Epoch: [23/40], Step: [31/782], Loss: 0.03377339616417885
Rank:0 Epoch: [23/40], Step: [41/782], Loss: 0.07594441622495651
Rank:0 Epoch: [23/40], Step: [51/782], Loss: 0.028177687898278236
Rank:0 Epoch: [23/40], Step: [61/782], Loss: 0.07201238721609116
Rank:0 Epoch: [23/40], Step: [71/782], Loss: 0.053561609238386154
Rank:0 Epoch: [23/40], Step: [81/782], Loss: 0.06859774887561798
Rank:0 Epoch: [23/40], Step: [91/782], Loss: 0.07626213133335114
Rank:0 Epoch: [23/40], Step: [101/782], Loss: 0.05811972916126251
Rank:0 Epoch: [23/40], Step: [111/782], Loss: 0.013471787795424461
Rank:0 Epoch: [23/40], Step: [121/782], Loss: 0.05953988432884216
Rank:0 Epoch: [23/40], Step: [131/782], Loss: 0.1137741208076477
Rank:0 Epoch: [23/40], Step: [141/782], Loss: 0.011930576525628567
Rank:0 Epoch: [23/40], Step: [151/782], Loss: 0.027801817283034325
Rank:0 Epoch: [23/40], Step: [161/782], Loss: 0.059403516352176666
Rank:0 Epoch: [23/40], Step: [171/782], Loss: 0.08661681413650513
Rank:0 Epoch: [23/40], Step: [181/782], Loss: 0.14683520793914795
Rank:0 Epoch: [23/40], Step: [191/782], Loss: 0.007592138834297657
Rank:0 Epoch: [23/40], Step: [201/782], Loss: 0.15683364868164062
Rank:0 Epoch: [23/40], Step: [211/782], Loss: 0.027105476707220078
Rank:0 Epoch: [23/40], Step: [221/782], Loss: 0.05021556094288826
Rank:0 Epoch: [23/40], Step: [231/782], Loss: 0.06695699691772461
Rank:0 Epoch: [23/40], Step: [241/782], Loss: 0.028184466063976288
Rank:0 Epoch: [23/40], Step: [251/782], Loss: 0.05472675338387489
Rank:0 Epoch: [23/40], Step: [261/782], Loss: 0.0283511932939291
Rank:0 Epoch: [23/40], Step: [271/782], Loss: 0.02500646933913231
Rank:0 Epoch: [23/40], Step: [281/782], Loss: 0.018944278359413147
Rank:0 Epoch: [23/40], Step: [291/782], Loss: 0.009282372891902924
Rank:0 Epoch: [23/40], Step: [301/782], Loss: 0.007892603985965252
Rank:0 Epoch: [23/40], Step: [311/782], Loss: 0.03715096414089203
Rank:0 Epoch: [23/40], Step: [321/782], Loss: 0.030046189203858376
Rank:0 Epoch: [23/40], Step: [331/782], Loss: 0.0082405935972929
Rank:0 Epoch: [23/40], Step: [341/782], Loss: 0.06575687974691391
Rank:0 Epoch: [23/40], Step: [351/782], Loss: 0.05598025396466255
Rank:0 Epoch: [23/40], Step: [361/782], Loss: 0.0186639241874218
Rank:0 Epoch: [23/40], Step: [371/782], Loss: 0.05696642026305199
Rank:0 Epoch: [23/40], Step: [381/782], Loss: 0.012793701142072678
Rank:0 Epoch: [23/40], Step: [391/782], Loss: 0.056923773139715195
Rank:0 Epoch: [23/40], Step: [401/782], Loss: 0.0336049348115921
Rank:0 Epoch: [23/40], Step: [411/782], Loss: 0.021185141056776047
Rank:0 Epoch: [23/40], Step: [421/782], Loss: 0.03319849818944931
Rank:0 Epoch: [23/40], Step: [431/782], Loss: 0.02347816526889801
Rank:0 Epoch: [23/40], Step: [441/782], Loss: 0.15467481315135956
Rank:0 Epoch: [23/40], Step: [451/782], Loss: 0.08472800999879837
Rank:0 Epoch: [23/40], Step: [461/782], Loss: 0.006563085597008467
Rank:0 Epoch: [23/40], Step: [471/782], Loss: 0.08860280364751816
Rank:0 Epoch: [23/40], Step: [481/782], Loss: 0.023867541924118996
Rank:0 Epoch: [23/40], Step: [491/782], Loss: 0.016274983063340187
Rank:0 Epoch: [23/40], Step: [501/782], Loss: 0.06081373989582062
Rank:0 Epoch: [23/40], Step: [511/782], Loss: 0.036626532673835754
Rank:0 Epoch: [23/40], Step: [521/782], Loss: 0.03308826684951782
Rank:0 Epoch: [23/40], Step: [531/782], Loss: 0.05352412536740303
Rank:0 Epoch: [23/40], Step: [541/782], Loss: 0.013036107644438744
Rank:0 Epoch: [23/40], Step: [551/782], Loss: 0.02939598821103573
Rank:0 Epoch: [23/40], Step: [561/782], Loss: 0.007127153687179089
Rank:0 Epoch: [23/40], Step: [571/782], Loss: 0.02130821906030178
Rank:0 Epoch: [23/40], Step: [581/782], Loss: 0.02229396626353264
Rank:0 Epoch: [23/40], Step: [591/782], Loss: 0.023971019312739372
Rank:0 Epoch: [23/40], Step: [601/782], Loss: 0.0426405631005764
Rank:0 Epoch: [23/40], Step: [611/782], Loss: 0.020717157050967216
Rank:0 Epoch: [23/40], Step: [621/782], Loss: 0.007331697270274162
Rank:0 Epoch: [23/40], Step: [631/782], Loss: 0.045062560588121414
Rank:0 Epoch: [23/40], Step: [641/782], Loss: 0.053352393209934235
Rank:0 Epoch: [23/40], Step: [651/782], Loss: 0.015051533468067646
Rank:0 Epoch: [23/40], Step: [661/782], Loss: 0.022681638598442078
Rank:0 Epoch: [23/40], Step: [671/782], Loss: 0.025764184072613716
Rank:0 Epoch: [23/40], Step: [681/782], Loss: 0.026375461369752884
Rank:0 Epoch: [23/40], Step: [691/782], Loss: 0.08862220495939255
Rank:0 Epoch: [23/40], Step: [701/782], Loss: 0.046989135444164276
Rank:0 Epoch: [23/40], Step: [711/782], Loss: 0.05429042875766754
Rank:0 Epoch: [23/40], Step: [721/782], Loss: 0.06272170692682266
Rank:0 Epoch: [23/40], Step: [731/782], Loss: 0.008583836257457733
Rank:0 Epoch: [23/40], Step: [741/782], Loss: 0.08009463548660278
Rank:0 Epoch: [23/40], Step: [751/782], Loss: 0.12057220935821533
Rank:0 Epoch: [23/40], Step: [761/782], Loss: 0.03552352637052536
Rank:0 Epoch: [23/40], Step: [771/782], Loss: 0.05826392397284508
Rank:0 Epoch: [23/40], Step: [781/782], Loss: 0.0461236797273159
Current Test Acc: 0.9322
Rank:0 Epoch: [24/40], Step: [1/782], Loss: 0.02977616898715496
Rank:0 Epoch: [24/40], Step: [11/782], Loss: 0.06017881631851196
Rank:0 Epoch: [24/40], Step: [21/782], Loss: 0.03425426781177521
Rank:0 Epoch: [24/40], Step: [31/782], Loss: 0.01416871603578329
Rank:0 Epoch: [24/40], Step: [41/782], Loss: 0.03146504983305931
Rank:0 Epoch: [24/40], Step: [51/782], Loss: 0.04786399006843567
Rank:0 Epoch: [24/40], Step: [61/782], Loss: 0.011696653440594673
Rank:0 Epoch: [24/40], Step: [71/782], Loss: 0.04928614944219589
Rank:0 Epoch: [24/40], Step: [81/782], Loss: 0.042277537286281586
Rank:0 Epoch: [24/40], Step: [91/782], Loss: 0.011624603532254696
Rank:0 Epoch: [24/40], Step: [101/782], Loss: 0.056647952646017075
Rank:0 Epoch: [24/40], Step: [111/782], Loss: 0.02954532578587532
Rank:0 Epoch: [24/40], Step: [121/782], Loss: 0.035425253212451935
Rank:0 Epoch: [24/40], Step: [131/782], Loss: 0.0723380297422409
Rank:0 Epoch: [24/40], Step: [141/782], Loss: 0.005665997974574566
Rank:0 Epoch: [24/40], Step: [151/782], Loss: 0.09458863735198975
Rank:0 Epoch: [24/40], Step: [161/782], Loss: 0.09016495943069458
Rank:0 Epoch: [24/40], Step: [171/782], Loss: 0.06269428133964539
Rank:0 Epoch: [24/40], Step: [181/782], Loss: 0.1318088173866272
Rank:0 Epoch: [24/40], Step: [191/782], Loss: 0.04489511251449585
Rank:0 Epoch: [24/40], Step: [201/782], Loss: 0.033960599452257156
Rank:0 Epoch: [24/40], Step: [211/782], Loss: 0.21391868591308594
Rank:0 Epoch: [24/40], Step: [221/782], Loss: 0.021593784913420677
Rank:0 Epoch: [24/40], Step: [231/782], Loss: 0.0366576611995697
Rank:0 Epoch: [24/40], Step: [241/782], Loss: 0.014000079594552517
Rank:0 Epoch: [24/40], Step: [251/782], Loss: 0.03896953910589218
Rank:0 Epoch: [24/40], Step: [261/782], Loss: 0.004544767085462809
Rank:0 Epoch: [24/40], Step: [271/782], Loss: 0.006046860944479704
Rank:0 Epoch: [24/40], Step: [281/782], Loss: 0.0791301503777504
Rank:0 Epoch: [24/40], Step: [291/782], Loss: 0.03591826930642128
Rank:0 Epoch: [24/40], Step: [301/782], Loss: 0.021153446286916733
Rank:0 Epoch: [24/40], Step: [311/782], Loss: 0.04273872449994087
Rank:0 Epoch: [24/40], Step: [321/782], Loss: 0.03303441405296326
Rank:0 Epoch: [24/40], Step: [331/782], Loss: 0.05758088827133179
Rank:0 Epoch: [24/40], Step: [341/782], Loss: 0.024501264095306396
Rank:0 Epoch: [24/40], Step: [351/782], Loss: 0.02209857851266861
Rank:0 Epoch: [24/40], Step: [361/782], Loss: 0.04134172573685646
Rank:0 Epoch: [24/40], Step: [371/782], Loss: 0.011220010928809643
Rank:0 Epoch: [24/40], Step: [381/782], Loss: 0.013989320956170559
Rank:0 Epoch: [24/40], Step: [391/782], Loss: 0.02430025301873684
Rank:0 Epoch: [24/40], Step: [401/782], Loss: 0.005009854678064585
Rank:0 Epoch: [24/40], Step: [411/782], Loss: 0.02521151304244995
Rank:0 Epoch: [24/40], Step: [421/782], Loss: 0.053657930344343185
Rank:0 Epoch: [24/40], Step: [431/782], Loss: 0.12079069018363953
Rank:0 Epoch: [24/40], Step: [441/782], Loss: 0.02288140170276165
Rank:0 Epoch: [24/40], Step: [451/782], Loss: 0.06154339388012886
Rank:0 Epoch: [24/40], Step: [461/782], Loss: 0.06495601683855057
Rank:0 Epoch: [24/40], Step: [471/782], Loss: 0.01829037256538868
Rank:0 Epoch: [24/40], Step: [481/782], Loss: 0.15638545155525208
Rank:0 Epoch: [24/40], Step: [491/782], Loss: 0.038900572806596756
Rank:0 Epoch: [24/40], Step: [501/782], Loss: 0.03853275254368782
Rank:0 Epoch: [24/40], Step: [511/782], Loss: 0.18271271884441376
Rank:0 Epoch: [24/40], Step: [521/782], Loss: 0.05284564569592476
Rank:0 Epoch: [24/40], Step: [531/782], Loss: 0.005751719232648611
Rank:0 Epoch: [24/40], Step: [541/782], Loss: 0.024328773841261864
Rank:0 Epoch: [24/40], Step: [551/782], Loss: 0.0048043010756373405
Rank:0 Epoch: [24/40], Step: [561/782], Loss: 0.02670437842607498
Rank:0 Epoch: [24/40], Step: [571/782], Loss: 0.08301043510437012
Rank:0 Epoch: [24/40], Step: [581/782], Loss: 0.005534442141652107
Rank:0 Epoch: [24/40], Step: [591/782], Loss: 0.006215235684067011
Rank:0 Epoch: [24/40], Step: [601/782], Loss: 0.022655392065644264
Rank:0 Epoch: [24/40], Step: [611/782], Loss: 0.04400548338890076
Rank:0 Epoch: [24/40], Step: [621/782], Loss: 0.0028885973151773214
Rank:0 Epoch: [24/40], Step: [631/782], Loss: 0.020429618656635284
Rank:0 Epoch: [24/40], Step: [641/782], Loss: 0.009130536578595638
Rank:0 Epoch: [24/40], Step: [651/782], Loss: 0.04208635911345482
Rank:0 Epoch: [24/40], Step: [661/782], Loss: 0.021311042830348015
Rank:0 Epoch: [24/40], Step: [671/782], Loss: 0.014762099832296371
Rank:0 Epoch: [24/40], Step: [681/782], Loss: 0.00942385382950306
Rank:0 Epoch: [24/40], Step: [691/782], Loss: 0.03318207338452339
Rank:0 Epoch: [24/40], Step: [701/782], Loss: 0.012695417739450932
Rank:0 Epoch: [24/40], Step: [711/782], Loss: 0.1075725257396698
Rank:0 Epoch: [24/40], Step: [721/782], Loss: 0.013280061073601246
Rank:0 Epoch: [24/40], Step: [731/782], Loss: 0.023277241736650467
Rank:0 Epoch: [24/40], Step: [741/782], Loss: 0.022608628496527672
Rank:0 Epoch: [24/40], Step: [751/782], Loss: 0.03081219457089901
Rank:0 Epoch: [24/40], Step: [761/782], Loss: 0.0383959524333477
Rank:0 Epoch: [24/40], Step: [771/782], Loss: 0.028682567179203033
Rank:0 Epoch: [24/40], Step: [781/782], Loss: 0.03068455494940281
Current Test Acc: 0.9302
Rank:0 Epoch: [25/40], Step: [1/782], Loss: 0.037206925451755524
Rank:0 Epoch: [25/40], Step: [11/782], Loss: 0.005554611794650555
Rank:0 Epoch: [25/40], Step: [21/782], Loss: 0.16318555176258087
Rank:0 Epoch: [25/40], Step: [31/782], Loss: 0.008988544344902039
Rank:0 Epoch: [25/40], Step: [41/782], Loss: 0.009965428151190281
Rank:0 Epoch: [25/40], Step: [51/782], Loss: 0.0444440096616745
Rank:0 Epoch: [25/40], Step: [61/782], Loss: 0.030829619616270065
Rank:0 Epoch: [25/40], Step: [71/782], Loss: 0.06487669050693512
Rank:0 Epoch: [25/40], Step: [81/782], Loss: 0.02050250582396984
Rank:0 Epoch: [25/40], Step: [91/782], Loss: 0.0371050089597702
Rank:0 Epoch: [25/40], Step: [101/782], Loss: 0.01588803343474865
Rank:0 Epoch: [25/40], Step: [111/782], Loss: 0.03944869711995125
Rank:0 Epoch: [25/40], Step: [121/782], Loss: 0.04085373505949974
Rank:0 Epoch: [25/40], Step: [131/782], Loss: 0.006890522316098213
Rank:0 Epoch: [25/40], Step: [141/782], Loss: 0.026571359485387802
Rank:0 Epoch: [25/40], Step: [151/782], Loss: 0.013417750597000122
Rank:0 Epoch: [25/40], Step: [161/782], Loss: 0.04743326082825661
Rank:0 Epoch: [25/40], Step: [171/782], Loss: 0.009023034013807774
Rank:0 Epoch: [25/40], Step: [181/782], Loss: 0.005162952467799187
Rank:0 Epoch: [25/40], Step: [191/782], Loss: 0.01155416201800108
Rank:0 Epoch: [25/40], Step: [201/782], Loss: 0.03281411901116371
Rank:0 Epoch: [25/40], Step: [211/782], Loss: 0.06473888456821442
Rank:0 Epoch: [25/40], Step: [221/782], Loss: 0.03307713568210602
Rank:0 Epoch: [25/40], Step: [231/782], Loss: 0.008092748932540417
Rank:0 Epoch: [25/40], Step: [241/782], Loss: 0.029221780598163605
Rank:0 Epoch: [25/40], Step: [251/782], Loss: 0.0031279351096600294
Rank:0 Epoch: [25/40], Step: [261/782], Loss: 0.011746144853532314
Rank:0 Epoch: [25/40], Step: [271/782], Loss: 0.05762235075235367
Rank:0 Epoch: [25/40], Step: [281/782], Loss: 0.02507754974067211
Rank:0 Epoch: [25/40], Step: [291/782], Loss: 0.006078979931771755
Rank:0 Epoch: [25/40], Step: [301/782], Loss: 0.1025073230266571
Rank:0 Epoch: [25/40], Step: [311/782], Loss: 0.11862743645906448
Rank:0 Epoch: [25/40], Step: [321/782], Loss: 0.03039255365729332
Rank:0 Epoch: [25/40], Step: [331/782], Loss: 0.03072275221347809
Rank:0 Epoch: [25/40], Step: [341/782], Loss: 0.0088577875867486
Rank:0 Epoch: [25/40], Step: [351/782], Loss: 0.022037098184227943
Rank:0 Epoch: [25/40], Step: [361/782], Loss: 0.01918826438486576
Rank:0 Epoch: [25/40], Step: [371/782], Loss: 0.023415107280015945
Rank:0 Epoch: [25/40], Step: [381/782], Loss: 0.012918994762003422
Rank:0 Epoch: [25/40], Step: [391/782], Loss: 0.009268967434763908
Rank:0 Epoch: [25/40], Step: [401/782], Loss: 0.009991627186536789
Rank:0 Epoch: [25/40], Step: [411/782], Loss: 0.0280673336237669
Rank:0 Epoch: [25/40], Step: [421/782], Loss: 0.023205289617180824
Rank:0 Epoch: [25/40], Step: [431/782], Loss: 0.04964425787329674
Rank:0 Epoch: [25/40], Step: [441/782], Loss: 0.011238682083785534
Rank:0 Epoch: [25/40], Step: [451/782], Loss: 0.018938738852739334
Rank:0 Epoch: [25/40], Step: [461/782], Loss: 0.007128668483346701
Rank:0 Epoch: [25/40], Step: [471/782], Loss: 0.03557505086064339
Rank:0 Epoch: [25/40], Step: [481/782], Loss: 0.036478493362665176
Rank:0 Epoch: [25/40], Step: [491/782], Loss: 0.025912288576364517
Rank:0 Epoch: [25/40], Step: [501/782], Loss: 0.09691035002470016
Rank:0 Epoch: [25/40], Step: [511/782], Loss: 0.00752983195707202
Rank:0 Epoch: [25/40], Step: [521/782], Loss: 0.038669511675834656
Rank:0 Epoch: [25/40], Step: [531/782], Loss: 0.05350307747721672
Rank:0 Epoch: [25/40], Step: [541/782], Loss: 0.08216186612844467
Rank:0 Epoch: [25/40], Step: [551/782], Loss: 0.017517004162073135
Rank:0 Epoch: [25/40], Step: [561/782], Loss: 0.014165018685162067
Rank:0 Epoch: [25/40], Step: [571/782], Loss: 0.08558441698551178
Rank:0 Epoch: [25/40], Step: [581/782], Loss: 0.037691861391067505
Rank:0 Epoch: [25/40], Step: [591/782], Loss: 0.02797357738018036
Rank:0 Epoch: [25/40], Step: [601/782], Loss: 0.004431877750903368
Rank:0 Epoch: [25/40], Step: [611/782], Loss: 0.048585422337055206
Rank:0 Epoch: [25/40], Step: [621/782], Loss: 0.018826089799404144
Rank:0 Epoch: [25/40], Step: [631/782], Loss: 0.011530129238963127
Rank:0 Epoch: [25/40], Step: [641/782], Loss: 0.010133514180779457
Rank:0 Epoch: [25/40], Step: [651/782], Loss: 0.024437611922621727
Rank:0 Epoch: [25/40], Step: [661/782], Loss: 0.025990359485149384
Rank:0 Epoch: [25/40], Step: [671/782], Loss: 0.02107999287545681
Rank:0 Epoch: [25/40], Step: [681/782], Loss: 0.125727578997612
Rank:0 Epoch: [25/40], Step: [691/782], Loss: 0.05391686409711838
Rank:0 Epoch: [25/40], Step: [701/782], Loss: 0.01759571023285389
Rank:0 Epoch: [25/40], Step: [711/782], Loss: 0.04762457311153412
Rank:0 Epoch: [25/40], Step: [721/782], Loss: 0.03441879153251648
Rank:0 Epoch: [25/40], Step: [731/782], Loss: 0.03392714634537697
Rank:0 Epoch: [25/40], Step: [741/782], Loss: 0.022406386211514473
Rank:0 Epoch: [25/40], Step: [751/782], Loss: 0.023895373567938805
Rank:0 Epoch: [25/40], Step: [761/782], Loss: 0.07609914988279343
Rank:0 Epoch: [25/40], Step: [771/782], Loss: 0.04433165118098259
Rank:0 Epoch: [25/40], Step: [781/782], Loss: 0.031586021184921265
Current Test Acc: 0.9324
Rank:0 Epoch: [26/40], Step: [1/782], Loss: 0.03937530517578125
Rank:0 Epoch: [26/40], Step: [11/782], Loss: 0.1467812955379486
Rank:0 Epoch: [26/40], Step: [21/782], Loss: 0.019538555294275284
Rank:0 Epoch: [26/40], Step: [31/782], Loss: 0.02102178893983364
Rank:0 Epoch: [26/40], Step: [41/782], Loss: 0.047121718525886536
Rank:0 Epoch: [26/40], Step: [51/782], Loss: 0.017259305343031883
Rank:0 Epoch: [26/40], Step: [61/782], Loss: 0.019009198993444443
Rank:0 Epoch: [26/40], Step: [71/782], Loss: 0.0249151811003685
Rank:0 Epoch: [26/40], Step: [81/782], Loss: 0.026278307661414146
Rank:0 Epoch: [26/40], Step: [91/782], Loss: 0.02235349267721176
Rank:0 Epoch: [26/40], Step: [101/782], Loss: 0.0020017968490719795
Rank:0 Epoch: [26/40], Step: [111/782], Loss: 0.06664078682661057
Rank:0 Epoch: [26/40], Step: [121/782], Loss: 0.11672726273536682
Rank:0 Epoch: [26/40], Step: [131/782], Loss: 0.014300155453383923
Rank:0 Epoch: [26/40], Step: [141/782], Loss: 0.03638260066509247
Rank:0 Epoch: [26/40], Step: [151/782], Loss: 0.02788676880300045
Rank:0 Epoch: [26/40], Step: [161/782], Loss: 0.014433618634939194
Rank:0 Epoch: [26/40], Step: [171/782], Loss: 0.01931161805987358
Rank:0 Epoch: [26/40], Step: [181/782], Loss: 0.032697826623916626
Rank:0 Epoch: [26/40], Step: [191/782], Loss: 0.0037518865428864956
Rank:0 Epoch: [26/40], Step: [201/782], Loss: 0.05336519330739975
Rank:0 Epoch: [26/40], Step: [211/782], Loss: 0.03593948110938072
Rank:0 Epoch: [26/40], Step: [221/782], Loss: 0.03390073776245117
Rank:0 Epoch: [26/40], Step: [231/782], Loss: 0.008484938181936741
Rank:0 Epoch: [26/40], Step: [241/782], Loss: 0.033996373414993286
Rank:0 Epoch: [26/40], Step: [251/782], Loss: 0.049781277775764465
Rank:0 Epoch: [26/40], Step: [261/782], Loss: 0.03348999097943306
Rank:0 Epoch: [26/40], Step: [271/782], Loss: 0.10309682786464691
Rank:0 Epoch: [26/40], Step: [281/782], Loss: 0.029230069369077682
Rank:0 Epoch: [26/40], Step: [291/782], Loss: 0.045912034809589386
Rank:0 Epoch: [26/40], Step: [301/782], Loss: 0.012049282900989056
Rank:0 Epoch: [26/40], Step: [311/782], Loss: 0.0037951702252030373
Rank:0 Epoch: [26/40], Step: [321/782], Loss: 0.03640194237232208
Rank:0 Epoch: [26/40], Step: [331/782], Loss: 0.02466488815844059
Rank:0 Epoch: [26/40], Step: [341/782], Loss: 0.027943091467022896
Rank:0 Epoch: [26/40], Step: [351/782], Loss: 0.09886212646961212
Rank:0 Epoch: [26/40], Step: [361/782], Loss: 0.09989531338214874
Rank:0 Epoch: [26/40], Step: [371/782], Loss: 0.07760655134916306
Rank:0 Epoch: [26/40], Step: [381/782], Loss: 0.002423530211672187
Rank:0 Epoch: [26/40], Step: [391/782], Loss: 0.003441173816099763
Rank:0 Epoch: [26/40], Step: [401/782], Loss: 0.0359419509768486
Rank:0 Epoch: [26/40], Step: [411/782], Loss: 0.01412330474704504
Rank:0 Epoch: [26/40], Step: [421/782], Loss: 0.006253350060433149
Rank:0 Epoch: [26/40], Step: [431/782], Loss: 0.08244165033102036
Rank:0 Epoch: [26/40], Step: [441/782], Loss: 0.023513706400990486
Rank:0 Epoch: [26/40], Step: [451/782], Loss: 0.0034855413250625134
Rank:0 Epoch: [26/40], Step: [461/782], Loss: 0.0039734384045004845
Rank:0 Epoch: [26/40], Step: [471/782], Loss: 0.024817418307065964
Rank:0 Epoch: [26/40], Step: [481/782], Loss: 0.008291884325444698
Rank:0 Epoch: [26/40], Step: [491/782], Loss: 0.001974827377125621
Rank:0 Epoch: [26/40], Step: [501/782], Loss: 0.016572048887610435
Rank:0 Epoch: [26/40], Step: [511/782], Loss: 0.029356414452195168
Rank:0 Epoch: [26/40], Step: [521/782], Loss: 0.05026935040950775
Rank:0 Epoch: [26/40], Step: [531/782], Loss: 0.05714796483516693
Rank:0 Epoch: [26/40], Step: [541/782], Loss: 0.02454179897904396
Rank:0 Epoch: [26/40], Step: [551/782], Loss: 0.009023473598062992
Rank:0 Epoch: [26/40], Step: [561/782], Loss: 0.06698450446128845
Rank:0 Epoch: [26/40], Step: [571/782], Loss: 0.05947726592421532
Rank:0 Epoch: [26/40], Step: [581/782], Loss: 0.013496458530426025
Rank:0 Epoch: [26/40], Step: [591/782], Loss: 0.0037287361919879913
Rank:0 Epoch: [26/40], Step: [601/782], Loss: 0.01592697761952877
Rank:0 Epoch: [26/40], Step: [611/782], Loss: 0.03257500380277634
Rank:0 Epoch: [26/40], Step: [621/782], Loss: 0.010286173783242702
Rank:0 Epoch: [26/40], Step: [631/782], Loss: 0.01565900444984436
Rank:0 Epoch: [26/40], Step: [641/782], Loss: 0.0398295558989048
Rank:0 Epoch: [26/40], Step: [651/782], Loss: 0.018099935725331306
Rank:0 Epoch: [26/40], Step: [661/782], Loss: 0.00829650741070509
Rank:0 Epoch: [26/40], Step: [671/782], Loss: 0.062479931861162186
Rank:0 Epoch: [26/40], Step: [681/782], Loss: 0.01764829456806183
Rank:0 Epoch: [26/40], Step: [691/782], Loss: 0.009279081597924232
Rank:0 Epoch: [26/40], Step: [701/782], Loss: 0.010630758479237556
Rank:0 Epoch: [26/40], Step: [711/782], Loss: 0.0998520776629448
Rank:0 Epoch: [26/40], Step: [721/782], Loss: 0.007128736935555935
Rank:0 Epoch: [26/40], Step: [731/782], Loss: 0.027523696422576904
Rank:0 Epoch: [26/40], Step: [741/782], Loss: 0.008066747337579727
Rank:0 Epoch: [26/40], Step: [751/782], Loss: 0.03269336000084877
Rank:0 Epoch: [26/40], Step: [761/782], Loss: 0.008409432135522366
Rank:0 Epoch: [26/40], Step: [771/782], Loss: 0.003981143701821566
Rank:0 Epoch: [26/40], Step: [781/782], Loss: 0.07166619598865509
Current Test Acc: 0.9325
Rank:0 Epoch: [27/40], Step: [1/782], Loss: 0.007661362178623676
Rank:0 Epoch: [27/40], Step: [11/782], Loss: 0.011000280268490314
Rank:0 Epoch: [27/40], Step: [21/782], Loss: 0.002889062510803342
Rank:0 Epoch: [27/40], Step: [31/782], Loss: 0.014527633786201477
Rank:0 Epoch: [27/40], Step: [41/782], Loss: 0.0030903418082743883
Rank:0 Epoch: [27/40], Step: [51/782], Loss: 0.005766721908003092
Rank:0 Epoch: [27/40], Step: [61/782], Loss: 0.005925288889557123
Rank:0 Epoch: [27/40], Step: [71/782], Loss: 0.009242969565093517
Rank:0 Epoch: [27/40], Step: [81/782], Loss: 0.03616475313901901
Rank:0 Epoch: [27/40], Step: [91/782], Loss: 0.013880868442356586
Rank:0 Epoch: [27/40], Step: [101/782], Loss: 0.012788117863237858
Rank:0 Epoch: [27/40], Step: [111/782], Loss: 0.0604868046939373
Rank:0 Epoch: [27/40], Step: [121/782], Loss: 0.011038019321858883
Rank:0 Epoch: [27/40], Step: [131/782], Loss: 0.005442210007458925
Rank:0 Epoch: [27/40], Step: [141/782], Loss: 0.00622147973626852
Rank:0 Epoch: [27/40], Step: [151/782], Loss: 0.008006328716874123
Rank:0 Epoch: [27/40], Step: [161/782], Loss: 0.009805124253034592
Rank:0 Epoch: [27/40], Step: [171/782], Loss: 0.012068594805896282
Rank:0 Epoch: [27/40], Step: [181/782], Loss: 0.005997178144752979
Rank:0 Epoch: [27/40], Step: [191/782], Loss: 0.006796716712415218
Rank:0 Epoch: [27/40], Step: [201/782], Loss: 0.061203744262456894
Rank:0 Epoch: [27/40], Step: [211/782], Loss: 0.019474031403660774
Rank:0 Epoch: [27/40], Step: [221/782], Loss: 0.01722331903874874
Rank:0 Epoch: [27/40], Step: [231/782], Loss: 0.10781913250684738
Rank:0 Epoch: [27/40], Step: [241/782], Loss: 0.053118620067834854
Rank:0 Epoch: [27/40], Step: [251/782], Loss: 0.01621263287961483
Rank:0 Epoch: [27/40], Step: [261/782], Loss: 0.029371952638030052
Rank:0 Epoch: [27/40], Step: [271/782], Loss: 0.03339824452996254
Rank:0 Epoch: [27/40], Step: [281/782], Loss: 0.0063581764698028564
Rank:0 Epoch: [27/40], Step: [291/782], Loss: 0.09057935327291489
Rank:0 Epoch: [27/40], Step: [301/782], Loss: 0.23318208754062653
Rank:0 Epoch: [27/40], Step: [311/782], Loss: 0.048344824463129044
Rank:0 Epoch: [27/40], Step: [321/782], Loss: 0.021238768473267555
Rank:0 Epoch: [27/40], Step: [331/782], Loss: 0.07969693839550018
Rank:0 Epoch: [27/40], Step: [341/782], Loss: 0.05637724697589874
Rank:0 Epoch: [27/40], Step: [351/782], Loss: 0.07029929757118225
Rank:0 Epoch: [27/40], Step: [361/782], Loss: 0.01896047405898571
Rank:0 Epoch: [27/40], Step: [371/782], Loss: 0.04225680232048035
Rank:0 Epoch: [27/40], Step: [381/782], Loss: 0.0020650988444685936
Rank:0 Epoch: [27/40], Step: [391/782], Loss: 0.09864680469036102
Rank:0 Epoch: [27/40], Step: [401/782], Loss: 0.020098159089684486
Rank:0 Epoch: [27/40], Step: [411/782], Loss: 0.016694748774170876
Rank:0 Epoch: [27/40], Step: [421/782], Loss: 0.019331062212586403
Rank:0 Epoch: [27/40], Step: [431/782], Loss: 0.0013214178616181016
Rank:0 Epoch: [27/40], Step: [441/782], Loss: 0.005894780158996582
Rank:0 Epoch: [27/40], Step: [451/782], Loss: 0.027316953986883163
Rank:0 Epoch: [27/40], Step: [461/782], Loss: 0.05351966246962547
Rank:0 Epoch: [27/40], Step: [471/782], Loss: 0.006844544783234596
Rank:0 Epoch: [27/40], Step: [481/782], Loss: 0.03651972487568855
Rank:0 Epoch: [27/40], Step: [491/782], Loss: 0.03914454206824303
Rank:0 Epoch: [27/40], Step: [501/782], Loss: 0.003258556593209505
Rank:0 Epoch: [27/40], Step: [511/782], Loss: 0.003792141331359744
Rank:0 Epoch: [27/40], Step: [521/782], Loss: 0.04541553556919098
Rank:0 Epoch: [27/40], Step: [531/782], Loss: 0.0031274016946554184
Rank:0 Epoch: [27/40], Step: [541/782], Loss: 0.006156948860734701
Rank:0 Epoch: [27/40], Step: [551/782], Loss: 0.01642714999616146
Rank:0 Epoch: [27/40], Step: [561/782], Loss: 0.027569996193051338
Rank:0 Epoch: [27/40], Step: [571/782], Loss: 0.01924070715904236
Rank:0 Epoch: [27/40], Step: [581/782], Loss: 0.004513669293373823
Rank:0 Epoch: [27/40], Step: [591/782], Loss: 0.019083121791481972
Rank:0 Epoch: [27/40], Step: [601/782], Loss: 0.0039353687316179276
Rank:0 Epoch: [27/40], Step: [611/782], Loss: 0.015398720279335976
Rank:0 Epoch: [27/40], Step: [621/782], Loss: 0.018986469134688377
Rank:0 Epoch: [27/40], Step: [631/782], Loss: 0.042867328971624374
Rank:0 Epoch: [27/40], Step: [641/782], Loss: 0.029796645045280457
Rank:0 Epoch: [27/40], Step: [651/782], Loss: 0.06918879598379135
Rank:0 Epoch: [27/40], Step: [661/782], Loss: 0.05079607665538788
Rank:0 Epoch: [27/40], Step: [671/782], Loss: 0.01480366475880146
Rank:0 Epoch: [27/40], Step: [681/782], Loss: 0.019481394439935684
Rank:0 Epoch: [27/40], Step: [691/782], Loss: 0.018648885190486908
Rank:0 Epoch: [27/40], Step: [701/782], Loss: 0.09389893710613251
Rank:0 Epoch: [27/40], Step: [711/782], Loss: 0.04928439110517502
Rank:0 Epoch: [27/40], Step: [721/782], Loss: 0.01573573239147663
Rank:0 Epoch: [27/40], Step: [731/782], Loss: 0.014191376976668835
Rank:0 Epoch: [27/40], Step: [741/782], Loss: 0.054828941822052
Rank:0 Epoch: [27/40], Step: [751/782], Loss: 0.03142698481678963
Rank:0 Epoch: [27/40], Step: [761/782], Loss: 0.02506159618496895
Rank:0 Epoch: [27/40], Step: [771/782], Loss: 0.0396529845893383
Rank:0 Epoch: [27/40], Step: [781/782], Loss: 0.07715879380702972
Current Test Acc: 0.9335
Rank:0 Epoch: [28/40], Step: [1/782], Loss: 0.003139641834422946
Rank:0 Epoch: [28/40], Step: [11/782], Loss: 0.048617925494909286
Rank:0 Epoch: [28/40], Step: [21/782], Loss: 0.028013329952955246
Rank:0 Epoch: [28/40], Step: [31/782], Loss: 0.013333206064999104
Rank:0 Epoch: [28/40], Step: [41/782], Loss: 0.04721037298440933
Rank:0 Epoch: [28/40], Step: [51/782], Loss: 0.08962886035442352
Rank:0 Epoch: [28/40], Step: [61/782], Loss: 0.07504234462976456
Rank:0 Epoch: [28/40], Step: [71/782], Loss: 0.024393660947680473
Rank:0 Epoch: [28/40], Step: [81/782], Loss: 0.01609358936548233
Rank:0 Epoch: [28/40], Step: [91/782], Loss: 0.016434334218502045
Rank:0 Epoch: [28/40], Step: [101/782], Loss: 0.008919985964894295
Rank:0 Epoch: [28/40], Step: [111/782], Loss: 0.009081552736461163
Rank:0 Epoch: [28/40], Step: [121/782], Loss: 0.07188154011964798
Rank:0 Epoch: [28/40], Step: [131/782], Loss: 0.015558299608528614
Rank:0 Epoch: [28/40], Step: [141/782], Loss: 0.00512523902580142
Rank:0 Epoch: [28/40], Step: [151/782], Loss: 0.03488394245505333
Rank:0 Epoch: [28/40], Step: [161/782], Loss: 0.07162418216466904
Rank:0 Epoch: [28/40], Step: [171/782], Loss: 0.04894976690411568
Rank:0 Epoch: [28/40], Step: [181/782], Loss: 0.002869979478418827
Rank:0 Epoch: [28/40], Step: [191/782], Loss: 0.005567523650825024
Rank:0 Epoch: [28/40], Step: [201/782], Loss: 0.01154968049377203
Rank:0 Epoch: [28/40], Step: [211/782], Loss: 0.03387913480401039
Rank:0 Epoch: [28/40], Step: [221/782], Loss: 0.0027218619361519814
Rank:0 Epoch: [28/40], Step: [231/782], Loss: 0.03351449593901634
Rank:0 Epoch: [28/40], Step: [241/782], Loss: 0.07861845940351486
Rank:0 Epoch: [28/40], Step: [251/782], Loss: 0.03166257590055466
Rank:0 Epoch: [28/40], Step: [261/782], Loss: 0.007079076487571001
Rank:0 Epoch: [28/40], Step: [271/782], Loss: 0.03023250587284565
Rank:0 Epoch: [28/40], Step: [281/782], Loss: 0.01923098973929882
Rank:0 Epoch: [28/40], Step: [291/782], Loss: 0.01811954937875271
Rank:0 Epoch: [28/40], Step: [301/782], Loss: 0.0022454317659139633
Rank:0 Epoch: [28/40], Step: [311/782], Loss: 0.004968411289155483
Rank:0 Epoch: [28/40], Step: [321/782], Loss: 0.0365656241774559
Rank:0 Epoch: [28/40], Step: [331/782], Loss: 0.040276434272527695
Rank:0 Epoch: [28/40], Step: [341/782], Loss: 0.004789232742041349
Rank:0 Epoch: [28/40], Step: [351/782], Loss: 0.013625104911625385
Rank:0 Epoch: [28/40], Step: [361/782], Loss: 0.009375305846333504
Rank:0 Epoch: [28/40], Step: [371/782], Loss: 0.01379211526364088
Rank:0 Epoch: [28/40], Step: [381/782], Loss: 0.0033970812801271677
Rank:0 Epoch: [28/40], Step: [391/782], Loss: 0.003976553678512573
Rank:0 Epoch: [28/40], Step: [401/782], Loss: 0.003830281551927328
Rank:0 Epoch: [28/40], Step: [411/782], Loss: 0.013563261367380619
Rank:0 Epoch: [28/40], Step: [421/782], Loss: 0.04557529091835022
Rank:0 Epoch: [28/40], Step: [431/782], Loss: 0.016550660133361816
Rank:0 Epoch: [28/40], Step: [441/782], Loss: 0.009189128875732422
Rank:0 Epoch: [28/40], Step: [451/782], Loss: 0.004303994122892618
Rank:0 Epoch: [28/40], Step: [461/782], Loss: 0.10170318186283112
Rank:0 Epoch: [28/40], Step: [471/782], Loss: 0.014300234615802765
Rank:0 Epoch: [28/40], Step: [481/782], Loss: 0.0461249053478241
Rank:0 Epoch: [28/40], Step: [491/782], Loss: 0.011228946968913078
Rank:0 Epoch: [28/40], Step: [501/782], Loss: 0.016102461144328117
Rank:0 Epoch: [28/40], Step: [511/782], Loss: 0.06511885672807693
Rank:0 Epoch: [28/40], Step: [521/782], Loss: 0.10198801010847092
Rank:0 Epoch: [28/40], Step: [531/782], Loss: 0.004919625818729401
Rank:0 Epoch: [28/40], Step: [541/782], Loss: 0.007265834603458643
Rank:0 Epoch: [28/40], Step: [551/782], Loss: 0.011341054923832417
Rank:0 Epoch: [28/40], Step: [561/782], Loss: 0.004427033942192793
Rank:0 Epoch: [28/40], Step: [571/782], Loss: 0.0038220747373998165
Rank:0 Epoch: [28/40], Step: [581/782], Loss: 0.091018445789814
Rank:0 Epoch: [28/40], Step: [591/782], Loss: 0.05564248189330101
Rank:0 Epoch: [28/40], Step: [601/782], Loss: 0.002459786832332611
Rank:0 Epoch: [28/40], Step: [611/782], Loss: 0.05780027061700821
Rank:0 Epoch: [28/40], Step: [621/782], Loss: 0.03269312158226967
Rank:0 Epoch: [28/40], Step: [631/782], Loss: 0.009223852306604385
Rank:0 Epoch: [28/40], Step: [641/782], Loss: 0.023381642997264862
Rank:0 Epoch: [28/40], Step: [651/782], Loss: 0.017919935286045074
Rank:0 Epoch: [28/40], Step: [661/782], Loss: 0.006065720226615667
Rank:0 Epoch: [28/40], Step: [671/782], Loss: 0.004355309531092644
Rank:0 Epoch: [28/40], Step: [681/782], Loss: 0.08022431284189224
Rank:0 Epoch: [28/40], Step: [691/782], Loss: 0.013280574232339859
Rank:0 Epoch: [28/40], Step: [701/782], Loss: 0.00885893777012825
Rank:0 Epoch: [28/40], Step: [711/782], Loss: 0.008945678360760212
Rank:0 Epoch: [28/40], Step: [721/782], Loss: 0.06207128241658211
Rank:0 Epoch: [28/40], Step: [731/782], Loss: 0.010222343727946281
Rank:0 Epoch: [28/40], Step: [741/782], Loss: 0.021178675815463066
Rank:0 Epoch: [28/40], Step: [751/782], Loss: 0.007241885643452406
Rank:0 Epoch: [28/40], Step: [761/782], Loss: 0.0026167007163167
Rank:0 Epoch: [28/40], Step: [771/782], Loss: 0.016137173399329185
Rank:0 Epoch: [28/40], Step: [781/782], Loss: 0.022007782012224197
Current Test Acc: 0.9318
Rank:0 Epoch: [29/40], Step: [1/782], Loss: 0.016002533957362175
Rank:0 Epoch: [29/40], Step: [11/782], Loss: 0.003949444275349379
Rank:0 Epoch: [29/40], Step: [21/782], Loss: 0.03080379217863083
Rank:0 Epoch: [29/40], Step: [31/782], Loss: 0.021257726475596428
Rank:0 Epoch: [29/40], Step: [41/782], Loss: 0.023135922849178314
Rank:0 Epoch: [29/40], Step: [51/782], Loss: 0.002796952612698078
Rank:0 Epoch: [29/40], Step: [61/782], Loss: 0.021300122141838074
Rank:0 Epoch: [29/40], Step: [71/782], Loss: 0.025934381410479546
Rank:0 Epoch: [29/40], Step: [81/782], Loss: 0.006680505815893412
Rank:0 Epoch: [29/40], Step: [91/782], Loss: 0.007049477659165859
Rank:0 Epoch: [29/40], Step: [101/782], Loss: 0.01195470429956913
Rank:0 Epoch: [29/40], Step: [111/782], Loss: 0.018821215257048607
Rank:0 Epoch: [29/40], Step: [121/782], Loss: 0.014319447800517082
Rank:0 Epoch: [29/40], Step: [131/782], Loss: 0.1156749278306961
Rank:0 Epoch: [29/40], Step: [141/782], Loss: 0.008559364825487137
Rank:0 Epoch: [29/40], Step: [151/782], Loss: 0.05508431792259216
Rank:0 Epoch: [29/40], Step: [161/782], Loss: 0.029196573421359062
Rank:0 Epoch: [29/40], Step: [171/782], Loss: 0.0031811590306460857
Rank:0 Epoch: [29/40], Step: [181/782], Loss: 0.09628749638795853
Rank:0 Epoch: [29/40], Step: [191/782], Loss: 0.018952900543808937
Rank:0 Epoch: [29/40], Step: [201/782], Loss: 0.05014531686902046
Rank:0 Epoch: [29/40], Step: [211/782], Loss: 0.037672244012355804
Rank:0 Epoch: [29/40], Step: [221/782], Loss: 0.0088636614382267
Rank:0 Epoch: [29/40], Step: [231/782], Loss: 0.027492236346006393
Rank:0 Epoch: [29/40], Step: [241/782], Loss: 0.012928588315844536
Rank:0 Epoch: [29/40], Step: [251/782], Loss: 0.015924368053674698
Rank:0 Epoch: [29/40], Step: [261/782], Loss: 0.031786736100912094
Rank:0 Epoch: [29/40], Step: [271/782], Loss: 0.009758352302014828
Rank:0 Epoch: [29/40], Step: [281/782], Loss: 0.004251075442880392
Rank:0 Epoch: [29/40], Step: [291/782], Loss: 0.010895976796746254
Rank:0 Epoch: [29/40], Step: [301/782], Loss: 0.006325727794319391
Rank:0 Epoch: [29/40], Step: [311/782], Loss: 0.027951505035161972
Rank:0 Epoch: [29/40], Step: [321/782], Loss: 0.01418126281350851
Rank:0 Epoch: [29/40], Step: [331/782], Loss: 0.0034227159339934587
Rank:0 Epoch: [29/40], Step: [341/782], Loss: 0.0053855255246162415
Rank:0 Epoch: [29/40], Step: [351/782], Loss: 0.00267685460858047
Rank:0 Epoch: [29/40], Step: [361/782], Loss: 0.022923452779650688
Rank:0 Epoch: [29/40], Step: [371/782], Loss: 0.0007428431417793036
Rank:0 Epoch: [29/40], Step: [381/782], Loss: 0.0013180801179260015
Rank:0 Epoch: [29/40], Step: [391/782], Loss: 0.01388369221240282
Rank:0 Epoch: [29/40], Step: [401/782], Loss: 0.009993505664169788
Rank:0 Epoch: [29/40], Step: [411/782], Loss: 0.05540081113576889
Rank:0 Epoch: [29/40], Step: [421/782], Loss: 0.03438848257064819
Rank:0 Epoch: [29/40], Step: [431/782], Loss: 0.005919885355979204
Rank:0 Epoch: [29/40], Step: [441/782], Loss: 0.10354003310203552
Rank:0 Epoch: [29/40], Step: [451/782], Loss: 0.011103972792625427
Rank:0 Epoch: [29/40], Step: [461/782], Loss: 0.0015917991986498237
Rank:0 Epoch: [29/40], Step: [471/782], Loss: 0.009012211114168167
Rank:0 Epoch: [29/40], Step: [481/782], Loss: 0.014232899062335491
Rank:0 Epoch: [29/40], Step: [491/782], Loss: 0.012052028439939022
Rank:0 Epoch: [29/40], Step: [501/782], Loss: 0.00860949233174324
Rank:0 Epoch: [29/40], Step: [511/782], Loss: 0.013224773108959198
Rank:0 Epoch: [29/40], Step: [521/782], Loss: 0.015917832031846046
Rank:0 Epoch: [29/40], Step: [531/782], Loss: 0.004580065608024597
Rank:0 Epoch: [29/40], Step: [541/782], Loss: 0.021719103679060936
Rank:0 Epoch: [29/40], Step: [551/782], Loss: 0.012208035215735435
Rank:0 Epoch: [29/40], Step: [561/782], Loss: 0.024418210610747337
Rank:0 Epoch: [29/40], Step: [571/782], Loss: 0.004079126287251711
Rank:0 Epoch: [29/40], Step: [581/782], Loss: 0.027874046936631203
Rank:0 Epoch: [29/40], Step: [591/782], Loss: 0.021524367853999138
Rank:0 Epoch: [29/40], Step: [601/782], Loss: 0.008063570596277714
Rank:0 Epoch: [29/40], Step: [611/782], Loss: 0.003972881473600864
Rank:0 Epoch: [29/40], Step: [621/782], Loss: 0.005326957907527685
Rank:0 Epoch: [29/40], Step: [631/782], Loss: 0.005201652180403471
Rank:0 Epoch: [29/40], Step: [641/782], Loss: 0.06528785079717636
Rank:0 Epoch: [29/40], Step: [651/782], Loss: 0.016796942800283432
Rank:0 Epoch: [29/40], Step: [661/782], Loss: 0.0091474000364542
Rank:0 Epoch: [29/40], Step: [671/782], Loss: 0.058059316128492355
Rank:0 Epoch: [29/40], Step: [681/782], Loss: 0.010068501345813274
Rank:0 Epoch: [29/40], Step: [691/782], Loss: 0.0036159162409603596
Rank:0 Epoch: [29/40], Step: [701/782], Loss: 0.011166291311383247
Rank:0 Epoch: [29/40], Step: [711/782], Loss: 0.007291096728295088
Rank:0 Epoch: [29/40], Step: [721/782], Loss: 0.026679422706365585
Rank:0 Epoch: [29/40], Step: [731/782], Loss: 0.002084413543343544
Rank:0 Epoch: [29/40], Step: [741/782], Loss: 0.06732872128486633
Rank:0 Epoch: [29/40], Step: [751/782], Loss: 0.02430638298392296
Rank:0 Epoch: [29/40], Step: [761/782], Loss: 0.0069734519347548485
Rank:0 Epoch: [29/40], Step: [771/782], Loss: 0.03788914158940315
Rank:0 Epoch: [29/40], Step: [781/782], Loss: 0.015899905934929848
Current Test Acc: 0.934
Rank:0 Epoch: [30/40], Step: [1/782], Loss: 0.004634691867977381
Rank:0 Epoch: [30/40], Step: [11/782], Loss: 0.0044799246825277805
Rank:0 Epoch: [30/40], Step: [21/782], Loss: 0.012551897205412388
Rank:0 Epoch: [30/40], Step: [31/782], Loss: 0.013469732366502285
Rank:0 Epoch: [30/40], Step: [41/782], Loss: 0.005811359267681837
Rank:0 Epoch: [30/40], Step: [51/782], Loss: 0.002630183706060052
Rank:0 Epoch: [30/40], Step: [61/782], Loss: 0.007794354576617479
Rank:0 Epoch: [30/40], Step: [71/782], Loss: 0.01975197158753872
Rank:0 Epoch: [30/40], Step: [81/782], Loss: 0.011578901670873165
Rank:0 Epoch: [30/40], Step: [91/782], Loss: 0.020930467173457146
Rank:0 Epoch: [30/40], Step: [101/782], Loss: 0.001660999609157443
Rank:0 Epoch: [30/40], Step: [111/782], Loss: 0.00889552291482687
Rank:0 Epoch: [30/40], Step: [121/782], Loss: 0.0007527238922193646
Rank:0 Epoch: [30/40], Step: [131/782], Loss: 0.0074833473190665245
Rank:0 Epoch: [30/40], Step: [141/782], Loss: 0.010303666815161705
Rank:0 Epoch: [30/40], Step: [151/782], Loss: 0.03683909773826599
Rank:0 Epoch: [30/40], Step: [161/782], Loss: 0.0036036919336766005
Rank:0 Epoch: [30/40], Step: [171/782], Loss: 0.001335514709353447
Rank:0 Epoch: [30/40], Step: [181/782], Loss: 0.0010528251295909286
Rank:0 Epoch: [30/40], Step: [191/782], Loss: 0.01818147487938404
Rank:0 Epoch: [30/40], Step: [201/782], Loss: 0.005675540305674076
Rank:0 Epoch: [30/40], Step: [211/782], Loss: 0.004910170566290617
Rank:0 Epoch: [30/40], Step: [221/782], Loss: 0.0025540476199239492
Rank:0 Epoch: [30/40], Step: [231/782], Loss: 0.04201327636837959
Rank:0 Epoch: [30/40], Step: [241/782], Loss: 0.00426785834133625
Rank:0 Epoch: [30/40], Step: [251/782], Loss: 0.0026778283063322306
Rank:0 Epoch: [30/40], Step: [261/782], Loss: 0.005721736699342728
Rank:0 Epoch: [30/40], Step: [271/782], Loss: 0.00482521578669548
Rank:0 Epoch: [30/40], Step: [281/782], Loss: 0.16156241297721863
Rank:0 Epoch: [30/40], Step: [291/782], Loss: 0.004540748428553343
Rank:0 Epoch: [30/40], Step: [301/782], Loss: 0.004688140004873276
Rank:0 Epoch: [30/40], Step: [311/782], Loss: 0.023208823055028915
Rank:0 Epoch: [30/40], Step: [321/782], Loss: 0.0023701870813965797
Rank:0 Epoch: [30/40], Step: [331/782], Loss: 0.10623876005411148
Rank:0 Epoch: [30/40], Step: [341/782], Loss: 0.004578451160341501
Rank:0 Epoch: [30/40], Step: [351/782], Loss: 0.109047532081604
Rank:0 Epoch: [30/40], Step: [361/782], Loss: 0.005099558737128973
Rank:0 Epoch: [30/40], Step: [371/782], Loss: 0.015175161883234978
Rank:0 Epoch: [30/40], Step: [381/782], Loss: 0.005662269424647093
Rank:0 Epoch: [30/40], Step: [391/782], Loss: 0.04544910043478012
Rank:0 Epoch: [30/40], Step: [401/782], Loss: 0.004861411172896624
Rank:0 Epoch: [30/40], Step: [411/782], Loss: 0.02807600423693657
Rank:0 Epoch: [30/40], Step: [421/782], Loss: 0.00929079856723547
Rank:0 Epoch: [30/40], Step: [431/782], Loss: 0.019908668473362923
Rank:0 Epoch: [30/40], Step: [441/782], Loss: 0.04411338269710541
Rank:0 Epoch: [30/40], Step: [451/782], Loss: 0.02881557308137417
Rank:0 Epoch: [30/40], Step: [461/782], Loss: 0.022854087874293327
Rank:0 Epoch: [30/40], Step: [471/782], Loss: 0.0023645167239010334
Rank:0 Epoch: [30/40], Step: [481/782], Loss: 0.0028190496377646923
Rank:0 Epoch: [30/40], Step: [491/782], Loss: 0.02026790753006935
Rank:0 Epoch: [30/40], Step: [501/782], Loss: 0.04719456285238266
Rank:0 Epoch: [30/40], Step: [511/782], Loss: 0.0074358596466481686
Rank:0 Epoch: [30/40], Step: [521/782], Loss: 0.019459595903754234
Rank:0 Epoch: [30/40], Step: [531/782], Loss: 0.04004131630063057
Rank:0 Epoch: [30/40], Step: [541/782], Loss: 0.0024728586431592703
Rank:0 Epoch: [30/40], Step: [551/782], Loss: 0.008795703761279583
Rank:0 Epoch: [30/40], Step: [561/782], Loss: 0.0674019604921341
Rank:0 Epoch: [30/40], Step: [571/782], Loss: 0.02609335258603096
Rank:0 Epoch: [30/40], Step: [581/782], Loss: 0.016977913677692413
Rank:0 Epoch: [30/40], Step: [591/782], Loss: 0.005244783591479063
Rank:0 Epoch: [30/40], Step: [601/782], Loss: 0.007390141952782869
Rank:0 Epoch: [30/40], Step: [611/782], Loss: 0.043090421706438065
Rank:0 Epoch: [30/40], Step: [621/782], Loss: 0.01768207550048828
Rank:0 Epoch: [30/40], Step: [631/782], Loss: 0.0022140846122056246
Rank:0 Epoch: [30/40], Step: [641/782], Loss: 0.04463566467165947
Rank:0 Epoch: [30/40], Step: [651/782], Loss: 0.02076241374015808
Rank:0 Epoch: [30/40], Step: [661/782], Loss: 0.13100384175777435
Rank:0 Epoch: [30/40], Step: [671/782], Loss: 0.037316109985113144
Rank:0 Epoch: [30/40], Step: [681/782], Loss: 0.04811587557196617
Rank:0 Epoch: [30/40], Step: [691/782], Loss: 0.018217384815216064
Rank:0 Epoch: [30/40], Step: [701/782], Loss: 0.06081336364150047
Rank:0 Epoch: [30/40], Step: [711/782], Loss: 0.02212449535727501
Rank:0 Epoch: [30/40], Step: [721/782], Loss: 0.004252230282872915
Rank:0 Epoch: [30/40], Step: [731/782], Loss: 0.013307677581906319
Rank:0 Epoch: [30/40], Step: [741/782], Loss: 0.004645032808184624
Rank:0 Epoch: [30/40], Step: [751/782], Loss: 0.0038203815929591656
Rank:0 Epoch: [30/40], Step: [761/782], Loss: 0.008290806785225868
Rank:0 Epoch: [30/40], Step: [771/782], Loss: 0.0016327546909451485
Rank:0 Epoch: [30/40], Step: [781/782], Loss: 0.05755782872438431
Current Test Acc: 0.9342
Rank:0 Epoch: [31/40], Step: [1/782], Loss: 0.04154482111334801
Rank:0 Epoch: [31/40], Step: [11/782], Loss: 0.0031653752084821463
Rank:0 Epoch: [31/40], Step: [21/782], Loss: 0.0010868575191125274
Rank:0 Epoch: [31/40], Step: [31/782], Loss: 0.008360045962035656
Rank:0 Epoch: [31/40], Step: [41/782], Loss: 0.014539599418640137
Rank:0 Epoch: [31/40], Step: [51/782], Loss: 0.004678519442677498
Rank:0 Epoch: [31/40], Step: [61/782], Loss: 0.006805439479649067
Rank:0 Epoch: [31/40], Step: [71/782], Loss: 0.011836595833301544
Rank:0 Epoch: [31/40], Step: [81/782], Loss: 0.012298136949539185
Rank:0 Epoch: [31/40], Step: [91/782], Loss: 0.019237278029322624
Rank:0 Epoch: [31/40], Step: [101/782], Loss: 0.05631560459733009
Rank:0 Epoch: [31/40], Step: [111/782], Loss: 0.06812755763530731
Rank:0 Epoch: [31/40], Step: [121/782], Loss: 0.07891012728214264
Rank:0 Epoch: [31/40], Step: [131/782], Loss: 0.006908357609063387
Rank:0 Epoch: [31/40], Step: [141/782], Loss: 0.0245636235922575
Rank:0 Epoch: [31/40], Step: [151/782], Loss: 0.022995756939053535
Rank:0 Epoch: [31/40], Step: [161/782], Loss: 0.0016148670110851526
Rank:0 Epoch: [31/40], Step: [171/782], Loss: 0.010942838154733181
Rank:0 Epoch: [31/40], Step: [181/782], Loss: 0.00452411500737071
Rank:0 Epoch: [31/40], Step: [191/782], Loss: 0.0038692511152476072
Rank:0 Epoch: [31/40], Step: [201/782], Loss: 0.03157273679971695
Rank:0 Epoch: [31/40], Step: [211/782], Loss: 0.0007427138625644147
Rank:0 Epoch: [31/40], Step: [221/782], Loss: 0.0026143575087189674
Rank:0 Epoch: [31/40], Step: [231/782], Loss: 0.00732593797147274
Rank:0 Epoch: [31/40], Step: [241/782], Loss: 0.008559445850551128
Rank:0 Epoch: [31/40], Step: [251/782], Loss: 0.008593571372330189
Rank:0 Epoch: [31/40], Step: [261/782], Loss: 0.007320974953472614
Rank:0 Epoch: [31/40], Step: [271/782], Loss: 0.004716111812740564
Rank:0 Epoch: [31/40], Step: [281/782], Loss: 0.11567587405443192
Rank:0 Epoch: [31/40], Step: [291/782], Loss: 0.047302599996328354
Rank:0 Epoch: [31/40], Step: [301/782], Loss: 0.004701665136963129
Rank:0 Epoch: [31/40], Step: [311/782], Loss: 0.0018990254029631615
Rank:0 Epoch: [31/40], Step: [321/782], Loss: 0.005783453583717346
Rank:0 Epoch: [31/40], Step: [331/782], Loss: 0.002644316526129842
Rank:0 Epoch: [31/40], Step: [341/782], Loss: 0.005837058648467064
Rank:0 Epoch: [31/40], Step: [351/782], Loss: 0.005410387180745602
Rank:0 Epoch: [31/40], Step: [361/782], Loss: 0.03156723454594612
Rank:0 Epoch: [31/40], Step: [371/782], Loss: 0.008246171288192272
Rank:0 Epoch: [31/40], Step: [381/782], Loss: 0.0342518612742424
Rank:0 Epoch: [31/40], Step: [391/782], Loss: 0.0031007244251668453
Rank:0 Epoch: [31/40], Step: [401/782], Loss: 0.015450911596417427
Rank:0 Epoch: [31/40], Step: [411/782], Loss: 0.03083156794309616
Rank:0 Epoch: [31/40], Step: [421/782], Loss: 0.08279292285442352
Rank:0 Epoch: [31/40], Step: [431/782], Loss: 0.000812667072750628
Rank:0 Epoch: [31/40], Step: [441/782], Loss: 0.007942445576190948
Rank:0 Epoch: [31/40], Step: [451/782], Loss: 0.033652544021606445
Rank:0 Epoch: [31/40], Step: [461/782], Loss: 0.00521283270791173
Rank:0 Epoch: [31/40], Step: [471/782], Loss: 0.03323064744472504
Rank:0 Epoch: [31/40], Step: [481/782], Loss: 0.011481470428407192
Rank:0 Epoch: [31/40], Step: [491/782], Loss: 0.05917055904865265
Rank:0 Epoch: [31/40], Step: [501/782], Loss: 0.016445042565464973
Rank:0 Epoch: [31/40], Step: [511/782], Loss: 0.00499509135261178
Rank:0 Epoch: [31/40], Step: [521/782], Loss: 0.011580580845475197
Rank:0 Epoch: [31/40], Step: [531/782], Loss: 0.04292530193924904
Rank:0 Epoch: [31/40], Step: [541/782], Loss: 0.032476019114255905
Rank:0 Epoch: [31/40], Step: [551/782], Loss: 0.05997803434729576
Rank:0 Epoch: [31/40], Step: [561/782], Loss: 0.005030681844800711
Rank:0 Epoch: [31/40], Step: [571/782], Loss: 0.004597917664796114
Rank:0 Epoch: [31/40], Step: [581/782], Loss: 0.011132990010082722
Rank:0 Epoch: [31/40], Step: [591/782], Loss: 0.027959028258919716
Rank:0 Epoch: [31/40], Step: [601/782], Loss: 0.011679324321448803
Rank:0 Epoch: [31/40], Step: [611/782], Loss: 0.00576245691627264
Rank:0 Epoch: [31/40], Step: [621/782], Loss: 0.00218796543776989
Rank:0 Epoch: [31/40], Step: [631/782], Loss: 0.01829126849770546
Rank:0 Epoch: [31/40], Step: [641/782], Loss: 0.018128806725144386
Rank:0 Epoch: [31/40], Step: [651/782], Loss: 0.005261977203190327
Rank:0 Epoch: [31/40], Step: [661/782], Loss: 0.064455546438694
Rank:0 Epoch: [31/40], Step: [671/782], Loss: 0.055693432688713074
Rank:0 Epoch: [31/40], Step: [681/782], Loss: 0.002615997102111578
Rank:0 Epoch: [31/40], Step: [691/782], Loss: 0.004103710874915123
Rank:0 Epoch: [31/40], Step: [701/782], Loss: 0.01659645512700081
Rank:0 Epoch: [31/40], Step: [711/782], Loss: 0.001269878470338881
Rank:0 Epoch: [31/40], Step: [721/782], Loss: 0.01112017035484314
Rank:0 Epoch: [31/40], Step: [731/782], Loss: 0.0076577328145504
Rank:0 Epoch: [31/40], Step: [741/782], Loss: 0.04086275026202202
Rank:0 Epoch: [31/40], Step: [751/782], Loss: 0.012691812589764595
Rank:0 Epoch: [31/40], Step: [761/782], Loss: 0.004791080951690674
Rank:0 Epoch: [31/40], Step: [771/782], Loss: 0.06503424793481827
Rank:0 Epoch: [31/40], Step: [781/782], Loss: 0.0033098834101110697
Current Test Acc: 0.9354
Rank:0 Epoch: [32/40], Step: [1/782], Loss: 0.010721075348556042
Rank:0 Epoch: [32/40], Step: [11/782], Loss: 0.003545597428455949
Rank:0 Epoch: [32/40], Step: [21/782], Loss: 0.04769144207239151
Rank:0 Epoch: [32/40], Step: [31/782], Loss: 0.08041162043809891
Rank:0 Epoch: [32/40], Step: [41/782], Loss: 0.020166810601949692
Rank:0 Epoch: [32/40], Step: [51/782], Loss: 0.0014995245728641748
Rank:0 Epoch: [32/40], Step: [61/782], Loss: 0.042817018926143646
Rank:0 Epoch: [32/40], Step: [71/782], Loss: 0.018219567835330963
Rank:0 Epoch: [32/40], Step: [81/782], Loss: 0.09292852133512497
Rank:0 Epoch: [32/40], Step: [91/782], Loss: 0.017651693895459175
Rank:0 Epoch: [32/40], Step: [101/782], Loss: 0.039818134158849716
Rank:0 Epoch: [32/40], Step: [111/782], Loss: 0.002366798697039485
Rank:0 Epoch: [32/40], Step: [121/782], Loss: 0.0016264289151877165
Rank:0 Epoch: [32/40], Step: [131/782], Loss: 0.004897867329418659
Rank:0 Epoch: [32/40], Step: [141/782], Loss: 0.01246688887476921
Rank:0 Epoch: [32/40], Step: [151/782], Loss: 0.004637293517589569
Rank:0 Epoch: [32/40], Step: [161/782], Loss: 0.0152985118329525
Rank:0 Epoch: [32/40], Step: [171/782], Loss: 0.03989807516336441
Rank:0 Epoch: [32/40], Step: [181/782], Loss: 0.0101607795804739
Rank:0 Epoch: [32/40], Step: [191/782], Loss: 0.003140820190310478
Rank:0 Epoch: [32/40], Step: [201/782], Loss: 0.05555690824985504
Rank:0 Epoch: [32/40], Step: [211/782], Loss: 0.09935830533504486
Rank:0 Epoch: [32/40], Step: [221/782], Loss: 0.0961550697684288
Rank:0 Epoch: [32/40], Step: [231/782], Loss: 0.029600610956549644
Rank:0 Epoch: [32/40], Step: [241/782], Loss: 0.04730822145938873
Rank:0 Epoch: [32/40], Step: [251/782], Loss: 0.0014875867636874318
Rank:0 Epoch: [32/40], Step: [261/782], Loss: 0.004336872603744268
Rank:0 Epoch: [32/40], Step: [271/782], Loss: 0.001542221405543387
Rank:0 Epoch: [32/40], Step: [281/782], Loss: 0.011951949447393417
Rank:0 Epoch: [32/40], Step: [291/782], Loss: 0.030094176530838013
Rank:0 Epoch: [32/40], Step: [301/782], Loss: 0.041486773639917374
Rank:0 Epoch: [32/40], Step: [311/782], Loss: 0.0029394172597676516
Rank:0 Epoch: [32/40], Step: [321/782], Loss: 0.01795913837850094
Rank:0 Epoch: [32/40], Step: [331/782], Loss: 0.00436083460226655
Rank:0 Epoch: [32/40], Step: [341/782], Loss: 0.010852937586605549
Rank:0 Epoch: [32/40], Step: [351/782], Loss: 0.003462044754996896
Rank:0 Epoch: [32/40], Step: [361/782], Loss: 0.0240840632468462
Rank:0 Epoch: [32/40], Step: [371/782], Loss: 0.01779947802424431
Rank:0 Epoch: [32/40], Step: [381/782], Loss: 0.008273052051663399
Rank:0 Epoch: [32/40], Step: [391/782], Loss: 0.0024298729840666056
Rank:0 Epoch: [32/40], Step: [401/782], Loss: 0.036307234317064285
Rank:0 Epoch: [32/40], Step: [411/782], Loss: 0.02119205892086029
Rank:0 Epoch: [32/40], Step: [421/782], Loss: 0.01707814447581768
Rank:0 Epoch: [32/40], Step: [431/782], Loss: 0.04859829321503639
Rank:0 Epoch: [32/40], Step: [441/782], Loss: 0.046729736030101776
Rank:0 Epoch: [32/40], Step: [451/782], Loss: 0.006082647014409304
Rank:0 Epoch: [32/40], Step: [461/782], Loss: 0.001871680491603911
Rank:0 Epoch: [32/40], Step: [471/782], Loss: 0.008693493902683258
Rank:0 Epoch: [32/40], Step: [481/782], Loss: 0.010582897812128067
Rank:0 Epoch: [32/40], Step: [491/782], Loss: 0.007462632842361927
Rank:0 Epoch: [32/40], Step: [501/782], Loss: 0.02375107817351818
Rank:0 Epoch: [32/40], Step: [511/782], Loss: 0.0024722854141145945
Rank:0 Epoch: [32/40], Step: [521/782], Loss: 0.0011608951026573777
Rank:0 Epoch: [32/40], Step: [531/782], Loss: 0.008169079199433327
Rank:0 Epoch: [32/40], Step: [541/782], Loss: 0.0008728504180908203
Rank:0 Epoch: [32/40], Step: [551/782], Loss: 0.07590169459581375
Rank:0 Epoch: [32/40], Step: [561/782], Loss: 0.019028212875127792
Rank:0 Epoch: [32/40], Step: [571/782], Loss: 0.0028881181497126818
Rank:0 Epoch: [32/40], Step: [581/782], Loss: 0.0018744051922112703
Rank:0 Epoch: [32/40], Step: [591/782], Loss: 0.028852486982941628
Rank:0 Epoch: [32/40], Step: [601/782], Loss: 0.0024505641777068377
Rank:0 Epoch: [32/40], Step: [611/782], Loss: 0.001714420854113996
Rank:0 Epoch: [32/40], Step: [621/782], Loss: 0.014550107531249523
Rank:0 Epoch: [32/40], Step: [631/782], Loss: 0.02945987693965435
Rank:0 Epoch: [32/40], Step: [641/782], Loss: 0.009202580899000168
Rank:0 Epoch: [32/40], Step: [651/782], Loss: 0.05941178277134895
Rank:0 Epoch: [32/40], Step: [661/782], Loss: 0.0183598380535841
Rank:0 Epoch: [32/40], Step: [671/782], Loss: 0.007726226933300495
Rank:0 Epoch: [32/40], Step: [681/782], Loss: 0.002182027557864785
Rank:0 Epoch: [32/40], Step: [691/782], Loss: 0.026460515335202217
Rank:0 Epoch: [32/40], Step: [701/782], Loss: 0.006095762364566326
Rank:0 Epoch: [32/40], Step: [711/782], Loss: 0.007381069473922253
Rank:0 Epoch: [32/40], Step: [721/782], Loss: 0.01082752738147974
Rank:0 Epoch: [32/40], Step: [731/782], Loss: 0.005654650740325451
Rank:0 Epoch: [32/40], Step: [741/782], Loss: 0.059025611728429794
Rank:0 Epoch: [32/40], Step: [751/782], Loss: 0.01659500040113926
Rank:0 Epoch: [32/40], Step: [761/782], Loss: 0.011204845272004604
Rank:0 Epoch: [32/40], Step: [771/782], Loss: 0.0067544737830758095
Rank:0 Epoch: [32/40], Step: [781/782], Loss: 0.00785124022513628
Current Test Acc: 0.9361
Rank:0 Epoch: [33/40], Step: [1/782], Loss: 0.0059092785231769085
Rank:0 Epoch: [33/40], Step: [11/782], Loss: 0.0072683063335716724
Rank:0 Epoch: [33/40], Step: [21/782], Loss: 0.02627723664045334
Rank:0 Epoch: [33/40], Step: [31/782], Loss: 0.01593591831624508
Rank:0 Epoch: [33/40], Step: [41/782], Loss: 0.0030883722938597202
Rank:0 Epoch: [33/40], Step: [51/782], Loss: 0.001288807368837297
Rank:0 Epoch: [33/40], Step: [61/782], Loss: 0.008047842420637608
Rank:0 Epoch: [33/40], Step: [71/782], Loss: 0.0010170056484639645
Rank:0 Epoch: [33/40], Step: [81/782], Loss: 0.0024466118775308132
Rank:0 Epoch: [33/40], Step: [91/782], Loss: 0.009788528084754944
Rank:0 Epoch: [33/40], Step: [101/782], Loss: 0.003344462253153324
Rank:0 Epoch: [33/40], Step: [111/782], Loss: 0.010824332013726234
Rank:0 Epoch: [33/40], Step: [121/782], Loss: 0.002074571792036295
Rank:0 Epoch: [33/40], Step: [131/782], Loss: 0.0025054211728274822
Rank:0 Epoch: [33/40], Step: [141/782], Loss: 0.0041696601547300816
Rank:0 Epoch: [33/40], Step: [151/782], Loss: 0.015200614929199219
Rank:0 Epoch: [33/40], Step: [161/782], Loss: 0.01520276628434658
Rank:0 Epoch: [33/40], Step: [171/782], Loss: 0.021567758172750473
Rank:0 Epoch: [33/40], Step: [181/782], Loss: 0.02223893254995346
Rank:0 Epoch: [33/40], Step: [191/782], Loss: 0.00425339350476861
Rank:0 Epoch: [33/40], Step: [201/782], Loss: 0.014212996698915958
Rank:0 Epoch: [33/40], Step: [211/782], Loss: 0.0009717530920170248
Rank:0 Epoch: [33/40], Step: [221/782], Loss: 0.003513375297188759
Rank:0 Epoch: [33/40], Step: [231/782], Loss: 0.007790496107190847
Rank:0 Epoch: [33/40], Step: [241/782], Loss: 0.06288105994462967
Rank:0 Epoch: [33/40], Step: [251/782], Loss: 0.018979817628860474
Rank:0 Epoch: [33/40], Step: [261/782], Loss: 0.0028781224973499775
Rank:0 Epoch: [33/40], Step: [271/782], Loss: 0.01150075439363718
Rank:0 Epoch: [33/40], Step: [281/782], Loss: 0.00227548461407423
Rank:0 Epoch: [33/40], Step: [291/782], Loss: 0.006277328822761774
Rank:0 Epoch: [33/40], Step: [301/782], Loss: 0.01800067164003849
Rank:0 Epoch: [33/40], Step: [311/782], Loss: 0.0012115692952647805
Rank:0 Epoch: [33/40], Step: [321/782], Loss: 0.046373896300792694
Rank:0 Epoch: [33/40], Step: [331/782], Loss: 0.003913987427949905
Rank:0 Epoch: [33/40], Step: [341/782], Loss: 0.012285253964364529
Rank:0 Epoch: [33/40], Step: [351/782], Loss: 0.010866492055356503
Rank:0 Epoch: [33/40], Step: [361/782], Loss: 0.012877464294433594
Rank:0 Epoch: [33/40], Step: [371/782], Loss: 0.002575913444161415
Rank:0 Epoch: [33/40], Step: [381/782], Loss: 0.0014144110027700663
Rank:0 Epoch: [33/40], Step: [391/782], Loss: 0.010908768512308598
Rank:0 Epoch: [33/40], Step: [401/782], Loss: 0.017289254814386368
Rank:0 Epoch: [33/40], Step: [411/782], Loss: 0.0067642321810126305
Rank:0 Epoch: [33/40], Step: [421/782], Loss: 0.03298124298453331
Rank:0 Epoch: [33/40], Step: [431/782], Loss: 0.0038682606536895037
Rank:0 Epoch: [33/40], Step: [441/782], Loss: 0.005067691672593355
Rank:0 Epoch: [33/40], Step: [451/782], Loss: 0.0017639936413615942
Rank:0 Epoch: [33/40], Step: [461/782], Loss: 0.006639367435127497
Rank:0 Epoch: [33/40], Step: [471/782], Loss: 0.009113471955060959
Rank:0 Epoch: [33/40], Step: [481/782], Loss: 0.012022984214127064
Rank:0 Epoch: [33/40], Step: [491/782], Loss: 0.008095115423202515
Rank:0 Epoch: [33/40], Step: [501/782], Loss: 0.00712269963696599
Rank:0 Epoch: [33/40], Step: [511/782], Loss: 0.08317683637142181
Rank:0 Epoch: [33/40], Step: [521/782], Loss: 0.02451470121741295
Rank:0 Epoch: [33/40], Step: [531/782], Loss: 0.0034471384715288877
Rank:0 Epoch: [33/40], Step: [541/782], Loss: 0.003408962395042181
Rank:0 Epoch: [33/40], Step: [551/782], Loss: 0.008671049028635025
Rank:0 Epoch: [33/40], Step: [561/782], Loss: 0.009633447043597698
Rank:0 Epoch: [33/40], Step: [571/782], Loss: 0.023054875433444977
Rank:0 Epoch: [33/40], Step: [581/782], Loss: 0.0034453801345080137
Rank:0 Epoch: [33/40], Step: [591/782], Loss: 0.021960778161883354
Rank:0 Epoch: [33/40], Step: [601/782], Loss: 0.027653276920318604
Rank:0 Epoch: [33/40], Step: [611/782], Loss: 0.0015557728474959731
Rank:0 Epoch: [33/40], Step: [621/782], Loss: 0.03874881565570831
Rank:0 Epoch: [33/40], Step: [631/782], Loss: 0.0031815574038773775
Rank:0 Epoch: [33/40], Step: [641/782], Loss: 0.004063718020915985
Rank:0 Epoch: [33/40], Step: [651/782], Loss: 0.014809314161539078
Rank:0 Epoch: [33/40], Step: [661/782], Loss: 0.009275540709495544
Rank:0 Epoch: [33/40], Step: [671/782], Loss: 0.045700766146183014
Rank:0 Epoch: [33/40], Step: [681/782], Loss: 0.03552575036883354
Rank:0 Epoch: [33/40], Step: [691/782], Loss: 0.0018847943283617496
Rank:0 Epoch: [33/40], Step: [701/782], Loss: 0.010183940641582012
Rank:0 Epoch: [33/40], Step: [711/782], Loss: 0.015339028090238571
Rank:0 Epoch: [33/40], Step: [721/782], Loss: 0.011030616238713264
Rank:0 Epoch: [33/40], Step: [731/782], Loss: 0.04931532219052315
Rank:0 Epoch: [33/40], Step: [741/782], Loss: 0.013524428009986877
Rank:0 Epoch: [33/40], Step: [751/782], Loss: 0.011339819990098476
Rank:0 Epoch: [33/40], Step: [761/782], Loss: 0.009902462363243103
Rank:0 Epoch: [33/40], Step: [771/782], Loss: 0.02284330688416958
Rank:0 Epoch: [33/40], Step: [781/782], Loss: 0.007174981292337179
Current Test Acc: 0.9359
Rank:0 Epoch: [34/40], Step: [1/782], Loss: 0.0011970862979069352
Rank:0 Epoch: [34/40], Step: [11/782], Loss: 0.05360639840364456
Rank:0 Epoch: [34/40], Step: [21/782], Loss: 0.012817888520658016
Rank:0 Epoch: [34/40], Step: [31/782], Loss: 0.0037323201540857553
Rank:0 Epoch: [34/40], Step: [41/782], Loss: 0.018504109233617783
Rank:0 Epoch: [34/40], Step: [51/782], Loss: 0.002003222703933716
Rank:0 Epoch: [34/40], Step: [61/782], Loss: 0.01966768503189087
Rank:0 Epoch: [34/40], Step: [71/782], Loss: 0.0011614428367465734
Rank:0 Epoch: [34/40], Step: [81/782], Loss: 0.00157781015150249
Rank:0 Epoch: [34/40], Step: [91/782], Loss: 0.008498496375977993
Rank:0 Epoch: [34/40], Step: [101/782], Loss: 0.003164764493703842
Rank:0 Epoch: [34/40], Step: [111/782], Loss: 0.0018797472584992647
Rank:0 Epoch: [34/40], Step: [121/782], Loss: 0.05413627251982689
Rank:0 Epoch: [34/40], Step: [131/782], Loss: 0.001343833631835878
Rank:0 Epoch: [34/40], Step: [141/782], Loss: 0.0028097680769860744
Rank:0 Epoch: [34/40], Step: [151/782], Loss: 0.0018195263110101223
Rank:0 Epoch: [34/40], Step: [161/782], Loss: 0.005222806241363287
Rank:0 Epoch: [34/40], Step: [171/782], Loss: 0.002791880164295435
Rank:0 Epoch: [34/40], Step: [181/782], Loss: 0.04743677377700806
Rank:0 Epoch: [34/40], Step: [191/782], Loss: 0.01661025732755661
Rank:0 Epoch: [34/40], Step: [201/782], Loss: 0.028898578137159348
Rank:0 Epoch: [34/40], Step: [211/782], Loss: 0.009169039316475391
Rank:0 Epoch: [34/40], Step: [221/782], Loss: 0.02397521585226059
Rank:0 Epoch: [34/40], Step: [231/782], Loss: 0.005707945208996534
Rank:0 Epoch: [34/40], Step: [241/782], Loss: 0.005180370528250933
Rank:0 Epoch: [34/40], Step: [251/782], Loss: 0.15581443905830383
Rank:0 Epoch: [34/40], Step: [261/782], Loss: 0.002805365016683936
Rank:0 Epoch: [34/40], Step: [271/782], Loss: 0.026611682027578354
Rank:0 Epoch: [34/40], Step: [281/782], Loss: 0.005198036786168814
Rank:0 Epoch: [34/40], Step: [291/782], Loss: 0.0012485149782150984
Rank:0 Epoch: [34/40], Step: [301/782], Loss: 0.004077627323567867
Rank:0 Epoch: [34/40], Step: [311/782], Loss: 0.01714649796485901
Rank:0 Epoch: [34/40], Step: [321/782], Loss: 0.0312897153198719
Rank:0 Epoch: [34/40], Step: [331/782], Loss: 0.06792130321264267
Rank:0 Epoch: [34/40], Step: [341/782], Loss: 0.01839882880449295
Rank:0 Epoch: [34/40], Step: [351/782], Loss: 0.014749660156667233
Rank:0 Epoch: [34/40], Step: [361/782], Loss: 0.003518374403938651
Rank:0 Epoch: [34/40], Step: [371/782], Loss: 0.002579587511718273
Rank:0 Epoch: [34/40], Step: [381/782], Loss: 0.004605578724294901
Rank:0 Epoch: [34/40], Step: [391/782], Loss: 0.008481817319989204
Rank:0 Epoch: [34/40], Step: [401/782], Loss: 0.011807797476649284
Rank:0 Epoch: [34/40], Step: [411/782], Loss: 0.007430179975926876
Rank:0 Epoch: [34/40], Step: [421/782], Loss: 0.0007233819924294949
Rank:0 Epoch: [34/40], Step: [431/782], Loss: 0.0020821630023419857
Rank:0 Epoch: [34/40], Step: [441/782], Loss: 0.019624438136816025
Rank:0 Epoch: [34/40], Step: [451/782], Loss: 0.003627742175012827
Rank:0 Epoch: [34/40], Step: [461/782], Loss: 0.03261767327785492
Rank:0 Epoch: [34/40], Step: [471/782], Loss: 0.0015135920839384198
Rank:0 Epoch: [34/40], Step: [481/782], Loss: 0.0123420599848032
Rank:0 Epoch: [34/40], Step: [491/782], Loss: 0.011977674439549446
Rank:0 Epoch: [34/40], Step: [501/782], Loss: 0.0040439460426568985
Rank:0 Epoch: [34/40], Step: [511/782], Loss: 0.006672104354947805
Rank:0 Epoch: [34/40], Step: [521/782], Loss: 0.010657812468707561
Rank:0 Epoch: [34/40], Step: [531/782], Loss: 0.03454665467143059
Rank:0 Epoch: [34/40], Step: [541/782], Loss: 0.00959809496998787
Rank:0 Epoch: [34/40], Step: [551/782], Loss: 0.009711984544992447
Rank:0 Epoch: [34/40], Step: [561/782], Loss: 0.001635831780731678
Rank:0 Epoch: [34/40], Step: [571/782], Loss: 0.006343252025544643
Rank:0 Epoch: [34/40], Step: [581/782], Loss: 0.029845455661416054
Rank:0 Epoch: [34/40], Step: [591/782], Loss: 0.0017260832246392965
Rank:0 Epoch: [34/40], Step: [601/782], Loss: 0.010634105652570724
Rank:0 Epoch: [34/40], Step: [611/782], Loss: 0.011733638122677803
Rank:0 Epoch: [34/40], Step: [621/782], Loss: 0.022158082574605942
Rank:0 Epoch: [34/40], Step: [631/782], Loss: 0.009147843345999718
Rank:0 Epoch: [34/40], Step: [641/782], Loss: 0.012020418420433998
Rank:0 Epoch: [34/40], Step: [651/782], Loss: 0.015201506204903126
Rank:0 Epoch: [34/40], Step: [661/782], Loss: 0.12399041652679443
Rank:0 Epoch: [34/40], Step: [671/782], Loss: 0.00280042365193367
Rank:0 Epoch: [34/40], Step: [681/782], Loss: 0.003941077273339033
Rank:0 Epoch: [34/40], Step: [691/782], Loss: 0.014100677333772182
Rank:0 Epoch: [34/40], Step: [701/782], Loss: 0.004789676517248154
Rank:0 Epoch: [34/40], Step: [711/782], Loss: 0.0068322583101689816
Rank:0 Epoch: [34/40], Step: [721/782], Loss: 0.009532234631478786
Rank:0 Epoch: [34/40], Step: [731/782], Loss: 0.001646119635552168
Rank:0 Epoch: [34/40], Step: [741/782], Loss: 0.013765459880232811
Rank:0 Epoch: [34/40], Step: [751/782], Loss: 0.031085440889000893
Rank:0 Epoch: [34/40], Step: [761/782], Loss: 0.004402552265673876
Rank:0 Epoch: [34/40], Step: [771/782], Loss: 0.021936388686299324
Rank:0 Epoch: [34/40], Step: [781/782], Loss: 0.0039215306751430035
Current Test Acc: 0.9367
Rank:0 Epoch: [35/40], Step: [1/782], Loss: 0.004752586595714092
Rank:0 Epoch: [35/40], Step: [11/782], Loss: 0.0077784862369298935
Rank:0 Epoch: [35/40], Step: [21/782], Loss: 0.0010819786693900824
Rank:0 Epoch: [35/40], Step: [31/782], Loss: 0.0009196718456223607
Rank:0 Epoch: [35/40], Step: [41/782], Loss: 0.0135953389108181
Rank:0 Epoch: [35/40], Step: [51/782], Loss: 0.003293245332315564
Rank:0 Epoch: [35/40], Step: [61/782], Loss: 0.002091203350573778
Rank:0 Epoch: [35/40], Step: [71/782], Loss: 0.004384322091937065
Rank:0 Epoch: [35/40], Step: [81/782], Loss: 0.010804776102304459
Rank:0 Epoch: [35/40], Step: [91/782], Loss: 0.004473078064620495
Rank:0 Epoch: [35/40], Step: [101/782], Loss: 0.0014297269517555833
Rank:0 Epoch: [35/40], Step: [111/782], Loss: 0.016938170418143272
Rank:0 Epoch: [35/40], Step: [121/782], Loss: 0.013447202742099762
Rank:0 Epoch: [35/40], Step: [131/782], Loss: 0.02744012512266636
Rank:0 Epoch: [35/40], Step: [141/782], Loss: 0.017761144787073135
Rank:0 Epoch: [35/40], Step: [151/782], Loss: 0.002145928330719471
Rank:0 Epoch: [35/40], Step: [161/782], Loss: 0.0014886592980474234
Rank:0 Epoch: [35/40], Step: [171/782], Loss: 0.004361505154520273
Rank:0 Epoch: [35/40], Step: [181/782], Loss: 0.018592694774270058
Rank:0 Epoch: [35/40], Step: [191/782], Loss: 0.0008736944291740656
Rank:0 Epoch: [35/40], Step: [201/782], Loss: 0.021315546706318855
Rank:0 Epoch: [35/40], Step: [211/782], Loss: 0.0034972187131643295
Rank:0 Epoch: [35/40], Step: [221/782], Loss: 0.01074368879199028
Rank:0 Epoch: [35/40], Step: [231/782], Loss: 0.003822930622845888
Rank:0 Epoch: [35/40], Step: [241/782], Loss: 0.009581159800291061
Rank:0 Epoch: [35/40], Step: [251/782], Loss: 0.0038472230080515146
Rank:0 Epoch: [35/40], Step: [261/782], Loss: 0.0031303949654102325
Rank:0 Epoch: [35/40], Step: [271/782], Loss: 0.04456784203648567
Rank:0 Epoch: [35/40], Step: [281/782], Loss: 0.01150595210492611
Rank:0 Epoch: [35/40], Step: [291/782], Loss: 0.00205213762819767
Rank:0 Epoch: [35/40], Step: [301/782], Loss: 0.012810898013412952
Rank:0 Epoch: [35/40], Step: [311/782], Loss: 0.005384375806897879
Rank:0 Epoch: [35/40], Step: [321/782], Loss: 0.05294082313776016
Rank:0 Epoch: [35/40], Step: [331/782], Loss: 0.021681848913431168
Rank:0 Epoch: [35/40], Step: [341/782], Loss: 0.007354921195656061
Rank:0 Epoch: [35/40], Step: [351/782], Loss: 0.05458227917551994
Rank:0 Epoch: [35/40], Step: [361/782], Loss: 0.029927952215075493
Rank:0 Epoch: [35/40], Step: [371/782], Loss: 0.016483334824442863
Rank:0 Epoch: [35/40], Step: [381/782], Loss: 0.0035679053980857134
Rank:0 Epoch: [35/40], Step: [391/782], Loss: 0.0007819426828064024
Rank:0 Epoch: [35/40], Step: [401/782], Loss: 0.06445475667715073
Rank:0 Epoch: [35/40], Step: [411/782], Loss: 0.054084692150354385
Rank:0 Epoch: [35/40], Step: [421/782], Loss: 0.0035801983904093504
Rank:0 Epoch: [35/40], Step: [431/782], Loss: 0.007247651927173138
Rank:0 Epoch: [35/40], Step: [441/782], Loss: 0.009929856285452843
Rank:0 Epoch: [35/40], Step: [451/782], Loss: 0.002280093729496002
Rank:0 Epoch: [35/40], Step: [461/782], Loss: 0.011344672180712223
Rank:0 Epoch: [35/40], Step: [471/782], Loss: 0.004972696769982576
Rank:0 Epoch: [35/40], Step: [481/782], Loss: 0.002246052725240588
Rank:0 Epoch: [35/40], Step: [491/782], Loss: 0.0019493794534355402
Rank:0 Epoch: [35/40], Step: [501/782], Loss: 0.005174218211323023
Rank:0 Epoch: [35/40], Step: [511/782], Loss: 0.04397215694189072
Rank:0 Epoch: [35/40], Step: [521/782], Loss: 0.08360639959573746
Rank:0 Epoch: [35/40], Step: [531/782], Loss: 0.011231709271669388
Rank:0 Epoch: [35/40], Step: [541/782], Loss: 0.01173151284456253
Rank:0 Epoch: [35/40], Step: [551/782], Loss: 0.04458054155111313
Rank:0 Epoch: [35/40], Step: [561/782], Loss: 0.0012852618237957358
Rank:0 Epoch: [35/40], Step: [571/782], Loss: 0.04760756343603134
Rank:0 Epoch: [35/40], Step: [581/782], Loss: 0.010397563688457012
Rank:0 Epoch: [35/40], Step: [591/782], Loss: 0.0008722622296772897
Rank:0 Epoch: [35/40], Step: [601/782], Loss: 0.011320501565933228
Rank:0 Epoch: [35/40], Step: [611/782], Loss: 0.007471940945833921
Rank:0 Epoch: [35/40], Step: [621/782], Loss: 0.004765181802213192
Rank:0 Epoch: [35/40], Step: [631/782], Loss: 0.002595072379335761
Rank:0 Epoch: [35/40], Step: [641/782], Loss: 0.001142279477789998
Rank:0 Epoch: [35/40], Step: [651/782], Loss: 0.0034661528188735247
Rank:0 Epoch: [35/40], Step: [661/782], Loss: 0.08342709392309189
Rank:0 Epoch: [35/40], Step: [671/782], Loss: 0.025566713884472847
Rank:0 Epoch: [35/40], Step: [681/782], Loss: 0.0077346391044557095
Rank:0 Epoch: [35/40], Step: [691/782], Loss: 0.016322115436196327
Rank:0 Epoch: [35/40], Step: [701/782], Loss: 0.025362832471728325
Rank:0 Epoch: [35/40], Step: [711/782], Loss: 0.04337186738848686
Rank:0 Epoch: [35/40], Step: [721/782], Loss: 0.011630991473793983
Rank:0 Epoch: [35/40], Step: [731/782], Loss: 0.007122444454580545
Rank:0 Epoch: [35/40], Step: [741/782], Loss: 0.01736327074468136
Rank:0 Epoch: [35/40], Step: [751/782], Loss: 0.0019917620811611414
Rank:0 Epoch: [35/40], Step: [761/782], Loss: 0.04679132625460625
Rank:0 Epoch: [35/40], Step: [771/782], Loss: 0.013089117594063282
Rank:0 Epoch: [35/40], Step: [781/782], Loss: 0.017867594957351685
Current Test Acc: 0.9362
Rank:0 Epoch: [36/40], Step: [1/782], Loss: 0.003112945705652237
Rank:0 Epoch: [36/40], Step: [11/782], Loss: 0.004583967849612236
Rank:0 Epoch: [36/40], Step: [21/782], Loss: 0.0010114532196894288
Rank:0 Epoch: [36/40], Step: [31/782], Loss: 0.009892803616821766
Rank:0 Epoch: [36/40], Step: [41/782], Loss: 0.008986051194369793
Rank:0 Epoch: [36/40], Step: [51/782], Loss: 0.003930006641894579
Rank:0 Epoch: [36/40], Step: [61/782], Loss: 0.0566614530980587
Rank:0 Epoch: [36/40], Step: [71/782], Loss: 0.011897378601133823
Rank:0 Epoch: [36/40], Step: [81/782], Loss: 0.008296421729028225
Rank:0 Epoch: [36/40], Step: [91/782], Loss: 0.00407422473654151
Rank:0 Epoch: [36/40], Step: [101/782], Loss: 0.008574492298066616
Rank:0 Epoch: [36/40], Step: [111/782], Loss: 0.004854761064052582
Rank:0 Epoch: [36/40], Step: [121/782], Loss: 0.01584780588746071
Rank:0 Epoch: [36/40], Step: [131/782], Loss: 0.001066075637936592
Rank:0 Epoch: [36/40], Step: [141/782], Loss: 0.004119417630136013
Rank:0 Epoch: [36/40], Step: [151/782], Loss: 0.0013719690032303333
Rank:0 Epoch: [36/40], Step: [161/782], Loss: 0.0027082697488367558
Rank:0 Epoch: [36/40], Step: [171/782], Loss: 0.03083628974854946
Rank:0 Epoch: [36/40], Step: [181/782], Loss: 0.0029508003499358892
Rank:0 Epoch: [36/40], Step: [191/782], Loss: 0.00832354836165905
Rank:0 Epoch: [36/40], Step: [201/782], Loss: 0.011685107834637165
Rank:0 Epoch: [36/40], Step: [211/782], Loss: 0.008676452562212944
Rank:0 Epoch: [36/40], Step: [221/782], Loss: 0.012678093276917934
Rank:0 Epoch: [36/40], Step: [231/782], Loss: 0.00885071326047182
Rank:0 Epoch: [36/40], Step: [241/782], Loss: 0.000990653526969254
Rank:0 Epoch: [36/40], Step: [251/782], Loss: 0.015670282766222954
Rank:0 Epoch: [36/40], Step: [261/782], Loss: 0.008395250886678696
Rank:0 Epoch: [36/40], Step: [271/782], Loss: 0.003069851081818342
Rank:0 Epoch: [36/40], Step: [281/782], Loss: 0.03404395654797554
Rank:0 Epoch: [36/40], Step: [291/782], Loss: 0.013123524375259876
Rank:0 Epoch: [36/40], Step: [301/782], Loss: 0.0023075772915035486
Rank:0 Epoch: [36/40], Step: [311/782], Loss: 0.01975228078663349
Rank:0 Epoch: [36/40], Step: [321/782], Loss: 0.0019626307766884565
Rank:0 Epoch: [36/40], Step: [331/782], Loss: 0.0025717290118336678
Rank:0 Epoch: [36/40], Step: [341/782], Loss: 0.0336589552462101
Rank:0 Epoch: [36/40], Step: [351/782], Loss: 0.0017870202427729964
Rank:0 Epoch: [36/40], Step: [361/782], Loss: 0.016288448125123978
Rank:0 Epoch: [36/40], Step: [371/782], Loss: 0.004186158534139395
Rank:0 Epoch: [36/40], Step: [381/782], Loss: 0.001967293443158269
Rank:0 Epoch: [36/40], Step: [391/782], Loss: 0.009618698619306087
Rank:0 Epoch: [36/40], Step: [401/782], Loss: 0.003986455965787172
Rank:0 Epoch: [36/40], Step: [411/782], Loss: 0.011474445462226868
Rank:0 Epoch: [36/40], Step: [421/782], Loss: 0.004790214356034994
Rank:0 Epoch: [36/40], Step: [431/782], Loss: 0.007225139066576958
Rank:0 Epoch: [36/40], Step: [441/782], Loss: 0.03718427196145058
Rank:0 Epoch: [36/40], Step: [451/782], Loss: 0.019669290632009506
Rank:0 Epoch: [36/40], Step: [461/782], Loss: 0.0017350447596982121
Rank:0 Epoch: [36/40], Step: [471/782], Loss: 0.014432226307690144
Rank:0 Epoch: [36/40], Step: [481/782], Loss: 0.001320329261943698
Rank:0 Epoch: [36/40], Step: [491/782], Loss: 0.0010944943642243743
Rank:0 Epoch: [36/40], Step: [501/782], Loss: 0.0017787021351978183
Rank:0 Epoch: [36/40], Step: [511/782], Loss: 0.010197901166975498
Rank:0 Epoch: [36/40], Step: [521/782], Loss: 0.009451798163354397
Rank:0 Epoch: [36/40], Step: [531/782], Loss: 0.024969853460788727
Rank:0 Epoch: [36/40], Step: [541/782], Loss: 0.048097819089889526
Rank:0 Epoch: [36/40], Step: [551/782], Loss: 0.014508116990327835
Rank:0 Epoch: [36/40], Step: [561/782], Loss: 0.008266721852123737
Rank:0 Epoch: [36/40], Step: [571/782], Loss: 0.040443792939186096
Rank:0 Epoch: [36/40], Step: [581/782], Loss: 0.0007513708551414311
Rank:0 Epoch: [36/40], Step: [591/782], Loss: 0.005786377005279064
Rank:0 Epoch: [36/40], Step: [601/782], Loss: 0.0015699983341619372
Rank:0 Epoch: [36/40], Step: [611/782], Loss: 0.008638380095362663
Rank:0 Epoch: [36/40], Step: [621/782], Loss: 0.013086625374853611
Rank:0 Epoch: [36/40], Step: [631/782], Loss: 0.016576595604419708
Rank:0 Epoch: [36/40], Step: [641/782], Loss: 0.0018823244608938694
Rank:0 Epoch: [36/40], Step: [651/782], Loss: 0.01498601958155632
Rank:0 Epoch: [36/40], Step: [661/782], Loss: 0.013036178424954414
Rank:0 Epoch: [36/40], Step: [671/782], Loss: 0.004718848504126072
Rank:0 Epoch: [36/40], Step: [681/782], Loss: 0.0012272545136511326
Rank:0 Epoch: [36/40], Step: [691/782], Loss: 0.025850627571344376
Rank:0 Epoch: [36/40], Step: [701/782], Loss: 0.002659352496266365
Rank:0 Epoch: [36/40], Step: [711/782], Loss: 0.008538017980754375
Rank:0 Epoch: [36/40], Step: [721/782], Loss: 0.03244274854660034
Rank:0 Epoch: [36/40], Step: [731/782], Loss: 0.004514717496931553
Rank:0 Epoch: [36/40], Step: [741/782], Loss: 0.031318604946136475
Rank:0 Epoch: [36/40], Step: [751/782], Loss: 0.010434063151478767
Rank:0 Epoch: [36/40], Step: [761/782], Loss: 0.004109951201826334
Rank:0 Epoch: [36/40], Step: [771/782], Loss: 0.012972254306077957
Rank:0 Epoch: [36/40], Step: [781/782], Loss: 0.001310903113335371
Current Test Acc: 0.936
Rank:0 Epoch: [37/40], Step: [1/782], Loss: 0.015820413827896118
Rank:0 Epoch: [37/40], Step: [11/782], Loss: 0.002475456800311804
Rank:0 Epoch: [37/40], Step: [21/782], Loss: 0.0005386079428717494
Rank:0 Epoch: [37/40], Step: [31/782], Loss: 0.029916109517216682
Rank:0 Epoch: [37/40], Step: [41/782], Loss: 0.001524512772448361
Rank:0 Epoch: [37/40], Step: [51/782], Loss: 0.03006264753639698
Rank:0 Epoch: [37/40], Step: [61/782], Loss: 0.0412181057035923
Rank:0 Epoch: [37/40], Step: [71/782], Loss: 0.002316587371751666
Rank:0 Epoch: [37/40], Step: [81/782], Loss: 0.0011601033620536327
Rank:0 Epoch: [37/40], Step: [91/782], Loss: 0.0022554078605026007
Rank:0 Epoch: [37/40], Step: [101/782], Loss: 0.004727793857455254
Rank:0 Epoch: [37/40], Step: [111/782], Loss: 0.004677042830735445
Rank:0 Epoch: [37/40], Step: [121/782], Loss: 0.011845868080854416
Rank:0 Epoch: [37/40], Step: [131/782], Loss: 0.001407136907801032
Rank:0 Epoch: [37/40], Step: [141/782], Loss: 0.016948051750659943
Rank:0 Epoch: [37/40], Step: [151/782], Loss: 0.0009064798941835761
Rank:0 Epoch: [37/40], Step: [161/782], Loss: 0.007890231907367706
Rank:0 Epoch: [37/40], Step: [171/782], Loss: 0.00787933450192213
Rank:0 Epoch: [37/40], Step: [181/782], Loss: 0.0015105112688615918
Rank:0 Epoch: [37/40], Step: [191/782], Loss: 0.06206146255135536
Rank:0 Epoch: [37/40], Step: [201/782], Loss: 0.017360035330057144
Rank:0 Epoch: [37/40], Step: [211/782], Loss: 0.016104549169540405
Rank:0 Epoch: [37/40], Step: [221/782], Loss: 0.0007916411268524826
Rank:0 Epoch: [37/40], Step: [231/782], Loss: 0.0020976236555725336
Rank:0 Epoch: [37/40], Step: [241/782], Loss: 0.012979528866708279
Rank:0 Epoch: [37/40], Step: [251/782], Loss: 0.005685191135853529
Rank:0 Epoch: [37/40], Step: [261/782], Loss: 0.0021816168446093798
Rank:0 Epoch: [37/40], Step: [271/782], Loss: 0.004502784460783005
Rank:0 Epoch: [37/40], Step: [281/782], Loss: 0.04638715833425522
Rank:0 Epoch: [37/40], Step: [291/782], Loss: 0.005199054721742868
Rank:0 Epoch: [37/40], Step: [301/782], Loss: 0.0023521720431745052
Rank:0 Epoch: [37/40], Step: [311/782], Loss: 0.007858690805733204
Rank:0 Epoch: [37/40], Step: [321/782], Loss: 0.0252681914716959
Rank:0 Epoch: [37/40], Step: [331/782], Loss: 0.010112842544913292
Rank:0 Epoch: [37/40], Step: [341/782], Loss: 0.0030102585442364216
Rank:0 Epoch: [37/40], Step: [351/782], Loss: 0.024868184700608253
Rank:0 Epoch: [37/40], Step: [361/782], Loss: 0.007709931582212448
Rank:0 Epoch: [37/40], Step: [371/782], Loss: 0.0012747322907671332
Rank:0 Epoch: [37/40], Step: [381/782], Loss: 0.11792003363370895
Rank:0 Epoch: [37/40], Step: [391/782], Loss: 0.002542732050642371
Rank:0 Epoch: [37/40], Step: [401/782], Loss: 0.0007519107311964035
Rank:0 Epoch: [37/40], Step: [411/782], Loss: 0.057240329682826996
Rank:0 Epoch: [37/40], Step: [421/782], Loss: 0.023982247337698936
Rank:0 Epoch: [37/40], Step: [431/782], Loss: 0.0005025514401495457
Rank:0 Epoch: [37/40], Step: [441/782], Loss: 0.01281899306923151
Rank:0 Epoch: [37/40], Step: [451/782], Loss: 0.01815764792263508
Rank:0 Epoch: [37/40], Step: [461/782], Loss: 0.014125377871096134
Rank:0 Epoch: [37/40], Step: [471/782], Loss: 0.0006324967253021896
Rank:0 Epoch: [37/40], Step: [481/782], Loss: 0.07165839523077011
Rank:0 Epoch: [37/40], Step: [491/782], Loss: 0.013385030440986156
Rank:0 Epoch: [37/40], Step: [501/782], Loss: 0.0011034735944122076
Rank:0 Epoch: [37/40], Step: [511/782], Loss: 0.006134705618023872
Rank:0 Epoch: [37/40], Step: [521/782], Loss: 0.0049162134528160095
Rank:0 Epoch: [37/40], Step: [531/782], Loss: 0.010560340248048306
Rank:0 Epoch: [37/40], Step: [541/782], Loss: 0.007745017763227224
Rank:0 Epoch: [37/40], Step: [551/782], Loss: 0.027420317754149437
Rank:0 Epoch: [37/40], Step: [561/782], Loss: 0.04181193932890892
Rank:0 Epoch: [37/40], Step: [571/782], Loss: 0.014204679988324642
Rank:0 Epoch: [37/40], Step: [581/782], Loss: 0.0028154300525784492
Rank:0 Epoch: [37/40], Step: [591/782], Loss: 0.005496350582689047
Rank:0 Epoch: [37/40], Step: [601/782], Loss: 0.03351942077279091
Rank:0 Epoch: [37/40], Step: [611/782], Loss: 0.001052413834258914
Rank:0 Epoch: [37/40], Step: [621/782], Loss: 0.0006927541689947248
Rank:0 Epoch: [37/40], Step: [631/782], Loss: 0.005774139426648617
Rank:0 Epoch: [37/40], Step: [641/782], Loss: 0.005824957974255085
Rank:0 Epoch: [37/40], Step: [651/782], Loss: 0.03052634932100773
Rank:0 Epoch: [37/40], Step: [661/782], Loss: 0.007454992737621069
Rank:0 Epoch: [37/40], Step: [671/782], Loss: 0.0043611666187644005
Rank:0 Epoch: [37/40], Step: [681/782], Loss: 0.00996522419154644
Rank:0 Epoch: [37/40], Step: [691/782], Loss: 0.031373459845781326
Rank:0 Epoch: [37/40], Step: [701/782], Loss: 0.008305746130645275
Rank:0 Epoch: [37/40], Step: [711/782], Loss: 0.001714918646030128
Rank:0 Epoch: [37/40], Step: [721/782], Loss: 0.008736124262213707
Rank:0 Epoch: [37/40], Step: [731/782], Loss: 0.012700486928224564
Rank:0 Epoch: [37/40], Step: [741/782], Loss: 0.0007558669894933701
Rank:0 Epoch: [37/40], Step: [751/782], Loss: 0.026345588266849518
Rank:0 Epoch: [37/40], Step: [761/782], Loss: 0.00093623879365623
Rank:0 Epoch: [37/40], Step: [771/782], Loss: 0.0032469150610268116
Rank:0 Epoch: [37/40], Step: [781/782], Loss: 0.01551215723156929
Current Test Acc: 0.9363
Rank:0 Epoch: [38/40], Step: [1/782], Loss: 0.023466385900974274
Rank:0 Epoch: [38/40], Step: [11/782], Loss: 0.016836540773510933
Rank:0 Epoch: [38/40], Step: [21/782], Loss: 0.010947218164801598
Rank:0 Epoch: [38/40], Step: [31/782], Loss: 0.01991686038672924
Rank:0 Epoch: [38/40], Step: [41/782], Loss: 0.021500326693058014
Rank:0 Epoch: [38/40], Step: [51/782], Loss: 0.0035251895897090435
Rank:0 Epoch: [38/40], Step: [61/782], Loss: 0.004534399602562189
Rank:0 Epoch: [38/40], Step: [71/782], Loss: 0.02885531634092331
Rank:0 Epoch: [38/40], Step: [81/782], Loss: 0.13869982957839966
Rank:0 Epoch: [38/40], Step: [91/782], Loss: 0.0232289619743824
Rank:0 Epoch: [38/40], Step: [101/782], Loss: 0.0017839801730588078
Rank:0 Epoch: [38/40], Step: [111/782], Loss: 0.003799027530476451
Rank:0 Epoch: [38/40], Step: [121/782], Loss: 0.008094841614365578
Rank:0 Epoch: [38/40], Step: [131/782], Loss: 0.0021391205955296755
Rank:0 Epoch: [38/40], Step: [141/782], Loss: 0.004067146219313145
Rank:0 Epoch: [38/40], Step: [151/782], Loss: 0.0034006533678621054
Rank:0 Epoch: [38/40], Step: [161/782], Loss: 0.019627707079052925
Rank:0 Epoch: [38/40], Step: [171/782], Loss: 0.00889939907938242
Rank:0 Epoch: [38/40], Step: [181/782], Loss: 0.005580255761742592
Rank:0 Epoch: [38/40], Step: [191/782], Loss: 0.0024087131023406982
Rank:0 Epoch: [38/40], Step: [201/782], Loss: 0.0021082921884953976
Rank:0 Epoch: [38/40], Step: [211/782], Loss: 0.005534643307328224
Rank:0 Epoch: [38/40], Step: [221/782], Loss: 0.024922916665673256
Rank:0 Epoch: [38/40], Step: [231/782], Loss: 0.0042775655165314674
Rank:0 Epoch: [38/40], Step: [241/782], Loss: 0.007149020209908485
Rank:0 Epoch: [38/40], Step: [251/782], Loss: 0.01731361821293831
Rank:0 Epoch: [38/40], Step: [261/782], Loss: 0.0013304855674505234
Rank:0 Epoch: [38/40], Step: [271/782], Loss: 0.0009579002507962286
Rank:0 Epoch: [38/40], Step: [281/782], Loss: 0.041389696300029755
Rank:0 Epoch: [38/40], Step: [291/782], Loss: 0.0021023654844611883
Rank:0 Epoch: [38/40], Step: [301/782], Loss: 0.02154477685689926
Rank:0 Epoch: [38/40], Step: [311/782], Loss: 0.07967130094766617
Rank:0 Epoch: [38/40], Step: [321/782], Loss: 0.054597921669483185
Rank:0 Epoch: [38/40], Step: [331/782], Loss: 0.010494119487702847
Rank:0 Epoch: [38/40], Step: [341/782], Loss: 0.007124477066099644
Rank:0 Epoch: [38/40], Step: [351/782], Loss: 0.00045566316111944616
Rank:0 Epoch: [38/40], Step: [361/782], Loss: 0.01042993739247322
Rank:0 Epoch: [38/40], Step: [371/782], Loss: 0.0019084741361439228
Rank:0 Epoch: [38/40], Step: [381/782], Loss: 0.004728941712528467
Rank:0 Epoch: [38/40], Step: [391/782], Loss: 0.0028317514806985855
Rank:0 Epoch: [38/40], Step: [401/782], Loss: 0.0011456806678324938
Rank:0 Epoch: [38/40], Step: [411/782], Loss: 0.00222398666664958
Rank:0 Epoch: [38/40], Step: [421/782], Loss: 0.005726638250052929
Rank:0 Epoch: [38/40], Step: [431/782], Loss: 0.011748278513550758
Rank:0 Epoch: [38/40], Step: [441/782], Loss: 0.015283285640180111
Rank:0 Epoch: [38/40], Step: [451/782], Loss: 0.005097545683383942
Rank:0 Epoch: [38/40], Step: [461/782], Loss: 0.011970329098403454
Rank:0 Epoch: [38/40], Step: [471/782], Loss: 0.007161169778555632
Rank:0 Epoch: [38/40], Step: [481/782], Loss: 0.0035414155572652817
Rank:0 Epoch: [38/40], Step: [491/782], Loss: 0.0025332937948405743
Rank:0 Epoch: [38/40], Step: [501/782], Loss: 0.004358611535280943
Rank:0 Epoch: [38/40], Step: [511/782], Loss: 0.022024398669600487
Rank:0 Epoch: [38/40], Step: [521/782], Loss: 0.019107092171907425
Rank:0 Epoch: [38/40], Step: [531/782], Loss: 0.0017272229306399822
Rank:0 Epoch: [38/40], Step: [541/782], Loss: 0.0042829918675124645
Rank:0 Epoch: [38/40], Step: [551/782], Loss: 0.07372966408729553
Rank:0 Epoch: [38/40], Step: [561/782], Loss: 0.0014155623503029346
Rank:0 Epoch: [38/40], Step: [571/782], Loss: 0.004942909814417362
Rank:0 Epoch: [38/40], Step: [581/782], Loss: 0.023612864315509796
Rank:0 Epoch: [38/40], Step: [591/782], Loss: 0.0022046612575650215
Rank:0 Epoch: [38/40], Step: [601/782], Loss: 0.0034862805623561144
Rank:0 Epoch: [38/40], Step: [611/782], Loss: 0.007766637485474348
Rank:0 Epoch: [38/40], Step: [621/782], Loss: 0.007798994891345501
Rank:0 Epoch: [38/40], Step: [631/782], Loss: 0.012207446619868279
Rank:0 Epoch: [38/40], Step: [641/782], Loss: 0.039056196808815
Rank:0 Epoch: [38/40], Step: [651/782], Loss: 0.004908770322799683
Rank:0 Epoch: [38/40], Step: [661/782], Loss: 0.013316825963556767
Rank:0 Epoch: [38/40], Step: [671/782], Loss: 0.0010003794450312853
Rank:0 Epoch: [38/40], Step: [681/782], Loss: 0.0014846092090010643
Rank:0 Epoch: [38/40], Step: [691/782], Loss: 0.024130620062351227
Rank:0 Epoch: [38/40], Step: [701/782], Loss: 0.0022775244433432817
Rank:0 Epoch: [38/40], Step: [711/782], Loss: 0.0036289982963353395
Rank:0 Epoch: [38/40], Step: [721/782], Loss: 0.004937293007969856
Rank:0 Epoch: [38/40], Step: [731/782], Loss: 0.009689164347946644
Rank:0 Epoch: [38/40], Step: [741/782], Loss: 0.0005613632965832949
Rank:0 Epoch: [38/40], Step: [751/782], Loss: 0.0598604679107666
Rank:0 Epoch: [38/40], Step: [761/782], Loss: 0.006188781466335058
Rank:0 Epoch: [38/40], Step: [771/782], Loss: 0.06494694948196411
Rank:0 Epoch: [38/40], Step: [781/782], Loss: 0.014984305016696453
Current Test Acc: 0.9368
Rank:0 Epoch: [39/40], Step: [1/782], Loss: 0.002970700152218342
Rank:0 Epoch: [39/40], Step: [11/782], Loss: 0.001961094792932272
Rank:0 Epoch: [39/40], Step: [21/782], Loss: 0.010536606423556805
Rank:0 Epoch: [39/40], Step: [31/782], Loss: 0.008823768235743046
Rank:0 Epoch: [39/40], Step: [41/782], Loss: 0.015897078439593315
Rank:0 Epoch: [39/40], Step: [51/782], Loss: 0.0018843978177756071
Rank:0 Epoch: [39/40], Step: [61/782], Loss: 0.006878625135868788
Rank:0 Epoch: [39/40], Step: [71/782], Loss: 0.025666270405054092
Rank:0 Epoch: [39/40], Step: [81/782], Loss: 0.02414589375257492
Rank:0 Epoch: [39/40], Step: [91/782], Loss: 0.0011225725756958127
Rank:0 Epoch: [39/40], Step: [101/782], Loss: 0.03112262673676014
Rank:0 Epoch: [39/40], Step: [111/782], Loss: 0.005562055390328169
Rank:0 Epoch: [39/40], Step: [121/782], Loss: 0.0039549642242491245
Rank:0 Epoch: [39/40], Step: [131/782], Loss: 0.02322767861187458
Rank:0 Epoch: [39/40], Step: [141/782], Loss: 0.03137585520744324
Rank:0 Epoch: [39/40], Step: [151/782], Loss: 0.007217855658382177
Rank:0 Epoch: [39/40], Step: [161/782], Loss: 0.026650700718164444
Rank:0 Epoch: [39/40], Step: [171/782], Loss: 0.046663831919431686
Rank:0 Epoch: [39/40], Step: [181/782], Loss: 0.001649975893087685
Rank:0 Epoch: [39/40], Step: [191/782], Loss: 0.0036352998577058315
Rank:0 Epoch: [39/40], Step: [201/782], Loss: 0.005324509926140308
Rank:0 Epoch: [39/40], Step: [211/782], Loss: 0.0011684040073305368
Rank:0 Epoch: [39/40], Step: [221/782], Loss: 0.002578462939709425
Rank:0 Epoch: [39/40], Step: [231/782], Loss: 0.0025452752597630024
Rank:0 Epoch: [39/40], Step: [241/782], Loss: 0.0011580456048250198
Rank:0 Epoch: [39/40], Step: [251/782], Loss: 0.0037214725743979216
Rank:0 Epoch: [39/40], Step: [261/782], Loss: 0.013360382057726383
Rank:0 Epoch: [39/40], Step: [271/782], Loss: 0.006938137114048004
Rank:0 Epoch: [39/40], Step: [281/782], Loss: 0.0014051612233743072
Rank:0 Epoch: [39/40], Step: [291/782], Loss: 0.015789011493325233
Rank:0 Epoch: [39/40], Step: [301/782], Loss: 0.015054917894303799
Rank:0 Epoch: [39/40], Step: [311/782], Loss: 0.002895740559324622
Rank:0 Epoch: [39/40], Step: [321/782], Loss: 0.012054541148245335
Rank:0 Epoch: [39/40], Step: [331/782], Loss: 0.049848590046167374
Rank:0 Epoch: [39/40], Step: [341/782], Loss: 0.0033349995501339436
Rank:0 Epoch: [39/40], Step: [351/782], Loss: 0.0029686721973121166
Rank:0 Epoch: [39/40], Step: [361/782], Loss: 0.0014053722843527794
Rank:0 Epoch: [39/40], Step: [371/782], Loss: 0.004655980970710516
Rank:0 Epoch: [39/40], Step: [381/782], Loss: 0.01982823759317398
Rank:0 Epoch: [39/40], Step: [391/782], Loss: 0.002301868749782443
Rank:0 Epoch: [39/40], Step: [401/782], Loss: 0.0022090068086981773
Rank:0 Epoch: [39/40], Step: [411/782], Loss: 0.021911252290010452
Rank:0 Epoch: [39/40], Step: [421/782], Loss: 0.017775317654013634
Rank:0 Epoch: [39/40], Step: [431/782], Loss: 0.006567566189914942
Rank:0 Epoch: [39/40], Step: [441/782], Loss: 0.012405645102262497
Rank:0 Epoch: [39/40], Step: [451/782], Loss: 0.006442591547966003
Rank:0 Epoch: [39/40], Step: [461/782], Loss: 0.008173748850822449
Rank:0 Epoch: [39/40], Step: [471/782], Loss: 0.0075767794623970985
Rank:0 Epoch: [39/40], Step: [481/782], Loss: 0.026759004220366478
Rank:0 Epoch: [39/40], Step: [491/782], Loss: 0.0037979912012815475
Rank:0 Epoch: [39/40], Step: [501/782], Loss: 0.0026779528707265854
Rank:0 Epoch: [39/40], Step: [511/782], Loss: 0.0013481645146384835
Rank:0 Epoch: [39/40], Step: [521/782], Loss: 0.010102372616529465
Rank:0 Epoch: [39/40], Step: [531/782], Loss: 0.003969457931816578
Rank:0 Epoch: [39/40], Step: [541/782], Loss: 0.0018532745307311416
Rank:0 Epoch: [39/40], Step: [551/782], Loss: 0.0012544910423457623
Rank:0 Epoch: [39/40], Step: [561/782], Loss: 0.002794596366584301
Rank:0 Epoch: [39/40], Step: [571/782], Loss: 0.009422256611287594
Rank:0 Epoch: [39/40], Step: [581/782], Loss: 0.006978051271289587
Rank:0 Epoch: [39/40], Step: [591/782], Loss: 0.030294144526124
Rank:0 Epoch: [39/40], Step: [601/782], Loss: 0.00247140321880579
Rank:0 Epoch: [39/40], Step: [611/782], Loss: 0.0018253136659041047
Rank:0 Epoch: [39/40], Step: [621/782], Loss: 0.0018736906349658966
Rank:0 Epoch: [39/40], Step: [631/782], Loss: 0.001622451702132821
Rank:0 Epoch: [39/40], Step: [641/782], Loss: 0.003413871396332979
Rank:0 Epoch: [39/40], Step: [651/782], Loss: 0.0019404470222070813
Rank:0 Epoch: [39/40], Step: [661/782], Loss: 0.016316402703523636
Rank:0 Epoch: [39/40], Step: [671/782], Loss: 0.0018169472459703684
Rank:0 Epoch: [39/40], Step: [681/782], Loss: 0.015451198443770409
Rank:0 Epoch: [39/40], Step: [691/782], Loss: 0.0025962041690945625
Rank:0 Epoch: [39/40], Step: [701/782], Loss: 0.019778631627559662
Rank:0 Epoch: [39/40], Step: [711/782], Loss: 0.04911988228559494
Rank:0 Epoch: [39/40], Step: [721/782], Loss: 0.012796681374311447
Rank:0 Epoch: [39/40], Step: [731/782], Loss: 0.0009460882283747196
Rank:0 Epoch: [39/40], Step: [741/782], Loss: 0.007404923439025879
Rank:0 Epoch: [39/40], Step: [751/782], Loss: 0.003454067511484027
Rank:0 Epoch: [39/40], Step: [761/782], Loss: 0.002614797092974186
Rank:0 Epoch: [39/40], Step: [771/782], Loss: 0.015018624253571033
Rank:0 Epoch: [39/40], Step: [781/782], Loss: 0.003290894441306591
Current Test Acc: 0.938
Rank:0 Epoch: [40/40], Step: [1/782], Loss: 0.018090497702360153
Rank:0 Epoch: [40/40], Step: [11/782], Loss: 0.01197968889027834
Rank:0 Epoch: [40/40], Step: [21/782], Loss: 0.028695426881313324
Rank:0 Epoch: [40/40], Step: [31/782], Loss: 0.0043734535574913025
Rank:0 Epoch: [40/40], Step: [41/782], Loss: 0.006515839137136936
Rank:0 Epoch: [40/40], Step: [51/782], Loss: 0.010664338245987892
Rank:0 Epoch: [40/40], Step: [61/782], Loss: 0.0031661950051784515
Rank:0 Epoch: [40/40], Step: [71/782], Loss: 0.0032067864667624235
Rank:0 Epoch: [40/40], Step: [81/782], Loss: 0.0025514212902635336
Rank:0 Epoch: [40/40], Step: [91/782], Loss: 0.00693203741684556
Rank:0 Epoch: [40/40], Step: [101/782], Loss: 0.05478725582361221
Rank:0 Epoch: [40/40], Step: [111/782], Loss: 0.00328389136120677
Rank:0 Epoch: [40/40], Step: [121/782], Loss: 0.004873430356383324
Rank:0 Epoch: [40/40], Step: [131/782], Loss: 0.00341547722928226
Rank:0 Epoch: [40/40], Step: [141/782], Loss: 0.03796994313597679
Rank:0 Epoch: [40/40], Step: [151/782], Loss: 0.008203293196856976
Rank:0 Epoch: [40/40], Step: [161/782], Loss: 0.006357672158628702
Rank:0 Epoch: [40/40], Step: [171/782], Loss: 0.0014692803379148245
Rank:0 Epoch: [40/40], Step: [181/782], Loss: 0.0012516104616224766
Rank:0 Epoch: [40/40], Step: [191/782], Loss: 0.005330880172550678
Rank:0 Epoch: [40/40], Step: [201/782], Loss: 0.002115729497745633
Rank:0 Epoch: [40/40], Step: [211/782], Loss: 0.0023581054992973804
Rank:0 Epoch: [40/40], Step: [221/782], Loss: 0.0007415366126224399
Rank:0 Epoch: [40/40], Step: [231/782], Loss: 0.006464790087193251
Rank:0 Epoch: [40/40], Step: [241/782], Loss: 0.04710773378610611
Rank:0 Epoch: [40/40], Step: [251/782], Loss: 0.0025702263228595257
Rank:0 Epoch: [40/40], Step: [261/782], Loss: 0.026843251660466194
Rank:0 Epoch: [40/40], Step: [271/782], Loss: 0.0031191599555313587
Rank:0 Epoch: [40/40], Step: [281/782], Loss: 0.03884880244731903
Rank:0 Epoch: [40/40], Step: [291/782], Loss: 0.0018550377571955323
Rank:0 Epoch: [40/40], Step: [301/782], Loss: 0.001637493958696723
Rank:0 Epoch: [40/40], Step: [311/782], Loss: 0.03140825405716896
Rank:0 Epoch: [40/40], Step: [321/782], Loss: 0.005437331739813089
Rank:0 Epoch: [40/40], Step: [331/782], Loss: 0.000982457771897316
Rank:0 Epoch: [40/40], Step: [341/782], Loss: 0.03506811335682869
Rank:0 Epoch: [40/40], Step: [351/782], Loss: 0.0029414237942546606
Rank:0 Epoch: [40/40], Step: [361/782], Loss: 0.004313190467655659
Rank:0 Epoch: [40/40], Step: [371/782], Loss: 0.0033293140586465597
Rank:0 Epoch: [40/40], Step: [381/782], Loss: 0.023045679554343224
Rank:0 Epoch: [40/40], Step: [391/782], Loss: 0.013210494071245193
Rank:0 Epoch: [40/40], Step: [401/782], Loss: 0.018905309960246086
Rank:0 Epoch: [40/40], Step: [411/782], Loss: 0.005724205635488033
Rank:0 Epoch: [40/40], Step: [421/782], Loss: 0.029354892671108246
Rank:0 Epoch: [40/40], Step: [431/782], Loss: 0.024211876094341278
Rank:0 Epoch: [40/40], Step: [441/782], Loss: 0.001950681209564209
Rank:0 Epoch: [40/40], Step: [451/782], Loss: 0.02784908376634121
Rank:0 Epoch: [40/40], Step: [461/782], Loss: 0.008305302821099758
Rank:0 Epoch: [40/40], Step: [471/782], Loss: 0.03201320022344589
Rank:0 Epoch: [40/40], Step: [481/782], Loss: 0.0065305945463478565
Rank:0 Epoch: [40/40], Step: [491/782], Loss: 0.0024476484395563602
Rank:0 Epoch: [40/40], Step: [501/782], Loss: 0.012781495228409767
Rank:0 Epoch: [40/40], Step: [511/782], Loss: 0.0025808217469602823
Rank:0 Epoch: [40/40], Step: [521/782], Loss: 0.009658316150307655
Rank:0 Epoch: [40/40], Step: [531/782], Loss: 0.0020044122356921434
Rank:0 Epoch: [40/40], Step: [541/782], Loss: 0.0034957206808030605
Rank:0 Epoch: [40/40], Step: [551/782], Loss: 0.04536433517932892
Rank:0 Epoch: [40/40], Step: [561/782], Loss: 0.0013075133319944143
Rank:0 Epoch: [40/40], Step: [571/782], Loss: 0.007271324284374714
Rank:0 Epoch: [40/40], Step: [581/782], Loss: 0.040597207844257355
Rank:0 Epoch: [40/40], Step: [591/782], Loss: 0.035731665790081024
Rank:0 Epoch: [40/40], Step: [601/782], Loss: 0.010826904326677322
Rank:0 Epoch: [40/40], Step: [611/782], Loss: 0.001902546500787139
Rank:0 Epoch: [40/40], Step: [621/782], Loss: 0.0019994452595710754
Rank:0 Epoch: [40/40], Step: [631/782], Loss: 0.001285520731471479
Rank:0 Epoch: [40/40], Step: [641/782], Loss: 0.008283715695142746
Rank:0 Epoch: [40/40], Step: [651/782], Loss: 0.0024077724665403366
Rank:0 Epoch: [40/40], Step: [661/782], Loss: 0.002709550317376852
Rank:0 Epoch: [40/40], Step: [671/782], Loss: 0.015148807317018509
Rank:0 Epoch: [40/40], Step: [681/782], Loss: 0.002022666158154607
Rank:0 Epoch: [40/40], Step: [691/782], Loss: 0.001681899419054389
Rank:0 Epoch: [40/40], Step: [701/782], Loss: 0.10956902801990509
Rank:0 Epoch: [40/40], Step: [711/782], Loss: 0.016099177300930023
Rank:0 Epoch: [40/40], Step: [721/782], Loss: 0.002993793925270438
Rank:0 Epoch: [40/40], Step: [731/782], Loss: 0.014544142410159111
Rank:0 Epoch: [40/40], Step: [741/782], Loss: 0.005109862424433231
Rank:0 Epoch: [40/40], Step: [751/782], Loss: 0.003813283983618021
Rank:0 Epoch: [40/40], Step: [761/782], Loss: 0.00641584349796176
Rank:0 Epoch: [40/40], Step: [771/782], Loss: 0.002945595420897007
Rank:0 Epoch: [40/40], Step: [781/782], Loss: 0.001304012374021113
Current Test Acc: 0.9378
Local best accuracy so far 0.938
Best accuracy so far 0.938
completed!
