ddp backend: nccl, world size: 1
rank 0 train on cuda 0
Rank:0 Epoch: [1/40], Step: [1/782], Loss: 2.3235833644866943
Rank:0 Epoch: [1/40], Step: [11/782], Loss: 2.095299005508423
Rank:0 Epoch: [1/40], Step: [21/782], Loss: 1.8961260318756104
Rank:0 Epoch: [1/40], Step: [31/782], Loss: 1.8112376928329468
Rank:0 Epoch: [1/40], Step: [41/782], Loss: 1.5923124551773071
Rank:0 Epoch: [1/40], Step: [51/782], Loss: 1.723589301109314
Rank:0 Epoch: [1/40], Step: [61/782], Loss: 1.5880098342895508
Rank:0 Epoch: [1/40], Step: [71/782], Loss: 2.07509708404541
Rank:0 Epoch: [1/40], Step: [81/782], Loss: 1.6261893510818481
Rank:0 Epoch: [1/40], Step: [91/782], Loss: 1.6012251377105713
Rank:0 Epoch: [1/40], Step: [101/782], Loss: 1.5049519538879395
Rank:0 Epoch: [1/40], Step: [111/782], Loss: 1.3386435508728027
Rank:0 Epoch: [1/40], Step: [121/782], Loss: 1.2634549140930176
Rank:0 Epoch: [1/40], Step: [131/782], Loss: 1.2677831649780273
Rank:0 Epoch: [1/40], Step: [141/782], Loss: 1.3439959287643433
Rank:0 Epoch: [1/40], Step: [151/782], Loss: 1.4146665334701538
Rank:0 Epoch: [1/40], Step: [161/782], Loss: 1.144686222076416
Rank:0 Epoch: [1/40], Step: [171/782], Loss: 1.1131932735443115
Rank:0 Epoch: [1/40], Step: [181/782], Loss: 1.2589579820632935
Rank:0 Epoch: [1/40], Step: [191/782], Loss: 1.1506539583206177
Rank:0 Epoch: [1/40], Step: [201/782], Loss: 1.5801644325256348
Rank:0 Epoch: [1/40], Step: [211/782], Loss: 1.1747466325759888
Rank:0 Epoch: [1/40], Step: [221/782], Loss: 1.0898326635360718
Rank:0 Epoch: [1/40], Step: [231/782], Loss: 1.2470473051071167
Rank:0 Epoch: [1/40], Step: [241/782], Loss: 1.1367040872573853
Rank:0 Epoch: [1/40], Step: [251/782], Loss: 0.9797179102897644
Rank:0 Epoch: [1/40], Step: [261/782], Loss: 1.1873623132705688
Rank:0 Epoch: [1/40], Step: [271/782], Loss: 1.2213339805603027
Rank:0 Epoch: [1/40], Step: [281/782], Loss: 0.8876020312309265
Rank:0 Epoch: [1/40], Step: [291/782], Loss: 0.9253857135772705
Rank:0 Epoch: [1/40], Step: [301/782], Loss: 1.4488900899887085
Rank:0 Epoch: [1/40], Step: [311/782], Loss: 1.1561026573181152
Rank:0 Epoch: [1/40], Step: [321/782], Loss: 1.079626202583313
Rank:0 Epoch: [1/40], Step: [331/782], Loss: 1.0277504920959473
Rank:0 Epoch: [1/40], Step: [341/782], Loss: 1.0582411289215088
Rank:0 Epoch: [1/40], Step: [351/782], Loss: 0.9137454628944397
Rank:0 Epoch: [1/40], Step: [361/782], Loss: 0.894789457321167
Rank:0 Epoch: [1/40], Step: [371/782], Loss: 1.0851572751998901
Rank:0 Epoch: [1/40], Step: [381/782], Loss: 1.097703218460083
Rank:0 Epoch: [1/40], Step: [391/782], Loss: 0.8917436003684998
Rank:0 Epoch: [1/40], Step: [401/782], Loss: 0.9831803441047668
Rank:0 Epoch: [1/40], Step: [411/782], Loss: 0.9734958410263062
Rank:0 Epoch: [1/40], Step: [421/782], Loss: 1.1079167127609253
Rank:0 Epoch: [1/40], Step: [431/782], Loss: 1.0613391399383545
Rank:0 Epoch: [1/40], Step: [441/782], Loss: 0.9419412016868591
Rank:0 Epoch: [1/40], Step: [451/782], Loss: 0.8607913851737976
Rank:0 Epoch: [1/40], Step: [461/782], Loss: 1.1150585412979126
Rank:0 Epoch: [1/40], Step: [471/782], Loss: 1.123989462852478
Rank:0 Epoch: [1/40], Step: [481/782], Loss: 1.2232322692871094
Rank:0 Epoch: [1/40], Step: [491/782], Loss: 1.123520851135254
Rank:0 Epoch: [1/40], Step: [501/782], Loss: 1.0039048194885254
Rank:0 Epoch: [1/40], Step: [511/782], Loss: 1.0179007053375244
Rank:0 Epoch: [1/40], Step: [521/782], Loss: 0.9430526494979858
Rank:0 Epoch: [1/40], Step: [531/782], Loss: 0.937097430229187
Rank:0 Epoch: [1/40], Step: [541/782], Loss: 0.7114008665084839
Rank:0 Epoch: [1/40], Step: [551/782], Loss: 0.9097324013710022
Rank:0 Epoch: [1/40], Step: [561/782], Loss: 1.125966191291809
Rank:0 Epoch: [1/40], Step: [571/782], Loss: 0.8231194615364075
Rank:0 Epoch: [1/40], Step: [581/782], Loss: 1.6782089471817017
Rank:0 Epoch: [1/40], Step: [591/782], Loss: 0.7280929684638977
Rank:0 Epoch: [1/40], Step: [601/782], Loss: 0.9981997609138489
Rank:0 Epoch: [1/40], Step: [611/782], Loss: 1.302996039390564
Rank:0 Epoch: [1/40], Step: [621/782], Loss: 0.8039805889129639
Rank:0 Epoch: [1/40], Step: [631/782], Loss: 1.3624002933502197
Rank:0 Epoch: [1/40], Step: [641/782], Loss: 0.9014083743095398
Rank:0 Epoch: [1/40], Step: [651/782], Loss: 1.086285948753357
Rank:0 Epoch: [1/40], Step: [661/782], Loss: 0.8960360884666443
Rank:0 Epoch: [1/40], Step: [671/782], Loss: 1.1528651714324951
Rank:0 Epoch: [1/40], Step: [681/782], Loss: 0.7366955280303955
Rank:0 Epoch: [1/40], Step: [691/782], Loss: 1.130124807357788
Rank:0 Epoch: [1/40], Step: [701/782], Loss: 0.9460284113883972
Rank:0 Epoch: [1/40], Step: [711/782], Loss: 0.7395688891410828
Rank:0 Epoch: [1/40], Step: [721/782], Loss: 0.9373022317886353
Rank:0 Epoch: [1/40], Step: [731/782], Loss: 0.659320592880249
Rank:0 Epoch: [1/40], Step: [741/782], Loss: 0.5656651854515076
Rank:0 Epoch: [1/40], Step: [751/782], Loss: 0.6979023814201355
Rank:0 Epoch: [1/40], Step: [761/782], Loss: 1.0217280387878418
Rank:0 Epoch: [1/40], Step: [771/782], Loss: 1.0975267887115479
Rank:0 Epoch: [1/40], Step: [781/782], Loss: 0.854471743106842
Current Test Acc: 0.6444
Rank:0 Epoch: [2/40], Step: [1/782], Loss: 0.79844069480896
Rank:0 Epoch: [2/40], Step: [11/782], Loss: 0.7119101285934448
Rank:0 Epoch: [2/40], Step: [21/782], Loss: 0.710402250289917
Rank:0 Epoch: [2/40], Step: [31/782], Loss: 1.0314778089523315
Rank:0 Epoch: [2/40], Step: [41/782], Loss: 0.8051776885986328
Rank:0 Epoch: [2/40], Step: [51/782], Loss: 0.7041262984275818
Rank:0 Epoch: [2/40], Step: [61/782], Loss: 0.7884721159934998
Rank:0 Epoch: [2/40], Step: [71/782], Loss: 0.9913166165351868
Rank:0 Epoch: [2/40], Step: [81/782], Loss: 1.0125209093093872
Rank:0 Epoch: [2/40], Step: [91/782], Loss: 1.2179926633834839
Rank:0 Epoch: [2/40], Step: [101/782], Loss: 0.8534485101699829
Rank:0 Epoch: [2/40], Step: [111/782], Loss: 0.9921963214874268
Rank:0 Epoch: [2/40], Step: [121/782], Loss: 0.8812996745109558
Rank:0 Epoch: [2/40], Step: [131/782], Loss: 0.8768041133880615
Rank:0 Epoch: [2/40], Step: [141/782], Loss: 0.8148048520088196
Rank:0 Epoch: [2/40], Step: [151/782], Loss: 1.071625828742981
Rank:0 Epoch: [2/40], Step: [161/782], Loss: 1.0438318252563477
Rank:0 Epoch: [2/40], Step: [171/782], Loss: 0.7348559498786926
Rank:0 Epoch: [2/40], Step: [181/782], Loss: 0.8343762159347534
Rank:0 Epoch: [2/40], Step: [191/782], Loss: 1.1138744354248047
Rank:0 Epoch: [2/40], Step: [201/782], Loss: 0.7095397114753723
Rank:0 Epoch: [2/40], Step: [211/782], Loss: 0.7187042832374573
Rank:0 Epoch: [2/40], Step: [221/782], Loss: 0.9538964629173279
Rank:0 Epoch: [2/40], Step: [231/782], Loss: 0.8847286701202393
Rank:0 Epoch: [2/40], Step: [241/782], Loss: 1.2074699401855469
Rank:0 Epoch: [2/40], Step: [251/782], Loss: 0.7824492454528809
Rank:0 Epoch: [2/40], Step: [261/782], Loss: 0.9290830492973328
Rank:0 Epoch: [2/40], Step: [271/782], Loss: 0.6862218379974365
Rank:0 Epoch: [2/40], Step: [281/782], Loss: 0.9441525340080261
Rank:0 Epoch: [2/40], Step: [291/782], Loss: 0.9865599870681763
Rank:0 Epoch: [2/40], Step: [301/782], Loss: 0.9366980791091919
Rank:0 Epoch: [2/40], Step: [311/782], Loss: 1.0244927406311035
Rank:0 Epoch: [2/40], Step: [321/782], Loss: 1.2632561922073364
Rank:0 Epoch: [2/40], Step: [331/782], Loss: 1.1129428148269653
Rank:0 Epoch: [2/40], Step: [341/782], Loss: 1.1840665340423584
Rank:0 Epoch: [2/40], Step: [351/782], Loss: 0.8777925372123718
Rank:0 Epoch: [2/40], Step: [361/782], Loss: 1.1246860027313232
Rank:0 Epoch: [2/40], Step: [371/782], Loss: 0.8645254373550415
Rank:0 Epoch: [2/40], Step: [381/782], Loss: 0.7414278984069824
Rank:0 Epoch: [2/40], Step: [391/782], Loss: 0.9093561768531799
Rank:0 Epoch: [2/40], Step: [401/782], Loss: 1.458264946937561
Rank:0 Epoch: [2/40], Step: [411/782], Loss: 0.6983527541160583
Rank:0 Epoch: [2/40], Step: [421/782], Loss: 0.8732042908668518
Rank:0 Epoch: [2/40], Step: [431/782], Loss: 1.149169683456421
Rank:0 Epoch: [2/40], Step: [441/782], Loss: 0.6027208566665649
Rank:0 Epoch: [2/40], Step: [451/782], Loss: 0.7524766325950623
Rank:0 Epoch: [2/40], Step: [461/782], Loss: 0.7144655585289001
Rank:0 Epoch: [2/40], Step: [471/782], Loss: 0.7532767057418823
Rank:0 Epoch: [2/40], Step: [481/782], Loss: 1.290678858757019
Rank:0 Epoch: [2/40], Step: [491/782], Loss: 0.8757789134979248
Rank:0 Epoch: [2/40], Step: [501/782], Loss: 0.9088290333747864
Rank:0 Epoch: [2/40], Step: [511/782], Loss: 0.8888470530509949
Rank:0 Epoch: [2/40], Step: [521/782], Loss: 0.5264938473701477
Rank:0 Epoch: [2/40], Step: [531/782], Loss: 0.9216703772544861
Rank:0 Epoch: [2/40], Step: [541/782], Loss: 0.7400192618370056
Rank:0 Epoch: [2/40], Step: [551/782], Loss: 0.6815019845962524
Rank:0 Epoch: [2/40], Step: [561/782], Loss: 0.9880884885787964
Rank:0 Epoch: [2/40], Step: [571/782], Loss: 0.8663955330848694
Rank:0 Epoch: [2/40], Step: [581/782], Loss: 0.9415345191955566
Rank:0 Epoch: [2/40], Step: [591/782], Loss: 1.063087821006775
Rank:0 Epoch: [2/40], Step: [601/782], Loss: 0.7398205399513245
Rank:0 Epoch: [2/40], Step: [611/782], Loss: 0.5721190571784973
Rank:0 Epoch: [2/40], Step: [621/782], Loss: 0.675346314907074
Rank:0 Epoch: [2/40], Step: [631/782], Loss: 0.7092771530151367
Rank:0 Epoch: [2/40], Step: [641/782], Loss: 0.7632904052734375
Rank:0 Epoch: [2/40], Step: [651/782], Loss: 0.8211972713470459
Rank:0 Epoch: [2/40], Step: [661/782], Loss: 0.8126426339149475
Rank:0 Epoch: [2/40], Step: [671/782], Loss: 1.0670013427734375
Rank:0 Epoch: [2/40], Step: [681/782], Loss: 0.6412084102630615
Rank:0 Epoch: [2/40], Step: [691/782], Loss: 0.5437082052230835
Rank:0 Epoch: [2/40], Step: [701/782], Loss: 0.7692332863807678
Rank:0 Epoch: [2/40], Step: [711/782], Loss: 0.9443395137786865
Rank:0 Epoch: [2/40], Step: [721/782], Loss: 0.8202273845672607
Rank:0 Epoch: [2/40], Step: [731/782], Loss: 0.5502804517745972
Rank:0 Epoch: [2/40], Step: [741/782], Loss: 1.3261412382125854
Rank:0 Epoch: [2/40], Step: [751/782], Loss: 1.0180912017822266
Rank:0 Epoch: [2/40], Step: [761/782], Loss: 1.107109546661377
Rank:0 Epoch: [2/40], Step: [771/782], Loss: 0.5375720262527466
Rank:0 Epoch: [2/40], Step: [781/782], Loss: 0.4918449819087982
Current Test Acc: 0.7289
Rank:0 Epoch: [3/40], Step: [1/782], Loss: 0.7241793870925903
Rank:0 Epoch: [3/40], Step: [11/782], Loss: 0.7208185195922852
Rank:0 Epoch: [3/40], Step: [21/782], Loss: 0.7345759868621826
Rank:0 Epoch: [3/40], Step: [31/782], Loss: 0.596393346786499
Rank:0 Epoch: [3/40], Step: [41/782], Loss: 0.7041579484939575
Rank:0 Epoch: [3/40], Step: [51/782], Loss: 0.6595656871795654
Rank:0 Epoch: [3/40], Step: [61/782], Loss: 0.9506373405456543
Rank:0 Epoch: [3/40], Step: [71/782], Loss: 0.8133294582366943
Rank:0 Epoch: [3/40], Step: [81/782], Loss: 0.6476010084152222
Rank:0 Epoch: [3/40], Step: [91/782], Loss: 1.1349389553070068
Rank:0 Epoch: [3/40], Step: [101/782], Loss: 0.9492332935333252
Rank:0 Epoch: [3/40], Step: [111/782], Loss: 1.2128762006759644
Rank:0 Epoch: [3/40], Step: [121/782], Loss: 0.6826066374778748
Rank:0 Epoch: [3/40], Step: [131/782], Loss: 0.6372473835945129
Rank:0 Epoch: [3/40], Step: [141/782], Loss: 0.6172522902488708
Rank:0 Epoch: [3/40], Step: [151/782], Loss: 0.7031529545783997
Rank:0 Epoch: [3/40], Step: [161/782], Loss: 0.6732735633850098
Rank:0 Epoch: [3/40], Step: [171/782], Loss: 0.5287191271781921
Rank:0 Epoch: [3/40], Step: [181/782], Loss: 0.654584527015686
Rank:0 Epoch: [3/40], Step: [191/782], Loss: 0.5475390553474426
Rank:0 Epoch: [3/40], Step: [201/782], Loss: 0.6736353635787964
Rank:0 Epoch: [3/40], Step: [211/782], Loss: 0.7528965473175049
Rank:0 Epoch: [3/40], Step: [221/782], Loss: 0.8109066486358643
Rank:0 Epoch: [3/40], Step: [231/782], Loss: 0.8653984665870667
Rank:0 Epoch: [3/40], Step: [241/782], Loss: 0.7968711853027344
Rank:0 Epoch: [3/40], Step: [251/782], Loss: 0.6146231889724731
Rank:0 Epoch: [3/40], Step: [261/782], Loss: 0.6651932597160339
Rank:0 Epoch: [3/40], Step: [271/782], Loss: 0.8272181749343872
Rank:0 Epoch: [3/40], Step: [281/782], Loss: 0.8332613110542297
Rank:0 Epoch: [3/40], Step: [291/782], Loss: 0.7669662833213806
Rank:0 Epoch: [3/40], Step: [301/782], Loss: 0.7218106389045715
Rank:0 Epoch: [3/40], Step: [311/782], Loss: 1.0541549921035767
Rank:0 Epoch: [3/40], Step: [321/782], Loss: 1.00965416431427
Rank:0 Epoch: [3/40], Step: [331/782], Loss: 0.7117746472358704
Rank:0 Epoch: [3/40], Step: [341/782], Loss: 0.9050003886222839
Rank:0 Epoch: [3/40], Step: [351/782], Loss: 0.725020706653595
Rank:0 Epoch: [3/40], Step: [361/782], Loss: 1.051146149635315
Rank:0 Epoch: [3/40], Step: [371/782], Loss: 0.97664475440979
Rank:0 Epoch: [3/40], Step: [381/782], Loss: 0.8180546760559082
Rank:0 Epoch: [3/40], Step: [391/782], Loss: 0.7109032869338989
Rank:0 Epoch: [3/40], Step: [401/782], Loss: 0.9167836904525757
Rank:0 Epoch: [3/40], Step: [411/782], Loss: 0.8988761305809021
Rank:0 Epoch: [3/40], Step: [421/782], Loss: 1.173040747642517
Rank:0 Epoch: [3/40], Step: [431/782], Loss: 1.1974109411239624
Rank:0 Epoch: [3/40], Step: [441/782], Loss: 0.61900395154953
Rank:0 Epoch: [3/40], Step: [451/782], Loss: 0.9952775239944458
Rank:0 Epoch: [3/40], Step: [461/782], Loss: 0.6499113440513611
Rank:0 Epoch: [3/40], Step: [471/782], Loss: 0.5910203456878662
Rank:0 Epoch: [3/40], Step: [481/782], Loss: 1.0777499675750732
Rank:0 Epoch: [3/40], Step: [491/782], Loss: 1.2574725151062012
Rank:0 Epoch: [3/40], Step: [501/782], Loss: 0.6348100304603577
Rank:0 Epoch: [3/40], Step: [511/782], Loss: 0.5839864015579224
Rank:0 Epoch: [3/40], Step: [521/782], Loss: 0.6930742859840393
Rank:0 Epoch: [3/40], Step: [531/782], Loss: 0.9582482576370239
Rank:0 Epoch: [3/40], Step: [541/782], Loss: 0.8006122708320618
Rank:0 Epoch: [3/40], Step: [551/782], Loss: 0.46996310353279114
Rank:0 Epoch: [3/40], Step: [561/782], Loss: 0.9187684059143066
Rank:0 Epoch: [3/40], Step: [571/782], Loss: 1.2847168445587158
Rank:0 Epoch: [3/40], Step: [581/782], Loss: 0.7916626334190369
Rank:0 Epoch: [3/40], Step: [591/782], Loss: 1.0642971992492676
Rank:0 Epoch: [3/40], Step: [601/782], Loss: 1.188398838043213
Rank:0 Epoch: [3/40], Step: [611/782], Loss: 0.7177984714508057
Rank:0 Epoch: [3/40], Step: [621/782], Loss: 0.8239117860794067
Rank:0 Epoch: [3/40], Step: [631/782], Loss: 0.651386559009552
Rank:0 Epoch: [3/40], Step: [641/782], Loss: 0.5302081108093262
Rank:0 Epoch: [3/40], Step: [651/782], Loss: 0.6969935297966003
Rank:0 Epoch: [3/40], Step: [661/782], Loss: 0.5913971066474915
Rank:0 Epoch: [3/40], Step: [671/782], Loss: 0.7135955095291138
Rank:0 Epoch: [3/40], Step: [681/782], Loss: 0.7673380374908447
Rank:0 Epoch: [3/40], Step: [691/782], Loss: 0.7765399813652039
Rank:0 Epoch: [3/40], Step: [701/782], Loss: 0.7033057808876038
Rank:0 Epoch: [3/40], Step: [711/782], Loss: 0.6461460590362549
Rank:0 Epoch: [3/40], Step: [721/782], Loss: 1.0258352756500244
Rank:0 Epoch: [3/40], Step: [731/782], Loss: 0.8600208163261414
Rank:0 Epoch: [3/40], Step: [741/782], Loss: 0.7337595224380493
Rank:0 Epoch: [3/40], Step: [751/782], Loss: 0.6927884221076965
Rank:0 Epoch: [3/40], Step: [761/782], Loss: 0.8598536252975464
Rank:0 Epoch: [3/40], Step: [771/782], Loss: 1.0497968196868896
Rank:0 Epoch: [3/40], Step: [781/782], Loss: 0.5546842217445374
Current Test Acc: 0.7846
Rank:0 Epoch: [4/40], Step: [1/782], Loss: 0.7017508149147034
Rank:0 Epoch: [4/40], Step: [11/782], Loss: 0.7131322622299194
Rank:0 Epoch: [4/40], Step: [21/782], Loss: 0.6242724061012268
Rank:0 Epoch: [4/40], Step: [31/782], Loss: 0.7792312502861023
Rank:0 Epoch: [4/40], Step: [41/782], Loss: 0.5459650158882141
Rank:0 Epoch: [4/40], Step: [51/782], Loss: 0.6774909496307373
Rank:0 Epoch: [4/40], Step: [61/782], Loss: 0.614808201789856
Rank:0 Epoch: [4/40], Step: [71/782], Loss: 0.6326615214347839
Rank:0 Epoch: [4/40], Step: [81/782], Loss: 0.6258171796798706
Rank:0 Epoch: [4/40], Step: [91/782], Loss: 0.7421665787696838
Rank:0 Epoch: [4/40], Step: [101/782], Loss: 0.8818269968032837
Rank:0 Epoch: [4/40], Step: [111/782], Loss: 0.7088928818702698
Rank:0 Epoch: [4/40], Step: [121/782], Loss: 0.602529764175415
Rank:0 Epoch: [4/40], Step: [131/782], Loss: 1.0208123922348022
Rank:0 Epoch: [4/40], Step: [141/782], Loss: 0.48695752024650574
Rank:0 Epoch: [4/40], Step: [151/782], Loss: 1.060681700706482
Rank:0 Epoch: [4/40], Step: [161/782], Loss: 1.0165404081344604
Rank:0 Epoch: [4/40], Step: [171/782], Loss: 0.7306621074676514
Rank:0 Epoch: [4/40], Step: [181/782], Loss: 1.080546498298645
Rank:0 Epoch: [4/40], Step: [191/782], Loss: 0.6467376351356506
Rank:0 Epoch: [4/40], Step: [201/782], Loss: 0.5840581059455872
Rank:0 Epoch: [4/40], Step: [211/782], Loss: 0.7710220217704773
Rank:0 Epoch: [4/40], Step: [221/782], Loss: 0.7422658205032349
Rank:0 Epoch: [4/40], Step: [231/782], Loss: 0.7915018796920776
Rank:0 Epoch: [4/40], Step: [241/782], Loss: 0.4319652318954468
Rank:0 Epoch: [4/40], Step: [251/782], Loss: 0.5198155045509338
Rank:0 Epoch: [4/40], Step: [261/782], Loss: 0.8512178063392639
Rank:0 Epoch: [4/40], Step: [271/782], Loss: 0.6359888911247253
Rank:0 Epoch: [4/40], Step: [281/782], Loss: 0.5870083570480347
Rank:0 Epoch: [4/40], Step: [291/782], Loss: 0.6972387433052063
Rank:0 Epoch: [4/40], Step: [301/782], Loss: 0.8697649240493774
Rank:0 Epoch: [4/40], Step: [311/782], Loss: 0.7408533096313477
Rank:0 Epoch: [4/40], Step: [321/782], Loss: 1.0162655115127563
Rank:0 Epoch: [4/40], Step: [331/782], Loss: 0.6409122347831726
Rank:0 Epoch: [4/40], Step: [341/782], Loss: 0.6034192442893982
Rank:0 Epoch: [4/40], Step: [351/782], Loss: 0.533748984336853
Rank:0 Epoch: [4/40], Step: [361/782], Loss: 0.8924141526222229
Rank:0 Epoch: [4/40], Step: [371/782], Loss: 1.1984753608703613
Rank:0 Epoch: [4/40], Step: [381/782], Loss: 1.007103681564331
Rank:0 Epoch: [4/40], Step: [391/782], Loss: 0.6476843357086182
Rank:0 Epoch: [4/40], Step: [401/782], Loss: 0.8242244124412537
Rank:0 Epoch: [4/40], Step: [411/782], Loss: 0.5421587824821472
Rank:0 Epoch: [4/40], Step: [421/782], Loss: 0.5328668355941772
Rank:0 Epoch: [4/40], Step: [431/782], Loss: 0.7226877808570862
Rank:0 Epoch: [4/40], Step: [441/782], Loss: 0.8922173380851746
Rank:0 Epoch: [4/40], Step: [451/782], Loss: 0.5598257184028625
Rank:0 Epoch: [4/40], Step: [461/782], Loss: 0.7201400995254517
Rank:0 Epoch: [4/40], Step: [471/782], Loss: 0.9701889157295227
Rank:0 Epoch: [4/40], Step: [481/782], Loss: 1.0470869541168213
Rank:0 Epoch: [4/40], Step: [491/782], Loss: 0.6675609946250916
Rank:0 Epoch: [4/40], Step: [501/782], Loss: 0.6080666780471802
Rank:0 Epoch: [4/40], Step: [511/782], Loss: 0.7091892957687378
Rank:0 Epoch: [4/40], Step: [521/782], Loss: 0.6386449337005615
Rank:0 Epoch: [4/40], Step: [531/782], Loss: 0.8157443404197693
Rank:0 Epoch: [4/40], Step: [541/782], Loss: 0.7986335754394531
Rank:0 Epoch: [4/40], Step: [551/782], Loss: 0.8682833909988403
Rank:0 Epoch: [4/40], Step: [561/782], Loss: 0.5164280533790588
Rank:0 Epoch: [4/40], Step: [571/782], Loss: 0.35515281558036804
Rank:0 Epoch: [4/40], Step: [581/782], Loss: 0.6800392270088196
Rank:0 Epoch: [4/40], Step: [591/782], Loss: 0.6034714579582214
Rank:0 Epoch: [4/40], Step: [601/782], Loss: 0.6594418883323669
Rank:0 Epoch: [4/40], Step: [611/782], Loss: 0.6559944152832031
Rank:0 Epoch: [4/40], Step: [621/782], Loss: 0.48578959703445435
Rank:0 Epoch: [4/40], Step: [631/782], Loss: 0.7924509048461914
Rank:0 Epoch: [4/40], Step: [641/782], Loss: 0.73897784948349
Rank:0 Epoch: [4/40], Step: [651/782], Loss: 0.7285205721855164
Rank:0 Epoch: [4/40], Step: [661/782], Loss: 0.7562057971954346
Rank:0 Epoch: [4/40], Step: [671/782], Loss: 0.5479134321212769
Rank:0 Epoch: [4/40], Step: [681/782], Loss: 0.791927695274353
Rank:0 Epoch: [4/40], Step: [691/782], Loss: 0.5862976312637329
Rank:0 Epoch: [4/40], Step: [701/782], Loss: 0.8905410766601562
Rank:0 Epoch: [4/40], Step: [711/782], Loss: 0.5847313404083252
Rank:0 Epoch: [4/40], Step: [721/782], Loss: 0.5977906584739685
Rank:0 Epoch: [4/40], Step: [731/782], Loss: 1.010674238204956
Rank:0 Epoch: [4/40], Step: [741/782], Loss: 0.6677961349487305
Rank:0 Epoch: [4/40], Step: [751/782], Loss: 0.843654453754425
Rank:0 Epoch: [4/40], Step: [761/782], Loss: 0.7968313694000244
Rank:0 Epoch: [4/40], Step: [771/782], Loss: 0.7189921736717224
Rank:0 Epoch: [4/40], Step: [781/782], Loss: 0.5945387482643127
Current Test Acc: 0.7625
Rank:0 Epoch: [5/40], Step: [1/782], Loss: 0.6986929774284363
Rank:0 Epoch: [5/40], Step: [11/782], Loss: 0.6618629693984985
Rank:0 Epoch: [5/40], Step: [21/782], Loss: 0.5571742653846741
Rank:0 Epoch: [5/40], Step: [31/782], Loss: 0.5339499115943909
Rank:0 Epoch: [5/40], Step: [41/782], Loss: 0.5978134274482727
Rank:0 Epoch: [5/40], Step: [51/782], Loss: 1.020131230354309
Rank:0 Epoch: [5/40], Step: [61/782], Loss: 0.6371520757675171
Rank:0 Epoch: [5/40], Step: [71/782], Loss: 0.788924515247345
Rank:0 Epoch: [5/40], Step: [81/782], Loss: 0.8464142680168152
Rank:0 Epoch: [5/40], Step: [91/782], Loss: 0.5717657208442688
Rank:0 Epoch: [5/40], Step: [101/782], Loss: 0.8048256039619446
Rank:0 Epoch: [5/40], Step: [111/782], Loss: 0.47364845871925354
Rank:0 Epoch: [5/40], Step: [121/782], Loss: 0.4816268980503082
Rank:0 Epoch: [5/40], Step: [131/782], Loss: 0.8820325136184692
Rank:0 Epoch: [5/40], Step: [141/782], Loss: 0.5431016683578491
Rank:0 Epoch: [5/40], Step: [151/782], Loss: 0.7221313714981079
Rank:0 Epoch: [5/40], Step: [161/782], Loss: 0.5176551342010498
Rank:0 Epoch: [5/40], Step: [171/782], Loss: 0.5796287655830383
Rank:0 Epoch: [5/40], Step: [181/782], Loss: 0.5909323692321777
Rank:0 Epoch: [5/40], Step: [191/782], Loss: 0.6993330121040344
Rank:0 Epoch: [5/40], Step: [201/782], Loss: 1.0405755043029785
Rank:0 Epoch: [5/40], Step: [211/782], Loss: 0.7827145457267761
Rank:0 Epoch: [5/40], Step: [221/782], Loss: 0.6599989533424377
Rank:0 Epoch: [5/40], Step: [231/782], Loss: 0.7352492213249207
Rank:0 Epoch: [5/40], Step: [241/782], Loss: 0.6884506940841675
Rank:0 Epoch: [5/40], Step: [251/782], Loss: 0.8582091927528381
Rank:0 Epoch: [5/40], Step: [261/782], Loss: 1.0072760581970215
Rank:0 Epoch: [5/40], Step: [271/782], Loss: 0.4958570599555969
Rank:0 Epoch: [5/40], Step: [281/782], Loss: 0.796726644039154
Rank:0 Epoch: [5/40], Step: [291/782], Loss: 0.339601069688797
Rank:0 Epoch: [5/40], Step: [301/782], Loss: 0.9711503386497498
Rank:0 Epoch: [5/40], Step: [311/782], Loss: 1.0575892925262451
Rank:0 Epoch: [5/40], Step: [321/782], Loss: 0.6491607427597046
Rank:0 Epoch: [5/40], Step: [331/782], Loss: 0.5925203561782837
Rank:0 Epoch: [5/40], Step: [341/782], Loss: 0.6241934299468994
Rank:0 Epoch: [5/40], Step: [351/782], Loss: 0.446940541267395
Rank:0 Epoch: [5/40], Step: [361/782], Loss: 0.9769830703735352
Rank:0 Epoch: [5/40], Step: [371/782], Loss: 0.6878188848495483
Rank:0 Epoch: [5/40], Step: [381/782], Loss: 0.5937802195549011
Rank:0 Epoch: [5/40], Step: [391/782], Loss: 0.5589990019798279
Rank:0 Epoch: [5/40], Step: [401/782], Loss: 0.6807467341423035
Rank:0 Epoch: [5/40], Step: [411/782], Loss: 0.9997637867927551
Rank:0 Epoch: [5/40], Step: [421/782], Loss: 0.8970973491668701
Rank:0 Epoch: [5/40], Step: [431/782], Loss: 1.2296512126922607
Rank:0 Epoch: [5/40], Step: [441/782], Loss: 0.9023728370666504
Rank:0 Epoch: [5/40], Step: [451/782], Loss: 0.8944572806358337
Rank:0 Epoch: [5/40], Step: [461/782], Loss: 0.7307541370391846
Rank:0 Epoch: [5/40], Step: [471/782], Loss: 0.7790335416793823
Rank:0 Epoch: [5/40], Step: [481/782], Loss: 0.5865097045898438
Rank:0 Epoch: [5/40], Step: [491/782], Loss: 0.8937033414840698
Rank:0 Epoch: [5/40], Step: [501/782], Loss: 0.9333377480506897
Rank:0 Epoch: [5/40], Step: [511/782], Loss: 0.8390489220619202
Rank:0 Epoch: [5/40], Step: [521/782], Loss: 0.6203038096427917
Rank:0 Epoch: [5/40], Step: [531/782], Loss: 0.595159649848938
Rank:0 Epoch: [5/40], Step: [541/782], Loss: 1.0463790893554688
Rank:0 Epoch: [5/40], Step: [551/782], Loss: 0.8788614869117737
Rank:0 Epoch: [5/40], Step: [561/782], Loss: 0.5295478105545044
Rank:0 Epoch: [5/40], Step: [571/782], Loss: 0.4926087558269501
Rank:0 Epoch: [5/40], Step: [581/782], Loss: 0.9074698090553284
Rank:0 Epoch: [5/40], Step: [591/782], Loss: 1.0543625354766846
Rank:0 Epoch: [5/40], Step: [601/782], Loss: 0.628627359867096
Rank:0 Epoch: [5/40], Step: [611/782], Loss: 0.5608646869659424
Rank:0 Epoch: [5/40], Step: [621/782], Loss: 0.5979713201522827
Rank:0 Epoch: [5/40], Step: [631/782], Loss: 0.7523319721221924
Rank:0 Epoch: [5/40], Step: [641/782], Loss: 0.8343805074691772
Rank:0 Epoch: [5/40], Step: [651/782], Loss: 0.4785861372947693
Rank:0 Epoch: [5/40], Step: [661/782], Loss: 1.16508948802948
Rank:0 Epoch: [5/40], Step: [671/782], Loss: 0.9064951539039612
Rank:0 Epoch: [5/40], Step: [681/782], Loss: 0.6593686938285828
Rank:0 Epoch: [5/40], Step: [691/782], Loss: 0.6003040671348572
Rank:0 Epoch: [5/40], Step: [701/782], Loss: 0.7386034727096558
Rank:0 Epoch: [5/40], Step: [711/782], Loss: 0.7093943357467651
Rank:0 Epoch: [5/40], Step: [721/782], Loss: 0.6158233880996704
Rank:0 Epoch: [5/40], Step: [731/782], Loss: 0.5609900951385498
Rank:0 Epoch: [5/40], Step: [741/782], Loss: 0.6272087097167969
Rank:0 Epoch: [5/40], Step: [751/782], Loss: 0.7711584568023682
Rank:0 Epoch: [5/40], Step: [761/782], Loss: 0.6112901568412781
Rank:0 Epoch: [5/40], Step: [771/782], Loss: 0.8005262613296509
Rank:0 Epoch: [5/40], Step: [781/782], Loss: 0.6181577444076538
Current Test Acc: 0.8047
Rank:0 Epoch: [6/40], Step: [1/782], Loss: 0.5127977728843689
Rank:0 Epoch: [6/40], Step: [11/782], Loss: 0.6413189172744751
Rank:0 Epoch: [6/40], Step: [21/782], Loss: 0.67264723777771
Rank:0 Epoch: [6/40], Step: [31/782], Loss: 0.4417957067489624
Rank:0 Epoch: [6/40], Step: [41/782], Loss: 0.7377333641052246
Rank:0 Epoch: [6/40], Step: [51/782], Loss: 0.43087801337242126
Rank:0 Epoch: [6/40], Step: [61/782], Loss: 0.48460865020751953
Rank:0 Epoch: [6/40], Step: [71/782], Loss: 0.49782222509384155
Rank:0 Epoch: [6/40], Step: [81/782], Loss: 0.7239329218864441
Rank:0 Epoch: [6/40], Step: [91/782], Loss: 0.6432909369468689
Rank:0 Epoch: [6/40], Step: [101/782], Loss: 0.5945719480514526
Rank:0 Epoch: [6/40], Step: [111/782], Loss: 0.44960513710975647
Rank:0 Epoch: [6/40], Step: [121/782], Loss: 0.6544179320335388
Rank:0 Epoch: [6/40], Step: [131/782], Loss: 1.1438044309616089
Rank:0 Epoch: [6/40], Step: [141/782], Loss: 0.5384525656700134
Rank:0 Epoch: [6/40], Step: [151/782], Loss: 0.4457603693008423
Rank:0 Epoch: [6/40], Step: [161/782], Loss: 0.8608757257461548
Rank:0 Epoch: [6/40], Step: [171/782], Loss: 0.8304859399795532
Rank:0 Epoch: [6/40], Step: [181/782], Loss: 0.7457084655761719
Rank:0 Epoch: [6/40], Step: [191/782], Loss: 0.7772078514099121
Rank:0 Epoch: [6/40], Step: [201/782], Loss: 0.914898157119751
Rank:0 Epoch: [6/40], Step: [211/782], Loss: 0.9310256242752075
Rank:0 Epoch: [6/40], Step: [221/782], Loss: 0.39836594462394714
Rank:0 Epoch: [6/40], Step: [231/782], Loss: 0.9568228125572205
Rank:0 Epoch: [6/40], Step: [241/782], Loss: 0.5043085217475891
Rank:0 Epoch: [6/40], Step: [251/782], Loss: 0.9097023606300354
Rank:0 Epoch: [6/40], Step: [261/782], Loss: 0.7128710150718689
Rank:0 Epoch: [6/40], Step: [271/782], Loss: 0.6998451352119446
Rank:0 Epoch: [6/40], Step: [281/782], Loss: 0.6920344829559326
Rank:0 Epoch: [6/40], Step: [291/782], Loss: 0.46316343545913696
Rank:0 Epoch: [6/40], Step: [301/782], Loss: 0.4777938425540924
Rank:0 Epoch: [6/40], Step: [311/782], Loss: 0.5359995365142822
Rank:0 Epoch: [6/40], Step: [321/782], Loss: 0.5278787612915039
Rank:0 Epoch: [6/40], Step: [331/782], Loss: 0.6244408488273621
Rank:0 Epoch: [6/40], Step: [341/782], Loss: 0.4130861759185791
Rank:0 Epoch: [6/40], Step: [351/782], Loss: 0.5415775775909424
Rank:0 Epoch: [6/40], Step: [361/782], Loss: 0.7536972165107727
Rank:0 Epoch: [6/40], Step: [371/782], Loss: 0.9612107872962952
Rank:0 Epoch: [6/40], Step: [381/782], Loss: 0.4744224548339844
Rank:0 Epoch: [6/40], Step: [391/782], Loss: 0.7207068800926208
Rank:0 Epoch: [6/40], Step: [401/782], Loss: 0.7717084288597107
Rank:0 Epoch: [6/40], Step: [411/782], Loss: 0.799934446811676
Rank:0 Epoch: [6/40], Step: [421/782], Loss: 0.7729054093360901
Rank:0 Epoch: [6/40], Step: [431/782], Loss: 0.31100979447364807
Rank:0 Epoch: [6/40], Step: [441/782], Loss: 1.067704677581787
Rank:0 Epoch: [6/40], Step: [451/782], Loss: 0.7358508706092834
Rank:0 Epoch: [6/40], Step: [461/782], Loss: 0.8137175440788269
Rank:0 Epoch: [6/40], Step: [471/782], Loss: 0.475258469581604
Rank:0 Epoch: [6/40], Step: [481/782], Loss: 0.9196740388870239
Rank:0 Epoch: [6/40], Step: [491/782], Loss: 0.8045199513435364
Rank:0 Epoch: [6/40], Step: [501/782], Loss: 0.533644437789917
Rank:0 Epoch: [6/40], Step: [511/782], Loss: 0.6803452372550964
Rank:0 Epoch: [6/40], Step: [521/782], Loss: 0.44011473655700684
Rank:0 Epoch: [6/40], Step: [531/782], Loss: 0.7055924534797668
Rank:0 Epoch: [6/40], Step: [541/782], Loss: 0.6728039383888245
Rank:0 Epoch: [6/40], Step: [551/782], Loss: 0.5269784927368164
Rank:0 Epoch: [6/40], Step: [561/782], Loss: 0.7019832730293274
Rank:0 Epoch: [6/40], Step: [571/782], Loss: 0.4678952097892761
Rank:0 Epoch: [6/40], Step: [581/782], Loss: 0.8603625893592834
Rank:0 Epoch: [6/40], Step: [591/782], Loss: 0.427319198846817
Rank:0 Epoch: [6/40], Step: [601/782], Loss: 0.5374416708946228
Rank:0 Epoch: [6/40], Step: [611/782], Loss: 0.5459471344947815
Rank:0 Epoch: [6/40], Step: [621/782], Loss: 0.3926238715648651
Rank:0 Epoch: [6/40], Step: [631/782], Loss: 0.8472470641136169
Rank:0 Epoch: [6/40], Step: [641/782], Loss: 0.9311445355415344
Rank:0 Epoch: [6/40], Step: [651/782], Loss: 0.6264500617980957
Rank:0 Epoch: [6/40], Step: [661/782], Loss: 0.5527725219726562
Rank:0 Epoch: [6/40], Step: [671/782], Loss: 1.0546902418136597
Rank:0 Epoch: [6/40], Step: [681/782], Loss: 0.6005422472953796
Rank:0 Epoch: [6/40], Step: [691/782], Loss: 0.8405075073242188
Rank:0 Epoch: [6/40], Step: [701/782], Loss: 0.4878218173980713
Rank:0 Epoch: [6/40], Step: [711/782], Loss: 0.6406314373016357
Rank:0 Epoch: [6/40], Step: [721/782], Loss: 0.37733232975006104
Rank:0 Epoch: [6/40], Step: [731/782], Loss: 0.9009802341461182
Rank:0 Epoch: [6/40], Step: [741/782], Loss: 0.5532618165016174
Rank:0 Epoch: [6/40], Step: [751/782], Loss: 0.44992539286613464
Rank:0 Epoch: [6/40], Step: [761/782], Loss: 0.661904513835907
Rank:0 Epoch: [6/40], Step: [771/782], Loss: 0.7606586813926697
Rank:0 Epoch: [6/40], Step: [781/782], Loss: 0.6646960973739624
Current Test Acc: 0.782
Rank:0 Epoch: [7/40], Step: [1/782], Loss: 0.31304270029067993
Rank:0 Epoch: [7/40], Step: [11/782], Loss: 0.4775004982948303
Rank:0 Epoch: [7/40], Step: [21/782], Loss: 0.669898271560669
Rank:0 Epoch: [7/40], Step: [31/782], Loss: 0.7968466281890869
Rank:0 Epoch: [7/40], Step: [41/782], Loss: 0.7477302551269531
Rank:0 Epoch: [7/40], Step: [51/782], Loss: 0.6226362586021423
Rank:0 Epoch: [7/40], Step: [61/782], Loss: 0.721176028251648
Rank:0 Epoch: [7/40], Step: [71/782], Loss: 0.4412309229373932
Rank:0 Epoch: [7/40], Step: [81/782], Loss: 0.5316967964172363
Rank:0 Epoch: [7/40], Step: [91/782], Loss: 0.5116173624992371
Rank:0 Epoch: [7/40], Step: [101/782], Loss: 0.39511582255363464
Rank:0 Epoch: [7/40], Step: [111/782], Loss: 0.7402945756912231
Rank:0 Epoch: [7/40], Step: [121/782], Loss: 0.7791284322738647
Rank:0 Epoch: [7/40], Step: [131/782], Loss: 0.891459584236145
Rank:0 Epoch: [7/40], Step: [141/782], Loss: 0.3837234377861023
Rank:0 Epoch: [7/40], Step: [151/782], Loss: 0.5938869714736938
Rank:0 Epoch: [7/40], Step: [161/782], Loss: 0.8975942134857178
Rank:0 Epoch: [7/40], Step: [171/782], Loss: 0.5484395027160645
Rank:0 Epoch: [7/40], Step: [181/782], Loss: 0.7191891074180603
Rank:0 Epoch: [7/40], Step: [191/782], Loss: 0.5341622829437256
Rank:0 Epoch: [7/40], Step: [201/782], Loss: 0.46213674545288086
Rank:0 Epoch: [7/40], Step: [211/782], Loss: 0.5645642876625061
Rank:0 Epoch: [7/40], Step: [221/782], Loss: 0.7934908866882324
Rank:0 Epoch: [7/40], Step: [231/782], Loss: 0.4483514726161957
Rank:0 Epoch: [7/40], Step: [241/782], Loss: 0.7457540035247803
Rank:0 Epoch: [7/40], Step: [251/782], Loss: 0.38449111580848694
Rank:0 Epoch: [7/40], Step: [261/782], Loss: 0.7993208169937134
Rank:0 Epoch: [7/40], Step: [271/782], Loss: 1.0364148616790771
Rank:0 Epoch: [7/40], Step: [281/782], Loss: 0.6563101410865784
Rank:0 Epoch: [7/40], Step: [291/782], Loss: 0.8577053546905518
Rank:0 Epoch: [7/40], Step: [301/782], Loss: 0.6588438153266907
Rank:0 Epoch: [7/40], Step: [311/782], Loss: 1.0057704448699951
Rank:0 Epoch: [7/40], Step: [321/782], Loss: 0.5916017293930054
Rank:0 Epoch: [7/40], Step: [331/782], Loss: 0.6668510437011719
Rank:0 Epoch: [7/40], Step: [341/782], Loss: 0.7425296902656555
Rank:0 Epoch: [7/40], Step: [351/782], Loss: 0.34347498416900635
Rank:0 Epoch: [7/40], Step: [361/782], Loss: 0.743468701839447
Rank:0 Epoch: [7/40], Step: [371/782], Loss: 0.49187996983528137
Rank:0 Epoch: [7/40], Step: [381/782], Loss: 0.4369509220123291
Rank:0 Epoch: [7/40], Step: [391/782], Loss: 0.7550961971282959
Rank:0 Epoch: [7/40], Step: [401/782], Loss: 0.777484118938446
Rank:0 Epoch: [7/40], Step: [411/782], Loss: 0.698326826095581
Rank:0 Epoch: [7/40], Step: [421/782], Loss: 0.5303041338920593
Rank:0 Epoch: [7/40], Step: [431/782], Loss: 0.5154058337211609
Rank:0 Epoch: [7/40], Step: [441/782], Loss: 0.48660069704055786
Rank:0 Epoch: [7/40], Step: [451/782], Loss: 0.4802356958389282
Rank:0 Epoch: [7/40], Step: [461/782], Loss: 0.9661994576454163
Rank:0 Epoch: [7/40], Step: [471/782], Loss: 0.9688250422477722
Rank:0 Epoch: [7/40], Step: [481/782], Loss: 0.8692066669464111
Rank:0 Epoch: [7/40], Step: [491/782], Loss: 0.547890305519104
Rank:0 Epoch: [7/40], Step: [501/782], Loss: 0.5684884786605835
Rank:0 Epoch: [7/40], Step: [511/782], Loss: 0.633161187171936
Rank:0 Epoch: [7/40], Step: [521/782], Loss: 0.5535190105438232
Rank:0 Epoch: [7/40], Step: [531/782], Loss: 0.3844392001628876
Rank:0 Epoch: [7/40], Step: [541/782], Loss: 0.6634251475334167
Rank:0 Epoch: [7/40], Step: [551/782], Loss: 1.1677544116973877
Rank:0 Epoch: [7/40], Step: [561/782], Loss: 0.6482943296432495
Rank:0 Epoch: [7/40], Step: [571/782], Loss: 0.7352452874183655
Rank:0 Epoch: [7/40], Step: [581/782], Loss: 0.7221164703369141
Rank:0 Epoch: [7/40], Step: [591/782], Loss: 0.5813484191894531
Rank:0 Epoch: [7/40], Step: [601/782], Loss: 0.45891690254211426
Rank:0 Epoch: [7/40], Step: [611/782], Loss: 0.6979957818984985
Rank:0 Epoch: [7/40], Step: [621/782], Loss: 0.5541198253631592
Rank:0 Epoch: [7/40], Step: [631/782], Loss: 0.5483013391494751
Rank:0 Epoch: [7/40], Step: [641/782], Loss: 1.112056016921997
Rank:0 Epoch: [7/40], Step: [651/782], Loss: 0.6908126473426819
Rank:0 Epoch: [7/40], Step: [661/782], Loss: 0.6530280709266663
Rank:0 Epoch: [7/40], Step: [671/782], Loss: 0.5919507741928101
Rank:0 Epoch: [7/40], Step: [681/782], Loss: 0.4297477602958679
Rank:0 Epoch: [7/40], Step: [691/782], Loss: 0.9550186991691589
Rank:0 Epoch: [7/40], Step: [701/782], Loss: 0.6109004616737366
Rank:0 Epoch: [7/40], Step: [711/782], Loss: 0.6729204058647156
Rank:0 Epoch: [7/40], Step: [721/782], Loss: 0.8795849680900574
Rank:0 Epoch: [7/40], Step: [731/782], Loss: 0.8791893124580383
Rank:0 Epoch: [7/40], Step: [741/782], Loss: 1.0603517293930054
Rank:0 Epoch: [7/40], Step: [751/782], Loss: 0.7616322040557861
Rank:0 Epoch: [7/40], Step: [761/782], Loss: 0.6212278008460999
Rank:0 Epoch: [7/40], Step: [771/782], Loss: 0.4413081407546997
Rank:0 Epoch: [7/40], Step: [781/782], Loss: 0.5748238563537598
Current Test Acc: 0.777
Rank:0 Epoch: [8/40], Step: [1/782], Loss: 0.5748521089553833
Rank:0 Epoch: [8/40], Step: [11/782], Loss: 0.5740479826927185
Rank:0 Epoch: [8/40], Step: [21/782], Loss: 0.5712215304374695
Rank:0 Epoch: [8/40], Step: [31/782], Loss: 0.4967705011367798
Rank:0 Epoch: [8/40], Step: [41/782], Loss: 0.5255415439605713
Rank:0 Epoch: [8/40], Step: [51/782], Loss: 0.5447142720222473
Rank:0 Epoch: [8/40], Step: [61/782], Loss: 0.5840920209884644
Rank:0 Epoch: [8/40], Step: [71/782], Loss: 0.5744810700416565
Rank:0 Epoch: [8/40], Step: [81/782], Loss: 0.5497739315032959
Rank:0 Epoch: [8/40], Step: [91/782], Loss: 0.6064540147781372
Rank:0 Epoch: [8/40], Step: [101/782], Loss: 0.4782578945159912
Rank:0 Epoch: [8/40], Step: [111/782], Loss: 0.6024635434150696
Rank:0 Epoch: [8/40], Step: [121/782], Loss: 0.48555102944374084
Rank:0 Epoch: [8/40], Step: [131/782], Loss: 0.6043456792831421
Rank:0 Epoch: [8/40], Step: [141/782], Loss: 0.840414822101593
Rank:0 Epoch: [8/40], Step: [151/782], Loss: 0.582141637802124
Rank:0 Epoch: [8/40], Step: [161/782], Loss: 0.7584362626075745
Rank:0 Epoch: [8/40], Step: [171/782], Loss: 0.546140193939209
Rank:0 Epoch: [8/40], Step: [181/782], Loss: 0.9215759038925171
Rank:0 Epoch: [8/40], Step: [191/782], Loss: 0.5702072978019714
Rank:0 Epoch: [8/40], Step: [201/782], Loss: 0.5595908164978027
Rank:0 Epoch: [8/40], Step: [211/782], Loss: 0.9338805079460144
Rank:0 Epoch: [8/40], Step: [221/782], Loss: 0.6349122524261475
Rank:0 Epoch: [8/40], Step: [231/782], Loss: 0.6020111441612244
Rank:0 Epoch: [8/40], Step: [241/782], Loss: 0.6597657203674316
Rank:0 Epoch: [8/40], Step: [251/782], Loss: 0.5476828217506409
Rank:0 Epoch: [8/40], Step: [261/782], Loss: 0.5879752039909363
Rank:0 Epoch: [8/40], Step: [271/782], Loss: 0.9927756786346436
Rank:0 Epoch: [8/40], Step: [281/782], Loss: 0.5033241510391235
Rank:0 Epoch: [8/40], Step: [291/782], Loss: 0.8271788358688354
Rank:0 Epoch: [8/40], Step: [301/782], Loss: 1.050716519355774
Rank:0 Epoch: [8/40], Step: [311/782], Loss: 0.5884541869163513
Rank:0 Epoch: [8/40], Step: [321/782], Loss: 0.4264192283153534
Rank:0 Epoch: [8/40], Step: [331/782], Loss: 0.4567936658859253
Rank:0 Epoch: [8/40], Step: [341/782], Loss: 0.6778682470321655
Rank:0 Epoch: [8/40], Step: [351/782], Loss: 0.6126121282577515
Rank:0 Epoch: [8/40], Step: [361/782], Loss: 0.5298249125480652
Rank:0 Epoch: [8/40], Step: [371/782], Loss: 0.8380115628242493
Rank:0 Epoch: [8/40], Step: [381/782], Loss: 0.46702083945274353
Rank:0 Epoch: [8/40], Step: [391/782], Loss: 0.6004683375358582
Rank:0 Epoch: [8/40], Step: [401/782], Loss: 0.6642120480537415
Rank:0 Epoch: [8/40], Step: [411/782], Loss: 0.49116992950439453
Rank:0 Epoch: [8/40], Step: [421/782], Loss: 0.4898409843444824
Rank:0 Epoch: [8/40], Step: [431/782], Loss: 0.38908636569976807
Rank:0 Epoch: [8/40], Step: [441/782], Loss: 0.9652931094169617
Rank:0 Epoch: [8/40], Step: [451/782], Loss: 0.4709199070930481
Rank:0 Epoch: [8/40], Step: [461/782], Loss: 0.802354097366333
Rank:0 Epoch: [8/40], Step: [471/782], Loss: 0.7321986556053162
Rank:0 Epoch: [8/40], Step: [481/782], Loss: 0.7705156207084656
Rank:0 Epoch: [8/40], Step: [491/782], Loss: 0.4896881580352783
Rank:0 Epoch: [8/40], Step: [501/782], Loss: 0.4749702513217926
Rank:0 Epoch: [8/40], Step: [511/782], Loss: 0.3310431241989136
Rank:0 Epoch: [8/40], Step: [521/782], Loss: 0.9188245534896851
Rank:0 Epoch: [8/40], Step: [531/782], Loss: 0.7802160978317261
Rank:0 Epoch: [8/40], Step: [541/782], Loss: 0.80230712890625
Rank:0 Epoch: [8/40], Step: [551/782], Loss: 0.41509512066841125
Rank:0 Epoch: [8/40], Step: [561/782], Loss: 0.5411157011985779
Rank:0 Epoch: [8/40], Step: [571/782], Loss: 0.7909240126609802
Rank:0 Epoch: [8/40], Step: [581/782], Loss: 0.7468007206916809
Rank:0 Epoch: [8/40], Step: [591/782], Loss: 0.7840709090232849
Rank:0 Epoch: [8/40], Step: [601/782], Loss: 0.5170508623123169
Rank:0 Epoch: [8/40], Step: [611/782], Loss: 0.5192576050758362
Rank:0 Epoch: [8/40], Step: [621/782], Loss: 0.47140198945999146
Rank:0 Epoch: [8/40], Step: [631/782], Loss: 0.7935420274734497
Rank:0 Epoch: [8/40], Step: [641/782], Loss: 0.5145567059516907
Rank:0 Epoch: [8/40], Step: [651/782], Loss: 0.5603574514389038
Rank:0 Epoch: [8/40], Step: [661/782], Loss: 0.5511040091514587
Rank:0 Epoch: [8/40], Step: [671/782], Loss: 0.7674113512039185
Rank:0 Epoch: [8/40], Step: [681/782], Loss: 0.3607232868671417
Rank:0 Epoch: [8/40], Step: [691/782], Loss: 0.6300245523452759
Rank:0 Epoch: [8/40], Step: [701/782], Loss: 0.8299091458320618
Rank:0 Epoch: [8/40], Step: [711/782], Loss: 0.5321638584136963
Rank:0 Epoch: [8/40], Step: [721/782], Loss: 0.5650724172592163
Rank:0 Epoch: [8/40], Step: [731/782], Loss: 0.3559455871582031
Rank:0 Epoch: [8/40], Step: [741/782], Loss: 0.7050353288650513
Rank:0 Epoch: [8/40], Step: [751/782], Loss: 0.6342760920524597
Rank:0 Epoch: [8/40], Step: [761/782], Loss: 0.9334381818771362
Rank:0 Epoch: [8/40], Step: [771/782], Loss: 0.7489010691642761
Rank:0 Epoch: [8/40], Step: [781/782], Loss: 0.5618751645088196
Current Test Acc: 0.8191
Rank:0 Epoch: [9/40], Step: [1/782], Loss: 0.46472591161727905
Rank:0 Epoch: [9/40], Step: [11/782], Loss: 0.4828304648399353
Rank:0 Epoch: [9/40], Step: [21/782], Loss: 0.5242404937744141
Rank:0 Epoch: [9/40], Step: [31/782], Loss: 0.4105073809623718
Rank:0 Epoch: [9/40], Step: [41/782], Loss: 0.5228643417358398
Rank:0 Epoch: [9/40], Step: [51/782], Loss: 0.6825002431869507
Rank:0 Epoch: [9/40], Step: [61/782], Loss: 0.5226642489433289
Rank:0 Epoch: [9/40], Step: [71/782], Loss: 1.0252516269683838
Rank:0 Epoch: [9/40], Step: [81/782], Loss: 0.447291761636734
Rank:0 Epoch: [9/40], Step: [91/782], Loss: 0.8622462749481201
Rank:0 Epoch: [9/40], Step: [101/782], Loss: 0.42321479320526123
Rank:0 Epoch: [9/40], Step: [111/782], Loss: 0.5849493741989136
Rank:0 Epoch: [9/40], Step: [121/782], Loss: 0.34115099906921387
Rank:0 Epoch: [9/40], Step: [131/782], Loss: 0.43131890892982483
Rank:0 Epoch: [9/40], Step: [141/782], Loss: 0.3102286756038666
Rank:0 Epoch: [9/40], Step: [151/782], Loss: 0.5280360579490662
Rank:0 Epoch: [9/40], Step: [161/782], Loss: 0.5846047401428223
Rank:0 Epoch: [9/40], Step: [171/782], Loss: 0.5110167264938354
Rank:0 Epoch: [9/40], Step: [181/782], Loss: 0.6086857318878174
Rank:0 Epoch: [9/40], Step: [191/782], Loss: 0.5644518136978149
Rank:0 Epoch: [9/40], Step: [201/782], Loss: 0.6618800163269043
Rank:0 Epoch: [9/40], Step: [211/782], Loss: 0.6188234686851501
Rank:0 Epoch: [9/40], Step: [221/782], Loss: 0.497963547706604
Rank:0 Epoch: [9/40], Step: [231/782], Loss: 0.4520206153392792
Rank:0 Epoch: [9/40], Step: [241/782], Loss: 0.6274566054344177
Rank:0 Epoch: [9/40], Step: [251/782], Loss: 0.8066434860229492
Rank:0 Epoch: [9/40], Step: [261/782], Loss: 0.6757550835609436
Rank:0 Epoch: [9/40], Step: [271/782], Loss: 0.4373738169670105
Rank:0 Epoch: [9/40], Step: [281/782], Loss: 0.6964561343193054
Rank:0 Epoch: [9/40], Step: [291/782], Loss: 0.45451995730400085
Rank:0 Epoch: [9/40], Step: [301/782], Loss: 1.1880351305007935
Rank:0 Epoch: [9/40], Step: [311/782], Loss: 0.581900954246521
Rank:0 Epoch: [9/40], Step: [321/782], Loss: 0.5929928421974182
Rank:0 Epoch: [9/40], Step: [331/782], Loss: 0.5971527695655823
Rank:0 Epoch: [9/40], Step: [341/782], Loss: 0.7033299803733826
Rank:0 Epoch: [9/40], Step: [351/782], Loss: 0.5817084312438965
Rank:0 Epoch: [9/40], Step: [361/782], Loss: 0.9273287653923035
Rank:0 Epoch: [9/40], Step: [371/782], Loss: 0.6388469338417053
Rank:0 Epoch: [9/40], Step: [381/782], Loss: 0.3817741274833679
Rank:0 Epoch: [9/40], Step: [391/782], Loss: 0.6037287712097168
Rank:0 Epoch: [9/40], Step: [401/782], Loss: 0.3733055293560028
Rank:0 Epoch: [9/40], Step: [411/782], Loss: 0.4056839346885681
Rank:0 Epoch: [9/40], Step: [421/782], Loss: 0.6011505126953125
Rank:0 Epoch: [9/40], Step: [431/782], Loss: 0.8329497575759888
Rank:0 Epoch: [9/40], Step: [441/782], Loss: 0.5883110165596008
Rank:0 Epoch: [9/40], Step: [451/782], Loss: 0.48556870222091675
Rank:0 Epoch: [9/40], Step: [461/782], Loss: 0.5561686158180237
Rank:0 Epoch: [9/40], Step: [471/782], Loss: 0.5161932110786438
Rank:0 Epoch: [9/40], Step: [481/782], Loss: 0.6000170111656189
Rank:0 Epoch: [9/40], Step: [491/782], Loss: 0.6808959245681763
Rank:0 Epoch: [9/40], Step: [501/782], Loss: 0.7717725038528442
Rank:0 Epoch: [9/40], Step: [511/782], Loss: 0.7742956876754761
Rank:0 Epoch: [9/40], Step: [521/782], Loss: 0.5482093095779419
Rank:0 Epoch: [9/40], Step: [531/782], Loss: 0.6983668208122253
Rank:0 Epoch: [9/40], Step: [541/782], Loss: 0.8760501146316528
Rank:0 Epoch: [9/40], Step: [551/782], Loss: 0.6156814098358154
Rank:0 Epoch: [9/40], Step: [561/782], Loss: 0.7202634215354919
Rank:0 Epoch: [9/40], Step: [571/782], Loss: 0.4043397307395935
Rank:0 Epoch: [9/40], Step: [581/782], Loss: 1.1199498176574707
Rank:0 Epoch: [9/40], Step: [591/782], Loss: 0.35802844166755676
Rank:0 Epoch: [9/40], Step: [601/782], Loss: 0.7900576591491699
Rank:0 Epoch: [9/40], Step: [611/782], Loss: 0.368192195892334
Rank:0 Epoch: [9/40], Step: [621/782], Loss: 0.5770481824874878
Rank:0 Epoch: [9/40], Step: [631/782], Loss: 0.4908622205257416
Rank:0 Epoch: [9/40], Step: [641/782], Loss: 0.5009396076202393
Rank:0 Epoch: [9/40], Step: [651/782], Loss: 0.6560410261154175
Rank:0 Epoch: [9/40], Step: [661/782], Loss: 0.48978161811828613
Rank:0 Epoch: [9/40], Step: [671/782], Loss: 0.7715886831283569
Rank:0 Epoch: [9/40], Step: [681/782], Loss: 0.7014179229736328
Rank:0 Epoch: [9/40], Step: [691/782], Loss: 0.586794912815094
Rank:0 Epoch: [9/40], Step: [701/782], Loss: 1.162561058998108
Rank:0 Epoch: [9/40], Step: [711/782], Loss: 1.0414458513259888
Rank:0 Epoch: [9/40], Step: [721/782], Loss: 0.5521921515464783
Rank:0 Epoch: [9/40], Step: [731/782], Loss: 0.8112924695014954
Rank:0 Epoch: [9/40], Step: [741/782], Loss: 0.641769289970398
Rank:0 Epoch: [9/40], Step: [751/782], Loss: 0.4287700355052948
Rank:0 Epoch: [9/40], Step: [761/782], Loss: 0.3802368640899658
Rank:0 Epoch: [9/40], Step: [771/782], Loss: 0.6542844176292419
Rank:0 Epoch: [9/40], Step: [781/782], Loss: 0.8057398200035095
Current Test Acc: 0.8086
Rank:0 Epoch: [10/40], Step: [1/782], Loss: 0.4550766944885254
Rank:0 Epoch: [10/40], Step: [11/782], Loss: 0.41613849997520447
Rank:0 Epoch: [10/40], Step: [21/782], Loss: 0.9562844038009644
Rank:0 Epoch: [10/40], Step: [31/782], Loss: 0.608274519443512
Rank:0 Epoch: [10/40], Step: [41/782], Loss: 0.594552218914032
Rank:0 Epoch: [10/40], Step: [51/782], Loss: 0.47239503264427185
Rank:0 Epoch: [10/40], Step: [61/782], Loss: 0.5993867516517639
Rank:0 Epoch: [10/40], Step: [71/782], Loss: 0.7874037027359009
Rank:0 Epoch: [10/40], Step: [81/782], Loss: 0.38805291056632996
Rank:0 Epoch: [10/40], Step: [91/782], Loss: 0.6214377880096436
Rank:0 Epoch: [10/40], Step: [101/782], Loss: 0.849181056022644
Rank:0 Epoch: [10/40], Step: [111/782], Loss: 0.3773844838142395
Rank:0 Epoch: [10/40], Step: [121/782], Loss: 0.4638705253601074
Rank:0 Epoch: [10/40], Step: [131/782], Loss: 0.44315850734710693
Rank:0 Epoch: [10/40], Step: [141/782], Loss: 0.351849764585495
Rank:0 Epoch: [10/40], Step: [151/782], Loss: 0.41691848635673523
Rank:0 Epoch: [10/40], Step: [161/782], Loss: 0.4159340560436249
Rank:0 Epoch: [10/40], Step: [171/782], Loss: 0.5187433958053589
Rank:0 Epoch: [10/40], Step: [181/782], Loss: 0.4796019494533539
Rank:0 Epoch: [10/40], Step: [191/782], Loss: 0.7515671253204346
Rank:0 Epoch: [10/40], Step: [201/782], Loss: 0.5056189298629761
Rank:0 Epoch: [10/40], Step: [211/782], Loss: 0.6009348630905151
Rank:0 Epoch: [10/40], Step: [221/782], Loss: 0.5536736845970154
Rank:0 Epoch: [10/40], Step: [231/782], Loss: 0.6292533278465271
Rank:0 Epoch: [10/40], Step: [241/782], Loss: 0.40050485730171204
Rank:0 Epoch: [10/40], Step: [251/782], Loss: 0.6085988283157349
Rank:0 Epoch: [10/40], Step: [261/782], Loss: 0.3401738703250885
Rank:0 Epoch: [10/40], Step: [271/782], Loss: 0.34586477279663086
Rank:0 Epoch: [10/40], Step: [281/782], Loss: 0.6524038314819336
Rank:0 Epoch: [10/40], Step: [291/782], Loss: 0.43976083397865295
Rank:0 Epoch: [10/40], Step: [301/782], Loss: 0.3479183316230774
Rank:0 Epoch: [10/40], Step: [311/782], Loss: 0.684314489364624
Rank:0 Epoch: [10/40], Step: [321/782], Loss: 0.8839678764343262
Rank:0 Epoch: [10/40], Step: [331/782], Loss: 0.6886793971061707
Rank:0 Epoch: [10/40], Step: [341/782], Loss: 0.6552069187164307
Rank:0 Epoch: [10/40], Step: [351/782], Loss: 0.39013972878456116
Rank:0 Epoch: [10/40], Step: [361/782], Loss: 0.30083954334259033
Rank:0 Epoch: [10/40], Step: [371/782], Loss: 0.6860150098800659
Rank:0 Epoch: [10/40], Step: [381/782], Loss: 0.8337215781211853
Rank:0 Epoch: [10/40], Step: [391/782], Loss: 0.6239151954650879
Rank:0 Epoch: [10/40], Step: [401/782], Loss: 1.0701448917388916
Rank:0 Epoch: [10/40], Step: [411/782], Loss: 0.6971839666366577
Rank:0 Epoch: [10/40], Step: [421/782], Loss: 0.6481345891952515
Rank:0 Epoch: [10/40], Step: [431/782], Loss: 0.5030569434165955
Rank:0 Epoch: [10/40], Step: [441/782], Loss: 0.33895865082740784
Rank:0 Epoch: [10/40], Step: [451/782], Loss: 0.5214887857437134
Rank:0 Epoch: [10/40], Step: [461/782], Loss: 0.9156733751296997
Rank:0 Epoch: [10/40], Step: [471/782], Loss: 0.7500630617141724
Rank:0 Epoch: [10/40], Step: [481/782], Loss: 0.6744265556335449
Rank:0 Epoch: [10/40], Step: [491/782], Loss: 0.465329110622406
Rank:0 Epoch: [10/40], Step: [501/782], Loss: 0.5521273612976074
Rank:0 Epoch: [10/40], Step: [511/782], Loss: 0.481568306684494
Rank:0 Epoch: [10/40], Step: [521/782], Loss: 0.49876469373703003
Rank:0 Epoch: [10/40], Step: [531/782], Loss: 0.7962676882743835
Rank:0 Epoch: [10/40], Step: [541/782], Loss: 0.40413135290145874
Rank:0 Epoch: [10/40], Step: [551/782], Loss: 0.5677908658981323
Rank:0 Epoch: [10/40], Step: [561/782], Loss: 0.4307712912559509
Rank:0 Epoch: [10/40], Step: [571/782], Loss: 0.56767737865448
Rank:0 Epoch: [10/40], Step: [581/782], Loss: 0.4581967294216156
Rank:0 Epoch: [10/40], Step: [591/782], Loss: 0.7971479296684265
Rank:0 Epoch: [10/40], Step: [601/782], Loss: 0.26113361120224
Rank:0 Epoch: [10/40], Step: [611/782], Loss: 0.6100249290466309
Rank:0 Epoch: [10/40], Step: [621/782], Loss: 0.5797409415245056
Rank:0 Epoch: [10/40], Step: [631/782], Loss: 0.659471333026886
Rank:0 Epoch: [10/40], Step: [641/782], Loss: 0.6447028517723083
Rank:0 Epoch: [10/40], Step: [651/782], Loss: 0.38288742303848267
Rank:0 Epoch: [10/40], Step: [661/782], Loss: 0.5666815042495728
Rank:0 Epoch: [10/40], Step: [671/782], Loss: 0.6019956469535828
Rank:0 Epoch: [10/40], Step: [681/782], Loss: 0.5544407367706299
Rank:0 Epoch: [10/40], Step: [691/782], Loss: 0.494018018245697
Rank:0 Epoch: [10/40], Step: [701/782], Loss: 0.6487267017364502
Rank:0 Epoch: [10/40], Step: [711/782], Loss: 0.748582661151886
Rank:0 Epoch: [10/40], Step: [721/782], Loss: 0.4769233763217926
Rank:0 Epoch: [10/40], Step: [731/782], Loss: 0.8192315697669983
Rank:0 Epoch: [10/40], Step: [741/782], Loss: 0.6780856251716614
Rank:0 Epoch: [10/40], Step: [751/782], Loss: 0.2463795244693756
Rank:0 Epoch: [10/40], Step: [761/782], Loss: 0.5511422753334045
Rank:0 Epoch: [10/40], Step: [771/782], Loss: 0.5095693469047546
Rank:0 Epoch: [10/40], Step: [781/782], Loss: 1.2783451080322266
Current Test Acc: 0.7806
Rank:0 Epoch: [11/40], Step: [1/782], Loss: 0.5781878232955933
Rank:0 Epoch: [11/40], Step: [11/782], Loss: 0.43948236107826233
Rank:0 Epoch: [11/40], Step: [21/782], Loss: 0.39427003264427185
Rank:0 Epoch: [11/40], Step: [31/782], Loss: 0.47312796115875244
Rank:0 Epoch: [11/40], Step: [41/782], Loss: 0.9058440923690796
Rank:0 Epoch: [11/40], Step: [51/782], Loss: 0.430309921503067
Rank:0 Epoch: [11/40], Step: [61/782], Loss: 0.7446081042289734
Rank:0 Epoch: [11/40], Step: [71/782], Loss: 0.5823991894721985
Rank:0 Epoch: [11/40], Step: [81/782], Loss: 0.5131545662879944
Rank:0 Epoch: [11/40], Step: [91/782], Loss: 0.5352128744125366
Rank:0 Epoch: [11/40], Step: [101/782], Loss: 0.5190627574920654
Rank:0 Epoch: [11/40], Step: [111/782], Loss: 0.6109144687652588
Rank:0 Epoch: [11/40], Step: [121/782], Loss: 0.6325247287750244
Rank:0 Epoch: [11/40], Step: [131/782], Loss: 0.38646453619003296
Rank:0 Epoch: [11/40], Step: [141/782], Loss: 0.724334180355072
Rank:0 Epoch: [11/40], Step: [151/782], Loss: 0.610470175743103
Rank:0 Epoch: [11/40], Step: [161/782], Loss: 1.0409188270568848
Rank:0 Epoch: [11/40], Step: [171/782], Loss: 0.6457998156547546
Rank:0 Epoch: [11/40], Step: [181/782], Loss: 0.58336341381073
Rank:0 Epoch: [11/40], Step: [191/782], Loss: 0.5178271532058716
Rank:0 Epoch: [11/40], Step: [201/782], Loss: 0.46681779623031616
Rank:0 Epoch: [11/40], Step: [211/782], Loss: 0.4464819133281708
Rank:0 Epoch: [11/40], Step: [221/782], Loss: 0.6675167083740234
Rank:0 Epoch: [11/40], Step: [231/782], Loss: 0.48627763986587524
Rank:0 Epoch: [11/40], Step: [241/782], Loss: 0.4437033534049988
Rank:0 Epoch: [11/40], Step: [251/782], Loss: 0.7420921921730042
Rank:0 Epoch: [11/40], Step: [261/782], Loss: 0.6213071346282959
Rank:0 Epoch: [11/40], Step: [271/782], Loss: 0.4967212677001953
Rank:0 Epoch: [11/40], Step: [281/782], Loss: 0.3857111632823944
Rank:0 Epoch: [11/40], Step: [291/782], Loss: 0.708467960357666
Rank:0 Epoch: [11/40], Step: [301/782], Loss: 0.6562049388885498
Rank:0 Epoch: [11/40], Step: [311/782], Loss: 0.3785107135772705
Rank:0 Epoch: [11/40], Step: [321/782], Loss: 0.4141380786895752
Rank:0 Epoch: [11/40], Step: [331/782], Loss: 0.6460748910903931
Rank:0 Epoch: [11/40], Step: [341/782], Loss: 0.6074845790863037
Rank:0 Epoch: [11/40], Step: [351/782], Loss: 0.782340943813324
Rank:0 Epoch: [11/40], Step: [361/782], Loss: 0.44558775424957275
Rank:0 Epoch: [11/40], Step: [371/782], Loss: 0.383529394865036
Rank:0 Epoch: [11/40], Step: [381/782], Loss: 0.4973001778125763
Rank:0 Epoch: [11/40], Step: [391/782], Loss: 0.45069408416748047
Rank:0 Epoch: [11/40], Step: [401/782], Loss: 0.5831362009048462
Rank:0 Epoch: [11/40], Step: [411/782], Loss: 0.6755884885787964
Rank:0 Epoch: [11/40], Step: [421/782], Loss: 0.4305679500102997
Rank:0 Epoch: [11/40], Step: [431/782], Loss: 0.8574310541152954
Rank:0 Epoch: [11/40], Step: [441/782], Loss: 0.6512354016304016
Rank:0 Epoch: [11/40], Step: [451/782], Loss: 0.408027708530426
Rank:0 Epoch: [11/40], Step: [461/782], Loss: 0.662490963935852
Rank:0 Epoch: [11/40], Step: [471/782], Loss: 0.47042298316955566
Rank:0 Epoch: [11/40], Step: [481/782], Loss: 0.7720875144004822
Rank:0 Epoch: [11/40], Step: [491/782], Loss: 0.7086263298988342
Rank:0 Epoch: [11/40], Step: [501/782], Loss: 0.6309582591056824
Rank:0 Epoch: [11/40], Step: [511/782], Loss: 0.5925886034965515
Rank:0 Epoch: [11/40], Step: [521/782], Loss: 0.5587506890296936
Rank:0 Epoch: [11/40], Step: [531/782], Loss: 0.9488352537155151
Rank:0 Epoch: [11/40], Step: [541/782], Loss: 0.526232898235321
Rank:0 Epoch: [11/40], Step: [551/782], Loss: 0.49728065729141235
Rank:0 Epoch: [11/40], Step: [561/782], Loss: 0.7551026940345764
Rank:0 Epoch: [11/40], Step: [571/782], Loss: 0.5669695734977722
Rank:0 Epoch: [11/40], Step: [581/782], Loss: 0.9210647940635681
Rank:0 Epoch: [11/40], Step: [591/782], Loss: 0.4575943648815155
Rank:0 Epoch: [11/40], Step: [601/782], Loss: 0.6166122555732727
Rank:0 Epoch: [11/40], Step: [611/782], Loss: 0.5483828186988831
Rank:0 Epoch: [11/40], Step: [621/782], Loss: 1.0043742656707764
Rank:0 Epoch: [11/40], Step: [631/782], Loss: 0.8362216353416443
Rank:0 Epoch: [11/40], Step: [641/782], Loss: 0.8205553293228149
Rank:0 Epoch: [11/40], Step: [651/782], Loss: 0.5202013850212097
Rank:0 Epoch: [11/40], Step: [661/782], Loss: 0.8590980172157288
Rank:0 Epoch: [11/40], Step: [671/782], Loss: 0.7881669402122498
Rank:0 Epoch: [11/40], Step: [681/782], Loss: 0.6253711581230164
Rank:0 Epoch: [11/40], Step: [691/782], Loss: 0.8257988691329956
Rank:0 Epoch: [11/40], Step: [701/782], Loss: 1.0787068605422974
Rank:0 Epoch: [11/40], Step: [711/782], Loss: 0.8035162687301636
Rank:0 Epoch: [11/40], Step: [721/782], Loss: 0.5313177108764648
Rank:0 Epoch: [11/40], Step: [731/782], Loss: 0.6968779563903809
Rank:0 Epoch: [11/40], Step: [741/782], Loss: 0.6234091520309448
Rank:0 Epoch: [11/40], Step: [751/782], Loss: 0.6094438433647156
Rank:0 Epoch: [11/40], Step: [761/782], Loss: 0.6904156804084778
Rank:0 Epoch: [11/40], Step: [771/782], Loss: 0.5197731852531433
Rank:0 Epoch: [11/40], Step: [781/782], Loss: 0.5152317881584167
Current Test Acc: 0.7807
Rank:0 Epoch: [12/40], Step: [1/782], Loss: 0.6562806963920593
Rank:0 Epoch: [12/40], Step: [11/782], Loss: 0.7743747234344482
Rank:0 Epoch: [12/40], Step: [21/782], Loss: 0.7783713340759277
Rank:0 Epoch: [12/40], Step: [31/782], Loss: 0.4484184980392456
Rank:0 Epoch: [12/40], Step: [41/782], Loss: 0.6575080752372742
Rank:0 Epoch: [12/40], Step: [51/782], Loss: 0.6356454491615295
Rank:0 Epoch: [12/40], Step: [61/782], Loss: 0.5037538409233093
Rank:0 Epoch: [12/40], Step: [71/782], Loss: 0.46846577525138855
Rank:0 Epoch: [12/40], Step: [81/782], Loss: 0.3159695565700531
Rank:0 Epoch: [12/40], Step: [91/782], Loss: 0.6115212440490723
Rank:0 Epoch: [12/40], Step: [101/782], Loss: 0.476685106754303
Rank:0 Epoch: [12/40], Step: [111/782], Loss: 0.8048163652420044
Rank:0 Epoch: [12/40], Step: [121/782], Loss: 0.6872172951698303
Rank:0 Epoch: [12/40], Step: [131/782], Loss: 0.41719678044319153
Rank:0 Epoch: [12/40], Step: [141/782], Loss: 0.5153677463531494
Rank:0 Epoch: [12/40], Step: [151/782], Loss: 0.6399282217025757
Rank:0 Epoch: [12/40], Step: [161/782], Loss: 0.7460734248161316
Rank:0 Epoch: [12/40], Step: [171/782], Loss: 0.6619598865509033
Rank:0 Epoch: [12/40], Step: [181/782], Loss: 0.44588759541511536
Rank:0 Epoch: [12/40], Step: [191/782], Loss: 0.5236327648162842
Rank:0 Epoch: [12/40], Step: [201/782], Loss: 0.3410509526729584
Rank:0 Epoch: [12/40], Step: [211/782], Loss: 0.4658375382423401
Rank:0 Epoch: [12/40], Step: [221/782], Loss: 0.8685401082038879
Rank:0 Epoch: [12/40], Step: [231/782], Loss: 0.6179759502410889
Rank:0 Epoch: [12/40], Step: [241/782], Loss: 0.6711384057998657
Rank:0 Epoch: [12/40], Step: [251/782], Loss: 0.7101291418075562
Rank:0 Epoch: [12/40], Step: [261/782], Loss: 0.6398495435714722
Rank:0 Epoch: [12/40], Step: [271/782], Loss: 0.5600191950798035
Rank:0 Epoch: [12/40], Step: [281/782], Loss: 0.4254770874977112
Rank:0 Epoch: [12/40], Step: [291/782], Loss: 0.688121497631073
Rank:0 Epoch: [12/40], Step: [301/782], Loss: 0.7677026391029358
Rank:0 Epoch: [12/40], Step: [311/782], Loss: 0.41326311230659485
Rank:0 Epoch: [12/40], Step: [321/782], Loss: 0.27465111017227173
Rank:0 Epoch: [12/40], Step: [331/782], Loss: 0.5359317064285278
Rank:0 Epoch: [12/40], Step: [341/782], Loss: 0.7045162916183472
Rank:0 Epoch: [12/40], Step: [351/782], Loss: 0.80572509765625
Rank:0 Epoch: [12/40], Step: [361/782], Loss: 0.7735612988471985
Rank:0 Epoch: [12/40], Step: [371/782], Loss: 0.5360867381095886
Rank:0 Epoch: [12/40], Step: [381/782], Loss: 0.5006629228591919
Rank:0 Epoch: [12/40], Step: [391/782], Loss: 0.7285429239273071
Rank:0 Epoch: [12/40], Step: [401/782], Loss: 0.4643588066101074
Rank:0 Epoch: [12/40], Step: [411/782], Loss: 0.846142590045929
Rank:0 Epoch: [12/40], Step: [421/782], Loss: 0.7595194578170776
Rank:0 Epoch: [12/40], Step: [431/782], Loss: 1.0163346529006958
Rank:0 Epoch: [12/40], Step: [441/782], Loss: 0.6958506107330322
Rank:0 Epoch: [12/40], Step: [451/782], Loss: 0.45341020822525024
Rank:0 Epoch: [12/40], Step: [461/782], Loss: 0.4276983141899109
Rank:0 Epoch: [12/40], Step: [471/782], Loss: 0.8162981271743774
Rank:0 Epoch: [12/40], Step: [481/782], Loss: 0.5544323325157166
Rank:0 Epoch: [12/40], Step: [491/782], Loss: 0.6738666892051697
Rank:0 Epoch: [12/40], Step: [501/782], Loss: 0.591426432132721
Rank:0 Epoch: [12/40], Step: [511/782], Loss: 0.5984100699424744
Rank:0 Epoch: [12/40], Step: [521/782], Loss: 0.7627561688423157
Rank:0 Epoch: [12/40], Step: [531/782], Loss: 0.4038699269294739
Rank:0 Epoch: [12/40], Step: [541/782], Loss: 0.3423857092857361
Rank:0 Epoch: [12/40], Step: [551/782], Loss: 0.5459622740745544
Rank:0 Epoch: [12/40], Step: [561/782], Loss: 0.40148475766181946
Rank:0 Epoch: [12/40], Step: [571/782], Loss: 0.4767361283302307
Rank:0 Epoch: [12/40], Step: [581/782], Loss: 0.8584967255592346
Rank:0 Epoch: [12/40], Step: [591/782], Loss: 0.7848264575004578
Rank:0 Epoch: [12/40], Step: [601/782], Loss: 0.48776575922966003
Rank:0 Epoch: [12/40], Step: [611/782], Loss: 0.405644953250885
Rank:0 Epoch: [12/40], Step: [621/782], Loss: 0.6480543613433838
Rank:0 Epoch: [12/40], Step: [631/782], Loss: 0.6670665144920349
Rank:0 Epoch: [12/40], Step: [641/782], Loss: 0.45830512046813965
Rank:0 Epoch: [12/40], Step: [651/782], Loss: 0.499812513589859
Rank:0 Epoch: [12/40], Step: [661/782], Loss: 0.5932415723800659
Rank:0 Epoch: [12/40], Step: [671/782], Loss: 0.6738215088844299
Rank:0 Epoch: [12/40], Step: [681/782], Loss: 0.7826911807060242
Rank:0 Epoch: [12/40], Step: [691/782], Loss: 0.3873037099838257
Rank:0 Epoch: [12/40], Step: [701/782], Loss: 0.36583420634269714
Rank:0 Epoch: [12/40], Step: [711/782], Loss: 0.8969876170158386
Rank:0 Epoch: [12/40], Step: [721/782], Loss: 0.39681047201156616
Rank:0 Epoch: [12/40], Step: [731/782], Loss: 0.4637056291103363
Rank:0 Epoch: [12/40], Step: [741/782], Loss: 0.6164619326591492
Rank:0 Epoch: [12/40], Step: [751/782], Loss: 0.6785487532615662
Rank:0 Epoch: [12/40], Step: [761/782], Loss: 0.4473911225795746
Rank:0 Epoch: [12/40], Step: [771/782], Loss: 0.4372997283935547
Rank:0 Epoch: [12/40], Step: [781/782], Loss: 0.609649121761322
Current Test Acc: 0.8218
Rank:0 Epoch: [13/40], Step: [1/782], Loss: 1.1484543085098267
Rank:0 Epoch: [13/40], Step: [11/782], Loss: 0.496241956949234
Rank:0 Epoch: [13/40], Step: [21/782], Loss: 0.4818055331707001
Rank:0 Epoch: [13/40], Step: [31/782], Loss: 0.7031919360160828
Rank:0 Epoch: [13/40], Step: [41/782], Loss: 0.405551940202713
Rank:0 Epoch: [13/40], Step: [51/782], Loss: 0.7044775485992432
Rank:0 Epoch: [13/40], Step: [61/782], Loss: 0.36261942982673645
Rank:0 Epoch: [13/40], Step: [71/782], Loss: 0.7126883268356323
Rank:0 Epoch: [13/40], Step: [81/782], Loss: 0.6032268404960632
Rank:0 Epoch: [13/40], Step: [91/782], Loss: 0.4716460108757019
Rank:0 Epoch: [13/40], Step: [101/782], Loss: 0.2957232892513275
Rank:0 Epoch: [13/40], Step: [111/782], Loss: 0.548915684223175
Rank:0 Epoch: [13/40], Step: [121/782], Loss: 0.4370018243789673
Rank:0 Epoch: [13/40], Step: [131/782], Loss: 0.583443820476532
Rank:0 Epoch: [13/40], Step: [141/782], Loss: 0.3267954885959625
Rank:0 Epoch: [13/40], Step: [151/782], Loss: 0.4168153405189514
Rank:0 Epoch: [13/40], Step: [161/782], Loss: 0.3181613087654114
Rank:0 Epoch: [13/40], Step: [171/782], Loss: 0.520281195640564
Rank:0 Epoch: [13/40], Step: [181/782], Loss: 0.25621095299720764
Rank:0 Epoch: [13/40], Step: [191/782], Loss: 0.608184278011322
Rank:0 Epoch: [13/40], Step: [201/782], Loss: 0.4286903440952301
Rank:0 Epoch: [13/40], Step: [211/782], Loss: 0.5231561660766602
Rank:0 Epoch: [13/40], Step: [221/782], Loss: 0.4366424083709717
Rank:0 Epoch: [13/40], Step: [231/782], Loss: 0.516147255897522
Rank:0 Epoch: [13/40], Step: [241/782], Loss: 0.5929959416389465
Rank:0 Epoch: [13/40], Step: [251/782], Loss: 0.34839627146720886
Rank:0 Epoch: [13/40], Step: [261/782], Loss: 1.0479540824890137
Rank:0 Epoch: [13/40], Step: [271/782], Loss: 0.41331931948661804
Rank:0 Epoch: [13/40], Step: [281/782], Loss: 0.6194198131561279
Rank:0 Epoch: [13/40], Step: [291/782], Loss: 0.7929028868675232
Rank:0 Epoch: [13/40], Step: [301/782], Loss: 0.4507398307323456
Rank:0 Epoch: [13/40], Step: [311/782], Loss: 0.37350767850875854
Rank:0 Epoch: [13/40], Step: [321/782], Loss: 0.7131847739219666
Rank:0 Epoch: [13/40], Step: [331/782], Loss: 0.4640898108482361
Rank:0 Epoch: [13/40], Step: [341/782], Loss: 0.5105606317520142
Rank:0 Epoch: [13/40], Step: [351/782], Loss: 0.9131304621696472
Rank:0 Epoch: [13/40], Step: [361/782], Loss: 0.4527132511138916
Rank:0 Epoch: [13/40], Step: [371/782], Loss: 0.5155398845672607
Rank:0 Epoch: [13/40], Step: [381/782], Loss: 0.4380878210067749
Rank:0 Epoch: [13/40], Step: [391/782], Loss: 0.43750542402267456
Rank:0 Epoch: [13/40], Step: [401/782], Loss: 0.5266565084457397
Rank:0 Epoch: [13/40], Step: [411/782], Loss: 0.8933911919593811
Rank:0 Epoch: [13/40], Step: [421/782], Loss: 0.4374845623970032
Rank:0 Epoch: [13/40], Step: [431/782], Loss: 0.3473643362522125
Rank:0 Epoch: [13/40], Step: [441/782], Loss: 0.43052420020103455
Rank:0 Epoch: [13/40], Step: [451/782], Loss: 0.5151972770690918
Rank:0 Epoch: [13/40], Step: [461/782], Loss: 0.6814379096031189
Rank:0 Epoch: [13/40], Step: [471/782], Loss: 0.5787356495857239
Rank:0 Epoch: [13/40], Step: [481/782], Loss: 0.4728093147277832
Rank:0 Epoch: [13/40], Step: [491/782], Loss: 0.503469705581665
Rank:0 Epoch: [13/40], Step: [501/782], Loss: 0.5788775086402893
Rank:0 Epoch: [13/40], Step: [511/782], Loss: 0.3685913681983948
Rank:0 Epoch: [13/40], Step: [521/782], Loss: 0.6511068344116211
Rank:0 Epoch: [13/40], Step: [531/782], Loss: 0.42621365189552307
Rank:0 Epoch: [13/40], Step: [541/782], Loss: 0.8825854063034058
Rank:0 Epoch: [13/40], Step: [551/782], Loss: 0.7306260466575623
Rank:0 Epoch: [13/40], Step: [561/782], Loss: 0.595460832118988
Rank:0 Epoch: [13/40], Step: [571/782], Loss: 0.48070672154426575
Rank:0 Epoch: [13/40], Step: [581/782], Loss: 0.5946165323257446
Rank:0 Epoch: [13/40], Step: [591/782], Loss: 0.41260501742362976
Rank:0 Epoch: [13/40], Step: [601/782], Loss: 0.443460077047348
Rank:0 Epoch: [13/40], Step: [611/782], Loss: 0.45032018423080444
Rank:0 Epoch: [13/40], Step: [621/782], Loss: 0.5891494154930115
Rank:0 Epoch: [13/40], Step: [631/782], Loss: 0.6055028438568115
Rank:0 Epoch: [13/40], Step: [641/782], Loss: 0.4746515452861786
Rank:0 Epoch: [13/40], Step: [651/782], Loss: 0.5419937968254089
Rank:0 Epoch: [13/40], Step: [661/782], Loss: 0.5438719391822815
Rank:0 Epoch: [13/40], Step: [671/782], Loss: 0.4985259771347046
Rank:0 Epoch: [13/40], Step: [681/782], Loss: 0.5081935524940491
Rank:0 Epoch: [13/40], Step: [691/782], Loss: 0.7129936814308167
Rank:0 Epoch: [13/40], Step: [701/782], Loss: 0.8868240714073181
Rank:0 Epoch: [13/40], Step: [711/782], Loss: 0.515201985836029
Rank:0 Epoch: [13/40], Step: [721/782], Loss: 0.45277056097984314
Rank:0 Epoch: [13/40], Step: [731/782], Loss: 0.5285252928733826
Rank:0 Epoch: [13/40], Step: [741/782], Loss: 0.697551429271698
Rank:0 Epoch: [13/40], Step: [751/782], Loss: 0.547471821308136
Rank:0 Epoch: [13/40], Step: [761/782], Loss: 0.7177875638008118
Rank:0 Epoch: [13/40], Step: [771/782], Loss: 0.5493066310882568
Rank:0 Epoch: [13/40], Step: [781/782], Loss: 0.4903981387615204
Current Test Acc: 0.8277
Rank:0 Epoch: [14/40], Step: [1/782], Loss: 0.8285534977912903
Rank:0 Epoch: [14/40], Step: [11/782], Loss: 0.6299251317977905
Rank:0 Epoch: [14/40], Step: [21/782], Loss: 0.37753552198410034
Rank:0 Epoch: [14/40], Step: [31/782], Loss: 0.8459238409996033
Rank:0 Epoch: [14/40], Step: [41/782], Loss: 0.919864296913147
Rank:0 Epoch: [14/40], Step: [51/782], Loss: 0.577772855758667
Rank:0 Epoch: [14/40], Step: [61/782], Loss: 0.8930116295814514
Rank:0 Epoch: [14/40], Step: [71/782], Loss: 0.9236230850219727
Rank:0 Epoch: [14/40], Step: [81/782], Loss: 0.5498761534690857
Rank:0 Epoch: [14/40], Step: [91/782], Loss: 0.251720130443573
Rank:0 Epoch: [14/40], Step: [101/782], Loss: 0.29545605182647705
Rank:0 Epoch: [14/40], Step: [111/782], Loss: 1.0686668157577515
Rank:0 Epoch: [14/40], Step: [121/782], Loss: 0.6769201159477234
Rank:0 Epoch: [14/40], Step: [131/782], Loss: 0.40322449803352356
Rank:0 Epoch: [14/40], Step: [141/782], Loss: 0.401035338640213
Rank:0 Epoch: [14/40], Step: [151/782], Loss: 0.4910265803337097
Rank:0 Epoch: [14/40], Step: [161/782], Loss: 1.1772677898406982
Rank:0 Epoch: [14/40], Step: [171/782], Loss: 0.7242138385772705
Rank:0 Epoch: [14/40], Step: [181/782], Loss: 0.4511459171772003
Rank:0 Epoch: [14/40], Step: [191/782], Loss: 0.7351068258285522
Rank:0 Epoch: [14/40], Step: [201/782], Loss: 0.3316841721534729
Rank:0 Epoch: [14/40], Step: [211/782], Loss: 0.5939333438873291
Rank:0 Epoch: [14/40], Step: [221/782], Loss: 0.3604385256767273
Rank:0 Epoch: [14/40], Step: [231/782], Loss: 1.1723768711090088
Rank:0 Epoch: [14/40], Step: [241/782], Loss: 0.6339186429977417
Rank:0 Epoch: [14/40], Step: [251/782], Loss: 0.4916229546070099
Rank:0 Epoch: [14/40], Step: [261/782], Loss: 0.5135082602500916
Rank:0 Epoch: [14/40], Step: [271/782], Loss: 0.6439499855041504
Rank:0 Epoch: [14/40], Step: [281/782], Loss: 0.5627999305725098
Rank:0 Epoch: [14/40], Step: [291/782], Loss: 0.8607144355773926
Rank:0 Epoch: [14/40], Step: [301/782], Loss: 0.46349164843559265
Rank:0 Epoch: [14/40], Step: [311/782], Loss: 0.3392462730407715
Rank:0 Epoch: [14/40], Step: [321/782], Loss: 0.6686217784881592
Rank:0 Epoch: [14/40], Step: [331/782], Loss: 0.4404781460762024
Rank:0 Epoch: [14/40], Step: [341/782], Loss: 0.6169267892837524
Rank:0 Epoch: [14/40], Step: [351/782], Loss: 0.28294166922569275
Rank:0 Epoch: [14/40], Step: [361/782], Loss: 0.6435964703559875
Rank:0 Epoch: [14/40], Step: [371/782], Loss: 0.8029102683067322
Rank:0 Epoch: [14/40], Step: [381/782], Loss: 0.6947108507156372
Rank:0 Epoch: [14/40], Step: [391/782], Loss: 0.3902150094509125
Rank:0 Epoch: [14/40], Step: [401/782], Loss: 0.9693456888198853
Rank:0 Epoch: [14/40], Step: [411/782], Loss: 0.49734604358673096
Rank:0 Epoch: [14/40], Step: [421/782], Loss: 0.4604336619377136
Rank:0 Epoch: [14/40], Step: [431/782], Loss: 0.7771873474121094
Rank:0 Epoch: [14/40], Step: [441/782], Loss: 0.4670777916908264
Rank:0 Epoch: [14/40], Step: [451/782], Loss: 0.6593852639198303
Rank:0 Epoch: [14/40], Step: [461/782], Loss: 0.45420733094215393
Rank:0 Epoch: [14/40], Step: [471/782], Loss: 0.44077107310295105
Rank:0 Epoch: [14/40], Step: [481/782], Loss: 0.5188535451889038
Rank:0 Epoch: [14/40], Step: [491/782], Loss: 0.5554347038269043
Rank:0 Epoch: [14/40], Step: [501/782], Loss: 0.8336761593818665
Rank:0 Epoch: [14/40], Step: [511/782], Loss: 0.7441554665565491
Rank:0 Epoch: [14/40], Step: [521/782], Loss: 0.4234828054904938
Rank:0 Epoch: [14/40], Step: [531/782], Loss: 0.27398717403411865
Rank:0 Epoch: [14/40], Step: [541/782], Loss: 0.3552050292491913
Rank:0 Epoch: [14/40], Step: [551/782], Loss: 0.8132960796356201
Rank:0 Epoch: [14/40], Step: [561/782], Loss: 0.598788857460022
Rank:0 Epoch: [14/40], Step: [571/782], Loss: 0.7424126267433167
Rank:0 Epoch: [14/40], Step: [581/782], Loss: 0.5234593749046326
Rank:0 Epoch: [14/40], Step: [591/782], Loss: 0.7357833981513977
Rank:0 Epoch: [14/40], Step: [601/782], Loss: 0.6833734512329102
Rank:0 Epoch: [14/40], Step: [611/782], Loss: 0.6439635157585144
Rank:0 Epoch: [14/40], Step: [621/782], Loss: 0.38641357421875
Rank:0 Epoch: [14/40], Step: [631/782], Loss: 0.5191822052001953
Rank:0 Epoch: [14/40], Step: [641/782], Loss: 0.7697826027870178
Rank:0 Epoch: [14/40], Step: [651/782], Loss: 0.3761349320411682
Rank:0 Epoch: [14/40], Step: [661/782], Loss: 0.591337263584137
Rank:0 Epoch: [14/40], Step: [671/782], Loss: 0.7074747085571289
Rank:0 Epoch: [14/40], Step: [681/782], Loss: 0.6679177284240723
Rank:0 Epoch: [14/40], Step: [691/782], Loss: 0.3007989227771759
Rank:0 Epoch: [14/40], Step: [701/782], Loss: 0.5184627175331116
Rank:0 Epoch: [14/40], Step: [711/782], Loss: 0.6211379766464233
Rank:0 Epoch: [14/40], Step: [721/782], Loss: 0.7977317571640015
Rank:0 Epoch: [14/40], Step: [731/782], Loss: 0.6425591111183167
Rank:0 Epoch: [14/40], Step: [741/782], Loss: 0.36881816387176514
Rank:0 Epoch: [14/40], Step: [751/782], Loss: 0.3851930797100067
Rank:0 Epoch: [14/40], Step: [761/782], Loss: 0.4642576277256012
Rank:0 Epoch: [14/40], Step: [771/782], Loss: 0.494832307100296
Rank:0 Epoch: [14/40], Step: [781/782], Loss: 0.5961315631866455
Current Test Acc: 0.8297
Rank:0 Epoch: [15/40], Step: [1/782], Loss: 0.40622809529304504
Rank:0 Epoch: [15/40], Step: [11/782], Loss: 0.6712337732315063
Rank:0 Epoch: [15/40], Step: [21/782], Loss: 0.40942519903182983
Rank:0 Epoch: [15/40], Step: [31/782], Loss: 0.49954676628112793
Rank:0 Epoch: [15/40], Step: [41/782], Loss: 0.835574209690094
Rank:0 Epoch: [15/40], Step: [51/782], Loss: 0.9231743216514587
Rank:0 Epoch: [15/40], Step: [61/782], Loss: 0.44948849081993103
Rank:0 Epoch: [15/40], Step: [71/782], Loss: 0.398634135723114
Rank:0 Epoch: [15/40], Step: [81/782], Loss: 0.6273418664932251
Rank:0 Epoch: [15/40], Step: [91/782], Loss: 0.4605858623981476
Rank:0 Epoch: [15/40], Step: [101/782], Loss: 0.29490819573402405
Rank:0 Epoch: [15/40], Step: [111/782], Loss: 0.52057284116745
Rank:0 Epoch: [15/40], Step: [121/782], Loss: 0.5244314074516296
Rank:0 Epoch: [15/40], Step: [131/782], Loss: 0.5237197875976562
Rank:0 Epoch: [15/40], Step: [141/782], Loss: 0.5791017413139343
Rank:0 Epoch: [15/40], Step: [151/782], Loss: 0.4648115336894989
Rank:0 Epoch: [15/40], Step: [161/782], Loss: 0.8273313045501709
Rank:0 Epoch: [15/40], Step: [171/782], Loss: 0.30595633387565613
Rank:0 Epoch: [15/40], Step: [181/782], Loss: 0.5452486276626587
Rank:0 Epoch: [15/40], Step: [191/782], Loss: 0.6112859845161438
Rank:0 Epoch: [15/40], Step: [201/782], Loss: 0.7497764825820923
Rank:0 Epoch: [15/40], Step: [211/782], Loss: 0.4586288332939148
Rank:0 Epoch: [15/40], Step: [221/782], Loss: 0.5576303601264954
Rank:0 Epoch: [15/40], Step: [231/782], Loss: 0.4274027347564697
Rank:0 Epoch: [15/40], Step: [241/782], Loss: 0.39092761278152466
Rank:0 Epoch: [15/40], Step: [251/782], Loss: 0.5341882109642029
Rank:0 Epoch: [15/40], Step: [261/782], Loss: 0.5354976058006287
Rank:0 Epoch: [15/40], Step: [271/782], Loss: 0.5003876090049744
Rank:0 Epoch: [15/40], Step: [281/782], Loss: 0.5147184133529663
Rank:0 Epoch: [15/40], Step: [291/782], Loss: 0.7383493185043335
Rank:0 Epoch: [15/40], Step: [301/782], Loss: 0.3447059094905853
Rank:0 Epoch: [15/40], Step: [311/782], Loss: 0.5215964317321777
Rank:0 Epoch: [15/40], Step: [321/782], Loss: 0.6194895505905151
Rank:0 Epoch: [15/40], Step: [331/782], Loss: 0.410114049911499
Rank:0 Epoch: [15/40], Step: [341/782], Loss: 0.45661938190460205
Rank:0 Epoch: [15/40], Step: [351/782], Loss: 0.5169119834899902
Rank:0 Epoch: [15/40], Step: [361/782], Loss: 0.5942554473876953
Rank:0 Epoch: [15/40], Step: [371/782], Loss: 0.46986356377601624
Rank:0 Epoch: [15/40], Step: [381/782], Loss: 1.3141933679580688
Rank:0 Epoch: [15/40], Step: [391/782], Loss: 0.6903204321861267
Rank:0 Epoch: [15/40], Step: [401/782], Loss: 0.668056070804596
Rank:0 Epoch: [15/40], Step: [411/782], Loss: 0.48400965332984924
Rank:0 Epoch: [15/40], Step: [421/782], Loss: 0.5319827198982239
Rank:0 Epoch: [15/40], Step: [431/782], Loss: 0.7514091730117798
Rank:0 Epoch: [15/40], Step: [441/782], Loss: 0.648763120174408
Rank:0 Epoch: [15/40], Step: [451/782], Loss: 0.8425866961479187
Rank:0 Epoch: [15/40], Step: [461/782], Loss: 0.508023202419281
Rank:0 Epoch: [15/40], Step: [471/782], Loss: 0.681554913520813
Rank:0 Epoch: [15/40], Step: [481/782], Loss: 0.5624246001243591
Rank:0 Epoch: [15/40], Step: [491/782], Loss: 0.6489745378494263
Rank:0 Epoch: [15/40], Step: [501/782], Loss: 0.4710434675216675
Rank:0 Epoch: [15/40], Step: [511/782], Loss: 0.8644656538963318
Rank:0 Epoch: [15/40], Step: [521/782], Loss: 0.6078053712844849
Rank:0 Epoch: [15/40], Step: [531/782], Loss: 0.4553840756416321
Rank:0 Epoch: [15/40], Step: [541/782], Loss: 1.0828276872634888
Rank:0 Epoch: [15/40], Step: [551/782], Loss: 0.8754759430885315
Rank:0 Epoch: [15/40], Step: [561/782], Loss: 1.0868468284606934
Rank:0 Epoch: [15/40], Step: [571/782], Loss: 0.5956286787986755
Rank:0 Epoch: [15/40], Step: [581/782], Loss: 0.4984159469604492
Rank:0 Epoch: [15/40], Step: [591/782], Loss: 0.44584572315216064
Rank:0 Epoch: [15/40], Step: [601/782], Loss: 0.5392433404922485
Rank:0 Epoch: [15/40], Step: [611/782], Loss: 0.4750543236732483
Rank:0 Epoch: [15/40], Step: [621/782], Loss: 0.6053271293640137
Rank:0 Epoch: [15/40], Step: [631/782], Loss: 0.43237388134002686
Rank:0 Epoch: [15/40], Step: [641/782], Loss: 0.350719153881073
Rank:0 Epoch: [15/40], Step: [651/782], Loss: 0.555545449256897
Rank:0 Epoch: [15/40], Step: [661/782], Loss: 0.574318528175354
Rank:0 Epoch: [15/40], Step: [671/782], Loss: 0.5279180407524109
Rank:0 Epoch: [15/40], Step: [681/782], Loss: 0.5851088762283325
Rank:0 Epoch: [15/40], Step: [691/782], Loss: 0.6534092426300049
Rank:0 Epoch: [15/40], Step: [701/782], Loss: 0.34602704644203186
Rank:0 Epoch: [15/40], Step: [711/782], Loss: 0.9360025525093079
Rank:0 Epoch: [15/40], Step: [721/782], Loss: 0.7481289505958557
Rank:0 Epoch: [15/40], Step: [731/782], Loss: 0.8768035173416138
Rank:0 Epoch: [15/40], Step: [741/782], Loss: 0.6978080868721008
Rank:0 Epoch: [15/40], Step: [751/782], Loss: 0.5244525671005249
Rank:0 Epoch: [15/40], Step: [761/782], Loss: 0.7434930801391602
Rank:0 Epoch: [15/40], Step: [771/782], Loss: 0.7354604005813599
Rank:0 Epoch: [15/40], Step: [781/782], Loss: 0.5320993065834045
Current Test Acc: 0.8145
Rank:0 Epoch: [16/40], Step: [1/782], Loss: 0.41174542903900146
Rank:0 Epoch: [16/40], Step: [11/782], Loss: 0.9329111576080322
Rank:0 Epoch: [16/40], Step: [21/782], Loss: 0.7975364923477173
Rank:0 Epoch: [16/40], Step: [31/782], Loss: 0.3889295756816864
Rank:0 Epoch: [16/40], Step: [41/782], Loss: 0.33383846282958984
Rank:0 Epoch: [16/40], Step: [51/782], Loss: 0.6630952954292297
Rank:0 Epoch: [16/40], Step: [61/782], Loss: 0.5568594932556152
Rank:0 Epoch: [16/40], Step: [71/782], Loss: 0.3852967321872711
Rank:0 Epoch: [16/40], Step: [81/782], Loss: 0.6268063187599182
Rank:0 Epoch: [16/40], Step: [91/782], Loss: 0.4769071638584137
Rank:0 Epoch: [16/40], Step: [101/782], Loss: 0.5866426229476929
Rank:0 Epoch: [16/40], Step: [111/782], Loss: 0.6672466397285461
Rank:0 Epoch: [16/40], Step: [121/782], Loss: 0.5235581398010254
Rank:0 Epoch: [16/40], Step: [131/782], Loss: 0.6540901064872742
Rank:0 Epoch: [16/40], Step: [141/782], Loss: 0.41895246505737305
Rank:0 Epoch: [16/40], Step: [151/782], Loss: 0.4188379645347595
Rank:0 Epoch: [16/40], Step: [161/782], Loss: 0.5830815434455872
Rank:0 Epoch: [16/40], Step: [171/782], Loss: 0.47986456751823425
Rank:0 Epoch: [16/40], Step: [181/782], Loss: 0.5130703449249268
Rank:0 Epoch: [16/40], Step: [191/782], Loss: 0.34423017501831055
Rank:0 Epoch: [16/40], Step: [201/782], Loss: 0.38669195771217346
Rank:0 Epoch: [16/40], Step: [211/782], Loss: 0.4247463345527649
Rank:0 Epoch: [16/40], Step: [221/782], Loss: 0.23960621654987335
Rank:0 Epoch: [16/40], Step: [231/782], Loss: 0.2455507069826126
Rank:0 Epoch: [16/40], Step: [241/782], Loss: 0.7565006613731384
Rank:0 Epoch: [16/40], Step: [251/782], Loss: 0.49325260519981384
Rank:0 Epoch: [16/40], Step: [261/782], Loss: 0.5688053965568542
Rank:0 Epoch: [16/40], Step: [271/782], Loss: 0.4292958974838257
Rank:0 Epoch: [16/40], Step: [281/782], Loss: 0.7210443615913391
Rank:0 Epoch: [16/40], Step: [291/782], Loss: 0.3944964110851288
Rank:0 Epoch: [16/40], Step: [301/782], Loss: 0.4648452401161194
Rank:0 Epoch: [16/40], Step: [311/782], Loss: 0.8072972893714905
Rank:0 Epoch: [16/40], Step: [321/782], Loss: 0.2605946362018585
Rank:0 Epoch: [16/40], Step: [331/782], Loss: 1.0132888555526733
Rank:0 Epoch: [16/40], Step: [341/782], Loss: 0.4475681185722351
Rank:0 Epoch: [16/40], Step: [351/782], Loss: 0.34371519088745117
Rank:0 Epoch: [16/40], Step: [361/782], Loss: 0.3337971270084381
Rank:0 Epoch: [16/40], Step: [371/782], Loss: 0.8348751664161682
Rank:0 Epoch: [16/40], Step: [381/782], Loss: 0.6208856105804443
Rank:0 Epoch: [16/40], Step: [391/782], Loss: 0.5943230390548706
Rank:0 Epoch: [16/40], Step: [401/782], Loss: 0.5070680379867554
Rank:0 Epoch: [16/40], Step: [411/782], Loss: 2.7469582557678223
Rank:0 Epoch: [16/40], Step: [421/782], Loss: 0.5650041103363037
Rank:0 Epoch: [16/40], Step: [431/782], Loss: 0.5425537824630737
Rank:0 Epoch: [16/40], Step: [441/782], Loss: 0.605496883392334
Rank:0 Epoch: [16/40], Step: [451/782], Loss: 0.7051645517349243
Rank:0 Epoch: [16/40], Step: [461/782], Loss: 0.28324276208877563
Rank:0 Epoch: [16/40], Step: [471/782], Loss: 0.4835737347602844
Rank:0 Epoch: [16/40], Step: [481/782], Loss: 0.4623660743236542
Rank:0 Epoch: [16/40], Step: [491/782], Loss: 0.429627925157547
Rank:0 Epoch: [16/40], Step: [501/782], Loss: 0.6130262017250061
Rank:0 Epoch: [16/40], Step: [511/782], Loss: 0.5109442472457886
Rank:0 Epoch: [16/40], Step: [521/782], Loss: 0.3354502022266388
Rank:0 Epoch: [16/40], Step: [531/782], Loss: 0.7066121101379395
Rank:0 Epoch: [16/40], Step: [541/782], Loss: 0.5150351524353027
Rank:0 Epoch: [16/40], Step: [551/782], Loss: 0.4572693407535553
Rank:0 Epoch: [16/40], Step: [561/782], Loss: 0.4035803973674774
Rank:0 Epoch: [16/40], Step: [571/782], Loss: 0.6870169043540955
Rank:0 Epoch: [16/40], Step: [581/782], Loss: 0.5364272594451904
Rank:0 Epoch: [16/40], Step: [591/782], Loss: 0.3509969711303711
Rank:0 Epoch: [16/40], Step: [601/782], Loss: 0.503318190574646
Rank:0 Epoch: [16/40], Step: [611/782], Loss: 0.9526147842407227
Rank:0 Epoch: [16/40], Step: [621/782], Loss: 0.5964084267616272
Rank:0 Epoch: [16/40], Step: [631/782], Loss: 0.31998762488365173
Rank:0 Epoch: [16/40], Step: [641/782], Loss: 0.44012415409088135
Rank:0 Epoch: [16/40], Step: [651/782], Loss: 0.2735813856124878
Rank:0 Epoch: [16/40], Step: [661/782], Loss: 0.7231670618057251
Rank:0 Epoch: [16/40], Step: [671/782], Loss: 0.6721522212028503
Rank:0 Epoch: [16/40], Step: [681/782], Loss: 0.6905767321586609
Rank:0 Epoch: [16/40], Step: [691/782], Loss: 0.7509480714797974
Rank:0 Epoch: [16/40], Step: [701/782], Loss: 0.4571891725063324
Rank:0 Epoch: [16/40], Step: [711/782], Loss: 0.4616166353225708
Rank:0 Epoch: [16/40], Step: [721/782], Loss: 0.6201836466789246
Rank:0 Epoch: [16/40], Step: [731/782], Loss: 0.5514957308769226
Rank:0 Epoch: [16/40], Step: [741/782], Loss: 0.7948055267333984
Rank:0 Epoch: [16/40], Step: [751/782], Loss: 0.8291184902191162
Rank:0 Epoch: [16/40], Step: [761/782], Loss: 0.4731005132198334
Rank:0 Epoch: [16/40], Step: [771/782], Loss: 0.9677687883377075
Rank:0 Epoch: [16/40], Step: [781/782], Loss: 0.605320394039154
Current Test Acc: 0.8394
Rank:0 Epoch: [17/40], Step: [1/782], Loss: 0.5016488432884216
Rank:0 Epoch: [17/40], Step: [11/782], Loss: 0.4558979272842407
Rank:0 Epoch: [17/40], Step: [21/782], Loss: 0.4635189473628998
Rank:0 Epoch: [17/40], Step: [31/782], Loss: 0.34180521965026855
Rank:0 Epoch: [17/40], Step: [41/782], Loss: 0.5471678972244263
Rank:0 Epoch: [17/40], Step: [51/782], Loss: 0.684998631477356
Rank:0 Epoch: [17/40], Step: [61/782], Loss: 0.6294074654579163
Rank:0 Epoch: [17/40], Step: [71/782], Loss: 0.5205850601196289
Rank:0 Epoch: [17/40], Step: [81/782], Loss: 0.5664849281311035
Rank:0 Epoch: [17/40], Step: [91/782], Loss: 0.6844517588615417
Rank:0 Epoch: [17/40], Step: [101/782], Loss: 0.65330970287323
Rank:0 Epoch: [17/40], Step: [111/782], Loss: 0.6293594241142273
Rank:0 Epoch: [17/40], Step: [121/782], Loss: 0.5493215322494507
Rank:0 Epoch: [17/40], Step: [131/782], Loss: 0.5361816883087158
Rank:0 Epoch: [17/40], Step: [141/782], Loss: 0.6781137585639954
Rank:0 Epoch: [17/40], Step: [151/782], Loss: 0.2490820586681366
Rank:0 Epoch: [17/40], Step: [161/782], Loss: 0.3311728239059448
Rank:0 Epoch: [17/40], Step: [171/782], Loss: 0.7038806080818176
Rank:0 Epoch: [17/40], Step: [181/782], Loss: 0.7786972522735596
Rank:0 Epoch: [17/40], Step: [191/782], Loss: 0.5397228598594666
Rank:0 Epoch: [17/40], Step: [201/782], Loss: 0.5318832397460938
Rank:0 Epoch: [17/40], Step: [211/782], Loss: 0.5098674893379211
Rank:0 Epoch: [17/40], Step: [221/782], Loss: 0.6206474304199219
Rank:0 Epoch: [17/40], Step: [231/782], Loss: 0.5042996406555176
Rank:0 Epoch: [17/40], Step: [241/782], Loss: 0.3124581575393677
Rank:0 Epoch: [17/40], Step: [251/782], Loss: 0.49792876839637756
Rank:0 Epoch: [17/40], Step: [261/782], Loss: 0.6688807606697083
Rank:0 Epoch: [17/40], Step: [271/782], Loss: 0.42386457324028015
Rank:0 Epoch: [17/40], Step: [281/782], Loss: 0.37482696771621704
Rank:0 Epoch: [17/40], Step: [291/782], Loss: 0.713913083076477
Rank:0 Epoch: [17/40], Step: [301/782], Loss: 0.391857385635376
Rank:0 Epoch: [17/40], Step: [311/782], Loss: 0.5779485702514648
Rank:0 Epoch: [17/40], Step: [321/782], Loss: 0.503426194190979
Rank:0 Epoch: [17/40], Step: [331/782], Loss: 0.48964616656303406
Rank:0 Epoch: [17/40], Step: [341/782], Loss: 0.6347726583480835
Rank:0 Epoch: [17/40], Step: [351/782], Loss: 0.4681083858013153
Rank:0 Epoch: [17/40], Step: [361/782], Loss: 0.4904801547527313
Rank:0 Epoch: [17/40], Step: [371/782], Loss: 0.572763204574585
Rank:0 Epoch: [17/40], Step: [381/782], Loss: 1.2729932069778442
Rank:0 Epoch: [17/40], Step: [391/782], Loss: 0.6789873838424683
Rank:0 Epoch: [17/40], Step: [401/782], Loss: 0.7684767246246338
Rank:0 Epoch: [17/40], Step: [411/782], Loss: 0.6643271446228027
Rank:0 Epoch: [17/40], Step: [421/782], Loss: 0.3687126934528351
Rank:0 Epoch: [17/40], Step: [431/782], Loss: 0.5240642428398132
Rank:0 Epoch: [17/40], Step: [441/782], Loss: 0.5329754948616028
Rank:0 Epoch: [17/40], Step: [451/782], Loss: 0.3084644675254822
Rank:0 Epoch: [17/40], Step: [461/782], Loss: 0.3896001875400543
Rank:0 Epoch: [17/40], Step: [471/782], Loss: 0.45295119285583496
Rank:0 Epoch: [17/40], Step: [481/782], Loss: 0.35201120376586914
Rank:0 Epoch: [17/40], Step: [491/782], Loss: 0.8939990997314453
Rank:0 Epoch: [17/40], Step: [501/782], Loss: 0.6012058854103088
Rank:0 Epoch: [17/40], Step: [511/782], Loss: 0.5888784527778625
Rank:0 Epoch: [17/40], Step: [521/782], Loss: 0.36577343940734863
Rank:0 Epoch: [17/40], Step: [531/782], Loss: 0.9864760637283325
Rank:0 Epoch: [17/40], Step: [541/782], Loss: 0.7814859747886658
Rank:0 Epoch: [17/40], Step: [551/782], Loss: 0.40777623653411865
Rank:0 Epoch: [17/40], Step: [561/782], Loss: 0.6991328001022339
Rank:0 Epoch: [17/40], Step: [571/782], Loss: 0.35014498233795166
Rank:0 Epoch: [17/40], Step: [581/782], Loss: 0.5679696202278137
Rank:0 Epoch: [17/40], Step: [591/782], Loss: 0.504919707775116
Rank:0 Epoch: [17/40], Step: [601/782], Loss: 0.3318163752555847
Rank:0 Epoch: [17/40], Step: [611/782], Loss: 0.5982241034507751
Rank:0 Epoch: [17/40], Step: [621/782], Loss: 0.46228504180908203
Rank:0 Epoch: [17/40], Step: [631/782], Loss: 0.3580280542373657
Rank:0 Epoch: [17/40], Step: [641/782], Loss: 0.4922478497028351
Rank:0 Epoch: [17/40], Step: [651/782], Loss: 0.5477925539016724
Rank:0 Epoch: [17/40], Step: [661/782], Loss: 0.6938093304634094
Rank:0 Epoch: [17/40], Step: [671/782], Loss: 0.36237671971321106
Rank:0 Epoch: [17/40], Step: [681/782], Loss: 0.45767995715141296
Rank:0 Epoch: [17/40], Step: [691/782], Loss: 0.447232723236084
Rank:0 Epoch: [17/40], Step: [701/782], Loss: 0.7055732607841492
Rank:0 Epoch: [17/40], Step: [711/782], Loss: 0.44699808955192566
Rank:0 Epoch: [17/40], Step: [721/782], Loss: 0.6623623967170715
Rank:0 Epoch: [17/40], Step: [731/782], Loss: 0.5232444405555725
Rank:0 Epoch: [17/40], Step: [741/782], Loss: 0.5586651563644409
Rank:0 Epoch: [17/40], Step: [751/782], Loss: 0.794257402420044
Rank:0 Epoch: [17/40], Step: [761/782], Loss: 0.8058372139930725
Rank:0 Epoch: [17/40], Step: [771/782], Loss: 0.6596230268478394
Rank:0 Epoch: [17/40], Step: [781/782], Loss: 0.6821492314338684
Current Test Acc: 0.829
Rank:0 Epoch: [18/40], Step: [1/782], Loss: 0.2716466784477234
Rank:0 Epoch: [18/40], Step: [11/782], Loss: 0.5015113353729248
Rank:0 Epoch: [18/40], Step: [21/782], Loss: 0.6661339998245239
Rank:0 Epoch: [18/40], Step: [31/782], Loss: 0.62946617603302
Rank:0 Epoch: [18/40], Step: [41/782], Loss: 0.4015403389930725
Rank:0 Epoch: [18/40], Step: [51/782], Loss: 0.41651391983032227
Rank:0 Epoch: [18/40], Step: [61/782], Loss: 0.3053455948829651
Rank:0 Epoch: [18/40], Step: [71/782], Loss: 0.4033668637275696
Rank:0 Epoch: [18/40], Step: [81/782], Loss: 0.4686332643032074
Rank:0 Epoch: [18/40], Step: [91/782], Loss: 0.512920618057251
Rank:0 Epoch: [18/40], Step: [101/782], Loss: 0.6493504047393799
Rank:0 Epoch: [18/40], Step: [111/782], Loss: 0.5371777415275574
Rank:0 Epoch: [18/40], Step: [121/782], Loss: 0.45560356974601746
Rank:0 Epoch: [18/40], Step: [131/782], Loss: 0.4741542637348175
Rank:0 Epoch: [18/40], Step: [141/782], Loss: 0.47157981991767883
Rank:0 Epoch: [18/40], Step: [151/782], Loss: 0.39848917722702026
Rank:0 Epoch: [18/40], Step: [161/782], Loss: 0.3141127824783325
Rank:0 Epoch: [18/40], Step: [171/782], Loss: 0.4631483256816864
Rank:0 Epoch: [18/40], Step: [181/782], Loss: 0.3906404674053192
Rank:0 Epoch: [18/40], Step: [191/782], Loss: 0.5052821636199951
Rank:0 Epoch: [18/40], Step: [201/782], Loss: 0.516794741153717
Rank:0 Epoch: [18/40], Step: [211/782], Loss: 0.4506032466888428
Rank:0 Epoch: [18/40], Step: [221/782], Loss: 0.33939996361732483
Rank:0 Epoch: [18/40], Step: [231/782], Loss: 0.4749845862388611
Rank:0 Epoch: [18/40], Step: [241/782], Loss: 0.5067578554153442
Rank:0 Epoch: [18/40], Step: [251/782], Loss: 0.5083587765693665
Rank:0 Epoch: [18/40], Step: [261/782], Loss: 0.9364196062088013
Rank:0 Epoch: [18/40], Step: [271/782], Loss: 0.5001007318496704
Rank:0 Epoch: [18/40], Step: [281/782], Loss: 0.4767143726348877
Rank:0 Epoch: [18/40], Step: [291/782], Loss: 0.4126836359500885
Rank:0 Epoch: [18/40], Step: [301/782], Loss: 0.6109717488288879
Rank:0 Epoch: [18/40], Step: [311/782], Loss: 0.501327395439148
Rank:0 Epoch: [18/40], Step: [321/782], Loss: 0.43541550636291504
Rank:0 Epoch: [18/40], Step: [331/782], Loss: 0.8649965524673462
Rank:0 Epoch: [18/40], Step: [341/782], Loss: 0.5466405749320984
Rank:0 Epoch: [18/40], Step: [351/782], Loss: 0.53704434633255
Rank:0 Epoch: [18/40], Step: [361/782], Loss: 0.5279068946838379
Rank:0 Epoch: [18/40], Step: [371/782], Loss: 0.631199300289154
Rank:0 Epoch: [18/40], Step: [381/782], Loss: 0.2892801761627197
Rank:0 Epoch: [18/40], Step: [391/782], Loss: 0.6519792079925537
Rank:0 Epoch: [18/40], Step: [401/782], Loss: 0.5115706324577332
Rank:0 Epoch: [18/40], Step: [411/782], Loss: 0.36462274193763733
Rank:0 Epoch: [18/40], Step: [421/782], Loss: 0.6815585494041443
Rank:0 Epoch: [18/40], Step: [431/782], Loss: 0.672359824180603
Rank:0 Epoch: [18/40], Step: [441/782], Loss: 0.4008432924747467
Rank:0 Epoch: [18/40], Step: [451/782], Loss: 0.5005443096160889
Rank:0 Epoch: [18/40], Step: [461/782], Loss: 0.8649218082427979
Rank:0 Epoch: [18/40], Step: [471/782], Loss: 0.5368905067443848
Rank:0 Epoch: [18/40], Step: [481/782], Loss: 0.8980022668838501
Rank:0 Epoch: [18/40], Step: [491/782], Loss: 0.4813820719718933
Rank:0 Epoch: [18/40], Step: [501/782], Loss: 0.43350762128829956
Rank:0 Epoch: [18/40], Step: [511/782], Loss: 0.3962176442146301
Rank:0 Epoch: [18/40], Step: [521/782], Loss: 0.4708960950374603
Rank:0 Epoch: [18/40], Step: [531/782], Loss: 0.6560757756233215
Rank:0 Epoch: [18/40], Step: [541/782], Loss: 0.59439617395401
Rank:0 Epoch: [18/40], Step: [551/782], Loss: 0.28896015882492065
Rank:0 Epoch: [18/40], Step: [561/782], Loss: 0.5191589593887329
Rank:0 Epoch: [18/40], Step: [571/782], Loss: 0.7570006251335144
Rank:0 Epoch: [18/40], Step: [581/782], Loss: 0.5083659887313843
Rank:0 Epoch: [18/40], Step: [591/782], Loss: 0.6924543976783752
Rank:0 Epoch: [18/40], Step: [601/782], Loss: 0.4697935879230499
Rank:0 Epoch: [18/40], Step: [611/782], Loss: 0.47981390357017517
Rank:0 Epoch: [18/40], Step: [621/782], Loss: 0.5198893547058105
Rank:0 Epoch: [18/40], Step: [631/782], Loss: 0.5734501481056213
Rank:0 Epoch: [18/40], Step: [641/782], Loss: 0.45882460474967957
Rank:0 Epoch: [18/40], Step: [651/782], Loss: 0.6434555053710938
Rank:0 Epoch: [18/40], Step: [661/782], Loss: 0.7314950823783875
Rank:0 Epoch: [18/40], Step: [671/782], Loss: 0.5865225791931152
Rank:0 Epoch: [18/40], Step: [681/782], Loss: 0.5947043895721436
Rank:0 Epoch: [18/40], Step: [691/782], Loss: 0.5357347130775452
Rank:0 Epoch: [18/40], Step: [701/782], Loss: 0.6003650426864624
Rank:0 Epoch: [18/40], Step: [711/782], Loss: 0.5276409983634949
Rank:0 Epoch: [18/40], Step: [721/782], Loss: 0.5700575113296509
Rank:0 Epoch: [18/40], Step: [731/782], Loss: 0.3181460499763489
Rank:0 Epoch: [18/40], Step: [741/782], Loss: 0.4128600060939789
Rank:0 Epoch: [18/40], Step: [751/782], Loss: 0.3503134846687317
Rank:0 Epoch: [18/40], Step: [761/782], Loss: 0.6933776140213013
Rank:0 Epoch: [18/40], Step: [771/782], Loss: 0.6824725270271301
Rank:0 Epoch: [18/40], Step: [781/782], Loss: 0.8676076531410217
Current Test Acc: 0.7888
Rank:0 Epoch: [19/40], Step: [1/782], Loss: 0.6404346227645874
Rank:0 Epoch: [19/40], Step: [11/782], Loss: 0.43315738439559937
Rank:0 Epoch: [19/40], Step: [21/782], Loss: 0.7903141975402832
Rank:0 Epoch: [19/40], Step: [31/782], Loss: 0.4982137680053711
Rank:0 Epoch: [19/40], Step: [41/782], Loss: 0.3191562294960022
Rank:0 Epoch: [19/40], Step: [51/782], Loss: 0.5509801506996155
Rank:0 Epoch: [19/40], Step: [61/782], Loss: 0.7464215755462646
Rank:0 Epoch: [19/40], Step: [71/782], Loss: 0.2783220708370209
Rank:0 Epoch: [19/40], Step: [81/782], Loss: 0.5541206002235413
Rank:0 Epoch: [19/40], Step: [91/782], Loss: 0.8256422877311707
Rank:0 Epoch: [19/40], Step: [101/782], Loss: 0.4339427649974823
Rank:0 Epoch: [19/40], Step: [111/782], Loss: 0.6363504528999329
Rank:0 Epoch: [19/40], Step: [121/782], Loss: 0.9592952728271484
Rank:0 Epoch: [19/40], Step: [131/782], Loss: 0.7996440529823303
Rank:0 Epoch: [19/40], Step: [141/782], Loss: 0.6920058727264404
Rank:0 Epoch: [19/40], Step: [151/782], Loss: 0.4737527370452881
Rank:0 Epoch: [19/40], Step: [161/782], Loss: 0.34420886635780334
Rank:0 Epoch: [19/40], Step: [171/782], Loss: 0.47905460000038147
Rank:0 Epoch: [19/40], Step: [181/782], Loss: 0.5014363527297974
Rank:0 Epoch: [19/40], Step: [191/782], Loss: 0.553536057472229
Rank:0 Epoch: [19/40], Step: [201/782], Loss: 0.4570469260215759
Rank:0 Epoch: [19/40], Step: [211/782], Loss: 0.5976747870445251
Rank:0 Epoch: [19/40], Step: [221/782], Loss: 0.612999677658081
Rank:0 Epoch: [19/40], Step: [231/782], Loss: 0.544314980506897
Rank:0 Epoch: [19/40], Step: [241/782], Loss: 0.6492470502853394
Rank:0 Epoch: [19/40], Step: [251/782], Loss: 0.5558685660362244
Rank:0 Epoch: [19/40], Step: [261/782], Loss: 0.5515616536140442
Rank:0 Epoch: [19/40], Step: [271/782], Loss: 0.319221556186676
Rank:0 Epoch: [19/40], Step: [281/782], Loss: 0.5635861158370972
Rank:0 Epoch: [19/40], Step: [291/782], Loss: 0.512974739074707
Rank:0 Epoch: [19/40], Step: [301/782], Loss: 0.7078654766082764
Rank:0 Epoch: [19/40], Step: [311/782], Loss: 0.6145528554916382
Rank:0 Epoch: [19/40], Step: [321/782], Loss: 0.5474682450294495
Rank:0 Epoch: [19/40], Step: [331/782], Loss: 0.5334911346435547
Rank:0 Epoch: [19/40], Step: [341/782], Loss: 0.8221359848976135
Rank:0 Epoch: [19/40], Step: [351/782], Loss: 1.1140403747558594
Rank:0 Epoch: [19/40], Step: [361/782], Loss: 0.5959115028381348
Rank:0 Epoch: [19/40], Step: [371/782], Loss: 0.5317538380622864
Rank:0 Epoch: [19/40], Step: [381/782], Loss: 0.640368640422821
Rank:0 Epoch: [19/40], Step: [391/782], Loss: 0.7205557227134705
Rank:0 Epoch: [19/40], Step: [401/782], Loss: 0.4556114077568054
Rank:0 Epoch: [19/40], Step: [411/782], Loss: 0.6698312163352966
Rank:0 Epoch: [19/40], Step: [421/782], Loss: 0.41798239946365356
Rank:0 Epoch: [19/40], Step: [431/782], Loss: 0.9315322041511536
Rank:0 Epoch: [19/40], Step: [441/782], Loss: 0.4132978916168213
Rank:0 Epoch: [19/40], Step: [451/782], Loss: 0.5488793253898621
Rank:0 Epoch: [19/40], Step: [461/782], Loss: 0.5439231395721436
Rank:0 Epoch: [19/40], Step: [471/782], Loss: 0.5186983942985535
Rank:0 Epoch: [19/40], Step: [481/782], Loss: 0.2852173149585724
Rank:0 Epoch: [19/40], Step: [491/782], Loss: 0.5374197959899902
Rank:0 Epoch: [19/40], Step: [501/782], Loss: 0.43083226680755615
Rank:0 Epoch: [19/40], Step: [511/782], Loss: 0.6915615797042847
Rank:0 Epoch: [19/40], Step: [521/782], Loss: 1.0444225072860718
Rank:0 Epoch: [19/40], Step: [531/782], Loss: 1.1169631481170654
Rank:0 Epoch: [19/40], Step: [541/782], Loss: 0.8061150312423706
Rank:0 Epoch: [19/40], Step: [551/782], Loss: 0.41617351770401
Rank:0 Epoch: [19/40], Step: [561/782], Loss: 0.3911806643009186
Rank:0 Epoch: [19/40], Step: [571/782], Loss: 0.6923842430114746
Rank:0 Epoch: [19/40], Step: [581/782], Loss: 0.5504730343818665
Rank:0 Epoch: [19/40], Step: [591/782], Loss: 0.6945486664772034
Rank:0 Epoch: [19/40], Step: [601/782], Loss: 0.47372233867645264
Rank:0 Epoch: [19/40], Step: [611/782], Loss: 0.4315694570541382
Rank:0 Epoch: [19/40], Step: [621/782], Loss: 0.3645733594894409
Rank:0 Epoch: [19/40], Step: [631/782], Loss: 0.5233876705169678
Rank:0 Epoch: [19/40], Step: [641/782], Loss: 0.7769044637680054
Rank:0 Epoch: [19/40], Step: [651/782], Loss: 0.9425161480903625
Rank:0 Epoch: [19/40], Step: [661/782], Loss: 0.8332164883613586
Rank:0 Epoch: [19/40], Step: [671/782], Loss: 0.6627349853515625
Rank:0 Epoch: [19/40], Step: [681/782], Loss: 0.4476025700569153
Rank:0 Epoch: [19/40], Step: [691/782], Loss: 0.48619574308395386
Rank:0 Epoch: [19/40], Step: [701/782], Loss: 0.6374679803848267
Rank:0 Epoch: [19/40], Step: [711/782], Loss: 0.6852719783782959
Rank:0 Epoch: [19/40], Step: [721/782], Loss: 0.6010352373123169
Rank:0 Epoch: [19/40], Step: [731/782], Loss: 1.1348484754562378
Rank:0 Epoch: [19/40], Step: [741/782], Loss: 0.4896400570869446
Rank:0 Epoch: [19/40], Step: [751/782], Loss: 0.5596085786819458
Rank:0 Epoch: [19/40], Step: [761/782], Loss: 0.41622740030288696
Rank:0 Epoch: [19/40], Step: [771/782], Loss: 0.30247563123703003
Rank:0 Epoch: [19/40], Step: [781/782], Loss: 0.5795134902000427
Current Test Acc: 0.8405
Rank:0 Epoch: [20/40], Step: [1/782], Loss: 0.34529751539230347
Rank:0 Epoch: [20/40], Step: [11/782], Loss: 0.30900853872299194
Rank:0 Epoch: [20/40], Step: [21/782], Loss: 0.3902808129787445
Rank:0 Epoch: [20/40], Step: [31/782], Loss: 0.45089077949523926
Rank:0 Epoch: [20/40], Step: [41/782], Loss: 0.6199569702148438
Rank:0 Epoch: [20/40], Step: [51/782], Loss: 0.5603399276733398
Rank:0 Epoch: [20/40], Step: [61/782], Loss: 0.6891458630561829
Rank:0 Epoch: [20/40], Step: [71/782], Loss: 0.6829674243927002
Rank:0 Epoch: [20/40], Step: [81/782], Loss: 0.7383705377578735
Rank:0 Epoch: [20/40], Step: [91/782], Loss: 0.33069664239883423
Rank:0 Epoch: [20/40], Step: [101/782], Loss: 0.47105658054351807
Rank:0 Epoch: [20/40], Step: [111/782], Loss: 0.4214586317539215
Rank:0 Epoch: [20/40], Step: [121/782], Loss: 0.555160641670227
Rank:0 Epoch: [20/40], Step: [131/782], Loss: 0.4135230779647827
Rank:0 Epoch: [20/40], Step: [141/782], Loss: 0.64432293176651
Rank:0 Epoch: [20/40], Step: [151/782], Loss: 0.7199643850326538
Rank:0 Epoch: [20/40], Step: [161/782], Loss: 1.100172519683838
Rank:0 Epoch: [20/40], Step: [171/782], Loss: 0.4717139005661011
Rank:0 Epoch: [20/40], Step: [181/782], Loss: 0.6923767924308777
Rank:0 Epoch: [20/40], Step: [191/782], Loss: 0.5386701822280884
Rank:0 Epoch: [20/40], Step: [201/782], Loss: 0.7552742958068848
Rank:0 Epoch: [20/40], Step: [211/782], Loss: 0.43724769353866577
Rank:0 Epoch: [20/40], Step: [221/782], Loss: 0.5090287923812866
Rank:0 Epoch: [20/40], Step: [231/782], Loss: 0.5167164206504822
Rank:0 Epoch: [20/40], Step: [241/782], Loss: 0.4918208718299866
Rank:0 Epoch: [20/40], Step: [251/782], Loss: 0.5524541735649109
Rank:0 Epoch: [20/40], Step: [261/782], Loss: 1.1168876886367798
Rank:0 Epoch: [20/40], Step: [271/782], Loss: 0.4822196662425995
Rank:0 Epoch: [20/40], Step: [281/782], Loss: 0.7222251296043396
Rank:0 Epoch: [20/40], Step: [291/782], Loss: 1.002650499343872
Rank:0 Epoch: [20/40], Step: [301/782], Loss: 0.39840543270111084
Rank:0 Epoch: [20/40], Step: [311/782], Loss: 0.32919272780418396
Rank:0 Epoch: [20/40], Step: [321/782], Loss: 0.30977731943130493
Rank:0 Epoch: [20/40], Step: [331/782], Loss: 0.39014312624931335
Rank:0 Epoch: [20/40], Step: [341/782], Loss: 0.43271949887275696
Rank:0 Epoch: [20/40], Step: [351/782], Loss: 0.3927134871482849
Rank:0 Epoch: [20/40], Step: [361/782], Loss: 0.4971027672290802
Rank:0 Epoch: [20/40], Step: [371/782], Loss: 0.5974274277687073
Rank:0 Epoch: [20/40], Step: [381/782], Loss: 0.6538770794868469
Rank:0 Epoch: [20/40], Step: [391/782], Loss: 0.42176303267478943
Rank:0 Epoch: [20/40], Step: [401/782], Loss: 0.6783980131149292
Rank:0 Epoch: [20/40], Step: [411/782], Loss: 0.9474576711654663
Rank:0 Epoch: [20/40], Step: [421/782], Loss: 0.5877517461776733
Rank:0 Epoch: [20/40], Step: [431/782], Loss: 0.6332762241363525
Rank:0 Epoch: [20/40], Step: [441/782], Loss: 0.5332684516906738
Rank:0 Epoch: [20/40], Step: [451/782], Loss: 0.4083811044692993
Rank:0 Epoch: [20/40], Step: [461/782], Loss: 0.4900033175945282
Rank:0 Epoch: [20/40], Step: [471/782], Loss: 0.4859936833381653
Rank:0 Epoch: [20/40], Step: [481/782], Loss: 0.6196743845939636
Rank:0 Epoch: [20/40], Step: [491/782], Loss: 0.5937906503677368
Rank:0 Epoch: [20/40], Step: [501/782], Loss: 0.5562291741371155
Rank:0 Epoch: [20/40], Step: [511/782], Loss: 0.42974647879600525
Rank:0 Epoch: [20/40], Step: [521/782], Loss: 0.4158947169780731
Rank:0 Epoch: [20/40], Step: [531/782], Loss: 0.7326773405075073
Rank:0 Epoch: [20/40], Step: [541/782], Loss: 0.4230073094367981
Rank:0 Epoch: [20/40], Step: [551/782], Loss: 0.48244911432266235
Rank:0 Epoch: [20/40], Step: [561/782], Loss: 0.4706065058708191
Rank:0 Epoch: [20/40], Step: [571/782], Loss: 0.4588112235069275
Rank:0 Epoch: [20/40], Step: [581/782], Loss: 0.5952759385108948
Rank:0 Epoch: [20/40], Step: [591/782], Loss: 0.718808114528656
Rank:0 Epoch: [20/40], Step: [601/782], Loss: 0.6797300577163696
Rank:0 Epoch: [20/40], Step: [611/782], Loss: 0.8489559888839722
Rank:0 Epoch: [20/40], Step: [621/782], Loss: 0.6674874424934387
Rank:0 Epoch: [20/40], Step: [631/782], Loss: 1.0198475122451782
Rank:0 Epoch: [20/40], Step: [641/782], Loss: 0.47812026739120483
Rank:0 Epoch: [20/40], Step: [651/782], Loss: 0.4185353219509125
Rank:0 Epoch: [20/40], Step: [661/782], Loss: 0.38011160492897034
Rank:0 Epoch: [20/40], Step: [671/782], Loss: 0.5003063678741455
Rank:0 Epoch: [20/40], Step: [681/782], Loss: 0.6206846237182617
Rank:0 Epoch: [20/40], Step: [691/782], Loss: 0.9257088303565979
Rank:0 Epoch: [20/40], Step: [701/782], Loss: 0.37775397300720215
Rank:0 Epoch: [20/40], Step: [711/782], Loss: 0.4479530453681946
Rank:0 Epoch: [20/40], Step: [721/782], Loss: 0.578900158405304
Rank:0 Epoch: [20/40], Step: [731/782], Loss: 0.49360817670822144
Rank:0 Epoch: [20/40], Step: [741/782], Loss: 0.4813269078731537
Rank:0 Epoch: [20/40], Step: [751/782], Loss: 0.7453623414039612
Rank:0 Epoch: [20/40], Step: [761/782], Loss: 0.5240997672080994
Rank:0 Epoch: [20/40], Step: [771/782], Loss: 0.5627360343933105
Rank:0 Epoch: [20/40], Step: [781/782], Loss: 0.4313739538192749
Current Test Acc: 0.8206
Rank:0 Epoch: [21/40], Step: [1/782], Loss: 0.4291585385799408
Rank:0 Epoch: [21/40], Step: [11/782], Loss: 0.6025338768959045
Rank:0 Epoch: [21/40], Step: [21/782], Loss: 0.48696401715278625
Rank:0 Epoch: [21/40], Step: [31/782], Loss: 0.5876083970069885
Rank:0 Epoch: [21/40], Step: [41/782], Loss: 0.40987104177474976
Rank:0 Epoch: [21/40], Step: [51/782], Loss: 0.502249538898468
Rank:0 Epoch: [21/40], Step: [61/782], Loss: 0.6008686423301697
Rank:0 Epoch: [21/40], Step: [71/782], Loss: 0.5462411642074585
Rank:0 Epoch: [21/40], Step: [81/782], Loss: 0.2869337499141693
Rank:0 Epoch: [21/40], Step: [91/782], Loss: 0.49234330654144287
Rank:0 Epoch: [21/40], Step: [101/782], Loss: 0.3868461847305298
Rank:0 Epoch: [21/40], Step: [111/782], Loss: 0.28936702013015747
Rank:0 Epoch: [21/40], Step: [121/782], Loss: 0.7718302011489868
Rank:0 Epoch: [21/40], Step: [131/782], Loss: 0.30993393063545227
Rank:0 Epoch: [21/40], Step: [141/782], Loss: 0.38481324911117554
Rank:0 Epoch: [21/40], Step: [151/782], Loss: 0.487688273191452
Rank:0 Epoch: [21/40], Step: [161/782], Loss: 0.18722094595432281
Rank:0 Epoch: [21/40], Step: [171/782], Loss: 0.5130481719970703
Rank:0 Epoch: [21/40], Step: [181/782], Loss: 0.25518450140953064
Rank:0 Epoch: [21/40], Step: [191/782], Loss: 0.33658963441848755
Rank:0 Epoch: [21/40], Step: [201/782], Loss: 0.4146409332752228
Rank:0 Epoch: [21/40], Step: [211/782], Loss: 0.43626850843429565
Rank:0 Epoch: [21/40], Step: [221/782], Loss: 0.27388623356819153
Rank:0 Epoch: [21/40], Step: [231/782], Loss: 0.7489554286003113
Rank:0 Epoch: [21/40], Step: [241/782], Loss: 0.1902492791414261
Rank:0 Epoch: [21/40], Step: [251/782], Loss: 0.3502786457538605
Rank:0 Epoch: [21/40], Step: [261/782], Loss: 0.4373425245285034
Rank:0 Epoch: [21/40], Step: [271/782], Loss: 0.576351523399353
Rank:0 Epoch: [21/40], Step: [281/782], Loss: 0.42274561524391174
Rank:0 Epoch: [21/40], Step: [291/782], Loss: 0.2667236328125
Rank:0 Epoch: [21/40], Step: [301/782], Loss: 0.314520925283432
Rank:0 Epoch: [21/40], Step: [311/782], Loss: 0.5174157619476318
Rank:0 Epoch: [21/40], Step: [321/782], Loss: 0.39543795585632324
Rank:0 Epoch: [21/40], Step: [331/782], Loss: 0.2347724586725235
Rank:0 Epoch: [21/40], Step: [341/782], Loss: 0.3795689642429352
Rank:0 Epoch: [21/40], Step: [351/782], Loss: 0.3478577136993408
Rank:0 Epoch: [21/40], Step: [361/782], Loss: 0.2695617079734802
Rank:0 Epoch: [21/40], Step: [371/782], Loss: 0.22441363334655762
Rank:0 Epoch: [21/40], Step: [381/782], Loss: 0.5249015688896179
Rank:0 Epoch: [21/40], Step: [391/782], Loss: 0.37775206565856934
Rank:0 Epoch: [21/40], Step: [401/782], Loss: 0.2793179750442505
Rank:0 Epoch: [21/40], Step: [411/782], Loss: 0.35497957468032837
Rank:0 Epoch: [21/40], Step: [421/782], Loss: 0.4513742923736572
Rank:0 Epoch: [21/40], Step: [431/782], Loss: 0.6606337428092957
Rank:0 Epoch: [21/40], Step: [441/782], Loss: 0.23984217643737793
Rank:0 Epoch: [21/40], Step: [451/782], Loss: 0.27082836627960205
Rank:0 Epoch: [21/40], Step: [461/782], Loss: 0.28505343198776245
Rank:0 Epoch: [21/40], Step: [471/782], Loss: 0.3443754315376282
Rank:0 Epoch: [21/40], Step: [481/782], Loss: 0.4420630931854248
Rank:0 Epoch: [21/40], Step: [491/782], Loss: 0.36962980031967163
Rank:0 Epoch: [21/40], Step: [501/782], Loss: 0.24831557273864746
Rank:0 Epoch: [21/40], Step: [511/782], Loss: 0.31754156947135925
Rank:0 Epoch: [21/40], Step: [521/782], Loss: 0.4188978970050812
Rank:0 Epoch: [21/40], Step: [531/782], Loss: 0.23271778225898743
Rank:0 Epoch: [21/40], Step: [541/782], Loss: 0.4410878121852875
Rank:0 Epoch: [21/40], Step: [551/782], Loss: 0.3612164258956909
Rank:0 Epoch: [21/40], Step: [561/782], Loss: 0.4088466167449951
Rank:0 Epoch: [21/40], Step: [571/782], Loss: 0.37626558542251587
Rank:0 Epoch: [21/40], Step: [581/782], Loss: 0.4774008095264435
Rank:0 Epoch: [21/40], Step: [591/782], Loss: 0.24562564492225647
Rank:0 Epoch: [21/40], Step: [601/782], Loss: 0.27486297488212585
Rank:0 Epoch: [21/40], Step: [611/782], Loss: 0.32825174927711487
Rank:0 Epoch: [21/40], Step: [621/782], Loss: 0.21855606138706207
Rank:0 Epoch: [21/40], Step: [631/782], Loss: 0.18933330476284027
Rank:0 Epoch: [21/40], Step: [641/782], Loss: 0.20943038165569305
Rank:0 Epoch: [21/40], Step: [651/782], Loss: 0.3325504958629608
Rank:0 Epoch: [21/40], Step: [661/782], Loss: 0.3816588222980499
Rank:0 Epoch: [21/40], Step: [671/782], Loss: 0.3731949031352997
Rank:0 Epoch: [21/40], Step: [681/782], Loss: 0.1937752515077591
Rank:0 Epoch: [21/40], Step: [691/782], Loss: 0.2522426247596741
Rank:0 Epoch: [21/40], Step: [701/782], Loss: 0.4815528988838196
Rank:0 Epoch: [21/40], Step: [711/782], Loss: 0.17315630614757538
Rank:0 Epoch: [21/40], Step: [721/782], Loss: 0.22286731004714966
Rank:0 Epoch: [21/40], Step: [731/782], Loss: 0.32682472467422485
Rank:0 Epoch: [21/40], Step: [741/782], Loss: 0.21197864413261414
Rank:0 Epoch: [21/40], Step: [751/782], Loss: 0.3501449227333069
Rank:0 Epoch: [21/40], Step: [761/782], Loss: 0.26692289113998413
Rank:0 Epoch: [21/40], Step: [771/782], Loss: 0.38574251532554626
Rank:0 Epoch: [21/40], Step: [781/782], Loss: 0.4110010862350464
Current Test Acc: 0.8983
Rank:0 Epoch: [22/40], Step: [1/782], Loss: 0.25877106189727783
Rank:0 Epoch: [22/40], Step: [11/782], Loss: 0.33898112177848816
Rank:0 Epoch: [22/40], Step: [21/782], Loss: 0.18648740649223328
Rank:0 Epoch: [22/40], Step: [31/782], Loss: 0.2465747743844986
Rank:0 Epoch: [22/40], Step: [41/782], Loss: 0.2952738106250763
Rank:0 Epoch: [22/40], Step: [51/782], Loss: 0.24368129670619965
Rank:0 Epoch: [22/40], Step: [61/782], Loss: 0.2909042537212372
Rank:0 Epoch: [22/40], Step: [71/782], Loss: 0.42315515875816345
Rank:0 Epoch: [22/40], Step: [81/782], Loss: 0.3384357988834381
Rank:0 Epoch: [22/40], Step: [91/782], Loss: 0.2526427209377289
Rank:0 Epoch: [22/40], Step: [101/782], Loss: 0.29779526591300964
Rank:0 Epoch: [22/40], Step: [111/782], Loss: 0.22012020647525787
Rank:0 Epoch: [22/40], Step: [121/782], Loss: 0.2561769187450409
Rank:0 Epoch: [22/40], Step: [131/782], Loss: 0.4156723916530609
Rank:0 Epoch: [22/40], Step: [141/782], Loss: 0.3023045063018799
Rank:0 Epoch: [22/40], Step: [151/782], Loss: 0.17546753585338593
Rank:0 Epoch: [22/40], Step: [161/782], Loss: 0.19918137788772583
Rank:0 Epoch: [22/40], Step: [171/782], Loss: 0.20975247025489807
Rank:0 Epoch: [22/40], Step: [181/782], Loss: 0.22240114212036133
Rank:0 Epoch: [22/40], Step: [191/782], Loss: 0.331053227186203
Rank:0 Epoch: [22/40], Step: [201/782], Loss: 0.11749589443206787
Rank:0 Epoch: [22/40], Step: [211/782], Loss: 0.18144279718399048
Rank:0 Epoch: [22/40], Step: [221/782], Loss: 0.3225354254245758
Rank:0 Epoch: [22/40], Step: [231/782], Loss: 0.20678280293941498
Rank:0 Epoch: [22/40], Step: [241/782], Loss: 0.37092867493629456
Rank:0 Epoch: [22/40], Step: [251/782], Loss: 0.10936915874481201
Rank:0 Epoch: [22/40], Step: [261/782], Loss: 0.14084690809249878
Rank:0 Epoch: [22/40], Step: [271/782], Loss: 0.3250384032726288
Rank:0 Epoch: [22/40], Step: [281/782], Loss: 0.2925087511539459
Rank:0 Epoch: [22/40], Step: [291/782], Loss: 0.32602018117904663
Rank:0 Epoch: [22/40], Step: [301/782], Loss: 0.3546338975429535
Rank:0 Epoch: [22/40], Step: [311/782], Loss: 0.23469656705856323
Rank:0 Epoch: [22/40], Step: [321/782], Loss: 0.3168749511241913
Rank:0 Epoch: [22/40], Step: [331/782], Loss: 0.2828311324119568
Rank:0 Epoch: [22/40], Step: [341/782], Loss: 0.3675217926502228
Rank:0 Epoch: [22/40], Step: [351/782], Loss: 0.3241599500179291
Rank:0 Epoch: [22/40], Step: [361/782], Loss: 0.296709805727005
Rank:0 Epoch: [22/40], Step: [371/782], Loss: 0.1491340696811676
Rank:0 Epoch: [22/40], Step: [381/782], Loss: 0.2389267534017563
Rank:0 Epoch: [22/40], Step: [391/782], Loss: 0.4412899911403656
Rank:0 Epoch: [22/40], Step: [401/782], Loss: 0.1780492067337036
Rank:0 Epoch: [22/40], Step: [411/782], Loss: 0.3094870448112488
Rank:0 Epoch: [22/40], Step: [421/782], Loss: 0.3117627203464508
Rank:0 Epoch: [22/40], Step: [431/782], Loss: 0.3814573884010315
Rank:0 Epoch: [22/40], Step: [441/782], Loss: 0.24002879858016968
Rank:0 Epoch: [22/40], Step: [451/782], Loss: 0.14774633944034576
Rank:0 Epoch: [22/40], Step: [461/782], Loss: 0.3405509293079376
Rank:0 Epoch: [22/40], Step: [471/782], Loss: 0.34502702951431274
Rank:0 Epoch: [22/40], Step: [481/782], Loss: 0.21728308498859406
Rank:0 Epoch: [22/40], Step: [491/782], Loss: 0.35846665501594543
Rank:0 Epoch: [22/40], Step: [501/782], Loss: 0.36335289478302
Rank:0 Epoch: [22/40], Step: [511/782], Loss: 0.31195372343063354
Rank:0 Epoch: [22/40], Step: [521/782], Loss: 0.3239265978336334
Rank:0 Epoch: [22/40], Step: [531/782], Loss: 0.2806016504764557
Rank:0 Epoch: [22/40], Step: [541/782], Loss: 0.3401827812194824
Rank:0 Epoch: [22/40], Step: [551/782], Loss: 0.297531396150589
Rank:0 Epoch: [22/40], Step: [561/782], Loss: 0.34760206937789917
Rank:0 Epoch: [22/40], Step: [571/782], Loss: 0.2719942331314087
Rank:0 Epoch: [22/40], Step: [581/782], Loss: 0.3449269235134125
Rank:0 Epoch: [22/40], Step: [591/782], Loss: 0.18813049793243408
Rank:0 Epoch: [22/40], Step: [601/782], Loss: 0.2221648097038269
Rank:0 Epoch: [22/40], Step: [611/782], Loss: 0.339327871799469
Rank:0 Epoch: [22/40], Step: [621/782], Loss: 0.3266356289386749
Rank:0 Epoch: [22/40], Step: [631/782], Loss: 0.26590102910995483
Rank:0 Epoch: [22/40], Step: [641/782], Loss: 0.1664731651544571
Rank:0 Epoch: [22/40], Step: [651/782], Loss: 0.20731475949287415
Rank:0 Epoch: [22/40], Step: [661/782], Loss: 0.11370935291051865
Rank:0 Epoch: [22/40], Step: [671/782], Loss: 0.2313273698091507
Rank:0 Epoch: [22/40], Step: [681/782], Loss: 0.22596375644207
Rank:0 Epoch: [22/40], Step: [691/782], Loss: 0.34477949142456055
Rank:0 Epoch: [22/40], Step: [701/782], Loss: 0.2266491800546646
Rank:0 Epoch: [22/40], Step: [711/782], Loss: 0.39078399538993835
Rank:0 Epoch: [22/40], Step: [721/782], Loss: 0.4447835087776184
Rank:0 Epoch: [22/40], Step: [731/782], Loss: 0.2350298911333084
Rank:0 Epoch: [22/40], Step: [741/782], Loss: 0.15134237706661224
Rank:0 Epoch: [22/40], Step: [751/782], Loss: 0.24482598900794983
Rank:0 Epoch: [22/40], Step: [761/782], Loss: 0.1913793534040451
Rank:0 Epoch: [22/40], Step: [771/782], Loss: 0.21125510334968567
Rank:0 Epoch: [22/40], Step: [781/782], Loss: 0.11816144734621048
Current Test Acc: 0.9034
Rank:0 Epoch: [23/40], Step: [1/782], Loss: 0.3196084201335907
Rank:0 Epoch: [23/40], Step: [11/782], Loss: 0.37792596220970154
Rank:0 Epoch: [23/40], Step: [21/782], Loss: 0.3285112679004669
Rank:0 Epoch: [23/40], Step: [31/782], Loss: 0.29325586557388306
Rank:0 Epoch: [23/40], Step: [41/782], Loss: 0.21828138828277588
Rank:0 Epoch: [23/40], Step: [51/782], Loss: 0.12587524950504303
Rank:0 Epoch: [23/40], Step: [61/782], Loss: 0.17291530966758728
Rank:0 Epoch: [23/40], Step: [71/782], Loss: 0.2825442850589752
Rank:0 Epoch: [23/40], Step: [81/782], Loss: 0.2347615510225296
Rank:0 Epoch: [23/40], Step: [91/782], Loss: 0.33651041984558105
Rank:0 Epoch: [23/40], Step: [101/782], Loss: 0.20911361277103424
Rank:0 Epoch: [23/40], Step: [111/782], Loss: 0.26048335433006287
Rank:0 Epoch: [23/40], Step: [121/782], Loss: 0.20447735488414764
Rank:0 Epoch: [23/40], Step: [131/782], Loss: 0.18645894527435303
Rank:0 Epoch: [23/40], Step: [141/782], Loss: 0.4073193371295929
Rank:0 Epoch: [23/40], Step: [151/782], Loss: 0.19257578253746033
Rank:0 Epoch: [23/40], Step: [161/782], Loss: 0.2505177855491638
Rank:0 Epoch: [23/40], Step: [171/782], Loss: 0.18502368032932281
Rank:0 Epoch: [23/40], Step: [181/782], Loss: 0.209444060921669
Rank:0 Epoch: [23/40], Step: [191/782], Loss: 0.30146753787994385
Rank:0 Epoch: [23/40], Step: [201/782], Loss: 0.35207507014274597
Rank:0 Epoch: [23/40], Step: [211/782], Loss: 0.18988744914531708
Rank:0 Epoch: [23/40], Step: [221/782], Loss: 0.2139430046081543
Rank:0 Epoch: [23/40], Step: [231/782], Loss: 0.23047316074371338
Rank:0 Epoch: [23/40], Step: [241/782], Loss: 0.15438328683376312
Rank:0 Epoch: [23/40], Step: [251/782], Loss: 0.24521085619926453
Rank:0 Epoch: [23/40], Step: [261/782], Loss: 0.2174895852804184
Rank:0 Epoch: [23/40], Step: [271/782], Loss: 0.19841590523719788
Rank:0 Epoch: [23/40], Step: [281/782], Loss: 0.17804254591464996
Rank:0 Epoch: [23/40], Step: [291/782], Loss: 0.369231641292572
Rank:0 Epoch: [23/40], Step: [301/782], Loss: 0.1969851404428482
Rank:0 Epoch: [23/40], Step: [311/782], Loss: 0.17362843453884125
Rank:0 Epoch: [23/40], Step: [321/782], Loss: 0.24462172389030457
Rank:0 Epoch: [23/40], Step: [331/782], Loss: 0.12235158681869507
Rank:0 Epoch: [23/40], Step: [341/782], Loss: 0.411527544260025
Rank:0 Epoch: [23/40], Step: [351/782], Loss: 0.1550474762916565
Rank:0 Epoch: [23/40], Step: [361/782], Loss: 0.17214204370975494
Rank:0 Epoch: [23/40], Step: [371/782], Loss: 0.40003442764282227
Rank:0 Epoch: [23/40], Step: [381/782], Loss: 0.16806913912296295
Rank:0 Epoch: [23/40], Step: [391/782], Loss: 0.3572400212287903
Rank:0 Epoch: [23/40], Step: [401/782], Loss: 0.42009231448173523
Rank:0 Epoch: [23/40], Step: [411/782], Loss: 0.24833664298057556
Rank:0 Epoch: [23/40], Step: [421/782], Loss: 0.1974254697561264
Rank:0 Epoch: [23/40], Step: [431/782], Loss: 0.1593306064605713
Rank:0 Epoch: [23/40], Step: [441/782], Loss: 0.38475683331489563
Rank:0 Epoch: [23/40], Step: [451/782], Loss: 0.28523579239845276
Rank:0 Epoch: [23/40], Step: [461/782], Loss: 0.18928742408752441
Rank:0 Epoch: [23/40], Step: [471/782], Loss: 0.3393842279911041
Rank:0 Epoch: [23/40], Step: [481/782], Loss: 0.15492670238018036
Rank:0 Epoch: [23/40], Step: [491/782], Loss: 0.16606418788433075
Rank:0 Epoch: [23/40], Step: [501/782], Loss: 0.17843356728553772
Rank:0 Epoch: [23/40], Step: [511/782], Loss: 0.16741983592510223
Rank:0 Epoch: [23/40], Step: [521/782], Loss: 0.17662352323532104
Rank:0 Epoch: [23/40], Step: [531/782], Loss: 0.42361247539520264
Rank:0 Epoch: [23/40], Step: [541/782], Loss: 0.1567613035440445
Rank:0 Epoch: [23/40], Step: [551/782], Loss: 0.1984582096338272
Rank:0 Epoch: [23/40], Step: [561/782], Loss: 0.2603968381881714
Rank:0 Epoch: [23/40], Step: [571/782], Loss: 0.22709856927394867
Rank:0 Epoch: [23/40], Step: [581/782], Loss: 0.21981333196163177
Rank:0 Epoch: [23/40], Step: [591/782], Loss: 0.2529293894767761
Rank:0 Epoch: [23/40], Step: [601/782], Loss: 0.2991814613342285
Rank:0 Epoch: [23/40], Step: [611/782], Loss: 0.20353759825229645
Rank:0 Epoch: [23/40], Step: [621/782], Loss: 0.12839451432228088
Rank:0 Epoch: [23/40], Step: [631/782], Loss: 0.19550083577632904
Rank:0 Epoch: [23/40], Step: [641/782], Loss: 0.11222393065690994
Rank:0 Epoch: [23/40], Step: [651/782], Loss: 0.13239790499210358
Rank:0 Epoch: [23/40], Step: [661/782], Loss: 0.2952045202255249
Rank:0 Epoch: [23/40], Step: [671/782], Loss: 0.22704577445983887
Rank:0 Epoch: [23/40], Step: [681/782], Loss: 0.18755707144737244
Rank:0 Epoch: [23/40], Step: [691/782], Loss: 0.35128477215766907
Rank:0 Epoch: [23/40], Step: [701/782], Loss: 0.30336520075798035
Rank:0 Epoch: [23/40], Step: [711/782], Loss: 0.4825780391693115
Rank:0 Epoch: [23/40], Step: [721/782], Loss: 0.13849888741970062
Rank:0 Epoch: [23/40], Step: [731/782], Loss: 0.15185004472732544
Rank:0 Epoch: [23/40], Step: [741/782], Loss: 0.26670700311660767
Rank:0 Epoch: [23/40], Step: [751/782], Loss: 0.19337451457977295
Rank:0 Epoch: [23/40], Step: [761/782], Loss: 0.17710454761981964
Rank:0 Epoch: [23/40], Step: [771/782], Loss: 0.2238548994064331
Rank:0 Epoch: [23/40], Step: [781/782], Loss: 0.08711910992860794
Current Test Acc: 0.9055
Rank:0 Epoch: [24/40], Step: [1/782], Loss: 0.13445192575454712
Rank:0 Epoch: [24/40], Step: [11/782], Loss: 0.23576250672340393
Rank:0 Epoch: [24/40], Step: [21/782], Loss: 0.2919774353504181
Rank:0 Epoch: [24/40], Step: [31/782], Loss: 0.19516895711421967
Rank:0 Epoch: [24/40], Step: [41/782], Loss: 0.1457553207874298
Rank:0 Epoch: [24/40], Step: [51/782], Loss: 0.2125673145055771
Rank:0 Epoch: [24/40], Step: [61/782], Loss: 0.1680503934621811
Rank:0 Epoch: [24/40], Step: [71/782], Loss: 0.23308278620243073
Rank:0 Epoch: [24/40], Step: [81/782], Loss: 0.3499135673046112
Rank:0 Epoch: [24/40], Step: [91/782], Loss: 0.16621266305446625
Rank:0 Epoch: [24/40], Step: [101/782], Loss: 0.20298036932945251
Rank:0 Epoch: [24/40], Step: [111/782], Loss: 0.3018662631511688
Rank:0 Epoch: [24/40], Step: [121/782], Loss: 0.17591221630573273
Rank:0 Epoch: [24/40], Step: [131/782], Loss: 0.3053302764892578
Rank:0 Epoch: [24/40], Step: [141/782], Loss: 0.23403741419315338
Rank:0 Epoch: [24/40], Step: [151/782], Loss: 0.3644653558731079
Rank:0 Epoch: [24/40], Step: [161/782], Loss: 0.10183234512805939
Rank:0 Epoch: [24/40], Step: [171/782], Loss: 0.32530340552330017
Rank:0 Epoch: [24/40], Step: [181/782], Loss: 0.2991062104701996
Rank:0 Epoch: [24/40], Step: [191/782], Loss: 0.23516839742660522
Rank:0 Epoch: [24/40], Step: [201/782], Loss: 0.41351282596588135
Rank:0 Epoch: [24/40], Step: [211/782], Loss: 0.270256906747818
Rank:0 Epoch: [24/40], Step: [221/782], Loss: 0.1373477280139923
Rank:0 Epoch: [24/40], Step: [231/782], Loss: 0.13187356293201447
Rank:0 Epoch: [24/40], Step: [241/782], Loss: 0.13488663733005524
Rank:0 Epoch: [24/40], Step: [251/782], Loss: 0.28831371665000916
Rank:0 Epoch: [24/40], Step: [261/782], Loss: 0.2021084576845169
Rank:0 Epoch: [24/40], Step: [271/782], Loss: 0.08610328286886215
Rank:0 Epoch: [24/40], Step: [281/782], Loss: 0.21490396559238434
Rank:0 Epoch: [24/40], Step: [291/782], Loss: 0.27886343002319336
Rank:0 Epoch: [24/40], Step: [301/782], Loss: 0.1671621948480606
Rank:0 Epoch: [24/40], Step: [311/782], Loss: 0.2721414566040039
Rank:0 Epoch: [24/40], Step: [321/782], Loss: 0.35380059480667114
Rank:0 Epoch: [24/40], Step: [331/782], Loss: 0.28310704231262207
Rank:0 Epoch: [24/40], Step: [341/782], Loss: 0.12538069486618042
Rank:0 Epoch: [24/40], Step: [351/782], Loss: 0.18367531895637512
Rank:0 Epoch: [24/40], Step: [361/782], Loss: 0.1437205672264099
Rank:0 Epoch: [24/40], Step: [371/782], Loss: 0.16926757991313934
Rank:0 Epoch: [24/40], Step: [381/782], Loss: 0.15271267294883728
Rank:0 Epoch: [24/40], Step: [391/782], Loss: 0.1417238563299179
Rank:0 Epoch: [24/40], Step: [401/782], Loss: 0.159208744764328
Rank:0 Epoch: [24/40], Step: [411/782], Loss: 0.2710343301296234
Rank:0 Epoch: [24/40], Step: [421/782], Loss: 0.19833336770534515
Rank:0 Epoch: [24/40], Step: [431/782], Loss: 0.2096923291683197
Rank:0 Epoch: [24/40], Step: [441/782], Loss: 0.18860726058483124
Rank:0 Epoch: [24/40], Step: [451/782], Loss: 0.11489424854516983
Rank:0 Epoch: [24/40], Step: [461/782], Loss: 0.29439789056777954
Rank:0 Epoch: [24/40], Step: [471/782], Loss: 0.22101856768131256
Rank:0 Epoch: [24/40], Step: [481/782], Loss: 0.44676780700683594
Rank:0 Epoch: [24/40], Step: [491/782], Loss: 0.26216569542884827
Rank:0 Epoch: [24/40], Step: [501/782], Loss: 0.3346315920352936
Rank:0 Epoch: [24/40], Step: [511/782], Loss: 0.1668141931295395
Rank:0 Epoch: [24/40], Step: [521/782], Loss: 0.21988296508789062
Rank:0 Epoch: [24/40], Step: [531/782], Loss: 0.19345174729824066
Rank:0 Epoch: [24/40], Step: [541/782], Loss: 0.15909729897975922
Rank:0 Epoch: [24/40], Step: [551/782], Loss: 0.1320197582244873
Rank:0 Epoch: [24/40], Step: [561/782], Loss: 0.1336241215467453
Rank:0 Epoch: [24/40], Step: [571/782], Loss: 0.2742416560649872
Rank:0 Epoch: [24/40], Step: [581/782], Loss: 0.09646753966808319
Rank:0 Epoch: [24/40], Step: [591/782], Loss: 0.14080935716629028
Rank:0 Epoch: [24/40], Step: [601/782], Loss: 0.18291020393371582
Rank:0 Epoch: [24/40], Step: [611/782], Loss: 0.11287520080804825
Rank:0 Epoch: [24/40], Step: [621/782], Loss: 0.06523045152425766
Rank:0 Epoch: [24/40], Step: [631/782], Loss: 0.26953110098838806
Rank:0 Epoch: [24/40], Step: [641/782], Loss: 0.1662590205669403
Rank:0 Epoch: [24/40], Step: [651/782], Loss: 0.33628779649734497
Rank:0 Epoch: [24/40], Step: [661/782], Loss: 0.06140618398785591
Rank:0 Epoch: [24/40], Step: [671/782], Loss: 0.08472602069377899
Rank:0 Epoch: [24/40], Step: [681/782], Loss: 0.08337484300136566
Rank:0 Epoch: [24/40], Step: [691/782], Loss: 0.19243818521499634
Rank:0 Epoch: [24/40], Step: [701/782], Loss: 0.1893647462129593
Rank:0 Epoch: [24/40], Step: [711/782], Loss: 0.4267579913139343
Rank:0 Epoch: [24/40], Step: [721/782], Loss: 0.20359249413013458
Rank:0 Epoch: [24/40], Step: [731/782], Loss: 0.1545558124780655
Rank:0 Epoch: [24/40], Step: [741/782], Loss: 0.2251770794391632
Rank:0 Epoch: [24/40], Step: [751/782], Loss: 0.1704133301973343
Rank:0 Epoch: [24/40], Step: [761/782], Loss: 0.30389806628227234
Rank:0 Epoch: [24/40], Step: [771/782], Loss: 0.09212930500507355
Rank:0 Epoch: [24/40], Step: [781/782], Loss: 0.24932220578193665
Current Test Acc: 0.9084
Rank:0 Epoch: [25/40], Step: [1/782], Loss: 0.2047329545021057
Rank:0 Epoch: [25/40], Step: [11/782], Loss: 0.0958108976483345
Rank:0 Epoch: [25/40], Step: [21/782], Loss: 0.0946895033121109
Rank:0 Epoch: [25/40], Step: [31/782], Loss: 0.1571885645389557
Rank:0 Epoch: [25/40], Step: [41/782], Loss: 0.23215942084789276
Rank:0 Epoch: [25/40], Step: [51/782], Loss: 0.21514317393302917
Rank:0 Epoch: [25/40], Step: [61/782], Loss: 0.2296733260154724
Rank:0 Epoch: [25/40], Step: [71/782], Loss: 0.09755459427833557
Rank:0 Epoch: [25/40], Step: [81/782], Loss: 0.19169911742210388
Rank:0 Epoch: [25/40], Step: [91/782], Loss: 0.2244907170534134
Rank:0 Epoch: [25/40], Step: [101/782], Loss: 0.16203539073467255
Rank:0 Epoch: [25/40], Step: [111/782], Loss: 0.2666391134262085
Rank:0 Epoch: [25/40], Step: [121/782], Loss: 0.12768784165382385
Rank:0 Epoch: [25/40], Step: [131/782], Loss: 0.1289900690317154
Rank:0 Epoch: [25/40], Step: [141/782], Loss: 0.27247294783592224
Rank:0 Epoch: [25/40], Step: [151/782], Loss: 0.09397214651107788
Rank:0 Epoch: [25/40], Step: [161/782], Loss: 0.19171802699565887
Rank:0 Epoch: [25/40], Step: [171/782], Loss: 0.1299247443675995
Rank:0 Epoch: [25/40], Step: [181/782], Loss: 0.08438904583454132
Rank:0 Epoch: [25/40], Step: [191/782], Loss: 0.22020602226257324
Rank:0 Epoch: [25/40], Step: [201/782], Loss: 0.21167422831058502
Rank:0 Epoch: [25/40], Step: [211/782], Loss: 0.14888893067836761
Rank:0 Epoch: [25/40], Step: [221/782], Loss: 0.17852744460105896
Rank:0 Epoch: [25/40], Step: [231/782], Loss: 0.2525152862071991
Rank:0 Epoch: [25/40], Step: [241/782], Loss: 0.19882002472877502
Rank:0 Epoch: [25/40], Step: [251/782], Loss: 0.2143010050058365
Rank:0 Epoch: [25/40], Step: [261/782], Loss: 0.24547570943832397
Rank:0 Epoch: [25/40], Step: [271/782], Loss: 0.1240275576710701
Rank:0 Epoch: [25/40], Step: [281/782], Loss: 0.07506618648767471
Rank:0 Epoch: [25/40], Step: [291/782], Loss: 0.24256505072116852
Rank:0 Epoch: [25/40], Step: [301/782], Loss: 0.3828178644180298
Rank:0 Epoch: [25/40], Step: [311/782], Loss: 0.2687564492225647
Rank:0 Epoch: [25/40], Step: [321/782], Loss: 0.09560767561197281
Rank:0 Epoch: [25/40], Step: [331/782], Loss: 0.1856217086315155
Rank:0 Epoch: [25/40], Step: [341/782], Loss: 0.11080975830554962
Rank:0 Epoch: [25/40], Step: [351/782], Loss: 0.12517692148685455
Rank:0 Epoch: [25/40], Step: [361/782], Loss: 0.18793736398220062
Rank:0 Epoch: [25/40], Step: [371/782], Loss: 0.27663886547088623
Rank:0 Epoch: [25/40], Step: [381/782], Loss: 0.28787702322006226
Rank:0 Epoch: [25/40], Step: [391/782], Loss: 0.20068246126174927
Rank:0 Epoch: [25/40], Step: [401/782], Loss: 0.19115637242794037
Rank:0 Epoch: [25/40], Step: [411/782], Loss: 0.13567876815795898
Rank:0 Epoch: [25/40], Step: [421/782], Loss: 0.11293480545282364
Rank:0 Epoch: [25/40], Step: [431/782], Loss: 0.2251911610364914
Rank:0 Epoch: [25/40], Step: [441/782], Loss: 0.15451468527317047
Rank:0 Epoch: [25/40], Step: [451/782], Loss: 0.16589289903640747
Rank:0 Epoch: [25/40], Step: [461/782], Loss: 0.0819571241736412
Rank:0 Epoch: [25/40], Step: [471/782], Loss: 0.24162407219409943
Rank:0 Epoch: [25/40], Step: [481/782], Loss: 0.07214022427797318
Rank:0 Epoch: [25/40], Step: [491/782], Loss: 0.2011004090309143
Rank:0 Epoch: [25/40], Step: [501/782], Loss: 0.18009431660175323
Rank:0 Epoch: [25/40], Step: [511/782], Loss: 0.2211696207523346
Rank:0 Epoch: [25/40], Step: [521/782], Loss: 0.24410249292850494
Rank:0 Epoch: [25/40], Step: [531/782], Loss: 0.1749059408903122
Rank:0 Epoch: [25/40], Step: [541/782], Loss: 0.21184083819389343
Rank:0 Epoch: [25/40], Step: [551/782], Loss: 0.1246793270111084
Rank:0 Epoch: [25/40], Step: [561/782], Loss: 0.17720800638198853
Rank:0 Epoch: [25/40], Step: [571/782], Loss: 0.21582823991775513
Rank:0 Epoch: [25/40], Step: [581/782], Loss: 0.293834388256073
Rank:0 Epoch: [25/40], Step: [591/782], Loss: 0.10702207684516907
Rank:0 Epoch: [25/40], Step: [601/782], Loss: 0.18148915469646454
Rank:0 Epoch: [25/40], Step: [611/782], Loss: 0.23256777226924896
Rank:0 Epoch: [25/40], Step: [621/782], Loss: 0.502711832523346
Rank:0 Epoch: [25/40], Step: [631/782], Loss: 0.22079919278621674
Rank:0 Epoch: [25/40], Step: [641/782], Loss: 0.26234856247901917
Rank:0 Epoch: [25/40], Step: [651/782], Loss: 0.1886238157749176
Rank:0 Epoch: [25/40], Step: [661/782], Loss: 0.4527088403701782
Rank:0 Epoch: [25/40], Step: [671/782], Loss: 0.666894257068634
Rank:0 Epoch: [25/40], Step: [681/782], Loss: 0.17868982255458832
Rank:0 Epoch: [25/40], Step: [691/782], Loss: 0.1972212791442871
Rank:0 Epoch: [25/40], Step: [701/782], Loss: 0.20288054645061493
Rank:0 Epoch: [25/40], Step: [711/782], Loss: 0.20172670483589172
Rank:0 Epoch: [25/40], Step: [721/782], Loss: 0.24936147034168243
Rank:0 Epoch: [25/40], Step: [731/782], Loss: 0.20027975738048553
Rank:0 Epoch: [25/40], Step: [741/782], Loss: 0.21574383974075317
Rank:0 Epoch: [25/40], Step: [751/782], Loss: 0.2391539216041565
Rank:0 Epoch: [25/40], Step: [761/782], Loss: 0.39232680201530457
Rank:0 Epoch: [25/40], Step: [771/782], Loss: 0.2683066427707672
Rank:0 Epoch: [25/40], Step: [781/782], Loss: 0.09442117065191269
Current Test Acc: 0.9115
Rank:0 Epoch: [26/40], Step: [1/782], Loss: 0.24567733705043793
Rank:0 Epoch: [26/40], Step: [11/782], Loss: 0.25491422414779663
Rank:0 Epoch: [26/40], Step: [21/782], Loss: 0.1661505550146103
Rank:0 Epoch: [26/40], Step: [31/782], Loss: 0.2113027572631836
Rank:0 Epoch: [26/40], Step: [41/782], Loss: 0.24549520015716553
Rank:0 Epoch: [26/40], Step: [51/782], Loss: 0.16159726679325104
Rank:0 Epoch: [26/40], Step: [61/782], Loss: 0.2646511197090149
Rank:0 Epoch: [26/40], Step: [71/782], Loss: 0.08033932745456696
Rank:0 Epoch: [26/40], Step: [81/782], Loss: 0.19073443114757538
Rank:0 Epoch: [26/40], Step: [91/782], Loss: 0.19544458389282227
Rank:0 Epoch: [26/40], Step: [101/782], Loss: 0.07323978841304779
Rank:0 Epoch: [26/40], Step: [111/782], Loss: 0.5523940324783325
Rank:0 Epoch: [26/40], Step: [121/782], Loss: 0.21537476778030396
Rank:0 Epoch: [26/40], Step: [131/782], Loss: 0.11210647225379944
Rank:0 Epoch: [26/40], Step: [141/782], Loss: 0.210055872797966
Rank:0 Epoch: [26/40], Step: [151/782], Loss: 0.23701758682727814
Rank:0 Epoch: [26/40], Step: [161/782], Loss: 0.17565107345581055
Rank:0 Epoch: [26/40], Step: [171/782], Loss: 0.13191592693328857
Rank:0 Epoch: [26/40], Step: [181/782], Loss: 0.37014710903167725
Rank:0 Epoch: [26/40], Step: [191/782], Loss: 0.08333085477352142
Rank:0 Epoch: [26/40], Step: [201/782], Loss: 0.34470030665397644
Rank:0 Epoch: [26/40], Step: [211/782], Loss: 0.2328166663646698
Rank:0 Epoch: [26/40], Step: [221/782], Loss: 0.13805732131004333
Rank:0 Epoch: [26/40], Step: [231/782], Loss: 0.23468168079853058
Rank:0 Epoch: [26/40], Step: [241/782], Loss: 0.20083895325660706
Rank:0 Epoch: [26/40], Step: [251/782], Loss: 0.1745762825012207
Rank:0 Epoch: [26/40], Step: [261/782], Loss: 0.2814748287200928
Rank:0 Epoch: [26/40], Step: [271/782], Loss: 0.23398138582706451
Rank:0 Epoch: [26/40], Step: [281/782], Loss: 0.16522599756717682
Rank:0 Epoch: [26/40], Step: [291/782], Loss: 0.4863852262496948
Rank:0 Epoch: [26/40], Step: [301/782], Loss: 0.1326536238193512
Rank:0 Epoch: [26/40], Step: [311/782], Loss: 0.09185291826725006
Rank:0 Epoch: [26/40], Step: [321/782], Loss: 0.15778596699237823
Rank:0 Epoch: [26/40], Step: [331/782], Loss: 0.3023057281970978
Rank:0 Epoch: [26/40], Step: [341/782], Loss: 0.37942221760749817
Rank:0 Epoch: [26/40], Step: [351/782], Loss: 0.16241340339183807
Rank:0 Epoch: [26/40], Step: [361/782], Loss: 0.18598037958145142
Rank:0 Epoch: [26/40], Step: [371/782], Loss: 0.22624506056308746
Rank:0 Epoch: [26/40], Step: [381/782], Loss: 0.19039146602153778
Rank:0 Epoch: [26/40], Step: [391/782], Loss: 0.16076384484767914
Rank:0 Epoch: [26/40], Step: [401/782], Loss: 0.328512966632843
Rank:0 Epoch: [26/40], Step: [411/782], Loss: 0.10565892606973648
Rank:0 Epoch: [26/40], Step: [421/782], Loss: 0.1188560277223587
Rank:0 Epoch: [26/40], Step: [431/782], Loss: 0.21462617814540863
Rank:0 Epoch: [26/40], Step: [441/782], Loss: 0.26039358973503113
Rank:0 Epoch: [26/40], Step: [451/782], Loss: 0.15192006528377533
Rank:0 Epoch: [26/40], Step: [461/782], Loss: 0.24559585750102997
Rank:0 Epoch: [26/40], Step: [471/782], Loss: 0.1668848842382431
Rank:0 Epoch: [26/40], Step: [481/782], Loss: 0.18304027616977692
Rank:0 Epoch: [26/40], Step: [491/782], Loss: 0.08300764858722687
Rank:0 Epoch: [26/40], Step: [501/782], Loss: 0.0536206029355526
Rank:0 Epoch: [26/40], Step: [511/782], Loss: 0.12555404007434845
Rank:0 Epoch: [26/40], Step: [521/782], Loss: 0.25083401799201965
Rank:0 Epoch: [26/40], Step: [531/782], Loss: 0.08416566997766495
Rank:0 Epoch: [26/40], Step: [541/782], Loss: 0.11786745488643646
Rank:0 Epoch: [26/40], Step: [551/782], Loss: 0.09833008795976639
Rank:0 Epoch: [26/40], Step: [561/782], Loss: 0.36848384141921997
Rank:0 Epoch: [26/40], Step: [571/782], Loss: 0.09543322026729584
Rank:0 Epoch: [26/40], Step: [581/782], Loss: 0.3057391047477722
Rank:0 Epoch: [26/40], Step: [591/782], Loss: 0.2804732024669647
Rank:0 Epoch: [26/40], Step: [601/782], Loss: 0.44781017303466797
Rank:0 Epoch: [26/40], Step: [611/782], Loss: 0.27251675724983215
Rank:0 Epoch: [26/40], Step: [621/782], Loss: 0.06575029343366623
Rank:0 Epoch: [26/40], Step: [631/782], Loss: 0.09651944786310196
Rank:0 Epoch: [26/40], Step: [641/782], Loss: 0.18349047005176544
Rank:0 Epoch: [26/40], Step: [651/782], Loss: 0.1671983003616333
Rank:0 Epoch: [26/40], Step: [661/782], Loss: 0.27162760496139526
Rank:0 Epoch: [26/40], Step: [671/782], Loss: 0.231722891330719
Rank:0 Epoch: [26/40], Step: [681/782], Loss: 0.0803118422627449
Rank:0 Epoch: [26/40], Step: [691/782], Loss: 0.1279141902923584
Rank:0 Epoch: [26/40], Step: [701/782], Loss: 0.2536146342754364
Rank:0 Epoch: [26/40], Step: [711/782], Loss: 0.14196088910102844
Rank:0 Epoch: [26/40], Step: [721/782], Loss: 0.06446663290262222
Rank:0 Epoch: [26/40], Step: [731/782], Loss: 0.17312419414520264
Rank:0 Epoch: [26/40], Step: [741/782], Loss: 0.1188373863697052
Rank:0 Epoch: [26/40], Step: [751/782], Loss: 0.20083659887313843
Rank:0 Epoch: [26/40], Step: [761/782], Loss: 0.13585682213306427
Rank:0 Epoch: [26/40], Step: [771/782], Loss: 0.1344548761844635
Rank:0 Epoch: [26/40], Step: [781/782], Loss: 0.230301171541214
Current Test Acc: 0.9137
Rank:0 Epoch: [27/40], Step: [1/782], Loss: 0.16135470569133759
Rank:0 Epoch: [27/40], Step: [11/782], Loss: 0.1653001457452774
Rank:0 Epoch: [27/40], Step: [21/782], Loss: 0.12597554922103882
Rank:0 Epoch: [27/40], Step: [31/782], Loss: 0.19142545759677887
Rank:0 Epoch: [27/40], Step: [41/782], Loss: 0.10719600319862366
Rank:0 Epoch: [27/40], Step: [51/782], Loss: 0.09002900868654251
Rank:0 Epoch: [27/40], Step: [61/782], Loss: 0.17641523480415344
Rank:0 Epoch: [27/40], Step: [71/782], Loss: 0.1536359041929245
Rank:0 Epoch: [27/40], Step: [81/782], Loss: 0.1346319317817688
Rank:0 Epoch: [27/40], Step: [91/782], Loss: 0.1060558557510376
Rank:0 Epoch: [27/40], Step: [101/782], Loss: 0.09304289519786835
Rank:0 Epoch: [27/40], Step: [111/782], Loss: 0.2893819212913513
Rank:0 Epoch: [27/40], Step: [121/782], Loss: 0.16471274197101593
Rank:0 Epoch: [27/40], Step: [131/782], Loss: 0.08987449109554291
Rank:0 Epoch: [27/40], Step: [141/782], Loss: 0.12773481011390686
Rank:0 Epoch: [27/40], Step: [151/782], Loss: 0.1525895893573761
Rank:0 Epoch: [27/40], Step: [161/782], Loss: 0.22028066217899323
Rank:0 Epoch: [27/40], Step: [171/782], Loss: 0.077163465321064
Rank:0 Epoch: [27/40], Step: [181/782], Loss: 0.10428114235401154
Rank:0 Epoch: [27/40], Step: [191/782], Loss: 0.1841946840286255
Rank:0 Epoch: [27/40], Step: [201/782], Loss: 0.09683219343423843
Rank:0 Epoch: [27/40], Step: [211/782], Loss: 0.11842294037342072
Rank:0 Epoch: [27/40], Step: [221/782], Loss: 0.23106761276721954
Rank:0 Epoch: [27/40], Step: [231/782], Loss: 0.3697792589664459
Rank:0 Epoch: [27/40], Step: [241/782], Loss: 0.12759943306446075
Rank:0 Epoch: [27/40], Step: [251/782], Loss: 0.18040695786476135
Rank:0 Epoch: [27/40], Step: [261/782], Loss: 0.13988642394542694
Rank:0 Epoch: [27/40], Step: [271/782], Loss: 0.18703357875347137
Rank:0 Epoch: [27/40], Step: [281/782], Loss: 0.14003339409828186
Rank:0 Epoch: [27/40], Step: [291/782], Loss: 0.31675049662590027
Rank:0 Epoch: [27/40], Step: [301/782], Loss: 1.4149404764175415
Rank:0 Epoch: [27/40], Step: [311/782], Loss: 0.07480920851230621
Rank:0 Epoch: [27/40], Step: [321/782], Loss: 0.14369694888591766
Rank:0 Epoch: [27/40], Step: [331/782], Loss: 0.2595684230327606
Rank:0 Epoch: [27/40], Step: [341/782], Loss: 0.32831403613090515
Rank:0 Epoch: [27/40], Step: [351/782], Loss: 0.1025187224149704
Rank:0 Epoch: [27/40], Step: [361/782], Loss: 0.22004929184913635
Rank:0 Epoch: [27/40], Step: [371/782], Loss: 0.36829981207847595
Rank:0 Epoch: [27/40], Step: [381/782], Loss: 0.11167412251234055
Rank:0 Epoch: [27/40], Step: [391/782], Loss: 0.11576790362596512
Rank:0 Epoch: [27/40], Step: [401/782], Loss: 0.145989328622818
Rank:0 Epoch: [27/40], Step: [411/782], Loss: 0.08382739126682281
Rank:0 Epoch: [27/40], Step: [421/782], Loss: 0.1775832325220108
Rank:0 Epoch: [27/40], Step: [431/782], Loss: 0.042255133390426636
Rank:0 Epoch: [27/40], Step: [441/782], Loss: 0.17737731337547302
Rank:0 Epoch: [27/40], Step: [451/782], Loss: 0.1438199132680893
Rank:0 Epoch: [27/40], Step: [461/782], Loss: 0.15427851676940918
Rank:0 Epoch: [27/40], Step: [471/782], Loss: 0.2093411237001419
Rank:0 Epoch: [27/40], Step: [481/782], Loss: 0.18033450841903687
Rank:0 Epoch: [27/40], Step: [491/782], Loss: 0.32138165831565857
Rank:0 Epoch: [27/40], Step: [501/782], Loss: 0.19653698801994324
Rank:0 Epoch: [27/40], Step: [511/782], Loss: 0.22407126426696777
Rank:0 Epoch: [27/40], Step: [521/782], Loss: 0.12762358784675598
Rank:0 Epoch: [27/40], Step: [531/782], Loss: 0.1465020775794983
Rank:0 Epoch: [27/40], Step: [541/782], Loss: 0.09533821791410446
Rank:0 Epoch: [27/40], Step: [551/782], Loss: 0.3308705985546112
Rank:0 Epoch: [27/40], Step: [561/782], Loss: 0.21187302470207214
Rank:0 Epoch: [27/40], Step: [571/782], Loss: 0.3450407087802887
Rank:0 Epoch: [27/40], Step: [581/782], Loss: 0.06971418112516403
Rank:0 Epoch: [27/40], Step: [591/782], Loss: 0.2593882381916046
Rank:0 Epoch: [27/40], Step: [601/782], Loss: 0.10416843742132187
Rank:0 Epoch: [27/40], Step: [611/782], Loss: 0.19049784541130066
Rank:0 Epoch: [27/40], Step: [621/782], Loss: 0.11335068941116333
Rank:0 Epoch: [27/40], Step: [631/782], Loss: 0.05818411707878113
Rank:0 Epoch: [27/40], Step: [641/782], Loss: 0.1741401106119156
Rank:0 Epoch: [27/40], Step: [651/782], Loss: 0.12324321269989014
Rank:0 Epoch: [27/40], Step: [661/782], Loss: 0.16839882731437683
Rank:0 Epoch: [27/40], Step: [671/782], Loss: 0.1540684551000595
Rank:0 Epoch: [27/40], Step: [681/782], Loss: 0.0759887620806694
Rank:0 Epoch: [27/40], Step: [691/782], Loss: 0.17515291273593903
Rank:0 Epoch: [27/40], Step: [701/782], Loss: 0.09019804000854492
Rank:0 Epoch: [27/40], Step: [711/782], Loss: 0.14488358795642853
Rank:0 Epoch: [27/40], Step: [721/782], Loss: 0.24023550748825073
Rank:0 Epoch: [27/40], Step: [731/782], Loss: 0.31398746371269226
Rank:0 Epoch: [27/40], Step: [741/782], Loss: 0.21478326618671417
Rank:0 Epoch: [27/40], Step: [751/782], Loss: 0.1544157862663269
Rank:0 Epoch: [27/40], Step: [761/782], Loss: 0.13885915279388428
Rank:0 Epoch: [27/40], Step: [771/782], Loss: 0.2173113226890564
Rank:0 Epoch: [27/40], Step: [781/782], Loss: 0.22047041356563568
Current Test Acc: 0.9127
Rank:0 Epoch: [28/40], Step: [1/782], Loss: 0.13047155737876892
Rank:0 Epoch: [28/40], Step: [11/782], Loss: 0.08891688287258148
Rank:0 Epoch: [28/40], Step: [21/782], Loss: 0.3784053325653076
Rank:0 Epoch: [28/40], Step: [31/782], Loss: 0.1475512683391571
Rank:0 Epoch: [28/40], Step: [41/782], Loss: 0.14045457541942596
Rank:0 Epoch: [28/40], Step: [51/782], Loss: 0.1511860191822052
Rank:0 Epoch: [28/40], Step: [61/782], Loss: 0.07003631442785263
Rank:0 Epoch: [28/40], Step: [71/782], Loss: 0.24671678245067596
Rank:0 Epoch: [28/40], Step: [81/782], Loss: 0.24921202659606934
Rank:0 Epoch: [28/40], Step: [91/782], Loss: 0.21195930242538452
Rank:0 Epoch: [28/40], Step: [101/782], Loss: 0.09210123866796494
Rank:0 Epoch: [28/40], Step: [111/782], Loss: 0.27810704708099365
Rank:0 Epoch: [28/40], Step: [121/782], Loss: 0.10756342113018036
Rank:0 Epoch: [28/40], Step: [131/782], Loss: 0.21640488505363464
Rank:0 Epoch: [28/40], Step: [141/782], Loss: 0.1735449582338333
Rank:0 Epoch: [28/40], Step: [151/782], Loss: 0.30027180910110474
Rank:0 Epoch: [28/40], Step: [161/782], Loss: 0.17723149061203003
Rank:0 Epoch: [28/40], Step: [171/782], Loss: 0.12702228128910065
Rank:0 Epoch: [28/40], Step: [181/782], Loss: 0.1026252880692482
Rank:0 Epoch: [28/40], Step: [191/782], Loss: 0.11349456757307053
Rank:0 Epoch: [28/40], Step: [201/782], Loss: 0.18646490573883057
Rank:0 Epoch: [28/40], Step: [211/782], Loss: 0.1126229465007782
Rank:0 Epoch: [28/40], Step: [221/782], Loss: 0.12180642038583755
Rank:0 Epoch: [28/40], Step: [231/782], Loss: 0.13652963936328888
Rank:0 Epoch: [28/40], Step: [241/782], Loss: 0.15784136950969696
Rank:0 Epoch: [28/40], Step: [251/782], Loss: 0.2549336552619934
Rank:0 Epoch: [28/40], Step: [261/782], Loss: 0.3845967948436737
Rank:0 Epoch: [28/40], Step: [271/782], Loss: 0.16550461947917938
Rank:0 Epoch: [28/40], Step: [281/782], Loss: 0.21662022173404694
Rank:0 Epoch: [28/40], Step: [291/782], Loss: 0.09754758328199387
Rank:0 Epoch: [28/40], Step: [301/782], Loss: 0.15932370722293854
Rank:0 Epoch: [28/40], Step: [311/782], Loss: 0.19890721142292023
Rank:0 Epoch: [28/40], Step: [321/782], Loss: 0.13882683217525482
Rank:0 Epoch: [28/40], Step: [331/782], Loss: 0.1444770246744156
Rank:0 Epoch: [28/40], Step: [341/782], Loss: 0.31289583444595337
Rank:0 Epoch: [28/40], Step: [351/782], Loss: 0.06509662419557571
Rank:0 Epoch: [28/40], Step: [361/782], Loss: 0.16835039854049683
Rank:0 Epoch: [28/40], Step: [371/782], Loss: 0.10534002631902695
Rank:0 Epoch: [28/40], Step: [381/782], Loss: 0.15323872864246368
Rank:0 Epoch: [28/40], Step: [391/782], Loss: 0.09825923293828964
Rank:0 Epoch: [28/40], Step: [401/782], Loss: 0.1160966157913208
Rank:0 Epoch: [28/40], Step: [411/782], Loss: 0.08377668261528015
Rank:0 Epoch: [28/40], Step: [421/782], Loss: 0.22134315967559814
Rank:0 Epoch: [28/40], Step: [431/782], Loss: 0.10819253325462341
Rank:0 Epoch: [28/40], Step: [441/782], Loss: 0.17351315915584564
Rank:0 Epoch: [28/40], Step: [451/782], Loss: 0.09279074519872665
Rank:0 Epoch: [28/40], Step: [461/782], Loss: 0.3914106488227844
Rank:0 Epoch: [28/40], Step: [471/782], Loss: 0.2745579183101654
Rank:0 Epoch: [28/40], Step: [481/782], Loss: 0.129393070936203
Rank:0 Epoch: [28/40], Step: [491/782], Loss: 0.35659781098365784
Rank:0 Epoch: [28/40], Step: [501/782], Loss: 0.21962189674377441
Rank:0 Epoch: [28/40], Step: [511/782], Loss: 0.28637078404426575
Rank:0 Epoch: [28/40], Step: [521/782], Loss: 0.24621708691120148
Rank:0 Epoch: [28/40], Step: [531/782], Loss: 0.08166136592626572
Rank:0 Epoch: [28/40], Step: [541/782], Loss: 0.08568830788135529
Rank:0 Epoch: [28/40], Step: [551/782], Loss: 0.22752487659454346
Rank:0 Epoch: [28/40], Step: [561/782], Loss: 0.15518876910209656
Rank:0 Epoch: [28/40], Step: [571/782], Loss: 0.11802496016025543
Rank:0 Epoch: [28/40], Step: [581/782], Loss: 0.3203256130218506
Rank:0 Epoch: [28/40], Step: [591/782], Loss: 0.12389899790287018
Rank:0 Epoch: [28/40], Step: [601/782], Loss: 0.06290745735168457
Rank:0 Epoch: [28/40], Step: [611/782], Loss: 0.19133563339710236
Rank:0 Epoch: [28/40], Step: [621/782], Loss: 0.11607732623815536
Rank:0 Epoch: [28/40], Step: [631/782], Loss: 0.1391068398952484
Rank:0 Epoch: [28/40], Step: [641/782], Loss: 0.19853603839874268
Rank:0 Epoch: [28/40], Step: [651/782], Loss: 0.09751880168914795
Rank:0 Epoch: [28/40], Step: [661/782], Loss: 0.11319096386432648
Rank:0 Epoch: [28/40], Step: [671/782], Loss: 0.21086661517620087
Rank:0 Epoch: [28/40], Step: [681/782], Loss: 0.23145365715026855
Rank:0 Epoch: [28/40], Step: [691/782], Loss: 0.19734345376491547
Rank:0 Epoch: [28/40], Step: [701/782], Loss: 0.11993920803070068
Rank:0 Epoch: [28/40], Step: [711/782], Loss: 0.5163555145263672
Rank:0 Epoch: [28/40], Step: [721/782], Loss: 0.15812009572982788
Rank:0 Epoch: [28/40], Step: [731/782], Loss: 0.06648624688386917
Rank:0 Epoch: [28/40], Step: [741/782], Loss: 0.055688463151454926
Rank:0 Epoch: [28/40], Step: [751/782], Loss: 0.27194008231163025
Rank:0 Epoch: [28/40], Step: [761/782], Loss: 0.0919249877333641
Rank:0 Epoch: [28/40], Step: [771/782], Loss: 0.13682323694229126
Rank:0 Epoch: [28/40], Step: [781/782], Loss: 0.19984865188598633
Current Test Acc: 0.9136
Rank:0 Epoch: [29/40], Step: [1/782], Loss: 0.12358204275369644
Rank:0 Epoch: [29/40], Step: [11/782], Loss: 0.06431225687265396
Rank:0 Epoch: [29/40], Step: [21/782], Loss: 0.11039051413536072
Rank:0 Epoch: [29/40], Step: [31/782], Loss: 0.15726090967655182
Rank:0 Epoch: [29/40], Step: [41/782], Loss: 0.2348489910364151
Rank:0 Epoch: [29/40], Step: [51/782], Loss: 0.15710990130901337
Rank:0 Epoch: [29/40], Step: [61/782], Loss: 0.24268586933612823
Rank:0 Epoch: [29/40], Step: [71/782], Loss: 0.1580037921667099
Rank:0 Epoch: [29/40], Step: [81/782], Loss: 0.18965357542037964
Rank:0 Epoch: [29/40], Step: [91/782], Loss: 0.1003711074590683
Rank:0 Epoch: [29/40], Step: [101/782], Loss: 0.1465037614107132
Rank:0 Epoch: [29/40], Step: [111/782], Loss: 0.10055619478225708
Rank:0 Epoch: [29/40], Step: [121/782], Loss: 0.18223607540130615
Rank:0 Epoch: [29/40], Step: [131/782], Loss: 0.38826486468315125
Rank:0 Epoch: [29/40], Step: [141/782], Loss: 0.05736200883984566
Rank:0 Epoch: [29/40], Step: [151/782], Loss: 0.10758927464485168
Rank:0 Epoch: [29/40], Step: [161/782], Loss: 0.1099054291844368
Rank:0 Epoch: [29/40], Step: [171/782], Loss: 0.13857102394104004
Rank:0 Epoch: [29/40], Step: [181/782], Loss: 0.3091318607330322
Rank:0 Epoch: [29/40], Step: [191/782], Loss: 0.16725113987922668
Rank:0 Epoch: [29/40], Step: [201/782], Loss: 0.151046022772789
Rank:0 Epoch: [29/40], Step: [211/782], Loss: 0.265706330537796
Rank:0 Epoch: [29/40], Step: [221/782], Loss: 0.17116117477416992
Rank:0 Epoch: [29/40], Step: [231/782], Loss: 0.110148586332798
Rank:0 Epoch: [29/40], Step: [241/782], Loss: 0.07517528533935547
Rank:0 Epoch: [29/40], Step: [251/782], Loss: 0.1332806646823883
Rank:0 Epoch: [29/40], Step: [261/782], Loss: 0.19373437762260437
Rank:0 Epoch: [29/40], Step: [271/782], Loss: 0.09741804748773575
Rank:0 Epoch: [29/40], Step: [281/782], Loss: 0.08285857737064362
Rank:0 Epoch: [29/40], Step: [291/782], Loss: 0.12375424802303314
Rank:0 Epoch: [29/40], Step: [301/782], Loss: 0.12177643924951553
Rank:0 Epoch: [29/40], Step: [311/782], Loss: 0.07927583903074265
Rank:0 Epoch: [29/40], Step: [321/782], Loss: 0.1307705044746399
Rank:0 Epoch: [29/40], Step: [331/782], Loss: 0.10113657265901566
Rank:0 Epoch: [29/40], Step: [341/782], Loss: 0.2218748778104782
Rank:0 Epoch: [29/40], Step: [351/782], Loss: 0.09367373585700989
Rank:0 Epoch: [29/40], Step: [361/782], Loss: 0.2608174979686737
Rank:0 Epoch: [29/40], Step: [371/782], Loss: 0.08120137453079224
Rank:0 Epoch: [29/40], Step: [381/782], Loss: 0.09390559047460556
Rank:0 Epoch: [29/40], Step: [391/782], Loss: 0.20550015568733215
Rank:0 Epoch: [29/40], Step: [401/782], Loss: 0.11949694156646729
Rank:0 Epoch: [29/40], Step: [411/782], Loss: 0.1538369506597519
Rank:0 Epoch: [29/40], Step: [421/782], Loss: 0.10483286529779434
Rank:0 Epoch: [29/40], Step: [431/782], Loss: 0.1682765781879425
Rank:0 Epoch: [29/40], Step: [441/782], Loss: 0.35209858417510986
Rank:0 Epoch: [29/40], Step: [451/782], Loss: 0.0833524689078331
Rank:0 Epoch: [29/40], Step: [461/782], Loss: 0.18141208589076996
Rank:0 Epoch: [29/40], Step: [471/782], Loss: 0.21171922981739044
Rank:0 Epoch: [29/40], Step: [481/782], Loss: 0.042952269315719604
Rank:0 Epoch: [29/40], Step: [491/782], Loss: 0.10158441215753555
Rank:0 Epoch: [29/40], Step: [501/782], Loss: 0.08174757659435272
Rank:0 Epoch: [29/40], Step: [511/782], Loss: 0.10883065313100815
Rank:0 Epoch: [29/40], Step: [521/782], Loss: 0.12152252346277237
Rank:0 Epoch: [29/40], Step: [531/782], Loss: 0.2274799644947052
Rank:0 Epoch: [29/40], Step: [541/782], Loss: 0.09689955413341522
Rank:0 Epoch: [29/40], Step: [551/782], Loss: 0.08179297298192978
Rank:0 Epoch: [29/40], Step: [561/782], Loss: 0.2543213367462158
Rank:0 Epoch: [29/40], Step: [571/782], Loss: 0.41674119234085083
Rank:0 Epoch: [29/40], Step: [581/782], Loss: 0.2022782266139984
Rank:0 Epoch: [29/40], Step: [591/782], Loss: 0.06810208410024643
Rank:0 Epoch: [29/40], Step: [601/782], Loss: 0.1333615630865097
Rank:0 Epoch: [29/40], Step: [611/782], Loss: 0.12951122224330902
Rank:0 Epoch: [29/40], Step: [621/782], Loss: 0.14416861534118652
Rank:0 Epoch: [29/40], Step: [631/782], Loss: 0.11697837710380554
Rank:0 Epoch: [29/40], Step: [641/782], Loss: 0.24209246039390564
Rank:0 Epoch: [29/40], Step: [651/782], Loss: 0.11774510145187378
Rank:0 Epoch: [29/40], Step: [661/782], Loss: 0.1041528508067131
Rank:0 Epoch: [29/40], Step: [671/782], Loss: 0.1745581328868866
Rank:0 Epoch: [29/40], Step: [681/782], Loss: 0.20587830245494843
Rank:0 Epoch: [29/40], Step: [691/782], Loss: 0.10398906469345093
Rank:0 Epoch: [29/40], Step: [701/782], Loss: 0.33985865116119385
Rank:0 Epoch: [29/40], Step: [711/782], Loss: 0.138595312833786
Rank:0 Epoch: [29/40], Step: [721/782], Loss: 0.3558731973171234
Rank:0 Epoch: [29/40], Step: [731/782], Loss: 0.16471132636070251
Rank:0 Epoch: [29/40], Step: [741/782], Loss: 0.14761883020401
Rank:0 Epoch: [29/40], Step: [751/782], Loss: 0.07194830477237701
Rank:0 Epoch: [29/40], Step: [761/782], Loss: 0.13680367171764374
Rank:0 Epoch: [29/40], Step: [771/782], Loss: 0.31022515892982483
Rank:0 Epoch: [29/40], Step: [781/782], Loss: 0.12638476490974426
Current Test Acc: 0.9134
Rank:0 Epoch: [30/40], Step: [1/782], Loss: 0.14887437224388123
Rank:0 Epoch: [30/40], Step: [11/782], Loss: 0.08734708279371262
Rank:0 Epoch: [30/40], Step: [21/782], Loss: 0.13192981481552124
Rank:0 Epoch: [30/40], Step: [31/782], Loss: 0.06295252591371536
Rank:0 Epoch: [30/40], Step: [41/782], Loss: 0.04890302196145058
Rank:0 Epoch: [30/40], Step: [51/782], Loss: 0.18022334575653076
Rank:0 Epoch: [30/40], Step: [61/782], Loss: 0.20744891464710236
Rank:0 Epoch: [30/40], Step: [71/782], Loss: 0.10866951197385788
Rank:0 Epoch: [30/40], Step: [81/782], Loss: 0.1579190492630005
Rank:0 Epoch: [30/40], Step: [91/782], Loss: 0.10719096660614014
Rank:0 Epoch: [30/40], Step: [101/782], Loss: 0.08463777601718903
Rank:0 Epoch: [30/40], Step: [111/782], Loss: 0.11373784393072128
Rank:0 Epoch: [30/40], Step: [121/782], Loss: 0.31375816464424133
Rank:0 Epoch: [30/40], Step: [131/782], Loss: 0.3214256763458252
Rank:0 Epoch: [30/40], Step: [141/782], Loss: 0.12707087397575378
Rank:0 Epoch: [30/40], Step: [151/782], Loss: 0.25496694445610046
Rank:0 Epoch: [30/40], Step: [161/782], Loss: 0.2181742638349533
Rank:0 Epoch: [30/40], Step: [171/782], Loss: 0.12907862663269043
Rank:0 Epoch: [30/40], Step: [181/782], Loss: 0.048178721219301224
Rank:0 Epoch: [30/40], Step: [191/782], Loss: 0.13856367766857147
Rank:0 Epoch: [30/40], Step: [201/782], Loss: 0.14007030427455902
Rank:0 Epoch: [30/40], Step: [211/782], Loss: 0.22366484999656677
Rank:0 Epoch: [30/40], Step: [221/782], Loss: 0.20039834082126617
Rank:0 Epoch: [30/40], Step: [231/782], Loss: 0.09811993688344955
Rank:0 Epoch: [30/40], Step: [241/782], Loss: 0.07055561244487762
Rank:0 Epoch: [30/40], Step: [251/782], Loss: 0.12204501777887344
Rank:0 Epoch: [30/40], Step: [261/782], Loss: 0.1269986629486084
Rank:0 Epoch: [30/40], Step: [271/782], Loss: 0.23348578810691833
Rank:0 Epoch: [30/40], Step: [281/782], Loss: 0.1957700252532959
Rank:0 Epoch: [30/40], Step: [291/782], Loss: 0.12035475671291351
Rank:0 Epoch: [30/40], Step: [301/782], Loss: 0.1449480652809143
Rank:0 Epoch: [30/40], Step: [311/782], Loss: 0.10616182535886765
Rank:0 Epoch: [30/40], Step: [321/782], Loss: 0.16721569001674652
Rank:0 Epoch: [30/40], Step: [331/782], Loss: 0.3855554759502411
Rank:0 Epoch: [30/40], Step: [341/782], Loss: 0.21480371057987213
Rank:0 Epoch: [30/40], Step: [351/782], Loss: 0.102779321372509
Rank:0 Epoch: [30/40], Step: [361/782], Loss: 0.2756330966949463
Rank:0 Epoch: [30/40], Step: [371/782], Loss: 0.1480606198310852
Rank:0 Epoch: [30/40], Step: [381/782], Loss: 0.07883687317371368
Rank:0 Epoch: [30/40], Step: [391/782], Loss: 0.583947479724884
Rank:0 Epoch: [30/40], Step: [401/782], Loss: 0.09741678833961487
Rank:0 Epoch: [30/40], Step: [411/782], Loss: 0.10184101015329361
Rank:0 Epoch: [30/40], Step: [421/782], Loss: 0.15634573996067047
Rank:0 Epoch: [30/40], Step: [431/782], Loss: 0.27664217352867126
Rank:0 Epoch: [30/40], Step: [441/782], Loss: 0.19700299203395844
Rank:0 Epoch: [30/40], Step: [451/782], Loss: 0.15044106543064117
Rank:0 Epoch: [30/40], Step: [461/782], Loss: 0.25227832794189453
Rank:0 Epoch: [30/40], Step: [471/782], Loss: 0.2065153419971466
Rank:0 Epoch: [30/40], Step: [481/782], Loss: 0.1755579560995102
Rank:0 Epoch: [30/40], Step: [491/782], Loss: 0.09171440452337265
Rank:0 Epoch: [30/40], Step: [501/782], Loss: 0.2948543429374695
Rank:0 Epoch: [30/40], Step: [511/782], Loss: 0.10583502799272537
Rank:0 Epoch: [30/40], Step: [521/782], Loss: 0.13586582243442535
Rank:0 Epoch: [30/40], Step: [531/782], Loss: 0.10356957465410233
Rank:0 Epoch: [30/40], Step: [541/782], Loss: 0.1417606770992279
Rank:0 Epoch: [30/40], Step: [551/782], Loss: 0.19092632830142975
Rank:0 Epoch: [30/40], Step: [561/782], Loss: 0.1782401204109192
Rank:0 Epoch: [30/40], Step: [571/782], Loss: 0.19290439784526825
Rank:0 Epoch: [30/40], Step: [581/782], Loss: 0.091595359146595
Rank:0 Epoch: [30/40], Step: [591/782], Loss: 0.17318816483020782
Rank:0 Epoch: [30/40], Step: [601/782], Loss: 0.22862215340137482
Rank:0 Epoch: [30/40], Step: [611/782], Loss: 0.13958193361759186
Rank:0 Epoch: [30/40], Step: [621/782], Loss: 0.055977657437324524
Rank:0 Epoch: [30/40], Step: [631/782], Loss: 0.16251611709594727
Rank:0 Epoch: [30/40], Step: [641/782], Loss: 0.1359788030385971
Rank:0 Epoch: [30/40], Step: [651/782], Loss: 0.19648732244968414
Rank:0 Epoch: [30/40], Step: [661/782], Loss: 0.1349753439426422
Rank:0 Epoch: [30/40], Step: [671/782], Loss: 0.11689960211515427
Rank:0 Epoch: [30/40], Step: [681/782], Loss: 0.20478923618793488
Rank:0 Epoch: [30/40], Step: [691/782], Loss: 0.12869872152805328
Rank:0 Epoch: [30/40], Step: [701/782], Loss: 0.2881418466567993
Rank:0 Epoch: [30/40], Step: [711/782], Loss: 0.2370261549949646
Rank:0 Epoch: [30/40], Step: [721/782], Loss: 0.07996800541877747
Rank:0 Epoch: [30/40], Step: [731/782], Loss: 0.290289968252182
Rank:0 Epoch: [30/40], Step: [741/782], Loss: 0.06943997740745544
Rank:0 Epoch: [30/40], Step: [751/782], Loss: 0.16065481305122375
Rank:0 Epoch: [30/40], Step: [761/782], Loss: 0.08056409657001495
Rank:0 Epoch: [30/40], Step: [771/782], Loss: 0.07422280311584473
Rank:0 Epoch: [30/40], Step: [781/782], Loss: 0.1597222089767456
Current Test Acc: 0.9129
Rank:0 Epoch: [31/40], Step: [1/782], Loss: 0.30259189009666443
Rank:0 Epoch: [31/40], Step: [11/782], Loss: 0.16789326071739197
Rank:0 Epoch: [31/40], Step: [21/782], Loss: 0.0530652217566967
Rank:0 Epoch: [31/40], Step: [31/782], Loss: 0.07573259621858597
Rank:0 Epoch: [31/40], Step: [41/782], Loss: 0.16092267632484436
Rank:0 Epoch: [31/40], Step: [51/782], Loss: 0.05261744186282158
Rank:0 Epoch: [31/40], Step: [61/782], Loss: 0.18040026724338531
Rank:0 Epoch: [31/40], Step: [71/782], Loss: 0.08923059701919556
Rank:0 Epoch: [31/40], Step: [81/782], Loss: 0.08716075867414474
Rank:0 Epoch: [31/40], Step: [91/782], Loss: 0.23072022199630737
Rank:0 Epoch: [31/40], Step: [101/782], Loss: 0.13305743038654327
Rank:0 Epoch: [31/40], Step: [111/782], Loss: 0.2018180787563324
Rank:0 Epoch: [31/40], Step: [121/782], Loss: 0.10481876879930496
Rank:0 Epoch: [31/40], Step: [131/782], Loss: 0.1367291957139969
Rank:0 Epoch: [31/40], Step: [141/782], Loss: 0.08917352557182312
Rank:0 Epoch: [31/40], Step: [151/782], Loss: 0.056430697441101074
Rank:0 Epoch: [31/40], Step: [161/782], Loss: 0.16461582481861115
Rank:0 Epoch: [31/40], Step: [171/782], Loss: 0.212344229221344
Rank:0 Epoch: [31/40], Step: [181/782], Loss: 0.11315000057220459
Rank:0 Epoch: [31/40], Step: [191/782], Loss: 0.081110380589962
Rank:0 Epoch: [31/40], Step: [201/782], Loss: 0.07499995082616806
Rank:0 Epoch: [31/40], Step: [211/782], Loss: 0.11167525500059128
Rank:0 Epoch: [31/40], Step: [221/782], Loss: 0.13426963984966278
Rank:0 Epoch: [31/40], Step: [231/782], Loss: 0.06756411492824554
Rank:0 Epoch: [31/40], Step: [241/782], Loss: 0.12627239525318146
Rank:0 Epoch: [31/40], Step: [251/782], Loss: 0.10955483466386795
Rank:0 Epoch: [31/40], Step: [261/782], Loss: 0.22834272682666779
Rank:0 Epoch: [31/40], Step: [271/782], Loss: 0.11060909181833267
Rank:0 Epoch: [31/40], Step: [281/782], Loss: 0.16506123542785645
Rank:0 Epoch: [31/40], Step: [291/782], Loss: 0.08663097023963928
Rank:0 Epoch: [31/40], Step: [301/782], Loss: 0.16969656944274902
Rank:0 Epoch: [31/40], Step: [311/782], Loss: 0.07365419715642929
Rank:0 Epoch: [31/40], Step: [321/782], Loss: 0.18890467286109924
Rank:0 Epoch: [31/40], Step: [331/782], Loss: 0.04577486589550972
Rank:0 Epoch: [31/40], Step: [341/782], Loss: 0.04270850121974945
Rank:0 Epoch: [31/40], Step: [351/782], Loss: 0.07738400995731354
Rank:0 Epoch: [31/40], Step: [361/782], Loss: 0.2118111550807953
Rank:0 Epoch: [31/40], Step: [371/782], Loss: 0.09463339298963547
Rank:0 Epoch: [31/40], Step: [381/782], Loss: 0.27049219608306885
Rank:0 Epoch: [31/40], Step: [391/782], Loss: 0.12020362913608551
Rank:0 Epoch: [31/40], Step: [401/782], Loss: 0.1210511103272438
Rank:0 Epoch: [31/40], Step: [411/782], Loss: 0.12648038566112518
Rank:0 Epoch: [31/40], Step: [421/782], Loss: 0.14005587995052338
Rank:0 Epoch: [31/40], Step: [431/782], Loss: 0.04833094775676727
Rank:0 Epoch: [31/40], Step: [441/782], Loss: 0.09523303806781769
Rank:0 Epoch: [31/40], Step: [451/782], Loss: 0.16321046650409698
Rank:0 Epoch: [31/40], Step: [461/782], Loss: 0.10700278729200363
Rank:0 Epoch: [31/40], Step: [471/782], Loss: 0.08281626552343369
Rank:0 Epoch: [31/40], Step: [481/782], Loss: 0.10008550435304642
Rank:0 Epoch: [31/40], Step: [491/782], Loss: 0.11440727114677429
Rank:0 Epoch: [31/40], Step: [501/782], Loss: 0.09888263046741486
Rank:0 Epoch: [31/40], Step: [511/782], Loss: 0.12263233959674835
Rank:0 Epoch: [31/40], Step: [521/782], Loss: 0.2314847707748413
Rank:0 Epoch: [31/40], Step: [531/782], Loss: 0.06288526207208633
Rank:0 Epoch: [31/40], Step: [541/782], Loss: 0.13159258663654327
Rank:0 Epoch: [31/40], Step: [551/782], Loss: 0.044196248054504395
Rank:0 Epoch: [31/40], Step: [561/782], Loss: 0.15302148461341858
Rank:0 Epoch: [31/40], Step: [571/782], Loss: 0.11099742352962494
Rank:0 Epoch: [31/40], Step: [581/782], Loss: 0.08720096945762634
Rank:0 Epoch: [31/40], Step: [591/782], Loss: 0.07615018635988235
Rank:0 Epoch: [31/40], Step: [601/782], Loss: 0.07938051223754883
Rank:0 Epoch: [31/40], Step: [611/782], Loss: 0.2674538791179657
Rank:0 Epoch: [31/40], Step: [621/782], Loss: 0.20405292510986328
Rank:0 Epoch: [31/40], Step: [631/782], Loss: 0.24691765010356903
Rank:0 Epoch: [31/40], Step: [641/782], Loss: 0.23696483671665192
Rank:0 Epoch: [31/40], Step: [651/782], Loss: 0.08300691843032837
Rank:0 Epoch: [31/40], Step: [661/782], Loss: 0.12590250372886658
Rank:0 Epoch: [31/40], Step: [671/782], Loss: 0.07908307015895844
Rank:0 Epoch: [31/40], Step: [681/782], Loss: 0.15513747930526733
Rank:0 Epoch: [31/40], Step: [691/782], Loss: 0.3477231562137604
Rank:0 Epoch: [31/40], Step: [701/782], Loss: 0.1707892268896103
Rank:0 Epoch: [31/40], Step: [711/782], Loss: 0.0526292584836483
Rank:0 Epoch: [31/40], Step: [721/782], Loss: 0.05681890994310379
Rank:0 Epoch: [31/40], Step: [731/782], Loss: 0.09955142438411713
Rank:0 Epoch: [31/40], Step: [741/782], Loss: 0.14358095824718475
Rank:0 Epoch: [31/40], Step: [751/782], Loss: 0.1377139687538147
Rank:0 Epoch: [31/40], Step: [761/782], Loss: 0.07427533715963364
Rank:0 Epoch: [31/40], Step: [771/782], Loss: 0.17991480231285095
Rank:0 Epoch: [31/40], Step: [781/782], Loss: 0.19519054889678955
Current Test Acc: 0.9141
Rank:0 Epoch: [32/40], Step: [1/782], Loss: 0.16220730543136597
Rank:0 Epoch: [32/40], Step: [11/782], Loss: 0.06851913034915924
Rank:0 Epoch: [32/40], Step: [21/782], Loss: 0.30985233187675476
Rank:0 Epoch: [32/40], Step: [31/782], Loss: 0.18449486792087555
Rank:0 Epoch: [32/40], Step: [41/782], Loss: 0.052438702434301376
Rank:0 Epoch: [32/40], Step: [51/782], Loss: 0.08515738695859909
Rank:0 Epoch: [32/40], Step: [61/782], Loss: 0.0954197496175766
Rank:0 Epoch: [32/40], Step: [71/782], Loss: 0.1223849505186081
Rank:0 Epoch: [32/40], Step: [81/782], Loss: 0.17223593592643738
Rank:0 Epoch: [32/40], Step: [91/782], Loss: 0.11308246850967407
Rank:0 Epoch: [32/40], Step: [101/782], Loss: 0.12651148438453674
Rank:0 Epoch: [32/40], Step: [111/782], Loss: 0.16799423098564148
Rank:0 Epoch: [32/40], Step: [121/782], Loss: 0.10230661183595657
Rank:0 Epoch: [32/40], Step: [131/782], Loss: 0.17619465291500092
Rank:0 Epoch: [32/40], Step: [141/782], Loss: 0.15701016783714294
Rank:0 Epoch: [32/40], Step: [151/782], Loss: 0.05624578893184662
Rank:0 Epoch: [32/40], Step: [161/782], Loss: 0.10920877009630203
Rank:0 Epoch: [32/40], Step: [171/782], Loss: 0.18025779724121094
Rank:0 Epoch: [32/40], Step: [181/782], Loss: 0.06733263283967972
Rank:0 Epoch: [32/40], Step: [191/782], Loss: 0.09451480954885483
Rank:0 Epoch: [32/40], Step: [201/782], Loss: 0.24950237572193146
Rank:0 Epoch: [32/40], Step: [211/782], Loss: 0.07572721689939499
Rank:0 Epoch: [32/40], Step: [221/782], Loss: 0.2216423600912094
Rank:0 Epoch: [32/40], Step: [231/782], Loss: 0.06899409741163254
Rank:0 Epoch: [32/40], Step: [241/782], Loss: 0.12508468329906464
Rank:0 Epoch: [32/40], Step: [251/782], Loss: 0.11371855437755585
Rank:0 Epoch: [32/40], Step: [261/782], Loss: 0.04887371510267258
Rank:0 Epoch: [32/40], Step: [271/782], Loss: 0.05083548650145531
Rank:0 Epoch: [32/40], Step: [281/782], Loss: 0.12001345306634903
Rank:0 Epoch: [32/40], Step: [291/782], Loss: 0.11776864528656006
Rank:0 Epoch: [32/40], Step: [301/782], Loss: 0.09166249632835388
Rank:0 Epoch: [32/40], Step: [311/782], Loss: 0.13400399684906006
Rank:0 Epoch: [32/40], Step: [321/782], Loss: 0.06221529468894005
Rank:0 Epoch: [32/40], Step: [331/782], Loss: 0.12212255597114563
Rank:0 Epoch: [32/40], Step: [341/782], Loss: 0.0715225413441658
Rank:0 Epoch: [32/40], Step: [351/782], Loss: 0.1909240186214447
Rank:0 Epoch: [32/40], Step: [361/782], Loss: 0.11695106327533722
Rank:0 Epoch: [32/40], Step: [371/782], Loss: 0.18649503588676453
Rank:0 Epoch: [32/40], Step: [381/782], Loss: 0.10422442853450775
Rank:0 Epoch: [32/40], Step: [391/782], Loss: 0.07669276744127274
Rank:0 Epoch: [32/40], Step: [401/782], Loss: 0.15321360528469086
Rank:0 Epoch: [32/40], Step: [411/782], Loss: 0.17445434629917145
Rank:0 Epoch: [32/40], Step: [421/782], Loss: 0.12494982033967972
Rank:0 Epoch: [32/40], Step: [431/782], Loss: 0.10438594222068787
Rank:0 Epoch: [32/40], Step: [441/782], Loss: 0.05473479628562927
Rank:0 Epoch: [32/40], Step: [451/782], Loss: 0.1323366016149521
Rank:0 Epoch: [32/40], Step: [461/782], Loss: 0.09221994876861572
Rank:0 Epoch: [32/40], Step: [471/782], Loss: 0.13036060333251953
Rank:0 Epoch: [32/40], Step: [481/782], Loss: 0.10354263335466385
Rank:0 Epoch: [32/40], Step: [491/782], Loss: 0.2771814465522766
Rank:0 Epoch: [32/40], Step: [501/782], Loss: 0.19425900280475616
Rank:0 Epoch: [32/40], Step: [511/782], Loss: 0.10942738503217697
Rank:0 Epoch: [32/40], Step: [521/782], Loss: 0.11659170687198639
Rank:0 Epoch: [32/40], Step: [531/782], Loss: 0.08575901389122009
Rank:0 Epoch: [32/40], Step: [541/782], Loss: 0.036829885095357895
Rank:0 Epoch: [32/40], Step: [551/782], Loss: 0.1495293229818344
Rank:0 Epoch: [32/40], Step: [561/782], Loss: 0.10969424992799759
Rank:0 Epoch: [32/40], Step: [571/782], Loss: 0.1191788986325264
Rank:0 Epoch: [32/40], Step: [581/782], Loss: 0.10226617753505707
Rank:0 Epoch: [32/40], Step: [591/782], Loss: 0.10574912279844284
Rank:0 Epoch: [32/40], Step: [601/782], Loss: 0.27404823899269104
Rank:0 Epoch: [32/40], Step: [611/782], Loss: 0.1283554583787918
Rank:0 Epoch: [32/40], Step: [621/782], Loss: 0.09154564142227173
Rank:0 Epoch: [32/40], Step: [631/782], Loss: 0.3911573588848114
Rank:0 Epoch: [32/40], Step: [641/782], Loss: 0.10813573747873306
Rank:0 Epoch: [32/40], Step: [651/782], Loss: 0.1404198259115219
Rank:0 Epoch: [32/40], Step: [661/782], Loss: 0.06782512366771698
Rank:0 Epoch: [32/40], Step: [671/782], Loss: 0.18835625052452087
Rank:0 Epoch: [32/40], Step: [681/782], Loss: 0.05492232367396355
Rank:0 Epoch: [32/40], Step: [691/782], Loss: 0.11632850021123886
Rank:0 Epoch: [32/40], Step: [701/782], Loss: 0.07027480006217957
Rank:0 Epoch: [32/40], Step: [711/782], Loss: 0.22497153282165527
Rank:0 Epoch: [32/40], Step: [721/782], Loss: 0.09377893060445786
Rank:0 Epoch: [32/40], Step: [731/782], Loss: 0.10388150066137314
Rank:0 Epoch: [32/40], Step: [741/782], Loss: 0.10369955003261566
Rank:0 Epoch: [32/40], Step: [751/782], Loss: 0.31739550828933716
Rank:0 Epoch: [32/40], Step: [761/782], Loss: 0.06190836802124977
Rank:0 Epoch: [32/40], Step: [771/782], Loss: 0.15399610996246338
Rank:0 Epoch: [32/40], Step: [781/782], Loss: 0.04959765821695328
Current Test Acc: 0.9151
Rank:0 Epoch: [33/40], Step: [1/782], Loss: 0.16957636177539825
Rank:0 Epoch: [33/40], Step: [11/782], Loss: 0.21255044639110565
Rank:0 Epoch: [33/40], Step: [21/782], Loss: 0.13339711725711823
Rank:0 Epoch: [33/40], Step: [31/782], Loss: 0.32639211416244507
Rank:0 Epoch: [33/40], Step: [41/782], Loss: 0.06109035015106201
Rank:0 Epoch: [33/40], Step: [51/782], Loss: 0.09186089783906937
Rank:0 Epoch: [33/40], Step: [61/782], Loss: 0.07607551664113998
Rank:0 Epoch: [33/40], Step: [71/782], Loss: 0.10009109973907471
Rank:0 Epoch: [33/40], Step: [81/782], Loss: 0.10356170684099197
Rank:0 Epoch: [33/40], Step: [91/782], Loss: 0.09305855631828308
Rank:0 Epoch: [33/40], Step: [101/782], Loss: 0.13525329530239105
Rank:0 Epoch: [33/40], Step: [111/782], Loss: 0.26570358872413635
Rank:0 Epoch: [33/40], Step: [121/782], Loss: 0.04565109685063362
Rank:0 Epoch: [33/40], Step: [131/782], Loss: 0.06160162761807442
Rank:0 Epoch: [33/40], Step: [141/782], Loss: 0.1898563802242279
Rank:0 Epoch: [33/40], Step: [151/782], Loss: 0.15347200632095337
Rank:0 Epoch: [33/40], Step: [161/782], Loss: 0.1092756986618042
Rank:0 Epoch: [33/40], Step: [171/782], Loss: 0.19067788124084473
Rank:0 Epoch: [33/40], Step: [181/782], Loss: 0.04004620760679245
Rank:0 Epoch: [33/40], Step: [191/782], Loss: 0.14609450101852417
Rank:0 Epoch: [33/40], Step: [201/782], Loss: 0.24920451641082764
Rank:0 Epoch: [33/40], Step: [211/782], Loss: 0.18908317387104034
Rank:0 Epoch: [33/40], Step: [221/782], Loss: 0.13006462156772614
Rank:0 Epoch: [33/40], Step: [231/782], Loss: 0.13935568928718567
Rank:0 Epoch: [33/40], Step: [241/782], Loss: 0.20392999053001404
Rank:0 Epoch: [33/40], Step: [251/782], Loss: 0.09661373496055603
Rank:0 Epoch: [33/40], Step: [261/782], Loss: 0.1382053643465042
Rank:0 Epoch: [33/40], Step: [271/782], Loss: 0.14528386294841766
Rank:0 Epoch: [33/40], Step: [281/782], Loss: 0.10280606150627136
Rank:0 Epoch: [33/40], Step: [291/782], Loss: 0.09298420697450638
Rank:0 Epoch: [33/40], Step: [301/782], Loss: 0.1672099530696869
Rank:0 Epoch: [33/40], Step: [311/782], Loss: 0.05475649982690811
Rank:0 Epoch: [33/40], Step: [321/782], Loss: 0.21003195643424988
Rank:0 Epoch: [33/40], Step: [331/782], Loss: 0.03628796711564064
Rank:0 Epoch: [33/40], Step: [341/782], Loss: 0.11542918533086777
Rank:0 Epoch: [33/40], Step: [351/782], Loss: 0.0924704447388649
Rank:0 Epoch: [33/40], Step: [361/782], Loss: 0.1615426242351532
Rank:0 Epoch: [33/40], Step: [371/782], Loss: 0.07011590152978897
Rank:0 Epoch: [33/40], Step: [381/782], Loss: 0.08788970112800598
Rank:0 Epoch: [33/40], Step: [391/782], Loss: 0.12047719955444336
Rank:0 Epoch: [33/40], Step: [401/782], Loss: 0.15975059568881989
Rank:0 Epoch: [33/40], Step: [411/782], Loss: 0.23011577129364014
Rank:0 Epoch: [33/40], Step: [421/782], Loss: 0.10776565968990326
Rank:0 Epoch: [33/40], Step: [431/782], Loss: 0.22630704939365387
Rank:0 Epoch: [33/40], Step: [441/782], Loss: 0.09618719667196274
Rank:0 Epoch: [33/40], Step: [451/782], Loss: 0.03723081946372986
Rank:0 Epoch: [33/40], Step: [461/782], Loss: 0.09852689504623413
Rank:0 Epoch: [33/40], Step: [471/782], Loss: 0.09379725158214569
Rank:0 Epoch: [33/40], Step: [481/782], Loss: 0.16016735136508942
Rank:0 Epoch: [33/40], Step: [491/782], Loss: 0.22198566794395447
Rank:0 Epoch: [33/40], Step: [501/782], Loss: 0.14439496397972107
Rank:0 Epoch: [33/40], Step: [511/782], Loss: 0.17413613200187683
Rank:0 Epoch: [33/40], Step: [521/782], Loss: 0.31296879053115845
Rank:0 Epoch: [33/40], Step: [531/782], Loss: 0.21734368801116943
Rank:0 Epoch: [33/40], Step: [541/782], Loss: 0.10391592234373093
Rank:0 Epoch: [33/40], Step: [551/782], Loss: 0.06286327540874481
Rank:0 Epoch: [33/40], Step: [561/782], Loss: 0.07266959547996521
Rank:0 Epoch: [33/40], Step: [571/782], Loss: 0.21272076666355133
Rank:0 Epoch: [33/40], Step: [581/782], Loss: 0.11361634731292725
Rank:0 Epoch: [33/40], Step: [591/782], Loss: 0.13512849807739258
Rank:0 Epoch: [33/40], Step: [601/782], Loss: 0.08764660358428955
Rank:0 Epoch: [33/40], Step: [611/782], Loss: 0.04707562178373337
Rank:0 Epoch: [33/40], Step: [621/782], Loss: 0.20385286211967468
Rank:0 Epoch: [33/40], Step: [631/782], Loss: 0.1482549011707306
Rank:0 Epoch: [33/40], Step: [641/782], Loss: 0.05872933566570282
Rank:0 Epoch: [33/40], Step: [651/782], Loss: 0.15408077836036682
Rank:0 Epoch: [33/40], Step: [661/782], Loss: 0.14821630716323853
Rank:0 Epoch: [33/40], Step: [671/782], Loss: 0.3888588845729828
Rank:0 Epoch: [33/40], Step: [681/782], Loss: 0.24848029017448425
Rank:0 Epoch: [33/40], Step: [691/782], Loss: 0.19664019346237183
Rank:0 Epoch: [33/40], Step: [701/782], Loss: 0.039111293852329254
Rank:0 Epoch: [33/40], Step: [711/782], Loss: 0.14889821410179138
Rank:0 Epoch: [33/40], Step: [721/782], Loss: 0.13510408997535706
Rank:0 Epoch: [33/40], Step: [731/782], Loss: 0.04558447003364563
Rank:0 Epoch: [33/40], Step: [741/782], Loss: 0.11692185699939728
Rank:0 Epoch: [33/40], Step: [751/782], Loss: 0.1259654015302658
Rank:0 Epoch: [33/40], Step: [761/782], Loss: 0.4275573790073395
Rank:0 Epoch: [33/40], Step: [771/782], Loss: 0.28669458627700806
Rank:0 Epoch: [33/40], Step: [781/782], Loss: 0.06386964023113251
Current Test Acc: 0.9139
Rank:0 Epoch: [34/40], Step: [1/782], Loss: 0.11575490236282349
Rank:0 Epoch: [34/40], Step: [11/782], Loss: 0.15212225914001465
Rank:0 Epoch: [34/40], Step: [21/782], Loss: 0.07402408868074417
Rank:0 Epoch: [34/40], Step: [31/782], Loss: 0.17521826922893524
Rank:0 Epoch: [34/40], Step: [41/782], Loss: 0.15494342148303986
Rank:0 Epoch: [34/40], Step: [51/782], Loss: 0.06722116470336914
Rank:0 Epoch: [34/40], Step: [61/782], Loss: 0.13319902122020721
Rank:0 Epoch: [34/40], Step: [71/782], Loss: 0.04248875379562378
Rank:0 Epoch: [34/40], Step: [81/782], Loss: 0.10639552026987076
Rank:0 Epoch: [34/40], Step: [91/782], Loss: 0.0355897881090641
Rank:0 Epoch: [34/40], Step: [101/782], Loss: 0.07208586484193802
Rank:0 Epoch: [34/40], Step: [111/782], Loss: 0.07964402437210083
Rank:0 Epoch: [34/40], Step: [121/782], Loss: 0.13584202527999878
Rank:0 Epoch: [34/40], Step: [131/782], Loss: 0.2044534534215927
Rank:0 Epoch: [34/40], Step: [141/782], Loss: 0.17412826418876648
Rank:0 Epoch: [34/40], Step: [151/782], Loss: 0.039240892976522446
Rank:0 Epoch: [34/40], Step: [161/782], Loss: 0.10087087750434875
Rank:0 Epoch: [34/40], Step: [171/782], Loss: 0.3308313488960266
Rank:0 Epoch: [34/40], Step: [181/782], Loss: 0.07692200690507889
Rank:0 Epoch: [34/40], Step: [191/782], Loss: 0.05016426369547844
Rank:0 Epoch: [34/40], Step: [201/782], Loss: 0.1317899376153946
Rank:0 Epoch: [34/40], Step: [211/782], Loss: 0.22611486911773682
Rank:0 Epoch: [34/40], Step: [221/782], Loss: 0.11426019668579102
Rank:0 Epoch: [34/40], Step: [231/782], Loss: 0.040709979832172394
Rank:0 Epoch: [34/40], Step: [241/782], Loss: 0.12094160914421082
Rank:0 Epoch: [34/40], Step: [251/782], Loss: 0.15269608795642853
Rank:0 Epoch: [34/40], Step: [261/782], Loss: 0.04168534278869629
Rank:0 Epoch: [34/40], Step: [271/782], Loss: 0.09287431836128235
Rank:0 Epoch: [34/40], Step: [281/782], Loss: 0.2439761459827423
Rank:0 Epoch: [34/40], Step: [291/782], Loss: 0.06419801712036133
Rank:0 Epoch: [34/40], Step: [301/782], Loss: 0.08082222193479538
Rank:0 Epoch: [34/40], Step: [311/782], Loss: 0.20878176391124725
Rank:0 Epoch: [34/40], Step: [321/782], Loss: 0.11644082516431808
Rank:0 Epoch: [34/40], Step: [331/782], Loss: 0.21794220805168152
Rank:0 Epoch: [34/40], Step: [341/782], Loss: 0.11527314782142639
Rank:0 Epoch: [34/40], Step: [351/782], Loss: 0.05696108937263489
Rank:0 Epoch: [34/40], Step: [361/782], Loss: 0.04787227138876915
Rank:0 Epoch: [34/40], Step: [371/782], Loss: 0.1130426898598671
Rank:0 Epoch: [34/40], Step: [381/782], Loss: 0.05784095078706741
Rank:0 Epoch: [34/40], Step: [391/782], Loss: 0.14885427057743073
Rank:0 Epoch: [34/40], Step: [401/782], Loss: 0.04166918247938156
Rank:0 Epoch: [34/40], Step: [411/782], Loss: 0.08749030530452728
Rank:0 Epoch: [34/40], Step: [421/782], Loss: 0.07745750993490219
Rank:0 Epoch: [34/40], Step: [431/782], Loss: 0.1197052150964737
Rank:0 Epoch: [34/40], Step: [441/782], Loss: 0.1610603928565979
Rank:0 Epoch: [34/40], Step: [451/782], Loss: 0.045901864767074585
Rank:0 Epoch: [34/40], Step: [461/782], Loss: 0.24770207703113556
Rank:0 Epoch: [34/40], Step: [471/782], Loss: 0.12148955464363098
Rank:0 Epoch: [34/40], Step: [481/782], Loss: 0.2338886260986328
Rank:0 Epoch: [34/40], Step: [491/782], Loss: 0.09663253277540207
Rank:0 Epoch: [34/40], Step: [501/782], Loss: 0.10527678579092026
Rank:0 Epoch: [34/40], Step: [511/782], Loss: 0.05642072483897209
Rank:0 Epoch: [34/40], Step: [521/782], Loss: 0.04053805395960808
Rank:0 Epoch: [34/40], Step: [531/782], Loss: 0.17732557654380798
Rank:0 Epoch: [34/40], Step: [541/782], Loss: 0.11927516013383865
Rank:0 Epoch: [34/40], Step: [551/782], Loss: 0.10659386217594147
Rank:0 Epoch: [34/40], Step: [561/782], Loss: 0.08341465145349503
Rank:0 Epoch: [34/40], Step: [571/782], Loss: 0.16692915558815002
Rank:0 Epoch: [34/40], Step: [581/782], Loss: 0.3411957323551178
Rank:0 Epoch: [34/40], Step: [591/782], Loss: 0.06806248426437378
Rank:0 Epoch: [34/40], Step: [601/782], Loss: 0.24051052331924438
Rank:0 Epoch: [34/40], Step: [611/782], Loss: 0.10049492120742798
Rank:0 Epoch: [34/40], Step: [621/782], Loss: 0.10582050681114197
Rank:0 Epoch: [34/40], Step: [631/782], Loss: 0.11618179827928543
Rank:0 Epoch: [34/40], Step: [641/782], Loss: 0.12159650027751923
Rank:0 Epoch: [34/40], Step: [651/782], Loss: 0.13592387735843658
Rank:0 Epoch: [34/40], Step: [661/782], Loss: 0.12254896759986877
Rank:0 Epoch: [34/40], Step: [671/782], Loss: 0.1415557712316513
Rank:0 Epoch: [34/40], Step: [681/782], Loss: 0.08170865476131439
Rank:0 Epoch: [34/40], Step: [691/782], Loss: 0.2055104821920395
Rank:0 Epoch: [34/40], Step: [701/782], Loss: 0.2005128562450409
Rank:0 Epoch: [34/40], Step: [711/782], Loss: 0.11917538195848465
Rank:0 Epoch: [34/40], Step: [721/782], Loss: 0.07026868313550949
Rank:0 Epoch: [34/40], Step: [731/782], Loss: 0.060028478503227234
Rank:0 Epoch: [34/40], Step: [741/782], Loss: 0.20031996071338654
Rank:0 Epoch: [34/40], Step: [751/782], Loss: 0.059136733412742615
Rank:0 Epoch: [34/40], Step: [761/782], Loss: 0.12066668272018433
Rank:0 Epoch: [34/40], Step: [771/782], Loss: 0.07831571251153946
Rank:0 Epoch: [34/40], Step: [781/782], Loss: 0.17692603170871735
Current Test Acc: 0.9166
Rank:0 Epoch: [35/40], Step: [1/782], Loss: 0.04576405882835388
Rank:0 Epoch: [35/40], Step: [11/782], Loss: 0.09257365763187408
Rank:0 Epoch: [35/40], Step: [21/782], Loss: 0.0485859140753746
Rank:0 Epoch: [35/40], Step: [31/782], Loss: 0.11903158575296402
Rank:0 Epoch: [35/40], Step: [41/782], Loss: 0.1045624390244484
Rank:0 Epoch: [35/40], Step: [51/782], Loss: 0.08321629464626312
Rank:0 Epoch: [35/40], Step: [61/782], Loss: 0.08949743956327438
Rank:0 Epoch: [35/40], Step: [71/782], Loss: 0.10253655910491943
Rank:0 Epoch: [35/40], Step: [81/782], Loss: 0.12605875730514526
Rank:0 Epoch: [35/40], Step: [91/782], Loss: 0.06402412801980972
Rank:0 Epoch: [35/40], Step: [101/782], Loss: 0.12232041358947754
Rank:0 Epoch: [35/40], Step: [111/782], Loss: 0.08490590751171112
Rank:0 Epoch: [35/40], Step: [121/782], Loss: 0.0636773481965065
Rank:0 Epoch: [35/40], Step: [131/782], Loss: 0.06536871194839478
Rank:0 Epoch: [35/40], Step: [141/782], Loss: 0.1188121885061264
Rank:0 Epoch: [35/40], Step: [151/782], Loss: 0.03330900892615318
Rank:0 Epoch: [35/40], Step: [161/782], Loss: 0.10245240479707718
Rank:0 Epoch: [35/40], Step: [171/782], Loss: 0.07407335191965103
Rank:0 Epoch: [35/40], Step: [181/782], Loss: 0.06173685938119888
Rank:0 Epoch: [35/40], Step: [191/782], Loss: 0.06264899671077728
Rank:0 Epoch: [35/40], Step: [201/782], Loss: 0.14718209207057953
Rank:0 Epoch: [35/40], Step: [211/782], Loss: 0.14678001403808594
Rank:0 Epoch: [35/40], Step: [221/782], Loss: 0.134535014629364
Rank:0 Epoch: [35/40], Step: [231/782], Loss: 0.0625637024641037
Rank:0 Epoch: [35/40], Step: [241/782], Loss: 0.07984455674886703
Rank:0 Epoch: [35/40], Step: [251/782], Loss: 0.05845668166875839
Rank:0 Epoch: [35/40], Step: [261/782], Loss: 0.07082336395978928
Rank:0 Epoch: [35/40], Step: [271/782], Loss: 0.12336909770965576
Rank:0 Epoch: [35/40], Step: [281/782], Loss: 0.21026647090911865
Rank:0 Epoch: [35/40], Step: [291/782], Loss: 0.1642322838306427
Rank:0 Epoch: [35/40], Step: [301/782], Loss: 0.12855744361877441
Rank:0 Epoch: [35/40], Step: [311/782], Loss: 0.13514003157615662
Rank:0 Epoch: [35/40], Step: [321/782], Loss: 0.17185260355472565
Rank:0 Epoch: [35/40], Step: [331/782], Loss: 0.09119082987308502
Rank:0 Epoch: [35/40], Step: [341/782], Loss: 0.1438840925693512
Rank:0 Epoch: [35/40], Step: [351/782], Loss: 0.17499232292175293
Rank:0 Epoch: [35/40], Step: [361/782], Loss: 0.10530271381139755
Rank:0 Epoch: [35/40], Step: [371/782], Loss: 0.043381962925195694
Rank:0 Epoch: [35/40], Step: [381/782], Loss: 0.10810153931379318
Rank:0 Epoch: [35/40], Step: [391/782], Loss: 0.06706567108631134
Rank:0 Epoch: [35/40], Step: [401/782], Loss: 0.2253248393535614
Rank:0 Epoch: [35/40], Step: [411/782], Loss: 0.16376711428165436
Rank:0 Epoch: [35/40], Step: [421/782], Loss: 0.07193197309970856
Rank:0 Epoch: [35/40], Step: [431/782], Loss: 0.1302778273820877
Rank:0 Epoch: [35/40], Step: [441/782], Loss: 0.1961456835269928
Rank:0 Epoch: [35/40], Step: [451/782], Loss: 0.0780145674943924
Rank:0 Epoch: [35/40], Step: [461/782], Loss: 0.11589435487985611
Rank:0 Epoch: [35/40], Step: [471/782], Loss: 0.05797838419675827
Rank:0 Epoch: [35/40], Step: [481/782], Loss: 0.09645944088697433
Rank:0 Epoch: [35/40], Step: [491/782], Loss: 0.13036750257015228
Rank:0 Epoch: [35/40], Step: [501/782], Loss: 0.06523273140192032
Rank:0 Epoch: [35/40], Step: [511/782], Loss: 0.2239435613155365
Rank:0 Epoch: [35/40], Step: [521/782], Loss: 0.1399570107460022
Rank:0 Epoch: [35/40], Step: [531/782], Loss: 0.2163207083940506
Rank:0 Epoch: [35/40], Step: [541/782], Loss: 0.23888228833675385
Rank:0 Epoch: [35/40], Step: [551/782], Loss: 0.08496513217687607
Rank:0 Epoch: [35/40], Step: [561/782], Loss: 0.05364200472831726
Rank:0 Epoch: [35/40], Step: [571/782], Loss: 0.08342490345239639
Rank:0 Epoch: [35/40], Step: [581/782], Loss: 0.07182832807302475
Rank:0 Epoch: [35/40], Step: [591/782], Loss: 0.08921640366315842
Rank:0 Epoch: [35/40], Step: [601/782], Loss: 0.26251956820487976
Rank:0 Epoch: [35/40], Step: [611/782], Loss: 0.041643716394901276
Rank:0 Epoch: [35/40], Step: [621/782], Loss: 0.10237585753202438
Rank:0 Epoch: [35/40], Step: [631/782], Loss: 0.06125716492533684
Rank:0 Epoch: [35/40], Step: [641/782], Loss: 0.09557388722896576
Rank:0 Epoch: [35/40], Step: [651/782], Loss: 0.09790293127298355
Rank:0 Epoch: [35/40], Step: [661/782], Loss: 0.1308402568101883
Rank:0 Epoch: [35/40], Step: [671/782], Loss: 0.0546436607837677
Rank:0 Epoch: [35/40], Step: [681/782], Loss: 0.11812435835599899
Rank:0 Epoch: [35/40], Step: [691/782], Loss: 0.1708638072013855
Rank:0 Epoch: [35/40], Step: [701/782], Loss: 0.07990913838148117
Rank:0 Epoch: [35/40], Step: [711/782], Loss: 0.15693558752536774
Rank:0 Epoch: [35/40], Step: [721/782], Loss: 0.07496750354766846
Rank:0 Epoch: [35/40], Step: [731/782], Loss: 0.1751415878534317
Rank:0 Epoch: [35/40], Step: [741/782], Loss: 0.43608179688453674
Rank:0 Epoch: [35/40], Step: [751/782], Loss: 0.05578045919537544
Rank:0 Epoch: [35/40], Step: [761/782], Loss: 0.05234111472964287
Rank:0 Epoch: [35/40], Step: [771/782], Loss: 0.24530397355556488
Rank:0 Epoch: [35/40], Step: [781/782], Loss: 0.10559588670730591
Current Test Acc: 0.9163
Rank:0 Epoch: [36/40], Step: [1/782], Loss: 0.194123774766922
Rank:0 Epoch: [36/40], Step: [11/782], Loss: 0.12483109533786774
Rank:0 Epoch: [36/40], Step: [21/782], Loss: 0.12968169152736664
Rank:0 Epoch: [36/40], Step: [31/782], Loss: 0.06941907107830048
Rank:0 Epoch: [36/40], Step: [41/782], Loss: 0.1397126317024231
Rank:0 Epoch: [36/40], Step: [51/782], Loss: 0.10763098299503326
Rank:0 Epoch: [36/40], Step: [61/782], Loss: 0.08860407024621964
Rank:0 Epoch: [36/40], Step: [71/782], Loss: 0.12053608149290085
Rank:0 Epoch: [36/40], Step: [81/782], Loss: 0.092904232442379
Rank:0 Epoch: [36/40], Step: [91/782], Loss: 0.12265323847532272
Rank:0 Epoch: [36/40], Step: [101/782], Loss: 0.1740741729736328
Rank:0 Epoch: [36/40], Step: [111/782], Loss: 0.10615091770887375
Rank:0 Epoch: [36/40], Step: [121/782], Loss: 0.2047552466392517
Rank:0 Epoch: [36/40], Step: [131/782], Loss: 0.12556074559688568
Rank:0 Epoch: [36/40], Step: [141/782], Loss: 0.19727210700511932
Rank:0 Epoch: [36/40], Step: [151/782], Loss: 0.06615138053894043
Rank:0 Epoch: [36/40], Step: [161/782], Loss: 0.04458972439169884
Rank:0 Epoch: [36/40], Step: [171/782], Loss: 0.16027222573757172
Rank:0 Epoch: [36/40], Step: [181/782], Loss: 0.10712730139493942
Rank:0 Epoch: [36/40], Step: [191/782], Loss: 0.17112596333026886
Rank:0 Epoch: [36/40], Step: [201/782], Loss: 0.21293224394321442
Rank:0 Epoch: [36/40], Step: [211/782], Loss: 0.17987418174743652
Rank:0 Epoch: [36/40], Step: [221/782], Loss: 0.0536620058119297
Rank:0 Epoch: [36/40], Step: [231/782], Loss: 0.20557333528995514
Rank:0 Epoch: [36/40], Step: [241/782], Loss: 0.059657320380210876
Rank:0 Epoch: [36/40], Step: [251/782], Loss: 0.1838775873184204
Rank:0 Epoch: [36/40], Step: [261/782], Loss: 0.04884966090321541
Rank:0 Epoch: [36/40], Step: [271/782], Loss: 0.0844389796257019
Rank:0 Epoch: [36/40], Step: [281/782], Loss: 0.16369381546974182
Rank:0 Epoch: [36/40], Step: [291/782], Loss: 0.21868441998958588
Rank:0 Epoch: [36/40], Step: [301/782], Loss: 0.14783065021038055
Rank:0 Epoch: [36/40], Step: [311/782], Loss: 0.06752505153417587
Rank:0 Epoch: [36/40], Step: [321/782], Loss: 0.05618029832839966
Rank:0 Epoch: [36/40], Step: [331/782], Loss: 0.1633806824684143
Rank:0 Epoch: [36/40], Step: [341/782], Loss: 0.13298505544662476
Rank:0 Epoch: [36/40], Step: [351/782], Loss: 0.11527499556541443
Rank:0 Epoch: [36/40], Step: [361/782], Loss: 0.09626452624797821
Rank:0 Epoch: [36/40], Step: [371/782], Loss: 0.1509389579296112
Rank:0 Epoch: [36/40], Step: [381/782], Loss: 0.05992719158530235
Rank:0 Epoch: [36/40], Step: [391/782], Loss: 0.07462353259325027
Rank:0 Epoch: [36/40], Step: [401/782], Loss: 0.15477772057056427
Rank:0 Epoch: [36/40], Step: [411/782], Loss: 0.09305711835622787
Rank:0 Epoch: [36/40], Step: [421/782], Loss: 0.17716343700885773
Rank:0 Epoch: [36/40], Step: [431/782], Loss: 0.09642791002988815
Rank:0 Epoch: [36/40], Step: [441/782], Loss: 0.20240208506584167
Rank:0 Epoch: [36/40], Step: [451/782], Loss: 0.12393520772457123
Rank:0 Epoch: [36/40], Step: [461/782], Loss: 0.045757997781038284
Rank:0 Epoch: [36/40], Step: [471/782], Loss: 0.10466184467077255
Rank:0 Epoch: [36/40], Step: [481/782], Loss: 0.12170054763555527
Rank:0 Epoch: [36/40], Step: [491/782], Loss: 0.13632658123970032
Rank:0 Epoch: [36/40], Step: [501/782], Loss: 0.09690387547016144
Rank:0 Epoch: [36/40], Step: [511/782], Loss: 0.18617881834506989
Rank:0 Epoch: [36/40], Step: [521/782], Loss: 0.09505008906126022
Rank:0 Epoch: [36/40], Step: [531/782], Loss: 0.2732293903827667
Rank:0 Epoch: [36/40], Step: [541/782], Loss: 0.10290789604187012
Rank:0 Epoch: [36/40], Step: [551/782], Loss: 0.1305636614561081
Rank:0 Epoch: [36/40], Step: [561/782], Loss: 0.09828762710094452
Rank:0 Epoch: [36/40], Step: [571/782], Loss: 0.08019936084747314
Rank:0 Epoch: [36/40], Step: [581/782], Loss: 0.17927995324134827
Rank:0 Epoch: [36/40], Step: [591/782], Loss: 0.11411327123641968
Rank:0 Epoch: [36/40], Step: [601/782], Loss: 0.0644369125366211
Rank:0 Epoch: [36/40], Step: [611/782], Loss: 0.15943722426891327
Rank:0 Epoch: [36/40], Step: [621/782], Loss: 0.15239901840686798
Rank:0 Epoch: [36/40], Step: [631/782], Loss: 0.056559737771749496
Rank:0 Epoch: [36/40], Step: [641/782], Loss: 0.1633838415145874
Rank:0 Epoch: [36/40], Step: [651/782], Loss: 0.1736053079366684
Rank:0 Epoch: [36/40], Step: [661/782], Loss: 0.1530958116054535
Rank:0 Epoch: [36/40], Step: [671/782], Loss: 0.23452237248420715
Rank:0 Epoch: [36/40], Step: [681/782], Loss: 0.04256046563386917
Rank:0 Epoch: [36/40], Step: [691/782], Loss: 0.1767304241657257
Rank:0 Epoch: [36/40], Step: [701/782], Loss: 0.06221672147512436
Rank:0 Epoch: [36/40], Step: [711/782], Loss: 0.0736052617430687
Rank:0 Epoch: [36/40], Step: [721/782], Loss: 0.08903973549604416
Rank:0 Epoch: [36/40], Step: [731/782], Loss: 0.06732379645109177
Rank:0 Epoch: [36/40], Step: [741/782], Loss: 0.1219491958618164
Rank:0 Epoch: [36/40], Step: [751/782], Loss: 0.266830712556839
Rank:0 Epoch: [36/40], Step: [761/782], Loss: 0.08825376629829407
Rank:0 Epoch: [36/40], Step: [771/782], Loss: 0.10990516096353531
Rank:0 Epoch: [36/40], Step: [781/782], Loss: 0.1891520768404007
Current Test Acc: 0.9175
Rank:0 Epoch: [37/40], Step: [1/782], Loss: 0.047754306346178055
Rank:0 Epoch: [37/40], Step: [11/782], Loss: 0.21290040016174316
Rank:0 Epoch: [37/40], Step: [21/782], Loss: 0.0314367450773716
Rank:0 Epoch: [37/40], Step: [31/782], Loss: 0.08151185512542725
Rank:0 Epoch: [37/40], Step: [41/782], Loss: 0.07616592198610306
Rank:0 Epoch: [37/40], Step: [51/782], Loss: 0.19879797101020813
Rank:0 Epoch: [37/40], Step: [61/782], Loss: 0.3064146041870117
Rank:0 Epoch: [37/40], Step: [71/782], Loss: 0.14500151574611664
Rank:0 Epoch: [37/40], Step: [81/782], Loss: 0.1052255779504776
Rank:0 Epoch: [37/40], Step: [91/782], Loss: 0.0418524406850338
Rank:0 Epoch: [37/40], Step: [101/782], Loss: 0.06783964484930038
Rank:0 Epoch: [37/40], Step: [111/782], Loss: 0.04863086715340614
Rank:0 Epoch: [37/40], Step: [121/782], Loss: 0.0672169029712677
Rank:0 Epoch: [37/40], Step: [131/782], Loss: 0.06271052360534668
Rank:0 Epoch: [37/40], Step: [141/782], Loss: 0.08716330677270889
Rank:0 Epoch: [37/40], Step: [151/782], Loss: 0.1157211884856224
Rank:0 Epoch: [37/40], Step: [161/782], Loss: 0.14916132390499115
Rank:0 Epoch: [37/40], Step: [171/782], Loss: 0.14331069588661194
Rank:0 Epoch: [37/40], Step: [181/782], Loss: 0.12625059485435486
Rank:0 Epoch: [37/40], Step: [191/782], Loss: 0.13591931760311127
Rank:0 Epoch: [37/40], Step: [201/782], Loss: 0.08625297993421555
Rank:0 Epoch: [37/40], Step: [211/782], Loss: 0.336193323135376
Rank:0 Epoch: [37/40], Step: [221/782], Loss: 0.03930576518177986
Rank:0 Epoch: [37/40], Step: [231/782], Loss: 0.05091090500354767
Rank:0 Epoch: [37/40], Step: [241/782], Loss: 0.06074114516377449
Rank:0 Epoch: [37/40], Step: [251/782], Loss: 0.18056532740592957
Rank:0 Epoch: [37/40], Step: [261/782], Loss: 0.08379587531089783
Rank:0 Epoch: [37/40], Step: [271/782], Loss: 0.05420126020908356
Rank:0 Epoch: [37/40], Step: [281/782], Loss: 0.142156183719635
Rank:0 Epoch: [37/40], Step: [291/782], Loss: 0.23822267353534698
Rank:0 Epoch: [37/40], Step: [301/782], Loss: 0.050094131380319595
Rank:0 Epoch: [37/40], Step: [311/782], Loss: 0.10472209751605988
Rank:0 Epoch: [37/40], Step: [321/782], Loss: 0.1375446617603302
Rank:0 Epoch: [37/40], Step: [331/782], Loss: 0.161832794547081
Rank:0 Epoch: [37/40], Step: [341/782], Loss: 0.07373352348804474
Rank:0 Epoch: [37/40], Step: [351/782], Loss: 0.08826632797718048
Rank:0 Epoch: [37/40], Step: [361/782], Loss: 0.0576484240591526
Rank:0 Epoch: [37/40], Step: [371/782], Loss: 0.08653267472982407
Rank:0 Epoch: [37/40], Step: [381/782], Loss: 0.06585560739040375
Rank:0 Epoch: [37/40], Step: [391/782], Loss: 0.13280893862247467
Rank:0 Epoch: [37/40], Step: [401/782], Loss: 0.06563796103000641
Rank:0 Epoch: [37/40], Step: [411/782], Loss: 0.3969593346118927
Rank:0 Epoch: [37/40], Step: [421/782], Loss: 0.07414522022008896
Rank:0 Epoch: [37/40], Step: [431/782], Loss: 0.0802220031619072
Rank:0 Epoch: [37/40], Step: [441/782], Loss: 0.14442379772663116
Rank:0 Epoch: [37/40], Step: [451/782], Loss: 0.04748649150133133
Rank:0 Epoch: [37/40], Step: [461/782], Loss: 0.16027560830116272
Rank:0 Epoch: [37/40], Step: [471/782], Loss: 0.09192885458469391
Rank:0 Epoch: [37/40], Step: [481/782], Loss: 0.2966133952140808
Rank:0 Epoch: [37/40], Step: [491/782], Loss: 0.09167689085006714
Rank:0 Epoch: [37/40], Step: [501/782], Loss: 0.04493682086467743
Rank:0 Epoch: [37/40], Step: [511/782], Loss: 0.13088931143283844
Rank:0 Epoch: [37/40], Step: [521/782], Loss: 0.10322030633687973
Rank:0 Epoch: [37/40], Step: [531/782], Loss: 0.10118180513381958
Rank:0 Epoch: [37/40], Step: [541/782], Loss: 0.20397529006004333
Rank:0 Epoch: [37/40], Step: [551/782], Loss: 0.1240827664732933
Rank:0 Epoch: [37/40], Step: [561/782], Loss: 0.22529220581054688
Rank:0 Epoch: [37/40], Step: [571/782], Loss: 0.0791102796792984
Rank:0 Epoch: [37/40], Step: [581/782], Loss: 0.13783878087997437
Rank:0 Epoch: [37/40], Step: [591/782], Loss: 0.10077544301748276
Rank:0 Epoch: [37/40], Step: [601/782], Loss: 0.11108742654323578
Rank:0 Epoch: [37/40], Step: [611/782], Loss: 0.1269000917673111
Rank:0 Epoch: [37/40], Step: [621/782], Loss: 0.1522546410560608
Rank:0 Epoch: [37/40], Step: [631/782], Loss: 0.10812052339315414
Rank:0 Epoch: [37/40], Step: [641/782], Loss: 0.03633284568786621
Rank:0 Epoch: [37/40], Step: [651/782], Loss: 0.2016257345676422
Rank:0 Epoch: [37/40], Step: [661/782], Loss: 0.2500041425228119
Rank:0 Epoch: [37/40], Step: [671/782], Loss: 0.11033028364181519
Rank:0 Epoch: [37/40], Step: [681/782], Loss: 0.14846180379390717
Rank:0 Epoch: [37/40], Step: [691/782], Loss: 0.16100949048995972
Rank:0 Epoch: [37/40], Step: [701/782], Loss: 0.13983747363090515
Rank:0 Epoch: [37/40], Step: [711/782], Loss: 0.044313300400972366
Rank:0 Epoch: [37/40], Step: [721/782], Loss: 0.1561805158853531
Rank:0 Epoch: [37/40], Step: [731/782], Loss: 0.23643004894256592
Rank:0 Epoch: [37/40], Step: [741/782], Loss: 0.058640509843826294
Rank:0 Epoch: [37/40], Step: [751/782], Loss: 0.1047847718000412
Rank:0 Epoch: [37/40], Step: [761/782], Loss: 0.08533076196908951
Rank:0 Epoch: [37/40], Step: [771/782], Loss: 0.08010902255773544
Rank:0 Epoch: [37/40], Step: [781/782], Loss: 0.0852091982960701
Current Test Acc: 0.9155
Rank:0 Epoch: [38/40], Step: [1/782], Loss: 0.2138555347919464
Rank:0 Epoch: [38/40], Step: [11/782], Loss: 0.06927220523357391
Rank:0 Epoch: [38/40], Step: [21/782], Loss: 0.0652901902794838
Rank:0 Epoch: [38/40], Step: [31/782], Loss: 0.15556645393371582
Rank:0 Epoch: [38/40], Step: [41/782], Loss: 0.09559285640716553
Rank:0 Epoch: [38/40], Step: [51/782], Loss: 0.07080747187137604
Rank:0 Epoch: [38/40], Step: [61/782], Loss: 0.07484779506921768
Rank:0 Epoch: [38/40], Step: [71/782], Loss: 0.07070618867874146
Rank:0 Epoch: [38/40], Step: [81/782], Loss: 0.07314343750476837
Rank:0 Epoch: [38/40], Step: [91/782], Loss: 0.15073348581790924
Rank:0 Epoch: [38/40], Step: [101/782], Loss: 0.15384764969348907
Rank:0 Epoch: [38/40], Step: [111/782], Loss: 0.2850193381309509
Rank:0 Epoch: [38/40], Step: [121/782], Loss: 0.06559637188911438
Rank:0 Epoch: [38/40], Step: [131/782], Loss: 0.09279626607894897
Rank:0 Epoch: [38/40], Step: [141/782], Loss: 0.11370943486690521
Rank:0 Epoch: [38/40], Step: [151/782], Loss: 0.08191537111997604
Rank:0 Epoch: [38/40], Step: [161/782], Loss: 0.06264432519674301
Rank:0 Epoch: [38/40], Step: [171/782], Loss: 0.2673424482345581
Rank:0 Epoch: [38/40], Step: [181/782], Loss: 0.12819130718708038
Rank:0 Epoch: [38/40], Step: [191/782], Loss: 0.059972554445266724
Rank:0 Epoch: [38/40], Step: [201/782], Loss: 0.22743141651153564
Rank:0 Epoch: [38/40], Step: [211/782], Loss: 0.12277931720018387
Rank:0 Epoch: [38/40], Step: [221/782], Loss: 0.0444662868976593
Rank:0 Epoch: [38/40], Step: [231/782], Loss: 0.0437808632850647
Rank:0 Epoch: [38/40], Step: [241/782], Loss: 0.07872170209884644
Rank:0 Epoch: [38/40], Step: [251/782], Loss: 0.04249373823404312
Rank:0 Epoch: [38/40], Step: [261/782], Loss: 0.0534023717045784
Rank:0 Epoch: [38/40], Step: [271/782], Loss: 0.09238580614328384
Rank:0 Epoch: [38/40], Step: [281/782], Loss: 0.07781270891427994
Rank:0 Epoch: [38/40], Step: [291/782], Loss: 0.07687058299779892
Rank:0 Epoch: [38/40], Step: [301/782], Loss: 0.18059149384498596
Rank:0 Epoch: [38/40], Step: [311/782], Loss: 0.25414353609085083
Rank:0 Epoch: [38/40], Step: [321/782], Loss: 0.06657999008893967
Rank:0 Epoch: [38/40], Step: [331/782], Loss: 0.17660774290561676
Rank:0 Epoch: [38/40], Step: [341/782], Loss: 0.1353195607662201
Rank:0 Epoch: [38/40], Step: [351/782], Loss: 0.032580625265836716
Rank:0 Epoch: [38/40], Step: [361/782], Loss: 0.13438324630260468
Rank:0 Epoch: [38/40], Step: [371/782], Loss: 0.06766039878129959
Rank:0 Epoch: [38/40], Step: [381/782], Loss: 0.0772460550069809
Rank:0 Epoch: [38/40], Step: [391/782], Loss: 0.09233371168375015
Rank:0 Epoch: [38/40], Step: [401/782], Loss: 0.0572369247674942
Rank:0 Epoch: [38/40], Step: [411/782], Loss: 0.05467316880822182
Rank:0 Epoch: [38/40], Step: [421/782], Loss: 0.16019020974636078
Rank:0 Epoch: [38/40], Step: [431/782], Loss: 0.15379111468791962
Rank:0 Epoch: [38/40], Step: [441/782], Loss: 0.11957202851772308
Rank:0 Epoch: [38/40], Step: [451/782], Loss: 0.23889857530593872
Rank:0 Epoch: [38/40], Step: [461/782], Loss: 0.05804470553994179
Rank:0 Epoch: [38/40], Step: [471/782], Loss: 0.04723813012242317
Rank:0 Epoch: [38/40], Step: [481/782], Loss: 0.24406789243221283
Rank:0 Epoch: [38/40], Step: [491/782], Loss: 0.055718809366226196
Rank:0 Epoch: [38/40], Step: [501/782], Loss: 0.09436912089586258
Rank:0 Epoch: [38/40], Step: [511/782], Loss: 0.13386423885822296
Rank:0 Epoch: [38/40], Step: [521/782], Loss: 0.04892894998192787
Rank:0 Epoch: [38/40], Step: [531/782], Loss: 0.05306025594472885
Rank:0 Epoch: [38/40], Step: [541/782], Loss: 0.09295446425676346
Rank:0 Epoch: [38/40], Step: [551/782], Loss: 0.09826026856899261
Rank:0 Epoch: [38/40], Step: [561/782], Loss: 0.09931091964244843
Rank:0 Epoch: [38/40], Step: [571/782], Loss: 0.17498359084129333
Rank:0 Epoch: [38/40], Step: [581/782], Loss: 0.17769820988178253
Rank:0 Epoch: [38/40], Step: [591/782], Loss: 0.08406586199998856
Rank:0 Epoch: [38/40], Step: [601/782], Loss: 0.1579800844192505
Rank:0 Epoch: [38/40], Step: [611/782], Loss: 0.07810910791158676
Rank:0 Epoch: [38/40], Step: [621/782], Loss: 0.1815253645181656
Rank:0 Epoch: [38/40], Step: [631/782], Loss: 0.12216746807098389
Rank:0 Epoch: [38/40], Step: [641/782], Loss: 0.1458939015865326
Rank:0 Epoch: [38/40], Step: [651/782], Loss: 0.13609570264816284
Rank:0 Epoch: [38/40], Step: [661/782], Loss: 0.16130904853343964
Rank:0 Epoch: [38/40], Step: [671/782], Loss: 0.05266759917140007
Rank:0 Epoch: [38/40], Step: [681/782], Loss: 0.13460150361061096
Rank:0 Epoch: [38/40], Step: [691/782], Loss: 0.06524189561605453
Rank:0 Epoch: [38/40], Step: [701/782], Loss: 0.10097144544124603
Rank:0 Epoch: [38/40], Step: [711/782], Loss: 0.07036126405000687
Rank:0 Epoch: [38/40], Step: [721/782], Loss: 0.11030179262161255
Rank:0 Epoch: [38/40], Step: [731/782], Loss: 0.21780428290367126
Rank:0 Epoch: [38/40], Step: [741/782], Loss: 0.038176435977220535
Rank:0 Epoch: [38/40], Step: [751/782], Loss: 0.11657728999853134
Rank:0 Epoch: [38/40], Step: [761/782], Loss: 0.13850340247154236
Rank:0 Epoch: [38/40], Step: [771/782], Loss: 0.2578250467777252
Rank:0 Epoch: [38/40], Step: [781/782], Loss: 0.0794481635093689
Current Test Acc: 0.9173
Rank:0 Epoch: [39/40], Step: [1/782], Loss: 0.041404541581869125
Rank:0 Epoch: [39/40], Step: [11/782], Loss: 0.07963266223669052
Rank:0 Epoch: [39/40], Step: [21/782], Loss: 0.17476676404476166
Rank:0 Epoch: [39/40], Step: [31/782], Loss: 0.10090552270412445
Rank:0 Epoch: [39/40], Step: [41/782], Loss: 0.07859417051076889
Rank:0 Epoch: [39/40], Step: [51/782], Loss: 0.05557575821876526
Rank:0 Epoch: [39/40], Step: [61/782], Loss: 0.23638378083705902
Rank:0 Epoch: [39/40], Step: [71/782], Loss: 0.15736927092075348
Rank:0 Epoch: [39/40], Step: [81/782], Loss: 0.2762413024902344
Rank:0 Epoch: [39/40], Step: [91/782], Loss: 0.09659828990697861
Rank:0 Epoch: [39/40], Step: [101/782], Loss: 0.04130794480443001
Rank:0 Epoch: [39/40], Step: [111/782], Loss: 0.2068052589893341
Rank:0 Epoch: [39/40], Step: [121/782], Loss: 0.0640302449464798
Rank:0 Epoch: [39/40], Step: [131/782], Loss: 0.114903025329113
Rank:0 Epoch: [39/40], Step: [141/782], Loss: 0.1341373324394226
Rank:0 Epoch: [39/40], Step: [151/782], Loss: 0.08229751884937286
Rank:0 Epoch: [39/40], Step: [161/782], Loss: 0.20830248296260834
Rank:0 Epoch: [39/40], Step: [171/782], Loss: 0.2748478949069977
Rank:0 Epoch: [39/40], Step: [181/782], Loss: 0.09154766798019409
Rank:0 Epoch: [39/40], Step: [191/782], Loss: 0.18379628658294678
Rank:0 Epoch: [39/40], Step: [201/782], Loss: 0.06554187834262848
Rank:0 Epoch: [39/40], Step: [211/782], Loss: 0.13192926347255707
Rank:0 Epoch: [39/40], Step: [221/782], Loss: 0.05993900075554848
Rank:0 Epoch: [39/40], Step: [231/782], Loss: 0.09048699587583542
Rank:0 Epoch: [39/40], Step: [241/782], Loss: 0.07918627560138702
Rank:0 Epoch: [39/40], Step: [251/782], Loss: 0.09259384125471115
Rank:0 Epoch: [39/40], Step: [261/782], Loss: 0.17895375192165375
Rank:0 Epoch: [39/40], Step: [271/782], Loss: 0.07453685253858566
Rank:0 Epoch: [39/40], Step: [281/782], Loss: 0.05263565853238106
Rank:0 Epoch: [39/40], Step: [291/782], Loss: 0.1499004065990448
Rank:0 Epoch: [39/40], Step: [301/782], Loss: 0.2340497225522995
Rank:0 Epoch: [39/40], Step: [311/782], Loss: 0.07772069424390793
Rank:0 Epoch: [39/40], Step: [321/782], Loss: 0.1846601366996765
Rank:0 Epoch: [39/40], Step: [331/782], Loss: 0.22598285973072052
Rank:0 Epoch: [39/40], Step: [341/782], Loss: 0.08577996492385864
Rank:0 Epoch: [39/40], Step: [351/782], Loss: 0.07145794481039047
Rank:0 Epoch: [39/40], Step: [361/782], Loss: 0.10179200023412704
Rank:0 Epoch: [39/40], Step: [371/782], Loss: 0.13513413071632385
Rank:0 Epoch: [39/40], Step: [381/782], Loss: 0.11984999477863312
Rank:0 Epoch: [39/40], Step: [391/782], Loss: 0.21549445390701294
Rank:0 Epoch: [39/40], Step: [401/782], Loss: 0.04593127965927124
Rank:0 Epoch: [39/40], Step: [411/782], Loss: 0.14410141110420227
Rank:0 Epoch: [39/40], Step: [421/782], Loss: 0.1448095440864563
Rank:0 Epoch: [39/40], Step: [431/782], Loss: 0.05278511717915535
Rank:0 Epoch: [39/40], Step: [441/782], Loss: 0.22818957269191742
Rank:0 Epoch: [39/40], Step: [451/782], Loss: 0.14162833988666534
Rank:0 Epoch: [39/40], Step: [461/782], Loss: 0.12419161945581436
Rank:0 Epoch: [39/40], Step: [471/782], Loss: 0.11686833947896957
Rank:0 Epoch: [39/40], Step: [481/782], Loss: 0.45200175046920776
Rank:0 Epoch: [39/40], Step: [491/782], Loss: 0.152033731341362
Rank:0 Epoch: [39/40], Step: [501/782], Loss: 0.10577403008937836
Rank:0 Epoch: [39/40], Step: [511/782], Loss: 0.03881307691335678
Rank:0 Epoch: [39/40], Step: [521/782], Loss: 0.2588185667991638
Rank:0 Epoch: [39/40], Step: [531/782], Loss: 0.04618958756327629
Rank:0 Epoch: [39/40], Step: [541/782], Loss: 0.2542838156223297
Rank:0 Epoch: [39/40], Step: [551/782], Loss: 0.0797579362988472
Rank:0 Epoch: [39/40], Step: [561/782], Loss: 0.16837316751480103
Rank:0 Epoch: [39/40], Step: [571/782], Loss: 0.07542452216148376
Rank:0 Epoch: [39/40], Step: [581/782], Loss: 0.09997126460075378
Rank:0 Epoch: [39/40], Step: [591/782], Loss: 0.08671460300683975
Rank:0 Epoch: [39/40], Step: [601/782], Loss: 0.09131146222352982
Rank:0 Epoch: [39/40], Step: [611/782], Loss: 0.08528394997119904
Rank:0 Epoch: [39/40], Step: [621/782], Loss: 0.03709610179066658
Rank:0 Epoch: [39/40], Step: [631/782], Loss: 0.0362967848777771
Rank:0 Epoch: [39/40], Step: [641/782], Loss: 0.07391124218702316
Rank:0 Epoch: [39/40], Step: [651/782], Loss: 0.07013338804244995
Rank:0 Epoch: [39/40], Step: [661/782], Loss: 0.1212393119931221
Rank:0 Epoch: [39/40], Step: [671/782], Loss: 0.12262442708015442
Rank:0 Epoch: [39/40], Step: [681/782], Loss: 0.14285151660442352
Rank:0 Epoch: [39/40], Step: [691/782], Loss: 0.12494618445634842
Rank:0 Epoch: [39/40], Step: [701/782], Loss: 0.05676652118563652
Rank:0 Epoch: [39/40], Step: [711/782], Loss: 0.22110703587532043
Rank:0 Epoch: [39/40], Step: [721/782], Loss: 0.04859866574406624
Rank:0 Epoch: [39/40], Step: [731/782], Loss: 0.05460257828235626
Rank:0 Epoch: [39/40], Step: [741/782], Loss: 0.16186101734638214
Rank:0 Epoch: [39/40], Step: [751/782], Loss: 0.1154162585735321
Rank:0 Epoch: [39/40], Step: [761/782], Loss: 0.062164485454559326
Rank:0 Epoch: [39/40], Step: [771/782], Loss: 0.039693597704172134
Rank:0 Epoch: [39/40], Step: [781/782], Loss: 0.06981232762336731
Current Test Acc: 0.9167
Rank:0 Epoch: [40/40], Step: [1/782], Loss: 0.0773545503616333
Rank:0 Epoch: [40/40], Step: [11/782], Loss: 0.12869468331336975
Rank:0 Epoch: [40/40], Step: [21/782], Loss: 0.0576891154050827
Rank:0 Epoch: [40/40], Step: [31/782], Loss: 0.195885568857193
Rank:0 Epoch: [40/40], Step: [41/782], Loss: 0.0982711985707283
Rank:0 Epoch: [40/40], Step: [51/782], Loss: 0.11135406047105789
Rank:0 Epoch: [40/40], Step: [61/782], Loss: 0.11081596463918686
Rank:0 Epoch: [40/40], Step: [71/782], Loss: 0.16100415587425232
Rank:0 Epoch: [40/40], Step: [81/782], Loss: 0.11237116903066635
Rank:0 Epoch: [40/40], Step: [91/782], Loss: 0.047020185738801956
Rank:0 Epoch: [40/40], Step: [101/782], Loss: 0.1351194679737091
Rank:0 Epoch: [40/40], Step: [111/782], Loss: 0.2771872580051422
Rank:0 Epoch: [40/40], Step: [121/782], Loss: 0.13273262977600098
Rank:0 Epoch: [40/40], Step: [131/782], Loss: 0.13611766695976257
Rank:0 Epoch: [40/40], Step: [141/782], Loss: 0.06071234866976738
Rank:0 Epoch: [40/40], Step: [151/782], Loss: 0.08788099884986877
Rank:0 Epoch: [40/40], Step: [161/782], Loss: 0.04769040271639824
Rank:0 Epoch: [40/40], Step: [171/782], Loss: 0.1146044060587883
Rank:0 Epoch: [40/40], Step: [181/782], Loss: 0.0361303873360157
Rank:0 Epoch: [40/40], Step: [191/782], Loss: 0.10136807709932327
Rank:0 Epoch: [40/40], Step: [201/782], Loss: 0.0959276333451271
Rank:0 Epoch: [40/40], Step: [211/782], Loss: 0.043698810040950775
Rank:0 Epoch: [40/40], Step: [221/782], Loss: 0.030644044280052185
Rank:0 Epoch: [40/40], Step: [231/782], Loss: 0.06580371409654617
Rank:0 Epoch: [40/40], Step: [241/782], Loss: 0.23847278952598572
Rank:0 Epoch: [40/40], Step: [251/782], Loss: 0.0926460474729538
Rank:0 Epoch: [40/40], Step: [261/782], Loss: 0.12406612187623978
Rank:0 Epoch: [40/40], Step: [271/782], Loss: 0.1247849091887474
Rank:0 Epoch: [40/40], Step: [281/782], Loss: 0.15709547698497772
Rank:0 Epoch: [40/40], Step: [291/782], Loss: 0.05678757652640343
Rank:0 Epoch: [40/40], Step: [301/782], Loss: 0.0704016238451004
Rank:0 Epoch: [40/40], Step: [311/782], Loss: 0.2518261969089508
Rank:0 Epoch: [40/40], Step: [321/782], Loss: 0.19705651700496674
Rank:0 Epoch: [40/40], Step: [331/782], Loss: 0.07445421814918518
Rank:0 Epoch: [40/40], Step: [341/782], Loss: 0.22329309582710266
Rank:0 Epoch: [40/40], Step: [351/782], Loss: 0.12586529552936554
Rank:0 Epoch: [40/40], Step: [361/782], Loss: 0.04012981057167053
Rank:0 Epoch: [40/40], Step: [371/782], Loss: 0.239043191075325
Rank:0 Epoch: [40/40], Step: [381/782], Loss: 0.1187032014131546
Rank:0 Epoch: [40/40], Step: [391/782], Loss: 0.19037489593029022
Rank:0 Epoch: [40/40], Step: [401/782], Loss: 0.1504950076341629
Rank:0 Epoch: [40/40], Step: [411/782], Loss: 0.08131241053342819
Rank:0 Epoch: [40/40], Step: [421/782], Loss: 0.04659290984272957
Rank:0 Epoch: [40/40], Step: [431/782], Loss: 0.09399666637182236
Rank:0 Epoch: [40/40], Step: [441/782], Loss: 0.1177256852388382
Rank:0 Epoch: [40/40], Step: [451/782], Loss: 0.149435892701149
Rank:0 Epoch: [40/40], Step: [461/782], Loss: 0.13612836599349976
Rank:0 Epoch: [40/40], Step: [471/782], Loss: 0.2940285801887512
Rank:0 Epoch: [40/40], Step: [481/782], Loss: 0.05481613427400589
Rank:0 Epoch: [40/40], Step: [491/782], Loss: 0.10759321600198746
Rank:0 Epoch: [40/40], Step: [501/782], Loss: 0.12296967953443527
Rank:0 Epoch: [40/40], Step: [511/782], Loss: 0.10990960150957108
Rank:0 Epoch: [40/40], Step: [521/782], Loss: 0.1460934579372406
Rank:0 Epoch: [40/40], Step: [531/782], Loss: 0.10212599486112595
Rank:0 Epoch: [40/40], Step: [541/782], Loss: 0.13885633647441864
Rank:0 Epoch: [40/40], Step: [551/782], Loss: 0.09393467754125595
Rank:0 Epoch: [40/40], Step: [561/782], Loss: 0.10958074778318405
Rank:0 Epoch: [40/40], Step: [571/782], Loss: 0.04838690161705017
Rank:0 Epoch: [40/40], Step: [581/782], Loss: 0.21814276278018951
Rank:0 Epoch: [40/40], Step: [591/782], Loss: 0.2663876414299011
Rank:0 Epoch: [40/40], Step: [601/782], Loss: 0.07754454016685486
Rank:0 Epoch: [40/40], Step: [611/782], Loss: 0.09692326933145523
Rank:0 Epoch: [40/40], Step: [621/782], Loss: 0.0930120125412941
Rank:0 Epoch: [40/40], Step: [631/782], Loss: 0.2950970530509949
Rank:0 Epoch: [40/40], Step: [641/782], Loss: 0.10580415278673172
Rank:0 Epoch: [40/40], Step: [651/782], Loss: 0.04893505573272705
Rank:0 Epoch: [40/40], Step: [661/782], Loss: 0.03279422968626022
Rank:0 Epoch: [40/40], Step: [671/782], Loss: 0.3117524981498718
Rank:0 Epoch: [40/40], Step: [681/782], Loss: 0.07062670588493347
Rank:0 Epoch: [40/40], Step: [691/782], Loss: 0.10720935463905334
Rank:0 Epoch: [40/40], Step: [701/782], Loss: 0.23978550732135773
Rank:0 Epoch: [40/40], Step: [711/782], Loss: 0.07604420930147171
Rank:0 Epoch: [40/40], Step: [721/782], Loss: 0.05627227574586868
Rank:0 Epoch: [40/40], Step: [731/782], Loss: 0.09967146813869476
Rank:0 Epoch: [40/40], Step: [741/782], Loss: 0.07085991650819778
Rank:0 Epoch: [40/40], Step: [751/782], Loss: 0.1020408496260643
Rank:0 Epoch: [40/40], Step: [761/782], Loss: 0.10490895807743073
Rank:0 Epoch: [40/40], Step: [771/782], Loss: 0.04856013134121895
Rank:0 Epoch: [40/40], Step: [781/782], Loss: 0.10467858612537384
Current Test Acc: 0.9178
Local best accuracy so far 0.9178
Best accuracy so far 0.9178
completed!
