ddp backend: nccl, world size: 1
rank 0 train on cuda 0
Rank:0 Epoch: [1/40], Step: [1/782], Loss: 3.4387595653533936
Rank:0 Epoch: [1/40], Step: [11/782], Loss: 2.535590171813965
Rank:0 Epoch: [1/40], Step: [21/782], Loss: 1.9272304773330688
Rank:0 Epoch: [1/40], Step: [31/782], Loss: 1.966905117034912
Rank:0 Epoch: [1/40], Step: [41/782], Loss: 1.847683310508728
Rank:0 Epoch: [1/40], Step: [51/782], Loss: 1.926232933998108
Rank:0 Epoch: [1/40], Step: [61/782], Loss: 1.8375579118728638
Rank:0 Epoch: [1/40], Step: [71/782], Loss: 1.8862828016281128
Rank:0 Epoch: [1/40], Step: [81/782], Loss: 1.6713218688964844
Rank:0 Epoch: [1/40], Step: [91/782], Loss: 1.6200904846191406
Rank:0 Epoch: [1/40], Step: [101/782], Loss: 1.5592705011367798
Rank:0 Epoch: [1/40], Step: [111/782], Loss: 1.6755285263061523
Rank:0 Epoch: [1/40], Step: [121/782], Loss: 1.5371826887130737
Rank:0 Epoch: [1/40], Step: [131/782], Loss: 1.7556368112564087
Rank:0 Epoch: [1/40], Step: [141/782], Loss: 1.533981204032898
Rank:0 Epoch: [1/40], Step: [151/782], Loss: 1.7983237504959106
Rank:0 Epoch: [1/40], Step: [161/782], Loss: 1.8691383600234985
Rank:0 Epoch: [1/40], Step: [171/782], Loss: 1.4385844469070435
Rank:0 Epoch: [1/40], Step: [181/782], Loss: 1.727147102355957
Rank:0 Epoch: [1/40], Step: [191/782], Loss: 1.5905548334121704
Rank:0 Epoch: [1/40], Step: [201/782], Loss: 1.4767708778381348
Rank:0 Epoch: [1/40], Step: [211/782], Loss: 1.452181339263916
Rank:0 Epoch: [1/40], Step: [221/782], Loss: 1.2183754444122314
Rank:0 Epoch: [1/40], Step: [231/782], Loss: 1.6577402353286743
Rank:0 Epoch: [1/40], Step: [241/782], Loss: 1.2369319200515747
Rank:0 Epoch: [1/40], Step: [251/782], Loss: 1.5360909700393677
Rank:0 Epoch: [1/40], Step: [261/782], Loss: 1.6457996368408203
Rank:0 Epoch: [1/40], Step: [271/782], Loss: 1.4934065341949463
Rank:0 Epoch: [1/40], Step: [281/782], Loss: 0.9776758551597595
Rank:0 Epoch: [1/40], Step: [291/782], Loss: 1.1567240953445435
Rank:0 Epoch: [1/40], Step: [301/782], Loss: 1.484227180480957
Rank:0 Epoch: [1/40], Step: [311/782], Loss: 1.3782755136489868
Rank:0 Epoch: [1/40], Step: [321/782], Loss: 1.281757116317749
Rank:0 Epoch: [1/40], Step: [331/782], Loss: 1.4746533632278442
Rank:0 Epoch: [1/40], Step: [341/782], Loss: 0.996775209903717
Rank:0 Epoch: [1/40], Step: [351/782], Loss: 1.2334710359573364
Rank:0 Epoch: [1/40], Step: [361/782], Loss: 1.3304146528244019
Rank:0 Epoch: [1/40], Step: [371/782], Loss: 1.2505263090133667
Rank:0 Epoch: [1/40], Step: [381/782], Loss: 1.204304575920105
Rank:0 Epoch: [1/40], Step: [391/782], Loss: 1.0577372312545776
Rank:0 Epoch: [1/40], Step: [401/782], Loss: 1.1038371324539185
Rank:0 Epoch: [1/40], Step: [411/782], Loss: 1.2574113607406616
Rank:0 Epoch: [1/40], Step: [421/782], Loss: 1.19771409034729
Rank:0 Epoch: [1/40], Step: [431/782], Loss: 1.0709497928619385
Rank:0 Epoch: [1/40], Step: [441/782], Loss: 1.2094939947128296
Rank:0 Epoch: [1/40], Step: [451/782], Loss: 1.041841745376587
Rank:0 Epoch: [1/40], Step: [461/782], Loss: 0.9260801672935486
Rank:0 Epoch: [1/40], Step: [471/782], Loss: 0.9332150816917419
Rank:0 Epoch: [1/40], Step: [481/782], Loss: 1.2632427215576172
Rank:0 Epoch: [1/40], Step: [491/782], Loss: 0.830615758895874
Rank:0 Epoch: [1/40], Step: [501/782], Loss: 1.1083863973617554
Rank:0 Epoch: [1/40], Step: [511/782], Loss: 0.8356564044952393
Rank:0 Epoch: [1/40], Step: [521/782], Loss: 0.8501624464988708
Rank:0 Epoch: [1/40], Step: [531/782], Loss: 1.064860463142395
Rank:0 Epoch: [1/40], Step: [541/782], Loss: 0.9566284418106079
Rank:0 Epoch: [1/40], Step: [551/782], Loss: 1.0394967794418335
Rank:0 Epoch: [1/40], Step: [561/782], Loss: 0.7870801687240601
Rank:0 Epoch: [1/40], Step: [571/782], Loss: 0.9813586473464966
Rank:0 Epoch: [1/40], Step: [581/782], Loss: 1.2068134546279907
Rank:0 Epoch: [1/40], Step: [591/782], Loss: 0.8686700463294983
Rank:0 Epoch: [1/40], Step: [601/782], Loss: 0.9116814136505127
Rank:0 Epoch: [1/40], Step: [611/782], Loss: 0.8712363839149475
Rank:0 Epoch: [1/40], Step: [621/782], Loss: 0.9098432660102844
Rank:0 Epoch: [1/40], Step: [631/782], Loss: 1.0330986976623535
Rank:0 Epoch: [1/40], Step: [641/782], Loss: 0.843082845211029
Rank:0 Epoch: [1/40], Step: [651/782], Loss: 1.1279622316360474
Rank:0 Epoch: [1/40], Step: [661/782], Loss: 1.0670417547225952
Rank:0 Epoch: [1/40], Step: [671/782], Loss: 0.7395631074905396
Rank:0 Epoch: [1/40], Step: [681/782], Loss: 0.773780345916748
Rank:0 Epoch: [1/40], Step: [691/782], Loss: 0.8747925758361816
Rank:0 Epoch: [1/40], Step: [701/782], Loss: 1.1460847854614258
Rank:0 Epoch: [1/40], Step: [711/782], Loss: 0.7545970678329468
Rank:0 Epoch: [1/40], Step: [721/782], Loss: 0.7005652189254761
Rank:0 Epoch: [1/40], Step: [731/782], Loss: 0.8355486989021301
Rank:0 Epoch: [1/40], Step: [741/782], Loss: 0.6799500584602356
Rank:0 Epoch: [1/40], Step: [751/782], Loss: 0.6809102296829224
Rank:0 Epoch: [1/40], Step: [761/782], Loss: 0.7925249338150024
Rank:0 Epoch: [1/40], Step: [771/782], Loss: 0.7537522912025452
Rank:0 Epoch: [1/40], Step: [781/782], Loss: 0.7673448324203491
Current Test Acc: 0.7074
Rank:0 Epoch: [2/40], Step: [1/782], Loss: 0.8713863492012024
Rank:0 Epoch: [2/40], Step: [11/782], Loss: 0.7792963981628418
Rank:0 Epoch: [2/40], Step: [21/782], Loss: 0.5021308660507202
Rank:0 Epoch: [2/40], Step: [31/782], Loss: 0.9363982677459717
Rank:0 Epoch: [2/40], Step: [41/782], Loss: 0.601371705532074
Rank:0 Epoch: [2/40], Step: [51/782], Loss: 0.6490161418914795
Rank:0 Epoch: [2/40], Step: [61/782], Loss: 0.6556273102760315
Rank:0 Epoch: [2/40], Step: [71/782], Loss: 0.8324200510978699
Rank:0 Epoch: [2/40], Step: [81/782], Loss: 0.7453711032867432
Rank:0 Epoch: [2/40], Step: [91/782], Loss: 1.0791257619857788
Rank:0 Epoch: [2/40], Step: [101/782], Loss: 0.6312547922134399
Rank:0 Epoch: [2/40], Step: [111/782], Loss: 0.6443455815315247
Rank:0 Epoch: [2/40], Step: [121/782], Loss: 0.7880571484565735
Rank:0 Epoch: [2/40], Step: [131/782], Loss: 0.791161060333252
Rank:0 Epoch: [2/40], Step: [141/782], Loss: 0.9119271039962769
Rank:0 Epoch: [2/40], Step: [151/782], Loss: 0.8551732301712036
Rank:0 Epoch: [2/40], Step: [161/782], Loss: 0.7971926927566528
Rank:0 Epoch: [2/40], Step: [171/782], Loss: 0.6793443560600281
Rank:0 Epoch: [2/40], Step: [181/782], Loss: 0.7740200757980347
Rank:0 Epoch: [2/40], Step: [191/782], Loss: 0.8120501637458801
Rank:0 Epoch: [2/40], Step: [201/782], Loss: 0.6641846895217896
Rank:0 Epoch: [2/40], Step: [211/782], Loss: 0.6852315068244934
Rank:0 Epoch: [2/40], Step: [221/782], Loss: 0.5630176067352295
Rank:0 Epoch: [2/40], Step: [231/782], Loss: 0.6987872123718262
Rank:0 Epoch: [2/40], Step: [241/782], Loss: 0.9026197791099548
Rank:0 Epoch: [2/40], Step: [251/782], Loss: 0.7313005328178406
Rank:0 Epoch: [2/40], Step: [261/782], Loss: 0.7178965210914612
Rank:0 Epoch: [2/40], Step: [271/782], Loss: 0.7482722997665405
Rank:0 Epoch: [2/40], Step: [281/782], Loss: 0.5430243611335754
Rank:0 Epoch: [2/40], Step: [291/782], Loss: 0.641925036907196
Rank:0 Epoch: [2/40], Step: [301/782], Loss: 0.7731951475143433
Rank:0 Epoch: [2/40], Step: [311/782], Loss: 0.5957103967666626
Rank:0 Epoch: [2/40], Step: [321/782], Loss: 0.8351595997810364
Rank:0 Epoch: [2/40], Step: [331/782], Loss: 0.842132568359375
Rank:0 Epoch: [2/40], Step: [341/782], Loss: 0.7025439143180847
Rank:0 Epoch: [2/40], Step: [351/782], Loss: 0.5892589688301086
Rank:0 Epoch: [2/40], Step: [361/782], Loss: 0.76475590467453
Rank:0 Epoch: [2/40], Step: [371/782], Loss: 0.4545709192752838
Rank:0 Epoch: [2/40], Step: [381/782], Loss: 0.6771672368049622
Rank:0 Epoch: [2/40], Step: [391/782], Loss: 0.6640877723693848
Rank:0 Epoch: [2/40], Step: [401/782], Loss: 0.9864257574081421
Rank:0 Epoch: [2/40], Step: [411/782], Loss: 0.6080919504165649
Rank:0 Epoch: [2/40], Step: [421/782], Loss: 0.7140380144119263
Rank:0 Epoch: [2/40], Step: [431/782], Loss: 0.7263429164886475
Rank:0 Epoch: [2/40], Step: [441/782], Loss: 0.7215358018875122
Rank:0 Epoch: [2/40], Step: [451/782], Loss: 0.5582160353660583
Rank:0 Epoch: [2/40], Step: [461/782], Loss: 0.6556352376937866
Rank:0 Epoch: [2/40], Step: [471/782], Loss: 0.8356932997703552
Rank:0 Epoch: [2/40], Step: [481/782], Loss: 0.6889786124229431
Rank:0 Epoch: [2/40], Step: [491/782], Loss: 0.6795501112937927
Rank:0 Epoch: [2/40], Step: [501/782], Loss: 0.9303368926048279
Rank:0 Epoch: [2/40], Step: [511/782], Loss: 0.9514357447624207
Rank:0 Epoch: [2/40], Step: [521/782], Loss: 0.4473170340061188
Rank:0 Epoch: [2/40], Step: [531/782], Loss: 0.6366347670555115
Rank:0 Epoch: [2/40], Step: [541/782], Loss: 0.7340691089630127
Rank:0 Epoch: [2/40], Step: [551/782], Loss: 0.46818065643310547
Rank:0 Epoch: [2/40], Step: [561/782], Loss: 0.5010253190994263
Rank:0 Epoch: [2/40], Step: [571/782], Loss: 0.6710149645805359
Rank:0 Epoch: [2/40], Step: [581/782], Loss: 0.5341774821281433
Rank:0 Epoch: [2/40], Step: [591/782], Loss: 0.5652160048484802
Rank:0 Epoch: [2/40], Step: [601/782], Loss: 0.51478511095047
Rank:0 Epoch: [2/40], Step: [611/782], Loss: 0.5535820722579956
Rank:0 Epoch: [2/40], Step: [621/782], Loss: 0.6263063549995422
Rank:0 Epoch: [2/40], Step: [631/782], Loss: 0.5984913110733032
Rank:0 Epoch: [2/40], Step: [641/782], Loss: 0.7205386757850647
Rank:0 Epoch: [2/40], Step: [651/782], Loss: 0.6081604957580566
Rank:0 Epoch: [2/40], Step: [661/782], Loss: 0.8248487710952759
Rank:0 Epoch: [2/40], Step: [671/782], Loss: 0.7894150018692017
Rank:0 Epoch: [2/40], Step: [681/782], Loss: 0.5959753394126892
Rank:0 Epoch: [2/40], Step: [691/782], Loss: 0.5672359466552734
Rank:0 Epoch: [2/40], Step: [701/782], Loss: 0.4720660150051117
Rank:0 Epoch: [2/40], Step: [711/782], Loss: 0.6662021279335022
Rank:0 Epoch: [2/40], Step: [721/782], Loss: 0.7699753046035767
Rank:0 Epoch: [2/40], Step: [731/782], Loss: 0.4316292703151703
Rank:0 Epoch: [2/40], Step: [741/782], Loss: 0.6738064289093018
Rank:0 Epoch: [2/40], Step: [751/782], Loss: 0.6219140291213989
Rank:0 Epoch: [2/40], Step: [761/782], Loss: 0.942901074886322
Rank:0 Epoch: [2/40], Step: [771/782], Loss: 0.4938226342201233
Rank:0 Epoch: [2/40], Step: [781/782], Loss: 0.5986768007278442
Current Test Acc: 0.7369
Rank:0 Epoch: [3/40], Step: [1/782], Loss: 0.7256671190261841
Rank:0 Epoch: [3/40], Step: [11/782], Loss: 0.6434305310249329
Rank:0 Epoch: [3/40], Step: [21/782], Loss: 0.6559109091758728
Rank:0 Epoch: [3/40], Step: [31/782], Loss: 0.4690743684768677
Rank:0 Epoch: [3/40], Step: [41/782], Loss: 0.5051038265228271
Rank:0 Epoch: [3/40], Step: [51/782], Loss: 0.5197766423225403
Rank:0 Epoch: [3/40], Step: [61/782], Loss: 0.6828059554100037
Rank:0 Epoch: [3/40], Step: [71/782], Loss: 0.7344667911529541
Rank:0 Epoch: [3/40], Step: [81/782], Loss: 0.43098753690719604
Rank:0 Epoch: [3/40], Step: [91/782], Loss: 0.6259298920631409
Rank:0 Epoch: [3/40], Step: [101/782], Loss: 0.7028242945671082
Rank:0 Epoch: [3/40], Step: [111/782], Loss: 0.7005855441093445
Rank:0 Epoch: [3/40], Step: [121/782], Loss: 0.7102352976799011
Rank:0 Epoch: [3/40], Step: [131/782], Loss: 0.4027835726737976
Rank:0 Epoch: [3/40], Step: [141/782], Loss: 0.6939092874526978
Rank:0 Epoch: [3/40], Step: [151/782], Loss: 0.6332916021347046
Rank:0 Epoch: [3/40], Step: [161/782], Loss: 0.5338097810745239
Rank:0 Epoch: [3/40], Step: [171/782], Loss: 0.5681213140487671
Rank:0 Epoch: [3/40], Step: [181/782], Loss: 0.5207136869430542
Rank:0 Epoch: [3/40], Step: [191/782], Loss: 0.4243103265762329
Rank:0 Epoch: [3/40], Step: [201/782], Loss: 0.4526931345462799
Rank:0 Epoch: [3/40], Step: [211/782], Loss: 0.4241015613079071
Rank:0 Epoch: [3/40], Step: [221/782], Loss: 0.333813339471817
Rank:0 Epoch: [3/40], Step: [231/782], Loss: 0.6775853633880615
Rank:0 Epoch: [3/40], Step: [241/782], Loss: 0.6559226512908936
Rank:0 Epoch: [3/40], Step: [251/782], Loss: 0.37937790155410767
Rank:0 Epoch: [3/40], Step: [261/782], Loss: 0.4466971457004547
Rank:0 Epoch: [3/40], Step: [271/782], Loss: 0.8034561276435852
Rank:0 Epoch: [3/40], Step: [281/782], Loss: 0.590932309627533
Rank:0 Epoch: [3/40], Step: [291/782], Loss: 0.4417985677719116
Rank:0 Epoch: [3/40], Step: [301/782], Loss: 0.7600407004356384
Rank:0 Epoch: [3/40], Step: [311/782], Loss: 0.595868706703186
Rank:0 Epoch: [3/40], Step: [321/782], Loss: 0.5243358612060547
Rank:0 Epoch: [3/40], Step: [331/782], Loss: 0.6018005609512329
Rank:0 Epoch: [3/40], Step: [341/782], Loss: 0.7894846796989441
Rank:0 Epoch: [3/40], Step: [351/782], Loss: 0.5413805246353149
Rank:0 Epoch: [3/40], Step: [361/782], Loss: 0.6172037124633789
Rank:0 Epoch: [3/40], Step: [371/782], Loss: 0.6259055733680725
Rank:0 Epoch: [3/40], Step: [381/782], Loss: 0.6021289229393005
Rank:0 Epoch: [3/40], Step: [391/782], Loss: 0.49982360005378723
Rank:0 Epoch: [3/40], Step: [401/782], Loss: 0.6514398455619812
Rank:0 Epoch: [3/40], Step: [411/782], Loss: 0.6077114343643188
Rank:0 Epoch: [3/40], Step: [421/782], Loss: 0.498548299074173
Rank:0 Epoch: [3/40], Step: [431/782], Loss: 0.6456437110900879
Rank:0 Epoch: [3/40], Step: [441/782], Loss: 0.6954576373100281
Rank:0 Epoch: [3/40], Step: [451/782], Loss: 0.5541321635246277
Rank:0 Epoch: [3/40], Step: [461/782], Loss: 0.6206299066543579
Rank:0 Epoch: [3/40], Step: [471/782], Loss: 0.4525061845779419
Rank:0 Epoch: [3/40], Step: [481/782], Loss: 0.9430075883865356
Rank:0 Epoch: [3/40], Step: [491/782], Loss: 0.7326253652572632
Rank:0 Epoch: [3/40], Step: [501/782], Loss: 0.553702175617218
Rank:0 Epoch: [3/40], Step: [511/782], Loss: 0.3784201145172119
Rank:0 Epoch: [3/40], Step: [521/782], Loss: 0.6204158067703247
Rank:0 Epoch: [3/40], Step: [531/782], Loss: 0.6072363257408142
Rank:0 Epoch: [3/40], Step: [541/782], Loss: 0.5368823409080505
Rank:0 Epoch: [3/40], Step: [551/782], Loss: 0.4198324978351593
Rank:0 Epoch: [3/40], Step: [561/782], Loss: 0.5996522307395935
Rank:0 Epoch: [3/40], Step: [571/782], Loss: 0.8862240314483643
Rank:0 Epoch: [3/40], Step: [581/782], Loss: 0.6306459903717041
Rank:0 Epoch: [3/40], Step: [591/782], Loss: 0.3940514624118805
Rank:0 Epoch: [3/40], Step: [601/782], Loss: 0.4662124514579773
Rank:0 Epoch: [3/40], Step: [611/782], Loss: 0.528261125087738
Rank:0 Epoch: [3/40], Step: [621/782], Loss: 0.5111600756645203
Rank:0 Epoch: [3/40], Step: [631/782], Loss: 0.7718725800514221
Rank:0 Epoch: [3/40], Step: [641/782], Loss: 0.29013189673423767
Rank:0 Epoch: [3/40], Step: [651/782], Loss: 0.4577224850654602
Rank:0 Epoch: [3/40], Step: [661/782], Loss: 0.530191957950592
Rank:0 Epoch: [3/40], Step: [671/782], Loss: 0.5569719672203064
Rank:0 Epoch: [3/40], Step: [681/782], Loss: 0.5691712498664856
Rank:0 Epoch: [3/40], Step: [691/782], Loss: 0.7561858296394348
Rank:0 Epoch: [3/40], Step: [701/782], Loss: 0.7606648206710815
Rank:0 Epoch: [3/40], Step: [711/782], Loss: 0.5822262167930603
Rank:0 Epoch: [3/40], Step: [721/782], Loss: 0.5071322917938232
Rank:0 Epoch: [3/40], Step: [731/782], Loss: 0.7317392826080322
Rank:0 Epoch: [3/40], Step: [741/782], Loss: 0.6248195171356201
Rank:0 Epoch: [3/40], Step: [751/782], Loss: 0.5509321093559265
Rank:0 Epoch: [3/40], Step: [761/782], Loss: 0.5843077301979065
Rank:0 Epoch: [3/40], Step: [771/782], Loss: 0.729263961315155
Rank:0 Epoch: [3/40], Step: [781/782], Loss: 0.6131532192230225
Current Test Acc: 0.7773
Rank:0 Epoch: [4/40], Step: [1/782], Loss: 0.639606773853302
Rank:0 Epoch: [4/40], Step: [11/782], Loss: 0.4621991813182831
Rank:0 Epoch: [4/40], Step: [21/782], Loss: 0.48028767108917236
Rank:0 Epoch: [4/40], Step: [31/782], Loss: 0.6125537157058716
Rank:0 Epoch: [4/40], Step: [41/782], Loss: 0.504808247089386
Rank:0 Epoch: [4/40], Step: [51/782], Loss: 0.6570025086402893
Rank:0 Epoch: [4/40], Step: [61/782], Loss: 0.49246227741241455
Rank:0 Epoch: [4/40], Step: [71/782], Loss: 0.5968806147575378
Rank:0 Epoch: [4/40], Step: [81/782], Loss: 0.44672679901123047
Rank:0 Epoch: [4/40], Step: [91/782], Loss: 0.6577236652374268
Rank:0 Epoch: [4/40], Step: [101/782], Loss: 0.4438970386981964
Rank:0 Epoch: [4/40], Step: [111/782], Loss: 0.6114912629127502
Rank:0 Epoch: [4/40], Step: [121/782], Loss: 0.40550220012664795
Rank:0 Epoch: [4/40], Step: [131/782], Loss: 0.5317291021347046
Rank:0 Epoch: [4/40], Step: [141/782], Loss: 0.38678252696990967
Rank:0 Epoch: [4/40], Step: [151/782], Loss: 0.5170694589614868
Rank:0 Epoch: [4/40], Step: [161/782], Loss: 0.6333312392234802
Rank:0 Epoch: [4/40], Step: [171/782], Loss: 0.7278773784637451
Rank:0 Epoch: [4/40], Step: [181/782], Loss: 0.7308025360107422
Rank:0 Epoch: [4/40], Step: [191/782], Loss: 0.6109784245491028
Rank:0 Epoch: [4/40], Step: [201/782], Loss: 0.5383280515670776
Rank:0 Epoch: [4/40], Step: [211/782], Loss: 0.7757971882820129
Rank:0 Epoch: [4/40], Step: [221/782], Loss: 0.5870121121406555
Rank:0 Epoch: [4/40], Step: [231/782], Loss: 0.7147973775863647
Rank:0 Epoch: [4/40], Step: [241/782], Loss: 0.34835171699523926
Rank:0 Epoch: [4/40], Step: [251/782], Loss: 0.5839722752571106
Rank:0 Epoch: [4/40], Step: [261/782], Loss: 0.5018854737281799
Rank:0 Epoch: [4/40], Step: [271/782], Loss: 0.5393332839012146
Rank:0 Epoch: [4/40], Step: [281/782], Loss: 0.47811436653137207
Rank:0 Epoch: [4/40], Step: [291/782], Loss: 0.6344611048698425
Rank:0 Epoch: [4/40], Step: [301/782], Loss: 0.6388647556304932
Rank:0 Epoch: [4/40], Step: [311/782], Loss: 0.5947694182395935
Rank:0 Epoch: [4/40], Step: [321/782], Loss: 0.5598104596138
Rank:0 Epoch: [4/40], Step: [331/782], Loss: 0.3959570527076721
Rank:0 Epoch: [4/40], Step: [341/782], Loss: 0.4618751108646393
Rank:0 Epoch: [4/40], Step: [351/782], Loss: 0.43164998292922974
Rank:0 Epoch: [4/40], Step: [361/782], Loss: 0.5820871591567993
Rank:0 Epoch: [4/40], Step: [371/782], Loss: 0.6170381903648376
Rank:0 Epoch: [4/40], Step: [381/782], Loss: 0.7006720900535583
Rank:0 Epoch: [4/40], Step: [391/782], Loss: 0.5472553372383118
Rank:0 Epoch: [4/40], Step: [401/782], Loss: 0.6582303047180176
Rank:0 Epoch: [4/40], Step: [411/782], Loss: 0.6225471496582031
Rank:0 Epoch: [4/40], Step: [421/782], Loss: 0.4500200152397156
Rank:0 Epoch: [4/40], Step: [431/782], Loss: 0.7024506330490112
Rank:0 Epoch: [4/40], Step: [441/782], Loss: 0.6695281863212585
Rank:0 Epoch: [4/40], Step: [451/782], Loss: 0.5637797117233276
Rank:0 Epoch: [4/40], Step: [461/782], Loss: 0.6359592080116272
Rank:0 Epoch: [4/40], Step: [471/782], Loss: 0.7450025081634521
Rank:0 Epoch: [4/40], Step: [481/782], Loss: 0.8695935606956482
Rank:0 Epoch: [4/40], Step: [491/782], Loss: 0.4364596903324127
Rank:0 Epoch: [4/40], Step: [501/782], Loss: 0.5655113458633423
Rank:0 Epoch: [4/40], Step: [511/782], Loss: 0.3949377238750458
Rank:0 Epoch: [4/40], Step: [521/782], Loss: 0.555637001991272
Rank:0 Epoch: [4/40], Step: [531/782], Loss: 0.7866244316101074
Rank:0 Epoch: [4/40], Step: [541/782], Loss: 0.6294738054275513
Rank:0 Epoch: [4/40], Step: [551/782], Loss: 0.6888178586959839
Rank:0 Epoch: [4/40], Step: [561/782], Loss: 0.7773681282997131
Rank:0 Epoch: [4/40], Step: [571/782], Loss: 0.5473851561546326
Rank:0 Epoch: [4/40], Step: [581/782], Loss: 0.44781920313835144
Rank:0 Epoch: [4/40], Step: [591/782], Loss: 0.4095723032951355
Rank:0 Epoch: [4/40], Step: [601/782], Loss: 0.5611850023269653
Rank:0 Epoch: [4/40], Step: [611/782], Loss: 0.47597455978393555
Rank:0 Epoch: [4/40], Step: [621/782], Loss: 0.4038490355014801
Rank:0 Epoch: [4/40], Step: [631/782], Loss: 0.718799889087677
Rank:0 Epoch: [4/40], Step: [641/782], Loss: 0.4755558967590332
Rank:0 Epoch: [4/40], Step: [651/782], Loss: 0.5448954105377197
Rank:0 Epoch: [4/40], Step: [661/782], Loss: 0.5685359835624695
Rank:0 Epoch: [4/40], Step: [671/782], Loss: 0.2596299350261688
Rank:0 Epoch: [4/40], Step: [681/782], Loss: 0.6254622936248779
Rank:0 Epoch: [4/40], Step: [691/782], Loss: 0.7385298609733582
Rank:0 Epoch: [4/40], Step: [701/782], Loss: 0.5245445966720581
Rank:0 Epoch: [4/40], Step: [711/782], Loss: 0.43420493602752686
Rank:0 Epoch: [4/40], Step: [721/782], Loss: 0.3221234679222107
Rank:0 Epoch: [4/40], Step: [731/782], Loss: 0.45631957054138184
Rank:0 Epoch: [4/40], Step: [741/782], Loss: 0.6352060437202454
Rank:0 Epoch: [4/40], Step: [751/782], Loss: 0.5683135986328125
Rank:0 Epoch: [4/40], Step: [761/782], Loss: 0.5031230449676514
Rank:0 Epoch: [4/40], Step: [771/782], Loss: 0.618787407875061
Rank:0 Epoch: [4/40], Step: [781/782], Loss: 0.4519158899784088
Current Test Acc: 0.7954
Rank:0 Epoch: [5/40], Step: [1/782], Loss: 0.5806139707565308
Rank:0 Epoch: [5/40], Step: [11/782], Loss: 0.7147316932678223
Rank:0 Epoch: [5/40], Step: [21/782], Loss: 0.5411801934242249
Rank:0 Epoch: [5/40], Step: [31/782], Loss: 0.5781786441802979
Rank:0 Epoch: [5/40], Step: [41/782], Loss: 0.3511705696582794
Rank:0 Epoch: [5/40], Step: [51/782], Loss: 0.5798203349113464
Rank:0 Epoch: [5/40], Step: [61/782], Loss: 0.44498127698898315
Rank:0 Epoch: [5/40], Step: [71/782], Loss: 0.6561216711997986
Rank:0 Epoch: [5/40], Step: [81/782], Loss: 0.43826743960380554
Rank:0 Epoch: [5/40], Step: [91/782], Loss: 0.4900108575820923
Rank:0 Epoch: [5/40], Step: [101/782], Loss: 0.6990748047828674
Rank:0 Epoch: [5/40], Step: [111/782], Loss: 0.5770136713981628
Rank:0 Epoch: [5/40], Step: [121/782], Loss: 0.3718550503253937
Rank:0 Epoch: [5/40], Step: [131/782], Loss: 0.6257449388504028
Rank:0 Epoch: [5/40], Step: [141/782], Loss: 0.485808402299881
Rank:0 Epoch: [5/40], Step: [151/782], Loss: 0.5930445194244385
Rank:0 Epoch: [5/40], Step: [161/782], Loss: 0.48478540778160095
Rank:0 Epoch: [5/40], Step: [171/782], Loss: 0.47574925422668457
Rank:0 Epoch: [5/40], Step: [181/782], Loss: 0.38316118717193604
Rank:0 Epoch: [5/40], Step: [191/782], Loss: 0.5328965783119202
Rank:0 Epoch: [5/40], Step: [201/782], Loss: 0.6404105424880981
Rank:0 Epoch: [5/40], Step: [211/782], Loss: 0.38271069526672363
Rank:0 Epoch: [5/40], Step: [221/782], Loss: 0.47254788875579834
Rank:0 Epoch: [5/40], Step: [231/782], Loss: 0.5975215435028076
Rank:0 Epoch: [5/40], Step: [241/782], Loss: 0.4939066767692566
Rank:0 Epoch: [5/40], Step: [251/782], Loss: 0.43491125106811523
Rank:0 Epoch: [5/40], Step: [261/782], Loss: 0.7397779226303101
Rank:0 Epoch: [5/40], Step: [271/782], Loss: 0.3235556185245514
Rank:0 Epoch: [5/40], Step: [281/782], Loss: 0.5197902917861938
Rank:0 Epoch: [5/40], Step: [291/782], Loss: 0.5087054967880249
Rank:0 Epoch: [5/40], Step: [301/782], Loss: 0.7658777236938477
Rank:0 Epoch: [5/40], Step: [311/782], Loss: 0.5474379658699036
Rank:0 Epoch: [5/40], Step: [321/782], Loss: 0.48942288756370544
Rank:0 Epoch: [5/40], Step: [331/782], Loss: 0.39149683713912964
Rank:0 Epoch: [5/40], Step: [341/782], Loss: 0.6961371302604675
Rank:0 Epoch: [5/40], Step: [351/782], Loss: 0.4480668306350708
Rank:0 Epoch: [5/40], Step: [361/782], Loss: 0.5760775208473206
Rank:0 Epoch: [5/40], Step: [371/782], Loss: 0.6994670629501343
Rank:0 Epoch: [5/40], Step: [381/782], Loss: 0.4728313982486725
Rank:0 Epoch: [5/40], Step: [391/782], Loss: 0.44961297512054443
Rank:0 Epoch: [5/40], Step: [401/782], Loss: 0.5659582018852234
Rank:0 Epoch: [5/40], Step: [411/782], Loss: 0.48337119817733765
Rank:0 Epoch: [5/40], Step: [421/782], Loss: 0.5550301671028137
Rank:0 Epoch: [5/40], Step: [431/782], Loss: 0.4398825168609619
Rank:0 Epoch: [5/40], Step: [441/782], Loss: 0.482994019985199
Rank:0 Epoch: [5/40], Step: [451/782], Loss: 0.7694222331047058
Rank:0 Epoch: [5/40], Step: [461/782], Loss: 0.4037453532218933
Rank:0 Epoch: [5/40], Step: [471/782], Loss: 0.5656217932701111
Rank:0 Epoch: [5/40], Step: [481/782], Loss: 0.6116685271263123
Rank:0 Epoch: [5/40], Step: [491/782], Loss: 0.415284663438797
Rank:0 Epoch: [5/40], Step: [501/782], Loss: 0.6076899766921997
Rank:0 Epoch: [5/40], Step: [511/782], Loss: 0.5290002226829529
Rank:0 Epoch: [5/40], Step: [521/782], Loss: 0.46481841802597046
Rank:0 Epoch: [5/40], Step: [531/782], Loss: 0.5129526853561401
Rank:0 Epoch: [5/40], Step: [541/782], Loss: 0.6697679162025452
Rank:0 Epoch: [5/40], Step: [551/782], Loss: 0.5105032920837402
Rank:0 Epoch: [5/40], Step: [561/782], Loss: 0.568753182888031
Rank:0 Epoch: [5/40], Step: [571/782], Loss: 0.4093286395072937
Rank:0 Epoch: [5/40], Step: [581/782], Loss: 0.5088366270065308
Rank:0 Epoch: [5/40], Step: [591/782], Loss: 0.6025537252426147
Rank:0 Epoch: [5/40], Step: [601/782], Loss: 0.41741323471069336
Rank:0 Epoch: [5/40], Step: [611/782], Loss: 0.3746623694896698
Rank:0 Epoch: [5/40], Step: [621/782], Loss: 0.5086904168128967
Rank:0 Epoch: [5/40], Step: [631/782], Loss: 0.5181676745414734
Rank:0 Epoch: [5/40], Step: [641/782], Loss: 0.5393175482749939
Rank:0 Epoch: [5/40], Step: [651/782], Loss: 0.478166401386261
Rank:0 Epoch: [5/40], Step: [661/782], Loss: 0.550132155418396
Rank:0 Epoch: [5/40], Step: [671/782], Loss: 0.7198206782341003
Rank:0 Epoch: [5/40], Step: [681/782], Loss: 0.30880972743034363
Rank:0 Epoch: [5/40], Step: [691/782], Loss: 0.503616452217102
Rank:0 Epoch: [5/40], Step: [701/782], Loss: 0.49329304695129395
Rank:0 Epoch: [5/40], Step: [711/782], Loss: 0.4368045926094055
Rank:0 Epoch: [5/40], Step: [721/782], Loss: 0.5437206625938416
Rank:0 Epoch: [5/40], Step: [731/782], Loss: 0.5834529399871826
Rank:0 Epoch: [5/40], Step: [741/782], Loss: 0.6333954334259033
Rank:0 Epoch: [5/40], Step: [751/782], Loss: 0.3807031512260437
Rank:0 Epoch: [5/40], Step: [761/782], Loss: 0.39987319707870483
Rank:0 Epoch: [5/40], Step: [771/782], Loss: 0.42732325196266174
Rank:0 Epoch: [5/40], Step: [781/782], Loss: 0.6638553142547607
Current Test Acc: 0.7705
Rank:0 Epoch: [6/40], Step: [1/782], Loss: 0.3647453188896179
Rank:0 Epoch: [6/40], Step: [11/782], Loss: 0.4590844213962555
Rank:0 Epoch: [6/40], Step: [21/782], Loss: 0.3876664936542511
Rank:0 Epoch: [6/40], Step: [31/782], Loss: 0.3576623797416687
Rank:0 Epoch: [6/40], Step: [41/782], Loss: 0.4163295030593872
Rank:0 Epoch: [6/40], Step: [51/782], Loss: 0.28493446111679077
Rank:0 Epoch: [6/40], Step: [61/782], Loss: 0.3409375846385956
Rank:0 Epoch: [6/40], Step: [71/782], Loss: 0.3120543360710144
Rank:0 Epoch: [6/40], Step: [81/782], Loss: 0.5090003609657288
Rank:0 Epoch: [6/40], Step: [91/782], Loss: 0.317442387342453
Rank:0 Epoch: [6/40], Step: [101/782], Loss: 0.4257418215274811
Rank:0 Epoch: [6/40], Step: [111/782], Loss: 0.3930179476737976
Rank:0 Epoch: [6/40], Step: [121/782], Loss: 0.4220764636993408
Rank:0 Epoch: [6/40], Step: [131/782], Loss: 0.6425285935401917
Rank:0 Epoch: [6/40], Step: [141/782], Loss: 0.5008262991905212
Rank:0 Epoch: [6/40], Step: [151/782], Loss: 0.43742626905441284
Rank:0 Epoch: [6/40], Step: [161/782], Loss: 0.3618088960647583
Rank:0 Epoch: [6/40], Step: [171/782], Loss: 0.5920990109443665
Rank:0 Epoch: [6/40], Step: [181/782], Loss: 0.5984012484550476
Rank:0 Epoch: [6/40], Step: [191/782], Loss: 0.5586761832237244
Rank:0 Epoch: [6/40], Step: [201/782], Loss: 0.6132004261016846
Rank:0 Epoch: [6/40], Step: [211/782], Loss: 0.5759347677230835
Rank:0 Epoch: [6/40], Step: [221/782], Loss: 0.2877156734466553
Rank:0 Epoch: [6/40], Step: [231/782], Loss: 0.5184112191200256
Rank:0 Epoch: [6/40], Step: [241/782], Loss: 0.4107212424278259
Rank:0 Epoch: [6/40], Step: [251/782], Loss: 0.573876142501831
Rank:0 Epoch: [6/40], Step: [261/782], Loss: 0.4423103332519531
Rank:0 Epoch: [6/40], Step: [271/782], Loss: 0.44174128770828247
Rank:0 Epoch: [6/40], Step: [281/782], Loss: 0.46263399720191956
Rank:0 Epoch: [6/40], Step: [291/782], Loss: 0.3588976263999939
Rank:0 Epoch: [6/40], Step: [301/782], Loss: 0.4654616713523865
Rank:0 Epoch: [6/40], Step: [311/782], Loss: 0.43480417132377625
Rank:0 Epoch: [6/40], Step: [321/782], Loss: 0.40974849462509155
Rank:0 Epoch: [6/40], Step: [331/782], Loss: 0.40817195177078247
Rank:0 Epoch: [6/40], Step: [341/782], Loss: 0.34070634841918945
Rank:0 Epoch: [6/40], Step: [351/782], Loss: 0.38229289650917053
Rank:0 Epoch: [6/40], Step: [361/782], Loss: 0.52413010597229
Rank:0 Epoch: [6/40], Step: [371/782], Loss: 0.5236954689025879
Rank:0 Epoch: [6/40], Step: [381/782], Loss: 0.3058320879936218
Rank:0 Epoch: [6/40], Step: [391/782], Loss: 0.6185706257820129
Rank:0 Epoch: [6/40], Step: [401/782], Loss: 0.5589712262153625
Rank:0 Epoch: [6/40], Step: [411/782], Loss: 0.32302701473236084
Rank:0 Epoch: [6/40], Step: [421/782], Loss: 0.44978684186935425
Rank:0 Epoch: [6/40], Step: [431/782], Loss: 0.36944952607154846
Rank:0 Epoch: [6/40], Step: [441/782], Loss: 0.49912747740745544
Rank:0 Epoch: [6/40], Step: [451/782], Loss: 0.6607167720794678
Rank:0 Epoch: [6/40], Step: [461/782], Loss: 0.7143632769584656
Rank:0 Epoch: [6/40], Step: [471/782], Loss: 0.46538621187210083
Rank:0 Epoch: [6/40], Step: [481/782], Loss: 0.6661138534545898
Rank:0 Epoch: [6/40], Step: [491/782], Loss: 0.5318745374679565
Rank:0 Epoch: [6/40], Step: [501/782], Loss: 0.6954824924468994
Rank:0 Epoch: [6/40], Step: [511/782], Loss: 0.42932501435279846
Rank:0 Epoch: [6/40], Step: [521/782], Loss: 0.26980870962142944
Rank:0 Epoch: [6/40], Step: [531/782], Loss: 0.5549253821372986
Rank:0 Epoch: [6/40], Step: [541/782], Loss: 0.5366109013557434
Rank:0 Epoch: [6/40], Step: [551/782], Loss: 0.48087185621261597
Rank:0 Epoch: [6/40], Step: [561/782], Loss: 0.5113359093666077
Rank:0 Epoch: [6/40], Step: [571/782], Loss: 0.44300180673599243
Rank:0 Epoch: [6/40], Step: [581/782], Loss: 0.5246270298957825
Rank:0 Epoch: [6/40], Step: [591/782], Loss: 0.44923877716064453
Rank:0 Epoch: [6/40], Step: [601/782], Loss: 0.413830041885376
Rank:0 Epoch: [6/40], Step: [611/782], Loss: 0.4045083224773407
Rank:0 Epoch: [6/40], Step: [621/782], Loss: 0.34217992424964905
Rank:0 Epoch: [6/40], Step: [631/782], Loss: 0.514409065246582
Rank:0 Epoch: [6/40], Step: [641/782], Loss: 0.42625823616981506
Rank:0 Epoch: [6/40], Step: [651/782], Loss: 0.40238186717033386
Rank:0 Epoch: [6/40], Step: [661/782], Loss: 0.46293941140174866
Rank:0 Epoch: [6/40], Step: [671/782], Loss: 0.4428477883338928
Rank:0 Epoch: [6/40], Step: [681/782], Loss: 0.5313364267349243
Rank:0 Epoch: [6/40], Step: [691/782], Loss: 0.388784795999527
Rank:0 Epoch: [6/40], Step: [701/782], Loss: 0.5321533679962158
Rank:0 Epoch: [6/40], Step: [711/782], Loss: 0.4200696647167206
Rank:0 Epoch: [6/40], Step: [721/782], Loss: 0.3984890580177307
Rank:0 Epoch: [6/40], Step: [731/782], Loss: 0.6262534260749817
Rank:0 Epoch: [6/40], Step: [741/782], Loss: 0.60202956199646
Rank:0 Epoch: [6/40], Step: [751/782], Loss: 0.29065176844596863
Rank:0 Epoch: [6/40], Step: [761/782], Loss: 0.4167901873588562
Rank:0 Epoch: [6/40], Step: [771/782], Loss: 0.49956658482551575
Rank:0 Epoch: [6/40], Step: [781/782], Loss: 0.45332249999046326
Current Test Acc: 0.8072
Rank:0 Epoch: [7/40], Step: [1/782], Loss: 0.2912804186344147
Rank:0 Epoch: [7/40], Step: [11/782], Loss: 0.4729814827442169
Rank:0 Epoch: [7/40], Step: [21/782], Loss: 0.5816793441772461
Rank:0 Epoch: [7/40], Step: [31/782], Loss: 0.3663499057292938
Rank:0 Epoch: [7/40], Step: [41/782], Loss: 0.508467435836792
Rank:0 Epoch: [7/40], Step: [51/782], Loss: 0.5062777996063232
Rank:0 Epoch: [7/40], Step: [61/782], Loss: 0.3833906352519989
Rank:0 Epoch: [7/40], Step: [71/782], Loss: 0.4310368001461029
Rank:0 Epoch: [7/40], Step: [81/782], Loss: 0.45248517394065857
Rank:0 Epoch: [7/40], Step: [91/782], Loss: 0.5029828548431396
Rank:0 Epoch: [7/40], Step: [101/782], Loss: 0.3602411448955536
Rank:0 Epoch: [7/40], Step: [111/782], Loss: 0.4618396461009979
Rank:0 Epoch: [7/40], Step: [121/782], Loss: 0.6337396502494812
Rank:0 Epoch: [7/40], Step: [131/782], Loss: 0.5011621713638306
Rank:0 Epoch: [7/40], Step: [141/782], Loss: 0.39518752694129944
Rank:0 Epoch: [7/40], Step: [151/782], Loss: 0.43382182717323303
Rank:0 Epoch: [7/40], Step: [161/782], Loss: 0.2892421782016754
Rank:0 Epoch: [7/40], Step: [171/782], Loss: 0.526112973690033
Rank:0 Epoch: [7/40], Step: [181/782], Loss: 0.5140479803085327
Rank:0 Epoch: [7/40], Step: [191/782], Loss: 0.4940502345561981
Rank:0 Epoch: [7/40], Step: [201/782], Loss: 0.44221237301826477
Rank:0 Epoch: [7/40], Step: [211/782], Loss: 0.4599611461162567
Rank:0 Epoch: [7/40], Step: [221/782], Loss: 0.6154578328132629
Rank:0 Epoch: [7/40], Step: [231/782], Loss: 0.5749637484550476
Rank:0 Epoch: [7/40], Step: [241/782], Loss: 0.5239619612693787
Rank:0 Epoch: [7/40], Step: [251/782], Loss: 0.43364304304122925
Rank:0 Epoch: [7/40], Step: [261/782], Loss: 0.49945443868637085
Rank:0 Epoch: [7/40], Step: [271/782], Loss: 0.7759708762168884
Rank:0 Epoch: [7/40], Step: [281/782], Loss: 0.3336014747619629
Rank:0 Epoch: [7/40], Step: [291/782], Loss: 0.5907571911811829
Rank:0 Epoch: [7/40], Step: [301/782], Loss: 0.39518681168556213
Rank:0 Epoch: [7/40], Step: [311/782], Loss: 0.7343511581420898
Rank:0 Epoch: [7/40], Step: [321/782], Loss: 0.34054574370384216
Rank:0 Epoch: [7/40], Step: [331/782], Loss: 0.49332505464553833
Rank:0 Epoch: [7/40], Step: [341/782], Loss: 0.6132346391677856
Rank:0 Epoch: [7/40], Step: [351/782], Loss: 0.29481178522109985
Rank:0 Epoch: [7/40], Step: [361/782], Loss: 0.3408803343772888
Rank:0 Epoch: [7/40], Step: [371/782], Loss: 0.5544205904006958
Rank:0 Epoch: [7/40], Step: [381/782], Loss: 0.39886969327926636
Rank:0 Epoch: [7/40], Step: [391/782], Loss: 0.5769339799880981
Rank:0 Epoch: [7/40], Step: [401/782], Loss: 0.6110411882400513
Rank:0 Epoch: [7/40], Step: [411/782], Loss: 0.5270125865936279
Rank:0 Epoch: [7/40], Step: [421/782], Loss: 0.3766472637653351
Rank:0 Epoch: [7/40], Step: [431/782], Loss: 0.3776814639568329
Rank:0 Epoch: [7/40], Step: [441/782], Loss: 0.42944401502609253
Rank:0 Epoch: [7/40], Step: [451/782], Loss: 0.3584335744380951
Rank:0 Epoch: [7/40], Step: [461/782], Loss: 0.587773859500885
Rank:0 Epoch: [7/40], Step: [471/782], Loss: 0.5092020034790039
Rank:0 Epoch: [7/40], Step: [481/782], Loss: 0.6590303182601929
Rank:0 Epoch: [7/40], Step: [491/782], Loss: 0.31462687253952026
Rank:0 Epoch: [7/40], Step: [501/782], Loss: 0.3593483865261078
Rank:0 Epoch: [7/40], Step: [511/782], Loss: 0.599940299987793
Rank:0 Epoch: [7/40], Step: [521/782], Loss: 0.5784171223640442
Rank:0 Epoch: [7/40], Step: [531/782], Loss: 0.2810794711112976
Rank:0 Epoch: [7/40], Step: [541/782], Loss: 0.38673776388168335
Rank:0 Epoch: [7/40], Step: [551/782], Loss: 0.42304834723472595
Rank:0 Epoch: [7/40], Step: [561/782], Loss: 0.5077443718910217
Rank:0 Epoch: [7/40], Step: [571/782], Loss: 0.5804699659347534
Rank:0 Epoch: [7/40], Step: [581/782], Loss: 0.5573224425315857
Rank:0 Epoch: [7/40], Step: [591/782], Loss: 0.44205769896507263
Rank:0 Epoch: [7/40], Step: [601/782], Loss: 0.7580592036247253
Rank:0 Epoch: [7/40], Step: [611/782], Loss: 0.48862218856811523
Rank:0 Epoch: [7/40], Step: [621/782], Loss: 0.35704198479652405
Rank:0 Epoch: [7/40], Step: [631/782], Loss: 0.45023104548454285
Rank:0 Epoch: [7/40], Step: [641/782], Loss: 0.669046938419342
Rank:0 Epoch: [7/40], Step: [651/782], Loss: 0.402141273021698
Rank:0 Epoch: [7/40], Step: [661/782], Loss: 0.4037957191467285
Rank:0 Epoch: [7/40], Step: [671/782], Loss: 0.529983639717102
Rank:0 Epoch: [7/40], Step: [681/782], Loss: 0.3996579647064209
Rank:0 Epoch: [7/40], Step: [691/782], Loss: 0.7411400079727173
Rank:0 Epoch: [7/40], Step: [701/782], Loss: 0.3852837085723877
Rank:0 Epoch: [7/40], Step: [711/782], Loss: 0.2795524001121521
Rank:0 Epoch: [7/40], Step: [721/782], Loss: 0.390455037355423
Rank:0 Epoch: [7/40], Step: [731/782], Loss: 0.5543493032455444
Rank:0 Epoch: [7/40], Step: [741/782], Loss: 0.7591448426246643
Rank:0 Epoch: [7/40], Step: [751/782], Loss: 0.36172476410865784
Rank:0 Epoch: [7/40], Step: [761/782], Loss: 0.37845754623413086
Rank:0 Epoch: [7/40], Step: [771/782], Loss: 0.4421117901802063
Rank:0 Epoch: [7/40], Step: [781/782], Loss: 0.5184823870658875
Current Test Acc: 0.7932
Rank:0 Epoch: [8/40], Step: [1/782], Loss: 0.5559867024421692
Rank:0 Epoch: [8/40], Step: [11/782], Loss: 0.407047837972641
Rank:0 Epoch: [8/40], Step: [21/782], Loss: 0.5886067748069763
Rank:0 Epoch: [8/40], Step: [31/782], Loss: 0.48635780811309814
Rank:0 Epoch: [8/40], Step: [41/782], Loss: 0.5699005126953125
Rank:0 Epoch: [8/40], Step: [51/782], Loss: 0.3066312372684479
Rank:0 Epoch: [8/40], Step: [61/782], Loss: 0.37140050530433655
Rank:0 Epoch: [8/40], Step: [71/782], Loss: 0.43528181314468384
Rank:0 Epoch: [8/40], Step: [81/782], Loss: 0.5146427750587463
Rank:0 Epoch: [8/40], Step: [91/782], Loss: 0.4103371798992157
Rank:0 Epoch: [8/40], Step: [101/782], Loss: 0.3475857079029083
Rank:0 Epoch: [8/40], Step: [111/782], Loss: 0.5537847280502319
Rank:0 Epoch: [8/40], Step: [121/782], Loss: 0.24908137321472168
Rank:0 Epoch: [8/40], Step: [131/782], Loss: 0.31584417819976807
Rank:0 Epoch: [8/40], Step: [141/782], Loss: 0.5777195692062378
Rank:0 Epoch: [8/40], Step: [151/782], Loss: 0.5469509363174438
Rank:0 Epoch: [8/40], Step: [161/782], Loss: 0.4316975176334381
Rank:0 Epoch: [8/40], Step: [171/782], Loss: 0.35628020763397217
Rank:0 Epoch: [8/40], Step: [181/782], Loss: 0.47706401348114014
Rank:0 Epoch: [8/40], Step: [191/782], Loss: 0.271567165851593
Rank:0 Epoch: [8/40], Step: [201/782], Loss: 0.546011209487915
Rank:0 Epoch: [8/40], Step: [211/782], Loss: 0.6509571075439453
Rank:0 Epoch: [8/40], Step: [221/782], Loss: 0.45863574743270874
Rank:0 Epoch: [8/40], Step: [231/782], Loss: 0.3069641590118408
Rank:0 Epoch: [8/40], Step: [241/782], Loss: 0.4617134928703308
Rank:0 Epoch: [8/40], Step: [251/782], Loss: 0.48146137595176697
Rank:0 Epoch: [8/40], Step: [261/782], Loss: 0.24466320872306824
Rank:0 Epoch: [8/40], Step: [271/782], Loss: 0.5859436392784119
Rank:0 Epoch: [8/40], Step: [281/782], Loss: 0.6536360383033752
Rank:0 Epoch: [8/40], Step: [291/782], Loss: 0.464846134185791
Rank:0 Epoch: [8/40], Step: [301/782], Loss: 0.3264544904232025
Rank:0 Epoch: [8/40], Step: [311/782], Loss: 0.39878222346305847
Rank:0 Epoch: [8/40], Step: [321/782], Loss: 0.5497533082962036
Rank:0 Epoch: [8/40], Step: [331/782], Loss: 0.44342002272605896
Rank:0 Epoch: [8/40], Step: [341/782], Loss: 0.49564674496650696
Rank:0 Epoch: [8/40], Step: [351/782], Loss: 0.418016642332077
Rank:0 Epoch: [8/40], Step: [361/782], Loss: 0.49151837825775146
Rank:0 Epoch: [8/40], Step: [371/782], Loss: 0.4477522373199463
Rank:0 Epoch: [8/40], Step: [381/782], Loss: 0.40340346097946167
Rank:0 Epoch: [8/40], Step: [391/782], Loss: 0.5362920165061951
Rank:0 Epoch: [8/40], Step: [401/782], Loss: 0.40904733538627625
Rank:0 Epoch: [8/40], Step: [411/782], Loss: 0.3841382563114166
Rank:0 Epoch: [8/40], Step: [421/782], Loss: 0.27830052375793457
Rank:0 Epoch: [8/40], Step: [431/782], Loss: 0.3804513216018677
Rank:0 Epoch: [8/40], Step: [441/782], Loss: 0.5635576844215393
Rank:0 Epoch: [8/40], Step: [451/782], Loss: 0.6053426265716553
Rank:0 Epoch: [8/40], Step: [461/782], Loss: 0.6955351829528809
Rank:0 Epoch: [8/40], Step: [471/782], Loss: 0.4971018135547638
Rank:0 Epoch: [8/40], Step: [481/782], Loss: 0.6930400133132935
Rank:0 Epoch: [8/40], Step: [491/782], Loss: 0.48962584137916565
Rank:0 Epoch: [8/40], Step: [501/782], Loss: 0.4982776641845703
Rank:0 Epoch: [8/40], Step: [511/782], Loss: 0.2747727334499359
Rank:0 Epoch: [8/40], Step: [521/782], Loss: 0.6294129490852356
Rank:0 Epoch: [8/40], Step: [531/782], Loss: 0.7799016833305359
Rank:0 Epoch: [8/40], Step: [541/782], Loss: 0.4215601980686188
Rank:0 Epoch: [8/40], Step: [551/782], Loss: 0.35463473200798035
Rank:0 Epoch: [8/40], Step: [561/782], Loss: 0.4816528856754303
Rank:0 Epoch: [8/40], Step: [571/782], Loss: 0.4513590335845947
Rank:0 Epoch: [8/40], Step: [581/782], Loss: 0.3857322633266449
Rank:0 Epoch: [8/40], Step: [591/782], Loss: 0.4791294038295746
Rank:0 Epoch: [8/40], Step: [601/782], Loss: 0.2951885163784027
Rank:0 Epoch: [8/40], Step: [611/782], Loss: 0.3991372585296631
Rank:0 Epoch: [8/40], Step: [621/782], Loss: 0.3409043550491333
Rank:0 Epoch: [8/40], Step: [631/782], Loss: 0.471904993057251
Rank:0 Epoch: [8/40], Step: [641/782], Loss: 0.4847223460674286
Rank:0 Epoch: [8/40], Step: [651/782], Loss: 0.49446895718574524
Rank:0 Epoch: [8/40], Step: [661/782], Loss: 0.4626504182815552
Rank:0 Epoch: [8/40], Step: [671/782], Loss: 0.5172355771064758
Rank:0 Epoch: [8/40], Step: [681/782], Loss: 0.2928040325641632
Rank:0 Epoch: [8/40], Step: [691/782], Loss: 0.6556888818740845
Rank:0 Epoch: [8/40], Step: [701/782], Loss: 0.6619916558265686
Rank:0 Epoch: [8/40], Step: [711/782], Loss: 0.33528026938438416
Rank:0 Epoch: [8/40], Step: [721/782], Loss: 0.44183188676834106
Rank:0 Epoch: [8/40], Step: [731/782], Loss: 0.5680463910102844
Rank:0 Epoch: [8/40], Step: [741/782], Loss: 0.5018800497055054
Rank:0 Epoch: [8/40], Step: [751/782], Loss: 0.24790453910827637
Rank:0 Epoch: [8/40], Step: [761/782], Loss: 0.42788952589035034
Rank:0 Epoch: [8/40], Step: [771/782], Loss: 0.4388529062271118
Rank:0 Epoch: [8/40], Step: [781/782], Loss: 0.426419198513031
Current Test Acc: 0.8279
Rank:0 Epoch: [9/40], Step: [1/782], Loss: 0.32746621966362
Rank:0 Epoch: [9/40], Step: [11/782], Loss: 0.38966232538223267
Rank:0 Epoch: [9/40], Step: [21/782], Loss: 0.291115939617157
Rank:0 Epoch: [9/40], Step: [31/782], Loss: 0.762978732585907
Rank:0 Epoch: [9/40], Step: [41/782], Loss: 0.366097629070282
Rank:0 Epoch: [9/40], Step: [51/782], Loss: 0.3934594988822937
Rank:0 Epoch: [9/40], Step: [61/782], Loss: 0.3763865828514099
Rank:0 Epoch: [9/40], Step: [71/782], Loss: 0.4663132429122925
Rank:0 Epoch: [9/40], Step: [81/782], Loss: 0.34715068340301514
Rank:0 Epoch: [9/40], Step: [91/782], Loss: 0.5592015981674194
Rank:0 Epoch: [9/40], Step: [101/782], Loss: 0.2553446888923645
Rank:0 Epoch: [9/40], Step: [111/782], Loss: 0.49728652834892273
Rank:0 Epoch: [9/40], Step: [121/782], Loss: 0.4145606458187103
Rank:0 Epoch: [9/40], Step: [131/782], Loss: 0.4175560474395752
Rank:0 Epoch: [9/40], Step: [141/782], Loss: 0.3644598126411438
Rank:0 Epoch: [9/40], Step: [151/782], Loss: 0.28686609864234924
Rank:0 Epoch: [9/40], Step: [161/782], Loss: 0.33951982855796814
Rank:0 Epoch: [9/40], Step: [171/782], Loss: 0.481955349445343
Rank:0 Epoch: [9/40], Step: [181/782], Loss: 0.41557958722114563
Rank:0 Epoch: [9/40], Step: [191/782], Loss: 0.35281550884246826
Rank:0 Epoch: [9/40], Step: [201/782], Loss: 0.5142613053321838
Rank:0 Epoch: [9/40], Step: [211/782], Loss: 0.5033738613128662
Rank:0 Epoch: [9/40], Step: [221/782], Loss: 0.2991059720516205
Rank:0 Epoch: [9/40], Step: [231/782], Loss: 0.3047224283218384
Rank:0 Epoch: [9/40], Step: [241/782], Loss: 0.3022838234901428
Rank:0 Epoch: [9/40], Step: [251/782], Loss: 0.589730978012085
Rank:0 Epoch: [9/40], Step: [261/782], Loss: 0.41919341683387756
Rank:0 Epoch: [9/40], Step: [271/782], Loss: 0.4598707854747772
Rank:0 Epoch: [9/40], Step: [281/782], Loss: 0.44922831654548645
Rank:0 Epoch: [9/40], Step: [291/782], Loss: 0.40792131423950195
Rank:0 Epoch: [9/40], Step: [301/782], Loss: 0.36435431241989136
Rank:0 Epoch: [9/40], Step: [311/782], Loss: 0.2608979344367981
Rank:0 Epoch: [9/40], Step: [321/782], Loss: 0.39571014046669006
Rank:0 Epoch: [9/40], Step: [331/782], Loss: 0.401934415102005
Rank:0 Epoch: [9/40], Step: [341/782], Loss: 0.4125109016895294
Rank:0 Epoch: [9/40], Step: [351/782], Loss: 0.2496788650751114
Rank:0 Epoch: [9/40], Step: [361/782], Loss: 0.5566269755363464
Rank:0 Epoch: [9/40], Step: [371/782], Loss: 0.3510836064815521
Rank:0 Epoch: [9/40], Step: [381/782], Loss: 0.37981557846069336
Rank:0 Epoch: [9/40], Step: [391/782], Loss: 0.3214834928512573
Rank:0 Epoch: [9/40], Step: [401/782], Loss: 0.24692168831825256
Rank:0 Epoch: [9/40], Step: [411/782], Loss: 0.2524071931838989
Rank:0 Epoch: [9/40], Step: [421/782], Loss: 0.44014865159988403
Rank:0 Epoch: [9/40], Step: [431/782], Loss: 0.5556353330612183
Rank:0 Epoch: [9/40], Step: [441/782], Loss: 0.5847687721252441
Rank:0 Epoch: [9/40], Step: [451/782], Loss: 0.4933253228664398
Rank:0 Epoch: [9/40], Step: [461/782], Loss: 0.4785010516643524
Rank:0 Epoch: [9/40], Step: [471/782], Loss: 0.3610113263130188
Rank:0 Epoch: [9/40], Step: [481/782], Loss: 0.39374446868896484
Rank:0 Epoch: [9/40], Step: [491/782], Loss: 0.5266501307487488
Rank:0 Epoch: [9/40], Step: [501/782], Loss: 0.3224044144153595
Rank:0 Epoch: [9/40], Step: [511/782], Loss: 0.48758694529533386
Rank:0 Epoch: [9/40], Step: [521/782], Loss: 0.5346797108650208
Rank:0 Epoch: [9/40], Step: [531/782], Loss: 0.5485851168632507
Rank:0 Epoch: [9/40], Step: [541/782], Loss: 0.5376477837562561
Rank:0 Epoch: [9/40], Step: [551/782], Loss: 0.4818139374256134
Rank:0 Epoch: [9/40], Step: [561/782], Loss: 0.46952298283576965
Rank:0 Epoch: [9/40], Step: [571/782], Loss: 0.42918261885643005
Rank:0 Epoch: [9/40], Step: [581/782], Loss: 0.4488406777381897
Rank:0 Epoch: [9/40], Step: [591/782], Loss: 0.44524574279785156
Rank:0 Epoch: [9/40], Step: [601/782], Loss: 0.56984543800354
Rank:0 Epoch: [9/40], Step: [611/782], Loss: 0.37541529536247253
Rank:0 Epoch: [9/40], Step: [621/782], Loss: 0.44102898240089417
Rank:0 Epoch: [9/40], Step: [631/782], Loss: 0.5114519596099854
Rank:0 Epoch: [9/40], Step: [641/782], Loss: 0.4575733542442322
Rank:0 Epoch: [9/40], Step: [651/782], Loss: 0.6433274149894714
Rank:0 Epoch: [9/40], Step: [661/782], Loss: 0.4381800591945648
Rank:0 Epoch: [9/40], Step: [671/782], Loss: 0.529850959777832
Rank:0 Epoch: [9/40], Step: [681/782], Loss: 0.4839989244937897
Rank:0 Epoch: [9/40], Step: [691/782], Loss: 0.5190183520317078
Rank:0 Epoch: [9/40], Step: [701/782], Loss: 0.5545074939727783
Rank:0 Epoch: [9/40], Step: [711/782], Loss: 0.4889237880706787
Rank:0 Epoch: [9/40], Step: [721/782], Loss: 0.4163930118083954
Rank:0 Epoch: [9/40], Step: [731/782], Loss: 0.6194190382957458
Rank:0 Epoch: [9/40], Step: [741/782], Loss: 0.4622066020965576
Rank:0 Epoch: [9/40], Step: [751/782], Loss: 0.4553135633468628
Rank:0 Epoch: [9/40], Step: [761/782], Loss: 0.36759498715400696
Rank:0 Epoch: [9/40], Step: [771/782], Loss: 0.5000203847885132
Rank:0 Epoch: [9/40], Step: [781/782], Loss: 0.4972672760486603
Current Test Acc: 0.8287
Rank:0 Epoch: [10/40], Step: [1/782], Loss: 0.4743960201740265
Rank:0 Epoch: [10/40], Step: [11/782], Loss: 0.3133624196052551
Rank:0 Epoch: [10/40], Step: [21/782], Loss: 0.4336528182029724
Rank:0 Epoch: [10/40], Step: [31/782], Loss: 0.3725304901599884
Rank:0 Epoch: [10/40], Step: [41/782], Loss: 0.46216559410095215
Rank:0 Epoch: [10/40], Step: [51/782], Loss: 0.5366583466529846
Rank:0 Epoch: [10/40], Step: [61/782], Loss: 0.3747636377811432
Rank:0 Epoch: [10/40], Step: [71/782], Loss: 0.34435173869132996
Rank:0 Epoch: [10/40], Step: [81/782], Loss: 0.32689252495765686
Rank:0 Epoch: [10/40], Step: [91/782], Loss: 0.3982056975364685
Rank:0 Epoch: [10/40], Step: [101/782], Loss: 0.42140212655067444
Rank:0 Epoch: [10/40], Step: [111/782], Loss: 0.42595064640045166
Rank:0 Epoch: [10/40], Step: [121/782], Loss: 0.331182599067688
Rank:0 Epoch: [10/40], Step: [131/782], Loss: 0.44860777258872986
Rank:0 Epoch: [10/40], Step: [141/782], Loss: 0.26588383316993713
Rank:0 Epoch: [10/40], Step: [151/782], Loss: 0.3362945318222046
Rank:0 Epoch: [10/40], Step: [161/782], Loss: 0.35012876987457275
Rank:0 Epoch: [10/40], Step: [171/782], Loss: 0.5457671880722046
Rank:0 Epoch: [10/40], Step: [181/782], Loss: 0.4932979643344879
Rank:0 Epoch: [10/40], Step: [191/782], Loss: 0.48340800404548645
Rank:0 Epoch: [10/40], Step: [201/782], Loss: 0.42901208996772766
Rank:0 Epoch: [10/40], Step: [211/782], Loss: 0.5597438216209412
Rank:0 Epoch: [10/40], Step: [221/782], Loss: 0.3723832070827484
Rank:0 Epoch: [10/40], Step: [231/782], Loss: 0.38086116313934326
Rank:0 Epoch: [10/40], Step: [241/782], Loss: 0.46140462160110474
Rank:0 Epoch: [10/40], Step: [251/782], Loss: 0.6635429263114929
Rank:0 Epoch: [10/40], Step: [261/782], Loss: 0.346993625164032
Rank:0 Epoch: [10/40], Step: [271/782], Loss: 0.3068111538887024
Rank:0 Epoch: [10/40], Step: [281/782], Loss: 0.4575502276420593
Rank:0 Epoch: [10/40], Step: [291/782], Loss: 0.3793134391307831
Rank:0 Epoch: [10/40], Step: [301/782], Loss: 0.36933091282844543
Rank:0 Epoch: [10/40], Step: [311/782], Loss: 0.5327706336975098
Rank:0 Epoch: [10/40], Step: [321/782], Loss: 0.5166226625442505
Rank:0 Epoch: [10/40], Step: [331/782], Loss: 0.4498380720615387
Rank:0 Epoch: [10/40], Step: [341/782], Loss: 0.27184465527534485
Rank:0 Epoch: [10/40], Step: [351/782], Loss: 0.29673370718955994
Rank:0 Epoch: [10/40], Step: [361/782], Loss: 0.21069234609603882
Rank:0 Epoch: [10/40], Step: [371/782], Loss: 0.3615924119949341
Rank:0 Epoch: [10/40], Step: [381/782], Loss: 0.44848406314849854
Rank:0 Epoch: [10/40], Step: [391/782], Loss: 0.44932612776756287
Rank:0 Epoch: [10/40], Step: [401/782], Loss: 0.6179730892181396
Rank:0 Epoch: [10/40], Step: [411/782], Loss: 0.6170985698699951
Rank:0 Epoch: [10/40], Step: [421/782], Loss: 0.3965548574924469
Rank:0 Epoch: [10/40], Step: [431/782], Loss: 0.43272334337234497
Rank:0 Epoch: [10/40], Step: [441/782], Loss: 0.255500465631485
Rank:0 Epoch: [10/40], Step: [451/782], Loss: 0.516974925994873
Rank:0 Epoch: [10/40], Step: [461/782], Loss: 0.7605287432670593
Rank:0 Epoch: [10/40], Step: [471/782], Loss: 0.5531565546989441
Rank:0 Epoch: [10/40], Step: [481/782], Loss: 0.37215808033943176
Rank:0 Epoch: [10/40], Step: [491/782], Loss: 0.5102089047431946
Rank:0 Epoch: [10/40], Step: [501/782], Loss: 0.35884329676628113
Rank:0 Epoch: [10/40], Step: [511/782], Loss: 0.455207884311676
Rank:0 Epoch: [10/40], Step: [521/782], Loss: 0.4314420819282532
Rank:0 Epoch: [10/40], Step: [531/782], Loss: 0.4680156409740448
Rank:0 Epoch: [10/40], Step: [541/782], Loss: 0.45399177074432373
Rank:0 Epoch: [10/40], Step: [551/782], Loss: 0.6272028088569641
Rank:0 Epoch: [10/40], Step: [561/782], Loss: 0.3879079222679138
Rank:0 Epoch: [10/40], Step: [571/782], Loss: 0.4600927233695984
Rank:0 Epoch: [10/40], Step: [581/782], Loss: 0.425970196723938
Rank:0 Epoch: [10/40], Step: [591/782], Loss: 0.4531942307949066
Rank:0 Epoch: [10/40], Step: [601/782], Loss: 0.31798556447029114
Rank:0 Epoch: [10/40], Step: [611/782], Loss: 0.366437166929245
Rank:0 Epoch: [10/40], Step: [621/782], Loss: 0.41614946722984314
Rank:0 Epoch: [10/40], Step: [631/782], Loss: 0.7434831857681274
Rank:0 Epoch: [10/40], Step: [641/782], Loss: 0.5740979909896851
Rank:0 Epoch: [10/40], Step: [651/782], Loss: 0.44723352789878845
Rank:0 Epoch: [10/40], Step: [661/782], Loss: 0.5082080960273743
Rank:0 Epoch: [10/40], Step: [671/782], Loss: 0.6161161661148071
Rank:0 Epoch: [10/40], Step: [681/782], Loss: 0.4017449617385864
Rank:0 Epoch: [10/40], Step: [691/782], Loss: 0.5840204954147339
Rank:0 Epoch: [10/40], Step: [701/782], Loss: 0.44071653485298157
Rank:0 Epoch: [10/40], Step: [711/782], Loss: 0.3611561059951782
Rank:0 Epoch: [10/40], Step: [721/782], Loss: 0.2775806486606598
Rank:0 Epoch: [10/40], Step: [731/782], Loss: 0.39247724413871765
Rank:0 Epoch: [10/40], Step: [741/782], Loss: 0.3678100109100342
Rank:0 Epoch: [10/40], Step: [751/782], Loss: 0.24084705114364624
Rank:0 Epoch: [10/40], Step: [761/782], Loss: 0.3384034037590027
Rank:0 Epoch: [10/40], Step: [771/782], Loss: 0.2934904992580414
Rank:0 Epoch: [10/40], Step: [781/782], Loss: 0.31086528301239014
Current Test Acc: 0.7996
Rank:0 Epoch: [11/40], Step: [1/782], Loss: 0.6887245774269104
Rank:0 Epoch: [11/40], Step: [11/782], Loss: 0.3837888538837433
Rank:0 Epoch: [11/40], Step: [21/782], Loss: 0.3951314091682434
Rank:0 Epoch: [11/40], Step: [31/782], Loss: 0.3462921977043152
Rank:0 Epoch: [11/40], Step: [41/782], Loss: 0.5237274765968323
Rank:0 Epoch: [11/40], Step: [51/782], Loss: 0.3693090081214905
Rank:0 Epoch: [11/40], Step: [61/782], Loss: 0.3406394124031067
Rank:0 Epoch: [11/40], Step: [71/782], Loss: 0.47228676080703735
Rank:0 Epoch: [11/40], Step: [81/782], Loss: 0.2579420804977417
Rank:0 Epoch: [11/40], Step: [91/782], Loss: 0.48337122797966003
Rank:0 Epoch: [11/40], Step: [101/782], Loss: 0.5692379474639893
Rank:0 Epoch: [11/40], Step: [111/782], Loss: 0.3975087106227875
Rank:0 Epoch: [11/40], Step: [121/782], Loss: 0.3455641567707062
Rank:0 Epoch: [11/40], Step: [131/782], Loss: 0.3906235098838806
Rank:0 Epoch: [11/40], Step: [141/782], Loss: 0.47128748893737793
Rank:0 Epoch: [11/40], Step: [151/782], Loss: 0.5048226714134216
Rank:0 Epoch: [11/40], Step: [161/782], Loss: 0.5594651699066162
Rank:0 Epoch: [11/40], Step: [171/782], Loss: 0.4879659116268158
Rank:0 Epoch: [11/40], Step: [181/782], Loss: 0.3780265152454376
Rank:0 Epoch: [11/40], Step: [191/782], Loss: 0.3130464553833008
Rank:0 Epoch: [11/40], Step: [201/782], Loss: 0.43752509355545044
Rank:0 Epoch: [11/40], Step: [211/782], Loss: 0.44117456674575806
Rank:0 Epoch: [11/40], Step: [221/782], Loss: 0.4383224844932556
Rank:0 Epoch: [11/40], Step: [231/782], Loss: 0.4733607769012451
Rank:0 Epoch: [11/40], Step: [241/782], Loss: 0.5707986354827881
Rank:0 Epoch: [11/40], Step: [251/782], Loss: 0.3598162829875946
Rank:0 Epoch: [11/40], Step: [261/782], Loss: 0.50489741563797
Rank:0 Epoch: [11/40], Step: [271/782], Loss: 0.3647749125957489
Rank:0 Epoch: [11/40], Step: [281/782], Loss: 0.33383727073669434
Rank:0 Epoch: [11/40], Step: [291/782], Loss: 0.39589133858680725
Rank:0 Epoch: [11/40], Step: [301/782], Loss: 0.31139761209487915
Rank:0 Epoch: [11/40], Step: [311/782], Loss: 0.47072532773017883
Rank:0 Epoch: [11/40], Step: [321/782], Loss: 0.3826731741428375
Rank:0 Epoch: [11/40], Step: [331/782], Loss: 0.6448180079460144
Rank:0 Epoch: [11/40], Step: [341/782], Loss: 0.49080249667167664
Rank:0 Epoch: [11/40], Step: [351/782], Loss: 0.6903747320175171
Rank:0 Epoch: [11/40], Step: [361/782], Loss: 0.5106329917907715
Rank:0 Epoch: [11/40], Step: [371/782], Loss: 0.4572080373764038
Rank:0 Epoch: [11/40], Step: [381/782], Loss: 0.45138129591941833
Rank:0 Epoch: [11/40], Step: [391/782], Loss: 0.40228238701820374
Rank:0 Epoch: [11/40], Step: [401/782], Loss: 0.3150864541530609
Rank:0 Epoch: [11/40], Step: [411/782], Loss: 0.39067602157592773
Rank:0 Epoch: [11/40], Step: [421/782], Loss: 0.5094352960586548
Rank:0 Epoch: [11/40], Step: [431/782], Loss: 0.4535178542137146
Rank:0 Epoch: [11/40], Step: [441/782], Loss: 0.5088578462600708
Rank:0 Epoch: [11/40], Step: [451/782], Loss: 0.29170405864715576
Rank:0 Epoch: [11/40], Step: [461/782], Loss: 0.4159907102584839
Rank:0 Epoch: [11/40], Step: [471/782], Loss: 0.5155045986175537
Rank:0 Epoch: [11/40], Step: [481/782], Loss: 0.26993513107299805
Rank:0 Epoch: [11/40], Step: [491/782], Loss: 0.3509536683559418
Rank:0 Epoch: [11/40], Step: [501/782], Loss: 0.48829159140586853
Rank:0 Epoch: [11/40], Step: [511/782], Loss: 0.5198230147361755
Rank:0 Epoch: [11/40], Step: [521/782], Loss: 0.4149680435657501
Rank:0 Epoch: [11/40], Step: [531/782], Loss: 0.3957897126674652
Rank:0 Epoch: [11/40], Step: [541/782], Loss: 0.3482474982738495
Rank:0 Epoch: [11/40], Step: [551/782], Loss: 0.43047890067100525
Rank:0 Epoch: [11/40], Step: [561/782], Loss: 0.39589452743530273
Rank:0 Epoch: [11/40], Step: [571/782], Loss: 0.5159821510314941
Rank:0 Epoch: [11/40], Step: [581/782], Loss: 0.516685426235199
Rank:0 Epoch: [11/40], Step: [591/782], Loss: 0.38417401909828186
Rank:0 Epoch: [11/40], Step: [601/782], Loss: 0.43690890073776245
Rank:0 Epoch: [11/40], Step: [611/782], Loss: 0.3292738199234009
Rank:0 Epoch: [11/40], Step: [621/782], Loss: 0.34815868735313416
Rank:0 Epoch: [11/40], Step: [631/782], Loss: 0.41470593214035034
Rank:0 Epoch: [11/40], Step: [641/782], Loss: 0.37910062074661255
Rank:0 Epoch: [11/40], Step: [651/782], Loss: 0.41132381558418274
Rank:0 Epoch: [11/40], Step: [661/782], Loss: 0.530757486820221
Rank:0 Epoch: [11/40], Step: [671/782], Loss: 0.550962507724762
Rank:0 Epoch: [11/40], Step: [681/782], Loss: 0.3968448042869568
Rank:0 Epoch: [11/40], Step: [691/782], Loss: 0.5555674433708191
Rank:0 Epoch: [11/40], Step: [701/782], Loss: 0.5392060875892639
Rank:0 Epoch: [11/40], Step: [711/782], Loss: 0.5562304854393005
Rank:0 Epoch: [11/40], Step: [721/782], Loss: 0.47854119539260864
Rank:0 Epoch: [11/40], Step: [731/782], Loss: 0.29766929149627686
Rank:0 Epoch: [11/40], Step: [741/782], Loss: 0.43836793303489685
Rank:0 Epoch: [11/40], Step: [751/782], Loss: 0.45356816053390503
Rank:0 Epoch: [11/40], Step: [761/782], Loss: 0.443143367767334
Rank:0 Epoch: [11/40], Step: [771/782], Loss: 0.615686297416687
Rank:0 Epoch: [11/40], Step: [781/782], Loss: 0.2121904045343399
Current Test Acc: 0.7881
Rank:0 Epoch: [12/40], Step: [1/782], Loss: 0.6042231917381287
Rank:0 Epoch: [12/40], Step: [11/782], Loss: 0.5084249377250671
Rank:0 Epoch: [12/40], Step: [21/782], Loss: 0.49425214529037476
Rank:0 Epoch: [12/40], Step: [31/782], Loss: 0.38493162393569946
Rank:0 Epoch: [12/40], Step: [41/782], Loss: 0.5698649287223816
Rank:0 Epoch: [12/40], Step: [51/782], Loss: 0.38740482926368713
Rank:0 Epoch: [12/40], Step: [61/782], Loss: 0.3349878489971161
Rank:0 Epoch: [12/40], Step: [71/782], Loss: 0.44651374220848083
Rank:0 Epoch: [12/40], Step: [81/782], Loss: 0.2587359845638275
Rank:0 Epoch: [12/40], Step: [91/782], Loss: 0.4108572006225586
Rank:0 Epoch: [12/40], Step: [101/782], Loss: 0.43871861696243286
Rank:0 Epoch: [12/40], Step: [111/782], Loss: 0.3146318793296814
Rank:0 Epoch: [12/40], Step: [121/782], Loss: 0.4546467959880829
Rank:0 Epoch: [12/40], Step: [131/782], Loss: 0.5504838228225708
Rank:0 Epoch: [12/40], Step: [141/782], Loss: 0.2834221422672272
Rank:0 Epoch: [12/40], Step: [151/782], Loss: 0.5488818287849426
Rank:0 Epoch: [12/40], Step: [161/782], Loss: 0.3961685001850128
Rank:0 Epoch: [12/40], Step: [171/782], Loss: 0.3916058838367462
Rank:0 Epoch: [12/40], Step: [181/782], Loss: 0.2653184235095978
Rank:0 Epoch: [12/40], Step: [191/782], Loss: 0.28172773122787476
Rank:0 Epoch: [12/40], Step: [201/782], Loss: 0.1648474931716919
Rank:0 Epoch: [12/40], Step: [211/782], Loss: 0.25227493047714233
Rank:0 Epoch: [12/40], Step: [221/782], Loss: 0.4085840582847595
Rank:0 Epoch: [12/40], Step: [231/782], Loss: 0.43623512983322144
Rank:0 Epoch: [12/40], Step: [241/782], Loss: 0.7518859505653381
Rank:0 Epoch: [12/40], Step: [251/782], Loss: 0.4496968388557434
Rank:0 Epoch: [12/40], Step: [261/782], Loss: 0.46349361538887024
Rank:0 Epoch: [12/40], Step: [271/782], Loss: 0.454105406999588
Rank:0 Epoch: [12/40], Step: [281/782], Loss: 0.4086815416812897
Rank:0 Epoch: [12/40], Step: [291/782], Loss: 0.6493674516677856
Rank:0 Epoch: [12/40], Step: [301/782], Loss: 0.43017515540122986
Rank:0 Epoch: [12/40], Step: [311/782], Loss: 0.26559334993362427
Rank:0 Epoch: [12/40], Step: [321/782], Loss: 0.27624860405921936
Rank:0 Epoch: [12/40], Step: [331/782], Loss: 0.49688613414764404
Rank:0 Epoch: [12/40], Step: [341/782], Loss: 0.31367558240890503
Rank:0 Epoch: [12/40], Step: [351/782], Loss: 0.5260605812072754
Rank:0 Epoch: [12/40], Step: [361/782], Loss: 0.4868524372577667
Rank:0 Epoch: [12/40], Step: [371/782], Loss: 0.3435438275337219
Rank:0 Epoch: [12/40], Step: [381/782], Loss: 0.33256837725639343
Rank:0 Epoch: [12/40], Step: [391/782], Loss: 0.3819461464881897
Rank:0 Epoch: [12/40], Step: [401/782], Loss: 0.3387893736362457
Rank:0 Epoch: [12/40], Step: [411/782], Loss: 0.7863729000091553
Rank:0 Epoch: [12/40], Step: [421/782], Loss: 0.2830692231655121
Rank:0 Epoch: [12/40], Step: [431/782], Loss: 0.40312862396240234
Rank:0 Epoch: [12/40], Step: [441/782], Loss: 0.4307805597782135
Rank:0 Epoch: [12/40], Step: [451/782], Loss: 0.5024080872535706
Rank:0 Epoch: [12/40], Step: [461/782], Loss: 0.3145334720611572
Rank:0 Epoch: [12/40], Step: [471/782], Loss: 0.3498289883136749
Rank:0 Epoch: [12/40], Step: [481/782], Loss: 0.35791486501693726
Rank:0 Epoch: [12/40], Step: [491/782], Loss: 0.5105518698692322
Rank:0 Epoch: [12/40], Step: [501/782], Loss: 0.4508219063282013
Rank:0 Epoch: [12/40], Step: [511/782], Loss: 0.5106194615364075
Rank:0 Epoch: [12/40], Step: [521/782], Loss: 0.46037766337394714
Rank:0 Epoch: [12/40], Step: [531/782], Loss: 0.48546046018600464
Rank:0 Epoch: [12/40], Step: [541/782], Loss: 0.2363748699426651
Rank:0 Epoch: [12/40], Step: [551/782], Loss: 0.3166494071483612
Rank:0 Epoch: [12/40], Step: [561/782], Loss: 0.1827472448348999
Rank:0 Epoch: [12/40], Step: [571/782], Loss: 0.2990001440048218
Rank:0 Epoch: [12/40], Step: [581/782], Loss: 0.6085709929466248
Rank:0 Epoch: [12/40], Step: [591/782], Loss: 0.33244138956069946
Rank:0 Epoch: [12/40], Step: [601/782], Loss: 0.3153637945652008
Rank:0 Epoch: [12/40], Step: [611/782], Loss: 0.2649291157722473
Rank:0 Epoch: [12/40], Step: [621/782], Loss: 0.30593255162239075
Rank:0 Epoch: [12/40], Step: [631/782], Loss: 0.40407028794288635
Rank:0 Epoch: [12/40], Step: [641/782], Loss: 0.3044101297855377
Rank:0 Epoch: [12/40], Step: [651/782], Loss: 0.39310067892074585
Rank:0 Epoch: [12/40], Step: [661/782], Loss: 0.6033310294151306
Rank:0 Epoch: [12/40], Step: [671/782], Loss: 0.6210027933120728
Rank:0 Epoch: [12/40], Step: [681/782], Loss: 0.5878245234489441
Rank:0 Epoch: [12/40], Step: [691/782], Loss: 0.5456796884536743
Rank:0 Epoch: [12/40], Step: [701/782], Loss: 0.3521899878978729
Rank:0 Epoch: [12/40], Step: [711/782], Loss: 0.7043418288230896
Rank:0 Epoch: [12/40], Step: [721/782], Loss: 0.3637842833995819
Rank:0 Epoch: [12/40], Step: [731/782], Loss: 0.534991979598999
Rank:0 Epoch: [12/40], Step: [741/782], Loss: 0.32969531416893005
Rank:0 Epoch: [12/40], Step: [751/782], Loss: 0.4399545192718506
Rank:0 Epoch: [12/40], Step: [761/782], Loss: 0.42395639419555664
Rank:0 Epoch: [12/40], Step: [771/782], Loss: 0.39164483547210693
Rank:0 Epoch: [12/40], Step: [781/782], Loss: 0.4312756359577179
Current Test Acc: 0.8095
Rank:0 Epoch: [13/40], Step: [1/782], Loss: 0.6463202238082886
Rank:0 Epoch: [13/40], Step: [11/782], Loss: 0.4618856906890869
Rank:0 Epoch: [13/40], Step: [21/782], Loss: 0.40691855549812317
Rank:0 Epoch: [13/40], Step: [31/782], Loss: 0.4661767780780792
Rank:0 Epoch: [13/40], Step: [41/782], Loss: 0.3413229286670685
Rank:0 Epoch: [13/40], Step: [51/782], Loss: 0.46800950169563293
Rank:0 Epoch: [13/40], Step: [61/782], Loss: 0.3222523629665375
Rank:0 Epoch: [13/40], Step: [71/782], Loss: 0.43310508131980896
Rank:0 Epoch: [13/40], Step: [81/782], Loss: 0.3150080442428589
Rank:0 Epoch: [13/40], Step: [91/782], Loss: 0.22302284836769104
Rank:0 Epoch: [13/40], Step: [101/782], Loss: 0.3010179102420807
Rank:0 Epoch: [13/40], Step: [111/782], Loss: 0.27065175771713257
Rank:0 Epoch: [13/40], Step: [121/782], Loss: 0.4320050776004791
Rank:0 Epoch: [13/40], Step: [131/782], Loss: 0.3395592272281647
Rank:0 Epoch: [13/40], Step: [141/782], Loss: 0.5217884182929993
Rank:0 Epoch: [13/40], Step: [151/782], Loss: 0.47880393266677856
Rank:0 Epoch: [13/40], Step: [161/782], Loss: 0.3638038635253906
Rank:0 Epoch: [13/40], Step: [171/782], Loss: 0.2965437173843384
Rank:0 Epoch: [13/40], Step: [181/782], Loss: 0.28621166944503784
Rank:0 Epoch: [13/40], Step: [191/782], Loss: 0.52003014087677
Rank:0 Epoch: [13/40], Step: [201/782], Loss: 0.3569343090057373
Rank:0 Epoch: [13/40], Step: [211/782], Loss: 0.5736451148986816
Rank:0 Epoch: [13/40], Step: [221/782], Loss: 0.36398929357528687
Rank:0 Epoch: [13/40], Step: [231/782], Loss: 0.5165802240371704
Rank:0 Epoch: [13/40], Step: [241/782], Loss: 0.6158474683761597
Rank:0 Epoch: [13/40], Step: [251/782], Loss: 0.22074711322784424
Rank:0 Epoch: [13/40], Step: [261/782], Loss: 0.4958029091358185
Rank:0 Epoch: [13/40], Step: [271/782], Loss: 0.3930235505104065
Rank:0 Epoch: [13/40], Step: [281/782], Loss: 0.4390089213848114
Rank:0 Epoch: [13/40], Step: [291/782], Loss: 0.340700626373291
Rank:0 Epoch: [13/40], Step: [301/782], Loss: 0.3737262487411499
Rank:0 Epoch: [13/40], Step: [311/782], Loss: 0.2804417610168457
Rank:0 Epoch: [13/40], Step: [321/782], Loss: 0.45087605714797974
Rank:0 Epoch: [13/40], Step: [331/782], Loss: 0.43259677290916443
Rank:0 Epoch: [13/40], Step: [341/782], Loss: 0.3001958429813385
Rank:0 Epoch: [13/40], Step: [351/782], Loss: 0.5338397026062012
Rank:0 Epoch: [13/40], Step: [361/782], Loss: 0.4468650817871094
Rank:0 Epoch: [13/40], Step: [371/782], Loss: 0.4546434283256531
Rank:0 Epoch: [13/40], Step: [381/782], Loss: 0.24104468524456024
Rank:0 Epoch: [13/40], Step: [391/782], Loss: 0.5015187859535217
Rank:0 Epoch: [13/40], Step: [401/782], Loss: 0.3263870179653168
Rank:0 Epoch: [13/40], Step: [411/782], Loss: 0.6980232000350952
Rank:0 Epoch: [13/40], Step: [421/782], Loss: 0.3496290445327759
Rank:0 Epoch: [13/40], Step: [431/782], Loss: 0.34017813205718994
Rank:0 Epoch: [13/40], Step: [441/782], Loss: 0.5277464389801025
Rank:0 Epoch: [13/40], Step: [451/782], Loss: 0.3772491216659546
Rank:0 Epoch: [13/40], Step: [461/782], Loss: 0.43355226516723633
Rank:0 Epoch: [13/40], Step: [471/782], Loss: 0.34386497735977173
Rank:0 Epoch: [13/40], Step: [481/782], Loss: 0.5242213606834412
Rank:0 Epoch: [13/40], Step: [491/782], Loss: 0.3728136122226715
Rank:0 Epoch: [13/40], Step: [501/782], Loss: 0.46044522523880005
Rank:0 Epoch: [13/40], Step: [511/782], Loss: 0.43242448568344116
Rank:0 Epoch: [13/40], Step: [521/782], Loss: 0.2898995876312256
Rank:0 Epoch: [13/40], Step: [531/782], Loss: 0.46571826934814453
Rank:0 Epoch: [13/40], Step: [541/782], Loss: 0.553578794002533
Rank:0 Epoch: [13/40], Step: [551/782], Loss: 0.5431684255599976
Rank:0 Epoch: [13/40], Step: [561/782], Loss: 0.5155555605888367
Rank:0 Epoch: [13/40], Step: [571/782], Loss: 0.3474491834640503
Rank:0 Epoch: [13/40], Step: [581/782], Loss: 0.3235582709312439
Rank:0 Epoch: [13/40], Step: [591/782], Loss: 0.44728150963783264
Rank:0 Epoch: [13/40], Step: [601/782], Loss: 0.38389596343040466
Rank:0 Epoch: [13/40], Step: [611/782], Loss: 0.30925384163856506
Rank:0 Epoch: [13/40], Step: [621/782], Loss: 0.5102770328521729
Rank:0 Epoch: [13/40], Step: [631/782], Loss: 0.6438450813293457
Rank:0 Epoch: [13/40], Step: [641/782], Loss: 0.41444000601768494
Rank:0 Epoch: [13/40], Step: [651/782], Loss: 0.4107550084590912
Rank:0 Epoch: [13/40], Step: [661/782], Loss: 0.47029581665992737
Rank:0 Epoch: [13/40], Step: [671/782], Loss: 0.47888338565826416
Rank:0 Epoch: [13/40], Step: [681/782], Loss: 0.4363895058631897
Rank:0 Epoch: [13/40], Step: [691/782], Loss: 0.3565588593482971
Rank:0 Epoch: [13/40], Step: [701/782], Loss: 0.48093971610069275
Rank:0 Epoch: [13/40], Step: [711/782], Loss: 0.3664880692958832
Rank:0 Epoch: [13/40], Step: [721/782], Loss: 0.32855045795440674
Rank:0 Epoch: [13/40], Step: [731/782], Loss: 0.3773997128009796
Rank:0 Epoch: [13/40], Step: [741/782], Loss: 0.6148126721382141
Rank:0 Epoch: [13/40], Step: [751/782], Loss: 0.4694192111492157
Rank:0 Epoch: [13/40], Step: [761/782], Loss: 0.37632888555526733
Rank:0 Epoch: [13/40], Step: [771/782], Loss: 0.44504955410957336
Rank:0 Epoch: [13/40], Step: [781/782], Loss: 0.5303625464439392
Current Test Acc: 0.8182
Rank:0 Epoch: [14/40], Step: [1/782], Loss: 0.5277503728866577
Rank:0 Epoch: [14/40], Step: [11/782], Loss: 0.6476065516471863
Rank:0 Epoch: [14/40], Step: [21/782], Loss: 0.3441077768802643
Rank:0 Epoch: [14/40], Step: [31/782], Loss: 0.3506680130958557
Rank:0 Epoch: [14/40], Step: [41/782], Loss: 0.45057958364486694
Rank:0 Epoch: [14/40], Step: [51/782], Loss: 0.3704507052898407
Rank:0 Epoch: [14/40], Step: [61/782], Loss: 0.3963242471218109
Rank:0 Epoch: [14/40], Step: [71/782], Loss: 0.6205906271934509
Rank:0 Epoch: [14/40], Step: [81/782], Loss: 0.24359503388404846
Rank:0 Epoch: [14/40], Step: [91/782], Loss: 0.2574939429759979
Rank:0 Epoch: [14/40], Step: [101/782], Loss: 0.3288010060787201
Rank:0 Epoch: [14/40], Step: [111/782], Loss: 0.5799610018730164
Rank:0 Epoch: [14/40], Step: [121/782], Loss: 0.468492329120636
Rank:0 Epoch: [14/40], Step: [131/782], Loss: 0.29932984709739685
Rank:0 Epoch: [14/40], Step: [141/782], Loss: 0.434143990278244
Rank:0 Epoch: [14/40], Step: [151/782], Loss: 0.6056575179100037
Rank:0 Epoch: [14/40], Step: [161/782], Loss: 0.6079502701759338
Rank:0 Epoch: [14/40], Step: [171/782], Loss: 0.5894317626953125
Rank:0 Epoch: [14/40], Step: [181/782], Loss: 0.40618425607681274
Rank:0 Epoch: [14/40], Step: [191/782], Loss: 0.4616539776325226
Rank:0 Epoch: [14/40], Step: [201/782], Loss: 0.4546188414096832
Rank:0 Epoch: [14/40], Step: [211/782], Loss: 0.5508981943130493
Rank:0 Epoch: [14/40], Step: [221/782], Loss: 0.2755315899848938
Rank:0 Epoch: [14/40], Step: [231/782], Loss: 0.629828691482544
Rank:0 Epoch: [14/40], Step: [241/782], Loss: 0.26236578822135925
Rank:0 Epoch: [14/40], Step: [251/782], Loss: 0.5608391761779785
Rank:0 Epoch: [14/40], Step: [261/782], Loss: 0.5352299809455872
Rank:0 Epoch: [14/40], Step: [271/782], Loss: 0.5937685966491699
Rank:0 Epoch: [14/40], Step: [281/782], Loss: 0.31331050395965576
Rank:0 Epoch: [14/40], Step: [291/782], Loss: 0.3565257787704468
Rank:0 Epoch: [14/40], Step: [301/782], Loss: 0.42535388469696045
Rank:0 Epoch: [14/40], Step: [311/782], Loss: 0.3788258731365204
Rank:0 Epoch: [14/40], Step: [321/782], Loss: 0.3279191553592682
Rank:0 Epoch: [14/40], Step: [331/782], Loss: 0.473103791475296
Rank:0 Epoch: [14/40], Step: [341/782], Loss: 0.5887041687965393
Rank:0 Epoch: [14/40], Step: [351/782], Loss: 0.4308027923107147
Rank:0 Epoch: [14/40], Step: [361/782], Loss: 0.4213820993900299
Rank:0 Epoch: [14/40], Step: [371/782], Loss: 0.7432454824447632
Rank:0 Epoch: [14/40], Step: [381/782], Loss: 0.4739529490470886
Rank:0 Epoch: [14/40], Step: [391/782], Loss: 0.3128036558628082
Rank:0 Epoch: [14/40], Step: [401/782], Loss: 0.5265630483627319
Rank:0 Epoch: [14/40], Step: [411/782], Loss: 0.3726370632648468
Rank:0 Epoch: [14/40], Step: [421/782], Loss: 0.41485607624053955
Rank:0 Epoch: [14/40], Step: [431/782], Loss: 0.5075636506080627
Rank:0 Epoch: [14/40], Step: [441/782], Loss: 0.436271071434021
Rank:0 Epoch: [14/40], Step: [451/782], Loss: 0.3960782587528229
Rank:0 Epoch: [14/40], Step: [461/782], Loss: 0.44930219650268555
Rank:0 Epoch: [14/40], Step: [471/782], Loss: 0.34718382358551025
Rank:0 Epoch: [14/40], Step: [481/782], Loss: 0.44183722138404846
Rank:0 Epoch: [14/40], Step: [491/782], Loss: 0.3609684407711029
Rank:0 Epoch: [14/40], Step: [501/782], Loss: 0.2881167232990265
Rank:0 Epoch: [14/40], Step: [511/782], Loss: 0.45068565011024475
Rank:0 Epoch: [14/40], Step: [521/782], Loss: 0.32791703939437866
Rank:0 Epoch: [14/40], Step: [531/782], Loss: 0.31349703669548035
Rank:0 Epoch: [14/40], Step: [541/782], Loss: 0.3598589301109314
Rank:0 Epoch: [14/40], Step: [551/782], Loss: 0.2996419072151184
Rank:0 Epoch: [14/40], Step: [561/782], Loss: 0.4485352635383606
Rank:0 Epoch: [14/40], Step: [571/782], Loss: 0.46406590938568115
Rank:0 Epoch: [14/40], Step: [581/782], Loss: 0.3065677285194397
Rank:0 Epoch: [14/40], Step: [591/782], Loss: 0.33502742648124695
Rank:0 Epoch: [14/40], Step: [601/782], Loss: 0.5434128046035767
Rank:0 Epoch: [14/40], Step: [611/782], Loss: 0.4048818051815033
Rank:0 Epoch: [14/40], Step: [621/782], Loss: 0.370883584022522
Rank:0 Epoch: [14/40], Step: [631/782], Loss: 0.16180674731731415
Rank:0 Epoch: [14/40], Step: [641/782], Loss: 0.4268382489681244
Rank:0 Epoch: [14/40], Step: [651/782], Loss: 0.40297797322273254
Rank:0 Epoch: [14/40], Step: [661/782], Loss: 0.45781025290489197
Rank:0 Epoch: [14/40], Step: [671/782], Loss: 0.5624266862869263
Rank:0 Epoch: [14/40], Step: [681/782], Loss: 0.4060456156730652
Rank:0 Epoch: [14/40], Step: [691/782], Loss: 0.3895881772041321
Rank:0 Epoch: [14/40], Step: [701/782], Loss: 0.24825505912303925
Rank:0 Epoch: [14/40], Step: [711/782], Loss: 0.4870185852050781
Rank:0 Epoch: [14/40], Step: [721/782], Loss: 0.5554553866386414
Rank:0 Epoch: [14/40], Step: [731/782], Loss: 0.6063643097877502
Rank:0 Epoch: [14/40], Step: [741/782], Loss: 0.32962310314178467
Rank:0 Epoch: [14/40], Step: [751/782], Loss: 0.34628212451934814
Rank:0 Epoch: [14/40], Step: [761/782], Loss: 0.32094287872314453
Rank:0 Epoch: [14/40], Step: [771/782], Loss: 0.3083444833755493
Rank:0 Epoch: [14/40], Step: [781/782], Loss: 0.245267853140831
Current Test Acc: 0.8096
Rank:0 Epoch: [15/40], Step: [1/782], Loss: 0.5870396494865417
Rank:0 Epoch: [15/40], Step: [11/782], Loss: 0.520256519317627
Rank:0 Epoch: [15/40], Step: [21/782], Loss: 0.3788430094718933
Rank:0 Epoch: [15/40], Step: [31/782], Loss: 0.3149386942386627
Rank:0 Epoch: [15/40], Step: [41/782], Loss: 0.45208239555358887
Rank:0 Epoch: [15/40], Step: [51/782], Loss: 0.5610135793685913
Rank:0 Epoch: [15/40], Step: [61/782], Loss: 0.3149888813495636
Rank:0 Epoch: [15/40], Step: [71/782], Loss: 0.5049604177474976
Rank:0 Epoch: [15/40], Step: [81/782], Loss: 0.4071418344974518
Rank:0 Epoch: [15/40], Step: [91/782], Loss: 0.1822253316640854
Rank:0 Epoch: [15/40], Step: [101/782], Loss: 0.37869372963905334
Rank:0 Epoch: [15/40], Step: [111/782], Loss: 0.25206685066223145
Rank:0 Epoch: [15/40], Step: [121/782], Loss: 0.327554851770401
Rank:0 Epoch: [15/40], Step: [131/782], Loss: 0.49159765243530273
Rank:0 Epoch: [15/40], Step: [141/782], Loss: 0.32400259375572205
Rank:0 Epoch: [15/40], Step: [151/782], Loss: 0.43907976150512695
Rank:0 Epoch: [15/40], Step: [161/782], Loss: 0.6065718531608582
Rank:0 Epoch: [15/40], Step: [171/782], Loss: 0.24941882491111755
Rank:0 Epoch: [15/40], Step: [181/782], Loss: 0.49099966883659363
Rank:0 Epoch: [15/40], Step: [191/782], Loss: 0.3852684497833252
Rank:0 Epoch: [15/40], Step: [201/782], Loss: 0.40028420090675354
Rank:0 Epoch: [15/40], Step: [211/782], Loss: 0.3356549143791199
Rank:0 Epoch: [15/40], Step: [221/782], Loss: 0.36186590790748596
Rank:0 Epoch: [15/40], Step: [231/782], Loss: 0.34202903509140015
Rank:0 Epoch: [15/40], Step: [241/782], Loss: 0.42921942472457886
Rank:0 Epoch: [15/40], Step: [251/782], Loss: 0.5775923728942871
Rank:0 Epoch: [15/40], Step: [261/782], Loss: 0.3336317539215088
Rank:0 Epoch: [15/40], Step: [271/782], Loss: 0.5202099680900574
Rank:0 Epoch: [15/40], Step: [281/782], Loss: 0.40721967816352844
Rank:0 Epoch: [15/40], Step: [291/782], Loss: 0.42190054059028625
Rank:0 Epoch: [15/40], Step: [301/782], Loss: 0.34730133414268494
Rank:0 Epoch: [15/40], Step: [311/782], Loss: 0.31222692131996155
Rank:0 Epoch: [15/40], Step: [321/782], Loss: 0.6107583045959473
Rank:0 Epoch: [15/40], Step: [331/782], Loss: 0.40759503841400146
Rank:0 Epoch: [15/40], Step: [341/782], Loss: 0.48249855637550354
Rank:0 Epoch: [15/40], Step: [351/782], Loss: 0.42489156126976013
Rank:0 Epoch: [15/40], Step: [361/782], Loss: 0.35465285181999207
Rank:0 Epoch: [15/40], Step: [371/782], Loss: 0.3738791048526764
Rank:0 Epoch: [15/40], Step: [381/782], Loss: 0.9012588858604431
Rank:0 Epoch: [15/40], Step: [391/782], Loss: 0.3930714726448059
Rank:0 Epoch: [15/40], Step: [401/782], Loss: 0.49292030930519104
Rank:0 Epoch: [15/40], Step: [411/782], Loss: 0.5567147731781006
Rank:0 Epoch: [15/40], Step: [421/782], Loss: 0.28197363018989563
Rank:0 Epoch: [15/40], Step: [431/782], Loss: 0.5472680926322937
Rank:0 Epoch: [15/40], Step: [441/782], Loss: 0.4616492986679077
Rank:0 Epoch: [15/40], Step: [451/782], Loss: 0.2800128757953644
Rank:0 Epoch: [15/40], Step: [461/782], Loss: 0.39003920555114746
Rank:0 Epoch: [15/40], Step: [471/782], Loss: 0.39934659004211426
Rank:0 Epoch: [15/40], Step: [481/782], Loss: 0.4168131351470947
Rank:0 Epoch: [15/40], Step: [491/782], Loss: 0.4655824601650238
Rank:0 Epoch: [15/40], Step: [501/782], Loss: 0.3356892168521881
Rank:0 Epoch: [15/40], Step: [511/782], Loss: 0.4369733929634094
Rank:0 Epoch: [15/40], Step: [521/782], Loss: 0.2938880920410156
Rank:0 Epoch: [15/40], Step: [531/782], Loss: 0.35632678866386414
Rank:0 Epoch: [15/40], Step: [541/782], Loss: 0.4222041964530945
Rank:0 Epoch: [15/40], Step: [551/782], Loss: 0.5024114847183228
Rank:0 Epoch: [15/40], Step: [561/782], Loss: 0.5515501499176025
Rank:0 Epoch: [15/40], Step: [571/782], Loss: 0.5866713523864746
Rank:0 Epoch: [15/40], Step: [581/782], Loss: 0.357716828584671
Rank:0 Epoch: [15/40], Step: [591/782], Loss: 0.303387314081192
Rank:0 Epoch: [15/40], Step: [601/782], Loss: 0.4460154175758362
Rank:0 Epoch: [15/40], Step: [611/782], Loss: 0.46391719579696655
Rank:0 Epoch: [15/40], Step: [621/782], Loss: 0.4381166398525238
Rank:0 Epoch: [15/40], Step: [631/782], Loss: 0.34277042746543884
Rank:0 Epoch: [15/40], Step: [641/782], Loss: 0.3882351517677307
Rank:0 Epoch: [15/40], Step: [651/782], Loss: 0.35968828201293945
Rank:0 Epoch: [15/40], Step: [661/782], Loss: 0.39031335711479187
Rank:0 Epoch: [15/40], Step: [671/782], Loss: 0.24470174312591553
Rank:0 Epoch: [15/40], Step: [681/782], Loss: 0.43335282802581787
Rank:0 Epoch: [15/40], Step: [691/782], Loss: 0.4464954733848572
Rank:0 Epoch: [15/40], Step: [701/782], Loss: 0.3090076148509979
Rank:0 Epoch: [15/40], Step: [711/782], Loss: 0.5020161271095276
Rank:0 Epoch: [15/40], Step: [721/782], Loss: 0.3390685021877289
Rank:0 Epoch: [15/40], Step: [731/782], Loss: 0.6568741202354431
Rank:0 Epoch: [15/40], Step: [741/782], Loss: 0.6443965435028076
Rank:0 Epoch: [15/40], Step: [751/782], Loss: 0.3154756426811218
Rank:0 Epoch: [15/40], Step: [761/782], Loss: 0.7149837017059326
Rank:0 Epoch: [15/40], Step: [771/782], Loss: 0.5363314151763916
Rank:0 Epoch: [15/40], Step: [781/782], Loss: 0.3726409077644348
Current Test Acc: 0.8345
Rank:0 Epoch: [16/40], Step: [1/782], Loss: 0.43801963329315186
Rank:0 Epoch: [16/40], Step: [11/782], Loss: 0.549747884273529
Rank:0 Epoch: [16/40], Step: [21/782], Loss: 0.5523225665092468
Rank:0 Epoch: [16/40], Step: [31/782], Loss: 0.49394187331199646
Rank:0 Epoch: [16/40], Step: [41/782], Loss: 0.46724933385849
Rank:0 Epoch: [16/40], Step: [51/782], Loss: 0.30582836270332336
Rank:0 Epoch: [16/40], Step: [61/782], Loss: 0.50893634557724
Rank:0 Epoch: [16/40], Step: [71/782], Loss: 0.3906724750995636
Rank:0 Epoch: [16/40], Step: [81/782], Loss: 0.348498672246933
Rank:0 Epoch: [16/40], Step: [91/782], Loss: 0.218324214220047
Rank:0 Epoch: [16/40], Step: [101/782], Loss: 0.3912424147129059
Rank:0 Epoch: [16/40], Step: [111/782], Loss: 0.4307974576950073
Rank:0 Epoch: [16/40], Step: [121/782], Loss: 0.39825722575187683
Rank:0 Epoch: [16/40], Step: [131/782], Loss: 0.36947867274284363
Rank:0 Epoch: [16/40], Step: [141/782], Loss: 0.32190272212028503
Rank:0 Epoch: [16/40], Step: [151/782], Loss: 0.19930772483348846
Rank:0 Epoch: [16/40], Step: [161/782], Loss: 0.5260834097862244
Rank:0 Epoch: [16/40], Step: [171/782], Loss: 0.4474785029888153
Rank:0 Epoch: [16/40], Step: [181/782], Loss: 0.3019823431968689
Rank:0 Epoch: [16/40], Step: [191/782], Loss: 0.4759928286075592
Rank:0 Epoch: [16/40], Step: [201/782], Loss: 0.44884607195854187
Rank:0 Epoch: [16/40], Step: [211/782], Loss: 0.5977460741996765
Rank:0 Epoch: [16/40], Step: [221/782], Loss: 0.2484559267759323
Rank:0 Epoch: [16/40], Step: [231/782], Loss: 0.27336668968200684
Rank:0 Epoch: [16/40], Step: [241/782], Loss: 0.4828881621360779
Rank:0 Epoch: [16/40], Step: [251/782], Loss: 0.46128490567207336
Rank:0 Epoch: [16/40], Step: [261/782], Loss: 0.5221529006958008
Rank:0 Epoch: [16/40], Step: [271/782], Loss: 0.2699262499809265
Rank:0 Epoch: [16/40], Step: [281/782], Loss: 0.5720783472061157
Rank:0 Epoch: [16/40], Step: [291/782], Loss: 0.45052915811538696
Rank:0 Epoch: [16/40], Step: [301/782], Loss: 0.5167911052703857
Rank:0 Epoch: [16/40], Step: [311/782], Loss: 0.47688382863998413
Rank:0 Epoch: [16/40], Step: [321/782], Loss: 0.39852869510650635
Rank:0 Epoch: [16/40], Step: [331/782], Loss: 0.47397562861442566
Rank:0 Epoch: [16/40], Step: [341/782], Loss: 0.48972266912460327
Rank:0 Epoch: [16/40], Step: [351/782], Loss: 0.4837613105773926
Rank:0 Epoch: [16/40], Step: [361/782], Loss: 0.27019569277763367
Rank:0 Epoch: [16/40], Step: [371/782], Loss: 0.39302030205726624
Rank:0 Epoch: [16/40], Step: [381/782], Loss: 0.3472588360309601
Rank:0 Epoch: [16/40], Step: [391/782], Loss: 0.4279351830482483
Rank:0 Epoch: [16/40], Step: [401/782], Loss: 0.28279152512550354
Rank:0 Epoch: [16/40], Step: [411/782], Loss: 0.8854408860206604
Rank:0 Epoch: [16/40], Step: [421/782], Loss: 0.6027476787567139
Rank:0 Epoch: [16/40], Step: [431/782], Loss: 0.5173535346984863
Rank:0 Epoch: [16/40], Step: [441/782], Loss: 0.44934776425361633
Rank:0 Epoch: [16/40], Step: [451/782], Loss: 0.40741288661956787
Rank:0 Epoch: [16/40], Step: [461/782], Loss: 0.5422617793083191
Rank:0 Epoch: [16/40], Step: [471/782], Loss: 0.43409499526023865
Rank:0 Epoch: [16/40], Step: [481/782], Loss: 0.34931671619415283
Rank:0 Epoch: [16/40], Step: [491/782], Loss: 0.30724018812179565
Rank:0 Epoch: [16/40], Step: [501/782], Loss: 0.4607551097869873
Rank:0 Epoch: [16/40], Step: [511/782], Loss: 0.22661040723323822
Rank:0 Epoch: [16/40], Step: [521/782], Loss: 0.4971335828304291
Rank:0 Epoch: [16/40], Step: [531/782], Loss: 0.4016212224960327
Rank:0 Epoch: [16/40], Step: [541/782], Loss: 0.3846033215522766
Rank:0 Epoch: [16/40], Step: [551/782], Loss: 0.34852415323257446
Rank:0 Epoch: [16/40], Step: [561/782], Loss: 0.4051702618598938
Rank:0 Epoch: [16/40], Step: [571/782], Loss: 0.4294240176677704
Rank:0 Epoch: [16/40], Step: [581/782], Loss: 0.293276846408844
Rank:0 Epoch: [16/40], Step: [591/782], Loss: 0.36217284202575684
Rank:0 Epoch: [16/40], Step: [601/782], Loss: 0.4041730463504791
Rank:0 Epoch: [16/40], Step: [611/782], Loss: 0.5114225745201111
Rank:0 Epoch: [16/40], Step: [621/782], Loss: 0.5133530497550964
Rank:0 Epoch: [16/40], Step: [631/782], Loss: 0.49977290630340576
Rank:0 Epoch: [16/40], Step: [641/782], Loss: 0.4388023018836975
Rank:0 Epoch: [16/40], Step: [651/782], Loss: 0.42950761318206787
Rank:0 Epoch: [16/40], Step: [661/782], Loss: 0.3770928382873535
Rank:0 Epoch: [16/40], Step: [671/782], Loss: 0.3075021505355835
Rank:0 Epoch: [16/40], Step: [681/782], Loss: 0.44435882568359375
Rank:0 Epoch: [16/40], Step: [691/782], Loss: 0.2935519218444824
Rank:0 Epoch: [16/40], Step: [701/782], Loss: 0.3790457248687744
Rank:0 Epoch: [16/40], Step: [711/782], Loss: 0.43100184202194214
Rank:0 Epoch: [16/40], Step: [721/782], Loss: 0.6289694309234619
Rank:0 Epoch: [16/40], Step: [731/782], Loss: 0.3494485318660736
Rank:0 Epoch: [16/40], Step: [741/782], Loss: 0.5294895172119141
Rank:0 Epoch: [16/40], Step: [751/782], Loss: 0.536268413066864
Rank:0 Epoch: [16/40], Step: [761/782], Loss: 0.4463365077972412
Rank:0 Epoch: [16/40], Step: [771/782], Loss: 0.3647974729537964
Rank:0 Epoch: [16/40], Step: [781/782], Loss: 0.4460919499397278
Current Test Acc: 0.8204
Rank:0 Epoch: [17/40], Step: [1/782], Loss: 0.25630542635917664
Rank:0 Epoch: [17/40], Step: [11/782], Loss: 0.45036086440086365
Rank:0 Epoch: [17/40], Step: [21/782], Loss: 0.34607136249542236
Rank:0 Epoch: [17/40], Step: [31/782], Loss: 0.3316662907600403
Rank:0 Epoch: [17/40], Step: [41/782], Loss: 0.296482652425766
Rank:0 Epoch: [17/40], Step: [51/782], Loss: 0.4269391894340515
Rank:0 Epoch: [17/40], Step: [61/782], Loss: 0.4877614676952362
Rank:0 Epoch: [17/40], Step: [71/782], Loss: 0.49117526412010193
Rank:0 Epoch: [17/40], Step: [81/782], Loss: 0.3379589319229126
Rank:0 Epoch: [17/40], Step: [91/782], Loss: 0.2720848619937897
Rank:0 Epoch: [17/40], Step: [101/782], Loss: 0.2668915390968323
Rank:0 Epoch: [17/40], Step: [111/782], Loss: 0.42926931381225586
Rank:0 Epoch: [17/40], Step: [121/782], Loss: 0.2967994213104248
Rank:0 Epoch: [17/40], Step: [131/782], Loss: 0.35612374544143677
Rank:0 Epoch: [17/40], Step: [141/782], Loss: 0.5663183331489563
Rank:0 Epoch: [17/40], Step: [151/782], Loss: 0.30130383372306824
Rank:0 Epoch: [17/40], Step: [161/782], Loss: 0.39046916365623474
Rank:0 Epoch: [17/40], Step: [171/782], Loss: 0.6843069791793823
Rank:0 Epoch: [17/40], Step: [181/782], Loss: 0.4049273729324341
Rank:0 Epoch: [17/40], Step: [191/782], Loss: 0.2640525996685028
Rank:0 Epoch: [17/40], Step: [201/782], Loss: 0.44393280148506165
Rank:0 Epoch: [17/40], Step: [211/782], Loss: 0.45759880542755127
Rank:0 Epoch: [17/40], Step: [221/782], Loss: 0.3654378354549408
Rank:0 Epoch: [17/40], Step: [231/782], Loss: 0.4385364055633545
Rank:0 Epoch: [17/40], Step: [241/782], Loss: 0.5069453120231628
Rank:0 Epoch: [17/40], Step: [251/782], Loss: 0.4572394788265228
Rank:0 Epoch: [17/40], Step: [261/782], Loss: 0.3835861384868622
Rank:0 Epoch: [17/40], Step: [271/782], Loss: 0.46972593665122986
Rank:0 Epoch: [17/40], Step: [281/782], Loss: 0.30533236265182495
Rank:0 Epoch: [17/40], Step: [291/782], Loss: 0.5494500398635864
Rank:0 Epoch: [17/40], Step: [301/782], Loss: 0.25989285111427307
Rank:0 Epoch: [17/40], Step: [311/782], Loss: 0.3370046615600586
Rank:0 Epoch: [17/40], Step: [321/782], Loss: 0.4530685245990753
Rank:0 Epoch: [17/40], Step: [331/782], Loss: 0.41430574655532837
Rank:0 Epoch: [17/40], Step: [341/782], Loss: 0.35873448848724365
Rank:0 Epoch: [17/40], Step: [351/782], Loss: 0.288070410490036
Rank:0 Epoch: [17/40], Step: [361/782], Loss: 0.3355843126773834
Rank:0 Epoch: [17/40], Step: [371/782], Loss: 0.46214088797569275
Rank:0 Epoch: [17/40], Step: [381/782], Loss: 0.494608998298645
Rank:0 Epoch: [17/40], Step: [391/782], Loss: 0.3495561182498932
Rank:0 Epoch: [17/40], Step: [401/782], Loss: 0.4373999238014221
Rank:0 Epoch: [17/40], Step: [411/782], Loss: 0.41277098655700684
Rank:0 Epoch: [17/40], Step: [421/782], Loss: 0.3507864475250244
Rank:0 Epoch: [17/40], Step: [431/782], Loss: 0.3496277928352356
Rank:0 Epoch: [17/40], Step: [441/782], Loss: 0.3525262475013733
Rank:0 Epoch: [17/40], Step: [451/782], Loss: 0.2737289071083069
Rank:0 Epoch: [17/40], Step: [461/782], Loss: 0.40654200315475464
Rank:0 Epoch: [17/40], Step: [471/782], Loss: 0.406375527381897
Rank:0 Epoch: [17/40], Step: [481/782], Loss: 0.20161764323711395
Rank:0 Epoch: [17/40], Step: [491/782], Loss: 0.4262063801288605
Rank:0 Epoch: [17/40], Step: [501/782], Loss: 0.3494105935096741
Rank:0 Epoch: [17/40], Step: [511/782], Loss: 0.4598276913166046
Rank:0 Epoch: [17/40], Step: [521/782], Loss: 0.38966700434684753
Rank:0 Epoch: [17/40], Step: [531/782], Loss: 0.6195162534713745
Rank:0 Epoch: [17/40], Step: [541/782], Loss: 0.33065342903137207
Rank:0 Epoch: [17/40], Step: [551/782], Loss: 0.44884756207466125
Rank:0 Epoch: [17/40], Step: [561/782], Loss: 0.46088626980781555
Rank:0 Epoch: [17/40], Step: [571/782], Loss: 0.3147502839565277
Rank:0 Epoch: [17/40], Step: [581/782], Loss: 0.48494887351989746
Rank:0 Epoch: [17/40], Step: [591/782], Loss: 0.3582080006599426
Rank:0 Epoch: [17/40], Step: [601/782], Loss: 0.2697509527206421
Rank:0 Epoch: [17/40], Step: [611/782], Loss: 0.48289012908935547
Rank:0 Epoch: [17/40], Step: [621/782], Loss: 0.5125396251678467
Rank:0 Epoch: [17/40], Step: [631/782], Loss: 0.3591567575931549
Rank:0 Epoch: [17/40], Step: [641/782], Loss: 0.259189248085022
Rank:0 Epoch: [17/40], Step: [651/782], Loss: 0.3481515944004059
Rank:0 Epoch: [17/40], Step: [661/782], Loss: 0.3675638735294342
Rank:0 Epoch: [17/40], Step: [671/782], Loss: 0.4248955249786377
Rank:0 Epoch: [17/40], Step: [681/782], Loss: 0.24608378112316132
Rank:0 Epoch: [17/40], Step: [691/782], Loss: 0.33483707904815674
Rank:0 Epoch: [17/40], Step: [701/782], Loss: 0.3349669575691223
Rank:0 Epoch: [17/40], Step: [711/782], Loss: 0.46654194593429565
Rank:0 Epoch: [17/40], Step: [721/782], Loss: 0.4469951391220093
Rank:0 Epoch: [17/40], Step: [731/782], Loss: 0.24568626284599304
Rank:0 Epoch: [17/40], Step: [741/782], Loss: 0.39581185579299927
Rank:0 Epoch: [17/40], Step: [751/782], Loss: 0.5687143802642822
Rank:0 Epoch: [17/40], Step: [761/782], Loss: 0.3722256124019623
Rank:0 Epoch: [17/40], Step: [771/782], Loss: 0.5041381120681763
Rank:0 Epoch: [17/40], Step: [781/782], Loss: 0.2867749035358429
Current Test Acc: 0.8194
Rank:0 Epoch: [18/40], Step: [1/782], Loss: 0.3610239624977112
Rank:0 Epoch: [18/40], Step: [11/782], Loss: 0.28807565569877625
Rank:0 Epoch: [18/40], Step: [21/782], Loss: 0.5554734468460083
Rank:0 Epoch: [18/40], Step: [31/782], Loss: 0.30782341957092285
Rank:0 Epoch: [18/40], Step: [41/782], Loss: 0.28838860988616943
Rank:0 Epoch: [18/40], Step: [51/782], Loss: 0.2522803246974945
Rank:0 Epoch: [18/40], Step: [61/782], Loss: 0.6141427159309387
Rank:0 Epoch: [18/40], Step: [71/782], Loss: 0.24805550277233124
Rank:0 Epoch: [18/40], Step: [81/782], Loss: 0.42565107345581055
Rank:0 Epoch: [18/40], Step: [91/782], Loss: 0.35288310050964355
Rank:0 Epoch: [18/40], Step: [101/782], Loss: 0.321934312582016
Rank:0 Epoch: [18/40], Step: [111/782], Loss: 0.3532375693321228
Rank:0 Epoch: [18/40], Step: [121/782], Loss: 0.47075051069259644
Rank:0 Epoch: [18/40], Step: [131/782], Loss: 0.44639015197753906
Rank:0 Epoch: [18/40], Step: [141/782], Loss: 0.2880442440509796
Rank:0 Epoch: [18/40], Step: [151/782], Loss: 0.31531599164009094
Rank:0 Epoch: [18/40], Step: [161/782], Loss: 0.3484984338283539
Rank:0 Epoch: [18/40], Step: [171/782], Loss: 0.42314568161964417
Rank:0 Epoch: [18/40], Step: [181/782], Loss: 0.22331729531288147
Rank:0 Epoch: [18/40], Step: [191/782], Loss: 0.7425587773323059
Rank:0 Epoch: [18/40], Step: [201/782], Loss: 0.5134660005569458
Rank:0 Epoch: [18/40], Step: [211/782], Loss: 0.4484918713569641
Rank:0 Epoch: [18/40], Step: [221/782], Loss: 0.20400379598140717
Rank:0 Epoch: [18/40], Step: [231/782], Loss: 0.26216018199920654
Rank:0 Epoch: [18/40], Step: [241/782], Loss: 0.33180537819862366
Rank:0 Epoch: [18/40], Step: [251/782], Loss: 0.3538373112678528
Rank:0 Epoch: [18/40], Step: [261/782], Loss: 0.4886280298233032
Rank:0 Epoch: [18/40], Step: [271/782], Loss: 0.5030461549758911
Rank:0 Epoch: [18/40], Step: [281/782], Loss: 0.360995352268219
Rank:0 Epoch: [18/40], Step: [291/782], Loss: 0.31202277541160583
Rank:0 Epoch: [18/40], Step: [301/782], Loss: 0.40700700879096985
Rank:0 Epoch: [18/40], Step: [311/782], Loss: 0.5815421938896179
Rank:0 Epoch: [18/40], Step: [321/782], Loss: 0.3503723740577698
Rank:0 Epoch: [18/40], Step: [331/782], Loss: 0.5194000601768494
Rank:0 Epoch: [18/40], Step: [341/782], Loss: 0.42324399948120117
Rank:0 Epoch: [18/40], Step: [351/782], Loss: 0.308046817779541
Rank:0 Epoch: [18/40], Step: [361/782], Loss: 0.5794187188148499
Rank:0 Epoch: [18/40], Step: [371/782], Loss: 0.4519370496273041
Rank:0 Epoch: [18/40], Step: [381/782], Loss: 0.13371586799621582
Rank:0 Epoch: [18/40], Step: [391/782], Loss: 0.4205160140991211
Rank:0 Epoch: [18/40], Step: [401/782], Loss: 0.38107720017433167
Rank:0 Epoch: [18/40], Step: [411/782], Loss: 0.3182249367237091
Rank:0 Epoch: [18/40], Step: [421/782], Loss: 0.37264296412467957
Rank:0 Epoch: [18/40], Step: [431/782], Loss: 0.3300026059150696
Rank:0 Epoch: [18/40], Step: [441/782], Loss: 0.3310772180557251
Rank:0 Epoch: [18/40], Step: [451/782], Loss: 0.33216217160224915
Rank:0 Epoch: [18/40], Step: [461/782], Loss: 0.4671660363674164
Rank:0 Epoch: [18/40], Step: [471/782], Loss: 0.5397040843963623
Rank:0 Epoch: [18/40], Step: [481/782], Loss: 0.45497646927833557
Rank:0 Epoch: [18/40], Step: [491/782], Loss: 0.32911500334739685
Rank:0 Epoch: [18/40], Step: [501/782], Loss: 0.48614785075187683
Rank:0 Epoch: [18/40], Step: [511/782], Loss: 0.5296174883842468
Rank:0 Epoch: [18/40], Step: [521/782], Loss: 0.33241793513298035
Rank:0 Epoch: [18/40], Step: [531/782], Loss: 0.4371568560600281
Rank:0 Epoch: [18/40], Step: [541/782], Loss: 0.5193779468536377
Rank:0 Epoch: [18/40], Step: [551/782], Loss: 0.37848663330078125
Rank:0 Epoch: [18/40], Step: [561/782], Loss: 0.4688419997692108
Rank:0 Epoch: [18/40], Step: [571/782], Loss: 0.3952743411064148
Rank:0 Epoch: [18/40], Step: [581/782], Loss: 0.48433569073677063
Rank:0 Epoch: [18/40], Step: [591/782], Loss: 0.36097079515457153
Rank:0 Epoch: [18/40], Step: [601/782], Loss: 0.5222571492195129
Rank:0 Epoch: [18/40], Step: [611/782], Loss: 0.46503397822380066
Rank:0 Epoch: [18/40], Step: [621/782], Loss: 0.39446285367012024
Rank:0 Epoch: [18/40], Step: [631/782], Loss: 0.5240030288696289
Rank:0 Epoch: [18/40], Step: [641/782], Loss: 0.4999515414237976
Rank:0 Epoch: [18/40], Step: [651/782], Loss: 0.4205258786678314
Rank:0 Epoch: [18/40], Step: [661/782], Loss: 0.5976258516311646
Rank:0 Epoch: [18/40], Step: [671/782], Loss: 0.3521555960178375
Rank:0 Epoch: [18/40], Step: [681/782], Loss: 0.3342781662940979
Rank:0 Epoch: [18/40], Step: [691/782], Loss: 0.6069435477256775
Rank:0 Epoch: [18/40], Step: [701/782], Loss: 0.38648250699043274
Rank:0 Epoch: [18/40], Step: [711/782], Loss: 0.44838231801986694
Rank:0 Epoch: [18/40], Step: [721/782], Loss: 0.4353679418563843
Rank:0 Epoch: [18/40], Step: [731/782], Loss: 0.29285871982574463
Rank:0 Epoch: [18/40], Step: [741/782], Loss: 0.3830898404121399
Rank:0 Epoch: [18/40], Step: [751/782], Loss: 0.33054086565971375
Rank:0 Epoch: [18/40], Step: [761/782], Loss: 0.4643878638744354
Rank:0 Epoch: [18/40], Step: [771/782], Loss: 0.29243484139442444
Rank:0 Epoch: [18/40], Step: [781/782], Loss: 0.2507000267505646
Current Test Acc: 0.8395
Rank:0 Epoch: [19/40], Step: [1/782], Loss: 0.3388509154319763
Rank:0 Epoch: [19/40], Step: [11/782], Loss: 0.26052117347717285
Rank:0 Epoch: [19/40], Step: [21/782], Loss: 0.3965979814529419
Rank:0 Epoch: [19/40], Step: [31/782], Loss: 0.3302892744541168
Rank:0 Epoch: [19/40], Step: [41/782], Loss: 0.3213663101196289
Rank:0 Epoch: [19/40], Step: [51/782], Loss: 0.3699750602245331
Rank:0 Epoch: [19/40], Step: [61/782], Loss: 0.5477364659309387
Rank:0 Epoch: [19/40], Step: [71/782], Loss: 0.17752709984779358
Rank:0 Epoch: [19/40], Step: [81/782], Loss: 0.387667179107666
Rank:0 Epoch: [19/40], Step: [91/782], Loss: 0.7689323425292969
Rank:0 Epoch: [19/40], Step: [101/782], Loss: 0.20782949030399323
Rank:0 Epoch: [19/40], Step: [111/782], Loss: 0.5267099142074585
Rank:0 Epoch: [19/40], Step: [121/782], Loss: 0.6164830327033997
Rank:0 Epoch: [19/40], Step: [131/782], Loss: 0.4328404664993286
Rank:0 Epoch: [19/40], Step: [141/782], Loss: 0.36119887232780457
Rank:0 Epoch: [19/40], Step: [151/782], Loss: 0.3504077196121216
Rank:0 Epoch: [19/40], Step: [161/782], Loss: 0.30410709977149963
Rank:0 Epoch: [19/40], Step: [171/782], Loss: 0.3857351839542389
Rank:0 Epoch: [19/40], Step: [181/782], Loss: 0.4042404890060425
Rank:0 Epoch: [19/40], Step: [191/782], Loss: 0.625264048576355
Rank:0 Epoch: [19/40], Step: [201/782], Loss: 0.338836133480072
Rank:0 Epoch: [19/40], Step: [211/782], Loss: 0.3744349479675293
Rank:0 Epoch: [19/40], Step: [221/782], Loss: 0.43064993619918823
Rank:0 Epoch: [19/40], Step: [231/782], Loss: 0.32394564151763916
Rank:0 Epoch: [19/40], Step: [241/782], Loss: 0.38851192593574524
Rank:0 Epoch: [19/40], Step: [251/782], Loss: 0.5088952779769897
Rank:0 Epoch: [19/40], Step: [261/782], Loss: 0.5648459792137146
Rank:0 Epoch: [19/40], Step: [271/782], Loss: 0.4240540862083435
Rank:0 Epoch: [19/40], Step: [281/782], Loss: 0.39413270354270935
Rank:0 Epoch: [19/40], Step: [291/782], Loss: 0.4296436011791229
Rank:0 Epoch: [19/40], Step: [301/782], Loss: 0.36027589440345764
Rank:0 Epoch: [19/40], Step: [311/782], Loss: 0.5444092750549316
Rank:0 Epoch: [19/40], Step: [321/782], Loss: 0.3655702471733093
Rank:0 Epoch: [19/40], Step: [331/782], Loss: 0.4835699796676636
Rank:0 Epoch: [19/40], Step: [341/782], Loss: 0.44887199997901917
Rank:0 Epoch: [19/40], Step: [351/782], Loss: 0.41124629974365234
Rank:0 Epoch: [19/40], Step: [361/782], Loss: 0.5226170420646667
Rank:0 Epoch: [19/40], Step: [371/782], Loss: 0.4879598021507263
Rank:0 Epoch: [19/40], Step: [381/782], Loss: 0.3123154640197754
Rank:0 Epoch: [19/40], Step: [391/782], Loss: 0.6097412705421448
Rank:0 Epoch: [19/40], Step: [401/782], Loss: 0.6420222520828247
Rank:0 Epoch: [19/40], Step: [411/782], Loss: 0.4573158323764801
Rank:0 Epoch: [19/40], Step: [421/782], Loss: 0.32434824109077454
Rank:0 Epoch: [19/40], Step: [431/782], Loss: 0.5529555678367615
Rank:0 Epoch: [19/40], Step: [441/782], Loss: 0.4762491285800934
Rank:0 Epoch: [19/40], Step: [451/782], Loss: 0.37952589988708496
Rank:0 Epoch: [19/40], Step: [461/782], Loss: 0.435716450214386
Rank:0 Epoch: [19/40], Step: [471/782], Loss: 0.27698779106140137
Rank:0 Epoch: [19/40], Step: [481/782], Loss: 0.3820544481277466
Rank:0 Epoch: [19/40], Step: [491/782], Loss: 0.2421245574951172
Rank:0 Epoch: [19/40], Step: [501/782], Loss: 0.5579332709312439
Rank:0 Epoch: [19/40], Step: [511/782], Loss: 0.516636312007904
Rank:0 Epoch: [19/40], Step: [521/782], Loss: 0.4880380630493164
Rank:0 Epoch: [19/40], Step: [531/782], Loss: 0.29294800758361816
Rank:0 Epoch: [19/40], Step: [541/782], Loss: 0.5377799868583679
Rank:0 Epoch: [19/40], Step: [551/782], Loss: 0.2982117831707001
Rank:0 Epoch: [19/40], Step: [561/782], Loss: 0.17584051191806793
Rank:0 Epoch: [19/40], Step: [571/782], Loss: 0.31931063532829285
Rank:0 Epoch: [19/40], Step: [581/782], Loss: 0.3951870799064636
Rank:0 Epoch: [19/40], Step: [591/782], Loss: 0.4231695532798767
Rank:0 Epoch: [19/40], Step: [601/782], Loss: 0.35887959599494934
Rank:0 Epoch: [19/40], Step: [611/782], Loss: 0.2864358425140381
Rank:0 Epoch: [19/40], Step: [621/782], Loss: 0.38204360008239746
Rank:0 Epoch: [19/40], Step: [631/782], Loss: 0.34820204973220825
Rank:0 Epoch: [19/40], Step: [641/782], Loss: 0.5098346471786499
Rank:0 Epoch: [19/40], Step: [651/782], Loss: 0.5975101590156555
Rank:0 Epoch: [19/40], Step: [661/782], Loss: 0.383245587348938
Rank:0 Epoch: [19/40], Step: [671/782], Loss: 0.4699741303920746
Rank:0 Epoch: [19/40], Step: [681/782], Loss: 0.38755422830581665
Rank:0 Epoch: [19/40], Step: [691/782], Loss: 0.33308637142181396
Rank:0 Epoch: [19/40], Step: [701/782], Loss: 0.2797723710536957
Rank:0 Epoch: [19/40], Step: [711/782], Loss: 0.3539746403694153
Rank:0 Epoch: [19/40], Step: [721/782], Loss: 0.3151091933250427
Rank:0 Epoch: [19/40], Step: [731/782], Loss: 0.5946364402770996
Rank:0 Epoch: [19/40], Step: [741/782], Loss: 0.28011736273765564
Rank:0 Epoch: [19/40], Step: [751/782], Loss: 0.47491055727005005
Rank:0 Epoch: [19/40], Step: [761/782], Loss: 0.3213716745376587
Rank:0 Epoch: [19/40], Step: [771/782], Loss: 0.2962903082370758
Rank:0 Epoch: [19/40], Step: [781/782], Loss: 0.44754067063331604
Current Test Acc: 0.8011
Rank:0 Epoch: [20/40], Step: [1/782], Loss: 0.3700629472732544
Rank:0 Epoch: [20/40], Step: [11/782], Loss: 0.34196794033050537
Rank:0 Epoch: [20/40], Step: [21/782], Loss: 0.32153835892677307
Rank:0 Epoch: [20/40], Step: [31/782], Loss: 0.21780002117156982
Rank:0 Epoch: [20/40], Step: [41/782], Loss: 0.573672890663147
Rank:0 Epoch: [20/40], Step: [51/782], Loss: 0.4064152240753174
Rank:0 Epoch: [20/40], Step: [61/782], Loss: 0.319516658782959
Rank:0 Epoch: [20/40], Step: [71/782], Loss: 0.42507344484329224
Rank:0 Epoch: [20/40], Step: [81/782], Loss: 0.4132159352302551
Rank:0 Epoch: [20/40], Step: [91/782], Loss: 0.37415388226509094
Rank:0 Epoch: [20/40], Step: [101/782], Loss: 0.2732667624950409
Rank:0 Epoch: [20/40], Step: [111/782], Loss: 0.3894558548927307
Rank:0 Epoch: [20/40], Step: [121/782], Loss: 0.39236980676651
Rank:0 Epoch: [20/40], Step: [131/782], Loss: 0.32602906227111816
Rank:0 Epoch: [20/40], Step: [141/782], Loss: 0.39492374658584595
Rank:0 Epoch: [20/40], Step: [151/782], Loss: 0.4333595037460327
Rank:0 Epoch: [20/40], Step: [161/782], Loss: 0.6661691665649414
Rank:0 Epoch: [20/40], Step: [171/782], Loss: 0.46941131353378296
Rank:0 Epoch: [20/40], Step: [181/782], Loss: 0.516964852809906
Rank:0 Epoch: [20/40], Step: [191/782], Loss: 0.4193849563598633
Rank:0 Epoch: [20/40], Step: [201/782], Loss: 0.3699139952659607
Rank:0 Epoch: [20/40], Step: [211/782], Loss: 0.27807924151420593
Rank:0 Epoch: [20/40], Step: [221/782], Loss: 0.2761426866054535
Rank:0 Epoch: [20/40], Step: [231/782], Loss: 0.4033769965171814
Rank:0 Epoch: [20/40], Step: [241/782], Loss: 0.3156924843788147
Rank:0 Epoch: [20/40], Step: [251/782], Loss: 0.39615124464035034
Rank:0 Epoch: [20/40], Step: [261/782], Loss: 0.2872118055820465
Rank:0 Epoch: [20/40], Step: [271/782], Loss: 0.34114688634872437
Rank:0 Epoch: [20/40], Step: [281/782], Loss: 0.7193652391433716
Rank:0 Epoch: [20/40], Step: [291/782], Loss: 0.5039252042770386
Rank:0 Epoch: [20/40], Step: [301/782], Loss: 0.4167204797267914
Rank:0 Epoch: [20/40], Step: [311/782], Loss: 0.264876127243042
Rank:0 Epoch: [20/40], Step: [321/782], Loss: 0.3411097824573517
Rank:0 Epoch: [20/40], Step: [331/782], Loss: 0.4376199543476105
Rank:0 Epoch: [20/40], Step: [341/782], Loss: 0.32973477244377136
Rank:0 Epoch: [20/40], Step: [351/782], Loss: 0.30620861053466797
Rank:0 Epoch: [20/40], Step: [361/782], Loss: 0.38581782579421997
Rank:0 Epoch: [20/40], Step: [371/782], Loss: 0.28654369711875916
Rank:0 Epoch: [20/40], Step: [381/782], Loss: 0.5297837853431702
Rank:0 Epoch: [20/40], Step: [391/782], Loss: 0.3582421839237213
Rank:0 Epoch: [20/40], Step: [401/782], Loss: 0.45723670721054077
Rank:0 Epoch: [20/40], Step: [411/782], Loss: 0.43875524401664734
Rank:0 Epoch: [20/40], Step: [421/782], Loss: 0.3150861859321594
Rank:0 Epoch: [20/40], Step: [431/782], Loss: 0.41027724742889404
Rank:0 Epoch: [20/40], Step: [441/782], Loss: 0.3700624704360962
Rank:0 Epoch: [20/40], Step: [451/782], Loss: 0.4514123797416687
Rank:0 Epoch: [20/40], Step: [461/782], Loss: 0.4188762307167053
Rank:0 Epoch: [20/40], Step: [471/782], Loss: 0.533270001411438
Rank:0 Epoch: [20/40], Step: [481/782], Loss: 0.4485524594783783
Rank:0 Epoch: [20/40], Step: [491/782], Loss: 0.451744019985199
Rank:0 Epoch: [20/40], Step: [501/782], Loss: 0.6178219318389893
Rank:0 Epoch: [20/40], Step: [511/782], Loss: 0.31111642718315125
Rank:0 Epoch: [20/40], Step: [521/782], Loss: 0.3248790502548218
Rank:0 Epoch: [20/40], Step: [531/782], Loss: 0.25185275077819824
Rank:0 Epoch: [20/40], Step: [541/782], Loss: 0.20601895451545715
Rank:0 Epoch: [20/40], Step: [551/782], Loss: 0.4078645706176758
Rank:0 Epoch: [20/40], Step: [561/782], Loss: 0.3973347842693329
Rank:0 Epoch: [20/40], Step: [571/782], Loss: 0.39102301001548767
Rank:0 Epoch: [20/40], Step: [581/782], Loss: 0.29276323318481445
Rank:0 Epoch: [20/40], Step: [591/782], Loss: 0.36339348554611206
Rank:0 Epoch: [20/40], Step: [601/782], Loss: 0.5149323344230652
Rank:0 Epoch: [20/40], Step: [611/782], Loss: 0.5722452402114868
Rank:0 Epoch: [20/40], Step: [621/782], Loss: 0.319920152425766
Rank:0 Epoch: [20/40], Step: [631/782], Loss: 0.4710533618927002
Rank:0 Epoch: [20/40], Step: [641/782], Loss: 0.28372135758399963
Rank:0 Epoch: [20/40], Step: [651/782], Loss: 0.3407600522041321
Rank:0 Epoch: [20/40], Step: [661/782], Loss: 0.3005814552307129
Rank:0 Epoch: [20/40], Step: [671/782], Loss: 0.4311829209327698
Rank:0 Epoch: [20/40], Step: [681/782], Loss: 0.5078591704368591
Rank:0 Epoch: [20/40], Step: [691/782], Loss: 0.47543662786483765
Rank:0 Epoch: [20/40], Step: [701/782], Loss: 0.32403242588043213
Rank:0 Epoch: [20/40], Step: [711/782], Loss: 0.5233498811721802
Rank:0 Epoch: [20/40], Step: [721/782], Loss: 0.44140928983688354
Rank:0 Epoch: [20/40], Step: [731/782], Loss: 0.5105549097061157
Rank:0 Epoch: [20/40], Step: [741/782], Loss: 0.40660738945007324
Rank:0 Epoch: [20/40], Step: [751/782], Loss: 0.5585722327232361
Rank:0 Epoch: [20/40], Step: [761/782], Loss: 0.31138333678245544
Rank:0 Epoch: [20/40], Step: [771/782], Loss: 0.34110620617866516
Rank:0 Epoch: [20/40], Step: [781/782], Loss: 0.29578834772109985
Current Test Acc: 0.8327
Rank:0 Epoch: [21/40], Step: [1/782], Loss: 0.34852924942970276
Rank:0 Epoch: [21/40], Step: [11/782], Loss: 0.48904144763946533
Rank:0 Epoch: [21/40], Step: [21/782], Loss: 0.2099166214466095
Rank:0 Epoch: [21/40], Step: [31/782], Loss: 0.28455328941345215
Rank:0 Epoch: [21/40], Step: [41/782], Loss: 0.2959696650505066
Rank:0 Epoch: [21/40], Step: [51/782], Loss: 0.332634836435318
Rank:0 Epoch: [21/40], Step: [61/782], Loss: 0.34641820192337036
Rank:0 Epoch: [21/40], Step: [71/782], Loss: 0.4705348312854767
Rank:0 Epoch: [21/40], Step: [81/782], Loss: 0.22422245144844055
Rank:0 Epoch: [21/40], Step: [91/782], Loss: 0.28214335441589355
Rank:0 Epoch: [21/40], Step: [101/782], Loss: 0.25432902574539185
Rank:0 Epoch: [21/40], Step: [111/782], Loss: 0.2822686731815338
Rank:0 Epoch: [21/40], Step: [121/782], Loss: 0.3429282307624817
Rank:0 Epoch: [21/40], Step: [131/782], Loss: 0.26701441407203674
Rank:0 Epoch: [21/40], Step: [141/782], Loss: 0.2589442729949951
Rank:0 Epoch: [21/40], Step: [151/782], Loss: 0.3329757750034332
Rank:0 Epoch: [21/40], Step: [161/782], Loss: 0.24407687783241272
Rank:0 Epoch: [21/40], Step: [171/782], Loss: 0.40917637944221497
Rank:0 Epoch: [21/40], Step: [181/782], Loss: 0.16463612020015717
Rank:0 Epoch: [21/40], Step: [191/782], Loss: 0.31131747364997864
Rank:0 Epoch: [21/40], Step: [201/782], Loss: 0.2067033350467682
Rank:0 Epoch: [21/40], Step: [211/782], Loss: 0.3716805577278137
Rank:0 Epoch: [21/40], Step: [221/782], Loss: 0.20405715703964233
Rank:0 Epoch: [21/40], Step: [231/782], Loss: 0.34328386187553406
Rank:0 Epoch: [21/40], Step: [241/782], Loss: 0.2502133250236511
Rank:0 Epoch: [21/40], Step: [251/782], Loss: 0.28651726245880127
Rank:0 Epoch: [21/40], Step: [261/782], Loss: 0.22156421840190887
Rank:0 Epoch: [21/40], Step: [271/782], Loss: 0.4808693826198578
Rank:0 Epoch: [21/40], Step: [281/782], Loss: 0.2655038833618164
Rank:0 Epoch: [21/40], Step: [291/782], Loss: 0.24432522058486938
Rank:0 Epoch: [21/40], Step: [301/782], Loss: 0.38230639696121216
Rank:0 Epoch: [21/40], Step: [311/782], Loss: 0.23317888379096985
Rank:0 Epoch: [21/40], Step: [321/782], Loss: 0.3608170747756958
Rank:0 Epoch: [21/40], Step: [331/782], Loss: 0.15163958072662354
Rank:0 Epoch: [21/40], Step: [341/782], Loss: 0.2581827640533447
Rank:0 Epoch: [21/40], Step: [351/782], Loss: 0.27974578738212585
Rank:0 Epoch: [21/40], Step: [361/782], Loss: 0.19624009728431702
Rank:0 Epoch: [21/40], Step: [371/782], Loss: 0.29140621423721313
Rank:0 Epoch: [21/40], Step: [381/782], Loss: 0.4874829947948456
Rank:0 Epoch: [21/40], Step: [391/782], Loss: 0.3149890899658203
Rank:0 Epoch: [21/40], Step: [401/782], Loss: 0.24283935129642487
Rank:0 Epoch: [21/40], Step: [411/782], Loss: 0.3632579743862152
Rank:0 Epoch: [21/40], Step: [421/782], Loss: 0.3155418634414673
Rank:0 Epoch: [21/40], Step: [431/782], Loss: 0.3612375855445862
Rank:0 Epoch: [21/40], Step: [441/782], Loss: 0.39160680770874023
Rank:0 Epoch: [21/40], Step: [451/782], Loss: 0.17509791254997253
Rank:0 Epoch: [21/40], Step: [461/782], Loss: 0.3217344880104065
Rank:0 Epoch: [21/40], Step: [471/782], Loss: 0.20442543923854828
Rank:0 Epoch: [21/40], Step: [481/782], Loss: 0.14036980271339417
Rank:0 Epoch: [21/40], Step: [491/782], Loss: 0.38051462173461914
Rank:0 Epoch: [21/40], Step: [501/782], Loss: 0.15859447419643402
Rank:0 Epoch: [21/40], Step: [511/782], Loss: 0.20481938123703003
Rank:0 Epoch: [21/40], Step: [521/782], Loss: 0.2611492872238159
Rank:0 Epoch: [21/40], Step: [531/782], Loss: 0.1807258129119873
Rank:0 Epoch: [21/40], Step: [541/782], Loss: 0.3045702874660492
Rank:0 Epoch: [21/40], Step: [551/782], Loss: 0.36133989691734314
Rank:0 Epoch: [21/40], Step: [561/782], Loss: 0.2710088789463043
Rank:0 Epoch: [21/40], Step: [571/782], Loss: 0.2222192883491516
Rank:0 Epoch: [21/40], Step: [581/782], Loss: 0.3520345687866211
Rank:0 Epoch: [21/40], Step: [591/782], Loss: 0.25654810667037964
Rank:0 Epoch: [21/40], Step: [601/782], Loss: 0.24705247581005096
Rank:0 Epoch: [21/40], Step: [611/782], Loss: 0.3281676173210144
Rank:0 Epoch: [21/40], Step: [621/782], Loss: 0.2103438377380371
Rank:0 Epoch: [21/40], Step: [631/782], Loss: 0.09277236461639404
Rank:0 Epoch: [21/40], Step: [641/782], Loss: 0.1961871236562729
Rank:0 Epoch: [21/40], Step: [651/782], Loss: 0.405761182308197
Rank:0 Epoch: [21/40], Step: [661/782], Loss: 0.32056888937950134
Rank:0 Epoch: [21/40], Step: [671/782], Loss: 0.27077725529670715
Rank:0 Epoch: [21/40], Step: [681/782], Loss: 0.23129889369010925
Rank:0 Epoch: [21/40], Step: [691/782], Loss: 0.3634333908557892
Rank:0 Epoch: [21/40], Step: [701/782], Loss: 0.2958853840827942
Rank:0 Epoch: [21/40], Step: [711/782], Loss: 0.19428588449954987
Rank:0 Epoch: [21/40], Step: [721/782], Loss: 0.21061545610427856
Rank:0 Epoch: [21/40], Step: [731/782], Loss: 0.27129074931144714
Rank:0 Epoch: [21/40], Step: [741/782], Loss: 0.11306940019130707
Rank:0 Epoch: [21/40], Step: [751/782], Loss: 0.2538459599018097
Rank:0 Epoch: [21/40], Step: [761/782], Loss: 0.29433026909828186
Rank:0 Epoch: [21/40], Step: [771/782], Loss: 0.2633097767829895
Rank:0 Epoch: [21/40], Step: [781/782], Loss: 0.2568504512310028
Current Test Acc: 0.8902
Rank:0 Epoch: [22/40], Step: [1/782], Loss: 0.26015251874923706
Rank:0 Epoch: [22/40], Step: [11/782], Loss: 0.2367362380027771
Rank:0 Epoch: [22/40], Step: [21/782], Loss: 0.1875009983778
Rank:0 Epoch: [22/40], Step: [31/782], Loss: 0.3522809147834778
Rank:0 Epoch: [22/40], Step: [41/782], Loss: 0.21138466894626617
Rank:0 Epoch: [22/40], Step: [51/782], Loss: 0.23565149307250977
Rank:0 Epoch: [22/40], Step: [61/782], Loss: 0.1831987053155899
Rank:0 Epoch: [22/40], Step: [71/782], Loss: 0.38187846541404724
Rank:0 Epoch: [22/40], Step: [81/782], Loss: 0.3390582501888275
Rank:0 Epoch: [22/40], Step: [91/782], Loss: 0.31892016530036926
Rank:0 Epoch: [22/40], Step: [101/782], Loss: 0.18537159264087677
Rank:0 Epoch: [22/40], Step: [111/782], Loss: 0.25055816769599915
Rank:0 Epoch: [22/40], Step: [121/782], Loss: 0.13585463166236877
Rank:0 Epoch: [22/40], Step: [131/782], Loss: 0.20784588158130646
Rank:0 Epoch: [22/40], Step: [141/782], Loss: 0.36862829327583313
Rank:0 Epoch: [22/40], Step: [151/782], Loss: 0.22810518741607666
Rank:0 Epoch: [22/40], Step: [161/782], Loss: 0.1668025106191635
Rank:0 Epoch: [22/40], Step: [171/782], Loss: 0.21293160319328308
Rank:0 Epoch: [22/40], Step: [181/782], Loss: 0.23098117113113403
Rank:0 Epoch: [22/40], Step: [191/782], Loss: 0.3133048713207245
Rank:0 Epoch: [22/40], Step: [201/782], Loss: 0.22050201892852783
Rank:0 Epoch: [22/40], Step: [211/782], Loss: 0.30869072675704956
Rank:0 Epoch: [22/40], Step: [221/782], Loss: 0.2319691926240921
Rank:0 Epoch: [22/40], Step: [231/782], Loss: 0.23498204350471497
Rank:0 Epoch: [22/40], Step: [241/782], Loss: 0.27573996782302856
Rank:0 Epoch: [22/40], Step: [251/782], Loss: 0.1845071017742157
Rank:0 Epoch: [22/40], Step: [261/782], Loss: 0.18109849095344543
Rank:0 Epoch: [22/40], Step: [271/782], Loss: 0.26063409447669983
Rank:0 Epoch: [22/40], Step: [281/782], Loss: 0.29617348313331604
Rank:0 Epoch: [22/40], Step: [291/782], Loss: 0.26624318957328796
Rank:0 Epoch: [22/40], Step: [301/782], Loss: 0.31169581413269043
Rank:0 Epoch: [22/40], Step: [311/782], Loss: 0.24285326898097992
Rank:0 Epoch: [22/40], Step: [321/782], Loss: 0.299948513507843
Rank:0 Epoch: [22/40], Step: [331/782], Loss: 0.19152019917964935
Rank:0 Epoch: [22/40], Step: [341/782], Loss: 0.19686920940876007
Rank:0 Epoch: [22/40], Step: [351/782], Loss: 0.1717931628227234
Rank:0 Epoch: [22/40], Step: [361/782], Loss: 0.2555634379386902
Rank:0 Epoch: [22/40], Step: [371/782], Loss: 0.26185983419418335
Rank:0 Epoch: [22/40], Step: [381/782], Loss: 0.24518243968486786
Rank:0 Epoch: [22/40], Step: [391/782], Loss: 0.4091779589653015
Rank:0 Epoch: [22/40], Step: [401/782], Loss: 0.16532549262046814
Rank:0 Epoch: [22/40], Step: [411/782], Loss: 0.2548777461051941
Rank:0 Epoch: [22/40], Step: [421/782], Loss: 0.17599643766880035
Rank:0 Epoch: [22/40], Step: [431/782], Loss: 0.4774433970451355
Rank:0 Epoch: [22/40], Step: [441/782], Loss: 0.3525134027004242
Rank:0 Epoch: [22/40], Step: [451/782], Loss: 0.2495545744895935
Rank:0 Epoch: [22/40], Step: [461/782], Loss: 0.292292058467865
Rank:0 Epoch: [22/40], Step: [471/782], Loss: 0.3980521261692047
Rank:0 Epoch: [22/40], Step: [481/782], Loss: 0.27314791083335876
Rank:0 Epoch: [22/40], Step: [491/782], Loss: 0.31415683031082153
Rank:0 Epoch: [22/40], Step: [501/782], Loss: 0.26166343688964844
Rank:0 Epoch: [22/40], Step: [511/782], Loss: 0.17860856652259827
Rank:0 Epoch: [22/40], Step: [521/782], Loss: 0.37089234590530396
Rank:0 Epoch: [22/40], Step: [531/782], Loss: 0.37848421931266785
Rank:0 Epoch: [22/40], Step: [541/782], Loss: 0.3278449773788452
Rank:0 Epoch: [22/40], Step: [551/782], Loss: 0.3535812199115753
Rank:0 Epoch: [22/40], Step: [561/782], Loss: 0.3655901551246643
Rank:0 Epoch: [22/40], Step: [571/782], Loss: 0.2577167749404907
Rank:0 Epoch: [22/40], Step: [581/782], Loss: 0.3646486699581146
Rank:0 Epoch: [22/40], Step: [591/782], Loss: 0.3645145893096924
Rank:0 Epoch: [22/40], Step: [601/782], Loss: 0.29302772879600525
Rank:0 Epoch: [22/40], Step: [611/782], Loss: 0.18516747653484344
Rank:0 Epoch: [22/40], Step: [621/782], Loss: 0.311100035905838
Rank:0 Epoch: [22/40], Step: [631/782], Loss: 0.33723464608192444
Rank:0 Epoch: [22/40], Step: [641/782], Loss: 0.20868156850337982
Rank:0 Epoch: [22/40], Step: [651/782], Loss: 0.2199784368276596
Rank:0 Epoch: [22/40], Step: [661/782], Loss: 0.11796697974205017
Rank:0 Epoch: [22/40], Step: [671/782], Loss: 0.20372115075588226
Rank:0 Epoch: [22/40], Step: [681/782], Loss: 0.18367989361286163
Rank:0 Epoch: [22/40], Step: [691/782], Loss: 0.218858003616333
Rank:0 Epoch: [22/40], Step: [701/782], Loss: 0.21641410887241364
Rank:0 Epoch: [22/40], Step: [711/782], Loss: 0.3281267285346985
Rank:0 Epoch: [22/40], Step: [721/782], Loss: 0.2443297952413559
Rank:0 Epoch: [22/40], Step: [731/782], Loss: 0.3182455599308014
Rank:0 Epoch: [22/40], Step: [741/782], Loss: 0.12193155288696289
Rank:0 Epoch: [22/40], Step: [751/782], Loss: 0.2980106770992279
Rank:0 Epoch: [22/40], Step: [761/782], Loss: 0.38140445947647095
Rank:0 Epoch: [22/40], Step: [771/782], Loss: 0.3420766294002533
Rank:0 Epoch: [22/40], Step: [781/782], Loss: 0.18295207619667053
Current Test Acc: 0.8894
Rank:0 Epoch: [23/40], Step: [1/782], Loss: 0.3525558114051819
Rank:0 Epoch: [23/40], Step: [11/782], Loss: 0.24295338988304138
Rank:0 Epoch: [23/40], Step: [21/782], Loss: 0.2409060001373291
Rank:0 Epoch: [23/40], Step: [31/782], Loss: 0.30910101532936096
Rank:0 Epoch: [23/40], Step: [41/782], Loss: 0.2769710123538971
Rank:0 Epoch: [23/40], Step: [51/782], Loss: 0.2025507241487503
Rank:0 Epoch: [23/40], Step: [61/782], Loss: 0.16292499005794525
Rank:0 Epoch: [23/40], Step: [71/782], Loss: 0.28887856006622314
Rank:0 Epoch: [23/40], Step: [81/782], Loss: 0.3330959379673004
Rank:0 Epoch: [23/40], Step: [91/782], Loss: 0.268236368894577
Rank:0 Epoch: [23/40], Step: [101/782], Loss: 0.1827402263879776
Rank:0 Epoch: [23/40], Step: [111/782], Loss: 0.15001490712165833
Rank:0 Epoch: [23/40], Step: [121/782], Loss: 0.2753303647041321
Rank:0 Epoch: [23/40], Step: [131/782], Loss: 0.21246670186519623
Rank:0 Epoch: [23/40], Step: [141/782], Loss: 0.3586839735507965
Rank:0 Epoch: [23/40], Step: [151/782], Loss: 0.2743164598941803
Rank:0 Epoch: [23/40], Step: [161/782], Loss: 0.3486348092556
Rank:0 Epoch: [23/40], Step: [171/782], Loss: 0.2744692862033844
Rank:0 Epoch: [23/40], Step: [181/782], Loss: 0.2858718931674957
Rank:0 Epoch: [23/40], Step: [191/782], Loss: 0.25863775610923767
Rank:0 Epoch: [23/40], Step: [201/782], Loss: 0.25088465213775635
Rank:0 Epoch: [23/40], Step: [211/782], Loss: 0.2265830785036087
Rank:0 Epoch: [23/40], Step: [221/782], Loss: 0.2685507535934448
Rank:0 Epoch: [23/40], Step: [231/782], Loss: 0.26020070910453796
Rank:0 Epoch: [23/40], Step: [241/782], Loss: 0.2872981131076813
Rank:0 Epoch: [23/40], Step: [251/782], Loss: 0.2643240690231323
Rank:0 Epoch: [23/40], Step: [261/782], Loss: 0.24832767248153687
Rank:0 Epoch: [23/40], Step: [271/782], Loss: 0.1116524487733841
Rank:0 Epoch: [23/40], Step: [281/782], Loss: 0.2023925483226776
Rank:0 Epoch: [23/40], Step: [291/782], Loss: 0.17442584037780762
Rank:0 Epoch: [23/40], Step: [301/782], Loss: 0.23131310939788818
Rank:0 Epoch: [23/40], Step: [311/782], Loss: 0.20752669870853424
Rank:0 Epoch: [23/40], Step: [321/782], Loss: 0.19718316197395325
Rank:0 Epoch: [23/40], Step: [331/782], Loss: 0.14928817749023438
Rank:0 Epoch: [23/40], Step: [341/782], Loss: 0.39732277393341064
Rank:0 Epoch: [23/40], Step: [351/782], Loss: 0.2354402244091034
Rank:0 Epoch: [23/40], Step: [361/782], Loss: 0.2393011897802353
Rank:0 Epoch: [23/40], Step: [371/782], Loss: 0.30176597833633423
Rank:0 Epoch: [23/40], Step: [381/782], Loss: 0.2473677694797516
Rank:0 Epoch: [23/40], Step: [391/782], Loss: 0.21265268325805664
Rank:0 Epoch: [23/40], Step: [401/782], Loss: 0.20356528460979462
Rank:0 Epoch: [23/40], Step: [411/782], Loss: 0.1962401568889618
Rank:0 Epoch: [23/40], Step: [421/782], Loss: 0.1821095049381256
Rank:0 Epoch: [23/40], Step: [431/782], Loss: 0.3754468262195587
Rank:0 Epoch: [23/40], Step: [441/782], Loss: 0.2615489959716797
Rank:0 Epoch: [23/40], Step: [451/782], Loss: 0.27803945541381836
Rank:0 Epoch: [23/40], Step: [461/782], Loss: 0.10249079018831253
Rank:0 Epoch: [23/40], Step: [471/782], Loss: 0.4136018455028534
Rank:0 Epoch: [23/40], Step: [481/782], Loss: 0.2072792798280716
Rank:0 Epoch: [23/40], Step: [491/782], Loss: 0.1969863623380661
Rank:0 Epoch: [23/40], Step: [501/782], Loss: 0.34958332777023315
Rank:0 Epoch: [23/40], Step: [511/782], Loss: 0.22212545573711395
Rank:0 Epoch: [23/40], Step: [521/782], Loss: 0.310407817363739
Rank:0 Epoch: [23/40], Step: [531/782], Loss: 0.4259530007839203
Rank:0 Epoch: [23/40], Step: [541/782], Loss: 0.18721511960029602
Rank:0 Epoch: [23/40], Step: [551/782], Loss: 0.20925091207027435
Rank:0 Epoch: [23/40], Step: [561/782], Loss: 0.1224290207028389
Rank:0 Epoch: [23/40], Step: [571/782], Loss: 0.23676547408103943
Rank:0 Epoch: [23/40], Step: [581/782], Loss: 0.20748573541641235
Rank:0 Epoch: [23/40], Step: [591/782], Loss: 0.24650254845619202
Rank:0 Epoch: [23/40], Step: [601/782], Loss: 0.28827664256095886
Rank:0 Epoch: [23/40], Step: [611/782], Loss: 0.1614319235086441
Rank:0 Epoch: [23/40], Step: [621/782], Loss: 0.17170439660549164
Rank:0 Epoch: [23/40], Step: [631/782], Loss: 0.28423669934272766
Rank:0 Epoch: [23/40], Step: [641/782], Loss: 0.16004551947116852
Rank:0 Epoch: [23/40], Step: [651/782], Loss: 0.2487936019897461
Rank:0 Epoch: [23/40], Step: [661/782], Loss: 0.18923060595989227
Rank:0 Epoch: [23/40], Step: [671/782], Loss: 0.1730852872133255
Rank:0 Epoch: [23/40], Step: [681/782], Loss: 0.1846769154071808
Rank:0 Epoch: [23/40], Step: [691/782], Loss: 0.2439572960138321
Rank:0 Epoch: [23/40], Step: [701/782], Loss: 0.3160266578197479
Rank:0 Epoch: [23/40], Step: [711/782], Loss: 0.5455609560012817
Rank:0 Epoch: [23/40], Step: [721/782], Loss: 0.21556462347507477
Rank:0 Epoch: [23/40], Step: [731/782], Loss: 0.19254831969738007
Rank:0 Epoch: [23/40], Step: [741/782], Loss: 0.3373553454875946
Rank:0 Epoch: [23/40], Step: [751/782], Loss: 0.23841358721256256
Rank:0 Epoch: [23/40], Step: [761/782], Loss: 0.17389366030693054
Rank:0 Epoch: [23/40], Step: [771/782], Loss: 0.1849515438079834
Rank:0 Epoch: [23/40], Step: [781/782], Loss: 0.15911851823329926
Current Test Acc: 0.89
Rank:0 Epoch: [24/40], Step: [1/782], Loss: 0.16814520955085754
Rank:0 Epoch: [24/40], Step: [11/782], Loss: 0.25697430968284607
Rank:0 Epoch: [24/40], Step: [21/782], Loss: 0.2790278494358063
Rank:0 Epoch: [24/40], Step: [31/782], Loss: 0.1803589165210724
Rank:0 Epoch: [24/40], Step: [41/782], Loss: 0.2118261456489563
Rank:0 Epoch: [24/40], Step: [51/782], Loss: 0.1556791365146637
Rank:0 Epoch: [24/40], Step: [61/782], Loss: 0.12382102012634277
Rank:0 Epoch: [24/40], Step: [71/782], Loss: 0.32739710807800293
Rank:0 Epoch: [24/40], Step: [81/782], Loss: 0.40254542231559753
Rank:0 Epoch: [24/40], Step: [91/782], Loss: 0.2212372124195099
Rank:0 Epoch: [24/40], Step: [101/782], Loss: 0.3580641746520996
Rank:0 Epoch: [24/40], Step: [111/782], Loss: 0.26499250531196594
Rank:0 Epoch: [24/40], Step: [121/782], Loss: 0.24143922328948975
Rank:0 Epoch: [24/40], Step: [131/782], Loss: 0.21078704297542572
Rank:0 Epoch: [24/40], Step: [141/782], Loss: 0.15837134420871735
Rank:0 Epoch: [24/40], Step: [151/782], Loss: 0.35912561416625977
Rank:0 Epoch: [24/40], Step: [161/782], Loss: 0.1817607432603836
Rank:0 Epoch: [24/40], Step: [171/782], Loss: 0.1975313425064087
Rank:0 Epoch: [24/40], Step: [181/782], Loss: 0.3863174617290497
Rank:0 Epoch: [24/40], Step: [191/782], Loss: 0.2646753787994385
Rank:0 Epoch: [24/40], Step: [201/782], Loss: 0.22230494022369385
Rank:0 Epoch: [24/40], Step: [211/782], Loss: 0.32691362500190735
Rank:0 Epoch: [24/40], Step: [221/782], Loss: 0.19255653023719788
Rank:0 Epoch: [24/40], Step: [231/782], Loss: 0.23757407069206238
Rank:0 Epoch: [24/40], Step: [241/782], Loss: 0.16969576478004456
Rank:0 Epoch: [24/40], Step: [251/782], Loss: 0.22524988651275635
Rank:0 Epoch: [24/40], Step: [261/782], Loss: 0.2269977182149887
Rank:0 Epoch: [24/40], Step: [271/782], Loss: 0.1362704336643219
Rank:0 Epoch: [24/40], Step: [281/782], Loss: 0.29366472363471985
Rank:0 Epoch: [24/40], Step: [291/782], Loss: 0.27827468514442444
Rank:0 Epoch: [24/40], Step: [301/782], Loss: 0.279754638671875
Rank:0 Epoch: [24/40], Step: [311/782], Loss: 0.2863626182079315
Rank:0 Epoch: [24/40], Step: [321/782], Loss: 0.3261140286922455
Rank:0 Epoch: [24/40], Step: [331/782], Loss: 0.18793930113315582
Rank:0 Epoch: [24/40], Step: [341/782], Loss: 0.1965526044368744
Rank:0 Epoch: [24/40], Step: [351/782], Loss: 0.34254246950149536
Rank:0 Epoch: [24/40], Step: [361/782], Loss: 0.2133251279592514
Rank:0 Epoch: [24/40], Step: [371/782], Loss: 0.26886093616485596
Rank:0 Epoch: [24/40], Step: [381/782], Loss: 0.16482748091220856
Rank:0 Epoch: [24/40], Step: [391/782], Loss: 0.27647924423217773
Rank:0 Epoch: [24/40], Step: [401/782], Loss: 0.08389988541603088
Rank:0 Epoch: [24/40], Step: [411/782], Loss: 0.23652559518814087
Rank:0 Epoch: [24/40], Step: [421/782], Loss: 0.23440206050872803
Rank:0 Epoch: [24/40], Step: [431/782], Loss: 0.33629873394966125
Rank:0 Epoch: [24/40], Step: [441/782], Loss: 0.16629278659820557
Rank:0 Epoch: [24/40], Step: [451/782], Loss: 0.2145145684480667
Rank:0 Epoch: [24/40], Step: [461/782], Loss: 0.2668757140636444
Rank:0 Epoch: [24/40], Step: [471/782], Loss: 0.24691465497016907
Rank:0 Epoch: [24/40], Step: [481/782], Loss: 0.26737985014915466
Rank:0 Epoch: [24/40], Step: [491/782], Loss: 0.2678745687007904
Rank:0 Epoch: [24/40], Step: [501/782], Loss: 0.26076340675354004
Rank:0 Epoch: [24/40], Step: [511/782], Loss: 0.252699613571167
Rank:0 Epoch: [24/40], Step: [521/782], Loss: 0.2606268525123596
Rank:0 Epoch: [24/40], Step: [531/782], Loss: 0.20209801197052002
Rank:0 Epoch: [24/40], Step: [541/782], Loss: 0.16981440782546997
Rank:0 Epoch: [24/40], Step: [551/782], Loss: 0.19777421653270721
Rank:0 Epoch: [24/40], Step: [561/782], Loss: 0.15522228181362152
Rank:0 Epoch: [24/40], Step: [571/782], Loss: 0.22418880462646484
Rank:0 Epoch: [24/40], Step: [581/782], Loss: 0.29269734025001526
Rank:0 Epoch: [24/40], Step: [591/782], Loss: 0.25540798902511597
Rank:0 Epoch: [24/40], Step: [601/782], Loss: 0.22894729673862457
Rank:0 Epoch: [24/40], Step: [611/782], Loss: 0.26129457354545593
Rank:0 Epoch: [24/40], Step: [621/782], Loss: 0.11073244363069534
Rank:0 Epoch: [24/40], Step: [631/782], Loss: 0.24213077127933502
Rank:0 Epoch: [24/40], Step: [641/782], Loss: 0.2771383821964264
Rank:0 Epoch: [24/40], Step: [651/782], Loss: 0.5114976763725281
Rank:0 Epoch: [24/40], Step: [661/782], Loss: 0.139942929148674
Rank:0 Epoch: [24/40], Step: [671/782], Loss: 0.14057792723178864
Rank:0 Epoch: [24/40], Step: [681/782], Loss: 0.15168532729148865
Rank:0 Epoch: [24/40], Step: [691/782], Loss: 0.25571537017822266
Rank:0 Epoch: [24/40], Step: [701/782], Loss: 0.2754840850830078
Rank:0 Epoch: [24/40], Step: [711/782], Loss: 0.32073095440864563
Rank:0 Epoch: [24/40], Step: [721/782], Loss: 0.1478002518415451
Rank:0 Epoch: [24/40], Step: [731/782], Loss: 0.2388794869184494
Rank:0 Epoch: [24/40], Step: [741/782], Loss: 0.32928767800331116
Rank:0 Epoch: [24/40], Step: [751/782], Loss: 0.2547753155231476
Rank:0 Epoch: [24/40], Step: [761/782], Loss: 0.3613554835319519
Rank:0 Epoch: [24/40], Step: [771/782], Loss: 0.17519588768482208
Rank:0 Epoch: [24/40], Step: [781/782], Loss: 0.21450361609458923
Current Test Acc: 0.8935
Rank:0 Epoch: [25/40], Step: [1/782], Loss: 0.31614458560943604
Rank:0 Epoch: [25/40], Step: [11/782], Loss: 0.15678133070468903
Rank:0 Epoch: [25/40], Step: [21/782], Loss: 0.16936038434505463
Rank:0 Epoch: [25/40], Step: [31/782], Loss: 0.10700380057096481
Rank:0 Epoch: [25/40], Step: [41/782], Loss: 0.21202030777931213
Rank:0 Epoch: [25/40], Step: [51/782], Loss: 0.1892678588628769
Rank:0 Epoch: [25/40], Step: [61/782], Loss: 0.2682915925979614
Rank:0 Epoch: [25/40], Step: [71/782], Loss: 0.17006999254226685
Rank:0 Epoch: [25/40], Step: [81/782], Loss: 0.22036680579185486
Rank:0 Epoch: [25/40], Step: [91/782], Loss: 0.2330566644668579
Rank:0 Epoch: [25/40], Step: [101/782], Loss: 0.30845558643341064
Rank:0 Epoch: [25/40], Step: [111/782], Loss: 0.3330455422401428
Rank:0 Epoch: [25/40], Step: [121/782], Loss: 0.10459829121828079
Rank:0 Epoch: [25/40], Step: [131/782], Loss: 0.13630425930023193
Rank:0 Epoch: [25/40], Step: [141/782], Loss: 0.29031136631965637
Rank:0 Epoch: [25/40], Step: [151/782], Loss: 0.212937131524086
Rank:0 Epoch: [25/40], Step: [161/782], Loss: 0.05610251426696777
Rank:0 Epoch: [25/40], Step: [171/782], Loss: 0.17642252147197723
Rank:0 Epoch: [25/40], Step: [181/782], Loss: 0.1475481390953064
Rank:0 Epoch: [25/40], Step: [191/782], Loss: 0.1786186844110489
Rank:0 Epoch: [25/40], Step: [201/782], Loss: 0.1575416475534439
Rank:0 Epoch: [25/40], Step: [211/782], Loss: 0.3018493056297302
Rank:0 Epoch: [25/40], Step: [221/782], Loss: 0.21280063688755035
Rank:0 Epoch: [25/40], Step: [231/782], Loss: 0.31348928809165955
Rank:0 Epoch: [25/40], Step: [241/782], Loss: 0.15748243033885956
Rank:0 Epoch: [25/40], Step: [251/782], Loss: 0.15935905277729034
Rank:0 Epoch: [25/40], Step: [261/782], Loss: 0.27630850672721863
Rank:0 Epoch: [25/40], Step: [271/782], Loss: 0.18074797093868256
Rank:0 Epoch: [25/40], Step: [281/782], Loss: 0.17501552402973175
Rank:0 Epoch: [25/40], Step: [291/782], Loss: 0.14263902604579926
Rank:0 Epoch: [25/40], Step: [301/782], Loss: 0.42903730273246765
Rank:0 Epoch: [25/40], Step: [311/782], Loss: 0.36030179262161255
Rank:0 Epoch: [25/40], Step: [321/782], Loss: 0.27927064895629883
Rank:0 Epoch: [25/40], Step: [331/782], Loss: 0.25749632716178894
Rank:0 Epoch: [25/40], Step: [341/782], Loss: 0.20550750195980072
Rank:0 Epoch: [25/40], Step: [351/782], Loss: 0.309792160987854
Rank:0 Epoch: [25/40], Step: [361/782], Loss: 0.21006128191947937
Rank:0 Epoch: [25/40], Step: [371/782], Loss: 0.3252834677696228
Rank:0 Epoch: [25/40], Step: [381/782], Loss: 0.2787172496318817
Rank:0 Epoch: [25/40], Step: [391/782], Loss: 0.20356594026088715
Rank:0 Epoch: [25/40], Step: [401/782], Loss: 0.2611483633518219
Rank:0 Epoch: [25/40], Step: [411/782], Loss: 0.180062398314476
Rank:0 Epoch: [25/40], Step: [421/782], Loss: 0.24131302535533905
Rank:0 Epoch: [25/40], Step: [431/782], Loss: 0.20458294451236725
Rank:0 Epoch: [25/40], Step: [441/782], Loss: 0.210761159658432
Rank:0 Epoch: [25/40], Step: [451/782], Loss: 0.22572873532772064
Rank:0 Epoch: [25/40], Step: [461/782], Loss: 0.06029340252280235
Rank:0 Epoch: [25/40], Step: [471/782], Loss: 0.22873522341251373
Rank:0 Epoch: [25/40], Step: [481/782], Loss: 0.20681129395961761
Rank:0 Epoch: [25/40], Step: [491/782], Loss: 0.26961591839790344
Rank:0 Epoch: [25/40], Step: [501/782], Loss: 0.13300465047359467
Rank:0 Epoch: [25/40], Step: [511/782], Loss: 0.1447315514087677
Rank:0 Epoch: [25/40], Step: [521/782], Loss: 0.16654297709465027
Rank:0 Epoch: [25/40], Step: [531/782], Loss: 0.2864989936351776
Rank:0 Epoch: [25/40], Step: [541/782], Loss: 0.26516011357307434
Rank:0 Epoch: [25/40], Step: [551/782], Loss: 0.2525913417339325
Rank:0 Epoch: [25/40], Step: [561/782], Loss: 0.3512659966945648
Rank:0 Epoch: [25/40], Step: [571/782], Loss: 0.34828147292137146
Rank:0 Epoch: [25/40], Step: [581/782], Loss: 0.1985698938369751
Rank:0 Epoch: [25/40], Step: [591/782], Loss: 0.14503470063209534
Rank:0 Epoch: [25/40], Step: [601/782], Loss: 0.2487182468175888
Rank:0 Epoch: [25/40], Step: [611/782], Loss: 0.32562047243118286
Rank:0 Epoch: [25/40], Step: [621/782], Loss: 0.27415305376052856
Rank:0 Epoch: [25/40], Step: [631/782], Loss: 0.20644795894622803
Rank:0 Epoch: [25/40], Step: [641/782], Loss: 0.28287920355796814
Rank:0 Epoch: [25/40], Step: [651/782], Loss: 0.3590141534805298
Rank:0 Epoch: [25/40], Step: [661/782], Loss: 0.2786518931388855
Rank:0 Epoch: [25/40], Step: [671/782], Loss: 0.34202510118484497
Rank:0 Epoch: [25/40], Step: [681/782], Loss: 0.26239287853240967
Rank:0 Epoch: [25/40], Step: [691/782], Loss: 0.3076036870479584
Rank:0 Epoch: [25/40], Step: [701/782], Loss: 0.2046322524547577
Rank:0 Epoch: [25/40], Step: [711/782], Loss: 0.3701804280281067
Rank:0 Epoch: [25/40], Step: [721/782], Loss: 0.24027881026268005
Rank:0 Epoch: [25/40], Step: [731/782], Loss: 0.347005695104599
Rank:0 Epoch: [25/40], Step: [741/782], Loss: 0.13888069987297058
Rank:0 Epoch: [25/40], Step: [751/782], Loss: 0.22157491743564606
Rank:0 Epoch: [25/40], Step: [761/782], Loss: 0.3446047008037567
Rank:0 Epoch: [25/40], Step: [771/782], Loss: 0.28726091980934143
Rank:0 Epoch: [25/40], Step: [781/782], Loss: 0.37058013677597046
Current Test Acc: 0.8956
Rank:0 Epoch: [26/40], Step: [1/782], Loss: 0.14234602451324463
Rank:0 Epoch: [26/40], Step: [11/782], Loss: 0.2885783314704895
Rank:0 Epoch: [26/40], Step: [21/782], Loss: 0.22320589423179626
Rank:0 Epoch: [26/40], Step: [31/782], Loss: 0.13936395943164825
Rank:0 Epoch: [26/40], Step: [41/782], Loss: 0.20849105715751648
Rank:0 Epoch: [26/40], Step: [51/782], Loss: 0.11413945257663727
Rank:0 Epoch: [26/40], Step: [61/782], Loss: 0.3540058434009552
Rank:0 Epoch: [26/40], Step: [71/782], Loss: 0.20770293474197388
Rank:0 Epoch: [26/40], Step: [81/782], Loss: 0.12844081223011017
Rank:0 Epoch: [26/40], Step: [91/782], Loss: 0.20464086532592773
Rank:0 Epoch: [26/40], Step: [101/782], Loss: 0.21758748590946198
Rank:0 Epoch: [26/40], Step: [111/782], Loss: 0.351362407207489
Rank:0 Epoch: [26/40], Step: [121/782], Loss: 0.21491414308547974
Rank:0 Epoch: [26/40], Step: [131/782], Loss: 0.23278744518756866
Rank:0 Epoch: [26/40], Step: [141/782], Loss: 0.22427497804164886
Rank:0 Epoch: [26/40], Step: [151/782], Loss: 0.22243671119213104
Rank:0 Epoch: [26/40], Step: [161/782], Loss: 0.15024970471858978
Rank:0 Epoch: [26/40], Step: [171/782], Loss: 0.19757291674613953
Rank:0 Epoch: [26/40], Step: [181/782], Loss: 0.28987547755241394
Rank:0 Epoch: [26/40], Step: [191/782], Loss: 0.13800576329231262
Rank:0 Epoch: [26/40], Step: [201/782], Loss: 0.3312317728996277
Rank:0 Epoch: [26/40], Step: [211/782], Loss: 0.33938467502593994
Rank:0 Epoch: [26/40], Step: [221/782], Loss: 0.37793561816215515
Rank:0 Epoch: [26/40], Step: [231/782], Loss: 0.17868292331695557
Rank:0 Epoch: [26/40], Step: [241/782], Loss: 0.4340910315513611
Rank:0 Epoch: [26/40], Step: [251/782], Loss: 0.21288113296031952
Rank:0 Epoch: [26/40], Step: [261/782], Loss: 0.3196318745613098
Rank:0 Epoch: [26/40], Step: [271/782], Loss: 0.2653985023498535
Rank:0 Epoch: [26/40], Step: [281/782], Loss: 0.25680986046791077
Rank:0 Epoch: [26/40], Step: [291/782], Loss: 0.23619723320007324
Rank:0 Epoch: [26/40], Step: [301/782], Loss: 0.21518157422542572
Rank:0 Epoch: [26/40], Step: [311/782], Loss: 0.3150497078895569
Rank:0 Epoch: [26/40], Step: [321/782], Loss: 0.1972113847732544
Rank:0 Epoch: [26/40], Step: [331/782], Loss: 0.21129581332206726
Rank:0 Epoch: [26/40], Step: [341/782], Loss: 0.4021405577659607
Rank:0 Epoch: [26/40], Step: [351/782], Loss: 0.1786489337682724
Rank:0 Epoch: [26/40], Step: [361/782], Loss: 0.22339540719985962
Rank:0 Epoch: [26/40], Step: [371/782], Loss: 0.2633514702320099
Rank:0 Epoch: [26/40], Step: [381/782], Loss: 0.15577828884124756
Rank:0 Epoch: [26/40], Step: [391/782], Loss: 0.0971767008304596
Rank:0 Epoch: [26/40], Step: [401/782], Loss: 0.32786327600479126
Rank:0 Epoch: [26/40], Step: [411/782], Loss: 0.18761464953422546
Rank:0 Epoch: [26/40], Step: [421/782], Loss: 0.21672135591506958
Rank:0 Epoch: [26/40], Step: [431/782], Loss: 0.25850173830986023
Rank:0 Epoch: [26/40], Step: [441/782], Loss: 0.21223309636116028
Rank:0 Epoch: [26/40], Step: [451/782], Loss: 0.22509866952896118
Rank:0 Epoch: [26/40], Step: [461/782], Loss: 0.2451189011335373
Rank:0 Epoch: [26/40], Step: [471/782], Loss: 0.1815076321363449
Rank:0 Epoch: [26/40], Step: [481/782], Loss: 0.1980491578578949
Rank:0 Epoch: [26/40], Step: [491/782], Loss: 0.098521888256073
Rank:0 Epoch: [26/40], Step: [501/782], Loss: 0.16829167306423187
Rank:0 Epoch: [26/40], Step: [511/782], Loss: 0.1745666116476059
Rank:0 Epoch: [26/40], Step: [521/782], Loss: 0.22277992963790894
Rank:0 Epoch: [26/40], Step: [531/782], Loss: 0.21207506954669952
Rank:0 Epoch: [26/40], Step: [541/782], Loss: 0.1850329041481018
Rank:0 Epoch: [26/40], Step: [551/782], Loss: 0.2684990465641022
Rank:0 Epoch: [26/40], Step: [561/782], Loss: 0.4257560968399048
Rank:0 Epoch: [26/40], Step: [571/782], Loss: 0.22496481239795685
Rank:0 Epoch: [26/40], Step: [581/782], Loss: 0.3379333019256592
Rank:0 Epoch: [26/40], Step: [591/782], Loss: 0.22987815737724304
Rank:0 Epoch: [26/40], Step: [601/782], Loss: 0.415295273065567
Rank:0 Epoch: [26/40], Step: [611/782], Loss: 0.2592242658138275
Rank:0 Epoch: [26/40], Step: [621/782], Loss: 0.1250923126935959
Rank:0 Epoch: [26/40], Step: [631/782], Loss: 0.1804664433002472
Rank:0 Epoch: [26/40], Step: [641/782], Loss: 0.2819165587425232
Rank:0 Epoch: [26/40], Step: [651/782], Loss: 0.1369067281484604
Rank:0 Epoch: [26/40], Step: [661/782], Loss: 0.14231064915657043
Rank:0 Epoch: [26/40], Step: [671/782], Loss: 0.28688541054725647
Rank:0 Epoch: [26/40], Step: [681/782], Loss: 0.19965949654579163
Rank:0 Epoch: [26/40], Step: [691/782], Loss: 0.37749457359313965
Rank:0 Epoch: [26/40], Step: [701/782], Loss: 0.301853209733963
Rank:0 Epoch: [26/40], Step: [711/782], Loss: 0.30595773458480835
Rank:0 Epoch: [26/40], Step: [721/782], Loss: 0.054895270615816116
Rank:0 Epoch: [26/40], Step: [731/782], Loss: 0.21792542934417725
Rank:0 Epoch: [26/40], Step: [741/782], Loss: 0.1678229123353958
Rank:0 Epoch: [26/40], Step: [751/782], Loss: 0.26688387989997864
Rank:0 Epoch: [26/40], Step: [761/782], Loss: 0.20565375685691833
Rank:0 Epoch: [26/40], Step: [771/782], Loss: 0.24238431453704834
Rank:0 Epoch: [26/40], Step: [781/782], Loss: 0.2624609172344208
Current Test Acc: 0.8962
Rank:0 Epoch: [27/40], Step: [1/782], Loss: 0.2211986482143402
Rank:0 Epoch: [27/40], Step: [11/782], Loss: 0.1576305329799652
Rank:0 Epoch: [27/40], Step: [21/782], Loss: 0.10404587537050247
Rank:0 Epoch: [27/40], Step: [31/782], Loss: 0.24667757749557495
Rank:0 Epoch: [27/40], Step: [41/782], Loss: 0.27199050784111023
Rank:0 Epoch: [27/40], Step: [51/782], Loss: 0.26628491282463074
Rank:0 Epoch: [27/40], Step: [61/782], Loss: 0.23951838910579681
Rank:0 Epoch: [27/40], Step: [71/782], Loss: 0.2570831775665283
Rank:0 Epoch: [27/40], Step: [81/782], Loss: 0.2493666261434555
Rank:0 Epoch: [27/40], Step: [91/782], Loss: 0.14231830835342407
Rank:0 Epoch: [27/40], Step: [101/782], Loss: 0.17853298783302307
Rank:0 Epoch: [27/40], Step: [111/782], Loss: 0.3023834824562073
Rank:0 Epoch: [27/40], Step: [121/782], Loss: 0.179399773478508
Rank:0 Epoch: [27/40], Step: [131/782], Loss: 0.2307119369506836
Rank:0 Epoch: [27/40], Step: [141/782], Loss: 0.1557295024394989
Rank:0 Epoch: [27/40], Step: [151/782], Loss: 0.23027575016021729
Rank:0 Epoch: [27/40], Step: [161/782], Loss: 0.14669571816921234
Rank:0 Epoch: [27/40], Step: [171/782], Loss: 0.13237592577934265
Rank:0 Epoch: [27/40], Step: [181/782], Loss: 0.16726937890052795
Rank:0 Epoch: [27/40], Step: [191/782], Loss: 0.134142205119133
Rank:0 Epoch: [27/40], Step: [201/782], Loss: 0.16347037255764008
Rank:0 Epoch: [27/40], Step: [211/782], Loss: 0.2655310332775116
Rank:0 Epoch: [27/40], Step: [221/782], Loss: 0.3623256981372833
Rank:0 Epoch: [27/40], Step: [231/782], Loss: 0.2690492868423462
Rank:0 Epoch: [27/40], Step: [241/782], Loss: 0.23139835894107819
Rank:0 Epoch: [27/40], Step: [251/782], Loss: 0.2596796751022339
Rank:0 Epoch: [27/40], Step: [261/782], Loss: 0.1807202696800232
Rank:0 Epoch: [27/40], Step: [271/782], Loss: 0.16216087341308594
Rank:0 Epoch: [27/40], Step: [281/782], Loss: 0.09239527583122253
Rank:0 Epoch: [27/40], Step: [291/782], Loss: 0.3836565613746643
Rank:0 Epoch: [27/40], Step: [301/782], Loss: 0.7466083765029907
Rank:0 Epoch: [27/40], Step: [311/782], Loss: 0.2920565605163574
Rank:0 Epoch: [27/40], Step: [321/782], Loss: 0.2119366079568863
Rank:0 Epoch: [27/40], Step: [331/782], Loss: 0.2865827679634094
Rank:0 Epoch: [27/40], Step: [341/782], Loss: 0.18553470075130463
Rank:0 Epoch: [27/40], Step: [351/782], Loss: 0.35423150658607483
Rank:0 Epoch: [27/40], Step: [361/782], Loss: 0.2930118441581726
Rank:0 Epoch: [27/40], Step: [371/782], Loss: 0.31289345026016235
Rank:0 Epoch: [27/40], Step: [381/782], Loss: 0.08477609604597092
Rank:0 Epoch: [27/40], Step: [391/782], Loss: 0.12567946314811707
Rank:0 Epoch: [27/40], Step: [401/782], Loss: 0.16642025113105774
Rank:0 Epoch: [27/40], Step: [411/782], Loss: 0.24700574576854706
Rank:0 Epoch: [27/40], Step: [421/782], Loss: 0.257676899433136
Rank:0 Epoch: [27/40], Step: [431/782], Loss: 0.17743247747421265
Rank:0 Epoch: [27/40], Step: [441/782], Loss: 0.20758698880672455
Rank:0 Epoch: [27/40], Step: [451/782], Loss: 0.2214769870042801
Rank:0 Epoch: [27/40], Step: [461/782], Loss: 0.30672815442085266
Rank:0 Epoch: [27/40], Step: [471/782], Loss: 0.15682001411914825
Rank:0 Epoch: [27/40], Step: [481/782], Loss: 0.2631755471229553
Rank:0 Epoch: [27/40], Step: [491/782], Loss: 0.21539804339408875
Rank:0 Epoch: [27/40], Step: [501/782], Loss: 0.26838523149490356
Rank:0 Epoch: [27/40], Step: [511/782], Loss: 0.16967058181762695
Rank:0 Epoch: [27/40], Step: [521/782], Loss: 0.2959747910499573
Rank:0 Epoch: [27/40], Step: [531/782], Loss: 0.1860772967338562
Rank:0 Epoch: [27/40], Step: [541/782], Loss: 0.12144793570041656
Rank:0 Epoch: [27/40], Step: [551/782], Loss: 0.3303203582763672
Rank:0 Epoch: [27/40], Step: [561/782], Loss: 0.2540266811847687
Rank:0 Epoch: [27/40], Step: [571/782], Loss: 0.2244020253419876
Rank:0 Epoch: [27/40], Step: [581/782], Loss: 0.08840055763721466
Rank:0 Epoch: [27/40], Step: [591/782], Loss: 0.37206342816352844
Rank:0 Epoch: [27/40], Step: [601/782], Loss: 0.23614823818206787
Rank:0 Epoch: [27/40], Step: [611/782], Loss: 0.14773990213871002
Rank:0 Epoch: [27/40], Step: [621/782], Loss: 0.26480913162231445
Rank:0 Epoch: [27/40], Step: [631/782], Loss: 0.18554680049419403
Rank:0 Epoch: [27/40], Step: [641/782], Loss: 0.15790101885795593
Rank:0 Epoch: [27/40], Step: [651/782], Loss: 0.34321439266204834
Rank:0 Epoch: [27/40], Step: [661/782], Loss: 0.2651590406894684
Rank:0 Epoch: [27/40], Step: [671/782], Loss: 0.36723193526268005
Rank:0 Epoch: [27/40], Step: [681/782], Loss: 0.15425516664981842
Rank:0 Epoch: [27/40], Step: [691/782], Loss: 0.18405401706695557
Rank:0 Epoch: [27/40], Step: [701/782], Loss: 0.12960365414619446
Rank:0 Epoch: [27/40], Step: [711/782], Loss: 0.06815920025110245
Rank:0 Epoch: [27/40], Step: [721/782], Loss: 0.16201099753379822
Rank:0 Epoch: [27/40], Step: [731/782], Loss: 0.17016960680484772
Rank:0 Epoch: [27/40], Step: [741/782], Loss: 0.24453602731227875
Rank:0 Epoch: [27/40], Step: [751/782], Loss: 0.178219273686409
Rank:0 Epoch: [27/40], Step: [761/782], Loss: 0.21169215440750122
Rank:0 Epoch: [27/40], Step: [771/782], Loss: 0.15068329870700836
Rank:0 Epoch: [27/40], Step: [781/782], Loss: 0.26039013266563416
Current Test Acc: 0.8951
Rank:0 Epoch: [28/40], Step: [1/782], Loss: 0.10790681838989258
Rank:0 Epoch: [28/40], Step: [11/782], Loss: 0.2243466079235077
Rank:0 Epoch: [28/40], Step: [21/782], Loss: 0.18450573086738586
Rank:0 Epoch: [28/40], Step: [31/782], Loss: 0.3509393036365509
Rank:0 Epoch: [28/40], Step: [41/782], Loss: 0.18507252633571625
Rank:0 Epoch: [28/40], Step: [51/782], Loss: 0.19845257699489594
Rank:0 Epoch: [28/40], Step: [61/782], Loss: 0.18074271082878113
Rank:0 Epoch: [28/40], Step: [71/782], Loss: 0.25889357924461365
Rank:0 Epoch: [28/40], Step: [81/782], Loss: 0.19079895317554474
Rank:0 Epoch: [28/40], Step: [91/782], Loss: 0.14947539567947388
Rank:0 Epoch: [28/40], Step: [101/782], Loss: 0.21670882403850555
Rank:0 Epoch: [28/40], Step: [111/782], Loss: 0.36208105087280273
Rank:0 Epoch: [28/40], Step: [121/782], Loss: 0.20986388623714447
Rank:0 Epoch: [28/40], Step: [131/782], Loss: 0.2589546740055084
Rank:0 Epoch: [28/40], Step: [141/782], Loss: 0.09985031187534332
Rank:0 Epoch: [28/40], Step: [151/782], Loss: 0.25568944215774536
Rank:0 Epoch: [28/40], Step: [161/782], Loss: 0.2787032723426819
Rank:0 Epoch: [28/40], Step: [171/782], Loss: 0.14400646090507507
Rank:0 Epoch: [28/40], Step: [181/782], Loss: 0.18218350410461426
Rank:0 Epoch: [28/40], Step: [191/782], Loss: 0.13890492916107178
Rank:0 Epoch: [28/40], Step: [201/782], Loss: 0.13048547506332397
Rank:0 Epoch: [28/40], Step: [211/782], Loss: 0.2740269601345062
Rank:0 Epoch: [28/40], Step: [221/782], Loss: 0.16439709067344666
Rank:0 Epoch: [28/40], Step: [231/782], Loss: 0.18407347798347473
Rank:0 Epoch: [28/40], Step: [241/782], Loss: 0.26724207401275635
Rank:0 Epoch: [28/40], Step: [251/782], Loss: 0.28904595971107483
Rank:0 Epoch: [28/40], Step: [261/782], Loss: 0.3148126006126404
Rank:0 Epoch: [28/40], Step: [271/782], Loss: 0.3300511837005615
Rank:0 Epoch: [28/40], Step: [281/782], Loss: 0.13581186532974243
Rank:0 Epoch: [28/40], Step: [291/782], Loss: 0.16181831061840057
Rank:0 Epoch: [28/40], Step: [301/782], Loss: 0.2035624235868454
Rank:0 Epoch: [28/40], Step: [311/782], Loss: 0.19711430370807648
Rank:0 Epoch: [28/40], Step: [321/782], Loss: 0.2093523144721985
Rank:0 Epoch: [28/40], Step: [331/782], Loss: 0.20273225009441376
Rank:0 Epoch: [28/40], Step: [341/782], Loss: 0.24650128185749054
Rank:0 Epoch: [28/40], Step: [351/782], Loss: 0.19297774136066437
Rank:0 Epoch: [28/40], Step: [361/782], Loss: 0.25247448682785034
Rank:0 Epoch: [28/40], Step: [371/782], Loss: 0.22315634787082672
Rank:0 Epoch: [28/40], Step: [381/782], Loss: 0.2895531952381134
Rank:0 Epoch: [28/40], Step: [391/782], Loss: 0.13306981325149536
Rank:0 Epoch: [28/40], Step: [401/782], Loss: 0.2237403839826584
Rank:0 Epoch: [28/40], Step: [411/782], Loss: 0.2011205106973648
Rank:0 Epoch: [28/40], Step: [421/782], Loss: 0.23509806394577026
Rank:0 Epoch: [28/40], Step: [431/782], Loss: 0.12319327145814896
Rank:0 Epoch: [28/40], Step: [441/782], Loss: 0.2565246820449829
Rank:0 Epoch: [28/40], Step: [451/782], Loss: 0.21544678509235382
Rank:0 Epoch: [28/40], Step: [461/782], Loss: 0.2396567314863205
Rank:0 Epoch: [28/40], Step: [471/782], Loss: 0.23796355724334717
Rank:0 Epoch: [28/40], Step: [481/782], Loss: 0.17585338652133942
Rank:0 Epoch: [28/40], Step: [491/782], Loss: 0.20559105277061462
Rank:0 Epoch: [28/40], Step: [501/782], Loss: 0.26875483989715576
Rank:0 Epoch: [28/40], Step: [511/782], Loss: 0.25304287672042847
Rank:0 Epoch: [28/40], Step: [521/782], Loss: 0.24517042934894562
Rank:0 Epoch: [28/40], Step: [531/782], Loss: 0.22463053464889526
Rank:0 Epoch: [28/40], Step: [541/782], Loss: 0.25206565856933594
Rank:0 Epoch: [28/40], Step: [551/782], Loss: 0.1694496124982834
Rank:0 Epoch: [28/40], Step: [561/782], Loss: 0.3141324818134308
Rank:0 Epoch: [28/40], Step: [571/782], Loss: 0.20604979991912842
Rank:0 Epoch: [28/40], Step: [581/782], Loss: 0.19817179441452026
Rank:0 Epoch: [28/40], Step: [591/782], Loss: 0.2584397792816162
Rank:0 Epoch: [28/40], Step: [601/782], Loss: 0.13730306923389435
Rank:0 Epoch: [28/40], Step: [611/782], Loss: 0.21618856489658356
Rank:0 Epoch: [28/40], Step: [621/782], Loss: 0.21478503942489624
Rank:0 Epoch: [28/40], Step: [631/782], Loss: 0.17119751870632172
Rank:0 Epoch: [28/40], Step: [641/782], Loss: 0.22014577686786652
Rank:0 Epoch: [28/40], Step: [651/782], Loss: 0.16323810815811157
Rank:0 Epoch: [28/40], Step: [661/782], Loss: 0.2004144936800003
Rank:0 Epoch: [28/40], Step: [671/782], Loss: 0.1653369516134262
Rank:0 Epoch: [28/40], Step: [681/782], Loss: 0.3066185712814331
Rank:0 Epoch: [28/40], Step: [691/782], Loss: 0.2813248038291931
Rank:0 Epoch: [28/40], Step: [701/782], Loss: 0.20112280547618866
Rank:0 Epoch: [28/40], Step: [711/782], Loss: 0.3021857738494873
Rank:0 Epoch: [28/40], Step: [721/782], Loss: 0.28766563534736633
Rank:0 Epoch: [28/40], Step: [731/782], Loss: 0.1616532951593399
Rank:0 Epoch: [28/40], Step: [741/782], Loss: 0.14025214314460754
Rank:0 Epoch: [28/40], Step: [751/782], Loss: 0.3725110590457916
Rank:0 Epoch: [28/40], Step: [761/782], Loss: 0.09742279350757599
Rank:0 Epoch: [28/40], Step: [771/782], Loss: 0.4327540099620819
Rank:0 Epoch: [28/40], Step: [781/782], Loss: 0.12692448496818542
Current Test Acc: 0.8934
Rank:0 Epoch: [29/40], Step: [1/782], Loss: 0.15303578972816467
Rank:0 Epoch: [29/40], Step: [11/782], Loss: 0.18855586647987366
Rank:0 Epoch: [29/40], Step: [21/782], Loss: 0.1684483140707016
Rank:0 Epoch: [29/40], Step: [31/782], Loss: 0.17355932295322418
Rank:0 Epoch: [29/40], Step: [41/782], Loss: 0.19442780315876007
Rank:0 Epoch: [29/40], Step: [51/782], Loss: 0.19443565607070923
Rank:0 Epoch: [29/40], Step: [61/782], Loss: 0.29332807660102844
Rank:0 Epoch: [29/40], Step: [71/782], Loss: 0.18426398932933807
Rank:0 Epoch: [29/40], Step: [81/782], Loss: 0.11776180565357208
Rank:0 Epoch: [29/40], Step: [91/782], Loss: 0.12289387732744217
Rank:0 Epoch: [29/40], Step: [101/782], Loss: 0.23183608055114746
Rank:0 Epoch: [29/40], Step: [111/782], Loss: 0.22130386531352997
Rank:0 Epoch: [29/40], Step: [121/782], Loss: 0.31178757548332214
Rank:0 Epoch: [29/40], Step: [131/782], Loss: 0.4528169333934784
Rank:0 Epoch: [29/40], Step: [141/782], Loss: 0.16828781366348267
Rank:0 Epoch: [29/40], Step: [151/782], Loss: 0.23539376258850098
Rank:0 Epoch: [29/40], Step: [161/782], Loss: 0.35496360063552856
Rank:0 Epoch: [29/40], Step: [171/782], Loss: 0.13754703104496002
Rank:0 Epoch: [29/40], Step: [181/782], Loss: 0.26083695888519287
Rank:0 Epoch: [29/40], Step: [191/782], Loss: 0.21864938735961914
Rank:0 Epoch: [29/40], Step: [201/782], Loss: 0.14000286161899567
Rank:0 Epoch: [29/40], Step: [211/782], Loss: 0.3021625876426697
Rank:0 Epoch: [29/40], Step: [221/782], Loss: 0.2691543400287628
Rank:0 Epoch: [29/40], Step: [231/782], Loss: 0.3574160635471344
Rank:0 Epoch: [29/40], Step: [241/782], Loss: 0.10566262900829315
Rank:0 Epoch: [29/40], Step: [251/782], Loss: 0.1520826518535614
Rank:0 Epoch: [29/40], Step: [261/782], Loss: 0.3045564591884613
Rank:0 Epoch: [29/40], Step: [271/782], Loss: 0.16795703768730164
Rank:0 Epoch: [29/40], Step: [281/782], Loss: 0.1275816112756729
Rank:0 Epoch: [29/40], Step: [291/782], Loss: 0.1507091075181961
Rank:0 Epoch: [29/40], Step: [301/782], Loss: 0.12318770587444305
Rank:0 Epoch: [29/40], Step: [311/782], Loss: 0.16624335944652557
Rank:0 Epoch: [29/40], Step: [321/782], Loss: 0.23239155113697052
Rank:0 Epoch: [29/40], Step: [331/782], Loss: 0.13194096088409424
Rank:0 Epoch: [29/40], Step: [341/782], Loss: 0.2648932635784149
Rank:0 Epoch: [29/40], Step: [351/782], Loss: 0.30031371116638184
Rank:0 Epoch: [29/40], Step: [361/782], Loss: 0.3467799127101898
Rank:0 Epoch: [29/40], Step: [371/782], Loss: 0.19997242093086243
Rank:0 Epoch: [29/40], Step: [381/782], Loss: 0.11741120368242264
Rank:0 Epoch: [29/40], Step: [391/782], Loss: 0.22379428148269653
Rank:0 Epoch: [29/40], Step: [401/782], Loss: 0.15911364555358887
Rank:0 Epoch: [29/40], Step: [411/782], Loss: 0.1951104700565338
Rank:0 Epoch: [29/40], Step: [421/782], Loss: 0.21492153406143188
Rank:0 Epoch: [29/40], Step: [431/782], Loss: 0.20512230694293976
Rank:0 Epoch: [29/40], Step: [441/782], Loss: 0.345202773809433
Rank:0 Epoch: [29/40], Step: [451/782], Loss: 0.14058271050453186
Rank:0 Epoch: [29/40], Step: [461/782], Loss: 0.16178524494171143
Rank:0 Epoch: [29/40], Step: [471/782], Loss: 0.21307162940502167
Rank:0 Epoch: [29/40], Step: [481/782], Loss: 0.19803868234157562
Rank:0 Epoch: [29/40], Step: [491/782], Loss: 0.18406054377555847
Rank:0 Epoch: [29/40], Step: [501/782], Loss: 0.21403023600578308
Rank:0 Epoch: [29/40], Step: [511/782], Loss: 0.19745109975337982
Rank:0 Epoch: [29/40], Step: [521/782], Loss: 0.15984462201595306
Rank:0 Epoch: [29/40], Step: [531/782], Loss: 0.20965181291103363
Rank:0 Epoch: [29/40], Step: [541/782], Loss: 0.19169576466083527
Rank:0 Epoch: [29/40], Step: [551/782], Loss: 0.2399858683347702
Rank:0 Epoch: [29/40], Step: [561/782], Loss: 0.3281612992286682
Rank:0 Epoch: [29/40], Step: [571/782], Loss: 0.14412377774715424
Rank:0 Epoch: [29/40], Step: [581/782], Loss: 0.1897193193435669
Rank:0 Epoch: [29/40], Step: [591/782], Loss: 0.31094640493392944
Rank:0 Epoch: [29/40], Step: [601/782], Loss: 0.18455444276332855
Rank:0 Epoch: [29/40], Step: [611/782], Loss: 0.19958649575710297
Rank:0 Epoch: [29/40], Step: [621/782], Loss: 0.24241547286510468
Rank:0 Epoch: [29/40], Step: [631/782], Loss: 0.21297666430473328
Rank:0 Epoch: [29/40], Step: [641/782], Loss: 0.21352963149547577
Rank:0 Epoch: [29/40], Step: [651/782], Loss: 0.15192025899887085
Rank:0 Epoch: [29/40], Step: [661/782], Loss: 0.16357356309890747
Rank:0 Epoch: [29/40], Step: [671/782], Loss: 0.3633285462856293
Rank:0 Epoch: [29/40], Step: [681/782], Loss: 0.29160943627357483
Rank:0 Epoch: [29/40], Step: [691/782], Loss: 0.11930988729000092
Rank:0 Epoch: [29/40], Step: [701/782], Loss: 0.26013579964637756
Rank:0 Epoch: [29/40], Step: [711/782], Loss: 0.282531201839447
Rank:0 Epoch: [29/40], Step: [721/782], Loss: 0.3143179714679718
Rank:0 Epoch: [29/40], Step: [731/782], Loss: 0.1673194020986557
Rank:0 Epoch: [29/40], Step: [741/782], Loss: 0.17988713085651398
Rank:0 Epoch: [29/40], Step: [751/782], Loss: 0.18085786700248718
Rank:0 Epoch: [29/40], Step: [761/782], Loss: 0.21670739352703094
Rank:0 Epoch: [29/40], Step: [771/782], Loss: 0.24847127497196198
Rank:0 Epoch: [29/40], Step: [781/782], Loss: 0.17702393233776093
Current Test Acc: 0.8946
Rank:0 Epoch: [30/40], Step: [1/782], Loss: 0.15451101958751678
Rank:0 Epoch: [30/40], Step: [11/782], Loss: 0.14834079146385193
Rank:0 Epoch: [30/40], Step: [21/782], Loss: 0.25034448504447937
Rank:0 Epoch: [30/40], Step: [31/782], Loss: 0.14539699256420135
Rank:0 Epoch: [30/40], Step: [41/782], Loss: 0.12304704636335373
Rank:0 Epoch: [30/40], Step: [51/782], Loss: 0.13724005222320557
Rank:0 Epoch: [30/40], Step: [61/782], Loss: 0.17959100008010864
Rank:0 Epoch: [30/40], Step: [71/782], Loss: 0.3981110751628876
Rank:0 Epoch: [30/40], Step: [81/782], Loss: 0.3280094563961029
Rank:0 Epoch: [30/40], Step: [91/782], Loss: 0.24158690869808197
Rank:0 Epoch: [30/40], Step: [101/782], Loss: 0.24154841899871826
Rank:0 Epoch: [30/40], Step: [111/782], Loss: 0.20884880423545837
Rank:0 Epoch: [30/40], Step: [121/782], Loss: 0.1847819983959198
Rank:0 Epoch: [30/40], Step: [131/782], Loss: 0.24794429540634155
Rank:0 Epoch: [30/40], Step: [141/782], Loss: 0.17291994392871857
Rank:0 Epoch: [30/40], Step: [151/782], Loss: 0.285739928483963
Rank:0 Epoch: [30/40], Step: [161/782], Loss: 0.13277439773082733
Rank:0 Epoch: [30/40], Step: [171/782], Loss: 0.18148796260356903
Rank:0 Epoch: [30/40], Step: [181/782], Loss: 0.13612551987171173
Rank:0 Epoch: [30/40], Step: [191/782], Loss: 0.33328574895858765
Rank:0 Epoch: [30/40], Step: [201/782], Loss: 0.1981668621301651
Rank:0 Epoch: [30/40], Step: [211/782], Loss: 0.19590574502944946
Rank:0 Epoch: [30/40], Step: [221/782], Loss: 0.17452217638492584
Rank:0 Epoch: [30/40], Step: [231/782], Loss: 0.23474135994911194
Rank:0 Epoch: [30/40], Step: [241/782], Loss: 0.18155482411384583
Rank:0 Epoch: [30/40], Step: [251/782], Loss: 0.19517014920711517
Rank:0 Epoch: [30/40], Step: [261/782], Loss: 0.2427504062652588
Rank:0 Epoch: [30/40], Step: [271/782], Loss: 0.21416550874710083
Rank:0 Epoch: [30/40], Step: [281/782], Loss: 0.461251437664032
Rank:0 Epoch: [30/40], Step: [291/782], Loss: 0.12644901871681213
Rank:0 Epoch: [30/40], Step: [301/782], Loss: 0.09563535451889038
Rank:0 Epoch: [30/40], Step: [311/782], Loss: 0.17280375957489014
Rank:0 Epoch: [30/40], Step: [321/782], Loss: 0.1080004945397377
Rank:0 Epoch: [30/40], Step: [331/782], Loss: 0.4117871820926666
Rank:0 Epoch: [30/40], Step: [341/782], Loss: 0.09353610873222351
Rank:0 Epoch: [30/40], Step: [351/782], Loss: 0.28511878848075867
Rank:0 Epoch: [30/40], Step: [361/782], Loss: 0.1939990222454071
Rank:0 Epoch: [30/40], Step: [371/782], Loss: 0.38310280442237854
Rank:0 Epoch: [30/40], Step: [381/782], Loss: 0.049761608242988586
Rank:0 Epoch: [30/40], Step: [391/782], Loss: 0.24634341895580292
Rank:0 Epoch: [30/40], Step: [401/782], Loss: 0.1502259373664856
Rank:0 Epoch: [30/40], Step: [411/782], Loss: 0.2173863798379898
Rank:0 Epoch: [30/40], Step: [421/782], Loss: 0.15298068523406982
Rank:0 Epoch: [30/40], Step: [431/782], Loss: 0.1613253653049469
Rank:0 Epoch: [30/40], Step: [441/782], Loss: 0.289564311504364
Rank:0 Epoch: [30/40], Step: [451/782], Loss: 0.09929835051298141
Rank:0 Epoch: [30/40], Step: [461/782], Loss: 0.2855210304260254
Rank:0 Epoch: [30/40], Step: [471/782], Loss: 0.26755836606025696
Rank:0 Epoch: [30/40], Step: [481/782], Loss: 0.2700045704841614
Rank:0 Epoch: [30/40], Step: [491/782], Loss: 0.18598672747612
Rank:0 Epoch: [30/40], Step: [501/782], Loss: 0.1704321652650833
Rank:0 Epoch: [30/40], Step: [511/782], Loss: 0.3004564046859741
Rank:0 Epoch: [30/40], Step: [521/782], Loss: 0.22408470511436462
Rank:0 Epoch: [30/40], Step: [531/782], Loss: 0.16730612516403198
Rank:0 Epoch: [30/40], Step: [541/782], Loss: 0.12649527192115784
Rank:0 Epoch: [30/40], Step: [551/782], Loss: 0.11204136908054352
Rank:0 Epoch: [30/40], Step: [561/782], Loss: 0.20049287378787994
Rank:0 Epoch: [30/40], Step: [571/782], Loss: 0.2601822316646576
Rank:0 Epoch: [30/40], Step: [581/782], Loss: 0.21196383237838745
Rank:0 Epoch: [30/40], Step: [591/782], Loss: 0.2545712888240814
Rank:0 Epoch: [30/40], Step: [601/782], Loss: 0.171185702085495
Rank:0 Epoch: [30/40], Step: [611/782], Loss: 0.19593946635723114
Rank:0 Epoch: [30/40], Step: [621/782], Loss: 0.11132016032934189
Rank:0 Epoch: [30/40], Step: [631/782], Loss: 0.3451416790485382
Rank:0 Epoch: [30/40], Step: [641/782], Loss: 0.23283496499061584
Rank:0 Epoch: [30/40], Step: [651/782], Loss: 0.3325933516025543
Rank:0 Epoch: [30/40], Step: [661/782], Loss: 0.29856574535369873
Rank:0 Epoch: [30/40], Step: [671/782], Loss: 0.25634947419166565
Rank:0 Epoch: [30/40], Step: [681/782], Loss: 0.3111369013786316
Rank:0 Epoch: [30/40], Step: [691/782], Loss: 0.28030502796173096
Rank:0 Epoch: [30/40], Step: [701/782], Loss: 0.3269639015197754
Rank:0 Epoch: [30/40], Step: [711/782], Loss: 0.2536830008029938
Rank:0 Epoch: [30/40], Step: [721/782], Loss: 0.23679833114147186
Rank:0 Epoch: [30/40], Step: [731/782], Loss: 0.3282508850097656
Rank:0 Epoch: [30/40], Step: [741/782], Loss: 0.16950257122516632
Rank:0 Epoch: [30/40], Step: [751/782], Loss: 0.1822589933872223
Rank:0 Epoch: [30/40], Step: [761/782], Loss: 0.2495410293340683
Rank:0 Epoch: [30/40], Step: [771/782], Loss: 0.09363267570734024
Rank:0 Epoch: [30/40], Step: [781/782], Loss: 0.2802855372428894
Current Test Acc: 0.8977
Rank:0 Epoch: [31/40], Step: [1/782], Loss: 0.5418249368667603
Rank:0 Epoch: [31/40], Step: [11/782], Loss: 0.1428436040878296
Rank:0 Epoch: [31/40], Step: [21/782], Loss: 0.04673876613378525
Rank:0 Epoch: [31/40], Step: [31/782], Loss: 0.1761993169784546
Rank:0 Epoch: [31/40], Step: [41/782], Loss: 0.14078499376773834
Rank:0 Epoch: [31/40], Step: [51/782], Loss: 0.22113759815692902
Rank:0 Epoch: [31/40], Step: [61/782], Loss: 0.19963829219341278
Rank:0 Epoch: [31/40], Step: [71/782], Loss: 0.2175523191690445
Rank:0 Epoch: [31/40], Step: [81/782], Loss: 0.22007666528224945
Rank:0 Epoch: [31/40], Step: [91/782], Loss: 0.32907044887542725
Rank:0 Epoch: [31/40], Step: [101/782], Loss: 0.1829243004322052
Rank:0 Epoch: [31/40], Step: [111/782], Loss: 0.20103907585144043
Rank:0 Epoch: [31/40], Step: [121/782], Loss: 0.10201345384120941
Rank:0 Epoch: [31/40], Step: [131/782], Loss: 0.20645979046821594
Rank:0 Epoch: [31/40], Step: [141/782], Loss: 0.2156081199645996
Rank:0 Epoch: [31/40], Step: [151/782], Loss: 0.15153224766254425
Rank:0 Epoch: [31/40], Step: [161/782], Loss: 0.1738763004541397
Rank:0 Epoch: [31/40], Step: [171/782], Loss: 0.18089966475963593
Rank:0 Epoch: [31/40], Step: [181/782], Loss: 0.28868189454078674
Rank:0 Epoch: [31/40], Step: [191/782], Loss: 0.18565353751182556
Rank:0 Epoch: [31/40], Step: [201/782], Loss: 0.09191834181547165
Rank:0 Epoch: [31/40], Step: [211/782], Loss: 0.1324387490749359
Rank:0 Epoch: [31/40], Step: [221/782], Loss: 0.14882919192314148
Rank:0 Epoch: [31/40], Step: [231/782], Loss: 0.171113058924675
Rank:0 Epoch: [31/40], Step: [241/782], Loss: 0.167884960770607
Rank:0 Epoch: [31/40], Step: [251/782], Loss: 0.12334241718053818
Rank:0 Epoch: [31/40], Step: [261/782], Loss: 0.22181281447410583
Rank:0 Epoch: [31/40], Step: [271/782], Loss: 0.1548597663640976
Rank:0 Epoch: [31/40], Step: [281/782], Loss: 0.2834823429584503
Rank:0 Epoch: [31/40], Step: [291/782], Loss: 0.22169147431850433
Rank:0 Epoch: [31/40], Step: [301/782], Loss: 0.19582150876522064
Rank:0 Epoch: [31/40], Step: [311/782], Loss: 0.11217226088047028
Rank:0 Epoch: [31/40], Step: [321/782], Loss: 0.16034433245658875
Rank:0 Epoch: [31/40], Step: [331/782], Loss: 0.18819443881511688
Rank:0 Epoch: [31/40], Step: [341/782], Loss: 0.07309556007385254
Rank:0 Epoch: [31/40], Step: [351/782], Loss: 0.18598808348178864
Rank:0 Epoch: [31/40], Step: [361/782], Loss: 0.2760787606239319
Rank:0 Epoch: [31/40], Step: [371/782], Loss: 0.2150818258523941
Rank:0 Epoch: [31/40], Step: [381/782], Loss: 0.418374240398407
Rank:0 Epoch: [31/40], Step: [391/782], Loss: 0.17157098650932312
Rank:0 Epoch: [31/40], Step: [401/782], Loss: 0.1370742917060852
Rank:0 Epoch: [31/40], Step: [411/782], Loss: 0.24618902802467346
Rank:0 Epoch: [31/40], Step: [421/782], Loss: 0.1661132574081421
Rank:0 Epoch: [31/40], Step: [431/782], Loss: 0.11381788551807404
Rank:0 Epoch: [31/40], Step: [441/782], Loss: 0.21395744383335114
Rank:0 Epoch: [31/40], Step: [451/782], Loss: 0.10192053765058517
Rank:0 Epoch: [31/40], Step: [461/782], Loss: 0.22271794080734253
Rank:0 Epoch: [31/40], Step: [471/782], Loss: 0.18274231255054474
Rank:0 Epoch: [31/40], Step: [481/782], Loss: 0.19214008748531342
Rank:0 Epoch: [31/40], Step: [491/782], Loss: 0.18460828065872192
Rank:0 Epoch: [31/40], Step: [501/782], Loss: 0.2260923832654953
Rank:0 Epoch: [31/40], Step: [511/782], Loss: 0.16385839879512787
Rank:0 Epoch: [31/40], Step: [521/782], Loss: 0.24060676991939545
Rank:0 Epoch: [31/40], Step: [531/782], Loss: 0.11205832660198212
Rank:0 Epoch: [31/40], Step: [541/782], Loss: 0.1445283740758896
Rank:0 Epoch: [31/40], Step: [551/782], Loss: 0.0693574920296669
Rank:0 Epoch: [31/40], Step: [561/782], Loss: 0.18790830671787262
Rank:0 Epoch: [31/40], Step: [571/782], Loss: 0.24305927753448486
Rank:0 Epoch: [31/40], Step: [581/782], Loss: 0.13935525715351105
Rank:0 Epoch: [31/40], Step: [591/782], Loss: 0.27686458826065063
Rank:0 Epoch: [31/40], Step: [601/782], Loss: 0.09036694467067719
Rank:0 Epoch: [31/40], Step: [611/782], Loss: 0.23265555500984192
Rank:0 Epoch: [31/40], Step: [621/782], Loss: 0.23911967873573303
Rank:0 Epoch: [31/40], Step: [631/782], Loss: 0.22340483963489532
Rank:0 Epoch: [31/40], Step: [641/782], Loss: 0.32359519600868225
Rank:0 Epoch: [31/40], Step: [651/782], Loss: 0.2041749805212021
Rank:0 Epoch: [31/40], Step: [661/782], Loss: 0.19660194218158722
Rank:0 Epoch: [31/40], Step: [671/782], Loss: 0.15021611750125885
Rank:0 Epoch: [31/40], Step: [681/782], Loss: 0.20070400834083557
Rank:0 Epoch: [31/40], Step: [691/782], Loss: 0.26628783345222473
Rank:0 Epoch: [31/40], Step: [701/782], Loss: 0.14685814082622528
Rank:0 Epoch: [31/40], Step: [711/782], Loss: 0.17364341020584106
Rank:0 Epoch: [31/40], Step: [721/782], Loss: 0.2058023065328598
Rank:0 Epoch: [31/40], Step: [731/782], Loss: 0.2728886604309082
Rank:0 Epoch: [31/40], Step: [741/782], Loss: 0.14333577454090118
Rank:0 Epoch: [31/40], Step: [751/782], Loss: 0.2120283842086792
Rank:0 Epoch: [31/40], Step: [761/782], Loss: 0.16409924626350403
Rank:0 Epoch: [31/40], Step: [771/782], Loss: 0.3358571529388428
Rank:0 Epoch: [31/40], Step: [781/782], Loss: 0.12812697887420654
Current Test Acc: 0.8998
Rank:0 Epoch: [32/40], Step: [1/782], Loss: 0.1413276642560959
Rank:0 Epoch: [32/40], Step: [11/782], Loss: 0.1634673774242401
Rank:0 Epoch: [32/40], Step: [21/782], Loss: 0.24079376459121704
Rank:0 Epoch: [32/40], Step: [31/782], Loss: 0.20640957355499268
Rank:0 Epoch: [32/40], Step: [41/782], Loss: 0.1834467649459839
Rank:0 Epoch: [32/40], Step: [51/782], Loss: 0.16563360393047333
Rank:0 Epoch: [32/40], Step: [61/782], Loss: 0.1924644112586975
Rank:0 Epoch: [32/40], Step: [71/782], Loss: 0.29885992407798767
Rank:0 Epoch: [32/40], Step: [81/782], Loss: 0.23534823954105377
Rank:0 Epoch: [32/40], Step: [91/782], Loss: 0.13562586903572083
Rank:0 Epoch: [32/40], Step: [101/782], Loss: 0.22821734845638275
Rank:0 Epoch: [32/40], Step: [111/782], Loss: 0.3632095754146576
Rank:0 Epoch: [32/40], Step: [121/782], Loss: 0.15550363063812256
Rank:0 Epoch: [32/40], Step: [131/782], Loss: 0.16927845776081085
Rank:0 Epoch: [32/40], Step: [141/782], Loss: 0.4542861878871918
Rank:0 Epoch: [32/40], Step: [151/782], Loss: 0.16970205307006836
Rank:0 Epoch: [32/40], Step: [161/782], Loss: 0.12223783135414124
Rank:0 Epoch: [32/40], Step: [171/782], Loss: 0.12344636768102646
Rank:0 Epoch: [32/40], Step: [181/782], Loss: 0.2101881504058838
Rank:0 Epoch: [32/40], Step: [191/782], Loss: 0.12749972939491272
Rank:0 Epoch: [32/40], Step: [201/782], Loss: 0.25594058632850647
Rank:0 Epoch: [32/40], Step: [211/782], Loss: 0.20645016431808472
Rank:0 Epoch: [32/40], Step: [221/782], Loss: 0.269443541765213
Rank:0 Epoch: [32/40], Step: [231/782], Loss: 0.3740330934524536
Rank:0 Epoch: [32/40], Step: [241/782], Loss: 0.18528208136558533
Rank:0 Epoch: [32/40], Step: [251/782], Loss: 0.16122274100780487
Rank:0 Epoch: [32/40], Step: [261/782], Loss: 0.10807634890079498
Rank:0 Epoch: [32/40], Step: [271/782], Loss: 0.1660248041152954
Rank:0 Epoch: [32/40], Step: [281/782], Loss: 0.18067258596420288
Rank:0 Epoch: [32/40], Step: [291/782], Loss: 0.2348073422908783
Rank:0 Epoch: [32/40], Step: [301/782], Loss: 0.2192571759223938
Rank:0 Epoch: [32/40], Step: [311/782], Loss: 0.24752748012542725
Rank:0 Epoch: [32/40], Step: [321/782], Loss: 0.1233234629034996
Rank:0 Epoch: [32/40], Step: [331/782], Loss: 0.1256384402513504
Rank:0 Epoch: [32/40], Step: [341/782], Loss: 0.21577024459838867
Rank:0 Epoch: [32/40], Step: [351/782], Loss: 0.12555906176567078
Rank:0 Epoch: [32/40], Step: [361/782], Loss: 0.11494680494070053
Rank:0 Epoch: [32/40], Step: [371/782], Loss: 0.2400667667388916
Rank:0 Epoch: [32/40], Step: [381/782], Loss: 0.24742300808429718
Rank:0 Epoch: [32/40], Step: [391/782], Loss: 0.21066567301750183
Rank:0 Epoch: [32/40], Step: [401/782], Loss: 0.2391003966331482
Rank:0 Epoch: [32/40], Step: [411/782], Loss: 0.22289107739925385
Rank:0 Epoch: [32/40], Step: [421/782], Loss: 0.18583381175994873
Rank:0 Epoch: [32/40], Step: [431/782], Loss: 0.16587992012500763
Rank:0 Epoch: [32/40], Step: [441/782], Loss: 0.20964230597019196
Rank:0 Epoch: [32/40], Step: [451/782], Loss: 0.18171072006225586
Rank:0 Epoch: [32/40], Step: [461/782], Loss: 0.13623319566249847
Rank:0 Epoch: [32/40], Step: [471/782], Loss: 0.30256187915802
Rank:0 Epoch: [32/40], Step: [481/782], Loss: 0.12518998980522156
Rank:0 Epoch: [32/40], Step: [491/782], Loss: 0.2356160432100296
Rank:0 Epoch: [32/40], Step: [501/782], Loss: 0.256011039018631
Rank:0 Epoch: [32/40], Step: [511/782], Loss: 0.11867140233516693
Rank:0 Epoch: [32/40], Step: [521/782], Loss: 0.17961499094963074
Rank:0 Epoch: [32/40], Step: [531/782], Loss: 0.11206219345331192
Rank:0 Epoch: [32/40], Step: [541/782], Loss: 0.0803912803530693
Rank:0 Epoch: [32/40], Step: [551/782], Loss: 0.15001243352890015
Rank:0 Epoch: [32/40], Step: [561/782], Loss: 0.1916387379169464
Rank:0 Epoch: [32/40], Step: [571/782], Loss: 0.17323221266269684
Rank:0 Epoch: [32/40], Step: [581/782], Loss: 0.18600080907344818
Rank:0 Epoch: [32/40], Step: [591/782], Loss: 0.0786018967628479
Rank:0 Epoch: [32/40], Step: [601/782], Loss: 0.16929082572460175
Rank:0 Epoch: [32/40], Step: [611/782], Loss: 0.09592656791210175
Rank:0 Epoch: [32/40], Step: [621/782], Loss: 0.199181467294693
Rank:0 Epoch: [32/40], Step: [631/782], Loss: 0.3116651177406311
Rank:0 Epoch: [32/40], Step: [641/782], Loss: 0.13584212958812714
Rank:0 Epoch: [32/40], Step: [651/782], Loss: 0.15933489799499512
Rank:0 Epoch: [32/40], Step: [661/782], Loss: 0.19352462887763977
Rank:0 Epoch: [32/40], Step: [671/782], Loss: 0.1747414618730545
Rank:0 Epoch: [32/40], Step: [681/782], Loss: 0.09314002096652985
Rank:0 Epoch: [32/40], Step: [691/782], Loss: 0.2580539286136627
Rank:0 Epoch: [32/40], Step: [701/782], Loss: 0.17400063574314117
Rank:0 Epoch: [32/40], Step: [711/782], Loss: 0.21800759434700012
Rank:0 Epoch: [32/40], Step: [721/782], Loss: 0.33217155933380127
Rank:0 Epoch: [32/40], Step: [731/782], Loss: 0.21374255418777466
Rank:0 Epoch: [32/40], Step: [741/782], Loss: 0.20251302421092987
Rank:0 Epoch: [32/40], Step: [751/782], Loss: 0.42388445138931274
Rank:0 Epoch: [32/40], Step: [761/782], Loss: 0.15845544636249542
Rank:0 Epoch: [32/40], Step: [771/782], Loss: 0.269744336605072
Rank:0 Epoch: [32/40], Step: [781/782], Loss: 0.16629056632518768
Current Test Acc: 0.8991
Rank:0 Epoch: [33/40], Step: [1/782], Loss: 0.207474946975708
Rank:0 Epoch: [33/40], Step: [11/782], Loss: 0.20500436425209045
Rank:0 Epoch: [33/40], Step: [21/782], Loss: 0.13807395100593567
Rank:0 Epoch: [33/40], Step: [31/782], Loss: 0.3483366072177887
Rank:0 Epoch: [33/40], Step: [41/782], Loss: 0.16919666528701782
Rank:0 Epoch: [33/40], Step: [51/782], Loss: 0.09256964921951294
Rank:0 Epoch: [33/40], Step: [61/782], Loss: 0.213861346244812
Rank:0 Epoch: [33/40], Step: [71/782], Loss: 0.14058619737625122
Rank:0 Epoch: [33/40], Step: [81/782], Loss: 0.20007579028606415
Rank:0 Epoch: [33/40], Step: [91/782], Loss: 0.19136221706867218
Rank:0 Epoch: [33/40], Step: [101/782], Loss: 0.22121551632881165
Rank:0 Epoch: [33/40], Step: [111/782], Loss: 0.0856374055147171
Rank:0 Epoch: [33/40], Step: [121/782], Loss: 0.13322485983371735
Rank:0 Epoch: [33/40], Step: [131/782], Loss: 0.1349465399980545
Rank:0 Epoch: [33/40], Step: [141/782], Loss: 0.11250192672014236
Rank:0 Epoch: [33/40], Step: [151/782], Loss: 0.2505517601966858
Rank:0 Epoch: [33/40], Step: [161/782], Loss: 0.16879749298095703
Rank:0 Epoch: [33/40], Step: [171/782], Loss: 0.23394669592380524
Rank:0 Epoch: [33/40], Step: [181/782], Loss: 0.1927979290485382
Rank:0 Epoch: [33/40], Step: [191/782], Loss: 0.24384602904319763
Rank:0 Epoch: [33/40], Step: [201/782], Loss: 0.2227560430765152
Rank:0 Epoch: [33/40], Step: [211/782], Loss: 0.1535247266292572
Rank:0 Epoch: [33/40], Step: [221/782], Loss: 0.22958295047283173
Rank:0 Epoch: [33/40], Step: [231/782], Loss: 0.13836540281772614
Rank:0 Epoch: [33/40], Step: [241/782], Loss: 0.1186821311712265
Rank:0 Epoch: [33/40], Step: [251/782], Loss: 0.22379302978515625
Rank:0 Epoch: [33/40], Step: [261/782], Loss: 0.27010998129844666
Rank:0 Epoch: [33/40], Step: [271/782], Loss: 0.13012102246284485
Rank:0 Epoch: [33/40], Step: [281/782], Loss: 0.1689765304327011
Rank:0 Epoch: [33/40], Step: [291/782], Loss: 0.22509120404720306
Rank:0 Epoch: [33/40], Step: [301/782], Loss: 0.2184019684791565
Rank:0 Epoch: [33/40], Step: [311/782], Loss: 0.18671002984046936
Rank:0 Epoch: [33/40], Step: [321/782], Loss: 0.34614434838294983
Rank:0 Epoch: [33/40], Step: [331/782], Loss: 0.15729831159114838
Rank:0 Epoch: [33/40], Step: [341/782], Loss: 0.20054444670677185
Rank:0 Epoch: [33/40], Step: [351/782], Loss: 0.21637967228889465
Rank:0 Epoch: [33/40], Step: [361/782], Loss: 0.16528253257274628
Rank:0 Epoch: [33/40], Step: [371/782], Loss: 0.24466675519943237
Rank:0 Epoch: [33/40], Step: [381/782], Loss: 0.13935087621212006
Rank:0 Epoch: [33/40], Step: [391/782], Loss: 0.24640552699565887
Rank:0 Epoch: [33/40], Step: [401/782], Loss: 0.3569083511829376
Rank:0 Epoch: [33/40], Step: [411/782], Loss: 0.27034324407577515
Rank:0 Epoch: [33/40], Step: [421/782], Loss: 0.08005618304014206
Rank:0 Epoch: [33/40], Step: [431/782], Loss: 0.3396160304546356
Rank:0 Epoch: [33/40], Step: [441/782], Loss: 0.10694723576307297
Rank:0 Epoch: [33/40], Step: [451/782], Loss: 0.0670778825879097
Rank:0 Epoch: [33/40], Step: [461/782], Loss: 0.14940015971660614
Rank:0 Epoch: [33/40], Step: [471/782], Loss: 0.15179818868637085
Rank:0 Epoch: [33/40], Step: [481/782], Loss: 0.2643437683582306
Rank:0 Epoch: [33/40], Step: [491/782], Loss: 0.24637700617313385
Rank:0 Epoch: [33/40], Step: [501/782], Loss: 0.18823297321796417
Rank:0 Epoch: [33/40], Step: [511/782], Loss: 0.26477164030075073
Rank:0 Epoch: [33/40], Step: [521/782], Loss: 0.3319201171398163
Rank:0 Epoch: [33/40], Step: [531/782], Loss: 0.2950863540172577
Rank:0 Epoch: [33/40], Step: [541/782], Loss: 0.19693978130817413
Rank:0 Epoch: [33/40], Step: [551/782], Loss: 0.15943555533885956
Rank:0 Epoch: [33/40], Step: [561/782], Loss: 0.21853382885456085
Rank:0 Epoch: [33/40], Step: [571/782], Loss: 0.26246893405914307
Rank:0 Epoch: [33/40], Step: [581/782], Loss: 0.19791367650032043
Rank:0 Epoch: [33/40], Step: [591/782], Loss: 0.19172115623950958
Rank:0 Epoch: [33/40], Step: [601/782], Loss: 0.25621119141578674
Rank:0 Epoch: [33/40], Step: [611/782], Loss: 0.18612346053123474
Rank:0 Epoch: [33/40], Step: [621/782], Loss: 0.2130056470632553
Rank:0 Epoch: [33/40], Step: [631/782], Loss: 0.2145880162715912
Rank:0 Epoch: [33/40], Step: [641/782], Loss: 0.10424111783504486
Rank:0 Epoch: [33/40], Step: [651/782], Loss: 0.2780921757221222
Rank:0 Epoch: [33/40], Step: [661/782], Loss: 0.12226108461618423
Rank:0 Epoch: [33/40], Step: [671/782], Loss: 0.3418307602405548
Rank:0 Epoch: [33/40], Step: [681/782], Loss: 0.2617281377315521
Rank:0 Epoch: [33/40], Step: [691/782], Loss: 0.09437268227338791
Rank:0 Epoch: [33/40], Step: [701/782], Loss: 0.09226440638303757
Rank:0 Epoch: [33/40], Step: [711/782], Loss: 0.14962545037269592
Rank:0 Epoch: [33/40], Step: [721/782], Loss: 0.3519567847251892
Rank:0 Epoch: [33/40], Step: [731/782], Loss: 0.15493611991405487
Rank:0 Epoch: [33/40], Step: [741/782], Loss: 0.0954350158572197
Rank:0 Epoch: [33/40], Step: [751/782], Loss: 0.25939854979515076
Rank:0 Epoch: [33/40], Step: [761/782], Loss: 0.23687425255775452
Rank:0 Epoch: [33/40], Step: [771/782], Loss: 0.1291341781616211
Rank:0 Epoch: [33/40], Step: [781/782], Loss: 0.14513719081878662
Current Test Acc: 0.9016
Rank:0 Epoch: [34/40], Step: [1/782], Loss: 0.20119434595108032
Rank:0 Epoch: [34/40], Step: [11/782], Loss: 0.28457850217819214
Rank:0 Epoch: [34/40], Step: [21/782], Loss: 0.2746480703353882
Rank:0 Epoch: [34/40], Step: [31/782], Loss: 0.1755456179380417
Rank:0 Epoch: [34/40], Step: [41/782], Loss: 0.18432988226413727
Rank:0 Epoch: [34/40], Step: [51/782], Loss: 0.1544746309518814
Rank:0 Epoch: [34/40], Step: [61/782], Loss: 0.15792784094810486
Rank:0 Epoch: [34/40], Step: [71/782], Loss: 0.10031621903181076
Rank:0 Epoch: [34/40], Step: [81/782], Loss: 0.13827653229236603
Rank:0 Epoch: [34/40], Step: [91/782], Loss: 0.08903419971466064
Rank:0 Epoch: [34/40], Step: [101/782], Loss: 0.09421726316213608
Rank:0 Epoch: [34/40], Step: [111/782], Loss: 0.20769092440605164
Rank:0 Epoch: [34/40], Step: [121/782], Loss: 0.3076503276824951
Rank:0 Epoch: [34/40], Step: [131/782], Loss: 0.301587849855423
Rank:0 Epoch: [34/40], Step: [141/782], Loss: 0.18981657922267914
Rank:0 Epoch: [34/40], Step: [151/782], Loss: 0.14452271163463593
Rank:0 Epoch: [34/40], Step: [161/782], Loss: 0.25185948610305786
Rank:0 Epoch: [34/40], Step: [171/782], Loss: 0.23874078691005707
Rank:0 Epoch: [34/40], Step: [181/782], Loss: 0.18431003391742706
Rank:0 Epoch: [34/40], Step: [191/782], Loss: 0.1346702128648758
Rank:0 Epoch: [34/40], Step: [201/782], Loss: 0.2906380593776703
Rank:0 Epoch: [34/40], Step: [211/782], Loss: 0.26389873027801514
Rank:0 Epoch: [34/40], Step: [221/782], Loss: 0.17706133425235748
Rank:0 Epoch: [34/40], Step: [231/782], Loss: 0.15660914778709412
Rank:0 Epoch: [34/40], Step: [241/782], Loss: 0.11294446885585785
Rank:0 Epoch: [34/40], Step: [251/782], Loss: 0.20640692114830017
Rank:0 Epoch: [34/40], Step: [261/782], Loss: 0.20795799791812897
Rank:0 Epoch: [34/40], Step: [271/782], Loss: 0.23438887298107147
Rank:0 Epoch: [34/40], Step: [281/782], Loss: 0.13684633374214172
Rank:0 Epoch: [34/40], Step: [291/782], Loss: 0.1300862431526184
Rank:0 Epoch: [34/40], Step: [301/782], Loss: 0.20694778859615326
Rank:0 Epoch: [34/40], Step: [311/782], Loss: 0.1983456164598465
Rank:0 Epoch: [34/40], Step: [321/782], Loss: 0.25664037466049194
Rank:0 Epoch: [34/40], Step: [331/782], Loss: 0.29347431659698486
Rank:0 Epoch: [34/40], Step: [341/782], Loss: 0.12005994468927383
Rank:0 Epoch: [34/40], Step: [351/782], Loss: 0.2665703296661377
Rank:0 Epoch: [34/40], Step: [361/782], Loss: 0.10638592392206192
Rank:0 Epoch: [34/40], Step: [371/782], Loss: 0.20753853023052216
Rank:0 Epoch: [34/40], Step: [381/782], Loss: 0.16058574616909027
Rank:0 Epoch: [34/40], Step: [391/782], Loss: 0.14202465116977692
Rank:0 Epoch: [34/40], Step: [401/782], Loss: 0.1097191721200943
Rank:0 Epoch: [34/40], Step: [411/782], Loss: 0.24322663247585297
Rank:0 Epoch: [34/40], Step: [421/782], Loss: 0.12966753542423248
Rank:0 Epoch: [34/40], Step: [431/782], Loss: 0.13793474435806274
Rank:0 Epoch: [34/40], Step: [441/782], Loss: 0.24692271649837494
Rank:0 Epoch: [34/40], Step: [451/782], Loss: 0.22330288589000702
Rank:0 Epoch: [34/40], Step: [461/782], Loss: 0.21738722920417786
Rank:0 Epoch: [34/40], Step: [471/782], Loss: 0.10860459506511688
Rank:0 Epoch: [34/40], Step: [481/782], Loss: 0.31478598713874817
Rank:0 Epoch: [34/40], Step: [491/782], Loss: 0.13948047161102295
Rank:0 Epoch: [34/40], Step: [501/782], Loss: 0.24236248433589935
Rank:0 Epoch: [34/40], Step: [511/782], Loss: 0.1778148114681244
Rank:0 Epoch: [34/40], Step: [521/782], Loss: 0.19979974627494812
Rank:0 Epoch: [34/40], Step: [531/782], Loss: 0.24626417458057404
Rank:0 Epoch: [34/40], Step: [541/782], Loss: 0.13794462382793427
Rank:0 Epoch: [34/40], Step: [551/782], Loss: 0.12212424725294113
Rank:0 Epoch: [34/40], Step: [561/782], Loss: 0.12409847974777222
Rank:0 Epoch: [34/40], Step: [571/782], Loss: 0.31334513425827026
Rank:0 Epoch: [34/40], Step: [581/782], Loss: 0.16951727867126465
Rank:0 Epoch: [34/40], Step: [591/782], Loss: 0.2676731050014496
Rank:0 Epoch: [34/40], Step: [601/782], Loss: 0.13776659965515137
Rank:0 Epoch: [34/40], Step: [611/782], Loss: 0.1595110148191452
Rank:0 Epoch: [34/40], Step: [621/782], Loss: 0.23868638277053833
Rank:0 Epoch: [34/40], Step: [631/782], Loss: 0.1471833437681198
Rank:0 Epoch: [34/40], Step: [641/782], Loss: 0.1661536693572998
Rank:0 Epoch: [34/40], Step: [651/782], Loss: 0.2668069899082184
Rank:0 Epoch: [34/40], Step: [661/782], Loss: 0.31182029843330383
Rank:0 Epoch: [34/40], Step: [671/782], Loss: 0.20770449936389923
Rank:0 Epoch: [34/40], Step: [681/782], Loss: 0.1490999162197113
Rank:0 Epoch: [34/40], Step: [691/782], Loss: 0.1679804027080536
Rank:0 Epoch: [34/40], Step: [701/782], Loss: 0.1774880588054657
Rank:0 Epoch: [34/40], Step: [711/782], Loss: 0.1800212562084198
Rank:0 Epoch: [34/40], Step: [721/782], Loss: 0.10384104400873184
Rank:0 Epoch: [34/40], Step: [731/782], Loss: 0.08994358777999878
Rank:0 Epoch: [34/40], Step: [741/782], Loss: 0.13622187077999115
Rank:0 Epoch: [34/40], Step: [751/782], Loss: 0.10207320004701614
Rank:0 Epoch: [34/40], Step: [761/782], Loss: 0.2066745162010193
Rank:0 Epoch: [34/40], Step: [771/782], Loss: 0.13245905935764313
Rank:0 Epoch: [34/40], Step: [781/782], Loss: 0.18788623809814453
Current Test Acc: 0.9001
Rank:0 Epoch: [35/40], Step: [1/782], Loss: 0.07164616882801056
Rank:0 Epoch: [35/40], Step: [11/782], Loss: 0.12943917512893677
Rank:0 Epoch: [35/40], Step: [21/782], Loss: 0.12454559653997421
Rank:0 Epoch: [35/40], Step: [31/782], Loss: 0.17579679191112518
Rank:0 Epoch: [35/40], Step: [41/782], Loss: 0.21515808999538422
Rank:0 Epoch: [35/40], Step: [51/782], Loss: 0.1845824122428894
Rank:0 Epoch: [35/40], Step: [61/782], Loss: 0.08896292746067047
Rank:0 Epoch: [35/40], Step: [71/782], Loss: 0.12659811973571777
Rank:0 Epoch: [35/40], Step: [81/782], Loss: 0.2626427114009857
Rank:0 Epoch: [35/40], Step: [91/782], Loss: 0.17404212057590485
Rank:0 Epoch: [35/40], Step: [101/782], Loss: 0.1631588488817215
Rank:0 Epoch: [35/40], Step: [111/782], Loss: 0.21077285706996918
Rank:0 Epoch: [35/40], Step: [121/782], Loss: 0.13345222175121307
Rank:0 Epoch: [35/40], Step: [131/782], Loss: 0.18162673711776733
Rank:0 Epoch: [35/40], Step: [141/782], Loss: 0.12934790551662445
Rank:0 Epoch: [35/40], Step: [151/782], Loss: 0.17421889305114746
Rank:0 Epoch: [35/40], Step: [161/782], Loss: 0.15173690021038055
Rank:0 Epoch: [35/40], Step: [171/782], Loss: 0.08985446393489838
Rank:0 Epoch: [35/40], Step: [181/782], Loss: 0.1308916062116623
Rank:0 Epoch: [35/40], Step: [191/782], Loss: 0.11340560764074326
Rank:0 Epoch: [35/40], Step: [201/782], Loss: 0.2287980318069458
Rank:0 Epoch: [35/40], Step: [211/782], Loss: 0.1889685094356537
Rank:0 Epoch: [35/40], Step: [221/782], Loss: 0.18288405239582062
Rank:0 Epoch: [35/40], Step: [231/782], Loss: 0.16748997569084167
Rank:0 Epoch: [35/40], Step: [241/782], Loss: 0.14968694746494293
Rank:0 Epoch: [35/40], Step: [251/782], Loss: 0.17501334846019745
Rank:0 Epoch: [35/40], Step: [261/782], Loss: 0.14274393022060394
Rank:0 Epoch: [35/40], Step: [271/782], Loss: 0.13252267241477966
Rank:0 Epoch: [35/40], Step: [281/782], Loss: 0.2433822751045227
Rank:0 Epoch: [35/40], Step: [291/782], Loss: 0.19121335446834564
Rank:0 Epoch: [35/40], Step: [301/782], Loss: 0.1482832431793213
Rank:0 Epoch: [35/40], Step: [311/782], Loss: 0.1407269835472107
Rank:0 Epoch: [35/40], Step: [321/782], Loss: 0.22296957671642303
Rank:0 Epoch: [35/40], Step: [331/782], Loss: 0.20798194408416748
Rank:0 Epoch: [35/40], Step: [341/782], Loss: 0.23774519562721252
Rank:0 Epoch: [35/40], Step: [351/782], Loss: 0.37988632917404175
Rank:0 Epoch: [35/40], Step: [361/782], Loss: 0.1818206012248993
Rank:0 Epoch: [35/40], Step: [371/782], Loss: 0.20021076500415802
Rank:0 Epoch: [35/40], Step: [381/782], Loss: 0.11579709500074387
Rank:0 Epoch: [35/40], Step: [391/782], Loss: 0.12394208461046219
Rank:0 Epoch: [35/40], Step: [401/782], Loss: 0.2963089048862457
Rank:0 Epoch: [35/40], Step: [411/782], Loss: 0.28871482610702515
Rank:0 Epoch: [35/40], Step: [421/782], Loss: 0.22685439884662628
Rank:0 Epoch: [35/40], Step: [431/782], Loss: 0.2266508936882019
Rank:0 Epoch: [35/40], Step: [441/782], Loss: 0.30304598808288574
Rank:0 Epoch: [35/40], Step: [451/782], Loss: 0.29778990149497986
Rank:0 Epoch: [35/40], Step: [461/782], Loss: 0.2571324110031128
Rank:0 Epoch: [35/40], Step: [471/782], Loss: 0.17020824551582336
Rank:0 Epoch: [35/40], Step: [481/782], Loss: 0.21213029325008392
Rank:0 Epoch: [35/40], Step: [491/782], Loss: 0.07532324641942978
Rank:0 Epoch: [35/40], Step: [501/782], Loss: 0.1427471935749054
Rank:0 Epoch: [35/40], Step: [511/782], Loss: 0.2147122025489807
Rank:0 Epoch: [35/40], Step: [521/782], Loss: 0.26085910201072693
Rank:0 Epoch: [35/40], Step: [531/782], Loss: 0.32483673095703125
Rank:0 Epoch: [35/40], Step: [541/782], Loss: 0.27331307530403137
Rank:0 Epoch: [35/40], Step: [551/782], Loss: 0.17449051141738892
Rank:0 Epoch: [35/40], Step: [561/782], Loss: 0.1640324890613556
Rank:0 Epoch: [35/40], Step: [571/782], Loss: 0.15241768956184387
Rank:0 Epoch: [35/40], Step: [581/782], Loss: 0.10837245732545853
Rank:0 Epoch: [35/40], Step: [591/782], Loss: 0.13202956318855286
Rank:0 Epoch: [35/40], Step: [601/782], Loss: 0.2605760395526886
Rank:0 Epoch: [35/40], Step: [611/782], Loss: 0.09106074273586273
Rank:0 Epoch: [35/40], Step: [621/782], Loss: 0.12972083687782288
Rank:0 Epoch: [35/40], Step: [631/782], Loss: 0.1896296590566635
Rank:0 Epoch: [35/40], Step: [641/782], Loss: 0.10451014339923859
Rank:0 Epoch: [35/40], Step: [651/782], Loss: 0.1985483467578888
Rank:0 Epoch: [35/40], Step: [661/782], Loss: 0.1892668902873993
Rank:0 Epoch: [35/40], Step: [671/782], Loss: 0.12337882071733475
Rank:0 Epoch: [35/40], Step: [681/782], Loss: 0.3143036961555481
Rank:0 Epoch: [35/40], Step: [691/782], Loss: 0.29019108414649963
Rank:0 Epoch: [35/40], Step: [701/782], Loss: 0.06950818002223969
Rank:0 Epoch: [35/40], Step: [711/782], Loss: 0.3441425859928131
Rank:0 Epoch: [35/40], Step: [721/782], Loss: 0.1003432422876358
Rank:0 Epoch: [35/40], Step: [731/782], Loss: 0.20799733698368073
Rank:0 Epoch: [35/40], Step: [741/782], Loss: 0.19242973625659943
Rank:0 Epoch: [35/40], Step: [751/782], Loss: 0.16013260185718536
Rank:0 Epoch: [35/40], Step: [761/782], Loss: 0.2537679970264435
Rank:0 Epoch: [35/40], Step: [771/782], Loss: 0.20174182951450348
Rank:0 Epoch: [35/40], Step: [781/782], Loss: 0.20295372605323792
Current Test Acc: 0.9007
Rank:0 Epoch: [36/40], Step: [1/782], Loss: 0.17558172345161438
Rank:0 Epoch: [36/40], Step: [11/782], Loss: 0.20961180329322815
Rank:0 Epoch: [36/40], Step: [21/782], Loss: 0.18606700003147125
Rank:0 Epoch: [36/40], Step: [31/782], Loss: 0.21160322427749634
Rank:0 Epoch: [36/40], Step: [41/782], Loss: 0.20062702894210815
Rank:0 Epoch: [36/40], Step: [51/782], Loss: 0.18377052247524261
Rank:0 Epoch: [36/40], Step: [61/782], Loss: 0.20456574857234955
Rank:0 Epoch: [36/40], Step: [71/782], Loss: 0.16122986376285553
Rank:0 Epoch: [36/40], Step: [81/782], Loss: 0.15683726966381073
Rank:0 Epoch: [36/40], Step: [91/782], Loss: 0.24576841294765472
Rank:0 Epoch: [36/40], Step: [101/782], Loss: 0.156264990568161
Rank:0 Epoch: [36/40], Step: [111/782], Loss: 0.1042804941534996
Rank:0 Epoch: [36/40], Step: [121/782], Loss: 0.25908350944519043
Rank:0 Epoch: [36/40], Step: [131/782], Loss: 0.2911123037338257
Rank:0 Epoch: [36/40], Step: [141/782], Loss: 0.3211315870285034
Rank:0 Epoch: [36/40], Step: [151/782], Loss: 0.2596999704837799
Rank:0 Epoch: [36/40], Step: [161/782], Loss: 0.05347013846039772
Rank:0 Epoch: [36/40], Step: [171/782], Loss: 0.20957916975021362
Rank:0 Epoch: [36/40], Step: [181/782], Loss: 0.30422869324684143
Rank:0 Epoch: [36/40], Step: [191/782], Loss: 0.2066182792186737
Rank:0 Epoch: [36/40], Step: [201/782], Loss: 0.17803342640399933
Rank:0 Epoch: [36/40], Step: [211/782], Loss: 0.17182078957557678
Rank:0 Epoch: [36/40], Step: [221/782], Loss: 0.20480303466320038
Rank:0 Epoch: [36/40], Step: [231/782], Loss: 0.1278497874736786
Rank:0 Epoch: [36/40], Step: [241/782], Loss: 0.0667061135172844
Rank:0 Epoch: [36/40], Step: [251/782], Loss: 0.25578245520591736
Rank:0 Epoch: [36/40], Step: [261/782], Loss: 0.11434781551361084
Rank:0 Epoch: [36/40], Step: [271/782], Loss: 0.25855231285095215
Rank:0 Epoch: [36/40], Step: [281/782], Loss: 0.2074953019618988
Rank:0 Epoch: [36/40], Step: [291/782], Loss: 0.34258386492729187
Rank:0 Epoch: [36/40], Step: [301/782], Loss: 0.22512531280517578
Rank:0 Epoch: [36/40], Step: [311/782], Loss: 0.10306558758020401
Rank:0 Epoch: [36/40], Step: [321/782], Loss: 0.1280834823846817
Rank:0 Epoch: [36/40], Step: [331/782], Loss: 0.15665899217128754
Rank:0 Epoch: [36/40], Step: [341/782], Loss: 0.19920621812343597
Rank:0 Epoch: [36/40], Step: [351/782], Loss: 0.11067356169223785
Rank:0 Epoch: [36/40], Step: [361/782], Loss: 0.16341239213943481
Rank:0 Epoch: [36/40], Step: [371/782], Loss: 0.23747341334819794
Rank:0 Epoch: [36/40], Step: [381/782], Loss: 0.12669198215007782
Rank:0 Epoch: [36/40], Step: [391/782], Loss: 0.21790438890457153
Rank:0 Epoch: [36/40], Step: [401/782], Loss: 0.185189351439476
Rank:0 Epoch: [36/40], Step: [411/782], Loss: 0.1884462535381317
Rank:0 Epoch: [36/40], Step: [421/782], Loss: 0.15354730188846588
Rank:0 Epoch: [36/40], Step: [431/782], Loss: 0.21642258763313293
Rank:0 Epoch: [36/40], Step: [441/782], Loss: 0.12340649962425232
Rank:0 Epoch: [36/40], Step: [451/782], Loss: 0.18779213726520538
Rank:0 Epoch: [36/40], Step: [461/782], Loss: 0.08705934882164001
Rank:0 Epoch: [36/40], Step: [471/782], Loss: 0.1168956533074379
Rank:0 Epoch: [36/40], Step: [481/782], Loss: 0.20428840816020966
Rank:0 Epoch: [36/40], Step: [491/782], Loss: 0.23343011736869812
Rank:0 Epoch: [36/40], Step: [501/782], Loss: 0.18196147680282593
Rank:0 Epoch: [36/40], Step: [511/782], Loss: 0.3250727355480194
Rank:0 Epoch: [36/40], Step: [521/782], Loss: 0.11395565420389175
Rank:0 Epoch: [36/40], Step: [531/782], Loss: 0.1651289165019989
Rank:0 Epoch: [36/40], Step: [541/782], Loss: 0.1830700784921646
Rank:0 Epoch: [36/40], Step: [551/782], Loss: 0.28815776109695435
Rank:0 Epoch: [36/40], Step: [561/782], Loss: 0.20404821634292603
Rank:0 Epoch: [36/40], Step: [571/782], Loss: 0.2201268970966339
Rank:0 Epoch: [36/40], Step: [581/782], Loss: 0.18872667849063873
Rank:0 Epoch: [36/40], Step: [591/782], Loss: 0.20714741945266724
Rank:0 Epoch: [36/40], Step: [601/782], Loss: 0.0866246372461319
Rank:0 Epoch: [36/40], Step: [611/782], Loss: 0.12876874208450317
Rank:0 Epoch: [36/40], Step: [621/782], Loss: 0.23794633150100708
Rank:0 Epoch: [36/40], Step: [631/782], Loss: 0.06592241674661636
Rank:0 Epoch: [36/40], Step: [641/782], Loss: 0.16363680362701416
Rank:0 Epoch: [36/40], Step: [651/782], Loss: 0.3023025691509247
Rank:0 Epoch: [36/40], Step: [661/782], Loss: 0.2058914601802826
Rank:0 Epoch: [36/40], Step: [671/782], Loss: 0.16477178037166595
Rank:0 Epoch: [36/40], Step: [681/782], Loss: 0.15687961876392365
Rank:0 Epoch: [36/40], Step: [691/782], Loss: 0.14291369915008545
Rank:0 Epoch: [36/40], Step: [701/782], Loss: 0.07517680525779724
Rank:0 Epoch: [36/40], Step: [711/782], Loss: 0.24372030794620514
Rank:0 Epoch: [36/40], Step: [721/782], Loss: 0.18282030522823334
Rank:0 Epoch: [36/40], Step: [731/782], Loss: 0.08738072216510773
Rank:0 Epoch: [36/40], Step: [741/782], Loss: 0.20784300565719604
Rank:0 Epoch: [36/40], Step: [751/782], Loss: 0.307565301656723
Rank:0 Epoch: [36/40], Step: [761/782], Loss: 0.2016870528459549
Rank:0 Epoch: [36/40], Step: [771/782], Loss: 0.33728161454200745
Rank:0 Epoch: [36/40], Step: [781/782], Loss: 0.09607934206724167
Current Test Acc: 0.8997
Rank:0 Epoch: [37/40], Step: [1/782], Loss: 0.14868365228176117
Rank:0 Epoch: [37/40], Step: [11/782], Loss: 0.34657472372055054
Rank:0 Epoch: [37/40], Step: [21/782], Loss: 0.060656607151031494
Rank:0 Epoch: [37/40], Step: [31/782], Loss: 0.23430447280406952
Rank:0 Epoch: [37/40], Step: [41/782], Loss: 0.18933404982089996
Rank:0 Epoch: [37/40], Step: [51/782], Loss: 0.27809402346611023
Rank:0 Epoch: [37/40], Step: [61/782], Loss: 0.29537415504455566
Rank:0 Epoch: [37/40], Step: [71/782], Loss: 0.18370011448860168
Rank:0 Epoch: [37/40], Step: [81/782], Loss: 0.1481870710849762
Rank:0 Epoch: [37/40], Step: [91/782], Loss: 0.1612464189529419
Rank:0 Epoch: [37/40], Step: [101/782], Loss: 0.16576877236366272
Rank:0 Epoch: [37/40], Step: [111/782], Loss: 0.3006090819835663
Rank:0 Epoch: [37/40], Step: [121/782], Loss: 0.14536894857883453
Rank:0 Epoch: [37/40], Step: [131/782], Loss: 0.08675181865692139
Rank:0 Epoch: [37/40], Step: [141/782], Loss: 0.16107390820980072
Rank:0 Epoch: [37/40], Step: [151/782], Loss: 0.15691746771335602
Rank:0 Epoch: [37/40], Step: [161/782], Loss: 0.29305800795555115
Rank:0 Epoch: [37/40], Step: [171/782], Loss: 0.16083966195583344
Rank:0 Epoch: [37/40], Step: [181/782], Loss: 0.20177128911018372
Rank:0 Epoch: [37/40], Step: [191/782], Loss: 0.23522613942623138
Rank:0 Epoch: [37/40], Step: [201/782], Loss: 0.15713360905647278
Rank:0 Epoch: [37/40], Step: [211/782], Loss: 0.2751191258430481
Rank:0 Epoch: [37/40], Step: [221/782], Loss: 0.09471395611763
Rank:0 Epoch: [37/40], Step: [231/782], Loss: 0.19409027695655823
Rank:0 Epoch: [37/40], Step: [241/782], Loss: 0.12418072670698166
Rank:0 Epoch: [37/40], Step: [251/782], Loss: 0.2990933656692505
Rank:0 Epoch: [37/40], Step: [261/782], Loss: 0.1908331662416458
Rank:0 Epoch: [37/40], Step: [271/782], Loss: 0.12226634472608566
Rank:0 Epoch: [37/40], Step: [281/782], Loss: 0.11814584583044052
Rank:0 Epoch: [37/40], Step: [291/782], Loss: 0.2478838562965393
Rank:0 Epoch: [37/40], Step: [301/782], Loss: 0.1891118437051773
Rank:0 Epoch: [37/40], Step: [311/782], Loss: 0.30586081743240356
Rank:0 Epoch: [37/40], Step: [321/782], Loss: 0.3337457478046417
Rank:0 Epoch: [37/40], Step: [331/782], Loss: 0.25273028016090393
Rank:0 Epoch: [37/40], Step: [341/782], Loss: 0.1229315847158432
Rank:0 Epoch: [37/40], Step: [351/782], Loss: 0.1593792885541916
Rank:0 Epoch: [37/40], Step: [361/782], Loss: 0.16673000156879425
Rank:0 Epoch: [37/40], Step: [371/782], Loss: 0.3108920156955719
Rank:0 Epoch: [37/40], Step: [381/782], Loss: 0.22583474218845367
Rank:0 Epoch: [37/40], Step: [391/782], Loss: 0.20364364981651306
Rank:0 Epoch: [37/40], Step: [401/782], Loss: 0.22869086265563965
Rank:0 Epoch: [37/40], Step: [411/782], Loss: 0.13628585636615753
Rank:0 Epoch: [37/40], Step: [421/782], Loss: 0.14750877022743225
Rank:0 Epoch: [37/40], Step: [431/782], Loss: 0.10797826945781708
Rank:0 Epoch: [37/40], Step: [441/782], Loss: 0.27597859501838684
Rank:0 Epoch: [37/40], Step: [451/782], Loss: 0.07902718335390091
Rank:0 Epoch: [37/40], Step: [461/782], Loss: 0.08149358630180359
Rank:0 Epoch: [37/40], Step: [471/782], Loss: 0.12970755994319916
Rank:0 Epoch: [37/40], Step: [481/782], Loss: 0.34329521656036377
Rank:0 Epoch: [37/40], Step: [491/782], Loss: 0.2052193433046341
Rank:0 Epoch: [37/40], Step: [501/782], Loss: 0.12679195404052734
Rank:0 Epoch: [37/40], Step: [511/782], Loss: 0.2348366528749466
Rank:0 Epoch: [37/40], Step: [521/782], Loss: 0.16207225620746613
Rank:0 Epoch: [37/40], Step: [531/782], Loss: 0.29572051763534546
Rank:0 Epoch: [37/40], Step: [541/782], Loss: 0.24384601414203644
Rank:0 Epoch: [37/40], Step: [551/782], Loss: 0.12496492266654968
Rank:0 Epoch: [37/40], Step: [561/782], Loss: 0.16637283563613892
Rank:0 Epoch: [37/40], Step: [571/782], Loss: 0.2317357212305069
Rank:0 Epoch: [37/40], Step: [581/782], Loss: 0.34111812710762024
Rank:0 Epoch: [37/40], Step: [591/782], Loss: 0.11539332568645477
Rank:0 Epoch: [37/40], Step: [601/782], Loss: 0.165032759308815
Rank:0 Epoch: [37/40], Step: [611/782], Loss: 0.20803412795066833
Rank:0 Epoch: [37/40], Step: [621/782], Loss: 0.2666560411453247
Rank:0 Epoch: [37/40], Step: [631/782], Loss: 0.20987705886363983
Rank:0 Epoch: [37/40], Step: [641/782], Loss: 0.10367783904075623
Rank:0 Epoch: [37/40], Step: [651/782], Loss: 0.14488375186920166
Rank:0 Epoch: [37/40], Step: [661/782], Loss: 0.12798011302947998
Rank:0 Epoch: [37/40], Step: [671/782], Loss: 0.1084991991519928
Rank:0 Epoch: [37/40], Step: [681/782], Loss: 0.16096295416355133
Rank:0 Epoch: [37/40], Step: [691/782], Loss: 0.1601494997739792
Rank:0 Epoch: [37/40], Step: [701/782], Loss: 0.2245675027370453
Rank:0 Epoch: [37/40], Step: [711/782], Loss: 0.16135883331298828
Rank:0 Epoch: [37/40], Step: [721/782], Loss: 0.07784453779459
Rank:0 Epoch: [37/40], Step: [731/782], Loss: 0.22771568596363068
Rank:0 Epoch: [37/40], Step: [741/782], Loss: 0.13382390141487122
Rank:0 Epoch: [37/40], Step: [751/782], Loss: 0.14814592897891998
Rank:0 Epoch: [37/40], Step: [761/782], Loss: 0.0534074604511261
Rank:0 Epoch: [37/40], Step: [771/782], Loss: 0.21480783820152283
Rank:0 Epoch: [37/40], Step: [781/782], Loss: 0.19326958060264587
Current Test Acc: 0.9005
Rank:0 Epoch: [38/40], Step: [1/782], Loss: 0.30238738656044006
Rank:0 Epoch: [38/40], Step: [11/782], Loss: 0.0905522033572197
Rank:0 Epoch: [38/40], Step: [21/782], Loss: 0.127675861120224
Rank:0 Epoch: [38/40], Step: [31/782], Loss: 0.26886072754859924
Rank:0 Epoch: [38/40], Step: [41/782], Loss: 0.15823183953762054
Rank:0 Epoch: [38/40], Step: [51/782], Loss: 0.2329666167497635
Rank:0 Epoch: [38/40], Step: [61/782], Loss: 0.11809676140546799
Rank:0 Epoch: [38/40], Step: [71/782], Loss: 0.12415094673633575
Rank:0 Epoch: [38/40], Step: [81/782], Loss: 0.29475417733192444
Rank:0 Epoch: [38/40], Step: [91/782], Loss: 0.14538519084453583
Rank:0 Epoch: [38/40], Step: [101/782], Loss: 0.11932612210512161
Rank:0 Epoch: [38/40], Step: [111/782], Loss: 0.3213925361633301
Rank:0 Epoch: [38/40], Step: [121/782], Loss: 0.1775324046611786
Rank:0 Epoch: [38/40], Step: [131/782], Loss: 0.15733076632022858
Rank:0 Epoch: [38/40], Step: [141/782], Loss: 0.11269496381282806
Rank:0 Epoch: [38/40], Step: [151/782], Loss: 0.1160871833562851
Rank:0 Epoch: [38/40], Step: [161/782], Loss: 0.09730659425258636
Rank:0 Epoch: [38/40], Step: [171/782], Loss: 0.2954999804496765
Rank:0 Epoch: [38/40], Step: [181/782], Loss: 0.17451211810112
Rank:0 Epoch: [38/40], Step: [191/782], Loss: 0.16155597567558289
Rank:0 Epoch: [38/40], Step: [201/782], Loss: 0.11180340498685837
Rank:0 Epoch: [38/40], Step: [211/782], Loss: 0.286050021648407
Rank:0 Epoch: [38/40], Step: [221/782], Loss: 0.19904430210590363
Rank:0 Epoch: [38/40], Step: [231/782], Loss: 0.14734874665737152
Rank:0 Epoch: [38/40], Step: [241/782], Loss: 0.13274064660072327
Rank:0 Epoch: [38/40], Step: [251/782], Loss: 0.09800762683153152
Rank:0 Epoch: [38/40], Step: [261/782], Loss: 0.21731624007225037
Rank:0 Epoch: [38/40], Step: [271/782], Loss: 0.18817201256752014
Rank:0 Epoch: [38/40], Step: [281/782], Loss: 0.18211853504180908
Rank:0 Epoch: [38/40], Step: [291/782], Loss: 0.3736812472343445
Rank:0 Epoch: [38/40], Step: [301/782], Loss: 0.2849484384059906
Rank:0 Epoch: [38/40], Step: [311/782], Loss: 0.3105708658695221
Rank:0 Epoch: [38/40], Step: [321/782], Loss: 0.1959306001663208
Rank:0 Epoch: [38/40], Step: [331/782], Loss: 0.15442946553230286
Rank:0 Epoch: [38/40], Step: [341/782], Loss: 0.16600629687309265
Rank:0 Epoch: [38/40], Step: [351/782], Loss: 0.07573450356721878
Rank:0 Epoch: [38/40], Step: [361/782], Loss: 0.3046327829360962
Rank:0 Epoch: [38/40], Step: [371/782], Loss: 0.13984107971191406
Rank:0 Epoch: [38/40], Step: [381/782], Loss: 0.11794368177652359
Rank:0 Epoch: [38/40], Step: [391/782], Loss: 0.18857043981552124
Rank:0 Epoch: [38/40], Step: [401/782], Loss: 0.1411406695842743
Rank:0 Epoch: [38/40], Step: [411/782], Loss: 0.1509189009666443
Rank:0 Epoch: [38/40], Step: [421/782], Loss: 0.14654746651649475
Rank:0 Epoch: [38/40], Step: [431/782], Loss: 0.15746192634105682
Rank:0 Epoch: [38/40], Step: [441/782], Loss: 0.33215004205703735
Rank:0 Epoch: [38/40], Step: [451/782], Loss: 0.17620603740215302
Rank:0 Epoch: [38/40], Step: [461/782], Loss: 0.14847363531589508
Rank:0 Epoch: [38/40], Step: [471/782], Loss: 0.1036611869931221
Rank:0 Epoch: [38/40], Step: [481/782], Loss: 0.31004419922828674
Rank:0 Epoch: [38/40], Step: [491/782], Loss: 0.1879519373178482
Rank:0 Epoch: [38/40], Step: [501/782], Loss: 0.2769832909107208
Rank:0 Epoch: [38/40], Step: [511/782], Loss: 0.20117993652820587
Rank:0 Epoch: [38/40], Step: [521/782], Loss: 0.11618265509605408
Rank:0 Epoch: [38/40], Step: [531/782], Loss: 0.09449154883623123
Rank:0 Epoch: [38/40], Step: [541/782], Loss: 0.16277393698692322
Rank:0 Epoch: [38/40], Step: [551/782], Loss: 0.23806966841220856
Rank:0 Epoch: [38/40], Step: [561/782], Loss: 0.14293305575847626
Rank:0 Epoch: [38/40], Step: [571/782], Loss: 0.2101992517709732
Rank:0 Epoch: [38/40], Step: [581/782], Loss: 0.14534103870391846
Rank:0 Epoch: [38/40], Step: [591/782], Loss: 0.13052847981452942
Rank:0 Epoch: [38/40], Step: [601/782], Loss: 0.15088242292404175
Rank:0 Epoch: [38/40], Step: [611/782], Loss: 0.19968917965888977
Rank:0 Epoch: [38/40], Step: [621/782], Loss: 0.20516084134578705
Rank:0 Epoch: [38/40], Step: [631/782], Loss: 0.1959667205810547
Rank:0 Epoch: [38/40], Step: [641/782], Loss: 0.2845548689365387
Rank:0 Epoch: [38/40], Step: [651/782], Loss: 0.14876820147037506
Rank:0 Epoch: [38/40], Step: [661/782], Loss: 0.19254304468631744
Rank:0 Epoch: [38/40], Step: [671/782], Loss: 0.14714415371418
Rank:0 Epoch: [38/40], Step: [681/782], Loss: 0.18582120537757874
Rank:0 Epoch: [38/40], Step: [691/782], Loss: 0.21549507975578308
Rank:0 Epoch: [38/40], Step: [701/782], Loss: 0.19483661651611328
Rank:0 Epoch: [38/40], Step: [711/782], Loss: 0.07900958508253098
Rank:0 Epoch: [38/40], Step: [721/782], Loss: 0.12314330041408539
Rank:0 Epoch: [38/40], Step: [731/782], Loss: 0.2022712081670761
Rank:0 Epoch: [38/40], Step: [741/782], Loss: 0.15469911694526672
Rank:0 Epoch: [38/40], Step: [751/782], Loss: 0.16687022149562836
Rank:0 Epoch: [38/40], Step: [761/782], Loss: 0.111603744328022
Rank:0 Epoch: [38/40], Step: [771/782], Loss: 0.2677178978919983
Rank:0 Epoch: [38/40], Step: [781/782], Loss: 0.2984541654586792
Current Test Acc: 0.9015
Rank:0 Epoch: [39/40], Step: [1/782], Loss: 0.11003672331571579
Rank:0 Epoch: [39/40], Step: [11/782], Loss: 0.09297056496143341
Rank:0 Epoch: [39/40], Step: [21/782], Loss: 0.22561484575271606
Rank:0 Epoch: [39/40], Step: [31/782], Loss: 0.13889256119728088
Rank:0 Epoch: [39/40], Step: [41/782], Loss: 0.15184004604816437
Rank:0 Epoch: [39/40], Step: [51/782], Loss: 0.1479244977235794
Rank:0 Epoch: [39/40], Step: [61/782], Loss: 0.17730122804641724
Rank:0 Epoch: [39/40], Step: [71/782], Loss: 0.18556034564971924
Rank:0 Epoch: [39/40], Step: [81/782], Loss: 0.3642560839653015
Rank:0 Epoch: [39/40], Step: [91/782], Loss: 0.12291747331619263
Rank:0 Epoch: [39/40], Step: [101/782], Loss: 0.1446893960237503
Rank:0 Epoch: [39/40], Step: [111/782], Loss: 0.20244100689888
Rank:0 Epoch: [39/40], Step: [121/782], Loss: 0.06487784534692764
Rank:0 Epoch: [39/40], Step: [131/782], Loss: 0.2673099637031555
Rank:0 Epoch: [39/40], Step: [141/782], Loss: 0.1485046148300171
Rank:0 Epoch: [39/40], Step: [151/782], Loss: 0.15413032472133636
Rank:0 Epoch: [39/40], Step: [161/782], Loss: 0.29516783356666565
Rank:0 Epoch: [39/40], Step: [171/782], Loss: 0.16027244925498962
Rank:0 Epoch: [39/40], Step: [181/782], Loss: 0.15149721503257751
Rank:0 Epoch: [39/40], Step: [191/782], Loss: 0.18730519711971283
Rank:0 Epoch: [39/40], Step: [201/782], Loss: 0.11651482433080673
Rank:0 Epoch: [39/40], Step: [211/782], Loss: 0.24555660784244537
Rank:0 Epoch: [39/40], Step: [221/782], Loss: 0.13469485938549042
Rank:0 Epoch: [39/40], Step: [231/782], Loss: 0.14040246605873108
Rank:0 Epoch: [39/40], Step: [241/782], Loss: 0.07624153792858124
Rank:0 Epoch: [39/40], Step: [251/782], Loss: 0.16593781113624573
Rank:0 Epoch: [39/40], Step: [261/782], Loss: 0.22725696861743927
Rank:0 Epoch: [39/40], Step: [271/782], Loss: 0.14902985095977783
Rank:0 Epoch: [39/40], Step: [281/782], Loss: 0.14214608073234558
Rank:0 Epoch: [39/40], Step: [291/782], Loss: 0.18692265450954437
Rank:0 Epoch: [39/40], Step: [301/782], Loss: 0.24709583818912506
Rank:0 Epoch: [39/40], Step: [311/782], Loss: 0.22314417362213135
Rank:0 Epoch: [39/40], Step: [321/782], Loss: 0.3615260720252991
Rank:0 Epoch: [39/40], Step: [331/782], Loss: 0.22375114262104034
Rank:0 Epoch: [39/40], Step: [341/782], Loss: 0.18235868215560913
Rank:0 Epoch: [39/40], Step: [351/782], Loss: 0.16224247217178345
Rank:0 Epoch: [39/40], Step: [361/782], Loss: 0.11781871318817139
Rank:0 Epoch: [39/40], Step: [371/782], Loss: 0.13535583019256592
Rank:0 Epoch: [39/40], Step: [381/782], Loss: 0.1938105821609497
Rank:0 Epoch: [39/40], Step: [391/782], Loss: 0.2884535491466522
Rank:0 Epoch: [39/40], Step: [401/782], Loss: 0.18166950345039368
Rank:0 Epoch: [39/40], Step: [411/782], Loss: 0.2165737748146057
Rank:0 Epoch: [39/40], Step: [421/782], Loss: 0.10964212566614151
Rank:0 Epoch: [39/40], Step: [431/782], Loss: 0.11517776548862457
Rank:0 Epoch: [39/40], Step: [441/782], Loss: 0.3042336702346802
Rank:0 Epoch: [39/40], Step: [451/782], Loss: 0.20278121531009674
Rank:0 Epoch: [39/40], Step: [461/782], Loss: 0.17583349347114563
Rank:0 Epoch: [39/40], Step: [471/782], Loss: 0.22028693556785583
Rank:0 Epoch: [39/40], Step: [481/782], Loss: 0.2913551330566406
Rank:0 Epoch: [39/40], Step: [491/782], Loss: 0.22579112648963928
Rank:0 Epoch: [39/40], Step: [501/782], Loss: 0.16351105272769928
Rank:0 Epoch: [39/40], Step: [511/782], Loss: 0.0786232128739357
Rank:0 Epoch: [39/40], Step: [521/782], Loss: 0.3391142785549164
Rank:0 Epoch: [39/40], Step: [531/782], Loss: 0.19644750654697418
Rank:0 Epoch: [39/40], Step: [541/782], Loss: 0.24803289771080017
Rank:0 Epoch: [39/40], Step: [551/782], Loss: 0.19379548728466034
Rank:0 Epoch: [39/40], Step: [561/782], Loss: 0.2506462633609772
Rank:0 Epoch: [39/40], Step: [571/782], Loss: 0.1992974430322647
Rank:0 Epoch: [39/40], Step: [581/782], Loss: 0.2260286659002304
Rank:0 Epoch: [39/40], Step: [591/782], Loss: 0.32954710721969604
Rank:0 Epoch: [39/40], Step: [601/782], Loss: 0.32118287682533264
Rank:0 Epoch: [39/40], Step: [611/782], Loss: 0.10730575025081635
Rank:0 Epoch: [39/40], Step: [621/782], Loss: 0.1380610316991806
Rank:0 Epoch: [39/40], Step: [631/782], Loss: 0.1933012157678604
Rank:0 Epoch: [39/40], Step: [641/782], Loss: 0.13102415204048157
Rank:0 Epoch: [39/40], Step: [651/782], Loss: 0.18172809481620789
Rank:0 Epoch: [39/40], Step: [661/782], Loss: 0.23676009476184845
Rank:0 Epoch: [39/40], Step: [671/782], Loss: 0.22379592061042786
Rank:0 Epoch: [39/40], Step: [681/782], Loss: 0.19660134613513947
Rank:0 Epoch: [39/40], Step: [691/782], Loss: 0.21550628542900085
Rank:0 Epoch: [39/40], Step: [701/782], Loss: 0.10422144085168839
Rank:0 Epoch: [39/40], Step: [711/782], Loss: 0.1536753922700882
Rank:0 Epoch: [39/40], Step: [721/782], Loss: 0.1458098292350769
Rank:0 Epoch: [39/40], Step: [731/782], Loss: 0.0964159443974495
Rank:0 Epoch: [39/40], Step: [741/782], Loss: 0.27189573645591736
Rank:0 Epoch: [39/40], Step: [751/782], Loss: 0.17552559077739716
Rank:0 Epoch: [39/40], Step: [761/782], Loss: 0.10637542605400085
Rank:0 Epoch: [39/40], Step: [771/782], Loss: 0.27195098996162415
Rank:0 Epoch: [39/40], Step: [781/782], Loss: 0.13538768887519836
Current Test Acc: 0.9003
Rank:0 Epoch: [40/40], Step: [1/782], Loss: 0.12691816687583923
Rank:0 Epoch: [40/40], Step: [11/782], Loss: 0.18179482221603394
Rank:0 Epoch: [40/40], Step: [21/782], Loss: 0.21860602498054504
Rank:0 Epoch: [40/40], Step: [31/782], Loss: 0.19808782637119293
Rank:0 Epoch: [40/40], Step: [41/782], Loss: 0.18218858540058136
Rank:0 Epoch: [40/40], Step: [51/782], Loss: 0.16957594454288483
Rank:0 Epoch: [40/40], Step: [61/782], Loss: 0.2034003585577011
Rank:0 Epoch: [40/40], Step: [71/782], Loss: 0.1581975370645523
Rank:0 Epoch: [40/40], Step: [81/782], Loss: 0.17706771194934845
Rank:0 Epoch: [40/40], Step: [91/782], Loss: 0.16842423379421234
Rank:0 Epoch: [40/40], Step: [101/782], Loss: 0.22027131915092468
Rank:0 Epoch: [40/40], Step: [111/782], Loss: 0.2572765648365021
Rank:0 Epoch: [40/40], Step: [121/782], Loss: 0.20644082129001617
Rank:0 Epoch: [40/40], Step: [131/782], Loss: 0.13711139559745789
Rank:0 Epoch: [40/40], Step: [141/782], Loss: 0.19879992306232452
Rank:0 Epoch: [40/40], Step: [151/782], Loss: 0.26913583278656006
Rank:0 Epoch: [40/40], Step: [161/782], Loss: 0.09739070385694504
Rank:0 Epoch: [40/40], Step: [171/782], Loss: 0.21980708837509155
Rank:0 Epoch: [40/40], Step: [181/782], Loss: 0.11348766088485718
Rank:0 Epoch: [40/40], Step: [191/782], Loss: 0.2578163743019104
Rank:0 Epoch: [40/40], Step: [201/782], Loss: 0.13018612563610077
Rank:0 Epoch: [40/40], Step: [211/782], Loss: 0.11358430236577988
Rank:0 Epoch: [40/40], Step: [221/782], Loss: 0.055399127304553986
Rank:0 Epoch: [40/40], Step: [231/782], Loss: 0.2623356580734253
Rank:0 Epoch: [40/40], Step: [241/782], Loss: 0.16214892268180847
Rank:0 Epoch: [40/40], Step: [251/782], Loss: 0.2058151662349701
Rank:0 Epoch: [40/40], Step: [261/782], Loss: 0.10376974940299988
Rank:0 Epoch: [40/40], Step: [271/782], Loss: 0.13450290262699127
Rank:0 Epoch: [40/40], Step: [281/782], Loss: 0.2616245150566101
Rank:0 Epoch: [40/40], Step: [291/782], Loss: 0.16066160798072815
Rank:0 Epoch: [40/40], Step: [301/782], Loss: 0.18091905117034912
Rank:0 Epoch: [40/40], Step: [311/782], Loss: 0.25368207693099976
Rank:0 Epoch: [40/40], Step: [321/782], Loss: 0.35305339097976685
Rank:0 Epoch: [40/40], Step: [331/782], Loss: 0.08773490786552429
Rank:0 Epoch: [40/40], Step: [341/782], Loss: 0.2534833550453186
Rank:0 Epoch: [40/40], Step: [351/782], Loss: 0.2868080139160156
Rank:0 Epoch: [40/40], Step: [361/782], Loss: 0.23520377278327942
Rank:0 Epoch: [40/40], Step: [371/782], Loss: 0.17678947746753693
Rank:0 Epoch: [40/40], Step: [381/782], Loss: 0.22440332174301147
Rank:0 Epoch: [40/40], Step: [391/782], Loss: 0.2365240603685379
Rank:0 Epoch: [40/40], Step: [401/782], Loss: 0.1963556408882141
Rank:0 Epoch: [40/40], Step: [411/782], Loss: 0.2026587575674057
Rank:0 Epoch: [40/40], Step: [421/782], Loss: 0.1400570124387741
Rank:0 Epoch: [40/40], Step: [431/782], Loss: 0.18140576779842377
Rank:0 Epoch: [40/40], Step: [441/782], Loss: 0.2083275318145752
Rank:0 Epoch: [40/40], Step: [451/782], Loss: 0.337883323431015
Rank:0 Epoch: [40/40], Step: [461/782], Loss: 0.2912639379501343
Rank:0 Epoch: [40/40], Step: [471/782], Loss: 0.34801921248435974
Rank:0 Epoch: [40/40], Step: [481/782], Loss: 0.12898723781108856
Rank:0 Epoch: [40/40], Step: [491/782], Loss: 0.2765910029411316
Rank:0 Epoch: [40/40], Step: [501/782], Loss: 0.19936345517635345
Rank:0 Epoch: [40/40], Step: [511/782], Loss: 0.21805879473686218
Rank:0 Epoch: [40/40], Step: [521/782], Loss: 0.2549382448196411
Rank:0 Epoch: [40/40], Step: [531/782], Loss: 0.17232052981853485
Rank:0 Epoch: [40/40], Step: [541/782], Loss: 0.23916709423065186
Rank:0 Epoch: [40/40], Step: [551/782], Loss: 0.27033722400665283
Rank:0 Epoch: [40/40], Step: [561/782], Loss: 0.11513651907444
Rank:0 Epoch: [40/40], Step: [571/782], Loss: 0.17937251925468445
Rank:0 Epoch: [40/40], Step: [581/782], Loss: 0.3037624955177307
Rank:0 Epoch: [40/40], Step: [591/782], Loss: 0.22082319855690002
Rank:0 Epoch: [40/40], Step: [601/782], Loss: 0.30109527707099915
Rank:0 Epoch: [40/40], Step: [611/782], Loss: 0.20909662544727325
Rank:0 Epoch: [40/40], Step: [621/782], Loss: 0.1943613737821579
Rank:0 Epoch: [40/40], Step: [631/782], Loss: 0.21770372986793518
Rank:0 Epoch: [40/40], Step: [641/782], Loss: 0.09547603875398636
Rank:0 Epoch: [40/40], Step: [651/782], Loss: 0.08140862733125687
Rank:0 Epoch: [40/40], Step: [661/782], Loss: 0.1323297917842865
Rank:0 Epoch: [40/40], Step: [671/782], Loss: 0.175639346241951
Rank:0 Epoch: [40/40], Step: [681/782], Loss: 0.12629373371601105
Rank:0 Epoch: [40/40], Step: [691/782], Loss: 0.13897952437400818
Rank:0 Epoch: [40/40], Step: [701/782], Loss: 0.27892816066741943
Rank:0 Epoch: [40/40], Step: [711/782], Loss: 0.13164114952087402
Rank:0 Epoch: [40/40], Step: [721/782], Loss: 0.18722175061702728
Rank:0 Epoch: [40/40], Step: [731/782], Loss: 0.18916091322898865
Rank:0 Epoch: [40/40], Step: [741/782], Loss: 0.17904143035411835
Rank:0 Epoch: [40/40], Step: [751/782], Loss: 0.34317079186439514
Rank:0 Epoch: [40/40], Step: [761/782], Loss: 0.15587878227233887
Rank:0 Epoch: [40/40], Step: [771/782], Loss: 0.1380569487810135
Rank:0 Epoch: [40/40], Step: [781/782], Loss: 0.1891346573829651
beta=2
Current Test Acc: 0.9011
Local best accuracy so far 0.9016
Best accuracy so far 0.9016
completed!
