ddp backend: nccl, world size: 1
rank 0 train on cuda 0
Rank:0 Epoch: [1/40], Step: [1/782], Loss: 2.299150228500366
Rank:0 Epoch: [1/40], Step: [11/782], Loss: 1.9524784088134766
Rank:0 Epoch: [1/40], Step: [21/782], Loss: 1.7111279964447021
Rank:0 Epoch: [1/40], Step: [31/782], Loss: 1.6515129804611206
Rank:0 Epoch: [1/40], Step: [41/782], Loss: 1.4321519136428833
Rank:0 Epoch: [1/40], Step: [51/782], Loss: 1.9045605659484863
Rank:0 Epoch: [1/40], Step: [61/782], Loss: 1.6514228582382202
Rank:0 Epoch: [1/40], Step: [71/782], Loss: 1.6078057289123535
Rank:0 Epoch: [1/40], Step: [81/782], Loss: 1.4307711124420166
Rank:0 Epoch: [1/40], Step: [91/782], Loss: 1.3237107992172241
Rank:0 Epoch: [1/40], Step: [101/782], Loss: 1.1539164781570435
Rank:0 Epoch: [1/40], Step: [111/782], Loss: 1.289184808731079
Rank:0 Epoch: [1/40], Step: [121/782], Loss: 1.0829685926437378
Rank:0 Epoch: [1/40], Step: [131/782], Loss: 1.178678274154663
Rank:0 Epoch: [1/40], Step: [141/782], Loss: 1.1615090370178223
Rank:0 Epoch: [1/40], Step: [151/782], Loss: 1.2166742086410522
Rank:0 Epoch: [1/40], Step: [161/782], Loss: 1.4008742570877075
Rank:0 Epoch: [1/40], Step: [171/782], Loss: 1.382367730140686
Rank:0 Epoch: [1/40], Step: [181/782], Loss: 1.17349112033844
Rank:0 Epoch: [1/40], Step: [191/782], Loss: 1.2711427211761475
Rank:0 Epoch: [1/40], Step: [201/782], Loss: 1.611043930053711
Rank:0 Epoch: [1/40], Step: [211/782], Loss: 1.2977275848388672
Rank:0 Epoch: [1/40], Step: [221/782], Loss: 1.241509199142456
Rank:0 Epoch: [1/40], Step: [231/782], Loss: 1.2783912420272827
Rank:0 Epoch: [1/40], Step: [241/782], Loss: 0.9663810729980469
Rank:0 Epoch: [1/40], Step: [251/782], Loss: 1.2055962085723877
Rank:0 Epoch: [1/40], Step: [261/782], Loss: 1.1682895421981812
Rank:0 Epoch: [1/40], Step: [271/782], Loss: 1.073085069656372
Rank:0 Epoch: [1/40], Step: [281/782], Loss: 0.9929283857345581
Rank:0 Epoch: [1/40], Step: [291/782], Loss: 1.0396791696548462
Rank:0 Epoch: [1/40], Step: [301/782], Loss: 1.3989452123641968
Rank:0 Epoch: [1/40], Step: [311/782], Loss: 1.1262805461883545
Rank:0 Epoch: [1/40], Step: [321/782], Loss: 1.2186901569366455
Rank:0 Epoch: [1/40], Step: [331/782], Loss: 1.0095075368881226
Rank:0 Epoch: [1/40], Step: [341/782], Loss: 0.9500612020492554
Rank:0 Epoch: [1/40], Step: [351/782], Loss: 1.0172749757766724
Rank:0 Epoch: [1/40], Step: [361/782], Loss: 0.9962224960327148
Rank:0 Epoch: [1/40], Step: [371/782], Loss: 1.059971570968628
Rank:0 Epoch: [1/40], Step: [381/782], Loss: 0.9942042231559753
Rank:0 Epoch: [1/40], Step: [391/782], Loss: 1.1118148565292358
Rank:0 Epoch: [1/40], Step: [401/782], Loss: 0.945408284664154
Rank:0 Epoch: [1/40], Step: [411/782], Loss: 0.9350379705429077
Rank:0 Epoch: [1/40], Step: [421/782], Loss: 0.9320510029792786
Rank:0 Epoch: [1/40], Step: [431/782], Loss: 0.7603164911270142
Rank:0 Epoch: [1/40], Step: [441/782], Loss: 0.9156531095504761
Rank:0 Epoch: [1/40], Step: [451/782], Loss: 1.0965842008590698
Rank:0 Epoch: [1/40], Step: [461/782], Loss: 1.1302767992019653
Rank:0 Epoch: [1/40], Step: [471/782], Loss: 0.9253811240196228
Rank:0 Epoch: [1/40], Step: [481/782], Loss: 1.5448548793792725
Rank:0 Epoch: [1/40], Step: [491/782], Loss: 0.9135702848434448
Rank:0 Epoch: [1/40], Step: [501/782], Loss: 1.2119100093841553
Rank:0 Epoch: [1/40], Step: [511/782], Loss: 1.0859086513519287
Rank:0 Epoch: [1/40], Step: [521/782], Loss: 1.0072143077850342
Rank:0 Epoch: [1/40], Step: [531/782], Loss: 0.9896087050437927
Rank:0 Epoch: [1/40], Step: [541/782], Loss: 1.0795022249221802
Rank:0 Epoch: [1/40], Step: [551/782], Loss: 1.1007872819900513
Rank:0 Epoch: [1/40], Step: [561/782], Loss: 0.8250566124916077
Rank:0 Epoch: [1/40], Step: [571/782], Loss: 1.2490090131759644
Rank:0 Epoch: [1/40], Step: [581/782], Loss: 1.5559364557266235
Rank:0 Epoch: [1/40], Step: [591/782], Loss: 0.8960838913917542
Rank:0 Epoch: [1/40], Step: [601/782], Loss: 0.7278388142585754
Rank:0 Epoch: [1/40], Step: [611/782], Loss: 1.1629098653793335
Rank:0 Epoch: [1/40], Step: [621/782], Loss: 0.9586044549942017
Rank:0 Epoch: [1/40], Step: [631/782], Loss: 1.006738543510437
Rank:0 Epoch: [1/40], Step: [641/782], Loss: 1.0918747186660767
Rank:0 Epoch: [1/40], Step: [651/782], Loss: 1.1042762994766235
Rank:0 Epoch: [1/40], Step: [661/782], Loss: 0.931151270866394
Rank:0 Epoch: [1/40], Step: [671/782], Loss: 0.9138069152832031
Rank:0 Epoch: [1/40], Step: [681/782], Loss: 0.8248996734619141
Rank:0 Epoch: [1/40], Step: [691/782], Loss: 0.8972405791282654
Rank:0 Epoch: [1/40], Step: [701/782], Loss: 1.2646321058273315
Rank:0 Epoch: [1/40], Step: [711/782], Loss: 0.8170218467712402
Rank:0 Epoch: [1/40], Step: [721/782], Loss: 1.1614378690719604
Rank:0 Epoch: [1/40], Step: [731/782], Loss: 0.730498731136322
Rank:0 Epoch: [1/40], Step: [741/782], Loss: 0.793265700340271
Rank:0 Epoch: [1/40], Step: [751/782], Loss: 0.6531323194503784
Rank:0 Epoch: [1/40], Step: [761/782], Loss: 1.000859260559082
Rank:0 Epoch: [1/40], Step: [771/782], Loss: 0.8675581812858582
Rank:0 Epoch: [1/40], Step: [781/782], Loss: 1.0402988195419312
Current Test Acc: 0.7463
Rank:0 Epoch: [2/40], Step: [1/782], Loss: 0.7629124522209167
Rank:0 Epoch: [2/40], Step: [11/782], Loss: 1.1744403839111328
Rank:0 Epoch: [2/40], Step: [21/782], Loss: 0.8129278421401978
Rank:0 Epoch: [2/40], Step: [31/782], Loss: 0.828311562538147
Rank:0 Epoch: [2/40], Step: [41/782], Loss: 0.6833201050758362
Rank:0 Epoch: [2/40], Step: [51/782], Loss: 0.6297074556350708
Rank:0 Epoch: [2/40], Step: [61/782], Loss: 0.7130472660064697
Rank:0 Epoch: [2/40], Step: [71/782], Loss: 1.0134053230285645
Rank:0 Epoch: [2/40], Step: [81/782], Loss: 1.0446730852127075
Rank:0 Epoch: [2/40], Step: [91/782], Loss: 0.9873399138450623
Rank:0 Epoch: [2/40], Step: [101/782], Loss: 0.8022525310516357
Rank:0 Epoch: [2/40], Step: [111/782], Loss: 0.8057352304458618
Rank:0 Epoch: [2/40], Step: [121/782], Loss: 0.7877328395843506
Rank:0 Epoch: [2/40], Step: [131/782], Loss: 0.9348217248916626
Rank:0 Epoch: [2/40], Step: [141/782], Loss: 0.8540195822715759
Rank:0 Epoch: [2/40], Step: [151/782], Loss: 1.216687798500061
Rank:0 Epoch: [2/40], Step: [161/782], Loss: 0.8764956593513489
Rank:0 Epoch: [2/40], Step: [171/782], Loss: 1.0401966571807861
Rank:0 Epoch: [2/40], Step: [181/782], Loss: 0.7693693041801453
Rank:0 Epoch: [2/40], Step: [191/782], Loss: 1.0213603973388672
Rank:0 Epoch: [2/40], Step: [201/782], Loss: 0.5888894200325012
Rank:0 Epoch: [2/40], Step: [211/782], Loss: 0.6011461615562439
Rank:0 Epoch: [2/40], Step: [221/782], Loss: 0.6593738794326782
Rank:0 Epoch: [2/40], Step: [231/782], Loss: 0.823283314704895
Rank:0 Epoch: [2/40], Step: [241/782], Loss: 1.3177297115325928
Rank:0 Epoch: [2/40], Step: [251/782], Loss: 1.0213525295257568
Rank:0 Epoch: [2/40], Step: [261/782], Loss: 0.776785671710968
Rank:0 Epoch: [2/40], Step: [271/782], Loss: 0.8367995023727417
Rank:0 Epoch: [2/40], Step: [281/782], Loss: 0.6497663259506226
Rank:0 Epoch: [2/40], Step: [291/782], Loss: 0.9725366234779358
Rank:0 Epoch: [2/40], Step: [301/782], Loss: 0.9470781087875366
Rank:0 Epoch: [2/40], Step: [311/782], Loss: 1.1653809547424316
Rank:0 Epoch: [2/40], Step: [321/782], Loss: 0.9636363983154297
Rank:0 Epoch: [2/40], Step: [331/782], Loss: 0.7418513894081116
Rank:0 Epoch: [2/40], Step: [341/782], Loss: 1.1038187742233276
Rank:0 Epoch: [2/40], Step: [351/782], Loss: 0.5675796270370483
Rank:0 Epoch: [2/40], Step: [361/782], Loss: 0.7764708399772644
Rank:0 Epoch: [2/40], Step: [371/782], Loss: 1.1527953147888184
Rank:0 Epoch: [2/40], Step: [381/782], Loss: 0.6353184580802917
Rank:0 Epoch: [2/40], Step: [391/782], Loss: 0.7578272223472595
Rank:0 Epoch: [2/40], Step: [401/782], Loss: 0.91289883852005
Rank:0 Epoch: [2/40], Step: [411/782], Loss: 0.7618955373764038
Rank:0 Epoch: [2/40], Step: [421/782], Loss: 0.8742302060127258
Rank:0 Epoch: [2/40], Step: [431/782], Loss: 1.0849357843399048
Rank:0 Epoch: [2/40], Step: [441/782], Loss: 0.7316067814826965
Rank:0 Epoch: [2/40], Step: [451/782], Loss: 0.6940995454788208
Rank:0 Epoch: [2/40], Step: [461/782], Loss: 0.9874265789985657
Rank:0 Epoch: [2/40], Step: [471/782], Loss: 0.882744312286377
Rank:0 Epoch: [2/40], Step: [481/782], Loss: 0.6385549306869507
Rank:0 Epoch: [2/40], Step: [491/782], Loss: 0.7856193780899048
Rank:0 Epoch: [2/40], Step: [501/782], Loss: 1.0140732526779175
Rank:0 Epoch: [2/40], Step: [511/782], Loss: 1.0048874616622925
Rank:0 Epoch: [2/40], Step: [521/782], Loss: 0.5376787781715393
Rank:0 Epoch: [2/40], Step: [531/782], Loss: 0.8003685474395752
Rank:0 Epoch: [2/40], Step: [541/782], Loss: 0.7902578711509705
Rank:0 Epoch: [2/40], Step: [551/782], Loss: 0.6398582458496094
Rank:0 Epoch: [2/40], Step: [561/782], Loss: 0.7090599536895752
Rank:0 Epoch: [2/40], Step: [571/782], Loss: 0.724896252155304
Rank:0 Epoch: [2/40], Step: [581/782], Loss: 0.9691364169120789
Rank:0 Epoch: [2/40], Step: [591/782], Loss: 1.345113754272461
Rank:0 Epoch: [2/40], Step: [601/782], Loss: 0.7735702991485596
Rank:0 Epoch: [2/40], Step: [611/782], Loss: 0.7389310598373413
Rank:0 Epoch: [2/40], Step: [621/782], Loss: 0.6811102032661438
Rank:0 Epoch: [2/40], Step: [631/782], Loss: 0.7820174694061279
Rank:0 Epoch: [2/40], Step: [641/782], Loss: 1.1101596355438232
Rank:0 Epoch: [2/40], Step: [651/782], Loss: 1.0401508808135986
Rank:0 Epoch: [2/40], Step: [661/782], Loss: 1.1028740406036377
Rank:0 Epoch: [2/40], Step: [671/782], Loss: 0.943812906742096
Rank:0 Epoch: [2/40], Step: [681/782], Loss: 0.7938212752342224
Rank:0 Epoch: [2/40], Step: [691/782], Loss: 0.5474390387535095
Rank:0 Epoch: [2/40], Step: [701/782], Loss: 0.7034104466438293
Rank:0 Epoch: [2/40], Step: [711/782], Loss: 0.789693295955658
Rank:0 Epoch: [2/40], Step: [721/782], Loss: 0.8784161806106567
Rank:0 Epoch: [2/40], Step: [731/782], Loss: 0.4388849139213562
Rank:0 Epoch: [2/40], Step: [741/782], Loss: 0.9088541269302368
Rank:0 Epoch: [2/40], Step: [751/782], Loss: 0.7556889653205872
Rank:0 Epoch: [2/40], Step: [761/782], Loss: 1.0824108123779297
Rank:0 Epoch: [2/40], Step: [771/782], Loss: 0.47282716631889343
Rank:0 Epoch: [2/40], Step: [781/782], Loss: 0.4097726047039032
Current Test Acc: 0.7678
Rank:0 Epoch: [3/40], Step: [1/782], Loss: 0.6263783574104309
Rank:0 Epoch: [3/40], Step: [11/782], Loss: 0.9457376003265381
Rank:0 Epoch: [3/40], Step: [21/782], Loss: 0.9116140007972717
Rank:0 Epoch: [3/40], Step: [31/782], Loss: 0.7479334473609924
Rank:0 Epoch: [3/40], Step: [41/782], Loss: 0.6457314491271973
Rank:0 Epoch: [3/40], Step: [51/782], Loss: 0.660718560218811
Rank:0 Epoch: [3/40], Step: [61/782], Loss: 0.891564130783081
Rank:0 Epoch: [3/40], Step: [71/782], Loss: 0.7376018762588501
Rank:0 Epoch: [3/40], Step: [81/782], Loss: 0.671062171459198
Rank:0 Epoch: [3/40], Step: [91/782], Loss: 1.2244105339050293
Rank:0 Epoch: [3/40], Step: [101/782], Loss: 0.9763389229774475
Rank:0 Epoch: [3/40], Step: [111/782], Loss: 0.8506187796592712
Rank:0 Epoch: [3/40], Step: [121/782], Loss: 0.9064199328422546
Rank:0 Epoch: [3/40], Step: [131/782], Loss: 0.560738205909729
Rank:0 Epoch: [3/40], Step: [141/782], Loss: 0.8473513722419739
Rank:0 Epoch: [3/40], Step: [151/782], Loss: 1.2301615476608276
Rank:0 Epoch: [3/40], Step: [161/782], Loss: 0.8124409914016724
Rank:0 Epoch: [3/40], Step: [171/782], Loss: 0.673879861831665
Rank:0 Epoch: [3/40], Step: [181/782], Loss: 0.5482237339019775
Rank:0 Epoch: [3/40], Step: [191/782], Loss: 0.7796895503997803
Rank:0 Epoch: [3/40], Step: [201/782], Loss: 0.6681544184684753
Rank:0 Epoch: [3/40], Step: [211/782], Loss: 0.7540503740310669
Rank:0 Epoch: [3/40], Step: [221/782], Loss: 0.8544558882713318
Rank:0 Epoch: [3/40], Step: [231/782], Loss: 0.8764990568161011
Rank:0 Epoch: [3/40], Step: [241/782], Loss: 0.8570268154144287
Rank:0 Epoch: [3/40], Step: [251/782], Loss: 0.5934463739395142
Rank:0 Epoch: [3/40], Step: [261/782], Loss: 0.5729078054428101
Rank:0 Epoch: [3/40], Step: [271/782], Loss: 1.0310784578323364
Rank:0 Epoch: [3/40], Step: [281/782], Loss: 0.9089611172676086
Rank:0 Epoch: [3/40], Step: [291/782], Loss: 0.5918138027191162
Rank:0 Epoch: [3/40], Step: [301/782], Loss: 0.9140609502792358
Rank:0 Epoch: [3/40], Step: [311/782], Loss: 1.0533381700515747
Rank:0 Epoch: [3/40], Step: [321/782], Loss: 0.7787803411483765
Rank:0 Epoch: [3/40], Step: [331/782], Loss: 0.7761522531509399
Rank:0 Epoch: [3/40], Step: [341/782], Loss: 0.8345208764076233
Rank:0 Epoch: [3/40], Step: [351/782], Loss: 0.8672335743904114
Rank:0 Epoch: [3/40], Step: [361/782], Loss: 0.9857345223426819
Rank:0 Epoch: [3/40], Step: [371/782], Loss: 0.7882465720176697
Rank:0 Epoch: [3/40], Step: [381/782], Loss: 0.6503440141677856
Rank:0 Epoch: [3/40], Step: [391/782], Loss: 0.5351527333259583
Rank:0 Epoch: [3/40], Step: [401/782], Loss: 0.7518675327301025
Rank:0 Epoch: [3/40], Step: [411/782], Loss: 0.8025164008140564
Rank:0 Epoch: [3/40], Step: [421/782], Loss: 1.448009729385376
Rank:0 Epoch: [3/40], Step: [431/782], Loss: 0.9432373046875
Rank:0 Epoch: [3/40], Step: [441/782], Loss: 0.5398520231246948
Rank:0 Epoch: [3/40], Step: [451/782], Loss: 0.4856117367744446
Rank:0 Epoch: [3/40], Step: [461/782], Loss: 0.5221144556999207
Rank:0 Epoch: [3/40], Step: [471/782], Loss: 0.6512430310249329
Rank:0 Epoch: [3/40], Step: [481/782], Loss: 1.3435437679290771
Rank:0 Epoch: [3/40], Step: [491/782], Loss: 1.1408370733261108
Rank:0 Epoch: [3/40], Step: [501/782], Loss: 1.0408869981765747
Rank:0 Epoch: [3/40], Step: [511/782], Loss: 0.6096663475036621
Rank:0 Epoch: [3/40], Step: [521/782], Loss: 0.7211659550666809
Rank:0 Epoch: [3/40], Step: [531/782], Loss: 0.6014164686203003
Rank:0 Epoch: [3/40], Step: [541/782], Loss: 1.1418992280960083
Rank:0 Epoch: [3/40], Step: [551/782], Loss: 0.6830139756202698
Rank:0 Epoch: [3/40], Step: [561/782], Loss: 0.7583544254302979
Rank:0 Epoch: [3/40], Step: [571/782], Loss: 1.143631935119629
Rank:0 Epoch: [3/40], Step: [581/782], Loss: 0.8383443355560303
Rank:0 Epoch: [3/40], Step: [591/782], Loss: 0.5855304002761841
Rank:0 Epoch: [3/40], Step: [601/782], Loss: 1.013179063796997
Rank:0 Epoch: [3/40], Step: [611/782], Loss: 0.7370668649673462
Rank:0 Epoch: [3/40], Step: [621/782], Loss: 0.7253962159156799
Rank:0 Epoch: [3/40], Step: [631/782], Loss: 0.91168612241745
Rank:0 Epoch: [3/40], Step: [641/782], Loss: 0.5644236207008362
Rank:0 Epoch: [3/40], Step: [651/782], Loss: 0.6376615762710571
Rank:0 Epoch: [3/40], Step: [661/782], Loss: 0.8292190432548523
Rank:0 Epoch: [3/40], Step: [671/782], Loss: 0.7400045990943909
Rank:0 Epoch: [3/40], Step: [681/782], Loss: 0.5524513721466064
Rank:0 Epoch: [3/40], Step: [691/782], Loss: 0.661726713180542
Rank:0 Epoch: [3/40], Step: [701/782], Loss: 0.6161887645721436
Rank:0 Epoch: [3/40], Step: [711/782], Loss: 0.47915196418762207
Rank:0 Epoch: [3/40], Step: [721/782], Loss: 0.8059543967247009
Rank:0 Epoch: [3/40], Step: [731/782], Loss: 1.157201886177063
Rank:0 Epoch: [3/40], Step: [741/782], Loss: 0.8162899613380432
Rank:0 Epoch: [3/40], Step: [751/782], Loss: 0.9091631174087524
Rank:0 Epoch: [3/40], Step: [761/782], Loss: 0.6508709192276001
Rank:0 Epoch: [3/40], Step: [771/782], Loss: 0.929898202419281
Rank:0 Epoch: [3/40], Step: [781/782], Loss: 0.5062856078147888
Current Test Acc: 0.7396
Rank:0 Epoch: [4/40], Step: [1/782], Loss: 0.8148842453956604
Rank:0 Epoch: [4/40], Step: [11/782], Loss: 0.6508148312568665
Rank:0 Epoch: [4/40], Step: [21/782], Loss: 0.6411153078079224
Rank:0 Epoch: [4/40], Step: [31/782], Loss: 0.5429210662841797
Rank:0 Epoch: [4/40], Step: [41/782], Loss: 0.4313652813434601
Rank:0 Epoch: [4/40], Step: [51/782], Loss: 0.6248393058776855
Rank:0 Epoch: [4/40], Step: [61/782], Loss: 0.6097408533096313
Rank:0 Epoch: [4/40], Step: [71/782], Loss: 0.5057148933410645
Rank:0 Epoch: [4/40], Step: [81/782], Loss: 0.7479797005653381
Rank:0 Epoch: [4/40], Step: [91/782], Loss: 0.9093260169029236
Rank:0 Epoch: [4/40], Step: [101/782], Loss: 1.1102619171142578
Rank:0 Epoch: [4/40], Step: [111/782], Loss: 0.7890255451202393
Rank:0 Epoch: [4/40], Step: [121/782], Loss: 0.767953634262085
Rank:0 Epoch: [4/40], Step: [131/782], Loss: 0.7876102328300476
Rank:0 Epoch: [4/40], Step: [141/782], Loss: 0.5382750630378723
Rank:0 Epoch: [4/40], Step: [151/782], Loss: 1.1128658056259155
Rank:0 Epoch: [4/40], Step: [161/782], Loss: 0.8513092994689941
Rank:0 Epoch: [4/40], Step: [171/782], Loss: 0.5963535308837891
Rank:0 Epoch: [4/40], Step: [181/782], Loss: 0.8416021466255188
Rank:0 Epoch: [4/40], Step: [191/782], Loss: 0.5039162635803223
Rank:0 Epoch: [4/40], Step: [201/782], Loss: 0.7303199172019958
Rank:0 Epoch: [4/40], Step: [211/782], Loss: 1.2814750671386719
Rank:0 Epoch: [4/40], Step: [221/782], Loss: 0.9994381070137024
Rank:0 Epoch: [4/40], Step: [231/782], Loss: 0.6951073408126831
Rank:0 Epoch: [4/40], Step: [241/782], Loss: 0.43917810916900635
Rank:0 Epoch: [4/40], Step: [251/782], Loss: 0.6259530782699585
Rank:0 Epoch: [4/40], Step: [261/782], Loss: 0.8106887340545654
Rank:0 Epoch: [4/40], Step: [271/782], Loss: 0.7044368386268616
Rank:0 Epoch: [4/40], Step: [281/782], Loss: 0.6329953670501709
Rank:0 Epoch: [4/40], Step: [291/782], Loss: 0.8155695199966431
Rank:0 Epoch: [4/40], Step: [301/782], Loss: 0.7531144022941589
Rank:0 Epoch: [4/40], Step: [311/782], Loss: 0.6081512570381165
Rank:0 Epoch: [4/40], Step: [321/782], Loss: 1.2133598327636719
Rank:0 Epoch: [4/40], Step: [331/782], Loss: 0.48755329847335815
Rank:0 Epoch: [4/40], Step: [341/782], Loss: 0.48696649074554443
Rank:0 Epoch: [4/40], Step: [351/782], Loss: 0.40643468499183655
Rank:0 Epoch: [4/40], Step: [361/782], Loss: 0.6273460984230042
Rank:0 Epoch: [4/40], Step: [371/782], Loss: 0.8756844997406006
Rank:0 Epoch: [4/40], Step: [381/782], Loss: 1.051339030265808
Rank:0 Epoch: [4/40], Step: [391/782], Loss: 0.49744343757629395
Rank:0 Epoch: [4/40], Step: [401/782], Loss: 0.788465678691864
Rank:0 Epoch: [4/40], Step: [411/782], Loss: 1.1216282844543457
Rank:0 Epoch: [4/40], Step: [421/782], Loss: 0.553290605545044
Rank:0 Epoch: [4/40], Step: [431/782], Loss: 0.7209036350250244
Rank:0 Epoch: [4/40], Step: [441/782], Loss: 1.4245554208755493
Rank:0 Epoch: [4/40], Step: [451/782], Loss: 0.7770453691482544
Rank:0 Epoch: [4/40], Step: [461/782], Loss: 0.7072418332099915
Rank:0 Epoch: [4/40], Step: [471/782], Loss: 0.9127547740936279
Rank:0 Epoch: [4/40], Step: [481/782], Loss: 1.1702704429626465
Rank:0 Epoch: [4/40], Step: [491/782], Loss: 0.6307228803634644
Rank:0 Epoch: [4/40], Step: [501/782], Loss: 0.7721930146217346
Rank:0 Epoch: [4/40], Step: [511/782], Loss: 0.7459437847137451
Rank:0 Epoch: [4/40], Step: [521/782], Loss: 0.592402994632721
Rank:0 Epoch: [4/40], Step: [531/782], Loss: 0.895798921585083
Rank:0 Epoch: [4/40], Step: [541/782], Loss: 0.7352431416511536
Rank:0 Epoch: [4/40], Step: [551/782], Loss: 0.8077427744865417
Rank:0 Epoch: [4/40], Step: [561/782], Loss: 0.6366153359413147
Rank:0 Epoch: [4/40], Step: [571/782], Loss: 0.48304226994514465
Rank:0 Epoch: [4/40], Step: [581/782], Loss: 0.6478931307792664
Rank:0 Epoch: [4/40], Step: [591/782], Loss: 0.4234716594219208
Rank:0 Epoch: [4/40], Step: [601/782], Loss: 0.6138771176338196
Rank:0 Epoch: [4/40], Step: [611/782], Loss: 0.534835934638977
Rank:0 Epoch: [4/40], Step: [621/782], Loss: 0.6729969382286072
Rank:0 Epoch: [4/40], Step: [631/782], Loss: 0.7860483527183533
Rank:0 Epoch: [4/40], Step: [641/782], Loss: 0.8451793789863586
Rank:0 Epoch: [4/40], Step: [651/782], Loss: 0.598773717880249
Rank:0 Epoch: [4/40], Step: [661/782], Loss: 0.7448773980140686
Rank:0 Epoch: [4/40], Step: [671/782], Loss: 0.6125438809394836
Rank:0 Epoch: [4/40], Step: [681/782], Loss: 0.8885566592216492
Rank:0 Epoch: [4/40], Step: [691/782], Loss: 0.7299251556396484
Rank:0 Epoch: [4/40], Step: [701/782], Loss: 0.8305178880691528
Rank:0 Epoch: [4/40], Step: [711/782], Loss: 0.46985501050949097
Rank:0 Epoch: [4/40], Step: [721/782], Loss: 0.6130077838897705
Rank:0 Epoch: [4/40], Step: [731/782], Loss: 0.8023076057434082
Rank:0 Epoch: [4/40], Step: [741/782], Loss: 0.6459905505180359
Rank:0 Epoch: [4/40], Step: [751/782], Loss: 0.7662947177886963
Rank:0 Epoch: [4/40], Step: [761/782], Loss: 0.5974570512771606
Rank:0 Epoch: [4/40], Step: [771/782], Loss: 0.7160656452178955
Rank:0 Epoch: [4/40], Step: [781/782], Loss: 0.5486191511154175
Current Test Acc: 0.7975
Rank:0 Epoch: [5/40], Step: [1/782], Loss: 0.7018076777458191
Rank:0 Epoch: [5/40], Step: [11/782], Loss: 0.7604326009750366
Rank:0 Epoch: [5/40], Step: [21/782], Loss: 0.5432562828063965
Rank:0 Epoch: [5/40], Step: [31/782], Loss: 0.40175825357437134
Rank:0 Epoch: [5/40], Step: [41/782], Loss: 0.6626498699188232
Rank:0 Epoch: [5/40], Step: [51/782], Loss: 0.5337256789207458
Rank:0 Epoch: [5/40], Step: [61/782], Loss: 0.7256706357002258
Rank:0 Epoch: [5/40], Step: [71/782], Loss: 0.4825979173183441
Rank:0 Epoch: [5/40], Step: [81/782], Loss: 0.46202313899993896
Rank:0 Epoch: [5/40], Step: [91/782], Loss: 0.5299147963523865
Rank:0 Epoch: [5/40], Step: [101/782], Loss: 0.6873636841773987
Rank:0 Epoch: [5/40], Step: [111/782], Loss: 0.6568121910095215
Rank:0 Epoch: [5/40], Step: [121/782], Loss: 0.6160133481025696
Rank:0 Epoch: [5/40], Step: [131/782], Loss: 0.849320650100708
Rank:0 Epoch: [5/40], Step: [141/782], Loss: 0.6912171840667725
Rank:0 Epoch: [5/40], Step: [151/782], Loss: 0.7215040326118469
Rank:0 Epoch: [5/40], Step: [161/782], Loss: 0.5122405886650085
Rank:0 Epoch: [5/40], Step: [171/782], Loss: 0.721389651298523
Rank:0 Epoch: [5/40], Step: [181/782], Loss: 0.5391403436660767
Rank:0 Epoch: [5/40], Step: [191/782], Loss: 1.0210630893707275
Rank:0 Epoch: [5/40], Step: [201/782], Loss: 0.8452882766723633
Rank:0 Epoch: [5/40], Step: [211/782], Loss: 0.48639270663261414
Rank:0 Epoch: [5/40], Step: [221/782], Loss: 0.757008969783783
Rank:0 Epoch: [5/40], Step: [231/782], Loss: 0.7734564542770386
Rank:0 Epoch: [5/40], Step: [241/782], Loss: 0.6332226395606995
Rank:0 Epoch: [5/40], Step: [251/782], Loss: 0.6642873287200928
Rank:0 Epoch: [5/40], Step: [261/782], Loss: 0.6845174431800842
Rank:0 Epoch: [5/40], Step: [271/782], Loss: 0.4774571359157562
Rank:0 Epoch: [5/40], Step: [281/782], Loss: 0.8761090636253357
Rank:0 Epoch: [5/40], Step: [291/782], Loss: 0.5657778382301331
Rank:0 Epoch: [5/40], Step: [301/782], Loss: 0.8820740580558777
Rank:0 Epoch: [5/40], Step: [311/782], Loss: 0.9625888466835022
Rank:0 Epoch: [5/40], Step: [321/782], Loss: 0.4934772551059723
Rank:0 Epoch: [5/40], Step: [331/782], Loss: 0.7548703551292419
Rank:0 Epoch: [5/40], Step: [341/782], Loss: 1.0027906894683838
Rank:0 Epoch: [5/40], Step: [351/782], Loss: 0.468132883310318
Rank:0 Epoch: [5/40], Step: [361/782], Loss: 1.2270703315734863
Rank:0 Epoch: [5/40], Step: [371/782], Loss: 0.9559773206710815
Rank:0 Epoch: [5/40], Step: [381/782], Loss: 0.6532812118530273
Rank:0 Epoch: [5/40], Step: [391/782], Loss: 0.7699968218803406
Rank:0 Epoch: [5/40], Step: [401/782], Loss: 0.6877323389053345
Rank:0 Epoch: [5/40], Step: [411/782], Loss: 0.8091748356819153
Rank:0 Epoch: [5/40], Step: [421/782], Loss: 0.6297109127044678
Rank:0 Epoch: [5/40], Step: [431/782], Loss: 0.6313515305519104
Rank:0 Epoch: [5/40], Step: [441/782], Loss: 0.9498741626739502
Rank:0 Epoch: [5/40], Step: [451/782], Loss: 0.727300226688385
Rank:0 Epoch: [5/40], Step: [461/782], Loss: 0.6928268671035767
Rank:0 Epoch: [5/40], Step: [471/782], Loss: 0.8693279027938843
Rank:0 Epoch: [5/40], Step: [481/782], Loss: 0.5617169141769409
Rank:0 Epoch: [5/40], Step: [491/782], Loss: 0.5928459763526917
Rank:0 Epoch: [5/40], Step: [501/782], Loss: 0.9913598299026489
Rank:0 Epoch: [5/40], Step: [511/782], Loss: 0.741058886051178
Rank:0 Epoch: [5/40], Step: [521/782], Loss: 0.681428849697113
Rank:0 Epoch: [5/40], Step: [531/782], Loss: 0.498173326253891
Rank:0 Epoch: [5/40], Step: [541/782], Loss: 0.6602615714073181
Rank:0 Epoch: [5/40], Step: [551/782], Loss: 0.6077247858047485
Rank:0 Epoch: [5/40], Step: [561/782], Loss: 0.6956644654273987
Rank:0 Epoch: [5/40], Step: [571/782], Loss: 0.6536860466003418
Rank:0 Epoch: [5/40], Step: [581/782], Loss: 0.7870123386383057
Rank:0 Epoch: [5/40], Step: [591/782], Loss: 0.5221516489982605
Rank:0 Epoch: [5/40], Step: [601/782], Loss: 0.5316227078437805
Rank:0 Epoch: [5/40], Step: [611/782], Loss: 0.8125490546226501
Rank:0 Epoch: [5/40], Step: [621/782], Loss: 0.5204774737358093
Rank:0 Epoch: [5/40], Step: [631/782], Loss: 0.7511070966720581
Rank:0 Epoch: [5/40], Step: [641/782], Loss: 0.5745280981063843
Rank:0 Epoch: [5/40], Step: [651/782], Loss: 0.6926138401031494
Rank:0 Epoch: [5/40], Step: [661/782], Loss: 0.7602850198745728
Rank:0 Epoch: [5/40], Step: [671/782], Loss: 1.0958027839660645
Rank:0 Epoch: [5/40], Step: [681/782], Loss: 0.5557149052619934
Rank:0 Epoch: [5/40], Step: [691/782], Loss: 0.5296493768692017
Rank:0 Epoch: [5/40], Step: [701/782], Loss: 0.6384828090667725
Rank:0 Epoch: [5/40], Step: [711/782], Loss: 0.6909988522529602
Rank:0 Epoch: [5/40], Step: [721/782], Loss: 0.5863011479377747
Rank:0 Epoch: [5/40], Step: [731/782], Loss: 0.9388304948806763
Rank:0 Epoch: [5/40], Step: [741/782], Loss: 0.6855449676513672
Rank:0 Epoch: [5/40], Step: [751/782], Loss: 1.3460007905960083
Rank:0 Epoch: [5/40], Step: [761/782], Loss: 0.6587934494018555
Rank:0 Epoch: [5/40], Step: [771/782], Loss: 0.5940364599227905
Rank:0 Epoch: [5/40], Step: [781/782], Loss: 0.7163848280906677
Current Test Acc: 0.7604
Rank:0 Epoch: [6/40], Step: [1/782], Loss: 0.4014151692390442
Rank:0 Epoch: [6/40], Step: [11/782], Loss: 0.651458740234375
Rank:0 Epoch: [6/40], Step: [21/782], Loss: 0.5726930499076843
Rank:0 Epoch: [6/40], Step: [31/782], Loss: 0.43722909688949585
Rank:0 Epoch: [6/40], Step: [41/782], Loss: 0.7618816494941711
Rank:0 Epoch: [6/40], Step: [51/782], Loss: 0.7002010941505432
Rank:0 Epoch: [6/40], Step: [61/782], Loss: 0.4476954936981201
Rank:0 Epoch: [6/40], Step: [71/782], Loss: 0.4050537645816803
Rank:0 Epoch: [6/40], Step: [81/782], Loss: 0.633855402469635
Rank:0 Epoch: [6/40], Step: [91/782], Loss: 0.7521852254867554
Rank:0 Epoch: [6/40], Step: [101/782], Loss: 0.5706395506858826
Rank:0 Epoch: [6/40], Step: [111/782], Loss: 0.6660869121551514
Rank:0 Epoch: [6/40], Step: [121/782], Loss: 0.5727767944335938
Rank:0 Epoch: [6/40], Step: [131/782], Loss: 1.157036542892456
Rank:0 Epoch: [6/40], Step: [141/782], Loss: 0.47538354992866516
Rank:0 Epoch: [6/40], Step: [151/782], Loss: 0.47500330209732056
Rank:0 Epoch: [6/40], Step: [161/782], Loss: 0.8204019069671631
Rank:0 Epoch: [6/40], Step: [171/782], Loss: 0.7884921431541443
Rank:0 Epoch: [6/40], Step: [181/782], Loss: 0.5708691477775574
Rank:0 Epoch: [6/40], Step: [191/782], Loss: 0.5708423256874084
Rank:0 Epoch: [6/40], Step: [201/782], Loss: 0.7792555689811707
Rank:0 Epoch: [6/40], Step: [211/782], Loss: 0.8940747380256653
Rank:0 Epoch: [6/40], Step: [221/782], Loss: 0.3618057668209076
Rank:0 Epoch: [6/40], Step: [231/782], Loss: 0.5193971991539001
Rank:0 Epoch: [6/40], Step: [241/782], Loss: 0.4669452905654907
Rank:0 Epoch: [6/40], Step: [251/782], Loss: 0.8158624768257141
Rank:0 Epoch: [6/40], Step: [261/782], Loss: 0.6958574652671814
Rank:0 Epoch: [6/40], Step: [271/782], Loss: 0.49059978127479553
Rank:0 Epoch: [6/40], Step: [281/782], Loss: 0.6059111952781677
Rank:0 Epoch: [6/40], Step: [291/782], Loss: 0.593457818031311
Rank:0 Epoch: [6/40], Step: [301/782], Loss: 0.5896180272102356
Rank:0 Epoch: [6/40], Step: [311/782], Loss: 0.776516854763031
Rank:0 Epoch: [6/40], Step: [321/782], Loss: 0.3808091878890991
Rank:0 Epoch: [6/40], Step: [331/782], Loss: 0.5318260788917542
Rank:0 Epoch: [6/40], Step: [341/782], Loss: 0.37080714106559753
Rank:0 Epoch: [6/40], Step: [351/782], Loss: 0.4934646487236023
Rank:0 Epoch: [6/40], Step: [361/782], Loss: 0.6074257493019104
Rank:0 Epoch: [6/40], Step: [371/782], Loss: 0.7112986445426941
Rank:0 Epoch: [6/40], Step: [381/782], Loss: 0.571685254573822
Rank:0 Epoch: [6/40], Step: [391/782], Loss: 0.695460855960846
Rank:0 Epoch: [6/40], Step: [401/782], Loss: 0.9302268028259277
Rank:0 Epoch: [6/40], Step: [411/782], Loss: 0.5503987073898315
Rank:0 Epoch: [6/40], Step: [421/782], Loss: 0.6536412239074707
Rank:0 Epoch: [6/40], Step: [431/782], Loss: 0.37020251154899597
Rank:0 Epoch: [6/40], Step: [441/782], Loss: 0.9234695434570312
Rank:0 Epoch: [6/40], Step: [451/782], Loss: 0.5002225041389465
Rank:0 Epoch: [6/40], Step: [461/782], Loss: 0.7524831295013428
Rank:0 Epoch: [6/40], Step: [471/782], Loss: 0.5759442448616028
Rank:0 Epoch: [6/40], Step: [481/782], Loss: 0.975092887878418
Rank:0 Epoch: [6/40], Step: [491/782], Loss: 0.6885908246040344
Rank:0 Epoch: [6/40], Step: [501/782], Loss: 0.751961886882782
Rank:0 Epoch: [6/40], Step: [511/782], Loss: 0.7705275416374207
Rank:0 Epoch: [6/40], Step: [521/782], Loss: 0.5336467623710632
Rank:0 Epoch: [6/40], Step: [531/782], Loss: 0.6551722288131714
Rank:0 Epoch: [6/40], Step: [541/782], Loss: 0.8196868300437927
Rank:0 Epoch: [6/40], Step: [551/782], Loss: 0.5289589762687683
Rank:0 Epoch: [6/40], Step: [561/782], Loss: 0.5625024437904358
Rank:0 Epoch: [6/40], Step: [571/782], Loss: 0.6840990781784058
Rank:0 Epoch: [6/40], Step: [581/782], Loss: 1.0285202264785767
Rank:0 Epoch: [6/40], Step: [591/782], Loss: 0.5547404289245605
Rank:0 Epoch: [6/40], Step: [601/782], Loss: 0.44931691884994507
Rank:0 Epoch: [6/40], Step: [611/782], Loss: 0.6285472512245178
Rank:0 Epoch: [6/40], Step: [621/782], Loss: 0.6859369277954102
Rank:0 Epoch: [6/40], Step: [631/782], Loss: 0.5639526844024658
Rank:0 Epoch: [6/40], Step: [641/782], Loss: 0.4834117889404297
Rank:0 Epoch: [6/40], Step: [651/782], Loss: 0.7237665057182312
Rank:0 Epoch: [6/40], Step: [661/782], Loss: 0.7191561460494995
Rank:0 Epoch: [6/40], Step: [671/782], Loss: 0.5574471354484558
Rank:0 Epoch: [6/40], Step: [681/782], Loss: 0.9601460695266724
Rank:0 Epoch: [6/40], Step: [691/782], Loss: 0.7491465210914612
Rank:0 Epoch: [6/40], Step: [701/782], Loss: 1.104514718055725
Rank:0 Epoch: [6/40], Step: [711/782], Loss: 0.49763041734695435
Rank:0 Epoch: [6/40], Step: [721/782], Loss: 0.4048396348953247
Rank:0 Epoch: [6/40], Step: [731/782], Loss: 0.5093644857406616
Rank:0 Epoch: [6/40], Step: [741/782], Loss: 0.6894468069076538
Rank:0 Epoch: [6/40], Step: [751/782], Loss: 0.46524813771247864
Rank:0 Epoch: [6/40], Step: [761/782], Loss: 0.5485048890113831
Rank:0 Epoch: [6/40], Step: [771/782], Loss: 0.48218557238578796
Rank:0 Epoch: [6/40], Step: [781/782], Loss: 0.4792536497116089
Current Test Acc: 0.8177
Rank:0 Epoch: [7/40], Step: [1/782], Loss: 0.3809898793697357
Rank:0 Epoch: [7/40], Step: [11/782], Loss: 0.8625507950782776
Rank:0 Epoch: [7/40], Step: [21/782], Loss: 0.6327856183052063
Rank:0 Epoch: [7/40], Step: [31/782], Loss: 0.499679833650589
Rank:0 Epoch: [7/40], Step: [41/782], Loss: 0.6141355633735657
Rank:0 Epoch: [7/40], Step: [51/782], Loss: 0.427046537399292
Rank:0 Epoch: [7/40], Step: [61/782], Loss: 0.5466786623001099
Rank:0 Epoch: [7/40], Step: [71/782], Loss: 0.4847431778907776
Rank:0 Epoch: [7/40], Step: [81/782], Loss: 0.5901769399642944
Rank:0 Epoch: [7/40], Step: [91/782], Loss: 0.6117845773696899
Rank:0 Epoch: [7/40], Step: [101/782], Loss: 0.5452072024345398
Rank:0 Epoch: [7/40], Step: [111/782], Loss: 0.4889754056930542
Rank:0 Epoch: [7/40], Step: [121/782], Loss: 1.037743330001831
Rank:0 Epoch: [7/40], Step: [131/782], Loss: 0.670344889163971
Rank:0 Epoch: [7/40], Step: [141/782], Loss: 0.6184451580047607
Rank:0 Epoch: [7/40], Step: [151/782], Loss: 0.6916942000389099
Rank:0 Epoch: [7/40], Step: [161/782], Loss: 0.7351500988006592
Rank:0 Epoch: [7/40], Step: [171/782], Loss: 0.4212198853492737
Rank:0 Epoch: [7/40], Step: [181/782], Loss: 0.693371057510376
Rank:0 Epoch: [7/40], Step: [191/782], Loss: 0.5955749154090881
Rank:0 Epoch: [7/40], Step: [201/782], Loss: 0.5611976385116577
Rank:0 Epoch: [7/40], Step: [211/782], Loss: 0.7275724411010742
Rank:0 Epoch: [7/40], Step: [221/782], Loss: 1.484222412109375
Rank:0 Epoch: [7/40], Step: [231/782], Loss: 0.7356202006340027
Rank:0 Epoch: [7/40], Step: [241/782], Loss: 0.7925016283988953
Rank:0 Epoch: [7/40], Step: [251/782], Loss: 0.4992019236087799
Rank:0 Epoch: [7/40], Step: [261/782], Loss: 0.5806852579116821
Rank:0 Epoch: [7/40], Step: [271/782], Loss: 0.6878853440284729
Rank:0 Epoch: [7/40], Step: [281/782], Loss: 0.48382532596588135
Rank:0 Epoch: [7/40], Step: [291/782], Loss: 0.6333507895469666
Rank:0 Epoch: [7/40], Step: [301/782], Loss: 0.45738500356674194
Rank:0 Epoch: [7/40], Step: [311/782], Loss: 0.7487291693687439
Rank:0 Epoch: [7/40], Step: [321/782], Loss: 0.3635232746601105
Rank:0 Epoch: [7/40], Step: [331/782], Loss: 0.6349477767944336
Rank:0 Epoch: [7/40], Step: [341/782], Loss: 0.8673149943351746
Rank:0 Epoch: [7/40], Step: [351/782], Loss: 0.5065271854400635
Rank:0 Epoch: [7/40], Step: [361/782], Loss: 0.5788899660110474
Rank:0 Epoch: [7/40], Step: [371/782], Loss: 0.8036015629768372
Rank:0 Epoch: [7/40], Step: [381/782], Loss: 0.3592357635498047
Rank:0 Epoch: [7/40], Step: [391/782], Loss: 0.842298686504364
Rank:0 Epoch: [7/40], Step: [401/782], Loss: 0.751945436000824
Rank:0 Epoch: [7/40], Step: [411/782], Loss: 0.623335063457489
Rank:0 Epoch: [7/40], Step: [421/782], Loss: 0.3901580274105072
Rank:0 Epoch: [7/40], Step: [431/782], Loss: 0.605198085308075
Rank:0 Epoch: [7/40], Step: [441/782], Loss: 0.33979305624961853
Rank:0 Epoch: [7/40], Step: [451/782], Loss: 0.3111615777015686
Rank:0 Epoch: [7/40], Step: [461/782], Loss: 1.0933692455291748
Rank:0 Epoch: [7/40], Step: [471/782], Loss: 0.6757205724716187
Rank:0 Epoch: [7/40], Step: [481/782], Loss: 0.7167699933052063
Rank:0 Epoch: [7/40], Step: [491/782], Loss: 0.7247109413146973
Rank:0 Epoch: [7/40], Step: [501/782], Loss: 0.6684296131134033
Rank:0 Epoch: [7/40], Step: [511/782], Loss: 0.7261448502540588
Rank:0 Epoch: [7/40], Step: [521/782], Loss: 0.5097674131393433
Rank:0 Epoch: [7/40], Step: [531/782], Loss: 0.524222731590271
Rank:0 Epoch: [7/40], Step: [541/782], Loss: 0.6869075894355774
Rank:0 Epoch: [7/40], Step: [551/782], Loss: 0.7790341973304749
Rank:0 Epoch: [7/40], Step: [561/782], Loss: 0.6798246502876282
Rank:0 Epoch: [7/40], Step: [571/782], Loss: 0.6760246753692627
Rank:0 Epoch: [7/40], Step: [581/782], Loss: 0.6977269649505615
Rank:0 Epoch: [7/40], Step: [591/782], Loss: 0.43777957558631897
Rank:0 Epoch: [7/40], Step: [601/782], Loss: 0.5057299137115479
Rank:0 Epoch: [7/40], Step: [611/782], Loss: 0.6473663449287415
Rank:0 Epoch: [7/40], Step: [621/782], Loss: 0.9451690912246704
Rank:0 Epoch: [7/40], Step: [631/782], Loss: 0.5973935127258301
Rank:0 Epoch: [7/40], Step: [641/782], Loss: 1.1231870651245117
Rank:0 Epoch: [7/40], Step: [651/782], Loss: 0.9697669148445129
Rank:0 Epoch: [7/40], Step: [661/782], Loss: 0.4867410361766815
Rank:0 Epoch: [7/40], Step: [671/782], Loss: 0.5163174867630005
Rank:0 Epoch: [7/40], Step: [681/782], Loss: 0.43412917852401733
Rank:0 Epoch: [7/40], Step: [691/782], Loss: 0.8489434719085693
Rank:0 Epoch: [7/40], Step: [701/782], Loss: 0.665855884552002
Rank:0 Epoch: [7/40], Step: [711/782], Loss: 0.9321978092193604
Rank:0 Epoch: [7/40], Step: [721/782], Loss: 0.7030448913574219
Rank:0 Epoch: [7/40], Step: [731/782], Loss: 0.670203447341919
Rank:0 Epoch: [7/40], Step: [741/782], Loss: 0.6600433588027954
Rank:0 Epoch: [7/40], Step: [751/782], Loss: 0.5087074637413025
Rank:0 Epoch: [7/40], Step: [761/782], Loss: 0.5606861710548401
Rank:0 Epoch: [7/40], Step: [771/782], Loss: 0.7664705514907837
Rank:0 Epoch: [7/40], Step: [781/782], Loss: 0.6647159457206726
Current Test Acc: 0.7964
Rank:0 Epoch: [8/40], Step: [1/782], Loss: 0.5992791056632996
Rank:0 Epoch: [8/40], Step: [11/782], Loss: 0.8878051042556763
Rank:0 Epoch: [8/40], Step: [21/782], Loss: 0.5083028674125671
Rank:0 Epoch: [8/40], Step: [31/782], Loss: 0.538566529750824
Rank:0 Epoch: [8/40], Step: [41/782], Loss: 0.6722224950790405
Rank:0 Epoch: [8/40], Step: [51/782], Loss: 0.3145238161087036
Rank:0 Epoch: [8/40], Step: [61/782], Loss: 0.6277595162391663
Rank:0 Epoch: [8/40], Step: [71/782], Loss: 0.8229661583900452
Rank:0 Epoch: [8/40], Step: [81/782], Loss: 0.4750823378562927
Rank:0 Epoch: [8/40], Step: [91/782], Loss: 0.5683332681655884
Rank:0 Epoch: [8/40], Step: [101/782], Loss: 0.5650304555892944
Rank:0 Epoch: [8/40], Step: [111/782], Loss: 0.45950666069984436
Rank:0 Epoch: [8/40], Step: [121/782], Loss: 0.47226062417030334
Rank:0 Epoch: [8/40], Step: [131/782], Loss: 0.48023122549057007
Rank:0 Epoch: [8/40], Step: [141/782], Loss: 0.8347579836845398
Rank:0 Epoch: [8/40], Step: [151/782], Loss: 0.4563955068588257
Rank:0 Epoch: [8/40], Step: [161/782], Loss: 0.6277210116386414
Rank:0 Epoch: [8/40], Step: [171/782], Loss: 0.5040724873542786
Rank:0 Epoch: [8/40], Step: [181/782], Loss: 0.585120677947998
Rank:0 Epoch: [8/40], Step: [191/782], Loss: 0.4686974883079529
Rank:0 Epoch: [8/40], Step: [201/782], Loss: 0.5082848072052002
Rank:0 Epoch: [8/40], Step: [211/782], Loss: 0.7297743558883667
Rank:0 Epoch: [8/40], Step: [221/782], Loss: 0.42490893602371216
Rank:0 Epoch: [8/40], Step: [231/782], Loss: 0.6202630996704102
Rank:0 Epoch: [8/40], Step: [241/782], Loss: 0.676530659198761
Rank:0 Epoch: [8/40], Step: [251/782], Loss: 0.5218874216079712
Rank:0 Epoch: [8/40], Step: [261/782], Loss: 0.33439871668815613
Rank:0 Epoch: [8/40], Step: [271/782], Loss: 0.7025882601737976
Rank:0 Epoch: [8/40], Step: [281/782], Loss: 0.47160616517066956
Rank:0 Epoch: [8/40], Step: [291/782], Loss: 0.6886838674545288
Rank:0 Epoch: [8/40], Step: [301/782], Loss: 0.4663028120994568
Rank:0 Epoch: [8/40], Step: [311/782], Loss: 0.3579442799091339
Rank:0 Epoch: [8/40], Step: [321/782], Loss: 0.48360610008239746
Rank:0 Epoch: [8/40], Step: [331/782], Loss: 0.3840789198875427
Rank:0 Epoch: [8/40], Step: [341/782], Loss: 0.6541720032691956
Rank:0 Epoch: [8/40], Step: [351/782], Loss: 0.6651081442832947
Rank:0 Epoch: [8/40], Step: [361/782], Loss: 0.5077278017997742
Rank:0 Epoch: [8/40], Step: [371/782], Loss: 0.5038754343986511
Rank:0 Epoch: [8/40], Step: [381/782], Loss: 0.4216187596321106
Rank:0 Epoch: [8/40], Step: [391/782], Loss: 0.512032687664032
Rank:0 Epoch: [8/40], Step: [401/782], Loss: 0.6344178915023804
Rank:0 Epoch: [8/40], Step: [411/782], Loss: 0.44191011786460876
Rank:0 Epoch: [8/40], Step: [421/782], Loss: 0.38598886132240295
Rank:0 Epoch: [8/40], Step: [431/782], Loss: 0.384865403175354
Rank:0 Epoch: [8/40], Step: [441/782], Loss: 0.8345116376876831
Rank:0 Epoch: [8/40], Step: [451/782], Loss: 0.8074326515197754
Rank:0 Epoch: [8/40], Step: [461/782], Loss: 0.6830295920372009
Rank:0 Epoch: [8/40], Step: [471/782], Loss: 0.57010817527771
Rank:0 Epoch: [8/40], Step: [481/782], Loss: 0.6622107625007629
Rank:0 Epoch: [8/40], Step: [491/782], Loss: 0.7132951617240906
Rank:0 Epoch: [8/40], Step: [501/782], Loss: 0.5251961946487427
Rank:0 Epoch: [8/40], Step: [511/782], Loss: 0.36053234338760376
Rank:0 Epoch: [8/40], Step: [521/782], Loss: 0.685164213180542
Rank:0 Epoch: [8/40], Step: [531/782], Loss: 0.8959808349609375
Rank:0 Epoch: [8/40], Step: [541/782], Loss: 0.5432210564613342
Rank:0 Epoch: [8/40], Step: [551/782], Loss: 0.6820351481437683
Rank:0 Epoch: [8/40], Step: [561/782], Loss: 0.5418466925621033
Rank:0 Epoch: [8/40], Step: [571/782], Loss: 0.5505006313323975
Rank:0 Epoch: [8/40], Step: [581/782], Loss: 0.6692306995391846
Rank:0 Epoch: [8/40], Step: [591/782], Loss: 0.7605586647987366
Rank:0 Epoch: [8/40], Step: [601/782], Loss: 0.4231339693069458
Rank:0 Epoch: [8/40], Step: [611/782], Loss: 0.5877624750137329
Rank:0 Epoch: [8/40], Step: [621/782], Loss: 0.4327300488948822
Rank:0 Epoch: [8/40], Step: [631/782], Loss: 0.6420585513114929
Rank:0 Epoch: [8/40], Step: [641/782], Loss: 0.8678958415985107
Rank:0 Epoch: [8/40], Step: [651/782], Loss: 0.44332051277160645
Rank:0 Epoch: [8/40], Step: [661/782], Loss: 0.6637842059135437
Rank:0 Epoch: [8/40], Step: [671/782], Loss: 0.6033229231834412
Rank:0 Epoch: [8/40], Step: [681/782], Loss: 0.6453844308853149
Rank:0 Epoch: [8/40], Step: [691/782], Loss: 1.0717142820358276
Rank:0 Epoch: [8/40], Step: [701/782], Loss: 0.5912396311759949
Rank:0 Epoch: [8/40], Step: [711/782], Loss: 0.4671979546546936
Rank:0 Epoch: [8/40], Step: [721/782], Loss: 0.6236910223960876
Rank:0 Epoch: [8/40], Step: [731/782], Loss: 0.5176004767417908
Rank:0 Epoch: [8/40], Step: [741/782], Loss: 0.6029270887374878
Rank:0 Epoch: [8/40], Step: [751/782], Loss: 0.5467238426208496
Rank:0 Epoch: [8/40], Step: [761/782], Loss: 0.5266036987304688
Rank:0 Epoch: [8/40], Step: [771/782], Loss: 0.508333683013916
Rank:0 Epoch: [8/40], Step: [781/782], Loss: 0.40184858441352844
Current Test Acc: 0.8336
Rank:0 Epoch: [9/40], Step: [1/782], Loss: 0.47942888736724854
Rank:0 Epoch: [9/40], Step: [11/782], Loss: 0.3498207628726959
Rank:0 Epoch: [9/40], Step: [21/782], Loss: 0.40253835916519165
Rank:0 Epoch: [9/40], Step: [31/782], Loss: 0.8001914620399475
Rank:0 Epoch: [9/40], Step: [41/782], Loss: 0.6028778553009033
Rank:0 Epoch: [9/40], Step: [51/782], Loss: 0.6321978569030762
Rank:0 Epoch: [9/40], Step: [61/782], Loss: 0.4067671597003937
Rank:0 Epoch: [9/40], Step: [71/782], Loss: 1.0376311540603638
Rank:0 Epoch: [9/40], Step: [81/782], Loss: 0.6237069368362427
Rank:0 Epoch: [9/40], Step: [91/782], Loss: 0.5275354385375977
Rank:0 Epoch: [9/40], Step: [101/782], Loss: 0.4062075912952423
Rank:0 Epoch: [9/40], Step: [111/782], Loss: 0.6914345026016235
Rank:0 Epoch: [9/40], Step: [121/782], Loss: 0.6528423428535461
Rank:0 Epoch: [9/40], Step: [131/782], Loss: 0.46528515219688416
Rank:0 Epoch: [9/40], Step: [141/782], Loss: 0.4503898322582245
Rank:0 Epoch: [9/40], Step: [151/782], Loss: 0.39611828327178955
Rank:0 Epoch: [9/40], Step: [161/782], Loss: 0.55237877368927
Rank:0 Epoch: [9/40], Step: [171/782], Loss: 0.479455828666687
Rank:0 Epoch: [9/40], Step: [181/782], Loss: 0.4535852074623108
Rank:0 Epoch: [9/40], Step: [191/782], Loss: 0.7036609649658203
Rank:0 Epoch: [9/40], Step: [201/782], Loss: 0.5525062084197998
Rank:0 Epoch: [9/40], Step: [211/782], Loss: 0.6124457716941833
Rank:0 Epoch: [9/40], Step: [221/782], Loss: 0.49178561568260193
Rank:0 Epoch: [9/40], Step: [231/782], Loss: 0.3449573814868927
Rank:0 Epoch: [9/40], Step: [241/782], Loss: 0.9162834882736206
Rank:0 Epoch: [9/40], Step: [251/782], Loss: 0.5392420291900635
Rank:0 Epoch: [9/40], Step: [261/782], Loss: 0.6026487350463867
Rank:0 Epoch: [9/40], Step: [271/782], Loss: 0.5422346591949463
Rank:0 Epoch: [9/40], Step: [281/782], Loss: 0.7001039385795593
Rank:0 Epoch: [9/40], Step: [291/782], Loss: 0.4202766418457031
Rank:0 Epoch: [9/40], Step: [301/782], Loss: 0.7884230017662048
Rank:0 Epoch: [9/40], Step: [311/782], Loss: 0.4935580790042877
Rank:0 Epoch: [9/40], Step: [321/782], Loss: 0.5302584767341614
Rank:0 Epoch: [9/40], Step: [331/782], Loss: 0.4373212158679962
Rank:0 Epoch: [9/40], Step: [341/782], Loss: 0.8742685317993164
Rank:0 Epoch: [9/40], Step: [351/782], Loss: 0.718731164932251
Rank:0 Epoch: [9/40], Step: [361/782], Loss: 0.7529441714286804
Rank:0 Epoch: [9/40], Step: [371/782], Loss: 0.3706052303314209
Rank:0 Epoch: [9/40], Step: [381/782], Loss: 0.44721779227256775
Rank:0 Epoch: [9/40], Step: [391/782], Loss: 0.5591856837272644
Rank:0 Epoch: [9/40], Step: [401/782], Loss: 0.42180347442626953
Rank:0 Epoch: [9/40], Step: [411/782], Loss: 0.5524296760559082
Rank:0 Epoch: [9/40], Step: [421/782], Loss: 0.41316038370132446
Rank:0 Epoch: [9/40], Step: [431/782], Loss: 0.7055640816688538
Rank:0 Epoch: [9/40], Step: [441/782], Loss: 0.5354800820350647
Rank:0 Epoch: [9/40], Step: [451/782], Loss: 0.49066585302352905
Rank:0 Epoch: [9/40], Step: [461/782], Loss: 0.4686722457408905
Rank:0 Epoch: [9/40], Step: [471/782], Loss: 0.46240970492362976
Rank:0 Epoch: [9/40], Step: [481/782], Loss: 0.5271664261817932
Rank:0 Epoch: [9/40], Step: [491/782], Loss: 0.5625622272491455
Rank:0 Epoch: [9/40], Step: [501/782], Loss: 0.4527833163738251
Rank:0 Epoch: [9/40], Step: [511/782], Loss: 0.5092765092849731
Rank:0 Epoch: [9/40], Step: [521/782], Loss: 0.595652163028717
Rank:0 Epoch: [9/40], Step: [531/782], Loss: 0.6391392350196838
Rank:0 Epoch: [9/40], Step: [541/782], Loss: 0.7152538299560547
Rank:0 Epoch: [9/40], Step: [551/782], Loss: 1.1049398183822632
Rank:0 Epoch: [9/40], Step: [561/782], Loss: 0.70794677734375
Rank:0 Epoch: [9/40], Step: [571/782], Loss: 0.32559826970100403
Rank:0 Epoch: [9/40], Step: [581/782], Loss: 0.6958730816841125
Rank:0 Epoch: [9/40], Step: [591/782], Loss: 0.4871383607387543
Rank:0 Epoch: [9/40], Step: [601/782], Loss: 0.6042364835739136
Rank:0 Epoch: [9/40], Step: [611/782], Loss: 0.41021931171417236
Rank:0 Epoch: [9/40], Step: [621/782], Loss: 0.5721385478973389
Rank:0 Epoch: [9/40], Step: [631/782], Loss: 0.4821382164955139
Rank:0 Epoch: [9/40], Step: [641/782], Loss: 0.539749264717102
Rank:0 Epoch: [9/40], Step: [651/782], Loss: 0.48521921038627625
Rank:0 Epoch: [9/40], Step: [661/782], Loss: 0.37995490431785583
Rank:0 Epoch: [9/40], Step: [671/782], Loss: 0.6405914425849915
Rank:0 Epoch: [9/40], Step: [681/782], Loss: 0.8709794282913208
Rank:0 Epoch: [9/40], Step: [691/782], Loss: 0.5441230535507202
Rank:0 Epoch: [9/40], Step: [701/782], Loss: 0.5458890795707703
Rank:0 Epoch: [9/40], Step: [711/782], Loss: 0.807590901851654
Rank:0 Epoch: [9/40], Step: [721/782], Loss: 0.42169058322906494
Rank:0 Epoch: [9/40], Step: [731/782], Loss: 0.6064541935920715
Rank:0 Epoch: [9/40], Step: [741/782], Loss: 0.6179580688476562
Rank:0 Epoch: [9/40], Step: [751/782], Loss: 0.5847676396369934
Rank:0 Epoch: [9/40], Step: [761/782], Loss: 0.34079045057296753
Rank:0 Epoch: [9/40], Step: [771/782], Loss: 0.5457468628883362
Rank:0 Epoch: [9/40], Step: [781/782], Loss: 1.1603052616119385
Current Test Acc: 0.8178
Rank:0 Epoch: [10/40], Step: [1/782], Loss: 0.7191904187202454
Rank:0 Epoch: [10/40], Step: [11/782], Loss: 0.48520293831825256
Rank:0 Epoch: [10/40], Step: [21/782], Loss: 0.4476824104785919
Rank:0 Epoch: [10/40], Step: [31/782], Loss: 0.6168439984321594
Rank:0 Epoch: [10/40], Step: [41/782], Loss: 0.6183840036392212
Rank:0 Epoch: [10/40], Step: [51/782], Loss: 0.621769368648529
Rank:0 Epoch: [10/40], Step: [61/782], Loss: 0.4886207580566406
Rank:0 Epoch: [10/40], Step: [71/782], Loss: 0.36581650376319885
Rank:0 Epoch: [10/40], Step: [81/782], Loss: 0.3345195949077606
Rank:0 Epoch: [10/40], Step: [91/782], Loss: 0.5576887726783752
Rank:0 Epoch: [10/40], Step: [101/782], Loss: 0.5350732803344727
Rank:0 Epoch: [10/40], Step: [111/782], Loss: 0.508898913860321
Rank:0 Epoch: [10/40], Step: [121/782], Loss: 0.37370041012763977
Rank:0 Epoch: [10/40], Step: [131/782], Loss: 0.3701857924461365
Rank:0 Epoch: [10/40], Step: [141/782], Loss: 0.4210145175457001
Rank:0 Epoch: [10/40], Step: [151/782], Loss: 0.3811178207397461
Rank:0 Epoch: [10/40], Step: [161/782], Loss: 0.44670942425727844
Rank:0 Epoch: [10/40], Step: [171/782], Loss: 0.45888519287109375
Rank:0 Epoch: [10/40], Step: [181/782], Loss: 0.5571410655975342
Rank:0 Epoch: [10/40], Step: [191/782], Loss: 0.6157406568527222
Rank:0 Epoch: [10/40], Step: [201/782], Loss: 0.6554697751998901
Rank:0 Epoch: [10/40], Step: [211/782], Loss: 0.8865422010421753
Rank:0 Epoch: [10/40], Step: [221/782], Loss: 0.5349239110946655
Rank:0 Epoch: [10/40], Step: [231/782], Loss: 0.5119286775588989
Rank:0 Epoch: [10/40], Step: [241/782], Loss: 0.42143794894218445
Rank:0 Epoch: [10/40], Step: [251/782], Loss: 0.827053427696228
Rank:0 Epoch: [10/40], Step: [261/782], Loss: 0.3899960517883301
Rank:0 Epoch: [10/40], Step: [271/782], Loss: 0.3924586772918701
Rank:0 Epoch: [10/40], Step: [281/782], Loss: 0.5773414373397827
Rank:0 Epoch: [10/40], Step: [291/782], Loss: 0.3547966480255127
Rank:0 Epoch: [10/40], Step: [301/782], Loss: 0.6120579838752747
Rank:0 Epoch: [10/40], Step: [311/782], Loss: 0.43943166732788086
Rank:0 Epoch: [10/40], Step: [321/782], Loss: 0.5796033143997192
Rank:0 Epoch: [10/40], Step: [331/782], Loss: 0.6132899522781372
Rank:0 Epoch: [10/40], Step: [341/782], Loss: 0.49905121326446533
Rank:0 Epoch: [10/40], Step: [351/782], Loss: 0.5558450818061829
Rank:0 Epoch: [10/40], Step: [361/782], Loss: 0.2293015569448471
Rank:0 Epoch: [10/40], Step: [371/782], Loss: 0.39791664481163025
Rank:0 Epoch: [10/40], Step: [381/782], Loss: 0.9251506924629211
Rank:0 Epoch: [10/40], Step: [391/782], Loss: 0.7647290229797363
Rank:0 Epoch: [10/40], Step: [401/782], Loss: 0.560830295085907
Rank:0 Epoch: [10/40], Step: [411/782], Loss: 0.895376443862915
Rank:0 Epoch: [10/40], Step: [421/782], Loss: 0.5270660519599915
Rank:0 Epoch: [10/40], Step: [431/782], Loss: 0.445932000875473
Rank:0 Epoch: [10/40], Step: [441/782], Loss: 0.3620677590370178
Rank:0 Epoch: [10/40], Step: [451/782], Loss: 0.39254534244537354
Rank:0 Epoch: [10/40], Step: [461/782], Loss: 1.060982584953308
Rank:0 Epoch: [10/40], Step: [471/782], Loss: 0.7319712042808533
Rank:0 Epoch: [10/40], Step: [481/782], Loss: 0.8272009491920471
Rank:0 Epoch: [10/40], Step: [491/782], Loss: 0.5878667235374451
Rank:0 Epoch: [10/40], Step: [501/782], Loss: 0.44445836544036865
Rank:0 Epoch: [10/40], Step: [511/782], Loss: 0.3842276334762573
Rank:0 Epoch: [10/40], Step: [521/782], Loss: 0.6126059293746948
Rank:0 Epoch: [10/40], Step: [531/782], Loss: 0.8001279830932617
Rank:0 Epoch: [10/40], Step: [541/782], Loss: 0.5106154680252075
Rank:0 Epoch: [10/40], Step: [551/782], Loss: 0.7191011905670166
Rank:0 Epoch: [10/40], Step: [561/782], Loss: 0.6125155687332153
Rank:0 Epoch: [10/40], Step: [571/782], Loss: 0.5706226229667664
Rank:0 Epoch: [10/40], Step: [581/782], Loss: 0.46369749307632446
Rank:0 Epoch: [10/40], Step: [591/782], Loss: 0.5728254318237305
Rank:0 Epoch: [10/40], Step: [601/782], Loss: 0.5246179103851318
Rank:0 Epoch: [10/40], Step: [611/782], Loss: 0.5725971460342407
Rank:0 Epoch: [10/40], Step: [621/782], Loss: 0.8034766912460327
Rank:0 Epoch: [10/40], Step: [631/782], Loss: 0.7401376962661743
Rank:0 Epoch: [10/40], Step: [641/782], Loss: 0.6025153398513794
Rank:0 Epoch: [10/40], Step: [651/782], Loss: 0.7925208806991577
Rank:0 Epoch: [10/40], Step: [661/782], Loss: 0.6587730646133423
Rank:0 Epoch: [10/40], Step: [671/782], Loss: 0.6228443384170532
Rank:0 Epoch: [10/40], Step: [681/782], Loss: 0.5312711000442505
Rank:0 Epoch: [10/40], Step: [691/782], Loss: 0.6127095222473145
Rank:0 Epoch: [10/40], Step: [701/782], Loss: 0.5833015441894531
Rank:0 Epoch: [10/40], Step: [711/782], Loss: 0.3751811683177948
Rank:0 Epoch: [10/40], Step: [721/782], Loss: 0.5393287539482117
Rank:0 Epoch: [10/40], Step: [731/782], Loss: 0.4024306535720825
Rank:0 Epoch: [10/40], Step: [741/782], Loss: 0.5440906882286072
Rank:0 Epoch: [10/40], Step: [751/782], Loss: 0.47287946939468384
Rank:0 Epoch: [10/40], Step: [761/782], Loss: 0.36582788825035095
Rank:0 Epoch: [10/40], Step: [771/782], Loss: 0.6423061490058899
Rank:0 Epoch: [10/40], Step: [781/782], Loss: 0.4447982609272003
Current Test Acc: 0.8392
Rank:0 Epoch: [11/40], Step: [1/782], Loss: 0.41856497526168823
Rank:0 Epoch: [11/40], Step: [11/782], Loss: 0.4299124479293823
Rank:0 Epoch: [11/40], Step: [21/782], Loss: 0.4647594094276428
Rank:0 Epoch: [11/40], Step: [31/782], Loss: 0.38569024205207825
Rank:0 Epoch: [11/40], Step: [41/782], Loss: 0.41043952107429504
Rank:0 Epoch: [11/40], Step: [51/782], Loss: 0.42971378564834595
Rank:0 Epoch: [11/40], Step: [61/782], Loss: 0.4584276080131531
Rank:0 Epoch: [11/40], Step: [71/782], Loss: 0.4811139702796936
Rank:0 Epoch: [11/40], Step: [81/782], Loss: 0.3742213249206543
Rank:0 Epoch: [11/40], Step: [91/782], Loss: 0.3544827103614807
Rank:0 Epoch: [11/40], Step: [101/782], Loss: 0.6116452217102051
Rank:0 Epoch: [11/40], Step: [111/782], Loss: 0.3400132954120636
Rank:0 Epoch: [11/40], Step: [121/782], Loss: 0.41605666279792786
Rank:0 Epoch: [11/40], Step: [131/782], Loss: 0.6569746136665344
Rank:0 Epoch: [11/40], Step: [141/782], Loss: 0.668540358543396
Rank:0 Epoch: [11/40], Step: [151/782], Loss: 0.5549383163452148
Rank:0 Epoch: [11/40], Step: [161/782], Loss: 1.246612310409546
Rank:0 Epoch: [11/40], Step: [171/782], Loss: 0.44497135281562805
Rank:0 Epoch: [11/40], Step: [181/782], Loss: 0.6341641545295715
Rank:0 Epoch: [11/40], Step: [191/782], Loss: 0.4641153812408447
Rank:0 Epoch: [11/40], Step: [201/782], Loss: 0.6603497266769409
Rank:0 Epoch: [11/40], Step: [211/782], Loss: 0.5457533597946167
Rank:0 Epoch: [11/40], Step: [221/782], Loss: 0.4462010860443115
Rank:0 Epoch: [11/40], Step: [231/782], Loss: 0.766649603843689
Rank:0 Epoch: [11/40], Step: [241/782], Loss: 0.5499628186225891
Rank:0 Epoch: [11/40], Step: [251/782], Loss: 0.43088284134864807
Rank:0 Epoch: [11/40], Step: [261/782], Loss: 0.5277951955795288
Rank:0 Epoch: [11/40], Step: [271/782], Loss: 0.33890271186828613
Rank:0 Epoch: [11/40], Step: [281/782], Loss: 0.2915692627429962
Rank:0 Epoch: [11/40], Step: [291/782], Loss: 0.4410064220428467
Rank:0 Epoch: [11/40], Step: [301/782], Loss: 0.39177021384239197
Rank:0 Epoch: [11/40], Step: [311/782], Loss: 0.42837443947792053
Rank:0 Epoch: [11/40], Step: [321/782], Loss: 0.5555595755577087
Rank:0 Epoch: [11/40], Step: [331/782], Loss: 0.6516669392585754
Rank:0 Epoch: [11/40], Step: [341/782], Loss: 0.5347831845283508
Rank:0 Epoch: [11/40], Step: [351/782], Loss: 0.9571558833122253
Rank:0 Epoch: [11/40], Step: [361/782], Loss: 0.4225572943687439
Rank:0 Epoch: [11/40], Step: [371/782], Loss: 0.496357262134552
Rank:0 Epoch: [11/40], Step: [381/782], Loss: 0.4302668869495392
Rank:0 Epoch: [11/40], Step: [391/782], Loss: 0.5148811936378479
Rank:0 Epoch: [11/40], Step: [401/782], Loss: 0.2816595435142517
Rank:0 Epoch: [11/40], Step: [411/782], Loss: 0.457014799118042
Rank:0 Epoch: [11/40], Step: [421/782], Loss: 0.4647369384765625
Rank:0 Epoch: [11/40], Step: [431/782], Loss: 0.4090908467769623
Rank:0 Epoch: [11/40], Step: [441/782], Loss: 0.4481230080127716
Rank:0 Epoch: [11/40], Step: [451/782], Loss: 0.44281521439552307
Rank:0 Epoch: [11/40], Step: [461/782], Loss: 0.5944979786872864
Rank:0 Epoch: [11/40], Step: [471/782], Loss: 0.6951950192451477
Rank:0 Epoch: [11/40], Step: [481/782], Loss: 0.46581411361694336
Rank:0 Epoch: [11/40], Step: [491/782], Loss: 0.7881461977958679
Rank:0 Epoch: [11/40], Step: [501/782], Loss: 0.6541706919670105
Rank:0 Epoch: [11/40], Step: [511/782], Loss: 0.7176691889762878
Rank:0 Epoch: [11/40], Step: [521/782], Loss: 0.4458126127719879
Rank:0 Epoch: [11/40], Step: [531/782], Loss: 0.5130100846290588
Rank:0 Epoch: [11/40], Step: [541/782], Loss: 0.4047604501247406
Rank:0 Epoch: [11/40], Step: [551/782], Loss: 0.5386390089988708
Rank:0 Epoch: [11/40], Step: [561/782], Loss: 0.37638503313064575
Rank:0 Epoch: [11/40], Step: [571/782], Loss: 0.607750415802002
Rank:0 Epoch: [11/40], Step: [581/782], Loss: 0.7642600536346436
Rank:0 Epoch: [11/40], Step: [591/782], Loss: 0.3949626386165619
Rank:0 Epoch: [11/40], Step: [601/782], Loss: 0.40143468976020813
Rank:0 Epoch: [11/40], Step: [611/782], Loss: 0.5897381901741028
Rank:0 Epoch: [11/40], Step: [621/782], Loss: 0.7958703637123108
Rank:0 Epoch: [11/40], Step: [631/782], Loss: 0.9290034174919128
Rank:0 Epoch: [11/40], Step: [641/782], Loss: 0.5021879076957703
Rank:0 Epoch: [11/40], Step: [651/782], Loss: 0.6885764002799988
Rank:0 Epoch: [11/40], Step: [661/782], Loss: 0.6574639081954956
Rank:0 Epoch: [11/40], Step: [671/782], Loss: 0.8684880137443542
Rank:0 Epoch: [11/40], Step: [681/782], Loss: 0.7239912152290344
Rank:0 Epoch: [11/40], Step: [691/782], Loss: 0.5489685535430908
Rank:0 Epoch: [11/40], Step: [701/782], Loss: 1.1786319017410278
Rank:0 Epoch: [11/40], Step: [711/782], Loss: 0.6055732369422913
Rank:0 Epoch: [11/40], Step: [721/782], Loss: 0.488161563873291
Rank:0 Epoch: [11/40], Step: [731/782], Loss: 0.4300270080566406
Rank:0 Epoch: [11/40], Step: [741/782], Loss: 0.46255651116371155
Rank:0 Epoch: [11/40], Step: [751/782], Loss: 0.3655868470668793
Rank:0 Epoch: [11/40], Step: [761/782], Loss: 0.6336158514022827
Rank:0 Epoch: [11/40], Step: [771/782], Loss: 0.44547683000564575
Rank:0 Epoch: [11/40], Step: [781/782], Loss: 0.5023828148841858
Current Test Acc: 0.8408
Rank:0 Epoch: [12/40], Step: [1/782], Loss: 0.6458775997161865
Rank:0 Epoch: [12/40], Step: [11/782], Loss: 0.5972356200218201
Rank:0 Epoch: [12/40], Step: [21/782], Loss: 0.44393429160118103
Rank:0 Epoch: [12/40], Step: [31/782], Loss: 0.44116660952568054
Rank:0 Epoch: [12/40], Step: [41/782], Loss: 0.769791305065155
Rank:0 Epoch: [12/40], Step: [51/782], Loss: 0.8243945240974426
Rank:0 Epoch: [12/40], Step: [61/782], Loss: 0.3984587490558624
Rank:0 Epoch: [12/40], Step: [71/782], Loss: 0.45934879779815674
Rank:0 Epoch: [12/40], Step: [81/782], Loss: 0.27312415838241577
Rank:0 Epoch: [12/40], Step: [91/782], Loss: 0.5452595353126526
Rank:0 Epoch: [12/40], Step: [101/782], Loss: 0.3157828450202942
Rank:0 Epoch: [12/40], Step: [111/782], Loss: 0.5792204141616821
Rank:0 Epoch: [12/40], Step: [121/782], Loss: 0.6966207027435303
Rank:0 Epoch: [12/40], Step: [131/782], Loss: 0.8431892991065979
Rank:0 Epoch: [12/40], Step: [141/782], Loss: 0.31191182136535645
Rank:0 Epoch: [12/40], Step: [151/782], Loss: 0.5842810273170471
Rank:0 Epoch: [12/40], Step: [161/782], Loss: 0.4022953510284424
Rank:0 Epoch: [12/40], Step: [171/782], Loss: 0.4360676109790802
Rank:0 Epoch: [12/40], Step: [181/782], Loss: 0.47422823309898376
Rank:0 Epoch: [12/40], Step: [191/782], Loss: 0.41875097155570984
Rank:0 Epoch: [12/40], Step: [201/782], Loss: 0.29765480756759644
Rank:0 Epoch: [12/40], Step: [211/782], Loss: 0.3490634858608246
Rank:0 Epoch: [12/40], Step: [221/782], Loss: 0.5324607491493225
Rank:0 Epoch: [12/40], Step: [231/782], Loss: 0.41324710845947266
Rank:0 Epoch: [12/40], Step: [241/782], Loss: 0.5259714722633362
Rank:0 Epoch: [12/40], Step: [251/782], Loss: 0.5878856182098389
Rank:0 Epoch: [12/40], Step: [261/782], Loss: 0.5848554968833923
Rank:0 Epoch: [12/40], Step: [271/782], Loss: 0.6268774271011353
Rank:0 Epoch: [12/40], Step: [281/782], Loss: 0.6528814435005188
Rank:0 Epoch: [12/40], Step: [291/782], Loss: 0.5369489789009094
Rank:0 Epoch: [12/40], Step: [301/782], Loss: 0.6567787528038025
Rank:0 Epoch: [12/40], Step: [311/782], Loss: 0.5641452670097351
Rank:0 Epoch: [12/40], Step: [321/782], Loss: 0.4624931514263153
Rank:0 Epoch: [12/40], Step: [331/782], Loss: 0.6178821325302124
Rank:0 Epoch: [12/40], Step: [341/782], Loss: 0.41830697655677795
Rank:0 Epoch: [12/40], Step: [351/782], Loss: 0.6566131114959717
Rank:0 Epoch: [12/40], Step: [361/782], Loss: 0.9999468326568604
Rank:0 Epoch: [12/40], Step: [371/782], Loss: 0.5560062527656555
Rank:0 Epoch: [12/40], Step: [381/782], Loss: 0.5571909546852112
Rank:0 Epoch: [12/40], Step: [391/782], Loss: 0.5162056684494019
Rank:0 Epoch: [12/40], Step: [401/782], Loss: 0.3965909481048584
Rank:0 Epoch: [12/40], Step: [411/782], Loss: 0.7595131993293762
Rank:0 Epoch: [12/40], Step: [421/782], Loss: 0.559278130531311
Rank:0 Epoch: [12/40], Step: [431/782], Loss: 0.8231304287910461
Rank:0 Epoch: [12/40], Step: [441/782], Loss: 0.6705889701843262
Rank:0 Epoch: [12/40], Step: [451/782], Loss: 0.5125432014465332
Rank:0 Epoch: [12/40], Step: [461/782], Loss: 0.36988818645477295
Rank:0 Epoch: [12/40], Step: [471/782], Loss: 0.4527400732040405
Rank:0 Epoch: [12/40], Step: [481/782], Loss: 0.5300561189651489
Rank:0 Epoch: [12/40], Step: [491/782], Loss: 0.8262383341789246
Rank:0 Epoch: [12/40], Step: [501/782], Loss: 0.5692102909088135
Rank:0 Epoch: [12/40], Step: [511/782], Loss: 0.4770956039428711
Rank:0 Epoch: [12/40], Step: [521/782], Loss: 0.715748131275177
Rank:0 Epoch: [12/40], Step: [531/782], Loss: 0.5344619154930115
Rank:0 Epoch: [12/40], Step: [541/782], Loss: 0.3436718285083771
Rank:0 Epoch: [12/40], Step: [551/782], Loss: 0.7811387777328491
Rank:0 Epoch: [12/40], Step: [561/782], Loss: 0.5037511587142944
Rank:0 Epoch: [12/40], Step: [571/782], Loss: 0.41657280921936035
Rank:0 Epoch: [12/40], Step: [581/782], Loss: 0.5766099095344543
Rank:0 Epoch: [12/40], Step: [591/782], Loss: 0.49526533484458923
Rank:0 Epoch: [12/40], Step: [601/782], Loss: 0.4386122226715088
Rank:0 Epoch: [12/40], Step: [611/782], Loss: 0.29943394660949707
Rank:0 Epoch: [12/40], Step: [621/782], Loss: 0.4032451808452606
Rank:0 Epoch: [12/40], Step: [631/782], Loss: 0.4558394253253937
Rank:0 Epoch: [12/40], Step: [641/782], Loss: 0.4888756573200226
Rank:0 Epoch: [12/40], Step: [651/782], Loss: 0.5301549434661865
Rank:0 Epoch: [12/40], Step: [661/782], Loss: 0.3649216592311859
Rank:0 Epoch: [12/40], Step: [671/782], Loss: 0.6696763634681702
Rank:0 Epoch: [12/40], Step: [681/782], Loss: 0.3693888783454895
Rank:0 Epoch: [12/40], Step: [691/782], Loss: 0.42828282713890076
Rank:0 Epoch: [12/40], Step: [701/782], Loss: 0.5280421376228333
Rank:0 Epoch: [12/40], Step: [711/782], Loss: 0.8088915348052979
Rank:0 Epoch: [12/40], Step: [721/782], Loss: 0.4288957118988037
Rank:0 Epoch: [12/40], Step: [731/782], Loss: 0.6193787455558777
Rank:0 Epoch: [12/40], Step: [741/782], Loss: 0.3678283393383026
Rank:0 Epoch: [12/40], Step: [751/782], Loss: 0.7358092069625854
Rank:0 Epoch: [12/40], Step: [761/782], Loss: 0.5276098847389221
Rank:0 Epoch: [12/40], Step: [771/782], Loss: 0.5810577869415283
Rank:0 Epoch: [12/40], Step: [781/782], Loss: 0.561064600944519
Current Test Acc: 0.856
Rank:0 Epoch: [13/40], Step: [1/782], Loss: 0.8391121625900269
Rank:0 Epoch: [13/40], Step: [11/782], Loss: 0.35104063153266907
Rank:0 Epoch: [13/40], Step: [21/782], Loss: 0.744282603263855
Rank:0 Epoch: [13/40], Step: [31/782], Loss: 0.8198909759521484
Rank:0 Epoch: [13/40], Step: [41/782], Loss: 0.28478795289993286
Rank:0 Epoch: [13/40], Step: [51/782], Loss: 0.5247457027435303
Rank:0 Epoch: [13/40], Step: [61/782], Loss: 0.4343195855617523
Rank:0 Epoch: [13/40], Step: [71/782], Loss: 0.6370411515235901
Rank:0 Epoch: [13/40], Step: [81/782], Loss: 0.5907055139541626
Rank:0 Epoch: [13/40], Step: [91/782], Loss: 0.5295146107673645
Rank:0 Epoch: [13/40], Step: [101/782], Loss: 0.45268070697784424
Rank:0 Epoch: [13/40], Step: [111/782], Loss: 0.4670105278491974
Rank:0 Epoch: [13/40], Step: [121/782], Loss: 0.433971107006073
Rank:0 Epoch: [13/40], Step: [131/782], Loss: 0.6973519921302795
Rank:0 Epoch: [13/40], Step: [141/782], Loss: 0.38981667160987854
Rank:0 Epoch: [13/40], Step: [151/782], Loss: 0.4715009033679962
Rank:0 Epoch: [13/40], Step: [161/782], Loss: 0.4055763781070709
Rank:0 Epoch: [13/40], Step: [171/782], Loss: 0.46808913350105286
Rank:0 Epoch: [13/40], Step: [181/782], Loss: 0.42450398206710815
Rank:0 Epoch: [13/40], Step: [191/782], Loss: 0.41475027799606323
Rank:0 Epoch: [13/40], Step: [201/782], Loss: 0.4219222366809845
Rank:0 Epoch: [13/40], Step: [211/782], Loss: 0.6172689199447632
Rank:0 Epoch: [13/40], Step: [221/782], Loss: 0.43237215280532837
Rank:0 Epoch: [13/40], Step: [231/782], Loss: 0.5101218819618225
Rank:0 Epoch: [13/40], Step: [241/782], Loss: 0.7263599038124084
Rank:0 Epoch: [13/40], Step: [251/782], Loss: 0.362937331199646
Rank:0 Epoch: [13/40], Step: [261/782], Loss: 1.006874918937683
Rank:0 Epoch: [13/40], Step: [271/782], Loss: 0.5774465203285217
Rank:0 Epoch: [13/40], Step: [281/782], Loss: 0.5311121344566345
Rank:0 Epoch: [13/40], Step: [291/782], Loss: 0.639726459980011
Rank:0 Epoch: [13/40], Step: [301/782], Loss: 0.4479703903198242
Rank:0 Epoch: [13/40], Step: [311/782], Loss: 0.5654040575027466
Rank:0 Epoch: [13/40], Step: [321/782], Loss: 0.7181848287582397
Rank:0 Epoch: [13/40], Step: [331/782], Loss: 0.6870291829109192
Rank:0 Epoch: [13/40], Step: [341/782], Loss: 0.4282733201980591
Rank:0 Epoch: [13/40], Step: [351/782], Loss: 1.053929090499878
Rank:0 Epoch: [13/40], Step: [361/782], Loss: 0.4287474751472473
Rank:0 Epoch: [13/40], Step: [371/782], Loss: 0.5734547972679138
Rank:0 Epoch: [13/40], Step: [381/782], Loss: 0.44915828108787537
Rank:0 Epoch: [13/40], Step: [391/782], Loss: 0.6491742730140686
Rank:0 Epoch: [13/40], Step: [401/782], Loss: 0.6331971883773804
Rank:0 Epoch: [13/40], Step: [411/782], Loss: 0.6557309031486511
Rank:0 Epoch: [13/40], Step: [421/782], Loss: 0.4888629615306854
Rank:0 Epoch: [13/40], Step: [431/782], Loss: 0.4921998977661133
Rank:0 Epoch: [13/40], Step: [441/782], Loss: 0.3027573525905609
Rank:0 Epoch: [13/40], Step: [451/782], Loss: 0.3226068317890167
Rank:0 Epoch: [13/40], Step: [461/782], Loss: 0.49554741382598877
Rank:0 Epoch: [13/40], Step: [471/782], Loss: 0.5129879713058472
Rank:0 Epoch: [13/40], Step: [481/782], Loss: 0.6261618137359619
Rank:0 Epoch: [13/40], Step: [491/782], Loss: 0.5262347459793091
Rank:0 Epoch: [13/40], Step: [501/782], Loss: 0.5236360430717468
Rank:0 Epoch: [13/40], Step: [511/782], Loss: 0.506684422492981
Rank:0 Epoch: [13/40], Step: [521/782], Loss: 0.4830683469772339
Rank:0 Epoch: [13/40], Step: [531/782], Loss: 0.49931997060775757
Rank:0 Epoch: [13/40], Step: [541/782], Loss: 0.5714992880821228
Rank:0 Epoch: [13/40], Step: [551/782], Loss: 0.4589630961418152
Rank:0 Epoch: [13/40], Step: [561/782], Loss: 0.5372501015663147
Rank:0 Epoch: [13/40], Step: [571/782], Loss: 0.6005856990814209
Rank:0 Epoch: [13/40], Step: [581/782], Loss: 0.31594356894493103
Rank:0 Epoch: [13/40], Step: [591/782], Loss: 0.44028306007385254
Rank:0 Epoch: [13/40], Step: [601/782], Loss: 0.5137674808502197
Rank:0 Epoch: [13/40], Step: [611/782], Loss: 0.332317054271698
Rank:0 Epoch: [13/40], Step: [621/782], Loss: 0.6101976633071899
Rank:0 Epoch: [13/40], Step: [631/782], Loss: 0.7538113594055176
Rank:0 Epoch: [13/40], Step: [641/782], Loss: 0.502492368221283
Rank:0 Epoch: [13/40], Step: [651/782], Loss: 0.6500429511070251
Rank:0 Epoch: [13/40], Step: [661/782], Loss: 0.8876562714576721
Rank:0 Epoch: [13/40], Step: [671/782], Loss: 0.5543506145477295
Rank:0 Epoch: [13/40], Step: [681/782], Loss: 0.6059142351150513
Rank:0 Epoch: [13/40], Step: [691/782], Loss: 0.4959127604961395
Rank:0 Epoch: [13/40], Step: [701/782], Loss: 0.9232192039489746
Rank:0 Epoch: [13/40], Step: [711/782], Loss: 0.5867288708686829
Rank:0 Epoch: [13/40], Step: [721/782], Loss: 0.414963960647583
Rank:0 Epoch: [13/40], Step: [731/782], Loss: 0.4195650517940521
Rank:0 Epoch: [13/40], Step: [741/782], Loss: 0.5950483679771423
Rank:0 Epoch: [13/40], Step: [751/782], Loss: 0.6268680691719055
Rank:0 Epoch: [13/40], Step: [761/782], Loss: 0.7283897399902344
Rank:0 Epoch: [13/40], Step: [771/782], Loss: 0.8832108974456787
Rank:0 Epoch: [13/40], Step: [781/782], Loss: 0.7253278493881226
Current Test Acc: 0.8264
Rank:0 Epoch: [14/40], Step: [1/782], Loss: 0.5405647158622742
Rank:0 Epoch: [14/40], Step: [11/782], Loss: 0.9083325862884521
Rank:0 Epoch: [14/40], Step: [21/782], Loss: 0.4302646517753601
Rank:0 Epoch: [14/40], Step: [31/782], Loss: 0.7499942183494568
Rank:0 Epoch: [14/40], Step: [41/782], Loss: 0.5923366546630859
Rank:0 Epoch: [14/40], Step: [51/782], Loss: 0.44110044836997986
Rank:0 Epoch: [14/40], Step: [61/782], Loss: 0.6517836451530457
Rank:0 Epoch: [14/40], Step: [71/782], Loss: 1.0010161399841309
Rank:0 Epoch: [14/40], Step: [81/782], Loss: 0.3249841332435608
Rank:0 Epoch: [14/40], Step: [91/782], Loss: 0.33076855540275574
Rank:0 Epoch: [14/40], Step: [101/782], Loss: 0.26718130707740784
Rank:0 Epoch: [14/40], Step: [111/782], Loss: 0.7071818709373474
Rank:0 Epoch: [14/40], Step: [121/782], Loss: 0.521090567111969
Rank:0 Epoch: [14/40], Step: [131/782], Loss: 0.3175482153892517
Rank:0 Epoch: [14/40], Step: [141/782], Loss: 0.552754282951355
Rank:0 Epoch: [14/40], Step: [151/782], Loss: 0.8441014289855957
Rank:0 Epoch: [14/40], Step: [161/782], Loss: 0.7288021445274353
Rank:0 Epoch: [14/40], Step: [171/782], Loss: 0.7539666891098022
Rank:0 Epoch: [14/40], Step: [181/782], Loss: 0.5184166431427002
Rank:0 Epoch: [14/40], Step: [191/782], Loss: 0.5091580152511597
Rank:0 Epoch: [14/40], Step: [201/782], Loss: 0.31641408801078796
Rank:0 Epoch: [14/40], Step: [211/782], Loss: 0.5326709151268005
Rank:0 Epoch: [14/40], Step: [221/782], Loss: 0.43496572971343994
Rank:0 Epoch: [14/40], Step: [231/782], Loss: 0.9204922914505005
Rank:0 Epoch: [14/40], Step: [241/782], Loss: 0.513993501663208
Rank:0 Epoch: [14/40], Step: [251/782], Loss: 0.6746261715888977
Rank:0 Epoch: [14/40], Step: [261/782], Loss: 0.6240547895431519
Rank:0 Epoch: [14/40], Step: [271/782], Loss: 0.5957872867584229
Rank:0 Epoch: [14/40], Step: [281/782], Loss: 0.4900016784667969
Rank:0 Epoch: [14/40], Step: [291/782], Loss: 0.6300486326217651
Rank:0 Epoch: [14/40], Step: [301/782], Loss: 0.5311675667762756
Rank:0 Epoch: [14/40], Step: [311/782], Loss: 0.4802176058292389
Rank:0 Epoch: [14/40], Step: [321/782], Loss: 0.527008593082428
Rank:0 Epoch: [14/40], Step: [331/782], Loss: 0.39465057849884033
Rank:0 Epoch: [14/40], Step: [341/782], Loss: 0.8560593724250793
Rank:0 Epoch: [14/40], Step: [351/782], Loss: 0.4351802468299866
Rank:0 Epoch: [14/40], Step: [361/782], Loss: 0.5382972955703735
Rank:0 Epoch: [14/40], Step: [371/782], Loss: 0.6449036002159119
Rank:0 Epoch: [14/40], Step: [381/782], Loss: 0.6052594780921936
Rank:0 Epoch: [14/40], Step: [391/782], Loss: 0.6028658151626587
Rank:0 Epoch: [14/40], Step: [401/782], Loss: 0.37754368782043457
Rank:0 Epoch: [14/40], Step: [411/782], Loss: 0.5165036916732788
Rank:0 Epoch: [14/40], Step: [421/782], Loss: 0.6020318269729614
Rank:0 Epoch: [14/40], Step: [431/782], Loss: 0.46016794443130493
Rank:0 Epoch: [14/40], Step: [441/782], Loss: 0.42972326278686523
Rank:0 Epoch: [14/40], Step: [451/782], Loss: 0.6497503519058228
Rank:0 Epoch: [14/40], Step: [461/782], Loss: 0.7161661386489868
Rank:0 Epoch: [14/40], Step: [471/782], Loss: 0.4207349717617035
Rank:0 Epoch: [14/40], Step: [481/782], Loss: 0.5451970100402832
Rank:0 Epoch: [14/40], Step: [491/782], Loss: 0.42267489433288574
Rank:0 Epoch: [14/40], Step: [501/782], Loss: 0.3261379897594452
Rank:0 Epoch: [14/40], Step: [511/782], Loss: 0.47349056601524353
Rank:0 Epoch: [14/40], Step: [521/782], Loss: 0.2859041094779968
Rank:0 Epoch: [14/40], Step: [531/782], Loss: 0.31822866201400757
Rank:0 Epoch: [14/40], Step: [541/782], Loss: 0.46646764874458313
Rank:0 Epoch: [14/40], Step: [551/782], Loss: 0.4246934950351715
Rank:0 Epoch: [14/40], Step: [561/782], Loss: 0.5423926711082458
Rank:0 Epoch: [14/40], Step: [571/782], Loss: 0.446162611246109
Rank:0 Epoch: [14/40], Step: [581/782], Loss: 0.3965218663215637
Rank:0 Epoch: [14/40], Step: [591/782], Loss: 0.5185418128967285
Rank:0 Epoch: [14/40], Step: [601/782], Loss: 0.6994948983192444
Rank:0 Epoch: [14/40], Step: [611/782], Loss: 0.5709959864616394
Rank:0 Epoch: [14/40], Step: [621/782], Loss: 0.46854889392852783
Rank:0 Epoch: [14/40], Step: [631/782], Loss: 0.33287328481674194
Rank:0 Epoch: [14/40], Step: [641/782], Loss: 0.4123218059539795
Rank:0 Epoch: [14/40], Step: [651/782], Loss: 0.47845277190208435
Rank:0 Epoch: [14/40], Step: [661/782], Loss: 0.38697513937950134
Rank:0 Epoch: [14/40], Step: [671/782], Loss: 0.6556369662284851
Rank:0 Epoch: [14/40], Step: [681/782], Loss: 0.42193856835365295
Rank:0 Epoch: [14/40], Step: [691/782], Loss: 0.4057232737541199
Rank:0 Epoch: [14/40], Step: [701/782], Loss: 0.37232348322868347
Rank:0 Epoch: [14/40], Step: [711/782], Loss: 0.6546532511711121
Rank:0 Epoch: [14/40], Step: [721/782], Loss: 0.5394169688224792
Rank:0 Epoch: [14/40], Step: [731/782], Loss: 0.5357553958892822
Rank:0 Epoch: [14/40], Step: [741/782], Loss: 0.4452001750469208
Rank:0 Epoch: [14/40], Step: [751/782], Loss: 0.2829308807849884
Rank:0 Epoch: [14/40], Step: [761/782], Loss: 0.3873300552368164
Rank:0 Epoch: [14/40], Step: [771/782], Loss: 0.46185246109962463
Rank:0 Epoch: [14/40], Step: [781/782], Loss: 0.4637976586818695
Current Test Acc: 0.8573
Rank:0 Epoch: [15/40], Step: [1/782], Loss: 0.447782963514328
Rank:0 Epoch: [15/40], Step: [11/782], Loss: 0.46650418639183044
Rank:0 Epoch: [15/40], Step: [21/782], Loss: 0.49736231565475464
Rank:0 Epoch: [15/40], Step: [31/782], Loss: 0.3376244306564331
Rank:0 Epoch: [15/40], Step: [41/782], Loss: 0.5151289701461792
Rank:0 Epoch: [15/40], Step: [51/782], Loss: 0.7318284511566162
Rank:0 Epoch: [15/40], Step: [61/782], Loss: 0.5256430506706238
Rank:0 Epoch: [15/40], Step: [71/782], Loss: 0.6257076263427734
Rank:0 Epoch: [15/40], Step: [81/782], Loss: 0.5750074982643127
Rank:0 Epoch: [15/40], Step: [91/782], Loss: 0.3541937470436096
Rank:0 Epoch: [15/40], Step: [101/782], Loss: 0.4571972191333771
Rank:0 Epoch: [15/40], Step: [111/782], Loss: 0.3353273570537567
Rank:0 Epoch: [15/40], Step: [121/782], Loss: 0.5646161437034607
Rank:0 Epoch: [15/40], Step: [131/782], Loss: 0.5444771647453308
Rank:0 Epoch: [15/40], Step: [141/782], Loss: 0.45972883701324463
Rank:0 Epoch: [15/40], Step: [151/782], Loss: 0.5020775198936462
Rank:0 Epoch: [15/40], Step: [161/782], Loss: 0.9237323999404907
Rank:0 Epoch: [15/40], Step: [171/782], Loss: 0.42310401797294617
Rank:0 Epoch: [15/40], Step: [181/782], Loss: 0.5390321016311646
Rank:0 Epoch: [15/40], Step: [191/782], Loss: 0.49151307344436646
Rank:0 Epoch: [15/40], Step: [201/782], Loss: 0.70017009973526
Rank:0 Epoch: [15/40], Step: [211/782], Loss: 0.48429685831069946
Rank:0 Epoch: [15/40], Step: [221/782], Loss: 0.5570154190063477
Rank:0 Epoch: [15/40], Step: [231/782], Loss: 0.415374755859375
Rank:0 Epoch: [15/40], Step: [241/782], Loss: 0.5147469639778137
Rank:0 Epoch: [15/40], Step: [251/782], Loss: 0.5778288245201111
Rank:0 Epoch: [15/40], Step: [261/782], Loss: 0.4706541895866394
Rank:0 Epoch: [15/40], Step: [271/782], Loss: 0.8382241129875183
Rank:0 Epoch: [15/40], Step: [281/782], Loss: 0.5609050989151001
Rank:0 Epoch: [15/40], Step: [291/782], Loss: 0.5510045289993286
Rank:0 Epoch: [15/40], Step: [301/782], Loss: 0.4927012324333191
Rank:0 Epoch: [15/40], Step: [311/782], Loss: 0.40554502606391907
Rank:0 Epoch: [15/40], Step: [321/782], Loss: 0.5713208317756653
Rank:0 Epoch: [15/40], Step: [331/782], Loss: 0.9821605682373047
Rank:0 Epoch: [15/40], Step: [341/782], Loss: 0.4498564600944519
Rank:0 Epoch: [15/40], Step: [351/782], Loss: 0.4516962766647339
Rank:0 Epoch: [15/40], Step: [361/782], Loss: 0.38477063179016113
Rank:0 Epoch: [15/40], Step: [371/782], Loss: 0.6575862765312195
Rank:0 Epoch: [15/40], Step: [381/782], Loss: 0.9090649485588074
Rank:0 Epoch: [15/40], Step: [391/782], Loss: 0.43774110078811646
Rank:0 Epoch: [15/40], Step: [401/782], Loss: 0.3943398892879486
Rank:0 Epoch: [15/40], Step: [411/782], Loss: 0.8228148221969604
Rank:0 Epoch: [15/40], Step: [421/782], Loss: 0.699684739112854
Rank:0 Epoch: [15/40], Step: [431/782], Loss: 0.7619986534118652
Rank:0 Epoch: [15/40], Step: [441/782], Loss: 0.5838887095451355
Rank:0 Epoch: [15/40], Step: [451/782], Loss: 0.7190274596214294
Rank:0 Epoch: [15/40], Step: [461/782], Loss: 0.457724004983902
Rank:0 Epoch: [15/40], Step: [471/782], Loss: 0.5441244840621948
Rank:0 Epoch: [15/40], Step: [481/782], Loss: 0.47751396894454956
Rank:0 Epoch: [15/40], Step: [491/782], Loss: 0.6206874847412109
Rank:0 Epoch: [15/40], Step: [501/782], Loss: 0.6513157486915588
Rank:0 Epoch: [15/40], Step: [511/782], Loss: 0.5785824656486511
Rank:0 Epoch: [15/40], Step: [521/782], Loss: 0.6372758746147156
Rank:0 Epoch: [15/40], Step: [531/782], Loss: 0.3538047969341278
Rank:0 Epoch: [15/40], Step: [541/782], Loss: 0.6922422647476196
Rank:0 Epoch: [15/40], Step: [551/782], Loss: 0.5199745893478394
Rank:0 Epoch: [15/40], Step: [561/782], Loss: 0.5365283489227295
Rank:0 Epoch: [15/40], Step: [571/782], Loss: 0.557630181312561
Rank:0 Epoch: [15/40], Step: [581/782], Loss: 0.566767156124115
Rank:0 Epoch: [15/40], Step: [591/782], Loss: 0.21510827541351318
Rank:0 Epoch: [15/40], Step: [601/782], Loss: 0.5752583146095276
Rank:0 Epoch: [15/40], Step: [611/782], Loss: 0.7531603574752808
Rank:0 Epoch: [15/40], Step: [621/782], Loss: 0.5025649070739746
Rank:0 Epoch: [15/40], Step: [631/782], Loss: 0.44251465797424316
Rank:0 Epoch: [15/40], Step: [641/782], Loss: 0.7090161442756653
Rank:0 Epoch: [15/40], Step: [651/782], Loss: 0.4044201672077179
Rank:0 Epoch: [15/40], Step: [661/782], Loss: 0.4992464482784271
Rank:0 Epoch: [15/40], Step: [671/782], Loss: 0.326904296875
Rank:0 Epoch: [15/40], Step: [681/782], Loss: 0.6652020215988159
Rank:0 Epoch: [15/40], Step: [691/782], Loss: 0.7780292630195618
Rank:0 Epoch: [15/40], Step: [701/782], Loss: 0.4439677894115448
Rank:0 Epoch: [15/40], Step: [711/782], Loss: 0.6185165047645569
Rank:0 Epoch: [15/40], Step: [721/782], Loss: 0.7361065149307251
Rank:0 Epoch: [15/40], Step: [731/782], Loss: 0.903533935546875
Rank:0 Epoch: [15/40], Step: [741/782], Loss: 0.6131677031517029
Rank:0 Epoch: [15/40], Step: [751/782], Loss: 0.5479195713996887
Rank:0 Epoch: [15/40], Step: [761/782], Loss: 0.5063520669937134
Rank:0 Epoch: [15/40], Step: [771/782], Loss: 0.6226170659065247
Rank:0 Epoch: [15/40], Step: [781/782], Loss: 0.4138001799583435
Current Test Acc: 0.8126
Rank:0 Epoch: [16/40], Step: [1/782], Loss: 0.45324528217315674
Rank:0 Epoch: [16/40], Step: [11/782], Loss: 0.9919397830963135
Rank:0 Epoch: [16/40], Step: [21/782], Loss: 0.9905315041542053
Rank:0 Epoch: [16/40], Step: [31/782], Loss: 0.5293258428573608
Rank:0 Epoch: [16/40], Step: [41/782], Loss: 0.6323865652084351
Rank:0 Epoch: [16/40], Step: [51/782], Loss: 0.5146673321723938
Rank:0 Epoch: [16/40], Step: [61/782], Loss: 0.8185411095619202
Rank:0 Epoch: [16/40], Step: [71/782], Loss: 0.3461857736110687
Rank:0 Epoch: [16/40], Step: [81/782], Loss: 0.41969457268714905
Rank:0 Epoch: [16/40], Step: [91/782], Loss: 0.37719234824180603
Rank:0 Epoch: [16/40], Step: [101/782], Loss: 0.6916862726211548
Rank:0 Epoch: [16/40], Step: [111/782], Loss: 0.7077024579048157
Rank:0 Epoch: [16/40], Step: [121/782], Loss: 0.40344080328941345
Rank:0 Epoch: [16/40], Step: [131/782], Loss: 0.7910425662994385
Rank:0 Epoch: [16/40], Step: [141/782], Loss: 0.46390727162361145
Rank:0 Epoch: [16/40], Step: [151/782], Loss: 0.27271994948387146
Rank:0 Epoch: [16/40], Step: [161/782], Loss: 0.653864860534668
Rank:0 Epoch: [16/40], Step: [171/782], Loss: 0.6126670241355896
Rank:0 Epoch: [16/40], Step: [181/782], Loss: 0.2960203289985657
Rank:0 Epoch: [16/40], Step: [191/782], Loss: 0.5199992656707764
Rank:0 Epoch: [16/40], Step: [201/782], Loss: 0.5259748697280884
Rank:0 Epoch: [16/40], Step: [211/782], Loss: 0.6909027099609375
Rank:0 Epoch: [16/40], Step: [221/782], Loss: 0.5414859652519226
Rank:0 Epoch: [16/40], Step: [231/782], Loss: 0.29095783829689026
Rank:0 Epoch: [16/40], Step: [241/782], Loss: 0.5460910201072693
Rank:0 Epoch: [16/40], Step: [251/782], Loss: 0.4474322497844696
Rank:0 Epoch: [16/40], Step: [261/782], Loss: 0.8143529295921326
Rank:0 Epoch: [16/40], Step: [271/782], Loss: 0.5790740847587585
Rank:0 Epoch: [16/40], Step: [281/782], Loss: 0.6074988842010498
Rank:0 Epoch: [16/40], Step: [291/782], Loss: 0.42572417855262756
Rank:0 Epoch: [16/40], Step: [301/782], Loss: 0.4448055028915405
Rank:0 Epoch: [16/40], Step: [311/782], Loss: 0.6766773462295532
Rank:0 Epoch: [16/40], Step: [321/782], Loss: 0.5542446970939636
Rank:0 Epoch: [16/40], Step: [331/782], Loss: 0.9549055695533752
Rank:0 Epoch: [16/40], Step: [341/782], Loss: 0.5258626937866211
Rank:0 Epoch: [16/40], Step: [351/782], Loss: 0.4219851493835449
Rank:0 Epoch: [16/40], Step: [361/782], Loss: 0.3027328848838806
Rank:0 Epoch: [16/40], Step: [371/782], Loss: 0.4677198529243469
Rank:0 Epoch: [16/40], Step: [381/782], Loss: 0.6287809610366821
Rank:0 Epoch: [16/40], Step: [391/782], Loss: 0.5621019601821899
Rank:0 Epoch: [16/40], Step: [401/782], Loss: 0.539694607257843
Rank:0 Epoch: [16/40], Step: [411/782], Loss: 2.7924904823303223
Rank:0 Epoch: [16/40], Step: [421/782], Loss: 0.7305930256843567
Rank:0 Epoch: [16/40], Step: [431/782], Loss: 0.9348552227020264
Rank:0 Epoch: [16/40], Step: [441/782], Loss: 0.5827208161354065
Rank:0 Epoch: [16/40], Step: [451/782], Loss: 0.7726959586143494
Rank:0 Epoch: [16/40], Step: [461/782], Loss: 0.504740297794342
Rank:0 Epoch: [16/40], Step: [471/782], Loss: 0.5220658779144287
Rank:0 Epoch: [16/40], Step: [481/782], Loss: 0.4855826497077942
Rank:0 Epoch: [16/40], Step: [491/782], Loss: 0.5141047239303589
Rank:0 Epoch: [16/40], Step: [501/782], Loss: 0.4643670618534088
Rank:0 Epoch: [16/40], Step: [511/782], Loss: 0.5646412372589111
Rank:0 Epoch: [16/40], Step: [521/782], Loss: 0.6016252040863037
Rank:0 Epoch: [16/40], Step: [531/782], Loss: 0.4264311194419861
Rank:0 Epoch: [16/40], Step: [541/782], Loss: 0.32119515538215637
Rank:0 Epoch: [16/40], Step: [551/782], Loss: 0.5805200934410095
Rank:0 Epoch: [16/40], Step: [561/782], Loss: 0.5094524621963501
Rank:0 Epoch: [16/40], Step: [571/782], Loss: 0.694090723991394
Rank:0 Epoch: [16/40], Step: [581/782], Loss: 0.31953495740890503
Rank:0 Epoch: [16/40], Step: [591/782], Loss: 0.41985824704170227
Rank:0 Epoch: [16/40], Step: [601/782], Loss: 0.5719068050384521
Rank:0 Epoch: [16/40], Step: [611/782], Loss: 0.6778079867362976
Rank:0 Epoch: [16/40], Step: [621/782], Loss: 0.512443482875824
Rank:0 Epoch: [16/40], Step: [631/782], Loss: 0.472607284784317
Rank:0 Epoch: [16/40], Step: [641/782], Loss: 0.5179761648178101
Rank:0 Epoch: [16/40], Step: [651/782], Loss: 0.541469395160675
Rank:0 Epoch: [16/40], Step: [661/782], Loss: 0.5781385898590088
Rank:0 Epoch: [16/40], Step: [671/782], Loss: 0.5557141304016113
Rank:0 Epoch: [16/40], Step: [681/782], Loss: 0.4268668591976166
Rank:0 Epoch: [16/40], Step: [691/782], Loss: 0.5632852911949158
Rank:0 Epoch: [16/40], Step: [701/782], Loss: 0.3532564342021942
Rank:0 Epoch: [16/40], Step: [711/782], Loss: 0.6423128247261047
Rank:0 Epoch: [16/40], Step: [721/782], Loss: 0.852733314037323
Rank:0 Epoch: [16/40], Step: [731/782], Loss: 0.3169482946395874
Rank:0 Epoch: [16/40], Step: [741/782], Loss: 0.7178850769996643
Rank:0 Epoch: [16/40], Step: [751/782], Loss: 1.2169233560562134
Rank:0 Epoch: [16/40], Step: [761/782], Loss: 0.5986344814300537
Rank:0 Epoch: [16/40], Step: [771/782], Loss: 0.7937417030334473
Rank:0 Epoch: [16/40], Step: [781/782], Loss: 0.43024373054504395
Current Test Acc: 0.8309
Rank:0 Epoch: [17/40], Step: [1/782], Loss: 0.3632161617279053
Rank:0 Epoch: [17/40], Step: [11/782], Loss: 0.4095190465450287
Rank:0 Epoch: [17/40], Step: [21/782], Loss: 0.31912755966186523
Rank:0 Epoch: [17/40], Step: [31/782], Loss: 0.4973510205745697
Rank:0 Epoch: [17/40], Step: [41/782], Loss: 0.5886795520782471
Rank:0 Epoch: [17/40], Step: [51/782], Loss: 0.6529357433319092
Rank:0 Epoch: [17/40], Step: [61/782], Loss: 0.664801299571991
Rank:0 Epoch: [17/40], Step: [71/782], Loss: 0.41128331422805786
Rank:0 Epoch: [17/40], Step: [81/782], Loss: 0.4656304717063904
Rank:0 Epoch: [17/40], Step: [91/782], Loss: 0.37050849199295044
Rank:0 Epoch: [17/40], Step: [101/782], Loss: 0.3443114757537842
Rank:0 Epoch: [17/40], Step: [111/782], Loss: 0.6752158403396606
Rank:0 Epoch: [17/40], Step: [121/782], Loss: 0.3793306350708008
Rank:0 Epoch: [17/40], Step: [131/782], Loss: 0.5753328800201416
Rank:0 Epoch: [17/40], Step: [141/782], Loss: 0.7835158705711365
Rank:0 Epoch: [17/40], Step: [151/782], Loss: 0.3179480731487274
Rank:0 Epoch: [17/40], Step: [161/782], Loss: 0.26785314083099365
Rank:0 Epoch: [17/40], Step: [171/782], Loss: 0.4643246829509735
Rank:0 Epoch: [17/40], Step: [181/782], Loss: 0.6166986227035522
Rank:0 Epoch: [17/40], Step: [191/782], Loss: 0.3520764708518982
Rank:0 Epoch: [17/40], Step: [201/782], Loss: 0.9434277415275574
Rank:0 Epoch: [17/40], Step: [211/782], Loss: 0.5355350971221924
Rank:0 Epoch: [17/40], Step: [221/782], Loss: 0.38265344500541687
Rank:0 Epoch: [17/40], Step: [231/782], Loss: 0.5079125761985779
Rank:0 Epoch: [17/40], Step: [241/782], Loss: 0.4655316174030304
Rank:0 Epoch: [17/40], Step: [251/782], Loss: 0.5226848125457764
Rank:0 Epoch: [17/40], Step: [261/782], Loss: 0.9293540716171265
Rank:0 Epoch: [17/40], Step: [271/782], Loss: 0.5562369227409363
Rank:0 Epoch: [17/40], Step: [281/782], Loss: 0.36000972986221313
Rank:0 Epoch: [17/40], Step: [291/782], Loss: 0.6363139152526855
Rank:0 Epoch: [17/40], Step: [301/782], Loss: 0.33113768696784973
Rank:0 Epoch: [17/40], Step: [311/782], Loss: 0.8203582167625427
Rank:0 Epoch: [17/40], Step: [321/782], Loss: 0.6472818851470947
Rank:0 Epoch: [17/40], Step: [331/782], Loss: 1.0626789331436157
Rank:0 Epoch: [17/40], Step: [341/782], Loss: 0.4718913435935974
Rank:0 Epoch: [17/40], Step: [351/782], Loss: 0.4385129511356354
Rank:0 Epoch: [17/40], Step: [361/782], Loss: 0.4125637412071228
Rank:0 Epoch: [17/40], Step: [371/782], Loss: 0.4414864182472229
Rank:0 Epoch: [17/40], Step: [381/782], Loss: 0.7805665731430054
Rank:0 Epoch: [17/40], Step: [391/782], Loss: 0.5337372422218323
Rank:0 Epoch: [17/40], Step: [401/782], Loss: 0.5440856218338013
Rank:0 Epoch: [17/40], Step: [411/782], Loss: 0.6553353667259216
Rank:0 Epoch: [17/40], Step: [421/782], Loss: 0.3130287230014801
Rank:0 Epoch: [17/40], Step: [431/782], Loss: 0.5088211297988892
Rank:0 Epoch: [17/40], Step: [441/782], Loss: 0.6790965795516968
Rank:0 Epoch: [17/40], Step: [451/782], Loss: 0.309609055519104
Rank:0 Epoch: [17/40], Step: [461/782], Loss: 0.40284353494644165
Rank:0 Epoch: [17/40], Step: [471/782], Loss: 0.8407257795333862
Rank:0 Epoch: [17/40], Step: [481/782], Loss: 0.445358008146286
Rank:0 Epoch: [17/40], Step: [491/782], Loss: 0.7823158502578735
Rank:0 Epoch: [17/40], Step: [501/782], Loss: 0.468917578458786
Rank:0 Epoch: [17/40], Step: [511/782], Loss: 0.4146626889705658
Rank:0 Epoch: [17/40], Step: [521/782], Loss: 0.40976864099502563
Rank:0 Epoch: [17/40], Step: [531/782], Loss: 0.661426842212677
Rank:0 Epoch: [17/40], Step: [541/782], Loss: 0.6085267663002014
Rank:0 Epoch: [17/40], Step: [551/782], Loss: 0.3506450653076172
Rank:0 Epoch: [17/40], Step: [561/782], Loss: 0.4917306900024414
Rank:0 Epoch: [17/40], Step: [571/782], Loss: 0.5720643997192383
Rank:0 Epoch: [17/40], Step: [581/782], Loss: 0.45685532689094543
Rank:0 Epoch: [17/40], Step: [591/782], Loss: 0.380612313747406
Rank:0 Epoch: [17/40], Step: [601/782], Loss: 0.4072921872138977
Rank:0 Epoch: [17/40], Step: [611/782], Loss: 0.6492407917976379
Rank:0 Epoch: [17/40], Step: [621/782], Loss: 0.30754756927490234
Rank:0 Epoch: [17/40], Step: [631/782], Loss: 0.3967607021331787
Rank:0 Epoch: [17/40], Step: [641/782], Loss: 0.3655770421028137
Rank:0 Epoch: [17/40], Step: [651/782], Loss: 0.4034591317176819
Rank:0 Epoch: [17/40], Step: [661/782], Loss: 0.709138035774231
Rank:0 Epoch: [17/40], Step: [671/782], Loss: 0.2849403917789459
Rank:0 Epoch: [17/40], Step: [681/782], Loss: 0.47541606426239014
Rank:0 Epoch: [17/40], Step: [691/782], Loss: 0.442030131816864
Rank:0 Epoch: [17/40], Step: [701/782], Loss: 0.350885808467865
Rank:0 Epoch: [17/40], Step: [711/782], Loss: 0.6935982704162598
Rank:0 Epoch: [17/40], Step: [721/782], Loss: 0.6813558340072632
Rank:0 Epoch: [17/40], Step: [731/782], Loss: 0.38622909784317017
Rank:0 Epoch: [17/40], Step: [741/782], Loss: 0.458554208278656
Rank:0 Epoch: [17/40], Step: [751/782], Loss: 0.9792890548706055
Rank:0 Epoch: [17/40], Step: [761/782], Loss: 0.5284165740013123
Rank:0 Epoch: [17/40], Step: [771/782], Loss: 0.6044562458992004
Rank:0 Epoch: [17/40], Step: [781/782], Loss: 0.47891756892204285
Current Test Acc: 0.7931
Rank:0 Epoch: [18/40], Step: [1/782], Loss: 0.4573354721069336
Rank:0 Epoch: [18/40], Step: [11/782], Loss: 0.6174180507659912
Rank:0 Epoch: [18/40], Step: [21/782], Loss: 0.7207433581352234
Rank:0 Epoch: [18/40], Step: [31/782], Loss: 0.5386842489242554
Rank:0 Epoch: [18/40], Step: [41/782], Loss: 0.6027547121047974
Rank:0 Epoch: [18/40], Step: [51/782], Loss: 0.2540653645992279
Rank:0 Epoch: [18/40], Step: [61/782], Loss: 0.3229893445968628
Rank:0 Epoch: [18/40], Step: [71/782], Loss: 0.4193751811981201
Rank:0 Epoch: [18/40], Step: [81/782], Loss: 0.6050830483436584
Rank:0 Epoch: [18/40], Step: [91/782], Loss: 0.5032152533531189
Rank:0 Epoch: [18/40], Step: [101/782], Loss: 0.47797414660453796
Rank:0 Epoch: [18/40], Step: [111/782], Loss: 0.22536757588386536
Rank:0 Epoch: [18/40], Step: [121/782], Loss: 0.6928094029426575
Rank:0 Epoch: [18/40], Step: [131/782], Loss: 0.6733102798461914
Rank:0 Epoch: [18/40], Step: [141/782], Loss: 0.3315052092075348
Rank:0 Epoch: [18/40], Step: [151/782], Loss: 0.5027599930763245
Rank:0 Epoch: [18/40], Step: [161/782], Loss: 0.33413851261138916
Rank:0 Epoch: [18/40], Step: [171/782], Loss: 0.49464166164398193
Rank:0 Epoch: [18/40], Step: [181/782], Loss: 0.2683098018169403
Rank:0 Epoch: [18/40], Step: [191/782], Loss: 0.7519318461418152
Rank:0 Epoch: [18/40], Step: [201/782], Loss: 1.0760893821716309
Rank:0 Epoch: [18/40], Step: [211/782], Loss: 0.327008455991745
Rank:0 Epoch: [18/40], Step: [221/782], Loss: 0.29986467957496643
Rank:0 Epoch: [18/40], Step: [231/782], Loss: 0.43066367506980896
Rank:0 Epoch: [18/40], Step: [241/782], Loss: 0.3352454900741577
Rank:0 Epoch: [18/40], Step: [251/782], Loss: 0.5309340953826904
Rank:0 Epoch: [18/40], Step: [261/782], Loss: 0.6889488101005554
Rank:0 Epoch: [18/40], Step: [271/782], Loss: 0.41853436827659607
Rank:0 Epoch: [18/40], Step: [281/782], Loss: 0.4726496636867523
Rank:0 Epoch: [18/40], Step: [291/782], Loss: 0.5510760545730591
Rank:0 Epoch: [18/40], Step: [301/782], Loss: 0.5046939253807068
Rank:0 Epoch: [18/40], Step: [311/782], Loss: 0.31817641854286194
Rank:0 Epoch: [18/40], Step: [321/782], Loss: 0.4210684299468994
Rank:0 Epoch: [18/40], Step: [331/782], Loss: 0.64202880859375
Rank:0 Epoch: [18/40], Step: [341/782], Loss: 0.7416394352912903
Rank:0 Epoch: [18/40], Step: [351/782], Loss: 0.533096969127655
Rank:0 Epoch: [18/40], Step: [361/782], Loss: 0.8968894481658936
Rank:0 Epoch: [18/40], Step: [371/782], Loss: 0.6941142678260803
Rank:0 Epoch: [18/40], Step: [381/782], Loss: 0.480468213558197
Rank:0 Epoch: [18/40], Step: [391/782], Loss: 0.5840630531311035
Rank:0 Epoch: [18/40], Step: [401/782], Loss: 0.5197848677635193
Rank:0 Epoch: [18/40], Step: [411/782], Loss: 0.6512146592140198
Rank:0 Epoch: [18/40], Step: [421/782], Loss: 0.44861656427383423
Rank:0 Epoch: [18/40], Step: [431/782], Loss: 0.942900538444519
Rank:0 Epoch: [18/40], Step: [441/782], Loss: 0.7107152342796326
Rank:0 Epoch: [18/40], Step: [451/782], Loss: 0.4180299937725067
Rank:0 Epoch: [18/40], Step: [461/782], Loss: 1.0201753377914429
Rank:0 Epoch: [18/40], Step: [471/782], Loss: 0.6178991794586182
Rank:0 Epoch: [18/40], Step: [481/782], Loss: 0.6708908677101135
Rank:0 Epoch: [18/40], Step: [491/782], Loss: 0.5670599937438965
Rank:0 Epoch: [18/40], Step: [501/782], Loss: 0.34651023149490356
Rank:0 Epoch: [18/40], Step: [511/782], Loss: 0.5571229457855225
Rank:0 Epoch: [18/40], Step: [521/782], Loss: 0.6549195051193237
Rank:0 Epoch: [18/40], Step: [531/782], Loss: 0.5448394417762756
Rank:0 Epoch: [18/40], Step: [541/782], Loss: 0.5675126314163208
Rank:0 Epoch: [18/40], Step: [551/782], Loss: 0.37445011734962463
Rank:0 Epoch: [18/40], Step: [561/782], Loss: 0.7415435314178467
Rank:0 Epoch: [18/40], Step: [571/782], Loss: 0.5527816414833069
Rank:0 Epoch: [18/40], Step: [581/782], Loss: 0.42626121640205383
Rank:0 Epoch: [18/40], Step: [591/782], Loss: 0.46661579608917236
Rank:0 Epoch: [18/40], Step: [601/782], Loss: 0.7394464015960693
Rank:0 Epoch: [18/40], Step: [611/782], Loss: 0.5762625336647034
Rank:0 Epoch: [18/40], Step: [621/782], Loss: 0.7600721120834351
Rank:0 Epoch: [18/40], Step: [631/782], Loss: 0.6731688380241394
Rank:0 Epoch: [18/40], Step: [641/782], Loss: 0.3631644546985626
Rank:0 Epoch: [18/40], Step: [651/782], Loss: 0.32999953627586365
Rank:0 Epoch: [18/40], Step: [661/782], Loss: 0.8976421356201172
Rank:0 Epoch: [18/40], Step: [671/782], Loss: 0.6053112149238586
Rank:0 Epoch: [18/40], Step: [681/782], Loss: 0.5678983926773071
Rank:0 Epoch: [18/40], Step: [691/782], Loss: 0.4071638584136963
Rank:0 Epoch: [18/40], Step: [701/782], Loss: 0.5613564848899841
Rank:0 Epoch: [18/40], Step: [711/782], Loss: 0.5745364427566528
Rank:0 Epoch: [18/40], Step: [721/782], Loss: 0.7297297716140747
Rank:0 Epoch: [18/40], Step: [731/782], Loss: 0.29329508543014526
Rank:0 Epoch: [18/40], Step: [741/782], Loss: 0.40941864252090454
Rank:0 Epoch: [18/40], Step: [751/782], Loss: 0.33227458596229553
Rank:0 Epoch: [18/40], Step: [761/782], Loss: 0.3390340805053711
Rank:0 Epoch: [18/40], Step: [771/782], Loss: 0.4395439326763153
Rank:0 Epoch: [18/40], Step: [781/782], Loss: 0.6020900011062622
Current Test Acc: 0.8335
Rank:0 Epoch: [19/40], Step: [1/782], Loss: 0.4808500111103058
Rank:0 Epoch: [19/40], Step: [11/782], Loss: 0.4074806869029999
Rank:0 Epoch: [19/40], Step: [21/782], Loss: 0.5614430904388428
Rank:0 Epoch: [19/40], Step: [31/782], Loss: 0.5120263695716858
Rank:0 Epoch: [19/40], Step: [41/782], Loss: 0.3153841197490692
Rank:0 Epoch: [19/40], Step: [51/782], Loss: 0.48141080141067505
Rank:0 Epoch: [19/40], Step: [61/782], Loss: 0.4905027747154236
Rank:0 Epoch: [19/40], Step: [71/782], Loss: 0.2828097641468048
Rank:0 Epoch: [19/40], Step: [81/782], Loss: 0.3972800076007843
Rank:0 Epoch: [19/40], Step: [91/782], Loss: 0.6306124329566956
Rank:0 Epoch: [19/40], Step: [101/782], Loss: 0.3971153199672699
Rank:0 Epoch: [19/40], Step: [111/782], Loss: 0.4919751286506653
Rank:0 Epoch: [19/40], Step: [121/782], Loss: 0.5927176475524902
Rank:0 Epoch: [19/40], Step: [131/782], Loss: 0.6251156330108643
Rank:0 Epoch: [19/40], Step: [141/782], Loss: 0.6668506860733032
Rank:0 Epoch: [19/40], Step: [151/782], Loss: 0.29246285557746887
Rank:0 Epoch: [19/40], Step: [161/782], Loss: 0.4562889039516449
Rank:0 Epoch: [19/40], Step: [171/782], Loss: 0.40232139825820923
Rank:0 Epoch: [19/40], Step: [181/782], Loss: 0.43241456151008606
Rank:0 Epoch: [19/40], Step: [191/782], Loss: 0.45686817169189453
Rank:0 Epoch: [19/40], Step: [201/782], Loss: 0.466047465801239
Rank:0 Epoch: [19/40], Step: [211/782], Loss: 0.5302674174308777
Rank:0 Epoch: [19/40], Step: [221/782], Loss: 0.6883467435836792
Rank:0 Epoch: [19/40], Step: [231/782], Loss: 0.3508101999759674
Rank:0 Epoch: [19/40], Step: [241/782], Loss: 0.5156895518302917
Rank:0 Epoch: [19/40], Step: [251/782], Loss: 0.46886226534843445
Rank:0 Epoch: [19/40], Step: [261/782], Loss: 0.5454734563827515
Rank:0 Epoch: [19/40], Step: [271/782], Loss: 0.5602409243583679
Rank:0 Epoch: [19/40], Step: [281/782], Loss: 0.5577913522720337
Rank:0 Epoch: [19/40], Step: [291/782], Loss: 0.6675403714179993
Rank:0 Epoch: [19/40], Step: [301/782], Loss: 0.7585609555244446
Rank:0 Epoch: [19/40], Step: [311/782], Loss: 0.5908063650131226
Rank:0 Epoch: [19/40], Step: [321/782], Loss: 0.37532785534858704
Rank:0 Epoch: [19/40], Step: [331/782], Loss: 0.4170748293399811
Rank:0 Epoch: [19/40], Step: [341/782], Loss: 0.5891780853271484
Rank:0 Epoch: [19/40], Step: [351/782], Loss: 0.6432763338088989
Rank:0 Epoch: [19/40], Step: [361/782], Loss: 0.9188923835754395
Rank:0 Epoch: [19/40], Step: [371/782], Loss: 0.4762653112411499
Rank:0 Epoch: [19/40], Step: [381/782], Loss: 0.40562763810157776
Rank:0 Epoch: [19/40], Step: [391/782], Loss: 0.4520975947380066
Rank:0 Epoch: [19/40], Step: [401/782], Loss: 0.42182934284210205
Rank:0 Epoch: [19/40], Step: [411/782], Loss: 0.4790474474430084
Rank:0 Epoch: [19/40], Step: [421/782], Loss: 0.538145899772644
Rank:0 Epoch: [19/40], Step: [431/782], Loss: 0.47135570645332336
Rank:0 Epoch: [19/40], Step: [441/782], Loss: 0.3958638906478882
Rank:0 Epoch: [19/40], Step: [451/782], Loss: 0.4801715910434723
Rank:0 Epoch: [19/40], Step: [461/782], Loss: 0.4386293292045593
Rank:0 Epoch: [19/40], Step: [471/782], Loss: 0.26948001980781555
Rank:0 Epoch: [19/40], Step: [481/782], Loss: 0.4562572240829468
Rank:0 Epoch: [19/40], Step: [491/782], Loss: 0.6888967156410217
Rank:0 Epoch: [19/40], Step: [501/782], Loss: 0.5508581399917603
Rank:0 Epoch: [19/40], Step: [511/782], Loss: 1.0181915760040283
Rank:0 Epoch: [19/40], Step: [521/782], Loss: 0.6362417936325073
Rank:0 Epoch: [19/40], Step: [531/782], Loss: 0.4422853887081146
Rank:0 Epoch: [19/40], Step: [541/782], Loss: 0.5712214112281799
Rank:0 Epoch: [19/40], Step: [551/782], Loss: 0.3988402783870697
Rank:0 Epoch: [19/40], Step: [561/782], Loss: 0.3467521369457245
Rank:0 Epoch: [19/40], Step: [571/782], Loss: 0.5900169014930725
Rank:0 Epoch: [19/40], Step: [581/782], Loss: 0.7195718288421631
Rank:0 Epoch: [19/40], Step: [591/782], Loss: 0.7039702534675598
Rank:0 Epoch: [19/40], Step: [601/782], Loss: 0.5115504860877991
Rank:0 Epoch: [19/40], Step: [611/782], Loss: 0.5155141949653625
Rank:0 Epoch: [19/40], Step: [621/782], Loss: 0.4123592972755432
Rank:0 Epoch: [19/40], Step: [631/782], Loss: 0.5063485503196716
Rank:0 Epoch: [19/40], Step: [641/782], Loss: 0.5662807822227478
Rank:0 Epoch: [19/40], Step: [651/782], Loss: 0.7870033383369446
Rank:0 Epoch: [19/40], Step: [661/782], Loss: 0.4003690183162689
Rank:0 Epoch: [19/40], Step: [671/782], Loss: 0.4524187743663788
Rank:0 Epoch: [19/40], Step: [681/782], Loss: 0.4274878203868866
Rank:0 Epoch: [19/40], Step: [691/782], Loss: 0.6536152362823486
Rank:0 Epoch: [19/40], Step: [701/782], Loss: 0.370881050825119
Rank:0 Epoch: [19/40], Step: [711/782], Loss: 0.39502114057540894
Rank:0 Epoch: [19/40], Step: [721/782], Loss: 0.516132652759552
Rank:0 Epoch: [19/40], Step: [731/782], Loss: 0.6526325345039368
Rank:0 Epoch: [19/40], Step: [741/782], Loss: 0.23217202723026276
Rank:0 Epoch: [19/40], Step: [751/782], Loss: 0.4277734160423279
Rank:0 Epoch: [19/40], Step: [761/782], Loss: 0.5006134510040283
Rank:0 Epoch: [19/40], Step: [771/782], Loss: 0.511910617351532
Rank:0 Epoch: [19/40], Step: [781/782], Loss: 0.42943426966667175
Current Test Acc: 0.8047
Rank:0 Epoch: [20/40], Step: [1/782], Loss: 0.4077826738357544
Rank:0 Epoch: [20/40], Step: [11/782], Loss: 0.3536129891872406
Rank:0 Epoch: [20/40], Step: [21/782], Loss: 0.3099801540374756
Rank:0 Epoch: [20/40], Step: [31/782], Loss: 0.42614495754241943
Rank:0 Epoch: [20/40], Step: [41/782], Loss: 0.6080800890922546
Rank:0 Epoch: [20/40], Step: [51/782], Loss: 0.7693663239479065
Rank:0 Epoch: [20/40], Step: [61/782], Loss: 0.8417490720748901
Rank:0 Epoch: [20/40], Step: [71/782], Loss: 0.2666647732257843
Rank:0 Epoch: [20/40], Step: [81/782], Loss: 0.49760255217552185
Rank:0 Epoch: [20/40], Step: [91/782], Loss: 0.3192811906337738
Rank:0 Epoch: [20/40], Step: [101/782], Loss: 0.37815648317337036
Rank:0 Epoch: [20/40], Step: [111/782], Loss: 0.6401544213294983
Rank:0 Epoch: [20/40], Step: [121/782], Loss: 0.3518887460231781
Rank:0 Epoch: [20/40], Step: [131/782], Loss: 0.37430325150489807
Rank:0 Epoch: [20/40], Step: [141/782], Loss: 0.4778907299041748
Rank:0 Epoch: [20/40], Step: [151/782], Loss: 0.7211233973503113
Rank:0 Epoch: [20/40], Step: [161/782], Loss: 0.6391848921775818
Rank:0 Epoch: [20/40], Step: [171/782], Loss: 1.0529696941375732
Rank:0 Epoch: [20/40], Step: [181/782], Loss: 0.5475319623947144
Rank:0 Epoch: [20/40], Step: [191/782], Loss: 0.5612463355064392
Rank:0 Epoch: [20/40], Step: [201/782], Loss: 0.4904613792896271
Rank:0 Epoch: [20/40], Step: [211/782], Loss: 0.5006332397460938
Rank:0 Epoch: [20/40], Step: [221/782], Loss: 0.49561256170272827
Rank:0 Epoch: [20/40], Step: [231/782], Loss: 0.8631941676139832
Rank:0 Epoch: [20/40], Step: [241/782], Loss: 0.6166251301765442
Rank:0 Epoch: [20/40], Step: [251/782], Loss: 0.6763595342636108
Rank:0 Epoch: [20/40], Step: [261/782], Loss: 0.5467151999473572
Rank:0 Epoch: [20/40], Step: [271/782], Loss: 0.45854443311691284
Rank:0 Epoch: [20/40], Step: [281/782], Loss: 0.7706289887428284
Rank:0 Epoch: [20/40], Step: [291/782], Loss: 0.42066138982772827
Rank:0 Epoch: [20/40], Step: [301/782], Loss: 0.48491302132606506
Rank:0 Epoch: [20/40], Step: [311/782], Loss: 0.4590972363948822
Rank:0 Epoch: [20/40], Step: [321/782], Loss: 0.3704133629798889
Rank:0 Epoch: [20/40], Step: [331/782], Loss: 0.5341591835021973
Rank:0 Epoch: [20/40], Step: [341/782], Loss: 0.41857099533081055
Rank:0 Epoch: [20/40], Step: [351/782], Loss: 0.37448593974113464
Rank:0 Epoch: [20/40], Step: [361/782], Loss: 0.48140525817871094
Rank:0 Epoch: [20/40], Step: [371/782], Loss: 0.2898178994655609
Rank:0 Epoch: [20/40], Step: [381/782], Loss: 0.42293494939804077
Rank:0 Epoch: [20/40], Step: [391/782], Loss: 0.5672194361686707
Rank:0 Epoch: [20/40], Step: [401/782], Loss: 0.4658394157886505
Rank:0 Epoch: [20/40], Step: [411/782], Loss: 0.723234236240387
Rank:0 Epoch: [20/40], Step: [421/782], Loss: 0.41669607162475586
Rank:0 Epoch: [20/40], Step: [431/782], Loss: 0.4823940098285675
Rank:0 Epoch: [20/40], Step: [441/782], Loss: 0.6291335821151733
Rank:0 Epoch: [20/40], Step: [451/782], Loss: 0.5134235620498657
Rank:0 Epoch: [20/40], Step: [461/782], Loss: 0.3691900372505188
Rank:0 Epoch: [20/40], Step: [471/782], Loss: 0.49415773153305054
Rank:0 Epoch: [20/40], Step: [481/782], Loss: 0.6528668999671936
Rank:0 Epoch: [20/40], Step: [491/782], Loss: 0.5132487416267395
Rank:0 Epoch: [20/40], Step: [501/782], Loss: 0.7143726944923401
Rank:0 Epoch: [20/40], Step: [511/782], Loss: 0.5461294651031494
Rank:0 Epoch: [20/40], Step: [521/782], Loss: 0.36949682235717773
Rank:0 Epoch: [20/40], Step: [531/782], Loss: 0.4075438678264618
Rank:0 Epoch: [20/40], Step: [541/782], Loss: 0.3873862624168396
Rank:0 Epoch: [20/40], Step: [551/782], Loss: 0.532894492149353
Rank:0 Epoch: [20/40], Step: [561/782], Loss: 0.4301358759403229
Rank:0 Epoch: [20/40], Step: [571/782], Loss: 0.612638533115387
Rank:0 Epoch: [20/40], Step: [581/782], Loss: 0.5935476422309875
Rank:0 Epoch: [20/40], Step: [591/782], Loss: 0.45272812247276306
Rank:0 Epoch: [20/40], Step: [601/782], Loss: 0.6355522274971008
Rank:0 Epoch: [20/40], Step: [611/782], Loss: 0.5699341297149658
Rank:0 Epoch: [20/40], Step: [621/782], Loss: 0.5784750580787659
Rank:0 Epoch: [20/40], Step: [631/782], Loss: 0.8027137517929077
Rank:0 Epoch: [20/40], Step: [641/782], Loss: 0.495903342962265
Rank:0 Epoch: [20/40], Step: [651/782], Loss: 0.4621693789958954
Rank:0 Epoch: [20/40], Step: [661/782], Loss: 0.3458293080329895
Rank:0 Epoch: [20/40], Step: [671/782], Loss: 0.7199342250823975
Rank:0 Epoch: [20/40], Step: [681/782], Loss: 0.5245330333709717
Rank:0 Epoch: [20/40], Step: [691/782], Loss: 0.4998369812965393
Rank:0 Epoch: [20/40], Step: [701/782], Loss: 0.5247984528541565
Rank:0 Epoch: [20/40], Step: [711/782], Loss: 0.4305722415447235
Rank:0 Epoch: [20/40], Step: [721/782], Loss: 0.3284963369369507
Rank:0 Epoch: [20/40], Step: [731/782], Loss: 0.3621688783168793
Rank:0 Epoch: [20/40], Step: [741/782], Loss: 0.6923352479934692
Rank:0 Epoch: [20/40], Step: [751/782], Loss: 0.506350576877594
Rank:0 Epoch: [20/40], Step: [761/782], Loss: 0.4638611078262329
Rank:0 Epoch: [20/40], Step: [771/782], Loss: 0.5699851512908936
Rank:0 Epoch: [20/40], Step: [781/782], Loss: 0.3515855371952057
Current Test Acc: 0.8401
Rank:0 Epoch: [21/40], Step: [1/782], Loss: 0.5257195234298706
Rank:0 Epoch: [21/40], Step: [11/782], Loss: 0.3512542247772217
Rank:0 Epoch: [21/40], Step: [21/782], Loss: 0.3276091516017914
Rank:0 Epoch: [21/40], Step: [31/782], Loss: 0.37954533100128174
Rank:0 Epoch: [21/40], Step: [41/782], Loss: 0.3858748972415924
Rank:0 Epoch: [21/40], Step: [51/782], Loss: 0.406757116317749
Rank:0 Epoch: [21/40], Step: [61/782], Loss: 0.5285515189170837
Rank:0 Epoch: [21/40], Step: [71/782], Loss: 0.2685820162296295
Rank:0 Epoch: [21/40], Step: [81/782], Loss: 0.21717780828475952
Rank:0 Epoch: [21/40], Step: [91/782], Loss: 0.3795967996120453
Rank:0 Epoch: [21/40], Step: [101/782], Loss: 0.45445120334625244
Rank:0 Epoch: [21/40], Step: [111/782], Loss: 0.2316306084394455
Rank:0 Epoch: [21/40], Step: [121/782], Loss: 0.5864214897155762
Rank:0 Epoch: [21/40], Step: [131/782], Loss: 0.3740150034427643
Rank:0 Epoch: [21/40], Step: [141/782], Loss: 0.35030651092529297
Rank:0 Epoch: [21/40], Step: [151/782], Loss: 0.5293564796447754
Rank:0 Epoch: [21/40], Step: [161/782], Loss: 0.27567264437675476
Rank:0 Epoch: [21/40], Step: [171/782], Loss: 0.5685845017433167
Rank:0 Epoch: [21/40], Step: [181/782], Loss: 0.25747111439704895
Rank:0 Epoch: [21/40], Step: [191/782], Loss: 0.42127278447151184
Rank:0 Epoch: [21/40], Step: [201/782], Loss: 0.3980962634086609
Rank:0 Epoch: [21/40], Step: [211/782], Loss: 0.3044201135635376
Rank:0 Epoch: [21/40], Step: [221/782], Loss: 0.279053658246994
Rank:0 Epoch: [21/40], Step: [231/782], Loss: 0.650841236114502
Rank:0 Epoch: [21/40], Step: [241/782], Loss: 0.19807209074497223
Rank:0 Epoch: [21/40], Step: [251/782], Loss: 0.32608965039253235
Rank:0 Epoch: [21/40], Step: [261/782], Loss: 0.22539733350276947
Rank:0 Epoch: [21/40], Step: [271/782], Loss: 0.5206843614578247
Rank:0 Epoch: [21/40], Step: [281/782], Loss: 0.5286383628845215
Rank:0 Epoch: [21/40], Step: [291/782], Loss: 0.2962651550769806
Rank:0 Epoch: [21/40], Step: [301/782], Loss: 0.4506867527961731
Rank:0 Epoch: [21/40], Step: [311/782], Loss: 0.2943038046360016
Rank:0 Epoch: [21/40], Step: [321/782], Loss: 0.3248327076435089
Rank:0 Epoch: [21/40], Step: [331/782], Loss: 0.18720608949661255
Rank:0 Epoch: [21/40], Step: [341/782], Loss: 0.3362478017807007
Rank:0 Epoch: [21/40], Step: [351/782], Loss: 0.27294325828552246
Rank:0 Epoch: [21/40], Step: [361/782], Loss: 0.28240764141082764
Rank:0 Epoch: [21/40], Step: [371/782], Loss: 0.25269484519958496
Rank:0 Epoch: [21/40], Step: [381/782], Loss: 0.500816822052002
Rank:0 Epoch: [21/40], Step: [391/782], Loss: 0.27009397745132446
Rank:0 Epoch: [21/40], Step: [401/782], Loss: 0.4142768979072571
Rank:0 Epoch: [21/40], Step: [411/782], Loss: 0.39460429549217224
Rank:0 Epoch: [21/40], Step: [421/782], Loss: 0.25683197379112244
Rank:0 Epoch: [21/40], Step: [431/782], Loss: 0.26736411452293396
Rank:0 Epoch: [21/40], Step: [441/782], Loss: 0.2528848946094513
Rank:0 Epoch: [21/40], Step: [451/782], Loss: 0.366943359375
Rank:0 Epoch: [21/40], Step: [461/782], Loss: 0.21777181327342987
Rank:0 Epoch: [21/40], Step: [471/782], Loss: 0.5519880056381226
Rank:0 Epoch: [21/40], Step: [481/782], Loss: 0.14380782842636108
Rank:0 Epoch: [21/40], Step: [491/782], Loss: 0.35373058915138245
Rank:0 Epoch: [21/40], Step: [501/782], Loss: 0.16857551038265228
Rank:0 Epoch: [21/40], Step: [511/782], Loss: 0.27640828490257263
Rank:0 Epoch: [21/40], Step: [521/782], Loss: 0.3909659683704376
Rank:0 Epoch: [21/40], Step: [531/782], Loss: 0.2144705355167389
Rank:0 Epoch: [21/40], Step: [541/782], Loss: 0.3385860323905945
Rank:0 Epoch: [21/40], Step: [551/782], Loss: 0.3782605826854706
Rank:0 Epoch: [21/40], Step: [561/782], Loss: 0.32375097274780273
Rank:0 Epoch: [21/40], Step: [571/782], Loss: 0.2175360918045044
Rank:0 Epoch: [21/40], Step: [581/782], Loss: 0.5874685049057007
Rank:0 Epoch: [21/40], Step: [591/782], Loss: 0.20836924016475677
Rank:0 Epoch: [21/40], Step: [601/782], Loss: 0.13068220019340515
Rank:0 Epoch: [21/40], Step: [611/782], Loss: 0.2091417908668518
Rank:0 Epoch: [21/40], Step: [621/782], Loss: 0.22598257660865784
Rank:0 Epoch: [21/40], Step: [631/782], Loss: 0.14292258024215698
Rank:0 Epoch: [21/40], Step: [641/782], Loss: 0.15996986627578735
Rank:0 Epoch: [21/40], Step: [651/782], Loss: 0.27197015285491943
Rank:0 Epoch: [21/40], Step: [661/782], Loss: 0.46769657731056213
Rank:0 Epoch: [21/40], Step: [671/782], Loss: 0.29010170698165894
Rank:0 Epoch: [21/40], Step: [681/782], Loss: 0.21405111253261566
Rank:0 Epoch: [21/40], Step: [691/782], Loss: 0.21249976754188538
Rank:0 Epoch: [21/40], Step: [701/782], Loss: 0.3902475833892822
Rank:0 Epoch: [21/40], Step: [711/782], Loss: 0.2829391658306122
Rank:0 Epoch: [21/40], Step: [721/782], Loss: 0.2460513412952423
Rank:0 Epoch: [21/40], Step: [731/782], Loss: 0.38638779520988464
Rank:0 Epoch: [21/40], Step: [741/782], Loss: 0.17438183724880219
Rank:0 Epoch: [21/40], Step: [751/782], Loss: 0.30255091190338135
Rank:0 Epoch: [21/40], Step: [761/782], Loss: 0.32302987575531006
Rank:0 Epoch: [21/40], Step: [771/782], Loss: 0.24342013895511627
Rank:0 Epoch: [21/40], Step: [781/782], Loss: 0.4438301920890808
Current Test Acc: 0.899
Rank:0 Epoch: [22/40], Step: [1/782], Loss: 0.19387274980545044
Rank:0 Epoch: [22/40], Step: [11/782], Loss: 0.30950450897216797
Rank:0 Epoch: [22/40], Step: [21/782], Loss: 0.21154999732971191
Rank:0 Epoch: [22/40], Step: [31/782], Loss: 0.21969389915466309
Rank:0 Epoch: [22/40], Step: [41/782], Loss: 0.4306332468986511
Rank:0 Epoch: [22/40], Step: [51/782], Loss: 0.2729600965976715
Rank:0 Epoch: [22/40], Step: [61/782], Loss: 0.35024765133857727
Rank:0 Epoch: [22/40], Step: [71/782], Loss: 0.7824885249137878
Rank:0 Epoch: [22/40], Step: [81/782], Loss: 0.4454895853996277
Rank:0 Epoch: [22/40], Step: [91/782], Loss: 0.22495657205581665
Rank:0 Epoch: [22/40], Step: [101/782], Loss: 0.21669882535934448
Rank:0 Epoch: [22/40], Step: [111/782], Loss: 0.4096164107322693
Rank:0 Epoch: [22/40], Step: [121/782], Loss: 0.14541931450366974
Rank:0 Epoch: [22/40], Step: [131/782], Loss: 0.2408895343542099
Rank:0 Epoch: [22/40], Step: [141/782], Loss: 0.28527766466140747
Rank:0 Epoch: [22/40], Step: [151/782], Loss: 0.18201708793640137
Rank:0 Epoch: [22/40], Step: [161/782], Loss: 0.130437433719635
Rank:0 Epoch: [22/40], Step: [171/782], Loss: 0.2360326647758484
Rank:0 Epoch: [22/40], Step: [181/782], Loss: 0.2291232943534851
Rank:0 Epoch: [22/40], Step: [191/782], Loss: 0.40646350383758545
Rank:0 Epoch: [22/40], Step: [201/782], Loss: 0.18690600991249084
Rank:0 Epoch: [22/40], Step: [211/782], Loss: 0.1959407776594162
Rank:0 Epoch: [22/40], Step: [221/782], Loss: 0.19828537106513977
Rank:0 Epoch: [22/40], Step: [231/782], Loss: 0.2562424838542938
Rank:0 Epoch: [22/40], Step: [241/782], Loss: 0.18907654285430908
Rank:0 Epoch: [22/40], Step: [251/782], Loss: 0.1461651623249054
Rank:0 Epoch: [22/40], Step: [261/782], Loss: 0.21293339133262634
Rank:0 Epoch: [22/40], Step: [271/782], Loss: 0.3223481774330139
Rank:0 Epoch: [22/40], Step: [281/782], Loss: 0.29990503191947937
Rank:0 Epoch: [22/40], Step: [291/782], Loss: 0.17035965621471405
Rank:0 Epoch: [22/40], Step: [301/782], Loss: 0.4682267904281616
Rank:0 Epoch: [22/40], Step: [311/782], Loss: 0.20115666091442108
Rank:0 Epoch: [22/40], Step: [321/782], Loss: 0.18440735340118408
Rank:0 Epoch: [22/40], Step: [331/782], Loss: 0.5788447856903076
Rank:0 Epoch: [22/40], Step: [341/782], Loss: 0.27215737104415894
Rank:0 Epoch: [22/40], Step: [351/782], Loss: 0.11128956079483032
Rank:0 Epoch: [22/40], Step: [361/782], Loss: 0.3082149922847748
Rank:0 Epoch: [22/40], Step: [371/782], Loss: 0.12545785307884216
Rank:0 Epoch: [22/40], Step: [381/782], Loss: 0.24470187723636627
Rank:0 Epoch: [22/40], Step: [391/782], Loss: 0.7469117045402527
Rank:0 Epoch: [22/40], Step: [401/782], Loss: 0.14617183804512024
Rank:0 Epoch: [22/40], Step: [411/782], Loss: 0.22656595706939697
Rank:0 Epoch: [22/40], Step: [421/782], Loss: 0.20219692587852478
Rank:0 Epoch: [22/40], Step: [431/782], Loss: 0.346059113740921
Rank:0 Epoch: [22/40], Step: [441/782], Loss: 0.1603803038597107
Rank:0 Epoch: [22/40], Step: [451/782], Loss: 0.23022997379302979
Rank:0 Epoch: [22/40], Step: [461/782], Loss: 0.19050556421279907
Rank:0 Epoch: [22/40], Step: [471/782], Loss: 0.3936406672000885
Rank:0 Epoch: [22/40], Step: [481/782], Loss: 0.1918341964483261
Rank:0 Epoch: [22/40], Step: [491/782], Loss: 0.3833557069301605
Rank:0 Epoch: [22/40], Step: [501/782], Loss: 0.4120433032512665
Rank:0 Epoch: [22/40], Step: [511/782], Loss: 0.22792483866214752
Rank:0 Epoch: [22/40], Step: [521/782], Loss: 0.3088839650154114
Rank:0 Epoch: [22/40], Step: [531/782], Loss: 0.2562706172466278
Rank:0 Epoch: [22/40], Step: [541/782], Loss: 0.2947348952293396
Rank:0 Epoch: [22/40], Step: [551/782], Loss: 0.2129448652267456
Rank:0 Epoch: [22/40], Step: [561/782], Loss: 0.2359500229358673
Rank:0 Epoch: [22/40], Step: [571/782], Loss: 0.3688409626483917
Rank:0 Epoch: [22/40], Step: [581/782], Loss: 0.3399677872657776
Rank:0 Epoch: [22/40], Step: [591/782], Loss: 0.2098693996667862
Rank:0 Epoch: [22/40], Step: [601/782], Loss: 0.26504912972450256
Rank:0 Epoch: [22/40], Step: [611/782], Loss: 0.22596372663974762
Rank:0 Epoch: [22/40], Step: [621/782], Loss: 0.2560001611709595
Rank:0 Epoch: [22/40], Step: [631/782], Loss: 0.2066597044467926
Rank:0 Epoch: [22/40], Step: [641/782], Loss: 0.15298119187355042
Rank:0 Epoch: [22/40], Step: [651/782], Loss: 0.13782748579978943
Rank:0 Epoch: [22/40], Step: [661/782], Loss: 0.17260409891605377
Rank:0 Epoch: [22/40], Step: [671/782], Loss: 0.2720477283000946
Rank:0 Epoch: [22/40], Step: [681/782], Loss: 0.2301412671804428
Rank:0 Epoch: [22/40], Step: [691/782], Loss: 0.6600871086120605
Rank:0 Epoch: [22/40], Step: [701/782], Loss: 0.2821812927722931
Rank:0 Epoch: [22/40], Step: [711/782], Loss: 0.20560219883918762
Rank:0 Epoch: [22/40], Step: [721/782], Loss: 0.25395551323890686
Rank:0 Epoch: [22/40], Step: [731/782], Loss: 0.16400118172168732
Rank:0 Epoch: [22/40], Step: [741/782], Loss: 0.17272284626960754
Rank:0 Epoch: [22/40], Step: [751/782], Loss: 0.20045742392539978
Rank:0 Epoch: [22/40], Step: [761/782], Loss: 0.24161799252033234
Rank:0 Epoch: [22/40], Step: [771/782], Loss: 0.1823590248823166
Rank:0 Epoch: [22/40], Step: [781/782], Loss: 0.20126591622829437
Current Test Acc: 0.905
Rank:0 Epoch: [23/40], Step: [1/782], Loss: 0.3366406261920929
Rank:0 Epoch: [23/40], Step: [11/782], Loss: 0.18246862292289734
Rank:0 Epoch: [23/40], Step: [21/782], Loss: 0.19410918653011322
Rank:0 Epoch: [23/40], Step: [31/782], Loss: 0.22239245474338531
Rank:0 Epoch: [23/40], Step: [41/782], Loss: 0.1749853491783142
Rank:0 Epoch: [23/40], Step: [51/782], Loss: 0.19354599714279175
Rank:0 Epoch: [23/40], Step: [61/782], Loss: 0.1672586053609848
Rank:0 Epoch: [23/40], Step: [71/782], Loss: 0.18604248762130737
Rank:0 Epoch: [23/40], Step: [81/782], Loss: 0.3752414286136627
Rank:0 Epoch: [23/40], Step: [91/782], Loss: 0.20887145400047302
Rank:0 Epoch: [23/40], Step: [101/782], Loss: 0.17930498719215393
Rank:0 Epoch: [23/40], Step: [111/782], Loss: 0.12629331648349762
Rank:0 Epoch: [23/40], Step: [121/782], Loss: 0.26496392488479614
Rank:0 Epoch: [23/40], Step: [131/782], Loss: 0.2068619281053543
Rank:0 Epoch: [23/40], Step: [141/782], Loss: 0.262045681476593
Rank:0 Epoch: [23/40], Step: [151/782], Loss: 0.19572511315345764
Rank:0 Epoch: [23/40], Step: [161/782], Loss: 0.4794718623161316
Rank:0 Epoch: [23/40], Step: [171/782], Loss: 0.1755053997039795
Rank:0 Epoch: [23/40], Step: [181/782], Loss: 0.22250498831272125
Rank:0 Epoch: [23/40], Step: [191/782], Loss: 0.1769072264432907
Rank:0 Epoch: [23/40], Step: [201/782], Loss: 0.2691294252872467
Rank:0 Epoch: [23/40], Step: [211/782], Loss: 0.12925131618976593
Rank:0 Epoch: [23/40], Step: [221/782], Loss: 0.2312890738248825
Rank:0 Epoch: [23/40], Step: [231/782], Loss: 0.3429771065711975
Rank:0 Epoch: [23/40], Step: [241/782], Loss: 0.2626713216304779
Rank:0 Epoch: [23/40], Step: [251/782], Loss: 0.4357302784919739
Rank:0 Epoch: [23/40], Step: [261/782], Loss: 0.3495742678642273
Rank:0 Epoch: [23/40], Step: [271/782], Loss: 0.18957172334194183
Rank:0 Epoch: [23/40], Step: [281/782], Loss: 0.2481745481491089
Rank:0 Epoch: [23/40], Step: [291/782], Loss: 0.21919947862625122
Rank:0 Epoch: [23/40], Step: [301/782], Loss: 0.18447186052799225
Rank:0 Epoch: [23/40], Step: [311/782], Loss: 0.24938388168811798
Rank:0 Epoch: [23/40], Step: [321/782], Loss: 0.22003664076328278
Rank:0 Epoch: [23/40], Step: [331/782], Loss: 0.09369509667158127
Rank:0 Epoch: [23/40], Step: [341/782], Loss: 0.2139967381954193
Rank:0 Epoch: [23/40], Step: [351/782], Loss: 0.11924982070922852
Rank:0 Epoch: [23/40], Step: [361/782], Loss: 0.3457535207271576
Rank:0 Epoch: [23/40], Step: [371/782], Loss: 0.14445866644382477
Rank:0 Epoch: [23/40], Step: [381/782], Loss: 0.20697657763957977
Rank:0 Epoch: [23/40], Step: [391/782], Loss: 0.23895646631717682
Rank:0 Epoch: [23/40], Step: [401/782], Loss: 0.24798373878002167
Rank:0 Epoch: [23/40], Step: [411/782], Loss: 0.13392825424671173
Rank:0 Epoch: [23/40], Step: [421/782], Loss: 0.14061743021011353
Rank:0 Epoch: [23/40], Step: [431/782], Loss: 0.26040008664131165
Rank:0 Epoch: [23/40], Step: [441/782], Loss: 0.2771555483341217
Rank:0 Epoch: [23/40], Step: [451/782], Loss: 0.33517223596572876
Rank:0 Epoch: [23/40], Step: [461/782], Loss: 0.14447906613349915
Rank:0 Epoch: [23/40], Step: [471/782], Loss: 0.2870071232318878
Rank:0 Epoch: [23/40], Step: [481/782], Loss: 0.2639249563217163
Rank:0 Epoch: [23/40], Step: [491/782], Loss: 0.10000256448984146
Rank:0 Epoch: [23/40], Step: [501/782], Loss: 0.3220265507698059
Rank:0 Epoch: [23/40], Step: [511/782], Loss: 0.20119957625865936
Rank:0 Epoch: [23/40], Step: [521/782], Loss: 0.1782379001379013
Rank:0 Epoch: [23/40], Step: [531/782], Loss: 0.4911404550075531
Rank:0 Epoch: [23/40], Step: [541/782], Loss: 0.14032578468322754
Rank:0 Epoch: [23/40], Step: [551/782], Loss: 0.12227612733840942
Rank:0 Epoch: [23/40], Step: [561/782], Loss: 0.14874692261219025
Rank:0 Epoch: [23/40], Step: [571/782], Loss: 0.22605453431606293
Rank:0 Epoch: [23/40], Step: [581/782], Loss: 0.1269848346710205
Rank:0 Epoch: [23/40], Step: [591/782], Loss: 0.24916397035121918
Rank:0 Epoch: [23/40], Step: [601/782], Loss: 0.3537416160106659
Rank:0 Epoch: [23/40], Step: [611/782], Loss: 0.10971653461456299
Rank:0 Epoch: [23/40], Step: [621/782], Loss: 0.1345270872116089
Rank:0 Epoch: [23/40], Step: [631/782], Loss: 0.19488291442394257
Rank:0 Epoch: [23/40], Step: [641/782], Loss: 0.1863546371459961
Rank:0 Epoch: [23/40], Step: [651/782], Loss: 0.11945640295743942
Rank:0 Epoch: [23/40], Step: [661/782], Loss: 0.16354148089885712
Rank:0 Epoch: [23/40], Step: [671/782], Loss: 0.20152825117111206
Rank:0 Epoch: [23/40], Step: [681/782], Loss: 0.23173245787620544
Rank:0 Epoch: [23/40], Step: [691/782], Loss: 0.2633887529373169
Rank:0 Epoch: [23/40], Step: [701/782], Loss: 0.18574869632720947
Rank:0 Epoch: [23/40], Step: [711/782], Loss: 0.37497156858444214
Rank:0 Epoch: [23/40], Step: [721/782], Loss: 0.18007886409759521
Rank:0 Epoch: [23/40], Step: [731/782], Loss: 0.22391191124916077
Rank:0 Epoch: [23/40], Step: [741/782], Loss: 0.26809683442115784
Rank:0 Epoch: [23/40], Step: [751/782], Loss: 0.24935460090637207
Rank:0 Epoch: [23/40], Step: [761/782], Loss: 0.1516992449760437
Rank:0 Epoch: [23/40], Step: [771/782], Loss: 0.30867427587509155
Rank:0 Epoch: [23/40], Step: [781/782], Loss: 0.23953865468502045
Current Test Acc: 0.9049
Rank:0 Epoch: [24/40], Step: [1/782], Loss: 0.3565404713153839
Rank:0 Epoch: [24/40], Step: [11/782], Loss: 0.2469256967306137
Rank:0 Epoch: [24/40], Step: [21/782], Loss: 0.2608512341976166
Rank:0 Epoch: [24/40], Step: [31/782], Loss: 0.14483137428760529
Rank:0 Epoch: [24/40], Step: [41/782], Loss: 0.11691450327634811
Rank:0 Epoch: [24/40], Step: [51/782], Loss: 0.1972603052854538
Rank:0 Epoch: [24/40], Step: [61/782], Loss: 0.22484561800956726
Rank:0 Epoch: [24/40], Step: [71/782], Loss: 0.3426703214645386
Rank:0 Epoch: [24/40], Step: [81/782], Loss: 0.3539600670337677
Rank:0 Epoch: [24/40], Step: [91/782], Loss: 0.12841087579727173
Rank:0 Epoch: [24/40], Step: [101/782], Loss: 0.25421062111854553
Rank:0 Epoch: [24/40], Step: [111/782], Loss: 0.2975477874279022
Rank:0 Epoch: [24/40], Step: [121/782], Loss: 0.31855309009552
Rank:0 Epoch: [24/40], Step: [131/782], Loss: 0.12837351858615875
Rank:0 Epoch: [24/40], Step: [141/782], Loss: 0.17251421511173248
Rank:0 Epoch: [24/40], Step: [151/782], Loss: 0.2705266773700714
Rank:0 Epoch: [24/40], Step: [161/782], Loss: 0.1694091558456421
Rank:0 Epoch: [24/40], Step: [171/782], Loss: 0.16239745914936066
Rank:0 Epoch: [24/40], Step: [181/782], Loss: 0.5077711343765259
Rank:0 Epoch: [24/40], Step: [191/782], Loss: 0.1486223340034485
Rank:0 Epoch: [24/40], Step: [201/782], Loss: 0.17134200036525726
Rank:0 Epoch: [24/40], Step: [211/782], Loss: 0.2314160019159317
Rank:0 Epoch: [24/40], Step: [221/782], Loss: 0.17295387387275696
Rank:0 Epoch: [24/40], Step: [231/782], Loss: 0.24389681220054626
Rank:0 Epoch: [24/40], Step: [241/782], Loss: 0.1077658087015152
Rank:0 Epoch: [24/40], Step: [251/782], Loss: 0.24608370661735535
Rank:0 Epoch: [24/40], Step: [261/782], Loss: 0.11617286503314972
Rank:0 Epoch: [24/40], Step: [271/782], Loss: 0.1355421394109726
Rank:0 Epoch: [24/40], Step: [281/782], Loss: 0.17482957243919373
Rank:0 Epoch: [24/40], Step: [291/782], Loss: 0.1559600681066513
Rank:0 Epoch: [24/40], Step: [301/782], Loss: 0.12081994861364365
Rank:0 Epoch: [24/40], Step: [311/782], Loss: 0.2579115331172943
Rank:0 Epoch: [24/40], Step: [321/782], Loss: 0.2837491035461426
Rank:0 Epoch: [24/40], Step: [331/782], Loss: 0.24138905107975006
Rank:0 Epoch: [24/40], Step: [341/782], Loss: 0.12901286780834198
Rank:0 Epoch: [24/40], Step: [351/782], Loss: 0.22167383134365082
Rank:0 Epoch: [24/40], Step: [361/782], Loss: 0.20420469343662262
Rank:0 Epoch: [24/40], Step: [371/782], Loss: 0.13854965567588806
Rank:0 Epoch: [24/40], Step: [381/782], Loss: 0.1368606686592102
Rank:0 Epoch: [24/40], Step: [391/782], Loss: 0.14301158487796783
Rank:0 Epoch: [24/40], Step: [401/782], Loss: 0.11454255878925323
Rank:0 Epoch: [24/40], Step: [411/782], Loss: 0.30826783180236816
Rank:0 Epoch: [24/40], Step: [421/782], Loss: 0.197360098361969
Rank:0 Epoch: [24/40], Step: [431/782], Loss: 0.21583469212055206
Rank:0 Epoch: [24/40], Step: [441/782], Loss: 0.14044581353664398
Rank:0 Epoch: [24/40], Step: [451/782], Loss: 0.15658077597618103
Rank:0 Epoch: [24/40], Step: [461/782], Loss: 0.23192472755908966
Rank:0 Epoch: [24/40], Step: [471/782], Loss: 0.1255134642124176
Rank:0 Epoch: [24/40], Step: [481/782], Loss: 0.4469141364097595
Rank:0 Epoch: [24/40], Step: [491/782], Loss: 0.3493238091468811
Rank:0 Epoch: [24/40], Step: [501/782], Loss: 0.1923484355211258
Rank:0 Epoch: [24/40], Step: [511/782], Loss: 0.317442387342453
Rank:0 Epoch: [24/40], Step: [521/782], Loss: 0.3060345947742462
Rank:0 Epoch: [24/40], Step: [531/782], Loss: 0.1741712987422943
Rank:0 Epoch: [24/40], Step: [541/782], Loss: 0.0943349227309227
Rank:0 Epoch: [24/40], Step: [551/782], Loss: 0.13001547753810883
Rank:0 Epoch: [24/40], Step: [561/782], Loss: 0.1999237835407257
Rank:0 Epoch: [24/40], Step: [571/782], Loss: 0.29777100682258606
Rank:0 Epoch: [24/40], Step: [581/782], Loss: 0.15767444670200348
Rank:0 Epoch: [24/40], Step: [591/782], Loss: 0.0820489376783371
Rank:0 Epoch: [24/40], Step: [601/782], Loss: 0.25314128398895264
Rank:0 Epoch: [24/40], Step: [611/782], Loss: 0.2968713343143463
Rank:0 Epoch: [24/40], Step: [621/782], Loss: 0.06888403743505478
Rank:0 Epoch: [24/40], Step: [631/782], Loss: 0.15989112854003906
Rank:0 Epoch: [24/40], Step: [641/782], Loss: 0.1495496928691864
Rank:0 Epoch: [24/40], Step: [651/782], Loss: 0.26929476857185364
Rank:0 Epoch: [24/40], Step: [661/782], Loss: 0.09447596222162247
Rank:0 Epoch: [24/40], Step: [671/782], Loss: 0.10913152992725372
Rank:0 Epoch: [24/40], Step: [681/782], Loss: 0.08601965010166168
Rank:0 Epoch: [24/40], Step: [691/782], Loss: 0.19445723295211792
Rank:0 Epoch: [24/40], Step: [701/782], Loss: 0.15928752720355988
Rank:0 Epoch: [24/40], Step: [711/782], Loss: 0.2344474345445633
Rank:0 Epoch: [24/40], Step: [721/782], Loss: 0.11730889230966568
Rank:0 Epoch: [24/40], Step: [731/782], Loss: 0.20162387192249298
Rank:0 Epoch: [24/40], Step: [741/782], Loss: 0.21064409613609314
Rank:0 Epoch: [24/40], Step: [751/782], Loss: 0.24244168400764465
Rank:0 Epoch: [24/40], Step: [761/782], Loss: 0.24286837875843048
Rank:0 Epoch: [24/40], Step: [771/782], Loss: 0.18889901041984558
Rank:0 Epoch: [24/40], Step: [781/782], Loss: 0.20971228182315826
Current Test Acc: 0.9102
Rank:0 Epoch: [25/40], Step: [1/782], Loss: 0.20926660299301147
Rank:0 Epoch: [25/40], Step: [11/782], Loss: 0.09180818498134613
Rank:0 Epoch: [25/40], Step: [21/782], Loss: 0.16965395212173462
Rank:0 Epoch: [25/40], Step: [31/782], Loss: 0.0790836364030838
Rank:0 Epoch: [25/40], Step: [41/782], Loss: 0.20752999186515808
Rank:0 Epoch: [25/40], Step: [51/782], Loss: 0.12151976674795151
Rank:0 Epoch: [25/40], Step: [61/782], Loss: 0.3257223069667816
Rank:0 Epoch: [25/40], Step: [71/782], Loss: 0.13975746929645538
Rank:0 Epoch: [25/40], Step: [81/782], Loss: 0.24163539707660675
Rank:0 Epoch: [25/40], Step: [91/782], Loss: 0.16091391444206238
Rank:0 Epoch: [25/40], Step: [101/782], Loss: 0.13291864097118378
Rank:0 Epoch: [25/40], Step: [111/782], Loss: 0.26573657989501953
Rank:0 Epoch: [25/40], Step: [121/782], Loss: 0.13677768409252167
Rank:0 Epoch: [25/40], Step: [131/782], Loss: 0.09240081161260605
Rank:0 Epoch: [25/40], Step: [141/782], Loss: 0.10234774649143219
Rank:0 Epoch: [25/40], Step: [151/782], Loss: 0.1193508505821228
Rank:0 Epoch: [25/40], Step: [161/782], Loss: 0.09763715416193008
Rank:0 Epoch: [25/40], Step: [171/782], Loss: 0.12401869893074036
Rank:0 Epoch: [25/40], Step: [181/782], Loss: 0.09360166639089584
Rank:0 Epoch: [25/40], Step: [191/782], Loss: 0.20130684971809387
Rank:0 Epoch: [25/40], Step: [201/782], Loss: 0.13222405314445496
Rank:0 Epoch: [25/40], Step: [211/782], Loss: 0.208089217543602
Rank:0 Epoch: [25/40], Step: [221/782], Loss: 0.29076510667800903
Rank:0 Epoch: [25/40], Step: [231/782], Loss: 0.16093778610229492
Rank:0 Epoch: [25/40], Step: [241/782], Loss: 0.21391141414642334
Rank:0 Epoch: [25/40], Step: [251/782], Loss: 0.1343502551317215
Rank:0 Epoch: [25/40], Step: [261/782], Loss: 0.2259615957736969
Rank:0 Epoch: [25/40], Step: [271/782], Loss: 0.20278097689151764
Rank:0 Epoch: [25/40], Step: [281/782], Loss: 0.09005095809698105
Rank:0 Epoch: [25/40], Step: [291/782], Loss: 0.12354715913534164
Rank:0 Epoch: [25/40], Step: [301/782], Loss: 0.3704906702041626
Rank:0 Epoch: [25/40], Step: [311/782], Loss: 0.2145635336637497
Rank:0 Epoch: [25/40], Step: [321/782], Loss: 0.11027570813894272
Rank:0 Epoch: [25/40], Step: [331/782], Loss: 0.2070336937904358
Rank:0 Epoch: [25/40], Step: [341/782], Loss: 0.14376932382583618
Rank:0 Epoch: [25/40], Step: [351/782], Loss: 0.1576467603445053
Rank:0 Epoch: [25/40], Step: [361/782], Loss: 0.12409816682338715
Rank:0 Epoch: [25/40], Step: [371/782], Loss: 0.2229490429162979
Rank:0 Epoch: [25/40], Step: [381/782], Loss: 0.19660717248916626
Rank:0 Epoch: [25/40], Step: [391/782], Loss: 0.1444280743598938
Rank:0 Epoch: [25/40], Step: [401/782], Loss: 0.1997063010931015
Rank:0 Epoch: [25/40], Step: [411/782], Loss: 0.09519876539707184
Rank:0 Epoch: [25/40], Step: [421/782], Loss: 0.20140069723129272
Rank:0 Epoch: [25/40], Step: [431/782], Loss: 0.15782001614570618
Rank:0 Epoch: [25/40], Step: [441/782], Loss: 0.09443163126707077
Rank:0 Epoch: [25/40], Step: [451/782], Loss: 0.17210450768470764
Rank:0 Epoch: [25/40], Step: [461/782], Loss: 0.08304672688245773
Rank:0 Epoch: [25/40], Step: [471/782], Loss: 0.20630846917629242
Rank:0 Epoch: [25/40], Step: [481/782], Loss: 0.30048978328704834
Rank:0 Epoch: [25/40], Step: [491/782], Loss: 0.15860308706760406
Rank:0 Epoch: [25/40], Step: [501/782], Loss: 0.11411607265472412
Rank:0 Epoch: [25/40], Step: [511/782], Loss: 0.1408451497554779
Rank:0 Epoch: [25/40], Step: [521/782], Loss: 0.36547356843948364
Rank:0 Epoch: [25/40], Step: [531/782], Loss: 0.15536269545555115
Rank:0 Epoch: [25/40], Step: [541/782], Loss: 0.4308834671974182
Rank:0 Epoch: [25/40], Step: [551/782], Loss: 0.1942300647497177
Rank:0 Epoch: [25/40], Step: [561/782], Loss: 0.14945173263549805
Rank:0 Epoch: [25/40], Step: [571/782], Loss: 0.34839504957199097
Rank:0 Epoch: [25/40], Step: [581/782], Loss: 0.1808856874704361
Rank:0 Epoch: [25/40], Step: [591/782], Loss: 0.10244407504796982
Rank:0 Epoch: [25/40], Step: [601/782], Loss: 0.18303604423999786
Rank:0 Epoch: [25/40], Step: [611/782], Loss: 0.2884960174560547
Rank:0 Epoch: [25/40], Step: [621/782], Loss: 0.3114987313747406
Rank:0 Epoch: [25/40], Step: [631/782], Loss: 0.22224120795726776
Rank:0 Epoch: [25/40], Step: [641/782], Loss: 0.18092572689056396
Rank:0 Epoch: [25/40], Step: [651/782], Loss: 0.20321156084537506
Rank:0 Epoch: [25/40], Step: [661/782], Loss: 0.24278737604618073
Rank:0 Epoch: [25/40], Step: [671/782], Loss: 0.42782071232795715
Rank:0 Epoch: [25/40], Step: [681/782], Loss: 0.2211969941854477
Rank:0 Epoch: [25/40], Step: [691/782], Loss: 0.1162765696644783
Rank:0 Epoch: [25/40], Step: [701/782], Loss: 0.1934833973646164
Rank:0 Epoch: [25/40], Step: [711/782], Loss: 0.26476043462753296
Rank:0 Epoch: [25/40], Step: [721/782], Loss: 0.1580217480659485
Rank:0 Epoch: [25/40], Step: [731/782], Loss: 0.2409971058368683
Rank:0 Epoch: [25/40], Step: [741/782], Loss: 0.14582884311676025
Rank:0 Epoch: [25/40], Step: [751/782], Loss: 0.2500755786895752
Rank:0 Epoch: [25/40], Step: [761/782], Loss: 0.2636449635028839
Rank:0 Epoch: [25/40], Step: [771/782], Loss: 0.2356826663017273
Rank:0 Epoch: [25/40], Step: [781/782], Loss: 0.12361244112253189
Current Test Acc: 0.9137
Rank:0 Epoch: [26/40], Step: [1/782], Loss: 0.17574749886989594
Rank:0 Epoch: [26/40], Step: [11/782], Loss: 0.24338766932487488
Rank:0 Epoch: [26/40], Step: [21/782], Loss: 0.20053601264953613
Rank:0 Epoch: [26/40], Step: [31/782], Loss: 0.11205080151557922
Rank:0 Epoch: [26/40], Step: [41/782], Loss: 0.09014950692653656
Rank:0 Epoch: [26/40], Step: [51/782], Loss: 0.2568219006061554
Rank:0 Epoch: [26/40], Step: [61/782], Loss: 0.2578202784061432
Rank:0 Epoch: [26/40], Step: [71/782], Loss: 0.10913348197937012
Rank:0 Epoch: [26/40], Step: [81/782], Loss: 0.12409096956253052
Rank:0 Epoch: [26/40], Step: [91/782], Loss: 0.14669597148895264
Rank:0 Epoch: [26/40], Step: [101/782], Loss: 0.07459557056427002
Rank:0 Epoch: [26/40], Step: [111/782], Loss: 0.28942057490348816
Rank:0 Epoch: [26/40], Step: [121/782], Loss: 0.161611407995224
Rank:0 Epoch: [26/40], Step: [131/782], Loss: 0.10087753087282181
Rank:0 Epoch: [26/40], Step: [141/782], Loss: 0.20036935806274414
Rank:0 Epoch: [26/40], Step: [151/782], Loss: 0.11668115854263306
Rank:0 Epoch: [26/40], Step: [161/782], Loss: 0.13010571897029877
Rank:0 Epoch: [26/40], Step: [171/782], Loss: 0.29385751485824585
Rank:0 Epoch: [26/40], Step: [181/782], Loss: 0.34069857001304626
Rank:0 Epoch: [26/40], Step: [191/782], Loss: 0.07832461595535278
Rank:0 Epoch: [26/40], Step: [201/782], Loss: 0.20918971300125122
Rank:0 Epoch: [26/40], Step: [211/782], Loss: 0.29067015647888184
Rank:0 Epoch: [26/40], Step: [221/782], Loss: 0.25415682792663574
Rank:0 Epoch: [26/40], Step: [231/782], Loss: 0.18281804025173187
Rank:0 Epoch: [26/40], Step: [241/782], Loss: 0.21825236082077026
Rank:0 Epoch: [26/40], Step: [251/782], Loss: 0.19759179651737213
Rank:0 Epoch: [26/40], Step: [261/782], Loss: 0.24231185019016266
Rank:0 Epoch: [26/40], Step: [271/782], Loss: 0.15738210082054138
Rank:0 Epoch: [26/40], Step: [281/782], Loss: 0.1737401932477951
Rank:0 Epoch: [26/40], Step: [291/782], Loss: 0.40227222442626953
Rank:0 Epoch: [26/40], Step: [301/782], Loss: 0.10999704897403717
Rank:0 Epoch: [26/40], Step: [311/782], Loss: 0.22584444284439087
Rank:0 Epoch: [26/40], Step: [321/782], Loss: 0.19552408158779144
Rank:0 Epoch: [26/40], Step: [331/782], Loss: 0.08436774462461472
Rank:0 Epoch: [26/40], Step: [341/782], Loss: 0.21317441761493683
Rank:0 Epoch: [26/40], Step: [351/782], Loss: 0.22055843472480774
Rank:0 Epoch: [26/40], Step: [361/782], Loss: 0.30711591243743896
Rank:0 Epoch: [26/40], Step: [371/782], Loss: 0.19896194338798523
Rank:0 Epoch: [26/40], Step: [381/782], Loss: 0.18616801500320435
Rank:0 Epoch: [26/40], Step: [391/782], Loss: 0.06851456314325333
Rank:0 Epoch: [26/40], Step: [401/782], Loss: 0.16134044528007507
Rank:0 Epoch: [26/40], Step: [411/782], Loss: 0.2499733716249466
Rank:0 Epoch: [26/40], Step: [421/782], Loss: 0.13635292649269104
Rank:0 Epoch: [26/40], Step: [431/782], Loss: 0.24585114419460297
Rank:0 Epoch: [26/40], Step: [441/782], Loss: 0.34305280447006226
Rank:0 Epoch: [26/40], Step: [451/782], Loss: 0.07824140042066574
Rank:0 Epoch: [26/40], Step: [461/782], Loss: 0.1301342397928238
Rank:0 Epoch: [26/40], Step: [471/782], Loss: 0.16857123374938965
Rank:0 Epoch: [26/40], Step: [481/782], Loss: 0.16756229102611542
Rank:0 Epoch: [26/40], Step: [491/782], Loss: 0.1161695271730423
Rank:0 Epoch: [26/40], Step: [501/782], Loss: 0.10113752633333206
Rank:0 Epoch: [26/40], Step: [511/782], Loss: 0.23946449160575867
Rank:0 Epoch: [26/40], Step: [521/782], Loss: 0.17364631593227386
Rank:0 Epoch: [26/40], Step: [531/782], Loss: 0.1609981656074524
Rank:0 Epoch: [26/40], Step: [541/782], Loss: 0.10712094604969025
Rank:0 Epoch: [26/40], Step: [551/782], Loss: 0.0826612114906311
Rank:0 Epoch: [26/40], Step: [561/782], Loss: 0.4160633087158203
Rank:0 Epoch: [26/40], Step: [571/782], Loss: 0.1453293263912201
Rank:0 Epoch: [26/40], Step: [581/782], Loss: 0.24680455029010773
Rank:0 Epoch: [26/40], Step: [591/782], Loss: 0.10255837440490723
Rank:0 Epoch: [26/40], Step: [601/782], Loss: 0.25518202781677246
Rank:0 Epoch: [26/40], Step: [611/782], Loss: 0.16911473870277405
Rank:0 Epoch: [26/40], Step: [621/782], Loss: 0.06415676325559616
Rank:0 Epoch: [26/40], Step: [631/782], Loss: 0.058640751987695694
Rank:0 Epoch: [26/40], Step: [641/782], Loss: 0.22259695827960968
Rank:0 Epoch: [26/40], Step: [651/782], Loss: 0.1284777671098709
Rank:0 Epoch: [26/40], Step: [661/782], Loss: 0.13695552945137024
Rank:0 Epoch: [26/40], Step: [671/782], Loss: 0.13173171877861023
Rank:0 Epoch: [26/40], Step: [681/782], Loss: 0.12241879850625992
Rank:0 Epoch: [26/40], Step: [691/782], Loss: 0.23157033324241638
Rank:0 Epoch: [26/40], Step: [701/782], Loss: 0.3421481251716614
Rank:0 Epoch: [26/40], Step: [711/782], Loss: 0.24217525124549866
Rank:0 Epoch: [26/40], Step: [721/782], Loss: 0.07510673254728317
Rank:0 Epoch: [26/40], Step: [731/782], Loss: 0.11764190346002579
Rank:0 Epoch: [26/40], Step: [741/782], Loss: 0.0829719603061676
Rank:0 Epoch: [26/40], Step: [751/782], Loss: 0.1749328374862671
Rank:0 Epoch: [26/40], Step: [761/782], Loss: 0.1363421231508255
Rank:0 Epoch: [26/40], Step: [771/782], Loss: 0.13645315170288086
Rank:0 Epoch: [26/40], Step: [781/782], Loss: 0.2620697617530823
Current Test Acc: 0.9143
Rank:0 Epoch: [27/40], Step: [1/782], Loss: 0.1782355010509491
Rank:0 Epoch: [27/40], Step: [11/782], Loss: 0.2080613076686859
Rank:0 Epoch: [27/40], Step: [21/782], Loss: 0.11166241019964218
Rank:0 Epoch: [27/40], Step: [31/782], Loss: 0.2264401614665985
Rank:0 Epoch: [27/40], Step: [41/782], Loss: 0.19210337102413177
Rank:0 Epoch: [27/40], Step: [51/782], Loss: 0.17777737975120544
Rank:0 Epoch: [27/40], Step: [61/782], Loss: 0.09395910054445267
Rank:0 Epoch: [27/40], Step: [71/782], Loss: 0.13156604766845703
Rank:0 Epoch: [27/40], Step: [81/782], Loss: 0.096654012799263
Rank:0 Epoch: [27/40], Step: [91/782], Loss: 0.10472512245178223
Rank:0 Epoch: [27/40], Step: [101/782], Loss: 0.08909375220537186
Rank:0 Epoch: [27/40], Step: [111/782], Loss: 0.23323602974414825
Rank:0 Epoch: [27/40], Step: [121/782], Loss: 0.19219999015331268
Rank:0 Epoch: [27/40], Step: [131/782], Loss: 0.06486022472381592
Rank:0 Epoch: [27/40], Step: [141/782], Loss: 0.12680383026599884
Rank:0 Epoch: [27/40], Step: [151/782], Loss: 0.1692628264427185
Rank:0 Epoch: [27/40], Step: [161/782], Loss: 0.07865647971630096
Rank:0 Epoch: [27/40], Step: [171/782], Loss: 0.22078511118888855
Rank:0 Epoch: [27/40], Step: [181/782], Loss: 0.06329748779535294
Rank:0 Epoch: [27/40], Step: [191/782], Loss: 0.14342179894447327
Rank:0 Epoch: [27/40], Step: [201/782], Loss: 0.17004917562007904
Rank:0 Epoch: [27/40], Step: [211/782], Loss: 0.12733271718025208
Rank:0 Epoch: [27/40], Step: [221/782], Loss: 0.21989977359771729
Rank:0 Epoch: [27/40], Step: [231/782], Loss: 0.22609195113182068
Rank:0 Epoch: [27/40], Step: [241/782], Loss: 0.1740318387746811
Rank:0 Epoch: [27/40], Step: [251/782], Loss: 0.12524938583374023
Rank:0 Epoch: [27/40], Step: [261/782], Loss: 0.1654815673828125
Rank:0 Epoch: [27/40], Step: [271/782], Loss: 0.16881318390369415
Rank:0 Epoch: [27/40], Step: [281/782], Loss: 0.09058250486850739
Rank:0 Epoch: [27/40], Step: [291/782], Loss: 0.16684576869010925
Rank:0 Epoch: [27/40], Step: [301/782], Loss: 1.1127216815948486
Rank:0 Epoch: [27/40], Step: [311/782], Loss: 0.20023339986801147
Rank:0 Epoch: [27/40], Step: [321/782], Loss: 0.09223401546478271
Rank:0 Epoch: [27/40], Step: [331/782], Loss: 0.12295402586460114
Rank:0 Epoch: [27/40], Step: [341/782], Loss: 0.17641600966453552
Rank:0 Epoch: [27/40], Step: [351/782], Loss: 0.24619656801223755
Rank:0 Epoch: [27/40], Step: [361/782], Loss: 0.32247066497802734
Rank:0 Epoch: [27/40], Step: [371/782], Loss: 0.41329050064086914
Rank:0 Epoch: [27/40], Step: [381/782], Loss: 0.07109733670949936
Rank:0 Epoch: [27/40], Step: [391/782], Loss: 0.0651366263628006
Rank:0 Epoch: [27/40], Step: [401/782], Loss: 0.24664634466171265
Rank:0 Epoch: [27/40], Step: [411/782], Loss: 0.09419964253902435
Rank:0 Epoch: [27/40], Step: [421/782], Loss: 0.12962226569652557
Rank:0 Epoch: [27/40], Step: [431/782], Loss: 0.07235143333673477
Rank:0 Epoch: [27/40], Step: [441/782], Loss: 0.2872704565525055
Rank:0 Epoch: [27/40], Step: [451/782], Loss: 0.1570867896080017
Rank:0 Epoch: [27/40], Step: [461/782], Loss: 0.2258056104183197
Rank:0 Epoch: [27/40], Step: [471/782], Loss: 0.2502904236316681
Rank:0 Epoch: [27/40], Step: [481/782], Loss: 0.2531659007072449
Rank:0 Epoch: [27/40], Step: [491/782], Loss: 0.41816046833992004
Rank:0 Epoch: [27/40], Step: [501/782], Loss: 0.12285151332616806
Rank:0 Epoch: [27/40], Step: [511/782], Loss: 0.14296576380729675
Rank:0 Epoch: [27/40], Step: [521/782], Loss: 0.12363211810588837
Rank:0 Epoch: [27/40], Step: [531/782], Loss: 0.12431778013706207
Rank:0 Epoch: [27/40], Step: [541/782], Loss: 0.05398794636130333
Rank:0 Epoch: [27/40], Step: [551/782], Loss: 0.4592713415622711
Rank:0 Epoch: [27/40], Step: [561/782], Loss: 0.19202247262001038
Rank:0 Epoch: [27/40], Step: [571/782], Loss: 0.21447378396987915
Rank:0 Epoch: [27/40], Step: [581/782], Loss: 0.10334804654121399
Rank:0 Epoch: [27/40], Step: [591/782], Loss: 0.3245897889137268
Rank:0 Epoch: [27/40], Step: [601/782], Loss: 0.04398060962557793
Rank:0 Epoch: [27/40], Step: [611/782], Loss: 0.1793859302997589
Rank:0 Epoch: [27/40], Step: [621/782], Loss: 0.09847994148731232
Rank:0 Epoch: [27/40], Step: [631/782], Loss: 0.13324624300003052
Rank:0 Epoch: [27/40], Step: [641/782], Loss: 0.34870854020118713
Rank:0 Epoch: [27/40], Step: [651/782], Loss: 0.1827545315027237
Rank:0 Epoch: [27/40], Step: [661/782], Loss: 0.2565481960773468
Rank:0 Epoch: [27/40], Step: [671/782], Loss: 0.1639283299446106
Rank:0 Epoch: [27/40], Step: [681/782], Loss: 0.21047617495059967
Rank:0 Epoch: [27/40], Step: [691/782], Loss: 0.1405651867389679
Rank:0 Epoch: [27/40], Step: [701/782], Loss: 0.21985195577144623
Rank:0 Epoch: [27/40], Step: [711/782], Loss: 0.19244925677776337
Rank:0 Epoch: [27/40], Step: [721/782], Loss: 0.1683942824602127
Rank:0 Epoch: [27/40], Step: [731/782], Loss: 0.1620892733335495
Rank:0 Epoch: [27/40], Step: [741/782], Loss: 0.20133903622627258
Rank:0 Epoch: [27/40], Step: [751/782], Loss: 0.12534721195697784
Rank:0 Epoch: [27/40], Step: [761/782], Loss: 0.17410866916179657
Rank:0 Epoch: [27/40], Step: [771/782], Loss: 0.1498277187347412
Rank:0 Epoch: [27/40], Step: [781/782], Loss: 0.2496330887079239
Current Test Acc: 0.913
Rank:0 Epoch: [28/40], Step: [1/782], Loss: 0.17933465540409088
Rank:0 Epoch: [28/40], Step: [11/782], Loss: 0.12208279222249985
Rank:0 Epoch: [28/40], Step: [21/782], Loss: 0.15689559280872345
Rank:0 Epoch: [28/40], Step: [31/782], Loss: 0.21910813450813293
Rank:0 Epoch: [28/40], Step: [41/782], Loss: 0.06273700296878815
Rank:0 Epoch: [28/40], Step: [51/782], Loss: 0.22212976217269897
Rank:0 Epoch: [28/40], Step: [61/782], Loss: 0.14331300556659698
Rank:0 Epoch: [28/40], Step: [71/782], Loss: 0.2506018579006195
Rank:0 Epoch: [28/40], Step: [81/782], Loss: 0.08953738957643509
Rank:0 Epoch: [28/40], Step: [91/782], Loss: 0.13970841467380524
Rank:0 Epoch: [28/40], Step: [101/782], Loss: 0.11035092920064926
Rank:0 Epoch: [28/40], Step: [111/782], Loss: 0.1132814809679985
Rank:0 Epoch: [28/40], Step: [121/782], Loss: 0.10663306713104248
Rank:0 Epoch: [28/40], Step: [131/782], Loss: 0.20229162275791168
Rank:0 Epoch: [28/40], Step: [141/782], Loss: 0.056597571820020676
Rank:0 Epoch: [28/40], Step: [151/782], Loss: 0.21335285902023315
Rank:0 Epoch: [28/40], Step: [161/782], Loss: 0.13659872114658356
Rank:0 Epoch: [28/40], Step: [171/782], Loss: 0.11988786607980728
Rank:0 Epoch: [28/40], Step: [181/782], Loss: 0.06052347272634506
Rank:0 Epoch: [28/40], Step: [191/782], Loss: 0.10496658831834793
Rank:0 Epoch: [28/40], Step: [201/782], Loss: 0.12997451424598694
Rank:0 Epoch: [28/40], Step: [211/782], Loss: 0.13749942183494568
Rank:0 Epoch: [28/40], Step: [221/782], Loss: 0.1308669149875641
Rank:0 Epoch: [28/40], Step: [231/782], Loss: 0.14156267046928406
Rank:0 Epoch: [28/40], Step: [241/782], Loss: 0.16620129346847534
Rank:0 Epoch: [28/40], Step: [251/782], Loss: 0.33278194069862366
Rank:0 Epoch: [28/40], Step: [261/782], Loss: 0.30797016620635986
Rank:0 Epoch: [28/40], Step: [271/782], Loss: 0.12611664831638336
Rank:0 Epoch: [28/40], Step: [281/782], Loss: 0.11715983599424362
Rank:0 Epoch: [28/40], Step: [291/782], Loss: 0.1270475834608078
Rank:0 Epoch: [28/40], Step: [301/782], Loss: 0.15954451262950897
Rank:0 Epoch: [28/40], Step: [311/782], Loss: 0.11552852392196655
Rank:0 Epoch: [28/40], Step: [321/782], Loss: 0.2168283611536026
Rank:0 Epoch: [28/40], Step: [331/782], Loss: 0.197991743683815
Rank:0 Epoch: [28/40], Step: [341/782], Loss: 0.11211512237787247
Rank:0 Epoch: [28/40], Step: [351/782], Loss: 0.14818373322486877
Rank:0 Epoch: [28/40], Step: [361/782], Loss: 0.14703817665576935
Rank:0 Epoch: [28/40], Step: [371/782], Loss: 0.18718606233596802
Rank:0 Epoch: [28/40], Step: [381/782], Loss: 0.20398063957691193
Rank:0 Epoch: [28/40], Step: [391/782], Loss: 0.13083556294441223
Rank:0 Epoch: [28/40], Step: [401/782], Loss: 0.15314806997776031
Rank:0 Epoch: [28/40], Step: [411/782], Loss: 0.0844387486577034
Rank:0 Epoch: [28/40], Step: [421/782], Loss: 0.2507886588573456
Rank:0 Epoch: [28/40], Step: [431/782], Loss: 0.09341831505298615
Rank:0 Epoch: [28/40], Step: [441/782], Loss: 0.193242147564888
Rank:0 Epoch: [28/40], Step: [451/782], Loss: 0.11399564146995544
Rank:0 Epoch: [28/40], Step: [461/782], Loss: 0.1330711394548416
Rank:0 Epoch: [28/40], Step: [471/782], Loss: 0.24686399102210999
Rank:0 Epoch: [28/40], Step: [481/782], Loss: 0.20581431686878204
Rank:0 Epoch: [28/40], Step: [491/782], Loss: 0.19628842175006866
Rank:0 Epoch: [28/40], Step: [501/782], Loss: 0.2060765027999878
Rank:0 Epoch: [28/40], Step: [511/782], Loss: 0.26537519693374634
Rank:0 Epoch: [28/40], Step: [521/782], Loss: 0.31285086274147034
Rank:0 Epoch: [28/40], Step: [531/782], Loss: 0.10734539479017258
Rank:0 Epoch: [28/40], Step: [541/782], Loss: 0.14223280549049377
Rank:0 Epoch: [28/40], Step: [551/782], Loss: 0.18800286948680878
Rank:0 Epoch: [28/40], Step: [561/782], Loss: 0.09151988476514816
Rank:0 Epoch: [28/40], Step: [571/782], Loss: 0.14789076149463654
Rank:0 Epoch: [28/40], Step: [581/782], Loss: 0.2623056471347809
Rank:0 Epoch: [28/40], Step: [591/782], Loss: 0.1309618204832077
Rank:0 Epoch: [28/40], Step: [601/782], Loss: 0.05751839280128479
Rank:0 Epoch: [28/40], Step: [611/782], Loss: 0.23026753962039948
Rank:0 Epoch: [28/40], Step: [621/782], Loss: 0.09991283714771271
Rank:0 Epoch: [28/40], Step: [631/782], Loss: 0.1429532915353775
Rank:0 Epoch: [28/40], Step: [641/782], Loss: 0.13087905943393707
Rank:0 Epoch: [28/40], Step: [651/782], Loss: 0.19632074236869812
Rank:0 Epoch: [28/40], Step: [661/782], Loss: 0.24801850318908691
Rank:0 Epoch: [28/40], Step: [671/782], Loss: 0.12231071293354034
Rank:0 Epoch: [28/40], Step: [681/782], Loss: 0.18425975739955902
Rank:0 Epoch: [28/40], Step: [691/782], Loss: 0.15558607876300812
Rank:0 Epoch: [28/40], Step: [701/782], Loss: 0.16820859909057617
Rank:0 Epoch: [28/40], Step: [711/782], Loss: 0.34044498205184937
Rank:0 Epoch: [28/40], Step: [721/782], Loss: 0.2872668206691742
Rank:0 Epoch: [28/40], Step: [731/782], Loss: 0.15426549315452576
Rank:0 Epoch: [28/40], Step: [741/782], Loss: 0.07003892213106155
Rank:0 Epoch: [28/40], Step: [751/782], Loss: 0.156743124127388
Rank:0 Epoch: [28/40], Step: [761/782], Loss: 0.13280542194843292
Rank:0 Epoch: [28/40], Step: [771/782], Loss: 0.3143008053302765
Rank:0 Epoch: [28/40], Step: [781/782], Loss: 0.2361772358417511
Current Test Acc: 0.9119
Rank:0 Epoch: [29/40], Step: [1/782], Loss: 0.1510690599679947
Rank:0 Epoch: [29/40], Step: [11/782], Loss: 0.12499982863664627
Rank:0 Epoch: [29/40], Step: [21/782], Loss: 0.14935120940208435
Rank:0 Epoch: [29/40], Step: [31/782], Loss: 0.156435027718544
Rank:0 Epoch: [29/40], Step: [41/782], Loss: 0.1289374679327011
Rank:0 Epoch: [29/40], Step: [51/782], Loss: 0.09431871026754379
Rank:0 Epoch: [29/40], Step: [61/782], Loss: 0.2416803389787674
Rank:0 Epoch: [29/40], Step: [71/782], Loss: 0.11685673147439957
Rank:0 Epoch: [29/40], Step: [81/782], Loss: 0.1499970555305481
Rank:0 Epoch: [29/40], Step: [91/782], Loss: 0.1425493061542511
Rank:0 Epoch: [29/40], Step: [101/782], Loss: 0.08065376430749893
Rank:0 Epoch: [29/40], Step: [111/782], Loss: 0.13927443325519562
Rank:0 Epoch: [29/40], Step: [121/782], Loss: 0.12195117771625519
Rank:0 Epoch: [29/40], Step: [131/782], Loss: 0.21476206183433533
Rank:0 Epoch: [29/40], Step: [141/782], Loss: 0.2938741147518158
Rank:0 Epoch: [29/40], Step: [151/782], Loss: 0.09089434891939163
Rank:0 Epoch: [29/40], Step: [161/782], Loss: 0.21948322653770447
Rank:0 Epoch: [29/40], Step: [171/782], Loss: 0.08127853274345398
Rank:0 Epoch: [29/40], Step: [181/782], Loss: 0.11468905210494995
Rank:0 Epoch: [29/40], Step: [191/782], Loss: 0.07207850366830826
Rank:0 Epoch: [29/40], Step: [201/782], Loss: 0.10481011867523193
Rank:0 Epoch: [29/40], Step: [211/782], Loss: 0.16448365151882172
Rank:0 Epoch: [29/40], Step: [221/782], Loss: 0.08433495461940765
Rank:0 Epoch: [29/40], Step: [231/782], Loss: 0.15343077480793
Rank:0 Epoch: [29/40], Step: [241/782], Loss: 0.09019069373607635
Rank:0 Epoch: [29/40], Step: [251/782], Loss: 0.11390459537506104
Rank:0 Epoch: [29/40], Step: [261/782], Loss: 0.22821883857250214
Rank:0 Epoch: [29/40], Step: [271/782], Loss: 0.12250401824712753
Rank:0 Epoch: [29/40], Step: [281/782], Loss: 0.04136382415890694
Rank:0 Epoch: [29/40], Step: [291/782], Loss: 0.10403242707252502
Rank:0 Epoch: [29/40], Step: [301/782], Loss: 0.0668204128742218
Rank:0 Epoch: [29/40], Step: [311/782], Loss: 0.16076399385929108
Rank:0 Epoch: [29/40], Step: [321/782], Loss: 0.22715330123901367
Rank:0 Epoch: [29/40], Step: [331/782], Loss: 0.10903243720531464
Rank:0 Epoch: [29/40], Step: [341/782], Loss: 0.21047578752040863
Rank:0 Epoch: [29/40], Step: [351/782], Loss: 0.09040019661188126
Rank:0 Epoch: [29/40], Step: [361/782], Loss: 0.2874724268913269
Rank:0 Epoch: [29/40], Step: [371/782], Loss: 0.16726867854595184
Rank:0 Epoch: [29/40], Step: [381/782], Loss: 0.06500368565320969
Rank:0 Epoch: [29/40], Step: [391/782], Loss: 0.15266425907611847
Rank:0 Epoch: [29/40], Step: [401/782], Loss: 0.10526932030916214
Rank:0 Epoch: [29/40], Step: [411/782], Loss: 0.14178214967250824
Rank:0 Epoch: [29/40], Step: [421/782], Loss: 0.07898350805044174
Rank:0 Epoch: [29/40], Step: [431/782], Loss: 0.0926799401640892
Rank:0 Epoch: [29/40], Step: [441/782], Loss: 0.4322951138019562
Rank:0 Epoch: [29/40], Step: [451/782], Loss: 0.0869392603635788
Rank:0 Epoch: [29/40], Step: [461/782], Loss: 0.15785104036331177
Rank:0 Epoch: [29/40], Step: [471/782], Loss: 0.1457924097776413
Rank:0 Epoch: [29/40], Step: [481/782], Loss: 0.10289233922958374
Rank:0 Epoch: [29/40], Step: [491/782], Loss: 0.05205300450325012
Rank:0 Epoch: [29/40], Step: [501/782], Loss: 0.13318558037281036
Rank:0 Epoch: [29/40], Step: [511/782], Loss: 0.16891750693321228
Rank:0 Epoch: [29/40], Step: [521/782], Loss: 0.1318107545375824
Rank:0 Epoch: [29/40], Step: [531/782], Loss: 0.14618253707885742
Rank:0 Epoch: [29/40], Step: [541/782], Loss: 0.09559663385152817
Rank:0 Epoch: [29/40], Step: [551/782], Loss: 0.13773879408836365
Rank:0 Epoch: [29/40], Step: [561/782], Loss: 0.1735873967409134
Rank:0 Epoch: [29/40], Step: [571/782], Loss: 0.2064247876405716
Rank:0 Epoch: [29/40], Step: [581/782], Loss: 0.10857558995485306
Rank:0 Epoch: [29/40], Step: [591/782], Loss: 0.08905855566263199
Rank:0 Epoch: [29/40], Step: [601/782], Loss: 0.11669208109378815
Rank:0 Epoch: [29/40], Step: [611/782], Loss: 0.16220812499523163
Rank:0 Epoch: [29/40], Step: [621/782], Loss: 0.059405870735645294
Rank:0 Epoch: [29/40], Step: [631/782], Loss: 0.12189138680696487
Rank:0 Epoch: [29/40], Step: [641/782], Loss: 0.22365552186965942
Rank:0 Epoch: [29/40], Step: [651/782], Loss: 0.05404936149716377
Rank:0 Epoch: [29/40], Step: [661/782], Loss: 0.08378812670707703
Rank:0 Epoch: [29/40], Step: [671/782], Loss: 0.3572726547718048
Rank:0 Epoch: [29/40], Step: [681/782], Loss: 0.09875527024269104
Rank:0 Epoch: [29/40], Step: [691/782], Loss: 0.0976928099989891
Rank:0 Epoch: [29/40], Step: [701/782], Loss: 0.16903096437454224
Rank:0 Epoch: [29/40], Step: [711/782], Loss: 0.1809828132390976
Rank:0 Epoch: [29/40], Step: [721/782], Loss: 0.20270000398159027
Rank:0 Epoch: [29/40], Step: [731/782], Loss: 0.10310464352369308
Rank:0 Epoch: [29/40], Step: [741/782], Loss: 0.24942933022975922
Rank:0 Epoch: [29/40], Step: [751/782], Loss: 0.0966944471001625
Rank:0 Epoch: [29/40], Step: [761/782], Loss: 0.19204457104206085
Rank:0 Epoch: [29/40], Step: [771/782], Loss: 0.24047522246837616
Rank:0 Epoch: [29/40], Step: [781/782], Loss: 0.10893707722425461
Current Test Acc: 0.911
Rank:0 Epoch: [30/40], Step: [1/782], Loss: 0.12016809731721878
Rank:0 Epoch: [30/40], Step: [11/782], Loss: 0.0835050567984581
Rank:0 Epoch: [30/40], Step: [21/782], Loss: 0.20887385308742523
Rank:0 Epoch: [30/40], Step: [31/782], Loss: 0.1683587282896042
Rank:0 Epoch: [30/40], Step: [41/782], Loss: 0.1096130758523941
Rank:0 Epoch: [30/40], Step: [51/782], Loss: 0.12261825054883957
Rank:0 Epoch: [30/40], Step: [61/782], Loss: 0.20322875678539276
Rank:0 Epoch: [30/40], Step: [71/782], Loss: 0.19400465488433838
Rank:0 Epoch: [30/40], Step: [81/782], Loss: 0.13940167427062988
Rank:0 Epoch: [30/40], Step: [91/782], Loss: 0.07647702842950821
Rank:0 Epoch: [30/40], Step: [101/782], Loss: 0.0852176621556282
Rank:0 Epoch: [30/40], Step: [111/782], Loss: 0.06508603692054749
Rank:0 Epoch: [30/40], Step: [121/782], Loss: 0.2640688717365265
Rank:0 Epoch: [30/40], Step: [131/782], Loss: 0.2606445252895355
Rank:0 Epoch: [30/40], Step: [141/782], Loss: 0.06993308663368225
Rank:0 Epoch: [30/40], Step: [151/782], Loss: 0.28718358278274536
Rank:0 Epoch: [30/40], Step: [161/782], Loss: 0.1145809143781662
Rank:0 Epoch: [30/40], Step: [171/782], Loss: 0.08301017433404922
Rank:0 Epoch: [30/40], Step: [181/782], Loss: 0.0981946513056755
Rank:0 Epoch: [30/40], Step: [191/782], Loss: 0.1385284960269928
Rank:0 Epoch: [30/40], Step: [201/782], Loss: 0.11800885200500488
Rank:0 Epoch: [30/40], Step: [211/782], Loss: 0.17898517847061157
Rank:0 Epoch: [30/40], Step: [221/782], Loss: 0.16461186110973358
Rank:0 Epoch: [30/40], Step: [231/782], Loss: 0.16251623630523682
Rank:0 Epoch: [30/40], Step: [241/782], Loss: 0.16274653375148773
Rank:0 Epoch: [30/40], Step: [251/782], Loss: 0.12372802197933197
Rank:0 Epoch: [30/40], Step: [261/782], Loss: 0.09376666694879532
Rank:0 Epoch: [30/40], Step: [271/782], Loss: 0.13919460773468018
Rank:0 Epoch: [30/40], Step: [281/782], Loss: 0.19923852384090424
Rank:0 Epoch: [30/40], Step: [291/782], Loss: 0.16600652039051056
Rank:0 Epoch: [30/40], Step: [301/782], Loss: 0.07263002544641495
Rank:0 Epoch: [30/40], Step: [311/782], Loss: 0.1601894497871399
Rank:0 Epoch: [30/40], Step: [321/782], Loss: 0.13396607339382172
Rank:0 Epoch: [30/40], Step: [331/782], Loss: 0.476596474647522
Rank:0 Epoch: [30/40], Step: [341/782], Loss: 0.09413905441761017
Rank:0 Epoch: [30/40], Step: [351/782], Loss: 0.22241903841495514
Rank:0 Epoch: [30/40], Step: [361/782], Loss: 0.1268882006406784
Rank:0 Epoch: [30/40], Step: [371/782], Loss: 0.12400034070014954
Rank:0 Epoch: [30/40], Step: [381/782], Loss: 0.042747121304273605
Rank:0 Epoch: [30/40], Step: [391/782], Loss: 0.34645509719848633
Rank:0 Epoch: [30/40], Step: [401/782], Loss: 0.060598548501729965
Rank:0 Epoch: [30/40], Step: [411/782], Loss: 0.1251690685749054
Rank:0 Epoch: [30/40], Step: [421/782], Loss: 0.1676425039768219
Rank:0 Epoch: [30/40], Step: [431/782], Loss: 0.19906163215637207
Rank:0 Epoch: [30/40], Step: [441/782], Loss: 0.08338728547096252
Rank:0 Epoch: [30/40], Step: [451/782], Loss: 0.16192477941513062
Rank:0 Epoch: [30/40], Step: [461/782], Loss: 0.17795921862125397
Rank:0 Epoch: [30/40], Step: [471/782], Loss: 0.15728944540023804
Rank:0 Epoch: [30/40], Step: [481/782], Loss: 0.12644390761852264
Rank:0 Epoch: [30/40], Step: [491/782], Loss: 0.1675920933485031
Rank:0 Epoch: [30/40], Step: [501/782], Loss: 0.12010402977466583
Rank:0 Epoch: [30/40], Step: [511/782], Loss: 0.05128428339958191
Rank:0 Epoch: [30/40], Step: [521/782], Loss: 0.13022729754447937
Rank:0 Epoch: [30/40], Step: [531/782], Loss: 0.10147242248058319
Rank:0 Epoch: [30/40], Step: [541/782], Loss: 0.0600828118622303
Rank:0 Epoch: [30/40], Step: [551/782], Loss: 0.2122923731803894
Rank:0 Epoch: [30/40], Step: [561/782], Loss: 0.12821908295154572
Rank:0 Epoch: [30/40], Step: [571/782], Loss: 0.25355151295661926
Rank:0 Epoch: [30/40], Step: [581/782], Loss: 0.08767218887805939
Rank:0 Epoch: [30/40], Step: [591/782], Loss: 0.08994313329458237
Rank:0 Epoch: [30/40], Step: [601/782], Loss: 0.28992220759391785
Rank:0 Epoch: [30/40], Step: [611/782], Loss: 0.10567667335271835
Rank:0 Epoch: [30/40], Step: [621/782], Loss: 0.06416986882686615
Rank:0 Epoch: [30/40], Step: [631/782], Loss: 0.1077427864074707
Rank:0 Epoch: [30/40], Step: [641/782], Loss: 0.20690298080444336
Rank:0 Epoch: [30/40], Step: [651/782], Loss: 0.3206946849822998
Rank:0 Epoch: [30/40], Step: [661/782], Loss: 0.1171843558549881
Rank:0 Epoch: [30/40], Step: [671/782], Loss: 0.16034232079982758
Rank:0 Epoch: [30/40], Step: [681/782], Loss: 0.2035071849822998
Rank:0 Epoch: [30/40], Step: [691/782], Loss: 0.13348853588104248
Rank:0 Epoch: [30/40], Step: [701/782], Loss: 0.21898171305656433
Rank:0 Epoch: [30/40], Step: [711/782], Loss: 0.1515483558177948
Rank:0 Epoch: [30/40], Step: [721/782], Loss: 0.0666489526629448
Rank:0 Epoch: [30/40], Step: [731/782], Loss: 0.13266120851039886
Rank:0 Epoch: [30/40], Step: [741/782], Loss: 0.07641644775867462
Rank:0 Epoch: [30/40], Step: [751/782], Loss: 0.1329115778207779
Rank:0 Epoch: [30/40], Step: [761/782], Loss: 0.090940922498703
Rank:0 Epoch: [30/40], Step: [771/782], Loss: 0.0920267105102539
Rank:0 Epoch: [30/40], Step: [781/782], Loss: 0.18166007101535797
Current Test Acc: 0.9164
Rank:0 Epoch: [31/40], Step: [1/782], Loss: 0.3614281713962555
Rank:0 Epoch: [31/40], Step: [11/782], Loss: 0.19081303477287292
Rank:0 Epoch: [31/40], Step: [21/782], Loss: 0.05761014297604561
Rank:0 Epoch: [31/40], Step: [31/782], Loss: 0.09075180441141129
Rank:0 Epoch: [31/40], Step: [41/782], Loss: 0.06247875839471817
Rank:0 Epoch: [31/40], Step: [51/782], Loss: 0.08612130582332611
Rank:0 Epoch: [31/40], Step: [61/782], Loss: 0.2596439719200134
Rank:0 Epoch: [31/40], Step: [71/782], Loss: 0.13013842701911926
Rank:0 Epoch: [31/40], Step: [81/782], Loss: 0.2479923665523529
Rank:0 Epoch: [31/40], Step: [91/782], Loss: 0.20332397520542145
Rank:0 Epoch: [31/40], Step: [101/782], Loss: 0.17175893485546112
Rank:0 Epoch: [31/40], Step: [111/782], Loss: 0.1478022336959839
Rank:0 Epoch: [31/40], Step: [121/782], Loss: 0.052062906324863434
Rank:0 Epoch: [31/40], Step: [131/782], Loss: 0.10323351621627808
Rank:0 Epoch: [31/40], Step: [141/782], Loss: 0.113465316593647
Rank:0 Epoch: [31/40], Step: [151/782], Loss: 0.06176169961690903
Rank:0 Epoch: [31/40], Step: [161/782], Loss: 0.17297029495239258
Rank:0 Epoch: [31/40], Step: [171/782], Loss: 0.16325779259204865
Rank:0 Epoch: [31/40], Step: [181/782], Loss: 0.09572838246822357
Rank:0 Epoch: [31/40], Step: [191/782], Loss: 0.13677151501178741
Rank:0 Epoch: [31/40], Step: [201/782], Loss: 0.20241573452949524
Rank:0 Epoch: [31/40], Step: [211/782], Loss: 0.05359168350696564
Rank:0 Epoch: [31/40], Step: [221/782], Loss: 0.08658739179372787
Rank:0 Epoch: [31/40], Step: [231/782], Loss: 0.08129527419805527
Rank:0 Epoch: [31/40], Step: [241/782], Loss: 0.04425973817706108
Rank:0 Epoch: [31/40], Step: [251/782], Loss: 0.1072506308555603
Rank:0 Epoch: [31/40], Step: [261/782], Loss: 0.11713823676109314
Rank:0 Epoch: [31/40], Step: [271/782], Loss: 0.05549351125955582
Rank:0 Epoch: [31/40], Step: [281/782], Loss: 0.24756097793579102
Rank:0 Epoch: [31/40], Step: [291/782], Loss: 0.10987182706594467
Rank:0 Epoch: [31/40], Step: [301/782], Loss: 0.18046541512012482
Rank:0 Epoch: [31/40], Step: [311/782], Loss: 0.10790933668613434
Rank:0 Epoch: [31/40], Step: [321/782], Loss: 0.05630211532115936
Rank:0 Epoch: [31/40], Step: [331/782], Loss: 0.04094742238521576
Rank:0 Epoch: [31/40], Step: [341/782], Loss: 0.06700175255537033
Rank:0 Epoch: [31/40], Step: [351/782], Loss: 0.13503402471542358
Rank:0 Epoch: [31/40], Step: [361/782], Loss: 0.23352032899856567
Rank:0 Epoch: [31/40], Step: [371/782], Loss: 0.1300451010465622
Rank:0 Epoch: [31/40], Step: [381/782], Loss: 0.09408985078334808
Rank:0 Epoch: [31/40], Step: [391/782], Loss: 0.08626679331064224
Rank:0 Epoch: [31/40], Step: [401/782], Loss: 0.12176720052957535
Rank:0 Epoch: [31/40], Step: [411/782], Loss: 0.16884595155715942
Rank:0 Epoch: [31/40], Step: [421/782], Loss: 0.18683630228042603
Rank:0 Epoch: [31/40], Step: [431/782], Loss: 0.11262496560811996
Rank:0 Epoch: [31/40], Step: [441/782], Loss: 0.17210909724235535
Rank:0 Epoch: [31/40], Step: [451/782], Loss: 0.16001814603805542
Rank:0 Epoch: [31/40], Step: [461/782], Loss: 0.07581959664821625
Rank:0 Epoch: [31/40], Step: [471/782], Loss: 0.1799694299697876
Rank:0 Epoch: [31/40], Step: [481/782], Loss: 0.09710291028022766
Rank:0 Epoch: [31/40], Step: [491/782], Loss: 0.11005977541208267
Rank:0 Epoch: [31/40], Step: [501/782], Loss: 0.06764731556177139
Rank:0 Epoch: [31/40], Step: [511/782], Loss: 0.08586440980434418
Rank:0 Epoch: [31/40], Step: [521/782], Loss: 0.3705046772956848
Rank:0 Epoch: [31/40], Step: [531/782], Loss: 0.07422243803739548
Rank:0 Epoch: [31/40], Step: [541/782], Loss: 0.06580444425344467
Rank:0 Epoch: [31/40], Step: [551/782], Loss: 0.04864056780934334
Rank:0 Epoch: [31/40], Step: [561/782], Loss: 0.12088115513324738
Rank:0 Epoch: [31/40], Step: [571/782], Loss: 0.10245004296302795
Rank:0 Epoch: [31/40], Step: [581/782], Loss: 0.05676235258579254
Rank:0 Epoch: [31/40], Step: [591/782], Loss: 0.14237023890018463
Rank:0 Epoch: [31/40], Step: [601/782], Loss: 0.06889938563108444
Rank:0 Epoch: [31/40], Step: [611/782], Loss: 0.10413943231105804
Rank:0 Epoch: [31/40], Step: [621/782], Loss: 0.10123849660158157
Rank:0 Epoch: [31/40], Step: [631/782], Loss: 0.16556023061275482
Rank:0 Epoch: [31/40], Step: [641/782], Loss: 0.22385016083717346
Rank:0 Epoch: [31/40], Step: [651/782], Loss: 0.21030519902706146
Rank:0 Epoch: [31/40], Step: [661/782], Loss: 0.3267117142677307
Rank:0 Epoch: [31/40], Step: [671/782], Loss: 0.14925293624401093
Rank:0 Epoch: [31/40], Step: [681/782], Loss: 0.13614244759082794
Rank:0 Epoch: [31/40], Step: [691/782], Loss: 0.09082963317632675
Rank:0 Epoch: [31/40], Step: [701/782], Loss: 0.13172149658203125
Rank:0 Epoch: [31/40], Step: [711/782], Loss: 0.04500314220786095
Rank:0 Epoch: [31/40], Step: [721/782], Loss: 0.09860223531723022
Rank:0 Epoch: [31/40], Step: [731/782], Loss: 0.13509400188922882
Rank:0 Epoch: [31/40], Step: [741/782], Loss: 0.1672249734401703
Rank:0 Epoch: [31/40], Step: [751/782], Loss: 0.15883366763591766
Rank:0 Epoch: [31/40], Step: [761/782], Loss: 0.06704738736152649
Rank:0 Epoch: [31/40], Step: [771/782], Loss: 0.09289844334125519
Rank:0 Epoch: [31/40], Step: [781/782], Loss: 0.06991435587406158
Current Test Acc: 0.9195
Rank:0 Epoch: [32/40], Step: [1/782], Loss: 0.06574445962905884
Rank:0 Epoch: [32/40], Step: [11/782], Loss: 0.09427277743816376
Rank:0 Epoch: [32/40], Step: [21/782], Loss: 0.22443018853664398
Rank:0 Epoch: [32/40], Step: [31/782], Loss: 0.21192407608032227
Rank:0 Epoch: [32/40], Step: [41/782], Loss: 0.09401583671569824
Rank:0 Epoch: [32/40], Step: [51/782], Loss: 0.07142291218042374
Rank:0 Epoch: [32/40], Step: [61/782], Loss: 0.07820209860801697
Rank:0 Epoch: [32/40], Step: [71/782], Loss: 0.12527842819690704
Rank:0 Epoch: [32/40], Step: [81/782], Loss: 0.12263546139001846
Rank:0 Epoch: [32/40], Step: [91/782], Loss: 0.1282203644514084
Rank:0 Epoch: [32/40], Step: [101/782], Loss: 0.08024433255195618
Rank:0 Epoch: [32/40], Step: [111/782], Loss: 0.20753774046897888
Rank:0 Epoch: [32/40], Step: [121/782], Loss: 0.09506365656852722
Rank:0 Epoch: [32/40], Step: [131/782], Loss: 0.04381878674030304
Rank:0 Epoch: [32/40], Step: [141/782], Loss: 0.1752912998199463
Rank:0 Epoch: [32/40], Step: [151/782], Loss: 0.09427795559167862
Rank:0 Epoch: [32/40], Step: [161/782], Loss: 0.0842195674777031
Rank:0 Epoch: [32/40], Step: [171/782], Loss: 0.12640388309955597
Rank:0 Epoch: [32/40], Step: [181/782], Loss: 0.07492443919181824
Rank:0 Epoch: [32/40], Step: [191/782], Loss: 0.0615716278553009
Rank:0 Epoch: [32/40], Step: [201/782], Loss: 0.18772271275520325
Rank:0 Epoch: [32/40], Step: [211/782], Loss: 0.2463008463382721
Rank:0 Epoch: [32/40], Step: [221/782], Loss: 0.10840560495853424
Rank:0 Epoch: [32/40], Step: [231/782], Loss: 0.08604681491851807
Rank:0 Epoch: [32/40], Step: [241/782], Loss: 0.09803013503551483
Rank:0 Epoch: [32/40], Step: [251/782], Loss: 0.05204373970627785
Rank:0 Epoch: [32/40], Step: [261/782], Loss: 0.10238517075777054
Rank:0 Epoch: [32/40], Step: [271/782], Loss: 0.07581981271505356
Rank:0 Epoch: [32/40], Step: [281/782], Loss: 0.07490276545286179
Rank:0 Epoch: [32/40], Step: [291/782], Loss: 0.18983781337738037
Rank:0 Epoch: [32/40], Step: [301/782], Loss: 0.1544189751148224
Rank:0 Epoch: [32/40], Step: [311/782], Loss: 0.05478033423423767
Rank:0 Epoch: [32/40], Step: [321/782], Loss: 0.13681335747241974
Rank:0 Epoch: [32/40], Step: [331/782], Loss: 0.11046722531318665
Rank:0 Epoch: [32/40], Step: [341/782], Loss: 0.20510630309581757
Rank:0 Epoch: [32/40], Step: [351/782], Loss: 0.14575894176959991
Rank:0 Epoch: [32/40], Step: [361/782], Loss: 0.0870635136961937
Rank:0 Epoch: [32/40], Step: [371/782], Loss: 0.11182168126106262
Rank:0 Epoch: [32/40], Step: [381/782], Loss: 0.06980814784765244
Rank:0 Epoch: [32/40], Step: [391/782], Loss: 0.11286529153585434
Rank:0 Epoch: [32/40], Step: [401/782], Loss: 0.19320841133594513
Rank:0 Epoch: [32/40], Step: [411/782], Loss: 0.11174614727497101
Rank:0 Epoch: [32/40], Step: [421/782], Loss: 0.1113082692027092
Rank:0 Epoch: [32/40], Step: [431/782], Loss: 0.17455531656742096
Rank:0 Epoch: [32/40], Step: [441/782], Loss: 0.09906771779060364
Rank:0 Epoch: [32/40], Step: [451/782], Loss: 0.07294873893260956
Rank:0 Epoch: [32/40], Step: [461/782], Loss: 0.0804392620921135
Rank:0 Epoch: [32/40], Step: [471/782], Loss: 0.10372231900691986
Rank:0 Epoch: [32/40], Step: [481/782], Loss: 0.12908713519573212
Rank:0 Epoch: [32/40], Step: [491/782], Loss: 0.09334251284599304
Rank:0 Epoch: [32/40], Step: [501/782], Loss: 0.30445989966392517
Rank:0 Epoch: [32/40], Step: [511/782], Loss: 0.08596738427877426
Rank:0 Epoch: [32/40], Step: [521/782], Loss: 0.06205832585692406
Rank:0 Epoch: [32/40], Step: [531/782], Loss: 0.09584157913923264
Rank:0 Epoch: [32/40], Step: [541/782], Loss: 0.055554866790771484
Rank:0 Epoch: [32/40], Step: [551/782], Loss: 0.12955541908740997
Rank:0 Epoch: [32/40], Step: [561/782], Loss: 0.1130908727645874
Rank:0 Epoch: [32/40], Step: [571/782], Loss: 0.14583635330200195
Rank:0 Epoch: [32/40], Step: [581/782], Loss: 0.13655005395412445
Rank:0 Epoch: [32/40], Step: [591/782], Loss: 0.11608859896659851
Rank:0 Epoch: [32/40], Step: [601/782], Loss: 0.19462452828884125
Rank:0 Epoch: [32/40], Step: [611/782], Loss: 0.1443641185760498
Rank:0 Epoch: [32/40], Step: [621/782], Loss: 0.13489075005054474
Rank:0 Epoch: [32/40], Step: [631/782], Loss: 0.22130244970321655
Rank:0 Epoch: [32/40], Step: [641/782], Loss: 0.09044670313596725
Rank:0 Epoch: [32/40], Step: [651/782], Loss: 0.14985917508602142
Rank:0 Epoch: [32/40], Step: [661/782], Loss: 0.11448579281568527
Rank:0 Epoch: [32/40], Step: [671/782], Loss: 0.13312380015850067
Rank:0 Epoch: [32/40], Step: [681/782], Loss: 0.06973286718130112
Rank:0 Epoch: [32/40], Step: [691/782], Loss: 0.15390418469905853
Rank:0 Epoch: [32/40], Step: [701/782], Loss: 0.042940329760313034
Rank:0 Epoch: [32/40], Step: [711/782], Loss: 0.17283421754837036
Rank:0 Epoch: [32/40], Step: [721/782], Loss: 0.17090772092342377
Rank:0 Epoch: [32/40], Step: [731/782], Loss: 0.08053869009017944
Rank:0 Epoch: [32/40], Step: [741/782], Loss: 0.11138799041509628
Rank:0 Epoch: [32/40], Step: [751/782], Loss: 0.13013122975826263
Rank:0 Epoch: [32/40], Step: [761/782], Loss: 0.13333842158317566
Rank:0 Epoch: [32/40], Step: [771/782], Loss: 0.23716139793395996
Rank:0 Epoch: [32/40], Step: [781/782], Loss: 0.07705777138471603
Current Test Acc: 0.9198
Rank:0 Epoch: [33/40], Step: [1/782], Loss: 0.048469964414834976
Rank:0 Epoch: [33/40], Step: [11/782], Loss: 0.16141654551029205
Rank:0 Epoch: [33/40], Step: [21/782], Loss: 0.05530889704823494
Rank:0 Epoch: [33/40], Step: [31/782], Loss: 0.23389798402786255
Rank:0 Epoch: [33/40], Step: [41/782], Loss: 0.06867072731256485
Rank:0 Epoch: [33/40], Step: [51/782], Loss: 0.1302570402622223
Rank:0 Epoch: [33/40], Step: [61/782], Loss: 0.07622089982032776
Rank:0 Epoch: [33/40], Step: [71/782], Loss: 0.1107247844338417
Rank:0 Epoch: [33/40], Step: [81/782], Loss: 0.07771901041269302
Rank:0 Epoch: [33/40], Step: [91/782], Loss: 0.15165457129478455
Rank:0 Epoch: [33/40], Step: [101/782], Loss: 0.057988379150629044
Rank:0 Epoch: [33/40], Step: [111/782], Loss: 0.07351164519786835
Rank:0 Epoch: [33/40], Step: [121/782], Loss: 0.06747408211231232
Rank:0 Epoch: [33/40], Step: [131/782], Loss: 0.05626750364899635
Rank:0 Epoch: [33/40], Step: [141/782], Loss: 0.05650695785880089
Rank:0 Epoch: [33/40], Step: [151/782], Loss: 0.15955577790737152
Rank:0 Epoch: [33/40], Step: [161/782], Loss: 0.1425982117652893
Rank:0 Epoch: [33/40], Step: [171/782], Loss: 0.1940849870443344
Rank:0 Epoch: [33/40], Step: [181/782], Loss: 0.15263433754444122
Rank:0 Epoch: [33/40], Step: [191/782], Loss: 0.06771288067102432
Rank:0 Epoch: [33/40], Step: [201/782], Loss: 0.21386021375656128
Rank:0 Epoch: [33/40], Step: [211/782], Loss: 0.10141486674547195
Rank:0 Epoch: [33/40], Step: [221/782], Loss: 0.06868907809257507
Rank:0 Epoch: [33/40], Step: [231/782], Loss: 0.15682300925254822
Rank:0 Epoch: [33/40], Step: [241/782], Loss: 0.04668044298887253
Rank:0 Epoch: [33/40], Step: [251/782], Loss: 0.12031392753124237
Rank:0 Epoch: [33/40], Step: [261/782], Loss: 0.12575145065784454
Rank:0 Epoch: [33/40], Step: [271/782], Loss: 0.098629891872406
Rank:0 Epoch: [33/40], Step: [281/782], Loss: 0.09978476166725159
Rank:0 Epoch: [33/40], Step: [291/782], Loss: 0.0900026261806488
Rank:0 Epoch: [33/40], Step: [301/782], Loss: 0.06844626367092133
Rank:0 Epoch: [33/40], Step: [311/782], Loss: 0.054772403091192245
Rank:0 Epoch: [33/40], Step: [321/782], Loss: 0.2886439859867096
Rank:0 Epoch: [33/40], Step: [331/782], Loss: 0.07179199159145355
Rank:0 Epoch: [33/40], Step: [341/782], Loss: 0.10924667119979858
Rank:0 Epoch: [33/40], Step: [351/782], Loss: 0.1152384951710701
Rank:0 Epoch: [33/40], Step: [361/782], Loss: 0.11277232319116592
Rank:0 Epoch: [33/40], Step: [371/782], Loss: 0.08014412224292755
Rank:0 Epoch: [33/40], Step: [381/782], Loss: 0.07011054456233978
Rank:0 Epoch: [33/40], Step: [391/782], Loss: 0.11825838685035706
Rank:0 Epoch: [33/40], Step: [401/782], Loss: 0.15942513942718506
Rank:0 Epoch: [33/40], Step: [411/782], Loss: 0.18661436438560486
Rank:0 Epoch: [33/40], Step: [421/782], Loss: 0.1326015740633011
Rank:0 Epoch: [33/40], Step: [431/782], Loss: 0.1574101597070694
Rank:0 Epoch: [33/40], Step: [441/782], Loss: 0.06955301761627197
Rank:0 Epoch: [33/40], Step: [451/782], Loss: 0.07326057553291321
Rank:0 Epoch: [33/40], Step: [461/782], Loss: 0.0997866839170456
Rank:0 Epoch: [33/40], Step: [471/782], Loss: 0.09428965300321579
Rank:0 Epoch: [33/40], Step: [481/782], Loss: 0.14714467525482178
Rank:0 Epoch: [33/40], Step: [491/782], Loss: 0.1307234764099121
Rank:0 Epoch: [33/40], Step: [501/782], Loss: 0.09445999562740326
Rank:0 Epoch: [33/40], Step: [511/782], Loss: 0.16609086096286774
Rank:0 Epoch: [33/40], Step: [521/782], Loss: 0.09705185145139694
Rank:0 Epoch: [33/40], Step: [531/782], Loss: 0.09576724469661713
Rank:0 Epoch: [33/40], Step: [541/782], Loss: 0.19411778450012207
Rank:0 Epoch: [33/40], Step: [551/782], Loss: 0.18258710205554962
Rank:0 Epoch: [33/40], Step: [561/782], Loss: 0.08199441432952881
Rank:0 Epoch: [33/40], Step: [571/782], Loss: 0.15087823569774628
Rank:0 Epoch: [33/40], Step: [581/782], Loss: 0.06564370542764664
Rank:0 Epoch: [33/40], Step: [591/782], Loss: 0.12878011167049408
Rank:0 Epoch: [33/40], Step: [601/782], Loss: 0.1852898746728897
Rank:0 Epoch: [33/40], Step: [611/782], Loss: 0.07618839293718338
Rank:0 Epoch: [33/40], Step: [621/782], Loss: 0.060556553304195404
Rank:0 Epoch: [33/40], Step: [631/782], Loss: 0.11133228987455368
Rank:0 Epoch: [33/40], Step: [641/782], Loss: 0.05471019446849823
Rank:0 Epoch: [33/40], Step: [651/782], Loss: 0.1694648116827011
Rank:0 Epoch: [33/40], Step: [661/782], Loss: 0.05447480082511902
Rank:0 Epoch: [33/40], Step: [671/782], Loss: 0.2652851641178131
Rank:0 Epoch: [33/40], Step: [681/782], Loss: 0.3031248450279236
Rank:0 Epoch: [33/40], Step: [691/782], Loss: 0.04663968086242676
Rank:0 Epoch: [33/40], Step: [701/782], Loss: 0.05745257809758186
Rank:0 Epoch: [33/40], Step: [711/782], Loss: 0.11291541904211044
Rank:0 Epoch: [33/40], Step: [721/782], Loss: 0.2213728427886963
Rank:0 Epoch: [33/40], Step: [731/782], Loss: 0.09437257051467896
Rank:0 Epoch: [33/40], Step: [741/782], Loss: 0.07735342532396317
Rank:0 Epoch: [33/40], Step: [751/782], Loss: 0.1818549782037735
Rank:0 Epoch: [33/40], Step: [761/782], Loss: 0.1640092432498932
Rank:0 Epoch: [33/40], Step: [771/782], Loss: 0.22444508969783783
Rank:0 Epoch: [33/40], Step: [781/782], Loss: 0.1432180553674698
Current Test Acc: 0.9185
Rank:0 Epoch: [34/40], Step: [1/782], Loss: 0.08108453452587128
Rank:0 Epoch: [34/40], Step: [11/782], Loss: 0.19699260592460632
Rank:0 Epoch: [34/40], Step: [21/782], Loss: 0.05953657254576683
Rank:0 Epoch: [34/40], Step: [31/782], Loss: 0.17198540270328522
Rank:0 Epoch: [34/40], Step: [41/782], Loss: 0.09245063364505768
Rank:0 Epoch: [34/40], Step: [51/782], Loss: 0.05748002231121063
Rank:0 Epoch: [34/40], Step: [61/782], Loss: 0.11107496172189713
Rank:0 Epoch: [34/40], Step: [71/782], Loss: 0.04262843355536461
Rank:0 Epoch: [34/40], Step: [81/782], Loss: 0.05557706579566002
Rank:0 Epoch: [34/40], Step: [91/782], Loss: 0.04027489945292473
Rank:0 Epoch: [34/40], Step: [101/782], Loss: 0.05385490879416466
Rank:0 Epoch: [34/40], Step: [111/782], Loss: 0.12068715691566467
Rank:0 Epoch: [34/40], Step: [121/782], Loss: 0.14180459082126617
Rank:0 Epoch: [34/40], Step: [131/782], Loss: 0.17152264714241028
Rank:0 Epoch: [34/40], Step: [141/782], Loss: 0.16354642808437347
Rank:0 Epoch: [34/40], Step: [151/782], Loss: 0.11533840000629425
Rank:0 Epoch: [34/40], Step: [161/782], Loss: 0.14808127284049988
Rank:0 Epoch: [34/40], Step: [171/782], Loss: 0.2359922230243683
Rank:0 Epoch: [34/40], Step: [181/782], Loss: 0.10408951342105865
Rank:0 Epoch: [34/40], Step: [191/782], Loss: 0.05972084775567055
Rank:0 Epoch: [34/40], Step: [201/782], Loss: 0.11088258773088455
Rank:0 Epoch: [34/40], Step: [211/782], Loss: 0.1540791094303131
Rank:0 Epoch: [34/40], Step: [221/782], Loss: 0.1109057366847992
Rank:0 Epoch: [34/40], Step: [231/782], Loss: 0.04061128944158554
Rank:0 Epoch: [34/40], Step: [241/782], Loss: 0.052927665412425995
Rank:0 Epoch: [34/40], Step: [251/782], Loss: 0.1270301640033722
Rank:0 Epoch: [34/40], Step: [261/782], Loss: 0.09127440303564072
Rank:0 Epoch: [34/40], Step: [271/782], Loss: 0.23036806285381317
Rank:0 Epoch: [34/40], Step: [281/782], Loss: 0.07073256373405457
Rank:0 Epoch: [34/40], Step: [291/782], Loss: 0.13462066650390625
Rank:0 Epoch: [34/40], Step: [301/782], Loss: 0.24932946264743805
Rank:0 Epoch: [34/40], Step: [311/782], Loss: 0.164270281791687
Rank:0 Epoch: [34/40], Step: [321/782], Loss: 0.0704210177063942
Rank:0 Epoch: [34/40], Step: [331/782], Loss: 0.19039180874824524
Rank:0 Epoch: [34/40], Step: [341/782], Loss: 0.07374826818704605
Rank:0 Epoch: [34/40], Step: [351/782], Loss: 0.08025524765253067
Rank:0 Epoch: [34/40], Step: [361/782], Loss: 0.12445173412561417
Rank:0 Epoch: [34/40], Step: [371/782], Loss: 0.07524067163467407
Rank:0 Epoch: [34/40], Step: [381/782], Loss: 0.05724669620394707
Rank:0 Epoch: [34/40], Step: [391/782], Loss: 0.08922167122364044
Rank:0 Epoch: [34/40], Step: [401/782], Loss: 0.06441519409418106
Rank:0 Epoch: [34/40], Step: [411/782], Loss: 0.10557828098535538
Rank:0 Epoch: [34/40], Step: [421/782], Loss: 0.03955588862299919
Rank:0 Epoch: [34/40], Step: [431/782], Loss: 0.1102721244096756
Rank:0 Epoch: [34/40], Step: [441/782], Loss: 0.1879606544971466
Rank:0 Epoch: [34/40], Step: [451/782], Loss: 0.08380961418151855
Rank:0 Epoch: [34/40], Step: [461/782], Loss: 0.11053206026554108
Rank:0 Epoch: [34/40], Step: [471/782], Loss: 0.045598920434713364
Rank:0 Epoch: [34/40], Step: [481/782], Loss: 0.24537023901939392
Rank:0 Epoch: [34/40], Step: [491/782], Loss: 0.059326741844415665
Rank:0 Epoch: [34/40], Step: [501/782], Loss: 0.1257365345954895
Rank:0 Epoch: [34/40], Step: [511/782], Loss: 0.07091522961854935
Rank:0 Epoch: [34/40], Step: [521/782], Loss: 0.07213222235441208
Rank:0 Epoch: [34/40], Step: [531/782], Loss: 0.18725590407848358
Rank:0 Epoch: [34/40], Step: [541/782], Loss: 0.0994548499584198
Rank:0 Epoch: [34/40], Step: [551/782], Loss: 0.15289892256259918
Rank:0 Epoch: [34/40], Step: [561/782], Loss: 0.041247282177209854
Rank:0 Epoch: [34/40], Step: [571/782], Loss: 0.1979963630437851
Rank:0 Epoch: [34/40], Step: [581/782], Loss: 0.2686353921890259
Rank:0 Epoch: [34/40], Step: [591/782], Loss: 0.17539888620376587
Rank:0 Epoch: [34/40], Step: [601/782], Loss: 0.24081258475780487
Rank:0 Epoch: [34/40], Step: [611/782], Loss: 0.088587187230587
Rank:0 Epoch: [34/40], Step: [621/782], Loss: 0.12139883637428284
Rank:0 Epoch: [34/40], Step: [631/782], Loss: 0.11790299415588379
Rank:0 Epoch: [34/40], Step: [641/782], Loss: 0.1499217301607132
Rank:0 Epoch: [34/40], Step: [651/782], Loss: 0.16824643313884735
Rank:0 Epoch: [34/40], Step: [661/782], Loss: 0.31845590472221375
Rank:0 Epoch: [34/40], Step: [671/782], Loss: 0.13481536507606506
Rank:0 Epoch: [34/40], Step: [681/782], Loss: 0.20762702822685242
Rank:0 Epoch: [34/40], Step: [691/782], Loss: 0.17520061135292053
Rank:0 Epoch: [34/40], Step: [701/782], Loss: 0.10961009562015533
Rank:0 Epoch: [34/40], Step: [711/782], Loss: 0.059583887457847595
Rank:0 Epoch: [34/40], Step: [721/782], Loss: 0.048546332865953445
Rank:0 Epoch: [34/40], Step: [731/782], Loss: 0.05164135619997978
Rank:0 Epoch: [34/40], Step: [741/782], Loss: 0.13659338653087616
Rank:0 Epoch: [34/40], Step: [751/782], Loss: 0.14690987765789032
Rank:0 Epoch: [34/40], Step: [761/782], Loss: 0.06471218913793564
Rank:0 Epoch: [34/40], Step: [771/782], Loss: 0.0670284628868103
Rank:0 Epoch: [34/40], Step: [781/782], Loss: 0.08657795190811157
Current Test Acc: 0.9199
Rank:0 Epoch: [35/40], Step: [1/782], Loss: 0.036301665008068085
Rank:0 Epoch: [35/40], Step: [11/782], Loss: 0.15272319316864014
Rank:0 Epoch: [35/40], Step: [21/782], Loss: 0.060014866292476654
Rank:0 Epoch: [35/40], Step: [31/782], Loss: 0.17230090498924255
Rank:0 Epoch: [35/40], Step: [41/782], Loss: 0.08618253469467163
Rank:0 Epoch: [35/40], Step: [51/782], Loss: 0.08078721910715103
Rank:0 Epoch: [35/40], Step: [61/782], Loss: 0.13160637021064758
Rank:0 Epoch: [35/40], Step: [71/782], Loss: 0.11407399922609329
Rank:0 Epoch: [35/40], Step: [81/782], Loss: 0.07337852567434311
Rank:0 Epoch: [35/40], Step: [91/782], Loss: 0.072757788002491
Rank:0 Epoch: [35/40], Step: [101/782], Loss: 0.1283484399318695
Rank:0 Epoch: [35/40], Step: [111/782], Loss: 0.21564824879169464
Rank:0 Epoch: [35/40], Step: [121/782], Loss: 0.050205059349536896
Rank:0 Epoch: [35/40], Step: [131/782], Loss: 0.12407493591308594
Rank:0 Epoch: [35/40], Step: [141/782], Loss: 0.07939846813678741
Rank:0 Epoch: [35/40], Step: [151/782], Loss: 0.05493294447660446
Rank:0 Epoch: [35/40], Step: [161/782], Loss: 0.08920560777187347
Rank:0 Epoch: [35/40], Step: [171/782], Loss: 0.055796824395656586
Rank:0 Epoch: [35/40], Step: [181/782], Loss: 0.13067527115345
Rank:0 Epoch: [35/40], Step: [191/782], Loss: 0.04930150881409645
Rank:0 Epoch: [35/40], Step: [201/782], Loss: 0.06461111456155777
Rank:0 Epoch: [35/40], Step: [211/782], Loss: 0.05875571444630623
Rank:0 Epoch: [35/40], Step: [221/782], Loss: 0.05638636648654938
Rank:0 Epoch: [35/40], Step: [231/782], Loss: 0.07720696181058884
Rank:0 Epoch: [35/40], Step: [241/782], Loss: 0.05309516191482544
Rank:0 Epoch: [35/40], Step: [251/782], Loss: 0.04653588682413101
Rank:0 Epoch: [35/40], Step: [261/782], Loss: 0.04997630417346954
Rank:0 Epoch: [35/40], Step: [271/782], Loss: 0.10578163713216782
Rank:0 Epoch: [35/40], Step: [281/782], Loss: 0.13219068944454193
Rank:0 Epoch: [35/40], Step: [291/782], Loss: 0.08963191509246826
Rank:0 Epoch: [35/40], Step: [301/782], Loss: 0.09332957118749619
Rank:0 Epoch: [35/40], Step: [311/782], Loss: 0.09101269394159317
Rank:0 Epoch: [35/40], Step: [321/782], Loss: 0.2289777398109436
Rank:0 Epoch: [35/40], Step: [331/782], Loss: 0.10918258130550385
Rank:0 Epoch: [35/40], Step: [341/782], Loss: 0.11928260326385498
Rank:0 Epoch: [35/40], Step: [351/782], Loss: 0.09457501024007797
Rank:0 Epoch: [35/40], Step: [361/782], Loss: 0.037913728505373
Rank:0 Epoch: [35/40], Step: [371/782], Loss: 0.17355874180793762
Rank:0 Epoch: [35/40], Step: [381/782], Loss: 0.07642155140638351
Rank:0 Epoch: [35/40], Step: [391/782], Loss: 0.20151935517787933
Rank:0 Epoch: [35/40], Step: [401/782], Loss: 0.20929789543151855
Rank:0 Epoch: [35/40], Step: [411/782], Loss: 0.16375897824764252
Rank:0 Epoch: [35/40], Step: [421/782], Loss: 0.07629147917032242
Rank:0 Epoch: [35/40], Step: [431/782], Loss: 0.13223184645175934
Rank:0 Epoch: [35/40], Step: [441/782], Loss: 0.15665127336978912
Rank:0 Epoch: [35/40], Step: [451/782], Loss: 0.05279773473739624
Rank:0 Epoch: [35/40], Step: [461/782], Loss: 0.09451762586832047
Rank:0 Epoch: [35/40], Step: [471/782], Loss: 0.07853420078754425
Rank:0 Epoch: [35/40], Step: [481/782], Loss: 0.09895363450050354
Rank:0 Epoch: [35/40], Step: [491/782], Loss: 0.07067512720823288
Rank:0 Epoch: [35/40], Step: [501/782], Loss: 0.10336224734783173
Rank:0 Epoch: [35/40], Step: [511/782], Loss: 0.1305677890777588
Rank:0 Epoch: [35/40], Step: [521/782], Loss: 0.10203050076961517
Rank:0 Epoch: [35/40], Step: [531/782], Loss: 0.18180492520332336
Rank:0 Epoch: [35/40], Step: [541/782], Loss: 0.14655701816082
Rank:0 Epoch: [35/40], Step: [551/782], Loss: 0.1047477051615715
Rank:0 Epoch: [35/40], Step: [561/782], Loss: 0.03246574476361275
Rank:0 Epoch: [35/40], Step: [571/782], Loss: 0.15452644228935242
Rank:0 Epoch: [35/40], Step: [581/782], Loss: 0.13600996136665344
Rank:0 Epoch: [35/40], Step: [591/782], Loss: 0.07225538790225983
Rank:0 Epoch: [35/40], Step: [601/782], Loss: 0.10250431299209595
Rank:0 Epoch: [35/40], Step: [611/782], Loss: 0.06212211772799492
Rank:0 Epoch: [35/40], Step: [621/782], Loss: 0.07284531742334366
Rank:0 Epoch: [35/40], Step: [631/782], Loss: 0.12674443423748016
Rank:0 Epoch: [35/40], Step: [641/782], Loss: 0.0975588783621788
Rank:0 Epoch: [35/40], Step: [651/782], Loss: 0.08188848197460175
Rank:0 Epoch: [35/40], Step: [661/782], Loss: 0.13525709509849548
Rank:0 Epoch: [35/40], Step: [671/782], Loss: 0.18979163467884064
Rank:0 Epoch: [35/40], Step: [681/782], Loss: 0.222931370139122
Rank:0 Epoch: [35/40], Step: [691/782], Loss: 0.19194194674491882
Rank:0 Epoch: [35/40], Step: [701/782], Loss: 0.085549496114254
Rank:0 Epoch: [35/40], Step: [711/782], Loss: 0.2512163519859314
Rank:0 Epoch: [35/40], Step: [721/782], Loss: 0.10783342272043228
Rank:0 Epoch: [35/40], Step: [731/782], Loss: 0.0875818207859993
Rank:0 Epoch: [35/40], Step: [741/782], Loss: 0.0915650948882103
Rank:0 Epoch: [35/40], Step: [751/782], Loss: 0.07194453477859497
Rank:0 Epoch: [35/40], Step: [761/782], Loss: 0.1168399378657341
Rank:0 Epoch: [35/40], Step: [771/782], Loss: 0.2234644591808319
Rank:0 Epoch: [35/40], Step: [781/782], Loss: 0.1080273985862732
Current Test Acc: 0.9198
Rank:0 Epoch: [36/40], Step: [1/782], Loss: 0.07087026536464691
Rank:0 Epoch: [36/40], Step: [11/782], Loss: 0.06383486092090607
Rank:0 Epoch: [36/40], Step: [21/782], Loss: 0.1404930204153061
Rank:0 Epoch: [36/40], Step: [31/782], Loss: 0.0698087215423584
Rank:0 Epoch: [36/40], Step: [41/782], Loss: 0.1362217664718628
Rank:0 Epoch: [36/40], Step: [51/782], Loss: 0.07791869342327118
Rank:0 Epoch: [36/40], Step: [61/782], Loss: 0.08059313148260117
Rank:0 Epoch: [36/40], Step: [71/782], Loss: 0.11804147809743881
Rank:0 Epoch: [36/40], Step: [81/782], Loss: 0.23390240967273712
Rank:0 Epoch: [36/40], Step: [91/782], Loss: 0.08303848654031754
Rank:0 Epoch: [36/40], Step: [101/782], Loss: 0.09352201223373413
Rank:0 Epoch: [36/40], Step: [111/782], Loss: 0.1609007716178894
Rank:0 Epoch: [36/40], Step: [121/782], Loss: 0.1467767357826233
Rank:0 Epoch: [36/40], Step: [131/782], Loss: 0.13232578337192535
Rank:0 Epoch: [36/40], Step: [141/782], Loss: 0.1677727997303009
Rank:0 Epoch: [36/40], Step: [151/782], Loss: 0.07029897719621658
Rank:0 Epoch: [36/40], Step: [161/782], Loss: 0.04368104785680771
Rank:0 Epoch: [36/40], Step: [171/782], Loss: 0.14124795794487
Rank:0 Epoch: [36/40], Step: [181/782], Loss: 0.13513213396072388
Rank:0 Epoch: [36/40], Step: [191/782], Loss: 0.12611806392669678
Rank:0 Epoch: [36/40], Step: [201/782], Loss: 0.055170126259326935
Rank:0 Epoch: [36/40], Step: [211/782], Loss: 0.2062067687511444
Rank:0 Epoch: [36/40], Step: [221/782], Loss: 0.07963230460882187
Rank:0 Epoch: [36/40], Step: [231/782], Loss: 0.11325909942388535
Rank:0 Epoch: [36/40], Step: [241/782], Loss: 0.05044916272163391
Rank:0 Epoch: [36/40], Step: [251/782], Loss: 0.0959235280752182
Rank:0 Epoch: [36/40], Step: [261/782], Loss: 0.03146492317318916
Rank:0 Epoch: [36/40], Step: [271/782], Loss: 0.04617994278669357
Rank:0 Epoch: [36/40], Step: [281/782], Loss: 0.13238167762756348
Rank:0 Epoch: [36/40], Step: [291/782], Loss: 0.16971351206302643
Rank:0 Epoch: [36/40], Step: [301/782], Loss: 0.14202268421649933
Rank:0 Epoch: [36/40], Step: [311/782], Loss: 0.11529466509819031
Rank:0 Epoch: [36/40], Step: [321/782], Loss: 0.052287716418504715
Rank:0 Epoch: [36/40], Step: [331/782], Loss: 0.18418630957603455
Rank:0 Epoch: [36/40], Step: [341/782], Loss: 0.07098028808832169
Rank:0 Epoch: [36/40], Step: [351/782], Loss: 0.08741346001625061
Rank:0 Epoch: [36/40], Step: [361/782], Loss: 0.061708446592092514
Rank:0 Epoch: [36/40], Step: [371/782], Loss: 0.05869172886013985
Rank:0 Epoch: [36/40], Step: [381/782], Loss: 0.10912729799747467
Rank:0 Epoch: [36/40], Step: [391/782], Loss: 0.11622843146324158
Rank:0 Epoch: [36/40], Step: [401/782], Loss: 0.06289702653884888
Rank:0 Epoch: [36/40], Step: [411/782], Loss: 0.1286197453737259
Rank:0 Epoch: [36/40], Step: [421/782], Loss: 0.09141350537538528
Rank:0 Epoch: [36/40], Step: [431/782], Loss: 0.11167434602975845
Rank:0 Epoch: [36/40], Step: [441/782], Loss: 0.14512287080287933
Rank:0 Epoch: [36/40], Step: [451/782], Loss: 0.151353120803833
Rank:0 Epoch: [36/40], Step: [461/782], Loss: 0.04252508655190468
Rank:0 Epoch: [36/40], Step: [471/782], Loss: 0.11186672747135162
Rank:0 Epoch: [36/40], Step: [481/782], Loss: 0.09179826080799103
Rank:0 Epoch: [36/40], Step: [491/782], Loss: 0.1475045382976532
Rank:0 Epoch: [36/40], Step: [501/782], Loss: 0.0533442348241806
Rank:0 Epoch: [36/40], Step: [511/782], Loss: 0.10942291468381882
Rank:0 Epoch: [36/40], Step: [521/782], Loss: 0.09106146544218063
Rank:0 Epoch: [36/40], Step: [531/782], Loss: 0.1321050524711609
Rank:0 Epoch: [36/40], Step: [541/782], Loss: 0.058416642248630524
Rank:0 Epoch: [36/40], Step: [551/782], Loss: 0.18882085382938385
Rank:0 Epoch: [36/40], Step: [561/782], Loss: 0.13464666903018951
Rank:0 Epoch: [36/40], Step: [571/782], Loss: 0.1004970520734787
Rank:0 Epoch: [36/40], Step: [581/782], Loss: 0.1561451107263565
Rank:0 Epoch: [36/40], Step: [591/782], Loss: 0.1848267912864685
Rank:0 Epoch: [36/40], Step: [601/782], Loss: 0.03787324205040932
Rank:0 Epoch: [36/40], Step: [611/782], Loss: 0.07634252309799194
Rank:0 Epoch: [36/40], Step: [621/782], Loss: 0.12947902083396912
Rank:0 Epoch: [36/40], Step: [631/782], Loss: 0.08590749651193619
Rank:0 Epoch: [36/40], Step: [641/782], Loss: 0.11673788726329803
Rank:0 Epoch: [36/40], Step: [651/782], Loss: 0.13544344902038574
Rank:0 Epoch: [36/40], Step: [661/782], Loss: 0.13359230756759644
Rank:0 Epoch: [36/40], Step: [671/782], Loss: 0.15051618218421936
Rank:0 Epoch: [36/40], Step: [681/782], Loss: 0.1019991934299469
Rank:0 Epoch: [36/40], Step: [691/782], Loss: 0.18373233079910278
Rank:0 Epoch: [36/40], Step: [701/782], Loss: 0.051279038190841675
Rank:0 Epoch: [36/40], Step: [711/782], Loss: 0.2615968883037567
Rank:0 Epoch: [36/40], Step: [721/782], Loss: 0.154850572347641
Rank:0 Epoch: [36/40], Step: [731/782], Loss: 0.07568834722042084
Rank:0 Epoch: [36/40], Step: [741/782], Loss: 0.1648556888103485
Rank:0 Epoch: [36/40], Step: [751/782], Loss: 0.1859457790851593
Rank:0 Epoch: [36/40], Step: [761/782], Loss: 0.044144440442323685
Rank:0 Epoch: [36/40], Step: [771/782], Loss: 0.15574249625205994
Rank:0 Epoch: [36/40], Step: [781/782], Loss: 0.0850464254617691
Current Test Acc: 0.9166
Rank:0 Epoch: [37/40], Step: [1/782], Loss: 0.10398847609758377
Rank:0 Epoch: [37/40], Step: [11/782], Loss: 0.16033144295215607
Rank:0 Epoch: [37/40], Step: [21/782], Loss: 0.027661385014653206
Rank:0 Epoch: [37/40], Step: [31/782], Loss: 0.058339111506938934
Rank:0 Epoch: [37/40], Step: [41/782], Loss: 0.07541358470916748
Rank:0 Epoch: [37/40], Step: [51/782], Loss: 0.23621492087841034
Rank:0 Epoch: [37/40], Step: [61/782], Loss: 0.1799311339855194
Rank:0 Epoch: [37/40], Step: [71/782], Loss: 0.04997806251049042
Rank:0 Epoch: [37/40], Step: [81/782], Loss: 0.05959013104438782
Rank:0 Epoch: [37/40], Step: [91/782], Loss: 0.040916480123996735
Rank:0 Epoch: [37/40], Step: [101/782], Loss: 0.06663370877504349
Rank:0 Epoch: [37/40], Step: [111/782], Loss: 0.08288013935089111
Rank:0 Epoch: [37/40], Step: [121/782], Loss: 0.10740897059440613
Rank:0 Epoch: [37/40], Step: [131/782], Loss: 0.049831680953502655
Rank:0 Epoch: [37/40], Step: [141/782], Loss: 0.18095558881759644
Rank:0 Epoch: [37/40], Step: [151/782], Loss: 0.11478691548109055
Rank:0 Epoch: [37/40], Step: [161/782], Loss: 0.14826540648937225
Rank:0 Epoch: [37/40], Step: [171/782], Loss: 0.09212270379066467
Rank:0 Epoch: [37/40], Step: [181/782], Loss: 0.04635625332593918
Rank:0 Epoch: [37/40], Step: [191/782], Loss: 0.22663801908493042
Rank:0 Epoch: [37/40], Step: [201/782], Loss: 0.08982961624860764
Rank:0 Epoch: [37/40], Step: [211/782], Loss: 0.15853847563266754
Rank:0 Epoch: [37/40], Step: [221/782], Loss: 0.044623322784900665
Rank:0 Epoch: [37/40], Step: [231/782], Loss: 0.1585596203804016
Rank:0 Epoch: [37/40], Step: [241/782], Loss: 0.0536869615316391
Rank:0 Epoch: [37/40], Step: [251/782], Loss: 0.09722607582807541
Rank:0 Epoch: [37/40], Step: [261/782], Loss: 0.08937990665435791
Rank:0 Epoch: [37/40], Step: [271/782], Loss: 0.04164860025048256
Rank:0 Epoch: [37/40], Step: [281/782], Loss: 0.16396158933639526
Rank:0 Epoch: [37/40], Step: [291/782], Loss: 0.14335192739963531
Rank:0 Epoch: [37/40], Step: [301/782], Loss: 0.07614708691835403
Rank:0 Epoch: [37/40], Step: [311/782], Loss: 0.1919325292110443
Rank:0 Epoch: [37/40], Step: [321/782], Loss: 0.14373816549777985
Rank:0 Epoch: [37/40], Step: [331/782], Loss: 0.20200982689857483
Rank:0 Epoch: [37/40], Step: [341/782], Loss: 0.09830033779144287
Rank:0 Epoch: [37/40], Step: [351/782], Loss: 0.08168529719114304
Rank:0 Epoch: [37/40], Step: [361/782], Loss: 0.039373729377985
Rank:0 Epoch: [37/40], Step: [371/782], Loss: 0.09119299799203873
Rank:0 Epoch: [37/40], Step: [381/782], Loss: 0.08092742413282394
Rank:0 Epoch: [37/40], Step: [391/782], Loss: 0.1540919542312622
Rank:0 Epoch: [37/40], Step: [401/782], Loss: 0.061277858912944794
Rank:0 Epoch: [37/40], Step: [411/782], Loss: 0.14287756383419037
Rank:0 Epoch: [37/40], Step: [421/782], Loss: 0.0768146961927414
Rank:0 Epoch: [37/40], Step: [431/782], Loss: 0.04042152687907219
Rank:0 Epoch: [37/40], Step: [441/782], Loss: 0.07545207440853119
Rank:0 Epoch: [37/40], Step: [451/782], Loss: 0.1335223764181137
Rank:0 Epoch: [37/40], Step: [461/782], Loss: 0.1176595613360405
Rank:0 Epoch: [37/40], Step: [471/782], Loss: 0.034946344792842865
Rank:0 Epoch: [37/40], Step: [481/782], Loss: 0.12658648192882538
Rank:0 Epoch: [37/40], Step: [491/782], Loss: 0.04505055397748947
Rank:0 Epoch: [37/40], Step: [501/782], Loss: 0.04336349293589592
Rank:0 Epoch: [37/40], Step: [511/782], Loss: 0.1838657706975937
Rank:0 Epoch: [37/40], Step: [521/782], Loss: 0.09512031078338623
Rank:0 Epoch: [37/40], Step: [531/782], Loss: 0.10640183091163635
Rank:0 Epoch: [37/40], Step: [541/782], Loss: 0.11905799061059952
Rank:0 Epoch: [37/40], Step: [551/782], Loss: 0.0806678906083107
Rank:0 Epoch: [37/40], Step: [561/782], Loss: 0.18348751962184906
Rank:0 Epoch: [37/40], Step: [571/782], Loss: 0.20649310946464539
Rank:0 Epoch: [37/40], Step: [581/782], Loss: 0.11918795853853226
Rank:0 Epoch: [37/40], Step: [591/782], Loss: 0.1311064213514328
Rank:0 Epoch: [37/40], Step: [601/782], Loss: 0.14079879224300385
Rank:0 Epoch: [37/40], Step: [611/782], Loss: 0.066692054271698
Rank:0 Epoch: [37/40], Step: [621/782], Loss: 0.19401271641254425
Rank:0 Epoch: [37/40], Step: [631/782], Loss: 0.10075942426919937
Rank:0 Epoch: [37/40], Step: [641/782], Loss: 0.04720970243215561
Rank:0 Epoch: [37/40], Step: [651/782], Loss: 0.23674821853637695
Rank:0 Epoch: [37/40], Step: [661/782], Loss: 0.24784137308597565
Rank:0 Epoch: [37/40], Step: [671/782], Loss: 0.12858626246452332
Rank:0 Epoch: [37/40], Step: [681/782], Loss: 0.2736622989177704
Rank:0 Epoch: [37/40], Step: [691/782], Loss: 0.15529799461364746
Rank:0 Epoch: [37/40], Step: [701/782], Loss: 0.23330244421958923
Rank:0 Epoch: [37/40], Step: [711/782], Loss: 0.1481063812971115
Rank:0 Epoch: [37/40], Step: [721/782], Loss: 0.10158845037221909
Rank:0 Epoch: [37/40], Step: [731/782], Loss: 0.1753394901752472
Rank:0 Epoch: [37/40], Step: [741/782], Loss: 0.08163275569677353
Rank:0 Epoch: [37/40], Step: [751/782], Loss: 0.07607073336839676
Rank:0 Epoch: [37/40], Step: [761/782], Loss: 0.0658515989780426
Rank:0 Epoch: [37/40], Step: [771/782], Loss: 0.08794000744819641
Rank:0 Epoch: [37/40], Step: [781/782], Loss: 0.1618383377790451
Current Test Acc: 0.9189
Rank:0 Epoch: [38/40], Step: [1/782], Loss: 0.12106291949748993
Rank:0 Epoch: [38/40], Step: [11/782], Loss: 0.14269186556339264
Rank:0 Epoch: [38/40], Step: [21/782], Loss: 0.04803553223609924
Rank:0 Epoch: [38/40], Step: [31/782], Loss: 0.07087300717830658
Rank:0 Epoch: [38/40], Step: [41/782], Loss: 0.12820100784301758
Rank:0 Epoch: [38/40], Step: [51/782], Loss: 0.08955362439155579
Rank:0 Epoch: [38/40], Step: [61/782], Loss: 0.06283701956272125
Rank:0 Epoch: [38/40], Step: [71/782], Loss: 0.062272123992443085
Rank:0 Epoch: [38/40], Step: [81/782], Loss: 0.13223324716091156
Rank:0 Epoch: [38/40], Step: [91/782], Loss: 0.09076019376516342
Rank:0 Epoch: [38/40], Step: [101/782], Loss: 0.1456122100353241
Rank:0 Epoch: [38/40], Step: [111/782], Loss: 0.15576612949371338
Rank:0 Epoch: [38/40], Step: [121/782], Loss: 0.07820948213338852
Rank:0 Epoch: [38/40], Step: [131/782], Loss: 0.11332481354475021
Rank:0 Epoch: [38/40], Step: [141/782], Loss: 0.07868245244026184
Rank:0 Epoch: [38/40], Step: [151/782], Loss: 0.054422251880168915
Rank:0 Epoch: [38/40], Step: [161/782], Loss: 0.10111778229475021
Rank:0 Epoch: [38/40], Step: [171/782], Loss: 0.14478252828121185
Rank:0 Epoch: [38/40], Step: [181/782], Loss: 0.08976992964744568
Rank:0 Epoch: [38/40], Step: [191/782], Loss: 0.09190914779901505
Rank:0 Epoch: [38/40], Step: [201/782], Loss: 0.11021760106086731
Rank:0 Epoch: [38/40], Step: [211/782], Loss: 0.10460612922906876
Rank:0 Epoch: [38/40], Step: [221/782], Loss: 0.09148731827735901
Rank:0 Epoch: [38/40], Step: [231/782], Loss: 0.052153803408145905
Rank:0 Epoch: [38/40], Step: [241/782], Loss: 0.0817403718829155
Rank:0 Epoch: [38/40], Step: [251/782], Loss: 0.0955185666680336
Rank:0 Epoch: [38/40], Step: [261/782], Loss: 0.09005826711654663
Rank:0 Epoch: [38/40], Step: [271/782], Loss: 0.10571490973234177
Rank:0 Epoch: [38/40], Step: [281/782], Loss: 0.15306106209754944
Rank:0 Epoch: [38/40], Step: [291/782], Loss: 0.18708990514278412
Rank:0 Epoch: [38/40], Step: [301/782], Loss: 0.19232770800590515
Rank:0 Epoch: [38/40], Step: [311/782], Loss: 0.26966363191604614
Rank:0 Epoch: [38/40], Step: [321/782], Loss: 0.044246409088373184
Rank:0 Epoch: [38/40], Step: [331/782], Loss: 0.07050596922636032
Rank:0 Epoch: [38/40], Step: [341/782], Loss: 0.08863300830125809
Rank:0 Epoch: [38/40], Step: [351/782], Loss: 0.03794849291443825
Rank:0 Epoch: [38/40], Step: [361/782], Loss: 0.09230319410562515
Rank:0 Epoch: [38/40], Step: [371/782], Loss: 0.06242549791932106
Rank:0 Epoch: [38/40], Step: [381/782], Loss: 0.037707891315221786
Rank:0 Epoch: [38/40], Step: [391/782], Loss: 0.14666986465454102
Rank:0 Epoch: [38/40], Step: [401/782], Loss: 0.03454082831740379
Rank:0 Epoch: [38/40], Step: [411/782], Loss: 0.10596071183681488
Rank:0 Epoch: [38/40], Step: [421/782], Loss: 0.2443331480026245
Rank:0 Epoch: [38/40], Step: [431/782], Loss: 0.13058574497699738
Rank:0 Epoch: [38/40], Step: [441/782], Loss: 0.15168966352939606
Rank:0 Epoch: [38/40], Step: [451/782], Loss: 0.13432104885578156
Rank:0 Epoch: [38/40], Step: [461/782], Loss: 0.03737330064177513
Rank:0 Epoch: [38/40], Step: [471/782], Loss: 0.03837129846215248
Rank:0 Epoch: [38/40], Step: [481/782], Loss: 0.11938237398862839
Rank:0 Epoch: [38/40], Step: [491/782], Loss: 0.11527606099843979
Rank:0 Epoch: [38/40], Step: [501/782], Loss: 0.12701484560966492
Rank:0 Epoch: [38/40], Step: [511/782], Loss: 0.24684610962867737
Rank:0 Epoch: [38/40], Step: [521/782], Loss: 0.043018992990255356
Rank:0 Epoch: [38/40], Step: [531/782], Loss: 0.04562343657016754
Rank:0 Epoch: [38/40], Step: [541/782], Loss: 0.09788617491722107
Rank:0 Epoch: [38/40], Step: [551/782], Loss: 0.14180509746074677
Rank:0 Epoch: [38/40], Step: [561/782], Loss: 0.1320192515850067
Rank:0 Epoch: [38/40], Step: [571/782], Loss: 0.14782826602458954
Rank:0 Epoch: [38/40], Step: [581/782], Loss: 0.07022914290428162
Rank:0 Epoch: [38/40], Step: [591/782], Loss: 0.04967252537608147
Rank:0 Epoch: [38/40], Step: [601/782], Loss: 0.07188761234283447
Rank:0 Epoch: [38/40], Step: [611/782], Loss: 0.11971666663885117
Rank:0 Epoch: [38/40], Step: [621/782], Loss: 0.14612002670764923
Rank:0 Epoch: [38/40], Step: [631/782], Loss: 0.11517313867807388
Rank:0 Epoch: [38/40], Step: [641/782], Loss: 0.09291820228099823
Rank:0 Epoch: [38/40], Step: [651/782], Loss: 0.08085352182388306
Rank:0 Epoch: [38/40], Step: [661/782], Loss: 0.18125475943088531
Rank:0 Epoch: [38/40], Step: [671/782], Loss: 0.06451144069433212
Rank:0 Epoch: [38/40], Step: [681/782], Loss: 0.09405598789453506
Rank:0 Epoch: [38/40], Step: [691/782], Loss: 0.09931683540344238
Rank:0 Epoch: [38/40], Step: [701/782], Loss: 0.07391476631164551
Rank:0 Epoch: [38/40], Step: [711/782], Loss: 0.11868686228990555
Rank:0 Epoch: [38/40], Step: [721/782], Loss: 0.07322357594966888
Rank:0 Epoch: [38/40], Step: [731/782], Loss: 0.06700236350297928
Rank:0 Epoch: [38/40], Step: [741/782], Loss: 0.03398614376783371
Rank:0 Epoch: [38/40], Step: [751/782], Loss: 0.1045549139380455
Rank:0 Epoch: [38/40], Step: [761/782], Loss: 0.19111929833889008
Rank:0 Epoch: [38/40], Step: [771/782], Loss: 0.2144383043050766
Rank:0 Epoch: [38/40], Step: [781/782], Loss: 0.07020318508148193
Current Test Acc: 0.9175
Rank:0 Epoch: [39/40], Step: [1/782], Loss: 0.05559314787387848
Rank:0 Epoch: [39/40], Step: [11/782], Loss: 0.1225186288356781
Rank:0 Epoch: [39/40], Step: [21/782], Loss: 0.06319255381822586
Rank:0 Epoch: [39/40], Step: [31/782], Loss: 0.11692947149276733
Rank:0 Epoch: [39/40], Step: [41/782], Loss: 0.18079808354377747
Rank:0 Epoch: [39/40], Step: [51/782], Loss: 0.11356265097856522
Rank:0 Epoch: [39/40], Step: [61/782], Loss: 0.15465250611305237
Rank:0 Epoch: [39/40], Step: [71/782], Loss: 0.096458300948143
Rank:0 Epoch: [39/40], Step: [81/782], Loss: 0.09251175075769424
Rank:0 Epoch: [39/40], Step: [91/782], Loss: 0.0465371198952198
Rank:0 Epoch: [39/40], Step: [101/782], Loss: 0.08272045105695724
Rank:0 Epoch: [39/40], Step: [111/782], Loss: 0.09153619408607483
Rank:0 Epoch: [39/40], Step: [121/782], Loss: 0.057110052555799484
Rank:0 Epoch: [39/40], Step: [131/782], Loss: 0.07728660851716995
Rank:0 Epoch: [39/40], Step: [141/782], Loss: 0.17560788989067078
Rank:0 Epoch: [39/40], Step: [151/782], Loss: 0.12688396871089935
Rank:0 Epoch: [39/40], Step: [161/782], Loss: 0.1591596007347107
Rank:0 Epoch: [39/40], Step: [171/782], Loss: 0.1597193330526352
Rank:0 Epoch: [39/40], Step: [181/782], Loss: 0.08667347580194473
Rank:0 Epoch: [39/40], Step: [191/782], Loss: 0.12004183977842331
Rank:0 Epoch: [39/40], Step: [201/782], Loss: 0.10789170116186142
Rank:0 Epoch: [39/40], Step: [211/782], Loss: 0.09680745750665665
Rank:0 Epoch: [39/40], Step: [221/782], Loss: 0.07378149777650833
Rank:0 Epoch: [39/40], Step: [231/782], Loss: 0.06198075786232948
Rank:0 Epoch: [39/40], Step: [241/782], Loss: 0.07790596783161163
Rank:0 Epoch: [39/40], Step: [251/782], Loss: 0.04556901380419731
Rank:0 Epoch: [39/40], Step: [261/782], Loss: 0.17726683616638184
Rank:0 Epoch: [39/40], Step: [271/782], Loss: 0.19885766506195068
Rank:0 Epoch: [39/40], Step: [281/782], Loss: 0.06665757298469543
Rank:0 Epoch: [39/40], Step: [291/782], Loss: 0.12002094089984894
Rank:0 Epoch: [39/40], Step: [301/782], Loss: 0.23040717840194702
Rank:0 Epoch: [39/40], Step: [311/782], Loss: 0.05682412534952164
Rank:0 Epoch: [39/40], Step: [321/782], Loss: 0.1803610622882843
Rank:0 Epoch: [39/40], Step: [331/782], Loss: 0.1496649980545044
Rank:0 Epoch: [39/40], Step: [341/782], Loss: 0.06573718041181564
Rank:0 Epoch: [39/40], Step: [351/782], Loss: 0.05132751911878586
Rank:0 Epoch: [39/40], Step: [361/782], Loss: 0.06744018942117691
Rank:0 Epoch: [39/40], Step: [371/782], Loss: 0.07044447958469391
Rank:0 Epoch: [39/40], Step: [381/782], Loss: 0.061231937259435654
Rank:0 Epoch: [39/40], Step: [391/782], Loss: 0.2401553988456726
Rank:0 Epoch: [39/40], Step: [401/782], Loss: 0.11078247427940369
Rank:0 Epoch: [39/40], Step: [411/782], Loss: 0.251894474029541
Rank:0 Epoch: [39/40], Step: [421/782], Loss: 0.1706596463918686
Rank:0 Epoch: [39/40], Step: [431/782], Loss: 0.04987363517284393
Rank:0 Epoch: [39/40], Step: [441/782], Loss: 0.1584777683019638
Rank:0 Epoch: [39/40], Step: [451/782], Loss: 0.0644349604845047
Rank:0 Epoch: [39/40], Step: [461/782], Loss: 0.1131950318813324
Rank:0 Epoch: [39/40], Step: [471/782], Loss: 0.18108150362968445
Rank:0 Epoch: [39/40], Step: [481/782], Loss: 0.26756200194358826
Rank:0 Epoch: [39/40], Step: [491/782], Loss: 0.0827774778008461
Rank:0 Epoch: [39/40], Step: [501/782], Loss: 0.07991145551204681
Rank:0 Epoch: [39/40], Step: [511/782], Loss: 0.03400508686900139
Rank:0 Epoch: [39/40], Step: [521/782], Loss: 0.21312716603279114
Rank:0 Epoch: [39/40], Step: [531/782], Loss: 0.1185513436794281
Rank:0 Epoch: [39/40], Step: [541/782], Loss: 0.06321513652801514
Rank:0 Epoch: [39/40], Step: [551/782], Loss: 0.13635440170764923
Rank:0 Epoch: [39/40], Step: [561/782], Loss: 0.10269419103860855
Rank:0 Epoch: [39/40], Step: [571/782], Loss: 0.09606221318244934
Rank:0 Epoch: [39/40], Step: [581/782], Loss: 0.058063723146915436
Rank:0 Epoch: [39/40], Step: [591/782], Loss: 0.12426252663135529
Rank:0 Epoch: [39/40], Step: [601/782], Loss: 0.14683538675308228
Rank:0 Epoch: [39/40], Step: [611/782], Loss: 0.08915040642023087
Rank:0 Epoch: [39/40], Step: [621/782], Loss: 0.10322151333093643
Rank:0 Epoch: [39/40], Step: [631/782], Loss: 0.08201110363006592
Rank:0 Epoch: [39/40], Step: [641/782], Loss: 0.05415544658899307
Rank:0 Epoch: [39/40], Step: [651/782], Loss: 0.043745215982198715
Rank:0 Epoch: [39/40], Step: [661/782], Loss: 0.16880489885807037
Rank:0 Epoch: [39/40], Step: [671/782], Loss: 0.17226949334144592
Rank:0 Epoch: [39/40], Step: [681/782], Loss: 0.13827519118785858
Rank:0 Epoch: [39/40], Step: [691/782], Loss: 0.1362253874540329
Rank:0 Epoch: [39/40], Step: [701/782], Loss: 0.1145818680524826
Rank:0 Epoch: [39/40], Step: [711/782], Loss: 0.13730421662330627
Rank:0 Epoch: [39/40], Step: [721/782], Loss: 0.08259960263967514
Rank:0 Epoch: [39/40], Step: [731/782], Loss: 0.04351620748639107
Rank:0 Epoch: [39/40], Step: [741/782], Loss: 0.11626490950584412
Rank:0 Epoch: [39/40], Step: [751/782], Loss: 0.0686308816075325
Rank:0 Epoch: [39/40], Step: [761/782], Loss: 0.08950713276863098
Rank:0 Epoch: [39/40], Step: [771/782], Loss: 0.11168762296438217
Rank:0 Epoch: [39/40], Step: [781/782], Loss: 0.07944349199533463
Current Test Acc: 0.9192
Rank:0 Epoch: [40/40], Step: [1/782], Loss: 0.08256969600915909
Rank:0 Epoch: [40/40], Step: [11/782], Loss: 0.1500631421804428
Rank:0 Epoch: [40/40], Step: [21/782], Loss: 0.09159673750400543
Rank:0 Epoch: [40/40], Step: [31/782], Loss: 0.09925779700279236
Rank:0 Epoch: [40/40], Step: [41/782], Loss: 0.09314584732055664
Rank:0 Epoch: [40/40], Step: [51/782], Loss: 0.06273937970399857
Rank:0 Epoch: [40/40], Step: [61/782], Loss: 0.12329475581645966
Rank:0 Epoch: [40/40], Step: [71/782], Loss: 0.052913907915353775
Rank:0 Epoch: [40/40], Step: [81/782], Loss: 0.13350193202495575
Rank:0 Epoch: [40/40], Step: [91/782], Loss: 0.0831458792090416
Rank:0 Epoch: [40/40], Step: [101/782], Loss: 0.0979495421051979
Rank:0 Epoch: [40/40], Step: [111/782], Loss: 0.1868271827697754
Rank:0 Epoch: [40/40], Step: [121/782], Loss: 0.08750542998313904
Rank:0 Epoch: [40/40], Step: [131/782], Loss: 0.04905130714178085
Rank:0 Epoch: [40/40], Step: [141/782], Loss: 0.05003250017762184
Rank:0 Epoch: [40/40], Step: [151/782], Loss: 0.15677183866500854
Rank:0 Epoch: [40/40], Step: [161/782], Loss: 0.06311939656734467
Rank:0 Epoch: [40/40], Step: [171/782], Loss: 0.10086853802204132
Rank:0 Epoch: [40/40], Step: [181/782], Loss: 0.04266998544335365
Rank:0 Epoch: [40/40], Step: [191/782], Loss: 0.15776997804641724
Rank:0 Epoch: [40/40], Step: [201/782], Loss: 0.1742936670780182
Rank:0 Epoch: [40/40], Step: [211/782], Loss: 0.06774041801691055
Rank:0 Epoch: [40/40], Step: [221/782], Loss: 0.05327940359711647
Rank:0 Epoch: [40/40], Step: [231/782], Loss: 0.04654534533619881
Rank:0 Epoch: [40/40], Step: [241/782], Loss: 0.17911970615386963
Rank:0 Epoch: [40/40], Step: [251/782], Loss: 0.058212410658597946
Rank:0 Epoch: [40/40], Step: [261/782], Loss: 0.20396116375923157
Rank:0 Epoch: [40/40], Step: [271/782], Loss: 0.16298425197601318
Rank:0 Epoch: [40/40], Step: [281/782], Loss: 0.1705140471458435
Rank:0 Epoch: [40/40], Step: [291/782], Loss: 0.05774381384253502
Rank:0 Epoch: [40/40], Step: [301/782], Loss: 0.14623434841632843
Rank:0 Epoch: [40/40], Step: [311/782], Loss: 0.27376192808151245
Rank:0 Epoch: [40/40], Step: [321/782], Loss: 0.1474856436252594
Rank:0 Epoch: [40/40], Step: [331/782], Loss: 0.07232072204351425
Rank:0 Epoch: [40/40], Step: [341/782], Loss: 0.0657697394490242
Rank:0 Epoch: [40/40], Step: [351/782], Loss: 0.1475037783384323
Rank:0 Epoch: [40/40], Step: [361/782], Loss: 0.05806124210357666
Rank:0 Epoch: [40/40], Step: [371/782], Loss: 0.18328145146369934
Rank:0 Epoch: [40/40], Step: [381/782], Loss: 0.05452458932995796
Rank:0 Epoch: [40/40], Step: [391/782], Loss: 0.19308491051197052
Rank:0 Epoch: [40/40], Step: [401/782], Loss: 0.06441173702478409
Rank:0 Epoch: [40/40], Step: [411/782], Loss: 0.07107256352901459
Rank:0 Epoch: [40/40], Step: [421/782], Loss: 0.047203417867422104
Rank:0 Epoch: [40/40], Step: [431/782], Loss: 0.08231290429830551
Rank:0 Epoch: [40/40], Step: [441/782], Loss: 0.10685446113348007
Rank:0 Epoch: [40/40], Step: [451/782], Loss: 0.21045924723148346
Rank:0 Epoch: [40/40], Step: [461/782], Loss: 0.09715613722801208
Rank:0 Epoch: [40/40], Step: [471/782], Loss: 0.29008516669273376
Rank:0 Epoch: [40/40], Step: [481/782], Loss: 0.10927589237689972
Rank:0 Epoch: [40/40], Step: [491/782], Loss: 0.12149884551763535
Rank:0 Epoch: [40/40], Step: [501/782], Loss: 0.18844999372959137
Rank:0 Epoch: [40/40], Step: [511/782], Loss: 0.16710202395915985
Rank:0 Epoch: [40/40], Step: [521/782], Loss: 0.1628865897655487
Rank:0 Epoch: [40/40], Step: [531/782], Loss: 0.05247853323817253
Rank:0 Epoch: [40/40], Step: [541/782], Loss: 0.17971137166023254
Rank:0 Epoch: [40/40], Step: [551/782], Loss: 0.09285279363393784
Rank:0 Epoch: [40/40], Step: [561/782], Loss: 0.12479498237371445
Rank:0 Epoch: [40/40], Step: [571/782], Loss: 0.05637062340974808
Rank:0 Epoch: [40/40], Step: [581/782], Loss: 0.1546875238418579
Rank:0 Epoch: [40/40], Step: [591/782], Loss: 0.24662865698337555
Rank:0 Epoch: [40/40], Step: [601/782], Loss: 0.15920156240463257
Rank:0 Epoch: [40/40], Step: [611/782], Loss: 0.15542744100093842
Rank:0 Epoch: [40/40], Step: [621/782], Loss: 0.09246605634689331
Rank:0 Epoch: [40/40], Step: [631/782], Loss: 0.10686708241701126
Rank:0 Epoch: [40/40], Step: [641/782], Loss: 0.10475509613752365
Rank:0 Epoch: [40/40], Step: [651/782], Loss: 0.05397826060652733
Rank:0 Epoch: [40/40], Step: [661/782], Loss: 0.11081302165985107
Rank:0 Epoch: [40/40], Step: [671/782], Loss: 0.13800515234470367
Rank:0 Epoch: [40/40], Step: [681/782], Loss: 0.08453661948442459
Rank:0 Epoch: [40/40], Step: [691/782], Loss: 0.08931690454483032
Rank:0 Epoch: [40/40], Step: [701/782], Loss: 0.21355676651000977
Rank:0 Epoch: [40/40], Step: [711/782], Loss: 0.04263602942228317
Rank:0 Epoch: [40/40], Step: [721/782], Loss: 0.06032942607998848
Rank:0 Epoch: [40/40], Step: [731/782], Loss: 0.06963290274143219
Rank:0 Epoch: [40/40], Step: [741/782], Loss: 0.07356913387775421
Rank:0 Epoch: [40/40], Step: [751/782], Loss: 0.08149174600839615
Rank:0 Epoch: [40/40], Step: [761/782], Loss: 0.06147419661283493
Rank:0 Epoch: [40/40], Step: [771/782], Loss: 0.05877756327390671
Rank:0 Epoch: [40/40], Step: [781/782], Loss: 0.08179180324077606
beta=2
Current Test Acc: 0.9191
Local best accuracy so far 0.9199
Best accuracy so far 0.9199
completed!
