ddp backend: nccl, world size: 1
rank 0 train on cuda 0
Rank:0 Epoch: [1/40], Step: [1/782], Loss: 3.0782222747802734
Rank:0 Epoch: [1/40], Step: [11/782], Loss: 1.843029260635376
Rank:0 Epoch: [1/40], Step: [21/782], Loss: 1.2105644941329956
Rank:0 Epoch: [1/40], Step: [31/782], Loss: 1.424118161201477
Rank:0 Epoch: [1/40], Step: [41/782], Loss: 1.0257627964019775
Rank:0 Epoch: [1/40], Step: [51/782], Loss: 1.192926049232483
Rank:0 Epoch: [1/40], Step: [61/782], Loss: 1.140224814414978
Rank:0 Epoch: [1/40], Step: [71/782], Loss: 1.0975241661071777
Rank:0 Epoch: [1/40], Step: [81/782], Loss: 0.798937201499939
Rank:0 Epoch: [1/40], Step: [91/782], Loss: 0.8264954090118408
Rank:0 Epoch: [1/40], Step: [101/782], Loss: 0.9650503993034363
Rank:0 Epoch: [1/40], Step: [111/782], Loss: 0.6469531059265137
Rank:0 Epoch: [1/40], Step: [121/782], Loss: 0.7799492478370667
Rank:0 Epoch: [1/40], Step: [131/782], Loss: 0.6096534729003906
Rank:0 Epoch: [1/40], Step: [141/782], Loss: 0.9605721831321716
Rank:0 Epoch: [1/40], Step: [151/782], Loss: 1.1152936220169067
Rank:0 Epoch: [1/40], Step: [161/782], Loss: 0.8926673531532288
Rank:0 Epoch: [1/40], Step: [171/782], Loss: 0.5924873352050781
Rank:0 Epoch: [1/40], Step: [181/782], Loss: 0.8225642442703247
Rank:0 Epoch: [1/40], Step: [191/782], Loss: 0.805908203125
Rank:0 Epoch: [1/40], Step: [201/782], Loss: 0.757561981678009
Rank:0 Epoch: [1/40], Step: [211/782], Loss: 0.751910924911499
Rank:0 Epoch: [1/40], Step: [221/782], Loss: 0.6155404448509216
Rank:0 Epoch: [1/40], Step: [231/782], Loss: 0.8235040307044983
Rank:0 Epoch: [1/40], Step: [241/782], Loss: 0.533035933971405
Rank:0 Epoch: [1/40], Step: [251/782], Loss: 0.6634363532066345
Rank:0 Epoch: [1/40], Step: [261/782], Loss: 0.8702611327171326
Rank:0 Epoch: [1/40], Step: [271/782], Loss: 0.8137504458427429
Rank:0 Epoch: [1/40], Step: [281/782], Loss: 0.49134716391563416
Rank:0 Epoch: [1/40], Step: [291/782], Loss: 0.5202356576919556
Rank:0 Epoch: [1/40], Step: [301/782], Loss: 0.8453487157821655
Rank:0 Epoch: [1/40], Step: [311/782], Loss: 0.6996349692344666
Rank:0 Epoch: [1/40], Step: [321/782], Loss: 0.6408920884132385
Rank:0 Epoch: [1/40], Step: [331/782], Loss: 0.94903963804245
Rank:0 Epoch: [1/40], Step: [341/782], Loss: 0.5469955205917358
Rank:0 Epoch: [1/40], Step: [351/782], Loss: 0.7551940083503723
Rank:0 Epoch: [1/40], Step: [361/782], Loss: 0.5998752117156982
Rank:0 Epoch: [1/40], Step: [371/782], Loss: 0.742811381816864
Rank:0 Epoch: [1/40], Step: [381/782], Loss: 0.7667378783226013
Rank:0 Epoch: [1/40], Step: [391/782], Loss: 0.6171066164970398
Rank:0 Epoch: [1/40], Step: [401/782], Loss: 0.7903173565864563
Rank:0 Epoch: [1/40], Step: [411/782], Loss: 0.6954712867736816
Rank:0 Epoch: [1/40], Step: [421/782], Loss: 0.7184963226318359
Rank:0 Epoch: [1/40], Step: [431/782], Loss: 0.6541111469268799
Rank:0 Epoch: [1/40], Step: [441/782], Loss: 0.5989455580711365
Rank:0 Epoch: [1/40], Step: [451/782], Loss: 0.5922714471817017
Rank:0 Epoch: [1/40], Step: [461/782], Loss: 0.6926304697990417
Rank:0 Epoch: [1/40], Step: [471/782], Loss: 0.6841830015182495
Rank:0 Epoch: [1/40], Step: [481/782], Loss: 0.8779177069664001
Rank:0 Epoch: [1/40], Step: [491/782], Loss: 0.4968031346797943
Rank:0 Epoch: [1/40], Step: [501/782], Loss: 0.5784974694252014
Rank:0 Epoch: [1/40], Step: [511/782], Loss: 0.5902654528617859
Rank:0 Epoch: [1/40], Step: [521/782], Loss: 0.5531094074249268
Rank:0 Epoch: [1/40], Step: [531/782], Loss: 0.663226306438446
Rank:0 Epoch: [1/40], Step: [541/782], Loss: 0.519561231136322
Rank:0 Epoch: [1/40], Step: [551/782], Loss: 0.6033117175102234
Rank:0 Epoch: [1/40], Step: [561/782], Loss: 0.4077509045600891
Rank:0 Epoch: [1/40], Step: [571/782], Loss: 0.6337708234786987
Rank:0 Epoch: [1/40], Step: [581/782], Loss: 0.6878841519355774
Rank:0 Epoch: [1/40], Step: [591/782], Loss: 0.6577308177947998
Rank:0 Epoch: [1/40], Step: [601/782], Loss: 0.8319118022918701
Rank:0 Epoch: [1/40], Step: [611/782], Loss: 0.629501461982727
Rank:0 Epoch: [1/40], Step: [621/782], Loss: 0.6560933589935303
Rank:0 Epoch: [1/40], Step: [631/782], Loss: 0.710354745388031
Rank:0 Epoch: [1/40], Step: [641/782], Loss: 0.7309147119522095
Rank:0 Epoch: [1/40], Step: [651/782], Loss: 0.8794443011283875
Rank:0 Epoch: [1/40], Step: [661/782], Loss: 0.7478880882263184
Rank:0 Epoch: [1/40], Step: [671/782], Loss: 0.6218032240867615
Rank:0 Epoch: [1/40], Step: [681/782], Loss: 0.5377969741821289
Rank:0 Epoch: [1/40], Step: [691/782], Loss: 0.6498798727989197
Rank:0 Epoch: [1/40], Step: [701/782], Loss: 0.8668070435523987
Rank:0 Epoch: [1/40], Step: [711/782], Loss: 0.44902729988098145
Rank:0 Epoch: [1/40], Step: [721/782], Loss: 0.5254346132278442
Rank:0 Epoch: [1/40], Step: [731/782], Loss: 0.5720639228820801
Rank:0 Epoch: [1/40], Step: [741/782], Loss: 0.38191652297973633
Rank:0 Epoch: [1/40], Step: [751/782], Loss: 0.4645601212978363
Rank:0 Epoch: [1/40], Step: [761/782], Loss: 0.733082115650177
Rank:0 Epoch: [1/40], Step: [771/782], Loss: 0.468850702047348
Rank:0 Epoch: [1/40], Step: [781/782], Loss: 0.6433874368667603
Current Test Acc: 0.7532
Rank:0 Epoch: [2/40], Step: [1/782], Loss: 0.8932884931564331
Rank:0 Epoch: [2/40], Step: [11/782], Loss: 0.5955163836479187
Rank:0 Epoch: [2/40], Step: [21/782], Loss: 0.43241286277770996
Rank:0 Epoch: [2/40], Step: [31/782], Loss: 0.6707505583763123
Rank:0 Epoch: [2/40], Step: [41/782], Loss: 0.5178393721580505
Rank:0 Epoch: [2/40], Step: [51/782], Loss: 0.41541609168052673
Rank:0 Epoch: [2/40], Step: [61/782], Loss: 0.42867106199264526
Rank:0 Epoch: [2/40], Step: [71/782], Loss: 0.7230244278907776
Rank:0 Epoch: [2/40], Step: [81/782], Loss: 0.6235381364822388
Rank:0 Epoch: [2/40], Step: [91/782], Loss: 0.853716254234314
Rank:0 Epoch: [2/40], Step: [101/782], Loss: 0.5562909245491028
Rank:0 Epoch: [2/40], Step: [111/782], Loss: 0.5978784561157227
Rank:0 Epoch: [2/40], Step: [121/782], Loss: 0.4657338559627533
Rank:0 Epoch: [2/40], Step: [131/782], Loss: 0.5219332575798035
Rank:0 Epoch: [2/40], Step: [141/782], Loss: 0.6206015944480896
Rank:0 Epoch: [2/40], Step: [151/782], Loss: 0.6578115820884705
Rank:0 Epoch: [2/40], Step: [161/782], Loss: 0.686529815196991
Rank:0 Epoch: [2/40], Step: [171/782], Loss: 0.47890162467956543
Rank:0 Epoch: [2/40], Step: [181/782], Loss: 0.6679383516311646
Rank:0 Epoch: [2/40], Step: [191/782], Loss: 0.6610031127929688
Rank:0 Epoch: [2/40], Step: [201/782], Loss: 0.5639159679412842
Rank:0 Epoch: [2/40], Step: [211/782], Loss: 0.5505171418190002
Rank:0 Epoch: [2/40], Step: [221/782], Loss: 0.45392876863479614
Rank:0 Epoch: [2/40], Step: [231/782], Loss: 0.596630871295929
Rank:0 Epoch: [2/40], Step: [241/782], Loss: 0.6324102282524109
Rank:0 Epoch: [2/40], Step: [251/782], Loss: 0.480752170085907
Rank:0 Epoch: [2/40], Step: [261/782], Loss: 0.4765498638153076
Rank:0 Epoch: [2/40], Step: [271/782], Loss: 0.5583141446113586
Rank:0 Epoch: [2/40], Step: [281/782], Loss: 0.5744267106056213
Rank:0 Epoch: [2/40], Step: [291/782], Loss: 0.43249261379241943
Rank:0 Epoch: [2/40], Step: [301/782], Loss: 0.7188284993171692
Rank:0 Epoch: [2/40], Step: [311/782], Loss: 0.4740471839904785
Rank:0 Epoch: [2/40], Step: [321/782], Loss: 0.5327481031417847
Rank:0 Epoch: [2/40], Step: [331/782], Loss: 0.6578057408332825
Rank:0 Epoch: [2/40], Step: [341/782], Loss: 0.5636047124862671
Rank:0 Epoch: [2/40], Step: [351/782], Loss: 0.4283723533153534
Rank:0 Epoch: [2/40], Step: [361/782], Loss: 0.6959034204483032
Rank:0 Epoch: [2/40], Step: [371/782], Loss: 0.4345954358577728
Rank:0 Epoch: [2/40], Step: [381/782], Loss: 0.5923625230789185
Rank:0 Epoch: [2/40], Step: [391/782], Loss: 0.5415073037147522
Rank:0 Epoch: [2/40], Step: [401/782], Loss: 0.7768872380256653
Rank:0 Epoch: [2/40], Step: [411/782], Loss: 0.4521125555038452
Rank:0 Epoch: [2/40], Step: [421/782], Loss: 0.4844459295272827
Rank:0 Epoch: [2/40], Step: [431/782], Loss: 0.5783812999725342
Rank:0 Epoch: [2/40], Step: [441/782], Loss: 0.5942122340202332
Rank:0 Epoch: [2/40], Step: [451/782], Loss: 0.4236307144165039
Rank:0 Epoch: [2/40], Step: [461/782], Loss: 0.547581672668457
Rank:0 Epoch: [2/40], Step: [471/782], Loss: 0.77042555809021
Rank:0 Epoch: [2/40], Step: [481/782], Loss: 0.5492390394210815
Rank:0 Epoch: [2/40], Step: [491/782], Loss: 0.5984085202217102
Rank:0 Epoch: [2/40], Step: [501/782], Loss: 0.7230455875396729
Rank:0 Epoch: [2/40], Step: [511/782], Loss: 0.8172149062156677
Rank:0 Epoch: [2/40], Step: [521/782], Loss: 0.415321409702301
Rank:0 Epoch: [2/40], Step: [531/782], Loss: 0.5594602823257446
Rank:0 Epoch: [2/40], Step: [541/782], Loss: 0.5843535661697388
Rank:0 Epoch: [2/40], Step: [551/782], Loss: 0.42521020770072937
Rank:0 Epoch: [2/40], Step: [561/782], Loss: 0.36336538195610046
Rank:0 Epoch: [2/40], Step: [571/782], Loss: 0.4987528920173645
Rank:0 Epoch: [2/40], Step: [581/782], Loss: 0.507137656211853
Rank:0 Epoch: [2/40], Step: [591/782], Loss: 0.4780547320842743
Rank:0 Epoch: [2/40], Step: [601/782], Loss: 0.4359240233898163
Rank:0 Epoch: [2/40], Step: [611/782], Loss: 0.5662381649017334
Rank:0 Epoch: [2/40], Step: [621/782], Loss: 0.4782898724079132
Rank:0 Epoch: [2/40], Step: [631/782], Loss: 0.4963545501232147
Rank:0 Epoch: [2/40], Step: [641/782], Loss: 0.5104255676269531
Rank:0 Epoch: [2/40], Step: [651/782], Loss: 0.5308390259742737
Rank:0 Epoch: [2/40], Step: [661/782], Loss: 0.5267965197563171
Rank:0 Epoch: [2/40], Step: [671/782], Loss: 0.6840318441390991
Rank:0 Epoch: [2/40], Step: [681/782], Loss: 0.36870989203453064
Rank:0 Epoch: [2/40], Step: [691/782], Loss: 0.4241419732570648
Rank:0 Epoch: [2/40], Step: [701/782], Loss: 0.454951673746109
Rank:0 Epoch: [2/40], Step: [711/782], Loss: 0.7160927653312683
Rank:0 Epoch: [2/40], Step: [721/782], Loss: 0.4381023347377777
Rank:0 Epoch: [2/40], Step: [731/782], Loss: 0.24734926223754883
Rank:0 Epoch: [2/40], Step: [741/782], Loss: 0.6554185748100281
Rank:0 Epoch: [2/40], Step: [751/782], Loss: 0.5876781344413757
Rank:0 Epoch: [2/40], Step: [761/782], Loss: 0.7753379940986633
Rank:0 Epoch: [2/40], Step: [771/782], Loss: 0.47136184573173523
Rank:0 Epoch: [2/40], Step: [781/782], Loss: 0.48979249596595764
Current Test Acc: 0.7995
Rank:0 Epoch: [3/40], Step: [1/782], Loss: 0.5659324526786804
Rank:0 Epoch: [3/40], Step: [11/782], Loss: 0.43876078724861145
Rank:0 Epoch: [3/40], Step: [21/782], Loss: 0.514642596244812
Rank:0 Epoch: [3/40], Step: [31/782], Loss: 0.3442572057247162
Rank:0 Epoch: [3/40], Step: [41/782], Loss: 0.4621818959712982
Rank:0 Epoch: [3/40], Step: [51/782], Loss: 0.4052348732948303
Rank:0 Epoch: [3/40], Step: [61/782], Loss: 0.48699143528938293
Rank:0 Epoch: [3/40], Step: [71/782], Loss: 0.5986126065254211
Rank:0 Epoch: [3/40], Step: [81/782], Loss: 0.42958134412765503
Rank:0 Epoch: [3/40], Step: [91/782], Loss: 0.7533208131790161
Rank:0 Epoch: [3/40], Step: [101/782], Loss: 0.6764947175979614
Rank:0 Epoch: [3/40], Step: [111/782], Loss: 0.4896838366985321
Rank:0 Epoch: [3/40], Step: [121/782], Loss: 0.4599922299385071
Rank:0 Epoch: [3/40], Step: [131/782], Loss: 0.42871543765068054
Rank:0 Epoch: [3/40], Step: [141/782], Loss: 0.534906804561615
Rank:0 Epoch: [3/40], Step: [151/782], Loss: 0.506914496421814
Rank:0 Epoch: [3/40], Step: [161/782], Loss: 0.47474613785743713
Rank:0 Epoch: [3/40], Step: [171/782], Loss: 0.5538047552108765
Rank:0 Epoch: [3/40], Step: [181/782], Loss: 0.5255694389343262
Rank:0 Epoch: [3/40], Step: [191/782], Loss: 0.3464699983596802
Rank:0 Epoch: [3/40], Step: [201/782], Loss: 0.4337412416934967
Rank:0 Epoch: [3/40], Step: [211/782], Loss: 0.3492943346500397
Rank:0 Epoch: [3/40], Step: [221/782], Loss: 0.3432970345020294
Rank:0 Epoch: [3/40], Step: [231/782], Loss: 0.6740663647651672
Rank:0 Epoch: [3/40], Step: [241/782], Loss: 0.4979768693447113
Rank:0 Epoch: [3/40], Step: [251/782], Loss: 0.37713298201560974
Rank:0 Epoch: [3/40], Step: [261/782], Loss: 0.4049288034439087
Rank:0 Epoch: [3/40], Step: [271/782], Loss: 0.6822332143783569
Rank:0 Epoch: [3/40], Step: [281/782], Loss: 0.5535392165184021
Rank:0 Epoch: [3/40], Step: [291/782], Loss: 0.41954904794692993
Rank:0 Epoch: [3/40], Step: [301/782], Loss: 0.5476998686790466
Rank:0 Epoch: [3/40], Step: [311/782], Loss: 0.581809401512146
Rank:0 Epoch: [3/40], Step: [321/782], Loss: 0.4700433611869812
Rank:0 Epoch: [3/40], Step: [331/782], Loss: 0.5530044436454773
Rank:0 Epoch: [3/40], Step: [341/782], Loss: 0.804859459400177
Rank:0 Epoch: [3/40], Step: [351/782], Loss: 0.35498252511024475
Rank:0 Epoch: [3/40], Step: [361/782], Loss: 0.6450119018554688
Rank:0 Epoch: [3/40], Step: [371/782], Loss: 0.5476507544517517
Rank:0 Epoch: [3/40], Step: [381/782], Loss: 0.5226197242736816
Rank:0 Epoch: [3/40], Step: [391/782], Loss: 0.4234069585800171
Rank:0 Epoch: [3/40], Step: [401/782], Loss: 0.5971899628639221
Rank:0 Epoch: [3/40], Step: [411/782], Loss: 0.5146178603172302
Rank:0 Epoch: [3/40], Step: [421/782], Loss: 0.5025301575660706
Rank:0 Epoch: [3/40], Step: [431/782], Loss: 0.5664952993392944
Rank:0 Epoch: [3/40], Step: [441/782], Loss: 0.6213879585266113
Rank:0 Epoch: [3/40], Step: [451/782], Loss: 0.5384470224380493
Rank:0 Epoch: [3/40], Step: [461/782], Loss: 0.47448837757110596
Rank:0 Epoch: [3/40], Step: [471/782], Loss: 0.4678036570549011
Rank:0 Epoch: [3/40], Step: [481/782], Loss: 0.7679588198661804
Rank:0 Epoch: [3/40], Step: [491/782], Loss: 0.597825825214386
Rank:0 Epoch: [3/40], Step: [501/782], Loss: 0.4834633767604828
Rank:0 Epoch: [3/40], Step: [511/782], Loss: 0.38482600450515747
Rank:0 Epoch: [3/40], Step: [521/782], Loss: 0.5089876651763916
Rank:0 Epoch: [3/40], Step: [531/782], Loss: 0.44394752383232117
Rank:0 Epoch: [3/40], Step: [541/782], Loss: 0.574435293674469
Rank:0 Epoch: [3/40], Step: [551/782], Loss: 0.28700268268585205
Rank:0 Epoch: [3/40], Step: [561/782], Loss: 0.5048468112945557
Rank:0 Epoch: [3/40], Step: [571/782], Loss: 0.8228938579559326
Rank:0 Epoch: [3/40], Step: [581/782], Loss: 0.5339264273643494
Rank:0 Epoch: [3/40], Step: [591/782], Loss: 0.48381277918815613
Rank:0 Epoch: [3/40], Step: [601/782], Loss: 0.41028526425361633
Rank:0 Epoch: [3/40], Step: [611/782], Loss: 0.568381667137146
Rank:0 Epoch: [3/40], Step: [621/782], Loss: 0.49186667799949646
Rank:0 Epoch: [3/40], Step: [631/782], Loss: 0.6505334377288818
Rank:0 Epoch: [3/40], Step: [641/782], Loss: 0.3134465217590332
Rank:0 Epoch: [3/40], Step: [651/782], Loss: 0.3882836103439331
Rank:0 Epoch: [3/40], Step: [661/782], Loss: 0.4019947052001953
Rank:0 Epoch: [3/40], Step: [671/782], Loss: 0.6221613883972168
Rank:0 Epoch: [3/40], Step: [681/782], Loss: 0.5756891965866089
Rank:0 Epoch: [3/40], Step: [691/782], Loss: 0.7339275479316711
Rank:0 Epoch: [3/40], Step: [701/782], Loss: 0.6802545785903931
Rank:0 Epoch: [3/40], Step: [711/782], Loss: 0.4857439398765564
Rank:0 Epoch: [3/40], Step: [721/782], Loss: 0.5804446935653687
Rank:0 Epoch: [3/40], Step: [731/782], Loss: 0.5641782879829407
Rank:0 Epoch: [3/40], Step: [741/782], Loss: 0.4556841254234314
Rank:0 Epoch: [3/40], Step: [751/782], Loss: 0.5175577998161316
Rank:0 Epoch: [3/40], Step: [761/782], Loss: 0.5118371248245239
Rank:0 Epoch: [3/40], Step: [771/782], Loss: 0.4880532920360565
Rank:0 Epoch: [3/40], Step: [781/782], Loss: 0.4704144299030304
Current Test Acc: 0.761
Rank:0 Epoch: [4/40], Step: [1/782], Loss: 0.5312836170196533
Rank:0 Epoch: [4/40], Step: [11/782], Loss: 0.4542652368545532
Rank:0 Epoch: [4/40], Step: [21/782], Loss: 0.4715583324432373
Rank:0 Epoch: [4/40], Step: [31/782], Loss: 0.5490753650665283
Rank:0 Epoch: [4/40], Step: [41/782], Loss: 0.5071932673454285
Rank:0 Epoch: [4/40], Step: [51/782], Loss: 0.449099600315094
Rank:0 Epoch: [4/40], Step: [61/782], Loss: 0.28805574774742126
Rank:0 Epoch: [4/40], Step: [71/782], Loss: 0.5135347247123718
Rank:0 Epoch: [4/40], Step: [81/782], Loss: 0.3055967390537262
Rank:0 Epoch: [4/40], Step: [91/782], Loss: 0.6224879026412964
Rank:0 Epoch: [4/40], Step: [101/782], Loss: 0.36650344729423523
Rank:0 Epoch: [4/40], Step: [111/782], Loss: 0.5744691491127014
Rank:0 Epoch: [4/40], Step: [121/782], Loss: 0.3086504638195038
Rank:0 Epoch: [4/40], Step: [131/782], Loss: 0.4839383363723755
Rank:0 Epoch: [4/40], Step: [141/782], Loss: 0.2816571593284607
Rank:0 Epoch: [4/40], Step: [151/782], Loss: 0.46235910058021545
Rank:0 Epoch: [4/40], Step: [161/782], Loss: 0.5806689262390137
Rank:0 Epoch: [4/40], Step: [171/782], Loss: 0.5883404612541199
Rank:0 Epoch: [4/40], Step: [181/782], Loss: 0.5064926743507385
Rank:0 Epoch: [4/40], Step: [191/782], Loss: 0.695422887802124
Rank:0 Epoch: [4/40], Step: [201/782], Loss: 0.5366741418838501
Rank:0 Epoch: [4/40], Step: [211/782], Loss: 0.5577287077903748
Rank:0 Epoch: [4/40], Step: [221/782], Loss: 0.5739666223526001
Rank:0 Epoch: [4/40], Step: [231/782], Loss: 0.6020198464393616
Rank:0 Epoch: [4/40], Step: [241/782], Loss: 0.25021111965179443
Rank:0 Epoch: [4/40], Step: [251/782], Loss: 0.6034095883369446
Rank:0 Epoch: [4/40], Step: [261/782], Loss: 0.459247350692749
Rank:0 Epoch: [4/40], Step: [271/782], Loss: 0.43877682089805603
Rank:0 Epoch: [4/40], Step: [281/782], Loss: 0.40311840176582336
Rank:0 Epoch: [4/40], Step: [291/782], Loss: 0.4833748936653137
Rank:0 Epoch: [4/40], Step: [301/782], Loss: 0.6463862061500549
Rank:0 Epoch: [4/40], Step: [311/782], Loss: 0.4149908125400543
Rank:0 Epoch: [4/40], Step: [321/782], Loss: 0.477376252412796
Rank:0 Epoch: [4/40], Step: [331/782], Loss: 0.3538039028644562
Rank:0 Epoch: [4/40], Step: [341/782], Loss: 0.33587703108787537
Rank:0 Epoch: [4/40], Step: [351/782], Loss: 0.35478562116622925
Rank:0 Epoch: [4/40], Step: [361/782], Loss: 0.5868909955024719
Rank:0 Epoch: [4/40], Step: [371/782], Loss: 0.4749527871608734
Rank:0 Epoch: [4/40], Step: [381/782], Loss: 0.4573904871940613
Rank:0 Epoch: [4/40], Step: [391/782], Loss: 0.6055370569229126
Rank:0 Epoch: [4/40], Step: [401/782], Loss: 0.48762696981430054
Rank:0 Epoch: [4/40], Step: [411/782], Loss: 0.49553215503692627
Rank:0 Epoch: [4/40], Step: [421/782], Loss: 0.4744461178779602
Rank:0 Epoch: [4/40], Step: [431/782], Loss: 0.6639119386672974
Rank:0 Epoch: [4/40], Step: [441/782], Loss: 0.7017934918403625
Rank:0 Epoch: [4/40], Step: [451/782], Loss: 0.5272974967956543
Rank:0 Epoch: [4/40], Step: [461/782], Loss: 0.5107340812683105
Rank:0 Epoch: [4/40], Step: [471/782], Loss: 0.6692303419113159
Rank:0 Epoch: [4/40], Step: [481/782], Loss: 0.6866495013237
Rank:0 Epoch: [4/40], Step: [491/782], Loss: 0.46323803067207336
Rank:0 Epoch: [4/40], Step: [501/782], Loss: 0.4601249396800995
Rank:0 Epoch: [4/40], Step: [511/782], Loss: 0.27380892634391785
Rank:0 Epoch: [4/40], Step: [521/782], Loss: 0.44304314255714417
Rank:0 Epoch: [4/40], Step: [531/782], Loss: 0.7017034888267517
Rank:0 Epoch: [4/40], Step: [541/782], Loss: 0.48558253049850464
Rank:0 Epoch: [4/40], Step: [551/782], Loss: 0.6387284398078918
Rank:0 Epoch: [4/40], Step: [561/782], Loss: 0.6820828318595886
Rank:0 Epoch: [4/40], Step: [571/782], Loss: 0.3648267090320587
Rank:0 Epoch: [4/40], Step: [581/782], Loss: 0.3304242789745331
Rank:0 Epoch: [4/40], Step: [591/782], Loss: 0.3835761845111847
Rank:0 Epoch: [4/40], Step: [601/782], Loss: 0.5546311736106873
Rank:0 Epoch: [4/40], Step: [611/782], Loss: 0.30302169919013977
Rank:0 Epoch: [4/40], Step: [621/782], Loss: 0.2989709973335266
Rank:0 Epoch: [4/40], Step: [631/782], Loss: 0.6964127421379089
Rank:0 Epoch: [4/40], Step: [641/782], Loss: 0.4879664182662964
Rank:0 Epoch: [4/40], Step: [651/782], Loss: 0.44883856177330017
Rank:0 Epoch: [4/40], Step: [661/782], Loss: 0.3736320734024048
Rank:0 Epoch: [4/40], Step: [671/782], Loss: 0.32713839411735535
Rank:0 Epoch: [4/40], Step: [681/782], Loss: 0.4777011573314667
Rank:0 Epoch: [4/40], Step: [691/782], Loss: 0.5760623216629028
Rank:0 Epoch: [4/40], Step: [701/782], Loss: 0.46404802799224854
Rank:0 Epoch: [4/40], Step: [711/782], Loss: 0.33943966031074524
Rank:0 Epoch: [4/40], Step: [721/782], Loss: 0.3443864583969116
Rank:0 Epoch: [4/40], Step: [731/782], Loss: 0.43126818537712097
Rank:0 Epoch: [4/40], Step: [741/782], Loss: 0.49544841051101685
Rank:0 Epoch: [4/40], Step: [751/782], Loss: 0.5208650231361389
Rank:0 Epoch: [4/40], Step: [761/782], Loss: 0.4696533977985382
Rank:0 Epoch: [4/40], Step: [771/782], Loss: 0.5196971893310547
Rank:0 Epoch: [4/40], Step: [781/782], Loss: 0.47976529598236084
Current Test Acc: 0.8187
Rank:0 Epoch: [5/40], Step: [1/782], Loss: 0.4586041569709778
Rank:0 Epoch: [5/40], Step: [11/782], Loss: 0.6087731122970581
Rank:0 Epoch: [5/40], Step: [21/782], Loss: 0.4330790340900421
Rank:0 Epoch: [5/40], Step: [31/782], Loss: 0.3630151152610779
Rank:0 Epoch: [5/40], Step: [41/782], Loss: 0.3444129526615143
Rank:0 Epoch: [5/40], Step: [51/782], Loss: 0.5953547954559326
Rank:0 Epoch: [5/40], Step: [61/782], Loss: 0.4568316638469696
Rank:0 Epoch: [5/40], Step: [71/782], Loss: 0.47054657340049744
Rank:0 Epoch: [5/40], Step: [81/782], Loss: 0.42912980914115906
Rank:0 Epoch: [5/40], Step: [91/782], Loss: 0.46408724784851074
Rank:0 Epoch: [5/40], Step: [101/782], Loss: 0.5556539297103882
Rank:0 Epoch: [5/40], Step: [111/782], Loss: 0.5580612421035767
Rank:0 Epoch: [5/40], Step: [121/782], Loss: 0.316231906414032
Rank:0 Epoch: [5/40], Step: [131/782], Loss: 0.44323670864105225
Rank:0 Epoch: [5/40], Step: [141/782], Loss: 0.474612295627594
Rank:0 Epoch: [5/40], Step: [151/782], Loss: 0.4405425488948822
Rank:0 Epoch: [5/40], Step: [161/782], Loss: 0.41231006383895874
Rank:0 Epoch: [5/40], Step: [171/782], Loss: 0.3097204566001892
Rank:0 Epoch: [5/40], Step: [181/782], Loss: 0.42983415722846985
Rank:0 Epoch: [5/40], Step: [191/782], Loss: 0.4595116376876831
Rank:0 Epoch: [5/40], Step: [201/782], Loss: 0.40587812662124634
Rank:0 Epoch: [5/40], Step: [211/782], Loss: 0.33596187829971313
Rank:0 Epoch: [5/40], Step: [221/782], Loss: 0.32676586508750916
Rank:0 Epoch: [5/40], Step: [231/782], Loss: 0.6091190576553345
Rank:0 Epoch: [5/40], Step: [241/782], Loss: 0.4961644411087036
Rank:0 Epoch: [5/40], Step: [251/782], Loss: 0.3847666382789612
Rank:0 Epoch: [5/40], Step: [261/782], Loss: 0.5668103098869324
Rank:0 Epoch: [5/40], Step: [271/782], Loss: 0.4729683995246887
Rank:0 Epoch: [5/40], Step: [281/782], Loss: 0.3836180567741394
Rank:0 Epoch: [5/40], Step: [291/782], Loss: 0.4774456024169922
Rank:0 Epoch: [5/40], Step: [301/782], Loss: 0.6424033641815186
Rank:0 Epoch: [5/40], Step: [311/782], Loss: 0.5495615005493164
Rank:0 Epoch: [5/40], Step: [321/782], Loss: 0.339055597782135
Rank:0 Epoch: [5/40], Step: [331/782], Loss: 0.3970080614089966
Rank:0 Epoch: [5/40], Step: [341/782], Loss: 0.7514113187789917
Rank:0 Epoch: [5/40], Step: [351/782], Loss: 0.4905833303928375
Rank:0 Epoch: [5/40], Step: [361/782], Loss: 0.5560707449913025
Rank:0 Epoch: [5/40], Step: [371/782], Loss: 0.5338207483291626
Rank:0 Epoch: [5/40], Step: [381/782], Loss: 0.41456568241119385
Rank:0 Epoch: [5/40], Step: [391/782], Loss: 0.3918546438217163
Rank:0 Epoch: [5/40], Step: [401/782], Loss: 0.6140268445014954
Rank:0 Epoch: [5/40], Step: [411/782], Loss: 0.4970710575580597
Rank:0 Epoch: [5/40], Step: [421/782], Loss: 0.4010559916496277
Rank:0 Epoch: [5/40], Step: [431/782], Loss: 0.4047674238681793
Rank:0 Epoch: [5/40], Step: [441/782], Loss: 0.48062390089035034
Rank:0 Epoch: [5/40], Step: [451/782], Loss: 0.7636542916297913
Rank:0 Epoch: [5/40], Step: [461/782], Loss: 0.42137521505355835
Rank:0 Epoch: [5/40], Step: [471/782], Loss: 0.5954195857048035
Rank:0 Epoch: [5/40], Step: [481/782], Loss: 0.39473456144332886
Rank:0 Epoch: [5/40], Step: [491/782], Loss: 0.4882928133010864
Rank:0 Epoch: [5/40], Step: [501/782], Loss: 0.5469825863838196
Rank:0 Epoch: [5/40], Step: [511/782], Loss: 0.5256326794624329
Rank:0 Epoch: [5/40], Step: [521/782], Loss: 0.5020052790641785
Rank:0 Epoch: [5/40], Step: [531/782], Loss: 0.4472321569919586
Rank:0 Epoch: [5/40], Step: [541/782], Loss: 0.5994136333465576
Rank:0 Epoch: [5/40], Step: [551/782], Loss: 0.4506332576274872
Rank:0 Epoch: [5/40], Step: [561/782], Loss: 0.4984234571456909
Rank:0 Epoch: [5/40], Step: [571/782], Loss: 0.3840700089931488
Rank:0 Epoch: [5/40], Step: [581/782], Loss: 0.48845797777175903
Rank:0 Epoch: [5/40], Step: [591/782], Loss: 0.49891427159309387
Rank:0 Epoch: [5/40], Step: [601/782], Loss: 0.5159187912940979
Rank:0 Epoch: [5/40], Step: [611/782], Loss: 0.3469719886779785
Rank:0 Epoch: [5/40], Step: [621/782], Loss: 0.5475170612335205
Rank:0 Epoch: [5/40], Step: [631/782], Loss: 0.4331820011138916
Rank:0 Epoch: [5/40], Step: [641/782], Loss: 0.7429832816123962
Rank:0 Epoch: [5/40], Step: [651/782], Loss: 0.3033004105091095
Rank:0 Epoch: [5/40], Step: [661/782], Loss: 0.4703242778778076
Rank:0 Epoch: [5/40], Step: [671/782], Loss: 0.694269597530365
Rank:0 Epoch: [5/40], Step: [681/782], Loss: 0.3904082477092743
Rank:0 Epoch: [5/40], Step: [691/782], Loss: 0.3951718807220459
Rank:0 Epoch: [5/40], Step: [701/782], Loss: 0.462271511554718
Rank:0 Epoch: [5/40], Step: [711/782], Loss: 0.4570002555847168
Rank:0 Epoch: [5/40], Step: [721/782], Loss: 0.38933154940605164
Rank:0 Epoch: [5/40], Step: [731/782], Loss: 0.5160170197486877
Rank:0 Epoch: [5/40], Step: [741/782], Loss: 0.5129939913749695
Rank:0 Epoch: [5/40], Step: [751/782], Loss: 0.3374020457267761
Rank:0 Epoch: [5/40], Step: [761/782], Loss: 0.23986543715000153
Rank:0 Epoch: [5/40], Step: [771/782], Loss: 0.4612906873226166
Rank:0 Epoch: [5/40], Step: [781/782], Loss: 0.6568124294281006
Current Test Acc: 0.7793
Rank:0 Epoch: [6/40], Step: [1/782], Loss: 0.30619752407073975
Rank:0 Epoch: [6/40], Step: [11/782], Loss: 0.4095292389392853
Rank:0 Epoch: [6/40], Step: [21/782], Loss: 0.4145634174346924
Rank:0 Epoch: [6/40], Step: [31/782], Loss: 0.23463450372219086
Rank:0 Epoch: [6/40], Step: [41/782], Loss: 0.3455275595188141
Rank:0 Epoch: [6/40], Step: [51/782], Loss: 0.30608034133911133
Rank:0 Epoch: [6/40], Step: [61/782], Loss: 0.3119468688964844
Rank:0 Epoch: [6/40], Step: [71/782], Loss: 0.3707949221134186
Rank:0 Epoch: [6/40], Step: [81/782], Loss: 0.4758075773715973
Rank:0 Epoch: [6/40], Step: [91/782], Loss: 0.4639161229133606
Rank:0 Epoch: [6/40], Step: [101/782], Loss: 0.2948824465274811
Rank:0 Epoch: [6/40], Step: [111/782], Loss: 0.4816245138645172
Rank:0 Epoch: [6/40], Step: [121/782], Loss: 0.3618578016757965
Rank:0 Epoch: [6/40], Step: [131/782], Loss: 0.688500702381134
Rank:0 Epoch: [6/40], Step: [141/782], Loss: 0.4330512583255768
Rank:0 Epoch: [6/40], Step: [151/782], Loss: 0.4142269790172577
Rank:0 Epoch: [6/40], Step: [161/782], Loss: 0.3729516267776489
Rank:0 Epoch: [6/40], Step: [171/782], Loss: 0.5116202235221863
Rank:0 Epoch: [6/40], Step: [181/782], Loss: 0.4951868951320648
Rank:0 Epoch: [6/40], Step: [191/782], Loss: 0.6681943535804749
Rank:0 Epoch: [6/40], Step: [201/782], Loss: 0.5328320264816284
Rank:0 Epoch: [6/40], Step: [211/782], Loss: 0.5195179581642151
Rank:0 Epoch: [6/40], Step: [221/782], Loss: 0.2367594689130783
Rank:0 Epoch: [6/40], Step: [231/782], Loss: 0.5324788689613342
Rank:0 Epoch: [6/40], Step: [241/782], Loss: 0.3804539144039154
Rank:0 Epoch: [6/40], Step: [251/782], Loss: 0.43147578835487366
Rank:0 Epoch: [6/40], Step: [261/782], Loss: 0.5384431481361389
Rank:0 Epoch: [6/40], Step: [271/782], Loss: 0.4341680705547333
Rank:0 Epoch: [6/40], Step: [281/782], Loss: 0.48090705275535583
Rank:0 Epoch: [6/40], Step: [291/782], Loss: 0.46923160552978516
Rank:0 Epoch: [6/40], Step: [301/782], Loss: 0.3355768322944641
Rank:0 Epoch: [6/40], Step: [311/782], Loss: 0.4278009831905365
Rank:0 Epoch: [6/40], Step: [321/782], Loss: 0.39734405279159546
Rank:0 Epoch: [6/40], Step: [331/782], Loss: 0.40397652983665466
Rank:0 Epoch: [6/40], Step: [341/782], Loss: 0.3007484972476959
Rank:0 Epoch: [6/40], Step: [351/782], Loss: 0.314501017332077
Rank:0 Epoch: [6/40], Step: [361/782], Loss: 0.4357660114765167
Rank:0 Epoch: [6/40], Step: [371/782], Loss: 0.43752071261405945
Rank:0 Epoch: [6/40], Step: [381/782], Loss: 0.23791319131851196
Rank:0 Epoch: [6/40], Step: [391/782], Loss: 0.592181384563446
Rank:0 Epoch: [6/40], Step: [401/782], Loss: 0.5241137742996216
Rank:0 Epoch: [6/40], Step: [411/782], Loss: 0.32478243112564087
Rank:0 Epoch: [6/40], Step: [421/782], Loss: 0.41659799218177795
Rank:0 Epoch: [6/40], Step: [431/782], Loss: 0.3174944519996643
Rank:0 Epoch: [6/40], Step: [441/782], Loss: 0.5319962501525879
Rank:0 Epoch: [6/40], Step: [451/782], Loss: 0.5404707193374634
Rank:0 Epoch: [6/40], Step: [461/782], Loss: 0.6239625215530396
Rank:0 Epoch: [6/40], Step: [471/782], Loss: 0.4627090096473694
Rank:0 Epoch: [6/40], Step: [481/782], Loss: 0.6196584701538086
Rank:0 Epoch: [6/40], Step: [491/782], Loss: 0.5253211855888367
Rank:0 Epoch: [6/40], Step: [501/782], Loss: 0.5507727265357971
Rank:0 Epoch: [6/40], Step: [511/782], Loss: 0.4331671893596649
Rank:0 Epoch: [6/40], Step: [521/782], Loss: 0.2503652274608612
Rank:0 Epoch: [6/40], Step: [531/782], Loss: 0.43794122338294983
Rank:0 Epoch: [6/40], Step: [541/782], Loss: 0.5783270597457886
Rank:0 Epoch: [6/40], Step: [551/782], Loss: 0.3756851851940155
Rank:0 Epoch: [6/40], Step: [561/782], Loss: 0.44409194588661194
Rank:0 Epoch: [6/40], Step: [571/782], Loss: 0.4530505836009979
Rank:0 Epoch: [6/40], Step: [581/782], Loss: 0.4991460144519806
Rank:0 Epoch: [6/40], Step: [591/782], Loss: 0.4389946162700653
Rank:0 Epoch: [6/40], Step: [601/782], Loss: 0.3618791103363037
Rank:0 Epoch: [6/40], Step: [611/782], Loss: 0.4336126148700714
Rank:0 Epoch: [6/40], Step: [621/782], Loss: 0.36622917652130127
Rank:0 Epoch: [6/40], Step: [631/782], Loss: 0.5701552629470825
Rank:0 Epoch: [6/40], Step: [641/782], Loss: 0.3645482063293457
Rank:0 Epoch: [6/40], Step: [651/782], Loss: 0.3445932865142822
Rank:0 Epoch: [6/40], Step: [661/782], Loss: 0.4286414086818695
Rank:0 Epoch: [6/40], Step: [671/782], Loss: 0.4522531032562256
Rank:0 Epoch: [6/40], Step: [681/782], Loss: 0.49647659063339233
Rank:0 Epoch: [6/40], Step: [691/782], Loss: 0.44398051500320435
Rank:0 Epoch: [6/40], Step: [701/782], Loss: 0.4396897256374359
Rank:0 Epoch: [6/40], Step: [711/782], Loss: 0.39811617136001587
Rank:0 Epoch: [6/40], Step: [721/782], Loss: 0.39163321256637573
Rank:0 Epoch: [6/40], Step: [731/782], Loss: 0.5963389873504639
Rank:0 Epoch: [6/40], Step: [741/782], Loss: 0.5363624095916748
Rank:0 Epoch: [6/40], Step: [751/782], Loss: 0.23109668493270874
Rank:0 Epoch: [6/40], Step: [761/782], Loss: 0.46397891640663147
Rank:0 Epoch: [6/40], Step: [771/782], Loss: 0.5557694435119629
Rank:0 Epoch: [6/40], Step: [781/782], Loss: 0.2773502469062805
Current Test Acc: 0.8125
Rank:0 Epoch: [7/40], Step: [1/782], Loss: 0.2692151665687561
Rank:0 Epoch: [7/40], Step: [11/782], Loss: 0.49791374802589417
Rank:0 Epoch: [7/40], Step: [21/782], Loss: 0.4109113812446594
Rank:0 Epoch: [7/40], Step: [31/782], Loss: 0.24982516467571259
Rank:0 Epoch: [7/40], Step: [41/782], Loss: 0.46595627069473267
Rank:0 Epoch: [7/40], Step: [51/782], Loss: 0.5138186812400818
Rank:0 Epoch: [7/40], Step: [61/782], Loss: 0.4032493233680725
Rank:0 Epoch: [7/40], Step: [71/782], Loss: 0.3706287145614624
Rank:0 Epoch: [7/40], Step: [81/782], Loss: 0.3603123128414154
Rank:0 Epoch: [7/40], Step: [91/782], Loss: 0.38204342126846313
Rank:0 Epoch: [7/40], Step: [101/782], Loss: 0.3471072018146515
Rank:0 Epoch: [7/40], Step: [111/782], Loss: 0.4109027087688446
Rank:0 Epoch: [7/40], Step: [121/782], Loss: 0.6328868865966797
Rank:0 Epoch: [7/40], Step: [131/782], Loss: 0.5946716666221619
Rank:0 Epoch: [7/40], Step: [141/782], Loss: 0.3720455467700958
Rank:0 Epoch: [7/40], Step: [151/782], Loss: 0.3728126883506775
Rank:0 Epoch: [7/40], Step: [161/782], Loss: 0.28988268971443176
Rank:0 Epoch: [7/40], Step: [171/782], Loss: 0.47767719626426697
Rank:0 Epoch: [7/40], Step: [181/782], Loss: 0.40239518880844116
Rank:0 Epoch: [7/40], Step: [191/782], Loss: 0.4304903447628021
Rank:0 Epoch: [7/40], Step: [201/782], Loss: 0.3444192409515381
Rank:0 Epoch: [7/40], Step: [211/782], Loss: 0.5287389159202576
Rank:0 Epoch: [7/40], Step: [221/782], Loss: 0.47983381152153015
Rank:0 Epoch: [7/40], Step: [231/782], Loss: 0.45201990008354187
Rank:0 Epoch: [7/40], Step: [241/782], Loss: 0.49451905488967896
Rank:0 Epoch: [7/40], Step: [251/782], Loss: 0.4376194477081299
Rank:0 Epoch: [7/40], Step: [261/782], Loss: 0.5842401385307312
Rank:0 Epoch: [7/40], Step: [271/782], Loss: 0.7101320028305054
Rank:0 Epoch: [7/40], Step: [281/782], Loss: 0.3351697623729706
Rank:0 Epoch: [7/40], Step: [291/782], Loss: 0.5227282047271729
Rank:0 Epoch: [7/40], Step: [301/782], Loss: 0.27152255177497864
Rank:0 Epoch: [7/40], Step: [311/782], Loss: 0.541666567325592
Rank:0 Epoch: [7/40], Step: [321/782], Loss: 0.3717924654483795
Rank:0 Epoch: [7/40], Step: [331/782], Loss: 0.4226059317588806
Rank:0 Epoch: [7/40], Step: [341/782], Loss: 0.7040613293647766
Rank:0 Epoch: [7/40], Step: [351/782], Loss: 0.31787899136543274
Rank:0 Epoch: [7/40], Step: [361/782], Loss: 0.38075748085975647
Rank:0 Epoch: [7/40], Step: [371/782], Loss: 0.5495287775993347
Rank:0 Epoch: [7/40], Step: [381/782], Loss: 0.38142523169517517
Rank:0 Epoch: [7/40], Step: [391/782], Loss: 0.5347797870635986
Rank:0 Epoch: [7/40], Step: [401/782], Loss: 0.38937270641326904
Rank:0 Epoch: [7/40], Step: [411/782], Loss: 0.5182821750640869
Rank:0 Epoch: [7/40], Step: [421/782], Loss: 0.34085458517074585
Rank:0 Epoch: [7/40], Step: [431/782], Loss: 0.3507460057735443
Rank:0 Epoch: [7/40], Step: [441/782], Loss: 0.383207768201828
Rank:0 Epoch: [7/40], Step: [451/782], Loss: 0.3597531318664551
Rank:0 Epoch: [7/40], Step: [461/782], Loss: 0.5548300743103027
Rank:0 Epoch: [7/40], Step: [471/782], Loss: 0.5070753693580627
Rank:0 Epoch: [7/40], Step: [481/782], Loss: 0.6203915476799011
Rank:0 Epoch: [7/40], Step: [491/782], Loss: 0.22822506725788116
Rank:0 Epoch: [7/40], Step: [501/782], Loss: 0.3315116763114929
Rank:0 Epoch: [7/40], Step: [511/782], Loss: 0.4277203679084778
Rank:0 Epoch: [7/40], Step: [521/782], Loss: 0.6112792491912842
Rank:0 Epoch: [7/40], Step: [531/782], Loss: 0.2449960857629776
Rank:0 Epoch: [7/40], Step: [541/782], Loss: 0.2737071216106415
Rank:0 Epoch: [7/40], Step: [551/782], Loss: 0.4825150668621063
Rank:0 Epoch: [7/40], Step: [561/782], Loss: 0.4264221489429474
Rank:0 Epoch: [7/40], Step: [571/782], Loss: 0.5793871879577637
Rank:0 Epoch: [7/40], Step: [581/782], Loss: 0.476153165102005
Rank:0 Epoch: [7/40], Step: [591/782], Loss: 0.2839598059654236
Rank:0 Epoch: [7/40], Step: [601/782], Loss: 0.6720018982887268
Rank:0 Epoch: [7/40], Step: [611/782], Loss: 0.50025475025177
Rank:0 Epoch: [7/40], Step: [621/782], Loss: 0.3254144787788391
Rank:0 Epoch: [7/40], Step: [631/782], Loss: 0.4777095913887024
Rank:0 Epoch: [7/40], Step: [641/782], Loss: 0.602280855178833
Rank:0 Epoch: [7/40], Step: [651/782], Loss: 0.44920971989631653
Rank:0 Epoch: [7/40], Step: [661/782], Loss: 0.41349154710769653
Rank:0 Epoch: [7/40], Step: [671/782], Loss: 0.44255226850509644
Rank:0 Epoch: [7/40], Step: [681/782], Loss: 0.39833223819732666
Rank:0 Epoch: [7/40], Step: [691/782], Loss: 0.7892605066299438
Rank:0 Epoch: [7/40], Step: [701/782], Loss: 0.37515789270401
Rank:0 Epoch: [7/40], Step: [711/782], Loss: 0.36159899830818176
Rank:0 Epoch: [7/40], Step: [721/782], Loss: 0.3575008511543274
Rank:0 Epoch: [7/40], Step: [731/782], Loss: 0.5297471880912781
Rank:0 Epoch: [7/40], Step: [741/782], Loss: 0.6375055909156799
Rank:0 Epoch: [7/40], Step: [751/782], Loss: 0.29745522141456604
Rank:0 Epoch: [7/40], Step: [761/782], Loss: 0.2718672454357147
Rank:0 Epoch: [7/40], Step: [771/782], Loss: 0.3951500952243805
Rank:0 Epoch: [7/40], Step: [781/782], Loss: 0.44032829999923706
Current Test Acc: 0.8011
Rank:0 Epoch: [8/40], Step: [1/782], Loss: 0.5085851550102234
Rank:0 Epoch: [8/40], Step: [11/782], Loss: 0.5196941494941711
Rank:0 Epoch: [8/40], Step: [21/782], Loss: 0.533097505569458
Rank:0 Epoch: [8/40], Step: [31/782], Loss: 0.42630448937416077
Rank:0 Epoch: [8/40], Step: [41/782], Loss: 0.5025461912155151
Rank:0 Epoch: [8/40], Step: [51/782], Loss: 0.24374902248382568
Rank:0 Epoch: [8/40], Step: [61/782], Loss: 0.27971121668815613
Rank:0 Epoch: [8/40], Step: [71/782], Loss: 0.4534044861793518
Rank:0 Epoch: [8/40], Step: [81/782], Loss: 0.44770729541778564
Rank:0 Epoch: [8/40], Step: [91/782], Loss: 0.42662984132766724
Rank:0 Epoch: [8/40], Step: [101/782], Loss: 0.3918300271034241
Rank:0 Epoch: [8/40], Step: [111/782], Loss: 0.5163370370864868
Rank:0 Epoch: [8/40], Step: [121/782], Loss: 0.2384651154279709
Rank:0 Epoch: [8/40], Step: [131/782], Loss: 0.339947909116745
Rank:0 Epoch: [8/40], Step: [141/782], Loss: 0.5281628966331482
Rank:0 Epoch: [8/40], Step: [151/782], Loss: 0.39193347096443176
Rank:0 Epoch: [8/40], Step: [161/782], Loss: 0.4488449692726135
Rank:0 Epoch: [8/40], Step: [171/782], Loss: 0.4138788878917694
Rank:0 Epoch: [8/40], Step: [181/782], Loss: 0.4946979582309723
Rank:0 Epoch: [8/40], Step: [191/782], Loss: 0.2889327108860016
Rank:0 Epoch: [8/40], Step: [201/782], Loss: 0.5073626041412354
Rank:0 Epoch: [8/40], Step: [211/782], Loss: 0.48790183663368225
Rank:0 Epoch: [8/40], Step: [221/782], Loss: 0.42829403281211853
Rank:0 Epoch: [8/40], Step: [231/782], Loss: 0.2880735993385315
Rank:0 Epoch: [8/40], Step: [241/782], Loss: 0.4579203724861145
Rank:0 Epoch: [8/40], Step: [251/782], Loss: 0.3191473186016083
Rank:0 Epoch: [8/40], Step: [261/782], Loss: 0.2653663456439972
Rank:0 Epoch: [8/40], Step: [271/782], Loss: 0.4451982080936432
Rank:0 Epoch: [8/40], Step: [281/782], Loss: 0.5554527044296265
Rank:0 Epoch: [8/40], Step: [291/782], Loss: 0.541745662689209
Rank:0 Epoch: [8/40], Step: [301/782], Loss: 0.31751325726509094
Rank:0 Epoch: [8/40], Step: [311/782], Loss: 0.34703123569488525
Rank:0 Epoch: [8/40], Step: [321/782], Loss: 0.46841880679130554
Rank:0 Epoch: [8/40], Step: [331/782], Loss: 0.39762991666793823
Rank:0 Epoch: [8/40], Step: [341/782], Loss: 0.5071330070495605
Rank:0 Epoch: [8/40], Step: [351/782], Loss: 0.40770864486694336
Rank:0 Epoch: [8/40], Step: [361/782], Loss: 0.6059484481811523
Rank:0 Epoch: [8/40], Step: [371/782], Loss: 0.46379899978637695
Rank:0 Epoch: [8/40], Step: [381/782], Loss: 0.44191643595695496
Rank:0 Epoch: [8/40], Step: [391/782], Loss: 0.5389582514762878
Rank:0 Epoch: [8/40], Step: [401/782], Loss: 0.34064584970474243
Rank:0 Epoch: [8/40], Step: [411/782], Loss: 0.48501071333885193
Rank:0 Epoch: [8/40], Step: [421/782], Loss: 0.41774725914001465
Rank:0 Epoch: [8/40], Step: [431/782], Loss: 0.37302687764167786
Rank:0 Epoch: [8/40], Step: [441/782], Loss: 0.4327297508716583
Rank:0 Epoch: [8/40], Step: [451/782], Loss: 0.47546103596687317
Rank:0 Epoch: [8/40], Step: [461/782], Loss: 0.6022452712059021
Rank:0 Epoch: [8/40], Step: [471/782], Loss: 0.3872644901275635
Rank:0 Epoch: [8/40], Step: [481/782], Loss: 0.5265883803367615
Rank:0 Epoch: [8/40], Step: [491/782], Loss: 0.3329050540924072
Rank:0 Epoch: [8/40], Step: [501/782], Loss: 0.4701612889766693
Rank:0 Epoch: [8/40], Step: [511/782], Loss: 0.25344228744506836
Rank:0 Epoch: [8/40], Step: [521/782], Loss: 0.686195433139801
Rank:0 Epoch: [8/40], Step: [531/782], Loss: 0.5952728390693665
Rank:0 Epoch: [8/40], Step: [541/782], Loss: 0.31552475690841675
Rank:0 Epoch: [8/40], Step: [551/782], Loss: 0.31054458022117615
Rank:0 Epoch: [8/40], Step: [561/782], Loss: 0.5527987480163574
Rank:0 Epoch: [8/40], Step: [571/782], Loss: 0.3467673659324646
Rank:0 Epoch: [8/40], Step: [581/782], Loss: 0.4080791771411896
Rank:0 Epoch: [8/40], Step: [591/782], Loss: 0.37768587470054626
Rank:0 Epoch: [8/40], Step: [601/782], Loss: 0.3909335434436798
Rank:0 Epoch: [8/40], Step: [611/782], Loss: 0.34770748019218445
Rank:0 Epoch: [8/40], Step: [621/782], Loss: 0.3120875954627991
Rank:0 Epoch: [8/40], Step: [631/782], Loss: 0.4402123689651489
Rank:0 Epoch: [8/40], Step: [641/782], Loss: 0.5368932485580444
Rank:0 Epoch: [8/40], Step: [651/782], Loss: 0.5015184283256531
Rank:0 Epoch: [8/40], Step: [661/782], Loss: 0.47110122442245483
Rank:0 Epoch: [8/40], Step: [671/782], Loss: 0.5967522263526917
Rank:0 Epoch: [8/40], Step: [681/782], Loss: 0.340004026889801
Rank:0 Epoch: [8/40], Step: [691/782], Loss: 0.5807223916053772
Rank:0 Epoch: [8/40], Step: [701/782], Loss: 0.5397571921348572
Rank:0 Epoch: [8/40], Step: [711/782], Loss: 0.3638320863246918
Rank:0 Epoch: [8/40], Step: [721/782], Loss: 0.5256018042564392
Rank:0 Epoch: [8/40], Step: [731/782], Loss: 0.4755278527736664
Rank:0 Epoch: [8/40], Step: [741/782], Loss: 0.5713621377944946
Rank:0 Epoch: [8/40], Step: [751/782], Loss: 0.22323180735111237
Rank:0 Epoch: [8/40], Step: [761/782], Loss: 0.43863826990127563
Rank:0 Epoch: [8/40], Step: [771/782], Loss: 0.444354772567749
Rank:0 Epoch: [8/40], Step: [781/782], Loss: 0.472700297832489
Current Test Acc: 0.8262
Rank:0 Epoch: [9/40], Step: [1/782], Loss: 0.3310004770755768
Rank:0 Epoch: [9/40], Step: [11/782], Loss: 0.30336347222328186
Rank:0 Epoch: [9/40], Step: [21/782], Loss: 0.3416959345340729
Rank:0 Epoch: [9/40], Step: [31/782], Loss: 0.6682305335998535
Rank:0 Epoch: [9/40], Step: [41/782], Loss: 0.24101275205612183
Rank:0 Epoch: [9/40], Step: [51/782], Loss: 0.3826827108860016
Rank:0 Epoch: [9/40], Step: [61/782], Loss: 0.4337075650691986
Rank:0 Epoch: [9/40], Step: [71/782], Loss: 0.47978582978248596
Rank:0 Epoch: [9/40], Step: [81/782], Loss: 0.3189179599285126
Rank:0 Epoch: [9/40], Step: [91/782], Loss: 0.47103291749954224
Rank:0 Epoch: [9/40], Step: [101/782], Loss: 0.27132782340049744
Rank:0 Epoch: [9/40], Step: [111/782], Loss: 0.5170894861221313
Rank:0 Epoch: [9/40], Step: [121/782], Loss: 0.3840543329715729
Rank:0 Epoch: [9/40], Step: [131/782], Loss: 0.42093443870544434
Rank:0 Epoch: [9/40], Step: [141/782], Loss: 0.28256022930145264
Rank:0 Epoch: [9/40], Step: [151/782], Loss: 0.22257864475250244
Rank:0 Epoch: [9/40], Step: [161/782], Loss: 0.2036430835723877
Rank:0 Epoch: [9/40], Step: [171/782], Loss: 0.3181733787059784
Rank:0 Epoch: [9/40], Step: [181/782], Loss: 0.37981483340263367
Rank:0 Epoch: [9/40], Step: [191/782], Loss: 0.3709196150302887
Rank:0 Epoch: [9/40], Step: [201/782], Loss: 0.5762066841125488
Rank:0 Epoch: [9/40], Step: [211/782], Loss: 0.41168394684791565
Rank:0 Epoch: [9/40], Step: [221/782], Loss: 0.3538430631160736
Rank:0 Epoch: [9/40], Step: [231/782], Loss: 0.23451761901378632
Rank:0 Epoch: [9/40], Step: [241/782], Loss: 0.35559970140457153
Rank:0 Epoch: [9/40], Step: [251/782], Loss: 0.5264941453933716
Rank:0 Epoch: [9/40], Step: [261/782], Loss: 0.32065892219543457
Rank:0 Epoch: [9/40], Step: [271/782], Loss: 0.4726117253303528
Rank:0 Epoch: [9/40], Step: [281/782], Loss: 0.5398387908935547
Rank:0 Epoch: [9/40], Step: [291/782], Loss: 0.392713725566864
Rank:0 Epoch: [9/40], Step: [301/782], Loss: 0.34002482891082764
Rank:0 Epoch: [9/40], Step: [311/782], Loss: 0.2517439126968384
Rank:0 Epoch: [9/40], Step: [321/782], Loss: 0.37739506363868713
Rank:0 Epoch: [9/40], Step: [331/782], Loss: 0.2619723677635193
Rank:0 Epoch: [9/40], Step: [341/782], Loss: 0.37193426489830017
Rank:0 Epoch: [9/40], Step: [351/782], Loss: 0.195935919880867
Rank:0 Epoch: [9/40], Step: [361/782], Loss: 0.5292974710464478
Rank:0 Epoch: [9/40], Step: [371/782], Loss: 0.28721654415130615
Rank:0 Epoch: [9/40], Step: [381/782], Loss: 0.32762783765792847
Rank:0 Epoch: [9/40], Step: [391/782], Loss: 0.2776556611061096
Rank:0 Epoch: [9/40], Step: [401/782], Loss: 0.2416413128376007
Rank:0 Epoch: [9/40], Step: [411/782], Loss: 0.27545514702796936
Rank:0 Epoch: [9/40], Step: [421/782], Loss: 0.4192759394645691
Rank:0 Epoch: [9/40], Step: [431/782], Loss: 0.5538876056671143
Rank:0 Epoch: [9/40], Step: [441/782], Loss: 0.4870345890522003
Rank:0 Epoch: [9/40], Step: [451/782], Loss: 0.43383893370628357
Rank:0 Epoch: [9/40], Step: [461/782], Loss: 0.3818233609199524
Rank:0 Epoch: [9/40], Step: [471/782], Loss: 0.2855571210384369
Rank:0 Epoch: [9/40], Step: [481/782], Loss: 0.4108864367008209
Rank:0 Epoch: [9/40], Step: [491/782], Loss: 0.34309735894203186
Rank:0 Epoch: [9/40], Step: [501/782], Loss: 0.24951331317424774
Rank:0 Epoch: [9/40], Step: [511/782], Loss: 0.37557390332221985
Rank:0 Epoch: [9/40], Step: [521/782], Loss: 0.405170202255249
Rank:0 Epoch: [9/40], Step: [531/782], Loss: 0.49996545910835266
Rank:0 Epoch: [9/40], Step: [541/782], Loss: 0.43440312147140503
Rank:0 Epoch: [9/40], Step: [551/782], Loss: 0.507975161075592
Rank:0 Epoch: [9/40], Step: [561/782], Loss: 0.4311419129371643
Rank:0 Epoch: [9/40], Step: [571/782], Loss: 0.3051851689815521
Rank:0 Epoch: [9/40], Step: [581/782], Loss: 0.4439246654510498
Rank:0 Epoch: [9/40], Step: [591/782], Loss: 0.5147458910942078
Rank:0 Epoch: [9/40], Step: [601/782], Loss: 0.48718753457069397
Rank:0 Epoch: [9/40], Step: [611/782], Loss: 0.41729751229286194
Rank:0 Epoch: [9/40], Step: [621/782], Loss: 0.41073524951934814
Rank:0 Epoch: [9/40], Step: [631/782], Loss: 0.43899616599082947
Rank:0 Epoch: [9/40], Step: [641/782], Loss: 0.3327483832836151
Rank:0 Epoch: [9/40], Step: [651/782], Loss: 0.5805533528327942
Rank:0 Epoch: [9/40], Step: [661/782], Loss: 0.3772628605365753
Rank:0 Epoch: [9/40], Step: [671/782], Loss: 0.5732874870300293
Rank:0 Epoch: [9/40], Step: [681/782], Loss: 0.469097763299942
Rank:0 Epoch: [9/40], Step: [691/782], Loss: 0.46421995759010315
Rank:0 Epoch: [9/40], Step: [701/782], Loss: 0.5390014052391052
Rank:0 Epoch: [9/40], Step: [711/782], Loss: 0.36208900809288025
Rank:0 Epoch: [9/40], Step: [721/782], Loss: 0.5030714273452759
Rank:0 Epoch: [9/40], Step: [731/782], Loss: 0.5535398721694946
Rank:0 Epoch: [9/40], Step: [741/782], Loss: 0.45013874769210815
Rank:0 Epoch: [9/40], Step: [751/782], Loss: 0.5256381034851074
Rank:0 Epoch: [9/40], Step: [761/782], Loss: 0.3373638093471527
Rank:0 Epoch: [9/40], Step: [771/782], Loss: 0.5296052694320679
Rank:0 Epoch: [9/40], Step: [781/782], Loss: 0.6076632142066956
Current Test Acc: 0.8323
Rank:0 Epoch: [10/40], Step: [1/782], Loss: 0.4499475061893463
Rank:0 Epoch: [10/40], Step: [11/782], Loss: 0.40555378794670105
Rank:0 Epoch: [10/40], Step: [21/782], Loss: 0.39750733971595764
Rank:0 Epoch: [10/40], Step: [31/782], Loss: 0.44163933396339417
Rank:0 Epoch: [10/40], Step: [41/782], Loss: 0.6491070985794067
Rank:0 Epoch: [10/40], Step: [51/782], Loss: 0.5689175724983215
Rank:0 Epoch: [10/40], Step: [61/782], Loss: 0.33234015107154846
Rank:0 Epoch: [10/40], Step: [71/782], Loss: 0.3373594880104065
Rank:0 Epoch: [10/40], Step: [81/782], Loss: 0.3783402144908905
Rank:0 Epoch: [10/40], Step: [91/782], Loss: 0.4160688519477844
Rank:0 Epoch: [10/40], Step: [101/782], Loss: 0.34855568408966064
Rank:0 Epoch: [10/40], Step: [111/782], Loss: 0.40208694338798523
Rank:0 Epoch: [10/40], Step: [121/782], Loss: 0.3136999011039734
Rank:0 Epoch: [10/40], Step: [131/782], Loss: 0.4028141498565674
Rank:0 Epoch: [10/40], Step: [141/782], Loss: 0.28702375292778015
Rank:0 Epoch: [10/40], Step: [151/782], Loss: 0.2395385503768921
Rank:0 Epoch: [10/40], Step: [161/782], Loss: 0.29298028349876404
Rank:0 Epoch: [10/40], Step: [171/782], Loss: 0.6409580111503601
Rank:0 Epoch: [10/40], Step: [181/782], Loss: 0.4667920768260956
Rank:0 Epoch: [10/40], Step: [191/782], Loss: 0.5939738750457764
Rank:0 Epoch: [10/40], Step: [201/782], Loss: 0.4343799650669098
Rank:0 Epoch: [10/40], Step: [211/782], Loss: 0.5843958258628845
Rank:0 Epoch: [10/40], Step: [221/782], Loss: 0.33295348286628723
Rank:0 Epoch: [10/40], Step: [231/782], Loss: 0.38936907052993774
Rank:0 Epoch: [10/40], Step: [241/782], Loss: 0.3532804250717163
Rank:0 Epoch: [10/40], Step: [251/782], Loss: 0.589614748954773
Rank:0 Epoch: [10/40], Step: [261/782], Loss: 0.2927103042602539
Rank:0 Epoch: [10/40], Step: [271/782], Loss: 0.2862372100353241
Rank:0 Epoch: [10/40], Step: [281/782], Loss: 0.44060438871383667
Rank:0 Epoch: [10/40], Step: [291/782], Loss: 0.27887624502182007
Rank:0 Epoch: [10/40], Step: [301/782], Loss: 0.3359525203704834
Rank:0 Epoch: [10/40], Step: [311/782], Loss: 0.37241601943969727
Rank:0 Epoch: [10/40], Step: [321/782], Loss: 0.4762529134750366
Rank:0 Epoch: [10/40], Step: [331/782], Loss: 0.446127325296402
Rank:0 Epoch: [10/40], Step: [341/782], Loss: 0.3968380391597748
Rank:0 Epoch: [10/40], Step: [351/782], Loss: 0.3151297867298126
Rank:0 Epoch: [10/40], Step: [361/782], Loss: 0.24908599257469177
Rank:0 Epoch: [10/40], Step: [371/782], Loss: 0.3587023615837097
Rank:0 Epoch: [10/40], Step: [381/782], Loss: 0.49718329310417175
Rank:0 Epoch: [10/40], Step: [391/782], Loss: 0.5378760695457458
Rank:0 Epoch: [10/40], Step: [401/782], Loss: 0.5027933120727539
Rank:0 Epoch: [10/40], Step: [411/782], Loss: 0.5717148184776306
Rank:0 Epoch: [10/40], Step: [421/782], Loss: 0.20462962985038757
Rank:0 Epoch: [10/40], Step: [431/782], Loss: 0.34165439009666443
Rank:0 Epoch: [10/40], Step: [441/782], Loss: 0.3537374436855316
Rank:0 Epoch: [10/40], Step: [451/782], Loss: 0.5109575390815735
Rank:0 Epoch: [10/40], Step: [461/782], Loss: 0.643323540687561
Rank:0 Epoch: [10/40], Step: [471/782], Loss: 0.6621683835983276
Rank:0 Epoch: [10/40], Step: [481/782], Loss: 0.4453206956386566
Rank:0 Epoch: [10/40], Step: [491/782], Loss: 0.5241765975952148
Rank:0 Epoch: [10/40], Step: [501/782], Loss: 0.280985027551651
Rank:0 Epoch: [10/40], Step: [511/782], Loss: 0.39171046018600464
Rank:0 Epoch: [10/40], Step: [521/782], Loss: 0.37411344051361084
Rank:0 Epoch: [10/40], Step: [531/782], Loss: 0.4136173725128174
Rank:0 Epoch: [10/40], Step: [541/782], Loss: 0.3039878010749817
Rank:0 Epoch: [10/40], Step: [551/782], Loss: 0.6728813648223877
Rank:0 Epoch: [10/40], Step: [561/782], Loss: 0.5144791007041931
Rank:0 Epoch: [10/40], Step: [571/782], Loss: 0.44434672594070435
Rank:0 Epoch: [10/40], Step: [581/782], Loss: 0.44069144129753113
Rank:0 Epoch: [10/40], Step: [591/782], Loss: 0.43601930141448975
Rank:0 Epoch: [10/40], Step: [601/782], Loss: 0.2681797742843628
Rank:0 Epoch: [10/40], Step: [611/782], Loss: 0.29281187057495117
Rank:0 Epoch: [10/40], Step: [621/782], Loss: 0.4449988603591919
Rank:0 Epoch: [10/40], Step: [631/782], Loss: 0.5043196678161621
Rank:0 Epoch: [10/40], Step: [641/782], Loss: 0.6035066843032837
Rank:0 Epoch: [10/40], Step: [651/782], Loss: 0.34238922595977783
Rank:0 Epoch: [10/40], Step: [661/782], Loss: 0.4614449441432953
Rank:0 Epoch: [10/40], Step: [671/782], Loss: 0.5740300416946411
Rank:0 Epoch: [10/40], Step: [681/782], Loss: 0.5142354965209961
Rank:0 Epoch: [10/40], Step: [691/782], Loss: 0.6411831974983215
Rank:0 Epoch: [10/40], Step: [701/782], Loss: 0.5703592300415039
Rank:0 Epoch: [10/40], Step: [711/782], Loss: 0.3495398163795471
Rank:0 Epoch: [10/40], Step: [721/782], Loss: 0.3168584108352661
Rank:0 Epoch: [10/40], Step: [731/782], Loss: 0.4017454981803894
Rank:0 Epoch: [10/40], Step: [741/782], Loss: 0.3582535982131958
Rank:0 Epoch: [10/40], Step: [751/782], Loss: 0.3078858256340027
Rank:0 Epoch: [10/40], Step: [761/782], Loss: 0.34386470913887024
Rank:0 Epoch: [10/40], Step: [771/782], Loss: 0.25697946548461914
Rank:0 Epoch: [10/40], Step: [781/782], Loss: 0.3775794208049774
Current Test Acc: 0.7993
Rank:0 Epoch: [11/40], Step: [1/782], Loss: 0.6069349646568298
Rank:0 Epoch: [11/40], Step: [11/782], Loss: 0.29963675141334534
Rank:0 Epoch: [11/40], Step: [21/782], Loss: 0.29942309856414795
Rank:0 Epoch: [11/40], Step: [31/782], Loss: 0.3716004192829132
Rank:0 Epoch: [11/40], Step: [41/782], Loss: 0.42757782340049744
Rank:0 Epoch: [11/40], Step: [51/782], Loss: 0.3382388651371002
Rank:0 Epoch: [11/40], Step: [61/782], Loss: 0.4240606427192688
Rank:0 Epoch: [11/40], Step: [71/782], Loss: 0.4863233268260956
Rank:0 Epoch: [11/40], Step: [81/782], Loss: 0.2769698202610016
Rank:0 Epoch: [11/40], Step: [91/782], Loss: 0.4993925392627716
Rank:0 Epoch: [11/40], Step: [101/782], Loss: 0.4991486370563507
Rank:0 Epoch: [11/40], Step: [111/782], Loss: 0.3204140067100525
Rank:0 Epoch: [11/40], Step: [121/782], Loss: 0.35143736004829407
Rank:0 Epoch: [11/40], Step: [131/782], Loss: 0.34797489643096924
Rank:0 Epoch: [11/40], Step: [141/782], Loss: 0.3312370181083679
Rank:0 Epoch: [11/40], Step: [151/782], Loss: 0.4414774179458618
Rank:0 Epoch: [11/40], Step: [161/782], Loss: 0.6135521531105042
Rank:0 Epoch: [11/40], Step: [171/782], Loss: 0.3412800431251526
Rank:0 Epoch: [11/40], Step: [181/782], Loss: 0.4320424199104309
Rank:0 Epoch: [11/40], Step: [191/782], Loss: 0.24851128458976746
Rank:0 Epoch: [11/40], Step: [201/782], Loss: 0.43035122752189636
Rank:0 Epoch: [11/40], Step: [211/782], Loss: 0.3659224510192871
Rank:0 Epoch: [11/40], Step: [221/782], Loss: 0.3894122242927551
Rank:0 Epoch: [11/40], Step: [231/782], Loss: 0.5366905331611633
Rank:0 Epoch: [11/40], Step: [241/782], Loss: 0.5387886166572571
Rank:0 Epoch: [11/40], Step: [251/782], Loss: 0.28417232632637024
Rank:0 Epoch: [11/40], Step: [261/782], Loss: 0.5072728991508484
Rank:0 Epoch: [11/40], Step: [271/782], Loss: 0.28925657272338867
Rank:0 Epoch: [11/40], Step: [281/782], Loss: 0.3886925280094147
Rank:0 Epoch: [11/40], Step: [291/782], Loss: 0.3628312349319458
Rank:0 Epoch: [11/40], Step: [301/782], Loss: 0.36673083901405334
Rank:0 Epoch: [11/40], Step: [311/782], Loss: 0.3389155864715576
Rank:0 Epoch: [11/40], Step: [321/782], Loss: 0.423519492149353
Rank:0 Epoch: [11/40], Step: [331/782], Loss: 0.6922895312309265
Rank:0 Epoch: [11/40], Step: [341/782], Loss: 0.5907533764839172
Rank:0 Epoch: [11/40], Step: [351/782], Loss: 0.7542295455932617
Rank:0 Epoch: [11/40], Step: [361/782], Loss: 0.47127431631088257
Rank:0 Epoch: [11/40], Step: [371/782], Loss: 0.3537988066673279
Rank:0 Epoch: [11/40], Step: [381/782], Loss: 0.41749879717826843
Rank:0 Epoch: [11/40], Step: [391/782], Loss: 0.36649128794670105
Rank:0 Epoch: [11/40], Step: [401/782], Loss: 0.25901535153388977
Rank:0 Epoch: [11/40], Step: [411/782], Loss: 0.5398586988449097
Rank:0 Epoch: [11/40], Step: [421/782], Loss: 0.5131127238273621
Rank:0 Epoch: [11/40], Step: [431/782], Loss: 0.4563436210155487
Rank:0 Epoch: [11/40], Step: [441/782], Loss: 0.47048911452293396
Rank:0 Epoch: [11/40], Step: [451/782], Loss: 0.3583073616027832
Rank:0 Epoch: [11/40], Step: [461/782], Loss: 0.49543532729148865
Rank:0 Epoch: [11/40], Step: [471/782], Loss: 0.4299674928188324
Rank:0 Epoch: [11/40], Step: [481/782], Loss: 0.30066290497779846
Rank:0 Epoch: [11/40], Step: [491/782], Loss: 0.4404924809932709
Rank:0 Epoch: [11/40], Step: [501/782], Loss: 0.46189671754837036
Rank:0 Epoch: [11/40], Step: [511/782], Loss: 0.5138399004936218
Rank:0 Epoch: [11/40], Step: [521/782], Loss: 0.40734878182411194
Rank:0 Epoch: [11/40], Step: [531/782], Loss: 0.39261940121650696
Rank:0 Epoch: [11/40], Step: [541/782], Loss: 0.2580817937850952
Rank:0 Epoch: [11/40], Step: [551/782], Loss: 0.33362334966659546
Rank:0 Epoch: [11/40], Step: [561/782], Loss: 0.4052903354167938
Rank:0 Epoch: [11/40], Step: [571/782], Loss: 0.4196603000164032
Rank:0 Epoch: [11/40], Step: [581/782], Loss: 0.5640384554862976
Rank:0 Epoch: [11/40], Step: [591/782], Loss: 0.4833216667175293
Rank:0 Epoch: [11/40], Step: [601/782], Loss: 0.2917920649051666
Rank:0 Epoch: [11/40], Step: [611/782], Loss: 0.3914449214935303
Rank:0 Epoch: [11/40], Step: [621/782], Loss: 0.28848645091056824
Rank:0 Epoch: [11/40], Step: [631/782], Loss: 0.3388333022594452
Rank:0 Epoch: [11/40], Step: [641/782], Loss: 0.35480549931526184
Rank:0 Epoch: [11/40], Step: [651/782], Loss: 0.39382466673851013
Rank:0 Epoch: [11/40], Step: [661/782], Loss: 0.4150318503379822
Rank:0 Epoch: [11/40], Step: [671/782], Loss: 0.7059078216552734
Rank:0 Epoch: [11/40], Step: [681/782], Loss: 0.3952973186969757
Rank:0 Epoch: [11/40], Step: [691/782], Loss: 0.5969104766845703
Rank:0 Epoch: [11/40], Step: [701/782], Loss: 0.4888289272785187
Rank:0 Epoch: [11/40], Step: [711/782], Loss: 0.49675804376602173
Rank:0 Epoch: [11/40], Step: [721/782], Loss: 0.4190883934497833
Rank:0 Epoch: [11/40], Step: [731/782], Loss: 0.3864136338233948
Rank:0 Epoch: [11/40], Step: [741/782], Loss: 0.377882719039917
Rank:0 Epoch: [11/40], Step: [751/782], Loss: 0.3642992675304413
Rank:0 Epoch: [11/40], Step: [761/782], Loss: 0.3916420042514801
Rank:0 Epoch: [11/40], Step: [771/782], Loss: 0.4897308051586151
Rank:0 Epoch: [11/40], Step: [781/782], Loss: 0.34007906913757324
Current Test Acc: 0.8208
Rank:0 Epoch: [12/40], Step: [1/782], Loss: 0.4289436936378479
Rank:0 Epoch: [12/40], Step: [11/782], Loss: 0.4616658389568329
Rank:0 Epoch: [12/40], Step: [21/782], Loss: 0.40491172671318054
Rank:0 Epoch: [12/40], Step: [31/782], Loss: 0.29114821553230286
Rank:0 Epoch: [12/40], Step: [41/782], Loss: 0.464535653591156
Rank:0 Epoch: [12/40], Step: [51/782], Loss: 0.4587583839893341
Rank:0 Epoch: [12/40], Step: [61/782], Loss: 0.42487284541130066
Rank:0 Epoch: [12/40], Step: [71/782], Loss: 0.4432993531227112
Rank:0 Epoch: [12/40], Step: [81/782], Loss: 0.32733121514320374
Rank:0 Epoch: [12/40], Step: [91/782], Loss: 0.4748702347278595
Rank:0 Epoch: [12/40], Step: [101/782], Loss: 0.42121925950050354
Rank:0 Epoch: [12/40], Step: [111/782], Loss: 0.3431576192378998
Rank:0 Epoch: [12/40], Step: [121/782], Loss: 0.5084822177886963
Rank:0 Epoch: [12/40], Step: [131/782], Loss: 0.437857061624527
Rank:0 Epoch: [12/40], Step: [141/782], Loss: 0.2966955006122589
Rank:0 Epoch: [12/40], Step: [151/782], Loss: 0.6497742533683777
Rank:0 Epoch: [12/40], Step: [161/782], Loss: 0.433864563703537
Rank:0 Epoch: [12/40], Step: [171/782], Loss: 0.272164911031723
Rank:0 Epoch: [12/40], Step: [181/782], Loss: 0.20863156020641327
Rank:0 Epoch: [12/40], Step: [191/782], Loss: 0.2827966809272766
Rank:0 Epoch: [12/40], Step: [201/782], Loss: 0.21798080205917358
Rank:0 Epoch: [12/40], Step: [211/782], Loss: 0.17067848145961761
Rank:0 Epoch: [12/40], Step: [221/782], Loss: 0.3780805468559265
Rank:0 Epoch: [12/40], Step: [231/782], Loss: 0.5313120484352112
Rank:0 Epoch: [12/40], Step: [241/782], Loss: 0.550638735294342
Rank:0 Epoch: [12/40], Step: [251/782], Loss: 0.513840913772583
Rank:0 Epoch: [12/40], Step: [261/782], Loss: 0.3127990663051605
Rank:0 Epoch: [12/40], Step: [271/782], Loss: 0.36426547169685364
Rank:0 Epoch: [12/40], Step: [281/782], Loss: 0.24871379137039185
Rank:0 Epoch: [12/40], Step: [291/782], Loss: 0.38998112082481384
Rank:0 Epoch: [12/40], Step: [301/782], Loss: 0.4054392874240875
Rank:0 Epoch: [12/40], Step: [311/782], Loss: 0.32181206345558167
Rank:0 Epoch: [12/40], Step: [321/782], Loss: 0.3348411023616791
Rank:0 Epoch: [12/40], Step: [331/782], Loss: 0.4956797957420349
Rank:0 Epoch: [12/40], Step: [341/782], Loss: 0.4316749572753906
Rank:0 Epoch: [12/40], Step: [351/782], Loss: 0.5167207717895508
Rank:0 Epoch: [12/40], Step: [361/782], Loss: 0.37524864077568054
Rank:0 Epoch: [12/40], Step: [371/782], Loss: 0.35525596141815186
Rank:0 Epoch: [12/40], Step: [381/782], Loss: 0.3740542531013489
Rank:0 Epoch: [12/40], Step: [391/782], Loss: 0.3810243308544159
Rank:0 Epoch: [12/40], Step: [401/782], Loss: 0.30018535256385803
Rank:0 Epoch: [12/40], Step: [411/782], Loss: 0.7972859740257263
Rank:0 Epoch: [12/40], Step: [421/782], Loss: 0.3353201150894165
Rank:0 Epoch: [12/40], Step: [431/782], Loss: 0.42149463295936584
Rank:0 Epoch: [12/40], Step: [441/782], Loss: 0.35993021726608276
Rank:0 Epoch: [12/40], Step: [451/782], Loss: 0.34850242733955383
Rank:0 Epoch: [12/40], Step: [461/782], Loss: 0.2939210534095764
Rank:0 Epoch: [12/40], Step: [471/782], Loss: 0.41030365228652954
Rank:0 Epoch: [12/40], Step: [481/782], Loss: 0.46275627613067627
Rank:0 Epoch: [12/40], Step: [491/782], Loss: 0.4436533749103546
Rank:0 Epoch: [12/40], Step: [501/782], Loss: 0.4877612292766571
Rank:0 Epoch: [12/40], Step: [511/782], Loss: 0.4993944764137268
Rank:0 Epoch: [12/40], Step: [521/782], Loss: 0.5558927059173584
Rank:0 Epoch: [12/40], Step: [531/782], Loss: 0.5379345417022705
Rank:0 Epoch: [12/40], Step: [541/782], Loss: 0.22667521238327026
Rank:0 Epoch: [12/40], Step: [551/782], Loss: 0.36558881402015686
Rank:0 Epoch: [12/40], Step: [561/782], Loss: 0.23146836459636688
Rank:0 Epoch: [12/40], Step: [571/782], Loss: 0.3057880401611328
Rank:0 Epoch: [12/40], Step: [581/782], Loss: 0.5025985240936279
Rank:0 Epoch: [12/40], Step: [591/782], Loss: 0.32776275277137756
Rank:0 Epoch: [12/40], Step: [601/782], Loss: 0.3726056218147278
Rank:0 Epoch: [12/40], Step: [611/782], Loss: 0.2967054545879364
Rank:0 Epoch: [12/40], Step: [621/782], Loss: 0.2662518322467804
Rank:0 Epoch: [12/40], Step: [631/782], Loss: 0.4267001152038574
Rank:0 Epoch: [12/40], Step: [641/782], Loss: 0.30863118171691895
Rank:0 Epoch: [12/40], Step: [651/782], Loss: 0.43574970960617065
Rank:0 Epoch: [12/40], Step: [661/782], Loss: 0.43131518363952637
Rank:0 Epoch: [12/40], Step: [671/782], Loss: 0.5748835206031799
Rank:0 Epoch: [12/40], Step: [681/782], Loss: 0.5330899357795715
Rank:0 Epoch: [12/40], Step: [691/782], Loss: 0.45697030425071716
Rank:0 Epoch: [12/40], Step: [701/782], Loss: 0.3853365182876587
Rank:0 Epoch: [12/40], Step: [711/782], Loss: 0.6748835444450378
Rank:0 Epoch: [12/40], Step: [721/782], Loss: 0.41770753264427185
Rank:0 Epoch: [12/40], Step: [731/782], Loss: 0.5538699626922607
Rank:0 Epoch: [12/40], Step: [741/782], Loss: 0.31711041927337646
Rank:0 Epoch: [12/40], Step: [751/782], Loss: 0.4707276225090027
Rank:0 Epoch: [12/40], Step: [761/782], Loss: 0.4234681725502014
Rank:0 Epoch: [12/40], Step: [771/782], Loss: 0.4306952953338623
Rank:0 Epoch: [12/40], Step: [781/782], Loss: 0.27841290831565857
Current Test Acc: 0.8121
Rank:0 Epoch: [13/40], Step: [1/782], Loss: 0.7465260624885559
Rank:0 Epoch: [13/40], Step: [11/782], Loss: 0.35134556889533997
Rank:0 Epoch: [13/40], Step: [21/782], Loss: 0.3839772343635559
Rank:0 Epoch: [13/40], Step: [31/782], Loss: 0.6367432475090027
Rank:0 Epoch: [13/40], Step: [41/782], Loss: 0.2765093743801117
Rank:0 Epoch: [13/40], Step: [51/782], Loss: 0.5501511096954346
Rank:0 Epoch: [13/40], Step: [61/782], Loss: 0.3434334099292755
Rank:0 Epoch: [13/40], Step: [71/782], Loss: 0.43137890100479126
Rank:0 Epoch: [13/40], Step: [81/782], Loss: 0.2370840311050415
Rank:0 Epoch: [13/40], Step: [91/782], Loss: 0.24234478175640106
Rank:0 Epoch: [13/40], Step: [101/782], Loss: 0.2050768882036209
Rank:0 Epoch: [13/40], Step: [111/782], Loss: 0.36415228247642517
Rank:0 Epoch: [13/40], Step: [121/782], Loss: 0.42566055059432983
Rank:0 Epoch: [13/40], Step: [131/782], Loss: 0.40264010429382324
Rank:0 Epoch: [13/40], Step: [141/782], Loss: 0.41931092739105225
Rank:0 Epoch: [13/40], Step: [151/782], Loss: 0.5489022731781006
Rank:0 Epoch: [13/40], Step: [161/782], Loss: 0.29538989067077637
Rank:0 Epoch: [13/40], Step: [171/782], Loss: 0.2128387838602066
Rank:0 Epoch: [13/40], Step: [181/782], Loss: 0.3200937807559967
Rank:0 Epoch: [13/40], Step: [191/782], Loss: 0.42780953645706177
Rank:0 Epoch: [13/40], Step: [201/782], Loss: 0.307139128446579
Rank:0 Epoch: [13/40], Step: [211/782], Loss: 0.5786001682281494
Rank:0 Epoch: [13/40], Step: [221/782], Loss: 0.3125334680080414
Rank:0 Epoch: [13/40], Step: [231/782], Loss: 0.47416970133781433
Rank:0 Epoch: [13/40], Step: [241/782], Loss: 0.4395750164985657
Rank:0 Epoch: [13/40], Step: [251/782], Loss: 0.17347916960716248
Rank:0 Epoch: [13/40], Step: [261/782], Loss: 0.5761926770210266
Rank:0 Epoch: [13/40], Step: [271/782], Loss: 0.2874442934989929
Rank:0 Epoch: [13/40], Step: [281/782], Loss: 0.34618431329727173
Rank:0 Epoch: [13/40], Step: [291/782], Loss: 0.35445335507392883
Rank:0 Epoch: [13/40], Step: [301/782], Loss: 0.3644008934497833
Rank:0 Epoch: [13/40], Step: [311/782], Loss: 0.33645233511924744
Rank:0 Epoch: [13/40], Step: [321/782], Loss: 0.3852593004703522
Rank:0 Epoch: [13/40], Step: [331/782], Loss: 0.4005919098854065
Rank:0 Epoch: [13/40], Step: [341/782], Loss: 0.3011026382446289
Rank:0 Epoch: [13/40], Step: [351/782], Loss: 0.5348777174949646
Rank:0 Epoch: [13/40], Step: [361/782], Loss: 0.4612289369106293
Rank:0 Epoch: [13/40], Step: [371/782], Loss: 0.33678919076919556
Rank:0 Epoch: [13/40], Step: [381/782], Loss: 0.22874049842357635
Rank:0 Epoch: [13/40], Step: [391/782], Loss: 0.3808622360229492
Rank:0 Epoch: [13/40], Step: [401/782], Loss: 0.2915669083595276
Rank:0 Epoch: [13/40], Step: [411/782], Loss: 0.6875115633010864
Rank:0 Epoch: [13/40], Step: [421/782], Loss: 0.37662559747695923
Rank:0 Epoch: [13/40], Step: [431/782], Loss: 0.32187604904174805
Rank:0 Epoch: [13/40], Step: [441/782], Loss: 0.3701903223991394
Rank:0 Epoch: [13/40], Step: [451/782], Loss: 0.2898825705051422
Rank:0 Epoch: [13/40], Step: [461/782], Loss: 0.4337952136993408
Rank:0 Epoch: [13/40], Step: [471/782], Loss: 0.2801569998264313
Rank:0 Epoch: [13/40], Step: [481/782], Loss: 0.4139407277107239
Rank:0 Epoch: [13/40], Step: [491/782], Loss: 0.3613044023513794
Rank:0 Epoch: [13/40], Step: [501/782], Loss: 0.48801952600479126
Rank:0 Epoch: [13/40], Step: [511/782], Loss: 0.489633172750473
Rank:0 Epoch: [13/40], Step: [521/782], Loss: 0.2589685916900635
Rank:0 Epoch: [13/40], Step: [531/782], Loss: 0.5351355075836182
Rank:0 Epoch: [13/40], Step: [541/782], Loss: 0.5385134220123291
Rank:0 Epoch: [13/40], Step: [551/782], Loss: 0.6075600981712341
Rank:0 Epoch: [13/40], Step: [561/782], Loss: 0.4594000577926636
Rank:0 Epoch: [13/40], Step: [571/782], Loss: 0.47145915031433105
Rank:0 Epoch: [13/40], Step: [581/782], Loss: 0.2773319184780121
Rank:0 Epoch: [13/40], Step: [591/782], Loss: 0.375724196434021
Rank:0 Epoch: [13/40], Step: [601/782], Loss: 0.39958417415618896
Rank:0 Epoch: [13/40], Step: [611/782], Loss: 0.36235707998275757
Rank:0 Epoch: [13/40], Step: [621/782], Loss: 0.40664955973625183
Rank:0 Epoch: [13/40], Step: [631/782], Loss: 0.5782236456871033
Rank:0 Epoch: [13/40], Step: [641/782], Loss: 0.48727720975875854
Rank:0 Epoch: [13/40], Step: [651/782], Loss: 0.26148736476898193
Rank:0 Epoch: [13/40], Step: [661/782], Loss: 0.32198795676231384
Rank:0 Epoch: [13/40], Step: [671/782], Loss: 0.4473017156124115
Rank:0 Epoch: [13/40], Step: [681/782], Loss: 0.5161475539207458
Rank:0 Epoch: [13/40], Step: [691/782], Loss: 0.38262519240379333
Rank:0 Epoch: [13/40], Step: [701/782], Loss: 0.4409211575984955
Rank:0 Epoch: [13/40], Step: [711/782], Loss: 0.30819347500801086
Rank:0 Epoch: [13/40], Step: [721/782], Loss: 0.2685813307762146
Rank:0 Epoch: [13/40], Step: [731/782], Loss: 0.41722023487091064
Rank:0 Epoch: [13/40], Step: [741/782], Loss: 0.5526587963104248
Rank:0 Epoch: [13/40], Step: [751/782], Loss: 0.5312795639038086
Rank:0 Epoch: [13/40], Step: [761/782], Loss: 0.5313026309013367
Rank:0 Epoch: [13/40], Step: [771/782], Loss: 0.43200984597206116
Rank:0 Epoch: [13/40], Step: [781/782], Loss: 0.5175861716270447
Current Test Acc: 0.7886
Rank:0 Epoch: [14/40], Step: [1/782], Loss: 0.5856817960739136
Rank:0 Epoch: [14/40], Step: [11/782], Loss: 0.5335067510604858
Rank:0 Epoch: [14/40], Step: [21/782], Loss: 0.3303791880607605
Rank:0 Epoch: [14/40], Step: [31/782], Loss: 0.3574827015399933
Rank:0 Epoch: [14/40], Step: [41/782], Loss: 0.36505207419395447
Rank:0 Epoch: [14/40], Step: [51/782], Loss: 0.4692021906375885
Rank:0 Epoch: [14/40], Step: [61/782], Loss: 0.3526979684829712
Rank:0 Epoch: [14/40], Step: [71/782], Loss: 0.6285511255264282
Rank:0 Epoch: [14/40], Step: [81/782], Loss: 0.2759110927581787
Rank:0 Epoch: [14/40], Step: [91/782], Loss: 0.29227006435394287
Rank:0 Epoch: [14/40], Step: [101/782], Loss: 0.2366161048412323
Rank:0 Epoch: [14/40], Step: [111/782], Loss: 0.5686342120170593
Rank:0 Epoch: [14/40], Step: [121/782], Loss: 0.2831560969352722
Rank:0 Epoch: [14/40], Step: [131/782], Loss: 0.2381456345319748
Rank:0 Epoch: [14/40], Step: [141/782], Loss: 0.547573447227478
Rank:0 Epoch: [14/40], Step: [151/782], Loss: 0.6323918104171753
Rank:0 Epoch: [14/40], Step: [161/782], Loss: 0.5272809267044067
Rank:0 Epoch: [14/40], Step: [171/782], Loss: 0.49679431319236755
Rank:0 Epoch: [14/40], Step: [181/782], Loss: 0.2684091627597809
Rank:0 Epoch: [14/40], Step: [191/782], Loss: 0.4086897671222687
Rank:0 Epoch: [14/40], Step: [201/782], Loss: 0.3792451024055481
Rank:0 Epoch: [14/40], Step: [211/782], Loss: 0.47793182730674744
Rank:0 Epoch: [14/40], Step: [221/782], Loss: 0.21108299493789673
Rank:0 Epoch: [14/40], Step: [231/782], Loss: 0.6849302053451538
Rank:0 Epoch: [14/40], Step: [241/782], Loss: 0.29015621542930603
Rank:0 Epoch: [14/40], Step: [251/782], Loss: 0.39255058765411377
Rank:0 Epoch: [14/40], Step: [261/782], Loss: 0.3261941373348236
Rank:0 Epoch: [14/40], Step: [271/782], Loss: 0.42929235100746155
Rank:0 Epoch: [14/40], Step: [281/782], Loss: 0.4181055426597595
Rank:0 Epoch: [14/40], Step: [291/782], Loss: 0.37442684173583984
Rank:0 Epoch: [14/40], Step: [301/782], Loss: 0.3951748311519623
Rank:0 Epoch: [14/40], Step: [311/782], Loss: 0.3518834114074707
Rank:0 Epoch: [14/40], Step: [321/782], Loss: 0.36101794242858887
Rank:0 Epoch: [14/40], Step: [331/782], Loss: 0.4508524239063263
Rank:0 Epoch: [14/40], Step: [341/782], Loss: 0.5729581117630005
Rank:0 Epoch: [14/40], Step: [351/782], Loss: 0.3915555775165558
Rank:0 Epoch: [14/40], Step: [361/782], Loss: 0.5151384472846985
Rank:0 Epoch: [14/40], Step: [371/782], Loss: 0.5334875583648682
Rank:0 Epoch: [14/40], Step: [381/782], Loss: 0.49223819375038147
Rank:0 Epoch: [14/40], Step: [391/782], Loss: 0.20436769723892212
Rank:0 Epoch: [14/40], Step: [401/782], Loss: 0.4002312123775482
Rank:0 Epoch: [14/40], Step: [411/782], Loss: 0.21922610700130463
Rank:0 Epoch: [14/40], Step: [421/782], Loss: 0.4211314916610718
Rank:0 Epoch: [14/40], Step: [431/782], Loss: 0.41071629524230957
Rank:0 Epoch: [14/40], Step: [441/782], Loss: 0.31598159670829773
Rank:0 Epoch: [14/40], Step: [451/782], Loss: 0.36439329385757446
Rank:0 Epoch: [14/40], Step: [461/782], Loss: 0.44124943017959595
Rank:0 Epoch: [14/40], Step: [471/782], Loss: 0.34692081809043884
Rank:0 Epoch: [14/40], Step: [481/782], Loss: 0.4490824043750763
Rank:0 Epoch: [14/40], Step: [491/782], Loss: 0.33137956261634827
Rank:0 Epoch: [14/40], Step: [501/782], Loss: 0.31916144490242004
Rank:0 Epoch: [14/40], Step: [511/782], Loss: 0.44677576422691345
Rank:0 Epoch: [14/40], Step: [521/782], Loss: 0.3870329260826111
Rank:0 Epoch: [14/40], Step: [531/782], Loss: 0.392231822013855
Rank:0 Epoch: [14/40], Step: [541/782], Loss: 0.29532936215400696
Rank:0 Epoch: [14/40], Step: [551/782], Loss: 0.3333689868450165
Rank:0 Epoch: [14/40], Step: [561/782], Loss: 0.461523175239563
Rank:0 Epoch: [14/40], Step: [571/782], Loss: 0.40370285511016846
Rank:0 Epoch: [14/40], Step: [581/782], Loss: 0.2695918083190918
Rank:0 Epoch: [14/40], Step: [591/782], Loss: 0.3553416132926941
Rank:0 Epoch: [14/40], Step: [601/782], Loss: 0.5964323282241821
Rank:0 Epoch: [14/40], Step: [611/782], Loss: 0.3825947046279907
Rank:0 Epoch: [14/40], Step: [621/782], Loss: 0.3433167338371277
Rank:0 Epoch: [14/40], Step: [631/782], Loss: 0.25227707624435425
Rank:0 Epoch: [14/40], Step: [641/782], Loss: 0.39257457852363586
Rank:0 Epoch: [14/40], Step: [651/782], Loss: 0.33719679713249207
Rank:0 Epoch: [14/40], Step: [661/782], Loss: 0.3850158452987671
Rank:0 Epoch: [14/40], Step: [671/782], Loss: 0.5549692511558533
Rank:0 Epoch: [14/40], Step: [681/782], Loss: 0.3552134335041046
Rank:0 Epoch: [14/40], Step: [691/782], Loss: 0.318688303232193
Rank:0 Epoch: [14/40], Step: [701/782], Loss: 0.25216543674468994
Rank:0 Epoch: [14/40], Step: [711/782], Loss: 0.49785029888153076
Rank:0 Epoch: [14/40], Step: [721/782], Loss: 0.42007192969322205
Rank:0 Epoch: [14/40], Step: [731/782], Loss: 0.6145678758621216
Rank:0 Epoch: [14/40], Step: [741/782], Loss: 0.29605886340141296
Rank:0 Epoch: [14/40], Step: [751/782], Loss: 0.3327759802341461
Rank:0 Epoch: [14/40], Step: [761/782], Loss: 0.24130429327487946
Rank:0 Epoch: [14/40], Step: [771/782], Loss: 0.30638837814331055
Rank:0 Epoch: [14/40], Step: [781/782], Loss: 0.31608694791793823
Current Test Acc: 0.8278
Rank:0 Epoch: [15/40], Step: [1/782], Loss: 0.5396928191184998
Rank:0 Epoch: [15/40], Step: [11/782], Loss: 0.579206109046936
Rank:0 Epoch: [15/40], Step: [21/782], Loss: 0.5183107852935791
Rank:0 Epoch: [15/40], Step: [31/782], Loss: 0.39929139614105225
Rank:0 Epoch: [15/40], Step: [41/782], Loss: 0.3517816960811615
Rank:0 Epoch: [15/40], Step: [51/782], Loss: 0.4907324016094208
Rank:0 Epoch: [15/40], Step: [61/782], Loss: 0.31872379779815674
Rank:0 Epoch: [15/40], Step: [71/782], Loss: 0.4534609019756317
Rank:0 Epoch: [15/40], Step: [81/782], Loss: 0.5145536065101624
Rank:0 Epoch: [15/40], Step: [91/782], Loss: 0.20649012923240662
Rank:0 Epoch: [15/40], Step: [101/782], Loss: 0.3279295265674591
Rank:0 Epoch: [15/40], Step: [111/782], Loss: 0.34474995732307434
Rank:0 Epoch: [15/40], Step: [121/782], Loss: 0.22460396587848663
Rank:0 Epoch: [15/40], Step: [131/782], Loss: 0.4869193732738495
Rank:0 Epoch: [15/40], Step: [141/782], Loss: 0.4355035722255707
Rank:0 Epoch: [15/40], Step: [151/782], Loss: 0.4836350977420807
Rank:0 Epoch: [15/40], Step: [161/782], Loss: 0.5600187182426453
Rank:0 Epoch: [15/40], Step: [171/782], Loss: 0.29360899329185486
Rank:0 Epoch: [15/40], Step: [181/782], Loss: 0.5039603114128113
Rank:0 Epoch: [15/40], Step: [191/782], Loss: 0.4421350359916687
Rank:0 Epoch: [15/40], Step: [201/782], Loss: 0.45354050397872925
Rank:0 Epoch: [15/40], Step: [211/782], Loss: 0.392423540353775
Rank:0 Epoch: [15/40], Step: [221/782], Loss: 0.38581207394599915
Rank:0 Epoch: [15/40], Step: [231/782], Loss: 0.3251868486404419
Rank:0 Epoch: [15/40], Step: [241/782], Loss: 0.3444332182407379
Rank:0 Epoch: [15/40], Step: [251/782], Loss: 0.47972604632377625
Rank:0 Epoch: [15/40], Step: [261/782], Loss: 0.3313722014427185
Rank:0 Epoch: [15/40], Step: [271/782], Loss: 0.4780295491218567
Rank:0 Epoch: [15/40], Step: [281/782], Loss: 0.3644762635231018
Rank:0 Epoch: [15/40], Step: [291/782], Loss: 0.4318694472312927
Rank:0 Epoch: [15/40], Step: [301/782], Loss: 0.4161587357521057
Rank:0 Epoch: [15/40], Step: [311/782], Loss: 0.27046042680740356
Rank:0 Epoch: [15/40], Step: [321/782], Loss: 0.5062808990478516
Rank:0 Epoch: [15/40], Step: [331/782], Loss: 0.3679966330528259
Rank:0 Epoch: [15/40], Step: [341/782], Loss: 0.42694252729415894
Rank:0 Epoch: [15/40], Step: [351/782], Loss: 0.4864143133163452
Rank:0 Epoch: [15/40], Step: [361/782], Loss: 0.4207826554775238
Rank:0 Epoch: [15/40], Step: [371/782], Loss: 0.36762335896492004
Rank:0 Epoch: [15/40], Step: [381/782], Loss: 0.9305360317230225
Rank:0 Epoch: [15/40], Step: [391/782], Loss: 0.29130861163139343
Rank:0 Epoch: [15/40], Step: [401/782], Loss: 0.41250836849212646
Rank:0 Epoch: [15/40], Step: [411/782], Loss: 0.3821796476840973
Rank:0 Epoch: [15/40], Step: [421/782], Loss: 0.3335078954696655
Rank:0 Epoch: [15/40], Step: [431/782], Loss: 0.5272507071495056
Rank:0 Epoch: [15/40], Step: [441/782], Loss: 0.32461485266685486
Rank:0 Epoch: [15/40], Step: [451/782], Loss: 0.37075623869895935
Rank:0 Epoch: [15/40], Step: [461/782], Loss: 0.43629077076911926
Rank:0 Epoch: [15/40], Step: [471/782], Loss: 0.2787683606147766
Rank:0 Epoch: [15/40], Step: [481/782], Loss: 0.4163670241832733
Rank:0 Epoch: [15/40], Step: [491/782], Loss: 0.48967215418815613
Rank:0 Epoch: [15/40], Step: [501/782], Loss: 0.41127920150756836
Rank:0 Epoch: [15/40], Step: [511/782], Loss: 0.5813282132148743
Rank:0 Epoch: [15/40], Step: [521/782], Loss: 0.320031076669693
Rank:0 Epoch: [15/40], Step: [531/782], Loss: 0.4008849561214447
Rank:0 Epoch: [15/40], Step: [541/782], Loss: 0.48305490612983704
Rank:0 Epoch: [15/40], Step: [551/782], Loss: 0.49817514419555664
Rank:0 Epoch: [15/40], Step: [561/782], Loss: 0.624056339263916
Rank:0 Epoch: [15/40], Step: [571/782], Loss: 0.6423775553703308
Rank:0 Epoch: [15/40], Step: [581/782], Loss: 0.4767158031463623
Rank:0 Epoch: [15/40], Step: [591/782], Loss: 0.37528783082962036
Rank:0 Epoch: [15/40], Step: [601/782], Loss: 0.4952559471130371
Rank:0 Epoch: [15/40], Step: [611/782], Loss: 0.3783861994743347
Rank:0 Epoch: [15/40], Step: [621/782], Loss: 0.48951539397239685
Rank:0 Epoch: [15/40], Step: [631/782], Loss: 0.26737353205680847
Rank:0 Epoch: [15/40], Step: [641/782], Loss: 0.465342253446579
Rank:0 Epoch: [15/40], Step: [651/782], Loss: 0.3057349920272827
Rank:0 Epoch: [15/40], Step: [661/782], Loss: 0.28108635544776917
Rank:0 Epoch: [15/40], Step: [671/782], Loss: 0.1841128170490265
Rank:0 Epoch: [15/40], Step: [681/782], Loss: 0.34788778424263
Rank:0 Epoch: [15/40], Step: [691/782], Loss: 0.5248991250991821
Rank:0 Epoch: [15/40], Step: [701/782], Loss: 0.3143424093723297
Rank:0 Epoch: [15/40], Step: [711/782], Loss: 0.48609504103660583
Rank:0 Epoch: [15/40], Step: [721/782], Loss: 0.4345172047615051
Rank:0 Epoch: [15/40], Step: [731/782], Loss: 0.536142885684967
Rank:0 Epoch: [15/40], Step: [741/782], Loss: 0.7617633938789368
Rank:0 Epoch: [15/40], Step: [751/782], Loss: 0.3718135952949524
Rank:0 Epoch: [15/40], Step: [761/782], Loss: 0.6572807431221008
Rank:0 Epoch: [15/40], Step: [771/782], Loss: 0.5448042154312134
Rank:0 Epoch: [15/40], Step: [781/782], Loss: 0.3317098319530487
Current Test Acc: 0.843
Rank:0 Epoch: [16/40], Step: [1/782], Loss: 0.37037187814712524
Rank:0 Epoch: [16/40], Step: [11/782], Loss: 0.6124477386474609
Rank:0 Epoch: [16/40], Step: [21/782], Loss: 0.46727555990219116
Rank:0 Epoch: [16/40], Step: [31/782], Loss: 0.36533990502357483
Rank:0 Epoch: [16/40], Step: [41/782], Loss: 0.43620869517326355
Rank:0 Epoch: [16/40], Step: [51/782], Loss: 0.2735845446586609
Rank:0 Epoch: [16/40], Step: [61/782], Loss: 0.6890882849693298
Rank:0 Epoch: [16/40], Step: [71/782], Loss: 0.45910876989364624
Rank:0 Epoch: [16/40], Step: [81/782], Loss: 0.34378865361213684
Rank:0 Epoch: [16/40], Step: [91/782], Loss: 0.19295617938041687
Rank:0 Epoch: [16/40], Step: [101/782], Loss: 0.34596216678619385
Rank:0 Epoch: [16/40], Step: [111/782], Loss: 0.414690226316452
Rank:0 Epoch: [16/40], Step: [121/782], Loss: 0.35983413457870483
Rank:0 Epoch: [16/40], Step: [131/782], Loss: 0.3974486291408539
Rank:0 Epoch: [16/40], Step: [141/782], Loss: 0.3693528473377228
Rank:0 Epoch: [16/40], Step: [151/782], Loss: 0.2795046865940094
Rank:0 Epoch: [16/40], Step: [161/782], Loss: 0.4596935212612152
Rank:0 Epoch: [16/40], Step: [171/782], Loss: 0.40856456756591797
Rank:0 Epoch: [16/40], Step: [181/782], Loss: 0.25601595640182495
Rank:0 Epoch: [16/40], Step: [191/782], Loss: 0.36689481139183044
Rank:0 Epoch: [16/40], Step: [201/782], Loss: 0.3820013105869293
Rank:0 Epoch: [16/40], Step: [211/782], Loss: 0.5978103876113892
Rank:0 Epoch: [16/40], Step: [221/782], Loss: 0.2586098909378052
Rank:0 Epoch: [16/40], Step: [231/782], Loss: 0.20192541182041168
Rank:0 Epoch: [16/40], Step: [241/782], Loss: 0.31569913029670715
Rank:0 Epoch: [16/40], Step: [251/782], Loss: 0.30334702134132385
Rank:0 Epoch: [16/40], Step: [261/782], Loss: 0.5188006162643433
Rank:0 Epoch: [16/40], Step: [271/782], Loss: 0.2203308641910553
Rank:0 Epoch: [16/40], Step: [281/782], Loss: 0.5303829312324524
Rank:0 Epoch: [16/40], Step: [291/782], Loss: 0.38033461570739746
Rank:0 Epoch: [16/40], Step: [301/782], Loss: 0.46052074432373047
Rank:0 Epoch: [16/40], Step: [311/782], Loss: 0.49601858854293823
Rank:0 Epoch: [16/40], Step: [321/782], Loss: 0.30064013600349426
Rank:0 Epoch: [16/40], Step: [331/782], Loss: 0.5819675922393799
Rank:0 Epoch: [16/40], Step: [341/782], Loss: 0.4343927204608917
Rank:0 Epoch: [16/40], Step: [351/782], Loss: 0.5450783967971802
Rank:0 Epoch: [16/40], Step: [361/782], Loss: 0.2033962905406952
Rank:0 Epoch: [16/40], Step: [371/782], Loss: 0.37109485268592834
Rank:0 Epoch: [16/40], Step: [381/782], Loss: 0.22456273436546326
Rank:0 Epoch: [16/40], Step: [391/782], Loss: 0.38048771023750305
Rank:0 Epoch: [16/40], Step: [401/782], Loss: 0.3042149245738983
Rank:0 Epoch: [16/40], Step: [411/782], Loss: 0.7571996450424194
Rank:0 Epoch: [16/40], Step: [421/782], Loss: 0.4118962585926056
Rank:0 Epoch: [16/40], Step: [431/782], Loss: 0.5348427891731262
Rank:0 Epoch: [16/40], Step: [441/782], Loss: 0.46444472670555115
Rank:0 Epoch: [16/40], Step: [451/782], Loss: 0.45014235377311707
Rank:0 Epoch: [16/40], Step: [461/782], Loss: 0.417470246553421
Rank:0 Epoch: [16/40], Step: [471/782], Loss: 0.4809413552284241
Rank:0 Epoch: [16/40], Step: [481/782], Loss: 0.3282712996006012
Rank:0 Epoch: [16/40], Step: [491/782], Loss: 0.3252098262310028
Rank:0 Epoch: [16/40], Step: [501/782], Loss: 0.3466685712337494
Rank:0 Epoch: [16/40], Step: [511/782], Loss: 0.2851871848106384
Rank:0 Epoch: [16/40], Step: [521/782], Loss: 0.5093138217926025
Rank:0 Epoch: [16/40], Step: [531/782], Loss: 0.40274304151535034
Rank:0 Epoch: [16/40], Step: [541/782], Loss: 0.3688046336174011
Rank:0 Epoch: [16/40], Step: [551/782], Loss: 0.3413895070552826
Rank:0 Epoch: [16/40], Step: [561/782], Loss: 0.39142945408821106
Rank:0 Epoch: [16/40], Step: [571/782], Loss: 0.27567949891090393
Rank:0 Epoch: [16/40], Step: [581/782], Loss: 0.3942180871963501
Rank:0 Epoch: [16/40], Step: [591/782], Loss: 0.2856349050998688
Rank:0 Epoch: [16/40], Step: [601/782], Loss: 0.507068395614624
Rank:0 Epoch: [16/40], Step: [611/782], Loss: 0.40728285908699036
Rank:0 Epoch: [16/40], Step: [621/782], Loss: 0.5278104543685913
Rank:0 Epoch: [16/40], Step: [631/782], Loss: 0.3077414035797119
Rank:0 Epoch: [16/40], Step: [641/782], Loss: 0.36518722772598267
Rank:0 Epoch: [16/40], Step: [651/782], Loss: 0.36589011549949646
Rank:0 Epoch: [16/40], Step: [661/782], Loss: 0.384385883808136
Rank:0 Epoch: [16/40], Step: [671/782], Loss: 0.33661890029907227
Rank:0 Epoch: [16/40], Step: [681/782], Loss: 0.40617671608924866
Rank:0 Epoch: [16/40], Step: [691/782], Loss: 0.3842453062534332
Rank:0 Epoch: [16/40], Step: [701/782], Loss: 0.324528306722641
Rank:0 Epoch: [16/40], Step: [711/782], Loss: 0.32948291301727295
Rank:0 Epoch: [16/40], Step: [721/782], Loss: 0.7079595327377319
Rank:0 Epoch: [16/40], Step: [731/782], Loss: 0.33619585633277893
Rank:0 Epoch: [16/40], Step: [741/782], Loss: 0.4493042528629303
Rank:0 Epoch: [16/40], Step: [751/782], Loss: 0.46603530645370483
Rank:0 Epoch: [16/40], Step: [761/782], Loss: 0.3818231523036957
Rank:0 Epoch: [16/40], Step: [771/782], Loss: 0.369662880897522
Rank:0 Epoch: [16/40], Step: [781/782], Loss: 0.40786224603652954
Current Test Acc: 0.8389
Rank:0 Epoch: [17/40], Step: [1/782], Loss: 0.23583030700683594
Rank:0 Epoch: [17/40], Step: [11/782], Loss: 0.27936169505119324
Rank:0 Epoch: [17/40], Step: [21/782], Loss: 0.24783802032470703
Rank:0 Epoch: [17/40], Step: [31/782], Loss: 0.3919212818145752
Rank:0 Epoch: [17/40], Step: [41/782], Loss: 0.26211097836494446
Rank:0 Epoch: [17/40], Step: [51/782], Loss: 0.4346446990966797
Rank:0 Epoch: [17/40], Step: [61/782], Loss: 0.562311053276062
Rank:0 Epoch: [17/40], Step: [71/782], Loss: 0.4995343089103699
Rank:0 Epoch: [17/40], Step: [81/782], Loss: 0.29389533400535583
Rank:0 Epoch: [17/40], Step: [91/782], Loss: 0.29601848125457764
Rank:0 Epoch: [17/40], Step: [101/782], Loss: 0.3860807418823242
Rank:0 Epoch: [17/40], Step: [111/782], Loss: 0.40771037340164185
Rank:0 Epoch: [17/40], Step: [121/782], Loss: 0.2924368679523468
Rank:0 Epoch: [17/40], Step: [131/782], Loss: 0.4603053033351898
Rank:0 Epoch: [17/40], Step: [141/782], Loss: 0.5552563071250916
Rank:0 Epoch: [17/40], Step: [151/782], Loss: 0.22481036186218262
Rank:0 Epoch: [17/40], Step: [161/782], Loss: 0.3109653890132904
Rank:0 Epoch: [17/40], Step: [171/782], Loss: 0.7044632434844971
Rank:0 Epoch: [17/40], Step: [181/782], Loss: 0.3956965208053589
Rank:0 Epoch: [17/40], Step: [191/782], Loss: 0.3490128815174103
Rank:0 Epoch: [17/40], Step: [201/782], Loss: 0.43054112792015076
Rank:0 Epoch: [17/40], Step: [211/782], Loss: 0.41079866886138916
Rank:0 Epoch: [17/40], Step: [221/782], Loss: 0.2859446108341217
Rank:0 Epoch: [17/40], Step: [231/782], Loss: 0.2878471910953522
Rank:0 Epoch: [17/40], Step: [241/782], Loss: 0.3058875799179077
Rank:0 Epoch: [17/40], Step: [251/782], Loss: 0.575679361820221
Rank:0 Epoch: [17/40], Step: [261/782], Loss: 0.46524399518966675
Rank:0 Epoch: [17/40], Step: [271/782], Loss: 0.45623764395713806
Rank:0 Epoch: [17/40], Step: [281/782], Loss: 0.19918321073055267
Rank:0 Epoch: [17/40], Step: [291/782], Loss: 0.5725266933441162
Rank:0 Epoch: [17/40], Step: [301/782], Loss: 0.20936982333660126
Rank:0 Epoch: [17/40], Step: [311/782], Loss: 0.32140618562698364
Rank:0 Epoch: [17/40], Step: [321/782], Loss: 0.5956682562828064
Rank:0 Epoch: [17/40], Step: [331/782], Loss: 0.47250303626060486
Rank:0 Epoch: [17/40], Step: [341/782], Loss: 0.3710675835609436
Rank:0 Epoch: [17/40], Step: [351/782], Loss: 0.34181007742881775
Rank:0 Epoch: [17/40], Step: [361/782], Loss: 0.3468678593635559
Rank:0 Epoch: [17/40], Step: [371/782], Loss: 0.2855878472328186
Rank:0 Epoch: [17/40], Step: [381/782], Loss: 0.5419588685035706
Rank:0 Epoch: [17/40], Step: [391/782], Loss: 0.3047294318675995
Rank:0 Epoch: [17/40], Step: [401/782], Loss: 0.3974165618419647
Rank:0 Epoch: [17/40], Step: [411/782], Loss: 0.3912014663219452
Rank:0 Epoch: [17/40], Step: [421/782], Loss: 0.3233630359172821
Rank:0 Epoch: [17/40], Step: [431/782], Loss: 0.33222007751464844
Rank:0 Epoch: [17/40], Step: [441/782], Loss: 0.5234389901161194
Rank:0 Epoch: [17/40], Step: [451/782], Loss: 0.2845221757888794
Rank:0 Epoch: [17/40], Step: [461/782], Loss: 0.3851982057094574
Rank:0 Epoch: [17/40], Step: [471/782], Loss: 0.38010185956954956
Rank:0 Epoch: [17/40], Step: [481/782], Loss: 0.2240610420703888
Rank:0 Epoch: [17/40], Step: [491/782], Loss: 0.36631256341934204
Rank:0 Epoch: [17/40], Step: [501/782], Loss: 0.29176566004753113
Rank:0 Epoch: [17/40], Step: [511/782], Loss: 0.5287419557571411
Rank:0 Epoch: [17/40], Step: [521/782], Loss: 0.3682461678981781
Rank:0 Epoch: [17/40], Step: [531/782], Loss: 0.5435865521430969
Rank:0 Epoch: [17/40], Step: [541/782], Loss: 0.3146531879901886
Rank:0 Epoch: [17/40], Step: [551/782], Loss: 0.3762991726398468
Rank:0 Epoch: [17/40], Step: [561/782], Loss: 0.5367319583892822
Rank:0 Epoch: [17/40], Step: [571/782], Loss: 0.21717999875545502
Rank:0 Epoch: [17/40], Step: [581/782], Loss: 0.4748680591583252
Rank:0 Epoch: [17/40], Step: [591/782], Loss: 0.3601580858230591
Rank:0 Epoch: [17/40], Step: [601/782], Loss: 0.2910562753677368
Rank:0 Epoch: [17/40], Step: [611/782], Loss: 0.41978785395622253
Rank:0 Epoch: [17/40], Step: [621/782], Loss: 0.4007687568664551
Rank:0 Epoch: [17/40], Step: [631/782], Loss: 0.30035772919654846
Rank:0 Epoch: [17/40], Step: [641/782], Loss: 0.24163414537906647
Rank:0 Epoch: [17/40], Step: [651/782], Loss: 0.347513884305954
Rank:0 Epoch: [17/40], Step: [661/782], Loss: 0.4976426362991333
Rank:0 Epoch: [17/40], Step: [671/782], Loss: 0.35143977403640747
Rank:0 Epoch: [17/40], Step: [681/782], Loss: 0.28212273120880127
Rank:0 Epoch: [17/40], Step: [691/782], Loss: 0.3022693991661072
Rank:0 Epoch: [17/40], Step: [701/782], Loss: 0.28085318207740784
Rank:0 Epoch: [17/40], Step: [711/782], Loss: 0.472839891910553
Rank:0 Epoch: [17/40], Step: [721/782], Loss: 0.4790290296077728
Rank:0 Epoch: [17/40], Step: [731/782], Loss: 0.3016921579837799
Rank:0 Epoch: [17/40], Step: [741/782], Loss: 0.39991408586502075
Rank:0 Epoch: [17/40], Step: [751/782], Loss: 0.5753982663154602
Rank:0 Epoch: [17/40], Step: [761/782], Loss: 0.27204757928848267
Rank:0 Epoch: [17/40], Step: [771/782], Loss: 0.41745632886886597
Rank:0 Epoch: [17/40], Step: [781/782], Loss: 0.21362245082855225
Current Test Acc: 0.8305
Rank:0 Epoch: [18/40], Step: [1/782], Loss: 0.18460571765899658
Rank:0 Epoch: [18/40], Step: [11/782], Loss: 0.31692376732826233
Rank:0 Epoch: [18/40], Step: [21/782], Loss: 0.5318886041641235
Rank:0 Epoch: [18/40], Step: [31/782], Loss: 0.30294740200042725
Rank:0 Epoch: [18/40], Step: [41/782], Loss: 0.33336341381073
Rank:0 Epoch: [18/40], Step: [51/782], Loss: 0.2747236490249634
Rank:0 Epoch: [18/40], Step: [61/782], Loss: 0.49540528655052185
Rank:0 Epoch: [18/40], Step: [71/782], Loss: 0.28334206342697144
Rank:0 Epoch: [18/40], Step: [81/782], Loss: 0.39504703879356384
Rank:0 Epoch: [18/40], Step: [91/782], Loss: 0.4939410388469696
Rank:0 Epoch: [18/40], Step: [101/782], Loss: 0.315812349319458
Rank:0 Epoch: [18/40], Step: [111/782], Loss: 0.2760292887687683
Rank:0 Epoch: [18/40], Step: [121/782], Loss: 0.448618620634079
Rank:0 Epoch: [18/40], Step: [131/782], Loss: 0.3383362293243408
Rank:0 Epoch: [18/40], Step: [141/782], Loss: 0.31985682249069214
Rank:0 Epoch: [18/40], Step: [151/782], Loss: 0.3877010643482208
Rank:0 Epoch: [18/40], Step: [161/782], Loss: 0.25233301520347595
Rank:0 Epoch: [18/40], Step: [171/782], Loss: 0.37694135308265686
Rank:0 Epoch: [18/40], Step: [181/782], Loss: 0.26070496439933777
Rank:0 Epoch: [18/40], Step: [191/782], Loss: 0.701392650604248
Rank:0 Epoch: [18/40], Step: [201/782], Loss: 0.38981127738952637
Rank:0 Epoch: [18/40], Step: [211/782], Loss: 0.46063074469566345
Rank:0 Epoch: [18/40], Step: [221/782], Loss: 0.19113941490650177
Rank:0 Epoch: [18/40], Step: [231/782], Loss: 0.3011123239994049
Rank:0 Epoch: [18/40], Step: [241/782], Loss: 0.30184468626976013
Rank:0 Epoch: [18/40], Step: [251/782], Loss: 0.34876033663749695
Rank:0 Epoch: [18/40], Step: [261/782], Loss: 0.6319822072982788
Rank:0 Epoch: [18/40], Step: [271/782], Loss: 0.545699954032898
Rank:0 Epoch: [18/40], Step: [281/782], Loss: 0.31098878383636475
Rank:0 Epoch: [18/40], Step: [291/782], Loss: 0.41660287976264954
Rank:0 Epoch: [18/40], Step: [301/782], Loss: 0.4478704333305359
Rank:0 Epoch: [18/40], Step: [311/782], Loss: 0.496429979801178
Rank:0 Epoch: [18/40], Step: [321/782], Loss: 0.3453913927078247
Rank:0 Epoch: [18/40], Step: [331/782], Loss: 0.44247889518737793
Rank:0 Epoch: [18/40], Step: [341/782], Loss: 0.38027632236480713
Rank:0 Epoch: [18/40], Step: [351/782], Loss: 0.3107471764087677
Rank:0 Epoch: [18/40], Step: [361/782], Loss: 0.5110738277435303
Rank:0 Epoch: [18/40], Step: [371/782], Loss: 0.49604466557502747
Rank:0 Epoch: [18/40], Step: [381/782], Loss: 0.2250654101371765
Rank:0 Epoch: [18/40], Step: [391/782], Loss: 0.3718629777431488
Rank:0 Epoch: [18/40], Step: [401/782], Loss: 0.3864363133907318
Rank:0 Epoch: [18/40], Step: [411/782], Loss: 0.28396886587142944
Rank:0 Epoch: [18/40], Step: [421/782], Loss: 0.25728946924209595
Rank:0 Epoch: [18/40], Step: [431/782], Loss: 0.4639826714992523
Rank:0 Epoch: [18/40], Step: [441/782], Loss: 0.33409860730171204
Rank:0 Epoch: [18/40], Step: [451/782], Loss: 0.30079928040504456
Rank:0 Epoch: [18/40], Step: [461/782], Loss: 0.457256019115448
Rank:0 Epoch: [18/40], Step: [471/782], Loss: 0.3912551999092102
Rank:0 Epoch: [18/40], Step: [481/782], Loss: 0.5304589867591858
Rank:0 Epoch: [18/40], Step: [491/782], Loss: 0.34688934683799744
Rank:0 Epoch: [18/40], Step: [501/782], Loss: 0.47756460309028625
Rank:0 Epoch: [18/40], Step: [511/782], Loss: 0.4435575008392334
Rank:0 Epoch: [18/40], Step: [521/782], Loss: 0.32491958141326904
Rank:0 Epoch: [18/40], Step: [531/782], Loss: 0.5463248491287231
Rank:0 Epoch: [18/40], Step: [541/782], Loss: 0.37895408272743225
Rank:0 Epoch: [18/40], Step: [551/782], Loss: 0.45182251930236816
Rank:0 Epoch: [18/40], Step: [561/782], Loss: 0.47242817282676697
Rank:0 Epoch: [18/40], Step: [571/782], Loss: 0.33801573514938354
Rank:0 Epoch: [18/40], Step: [581/782], Loss: 0.504344642162323
Rank:0 Epoch: [18/40], Step: [591/782], Loss: 0.38195163011550903
Rank:0 Epoch: [18/40], Step: [601/782], Loss: 0.4247293770313263
Rank:0 Epoch: [18/40], Step: [611/782], Loss: 0.6261366605758667
Rank:0 Epoch: [18/40], Step: [621/782], Loss: 0.269951730966568
Rank:0 Epoch: [18/40], Step: [631/782], Loss: 0.4412126839160919
Rank:0 Epoch: [18/40], Step: [641/782], Loss: 0.42049455642700195
Rank:0 Epoch: [18/40], Step: [651/782], Loss: 0.3241459131240845
Rank:0 Epoch: [18/40], Step: [661/782], Loss: 0.6429123878479004
Rank:0 Epoch: [18/40], Step: [671/782], Loss: 0.4406740069389343
Rank:0 Epoch: [18/40], Step: [681/782], Loss: 0.21445214748382568
Rank:0 Epoch: [18/40], Step: [691/782], Loss: 0.7077738046646118
Rank:0 Epoch: [18/40], Step: [701/782], Loss: 0.498883992433548
Rank:0 Epoch: [18/40], Step: [711/782], Loss: 0.46461597084999084
Rank:0 Epoch: [18/40], Step: [721/782], Loss: 0.43226516246795654
Rank:0 Epoch: [18/40], Step: [731/782], Loss: 0.33118894696235657
Rank:0 Epoch: [18/40], Step: [741/782], Loss: 0.3956831097602844
Rank:0 Epoch: [18/40], Step: [751/782], Loss: 0.36925044655799866
Rank:0 Epoch: [18/40], Step: [761/782], Loss: 0.39061880111694336
Rank:0 Epoch: [18/40], Step: [771/782], Loss: 0.2360333651304245
Rank:0 Epoch: [18/40], Step: [781/782], Loss: 0.3913121521472931
Current Test Acc: 0.8195
Rank:0 Epoch: [19/40], Step: [1/782], Loss: 0.44901570677757263
Rank:0 Epoch: [19/40], Step: [11/782], Loss: 0.25254011154174805
Rank:0 Epoch: [19/40], Step: [21/782], Loss: 0.5027850866317749
Rank:0 Epoch: [19/40], Step: [31/782], Loss: 0.26705700159072876
Rank:0 Epoch: [19/40], Step: [41/782], Loss: 0.4297506511211395
Rank:0 Epoch: [19/40], Step: [51/782], Loss: 0.3330570161342621
Rank:0 Epoch: [19/40], Step: [61/782], Loss: 0.5427919030189514
Rank:0 Epoch: [19/40], Step: [71/782], Loss: 0.3259381055831909
Rank:0 Epoch: [19/40], Step: [81/782], Loss: 0.3944550156593323
Rank:0 Epoch: [19/40], Step: [91/782], Loss: 0.7879164814949036
Rank:0 Epoch: [19/40], Step: [101/782], Loss: 0.20166845619678497
Rank:0 Epoch: [19/40], Step: [111/782], Loss: 0.43875929713249207
Rank:0 Epoch: [19/40], Step: [121/782], Loss: 0.535873532295227
Rank:0 Epoch: [19/40], Step: [131/782], Loss: 0.4380389451980591
Rank:0 Epoch: [19/40], Step: [141/782], Loss: 0.3847745656967163
Rank:0 Epoch: [19/40], Step: [151/782], Loss: 0.348073810338974
Rank:0 Epoch: [19/40], Step: [161/782], Loss: 0.31479325890541077
Rank:0 Epoch: [19/40], Step: [171/782], Loss: 0.38383179903030396
Rank:0 Epoch: [19/40], Step: [181/782], Loss: 0.33524373173713684
Rank:0 Epoch: [19/40], Step: [191/782], Loss: 0.47802409529685974
Rank:0 Epoch: [19/40], Step: [201/782], Loss: 0.3969424068927765
Rank:0 Epoch: [19/40], Step: [211/782], Loss: 0.3292635381221771
Rank:0 Epoch: [19/40], Step: [221/782], Loss: 0.4763488471508026
Rank:0 Epoch: [19/40], Step: [231/782], Loss: 0.35050299763679504
Rank:0 Epoch: [19/40], Step: [241/782], Loss: 0.4252323508262634
Rank:0 Epoch: [19/40], Step: [251/782], Loss: 0.4764101207256317
Rank:0 Epoch: [19/40], Step: [261/782], Loss: 0.4861772358417511
Rank:0 Epoch: [19/40], Step: [271/782], Loss: 0.2760275602340698
Rank:0 Epoch: [19/40], Step: [281/782], Loss: 0.43159520626068115
Rank:0 Epoch: [19/40], Step: [291/782], Loss: 0.48198848962783813
Rank:0 Epoch: [19/40], Step: [301/782], Loss: 0.35713064670562744
Rank:0 Epoch: [19/40], Step: [311/782], Loss: 0.43138641119003296
Rank:0 Epoch: [19/40], Step: [321/782], Loss: 0.32188528776168823
Rank:0 Epoch: [19/40], Step: [331/782], Loss: 0.4933827519416809
Rank:0 Epoch: [19/40], Step: [341/782], Loss: 0.4864460229873657
Rank:0 Epoch: [19/40], Step: [351/782], Loss: 0.38655370473861694
Rank:0 Epoch: [19/40], Step: [361/782], Loss: 0.4104069769382477
Rank:0 Epoch: [19/40], Step: [371/782], Loss: 0.3661530613899231
Rank:0 Epoch: [19/40], Step: [381/782], Loss: 0.3057883083820343
Rank:0 Epoch: [19/40], Step: [391/782], Loss: 0.557802140712738
Rank:0 Epoch: [19/40], Step: [401/782], Loss: 0.8019610643386841
Rank:0 Epoch: [19/40], Step: [411/782], Loss: 0.5102487206459045
Rank:0 Epoch: [19/40], Step: [421/782], Loss: 0.3276571035385132
Rank:0 Epoch: [19/40], Step: [431/782], Loss: 0.438850998878479
Rank:0 Epoch: [19/40], Step: [441/782], Loss: 0.3633185029029846
Rank:0 Epoch: [19/40], Step: [451/782], Loss: 0.2855246961116791
Rank:0 Epoch: [19/40], Step: [461/782], Loss: 0.3962678909301758
Rank:0 Epoch: [19/40], Step: [471/782], Loss: 0.23286621272563934
Rank:0 Epoch: [19/40], Step: [481/782], Loss: 0.3637349009513855
Rank:0 Epoch: [19/40], Step: [491/782], Loss: 0.24905169010162354
Rank:0 Epoch: [19/40], Step: [501/782], Loss: 0.408838152885437
Rank:0 Epoch: [19/40], Step: [511/782], Loss: 0.5132485032081604
Rank:0 Epoch: [19/40], Step: [521/782], Loss: 0.4376830756664276
Rank:0 Epoch: [19/40], Step: [531/782], Loss: 0.25583651661872864
Rank:0 Epoch: [19/40], Step: [541/782], Loss: 0.5785605311393738
Rank:0 Epoch: [19/40], Step: [551/782], Loss: 0.36913397908210754
Rank:0 Epoch: [19/40], Step: [561/782], Loss: 0.18425384163856506
Rank:0 Epoch: [19/40], Step: [571/782], Loss: 0.29224416613578796
Rank:0 Epoch: [19/40], Step: [581/782], Loss: 0.4772450029850006
Rank:0 Epoch: [19/40], Step: [591/782], Loss: 0.509830892086029
Rank:0 Epoch: [19/40], Step: [601/782], Loss: 0.4309448003768921
Rank:0 Epoch: [19/40], Step: [611/782], Loss: 0.19974751770496368
Rank:0 Epoch: [19/40], Step: [621/782], Loss: 0.4016510844230652
Rank:0 Epoch: [19/40], Step: [631/782], Loss: 0.37290939688682556
Rank:0 Epoch: [19/40], Step: [641/782], Loss: 0.5739350318908691
Rank:0 Epoch: [19/40], Step: [651/782], Loss: 0.5447714924812317
Rank:0 Epoch: [19/40], Step: [661/782], Loss: 0.368155837059021
Rank:0 Epoch: [19/40], Step: [671/782], Loss: 0.49807533621788025
Rank:0 Epoch: [19/40], Step: [681/782], Loss: 0.35670238733291626
Rank:0 Epoch: [19/40], Step: [691/782], Loss: 0.4052059054374695
Rank:0 Epoch: [19/40], Step: [701/782], Loss: 0.3007048964500427
Rank:0 Epoch: [19/40], Step: [711/782], Loss: 0.4259669780731201
Rank:0 Epoch: [19/40], Step: [721/782], Loss: 0.3351786434650421
Rank:0 Epoch: [19/40], Step: [731/782], Loss: 0.38817405700683594
Rank:0 Epoch: [19/40], Step: [741/782], Loss: 0.3310285806655884
Rank:0 Epoch: [19/40], Step: [751/782], Loss: 0.5264458060264587
Rank:0 Epoch: [19/40], Step: [761/782], Loss: 0.31381064653396606
Rank:0 Epoch: [19/40], Step: [771/782], Loss: 0.2939488887786865
Rank:0 Epoch: [19/40], Step: [781/782], Loss: 0.4396524429321289
Current Test Acc: 0.8167
Rank:0 Epoch: [20/40], Step: [1/782], Loss: 0.24859164655208588
Rank:0 Epoch: [20/40], Step: [11/782], Loss: 0.2839859127998352
Rank:0 Epoch: [20/40], Step: [21/782], Loss: 0.44383111596107483
Rank:0 Epoch: [20/40], Step: [31/782], Loss: 0.24552246928215027
Rank:0 Epoch: [20/40], Step: [41/782], Loss: 0.6354703307151794
Rank:0 Epoch: [20/40], Step: [51/782], Loss: 0.4209612011909485
Rank:0 Epoch: [20/40], Step: [61/782], Loss: 0.3734261095523834
Rank:0 Epoch: [20/40], Step: [71/782], Loss: 0.3721123933792114
Rank:0 Epoch: [20/40], Step: [81/782], Loss: 0.28101882338523865
Rank:0 Epoch: [20/40], Step: [91/782], Loss: 0.279678076505661
Rank:0 Epoch: [20/40], Step: [101/782], Loss: 0.39305585622787476
Rank:0 Epoch: [20/40], Step: [111/782], Loss: 0.39017045497894287
Rank:0 Epoch: [20/40], Step: [121/782], Loss: 0.39046844840049744
Rank:0 Epoch: [20/40], Step: [131/782], Loss: 0.3626191318035126
Rank:0 Epoch: [20/40], Step: [141/782], Loss: 0.44232413172721863
Rank:0 Epoch: [20/40], Step: [151/782], Loss: 0.32729780673980713
Rank:0 Epoch: [20/40], Step: [161/782], Loss: 0.39484307169914246
Rank:0 Epoch: [20/40], Step: [171/782], Loss: 0.4129527509212494
Rank:0 Epoch: [20/40], Step: [181/782], Loss: 0.4266136586666107
Rank:0 Epoch: [20/40], Step: [191/782], Loss: 0.23684312403202057
Rank:0 Epoch: [20/40], Step: [201/782], Loss: 0.262541264295578
Rank:0 Epoch: [20/40], Step: [211/782], Loss: 0.3039596378803253
Rank:0 Epoch: [20/40], Step: [221/782], Loss: 0.2662225365638733
Rank:0 Epoch: [20/40], Step: [231/782], Loss: 0.36583518981933594
Rank:0 Epoch: [20/40], Step: [241/782], Loss: 0.39039453864097595
Rank:0 Epoch: [20/40], Step: [251/782], Loss: 0.49712902307510376
Rank:0 Epoch: [20/40], Step: [261/782], Loss: 0.2611136734485626
Rank:0 Epoch: [20/40], Step: [271/782], Loss: 0.26514333486557007
Rank:0 Epoch: [20/40], Step: [281/782], Loss: 0.6815813183784485
Rank:0 Epoch: [20/40], Step: [291/782], Loss: 0.34125787019729614
Rank:0 Epoch: [20/40], Step: [301/782], Loss: 0.3707667291164398
Rank:0 Epoch: [20/40], Step: [311/782], Loss: 0.33681055903434753
Rank:0 Epoch: [20/40], Step: [321/782], Loss: 0.2942803204059601
Rank:0 Epoch: [20/40], Step: [331/782], Loss: 0.2711489796638489
Rank:0 Epoch: [20/40], Step: [341/782], Loss: 0.3183571696281433
Rank:0 Epoch: [20/40], Step: [351/782], Loss: 0.306341290473938
Rank:0 Epoch: [20/40], Step: [361/782], Loss: 0.3653881251811981
Rank:0 Epoch: [20/40], Step: [371/782], Loss: 0.3209742307662964
Rank:0 Epoch: [20/40], Step: [381/782], Loss: 0.5869311690330505
Rank:0 Epoch: [20/40], Step: [391/782], Loss: 0.3466951549053192
Rank:0 Epoch: [20/40], Step: [401/782], Loss: 0.3857544958591461
Rank:0 Epoch: [20/40], Step: [411/782], Loss: 0.3414207696914673
Rank:0 Epoch: [20/40], Step: [421/782], Loss: 0.29820916056632996
Rank:0 Epoch: [20/40], Step: [431/782], Loss: 0.4056660234928131
Rank:0 Epoch: [20/40], Step: [441/782], Loss: 0.3577309548854828
Rank:0 Epoch: [20/40], Step: [451/782], Loss: 0.44880786538124084
Rank:0 Epoch: [20/40], Step: [461/782], Loss: 0.36020103096961975
Rank:0 Epoch: [20/40], Step: [471/782], Loss: 0.4389885365962982
Rank:0 Epoch: [20/40], Step: [481/782], Loss: 0.4721167981624603
Rank:0 Epoch: [20/40], Step: [491/782], Loss: 0.3656485676765442
Rank:0 Epoch: [20/40], Step: [501/782], Loss: 0.5762965679168701
Rank:0 Epoch: [20/40], Step: [511/782], Loss: 0.24980834126472473
Rank:0 Epoch: [20/40], Step: [521/782], Loss: 0.3201492428779602
Rank:0 Epoch: [20/40], Step: [531/782], Loss: 0.37858614325523376
Rank:0 Epoch: [20/40], Step: [541/782], Loss: 0.1970679759979248
Rank:0 Epoch: [20/40], Step: [551/782], Loss: 0.3761962354183197
Rank:0 Epoch: [20/40], Step: [561/782], Loss: 0.3279121518135071
Rank:0 Epoch: [20/40], Step: [571/782], Loss: 0.3871612250804901
Rank:0 Epoch: [20/40], Step: [581/782], Loss: 0.40461456775665283
Rank:0 Epoch: [20/40], Step: [591/782], Loss: 0.3378969132900238
Rank:0 Epoch: [20/40], Step: [601/782], Loss: 0.5695925354957581
Rank:0 Epoch: [20/40], Step: [611/782], Loss: 0.6666446924209595
Rank:0 Epoch: [20/40], Step: [621/782], Loss: 0.27567681670188904
Rank:0 Epoch: [20/40], Step: [631/782], Loss: 0.5023815631866455
Rank:0 Epoch: [20/40], Step: [641/782], Loss: 0.2588456869125366
Rank:0 Epoch: [20/40], Step: [651/782], Loss: 0.3065733015537262
Rank:0 Epoch: [20/40], Step: [661/782], Loss: 0.2801651358604431
Rank:0 Epoch: [20/40], Step: [671/782], Loss: 0.4928457736968994
Rank:0 Epoch: [20/40], Step: [681/782], Loss: 0.40590792894363403
Rank:0 Epoch: [20/40], Step: [691/782], Loss: 0.48949041962623596
Rank:0 Epoch: [20/40], Step: [701/782], Loss: 0.29536962509155273
Rank:0 Epoch: [20/40], Step: [711/782], Loss: 0.4228874444961548
Rank:0 Epoch: [20/40], Step: [721/782], Loss: 0.3066655099391937
Rank:0 Epoch: [20/40], Step: [731/782], Loss: 0.3511369824409485
Rank:0 Epoch: [20/40], Step: [741/782], Loss: 0.4487708508968353
Rank:0 Epoch: [20/40], Step: [751/782], Loss: 0.4641076624393463
Rank:0 Epoch: [20/40], Step: [761/782], Loss: 0.36232879757881165
Rank:0 Epoch: [20/40], Step: [771/782], Loss: 0.3483976721763611
Rank:0 Epoch: [20/40], Step: [781/782], Loss: 0.24768991768360138
Current Test Acc: 0.831
Rank:0 Epoch: [21/40], Step: [1/782], Loss: 0.34873273968696594
Rank:0 Epoch: [21/40], Step: [11/782], Loss: 0.3668745458126068
Rank:0 Epoch: [21/40], Step: [21/782], Loss: 0.2515711188316345
Rank:0 Epoch: [21/40], Step: [31/782], Loss: 0.29370519518852234
Rank:0 Epoch: [21/40], Step: [41/782], Loss: 0.34028151631355286
Rank:0 Epoch: [21/40], Step: [51/782], Loss: 0.43764519691467285
Rank:0 Epoch: [21/40], Step: [61/782], Loss: 0.33035922050476074
Rank:0 Epoch: [21/40], Step: [71/782], Loss: 0.4652380049228668
Rank:0 Epoch: [21/40], Step: [81/782], Loss: 0.19146504998207092
Rank:0 Epoch: [21/40], Step: [91/782], Loss: 0.22812607884407043
Rank:0 Epoch: [21/40], Step: [101/782], Loss: 0.22898690402507782
Rank:0 Epoch: [21/40], Step: [111/782], Loss: 0.23987075686454773
Rank:0 Epoch: [21/40], Step: [121/782], Loss: 0.2868438959121704
Rank:0 Epoch: [21/40], Step: [131/782], Loss: 0.30796360969543457
Rank:0 Epoch: [21/40], Step: [141/782], Loss: 0.3112282454967499
Rank:0 Epoch: [21/40], Step: [151/782], Loss: 0.30140116810798645
Rank:0 Epoch: [21/40], Step: [161/782], Loss: 0.24678781628608704
Rank:0 Epoch: [21/40], Step: [171/782], Loss: 0.31486618518829346
Rank:0 Epoch: [21/40], Step: [181/782], Loss: 0.18451258540153503
Rank:0 Epoch: [21/40], Step: [191/782], Loss: 0.346485435962677
Rank:0 Epoch: [21/40], Step: [201/782], Loss: 0.2746601402759552
Rank:0 Epoch: [21/40], Step: [211/782], Loss: 0.26963621377944946
Rank:0 Epoch: [21/40], Step: [221/782], Loss: 0.26978203654289246
Rank:0 Epoch: [21/40], Step: [231/782], Loss: 0.3974058926105499
Rank:0 Epoch: [21/40], Step: [241/782], Loss: 0.2891414165496826
Rank:0 Epoch: [21/40], Step: [251/782], Loss: 0.3803441822528839
Rank:0 Epoch: [21/40], Step: [261/782], Loss: 0.27595919370651245
Rank:0 Epoch: [21/40], Step: [271/782], Loss: 0.3899834454059601
Rank:0 Epoch: [21/40], Step: [281/782], Loss: 0.33056455850601196
Rank:0 Epoch: [21/40], Step: [291/782], Loss: 0.19622313976287842
Rank:0 Epoch: [21/40], Step: [301/782], Loss: 0.3788023293018341
Rank:0 Epoch: [21/40], Step: [311/782], Loss: 0.30130431056022644
Rank:0 Epoch: [21/40], Step: [321/782], Loss: 0.285831481218338
Rank:0 Epoch: [21/40], Step: [331/782], Loss: 0.16725903749465942
Rank:0 Epoch: [21/40], Step: [341/782], Loss: 0.24290013313293457
Rank:0 Epoch: [21/40], Step: [351/782], Loss: 0.2392246127128601
Rank:0 Epoch: [21/40], Step: [361/782], Loss: 0.20774057507514954
Rank:0 Epoch: [21/40], Step: [371/782], Loss: 0.27893346548080444
Rank:0 Epoch: [21/40], Step: [381/782], Loss: 0.4913474917411804
Rank:0 Epoch: [21/40], Step: [391/782], Loss: 0.28376537561416626
Rank:0 Epoch: [21/40], Step: [401/782], Loss: 0.23997615277767181
Rank:0 Epoch: [21/40], Step: [411/782], Loss: 0.3197311758995056
Rank:0 Epoch: [21/40], Step: [421/782], Loss: 0.2932368814945221
Rank:0 Epoch: [21/40], Step: [431/782], Loss: 0.31980961561203003
Rank:0 Epoch: [21/40], Step: [441/782], Loss: 0.35734468698501587
Rank:0 Epoch: [21/40], Step: [451/782], Loss: 0.21312125027179718
Rank:0 Epoch: [21/40], Step: [461/782], Loss: 0.23639793694019318
Rank:0 Epoch: [21/40], Step: [471/782], Loss: 0.35946911573410034
Rank:0 Epoch: [21/40], Step: [481/782], Loss: 0.1489289104938507
Rank:0 Epoch: [21/40], Step: [491/782], Loss: 0.3508927822113037
Rank:0 Epoch: [21/40], Step: [501/782], Loss: 0.17864644527435303
Rank:0 Epoch: [21/40], Step: [511/782], Loss: 0.23368647694587708
Rank:0 Epoch: [21/40], Step: [521/782], Loss: 0.35235998034477234
Rank:0 Epoch: [21/40], Step: [531/782], Loss: 0.15140841901302338
Rank:0 Epoch: [21/40], Step: [541/782], Loss: 0.36396071314811707
Rank:0 Epoch: [21/40], Step: [551/782], Loss: 0.3146613538265228
Rank:0 Epoch: [21/40], Step: [561/782], Loss: 0.2604478597640991
Rank:0 Epoch: [21/40], Step: [571/782], Loss: 0.30191484093666077
Rank:0 Epoch: [21/40], Step: [581/782], Loss: 0.29954537749290466
Rank:0 Epoch: [21/40], Step: [591/782], Loss: 0.22070257365703583
Rank:0 Epoch: [21/40], Step: [601/782], Loss: 0.21938909590244293
Rank:0 Epoch: [21/40], Step: [611/782], Loss: 0.23143400251865387
Rank:0 Epoch: [21/40], Step: [621/782], Loss: 0.15953756868839264
Rank:0 Epoch: [21/40], Step: [631/782], Loss: 0.13636305928230286
Rank:0 Epoch: [21/40], Step: [641/782], Loss: 0.18526221811771393
Rank:0 Epoch: [21/40], Step: [651/782], Loss: 0.29110339283943176
Rank:0 Epoch: [21/40], Step: [661/782], Loss: 0.2877438962459564
Rank:0 Epoch: [21/40], Step: [671/782], Loss: 0.2941327691078186
Rank:0 Epoch: [21/40], Step: [681/782], Loss: 0.19635047018527985
Rank:0 Epoch: [21/40], Step: [691/782], Loss: 0.36850032210350037
Rank:0 Epoch: [21/40], Step: [701/782], Loss: 0.31245219707489014
Rank:0 Epoch: [21/40], Step: [711/782], Loss: 0.17583897709846497
Rank:0 Epoch: [21/40], Step: [721/782], Loss: 0.17362052202224731
Rank:0 Epoch: [21/40], Step: [731/782], Loss: 0.30204567313194275
Rank:0 Epoch: [21/40], Step: [741/782], Loss: 0.13402803242206573
Rank:0 Epoch: [21/40], Step: [751/782], Loss: 0.31926000118255615
Rank:0 Epoch: [21/40], Step: [761/782], Loss: 0.314593106508255
Rank:0 Epoch: [21/40], Step: [771/782], Loss: 0.2177099585533142
Rank:0 Epoch: [21/40], Step: [781/782], Loss: 0.28023186326026917
Current Test Acc: 0.8891
Rank:0 Epoch: [22/40], Step: [1/782], Loss: 0.33826902508735657
Rank:0 Epoch: [22/40], Step: [11/782], Loss: 0.22273658215999603
Rank:0 Epoch: [22/40], Step: [21/782], Loss: 0.13852941989898682
Rank:0 Epoch: [22/40], Step: [31/782], Loss: 0.330196738243103
Rank:0 Epoch: [22/40], Step: [41/782], Loss: 0.24721945822238922
Rank:0 Epoch: [22/40], Step: [51/782], Loss: 0.252556174993515
Rank:0 Epoch: [22/40], Step: [61/782], Loss: 0.19808603823184967
Rank:0 Epoch: [22/40], Step: [71/782], Loss: 0.4247879087924957
Rank:0 Epoch: [22/40], Step: [81/782], Loss: 0.25788190960884094
Rank:0 Epoch: [22/40], Step: [91/782], Loss: 0.2355712503194809
Rank:0 Epoch: [22/40], Step: [101/782], Loss: 0.22268494963645935
Rank:0 Epoch: [22/40], Step: [111/782], Loss: 0.22090202569961548
Rank:0 Epoch: [22/40], Step: [121/782], Loss: 0.13938288390636444
Rank:0 Epoch: [22/40], Step: [131/782], Loss: 0.17932018637657166
Rank:0 Epoch: [22/40], Step: [141/782], Loss: 0.3147523105144501
Rank:0 Epoch: [22/40], Step: [151/782], Loss: 0.29481229186058044
Rank:0 Epoch: [22/40], Step: [161/782], Loss: 0.20723646879196167
Rank:0 Epoch: [22/40], Step: [171/782], Loss: 0.23125608265399933
Rank:0 Epoch: [22/40], Step: [181/782], Loss: 0.20364558696746826
Rank:0 Epoch: [22/40], Step: [191/782], Loss: 0.2598235607147217
Rank:0 Epoch: [22/40], Step: [201/782], Loss: 0.290680855512619
Rank:0 Epoch: [22/40], Step: [211/782], Loss: 0.3578558564186096
Rank:0 Epoch: [22/40], Step: [221/782], Loss: 0.171633780002594
Rank:0 Epoch: [22/40], Step: [231/782], Loss: 0.25504517555236816
Rank:0 Epoch: [22/40], Step: [241/782], Loss: 0.27546563744544983
Rank:0 Epoch: [22/40], Step: [251/782], Loss: 0.1654464453458786
Rank:0 Epoch: [22/40], Step: [261/782], Loss: 0.22510641813278198
Rank:0 Epoch: [22/40], Step: [271/782], Loss: 0.3015786409378052
Rank:0 Epoch: [22/40], Step: [281/782], Loss: 0.34165117144584656
Rank:0 Epoch: [22/40], Step: [291/782], Loss: 0.21171920001506805
Rank:0 Epoch: [22/40], Step: [301/782], Loss: 0.2695305645465851
Rank:0 Epoch: [22/40], Step: [311/782], Loss: 0.23649631440639496
Rank:0 Epoch: [22/40], Step: [321/782], Loss: 0.4518050253391266
Rank:0 Epoch: [22/40], Step: [331/782], Loss: 0.28597360849380493
Rank:0 Epoch: [22/40], Step: [341/782], Loss: 0.21384398639202118
Rank:0 Epoch: [22/40], Step: [351/782], Loss: 0.18486343324184418
Rank:0 Epoch: [22/40], Step: [361/782], Loss: 0.19449932873249054
Rank:0 Epoch: [22/40], Step: [371/782], Loss: 0.17384789884090424
Rank:0 Epoch: [22/40], Step: [381/782], Loss: 0.26136383414268494
Rank:0 Epoch: [22/40], Step: [391/782], Loss: 0.4061621427536011
Rank:0 Epoch: [22/40], Step: [401/782], Loss: 0.1533883810043335
Rank:0 Epoch: [22/40], Step: [411/782], Loss: 0.2213485985994339
Rank:0 Epoch: [22/40], Step: [421/782], Loss: 0.2206392139196396
Rank:0 Epoch: [22/40], Step: [431/782], Loss: 0.3752496838569641
Rank:0 Epoch: [22/40], Step: [441/782], Loss: 0.3589291572570801
Rank:0 Epoch: [22/40], Step: [451/782], Loss: 0.2415475845336914
Rank:0 Epoch: [22/40], Step: [461/782], Loss: 0.2748766839504242
Rank:0 Epoch: [22/40], Step: [471/782], Loss: 0.40160322189331055
Rank:0 Epoch: [22/40], Step: [481/782], Loss: 0.27352699637413025
Rank:0 Epoch: [22/40], Step: [491/782], Loss: 0.2918369770050049
Rank:0 Epoch: [22/40], Step: [501/782], Loss: 0.23912861943244934
Rank:0 Epoch: [22/40], Step: [511/782], Loss: 0.2004518359899521
Rank:0 Epoch: [22/40], Step: [521/782], Loss: 0.3144485652446747
Rank:0 Epoch: [22/40], Step: [531/782], Loss: 0.352848619222641
Rank:0 Epoch: [22/40], Step: [541/782], Loss: 0.2698768973350525
Rank:0 Epoch: [22/40], Step: [551/782], Loss: 0.33212810754776
Rank:0 Epoch: [22/40], Step: [561/782], Loss: 0.36373254656791687
Rank:0 Epoch: [22/40], Step: [571/782], Loss: 0.22704638540744781
Rank:0 Epoch: [22/40], Step: [581/782], Loss: 0.443631112575531
Rank:0 Epoch: [22/40], Step: [591/782], Loss: 0.44411513209342957
Rank:0 Epoch: [22/40], Step: [601/782], Loss: 0.2672634422779083
Rank:0 Epoch: [22/40], Step: [611/782], Loss: 0.1280144304037094
Rank:0 Epoch: [22/40], Step: [621/782], Loss: 0.20999030768871307
Rank:0 Epoch: [22/40], Step: [631/782], Loss: 0.2292833775281906
Rank:0 Epoch: [22/40], Step: [641/782], Loss: 0.18617771565914154
Rank:0 Epoch: [22/40], Step: [651/782], Loss: 0.18076951801776886
Rank:0 Epoch: [22/40], Step: [661/782], Loss: 0.12686651945114136
Rank:0 Epoch: [22/40], Step: [671/782], Loss: 0.22948472201824188
Rank:0 Epoch: [22/40], Step: [681/782], Loss: 0.18330726027488708
Rank:0 Epoch: [22/40], Step: [691/782], Loss: 0.30118072032928467
Rank:0 Epoch: [22/40], Step: [701/782], Loss: 0.20472414791584015
Rank:0 Epoch: [22/40], Step: [711/782], Loss: 0.322226345539093
Rank:0 Epoch: [22/40], Step: [721/782], Loss: 0.2629370093345642
Rank:0 Epoch: [22/40], Step: [731/782], Loss: 0.29391130805015564
Rank:0 Epoch: [22/40], Step: [741/782], Loss: 0.17258386313915253
Rank:0 Epoch: [22/40], Step: [751/782], Loss: 0.29905152320861816
Rank:0 Epoch: [22/40], Step: [761/782], Loss: 0.38568148016929626
Rank:0 Epoch: [22/40], Step: [771/782], Loss: 0.3707888722419739
Rank:0 Epoch: [22/40], Step: [781/782], Loss: 0.2390211522579193
Current Test Acc: 0.8913
Rank:0 Epoch: [23/40], Step: [1/782], Loss: 0.30290883779525757
Rank:0 Epoch: [23/40], Step: [11/782], Loss: 0.18165911734104156
Rank:0 Epoch: [23/40], Step: [21/782], Loss: 0.2333262860774994
Rank:0 Epoch: [23/40], Step: [31/782], Loss: 0.283889502286911
Rank:0 Epoch: [23/40], Step: [41/782], Loss: 0.2096402496099472
Rank:0 Epoch: [23/40], Step: [51/782], Loss: 0.22858087718486786
Rank:0 Epoch: [23/40], Step: [61/782], Loss: 0.19890019297599792
Rank:0 Epoch: [23/40], Step: [71/782], Loss: 0.3048641085624695
Rank:0 Epoch: [23/40], Step: [81/782], Loss: 0.2702255845069885
Rank:0 Epoch: [23/40], Step: [91/782], Loss: 0.2772827446460724
Rank:0 Epoch: [23/40], Step: [101/782], Loss: 0.20459647476673126
Rank:0 Epoch: [23/40], Step: [111/782], Loss: 0.10269065946340561
Rank:0 Epoch: [23/40], Step: [121/782], Loss: 0.21396999061107635
Rank:0 Epoch: [23/40], Step: [131/782], Loss: 0.23395030200481415
Rank:0 Epoch: [23/40], Step: [141/782], Loss: 0.26602914929389954
Rank:0 Epoch: [23/40], Step: [151/782], Loss: 0.18488766252994537
Rank:0 Epoch: [23/40], Step: [161/782], Loss: 0.32492080330848694
Rank:0 Epoch: [23/40], Step: [171/782], Loss: 0.31954577565193176
Rank:0 Epoch: [23/40], Step: [181/782], Loss: 0.26030510663986206
Rank:0 Epoch: [23/40], Step: [191/782], Loss: 0.22057895362377167
Rank:0 Epoch: [23/40], Step: [201/782], Loss: 0.23099066317081451
Rank:0 Epoch: [23/40], Step: [211/782], Loss: 0.2087971717119217
Rank:0 Epoch: [23/40], Step: [221/782], Loss: 0.2675938904285431
Rank:0 Epoch: [23/40], Step: [231/782], Loss: 0.2044452279806137
Rank:0 Epoch: [23/40], Step: [241/782], Loss: 0.15421001613140106
Rank:0 Epoch: [23/40], Step: [251/782], Loss: 0.23126299679279327
Rank:0 Epoch: [23/40], Step: [261/782], Loss: 0.35664379596710205
Rank:0 Epoch: [23/40], Step: [271/782], Loss: 0.1940707117319107
Rank:0 Epoch: [23/40], Step: [281/782], Loss: 0.1384643018245697
Rank:0 Epoch: [23/40], Step: [291/782], Loss: 0.1925245076417923
Rank:0 Epoch: [23/40], Step: [301/782], Loss: 0.3088306188583374
Rank:0 Epoch: [23/40], Step: [311/782], Loss: 0.20423062145709991
Rank:0 Epoch: [23/40], Step: [321/782], Loss: 0.2154640406370163
Rank:0 Epoch: [23/40], Step: [331/782], Loss: 0.10104849934577942
Rank:0 Epoch: [23/40], Step: [341/782], Loss: 0.3750009536743164
Rank:0 Epoch: [23/40], Step: [351/782], Loss: 0.24789093434810638
Rank:0 Epoch: [23/40], Step: [361/782], Loss: 0.23533809185028076
Rank:0 Epoch: [23/40], Step: [371/782], Loss: 0.3376798927783966
Rank:0 Epoch: [23/40], Step: [381/782], Loss: 0.23039808869361877
Rank:0 Epoch: [23/40], Step: [391/782], Loss: 0.2024030089378357
Rank:0 Epoch: [23/40], Step: [401/782], Loss: 0.15566053986549377
Rank:0 Epoch: [23/40], Step: [411/782], Loss: 0.2312772274017334
Rank:0 Epoch: [23/40], Step: [421/782], Loss: 0.1907798796892166
Rank:0 Epoch: [23/40], Step: [431/782], Loss: 0.23445011675357819
Rank:0 Epoch: [23/40], Step: [441/782], Loss: 0.272176593542099
Rank:0 Epoch: [23/40], Step: [451/782], Loss: 0.19060207903385162
Rank:0 Epoch: [23/40], Step: [461/782], Loss: 0.08484407514333725
Rank:0 Epoch: [23/40], Step: [471/782], Loss: 0.43823209404945374
Rank:0 Epoch: [23/40], Step: [481/782], Loss: 0.18806709349155426
Rank:0 Epoch: [23/40], Step: [491/782], Loss: 0.2070612758398056
Rank:0 Epoch: [23/40], Step: [501/782], Loss: 0.3663213849067688
Rank:0 Epoch: [23/40], Step: [511/782], Loss: 0.14332856237888336
Rank:0 Epoch: [23/40], Step: [521/782], Loss: 0.4195259213447571
Rank:0 Epoch: [23/40], Step: [531/782], Loss: 0.3764159381389618
Rank:0 Epoch: [23/40], Step: [541/782], Loss: 0.1492796242237091
Rank:0 Epoch: [23/40], Step: [551/782], Loss: 0.25930070877075195
Rank:0 Epoch: [23/40], Step: [561/782], Loss: 0.168808251619339
Rank:0 Epoch: [23/40], Step: [571/782], Loss: 0.22872552275657654
Rank:0 Epoch: [23/40], Step: [581/782], Loss: 0.18681123852729797
Rank:0 Epoch: [23/40], Step: [591/782], Loss: 0.30229106545448303
Rank:0 Epoch: [23/40], Step: [601/782], Loss: 0.36202049255371094
Rank:0 Epoch: [23/40], Step: [611/782], Loss: 0.3053111135959625
Rank:0 Epoch: [23/40], Step: [621/782], Loss: 0.1865403801202774
Rank:0 Epoch: [23/40], Step: [631/782], Loss: 0.25745394825935364
Rank:0 Epoch: [23/40], Step: [641/782], Loss: 0.1514679342508316
Rank:0 Epoch: [23/40], Step: [651/782], Loss: 0.24765759706497192
Rank:0 Epoch: [23/40], Step: [661/782], Loss: 0.20772655308246613
Rank:0 Epoch: [23/40], Step: [671/782], Loss: 0.1870804727077484
Rank:0 Epoch: [23/40], Step: [681/782], Loss: 0.19273988902568817
Rank:0 Epoch: [23/40], Step: [691/782], Loss: 0.22435149550437927
Rank:0 Epoch: [23/40], Step: [701/782], Loss: 0.2799905836582184
Rank:0 Epoch: [23/40], Step: [711/782], Loss: 0.5145972371101379
Rank:0 Epoch: [23/40], Step: [721/782], Loss: 0.20242621004581451
Rank:0 Epoch: [23/40], Step: [731/782], Loss: 0.13368627429008484
Rank:0 Epoch: [23/40], Step: [741/782], Loss: 0.344595342874527
Rank:0 Epoch: [23/40], Step: [751/782], Loss: 0.2562761902809143
Rank:0 Epoch: [23/40], Step: [761/782], Loss: 0.1959410011768341
Rank:0 Epoch: [23/40], Step: [771/782], Loss: 0.19336000084877014
Rank:0 Epoch: [23/40], Step: [781/782], Loss: 0.18776002526283264
Current Test Acc: 0.8944
Rank:0 Epoch: [24/40], Step: [1/782], Loss: 0.22380031645298004
Rank:0 Epoch: [24/40], Step: [11/782], Loss: 0.29602813720703125
Rank:0 Epoch: [24/40], Step: [21/782], Loss: 0.3267664909362793
Rank:0 Epoch: [24/40], Step: [31/782], Loss: 0.1556461751461029
Rank:0 Epoch: [24/40], Step: [41/782], Loss: 0.14087346196174622
Rank:0 Epoch: [24/40], Step: [51/782], Loss: 0.1722918450832367
Rank:0 Epoch: [24/40], Step: [61/782], Loss: 0.14533503353595734
Rank:0 Epoch: [24/40], Step: [71/782], Loss: 0.24672019481658936
Rank:0 Epoch: [24/40], Step: [81/782], Loss: 0.38159629702568054
Rank:0 Epoch: [24/40], Step: [91/782], Loss: 0.20287883281707764
Rank:0 Epoch: [24/40], Step: [101/782], Loss: 0.32975125312805176
Rank:0 Epoch: [24/40], Step: [111/782], Loss: 0.23621311783790588
Rank:0 Epoch: [24/40], Step: [121/782], Loss: 0.2102685272693634
Rank:0 Epoch: [24/40], Step: [131/782], Loss: 0.1390332579612732
Rank:0 Epoch: [24/40], Step: [141/782], Loss: 0.1852024495601654
Rank:0 Epoch: [24/40], Step: [151/782], Loss: 0.37471041083335876
Rank:0 Epoch: [24/40], Step: [161/782], Loss: 0.20186617970466614
Rank:0 Epoch: [24/40], Step: [171/782], Loss: 0.2701752483844757
Rank:0 Epoch: [24/40], Step: [181/782], Loss: 0.2969481348991394
Rank:0 Epoch: [24/40], Step: [191/782], Loss: 0.2406979501247406
Rank:0 Epoch: [24/40], Step: [201/782], Loss: 0.21119795739650726
Rank:0 Epoch: [24/40], Step: [211/782], Loss: 0.276933491230011
Rank:0 Epoch: [24/40], Step: [221/782], Loss: 0.22867219150066376
Rank:0 Epoch: [24/40], Step: [231/782], Loss: 0.2143975794315338
Rank:0 Epoch: [24/40], Step: [241/782], Loss: 0.12956823408603668
Rank:0 Epoch: [24/40], Step: [251/782], Loss: 0.1829802542924881
Rank:0 Epoch: [24/40], Step: [261/782], Loss: 0.2260560244321823
Rank:0 Epoch: [24/40], Step: [271/782], Loss: 0.16294099390506744
Rank:0 Epoch: [24/40], Step: [281/782], Loss: 0.1929807811975479
Rank:0 Epoch: [24/40], Step: [291/782], Loss: 0.2624027132987976
Rank:0 Epoch: [24/40], Step: [301/782], Loss: 0.20669865608215332
Rank:0 Epoch: [24/40], Step: [311/782], Loss: 0.20357684791088104
Rank:0 Epoch: [24/40], Step: [321/782], Loss: 0.23572944104671478
Rank:0 Epoch: [24/40], Step: [331/782], Loss: 0.21512877941131592
Rank:0 Epoch: [24/40], Step: [341/782], Loss: 0.20934155583381653
Rank:0 Epoch: [24/40], Step: [351/782], Loss: 0.20123963057994843
Rank:0 Epoch: [24/40], Step: [361/782], Loss: 0.21153853833675385
Rank:0 Epoch: [24/40], Step: [371/782], Loss: 0.19472737610340118
Rank:0 Epoch: [24/40], Step: [381/782], Loss: 0.20026853680610657
Rank:0 Epoch: [24/40], Step: [391/782], Loss: 0.21413597464561462
Rank:0 Epoch: [24/40], Step: [401/782], Loss: 0.1422315090894699
Rank:0 Epoch: [24/40], Step: [411/782], Loss: 0.31324300169944763
Rank:0 Epoch: [24/40], Step: [421/782], Loss: 0.31210169196128845
Rank:0 Epoch: [24/40], Step: [431/782], Loss: 0.3065831661224365
Rank:0 Epoch: [24/40], Step: [441/782], Loss: 0.19445128738880157
Rank:0 Epoch: [24/40], Step: [451/782], Loss: 0.1455424427986145
Rank:0 Epoch: [24/40], Step: [461/782], Loss: 0.22253231704235077
Rank:0 Epoch: [24/40], Step: [471/782], Loss: 0.27968212962150574
Rank:0 Epoch: [24/40], Step: [481/782], Loss: 0.42472952604293823
Rank:0 Epoch: [24/40], Step: [491/782], Loss: 0.3065495193004608
Rank:0 Epoch: [24/40], Step: [501/782], Loss: 0.21835684776306152
Rank:0 Epoch: [24/40], Step: [511/782], Loss: 0.28363245725631714
Rank:0 Epoch: [24/40], Step: [521/782], Loss: 0.23172546923160553
Rank:0 Epoch: [24/40], Step: [531/782], Loss: 0.1921509951353073
Rank:0 Epoch: [24/40], Step: [541/782], Loss: 0.13745959103107452
Rank:0 Epoch: [24/40], Step: [551/782], Loss: 0.11040211468935013
Rank:0 Epoch: [24/40], Step: [561/782], Loss: 0.1601567268371582
Rank:0 Epoch: [24/40], Step: [571/782], Loss: 0.17308232188224792
Rank:0 Epoch: [24/40], Step: [581/782], Loss: 0.19528575241565704
Rank:0 Epoch: [24/40], Step: [591/782], Loss: 0.19167926907539368
Rank:0 Epoch: [24/40], Step: [601/782], Loss: 0.23401111364364624
Rank:0 Epoch: [24/40], Step: [611/782], Loss: 0.2623036205768585
Rank:0 Epoch: [24/40], Step: [621/782], Loss: 0.13835662603378296
Rank:0 Epoch: [24/40], Step: [631/782], Loss: 0.2640233039855957
Rank:0 Epoch: [24/40], Step: [641/782], Loss: 0.18131303787231445
Rank:0 Epoch: [24/40], Step: [651/782], Loss: 0.31797435879707336
Rank:0 Epoch: [24/40], Step: [661/782], Loss: 0.12151448428630829
Rank:0 Epoch: [24/40], Step: [671/782], Loss: 0.14146387577056885
Rank:0 Epoch: [24/40], Step: [681/782], Loss: 0.10803230106830597
Rank:0 Epoch: [24/40], Step: [691/782], Loss: 0.24610264599323273
Rank:0 Epoch: [24/40], Step: [701/782], Loss: 0.3005489706993103
Rank:0 Epoch: [24/40], Step: [711/782], Loss: 0.29904815554618835
Rank:0 Epoch: [24/40], Step: [721/782], Loss: 0.1137416660785675
Rank:0 Epoch: [24/40], Step: [731/782], Loss: 0.27521660923957825
Rank:0 Epoch: [24/40], Step: [741/782], Loss: 0.24690599739551544
Rank:0 Epoch: [24/40], Step: [751/782], Loss: 0.29228144884109497
Rank:0 Epoch: [24/40], Step: [761/782], Loss: 0.30729714035987854
Rank:0 Epoch: [24/40], Step: [771/782], Loss: 0.19457009434700012
Rank:0 Epoch: [24/40], Step: [781/782], Loss: 0.18618075549602509
Current Test Acc: 0.8937
Rank:0 Epoch: [25/40], Step: [1/782], Loss: 0.19630326330661774
Rank:0 Epoch: [25/40], Step: [11/782], Loss: 0.1531141996383667
Rank:0 Epoch: [25/40], Step: [21/782], Loss: 0.09922919422388077
Rank:0 Epoch: [25/40], Step: [31/782], Loss: 0.07601295411586761
Rank:0 Epoch: [25/40], Step: [41/782], Loss: 0.2379423826932907
Rank:0 Epoch: [25/40], Step: [51/782], Loss: 0.14380323886871338
Rank:0 Epoch: [25/40], Step: [61/782], Loss: 0.2499515861272812
Rank:0 Epoch: [25/40], Step: [71/782], Loss: 0.17155452072620392
Rank:0 Epoch: [25/40], Step: [81/782], Loss: 0.20432054996490479
Rank:0 Epoch: [25/40], Step: [91/782], Loss: 0.3160020411014557
Rank:0 Epoch: [25/40], Step: [101/782], Loss: 0.27010199427604675
Rank:0 Epoch: [25/40], Step: [111/782], Loss: 0.2918860614299774
Rank:0 Epoch: [25/40], Step: [121/782], Loss: 0.14579002559185028
Rank:0 Epoch: [25/40], Step: [131/782], Loss: 0.1628386527299881
Rank:0 Epoch: [25/40], Step: [141/782], Loss: 0.2793719172477722
Rank:0 Epoch: [25/40], Step: [151/782], Loss: 0.18559063971042633
Rank:0 Epoch: [25/40], Step: [161/782], Loss: 0.06293710321187973
Rank:0 Epoch: [25/40], Step: [171/782], Loss: 0.16861189901828766
Rank:0 Epoch: [25/40], Step: [181/782], Loss: 0.1651284098625183
Rank:0 Epoch: [25/40], Step: [191/782], Loss: 0.17383964359760284
Rank:0 Epoch: [25/40], Step: [201/782], Loss: 0.21570192277431488
Rank:0 Epoch: [25/40], Step: [211/782], Loss: 0.20730821788311005
Rank:0 Epoch: [25/40], Step: [221/782], Loss: 0.2541794180870056
Rank:0 Epoch: [25/40], Step: [231/782], Loss: 0.28852543234825134
Rank:0 Epoch: [25/40], Step: [241/782], Loss: 0.12903398275375366
Rank:0 Epoch: [25/40], Step: [251/782], Loss: 0.16659323871135712
Rank:0 Epoch: [25/40], Step: [261/782], Loss: 0.19496063888072968
Rank:0 Epoch: [25/40], Step: [271/782], Loss: 0.17570888996124268
Rank:0 Epoch: [25/40], Step: [281/782], Loss: 0.08211463689804077
Rank:0 Epoch: [25/40], Step: [291/782], Loss: 0.10614785552024841
Rank:0 Epoch: [25/40], Step: [301/782], Loss: 0.34294411540031433
Rank:0 Epoch: [25/40], Step: [311/782], Loss: 0.528618574142456
Rank:0 Epoch: [25/40], Step: [321/782], Loss: 0.22042419016361237
Rank:0 Epoch: [25/40], Step: [331/782], Loss: 0.19950364530086517
Rank:0 Epoch: [25/40], Step: [341/782], Loss: 0.1857263743877411
Rank:0 Epoch: [25/40], Step: [351/782], Loss: 0.21474994719028473
Rank:0 Epoch: [25/40], Step: [361/782], Loss: 0.2514176666736603
Rank:0 Epoch: [25/40], Step: [371/782], Loss: 0.24471621215343475
Rank:0 Epoch: [25/40], Step: [381/782], Loss: 0.22217011451721191
Rank:0 Epoch: [25/40], Step: [391/782], Loss: 0.17225702106952667
Rank:0 Epoch: [25/40], Step: [401/782], Loss: 0.2434883713722229
Rank:0 Epoch: [25/40], Step: [411/782], Loss: 0.16981109976768494
Rank:0 Epoch: [25/40], Step: [421/782], Loss: 0.12505784630775452
Rank:0 Epoch: [25/40], Step: [431/782], Loss: 0.13797029852867126
Rank:0 Epoch: [25/40], Step: [441/782], Loss: 0.13889065384864807
Rank:0 Epoch: [25/40], Step: [451/782], Loss: 0.1627463549375534
Rank:0 Epoch: [25/40], Step: [461/782], Loss: 0.08951929956674576
Rank:0 Epoch: [25/40], Step: [471/782], Loss: 0.2728255093097687
Rank:0 Epoch: [25/40], Step: [481/782], Loss: 0.15136785805225372
Rank:0 Epoch: [25/40], Step: [491/782], Loss: 0.22323213517665863
Rank:0 Epoch: [25/40], Step: [501/782], Loss: 0.1564355343580246
Rank:0 Epoch: [25/40], Step: [511/782], Loss: 0.19397935271263123
Rank:0 Epoch: [25/40], Step: [521/782], Loss: 0.16108910739421844
Rank:0 Epoch: [25/40], Step: [531/782], Loss: 0.29456979036331177
Rank:0 Epoch: [25/40], Step: [541/782], Loss: 0.2635856866836548
Rank:0 Epoch: [25/40], Step: [551/782], Loss: 0.25792795419692993
Rank:0 Epoch: [25/40], Step: [561/782], Loss: 0.2429322898387909
Rank:0 Epoch: [25/40], Step: [571/782], Loss: 0.3203755021095276
Rank:0 Epoch: [25/40], Step: [581/782], Loss: 0.2091926485300064
Rank:0 Epoch: [25/40], Step: [591/782], Loss: 0.13460327684879303
Rank:0 Epoch: [25/40], Step: [601/782], Loss: 0.20648011565208435
Rank:0 Epoch: [25/40], Step: [611/782], Loss: 0.3502352237701416
Rank:0 Epoch: [25/40], Step: [621/782], Loss: 0.317057728767395
Rank:0 Epoch: [25/40], Step: [631/782], Loss: 0.2032862901687622
Rank:0 Epoch: [25/40], Step: [641/782], Loss: 0.26050761342048645
Rank:0 Epoch: [25/40], Step: [651/782], Loss: 0.2614425718784332
Rank:0 Epoch: [25/40], Step: [661/782], Loss: 0.2886563539505005
Rank:0 Epoch: [25/40], Step: [671/782], Loss: 0.36594337224960327
Rank:0 Epoch: [25/40], Step: [681/782], Loss: 0.2549813389778137
Rank:0 Epoch: [25/40], Step: [691/782], Loss: 0.230178564786911
Rank:0 Epoch: [25/40], Step: [701/782], Loss: 0.191989004611969
Rank:0 Epoch: [25/40], Step: [711/782], Loss: 0.2918210029602051
Rank:0 Epoch: [25/40], Step: [721/782], Loss: 0.254840224981308
Rank:0 Epoch: [25/40], Step: [731/782], Loss: 0.28962570428848267
Rank:0 Epoch: [25/40], Step: [741/782], Loss: 0.14370791614055634
Rank:0 Epoch: [25/40], Step: [751/782], Loss: 0.21667669713497162
Rank:0 Epoch: [25/40], Step: [761/782], Loss: 0.31375059485435486
Rank:0 Epoch: [25/40], Step: [771/782], Loss: 0.2847280204296112
Rank:0 Epoch: [25/40], Step: [781/782], Loss: 0.3894761800765991
Current Test Acc: 0.8969
Rank:0 Epoch: [26/40], Step: [1/782], Loss: 0.19627848267555237
Rank:0 Epoch: [26/40], Step: [11/782], Loss: 0.2761783301830292
Rank:0 Epoch: [26/40], Step: [21/782], Loss: 0.2273314744234085
Rank:0 Epoch: [26/40], Step: [31/782], Loss: 0.2167762964963913
Rank:0 Epoch: [26/40], Step: [41/782], Loss: 0.1499698907136917
Rank:0 Epoch: [26/40], Step: [51/782], Loss: 0.16011039912700653
Rank:0 Epoch: [26/40], Step: [61/782], Loss: 0.27587953209877014
Rank:0 Epoch: [26/40], Step: [71/782], Loss: 0.12657104432582855
Rank:0 Epoch: [26/40], Step: [81/782], Loss: 0.1651497334241867
Rank:0 Epoch: [26/40], Step: [91/782], Loss: 0.12475783377885818
Rank:0 Epoch: [26/40], Step: [101/782], Loss: 0.15230992436408997
Rank:0 Epoch: [26/40], Step: [111/782], Loss: 0.3587299883365631
Rank:0 Epoch: [26/40], Step: [121/782], Loss: 0.2596861720085144
Rank:0 Epoch: [26/40], Step: [131/782], Loss: 0.13990096747875214
Rank:0 Epoch: [26/40], Step: [141/782], Loss: 0.1834777146577835
Rank:0 Epoch: [26/40], Step: [151/782], Loss: 0.19498015940189362
Rank:0 Epoch: [26/40], Step: [161/782], Loss: 0.2734741270542145
Rank:0 Epoch: [26/40], Step: [171/782], Loss: 0.21870958805084229
Rank:0 Epoch: [26/40], Step: [181/782], Loss: 0.3688584864139557
Rank:0 Epoch: [26/40], Step: [191/782], Loss: 0.1582019329071045
Rank:0 Epoch: [26/40], Step: [201/782], Loss: 0.17980122566223145
Rank:0 Epoch: [26/40], Step: [211/782], Loss: 0.3426288068294525
Rank:0 Epoch: [26/40], Step: [221/782], Loss: 0.35485321283340454
Rank:0 Epoch: [26/40], Step: [231/782], Loss: 0.23864538967609406
Rank:0 Epoch: [26/40], Step: [241/782], Loss: 0.41671013832092285
Rank:0 Epoch: [26/40], Step: [251/782], Loss: 0.24967387318611145
Rank:0 Epoch: [26/40], Step: [261/782], Loss: 0.3657132089138031
Rank:0 Epoch: [26/40], Step: [271/782], Loss: 0.25399214029312134
Rank:0 Epoch: [26/40], Step: [281/782], Loss: 0.3202437460422516
Rank:0 Epoch: [26/40], Step: [291/782], Loss: 0.29626229405403137
Rank:0 Epoch: [26/40], Step: [301/782], Loss: 0.17996178567409515
Rank:0 Epoch: [26/40], Step: [311/782], Loss: 0.2627992033958435
Rank:0 Epoch: [26/40], Step: [321/782], Loss: 0.13778270781040192
Rank:0 Epoch: [26/40], Step: [331/782], Loss: 0.26719629764556885
Rank:0 Epoch: [26/40], Step: [341/782], Loss: 0.4601317048072815
Rank:0 Epoch: [26/40], Step: [351/782], Loss: 0.2073517143726349
Rank:0 Epoch: [26/40], Step: [361/782], Loss: 0.1930326223373413
Rank:0 Epoch: [26/40], Step: [371/782], Loss: 0.25198134779930115
Rank:0 Epoch: [26/40], Step: [381/782], Loss: 0.18734806776046753
Rank:0 Epoch: [26/40], Step: [391/782], Loss: 0.17072135210037231
Rank:0 Epoch: [26/40], Step: [401/782], Loss: 0.28363659977912903
Rank:0 Epoch: [26/40], Step: [411/782], Loss: 0.19811567664146423
Rank:0 Epoch: [26/40], Step: [421/782], Loss: 0.18803884088993073
Rank:0 Epoch: [26/40], Step: [431/782], Loss: 0.2352224737405777
Rank:0 Epoch: [26/40], Step: [441/782], Loss: 0.24066253006458282
Rank:0 Epoch: [26/40], Step: [451/782], Loss: 0.2395566999912262
Rank:0 Epoch: [26/40], Step: [461/782], Loss: 0.11402212083339691
Rank:0 Epoch: [26/40], Step: [471/782], Loss: 0.14589868485927582
Rank:0 Epoch: [26/40], Step: [481/782], Loss: 0.17045116424560547
Rank:0 Epoch: [26/40], Step: [491/782], Loss: 0.1705915480852127
Rank:0 Epoch: [26/40], Step: [501/782], Loss: 0.2380899041891098
Rank:0 Epoch: [26/40], Step: [511/782], Loss: 0.21247614920139313
Rank:0 Epoch: [26/40], Step: [521/782], Loss: 0.27567437291145325
Rank:0 Epoch: [26/40], Step: [531/782], Loss: 0.18949256837368011
Rank:0 Epoch: [26/40], Step: [541/782], Loss: 0.18780788779258728
Rank:0 Epoch: [26/40], Step: [551/782], Loss: 0.2262529730796814
Rank:0 Epoch: [26/40], Step: [561/782], Loss: 0.4168055057525635
Rank:0 Epoch: [26/40], Step: [571/782], Loss: 0.2830119729042053
Rank:0 Epoch: [26/40], Step: [581/782], Loss: 0.2782711982727051
Rank:0 Epoch: [26/40], Step: [591/782], Loss: 0.14486530423164368
Rank:0 Epoch: [26/40], Step: [601/782], Loss: 0.41242319345474243
Rank:0 Epoch: [26/40], Step: [611/782], Loss: 0.21077114343643188
Rank:0 Epoch: [26/40], Step: [621/782], Loss: 0.08642760664224625
Rank:0 Epoch: [26/40], Step: [631/782], Loss: 0.15660083293914795
Rank:0 Epoch: [26/40], Step: [641/782], Loss: 0.25466862320899963
Rank:0 Epoch: [26/40], Step: [651/782], Loss: 0.16524125635623932
Rank:0 Epoch: [26/40], Step: [661/782], Loss: 0.12001732736825943
Rank:0 Epoch: [26/40], Step: [671/782], Loss: 0.2006310671567917
Rank:0 Epoch: [26/40], Step: [681/782], Loss: 0.20183907449245453
Rank:0 Epoch: [26/40], Step: [691/782], Loss: 0.4035888612270355
Rank:0 Epoch: [26/40], Step: [701/782], Loss: 0.34300696849823
Rank:0 Epoch: [26/40], Step: [711/782], Loss: 0.2747737169265747
Rank:0 Epoch: [26/40], Step: [721/782], Loss: 0.06614953279495239
Rank:0 Epoch: [26/40], Step: [731/782], Loss: 0.1984136402606964
Rank:0 Epoch: [26/40], Step: [741/782], Loss: 0.09886261075735092
Rank:0 Epoch: [26/40], Step: [751/782], Loss: 0.2536216378211975
Rank:0 Epoch: [26/40], Step: [761/782], Loss: 0.14255917072296143
Rank:0 Epoch: [26/40], Step: [771/782], Loss: 0.27177977561950684
Rank:0 Epoch: [26/40], Step: [781/782], Loss: 0.3294147253036499
Current Test Acc: 0.8994
Rank:0 Epoch: [27/40], Step: [1/782], Loss: 0.21768197417259216
Rank:0 Epoch: [27/40], Step: [11/782], Loss: 0.13354142010211945
Rank:0 Epoch: [27/40], Step: [21/782], Loss: 0.15696869790554047
Rank:0 Epoch: [27/40], Step: [31/782], Loss: 0.1807706207036972
Rank:0 Epoch: [27/40], Step: [41/782], Loss: 0.24188381433486938
Rank:0 Epoch: [27/40], Step: [51/782], Loss: 0.23231035470962524
Rank:0 Epoch: [27/40], Step: [61/782], Loss: 0.19765540957450867
Rank:0 Epoch: [27/40], Step: [71/782], Loss: 0.27344074845314026
Rank:0 Epoch: [27/40], Step: [81/782], Loss: 0.1866627037525177
Rank:0 Epoch: [27/40], Step: [91/782], Loss: 0.0811222493648529
Rank:0 Epoch: [27/40], Step: [101/782], Loss: 0.16045591235160828
Rank:0 Epoch: [27/40], Step: [111/782], Loss: 0.3452438712120056
Rank:0 Epoch: [27/40], Step: [121/782], Loss: 0.18362325429916382
Rank:0 Epoch: [27/40], Step: [131/782], Loss: 0.1906675547361374
Rank:0 Epoch: [27/40], Step: [141/782], Loss: 0.15365810692310333
Rank:0 Epoch: [27/40], Step: [151/782], Loss: 0.22092317044734955
Rank:0 Epoch: [27/40], Step: [161/782], Loss: 0.15451611578464508
Rank:0 Epoch: [27/40], Step: [171/782], Loss: 0.16760461032390594
Rank:0 Epoch: [27/40], Step: [181/782], Loss: 0.13748803734779358
Rank:0 Epoch: [27/40], Step: [191/782], Loss: 0.16478456556797028
Rank:0 Epoch: [27/40], Step: [201/782], Loss: 0.1584888994693756
Rank:0 Epoch: [27/40], Step: [211/782], Loss: 0.17255818843841553
Rank:0 Epoch: [27/40], Step: [221/782], Loss: 0.4001988172531128
Rank:0 Epoch: [27/40], Step: [231/782], Loss: 0.23575177788734436
Rank:0 Epoch: [27/40], Step: [241/782], Loss: 0.3076052665710449
Rank:0 Epoch: [27/40], Step: [251/782], Loss: 0.2584170699119568
Rank:0 Epoch: [27/40], Step: [261/782], Loss: 0.27799567580223083
Rank:0 Epoch: [27/40], Step: [271/782], Loss: 0.26020681858062744
Rank:0 Epoch: [27/40], Step: [281/782], Loss: 0.13199816644191742
Rank:0 Epoch: [27/40], Step: [291/782], Loss: 0.3319452404975891
Rank:0 Epoch: [27/40], Step: [301/782], Loss: 0.7836596965789795
Rank:0 Epoch: [27/40], Step: [311/782], Loss: 0.2362620085477829
Rank:0 Epoch: [27/40], Step: [321/782], Loss: 0.22213740646839142
Rank:0 Epoch: [27/40], Step: [331/782], Loss: 0.20935164391994476
Rank:0 Epoch: [27/40], Step: [341/782], Loss: 0.20532062649726868
Rank:0 Epoch: [27/40], Step: [351/782], Loss: 0.31426018476486206
Rank:0 Epoch: [27/40], Step: [361/782], Loss: 0.26771464943885803
Rank:0 Epoch: [27/40], Step: [371/782], Loss: 0.29966598749160767
Rank:0 Epoch: [27/40], Step: [381/782], Loss: 0.12731611728668213
Rank:0 Epoch: [27/40], Step: [391/782], Loss: 0.06655337661504745
Rank:0 Epoch: [27/40], Step: [401/782], Loss: 0.2235364466905594
Rank:0 Epoch: [27/40], Step: [411/782], Loss: 0.20517809689044952
Rank:0 Epoch: [27/40], Step: [421/782], Loss: 0.24810685217380524
Rank:0 Epoch: [27/40], Step: [431/782], Loss: 0.19881302118301392
Rank:0 Epoch: [27/40], Step: [441/782], Loss: 0.24269844591617584
Rank:0 Epoch: [27/40], Step: [451/782], Loss: 0.20140424370765686
Rank:0 Epoch: [27/40], Step: [461/782], Loss: 0.3878476321697235
Rank:0 Epoch: [27/40], Step: [471/782], Loss: 0.27445366978645325
Rank:0 Epoch: [27/40], Step: [481/782], Loss: 0.2466868758201599
Rank:0 Epoch: [27/40], Step: [491/782], Loss: 0.2325049340724945
Rank:0 Epoch: [27/40], Step: [501/782], Loss: 0.23393110930919647
Rank:0 Epoch: [27/40], Step: [511/782], Loss: 0.14200975000858307
Rank:0 Epoch: [27/40], Step: [521/782], Loss: 0.21596303582191467
Rank:0 Epoch: [27/40], Step: [531/782], Loss: 0.1519775092601776
Rank:0 Epoch: [27/40], Step: [541/782], Loss: 0.15261834859848022
Rank:0 Epoch: [27/40], Step: [551/782], Loss: 0.32851994037628174
Rank:0 Epoch: [27/40], Step: [561/782], Loss: 0.22597622871398926
Rank:0 Epoch: [27/40], Step: [571/782], Loss: 0.1759537309408188
Rank:0 Epoch: [27/40], Step: [581/782], Loss: 0.12520526349544525
Rank:0 Epoch: [27/40], Step: [591/782], Loss: 0.33199548721313477
Rank:0 Epoch: [27/40], Step: [601/782], Loss: 0.19318519532680511
Rank:0 Epoch: [27/40], Step: [611/782], Loss: 0.19565002620220184
Rank:0 Epoch: [27/40], Step: [621/782], Loss: 0.2626490592956543
Rank:0 Epoch: [27/40], Step: [631/782], Loss: 0.18827201426029205
Rank:0 Epoch: [27/40], Step: [641/782], Loss: 0.1982859969139099
Rank:0 Epoch: [27/40], Step: [651/782], Loss: 0.27644190192222595
Rank:0 Epoch: [27/40], Step: [661/782], Loss: 0.1976974606513977
Rank:0 Epoch: [27/40], Step: [671/782], Loss: 0.25532591342926025
Rank:0 Epoch: [27/40], Step: [681/782], Loss: 0.25180667638778687
Rank:0 Epoch: [27/40], Step: [691/782], Loss: 0.1635468453168869
Rank:0 Epoch: [27/40], Step: [701/782], Loss: 0.19438883662223816
Rank:0 Epoch: [27/40], Step: [711/782], Loss: 0.12805229425430298
Rank:0 Epoch: [27/40], Step: [721/782], Loss: 0.24587854743003845
Rank:0 Epoch: [27/40], Step: [731/782], Loss: 0.1896107792854309
Rank:0 Epoch: [27/40], Step: [741/782], Loss: 0.26030638813972473
Rank:0 Epoch: [27/40], Step: [751/782], Loss: 0.18882068991661072
Rank:0 Epoch: [27/40], Step: [761/782], Loss: 0.20336861908435822
Rank:0 Epoch: [27/40], Step: [771/782], Loss: 0.2166282683610916
Rank:0 Epoch: [27/40], Step: [781/782], Loss: 0.23918239772319794
Current Test Acc: 0.8979
Rank:0 Epoch: [28/40], Step: [1/782], Loss: 0.09159833937883377
Rank:0 Epoch: [28/40], Step: [11/782], Loss: 0.16886329650878906
Rank:0 Epoch: [28/40], Step: [21/782], Loss: 0.20893660187721252
Rank:0 Epoch: [28/40], Step: [31/782], Loss: 0.41655731201171875
Rank:0 Epoch: [28/40], Step: [41/782], Loss: 0.2550395727157593
Rank:0 Epoch: [28/40], Step: [51/782], Loss: 0.21137838065624237
Rank:0 Epoch: [28/40], Step: [61/782], Loss: 0.14855366945266724
Rank:0 Epoch: [28/40], Step: [71/782], Loss: 0.2525845766067505
Rank:0 Epoch: [28/40], Step: [81/782], Loss: 0.28210946917533875
Rank:0 Epoch: [28/40], Step: [91/782], Loss: 0.23809814453125
Rank:0 Epoch: [28/40], Step: [101/782], Loss: 0.28561556339263916
Rank:0 Epoch: [28/40], Step: [111/782], Loss: 0.3958427906036377
Rank:0 Epoch: [28/40], Step: [121/782], Loss: 0.1907336562871933
Rank:0 Epoch: [28/40], Step: [131/782], Loss: 0.2646521329879761
Rank:0 Epoch: [28/40], Step: [141/782], Loss: 0.1305791437625885
Rank:0 Epoch: [28/40], Step: [151/782], Loss: 0.22657865285873413
Rank:0 Epoch: [28/40], Step: [161/782], Loss: 0.27308815717697144
Rank:0 Epoch: [28/40], Step: [171/782], Loss: 0.2516489326953888
Rank:0 Epoch: [28/40], Step: [181/782], Loss: 0.12883557379245758
Rank:0 Epoch: [28/40], Step: [191/782], Loss: 0.12510299682617188
Rank:0 Epoch: [28/40], Step: [201/782], Loss: 0.13336677849292755
Rank:0 Epoch: [28/40], Step: [211/782], Loss: 0.28166401386260986
Rank:0 Epoch: [28/40], Step: [221/782], Loss: 0.10806725919246674
Rank:0 Epoch: [28/40], Step: [231/782], Loss: 0.18704859912395477
Rank:0 Epoch: [28/40], Step: [241/782], Loss: 0.3234022855758667
Rank:0 Epoch: [28/40], Step: [251/782], Loss: 0.2723042070865631
Rank:0 Epoch: [28/40], Step: [261/782], Loss: 0.25871947407722473
Rank:0 Epoch: [28/40], Step: [271/782], Loss: 0.29542627930641174
Rank:0 Epoch: [28/40], Step: [281/782], Loss: 0.17912162840366364
Rank:0 Epoch: [28/40], Step: [291/782], Loss: 0.17170514166355133
Rank:0 Epoch: [28/40], Step: [301/782], Loss: 0.17041753232479095
Rank:0 Epoch: [28/40], Step: [311/782], Loss: 0.1866835057735443
Rank:0 Epoch: [28/40], Step: [321/782], Loss: 0.20931072533130646
Rank:0 Epoch: [28/40], Step: [331/782], Loss: 0.25530073046684265
Rank:0 Epoch: [28/40], Step: [341/782], Loss: 0.17101027071475983
Rank:0 Epoch: [28/40], Step: [351/782], Loss: 0.2389381229877472
Rank:0 Epoch: [28/40], Step: [361/782], Loss: 0.26003095507621765
Rank:0 Epoch: [28/40], Step: [371/782], Loss: 0.2635003924369812
Rank:0 Epoch: [28/40], Step: [381/782], Loss: 0.21738728880882263
Rank:0 Epoch: [28/40], Step: [391/782], Loss: 0.20102837681770325
Rank:0 Epoch: [28/40], Step: [401/782], Loss: 0.21676355600357056
Rank:0 Epoch: [28/40], Step: [411/782], Loss: 0.12651103734970093
Rank:0 Epoch: [28/40], Step: [421/782], Loss: 0.21338993310928345
Rank:0 Epoch: [28/40], Step: [431/782], Loss: 0.06915796548128128
Rank:0 Epoch: [28/40], Step: [441/782], Loss: 0.25019922852516174
Rank:0 Epoch: [28/40], Step: [451/782], Loss: 0.22256463766098022
Rank:0 Epoch: [28/40], Step: [461/782], Loss: 0.26122307777404785
Rank:0 Epoch: [28/40], Step: [471/782], Loss: 0.29722028970718384
Rank:0 Epoch: [28/40], Step: [481/782], Loss: 0.19964063167572021
Rank:0 Epoch: [28/40], Step: [491/782], Loss: 0.2538354992866516
Rank:0 Epoch: [28/40], Step: [501/782], Loss: 0.270537793636322
Rank:0 Epoch: [28/40], Step: [511/782], Loss: 0.2463434487581253
Rank:0 Epoch: [28/40], Step: [521/782], Loss: 0.27729320526123047
Rank:0 Epoch: [28/40], Step: [531/782], Loss: 0.10248365998268127
Rank:0 Epoch: [28/40], Step: [541/782], Loss: 0.31518635153770447
Rank:0 Epoch: [28/40], Step: [551/782], Loss: 0.20117564499378204
Rank:0 Epoch: [28/40], Step: [561/782], Loss: 0.2874320447444916
Rank:0 Epoch: [28/40], Step: [571/782], Loss: 0.2027851790189743
Rank:0 Epoch: [28/40], Step: [581/782], Loss: 0.2782033383846283
Rank:0 Epoch: [28/40], Step: [591/782], Loss: 0.13638043403625488
Rank:0 Epoch: [28/40], Step: [601/782], Loss: 0.14338205754756927
Rank:0 Epoch: [28/40], Step: [611/782], Loss: 0.2281254529953003
Rank:0 Epoch: [28/40], Step: [621/782], Loss: 0.1508311927318573
Rank:0 Epoch: [28/40], Step: [631/782], Loss: 0.2589026391506195
Rank:0 Epoch: [28/40], Step: [641/782], Loss: 0.2127453237771988
Rank:0 Epoch: [28/40], Step: [651/782], Loss: 0.20351722836494446
Rank:0 Epoch: [28/40], Step: [661/782], Loss: 0.1849115937948227
Rank:0 Epoch: [28/40], Step: [671/782], Loss: 0.15824447572231293
Rank:0 Epoch: [28/40], Step: [681/782], Loss: 0.2848280072212219
Rank:0 Epoch: [28/40], Step: [691/782], Loss: 0.18093153834342957
Rank:0 Epoch: [28/40], Step: [701/782], Loss: 0.262523353099823
Rank:0 Epoch: [28/40], Step: [711/782], Loss: 0.3170544505119324
Rank:0 Epoch: [28/40], Step: [721/782], Loss: 0.3561652898788452
Rank:0 Epoch: [28/40], Step: [731/782], Loss: 0.1907639354467392
Rank:0 Epoch: [28/40], Step: [741/782], Loss: 0.11277024447917938
Rank:0 Epoch: [28/40], Step: [751/782], Loss: 0.3122832775115967
Rank:0 Epoch: [28/40], Step: [761/782], Loss: 0.08763767033815384
Rank:0 Epoch: [28/40], Step: [771/782], Loss: 0.24382296204566956
Rank:0 Epoch: [28/40], Step: [781/782], Loss: 0.1940469890832901
Current Test Acc: 0.8993
Rank:0 Epoch: [29/40], Step: [1/782], Loss: 0.12935815751552582
Rank:0 Epoch: [29/40], Step: [11/782], Loss: 0.1714368313550949
Rank:0 Epoch: [29/40], Step: [21/782], Loss: 0.1358153373003006
Rank:0 Epoch: [29/40], Step: [31/782], Loss: 0.16600726544857025
Rank:0 Epoch: [29/40], Step: [41/782], Loss: 0.1393125355243683
Rank:0 Epoch: [29/40], Step: [51/782], Loss: 0.16044862568378448
Rank:0 Epoch: [29/40], Step: [61/782], Loss: 0.21825143694877625
Rank:0 Epoch: [29/40], Step: [71/782], Loss: 0.2027580887079239
Rank:0 Epoch: [29/40], Step: [81/782], Loss: 0.11152366548776627
Rank:0 Epoch: [29/40], Step: [91/782], Loss: 0.12431300431489944
Rank:0 Epoch: [29/40], Step: [101/782], Loss: 0.14495135843753815
Rank:0 Epoch: [29/40], Step: [111/782], Loss: 0.16708515584468842
Rank:0 Epoch: [29/40], Step: [121/782], Loss: 0.2787051796913147
Rank:0 Epoch: [29/40], Step: [131/782], Loss: 0.4231324791908264
Rank:0 Epoch: [29/40], Step: [141/782], Loss: 0.11414340138435364
Rank:0 Epoch: [29/40], Step: [151/782], Loss: 0.2538967728614807
Rank:0 Epoch: [29/40], Step: [161/782], Loss: 0.30732962489128113
Rank:0 Epoch: [29/40], Step: [171/782], Loss: 0.1547396183013916
Rank:0 Epoch: [29/40], Step: [181/782], Loss: 0.19156759977340698
Rank:0 Epoch: [29/40], Step: [191/782], Loss: 0.20275764167308807
Rank:0 Epoch: [29/40], Step: [201/782], Loss: 0.24079696834087372
Rank:0 Epoch: [29/40], Step: [211/782], Loss: 0.3127949833869934
Rank:0 Epoch: [29/40], Step: [221/782], Loss: 0.2415023297071457
Rank:0 Epoch: [29/40], Step: [231/782], Loss: 0.32880112528800964
Rank:0 Epoch: [29/40], Step: [241/782], Loss: 0.1160978153347969
Rank:0 Epoch: [29/40], Step: [251/782], Loss: 0.12275587022304535
Rank:0 Epoch: [29/40], Step: [261/782], Loss: 0.31233295798301697
Rank:0 Epoch: [29/40], Step: [271/782], Loss: 0.12735293805599213
Rank:0 Epoch: [29/40], Step: [281/782], Loss: 0.1640525460243225
Rank:0 Epoch: [29/40], Step: [291/782], Loss: 0.1688370555639267
Rank:0 Epoch: [29/40], Step: [301/782], Loss: 0.12334175407886505
Rank:0 Epoch: [29/40], Step: [311/782], Loss: 0.2609468698501587
Rank:0 Epoch: [29/40], Step: [321/782], Loss: 0.21884572505950928
Rank:0 Epoch: [29/40], Step: [331/782], Loss: 0.19843173027038574
Rank:0 Epoch: [29/40], Step: [341/782], Loss: 0.2684909701347351
Rank:0 Epoch: [29/40], Step: [351/782], Loss: 0.1723930537700653
Rank:0 Epoch: [29/40], Step: [361/782], Loss: 0.24770396947860718
Rank:0 Epoch: [29/40], Step: [371/782], Loss: 0.17190863192081451
Rank:0 Epoch: [29/40], Step: [381/782], Loss: 0.183048278093338
Rank:0 Epoch: [29/40], Step: [391/782], Loss: 0.21307198703289032
Rank:0 Epoch: [29/40], Step: [401/782], Loss: 0.16842105984687805
Rank:0 Epoch: [29/40], Step: [411/782], Loss: 0.1542532593011856
Rank:0 Epoch: [29/40], Step: [421/782], Loss: 0.13308659195899963
Rank:0 Epoch: [29/40], Step: [431/782], Loss: 0.21080510318279266
Rank:0 Epoch: [29/40], Step: [441/782], Loss: 0.3045121431350708
Rank:0 Epoch: [29/40], Step: [451/782], Loss: 0.11899328976869583
Rank:0 Epoch: [29/40], Step: [461/782], Loss: 0.0923878476023674
Rank:0 Epoch: [29/40], Step: [471/782], Loss: 0.19201107323169708
Rank:0 Epoch: [29/40], Step: [481/782], Loss: 0.16967624425888062
Rank:0 Epoch: [29/40], Step: [491/782], Loss: 0.2927502393722534
Rank:0 Epoch: [29/40], Step: [501/782], Loss: 0.15737368166446686
Rank:0 Epoch: [29/40], Step: [511/782], Loss: 0.2588147819042206
Rank:0 Epoch: [29/40], Step: [521/782], Loss: 0.18325281143188477
Rank:0 Epoch: [29/40], Step: [531/782], Loss: 0.18785524368286133
Rank:0 Epoch: [29/40], Step: [541/782], Loss: 0.1443377584218979
Rank:0 Epoch: [29/40], Step: [551/782], Loss: 0.20257925987243652
Rank:0 Epoch: [29/40], Step: [561/782], Loss: 0.2809120714664459
Rank:0 Epoch: [29/40], Step: [571/782], Loss: 0.16735374927520752
Rank:0 Epoch: [29/40], Step: [581/782], Loss: 0.18748731911182404
Rank:0 Epoch: [29/40], Step: [591/782], Loss: 0.19142243266105652
Rank:0 Epoch: [29/40], Step: [601/782], Loss: 0.2072792947292328
Rank:0 Epoch: [29/40], Step: [611/782], Loss: 0.25087064504623413
Rank:0 Epoch: [29/40], Step: [621/782], Loss: 0.11822330951690674
Rank:0 Epoch: [29/40], Step: [631/782], Loss: 0.12637898325920105
Rank:0 Epoch: [29/40], Step: [641/782], Loss: 0.27106842398643494
Rank:0 Epoch: [29/40], Step: [651/782], Loss: 0.14905916154384613
Rank:0 Epoch: [29/40], Step: [661/782], Loss: 0.12926052510738373
Rank:0 Epoch: [29/40], Step: [671/782], Loss: 0.39635682106018066
Rank:0 Epoch: [29/40], Step: [681/782], Loss: 0.251350998878479
Rank:0 Epoch: [29/40], Step: [691/782], Loss: 0.1678873598575592
Rank:0 Epoch: [29/40], Step: [701/782], Loss: 0.2379734218120575
Rank:0 Epoch: [29/40], Step: [711/782], Loss: 0.25002315640449524
Rank:0 Epoch: [29/40], Step: [721/782], Loss: 0.3151228129863739
Rank:0 Epoch: [29/40], Step: [731/782], Loss: 0.1992405354976654
Rank:0 Epoch: [29/40], Step: [741/782], Loss: 0.22898395359516144
Rank:0 Epoch: [29/40], Step: [751/782], Loss: 0.1369638741016388
Rank:0 Epoch: [29/40], Step: [761/782], Loss: 0.19505786895751953
Rank:0 Epoch: [29/40], Step: [771/782], Loss: 0.30405834317207336
Rank:0 Epoch: [29/40], Step: [781/782], Loss: 0.15275223553180695
Current Test Acc: 0.8973
Rank:0 Epoch: [30/40], Step: [1/782], Loss: 0.12674131989479065
Rank:0 Epoch: [30/40], Step: [11/782], Loss: 0.17198891937732697
Rank:0 Epoch: [30/40], Step: [21/782], Loss: 0.1657993048429489
Rank:0 Epoch: [30/40], Step: [31/782], Loss: 0.11718956381082535
Rank:0 Epoch: [30/40], Step: [41/782], Loss: 0.10958854854106903
Rank:0 Epoch: [30/40], Step: [51/782], Loss: 0.11461746692657471
Rank:0 Epoch: [30/40], Step: [61/782], Loss: 0.1967083066701889
Rank:0 Epoch: [30/40], Step: [71/782], Loss: 0.35889533162117004
Rank:0 Epoch: [30/40], Step: [81/782], Loss: 0.2985507547855377
Rank:0 Epoch: [30/40], Step: [91/782], Loss: 0.19587506353855133
Rank:0 Epoch: [30/40], Step: [101/782], Loss: 0.18648779392242432
Rank:0 Epoch: [30/40], Step: [111/782], Loss: 0.10378072410821915
Rank:0 Epoch: [30/40], Step: [121/782], Loss: 0.19557848572731018
Rank:0 Epoch: [30/40], Step: [131/782], Loss: 0.13845469057559967
Rank:0 Epoch: [30/40], Step: [141/782], Loss: 0.1800074279308319
Rank:0 Epoch: [30/40], Step: [151/782], Loss: 0.25200119614601135
Rank:0 Epoch: [30/40], Step: [161/782], Loss: 0.19584311544895172
Rank:0 Epoch: [30/40], Step: [171/782], Loss: 0.10727644711732864
Rank:0 Epoch: [30/40], Step: [181/782], Loss: 0.12276820093393326
Rank:0 Epoch: [30/40], Step: [191/782], Loss: 0.3384326696395874
Rank:0 Epoch: [30/40], Step: [201/782], Loss: 0.1612628996372223
Rank:0 Epoch: [30/40], Step: [211/782], Loss: 0.2759169042110443
Rank:0 Epoch: [30/40], Step: [221/782], Loss: 0.2528667151927948
Rank:0 Epoch: [30/40], Step: [231/782], Loss: 0.11729283630847931
Rank:0 Epoch: [30/40], Step: [241/782], Loss: 0.14429576694965363
Rank:0 Epoch: [30/40], Step: [251/782], Loss: 0.2047266811132431
Rank:0 Epoch: [30/40], Step: [261/782], Loss: 0.26152971386909485
Rank:0 Epoch: [30/40], Step: [271/782], Loss: 0.2332155406475067
Rank:0 Epoch: [30/40], Step: [281/782], Loss: 0.48887041211128235
Rank:0 Epoch: [30/40], Step: [291/782], Loss: 0.16760964691638947
Rank:0 Epoch: [30/40], Step: [301/782], Loss: 0.08437790721654892
Rank:0 Epoch: [30/40], Step: [311/782], Loss: 0.2560465335845947
Rank:0 Epoch: [30/40], Step: [321/782], Loss: 0.11960229277610779
Rank:0 Epoch: [30/40], Step: [331/782], Loss: 0.4198269546031952
Rank:0 Epoch: [30/40], Step: [341/782], Loss: 0.08019053936004639
Rank:0 Epoch: [30/40], Step: [351/782], Loss: 0.17033322155475616
Rank:0 Epoch: [30/40], Step: [361/782], Loss: 0.20957046747207642
Rank:0 Epoch: [30/40], Step: [371/782], Loss: 0.2441440224647522
Rank:0 Epoch: [30/40], Step: [381/782], Loss: 0.05985685810446739
Rank:0 Epoch: [30/40], Step: [391/782], Loss: 0.26548507809638977
Rank:0 Epoch: [30/40], Step: [401/782], Loss: 0.19064195454120636
Rank:0 Epoch: [30/40], Step: [411/782], Loss: 0.1797817349433899
Rank:0 Epoch: [30/40], Step: [421/782], Loss: 0.2033020555973053
Rank:0 Epoch: [30/40], Step: [431/782], Loss: 0.18158899247646332
Rank:0 Epoch: [30/40], Step: [441/782], Loss: 0.25370079278945923
Rank:0 Epoch: [30/40], Step: [451/782], Loss: 0.12122611701488495
Rank:0 Epoch: [30/40], Step: [461/782], Loss: 0.2485412061214447
Rank:0 Epoch: [30/40], Step: [471/782], Loss: 0.2119206190109253
Rank:0 Epoch: [30/40], Step: [481/782], Loss: 0.15901988744735718
Rank:0 Epoch: [30/40], Step: [491/782], Loss: 0.17062260210514069
Rank:0 Epoch: [30/40], Step: [501/782], Loss: 0.20364661514759064
Rank:0 Epoch: [30/40], Step: [511/782], Loss: 0.28140440583229065
Rank:0 Epoch: [30/40], Step: [521/782], Loss: 0.22649835050106049
Rank:0 Epoch: [30/40], Step: [531/782], Loss: 0.18187297880649567
Rank:0 Epoch: [30/40], Step: [541/782], Loss: 0.24424727261066437
Rank:0 Epoch: [30/40], Step: [551/782], Loss: 0.12989157438278198
Rank:0 Epoch: [30/40], Step: [561/782], Loss: 0.3106890618801117
Rank:0 Epoch: [30/40], Step: [571/782], Loss: 0.24688416719436646
Rank:0 Epoch: [30/40], Step: [581/782], Loss: 0.22859394550323486
Rank:0 Epoch: [30/40], Step: [591/782], Loss: 0.23512659966945648
Rank:0 Epoch: [30/40], Step: [601/782], Loss: 0.22330275177955627
Rank:0 Epoch: [30/40], Step: [611/782], Loss: 0.17103731632232666
Rank:0 Epoch: [30/40], Step: [621/782], Loss: 0.11716912686824799
Rank:0 Epoch: [30/40], Step: [631/782], Loss: 0.33730730414390564
Rank:0 Epoch: [30/40], Step: [641/782], Loss: 0.34606611728668213
Rank:0 Epoch: [30/40], Step: [651/782], Loss: 0.2866382300853729
Rank:0 Epoch: [30/40], Step: [661/782], Loss: 0.2908949553966522
Rank:0 Epoch: [30/40], Step: [671/782], Loss: 0.2045319378376007
Rank:0 Epoch: [30/40], Step: [681/782], Loss: 0.29239705204963684
Rank:0 Epoch: [30/40], Step: [691/782], Loss: 0.2574170231819153
Rank:0 Epoch: [30/40], Step: [701/782], Loss: 0.21548138558864594
Rank:0 Epoch: [30/40], Step: [711/782], Loss: 0.23060615360736847
Rank:0 Epoch: [30/40], Step: [721/782], Loss: 0.16498945653438568
Rank:0 Epoch: [30/40], Step: [731/782], Loss: 0.33269187808036804
Rank:0 Epoch: [30/40], Step: [741/782], Loss: 0.18142567574977875
Rank:0 Epoch: [30/40], Step: [751/782], Loss: 0.1419709175825119
Rank:0 Epoch: [30/40], Step: [761/782], Loss: 0.22637462615966797
Rank:0 Epoch: [30/40], Step: [771/782], Loss: 0.0935983806848526
Rank:0 Epoch: [30/40], Step: [781/782], Loss: 0.3275763690471649
Current Test Acc: 0.8989
Rank:0 Epoch: [31/40], Step: [1/782], Loss: 0.4316926896572113
Rank:0 Epoch: [31/40], Step: [11/782], Loss: 0.13119347393512726
Rank:0 Epoch: [31/40], Step: [21/782], Loss: 0.042626313865184784
Rank:0 Epoch: [31/40], Step: [31/782], Loss: 0.12300299853086472
Rank:0 Epoch: [31/40], Step: [41/782], Loss: 0.11808313429355621
Rank:0 Epoch: [31/40], Step: [51/782], Loss: 0.25267016887664795
Rank:0 Epoch: [31/40], Step: [61/782], Loss: 0.27046358585357666
Rank:0 Epoch: [31/40], Step: [71/782], Loss: 0.13201022148132324
Rank:0 Epoch: [31/40], Step: [81/782], Loss: 0.26227006316185
Rank:0 Epoch: [31/40], Step: [91/782], Loss: 0.32956618070602417
Rank:0 Epoch: [31/40], Step: [101/782], Loss: 0.26416414976119995
Rank:0 Epoch: [31/40], Step: [111/782], Loss: 0.22568848729133606
Rank:0 Epoch: [31/40], Step: [121/782], Loss: 0.14306801557540894
Rank:0 Epoch: [31/40], Step: [131/782], Loss: 0.13824617862701416
Rank:0 Epoch: [31/40], Step: [141/782], Loss: 0.25401416420936584
Rank:0 Epoch: [31/40], Step: [151/782], Loss: 0.13357901573181152
Rank:0 Epoch: [31/40], Step: [161/782], Loss: 0.11412123590707779
Rank:0 Epoch: [31/40], Step: [171/782], Loss: 0.1798478662967682
Rank:0 Epoch: [31/40], Step: [181/782], Loss: 0.2272646725177765
Rank:0 Epoch: [31/40], Step: [191/782], Loss: 0.13861137628555298
Rank:0 Epoch: [31/40], Step: [201/782], Loss: 0.09428781270980835
Rank:0 Epoch: [31/40], Step: [211/782], Loss: 0.15835489332675934
Rank:0 Epoch: [31/40], Step: [221/782], Loss: 0.10960692912340164
Rank:0 Epoch: [31/40], Step: [231/782], Loss: 0.13463211059570312
Rank:0 Epoch: [31/40], Step: [241/782], Loss: 0.14105598628520966
Rank:0 Epoch: [31/40], Step: [251/782], Loss: 0.11757650971412659
Rank:0 Epoch: [31/40], Step: [261/782], Loss: 0.29997846484184265
Rank:0 Epoch: [31/40], Step: [271/782], Loss: 0.17068740725517273
Rank:0 Epoch: [31/40], Step: [281/782], Loss: 0.23922540247440338
Rank:0 Epoch: [31/40], Step: [291/782], Loss: 0.22826258838176727
Rank:0 Epoch: [31/40], Step: [301/782], Loss: 0.2705399692058563
Rank:0 Epoch: [31/40], Step: [311/782], Loss: 0.1289311647415161
Rank:0 Epoch: [31/40], Step: [321/782], Loss: 0.20700997114181519
Rank:0 Epoch: [31/40], Step: [331/782], Loss: 0.13466320931911469
Rank:0 Epoch: [31/40], Step: [341/782], Loss: 0.12114871293306351
Rank:0 Epoch: [31/40], Step: [351/782], Loss: 0.21428129076957703
Rank:0 Epoch: [31/40], Step: [361/782], Loss: 0.26024553179740906
Rank:0 Epoch: [31/40], Step: [371/782], Loss: 0.1846080869436264
Rank:0 Epoch: [31/40], Step: [381/782], Loss: 0.38222208619117737
Rank:0 Epoch: [31/40], Step: [391/782], Loss: 0.16375313699245453
Rank:0 Epoch: [31/40], Step: [401/782], Loss: 0.11804831773042679
Rank:0 Epoch: [31/40], Step: [411/782], Loss: 0.21788671612739563
Rank:0 Epoch: [31/40], Step: [421/782], Loss: 0.1665574312210083
Rank:0 Epoch: [31/40], Step: [431/782], Loss: 0.1942809522151947
Rank:0 Epoch: [31/40], Step: [441/782], Loss: 0.2804791033267975
Rank:0 Epoch: [31/40], Step: [451/782], Loss: 0.07589597254991531
Rank:0 Epoch: [31/40], Step: [461/782], Loss: 0.19881494343280792
Rank:0 Epoch: [31/40], Step: [471/782], Loss: 0.16609542071819305
Rank:0 Epoch: [31/40], Step: [481/782], Loss: 0.21765856444835663
Rank:0 Epoch: [31/40], Step: [491/782], Loss: 0.1351218968629837
Rank:0 Epoch: [31/40], Step: [501/782], Loss: 0.1940239667892456
Rank:0 Epoch: [31/40], Step: [511/782], Loss: 0.13121677935123444
Rank:0 Epoch: [31/40], Step: [521/782], Loss: 0.25498583912849426
Rank:0 Epoch: [31/40], Step: [531/782], Loss: 0.10262854397296906
Rank:0 Epoch: [31/40], Step: [541/782], Loss: 0.2055819183588028
Rank:0 Epoch: [31/40], Step: [551/782], Loss: 0.09320978820323944
Rank:0 Epoch: [31/40], Step: [561/782], Loss: 0.1354045271873474
Rank:0 Epoch: [31/40], Step: [571/782], Loss: 0.22587525844573975
Rank:0 Epoch: [31/40], Step: [581/782], Loss: 0.17938950657844543
Rank:0 Epoch: [31/40], Step: [591/782], Loss: 0.2170363962650299
Rank:0 Epoch: [31/40], Step: [601/782], Loss: 0.08277640491724014
Rank:0 Epoch: [31/40], Step: [611/782], Loss: 0.22419849038124084
Rank:0 Epoch: [31/40], Step: [621/782], Loss: 0.22282202541828156
Rank:0 Epoch: [31/40], Step: [631/782], Loss: 0.22720341384410858
Rank:0 Epoch: [31/40], Step: [641/782], Loss: 0.46530985832214355
Rank:0 Epoch: [31/40], Step: [651/782], Loss: 0.21760018169879913
Rank:0 Epoch: [31/40], Step: [661/782], Loss: 0.16412729024887085
Rank:0 Epoch: [31/40], Step: [671/782], Loss: 0.15682891011238098
Rank:0 Epoch: [31/40], Step: [681/782], Loss: 0.17813622951507568
Rank:0 Epoch: [31/40], Step: [691/782], Loss: 0.29863959550857544
Rank:0 Epoch: [31/40], Step: [701/782], Loss: 0.19075587391853333
Rank:0 Epoch: [31/40], Step: [711/782], Loss: 0.16529464721679688
Rank:0 Epoch: [31/40], Step: [721/782], Loss: 0.13744039833545685
Rank:0 Epoch: [31/40], Step: [731/782], Loss: 0.21316662430763245
Rank:0 Epoch: [31/40], Step: [741/782], Loss: 0.09302349388599396
Rank:0 Epoch: [31/40], Step: [751/782], Loss: 0.2286839783191681
Rank:0 Epoch: [31/40], Step: [761/782], Loss: 0.1199931800365448
Rank:0 Epoch: [31/40], Step: [771/782], Loss: 0.317859947681427
Rank:0 Epoch: [31/40], Step: [781/782], Loss: 0.15413695573806763
Current Test Acc: 0.903
Rank:0 Epoch: [32/40], Step: [1/782], Loss: 0.10974916070699692
Rank:0 Epoch: [32/40], Step: [11/782], Loss: 0.14116278290748596
Rank:0 Epoch: [32/40], Step: [21/782], Loss: 0.2282634824514389
Rank:0 Epoch: [32/40], Step: [31/782], Loss: 0.2180827558040619
Rank:0 Epoch: [32/40], Step: [41/782], Loss: 0.21943816542625427
Rank:0 Epoch: [32/40], Step: [51/782], Loss: 0.09120573103427887
Rank:0 Epoch: [32/40], Step: [61/782], Loss: 0.27457696199417114
Rank:0 Epoch: [32/40], Step: [71/782], Loss: 0.2962579131126404
Rank:0 Epoch: [32/40], Step: [81/782], Loss: 0.20773927867412567
Rank:0 Epoch: [32/40], Step: [91/782], Loss: 0.10564259439706802
Rank:0 Epoch: [32/40], Step: [101/782], Loss: 0.20696447789669037
Rank:0 Epoch: [32/40], Step: [111/782], Loss: 0.22161051630973816
Rank:0 Epoch: [32/40], Step: [121/782], Loss: 0.22806595265865326
Rank:0 Epoch: [32/40], Step: [131/782], Loss: 0.11477494239807129
Rank:0 Epoch: [32/40], Step: [141/782], Loss: 0.31352663040161133
Rank:0 Epoch: [32/40], Step: [151/782], Loss: 0.13706593215465546
Rank:0 Epoch: [32/40], Step: [161/782], Loss: 0.172210693359375
Rank:0 Epoch: [32/40], Step: [171/782], Loss: 0.12148459255695343
Rank:0 Epoch: [32/40], Step: [181/782], Loss: 0.24583502113819122
Rank:0 Epoch: [32/40], Step: [191/782], Loss: 0.15297022461891174
Rank:0 Epoch: [32/40], Step: [201/782], Loss: 0.24433186650276184
Rank:0 Epoch: [32/40], Step: [211/782], Loss: 0.22014622390270233
Rank:0 Epoch: [32/40], Step: [221/782], Loss: 0.24324902892112732
Rank:0 Epoch: [32/40], Step: [231/782], Loss: 0.32419848442077637
Rank:0 Epoch: [32/40], Step: [241/782], Loss: 0.15729041397571564
Rank:0 Epoch: [32/40], Step: [251/782], Loss: 0.1815699189901352
Rank:0 Epoch: [32/40], Step: [261/782], Loss: 0.09487302601337433
Rank:0 Epoch: [32/40], Step: [271/782], Loss: 0.16602462530136108
Rank:0 Epoch: [32/40], Step: [281/782], Loss: 0.24071869254112244
Rank:0 Epoch: [32/40], Step: [291/782], Loss: 0.2018090933561325
Rank:0 Epoch: [32/40], Step: [301/782], Loss: 0.19769595563411713
Rank:0 Epoch: [32/40], Step: [311/782], Loss: 0.139590322971344
Rank:0 Epoch: [32/40], Step: [321/782], Loss: 0.11650191247463226
Rank:0 Epoch: [32/40], Step: [331/782], Loss: 0.09853185713291168
Rank:0 Epoch: [32/40], Step: [341/782], Loss: 0.24422501027584076
Rank:0 Epoch: [32/40], Step: [351/782], Loss: 0.14200760424137115
Rank:0 Epoch: [32/40], Step: [361/782], Loss: 0.15365901589393616
Rank:0 Epoch: [32/40], Step: [371/782], Loss: 0.14926275610923767
Rank:0 Epoch: [32/40], Step: [381/782], Loss: 0.24372468888759613
Rank:0 Epoch: [32/40], Step: [391/782], Loss: 0.1993984580039978
Rank:0 Epoch: [32/40], Step: [401/782], Loss: 0.2761772572994232
Rank:0 Epoch: [32/40], Step: [411/782], Loss: 0.2116033136844635
Rank:0 Epoch: [32/40], Step: [421/782], Loss: 0.20397673547267914
Rank:0 Epoch: [32/40], Step: [431/782], Loss: 0.1242612972855568
Rank:0 Epoch: [32/40], Step: [441/782], Loss: 0.13660331070423126
Rank:0 Epoch: [32/40], Step: [451/782], Loss: 0.16274811327457428
Rank:0 Epoch: [32/40], Step: [461/782], Loss: 0.15024951100349426
Rank:0 Epoch: [32/40], Step: [471/782], Loss: 0.25871407985687256
Rank:0 Epoch: [32/40], Step: [481/782], Loss: 0.17344863712787628
Rank:0 Epoch: [32/40], Step: [491/782], Loss: 0.22754061222076416
Rank:0 Epoch: [32/40], Step: [501/782], Loss: 0.18446005880832672
Rank:0 Epoch: [32/40], Step: [511/782], Loss: 0.08814365416765213
Rank:0 Epoch: [32/40], Step: [521/782], Loss: 0.14352375268936157
Rank:0 Epoch: [32/40], Step: [531/782], Loss: 0.09948409348726273
Rank:0 Epoch: [32/40], Step: [541/782], Loss: 0.11648242920637131
Rank:0 Epoch: [32/40], Step: [551/782], Loss: 0.1260339617729187
Rank:0 Epoch: [32/40], Step: [561/782], Loss: 0.1716725081205368
Rank:0 Epoch: [32/40], Step: [571/782], Loss: 0.27541637420654297
Rank:0 Epoch: [32/40], Step: [581/782], Loss: 0.20887146890163422
Rank:0 Epoch: [32/40], Step: [591/782], Loss: 0.12534984946250916
Rank:0 Epoch: [32/40], Step: [601/782], Loss: 0.1907552182674408
Rank:0 Epoch: [32/40], Step: [611/782], Loss: 0.13478544354438782
Rank:0 Epoch: [32/40], Step: [621/782], Loss: 0.19977997243404388
Rank:0 Epoch: [32/40], Step: [631/782], Loss: 0.28705164790153503
Rank:0 Epoch: [32/40], Step: [641/782], Loss: 0.2036699801683426
Rank:0 Epoch: [32/40], Step: [651/782], Loss: 0.13055333495140076
Rank:0 Epoch: [32/40], Step: [661/782], Loss: 0.21624159812927246
Rank:0 Epoch: [32/40], Step: [671/782], Loss: 0.18399569392204285
Rank:0 Epoch: [32/40], Step: [681/782], Loss: 0.08772910386323929
Rank:0 Epoch: [32/40], Step: [691/782], Loss: 0.25185349583625793
Rank:0 Epoch: [32/40], Step: [701/782], Loss: 0.12737350165843964
Rank:0 Epoch: [32/40], Step: [711/782], Loss: 0.19478872418403625
Rank:0 Epoch: [32/40], Step: [721/782], Loss: 0.37424004077911377
Rank:0 Epoch: [32/40], Step: [731/782], Loss: 0.2899051606655121
Rank:0 Epoch: [32/40], Step: [741/782], Loss: 0.20178915560245514
Rank:0 Epoch: [32/40], Step: [751/782], Loss: 0.282261461019516
Rank:0 Epoch: [32/40], Step: [761/782], Loss: 0.2219761312007904
Rank:0 Epoch: [32/40], Step: [771/782], Loss: 0.27929675579071045
Rank:0 Epoch: [32/40], Step: [781/782], Loss: 0.1111309602856636
Current Test Acc: 0.9027
Rank:0 Epoch: [33/40], Step: [1/782], Loss: 0.15907816588878632
Rank:0 Epoch: [33/40], Step: [11/782], Loss: 0.16393008828163147
Rank:0 Epoch: [33/40], Step: [21/782], Loss: 0.16792449355125427
Rank:0 Epoch: [33/40], Step: [31/782], Loss: 0.3128821849822998
Rank:0 Epoch: [33/40], Step: [41/782], Loss: 0.15938255190849304
Rank:0 Epoch: [33/40], Step: [51/782], Loss: 0.13057467341423035
Rank:0 Epoch: [33/40], Step: [61/782], Loss: 0.1935216337442398
Rank:0 Epoch: [33/40], Step: [71/782], Loss: 0.15123488008975983
Rank:0 Epoch: [33/40], Step: [81/782], Loss: 0.15302956104278564
Rank:0 Epoch: [33/40], Step: [91/782], Loss: 0.24631330370903015
Rank:0 Epoch: [33/40], Step: [101/782], Loss: 0.19631898403167725
Rank:0 Epoch: [33/40], Step: [111/782], Loss: 0.13209356367588043
Rank:0 Epoch: [33/40], Step: [121/782], Loss: 0.20445826649665833
Rank:0 Epoch: [33/40], Step: [131/782], Loss: 0.1727921962738037
Rank:0 Epoch: [33/40], Step: [141/782], Loss: 0.1442829668521881
Rank:0 Epoch: [33/40], Step: [151/782], Loss: 0.39900222420692444
Rank:0 Epoch: [33/40], Step: [161/782], Loss: 0.1434457153081894
Rank:0 Epoch: [33/40], Step: [171/782], Loss: 0.1420115977525711
Rank:0 Epoch: [33/40], Step: [181/782], Loss: 0.11851178854703903
Rank:0 Epoch: [33/40], Step: [191/782], Loss: 0.14337438344955444
Rank:0 Epoch: [33/40], Step: [201/782], Loss: 0.340253084897995
Rank:0 Epoch: [33/40], Step: [211/782], Loss: 0.15452390909194946
Rank:0 Epoch: [33/40], Step: [221/782], Loss: 0.21194304525852203
Rank:0 Epoch: [33/40], Step: [231/782], Loss: 0.2053116261959076
Rank:0 Epoch: [33/40], Step: [241/782], Loss: 0.12739412486553192
Rank:0 Epoch: [33/40], Step: [251/782], Loss: 0.20552317798137665
Rank:0 Epoch: [33/40], Step: [261/782], Loss: 0.32074490189552307
Rank:0 Epoch: [33/40], Step: [271/782], Loss: 0.11132777482271194
Rank:0 Epoch: [33/40], Step: [281/782], Loss: 0.2041591852903366
Rank:0 Epoch: [33/40], Step: [291/782], Loss: 0.1648413985967636
Rank:0 Epoch: [33/40], Step: [301/782], Loss: 0.21453578770160675
Rank:0 Epoch: [33/40], Step: [311/782], Loss: 0.11215152591466904
Rank:0 Epoch: [33/40], Step: [321/782], Loss: 0.29432129859924316
Rank:0 Epoch: [33/40], Step: [331/782], Loss: 0.10883653163909912
Rank:0 Epoch: [33/40], Step: [341/782], Loss: 0.2693261206150055
Rank:0 Epoch: [33/40], Step: [351/782], Loss: 0.20665690302848816
Rank:0 Epoch: [33/40], Step: [361/782], Loss: 0.15081804990768433
Rank:0 Epoch: [33/40], Step: [371/782], Loss: 0.3173258304595947
Rank:0 Epoch: [33/40], Step: [381/782], Loss: 0.14791835844516754
Rank:0 Epoch: [33/40], Step: [391/782], Loss: 0.3072667419910431
Rank:0 Epoch: [33/40], Step: [401/782], Loss: 0.2885105013847351
Rank:0 Epoch: [33/40], Step: [411/782], Loss: 0.2430429607629776
Rank:0 Epoch: [33/40], Step: [421/782], Loss: 0.08792639523744583
Rank:0 Epoch: [33/40], Step: [431/782], Loss: 0.18874168395996094
Rank:0 Epoch: [33/40], Step: [441/782], Loss: 0.07474442571401596
Rank:0 Epoch: [33/40], Step: [451/782], Loss: 0.08595713973045349
Rank:0 Epoch: [33/40], Step: [461/782], Loss: 0.14516475796699524
Rank:0 Epoch: [33/40], Step: [471/782], Loss: 0.1906352937221527
Rank:0 Epoch: [33/40], Step: [481/782], Loss: 0.33311790227890015
Rank:0 Epoch: [33/40], Step: [491/782], Loss: 0.2028236836194992
Rank:0 Epoch: [33/40], Step: [501/782], Loss: 0.11990895867347717
Rank:0 Epoch: [33/40], Step: [511/782], Loss: 0.23412221670150757
Rank:0 Epoch: [33/40], Step: [521/782], Loss: 0.27613669633865356
Rank:0 Epoch: [33/40], Step: [531/782], Loss: 0.28581178188323975
Rank:0 Epoch: [33/40], Step: [541/782], Loss: 0.18144048750400543
Rank:0 Epoch: [33/40], Step: [551/782], Loss: 0.17804573476314545
Rank:0 Epoch: [33/40], Step: [561/782], Loss: 0.16207687556743622
Rank:0 Epoch: [33/40], Step: [571/782], Loss: 0.3191978633403778
Rank:0 Epoch: [33/40], Step: [581/782], Loss: 0.1581098586320877
Rank:0 Epoch: [33/40], Step: [591/782], Loss: 0.21460846066474915
Rank:0 Epoch: [33/40], Step: [601/782], Loss: 0.22016866505146027
Rank:0 Epoch: [33/40], Step: [611/782], Loss: 0.1237921267747879
Rank:0 Epoch: [33/40], Step: [621/782], Loss: 0.2369782030582428
Rank:0 Epoch: [33/40], Step: [631/782], Loss: 0.1740444004535675
Rank:0 Epoch: [33/40], Step: [641/782], Loss: 0.15489961206912994
Rank:0 Epoch: [33/40], Step: [651/782], Loss: 0.18204902112483978
Rank:0 Epoch: [33/40], Step: [661/782], Loss: 0.11377117782831192
Rank:0 Epoch: [33/40], Step: [671/782], Loss: 0.3238215446472168
Rank:0 Epoch: [33/40], Step: [681/782], Loss: 0.2724906802177429
Rank:0 Epoch: [33/40], Step: [691/782], Loss: 0.11606490612030029
Rank:0 Epoch: [33/40], Step: [701/782], Loss: 0.11759006232023239
Rank:0 Epoch: [33/40], Step: [711/782], Loss: 0.1618359237909317
Rank:0 Epoch: [33/40], Step: [721/782], Loss: 0.2861659526824951
Rank:0 Epoch: [33/40], Step: [731/782], Loss: 0.1667819619178772
Rank:0 Epoch: [33/40], Step: [741/782], Loss: 0.12307702749967575
Rank:0 Epoch: [33/40], Step: [751/782], Loss: 0.17668966948986053
Rank:0 Epoch: [33/40], Step: [761/782], Loss: 0.23230163753032684
Rank:0 Epoch: [33/40], Step: [771/782], Loss: 0.15078161656856537
Rank:0 Epoch: [33/40], Step: [781/782], Loss: 0.16219806671142578
Current Test Acc: 0.9033
Rank:0 Epoch: [34/40], Step: [1/782], Loss: 0.21377640962600708
Rank:0 Epoch: [34/40], Step: [11/782], Loss: 0.2239263504743576
Rank:0 Epoch: [34/40], Step: [21/782], Loss: 0.2390696108341217
Rank:0 Epoch: [34/40], Step: [31/782], Loss: 0.20016779005527496
Rank:0 Epoch: [34/40], Step: [41/782], Loss: 0.2410491704940796
Rank:0 Epoch: [34/40], Step: [51/782], Loss: 0.11591173708438873
Rank:0 Epoch: [34/40], Step: [61/782], Loss: 0.15397678315639496
Rank:0 Epoch: [34/40], Step: [71/782], Loss: 0.11887891590595245
Rank:0 Epoch: [34/40], Step: [81/782], Loss: 0.12243998050689697
Rank:0 Epoch: [34/40], Step: [91/782], Loss: 0.11565668880939484
Rank:0 Epoch: [34/40], Step: [101/782], Loss: 0.16567736864089966
Rank:0 Epoch: [34/40], Step: [111/782], Loss: 0.13751304149627686
Rank:0 Epoch: [34/40], Step: [121/782], Loss: 0.2919795513153076
Rank:0 Epoch: [34/40], Step: [131/782], Loss: 0.21111993491649628
Rank:0 Epoch: [34/40], Step: [141/782], Loss: 0.1912427693605423
Rank:0 Epoch: [34/40], Step: [151/782], Loss: 0.16938401758670807
Rank:0 Epoch: [34/40], Step: [161/782], Loss: 0.2633049488067627
Rank:0 Epoch: [34/40], Step: [171/782], Loss: 0.3010619878768921
Rank:0 Epoch: [34/40], Step: [181/782], Loss: 0.17871861159801483
Rank:0 Epoch: [34/40], Step: [191/782], Loss: 0.11319687217473984
Rank:0 Epoch: [34/40], Step: [201/782], Loss: 0.29006972908973694
Rank:0 Epoch: [34/40], Step: [211/782], Loss: 0.19013641774654388
Rank:0 Epoch: [34/40], Step: [221/782], Loss: 0.16618065536022186
Rank:0 Epoch: [34/40], Step: [231/782], Loss: 0.14088547229766846
Rank:0 Epoch: [34/40], Step: [241/782], Loss: 0.13953113555908203
Rank:0 Epoch: [34/40], Step: [251/782], Loss: 0.20270180702209473
Rank:0 Epoch: [34/40], Step: [261/782], Loss: 0.161114901304245
Rank:0 Epoch: [34/40], Step: [271/782], Loss: 0.24306106567382812
Rank:0 Epoch: [34/40], Step: [281/782], Loss: 0.155885711312294
Rank:0 Epoch: [34/40], Step: [291/782], Loss: 0.1577862799167633
Rank:0 Epoch: [34/40], Step: [301/782], Loss: 0.17706738412380219
Rank:0 Epoch: [34/40], Step: [311/782], Loss: 0.16514213383197784
Rank:0 Epoch: [34/40], Step: [321/782], Loss: 0.21448226273059845
Rank:0 Epoch: [34/40], Step: [331/782], Loss: 0.3112918734550476
Rank:0 Epoch: [34/40], Step: [341/782], Loss: 0.21338599920272827
Rank:0 Epoch: [34/40], Step: [351/782], Loss: 0.18181772530078888
Rank:0 Epoch: [34/40], Step: [361/782], Loss: 0.08828812092542648
Rank:0 Epoch: [34/40], Step: [371/782], Loss: 0.14016062021255493
Rank:0 Epoch: [34/40], Step: [381/782], Loss: 0.13621462881565094
Rank:0 Epoch: [34/40], Step: [391/782], Loss: 0.14065419137477875
Rank:0 Epoch: [34/40], Step: [401/782], Loss: 0.1103724017739296
Rank:0 Epoch: [34/40], Step: [411/782], Loss: 0.1396322101354599
Rank:0 Epoch: [34/40], Step: [421/782], Loss: 0.13320069015026093
Rank:0 Epoch: [34/40], Step: [431/782], Loss: 0.1001405194401741
Rank:0 Epoch: [34/40], Step: [441/782], Loss: 0.197483092546463
Rank:0 Epoch: [34/40], Step: [451/782], Loss: 0.10289031267166138
Rank:0 Epoch: [34/40], Step: [461/782], Loss: 0.16057749092578888
Rank:0 Epoch: [34/40], Step: [471/782], Loss: 0.09626030176877975
Rank:0 Epoch: [34/40], Step: [481/782], Loss: 0.24540120363235474
Rank:0 Epoch: [34/40], Step: [491/782], Loss: 0.14860503375530243
Rank:0 Epoch: [34/40], Step: [501/782], Loss: 0.1931416392326355
Rank:0 Epoch: [34/40], Step: [511/782], Loss: 0.11914245039224625
Rank:0 Epoch: [34/40], Step: [521/782], Loss: 0.18731968104839325
Rank:0 Epoch: [34/40], Step: [531/782], Loss: 0.221298485994339
Rank:0 Epoch: [34/40], Step: [541/782], Loss: 0.13574226200580597
Rank:0 Epoch: [34/40], Step: [551/782], Loss: 0.13163267076015472
Rank:0 Epoch: [34/40], Step: [561/782], Loss: 0.1339576691389084
Rank:0 Epoch: [34/40], Step: [571/782], Loss: 0.22450363636016846
Rank:0 Epoch: [34/40], Step: [581/782], Loss: 0.1879914551973343
Rank:0 Epoch: [34/40], Step: [591/782], Loss: 0.19701682031154633
Rank:0 Epoch: [34/40], Step: [601/782], Loss: 0.1504240781068802
Rank:0 Epoch: [34/40], Step: [611/782], Loss: 0.15649931132793427
Rank:0 Epoch: [34/40], Step: [621/782], Loss: 0.28409522771835327
Rank:0 Epoch: [34/40], Step: [631/782], Loss: 0.18581530451774597
Rank:0 Epoch: [34/40], Step: [641/782], Loss: 0.17374853789806366
Rank:0 Epoch: [34/40], Step: [651/782], Loss: 0.18212908506393433
Rank:0 Epoch: [34/40], Step: [661/782], Loss: 0.2718999683856964
Rank:0 Epoch: [34/40], Step: [671/782], Loss: 0.1100686714053154
Rank:0 Epoch: [34/40], Step: [681/782], Loss: 0.18315356969833374
Rank:0 Epoch: [34/40], Step: [691/782], Loss: 0.1939343810081482
Rank:0 Epoch: [34/40], Step: [701/782], Loss: 0.1081511378288269
Rank:0 Epoch: [34/40], Step: [711/782], Loss: 0.12602046132087708
Rank:0 Epoch: [34/40], Step: [721/782], Loss: 0.14283831417560577
Rank:0 Epoch: [34/40], Step: [731/782], Loss: 0.09482519328594208
Rank:0 Epoch: [34/40], Step: [741/782], Loss: 0.06289789080619812
Rank:0 Epoch: [34/40], Step: [751/782], Loss: 0.12820090353488922
Rank:0 Epoch: [34/40], Step: [761/782], Loss: 0.23307301104068756
Rank:0 Epoch: [34/40], Step: [771/782], Loss: 0.18078777194023132
Rank:0 Epoch: [34/40], Step: [781/782], Loss: 0.17002429068088531
Current Test Acc: 0.9046
Rank:0 Epoch: [35/40], Step: [1/782], Loss: 0.09540652483701706
Rank:0 Epoch: [35/40], Step: [11/782], Loss: 0.14697624742984772
Rank:0 Epoch: [35/40], Step: [21/782], Loss: 0.12513822317123413
Rank:0 Epoch: [35/40], Step: [31/782], Loss: 0.18658311665058136
Rank:0 Epoch: [35/40], Step: [41/782], Loss: 0.29016831517219543
Rank:0 Epoch: [35/40], Step: [51/782], Loss: 0.1814112663269043
Rank:0 Epoch: [35/40], Step: [61/782], Loss: 0.1541682332754135
Rank:0 Epoch: [35/40], Step: [71/782], Loss: 0.17412228882312775
Rank:0 Epoch: [35/40], Step: [81/782], Loss: 0.22157785296440125
Rank:0 Epoch: [35/40], Step: [91/782], Loss: 0.13424114882946014
Rank:0 Epoch: [35/40], Step: [101/782], Loss: 0.14165684580802917
Rank:0 Epoch: [35/40], Step: [111/782], Loss: 0.17205224931240082
Rank:0 Epoch: [35/40], Step: [121/782], Loss: 0.18209165334701538
Rank:0 Epoch: [35/40], Step: [131/782], Loss: 0.14505994319915771
Rank:0 Epoch: [35/40], Step: [141/782], Loss: 0.16874372959136963
Rank:0 Epoch: [35/40], Step: [151/782], Loss: 0.12821288406848907
Rank:0 Epoch: [35/40], Step: [161/782], Loss: 0.2513006627559662
Rank:0 Epoch: [35/40], Step: [171/782], Loss: 0.09798798710107803
Rank:0 Epoch: [35/40], Step: [181/782], Loss: 0.1161532774567604
Rank:0 Epoch: [35/40], Step: [191/782], Loss: 0.1358582228422165
Rank:0 Epoch: [35/40], Step: [201/782], Loss: 0.21370743215084076
Rank:0 Epoch: [35/40], Step: [211/782], Loss: 0.20750586688518524
Rank:0 Epoch: [35/40], Step: [221/782], Loss: 0.21138015389442444
Rank:0 Epoch: [35/40], Step: [231/782], Loss: 0.13632884621620178
Rank:0 Epoch: [35/40], Step: [241/782], Loss: 0.18147267401218414
Rank:0 Epoch: [35/40], Step: [251/782], Loss: 0.2043154537677765
Rank:0 Epoch: [35/40], Step: [261/782], Loss: 0.18113268911838531
Rank:0 Epoch: [35/40], Step: [271/782], Loss: 0.15983691811561584
Rank:0 Epoch: [35/40], Step: [281/782], Loss: 0.17112118005752563
Rank:0 Epoch: [35/40], Step: [291/782], Loss: 0.14460882544517517
Rank:0 Epoch: [35/40], Step: [301/782], Loss: 0.1212686151266098
Rank:0 Epoch: [35/40], Step: [311/782], Loss: 0.1384221315383911
Rank:0 Epoch: [35/40], Step: [321/782], Loss: 0.17302241921424866
Rank:0 Epoch: [35/40], Step: [331/782], Loss: 0.2747456729412079
Rank:0 Epoch: [35/40], Step: [341/782], Loss: 0.20054243505001068
Rank:0 Epoch: [35/40], Step: [351/782], Loss: 0.29638540744781494
Rank:0 Epoch: [35/40], Step: [361/782], Loss: 0.17494066059589386
Rank:0 Epoch: [35/40], Step: [371/782], Loss: 0.18562710285186768
Rank:0 Epoch: [35/40], Step: [381/782], Loss: 0.1040775254368782
Rank:0 Epoch: [35/40], Step: [391/782], Loss: 0.17429713904857635
Rank:0 Epoch: [35/40], Step: [401/782], Loss: 0.24568869173526764
Rank:0 Epoch: [35/40], Step: [411/782], Loss: 0.2255827635526657
Rank:0 Epoch: [35/40], Step: [421/782], Loss: 0.1767510026693344
Rank:0 Epoch: [35/40], Step: [431/782], Loss: 0.29738175868988037
Rank:0 Epoch: [35/40], Step: [441/782], Loss: 0.337821364402771
Rank:0 Epoch: [35/40], Step: [451/782], Loss: 0.2830495834350586
Rank:0 Epoch: [35/40], Step: [461/782], Loss: 0.16764163970947266
Rank:0 Epoch: [35/40], Step: [471/782], Loss: 0.12954027950763702
Rank:0 Epoch: [35/40], Step: [481/782], Loss: 0.14566539227962494
Rank:0 Epoch: [35/40], Step: [491/782], Loss: 0.049868177622556686
Rank:0 Epoch: [35/40], Step: [501/782], Loss: 0.19134502112865448
Rank:0 Epoch: [35/40], Step: [511/782], Loss: 0.14327889680862427
Rank:0 Epoch: [35/40], Step: [521/782], Loss: 0.18855775892734528
Rank:0 Epoch: [35/40], Step: [531/782], Loss: 0.20216792821884155
Rank:0 Epoch: [35/40], Step: [541/782], Loss: 0.33457833528518677
Rank:0 Epoch: [35/40], Step: [551/782], Loss: 0.19775885343551636
Rank:0 Epoch: [35/40], Step: [561/782], Loss: 0.09977126121520996
Rank:0 Epoch: [35/40], Step: [571/782], Loss: 0.18311408162117004
Rank:0 Epoch: [35/40], Step: [581/782], Loss: 0.1207723617553711
Rank:0 Epoch: [35/40], Step: [591/782], Loss: 0.135672464966774
Rank:0 Epoch: [35/40], Step: [601/782], Loss: 0.28761056065559387
Rank:0 Epoch: [35/40], Step: [611/782], Loss: 0.11500784754753113
Rank:0 Epoch: [35/40], Step: [621/782], Loss: 0.104039765894413
Rank:0 Epoch: [35/40], Step: [631/782], Loss: 0.12619207799434662
Rank:0 Epoch: [35/40], Step: [641/782], Loss: 0.16227136552333832
Rank:0 Epoch: [35/40], Step: [651/782], Loss: 0.2047983855009079
Rank:0 Epoch: [35/40], Step: [661/782], Loss: 0.23532181978225708
Rank:0 Epoch: [35/40], Step: [671/782], Loss: 0.12636126577854156
Rank:0 Epoch: [35/40], Step: [681/782], Loss: 0.30449700355529785
Rank:0 Epoch: [35/40], Step: [691/782], Loss: 0.28434592485427856
Rank:0 Epoch: [35/40], Step: [701/782], Loss: 0.09065800160169601
Rank:0 Epoch: [35/40], Step: [711/782], Loss: 0.299726665019989
Rank:0 Epoch: [35/40], Step: [721/782], Loss: 0.09981657564640045
Rank:0 Epoch: [35/40], Step: [731/782], Loss: 0.2428615391254425
Rank:0 Epoch: [35/40], Step: [741/782], Loss: 0.2139941304922104
Rank:0 Epoch: [35/40], Step: [751/782], Loss: 0.22078758478164673
Rank:0 Epoch: [35/40], Step: [761/782], Loss: 0.21741032600402832
Rank:0 Epoch: [35/40], Step: [771/782], Loss: 0.22350479662418365
Rank:0 Epoch: [35/40], Step: [781/782], Loss: 0.24692054092884064
Current Test Acc: 0.9031
Rank:0 Epoch: [36/40], Step: [1/782], Loss: 0.16988497972488403
Rank:0 Epoch: [36/40], Step: [11/782], Loss: 0.1279754340648651
Rank:0 Epoch: [36/40], Step: [21/782], Loss: 0.20203617215156555
Rank:0 Epoch: [36/40], Step: [31/782], Loss: 0.22325514256954193
Rank:0 Epoch: [36/40], Step: [41/782], Loss: 0.21369580924510956
Rank:0 Epoch: [36/40], Step: [51/782], Loss: 0.09629350155591965
Rank:0 Epoch: [36/40], Step: [61/782], Loss: 0.1662144660949707
Rank:0 Epoch: [36/40], Step: [71/782], Loss: 0.21783679723739624
Rank:0 Epoch: [36/40], Step: [81/782], Loss: 0.1744125932455063
Rank:0 Epoch: [36/40], Step: [91/782], Loss: 0.11912471801042557
Rank:0 Epoch: [36/40], Step: [101/782], Loss: 0.12579835951328278
Rank:0 Epoch: [36/40], Step: [111/782], Loss: 0.2657910883426666
Rank:0 Epoch: [36/40], Step: [121/782], Loss: 0.22153981029987335
Rank:0 Epoch: [36/40], Step: [131/782], Loss: 0.20453236997127533
Rank:0 Epoch: [36/40], Step: [141/782], Loss: 0.1646873503923416
Rank:0 Epoch: [36/40], Step: [151/782], Loss: 0.28822678327560425
Rank:0 Epoch: [36/40], Step: [161/782], Loss: 0.10321762412786484
Rank:0 Epoch: [36/40], Step: [171/782], Loss: 0.2936824858188629
Rank:0 Epoch: [36/40], Step: [181/782], Loss: 0.3483752906322479
Rank:0 Epoch: [36/40], Step: [191/782], Loss: 0.22700409591197968
Rank:0 Epoch: [36/40], Step: [201/782], Loss: 0.11763004213571548
Rank:0 Epoch: [36/40], Step: [211/782], Loss: 0.2543972134590149
Rank:0 Epoch: [36/40], Step: [221/782], Loss: 0.20718446373939514
Rank:0 Epoch: [36/40], Step: [231/782], Loss: 0.11582102626562119
Rank:0 Epoch: [36/40], Step: [241/782], Loss: 0.060575246810913086
Rank:0 Epoch: [36/40], Step: [251/782], Loss: 0.28032025694847107
Rank:0 Epoch: [36/40], Step: [261/782], Loss: 0.08884641528129578
Rank:0 Epoch: [36/40], Step: [271/782], Loss: 0.226699560880661
Rank:0 Epoch: [36/40], Step: [281/782], Loss: 0.19070231914520264
Rank:0 Epoch: [36/40], Step: [291/782], Loss: 0.2948707938194275
Rank:0 Epoch: [36/40], Step: [301/782], Loss: 0.20794148743152618
Rank:0 Epoch: [36/40], Step: [311/782], Loss: 0.09990818053483963
Rank:0 Epoch: [36/40], Step: [321/782], Loss: 0.12186484783887863
Rank:0 Epoch: [36/40], Step: [331/782], Loss: 0.1947357952594757
Rank:0 Epoch: [36/40], Step: [341/782], Loss: 0.1902102828025818
Rank:0 Epoch: [36/40], Step: [351/782], Loss: 0.1621897965669632
Rank:0 Epoch: [36/40], Step: [361/782], Loss: 0.15314951539039612
Rank:0 Epoch: [36/40], Step: [371/782], Loss: 0.15661121904850006
Rank:0 Epoch: [36/40], Step: [381/782], Loss: 0.10678792744874954
Rank:0 Epoch: [36/40], Step: [391/782], Loss: 0.2669425904750824
Rank:0 Epoch: [36/40], Step: [401/782], Loss: 0.1271926760673523
Rank:0 Epoch: [36/40], Step: [411/782], Loss: 0.24256502091884613
Rank:0 Epoch: [36/40], Step: [421/782], Loss: 0.20916470885276794
Rank:0 Epoch: [36/40], Step: [431/782], Loss: 0.22706358134746552
Rank:0 Epoch: [36/40], Step: [441/782], Loss: 0.1423710137605667
Rank:0 Epoch: [36/40], Step: [451/782], Loss: 0.20254038274288177
Rank:0 Epoch: [36/40], Step: [461/782], Loss: 0.10921777039766312
Rank:0 Epoch: [36/40], Step: [471/782], Loss: 0.11597152054309845
Rank:0 Epoch: [36/40], Step: [481/782], Loss: 0.22466371953487396
Rank:0 Epoch: [36/40], Step: [491/782], Loss: 0.21792243421077728
Rank:0 Epoch: [36/40], Step: [501/782], Loss: 0.16158083081245422
Rank:0 Epoch: [36/40], Step: [511/782], Loss: 0.18019485473632812
Rank:0 Epoch: [36/40], Step: [521/782], Loss: 0.20705938339233398
Rank:0 Epoch: [36/40], Step: [531/782], Loss: 0.1387604922056198
Rank:0 Epoch: [36/40], Step: [541/782], Loss: 0.20060119032859802
Rank:0 Epoch: [36/40], Step: [551/782], Loss: 0.2514045834541321
Rank:0 Epoch: [36/40], Step: [561/782], Loss: 0.22058382630348206
Rank:0 Epoch: [36/40], Step: [571/782], Loss: 0.17902514338493347
Rank:0 Epoch: [36/40], Step: [581/782], Loss: 0.13763365149497986
Rank:0 Epoch: [36/40], Step: [591/782], Loss: 0.1899520307779312
Rank:0 Epoch: [36/40], Step: [601/782], Loss: 0.08495978266000748
Rank:0 Epoch: [36/40], Step: [611/782], Loss: 0.14784784615039825
Rank:0 Epoch: [36/40], Step: [621/782], Loss: 0.17804460227489471
Rank:0 Epoch: [36/40], Step: [631/782], Loss: 0.12532134354114532
Rank:0 Epoch: [36/40], Step: [641/782], Loss: 0.143533393740654
Rank:0 Epoch: [36/40], Step: [651/782], Loss: 0.3202749788761139
Rank:0 Epoch: [36/40], Step: [661/782], Loss: 0.2801772654056549
Rank:0 Epoch: [36/40], Step: [671/782], Loss: 0.14036564528942108
Rank:0 Epoch: [36/40], Step: [681/782], Loss: 0.11621974408626556
Rank:0 Epoch: [36/40], Step: [691/782], Loss: 0.13784171640872955
Rank:0 Epoch: [36/40], Step: [701/782], Loss: 0.09977444261312485
Rank:0 Epoch: [36/40], Step: [711/782], Loss: 0.18848156929016113
Rank:0 Epoch: [36/40], Step: [721/782], Loss: 0.14844366908073425
Rank:0 Epoch: [36/40], Step: [731/782], Loss: 0.12354382872581482
Rank:0 Epoch: [36/40], Step: [741/782], Loss: 0.26937776803970337
Rank:0 Epoch: [36/40], Step: [751/782], Loss: 0.24577678740024567
Rank:0 Epoch: [36/40], Step: [761/782], Loss: 0.15455666184425354
Rank:0 Epoch: [36/40], Step: [771/782], Loss: 0.1989063322544098
Rank:0 Epoch: [36/40], Step: [781/782], Loss: 0.17592698335647583
Current Test Acc: 0.901
Rank:0 Epoch: [37/40], Step: [1/782], Loss: 0.15778498351573944
Rank:0 Epoch: [37/40], Step: [11/782], Loss: 0.2347593605518341
Rank:0 Epoch: [37/40], Step: [21/782], Loss: 0.08256746828556061
Rank:0 Epoch: [37/40], Step: [31/782], Loss: 0.1801125705242157
Rank:0 Epoch: [37/40], Step: [41/782], Loss: 0.12365568429231644
Rank:0 Epoch: [37/40], Step: [51/782], Loss: 0.30141523480415344
Rank:0 Epoch: [37/40], Step: [61/782], Loss: 0.3083036243915558
Rank:0 Epoch: [37/40], Step: [71/782], Loss: 0.16797380149364471
Rank:0 Epoch: [37/40], Step: [81/782], Loss: 0.17347607016563416
Rank:0 Epoch: [37/40], Step: [91/782], Loss: 0.18190737068653107
Rank:0 Epoch: [37/40], Step: [101/782], Loss: 0.1689770668745041
Rank:0 Epoch: [37/40], Step: [111/782], Loss: 0.19516561925411224
Rank:0 Epoch: [37/40], Step: [121/782], Loss: 0.1390065848827362
Rank:0 Epoch: [37/40], Step: [131/782], Loss: 0.1767452359199524
Rank:0 Epoch: [37/40], Step: [141/782], Loss: 0.22357505559921265
Rank:0 Epoch: [37/40], Step: [151/782], Loss: 0.2034330517053604
Rank:0 Epoch: [37/40], Step: [161/782], Loss: 0.19390326738357544
Rank:0 Epoch: [37/40], Step: [171/782], Loss: 0.1868111491203308
Rank:0 Epoch: [37/40], Step: [181/782], Loss: 0.12327850610017776
Rank:0 Epoch: [37/40], Step: [191/782], Loss: 0.2662554085254669
Rank:0 Epoch: [37/40], Step: [201/782], Loss: 0.13792909681797028
Rank:0 Epoch: [37/40], Step: [211/782], Loss: 0.2246348112821579
Rank:0 Epoch: [37/40], Step: [221/782], Loss: 0.08917390555143356
Rank:0 Epoch: [37/40], Step: [231/782], Loss: 0.12690038979053497
Rank:0 Epoch: [37/40], Step: [241/782], Loss: 0.10029764473438263
Rank:0 Epoch: [37/40], Step: [251/782], Loss: 0.2655632197856903
Rank:0 Epoch: [37/40], Step: [261/782], Loss: 0.1490914225578308
Rank:0 Epoch: [37/40], Step: [271/782], Loss: 0.1945442110300064
Rank:0 Epoch: [37/40], Step: [281/782], Loss: 0.08399403095245361
Rank:0 Epoch: [37/40], Step: [291/782], Loss: 0.3167910575866699
Rank:0 Epoch: [37/40], Step: [301/782], Loss: 0.130447119474411
Rank:0 Epoch: [37/40], Step: [311/782], Loss: 0.1699984073638916
Rank:0 Epoch: [37/40], Step: [321/782], Loss: 0.2621581554412842
Rank:0 Epoch: [37/40], Step: [331/782], Loss: 0.3279097378253937
Rank:0 Epoch: [37/40], Step: [341/782], Loss: 0.13508619368076324
Rank:0 Epoch: [37/40], Step: [351/782], Loss: 0.1832362413406372
Rank:0 Epoch: [37/40], Step: [361/782], Loss: 0.13430926203727722
Rank:0 Epoch: [37/40], Step: [371/782], Loss: 0.17851495742797852
Rank:0 Epoch: [37/40], Step: [381/782], Loss: 0.2604871988296509
Rank:0 Epoch: [37/40], Step: [391/782], Loss: 0.2076513171195984
Rank:0 Epoch: [37/40], Step: [401/782], Loss: 0.3226160705089569
Rank:0 Epoch: [37/40], Step: [411/782], Loss: 0.23102648556232452
Rank:0 Epoch: [37/40], Step: [421/782], Loss: 0.18949943780899048
Rank:0 Epoch: [37/40], Step: [431/782], Loss: 0.10106157511472702
Rank:0 Epoch: [37/40], Step: [441/782], Loss: 0.2677816152572632
Rank:0 Epoch: [37/40], Step: [451/782], Loss: 0.07416372746229172
Rank:0 Epoch: [37/40], Step: [461/782], Loss: 0.09034546464681625
Rank:0 Epoch: [37/40], Step: [471/782], Loss: 0.14430959522724152
Rank:0 Epoch: [37/40], Step: [481/782], Loss: 0.2674878239631653
Rank:0 Epoch: [37/40], Step: [491/782], Loss: 0.11807191371917725
Rank:0 Epoch: [37/40], Step: [501/782], Loss: 0.12417259067296982
Rank:0 Epoch: [37/40], Step: [511/782], Loss: 0.24573978781700134
Rank:0 Epoch: [37/40], Step: [521/782], Loss: 0.08009698987007141
Rank:0 Epoch: [37/40], Step: [531/782], Loss: 0.2387751191854477
Rank:0 Epoch: [37/40], Step: [541/782], Loss: 0.2124435156583786
Rank:0 Epoch: [37/40], Step: [551/782], Loss: 0.18163949251174927
Rank:0 Epoch: [37/40], Step: [561/782], Loss: 0.13076244294643402
Rank:0 Epoch: [37/40], Step: [571/782], Loss: 0.18134555220603943
Rank:0 Epoch: [37/40], Step: [581/782], Loss: 0.28328096866607666
Rank:0 Epoch: [37/40], Step: [591/782], Loss: 0.14281359314918518
Rank:0 Epoch: [37/40], Step: [601/782], Loss: 0.14884671568870544
Rank:0 Epoch: [37/40], Step: [611/782], Loss: 0.21982073783874512
Rank:0 Epoch: [37/40], Step: [621/782], Loss: 0.21224075555801392
Rank:0 Epoch: [37/40], Step: [631/782], Loss: 0.23130369186401367
Rank:0 Epoch: [37/40], Step: [641/782], Loss: 0.16907858848571777
Rank:0 Epoch: [37/40], Step: [651/782], Loss: 0.2230939418077469
Rank:0 Epoch: [37/40], Step: [661/782], Loss: 0.1830032616853714
Rank:0 Epoch: [37/40], Step: [671/782], Loss: 0.1759028136730194
Rank:0 Epoch: [37/40], Step: [681/782], Loss: 0.1416638046503067
Rank:0 Epoch: [37/40], Step: [691/782], Loss: 0.19571226835250854
Rank:0 Epoch: [37/40], Step: [701/782], Loss: 0.1864553540945053
Rank:0 Epoch: [37/40], Step: [711/782], Loss: 0.16464895009994507
Rank:0 Epoch: [37/40], Step: [721/782], Loss: 0.12453486025333405
Rank:0 Epoch: [37/40], Step: [731/782], Loss: 0.19902566075325012
Rank:0 Epoch: [37/40], Step: [741/782], Loss: 0.14005646109580994
Rank:0 Epoch: [37/40], Step: [751/782], Loss: 0.15704475343227386
Rank:0 Epoch: [37/40], Step: [761/782], Loss: 0.056327689439058304
Rank:0 Epoch: [37/40], Step: [771/782], Loss: 0.13055744767189026
Rank:0 Epoch: [37/40], Step: [781/782], Loss: 0.09674276411533356
Current Test Acc: 0.9034
Rank:0 Epoch: [38/40], Step: [1/782], Loss: 0.2383798360824585
Rank:0 Epoch: [38/40], Step: [11/782], Loss: 0.13039140403270721
Rank:0 Epoch: [38/40], Step: [21/782], Loss: 0.1556592881679535
Rank:0 Epoch: [38/40], Step: [31/782], Loss: 0.21145819127559662
Rank:0 Epoch: [38/40], Step: [41/782], Loss: 0.09143972396850586
Rank:0 Epoch: [38/40], Step: [51/782], Loss: 0.1580706089735031
Rank:0 Epoch: [38/40], Step: [61/782], Loss: 0.06133626773953438
Rank:0 Epoch: [38/40], Step: [71/782], Loss: 0.123219795525074
Rank:0 Epoch: [38/40], Step: [81/782], Loss: 0.3054898977279663
Rank:0 Epoch: [38/40], Step: [91/782], Loss: 0.18523551523685455
Rank:0 Epoch: [38/40], Step: [101/782], Loss: 0.09098896384239197
Rank:0 Epoch: [38/40], Step: [111/782], Loss: 0.2325490415096283
Rank:0 Epoch: [38/40], Step: [121/782], Loss: 0.1559547632932663
Rank:0 Epoch: [38/40], Step: [131/782], Loss: 0.1513347178697586
Rank:0 Epoch: [38/40], Step: [141/782], Loss: 0.13849283754825592
Rank:0 Epoch: [38/40], Step: [151/782], Loss: 0.09936992079019547
Rank:0 Epoch: [38/40], Step: [161/782], Loss: 0.0975373238325119
Rank:0 Epoch: [38/40], Step: [171/782], Loss: 0.28579968214035034
Rank:0 Epoch: [38/40], Step: [181/782], Loss: 0.17626503109931946
Rank:0 Epoch: [38/40], Step: [191/782], Loss: 0.17251773178577423
Rank:0 Epoch: [38/40], Step: [201/782], Loss: 0.16161681711673737
Rank:0 Epoch: [38/40], Step: [211/782], Loss: 0.3328409194946289
Rank:0 Epoch: [38/40], Step: [221/782], Loss: 0.16926074028015137
Rank:0 Epoch: [38/40], Step: [231/782], Loss: 0.17839056253433228
Rank:0 Epoch: [38/40], Step: [241/782], Loss: 0.11641260236501694
Rank:0 Epoch: [38/40], Step: [251/782], Loss: 0.07618054747581482
Rank:0 Epoch: [38/40], Step: [261/782], Loss: 0.19724667072296143
Rank:0 Epoch: [38/40], Step: [271/782], Loss: 0.17939667403697968
Rank:0 Epoch: [38/40], Step: [281/782], Loss: 0.17812220752239227
Rank:0 Epoch: [38/40], Step: [291/782], Loss: 0.3326100707054138
Rank:0 Epoch: [38/40], Step: [301/782], Loss: 0.26017096638679504
Rank:0 Epoch: [38/40], Step: [311/782], Loss: 0.20597530901432037
Rank:0 Epoch: [38/40], Step: [321/782], Loss: 0.1556021124124527
Rank:0 Epoch: [38/40], Step: [331/782], Loss: 0.17990794777870178
Rank:0 Epoch: [38/40], Step: [341/782], Loss: 0.16436557471752167
Rank:0 Epoch: [38/40], Step: [351/782], Loss: 0.08980932086706161
Rank:0 Epoch: [38/40], Step: [361/782], Loss: 0.2969580590724945
Rank:0 Epoch: [38/40], Step: [371/782], Loss: 0.05192212387919426
Rank:0 Epoch: [38/40], Step: [381/782], Loss: 0.13391360640525818
Rank:0 Epoch: [38/40], Step: [391/782], Loss: 0.1039571687579155
Rank:0 Epoch: [38/40], Step: [401/782], Loss: 0.06492259353399277
Rank:0 Epoch: [38/40], Step: [411/782], Loss: 0.2511261999607086
Rank:0 Epoch: [38/40], Step: [421/782], Loss: 0.14488539099693298
Rank:0 Epoch: [38/40], Step: [431/782], Loss: 0.16766752302646637
Rank:0 Epoch: [38/40], Step: [441/782], Loss: 0.22617101669311523
Rank:0 Epoch: [38/40], Step: [451/782], Loss: 0.16291207075119019
Rank:0 Epoch: [38/40], Step: [461/782], Loss: 0.17687620222568512
Rank:0 Epoch: [38/40], Step: [471/782], Loss: 0.058310456573963165
Rank:0 Epoch: [38/40], Step: [481/782], Loss: 0.26126787066459656
Rank:0 Epoch: [38/40], Step: [491/782], Loss: 0.19646112620830536
Rank:0 Epoch: [38/40], Step: [501/782], Loss: 0.22773154079914093
Rank:0 Epoch: [38/40], Step: [511/782], Loss: 0.22782176733016968
Rank:0 Epoch: [38/40], Step: [521/782], Loss: 0.13927775621414185
Rank:0 Epoch: [38/40], Step: [531/782], Loss: 0.0766630619764328
Rank:0 Epoch: [38/40], Step: [541/782], Loss: 0.12987901270389557
Rank:0 Epoch: [38/40], Step: [551/782], Loss: 0.19408634305000305
Rank:0 Epoch: [38/40], Step: [561/782], Loss: 0.13039042055606842
Rank:0 Epoch: [38/40], Step: [571/782], Loss: 0.14801949262619019
Rank:0 Epoch: [38/40], Step: [581/782], Loss: 0.11801768839359283
Rank:0 Epoch: [38/40], Step: [591/782], Loss: 0.14780794084072113
Rank:0 Epoch: [38/40], Step: [601/782], Loss: 0.1050804927945137
Rank:0 Epoch: [38/40], Step: [611/782], Loss: 0.1895054578781128
Rank:0 Epoch: [38/40], Step: [621/782], Loss: 0.2444857358932495
Rank:0 Epoch: [38/40], Step: [631/782], Loss: 0.23481163382530212
Rank:0 Epoch: [38/40], Step: [641/782], Loss: 0.20367495715618134
Rank:0 Epoch: [38/40], Step: [651/782], Loss: 0.09278358519077301
Rank:0 Epoch: [38/40], Step: [661/782], Loss: 0.28699401021003723
Rank:0 Epoch: [38/40], Step: [671/782], Loss: 0.12888571619987488
Rank:0 Epoch: [38/40], Step: [681/782], Loss: 0.19028246402740479
Rank:0 Epoch: [38/40], Step: [691/782], Loss: 0.23408931493759155
Rank:0 Epoch: [38/40], Step: [701/782], Loss: 0.22545816004276276
Rank:0 Epoch: [38/40], Step: [711/782], Loss: 0.08744236081838608
Rank:0 Epoch: [38/40], Step: [721/782], Loss: 0.09965294599533081
Rank:0 Epoch: [38/40], Step: [731/782], Loss: 0.19782665371894836
Rank:0 Epoch: [38/40], Step: [741/782], Loss: 0.12027687579393387
Rank:0 Epoch: [38/40], Step: [751/782], Loss: 0.14680562913417816
Rank:0 Epoch: [38/40], Step: [761/782], Loss: 0.1086406409740448
Rank:0 Epoch: [38/40], Step: [771/782], Loss: 0.22353510558605194
Rank:0 Epoch: [38/40], Step: [781/782], Loss: 0.21393850445747375
Current Test Acc: 0.9033
Rank:0 Epoch: [39/40], Step: [1/782], Loss: 0.13521485030651093
Rank:0 Epoch: [39/40], Step: [11/782], Loss: 0.15442800521850586
Rank:0 Epoch: [39/40], Step: [21/782], Loss: 0.2500157952308655
Rank:0 Epoch: [39/40], Step: [31/782], Loss: 0.1723693311214447
Rank:0 Epoch: [39/40], Step: [41/782], Loss: 0.1236298531293869
Rank:0 Epoch: [39/40], Step: [51/782], Loss: 0.1279645413160324
Rank:0 Epoch: [39/40], Step: [61/782], Loss: 0.35827770829200745
Rank:0 Epoch: [39/40], Step: [71/782], Loss: 0.15600252151489258
Rank:0 Epoch: [39/40], Step: [81/782], Loss: 0.3571699261665344
Rank:0 Epoch: [39/40], Step: [91/782], Loss: 0.15286043286323547
Rank:0 Epoch: [39/40], Step: [101/782], Loss: 0.10592395812273026
Rank:0 Epoch: [39/40], Step: [111/782], Loss: 0.19048351049423218
Rank:0 Epoch: [39/40], Step: [121/782], Loss: 0.07784564793109894
Rank:0 Epoch: [39/40], Step: [131/782], Loss: 0.16064687073230743
Rank:0 Epoch: [39/40], Step: [141/782], Loss: 0.1744823306798935
Rank:0 Epoch: [39/40], Step: [151/782], Loss: 0.17335189878940582
Rank:0 Epoch: [39/40], Step: [161/782], Loss: 0.26429370045661926
Rank:0 Epoch: [39/40], Step: [171/782], Loss: 0.2120945155620575
Rank:0 Epoch: [39/40], Step: [181/782], Loss: 0.15440168976783752
Rank:0 Epoch: [39/40], Step: [191/782], Loss: 0.16072610020637512
Rank:0 Epoch: [39/40], Step: [201/782], Loss: 0.17304761707782745
Rank:0 Epoch: [39/40], Step: [211/782], Loss: 0.24960196018218994
Rank:0 Epoch: [39/40], Step: [221/782], Loss: 0.17546012997627258
Rank:0 Epoch: [39/40], Step: [231/782], Loss: 0.08248832076787949
Rank:0 Epoch: [39/40], Step: [241/782], Loss: 0.10860825330018997
Rank:0 Epoch: [39/40], Step: [251/782], Loss: 0.25619378685951233
Rank:0 Epoch: [39/40], Step: [261/782], Loss: 0.24537324905395508
Rank:0 Epoch: [39/40], Step: [271/782], Loss: 0.1326025277376175
Rank:0 Epoch: [39/40], Step: [281/782], Loss: 0.09490155428647995
Rank:0 Epoch: [39/40], Step: [291/782], Loss: 0.2934223413467407
Rank:0 Epoch: [39/40], Step: [301/782], Loss: 0.27064287662506104
Rank:0 Epoch: [39/40], Step: [311/782], Loss: 0.1538526564836502
Rank:0 Epoch: [39/40], Step: [321/782], Loss: 0.2550137937068939
Rank:0 Epoch: [39/40], Step: [331/782], Loss: 0.3175066411495209
Rank:0 Epoch: [39/40], Step: [341/782], Loss: 0.2133311927318573
Rank:0 Epoch: [39/40], Step: [351/782], Loss: 0.22644197940826416
Rank:0 Epoch: [39/40], Step: [361/782], Loss: 0.14567595720291138
Rank:0 Epoch: [39/40], Step: [371/782], Loss: 0.07033450156450272
Rank:0 Epoch: [39/40], Step: [381/782], Loss: 0.21573090553283691
Rank:0 Epoch: [39/40], Step: [391/782], Loss: 0.3887706995010376
Rank:0 Epoch: [39/40], Step: [401/782], Loss: 0.1618257611989975
Rank:0 Epoch: [39/40], Step: [411/782], Loss: 0.19682684540748596
Rank:0 Epoch: [39/40], Step: [421/782], Loss: 0.15939457714557648
Rank:0 Epoch: [39/40], Step: [431/782], Loss: 0.09421936422586441
Rank:0 Epoch: [39/40], Step: [441/782], Loss: 0.2953975796699524
Rank:0 Epoch: [39/40], Step: [451/782], Loss: 0.17668534815311432
Rank:0 Epoch: [39/40], Step: [461/782], Loss: 0.14879025518894196
Rank:0 Epoch: [39/40], Step: [471/782], Loss: 0.2263791710138321
Rank:0 Epoch: [39/40], Step: [481/782], Loss: 0.2580849826335907
Rank:0 Epoch: [39/40], Step: [491/782], Loss: 0.1881663203239441
Rank:0 Epoch: [39/40], Step: [501/782], Loss: 0.1271580010652542
Rank:0 Epoch: [39/40], Step: [511/782], Loss: 0.056705690920352936
Rank:0 Epoch: [39/40], Step: [521/782], Loss: 0.28800731897354126
Rank:0 Epoch: [39/40], Step: [531/782], Loss: 0.1715480089187622
Rank:0 Epoch: [39/40], Step: [541/782], Loss: 0.30836960673332214
Rank:0 Epoch: [39/40], Step: [551/782], Loss: 0.17322781682014465
Rank:0 Epoch: [39/40], Step: [561/782], Loss: 0.22381532192230225
Rank:0 Epoch: [39/40], Step: [571/782], Loss: 0.15842002630233765
Rank:0 Epoch: [39/40], Step: [581/782], Loss: 0.1630358099937439
Rank:0 Epoch: [39/40], Step: [591/782], Loss: 0.2187502682209015
Rank:0 Epoch: [39/40], Step: [601/782], Loss: 0.29574739933013916
Rank:0 Epoch: [39/40], Step: [611/782], Loss: 0.1255190223455429
Rank:0 Epoch: [39/40], Step: [621/782], Loss: 0.14230474829673767
Rank:0 Epoch: [39/40], Step: [631/782], Loss: 0.21822817623615265
Rank:0 Epoch: [39/40], Step: [641/782], Loss: 0.0811486542224884
Rank:0 Epoch: [39/40], Step: [651/782], Loss: 0.19430361688137054
Rank:0 Epoch: [39/40], Step: [661/782], Loss: 0.2652561664581299
Rank:0 Epoch: [39/40], Step: [671/782], Loss: 0.2500338554382324
Rank:0 Epoch: [39/40], Step: [681/782], Loss: 0.14501500129699707
Rank:0 Epoch: [39/40], Step: [691/782], Loss: 0.20683065056800842
Rank:0 Epoch: [39/40], Step: [701/782], Loss: 0.13203859329223633
Rank:0 Epoch: [39/40], Step: [711/782], Loss: 0.21710650622844696
Rank:0 Epoch: [39/40], Step: [721/782], Loss: 0.1441037803888321
Rank:0 Epoch: [39/40], Step: [731/782], Loss: 0.1559617519378662
Rank:0 Epoch: [39/40], Step: [741/782], Loss: 0.24658888578414917
Rank:0 Epoch: [39/40], Step: [751/782], Loss: 0.1714261770248413
Rank:0 Epoch: [39/40], Step: [761/782], Loss: 0.1135021448135376
Rank:0 Epoch: [39/40], Step: [771/782], Loss: 0.23428303003311157
Rank:0 Epoch: [39/40], Step: [781/782], Loss: 0.18148227035999298
Current Test Acc: 0.9045
Rank:0 Epoch: [40/40], Step: [1/782], Loss: 0.11919788271188736
Rank:0 Epoch: [40/40], Step: [11/782], Loss: 0.21229417622089386
Rank:0 Epoch: [40/40], Step: [21/782], Loss: 0.25089964270591736
Rank:0 Epoch: [40/40], Step: [31/782], Loss: 0.1782318502664566
Rank:0 Epoch: [40/40], Step: [41/782], Loss: 0.147224560379982
Rank:0 Epoch: [40/40], Step: [51/782], Loss: 0.12870468199253082
Rank:0 Epoch: [40/40], Step: [61/782], Loss: 0.15069745481014252
Rank:0 Epoch: [40/40], Step: [71/782], Loss: 0.10568369179964066
Rank:0 Epoch: [40/40], Step: [81/782], Loss: 0.19861768186092377
Rank:0 Epoch: [40/40], Step: [91/782], Loss: 0.2117089182138443
Rank:0 Epoch: [40/40], Step: [101/782], Loss: 0.2713959813117981
Rank:0 Epoch: [40/40], Step: [111/782], Loss: 0.17054444551467896
Rank:0 Epoch: [40/40], Step: [121/782], Loss: 0.20026865601539612
Rank:0 Epoch: [40/40], Step: [131/782], Loss: 0.11645618081092834
Rank:0 Epoch: [40/40], Step: [141/782], Loss: 0.18027091026306152
Rank:0 Epoch: [40/40], Step: [151/782], Loss: 0.2531934082508087
Rank:0 Epoch: [40/40], Step: [161/782], Loss: 0.13200406730175018
Rank:0 Epoch: [40/40], Step: [171/782], Loss: 0.17789733409881592
Rank:0 Epoch: [40/40], Step: [181/782], Loss: 0.10171295702457428
Rank:0 Epoch: [40/40], Step: [191/782], Loss: 0.26260390877723694
Rank:0 Epoch: [40/40], Step: [201/782], Loss: 0.13712860643863678
Rank:0 Epoch: [40/40], Step: [211/782], Loss: 0.08196411281824112
Rank:0 Epoch: [40/40], Step: [221/782], Loss: 0.07472013682126999
Rank:0 Epoch: [40/40], Step: [231/782], Loss: 0.2596428692340851
Rank:0 Epoch: [40/40], Step: [241/782], Loss: 0.28100013732910156
Rank:0 Epoch: [40/40], Step: [251/782], Loss: 0.1454608142375946
Rank:0 Epoch: [40/40], Step: [261/782], Loss: 0.1667696237564087
Rank:0 Epoch: [40/40], Step: [271/782], Loss: 0.22075997292995453
Rank:0 Epoch: [40/40], Step: [281/782], Loss: 0.19454286992549896
Rank:0 Epoch: [40/40], Step: [291/782], Loss: 0.09502632915973663
Rank:0 Epoch: [40/40], Step: [301/782], Loss: 0.14465944468975067
Rank:0 Epoch: [40/40], Step: [311/782], Loss: 0.2918560206890106
Rank:0 Epoch: [40/40], Step: [321/782], Loss: 0.25991106033325195
Rank:0 Epoch: [40/40], Step: [331/782], Loss: 0.10845139622688293
Rank:0 Epoch: [40/40], Step: [341/782], Loss: 0.25092384219169617
Rank:0 Epoch: [40/40], Step: [351/782], Loss: 0.23005037009716034
Rank:0 Epoch: [40/40], Step: [361/782], Loss: 0.20004019141197205
Rank:0 Epoch: [40/40], Step: [371/782], Loss: 0.1832943558692932
Rank:0 Epoch: [40/40], Step: [381/782], Loss: 0.27378028631210327
Rank:0 Epoch: [40/40], Step: [391/782], Loss: 0.18190902471542358
Rank:0 Epoch: [40/40], Step: [401/782], Loss: 0.16371706128120422
Rank:0 Epoch: [40/40], Step: [411/782], Loss: 0.182067409157753
Rank:0 Epoch: [40/40], Step: [421/782], Loss: 0.1355983018875122
Rank:0 Epoch: [40/40], Step: [431/782], Loss: 0.12423823773860931
Rank:0 Epoch: [40/40], Step: [441/782], Loss: 0.22941191494464874
Rank:0 Epoch: [40/40], Step: [451/782], Loss: 0.240713968873024
Rank:0 Epoch: [40/40], Step: [461/782], Loss: 0.21116939187049866
Rank:0 Epoch: [40/40], Step: [471/782], Loss: 0.40296873450279236
Rank:0 Epoch: [40/40], Step: [481/782], Loss: 0.16887223720550537
Rank:0 Epoch: [40/40], Step: [491/782], Loss: 0.31850337982177734
Rank:0 Epoch: [40/40], Step: [501/782], Loss: 0.19278483092784882
Rank:0 Epoch: [40/40], Step: [511/782], Loss: 0.24122725427150726
Rank:0 Epoch: [40/40], Step: [521/782], Loss: 0.24081481993198395
Rank:0 Epoch: [40/40], Step: [531/782], Loss: 0.18944577872753143
Rank:0 Epoch: [40/40], Step: [541/782], Loss: 0.21492326259613037
Rank:0 Epoch: [40/40], Step: [551/782], Loss: 0.1882815957069397
Rank:0 Epoch: [40/40], Step: [561/782], Loss: 0.09892936050891876
Rank:0 Epoch: [40/40], Step: [571/782], Loss: 0.1847209483385086
Rank:0 Epoch: [40/40], Step: [581/782], Loss: 0.2861802875995636
Rank:0 Epoch: [40/40], Step: [591/782], Loss: 0.22987042367458344
Rank:0 Epoch: [40/40], Step: [601/782], Loss: 0.17340223491191864
Rank:0 Epoch: [40/40], Step: [611/782], Loss: 0.2502743899822235
Rank:0 Epoch: [40/40], Step: [621/782], Loss: 0.17125338315963745
Rank:0 Epoch: [40/40], Step: [631/782], Loss: 0.3017836809158325
Rank:0 Epoch: [40/40], Step: [641/782], Loss: 0.09734643995761871
Rank:0 Epoch: [40/40], Step: [651/782], Loss: 0.06719854474067688
Rank:0 Epoch: [40/40], Step: [661/782], Loss: 0.128949835896492
Rank:0 Epoch: [40/40], Step: [671/782], Loss: 0.09846056252717972
Rank:0 Epoch: [40/40], Step: [681/782], Loss: 0.0857384130358696
Rank:0 Epoch: [40/40], Step: [691/782], Loss: 0.12114480882883072
Rank:0 Epoch: [40/40], Step: [701/782], Loss: 0.30652710795402527
Rank:0 Epoch: [40/40], Step: [711/782], Loss: 0.1236351728439331
Rank:0 Epoch: [40/40], Step: [721/782], Loss: 0.12645161151885986
Rank:0 Epoch: [40/40], Step: [731/782], Loss: 0.15756858885288239
Rank:0 Epoch: [40/40], Step: [741/782], Loss: 0.15816763043403625
Rank:0 Epoch: [40/40], Step: [751/782], Loss: 0.2620825469493866
Rank:0 Epoch: [40/40], Step: [761/782], Loss: 0.11598391830921173
Rank:0 Epoch: [40/40], Step: [771/782], Loss: 0.14521965384483337
Rank:0 Epoch: [40/40], Step: [781/782], Loss: 0.10025517642498016
Current Test Acc: 0.9028
Local best accuracy so far 0.9046
Best accuracy so far 0.9046
completed!
