ddp backend: nccl, world size: 1
rank 0 train on cuda 0
Rank:0 Epoch: [1/40], Step: [1/782], Loss: 1.817876935005188
Rank:0 Epoch: [1/40], Step: [11/782], Loss: 2.690992832183838
Rank:0 Epoch: [1/40], Step: [21/782], Loss: 2.1017110347747803
Rank:0 Epoch: [1/40], Step: [31/782], Loss: 1.9160804748535156
Rank:0 Epoch: [1/40], Step: [41/782], Loss: 1.6183855533599854
Rank:0 Epoch: [1/40], Step: [51/782], Loss: 1.7350711822509766
Rank:0 Epoch: [1/40], Step: [61/782], Loss: 1.4967536926269531
Rank:0 Epoch: [1/40], Step: [71/782], Loss: 1.647188663482666
Rank:0 Epoch: [1/40], Step: [81/782], Loss: 1.4041699171066284
Rank:0 Epoch: [1/40], Step: [91/782], Loss: 1.2780656814575195
Rank:0 Epoch: [1/40], Step: [101/782], Loss: 1.3008052110671997
Rank:0 Epoch: [1/40], Step: [111/782], Loss: 1.1182597875595093
Rank:0 Epoch: [1/40], Step: [121/782], Loss: 1.152808666229248
Rank:0 Epoch: [1/40], Step: [131/782], Loss: 1.1857762336730957
Rank:0 Epoch: [1/40], Step: [141/782], Loss: 1.4387624263763428
Rank:0 Epoch: [1/40], Step: [151/782], Loss: 1.501225471496582
Rank:0 Epoch: [1/40], Step: [161/782], Loss: 1.340947151184082
Rank:0 Epoch: [1/40], Step: [171/782], Loss: 1.048801064491272
Rank:0 Epoch: [1/40], Step: [181/782], Loss: 1.2378168106079102
Rank:0 Epoch: [1/40], Step: [191/782], Loss: 1.165210247039795
Rank:0 Epoch: [1/40], Step: [201/782], Loss: 1.1946446895599365
Rank:0 Epoch: [1/40], Step: [211/782], Loss: 1.2350696325302124
Rank:0 Epoch: [1/40], Step: [221/782], Loss: 0.9054213166236877
Rank:0 Epoch: [1/40], Step: [231/782], Loss: 1.2529397010803223
Rank:0 Epoch: [1/40], Step: [241/782], Loss: 0.9004037380218506
Rank:0 Epoch: [1/40], Step: [251/782], Loss: 1.0219649076461792
Rank:0 Epoch: [1/40], Step: [261/782], Loss: 1.1771175861358643
Rank:0 Epoch: [1/40], Step: [271/782], Loss: 1.1793631315231323
Rank:0 Epoch: [1/40], Step: [281/782], Loss: 0.6430405974388123
Rank:0 Epoch: [1/40], Step: [291/782], Loss: 0.7626861333847046
Rank:0 Epoch: [1/40], Step: [301/782], Loss: 0.8818492889404297
Rank:0 Epoch: [1/40], Step: [311/782], Loss: 0.7231367230415344
Rank:0 Epoch: [1/40], Step: [321/782], Loss: 0.7709323763847351
Rank:0 Epoch: [1/40], Step: [331/782], Loss: 1.0247241258621216
Rank:0 Epoch: [1/40], Step: [341/782], Loss: 0.783642053604126
Rank:0 Epoch: [1/40], Step: [351/782], Loss: 0.9980418682098389
Rank:0 Epoch: [1/40], Step: [361/782], Loss: 0.7916651368141174
Rank:0 Epoch: [1/40], Step: [371/782], Loss: 0.891848623752594
Rank:0 Epoch: [1/40], Step: [381/782], Loss: 0.7250179648399353
Rank:0 Epoch: [1/40], Step: [391/782], Loss: 0.6784016489982605
Rank:0 Epoch: [1/40], Step: [401/782], Loss: 0.9368005394935608
Rank:0 Epoch: [1/40], Step: [411/782], Loss: 0.7557221055030823
Rank:0 Epoch: [1/40], Step: [421/782], Loss: 0.7018191814422607
Rank:0 Epoch: [1/40], Step: [431/782], Loss: 0.7541993260383606
Rank:0 Epoch: [1/40], Step: [441/782], Loss: 0.6976804137229919
Rank:0 Epoch: [1/40], Step: [451/782], Loss: 0.5663629174232483
Rank:0 Epoch: [1/40], Step: [461/782], Loss: 0.6189959645271301
Rank:0 Epoch: [1/40], Step: [471/782], Loss: 0.6789023876190186
Rank:0 Epoch: [1/40], Step: [481/782], Loss: 0.9909822344779968
Rank:0 Epoch: [1/40], Step: [491/782], Loss: 0.6142157912254333
Rank:0 Epoch: [1/40], Step: [501/782], Loss: 0.9654397368431091
Rank:0 Epoch: [1/40], Step: [511/782], Loss: 0.6716960668563843
Rank:0 Epoch: [1/40], Step: [521/782], Loss: 0.664701521396637
Rank:0 Epoch: [1/40], Step: [531/782], Loss: 0.6471118330955505
Rank:0 Epoch: [1/40], Step: [541/782], Loss: 0.7031208872795105
Rank:0 Epoch: [1/40], Step: [551/782], Loss: 0.6877850294113159
Rank:0 Epoch: [1/40], Step: [561/782], Loss: 0.6155754327774048
Rank:0 Epoch: [1/40], Step: [571/782], Loss: 0.6703904271125793
Rank:0 Epoch: [1/40], Step: [581/782], Loss: 1.0324687957763672
Rank:0 Epoch: [1/40], Step: [591/782], Loss: 0.607158362865448
Rank:0 Epoch: [1/40], Step: [601/782], Loss: 0.7894094586372375
Rank:0 Epoch: [1/40], Step: [611/782], Loss: 0.6019625067710876
Rank:0 Epoch: [1/40], Step: [621/782], Loss: 0.7654486298561096
Rank:0 Epoch: [1/40], Step: [631/782], Loss: 0.8874126076698303
Rank:0 Epoch: [1/40], Step: [641/782], Loss: 0.7435299158096313
Rank:0 Epoch: [1/40], Step: [651/782], Loss: 0.882254421710968
Rank:0 Epoch: [1/40], Step: [661/782], Loss: 0.8066940903663635
Rank:0 Epoch: [1/40], Step: [671/782], Loss: 0.7683330774307251
Rank:0 Epoch: [1/40], Step: [681/782], Loss: 0.6573417782783508
Rank:0 Epoch: [1/40], Step: [691/782], Loss: 0.7974644899368286
Rank:0 Epoch: [1/40], Step: [701/782], Loss: 0.9265624284744263
Rank:0 Epoch: [1/40], Step: [711/782], Loss: 0.680533766746521
Rank:0 Epoch: [1/40], Step: [721/782], Loss: 0.7142320871353149
Rank:0 Epoch: [1/40], Step: [731/782], Loss: 0.6200628280639648
Rank:0 Epoch: [1/40], Step: [741/782], Loss: 0.5835654139518738
Rank:0 Epoch: [1/40], Step: [751/782], Loss: 0.5656163692474365
Rank:0 Epoch: [1/40], Step: [761/782], Loss: 0.6744335293769836
Rank:0 Epoch: [1/40], Step: [771/782], Loss: 0.8030580282211304
Rank:0 Epoch: [1/40], Step: [781/782], Loss: 0.6595231890678406
Current Test Acc: 0.6605
Rank:0 Epoch: [2/40], Step: [1/782], Loss: 0.6782719492912292
Rank:0 Epoch: [2/40], Step: [11/782], Loss: 0.5738738775253296
Rank:0 Epoch: [2/40], Step: [21/782], Loss: 0.3951415419578552
Rank:0 Epoch: [2/40], Step: [31/782], Loss: 0.712188184261322
Rank:0 Epoch: [2/40], Step: [41/782], Loss: 0.6363059282302856
Rank:0 Epoch: [2/40], Step: [51/782], Loss: 0.4585488438606262
Rank:0 Epoch: [2/40], Step: [61/782], Loss: 0.3986052870750427
Rank:0 Epoch: [2/40], Step: [71/782], Loss: 0.7501270771026611
Rank:0 Epoch: [2/40], Step: [81/782], Loss: 0.6337692141532898
Rank:0 Epoch: [2/40], Step: [91/782], Loss: 0.9268342852592468
Rank:0 Epoch: [2/40], Step: [101/782], Loss: 0.5168300271034241
Rank:0 Epoch: [2/40], Step: [111/782], Loss: 0.6363838315010071
Rank:0 Epoch: [2/40], Step: [121/782], Loss: 0.5336577296257019
Rank:0 Epoch: [2/40], Step: [131/782], Loss: 0.613763153553009
Rank:0 Epoch: [2/40], Step: [141/782], Loss: 0.7255743741989136
Rank:0 Epoch: [2/40], Step: [151/782], Loss: 0.8031883239746094
Rank:0 Epoch: [2/40], Step: [161/782], Loss: 0.6018766164779663
Rank:0 Epoch: [2/40], Step: [171/782], Loss: 0.527432918548584
Rank:0 Epoch: [2/40], Step: [181/782], Loss: 0.5519363284111023
Rank:0 Epoch: [2/40], Step: [191/782], Loss: 0.754209041595459
Rank:0 Epoch: [2/40], Step: [201/782], Loss: 0.5458409786224365
Rank:0 Epoch: [2/40], Step: [211/782], Loss: 0.4828563332557678
Rank:0 Epoch: [2/40], Step: [221/782], Loss: 0.5272250175476074
Rank:0 Epoch: [2/40], Step: [231/782], Loss: 0.5820471048355103
Rank:0 Epoch: [2/40], Step: [241/782], Loss: 0.7307107448577881
Rank:0 Epoch: [2/40], Step: [251/782], Loss: 0.7225263118743896
Rank:0 Epoch: [2/40], Step: [261/782], Loss: 0.5318387150764465
Rank:0 Epoch: [2/40], Step: [271/782], Loss: 0.6568782329559326
Rank:0 Epoch: [2/40], Step: [281/782], Loss: 0.5767242312431335
Rank:0 Epoch: [2/40], Step: [291/782], Loss: 0.426523357629776
Rank:0 Epoch: [2/40], Step: [301/782], Loss: 0.639580249786377
Rank:0 Epoch: [2/40], Step: [311/782], Loss: 0.5261991620063782
Rank:0 Epoch: [2/40], Step: [321/782], Loss: 0.6469483971595764
Rank:0 Epoch: [2/40], Step: [331/782], Loss: 0.7785674929618835
Rank:0 Epoch: [2/40], Step: [341/782], Loss: 0.5649860501289368
Rank:0 Epoch: [2/40], Step: [351/782], Loss: 0.5194106698036194
Rank:0 Epoch: [2/40], Step: [361/782], Loss: 0.5601841807365417
Rank:0 Epoch: [2/40], Step: [371/782], Loss: 0.4916614890098572
Rank:0 Epoch: [2/40], Step: [381/782], Loss: 0.541362464427948
Rank:0 Epoch: [2/40], Step: [391/782], Loss: 0.7967797517776489
Rank:0 Epoch: [2/40], Step: [401/782], Loss: 0.9209188222885132
Rank:0 Epoch: [2/40], Step: [411/782], Loss: 0.38124948740005493
Rank:0 Epoch: [2/40], Step: [421/782], Loss: 0.5060127377510071
Rank:0 Epoch: [2/40], Step: [431/782], Loss: 0.7103598117828369
Rank:0 Epoch: [2/40], Step: [441/782], Loss: 0.6115567088127136
Rank:0 Epoch: [2/40], Step: [451/782], Loss: 0.5068235397338867
Rank:0 Epoch: [2/40], Step: [461/782], Loss: 0.555668830871582
Rank:0 Epoch: [2/40], Step: [471/782], Loss: 0.7391800284385681
Rank:0 Epoch: [2/40], Step: [481/782], Loss: 0.7411872744560242
Rank:0 Epoch: [2/40], Step: [491/782], Loss: 0.5643792152404785
Rank:0 Epoch: [2/40], Step: [501/782], Loss: 0.66382896900177
Rank:0 Epoch: [2/40], Step: [511/782], Loss: 0.6770264506340027
Rank:0 Epoch: [2/40], Step: [521/782], Loss: 0.321876585483551
Rank:0 Epoch: [2/40], Step: [531/782], Loss: 0.47554588317871094
Rank:0 Epoch: [2/40], Step: [541/782], Loss: 0.5027638673782349
Rank:0 Epoch: [2/40], Step: [551/782], Loss: 0.4733469486236572
Rank:0 Epoch: [2/40], Step: [561/782], Loss: 0.42186859250068665
Rank:0 Epoch: [2/40], Step: [571/782], Loss: 0.571524977684021
Rank:0 Epoch: [2/40], Step: [581/782], Loss: 0.501964807510376
Rank:0 Epoch: [2/40], Step: [591/782], Loss: 0.4449343979358673
Rank:0 Epoch: [2/40], Step: [601/782], Loss: 0.4980449378490448
Rank:0 Epoch: [2/40], Step: [611/782], Loss: 0.379122793674469
Rank:0 Epoch: [2/40], Step: [621/782], Loss: 0.6085303425788879
Rank:0 Epoch: [2/40], Step: [631/782], Loss: 0.5925928354263306
Rank:0 Epoch: [2/40], Step: [641/782], Loss: 0.579953670501709
Rank:0 Epoch: [2/40], Step: [651/782], Loss: 0.6725640892982483
Rank:0 Epoch: [2/40], Step: [661/782], Loss: 0.5171570181846619
Rank:0 Epoch: [2/40], Step: [671/782], Loss: 0.7306352853775024
Rank:0 Epoch: [2/40], Step: [681/782], Loss: 0.5128858089447021
Rank:0 Epoch: [2/40], Step: [691/782], Loss: 0.40498676896095276
Rank:0 Epoch: [2/40], Step: [701/782], Loss: 0.44786593317985535
Rank:0 Epoch: [2/40], Step: [711/782], Loss: 0.5314494371414185
Rank:0 Epoch: [2/40], Step: [721/782], Loss: 0.5306785702705383
Rank:0 Epoch: [2/40], Step: [731/782], Loss: 0.47483396530151367
Rank:0 Epoch: [2/40], Step: [741/782], Loss: 0.502191960811615
Rank:0 Epoch: [2/40], Step: [751/782], Loss: 0.676124095916748
Rank:0 Epoch: [2/40], Step: [761/782], Loss: 0.6973893046379089
Rank:0 Epoch: [2/40], Step: [771/782], Loss: 0.39125317335128784
Rank:0 Epoch: [2/40], Step: [781/782], Loss: 0.618878185749054
Current Test Acc: 0.8119
Rank:0 Epoch: [3/40], Step: [1/782], Loss: 0.5384057760238647
Rank:0 Epoch: [3/40], Step: [11/782], Loss: 0.4801992177963257
Rank:0 Epoch: [3/40], Step: [21/782], Loss: 0.47358494997024536
Rank:0 Epoch: [3/40], Step: [31/782], Loss: 0.43810808658599854
Rank:0 Epoch: [3/40], Step: [41/782], Loss: 0.46850138902664185
Rank:0 Epoch: [3/40], Step: [51/782], Loss: 0.4803699254989624
Rank:0 Epoch: [3/40], Step: [61/782], Loss: 0.5747613906860352
Rank:0 Epoch: [3/40], Step: [71/782], Loss: 0.5364066958427429
Rank:0 Epoch: [3/40], Step: [81/782], Loss: 0.4101550281047821
Rank:0 Epoch: [3/40], Step: [91/782], Loss: 0.6382233500480652
Rank:0 Epoch: [3/40], Step: [101/782], Loss: 0.5886225700378418
Rank:0 Epoch: [3/40], Step: [111/782], Loss: 0.5166308879852295
Rank:0 Epoch: [3/40], Step: [121/782], Loss: 0.4415134787559509
Rank:0 Epoch: [3/40], Step: [131/782], Loss: 0.3413834869861603
Rank:0 Epoch: [3/40], Step: [141/782], Loss: 0.5666281580924988
Rank:0 Epoch: [3/40], Step: [151/782], Loss: 0.5428506135940552
Rank:0 Epoch: [3/40], Step: [161/782], Loss: 0.48172226548194885
Rank:0 Epoch: [3/40], Step: [171/782], Loss: 0.34899088740348816
Rank:0 Epoch: [3/40], Step: [181/782], Loss: 0.374789834022522
Rank:0 Epoch: [3/40], Step: [191/782], Loss: 0.3113378584384918
Rank:0 Epoch: [3/40], Step: [201/782], Loss: 0.39229562878608704
Rank:0 Epoch: [3/40], Step: [211/782], Loss: 0.45613545179367065
Rank:0 Epoch: [3/40], Step: [221/782], Loss: 0.43415361642837524
Rank:0 Epoch: [3/40], Step: [231/782], Loss: 0.7167467474937439
Rank:0 Epoch: [3/40], Step: [241/782], Loss: 0.6792332530021667
Rank:0 Epoch: [3/40], Step: [251/782], Loss: 0.3393600285053253
Rank:0 Epoch: [3/40], Step: [261/782], Loss: 0.324650377035141
Rank:0 Epoch: [3/40], Step: [271/782], Loss: 0.6401517391204834
Rank:0 Epoch: [3/40], Step: [281/782], Loss: 0.6843773126602173
Rank:0 Epoch: [3/40], Step: [291/782], Loss: 0.3745577931404114
Rank:0 Epoch: [3/40], Step: [301/782], Loss: 0.5922463536262512
Rank:0 Epoch: [3/40], Step: [311/782], Loss: 0.6995784044265747
Rank:0 Epoch: [3/40], Step: [321/782], Loss: 0.4662635028362274
Rank:0 Epoch: [3/40], Step: [331/782], Loss: 0.4177461862564087
Rank:0 Epoch: [3/40], Step: [341/782], Loss: 0.5526553392410278
Rank:0 Epoch: [3/40], Step: [351/782], Loss: 0.42825573682785034
Rank:0 Epoch: [3/40], Step: [361/782], Loss: 0.44093555212020874
Rank:0 Epoch: [3/40], Step: [371/782], Loss: 0.4793684184551239
Rank:0 Epoch: [3/40], Step: [381/782], Loss: 0.6187455654144287
Rank:0 Epoch: [3/40], Step: [391/782], Loss: 0.40290477871894836
Rank:0 Epoch: [3/40], Step: [401/782], Loss: 0.6554553508758545
Rank:0 Epoch: [3/40], Step: [411/782], Loss: 0.6485326290130615
Rank:0 Epoch: [3/40], Step: [421/782], Loss: 0.6198202967643738
Rank:0 Epoch: [3/40], Step: [431/782], Loss: 0.7341184616088867
Rank:0 Epoch: [3/40], Step: [441/782], Loss: 0.638335108757019
Rank:0 Epoch: [3/40], Step: [451/782], Loss: 0.3604660928249359
Rank:0 Epoch: [3/40], Step: [461/782], Loss: 0.4605140686035156
Rank:0 Epoch: [3/40], Step: [471/782], Loss: 0.4631294012069702
Rank:0 Epoch: [3/40], Step: [481/782], Loss: 0.8298371434211731
Rank:0 Epoch: [3/40], Step: [491/782], Loss: 0.7671290040016174
Rank:0 Epoch: [3/40], Step: [501/782], Loss: 0.6999213099479675
Rank:0 Epoch: [3/40], Step: [511/782], Loss: 0.47445762157440186
Rank:0 Epoch: [3/40], Step: [521/782], Loss: 0.5473869442939758
Rank:0 Epoch: [3/40], Step: [531/782], Loss: 0.6009307503700256
Rank:0 Epoch: [3/40], Step: [541/782], Loss: 0.5519450902938843
Rank:0 Epoch: [3/40], Step: [551/782], Loss: 0.40333646535873413
Rank:0 Epoch: [3/40], Step: [561/782], Loss: 0.6378127336502075
Rank:0 Epoch: [3/40], Step: [571/782], Loss: 0.9137618541717529
Rank:0 Epoch: [3/40], Step: [581/782], Loss: 0.44123169779777527
Rank:0 Epoch: [3/40], Step: [591/782], Loss: 0.32492396235466003
Rank:0 Epoch: [3/40], Step: [601/782], Loss: 0.33163982629776
Rank:0 Epoch: [3/40], Step: [611/782], Loss: 0.4557286500930786
Rank:0 Epoch: [3/40], Step: [621/782], Loss: 0.4316941201686859
Rank:0 Epoch: [3/40], Step: [631/782], Loss: 0.5902073979377747
Rank:0 Epoch: [3/40], Step: [641/782], Loss: 0.25666314363479614
Rank:0 Epoch: [3/40], Step: [651/782], Loss: 0.3917495310306549
Rank:0 Epoch: [3/40], Step: [661/782], Loss: 0.3713793456554413
Rank:0 Epoch: [3/40], Step: [671/782], Loss: 0.4664175510406494
Rank:0 Epoch: [3/40], Step: [681/782], Loss: 0.40641459822654724
Rank:0 Epoch: [3/40], Step: [691/782], Loss: 0.7832995057106018
Rank:0 Epoch: [3/40], Step: [701/782], Loss: 0.5533919334411621
Rank:0 Epoch: [3/40], Step: [711/782], Loss: 0.36773139238357544
Rank:0 Epoch: [3/40], Step: [721/782], Loss: 0.3446722626686096
Rank:0 Epoch: [3/40], Step: [731/782], Loss: 0.6800765991210938
Rank:0 Epoch: [3/40], Step: [741/782], Loss: 0.6107272505760193
Rank:0 Epoch: [3/40], Step: [751/782], Loss: 0.4666033983230591
Rank:0 Epoch: [3/40], Step: [761/782], Loss: 0.6058732867240906
Rank:0 Epoch: [3/40], Step: [771/782], Loss: 0.5075193643569946
Rank:0 Epoch: [3/40], Step: [781/782], Loss: 0.3830946087837219
Current Test Acc: 0.7833
Rank:0 Epoch: [4/40], Step: [1/782], Loss: 0.5444662570953369
Rank:0 Epoch: [4/40], Step: [11/782], Loss: 0.4567622244358063
Rank:0 Epoch: [4/40], Step: [21/782], Loss: 0.5223278999328613
Rank:0 Epoch: [4/40], Step: [31/782], Loss: 0.369748592376709
Rank:0 Epoch: [4/40], Step: [41/782], Loss: 0.3793504238128662
Rank:0 Epoch: [4/40], Step: [51/782], Loss: 0.43792930245399475
Rank:0 Epoch: [4/40], Step: [61/782], Loss: 0.32035496830940247
Rank:0 Epoch: [4/40], Step: [71/782], Loss: 0.46524837613105774
Rank:0 Epoch: [4/40], Step: [81/782], Loss: 0.3628801703453064
Rank:0 Epoch: [4/40], Step: [91/782], Loss: 0.46469980478286743
Rank:0 Epoch: [4/40], Step: [101/782], Loss: 0.41732072830200195
Rank:0 Epoch: [4/40], Step: [111/782], Loss: 0.39471301436424255
Rank:0 Epoch: [4/40], Step: [121/782], Loss: 0.3024991452693939
Rank:0 Epoch: [4/40], Step: [131/782], Loss: 0.29647573828697205
Rank:0 Epoch: [4/40], Step: [141/782], Loss: 0.3835761845111847
Rank:0 Epoch: [4/40], Step: [151/782], Loss: 0.5340127944946289
Rank:0 Epoch: [4/40], Step: [161/782], Loss: 0.5847719311714172
Rank:0 Epoch: [4/40], Step: [171/782], Loss: 0.48834940791130066
Rank:0 Epoch: [4/40], Step: [181/782], Loss: 0.5636518001556396
Rank:0 Epoch: [4/40], Step: [191/782], Loss: 0.641441285610199
Rank:0 Epoch: [4/40], Step: [201/782], Loss: 0.6433290839195251
Rank:0 Epoch: [4/40], Step: [211/782], Loss: 0.7753463983535767
Rank:0 Epoch: [4/40], Step: [221/782], Loss: 0.34782344102859497
Rank:0 Epoch: [4/40], Step: [231/782], Loss: 0.5955043435096741
Rank:0 Epoch: [4/40], Step: [241/782], Loss: 0.31294676661491394
Rank:0 Epoch: [4/40], Step: [251/782], Loss: 0.4219461977481842
Rank:0 Epoch: [4/40], Step: [261/782], Loss: 0.5826125741004944
Rank:0 Epoch: [4/40], Step: [271/782], Loss: 0.45447590947151184
Rank:0 Epoch: [4/40], Step: [281/782], Loss: 0.4703949987888336
Rank:0 Epoch: [4/40], Step: [291/782], Loss: 0.53734290599823
Rank:0 Epoch: [4/40], Step: [301/782], Loss: 0.635246753692627
Rank:0 Epoch: [4/40], Step: [311/782], Loss: 0.35377037525177
Rank:0 Epoch: [4/40], Step: [321/782], Loss: 0.48601579666137695
Rank:0 Epoch: [4/40], Step: [331/782], Loss: 0.41621142625808716
Rank:0 Epoch: [4/40], Step: [341/782], Loss: 0.3978617191314697
Rank:0 Epoch: [4/40], Step: [351/782], Loss: 0.3362131416797638
Rank:0 Epoch: [4/40], Step: [361/782], Loss: 0.5840129852294922
Rank:0 Epoch: [4/40], Step: [371/782], Loss: 0.46926382184028625
Rank:0 Epoch: [4/40], Step: [381/782], Loss: 0.5540053844451904
Rank:0 Epoch: [4/40], Step: [391/782], Loss: 0.6115108728408813
Rank:0 Epoch: [4/40], Step: [401/782], Loss: 0.5992829203605652
Rank:0 Epoch: [4/40], Step: [411/782], Loss: 0.43075019121170044
Rank:0 Epoch: [4/40], Step: [421/782], Loss: 0.3939525783061981
Rank:0 Epoch: [4/40], Step: [431/782], Loss: 0.6397362351417542
Rank:0 Epoch: [4/40], Step: [441/782], Loss: 0.7728034853935242
Rank:0 Epoch: [4/40], Step: [451/782], Loss: 0.6156902313232422
Rank:0 Epoch: [4/40], Step: [461/782], Loss: 0.4655013680458069
Rank:0 Epoch: [4/40], Step: [471/782], Loss: 0.5778327584266663
Rank:0 Epoch: [4/40], Step: [481/782], Loss: 0.8017572164535522
Rank:0 Epoch: [4/40], Step: [491/782], Loss: 0.37664008140563965
Rank:0 Epoch: [4/40], Step: [501/782], Loss: 0.4732404351234436
Rank:0 Epoch: [4/40], Step: [511/782], Loss: 0.2788591682910919
Rank:0 Epoch: [4/40], Step: [521/782], Loss: 0.44605010747909546
Rank:0 Epoch: [4/40], Step: [531/782], Loss: 0.5997136235237122
Rank:0 Epoch: [4/40], Step: [541/782], Loss: 0.39498716592788696
Rank:0 Epoch: [4/40], Step: [551/782], Loss: 0.5260883569717407
Rank:0 Epoch: [4/40], Step: [561/782], Loss: 0.442147821187973
Rank:0 Epoch: [4/40], Step: [571/782], Loss: 0.41200605034828186
Rank:0 Epoch: [4/40], Step: [581/782], Loss: 0.38853129744529724
Rank:0 Epoch: [4/40], Step: [591/782], Loss: 0.31871160864830017
Rank:0 Epoch: [4/40], Step: [601/782], Loss: 0.3939462900161743
Rank:0 Epoch: [4/40], Step: [611/782], Loss: 0.35637176036834717
Rank:0 Epoch: [4/40], Step: [621/782], Loss: 0.3286341726779938
Rank:0 Epoch: [4/40], Step: [631/782], Loss: 0.687511146068573
Rank:0 Epoch: [4/40], Step: [641/782], Loss: 0.40528786182403564
Rank:0 Epoch: [4/40], Step: [651/782], Loss: 0.529673159122467
Rank:0 Epoch: [4/40], Step: [661/782], Loss: 0.5061840415000916
Rank:0 Epoch: [4/40], Step: [671/782], Loss: 0.4022793471813202
Rank:0 Epoch: [4/40], Step: [681/782], Loss: 0.5553883910179138
Rank:0 Epoch: [4/40], Step: [691/782], Loss: 0.48998817801475525
Rank:0 Epoch: [4/40], Step: [701/782], Loss: 0.5752282738685608
Rank:0 Epoch: [4/40], Step: [711/782], Loss: 0.31744277477264404
Rank:0 Epoch: [4/40], Step: [721/782], Loss: 0.4045060873031616
Rank:0 Epoch: [4/40], Step: [731/782], Loss: 0.40921077132225037
Rank:0 Epoch: [4/40], Step: [741/782], Loss: 0.737436056137085
Rank:0 Epoch: [4/40], Step: [751/782], Loss: 0.4027201533317566
Rank:0 Epoch: [4/40], Step: [761/782], Loss: 0.6439694166183472
Rank:0 Epoch: [4/40], Step: [771/782], Loss: 0.5102974772453308
Rank:0 Epoch: [4/40], Step: [781/782], Loss: 0.4622175395488739
Current Test Acc: 0.8238
Rank:0 Epoch: [5/40], Step: [1/782], Loss: 0.4830135405063629
Rank:0 Epoch: [5/40], Step: [11/782], Loss: 0.5485446453094482
Rank:0 Epoch: [5/40], Step: [21/782], Loss: 0.42523205280303955
Rank:0 Epoch: [5/40], Step: [31/782], Loss: 0.38716650009155273
Rank:0 Epoch: [5/40], Step: [41/782], Loss: 0.3018556833267212
Rank:0 Epoch: [5/40], Step: [51/782], Loss: 0.3583447337150574
Rank:0 Epoch: [5/40], Step: [61/782], Loss: 0.3952656388282776
Rank:0 Epoch: [5/40], Step: [71/782], Loss: 0.6118722558021545
Rank:0 Epoch: [5/40], Step: [81/782], Loss: 0.31496596336364746
Rank:0 Epoch: [5/40], Step: [91/782], Loss: 0.35872820019721985
Rank:0 Epoch: [5/40], Step: [101/782], Loss: 0.45429617166519165
Rank:0 Epoch: [5/40], Step: [111/782], Loss: 0.5230219960212708
Rank:0 Epoch: [5/40], Step: [121/782], Loss: 0.25173255801200867
Rank:0 Epoch: [5/40], Step: [131/782], Loss: 0.3986269533634186
Rank:0 Epoch: [5/40], Step: [141/782], Loss: 0.5023172497749329
Rank:0 Epoch: [5/40], Step: [151/782], Loss: 0.5395653247833252
Rank:0 Epoch: [5/40], Step: [161/782], Loss: 0.3386956453323364
Rank:0 Epoch: [5/40], Step: [171/782], Loss: 0.4472896456718445
Rank:0 Epoch: [5/40], Step: [181/782], Loss: 0.3852865993976593
Rank:0 Epoch: [5/40], Step: [191/782], Loss: 0.3707071840763092
Rank:0 Epoch: [5/40], Step: [201/782], Loss: 0.559373676776886
Rank:0 Epoch: [5/40], Step: [211/782], Loss: 0.3780762851238251
Rank:0 Epoch: [5/40], Step: [221/782], Loss: 0.30789586901664734
Rank:0 Epoch: [5/40], Step: [231/782], Loss: 0.4821304976940155
Rank:0 Epoch: [5/40], Step: [241/782], Loss: 0.45939698815345764
Rank:0 Epoch: [5/40], Step: [251/782], Loss: 0.4990277588367462
Rank:0 Epoch: [5/40], Step: [261/782], Loss: 0.634116530418396
Rank:0 Epoch: [5/40], Step: [271/782], Loss: 0.34585461020469666
Rank:0 Epoch: [5/40], Step: [281/782], Loss: 0.5293072462081909
Rank:0 Epoch: [5/40], Step: [291/782], Loss: 0.3911159634590149
Rank:0 Epoch: [5/40], Step: [301/782], Loss: 0.5602115392684937
Rank:0 Epoch: [5/40], Step: [311/782], Loss: 0.5793552398681641
Rank:0 Epoch: [5/40], Step: [321/782], Loss: 0.38954082131385803
Rank:0 Epoch: [5/40], Step: [331/782], Loss: 0.3665469288825989
Rank:0 Epoch: [5/40], Step: [341/782], Loss: 0.6622915267944336
Rank:0 Epoch: [5/40], Step: [351/782], Loss: 0.3681969940662384
Rank:0 Epoch: [5/40], Step: [361/782], Loss: 0.6546818017959595
Rank:0 Epoch: [5/40], Step: [371/782], Loss: 0.4847429692745209
Rank:0 Epoch: [5/40], Step: [381/782], Loss: 0.3170602321624756
Rank:0 Epoch: [5/40], Step: [391/782], Loss: 0.3308117389678955
Rank:0 Epoch: [5/40], Step: [401/782], Loss: 0.502858579158783
Rank:0 Epoch: [5/40], Step: [411/782], Loss: 0.4549681544303894
Rank:0 Epoch: [5/40], Step: [421/782], Loss: 0.6067846417427063
Rank:0 Epoch: [5/40], Step: [431/782], Loss: 0.4509800970554352
Rank:0 Epoch: [5/40], Step: [441/782], Loss: 0.36926567554473877
Rank:0 Epoch: [5/40], Step: [451/782], Loss: 0.7705705165863037
Rank:0 Epoch: [5/40], Step: [461/782], Loss: 0.40896105766296387
Rank:0 Epoch: [5/40], Step: [471/782], Loss: 0.6045919060707092
Rank:0 Epoch: [5/40], Step: [481/782], Loss: 0.4425487816333771
Rank:0 Epoch: [5/40], Step: [491/782], Loss: 0.49524831771850586
Rank:0 Epoch: [5/40], Step: [501/782], Loss: 0.42985692620277405
Rank:0 Epoch: [5/40], Step: [511/782], Loss: 0.5859766602516174
Rank:0 Epoch: [5/40], Step: [521/782], Loss: 0.43562552332878113
Rank:0 Epoch: [5/40], Step: [531/782], Loss: 0.3797459304332733
Rank:0 Epoch: [5/40], Step: [541/782], Loss: 0.4465271830558777
Rank:0 Epoch: [5/40], Step: [551/782], Loss: 0.5356931090354919
Rank:0 Epoch: [5/40], Step: [561/782], Loss: 0.5031887292861938
Rank:0 Epoch: [5/40], Step: [571/782], Loss: 0.41512399911880493
Rank:0 Epoch: [5/40], Step: [581/782], Loss: 0.417224645614624
Rank:0 Epoch: [5/40], Step: [591/782], Loss: 0.38458943367004395
Rank:0 Epoch: [5/40], Step: [601/782], Loss: 0.38468798995018005
Rank:0 Epoch: [5/40], Step: [611/782], Loss: 0.3458021283149719
Rank:0 Epoch: [5/40], Step: [621/782], Loss: 0.4859735369682312
Rank:0 Epoch: [5/40], Step: [631/782], Loss: 0.44855332374572754
Rank:0 Epoch: [5/40], Step: [641/782], Loss: 0.5885850787162781
Rank:0 Epoch: [5/40], Step: [651/782], Loss: 0.40503257513046265
Rank:0 Epoch: [5/40], Step: [661/782], Loss: 0.37142568826675415
Rank:0 Epoch: [5/40], Step: [671/782], Loss: 0.61680668592453
Rank:0 Epoch: [5/40], Step: [681/782], Loss: 0.37786874175071716
Rank:0 Epoch: [5/40], Step: [691/782], Loss: 0.40666958689689636
Rank:0 Epoch: [5/40], Step: [701/782], Loss: 0.42747172713279724
Rank:0 Epoch: [5/40], Step: [711/782], Loss: 0.35800430178642273
Rank:0 Epoch: [5/40], Step: [721/782], Loss: 0.39262446761131287
Rank:0 Epoch: [5/40], Step: [731/782], Loss: 0.53065025806427
Rank:0 Epoch: [5/40], Step: [741/782], Loss: 0.4651409387588501
Rank:0 Epoch: [5/40], Step: [751/782], Loss: 0.4746144413948059
Rank:0 Epoch: [5/40], Step: [761/782], Loss: 0.39775821566581726
Rank:0 Epoch: [5/40], Step: [771/782], Loss: 0.35328367352485657
Rank:0 Epoch: [5/40], Step: [781/782], Loss: 0.6852940917015076
Current Test Acc: 0.811
Rank:0 Epoch: [6/40], Step: [1/782], Loss: 0.4135095477104187
Rank:0 Epoch: [6/40], Step: [11/782], Loss: 0.49181267619132996
Rank:0 Epoch: [6/40], Step: [21/782], Loss: 0.3916813135147095
Rank:0 Epoch: [6/40], Step: [31/782], Loss: 0.33475372195243835
Rank:0 Epoch: [6/40], Step: [41/782], Loss: 0.44220155477523804
Rank:0 Epoch: [6/40], Step: [51/782], Loss: 0.26718127727508545
Rank:0 Epoch: [6/40], Step: [61/782], Loss: 0.27805811166763306
Rank:0 Epoch: [6/40], Step: [71/782], Loss: 0.28586190938949585
Rank:0 Epoch: [6/40], Step: [81/782], Loss: 0.5476365089416504
Rank:0 Epoch: [6/40], Step: [91/782], Loss: 0.3992345333099365
Rank:0 Epoch: [6/40], Step: [101/782], Loss: 0.31623953580856323
Rank:0 Epoch: [6/40], Step: [111/782], Loss: 0.3617076873779297
Rank:0 Epoch: [6/40], Step: [121/782], Loss: 0.4428327679634094
Rank:0 Epoch: [6/40], Step: [131/782], Loss: 0.5408141613006592
Rank:0 Epoch: [6/40], Step: [141/782], Loss: 0.3426230251789093
Rank:0 Epoch: [6/40], Step: [151/782], Loss: 0.25143489241600037
Rank:0 Epoch: [6/40], Step: [161/782], Loss: 0.3247164487838745
Rank:0 Epoch: [6/40], Step: [171/782], Loss: 0.505168080329895
Rank:0 Epoch: [6/40], Step: [181/782], Loss: 0.521484911441803
Rank:0 Epoch: [6/40], Step: [191/782], Loss: 0.5057054162025452
Rank:0 Epoch: [6/40], Step: [201/782], Loss: 0.5049707889556885
Rank:0 Epoch: [6/40], Step: [211/782], Loss: 0.4470923840999603
Rank:0 Epoch: [6/40], Step: [221/782], Loss: 0.23265165090560913
Rank:0 Epoch: [6/40], Step: [231/782], Loss: 0.6104042530059814
Rank:0 Epoch: [6/40], Step: [241/782], Loss: 0.371095210313797
Rank:0 Epoch: [6/40], Step: [251/782], Loss: 0.39218804240226746
Rank:0 Epoch: [6/40], Step: [261/782], Loss: 0.45436522364616394
Rank:0 Epoch: [6/40], Step: [271/782], Loss: 0.5450249910354614
Rank:0 Epoch: [6/40], Step: [281/782], Loss: 0.4496328830718994
Rank:0 Epoch: [6/40], Step: [291/782], Loss: 0.3725431561470032
Rank:0 Epoch: [6/40], Step: [301/782], Loss: 0.25415176153182983
Rank:0 Epoch: [6/40], Step: [311/782], Loss: 0.30810415744781494
Rank:0 Epoch: [6/40], Step: [321/782], Loss: 0.4330959916114807
Rank:0 Epoch: [6/40], Step: [331/782], Loss: 0.3339519798755646
Rank:0 Epoch: [6/40], Step: [341/782], Loss: 0.26572370529174805
Rank:0 Epoch: [6/40], Step: [351/782], Loss: 0.3793516457080841
Rank:0 Epoch: [6/40], Step: [361/782], Loss: 0.3655860424041748
Rank:0 Epoch: [6/40], Step: [371/782], Loss: 0.4887368679046631
Rank:0 Epoch: [6/40], Step: [381/782], Loss: 0.20056186616420746
Rank:0 Epoch: [6/40], Step: [391/782], Loss: 0.501884937286377
Rank:0 Epoch: [6/40], Step: [401/782], Loss: 0.3515259921550751
Rank:0 Epoch: [6/40], Step: [411/782], Loss: 0.36058321595191956
Rank:0 Epoch: [6/40], Step: [421/782], Loss: 0.4824742078781128
Rank:0 Epoch: [6/40], Step: [431/782], Loss: 0.3121417760848999
Rank:0 Epoch: [6/40], Step: [441/782], Loss: 0.6020254492759705
Rank:0 Epoch: [6/40], Step: [451/782], Loss: 0.5048832893371582
Rank:0 Epoch: [6/40], Step: [461/782], Loss: 0.5218678116798401
Rank:0 Epoch: [6/40], Step: [471/782], Loss: 0.39658698439598083
Rank:0 Epoch: [6/40], Step: [481/782], Loss: 0.5718111991882324
Rank:0 Epoch: [6/40], Step: [491/782], Loss: 0.4101652204990387
Rank:0 Epoch: [6/40], Step: [501/782], Loss: 0.6593294739723206
Rank:0 Epoch: [6/40], Step: [511/782], Loss: 0.31215813755989075
Rank:0 Epoch: [6/40], Step: [521/782], Loss: 0.2679181694984436
Rank:0 Epoch: [6/40], Step: [531/782], Loss: 0.483231782913208
Rank:0 Epoch: [6/40], Step: [541/782], Loss: 0.6444425582885742
Rank:0 Epoch: [6/40], Step: [551/782], Loss: 0.5521268248558044
Rank:0 Epoch: [6/40], Step: [561/782], Loss: 0.39671775698661804
Rank:0 Epoch: [6/40], Step: [571/782], Loss: 0.3142514228820801
Rank:0 Epoch: [6/40], Step: [581/782], Loss: 0.4641488194465637
Rank:0 Epoch: [6/40], Step: [591/782], Loss: 0.25339093804359436
Rank:0 Epoch: [6/40], Step: [601/782], Loss: 0.2878870368003845
Rank:0 Epoch: [6/40], Step: [611/782], Loss: 0.3079117238521576
Rank:0 Epoch: [6/40], Step: [621/782], Loss: 0.34171590209007263
Rank:0 Epoch: [6/40], Step: [631/782], Loss: 0.40457913279533386
Rank:0 Epoch: [6/40], Step: [641/782], Loss: 0.3555583953857422
Rank:0 Epoch: [6/40], Step: [651/782], Loss: 0.5899926424026489
Rank:0 Epoch: [6/40], Step: [661/782], Loss: 0.5025707483291626
Rank:0 Epoch: [6/40], Step: [671/782], Loss: 0.2591211795806885
Rank:0 Epoch: [6/40], Step: [681/782], Loss: 0.4052114188671112
Rank:0 Epoch: [6/40], Step: [691/782], Loss: 0.4218744933605194
Rank:0 Epoch: [6/40], Step: [701/782], Loss: 0.37120065093040466
Rank:0 Epoch: [6/40], Step: [711/782], Loss: 0.4428561329841614
Rank:0 Epoch: [6/40], Step: [721/782], Loss: 0.4118974506855011
Rank:0 Epoch: [6/40], Step: [731/782], Loss: 0.4939386546611786
Rank:0 Epoch: [6/40], Step: [741/782], Loss: 0.583054780960083
Rank:0 Epoch: [6/40], Step: [751/782], Loss: 0.2376498579978943
Rank:0 Epoch: [6/40], Step: [761/782], Loss: 0.38285255432128906
Rank:0 Epoch: [6/40], Step: [771/782], Loss: 0.5610440969467163
Rank:0 Epoch: [6/40], Step: [781/782], Loss: 0.48352715373039246
Current Test Acc: 0.8215
Rank:0 Epoch: [7/40], Step: [1/782], Loss: 0.24441410601139069
Rank:0 Epoch: [7/40], Step: [11/782], Loss: 0.4072474539279938
Rank:0 Epoch: [7/40], Step: [21/782], Loss: 0.5336971282958984
Rank:0 Epoch: [7/40], Step: [31/782], Loss: 0.2616138756275177
Rank:0 Epoch: [7/40], Step: [41/782], Loss: 0.5276180505752563
Rank:0 Epoch: [7/40], Step: [51/782], Loss: 0.3745846748352051
Rank:0 Epoch: [7/40], Step: [61/782], Loss: 0.31367364525794983
Rank:0 Epoch: [7/40], Step: [71/782], Loss: 0.5375921130180359
Rank:0 Epoch: [7/40], Step: [81/782], Loss: 0.31352338194847107
Rank:0 Epoch: [7/40], Step: [91/782], Loss: 0.442180335521698
Rank:0 Epoch: [7/40], Step: [101/782], Loss: 0.33544257283210754
Rank:0 Epoch: [7/40], Step: [111/782], Loss: 0.5240130424499512
Rank:0 Epoch: [7/40], Step: [121/782], Loss: 0.6115825176239014
Rank:0 Epoch: [7/40], Step: [131/782], Loss: 0.5667353868484497
Rank:0 Epoch: [7/40], Step: [141/782], Loss: 0.37038928270339966
Rank:0 Epoch: [7/40], Step: [151/782], Loss: 0.3280492424964905
Rank:0 Epoch: [7/40], Step: [161/782], Loss: 0.2695469260215759
Rank:0 Epoch: [7/40], Step: [171/782], Loss: 0.47326862812042236
Rank:0 Epoch: [7/40], Step: [181/782], Loss: 0.26768025755882263
Rank:0 Epoch: [7/40], Step: [191/782], Loss: 0.4310944974422455
Rank:0 Epoch: [7/40], Step: [201/782], Loss: 0.236381396651268
Rank:0 Epoch: [7/40], Step: [211/782], Loss: 0.4744575023651123
Rank:0 Epoch: [7/40], Step: [221/782], Loss: 0.49533456563949585
Rank:0 Epoch: [7/40], Step: [231/782], Loss: 0.48229238390922546
Rank:0 Epoch: [7/40], Step: [241/782], Loss: 0.35340091586112976
Rank:0 Epoch: [7/40], Step: [251/782], Loss: 0.3919983506202698
Rank:0 Epoch: [7/40], Step: [261/782], Loss: 0.43393197655677795
Rank:0 Epoch: [7/40], Step: [271/782], Loss: 0.6659451127052307
Rank:0 Epoch: [7/40], Step: [281/782], Loss: 0.33364138007164
Rank:0 Epoch: [7/40], Step: [291/782], Loss: 0.6562443971633911
Rank:0 Epoch: [7/40], Step: [301/782], Loss: 0.396231085062027
Rank:0 Epoch: [7/40], Step: [311/782], Loss: 0.6695734858512878
Rank:0 Epoch: [7/40], Step: [321/782], Loss: 0.3041216731071472
Rank:0 Epoch: [7/40], Step: [331/782], Loss: 0.44973617792129517
Rank:0 Epoch: [7/40], Step: [341/782], Loss: 0.7437514662742615
Rank:0 Epoch: [7/40], Step: [351/782], Loss: 0.296342670917511
Rank:0 Epoch: [7/40], Step: [361/782], Loss: 0.3328169584274292
Rank:0 Epoch: [7/40], Step: [371/782], Loss: 0.6502646803855896
Rank:0 Epoch: [7/40], Step: [381/782], Loss: 0.40557295083999634
Rank:0 Epoch: [7/40], Step: [391/782], Loss: 0.38153839111328125
Rank:0 Epoch: [7/40], Step: [401/782], Loss: 0.5885753631591797
Rank:0 Epoch: [7/40], Step: [411/782], Loss: 0.5528815388679504
Rank:0 Epoch: [7/40], Step: [421/782], Loss: 0.43064072728157043
Rank:0 Epoch: [7/40], Step: [431/782], Loss: 0.42631903290748596
Rank:0 Epoch: [7/40], Step: [441/782], Loss: 0.3553197383880615
Rank:0 Epoch: [7/40], Step: [451/782], Loss: 0.3377342224121094
Rank:0 Epoch: [7/40], Step: [461/782], Loss: 0.5053113698959351
Rank:0 Epoch: [7/40], Step: [471/782], Loss: 0.45272377133369446
Rank:0 Epoch: [7/40], Step: [481/782], Loss: 0.7644455432891846
Rank:0 Epoch: [7/40], Step: [491/782], Loss: 0.4129081666469574
Rank:0 Epoch: [7/40], Step: [501/782], Loss: 0.4035375714302063
Rank:0 Epoch: [7/40], Step: [511/782], Loss: 0.43884649872779846
Rank:0 Epoch: [7/40], Step: [521/782], Loss: 0.6182880997657776
Rank:0 Epoch: [7/40], Step: [531/782], Loss: 0.3279675245285034
Rank:0 Epoch: [7/40], Step: [541/782], Loss: 0.2797788679599762
Rank:0 Epoch: [7/40], Step: [551/782], Loss: 0.4774061441421509
Rank:0 Epoch: [7/40], Step: [561/782], Loss: 0.4692379832267761
Rank:0 Epoch: [7/40], Step: [571/782], Loss: 0.5519611239433289
Rank:0 Epoch: [7/40], Step: [581/782], Loss: 0.5352941155433655
Rank:0 Epoch: [7/40], Step: [591/782], Loss: 0.35184693336486816
Rank:0 Epoch: [7/40], Step: [601/782], Loss: 0.5150535702705383
Rank:0 Epoch: [7/40], Step: [611/782], Loss: 0.4087921679019928
Rank:0 Epoch: [7/40], Step: [621/782], Loss: 0.3409920334815979
Rank:0 Epoch: [7/40], Step: [631/782], Loss: 0.3317073881626129
Rank:0 Epoch: [7/40], Step: [641/782], Loss: 0.4957982301712036
Rank:0 Epoch: [7/40], Step: [651/782], Loss: 0.3294253349304199
Rank:0 Epoch: [7/40], Step: [661/782], Loss: 0.33477121591567993
Rank:0 Epoch: [7/40], Step: [671/782], Loss: 0.39347726106643677
Rank:0 Epoch: [7/40], Step: [681/782], Loss: 0.40491554141044617
Rank:0 Epoch: [7/40], Step: [691/782], Loss: 0.5934327244758606
Rank:0 Epoch: [7/40], Step: [701/782], Loss: 0.3228941559791565
Rank:0 Epoch: [7/40], Step: [711/782], Loss: 0.3796117305755615
Rank:0 Epoch: [7/40], Step: [721/782], Loss: 0.3022979199886322
Rank:0 Epoch: [7/40], Step: [731/782], Loss: 0.4542083442211151
Rank:0 Epoch: [7/40], Step: [741/782], Loss: 0.5197321772575378
Rank:0 Epoch: [7/40], Step: [751/782], Loss: 0.2808210253715515
Rank:0 Epoch: [7/40], Step: [761/782], Loss: 0.2748211920261383
Rank:0 Epoch: [7/40], Step: [771/782], Loss: 0.395596444606781
Rank:0 Epoch: [7/40], Step: [781/782], Loss: 0.4553036689758301
Current Test Acc: 0.7954
Rank:0 Epoch: [8/40], Step: [1/782], Loss: 0.49844250082969666
Rank:0 Epoch: [8/40], Step: [11/782], Loss: 0.4515538513660431
Rank:0 Epoch: [8/40], Step: [21/782], Loss: 0.5928995609283447
Rank:0 Epoch: [8/40], Step: [31/782], Loss: 0.3959401249885559
Rank:0 Epoch: [8/40], Step: [41/782], Loss: 0.5345244407653809
Rank:0 Epoch: [8/40], Step: [51/782], Loss: 0.2875736355781555
Rank:0 Epoch: [8/40], Step: [61/782], Loss: 0.41060468554496765
Rank:0 Epoch: [8/40], Step: [71/782], Loss: 0.3787516951560974
Rank:0 Epoch: [8/40], Step: [81/782], Loss: 0.5115397572517395
Rank:0 Epoch: [8/40], Step: [91/782], Loss: 0.5059027671813965
Rank:0 Epoch: [8/40], Step: [101/782], Loss: 0.4502265751361847
Rank:0 Epoch: [8/40], Step: [111/782], Loss: 0.4658222794532776
Rank:0 Epoch: [8/40], Step: [121/782], Loss: 0.2792980670928955
Rank:0 Epoch: [8/40], Step: [131/782], Loss: 0.3479006290435791
Rank:0 Epoch: [8/40], Step: [141/782], Loss: 0.6202409863471985
Rank:0 Epoch: [8/40], Step: [151/782], Loss: 0.3893648684024811
Rank:0 Epoch: [8/40], Step: [161/782], Loss: 0.5155982375144958
Rank:0 Epoch: [8/40], Step: [171/782], Loss: 0.26969772577285767
Rank:0 Epoch: [8/40], Step: [181/782], Loss: 0.4096441864967346
Rank:0 Epoch: [8/40], Step: [191/782], Loss: 0.23010119795799255
Rank:0 Epoch: [8/40], Step: [201/782], Loss: 0.4013976752758026
Rank:0 Epoch: [8/40], Step: [211/782], Loss: 0.3988434374332428
Rank:0 Epoch: [8/40], Step: [221/782], Loss: 0.3198726773262024
Rank:0 Epoch: [8/40], Step: [231/782], Loss: 0.4048227071762085
Rank:0 Epoch: [8/40], Step: [241/782], Loss: 0.40014174580574036
Rank:0 Epoch: [8/40], Step: [251/782], Loss: 0.36986494064331055
Rank:0 Epoch: [8/40], Step: [261/782], Loss: 0.2705235779285431
Rank:0 Epoch: [8/40], Step: [271/782], Loss: 0.5429643988609314
Rank:0 Epoch: [8/40], Step: [281/782], Loss: 0.4714358150959015
Rank:0 Epoch: [8/40], Step: [291/782], Loss: 0.529890239238739
Rank:0 Epoch: [8/40], Step: [301/782], Loss: 0.33947932720184326
Rank:0 Epoch: [8/40], Step: [311/782], Loss: 0.27763622999191284
Rank:0 Epoch: [8/40], Step: [321/782], Loss: 0.3454267680644989
Rank:0 Epoch: [8/40], Step: [331/782], Loss: 0.3131750822067261
Rank:0 Epoch: [8/40], Step: [341/782], Loss: 0.47062185406684875
Rank:0 Epoch: [8/40], Step: [351/782], Loss: 0.4295162856578827
Rank:0 Epoch: [8/40], Step: [361/782], Loss: 0.32088136672973633
Rank:0 Epoch: [8/40], Step: [371/782], Loss: 0.44046884775161743
Rank:0 Epoch: [8/40], Step: [381/782], Loss: 0.33956819772720337
Rank:0 Epoch: [8/40], Step: [391/782], Loss: 0.4941905438899994
Rank:0 Epoch: [8/40], Step: [401/782], Loss: 0.3524075150489807
Rank:0 Epoch: [8/40], Step: [411/782], Loss: 0.35238489508628845
Rank:0 Epoch: [8/40], Step: [421/782], Loss: 0.3357866406440735
Rank:0 Epoch: [8/40], Step: [431/782], Loss: 0.40094056725502014
Rank:0 Epoch: [8/40], Step: [441/782], Loss: 0.42498111724853516
Rank:0 Epoch: [8/40], Step: [451/782], Loss: 0.4751531481742859
Rank:0 Epoch: [8/40], Step: [461/782], Loss: 0.41005435585975647
Rank:0 Epoch: [8/40], Step: [471/782], Loss: 0.32398056983947754
Rank:0 Epoch: [8/40], Step: [481/782], Loss: 0.6523370742797852
Rank:0 Epoch: [8/40], Step: [491/782], Loss: 0.22318843007087708
Rank:0 Epoch: [8/40], Step: [501/782], Loss: 0.4174920618534088
Rank:0 Epoch: [8/40], Step: [511/782], Loss: 0.2428445965051651
Rank:0 Epoch: [8/40], Step: [521/782], Loss: 0.6144811511039734
Rank:0 Epoch: [8/40], Step: [531/782], Loss: 0.6677948832511902
Rank:0 Epoch: [8/40], Step: [541/782], Loss: 0.4083053767681122
Rank:0 Epoch: [8/40], Step: [551/782], Loss: 0.3191443085670471
Rank:0 Epoch: [8/40], Step: [561/782], Loss: 0.39338791370391846
Rank:0 Epoch: [8/40], Step: [571/782], Loss: 0.3277731239795685
Rank:0 Epoch: [8/40], Step: [581/782], Loss: 0.28831934928894043
Rank:0 Epoch: [8/40], Step: [591/782], Loss: 0.5004065036773682
Rank:0 Epoch: [8/40], Step: [601/782], Loss: 0.3018878102302551
Rank:0 Epoch: [8/40], Step: [611/782], Loss: 0.338632196187973
Rank:0 Epoch: [8/40], Step: [621/782], Loss: 0.2563013732433319
Rank:0 Epoch: [8/40], Step: [631/782], Loss: 0.48126456141471863
Rank:0 Epoch: [8/40], Step: [641/782], Loss: 0.5457911491394043
Rank:0 Epoch: [8/40], Step: [651/782], Loss: 0.31355321407318115
Rank:0 Epoch: [8/40], Step: [661/782], Loss: 0.5342990159988403
Rank:0 Epoch: [8/40], Step: [671/782], Loss: 0.4999616742134094
Rank:0 Epoch: [8/40], Step: [681/782], Loss: 0.3768921196460724
Rank:0 Epoch: [8/40], Step: [691/782], Loss: 0.5980764031410217
Rank:0 Epoch: [8/40], Step: [701/782], Loss: 0.7140821218490601
Rank:0 Epoch: [8/40], Step: [711/782], Loss: 0.31369027495384216
Rank:0 Epoch: [8/40], Step: [721/782], Loss: 0.37184858322143555
Rank:0 Epoch: [8/40], Step: [731/782], Loss: 0.4402858316898346
Rank:0 Epoch: [8/40], Step: [741/782], Loss: 0.3598737120628357
Rank:0 Epoch: [8/40], Step: [751/782], Loss: 0.2147509604692459
Rank:0 Epoch: [8/40], Step: [761/782], Loss: 0.3174549639225006
Rank:0 Epoch: [8/40], Step: [771/782], Loss: 0.34730201959609985
Rank:0 Epoch: [8/40], Step: [781/782], Loss: 0.31684157252311707
Current Test Acc: 0.8544
Rank:0 Epoch: [9/40], Step: [1/782], Loss: 0.28720685839653015
Rank:0 Epoch: [9/40], Step: [11/782], Loss: 0.34178870916366577
Rank:0 Epoch: [9/40], Step: [21/782], Loss: 0.2478281855583191
Rank:0 Epoch: [9/40], Step: [31/782], Loss: 0.41613447666168213
Rank:0 Epoch: [9/40], Step: [41/782], Loss: 0.36525779962539673
Rank:0 Epoch: [9/40], Step: [51/782], Loss: 0.2919549345970154
Rank:0 Epoch: [9/40], Step: [61/782], Loss: 0.24624338746070862
Rank:0 Epoch: [9/40], Step: [71/782], Loss: 0.33094263076782227
Rank:0 Epoch: [9/40], Step: [81/782], Loss: 0.32859399914741516
Rank:0 Epoch: [9/40], Step: [91/782], Loss: 0.5681340098381042
Rank:0 Epoch: [9/40], Step: [101/782], Loss: 0.4182668924331665
Rank:0 Epoch: [9/40], Step: [111/782], Loss: 0.5040123462677002
Rank:0 Epoch: [9/40], Step: [121/782], Loss: 0.31624263525009155
Rank:0 Epoch: [9/40], Step: [131/782], Loss: 0.5047518014907837
Rank:0 Epoch: [9/40], Step: [141/782], Loss: 0.2972237765789032
Rank:0 Epoch: [9/40], Step: [151/782], Loss: 0.26306384801864624
Rank:0 Epoch: [9/40], Step: [161/782], Loss: 0.30711817741394043
Rank:0 Epoch: [9/40], Step: [171/782], Loss: 0.39105337858200073
Rank:0 Epoch: [9/40], Step: [181/782], Loss: 0.49576181173324585
Rank:0 Epoch: [9/40], Step: [191/782], Loss: 0.23102311789989471
Rank:0 Epoch: [9/40], Step: [201/782], Loss: 0.4386804401874542
Rank:0 Epoch: [9/40], Step: [211/782], Loss: 0.3175106942653656
Rank:0 Epoch: [9/40], Step: [221/782], Loss: 0.2707418203353882
Rank:0 Epoch: [9/40], Step: [231/782], Loss: 0.21926763653755188
Rank:0 Epoch: [9/40], Step: [241/782], Loss: 0.44889703392982483
Rank:0 Epoch: [9/40], Step: [251/782], Loss: 0.4124101400375366
Rank:0 Epoch: [9/40], Step: [261/782], Loss: 0.34282177686691284
Rank:0 Epoch: [9/40], Step: [271/782], Loss: 0.43056342005729675
Rank:0 Epoch: [9/40], Step: [281/782], Loss: 0.5382840037345886
Rank:0 Epoch: [9/40], Step: [291/782], Loss: 0.2880167067050934
Rank:0 Epoch: [9/40], Step: [301/782], Loss: 0.4064003527164459
Rank:0 Epoch: [9/40], Step: [311/782], Loss: 0.40024569630622864
Rank:0 Epoch: [9/40], Step: [321/782], Loss: 0.32761457562446594
Rank:0 Epoch: [9/40], Step: [331/782], Loss: 0.4374827742576599
Rank:0 Epoch: [9/40], Step: [341/782], Loss: 0.35554125905036926
Rank:0 Epoch: [9/40], Step: [351/782], Loss: 0.2177927941083908
Rank:0 Epoch: [9/40], Step: [361/782], Loss: 0.6164613366127014
Rank:0 Epoch: [9/40], Step: [371/782], Loss: 0.30946382880210876
Rank:0 Epoch: [9/40], Step: [381/782], Loss: 0.3205462396144867
Rank:0 Epoch: [9/40], Step: [391/782], Loss: 0.33698606491088867
Rank:0 Epoch: [9/40], Step: [401/782], Loss: 0.20336289703845978
Rank:0 Epoch: [9/40], Step: [411/782], Loss: 0.26787200570106506
Rank:0 Epoch: [9/40], Step: [421/782], Loss: 0.4452422857284546
Rank:0 Epoch: [9/40], Step: [431/782], Loss: 0.511009693145752
Rank:0 Epoch: [9/40], Step: [441/782], Loss: 0.4826492965221405
Rank:0 Epoch: [9/40], Step: [451/782], Loss: 0.43663379549980164
Rank:0 Epoch: [9/40], Step: [461/782], Loss: 0.3980734944343567
Rank:0 Epoch: [9/40], Step: [471/782], Loss: 0.314477801322937
Rank:0 Epoch: [9/40], Step: [481/782], Loss: 0.32198190689086914
Rank:0 Epoch: [9/40], Step: [491/782], Loss: 0.30596649646759033
Rank:0 Epoch: [9/40], Step: [501/782], Loss: 0.19945195317268372
Rank:0 Epoch: [9/40], Step: [511/782], Loss: 0.3228142261505127
Rank:0 Epoch: [9/40], Step: [521/782], Loss: 0.3218570351600647
Rank:0 Epoch: [9/40], Step: [531/782], Loss: 0.4120708107948303
Rank:0 Epoch: [9/40], Step: [541/782], Loss: 0.5671529769897461
Rank:0 Epoch: [9/40], Step: [551/782], Loss: 0.3731548488140106
Rank:0 Epoch: [9/40], Step: [561/782], Loss: 0.41615667939186096
Rank:0 Epoch: [9/40], Step: [571/782], Loss: 0.29693159461021423
Rank:0 Epoch: [9/40], Step: [581/782], Loss: 0.43072670698165894
Rank:0 Epoch: [9/40], Step: [591/782], Loss: 0.3317495584487915
Rank:0 Epoch: [9/40], Step: [601/782], Loss: 0.40997380018234253
Rank:0 Epoch: [9/40], Step: [611/782], Loss: 0.5112223029136658
Rank:0 Epoch: [9/40], Step: [621/782], Loss: 0.4971705973148346
Rank:0 Epoch: [9/40], Step: [631/782], Loss: 0.4600090980529785
Rank:0 Epoch: [9/40], Step: [641/782], Loss: 0.3427080810070038
Rank:0 Epoch: [9/40], Step: [651/782], Loss: 0.4481957256793976
Rank:0 Epoch: [9/40], Step: [661/782], Loss: 0.38494163751602173
Rank:0 Epoch: [9/40], Step: [671/782], Loss: 0.39622199535369873
Rank:0 Epoch: [9/40], Step: [681/782], Loss: 0.5060930252075195
Rank:0 Epoch: [9/40], Step: [691/782], Loss: 0.515573263168335
Rank:0 Epoch: [9/40], Step: [701/782], Loss: 0.36585885286331177
Rank:0 Epoch: [9/40], Step: [711/782], Loss: 0.3182603120803833
Rank:0 Epoch: [9/40], Step: [721/782], Loss: 0.3576493263244629
Rank:0 Epoch: [9/40], Step: [731/782], Loss: 0.5311371088027954
Rank:0 Epoch: [9/40], Step: [741/782], Loss: 0.288953959941864
Rank:0 Epoch: [9/40], Step: [751/782], Loss: 0.33868110179901123
Rank:0 Epoch: [9/40], Step: [761/782], Loss: 0.21218594908714294
Rank:0 Epoch: [9/40], Step: [771/782], Loss: 0.4042171537876129
Rank:0 Epoch: [9/40], Step: [781/782], Loss: 0.5903830528259277
Current Test Acc: 0.8211
Rank:0 Epoch: [10/40], Step: [1/782], Loss: 0.4796898663043976
Rank:0 Epoch: [10/40], Step: [11/782], Loss: 0.4652036726474762
Rank:0 Epoch: [10/40], Step: [21/782], Loss: 0.3667466938495636
Rank:0 Epoch: [10/40], Step: [31/782], Loss: 0.24783705174922943
Rank:0 Epoch: [10/40], Step: [41/782], Loss: 0.550432562828064
Rank:0 Epoch: [10/40], Step: [51/782], Loss: 0.4887502193450928
Rank:0 Epoch: [10/40], Step: [61/782], Loss: 0.28603747487068176
Rank:0 Epoch: [10/40], Step: [71/782], Loss: 0.39394620060920715
Rank:0 Epoch: [10/40], Step: [81/782], Loss: 0.3036543130874634
Rank:0 Epoch: [10/40], Step: [91/782], Loss: 0.5405973792076111
Rank:0 Epoch: [10/40], Step: [101/782], Loss: 0.3958357274532318
Rank:0 Epoch: [10/40], Step: [111/782], Loss: 0.3927163779735565
Rank:0 Epoch: [10/40], Step: [121/782], Loss: 0.30941879749298096
Rank:0 Epoch: [10/40], Step: [131/782], Loss: 0.33186987042427063
Rank:0 Epoch: [10/40], Step: [141/782], Loss: 0.3068227171897888
Rank:0 Epoch: [10/40], Step: [151/782], Loss: 0.18796207010746002
Rank:0 Epoch: [10/40], Step: [161/782], Loss: 0.273103803396225
Rank:0 Epoch: [10/40], Step: [171/782], Loss: 0.4681238532066345
Rank:0 Epoch: [10/40], Step: [181/782], Loss: 0.5162377953529358
Rank:0 Epoch: [10/40], Step: [191/782], Loss: 0.48980724811553955
Rank:0 Epoch: [10/40], Step: [201/782], Loss: 0.43230026960372925
Rank:0 Epoch: [10/40], Step: [211/782], Loss: 0.6849190592765808
Rank:0 Epoch: [10/40], Step: [221/782], Loss: 0.37311023473739624
Rank:0 Epoch: [10/40], Step: [231/782], Loss: 0.3053438067436218
Rank:0 Epoch: [10/40], Step: [241/782], Loss: 0.23613399267196655
Rank:0 Epoch: [10/40], Step: [251/782], Loss: 0.6076269745826721
Rank:0 Epoch: [10/40], Step: [261/782], Loss: 0.24624976515769958
Rank:0 Epoch: [10/40], Step: [271/782], Loss: 0.2729974091053009
Rank:0 Epoch: [10/40], Step: [281/782], Loss: 0.38674938678741455
Rank:0 Epoch: [10/40], Step: [291/782], Loss: 0.3304947018623352
Rank:0 Epoch: [10/40], Step: [301/782], Loss: 0.4092070758342743
Rank:0 Epoch: [10/40], Step: [311/782], Loss: 0.36411264538764954
Rank:0 Epoch: [10/40], Step: [321/782], Loss: 0.538211464881897
Rank:0 Epoch: [10/40], Step: [331/782], Loss: 0.47205859422683716
Rank:0 Epoch: [10/40], Step: [341/782], Loss: 0.4032767117023468
Rank:0 Epoch: [10/40], Step: [351/782], Loss: 0.322646826505661
Rank:0 Epoch: [10/40], Step: [361/782], Loss: 0.24953711032867432
Rank:0 Epoch: [10/40], Step: [371/782], Loss: 0.4746922552585602
Rank:0 Epoch: [10/40], Step: [381/782], Loss: 0.6454389095306396
Rank:0 Epoch: [10/40], Step: [391/782], Loss: 0.5027307868003845
Rank:0 Epoch: [10/40], Step: [401/782], Loss: 0.4530499279499054
Rank:0 Epoch: [10/40], Step: [411/782], Loss: 0.7868598699569702
Rank:0 Epoch: [10/40], Step: [421/782], Loss: 0.36745405197143555
Rank:0 Epoch: [10/40], Step: [431/782], Loss: 0.46696051955223083
Rank:0 Epoch: [10/40], Step: [441/782], Loss: 0.31754228472709656
Rank:0 Epoch: [10/40], Step: [451/782], Loss: 0.4173857867717743
Rank:0 Epoch: [10/40], Step: [461/782], Loss: 0.5525642037391663
Rank:0 Epoch: [10/40], Step: [471/782], Loss: 0.4306223392486572
Rank:0 Epoch: [10/40], Step: [481/782], Loss: 0.3406190276145935
Rank:0 Epoch: [10/40], Step: [491/782], Loss: 0.3286125957965851
Rank:0 Epoch: [10/40], Step: [501/782], Loss: 0.2508208751678467
Rank:0 Epoch: [10/40], Step: [511/782], Loss: 0.2756806015968323
Rank:0 Epoch: [10/40], Step: [521/782], Loss: 0.38804835081100464
Rank:0 Epoch: [10/40], Step: [531/782], Loss: 0.40751102566719055
Rank:0 Epoch: [10/40], Step: [541/782], Loss: 0.2933136820793152
Rank:0 Epoch: [10/40], Step: [551/782], Loss: 0.5376443266868591
Rank:0 Epoch: [10/40], Step: [561/782], Loss: 0.4076782166957855
Rank:0 Epoch: [10/40], Step: [571/782], Loss: 0.4107501208782196
Rank:0 Epoch: [10/40], Step: [581/782], Loss: 0.3920450508594513
Rank:0 Epoch: [10/40], Step: [591/782], Loss: 0.37315183877944946
Rank:0 Epoch: [10/40], Step: [601/782], Loss: 0.4238879680633545
Rank:0 Epoch: [10/40], Step: [611/782], Loss: 0.372753381729126
Rank:0 Epoch: [10/40], Step: [621/782], Loss: 0.48264777660369873
Rank:0 Epoch: [10/40], Step: [631/782], Loss: 0.4463561475276947
Rank:0 Epoch: [10/40], Step: [641/782], Loss: 0.43458887934684753
Rank:0 Epoch: [10/40], Step: [651/782], Loss: 0.2996768057346344
Rank:0 Epoch: [10/40], Step: [661/782], Loss: 0.594690203666687
Rank:0 Epoch: [10/40], Step: [671/782], Loss: 0.5238957405090332
Rank:0 Epoch: [10/40], Step: [681/782], Loss: 0.38737085461616516
Rank:0 Epoch: [10/40], Step: [691/782], Loss: 0.3795951008796692
Rank:0 Epoch: [10/40], Step: [701/782], Loss: 0.3867604732513428
Rank:0 Epoch: [10/40], Step: [711/782], Loss: 0.42226773500442505
Rank:0 Epoch: [10/40], Step: [721/782], Loss: 0.26970916986465454
Rank:0 Epoch: [10/40], Step: [731/782], Loss: 0.4078727662563324
Rank:0 Epoch: [10/40], Step: [741/782], Loss: 0.40632393956184387
Rank:0 Epoch: [10/40], Step: [751/782], Loss: 0.2649668753147125
Rank:0 Epoch: [10/40], Step: [761/782], Loss: 0.18678489327430725
Rank:0 Epoch: [10/40], Step: [771/782], Loss: 0.3554360568523407
Rank:0 Epoch: [10/40], Step: [781/782], Loss: 0.258047491312027
Current Test Acc: 0.8158
Rank:0 Epoch: [11/40], Step: [1/782], Loss: 0.47876307368278503
Rank:0 Epoch: [11/40], Step: [11/782], Loss: 0.2562200427055359
Rank:0 Epoch: [11/40], Step: [21/782], Loss: 0.385843425989151
Rank:0 Epoch: [11/40], Step: [31/782], Loss: 0.25372347235679626
Rank:0 Epoch: [11/40], Step: [41/782], Loss: 0.3483019173145294
Rank:0 Epoch: [11/40], Step: [51/782], Loss: 0.32183733582496643
Rank:0 Epoch: [11/40], Step: [61/782], Loss: 0.3204250931739807
Rank:0 Epoch: [11/40], Step: [71/782], Loss: 0.315276563167572
Rank:0 Epoch: [11/40], Step: [81/782], Loss: 0.17257386445999146
Rank:0 Epoch: [11/40], Step: [91/782], Loss: 0.387156218290329
Rank:0 Epoch: [11/40], Step: [101/782], Loss: 0.43095144629478455
Rank:0 Epoch: [11/40], Step: [111/782], Loss: 0.4325913190841675
Rank:0 Epoch: [11/40], Step: [121/782], Loss: 0.30771926045417786
Rank:0 Epoch: [11/40], Step: [131/782], Loss: 0.3031229078769684
Rank:0 Epoch: [11/40], Step: [141/782], Loss: 0.32289835810661316
Rank:0 Epoch: [11/40], Step: [151/782], Loss: 0.5236831903457642
Rank:0 Epoch: [11/40], Step: [161/782], Loss: 0.6037982106208801
Rank:0 Epoch: [11/40], Step: [171/782], Loss: 0.3173469305038452
Rank:0 Epoch: [11/40], Step: [181/782], Loss: 0.5520020723342896
Rank:0 Epoch: [11/40], Step: [191/782], Loss: 0.3549671173095703
Rank:0 Epoch: [11/40], Step: [201/782], Loss: 0.4968738853931427
Rank:0 Epoch: [11/40], Step: [211/782], Loss: 0.39192265272140503
Rank:0 Epoch: [11/40], Step: [221/782], Loss: 0.46410906314849854
Rank:0 Epoch: [11/40], Step: [231/782], Loss: 0.41286373138427734
Rank:0 Epoch: [11/40], Step: [241/782], Loss: 0.37148311734199524
Rank:0 Epoch: [11/40], Step: [251/782], Loss: 0.33432644605636597
Rank:0 Epoch: [11/40], Step: [261/782], Loss: 0.3212783932685852
Rank:0 Epoch: [11/40], Step: [271/782], Loss: 0.20430997014045715
Rank:0 Epoch: [11/40], Step: [281/782], Loss: 0.21272966265678406
Rank:0 Epoch: [11/40], Step: [291/782], Loss: 0.39730149507522583
Rank:0 Epoch: [11/40], Step: [301/782], Loss: 0.26810309290885925
Rank:0 Epoch: [11/40], Step: [311/782], Loss: 0.4332672357559204
Rank:0 Epoch: [11/40], Step: [321/782], Loss: 0.37941738963127136
Rank:0 Epoch: [11/40], Step: [331/782], Loss: 0.5546127557754517
Rank:0 Epoch: [11/40], Step: [341/782], Loss: 0.5171012878417969
Rank:0 Epoch: [11/40], Step: [351/782], Loss: 0.5374681949615479
Rank:0 Epoch: [11/40], Step: [361/782], Loss: 0.4594520330429077
Rank:0 Epoch: [11/40], Step: [371/782], Loss: 0.4403025209903717
Rank:0 Epoch: [11/40], Step: [381/782], Loss: 0.3634593188762665
Rank:0 Epoch: [11/40], Step: [391/782], Loss: 0.4066835939884186
Rank:0 Epoch: [11/40], Step: [401/782], Loss: 0.25539591908454895
Rank:0 Epoch: [11/40], Step: [411/782], Loss: 0.5117934346199036
Rank:0 Epoch: [11/40], Step: [421/782], Loss: 0.4684029221534729
Rank:0 Epoch: [11/40], Step: [431/782], Loss: 0.393466055393219
Rank:0 Epoch: [11/40], Step: [441/782], Loss: 0.5281426906585693
Rank:0 Epoch: [11/40], Step: [451/782], Loss: 0.31976398825645447
Rank:0 Epoch: [11/40], Step: [461/782], Loss: 0.3302136957645416
Rank:0 Epoch: [11/40], Step: [471/782], Loss: 0.4706951975822449
Rank:0 Epoch: [11/40], Step: [481/782], Loss: 0.30239054560661316
Rank:0 Epoch: [11/40], Step: [491/782], Loss: 0.460792601108551
Rank:0 Epoch: [11/40], Step: [501/782], Loss: 0.3699735105037689
Rank:0 Epoch: [11/40], Step: [511/782], Loss: 0.3630797266960144
Rank:0 Epoch: [11/40], Step: [521/782], Loss: 0.31131163239479065
Rank:0 Epoch: [11/40], Step: [531/782], Loss: 0.3819061517715454
Rank:0 Epoch: [11/40], Step: [541/782], Loss: 0.27758142352104187
Rank:0 Epoch: [11/40], Step: [551/782], Loss: 0.38814446330070496
Rank:0 Epoch: [11/40], Step: [561/782], Loss: 0.33909207582473755
Rank:0 Epoch: [11/40], Step: [571/782], Loss: 0.5239971876144409
Rank:0 Epoch: [11/40], Step: [581/782], Loss: 0.6000794172286987
Rank:0 Epoch: [11/40], Step: [591/782], Loss: 0.28671103715896606
Rank:0 Epoch: [11/40], Step: [601/782], Loss: 0.2634285092353821
Rank:0 Epoch: [11/40], Step: [611/782], Loss: 0.47675618529319763
Rank:0 Epoch: [11/40], Step: [621/782], Loss: 0.4168310761451721
Rank:0 Epoch: [11/40], Step: [631/782], Loss: 0.4278924763202667
Rank:0 Epoch: [11/40], Step: [641/782], Loss: 0.3839845061302185
Rank:0 Epoch: [11/40], Step: [651/782], Loss: 0.352336049079895
Rank:0 Epoch: [11/40], Step: [661/782], Loss: 0.3416760265827179
Rank:0 Epoch: [11/40], Step: [671/782], Loss: 0.540546715259552
Rank:0 Epoch: [11/40], Step: [681/782], Loss: 0.31963038444519043
Rank:0 Epoch: [11/40], Step: [691/782], Loss: 0.4580063223838806
Rank:0 Epoch: [11/40], Step: [701/782], Loss: 0.4155510663986206
Rank:0 Epoch: [11/40], Step: [711/782], Loss: 0.4323633015155792
Rank:0 Epoch: [11/40], Step: [721/782], Loss: 0.24919314682483673
Rank:0 Epoch: [11/40], Step: [731/782], Loss: 0.3644043207168579
Rank:0 Epoch: [11/40], Step: [741/782], Loss: 0.36634397506713867
Rank:0 Epoch: [11/40], Step: [751/782], Loss: 0.42138373851776123
Rank:0 Epoch: [11/40], Step: [761/782], Loss: 0.4936804473400116
Rank:0 Epoch: [11/40], Step: [771/782], Loss: 0.4301050007343292
Rank:0 Epoch: [11/40], Step: [781/782], Loss: 0.209357351064682
Current Test Acc: 0.8257
Rank:0 Epoch: [12/40], Step: [1/782], Loss: 0.260489821434021
Rank:0 Epoch: [12/40], Step: [11/782], Loss: 0.4058588445186615
Rank:0 Epoch: [12/40], Step: [21/782], Loss: 0.3000127673149109
Rank:0 Epoch: [12/40], Step: [31/782], Loss: 0.28671321272850037
Rank:0 Epoch: [12/40], Step: [41/782], Loss: 0.48581260442733765
Rank:0 Epoch: [12/40], Step: [51/782], Loss: 0.386061429977417
Rank:0 Epoch: [12/40], Step: [61/782], Loss: 0.35127004981040955
Rank:0 Epoch: [12/40], Step: [71/782], Loss: 0.44049662351608276
Rank:0 Epoch: [12/40], Step: [81/782], Loss: 0.24876734614372253
Rank:0 Epoch: [12/40], Step: [91/782], Loss: 0.46697402000427246
Rank:0 Epoch: [12/40], Step: [101/782], Loss: 0.26032519340515137
Rank:0 Epoch: [12/40], Step: [111/782], Loss: 0.32798129320144653
Rank:0 Epoch: [12/40], Step: [121/782], Loss: 0.5895764231681824
Rank:0 Epoch: [12/40], Step: [131/782], Loss: 0.35302555561065674
Rank:0 Epoch: [12/40], Step: [141/782], Loss: 0.32982945442199707
Rank:0 Epoch: [12/40], Step: [151/782], Loss: 0.42642951011657715
Rank:0 Epoch: [12/40], Step: [161/782], Loss: 0.4015633761882782
Rank:0 Epoch: [12/40], Step: [171/782], Loss: 0.4139796793460846
Rank:0 Epoch: [12/40], Step: [181/782], Loss: 0.37112000584602356
Rank:0 Epoch: [12/40], Step: [191/782], Loss: 0.37042859196662903
Rank:0 Epoch: [12/40], Step: [201/782], Loss: 0.2676144540309906
Rank:0 Epoch: [12/40], Step: [211/782], Loss: 0.23427824676036835
Rank:0 Epoch: [12/40], Step: [221/782], Loss: 0.4135838747024536
Rank:0 Epoch: [12/40], Step: [231/782], Loss: 0.416981041431427
Rank:0 Epoch: [12/40], Step: [241/782], Loss: 0.5103232264518738
Rank:0 Epoch: [12/40], Step: [251/782], Loss: 0.4820443391799927
Rank:0 Epoch: [12/40], Step: [261/782], Loss: 0.5081005692481995
Rank:0 Epoch: [12/40], Step: [271/782], Loss: 0.373689204454422
Rank:0 Epoch: [12/40], Step: [281/782], Loss: 0.4390840530395508
Rank:0 Epoch: [12/40], Step: [291/782], Loss: 0.6444767117500305
Rank:0 Epoch: [12/40], Step: [301/782], Loss: 0.5828061103820801
Rank:0 Epoch: [12/40], Step: [311/782], Loss: 0.3402065336704254
Rank:0 Epoch: [12/40], Step: [321/782], Loss: 0.29629573225975037
Rank:0 Epoch: [12/40], Step: [331/782], Loss: 0.28627294301986694
Rank:0 Epoch: [12/40], Step: [341/782], Loss: 0.3184131681919098
Rank:0 Epoch: [12/40], Step: [351/782], Loss: 0.4605198800563812
Rank:0 Epoch: [12/40], Step: [361/782], Loss: 0.541289746761322
Rank:0 Epoch: [12/40], Step: [371/782], Loss: 0.40688613057136536
Rank:0 Epoch: [12/40], Step: [381/782], Loss: 0.3658349812030792
Rank:0 Epoch: [12/40], Step: [391/782], Loss: 0.4241204857826233
Rank:0 Epoch: [12/40], Step: [401/782], Loss: 0.29428327083587646
Rank:0 Epoch: [12/40], Step: [411/782], Loss: 0.8110477328300476
Rank:0 Epoch: [12/40], Step: [421/782], Loss: 0.2465568333864212
Rank:0 Epoch: [12/40], Step: [431/782], Loss: 0.4739539325237274
Rank:0 Epoch: [12/40], Step: [441/782], Loss: 0.3902687132358551
Rank:0 Epoch: [12/40], Step: [451/782], Loss: 0.2667064368724823
Rank:0 Epoch: [12/40], Step: [461/782], Loss: 0.26702970266342163
Rank:0 Epoch: [12/40], Step: [471/782], Loss: 0.3043650984764099
Rank:0 Epoch: [12/40], Step: [481/782], Loss: 0.36640793085098267
Rank:0 Epoch: [12/40], Step: [491/782], Loss: 0.5034849047660828
Rank:0 Epoch: [12/40], Step: [501/782], Loss: 0.48528701066970825
Rank:0 Epoch: [12/40], Step: [511/782], Loss: 0.49911394715309143
Rank:0 Epoch: [12/40], Step: [521/782], Loss: 0.3702166974544525
Rank:0 Epoch: [12/40], Step: [531/782], Loss: 0.5524957180023193
Rank:0 Epoch: [12/40], Step: [541/782], Loss: 0.29103249311447144
Rank:0 Epoch: [12/40], Step: [551/782], Loss: 0.33185818791389465
Rank:0 Epoch: [12/40], Step: [561/782], Loss: 0.2173880785703659
Rank:0 Epoch: [12/40], Step: [571/782], Loss: 0.36813491582870483
Rank:0 Epoch: [12/40], Step: [581/782], Loss: 0.4178137183189392
Rank:0 Epoch: [12/40], Step: [591/782], Loss: 0.35330119729042053
Rank:0 Epoch: [12/40], Step: [601/782], Loss: 0.3152691125869751
Rank:0 Epoch: [12/40], Step: [611/782], Loss: 0.2689022421836853
Rank:0 Epoch: [12/40], Step: [621/782], Loss: 0.3004080653190613
Rank:0 Epoch: [12/40], Step: [631/782], Loss: 0.4502195417881012
Rank:0 Epoch: [12/40], Step: [641/782], Loss: 0.32356032729148865
Rank:0 Epoch: [12/40], Step: [651/782], Loss: 0.5504834651947021
Rank:0 Epoch: [12/40], Step: [661/782], Loss: 0.49904996156692505
Rank:0 Epoch: [12/40], Step: [671/782], Loss: 0.6537802219390869
Rank:0 Epoch: [12/40], Step: [681/782], Loss: 0.4594082236289978
Rank:0 Epoch: [12/40], Step: [691/782], Loss: 0.37570640444755554
Rank:0 Epoch: [12/40], Step: [701/782], Loss: 0.2627717852592468
Rank:0 Epoch: [12/40], Step: [711/782], Loss: 0.5642427206039429
Rank:0 Epoch: [12/40], Step: [721/782], Loss: 0.32505354285240173
Rank:0 Epoch: [12/40], Step: [731/782], Loss: 0.5681907534599304
Rank:0 Epoch: [12/40], Step: [741/782], Loss: 0.26726093888282776
Rank:0 Epoch: [12/40], Step: [751/782], Loss: 0.395779013633728
Rank:0 Epoch: [12/40], Step: [761/782], Loss: 0.31876447796821594
Rank:0 Epoch: [12/40], Step: [771/782], Loss: 0.36036059260368347
Rank:0 Epoch: [12/40], Step: [781/782], Loss: 0.31916263699531555
Current Test Acc: 0.8148
Rank:0 Epoch: [13/40], Step: [1/782], Loss: 0.7318390607833862
Rank:0 Epoch: [13/40], Step: [11/782], Loss: 0.3668922185897827
Rank:0 Epoch: [13/40], Step: [21/782], Loss: 0.3203033208847046
Rank:0 Epoch: [13/40], Step: [31/782], Loss: 0.47137272357940674
Rank:0 Epoch: [13/40], Step: [41/782], Loss: 0.2878536880016327
Rank:0 Epoch: [13/40], Step: [51/782], Loss: 0.3933003544807434
Rank:0 Epoch: [13/40], Step: [61/782], Loss: 0.2550337016582489
Rank:0 Epoch: [13/40], Step: [71/782], Loss: 0.4404919445514679
Rank:0 Epoch: [13/40], Step: [81/782], Loss: 0.3149029612541199
Rank:0 Epoch: [13/40], Step: [91/782], Loss: 0.261665403842926
Rank:0 Epoch: [13/40], Step: [101/782], Loss: 0.23544330894947052
Rank:0 Epoch: [13/40], Step: [111/782], Loss: 0.3778800070285797
Rank:0 Epoch: [13/40], Step: [121/782], Loss: 0.36545440554618835
Rank:0 Epoch: [13/40], Step: [131/782], Loss: 0.33923855423927307
Rank:0 Epoch: [13/40], Step: [141/782], Loss: 0.2968267500400543
Rank:0 Epoch: [13/40], Step: [151/782], Loss: 0.336710125207901
Rank:0 Epoch: [13/40], Step: [161/782], Loss: 0.3391050398349762
Rank:0 Epoch: [13/40], Step: [171/782], Loss: 0.2121141105890274
Rank:0 Epoch: [13/40], Step: [181/782], Loss: 0.2904543876647949
Rank:0 Epoch: [13/40], Step: [191/782], Loss: 0.4155506193637848
Rank:0 Epoch: [13/40], Step: [201/782], Loss: 0.23700852692127228
Rank:0 Epoch: [13/40], Step: [211/782], Loss: 0.558146059513092
Rank:0 Epoch: [13/40], Step: [221/782], Loss: 0.32418593764305115
Rank:0 Epoch: [13/40], Step: [231/782], Loss: 0.3707897663116455
Rank:0 Epoch: [13/40], Step: [241/782], Loss: 0.4670327305793762
Rank:0 Epoch: [13/40], Step: [251/782], Loss: 0.19561263918876648
Rank:0 Epoch: [13/40], Step: [261/782], Loss: 0.5912816524505615
Rank:0 Epoch: [13/40], Step: [271/782], Loss: 0.3845471143722534
Rank:0 Epoch: [13/40], Step: [281/782], Loss: 0.5276317000389099
Rank:0 Epoch: [13/40], Step: [291/782], Loss: 0.32042229175567627
Rank:0 Epoch: [13/40], Step: [301/782], Loss: 0.3673968017101288
Rank:0 Epoch: [13/40], Step: [311/782], Loss: 0.17013393342494965
Rank:0 Epoch: [13/40], Step: [321/782], Loss: 0.3226580321788788
Rank:0 Epoch: [13/40], Step: [331/782], Loss: 0.3832746148109436
Rank:0 Epoch: [13/40], Step: [341/782], Loss: 0.23556917905807495
Rank:0 Epoch: [13/40], Step: [351/782], Loss: 0.5837268233299255
Rank:0 Epoch: [13/40], Step: [361/782], Loss: 0.34311485290527344
Rank:0 Epoch: [13/40], Step: [371/782], Loss: 0.37843647599220276
Rank:0 Epoch: [13/40], Step: [381/782], Loss: 0.23892070353031158
Rank:0 Epoch: [13/40], Step: [391/782], Loss: 0.42521506547927856
Rank:0 Epoch: [13/40], Step: [401/782], Loss: 0.3166434168815613
Rank:0 Epoch: [13/40], Step: [411/782], Loss: 0.6386218667030334
Rank:0 Epoch: [13/40], Step: [421/782], Loss: 0.26172465085983276
Rank:0 Epoch: [13/40], Step: [431/782], Loss: 0.2777443528175354
Rank:0 Epoch: [13/40], Step: [441/782], Loss: 0.42545902729034424
Rank:0 Epoch: [13/40], Step: [451/782], Loss: 0.4903773367404938
Rank:0 Epoch: [13/40], Step: [461/782], Loss: 0.3469504117965698
Rank:0 Epoch: [13/40], Step: [471/782], Loss: 0.31167393922805786
Rank:0 Epoch: [13/40], Step: [481/782], Loss: 0.33346909284591675
Rank:0 Epoch: [13/40], Step: [491/782], Loss: 0.39585089683532715
Rank:0 Epoch: [13/40], Step: [501/782], Loss: 0.41280174255371094
Rank:0 Epoch: [13/40], Step: [511/782], Loss: 0.30496278405189514
Rank:0 Epoch: [13/40], Step: [521/782], Loss: 0.21956363320350647
Rank:0 Epoch: [13/40], Step: [531/782], Loss: 0.37596264481544495
Rank:0 Epoch: [13/40], Step: [541/782], Loss: 0.4207304120063782
Rank:0 Epoch: [13/40], Step: [551/782], Loss: 0.36914870142936707
Rank:0 Epoch: [13/40], Step: [561/782], Loss: 0.3011525571346283
Rank:0 Epoch: [13/40], Step: [571/782], Loss: 0.3242398202419281
Rank:0 Epoch: [13/40], Step: [581/782], Loss: 0.19421251118183136
Rank:0 Epoch: [13/40], Step: [591/782], Loss: 0.3119220733642578
Rank:0 Epoch: [13/40], Step: [601/782], Loss: 0.3095312714576721
Rank:0 Epoch: [13/40], Step: [611/782], Loss: 0.21305640041828156
Rank:0 Epoch: [13/40], Step: [621/782], Loss: 0.5146552324295044
Rank:0 Epoch: [13/40], Step: [631/782], Loss: 0.42178601026535034
Rank:0 Epoch: [13/40], Step: [641/782], Loss: 0.40051788091659546
Rank:0 Epoch: [13/40], Step: [651/782], Loss: 0.2884144186973572
Rank:0 Epoch: [13/40], Step: [661/782], Loss: 0.413310170173645
Rank:0 Epoch: [13/40], Step: [671/782], Loss: 0.5579164624214172
Rank:0 Epoch: [13/40], Step: [681/782], Loss: 0.4742197096347809
Rank:0 Epoch: [13/40], Step: [691/782], Loss: 0.2894749343395233
Rank:0 Epoch: [13/40], Step: [701/782], Loss: 0.6759811639785767
Rank:0 Epoch: [13/40], Step: [711/782], Loss: 0.3185659348964691
Rank:0 Epoch: [13/40], Step: [721/782], Loss: 0.2838438153266907
Rank:0 Epoch: [13/40], Step: [731/782], Loss: 0.40759098529815674
Rank:0 Epoch: [13/40], Step: [741/782], Loss: 0.5982920527458191
Rank:0 Epoch: [13/40], Step: [751/782], Loss: 0.45451873540878296
Rank:0 Epoch: [13/40], Step: [761/782], Loss: 0.27133283019065857
Rank:0 Epoch: [13/40], Step: [771/782], Loss: 0.28062471747398376
Rank:0 Epoch: [13/40], Step: [781/782], Loss: 0.5909053683280945
Current Test Acc: 0.834
Rank:0 Epoch: [14/40], Step: [1/782], Loss: 0.6995344161987305
Rank:0 Epoch: [14/40], Step: [11/782], Loss: 0.49697691202163696
Rank:0 Epoch: [14/40], Step: [21/782], Loss: 0.27695414423942566
Rank:0 Epoch: [14/40], Step: [31/782], Loss: 0.4612635672092438
Rank:0 Epoch: [14/40], Step: [41/782], Loss: 0.32392618060112
Rank:0 Epoch: [14/40], Step: [51/782], Loss: 0.29972022771835327
Rank:0 Epoch: [14/40], Step: [61/782], Loss: 0.2926538288593292
Rank:0 Epoch: [14/40], Step: [71/782], Loss: 0.691146969795227
Rank:0 Epoch: [14/40], Step: [81/782], Loss: 0.17525532841682434
Rank:0 Epoch: [14/40], Step: [91/782], Loss: 0.18189427256584167
Rank:0 Epoch: [14/40], Step: [101/782], Loss: 0.14129328727722168
Rank:0 Epoch: [14/40], Step: [111/782], Loss: 0.49376487731933594
Rank:0 Epoch: [14/40], Step: [121/782], Loss: 0.30038076639175415
Rank:0 Epoch: [14/40], Step: [131/782], Loss: 0.30654239654541016
Rank:0 Epoch: [14/40], Step: [141/782], Loss: 0.2659505307674408
Rank:0 Epoch: [14/40], Step: [151/782], Loss: 0.6329070925712585
Rank:0 Epoch: [14/40], Step: [161/782], Loss: 0.7102411985397339
Rank:0 Epoch: [14/40], Step: [171/782], Loss: 0.5293595194816589
Rank:0 Epoch: [14/40], Step: [181/782], Loss: 0.30832526087760925
Rank:0 Epoch: [14/40], Step: [191/782], Loss: 0.382080078125
Rank:0 Epoch: [14/40], Step: [201/782], Loss: 0.31825488805770874
Rank:0 Epoch: [14/40], Step: [211/782], Loss: 0.3500410318374634
Rank:0 Epoch: [14/40], Step: [221/782], Loss: 0.3124425709247589
Rank:0 Epoch: [14/40], Step: [231/782], Loss: 0.6084307432174683
Rank:0 Epoch: [14/40], Step: [241/782], Loss: 0.2876031696796417
Rank:0 Epoch: [14/40], Step: [251/782], Loss: 0.5079401731491089
Rank:0 Epoch: [14/40], Step: [261/782], Loss: 0.3276474177837372
Rank:0 Epoch: [14/40], Step: [271/782], Loss: 0.4819643497467041
Rank:0 Epoch: [14/40], Step: [281/782], Loss: 0.37529221177101135
Rank:0 Epoch: [14/40], Step: [291/782], Loss: 0.40694907307624817
Rank:0 Epoch: [14/40], Step: [301/782], Loss: 0.4033244252204895
Rank:0 Epoch: [14/40], Step: [311/782], Loss: 0.33688661456108093
Rank:0 Epoch: [14/40], Step: [321/782], Loss: 0.32507529854774475
Rank:0 Epoch: [14/40], Step: [331/782], Loss: 0.5977015495300293
Rank:0 Epoch: [14/40], Step: [341/782], Loss: 0.5647011399269104
Rank:0 Epoch: [14/40], Step: [351/782], Loss: 0.2429608553647995
Rank:0 Epoch: [14/40], Step: [361/782], Loss: 0.43881097435951233
Rank:0 Epoch: [14/40], Step: [371/782], Loss: 0.48537349700927734
Rank:0 Epoch: [14/40], Step: [381/782], Loss: 0.40325430035591125
Rank:0 Epoch: [14/40], Step: [391/782], Loss: 0.2014780342578888
Rank:0 Epoch: [14/40], Step: [401/782], Loss: 0.4310262203216553
Rank:0 Epoch: [14/40], Step: [411/782], Loss: 0.3993683457374573
Rank:0 Epoch: [14/40], Step: [421/782], Loss: 0.4173617362976074
Rank:0 Epoch: [14/40], Step: [431/782], Loss: 0.3563094735145569
Rank:0 Epoch: [14/40], Step: [441/782], Loss: 0.39818689227104187
Rank:0 Epoch: [14/40], Step: [451/782], Loss: 0.3836011588573456
Rank:0 Epoch: [14/40], Step: [461/782], Loss: 0.6130473613739014
Rank:0 Epoch: [14/40], Step: [471/782], Loss: 0.29205426573753357
Rank:0 Epoch: [14/40], Step: [481/782], Loss: 0.43168509006500244
Rank:0 Epoch: [14/40], Step: [491/782], Loss: 0.3738167881965637
Rank:0 Epoch: [14/40], Step: [501/782], Loss: 0.3975224494934082
Rank:0 Epoch: [14/40], Step: [511/782], Loss: 0.5178770422935486
Rank:0 Epoch: [14/40], Step: [521/782], Loss: 0.4014519155025482
Rank:0 Epoch: [14/40], Step: [531/782], Loss: 0.33118289709091187
Rank:0 Epoch: [14/40], Step: [541/782], Loss: 0.33564701676368713
Rank:0 Epoch: [14/40], Step: [551/782], Loss: 0.30326536297798157
Rank:0 Epoch: [14/40], Step: [561/782], Loss: 0.40187618136405945
Rank:0 Epoch: [14/40], Step: [571/782], Loss: 0.4644799828529358
Rank:0 Epoch: [14/40], Step: [581/782], Loss: 0.2589111626148224
Rank:0 Epoch: [14/40], Step: [591/782], Loss: 0.2619361877441406
Rank:0 Epoch: [14/40], Step: [601/782], Loss: 0.35751810669898987
Rank:0 Epoch: [14/40], Step: [611/782], Loss: 0.3982112407684326
Rank:0 Epoch: [14/40], Step: [621/782], Loss: 0.3220740258693695
Rank:0 Epoch: [14/40], Step: [631/782], Loss: 0.17352542281150818
Rank:0 Epoch: [14/40], Step: [641/782], Loss: 0.3361073434352875
Rank:0 Epoch: [14/40], Step: [651/782], Loss: 0.46607592701911926
Rank:0 Epoch: [14/40], Step: [661/782], Loss: 0.4574916362762451
Rank:0 Epoch: [14/40], Step: [671/782], Loss: 0.4538659155368805
Rank:0 Epoch: [14/40], Step: [681/782], Loss: 0.4154545068740845
Rank:0 Epoch: [14/40], Step: [691/782], Loss: 0.27302607893943787
Rank:0 Epoch: [14/40], Step: [701/782], Loss: 0.2620260417461395
Rank:0 Epoch: [14/40], Step: [711/782], Loss: 0.5574252605438232
Rank:0 Epoch: [14/40], Step: [721/782], Loss: 0.4877728223800659
Rank:0 Epoch: [14/40], Step: [731/782], Loss: 0.5611261129379272
Rank:0 Epoch: [14/40], Step: [741/782], Loss: 0.3351918160915375
Rank:0 Epoch: [14/40], Step: [751/782], Loss: 0.2662082016468048
Rank:0 Epoch: [14/40], Step: [761/782], Loss: 0.44720572233200073
Rank:0 Epoch: [14/40], Step: [771/782], Loss: 0.41637536883354187
Rank:0 Epoch: [14/40], Step: [781/782], Loss: 0.3004859685897827
Current Test Acc: 0.8348
Rank:0 Epoch: [15/40], Step: [1/782], Loss: 0.4824756681919098
Rank:0 Epoch: [15/40], Step: [11/782], Loss: 0.4793706238269806
Rank:0 Epoch: [15/40], Step: [21/782], Loss: 0.30945083498954773
Rank:0 Epoch: [15/40], Step: [31/782], Loss: 0.3417542576789856
Rank:0 Epoch: [15/40], Step: [41/782], Loss: 0.34361952543258667
Rank:0 Epoch: [15/40], Step: [51/782], Loss: 0.43428850173950195
Rank:0 Epoch: [15/40], Step: [61/782], Loss: 0.2847028076648712
Rank:0 Epoch: [15/40], Step: [71/782], Loss: 0.3135782778263092
Rank:0 Epoch: [15/40], Step: [81/782], Loss: 0.39101219177246094
Rank:0 Epoch: [15/40], Step: [91/782], Loss: 0.20697826147079468
Rank:0 Epoch: [15/40], Step: [101/782], Loss: 0.2818605601787567
Rank:0 Epoch: [15/40], Step: [111/782], Loss: 0.3048624098300934
Rank:0 Epoch: [15/40], Step: [121/782], Loss: 0.26420506834983826
Rank:0 Epoch: [15/40], Step: [131/782], Loss: 0.4438980221748352
Rank:0 Epoch: [15/40], Step: [141/782], Loss: 0.3648568391799927
Rank:0 Epoch: [15/40], Step: [151/782], Loss: 0.3569067716598511
Rank:0 Epoch: [15/40], Step: [161/782], Loss: 0.5817124247550964
Rank:0 Epoch: [15/40], Step: [171/782], Loss: 0.2196016162633896
Rank:0 Epoch: [15/40], Step: [181/782], Loss: 0.33668774366378784
Rank:0 Epoch: [15/40], Step: [191/782], Loss: 0.25518515706062317
Rank:0 Epoch: [15/40], Step: [201/782], Loss: 0.3861085772514343
Rank:0 Epoch: [15/40], Step: [211/782], Loss: 0.3532608449459076
Rank:0 Epoch: [15/40], Step: [221/782], Loss: 0.2464631199836731
Rank:0 Epoch: [15/40], Step: [231/782], Loss: 0.27779045701026917
Rank:0 Epoch: [15/40], Step: [241/782], Loss: 0.40766358375549316
Rank:0 Epoch: [15/40], Step: [251/782], Loss: 0.35310056805610657
Rank:0 Epoch: [15/40], Step: [261/782], Loss: 0.3493274748325348
Rank:0 Epoch: [15/40], Step: [271/782], Loss: 0.46143144369125366
Rank:0 Epoch: [15/40], Step: [281/782], Loss: 0.35916459560394287
Rank:0 Epoch: [15/40], Step: [291/782], Loss: 0.5768319368362427
Rank:0 Epoch: [15/40], Step: [301/782], Loss: 0.3427833318710327
Rank:0 Epoch: [15/40], Step: [311/782], Loss: 0.23386889696121216
Rank:0 Epoch: [15/40], Step: [321/782], Loss: 0.38988715410232544
Rank:0 Epoch: [15/40], Step: [331/782], Loss: 0.42571356892585754
Rank:0 Epoch: [15/40], Step: [341/782], Loss: 0.2685846984386444
Rank:0 Epoch: [15/40], Step: [351/782], Loss: 0.2570542097091675
Rank:0 Epoch: [15/40], Step: [361/782], Loss: 0.3127082288265228
Rank:0 Epoch: [15/40], Step: [371/782], Loss: 0.4696718752384186
Rank:0 Epoch: [15/40], Step: [381/782], Loss: 0.6748079657554626
Rank:0 Epoch: [15/40], Step: [391/782], Loss: 0.3981636166572571
Rank:0 Epoch: [15/40], Step: [401/782], Loss: 0.3871200382709503
Rank:0 Epoch: [15/40], Step: [411/782], Loss: 0.46229422092437744
Rank:0 Epoch: [15/40], Step: [421/782], Loss: 0.235432431101799
Rank:0 Epoch: [15/40], Step: [431/782], Loss: 0.42728230357170105
Rank:0 Epoch: [15/40], Step: [441/782], Loss: 0.3430313766002655
Rank:0 Epoch: [15/40], Step: [451/782], Loss: 0.42713668942451477
Rank:0 Epoch: [15/40], Step: [461/782], Loss: 0.2793477475643158
Rank:0 Epoch: [15/40], Step: [471/782], Loss: 0.372290700674057
Rank:0 Epoch: [15/40], Step: [481/782], Loss: 0.36647316813468933
Rank:0 Epoch: [15/40], Step: [491/782], Loss: 0.6054742336273193
Rank:0 Epoch: [15/40], Step: [501/782], Loss: 0.30407649278640747
Rank:0 Epoch: [15/40], Step: [511/782], Loss: 0.31451088190078735
Rank:0 Epoch: [15/40], Step: [521/782], Loss: 0.25821906328201294
Rank:0 Epoch: [15/40], Step: [531/782], Loss: 0.3426791727542877
Rank:0 Epoch: [15/40], Step: [541/782], Loss: 0.40757399797439575
Rank:0 Epoch: [15/40], Step: [551/782], Loss: 0.3686791956424713
Rank:0 Epoch: [15/40], Step: [561/782], Loss: 0.40491923689842224
Rank:0 Epoch: [15/40], Step: [571/782], Loss: 0.48467081785202026
Rank:0 Epoch: [15/40], Step: [581/782], Loss: 0.49590927362442017
Rank:0 Epoch: [15/40], Step: [591/782], Loss: 0.2483643889427185
Rank:0 Epoch: [15/40], Step: [601/782], Loss: 0.367914080619812
Rank:0 Epoch: [15/40], Step: [611/782], Loss: 0.4455781579017639
Rank:0 Epoch: [15/40], Step: [621/782], Loss: 0.32493826746940613
Rank:0 Epoch: [15/40], Step: [631/782], Loss: 0.20536832511425018
Rank:0 Epoch: [15/40], Step: [641/782], Loss: 0.31159552931785583
Rank:0 Epoch: [15/40], Step: [651/782], Loss: 0.18328675627708435
Rank:0 Epoch: [15/40], Step: [661/782], Loss: 0.2709465026855469
Rank:0 Epoch: [15/40], Step: [671/782], Loss: 0.26324233412742615
Rank:0 Epoch: [15/40], Step: [681/782], Loss: 0.34823647141456604
Rank:0 Epoch: [15/40], Step: [691/782], Loss: 0.43877148628234863
Rank:0 Epoch: [15/40], Step: [701/782], Loss: 0.23797599971294403
Rank:0 Epoch: [15/40], Step: [711/782], Loss: 0.32506415247917175
Rank:0 Epoch: [15/40], Step: [721/782], Loss: 0.3719417452812195
Rank:0 Epoch: [15/40], Step: [731/782], Loss: 0.53841233253479
Rank:0 Epoch: [15/40], Step: [741/782], Loss: 0.5692920088768005
Rank:0 Epoch: [15/40], Step: [751/782], Loss: 0.319581001996994
Rank:0 Epoch: [15/40], Step: [761/782], Loss: 0.8287551999092102
Rank:0 Epoch: [15/40], Step: [771/782], Loss: 0.5038522481918335
Rank:0 Epoch: [15/40], Step: [781/782], Loss: 0.35520535707473755
Current Test Acc: 0.8335
Rank:0 Epoch: [16/40], Step: [1/782], Loss: 0.25060564279556274
Rank:0 Epoch: [16/40], Step: [11/782], Loss: 0.4333060383796692
Rank:0 Epoch: [16/40], Step: [21/782], Loss: 0.5319636464118958
Rank:0 Epoch: [16/40], Step: [31/782], Loss: 0.4662337005138397
Rank:0 Epoch: [16/40], Step: [41/782], Loss: 0.2832391858100891
Rank:0 Epoch: [16/40], Step: [51/782], Loss: 0.2938229441642761
Rank:0 Epoch: [16/40], Step: [61/782], Loss: 0.5701804757118225
Rank:0 Epoch: [16/40], Step: [71/782], Loss: 0.29687461256980896
Rank:0 Epoch: [16/40], Step: [81/782], Loss: 0.2279166281223297
Rank:0 Epoch: [16/40], Step: [91/782], Loss: 0.32847103476524353
Rank:0 Epoch: [16/40], Step: [101/782], Loss: 0.5317017436027527
Rank:0 Epoch: [16/40], Step: [111/782], Loss: 0.3094446063041687
Rank:0 Epoch: [16/40], Step: [121/782], Loss: 0.5265730619430542
Rank:0 Epoch: [16/40], Step: [131/782], Loss: 0.3252994418144226
Rank:0 Epoch: [16/40], Step: [141/782], Loss: 0.2583613395690918
Rank:0 Epoch: [16/40], Step: [151/782], Loss: 0.22411108016967773
Rank:0 Epoch: [16/40], Step: [161/782], Loss: 0.4335472881793976
Rank:0 Epoch: [16/40], Step: [171/782], Loss: 0.27114540338516235
Rank:0 Epoch: [16/40], Step: [181/782], Loss: 0.2655405104160309
Rank:0 Epoch: [16/40], Step: [191/782], Loss: 0.5211585164070129
Rank:0 Epoch: [16/40], Step: [201/782], Loss: 0.3019475042819977
Rank:0 Epoch: [16/40], Step: [211/782], Loss: 0.7031030654907227
Rank:0 Epoch: [16/40], Step: [221/782], Loss: 0.28537994623184204
Rank:0 Epoch: [16/40], Step: [231/782], Loss: 0.224651038646698
Rank:0 Epoch: [16/40], Step: [241/782], Loss: 0.37425827980041504
Rank:0 Epoch: [16/40], Step: [251/782], Loss: 0.3919796347618103
Rank:0 Epoch: [16/40], Step: [261/782], Loss: 0.5253934264183044
Rank:0 Epoch: [16/40], Step: [271/782], Loss: 0.20562605559825897
Rank:0 Epoch: [16/40], Step: [281/782], Loss: 0.5385233163833618
Rank:0 Epoch: [16/40], Step: [291/782], Loss: 0.41946837306022644
Rank:0 Epoch: [16/40], Step: [301/782], Loss: 0.4821680784225464
Rank:0 Epoch: [16/40], Step: [311/782], Loss: 0.48347336053848267
Rank:0 Epoch: [16/40], Step: [321/782], Loss: 0.41018953919410706
Rank:0 Epoch: [16/40], Step: [331/782], Loss: 0.4772591292858124
Rank:0 Epoch: [16/40], Step: [341/782], Loss: 0.4300242066383362
Rank:0 Epoch: [16/40], Step: [351/782], Loss: 0.4115888178348541
Rank:0 Epoch: [16/40], Step: [361/782], Loss: 0.25519514083862305
Rank:0 Epoch: [16/40], Step: [371/782], Loss: 0.3629649579524994
Rank:0 Epoch: [16/40], Step: [381/782], Loss: 0.33033856749534607
Rank:0 Epoch: [16/40], Step: [391/782], Loss: 0.43610239028930664
Rank:0 Epoch: [16/40], Step: [401/782], Loss: 0.38863590359687805
Rank:0 Epoch: [16/40], Step: [411/782], Loss: 1.0558573007583618
Rank:0 Epoch: [16/40], Step: [421/782], Loss: 0.48143672943115234
Rank:0 Epoch: [16/40], Step: [431/782], Loss: 0.44934868812561035
Rank:0 Epoch: [16/40], Step: [441/782], Loss: 0.33000150322914124
Rank:0 Epoch: [16/40], Step: [451/782], Loss: 0.3915269076824188
Rank:0 Epoch: [16/40], Step: [461/782], Loss: 0.34932389855384827
Rank:0 Epoch: [16/40], Step: [471/782], Loss: 0.3967267572879791
Rank:0 Epoch: [16/40], Step: [481/782], Loss: 0.26661941409111023
Rank:0 Epoch: [16/40], Step: [491/782], Loss: 0.2265186309814453
Rank:0 Epoch: [16/40], Step: [501/782], Loss: 0.33313730359077454
Rank:0 Epoch: [16/40], Step: [511/782], Loss: 0.2083233743906021
Rank:0 Epoch: [16/40], Step: [521/782], Loss: 0.384426474571228
Rank:0 Epoch: [16/40], Step: [531/782], Loss: 0.39887481927871704
Rank:0 Epoch: [16/40], Step: [541/782], Loss: 0.28235262632369995
Rank:0 Epoch: [16/40], Step: [551/782], Loss: 0.30719098448753357
Rank:0 Epoch: [16/40], Step: [561/782], Loss: 0.3064629137516022
Rank:0 Epoch: [16/40], Step: [571/782], Loss: 0.2842593789100647
Rank:0 Epoch: [16/40], Step: [581/782], Loss: 0.251397043466568
Rank:0 Epoch: [16/40], Step: [591/782], Loss: 0.24819649755954742
Rank:0 Epoch: [16/40], Step: [601/782], Loss: 0.3786656856536865
Rank:0 Epoch: [16/40], Step: [611/782], Loss: 0.41730958223342896
Rank:0 Epoch: [16/40], Step: [621/782], Loss: 0.37220141291618347
Rank:0 Epoch: [16/40], Step: [631/782], Loss: 0.39544108510017395
Rank:0 Epoch: [16/40], Step: [641/782], Loss: 0.3523155748844147
Rank:0 Epoch: [16/40], Step: [651/782], Loss: 0.27790015935897827
Rank:0 Epoch: [16/40], Step: [661/782], Loss: 0.36128243803977966
Rank:0 Epoch: [16/40], Step: [671/782], Loss: 0.3461313843727112
Rank:0 Epoch: [16/40], Step: [681/782], Loss: 0.37840670347213745
Rank:0 Epoch: [16/40], Step: [691/782], Loss: 0.432897686958313
Rank:0 Epoch: [16/40], Step: [701/782], Loss: 0.337993860244751
Rank:0 Epoch: [16/40], Step: [711/782], Loss: 0.40586087107658386
Rank:0 Epoch: [16/40], Step: [721/782], Loss: 0.5611798167228699
Rank:0 Epoch: [16/40], Step: [731/782], Loss: 0.26555895805358887
Rank:0 Epoch: [16/40], Step: [741/782], Loss: 0.5643886923789978
Rank:0 Epoch: [16/40], Step: [751/782], Loss: 0.36272820830345154
Rank:0 Epoch: [16/40], Step: [761/782], Loss: 0.5120375752449036
Rank:0 Epoch: [16/40], Step: [771/782], Loss: 0.35572099685668945
Rank:0 Epoch: [16/40], Step: [781/782], Loss: 0.30868926644325256
Current Test Acc: 0.8414
Rank:0 Epoch: [17/40], Step: [1/782], Loss: 0.2476481944322586
Rank:0 Epoch: [17/40], Step: [11/782], Loss: 0.26345381140708923
Rank:0 Epoch: [17/40], Step: [21/782], Loss: 0.20531737804412842
Rank:0 Epoch: [17/40], Step: [31/782], Loss: 0.2897440791130066
Rank:0 Epoch: [17/40], Step: [41/782], Loss: 0.3301967680454254
Rank:0 Epoch: [17/40], Step: [51/782], Loss: 0.345599502325058
Rank:0 Epoch: [17/40], Step: [61/782], Loss: 0.6032765507698059
Rank:0 Epoch: [17/40], Step: [71/782], Loss: 0.3511219918727875
Rank:0 Epoch: [17/40], Step: [81/782], Loss: 0.333578884601593
Rank:0 Epoch: [17/40], Step: [91/782], Loss: 0.42425763607025146
Rank:0 Epoch: [17/40], Step: [101/782], Loss: 0.2922585606575012
Rank:0 Epoch: [17/40], Step: [111/782], Loss: 0.43160152435302734
Rank:0 Epoch: [17/40], Step: [121/782], Loss: 0.21695227921009064
Rank:0 Epoch: [17/40], Step: [131/782], Loss: 0.4018956422805786
Rank:0 Epoch: [17/40], Step: [141/782], Loss: 0.5161645412445068
Rank:0 Epoch: [17/40], Step: [151/782], Loss: 0.30876922607421875
Rank:0 Epoch: [17/40], Step: [161/782], Loss: 0.32342931628227234
Rank:0 Epoch: [17/40], Step: [171/782], Loss: 0.5843997001647949
Rank:0 Epoch: [17/40], Step: [181/782], Loss: 0.36121219396591187
Rank:0 Epoch: [17/40], Step: [191/782], Loss: 0.2745901346206665
Rank:0 Epoch: [17/40], Step: [201/782], Loss: 0.45638611912727356
Rank:0 Epoch: [17/40], Step: [211/782], Loss: 0.3617744743824005
Rank:0 Epoch: [17/40], Step: [221/782], Loss: 0.409770131111145
Rank:0 Epoch: [17/40], Step: [231/782], Loss: 0.20712484419345856
Rank:0 Epoch: [17/40], Step: [241/782], Loss: 0.21137171983718872
Rank:0 Epoch: [17/40], Step: [251/782], Loss: 0.37459704279899597
Rank:0 Epoch: [17/40], Step: [261/782], Loss: 0.35096144676208496
Rank:0 Epoch: [17/40], Step: [271/782], Loss: 0.4950644373893738
Rank:0 Epoch: [17/40], Step: [281/782], Loss: 0.14577938616275787
Rank:0 Epoch: [17/40], Step: [291/782], Loss: 0.5300542712211609
Rank:0 Epoch: [17/40], Step: [301/782], Loss: 0.17693333327770233
Rank:0 Epoch: [17/40], Step: [311/782], Loss: 0.38106900453567505
Rank:0 Epoch: [17/40], Step: [321/782], Loss: 0.4043453633785248
Rank:0 Epoch: [17/40], Step: [331/782], Loss: 0.5072800517082214
Rank:0 Epoch: [17/40], Step: [341/782], Loss: 0.30369043350219727
Rank:0 Epoch: [17/40], Step: [351/782], Loss: 0.3769054412841797
Rank:0 Epoch: [17/40], Step: [361/782], Loss: 0.24022594094276428
Rank:0 Epoch: [17/40], Step: [371/782], Loss: 0.4483007788658142
Rank:0 Epoch: [17/40], Step: [381/782], Loss: 0.5410319566726685
Rank:0 Epoch: [17/40], Step: [391/782], Loss: 0.35026422142982483
Rank:0 Epoch: [17/40], Step: [401/782], Loss: 0.4026947021484375
Rank:0 Epoch: [17/40], Step: [411/782], Loss: 0.39493829011917114
Rank:0 Epoch: [17/40], Step: [421/782], Loss: 0.3163797855377197
Rank:0 Epoch: [17/40], Step: [431/782], Loss: 0.3554958999156952
Rank:0 Epoch: [17/40], Step: [441/782], Loss: 0.3954239785671234
Rank:0 Epoch: [17/40], Step: [451/782], Loss: 0.18081969022750854
Rank:0 Epoch: [17/40], Step: [461/782], Loss: 0.4059651494026184
Rank:0 Epoch: [17/40], Step: [471/782], Loss: 0.3663907051086426
Rank:0 Epoch: [17/40], Step: [481/782], Loss: 0.24217407405376434
Rank:0 Epoch: [17/40], Step: [491/782], Loss: 0.5022446513175964
Rank:0 Epoch: [17/40], Step: [501/782], Loss: 0.3710293173789978
Rank:0 Epoch: [17/40], Step: [511/782], Loss: 0.4149101972579956
Rank:0 Epoch: [17/40], Step: [521/782], Loss: 0.4184378385543823
Rank:0 Epoch: [17/40], Step: [531/782], Loss: 0.5612324476242065
Rank:0 Epoch: [17/40], Step: [541/782], Loss: 0.2651573121547699
Rank:0 Epoch: [17/40], Step: [551/782], Loss: 0.3491378128528595
Rank:0 Epoch: [17/40], Step: [561/782], Loss: 0.49822014570236206
Rank:0 Epoch: [17/40], Step: [571/782], Loss: 0.44318875670433044
Rank:0 Epoch: [17/40], Step: [581/782], Loss: 0.510915994644165
Rank:0 Epoch: [17/40], Step: [591/782], Loss: 0.2605918049812317
Rank:0 Epoch: [17/40], Step: [601/782], Loss: 0.30630624294281006
Rank:0 Epoch: [17/40], Step: [611/782], Loss: 0.36260083317756653
Rank:0 Epoch: [17/40], Step: [621/782], Loss: 0.4105890393257141
Rank:0 Epoch: [17/40], Step: [631/782], Loss: 0.29734835028648376
Rank:0 Epoch: [17/40], Step: [641/782], Loss: 0.25236648321151733
Rank:0 Epoch: [17/40], Step: [651/782], Loss: 0.22598186135292053
Rank:0 Epoch: [17/40], Step: [661/782], Loss: 0.3831365704536438
Rank:0 Epoch: [17/40], Step: [671/782], Loss: 0.4687483310699463
Rank:0 Epoch: [17/40], Step: [681/782], Loss: 0.35631418228149414
Rank:0 Epoch: [17/40], Step: [691/782], Loss: 0.2647434175014496
Rank:0 Epoch: [17/40], Step: [701/782], Loss: 0.2911897897720337
Rank:0 Epoch: [17/40], Step: [711/782], Loss: 0.42768290638923645
Rank:0 Epoch: [17/40], Step: [721/782], Loss: 0.426009863615036
Rank:0 Epoch: [17/40], Step: [731/782], Loss: 0.26146262884140015
Rank:0 Epoch: [17/40], Step: [741/782], Loss: 0.39510515332221985
Rank:0 Epoch: [17/40], Step: [751/782], Loss: 0.4886980354785919
Rank:0 Epoch: [17/40], Step: [761/782], Loss: 0.30175280570983887
Rank:0 Epoch: [17/40], Step: [771/782], Loss: 0.45737725496292114
Rank:0 Epoch: [17/40], Step: [781/782], Loss: 0.2152351289987564
Current Test Acc: 0.8316
Rank:0 Epoch: [18/40], Step: [1/782], Loss: 0.16380621492862701
Rank:0 Epoch: [18/40], Step: [11/782], Loss: 0.44046199321746826
Rank:0 Epoch: [18/40], Step: [21/782], Loss: 0.5944250226020813
Rank:0 Epoch: [18/40], Step: [31/782], Loss: 0.4092380106449127
Rank:0 Epoch: [18/40], Step: [41/782], Loss: 0.32465478777885437
Rank:0 Epoch: [18/40], Step: [51/782], Loss: 0.304657906293869
Rank:0 Epoch: [18/40], Step: [61/782], Loss: 0.4356532096862793
Rank:0 Epoch: [18/40], Step: [71/782], Loss: 0.21360325813293457
Rank:0 Epoch: [18/40], Step: [81/782], Loss: 0.44062379002571106
Rank:0 Epoch: [18/40], Step: [91/782], Loss: 0.2894318699836731
Rank:0 Epoch: [18/40], Step: [101/782], Loss: 0.18618768453598022
Rank:0 Epoch: [18/40], Step: [111/782], Loss: 0.2138693928718567
Rank:0 Epoch: [18/40], Step: [121/782], Loss: 0.539192259311676
Rank:0 Epoch: [18/40], Step: [131/782], Loss: 0.44231054186820984
Rank:0 Epoch: [18/40], Step: [141/782], Loss: 0.32806190848350525
Rank:0 Epoch: [18/40], Step: [151/782], Loss: 0.3407822847366333
Rank:0 Epoch: [18/40], Step: [161/782], Loss: 0.33237573504447937
Rank:0 Epoch: [18/40], Step: [171/782], Loss: 0.5569933652877808
Rank:0 Epoch: [18/40], Step: [181/782], Loss: 0.2585093379020691
Rank:0 Epoch: [18/40], Step: [191/782], Loss: 0.6667255759239197
Rank:0 Epoch: [18/40], Step: [201/782], Loss: 0.5922460556030273
Rank:0 Epoch: [18/40], Step: [211/782], Loss: 0.4507444500923157
Rank:0 Epoch: [18/40], Step: [221/782], Loss: 0.23994842171669006
Rank:0 Epoch: [18/40], Step: [231/782], Loss: 0.26995402574539185
Rank:0 Epoch: [18/40], Step: [241/782], Loss: 0.22381341457366943
Rank:0 Epoch: [18/40], Step: [251/782], Loss: 0.3987039625644684
Rank:0 Epoch: [18/40], Step: [261/782], Loss: 0.4511500597000122
Rank:0 Epoch: [18/40], Step: [271/782], Loss: 0.49930858612060547
Rank:0 Epoch: [18/40], Step: [281/782], Loss: 0.31123557686805725
Rank:0 Epoch: [18/40], Step: [291/782], Loss: 0.41314011812210083
Rank:0 Epoch: [18/40], Step: [301/782], Loss: 0.5169306993484497
Rank:0 Epoch: [18/40], Step: [311/782], Loss: 0.444330096244812
Rank:0 Epoch: [18/40], Step: [321/782], Loss: 0.21886971592903137
Rank:0 Epoch: [18/40], Step: [331/782], Loss: 0.33580219745635986
Rank:0 Epoch: [18/40], Step: [341/782], Loss: 0.4382246434688568
Rank:0 Epoch: [18/40], Step: [351/782], Loss: 0.29930365085601807
Rank:0 Epoch: [18/40], Step: [361/782], Loss: 0.47119012475013733
Rank:0 Epoch: [18/40], Step: [371/782], Loss: 0.5006245970726013
Rank:0 Epoch: [18/40], Step: [381/782], Loss: 0.1296004354953766
Rank:0 Epoch: [18/40], Step: [391/782], Loss: 0.39144471287727356
Rank:0 Epoch: [18/40], Step: [401/782], Loss: 0.416731595993042
Rank:0 Epoch: [18/40], Step: [411/782], Loss: 0.21664737164974213
Rank:0 Epoch: [18/40], Step: [421/782], Loss: 0.24462738633155823
Rank:0 Epoch: [18/40], Step: [431/782], Loss: 0.23883426189422607
Rank:0 Epoch: [18/40], Step: [441/782], Loss: 0.3543563187122345
Rank:0 Epoch: [18/40], Step: [451/782], Loss: 0.2662699222564697
Rank:0 Epoch: [18/40], Step: [461/782], Loss: 0.5107265710830688
Rank:0 Epoch: [18/40], Step: [471/782], Loss: 0.5479432344436646
Rank:0 Epoch: [18/40], Step: [481/782], Loss: 0.4938036799430847
Rank:0 Epoch: [18/40], Step: [491/782], Loss: 0.36408746242523193
Rank:0 Epoch: [18/40], Step: [501/782], Loss: 0.38611850142478943
Rank:0 Epoch: [18/40], Step: [511/782], Loss: 0.410026878118515
Rank:0 Epoch: [18/40], Step: [521/782], Loss: 0.3563707172870636
Rank:0 Epoch: [18/40], Step: [531/782], Loss: 0.4418472349643707
Rank:0 Epoch: [18/40], Step: [541/782], Loss: 0.37094414234161377
Rank:0 Epoch: [18/40], Step: [551/782], Loss: 0.30871352553367615
Rank:0 Epoch: [18/40], Step: [561/782], Loss: 0.5257142782211304
Rank:0 Epoch: [18/40], Step: [571/782], Loss: 0.40266650915145874
Rank:0 Epoch: [18/40], Step: [581/782], Loss: 0.34272387623786926
Rank:0 Epoch: [18/40], Step: [591/782], Loss: 0.1998475044965744
Rank:0 Epoch: [18/40], Step: [601/782], Loss: 0.4354950189590454
Rank:0 Epoch: [18/40], Step: [611/782], Loss: 0.5218189358711243
Rank:0 Epoch: [18/40], Step: [621/782], Loss: 0.34571877121925354
Rank:0 Epoch: [18/40], Step: [631/782], Loss: 0.512478768825531
Rank:0 Epoch: [18/40], Step: [641/782], Loss: 0.43879398703575134
Rank:0 Epoch: [18/40], Step: [651/782], Loss: 0.380035936832428
Rank:0 Epoch: [18/40], Step: [661/782], Loss: 0.7496541142463684
Rank:0 Epoch: [18/40], Step: [671/782], Loss: 0.42918115854263306
Rank:0 Epoch: [18/40], Step: [681/782], Loss: 0.3764103055000305
Rank:0 Epoch: [18/40], Step: [691/782], Loss: 0.40168634057044983
Rank:0 Epoch: [18/40], Step: [701/782], Loss: 0.4357373118400574
Rank:0 Epoch: [18/40], Step: [711/782], Loss: 0.34726378321647644
Rank:0 Epoch: [18/40], Step: [721/782], Loss: 0.40135329961776733
Rank:0 Epoch: [18/40], Step: [731/782], Loss: 0.2013767659664154
Rank:0 Epoch: [18/40], Step: [741/782], Loss: 0.3056887090206146
Rank:0 Epoch: [18/40], Step: [751/782], Loss: 0.2161737084388733
Rank:0 Epoch: [18/40], Step: [761/782], Loss: 0.36995354294776917
Rank:0 Epoch: [18/40], Step: [771/782], Loss: 0.3319806456565857
Rank:0 Epoch: [18/40], Step: [781/782], Loss: 0.29240545630455017
Current Test Acc: 0.8525
Rank:0 Epoch: [19/40], Step: [1/782], Loss: 0.3921779990196228
Rank:0 Epoch: [19/40], Step: [11/782], Loss: 0.25470173358917236
Rank:0 Epoch: [19/40], Step: [21/782], Loss: 0.3729099631309509
Rank:0 Epoch: [19/40], Step: [31/782], Loss: 0.3214821219444275
Rank:0 Epoch: [19/40], Step: [41/782], Loss: 0.3251425325870514
Rank:0 Epoch: [19/40], Step: [51/782], Loss: 0.2878486216068268
Rank:0 Epoch: [19/40], Step: [61/782], Loss: 0.24470514059066772
Rank:0 Epoch: [19/40], Step: [71/782], Loss: 0.18544986844062805
Rank:0 Epoch: [19/40], Step: [81/782], Loss: 0.41607704758644104
Rank:0 Epoch: [19/40], Step: [91/782], Loss: 0.6141529083251953
Rank:0 Epoch: [19/40], Step: [101/782], Loss: 0.35199692845344543
Rank:0 Epoch: [19/40], Step: [111/782], Loss: 0.43309134244918823
Rank:0 Epoch: [19/40], Step: [121/782], Loss: 0.5283107161521912
Rank:0 Epoch: [19/40], Step: [131/782], Loss: 0.3376772999763489
Rank:0 Epoch: [19/40], Step: [141/782], Loss: 0.4316318929195404
Rank:0 Epoch: [19/40], Step: [151/782], Loss: 0.37233418226242065
Rank:0 Epoch: [19/40], Step: [161/782], Loss: 0.395895391702652
Rank:0 Epoch: [19/40], Step: [171/782], Loss: 0.41167861223220825
Rank:0 Epoch: [19/40], Step: [181/782], Loss: 0.4131387174129486
Rank:0 Epoch: [19/40], Step: [191/782], Loss: 0.5222347974777222
Rank:0 Epoch: [19/40], Step: [201/782], Loss: 0.38926437497138977
Rank:0 Epoch: [19/40], Step: [211/782], Loss: 0.33925479650497437
Rank:0 Epoch: [19/40], Step: [221/782], Loss: 0.44140517711639404
Rank:0 Epoch: [19/40], Step: [231/782], Loss: 0.2636844515800476
Rank:0 Epoch: [19/40], Step: [241/782], Loss: 0.26088884472846985
Rank:0 Epoch: [19/40], Step: [251/782], Loss: 0.5402773022651672
Rank:0 Epoch: [19/40], Step: [261/782], Loss: 0.43628185987472534
Rank:0 Epoch: [19/40], Step: [271/782], Loss: 0.34763818979263306
Rank:0 Epoch: [19/40], Step: [281/782], Loss: 0.4717264473438263
Rank:0 Epoch: [19/40], Step: [291/782], Loss: 0.5069549083709717
Rank:0 Epoch: [19/40], Step: [301/782], Loss: 0.45050081610679626
Rank:0 Epoch: [19/40], Step: [311/782], Loss: 0.333950936794281
Rank:0 Epoch: [19/40], Step: [321/782], Loss: 0.23899903893470764
Rank:0 Epoch: [19/40], Step: [331/782], Loss: 0.39144018292427063
Rank:0 Epoch: [19/40], Step: [341/782], Loss: 0.49705058336257935
Rank:0 Epoch: [19/40], Step: [351/782], Loss: 0.455415278673172
Rank:0 Epoch: [19/40], Step: [361/782], Loss: 0.36184126138687134
Rank:0 Epoch: [19/40], Step: [371/782], Loss: 0.33411234617233276
Rank:0 Epoch: [19/40], Step: [381/782], Loss: 0.3651634454727173
Rank:0 Epoch: [19/40], Step: [391/782], Loss: 0.559378445148468
Rank:0 Epoch: [19/40], Step: [401/782], Loss: 0.4827975332736969
Rank:0 Epoch: [19/40], Step: [411/782], Loss: 0.5036506056785583
Rank:0 Epoch: [19/40], Step: [421/782], Loss: 0.3738382160663605
Rank:0 Epoch: [19/40], Step: [431/782], Loss: 0.5045725703239441
Rank:0 Epoch: [19/40], Step: [441/782], Loss: 0.2429104894399643
Rank:0 Epoch: [19/40], Step: [451/782], Loss: 0.27073606848716736
Rank:0 Epoch: [19/40], Step: [461/782], Loss: 0.41345465183258057
Rank:0 Epoch: [19/40], Step: [471/782], Loss: 0.3274356722831726
Rank:0 Epoch: [19/40], Step: [481/782], Loss: 0.28862497210502625
Rank:0 Epoch: [19/40], Step: [491/782], Loss: 0.26191049814224243
Rank:0 Epoch: [19/40], Step: [501/782], Loss: 0.5539061427116394
Rank:0 Epoch: [19/40], Step: [511/782], Loss: 0.4608115255832672
Rank:0 Epoch: [19/40], Step: [521/782], Loss: 0.4938579499721527
Rank:0 Epoch: [19/40], Step: [531/782], Loss: 0.3493867814540863
Rank:0 Epoch: [19/40], Step: [541/782], Loss: 0.4530574083328247
Rank:0 Epoch: [19/40], Step: [551/782], Loss: 0.49256622791290283
Rank:0 Epoch: [19/40], Step: [561/782], Loss: 0.1483682245016098
Rank:0 Epoch: [19/40], Step: [571/782], Loss: 0.2620057463645935
Rank:0 Epoch: [19/40], Step: [581/782], Loss: 0.42819398641586304
Rank:0 Epoch: [19/40], Step: [591/782], Loss: 0.427772581577301
Rank:0 Epoch: [19/40], Step: [601/782], Loss: 0.37571004033088684
Rank:0 Epoch: [19/40], Step: [611/782], Loss: 0.20513534545898438
Rank:0 Epoch: [19/40], Step: [621/782], Loss: 0.3116056025028229
Rank:0 Epoch: [19/40], Step: [631/782], Loss: 0.34050169587135315
Rank:0 Epoch: [19/40], Step: [641/782], Loss: 0.4222654700279236
Rank:0 Epoch: [19/40], Step: [651/782], Loss: 0.4802025258541107
Rank:0 Epoch: [19/40], Step: [661/782], Loss: 0.21828635036945343
Rank:0 Epoch: [19/40], Step: [671/782], Loss: 0.5659934282302856
Rank:0 Epoch: [19/40], Step: [681/782], Loss: 0.2985716760158539
Rank:0 Epoch: [19/40], Step: [691/782], Loss: 0.44581493735313416
Rank:0 Epoch: [19/40], Step: [701/782], Loss: 0.4478994309902191
Rank:0 Epoch: [19/40], Step: [711/782], Loss: 0.5170251131057739
Rank:0 Epoch: [19/40], Step: [721/782], Loss: 0.2691896855831146
Rank:0 Epoch: [19/40], Step: [731/782], Loss: 0.47451677918434143
Rank:0 Epoch: [19/40], Step: [741/782], Loss: 0.2944210171699524
Rank:0 Epoch: [19/40], Step: [751/782], Loss: 0.31744274497032166
Rank:0 Epoch: [19/40], Step: [761/782], Loss: 0.42405664920806885
Rank:0 Epoch: [19/40], Step: [771/782], Loss: 0.3226875364780426
Rank:0 Epoch: [19/40], Step: [781/782], Loss: 0.4217981696128845
Current Test Acc: 0.8477
Rank:0 Epoch: [20/40], Step: [1/782], Loss: 0.24781204760074615
Rank:0 Epoch: [20/40], Step: [11/782], Loss: 0.29156938195228577
Rank:0 Epoch: [20/40], Step: [21/782], Loss: 0.2851775586605072
Rank:0 Epoch: [20/40], Step: [31/782], Loss: 0.25865861773490906
Rank:0 Epoch: [20/40], Step: [41/782], Loss: 0.5459467172622681
Rank:0 Epoch: [20/40], Step: [51/782], Loss: 0.2683073580265045
Rank:0 Epoch: [20/40], Step: [61/782], Loss: 0.35929208993911743
Rank:0 Epoch: [20/40], Step: [71/782], Loss: 0.28980571031570435
Rank:0 Epoch: [20/40], Step: [81/782], Loss: 0.3845474123954773
Rank:0 Epoch: [20/40], Step: [91/782], Loss: 0.27437108755111694
Rank:0 Epoch: [20/40], Step: [101/782], Loss: 0.27897515892982483
Rank:0 Epoch: [20/40], Step: [111/782], Loss: 0.38210779428482056
Rank:0 Epoch: [20/40], Step: [121/782], Loss: 0.3707888424396515
Rank:0 Epoch: [20/40], Step: [131/782], Loss: 0.3647630512714386
Rank:0 Epoch: [20/40], Step: [141/782], Loss: 0.4877009391784668
Rank:0 Epoch: [20/40], Step: [151/782], Loss: 0.446534663438797
Rank:0 Epoch: [20/40], Step: [161/782], Loss: 0.49131760001182556
Rank:0 Epoch: [20/40], Step: [171/782], Loss: 0.29765480756759644
Rank:0 Epoch: [20/40], Step: [181/782], Loss: 0.4518726170063019
Rank:0 Epoch: [20/40], Step: [191/782], Loss: 0.24215193092823029
Rank:0 Epoch: [20/40], Step: [201/782], Loss: 0.3736647069454193
Rank:0 Epoch: [20/40], Step: [211/782], Loss: 0.40317901968955994
Rank:0 Epoch: [20/40], Step: [221/782], Loss: 0.21404948830604553
Rank:0 Epoch: [20/40], Step: [231/782], Loss: 0.3554943799972534
Rank:0 Epoch: [20/40], Step: [241/782], Loss: 0.37361621856689453
Rank:0 Epoch: [20/40], Step: [251/782], Loss: 0.3417516052722931
Rank:0 Epoch: [20/40], Step: [261/782], Loss: 0.22205263376235962
Rank:0 Epoch: [20/40], Step: [271/782], Loss: 0.44031304121017456
Rank:0 Epoch: [20/40], Step: [281/782], Loss: 0.7022576332092285
Rank:0 Epoch: [20/40], Step: [291/782], Loss: 0.2648387551307678
Rank:0 Epoch: [20/40], Step: [301/782], Loss: 0.2924037575721741
Rank:0 Epoch: [20/40], Step: [311/782], Loss: 0.32902392745018005
Rank:0 Epoch: [20/40], Step: [321/782], Loss: 0.25071802735328674
Rank:0 Epoch: [20/40], Step: [331/782], Loss: 0.2980513572692871
Rank:0 Epoch: [20/40], Step: [341/782], Loss: 0.27183568477630615
Rank:0 Epoch: [20/40], Step: [351/782], Loss: 0.16325220465660095
Rank:0 Epoch: [20/40], Step: [361/782], Loss: 0.28691697120666504
Rank:0 Epoch: [20/40], Step: [371/782], Loss: 0.31253084540367126
Rank:0 Epoch: [20/40], Step: [381/782], Loss: 0.518074631690979
Rank:0 Epoch: [20/40], Step: [391/782], Loss: 0.3781748414039612
Rank:0 Epoch: [20/40], Step: [401/782], Loss: 0.45942556858062744
Rank:0 Epoch: [20/40], Step: [411/782], Loss: 0.4306480288505554
Rank:0 Epoch: [20/40], Step: [421/782], Loss: 0.3754367232322693
Rank:0 Epoch: [20/40], Step: [431/782], Loss: 0.3647099435329437
Rank:0 Epoch: [20/40], Step: [441/782], Loss: 0.33578628301620483
Rank:0 Epoch: [20/40], Step: [451/782], Loss: 0.3297070264816284
Rank:0 Epoch: [20/40], Step: [461/782], Loss: 0.32104113698005676
Rank:0 Epoch: [20/40], Step: [471/782], Loss: 0.44223469495773315
Rank:0 Epoch: [20/40], Step: [481/782], Loss: 0.40500038862228394
Rank:0 Epoch: [20/40], Step: [491/782], Loss: 0.46559321880340576
Rank:0 Epoch: [20/40], Step: [501/782], Loss: 0.5933424830436707
Rank:0 Epoch: [20/40], Step: [511/782], Loss: 0.322064608335495
Rank:0 Epoch: [20/40], Step: [521/782], Loss: 0.30583158135414124
Rank:0 Epoch: [20/40], Step: [531/782], Loss: 0.2854405641555786
Rank:0 Epoch: [20/40], Step: [541/782], Loss: 0.20354625582695007
Rank:0 Epoch: [20/40], Step: [551/782], Loss: 0.41434532403945923
Rank:0 Epoch: [20/40], Step: [561/782], Loss: 0.279794305562973
Rank:0 Epoch: [20/40], Step: [571/782], Loss: 0.3989528715610504
Rank:0 Epoch: [20/40], Step: [581/782], Loss: 0.31555894017219543
Rank:0 Epoch: [20/40], Step: [591/782], Loss: 0.26289424300193787
Rank:0 Epoch: [20/40], Step: [601/782], Loss: 0.5069722533226013
Rank:0 Epoch: [20/40], Step: [611/782], Loss: 0.4315871298313141
Rank:0 Epoch: [20/40], Step: [621/782], Loss: 0.30224958062171936
Rank:0 Epoch: [20/40], Step: [631/782], Loss: 0.3444271385669708
Rank:0 Epoch: [20/40], Step: [641/782], Loss: 0.20430946350097656
Rank:0 Epoch: [20/40], Step: [651/782], Loss: 0.26434770226478577
Rank:0 Epoch: [20/40], Step: [661/782], Loss: 0.28926384449005127
Rank:0 Epoch: [20/40], Step: [671/782], Loss: 0.27043458819389343
Rank:0 Epoch: [20/40], Step: [681/782], Loss: 0.42816704511642456
Rank:0 Epoch: [20/40], Step: [691/782], Loss: 0.7310490012168884
Rank:0 Epoch: [20/40], Step: [701/782], Loss: 0.3148443400859833
Rank:0 Epoch: [20/40], Step: [711/782], Loss: 0.4003482460975647
Rank:0 Epoch: [20/40], Step: [721/782], Loss: 0.36397138237953186
Rank:0 Epoch: [20/40], Step: [731/782], Loss: 0.3043166995048523
Rank:0 Epoch: [20/40], Step: [741/782], Loss: 0.5076264142990112
Rank:0 Epoch: [20/40], Step: [751/782], Loss: 0.466697096824646
Rank:0 Epoch: [20/40], Step: [761/782], Loss: 0.3150220215320587
Rank:0 Epoch: [20/40], Step: [771/782], Loss: 0.2703644335269928
Rank:0 Epoch: [20/40], Step: [781/782], Loss: 0.20724496245384216
Current Test Acc: 0.835
Rank:0 Epoch: [21/40], Step: [1/782], Loss: 0.2948443293571472
Rank:0 Epoch: [21/40], Step: [11/782], Loss: 0.4331835210323334
Rank:0 Epoch: [21/40], Step: [21/782], Loss: 0.3201996684074402
Rank:0 Epoch: [21/40], Step: [31/782], Loss: 0.2600809633731842
Rank:0 Epoch: [21/40], Step: [41/782], Loss: 0.26617926359176636
Rank:0 Epoch: [21/40], Step: [51/782], Loss: 0.3482202887535095
Rank:0 Epoch: [21/40], Step: [61/782], Loss: 0.26015201210975647
Rank:0 Epoch: [21/40], Step: [71/782], Loss: 0.4314897656440735
Rank:0 Epoch: [21/40], Step: [81/782], Loss: 0.23286111652851105
Rank:0 Epoch: [21/40], Step: [91/782], Loss: 0.24664707481861115
Rank:0 Epoch: [21/40], Step: [101/782], Loss: 0.3073047697544098
Rank:0 Epoch: [21/40], Step: [111/782], Loss: 0.259446382522583
Rank:0 Epoch: [21/40], Step: [121/782], Loss: 0.3142184019088745
Rank:0 Epoch: [21/40], Step: [131/782], Loss: 0.19566011428833008
Rank:0 Epoch: [21/40], Step: [141/782], Loss: 0.19895049929618835
Rank:0 Epoch: [21/40], Step: [151/782], Loss: 0.32636088132858276
Rank:0 Epoch: [21/40], Step: [161/782], Loss: 0.1548946350812912
Rank:0 Epoch: [21/40], Step: [171/782], Loss: 0.3352998197078705
Rank:0 Epoch: [21/40], Step: [181/782], Loss: 0.1392391473054886
Rank:0 Epoch: [21/40], Step: [191/782], Loss: 0.23101438581943512
Rank:0 Epoch: [21/40], Step: [201/782], Loss: 0.16622143983840942
Rank:0 Epoch: [21/40], Step: [211/782], Loss: 0.25523149967193604
Rank:0 Epoch: [21/40], Step: [221/782], Loss: 0.24375759065151215
Rank:0 Epoch: [21/40], Step: [231/782], Loss: 0.3848215937614441
Rank:0 Epoch: [21/40], Step: [241/782], Loss: 0.16453908383846283
Rank:0 Epoch: [21/40], Step: [251/782], Loss: 0.36725473403930664
Rank:0 Epoch: [21/40], Step: [261/782], Loss: 0.26013633608818054
Rank:0 Epoch: [21/40], Step: [271/782], Loss: 0.4534226059913635
Rank:0 Epoch: [21/40], Step: [281/782], Loss: 0.4098621606826782
Rank:0 Epoch: [21/40], Step: [291/782], Loss: 0.24451947212219238
Rank:0 Epoch: [21/40], Step: [301/782], Loss: 0.2945021390914917
Rank:0 Epoch: [21/40], Step: [311/782], Loss: 0.26379328966140747
Rank:0 Epoch: [21/40], Step: [321/782], Loss: 0.2737221121788025
Rank:0 Epoch: [21/40], Step: [331/782], Loss: 0.17918865382671356
Rank:0 Epoch: [21/40], Step: [341/782], Loss: 0.1682794988155365
Rank:0 Epoch: [21/40], Step: [351/782], Loss: 0.22865049540996552
Rank:0 Epoch: [21/40], Step: [361/782], Loss: 0.18649886548519135
Rank:0 Epoch: [21/40], Step: [371/782], Loss: 0.23913025856018066
Rank:0 Epoch: [21/40], Step: [381/782], Loss: 0.38600999116897583
Rank:0 Epoch: [21/40], Step: [391/782], Loss: 0.16434265673160553
Rank:0 Epoch: [21/40], Step: [401/782], Loss: 0.18444758653640747
Rank:0 Epoch: [21/40], Step: [411/782], Loss: 0.36459702253341675
Rank:0 Epoch: [21/40], Step: [421/782], Loss: 0.31896406412124634
Rank:0 Epoch: [21/40], Step: [431/782], Loss: 0.24423012137413025
Rank:0 Epoch: [21/40], Step: [441/782], Loss: 0.34700965881347656
Rank:0 Epoch: [21/40], Step: [451/782], Loss: 0.24747081100940704
Rank:0 Epoch: [21/40], Step: [461/782], Loss: 0.285739928483963
Rank:0 Epoch: [21/40], Step: [471/782], Loss: 0.2598908841609955
Rank:0 Epoch: [21/40], Step: [481/782], Loss: 0.09296079725027084
Rank:0 Epoch: [21/40], Step: [491/782], Loss: 0.27305883169174194
Rank:0 Epoch: [21/40], Step: [501/782], Loss: 0.14713388681411743
Rank:0 Epoch: [21/40], Step: [511/782], Loss: 0.32882314920425415
Rank:0 Epoch: [21/40], Step: [521/782], Loss: 0.2536830008029938
Rank:0 Epoch: [21/40], Step: [531/782], Loss: 0.15414686501026154
Rank:0 Epoch: [21/40], Step: [541/782], Loss: 0.2677898705005646
Rank:0 Epoch: [21/40], Step: [551/782], Loss: 0.38265103101730347
Rank:0 Epoch: [21/40], Step: [561/782], Loss: 0.3289237320423126
Rank:0 Epoch: [21/40], Step: [571/782], Loss: 0.2133595049381256
Rank:0 Epoch: [21/40], Step: [581/782], Loss: 0.3215686082839966
Rank:0 Epoch: [21/40], Step: [591/782], Loss: 0.22601713240146637
Rank:0 Epoch: [21/40], Step: [601/782], Loss: 0.283699095249176
Rank:0 Epoch: [21/40], Step: [611/782], Loss: 0.28913581371307373
Rank:0 Epoch: [21/40], Step: [621/782], Loss: 0.23234809935092926
Rank:0 Epoch: [21/40], Step: [631/782], Loss: 0.11320429295301437
Rank:0 Epoch: [21/40], Step: [641/782], Loss: 0.1271241009235382
Rank:0 Epoch: [21/40], Step: [651/782], Loss: 0.35931122303009033
Rank:0 Epoch: [21/40], Step: [661/782], Loss: 0.2835385799407959
Rank:0 Epoch: [21/40], Step: [671/782], Loss: 0.21387934684753418
Rank:0 Epoch: [21/40], Step: [681/782], Loss: 0.17639075219631195
Rank:0 Epoch: [21/40], Step: [691/782], Loss: 0.2470141053199768
Rank:0 Epoch: [21/40], Step: [701/782], Loss: 0.37364810705184937
Rank:0 Epoch: [21/40], Step: [711/782], Loss: 0.1728515774011612
Rank:0 Epoch: [21/40], Step: [721/782], Loss: 0.18364669382572174
Rank:0 Epoch: [21/40], Step: [731/782], Loss: 0.2160857617855072
Rank:0 Epoch: [21/40], Step: [741/782], Loss: 0.09060762077569962
Rank:0 Epoch: [21/40], Step: [751/782], Loss: 0.2817821800708771
Rank:0 Epoch: [21/40], Step: [761/782], Loss: 0.2203323096036911
Rank:0 Epoch: [21/40], Step: [771/782], Loss: 0.16334973275661469
Rank:0 Epoch: [21/40], Step: [781/782], Loss: 0.23120646178722382
Current Test Acc: 0.8942
Rank:0 Epoch: [22/40], Step: [1/782], Loss: 0.23886822164058685
Rank:0 Epoch: [22/40], Step: [11/782], Loss: 0.16246545314788818
Rank:0 Epoch: [22/40], Step: [21/782], Loss: 0.11933780461549759
Rank:0 Epoch: [22/40], Step: [31/782], Loss: 0.2021573781967163
Rank:0 Epoch: [22/40], Step: [41/782], Loss: 0.28408992290496826
Rank:0 Epoch: [22/40], Step: [51/782], Loss: 0.1932690590620041
Rank:0 Epoch: [22/40], Step: [61/782], Loss: 0.1908189207315445
Rank:0 Epoch: [22/40], Step: [71/782], Loss: 0.27167075872421265
Rank:0 Epoch: [22/40], Step: [81/782], Loss: 0.3911510705947876
Rank:0 Epoch: [22/40], Step: [91/782], Loss: 0.251433402299881
Rank:0 Epoch: [22/40], Step: [101/782], Loss: 0.17612870037555695
Rank:0 Epoch: [22/40], Step: [111/782], Loss: 0.29461610317230225
Rank:0 Epoch: [22/40], Step: [121/782], Loss: 0.19726987183094025
Rank:0 Epoch: [22/40], Step: [131/782], Loss: 0.13573990762233734
Rank:0 Epoch: [22/40], Step: [141/782], Loss: 0.3730888366699219
Rank:0 Epoch: [22/40], Step: [151/782], Loss: 0.1498808115720749
Rank:0 Epoch: [22/40], Step: [161/782], Loss: 0.14732041954994202
Rank:0 Epoch: [22/40], Step: [171/782], Loss: 0.19185005128383636
Rank:0 Epoch: [22/40], Step: [181/782], Loss: 0.24566902220249176
Rank:0 Epoch: [22/40], Step: [191/782], Loss: 0.3328775465488434
Rank:0 Epoch: [22/40], Step: [201/782], Loss: 0.19635078310966492
Rank:0 Epoch: [22/40], Step: [211/782], Loss: 0.27301788330078125
Rank:0 Epoch: [22/40], Step: [221/782], Loss: 0.17641888558864594
Rank:0 Epoch: [22/40], Step: [231/782], Loss: 0.16868379712104797
Rank:0 Epoch: [22/40], Step: [241/782], Loss: 0.2133876085281372
Rank:0 Epoch: [22/40], Step: [251/782], Loss: 0.1755877584218979
Rank:0 Epoch: [22/40], Step: [261/782], Loss: 0.1875581443309784
Rank:0 Epoch: [22/40], Step: [271/782], Loss: 0.2415415346622467
Rank:0 Epoch: [22/40], Step: [281/782], Loss: 0.2905995547771454
Rank:0 Epoch: [22/40], Step: [291/782], Loss: 0.16325810551643372
Rank:0 Epoch: [22/40], Step: [301/782], Loss: 0.32867753505706787
Rank:0 Epoch: [22/40], Step: [311/782], Loss: 0.19333148002624512
Rank:0 Epoch: [22/40], Step: [321/782], Loss: 0.31984972953796387
Rank:0 Epoch: [22/40], Step: [331/782], Loss: 0.20232650637626648
Rank:0 Epoch: [22/40], Step: [341/782], Loss: 0.2738262116909027
Rank:0 Epoch: [22/40], Step: [351/782], Loss: 0.17326974868774414
Rank:0 Epoch: [22/40], Step: [361/782], Loss: 0.20634952187538147
Rank:0 Epoch: [22/40], Step: [371/782], Loss: 0.1716560274362564
Rank:0 Epoch: [22/40], Step: [381/782], Loss: 0.17919889092445374
Rank:0 Epoch: [22/40], Step: [391/782], Loss: 0.48056989908218384
Rank:0 Epoch: [22/40], Step: [401/782], Loss: 0.20281976461410522
Rank:0 Epoch: [22/40], Step: [411/782], Loss: 0.3563438057899475
Rank:0 Epoch: [22/40], Step: [421/782], Loss: 0.25824153423309326
Rank:0 Epoch: [22/40], Step: [431/782], Loss: 0.27201199531555176
Rank:0 Epoch: [22/40], Step: [441/782], Loss: 0.257169246673584
Rank:0 Epoch: [22/40], Step: [451/782], Loss: 0.13708986341953278
Rank:0 Epoch: [22/40], Step: [461/782], Loss: 0.2275814563035965
Rank:0 Epoch: [22/40], Step: [471/782], Loss: 0.33862417936325073
Rank:0 Epoch: [22/40], Step: [481/782], Loss: 0.20475727319717407
Rank:0 Epoch: [22/40], Step: [491/782], Loss: 0.3683137893676758
Rank:0 Epoch: [22/40], Step: [501/782], Loss: 0.21218714118003845
Rank:0 Epoch: [22/40], Step: [511/782], Loss: 0.13672883808612823
Rank:0 Epoch: [22/40], Step: [521/782], Loss: 0.2633456289768219
Rank:0 Epoch: [22/40], Step: [531/782], Loss: 0.269182950258255
Rank:0 Epoch: [22/40], Step: [541/782], Loss: 0.24395419657230377
Rank:0 Epoch: [22/40], Step: [551/782], Loss: 0.2090122550725937
Rank:0 Epoch: [22/40], Step: [561/782], Loss: 0.31884700059890747
Rank:0 Epoch: [22/40], Step: [571/782], Loss: 0.11896896362304688
Rank:0 Epoch: [22/40], Step: [581/782], Loss: 0.253350168466568
Rank:0 Epoch: [22/40], Step: [591/782], Loss: 0.2936364412307739
Rank:0 Epoch: [22/40], Step: [601/782], Loss: 0.3140627443790436
Rank:0 Epoch: [22/40], Step: [611/782], Loss: 0.1966973841190338
Rank:0 Epoch: [22/40], Step: [621/782], Loss: 0.2786775231361389
Rank:0 Epoch: [22/40], Step: [631/782], Loss: 0.2722548246383667
Rank:0 Epoch: [22/40], Step: [641/782], Loss: 0.1970709264278412
Rank:0 Epoch: [22/40], Step: [651/782], Loss: 0.11950623244047165
Rank:0 Epoch: [22/40], Step: [661/782], Loss: 0.12145120650529861
Rank:0 Epoch: [22/40], Step: [671/782], Loss: 0.1874476969242096
Rank:0 Epoch: [22/40], Step: [681/782], Loss: 0.12075958400964737
Rank:0 Epoch: [22/40], Step: [691/782], Loss: 0.2759936451911926
Rank:0 Epoch: [22/40], Step: [701/782], Loss: 0.20371679961681366
Rank:0 Epoch: [22/40], Step: [711/782], Loss: 0.19741849601268768
Rank:0 Epoch: [22/40], Step: [721/782], Loss: 0.2414780855178833
Rank:0 Epoch: [22/40], Step: [731/782], Loss: 0.24958562850952148
Rank:0 Epoch: [22/40], Step: [741/782], Loss: 0.1050463542342186
Rank:0 Epoch: [22/40], Step: [751/782], Loss: 0.20363616943359375
Rank:0 Epoch: [22/40], Step: [761/782], Loss: 0.31501391530036926
Rank:0 Epoch: [22/40], Step: [771/782], Loss: 0.18635469675064087
Rank:0 Epoch: [22/40], Step: [781/782], Loss: 0.202422633767128
Current Test Acc: 0.8957
Rank:0 Epoch: [23/40], Step: [1/782], Loss: 0.32664328813552856
Rank:0 Epoch: [23/40], Step: [11/782], Loss: 0.21827170252799988
Rank:0 Epoch: [23/40], Step: [21/782], Loss: 0.2675642669200897
Rank:0 Epoch: [23/40], Step: [31/782], Loss: 0.29323503375053406
Rank:0 Epoch: [23/40], Step: [41/782], Loss: 0.20678487420082092
Rank:0 Epoch: [23/40], Step: [51/782], Loss: 0.24205772578716278
Rank:0 Epoch: [23/40], Step: [61/782], Loss: 0.1496889889240265
Rank:0 Epoch: [23/40], Step: [71/782], Loss: 0.2992759943008423
Rank:0 Epoch: [23/40], Step: [81/782], Loss: 0.16230975091457367
Rank:0 Epoch: [23/40], Step: [91/782], Loss: 0.21948912739753723
Rank:0 Epoch: [23/40], Step: [101/782], Loss: 0.1175498217344284
Rank:0 Epoch: [23/40], Step: [111/782], Loss: 0.17508076131343842
Rank:0 Epoch: [23/40], Step: [121/782], Loss: 0.13167618215084076
Rank:0 Epoch: [23/40], Step: [131/782], Loss: 0.3378129303455353
Rank:0 Epoch: [23/40], Step: [141/782], Loss: 0.282478392124176
Rank:0 Epoch: [23/40], Step: [151/782], Loss: 0.2428644597530365
Rank:0 Epoch: [23/40], Step: [161/782], Loss: 0.3011469542980194
Rank:0 Epoch: [23/40], Step: [171/782], Loss: 0.2234347015619278
Rank:0 Epoch: [23/40], Step: [181/782], Loss: 0.18643811345100403
Rank:0 Epoch: [23/40], Step: [191/782], Loss: 0.18881796300411224
Rank:0 Epoch: [23/40], Step: [201/782], Loss: 0.21606354415416718
Rank:0 Epoch: [23/40], Step: [211/782], Loss: 0.09322784096002579
Rank:0 Epoch: [23/40], Step: [221/782], Loss: 0.20413628220558167
Rank:0 Epoch: [23/40], Step: [231/782], Loss: 0.17986410856246948
Rank:0 Epoch: [23/40], Step: [241/782], Loss: 0.19926181435585022
Rank:0 Epoch: [23/40], Step: [251/782], Loss: 0.23333975672721863
Rank:0 Epoch: [23/40], Step: [261/782], Loss: 0.3073633313179016
Rank:0 Epoch: [23/40], Step: [271/782], Loss: 0.11307239532470703
Rank:0 Epoch: [23/40], Step: [281/782], Loss: 0.24749746918678284
Rank:0 Epoch: [23/40], Step: [291/782], Loss: 0.1466614007949829
Rank:0 Epoch: [23/40], Step: [301/782], Loss: 0.3217868506908417
Rank:0 Epoch: [23/40], Step: [311/782], Loss: 0.26139432191848755
Rank:0 Epoch: [23/40], Step: [321/782], Loss: 0.12282049655914307
Rank:0 Epoch: [23/40], Step: [331/782], Loss: 0.12648367881774902
Rank:0 Epoch: [23/40], Step: [341/782], Loss: 0.2569999098777771
Rank:0 Epoch: [23/40], Step: [351/782], Loss: 0.18499943614006042
Rank:0 Epoch: [23/40], Step: [361/782], Loss: 0.23230679333209991
Rank:0 Epoch: [23/40], Step: [371/782], Loss: 0.2400672435760498
Rank:0 Epoch: [23/40], Step: [381/782], Loss: 0.15937691926956177
Rank:0 Epoch: [23/40], Step: [391/782], Loss: 0.2476929873228073
Rank:0 Epoch: [23/40], Step: [401/782], Loss: 0.23398539423942566
Rank:0 Epoch: [23/40], Step: [411/782], Loss: 0.1330796331167221
Rank:0 Epoch: [23/40], Step: [421/782], Loss: 0.19808265566825867
Rank:0 Epoch: [23/40], Step: [431/782], Loss: 0.21226100623607635
Rank:0 Epoch: [23/40], Step: [441/782], Loss: 0.26795339584350586
Rank:0 Epoch: [23/40], Step: [451/782], Loss: 0.15477831661701202
Rank:0 Epoch: [23/40], Step: [461/782], Loss: 0.0841325893998146
Rank:0 Epoch: [23/40], Step: [471/782], Loss: 0.38701996207237244
Rank:0 Epoch: [23/40], Step: [481/782], Loss: 0.19725383818149567
Rank:0 Epoch: [23/40], Step: [491/782], Loss: 0.11330047994852066
Rank:0 Epoch: [23/40], Step: [501/782], Loss: 0.2009393721818924
Rank:0 Epoch: [23/40], Step: [511/782], Loss: 0.13867786526679993
Rank:0 Epoch: [23/40], Step: [521/782], Loss: 0.1976993829011917
Rank:0 Epoch: [23/40], Step: [531/782], Loss: 0.43946126103401184
Rank:0 Epoch: [23/40], Step: [541/782], Loss: 0.1445292979478836
Rank:0 Epoch: [23/40], Step: [551/782], Loss: 0.22057050466537476
Rank:0 Epoch: [23/40], Step: [561/782], Loss: 0.09539183974266052
Rank:0 Epoch: [23/40], Step: [571/782], Loss: 0.27378419041633606
Rank:0 Epoch: [23/40], Step: [581/782], Loss: 0.12369450181722641
Rank:0 Epoch: [23/40], Step: [591/782], Loss: 0.2436477392911911
Rank:0 Epoch: [23/40], Step: [601/782], Loss: 0.37500303983688354
Rank:0 Epoch: [23/40], Step: [611/782], Loss: 0.1605815589427948
Rank:0 Epoch: [23/40], Step: [621/782], Loss: 0.1770056188106537
Rank:0 Epoch: [23/40], Step: [631/782], Loss: 0.18704654276371002
Rank:0 Epoch: [23/40], Step: [641/782], Loss: 0.10244660824537277
Rank:0 Epoch: [23/40], Step: [651/782], Loss: 0.14418062567710876
Rank:0 Epoch: [23/40], Step: [661/782], Loss: 0.20635166764259338
Rank:0 Epoch: [23/40], Step: [671/782], Loss: 0.18023572862148285
Rank:0 Epoch: [23/40], Step: [681/782], Loss: 0.1615336537361145
Rank:0 Epoch: [23/40], Step: [691/782], Loss: 0.22008539736270905
Rank:0 Epoch: [23/40], Step: [701/782], Loss: 0.1915406435728073
Rank:0 Epoch: [23/40], Step: [711/782], Loss: 0.3443099856376648
Rank:0 Epoch: [23/40], Step: [721/782], Loss: 0.13961590826511383
Rank:0 Epoch: [23/40], Step: [731/782], Loss: 0.17421212792396545
Rank:0 Epoch: [23/40], Step: [741/782], Loss: 0.32940736413002014
Rank:0 Epoch: [23/40], Step: [751/782], Loss: 0.24179360270500183
Rank:0 Epoch: [23/40], Step: [761/782], Loss: 0.1942996233701706
Rank:0 Epoch: [23/40], Step: [771/782], Loss: 0.22808192670345306
Rank:0 Epoch: [23/40], Step: [781/782], Loss: 0.1256021112203598
Current Test Acc: 0.8983
Rank:0 Epoch: [24/40], Step: [1/782], Loss: 0.11925357580184937
Rank:0 Epoch: [24/40], Step: [11/782], Loss: 0.13779690861701965
Rank:0 Epoch: [24/40], Step: [21/782], Loss: 0.21260830760002136
Rank:0 Epoch: [24/40], Step: [31/782], Loss: 0.09727617353200912
Rank:0 Epoch: [24/40], Step: [41/782], Loss: 0.2524958848953247
Rank:0 Epoch: [24/40], Step: [51/782], Loss: 0.19080433249473572
Rank:0 Epoch: [24/40], Step: [61/782], Loss: 0.11863277852535248
Rank:0 Epoch: [24/40], Step: [71/782], Loss: 0.17779918015003204
Rank:0 Epoch: [24/40], Step: [81/782], Loss: 0.4173632264137268
Rank:0 Epoch: [24/40], Step: [91/782], Loss: 0.12378282099962234
Rank:0 Epoch: [24/40], Step: [101/782], Loss: 0.1869870126247406
Rank:0 Epoch: [24/40], Step: [111/782], Loss: 0.24996457993984222
Rank:0 Epoch: [24/40], Step: [121/782], Loss: 0.1431291550397873
Rank:0 Epoch: [24/40], Step: [131/782], Loss: 0.15311506390571594
Rank:0 Epoch: [24/40], Step: [141/782], Loss: 0.12348837405443192
Rank:0 Epoch: [24/40], Step: [151/782], Loss: 0.21669019758701324
Rank:0 Epoch: [24/40], Step: [161/782], Loss: 0.1575230062007904
Rank:0 Epoch: [24/40], Step: [171/782], Loss: 0.11483447998762131
Rank:0 Epoch: [24/40], Step: [181/782], Loss: 0.2964789867401123
Rank:0 Epoch: [24/40], Step: [191/782], Loss: 0.2040291279554367
Rank:0 Epoch: [24/40], Step: [201/782], Loss: 0.2088906168937683
Rank:0 Epoch: [24/40], Step: [211/782], Loss: 0.1796296387910843
Rank:0 Epoch: [24/40], Step: [221/782], Loss: 0.15347838401794434
Rank:0 Epoch: [24/40], Step: [231/782], Loss: 0.1794067770242691
Rank:0 Epoch: [24/40], Step: [241/782], Loss: 0.12269560992717743
Rank:0 Epoch: [24/40], Step: [251/782], Loss: 0.12874861061573029
Rank:0 Epoch: [24/40], Step: [261/782], Loss: 0.20746371150016785
Rank:0 Epoch: [24/40], Step: [271/782], Loss: 0.1321813315153122
Rank:0 Epoch: [24/40], Step: [281/782], Loss: 0.1304394155740738
Rank:0 Epoch: [24/40], Step: [291/782], Loss: 0.3182520568370819
Rank:0 Epoch: [24/40], Step: [301/782], Loss: 0.12260235846042633
Rank:0 Epoch: [24/40], Step: [311/782], Loss: 0.22632533311843872
Rank:0 Epoch: [24/40], Step: [321/782], Loss: 0.2559575140476227
Rank:0 Epoch: [24/40], Step: [331/782], Loss: 0.20597054064273834
Rank:0 Epoch: [24/40], Step: [341/782], Loss: 0.19021432101726532
Rank:0 Epoch: [24/40], Step: [351/782], Loss: 0.27775514125823975
Rank:0 Epoch: [24/40], Step: [361/782], Loss: 0.2460392266511917
Rank:0 Epoch: [24/40], Step: [371/782], Loss: 0.2188243418931961
Rank:0 Epoch: [24/40], Step: [381/782], Loss: 0.16380341351032257
Rank:0 Epoch: [24/40], Step: [391/782], Loss: 0.10581055283546448
Rank:0 Epoch: [24/40], Step: [401/782], Loss: 0.13255062699317932
Rank:0 Epoch: [24/40], Step: [411/782], Loss: 0.1800008863210678
Rank:0 Epoch: [24/40], Step: [421/782], Loss: 0.22234399616718292
Rank:0 Epoch: [24/40], Step: [431/782], Loss: 0.223318412899971
Rank:0 Epoch: [24/40], Step: [441/782], Loss: 0.1652703434228897
Rank:0 Epoch: [24/40], Step: [451/782], Loss: 0.21028831601142883
Rank:0 Epoch: [24/40], Step: [461/782], Loss: 0.3073728680610657
Rank:0 Epoch: [24/40], Step: [471/782], Loss: 0.19584384560585022
Rank:0 Epoch: [24/40], Step: [481/782], Loss: 0.2948547601699829
Rank:0 Epoch: [24/40], Step: [491/782], Loss: 0.26738640666007996
Rank:0 Epoch: [24/40], Step: [501/782], Loss: 0.22253306210041046
Rank:0 Epoch: [24/40], Step: [511/782], Loss: 0.1907130479812622
Rank:0 Epoch: [24/40], Step: [521/782], Loss: 0.29691973328590393
Rank:0 Epoch: [24/40], Step: [531/782], Loss: 0.14834178984165192
Rank:0 Epoch: [24/40], Step: [541/782], Loss: 0.15642070770263672
Rank:0 Epoch: [24/40], Step: [551/782], Loss: 0.14225313067436218
Rank:0 Epoch: [24/40], Step: [561/782], Loss: 0.11608261615037918
Rank:0 Epoch: [24/40], Step: [571/782], Loss: 0.16456912457942963
Rank:0 Epoch: [24/40], Step: [581/782], Loss: 0.11424338072538376
Rank:0 Epoch: [24/40], Step: [591/782], Loss: 0.112403504550457
Rank:0 Epoch: [24/40], Step: [601/782], Loss: 0.32583802938461304
Rank:0 Epoch: [24/40], Step: [611/782], Loss: 0.1364668309688568
Rank:0 Epoch: [24/40], Step: [621/782], Loss: 0.05727219581604004
Rank:0 Epoch: [24/40], Step: [631/782], Loss: 0.2663801312446594
Rank:0 Epoch: [24/40], Step: [641/782], Loss: 0.15192623436450958
Rank:0 Epoch: [24/40], Step: [651/782], Loss: 0.32441246509552
Rank:0 Epoch: [24/40], Step: [661/782], Loss: 0.05306369438767433
Rank:0 Epoch: [24/40], Step: [671/782], Loss: 0.11536813527345657
Rank:0 Epoch: [24/40], Step: [681/782], Loss: 0.07356418669223785
Rank:0 Epoch: [24/40], Step: [691/782], Loss: 0.271474152803421
Rank:0 Epoch: [24/40], Step: [701/782], Loss: 0.116111159324646
Rank:0 Epoch: [24/40], Step: [711/782], Loss: 0.27618589997291565
Rank:0 Epoch: [24/40], Step: [721/782], Loss: 0.17635945975780487
Rank:0 Epoch: [24/40], Step: [731/782], Loss: 0.1261792629957199
Rank:0 Epoch: [24/40], Step: [741/782], Loss: 0.15227122604846954
Rank:0 Epoch: [24/40], Step: [751/782], Loss: 0.19781190156936646
Rank:0 Epoch: [24/40], Step: [761/782], Loss: 0.2688453495502472
Rank:0 Epoch: [24/40], Step: [771/782], Loss: 0.2656936049461365
Rank:0 Epoch: [24/40], Step: [781/782], Loss: 0.1346862018108368
Current Test Acc: 0.9014
Rank:0 Epoch: [25/40], Step: [1/782], Loss: 0.24528244137763977
Rank:0 Epoch: [25/40], Step: [11/782], Loss: 0.09719042479991913
Rank:0 Epoch: [25/40], Step: [21/782], Loss: 0.09150810539722443
Rank:0 Epoch: [25/40], Step: [31/782], Loss: 0.10116365551948547
Rank:0 Epoch: [25/40], Step: [41/782], Loss: 0.11010658740997314
Rank:0 Epoch: [25/40], Step: [51/782], Loss: 0.25330254435539246
Rank:0 Epoch: [25/40], Step: [61/782], Loss: 0.22640781104564667
Rank:0 Epoch: [25/40], Step: [71/782], Loss: 0.10532337427139282
Rank:0 Epoch: [25/40], Step: [81/782], Loss: 0.13553696870803833
Rank:0 Epoch: [25/40], Step: [91/782], Loss: 0.27353715896606445
Rank:0 Epoch: [25/40], Step: [101/782], Loss: 0.20501883327960968
Rank:0 Epoch: [25/40], Step: [111/782], Loss: 0.26266515254974365
Rank:0 Epoch: [25/40], Step: [121/782], Loss: 0.11382824182510376
Rank:0 Epoch: [25/40], Step: [131/782], Loss: 0.08422210067510605
Rank:0 Epoch: [25/40], Step: [141/782], Loss: 0.17897985875606537
Rank:0 Epoch: [25/40], Step: [151/782], Loss: 0.12834154069423676
Rank:0 Epoch: [25/40], Step: [161/782], Loss: 0.0771227478981018
Rank:0 Epoch: [25/40], Step: [171/782], Loss: 0.10325773060321808
Rank:0 Epoch: [25/40], Step: [181/782], Loss: 0.1392018347978592
Rank:0 Epoch: [25/40], Step: [191/782], Loss: 0.10858312994241714
Rank:0 Epoch: [25/40], Step: [201/782], Loss: 0.09312780946493149
Rank:0 Epoch: [25/40], Step: [211/782], Loss: 0.11880204826593399
Rank:0 Epoch: [25/40], Step: [221/782], Loss: 0.2759736478328705
Rank:0 Epoch: [25/40], Step: [231/782], Loss: 0.1566322296857834
Rank:0 Epoch: [25/40], Step: [241/782], Loss: 0.15466223657131195
Rank:0 Epoch: [25/40], Step: [251/782], Loss: 0.1163608506321907
Rank:0 Epoch: [25/40], Step: [261/782], Loss: 0.20588602125644684
Rank:0 Epoch: [25/40], Step: [271/782], Loss: 0.0798167809844017
Rank:0 Epoch: [25/40], Step: [281/782], Loss: 0.07060998678207397
Rank:0 Epoch: [25/40], Step: [291/782], Loss: 0.11007717251777649
Rank:0 Epoch: [25/40], Step: [301/782], Loss: 0.3589860796928406
Rank:0 Epoch: [25/40], Step: [311/782], Loss: 0.2579302489757538
Rank:0 Epoch: [25/40], Step: [321/782], Loss: 0.1834997832775116
Rank:0 Epoch: [25/40], Step: [331/782], Loss: 0.15649224817752838
Rank:0 Epoch: [25/40], Step: [341/782], Loss: 0.13759297132492065
Rank:0 Epoch: [25/40], Step: [351/782], Loss: 0.1952745020389557
Rank:0 Epoch: [25/40], Step: [361/782], Loss: 0.18438279628753662
Rank:0 Epoch: [25/40], Step: [371/782], Loss: 0.17939144372940063
Rank:0 Epoch: [25/40], Step: [381/782], Loss: 0.12811480462551117
Rank:0 Epoch: [25/40], Step: [391/782], Loss: 0.17095240950584412
Rank:0 Epoch: [25/40], Step: [401/782], Loss: 0.23883715271949768
Rank:0 Epoch: [25/40], Step: [411/782], Loss: 0.13090237975120544
Rank:0 Epoch: [25/40], Step: [421/782], Loss: 0.21083389222621918
Rank:0 Epoch: [25/40], Step: [431/782], Loss: 0.20715883374214172
Rank:0 Epoch: [25/40], Step: [441/782], Loss: 0.1318078488111496
Rank:0 Epoch: [25/40], Step: [451/782], Loss: 0.23110979795455933
Rank:0 Epoch: [25/40], Step: [461/782], Loss: 0.09381511062383652
Rank:0 Epoch: [25/40], Step: [471/782], Loss: 0.21850493550300598
Rank:0 Epoch: [25/40], Step: [481/782], Loss: 0.23562902212142944
Rank:0 Epoch: [25/40], Step: [491/782], Loss: 0.13786698877811432
Rank:0 Epoch: [25/40], Step: [501/782], Loss: 0.18432411551475525
Rank:0 Epoch: [25/40], Step: [511/782], Loss: 0.1910078376531601
Rank:0 Epoch: [25/40], Step: [521/782], Loss: 0.20894882082939148
Rank:0 Epoch: [25/40], Step: [531/782], Loss: 0.15326115489006042
Rank:0 Epoch: [25/40], Step: [541/782], Loss: 0.20178914070129395
Rank:0 Epoch: [25/40], Step: [551/782], Loss: 0.10932211577892303
Rank:0 Epoch: [25/40], Step: [561/782], Loss: 0.19055630266666412
Rank:0 Epoch: [25/40], Step: [571/782], Loss: 0.2895924746990204
Rank:0 Epoch: [25/40], Step: [581/782], Loss: 0.26196807622909546
Rank:0 Epoch: [25/40], Step: [591/782], Loss: 0.15070781111717224
Rank:0 Epoch: [25/40], Step: [601/782], Loss: 0.18838323652744293
Rank:0 Epoch: [25/40], Step: [611/782], Loss: 0.23553068935871124
Rank:0 Epoch: [25/40], Step: [621/782], Loss: 0.1890215128660202
Rank:0 Epoch: [25/40], Step: [631/782], Loss: 0.15450572967529297
Rank:0 Epoch: [25/40], Step: [641/782], Loss: 0.14597728848457336
Rank:0 Epoch: [25/40], Step: [651/782], Loss: 0.19182315468788147
Rank:0 Epoch: [25/40], Step: [661/782], Loss: 0.20606352388858795
Rank:0 Epoch: [25/40], Step: [671/782], Loss: 0.1772896647453308
Rank:0 Epoch: [25/40], Step: [681/782], Loss: 0.26202553510665894
Rank:0 Epoch: [25/40], Step: [691/782], Loss: 0.2294911891222
Rank:0 Epoch: [25/40], Step: [701/782], Loss: 0.19446192681789398
Rank:0 Epoch: [25/40], Step: [711/782], Loss: 0.33060792088508606
Rank:0 Epoch: [25/40], Step: [721/782], Loss: 0.12614481151103973
Rank:0 Epoch: [25/40], Step: [731/782], Loss: 0.24321956932544708
Rank:0 Epoch: [25/40], Step: [741/782], Loss: 0.07558577507734299
Rank:0 Epoch: [25/40], Step: [751/782], Loss: 0.20416919887065887
Rank:0 Epoch: [25/40], Step: [761/782], Loss: 0.2947840094566345
Rank:0 Epoch: [25/40], Step: [771/782], Loss: 0.19974002242088318
Rank:0 Epoch: [25/40], Step: [781/782], Loss: 0.3515191972255707
Current Test Acc: 0.9026
Rank:0 Epoch: [26/40], Step: [1/782], Loss: 0.2033449113368988
Rank:0 Epoch: [26/40], Step: [11/782], Loss: 0.28626322746276855
Rank:0 Epoch: [26/40], Step: [21/782], Loss: 0.11750328540802002
Rank:0 Epoch: [26/40], Step: [31/782], Loss: 0.17397215962409973
Rank:0 Epoch: [26/40], Step: [41/782], Loss: 0.11140435934066772
Rank:0 Epoch: [26/40], Step: [51/782], Loss: 0.15501843392848969
Rank:0 Epoch: [26/40], Step: [61/782], Loss: 0.2473202645778656
Rank:0 Epoch: [26/40], Step: [71/782], Loss: 0.08867588639259338
Rank:0 Epoch: [26/40], Step: [81/782], Loss: 0.08721461147069931
Rank:0 Epoch: [26/40], Step: [91/782], Loss: 0.15100936591625214
Rank:0 Epoch: [26/40], Step: [101/782], Loss: 0.08525578677654266
Rank:0 Epoch: [26/40], Step: [111/782], Loss: 0.30164164304733276
Rank:0 Epoch: [26/40], Step: [121/782], Loss: 0.17303968966007233
Rank:0 Epoch: [26/40], Step: [131/782], Loss: 0.12631455063819885
Rank:0 Epoch: [26/40], Step: [141/782], Loss: 0.24039150774478912
Rank:0 Epoch: [26/40], Step: [151/782], Loss: 0.19658128917217255
Rank:0 Epoch: [26/40], Step: [161/782], Loss: 0.2008480429649353
Rank:0 Epoch: [26/40], Step: [171/782], Loss: 0.27253276109695435
Rank:0 Epoch: [26/40], Step: [181/782], Loss: 0.2927353084087372
Rank:0 Epoch: [26/40], Step: [191/782], Loss: 0.09071851521730423
Rank:0 Epoch: [26/40], Step: [201/782], Loss: 0.22128711640834808
Rank:0 Epoch: [26/40], Step: [211/782], Loss: 0.3607218265533447
Rank:0 Epoch: [26/40], Step: [221/782], Loss: 0.20930945873260498
Rank:0 Epoch: [26/40], Step: [231/782], Loss: 0.1811167150735855
Rank:0 Epoch: [26/40], Step: [241/782], Loss: 0.3264913558959961
Rank:0 Epoch: [26/40], Step: [251/782], Loss: 0.18050530552864075
Rank:0 Epoch: [26/40], Step: [261/782], Loss: 0.27169251441955566
Rank:0 Epoch: [26/40], Step: [271/782], Loss: 0.1891341209411621
Rank:0 Epoch: [26/40], Step: [281/782], Loss: 0.2115176022052765
Rank:0 Epoch: [26/40], Step: [291/782], Loss: 0.2354067713022232
Rank:0 Epoch: [26/40], Step: [301/782], Loss: 0.13097037374973297
Rank:0 Epoch: [26/40], Step: [311/782], Loss: 0.17490054666996002
Rank:0 Epoch: [26/40], Step: [321/782], Loss: 0.1975555121898651
Rank:0 Epoch: [26/40], Step: [331/782], Loss: 0.12078729271888733
Rank:0 Epoch: [26/40], Step: [341/782], Loss: 0.29499661922454834
Rank:0 Epoch: [26/40], Step: [351/782], Loss: 0.1952972710132599
Rank:0 Epoch: [26/40], Step: [361/782], Loss: 0.09773431718349457
Rank:0 Epoch: [26/40], Step: [371/782], Loss: 0.19545665383338928
Rank:0 Epoch: [26/40], Step: [381/782], Loss: 0.09532962739467621
Rank:0 Epoch: [26/40], Step: [391/782], Loss: 0.12113399803638458
Rank:0 Epoch: [26/40], Step: [401/782], Loss: 0.18734924495220184
Rank:0 Epoch: [26/40], Step: [411/782], Loss: 0.20293977856636047
Rank:0 Epoch: [26/40], Step: [421/782], Loss: 0.19849593937397003
Rank:0 Epoch: [26/40], Step: [431/782], Loss: 0.19382505118846893
Rank:0 Epoch: [26/40], Step: [441/782], Loss: 0.17634762823581696
Rank:0 Epoch: [26/40], Step: [451/782], Loss: 0.23066774010658264
Rank:0 Epoch: [26/40], Step: [461/782], Loss: 0.0813995897769928
Rank:0 Epoch: [26/40], Step: [471/782], Loss: 0.15065249800682068
Rank:0 Epoch: [26/40], Step: [481/782], Loss: 0.17246754467487335
Rank:0 Epoch: [26/40], Step: [491/782], Loss: 0.16610503196716309
Rank:0 Epoch: [26/40], Step: [501/782], Loss: 0.14501193165779114
Rank:0 Epoch: [26/40], Step: [511/782], Loss: 0.18954907357692719
Rank:0 Epoch: [26/40], Step: [521/782], Loss: 0.197939932346344
Rank:0 Epoch: [26/40], Step: [531/782], Loss: 0.10867734998464584
Rank:0 Epoch: [26/40], Step: [541/782], Loss: 0.16814495623111725
Rank:0 Epoch: [26/40], Step: [551/782], Loss: 0.1902570277452469
Rank:0 Epoch: [26/40], Step: [561/782], Loss: 0.37706297636032104
Rank:0 Epoch: [26/40], Step: [571/782], Loss: 0.21225938200950623
Rank:0 Epoch: [26/40], Step: [581/782], Loss: 0.14275920391082764
Rank:0 Epoch: [26/40], Step: [591/782], Loss: 0.1016048789024353
Rank:0 Epoch: [26/40], Step: [601/782], Loss: 0.3154202103614807
Rank:0 Epoch: [26/40], Step: [611/782], Loss: 0.19358858466148376
Rank:0 Epoch: [26/40], Step: [621/782], Loss: 0.07536100596189499
Rank:0 Epoch: [26/40], Step: [631/782], Loss: 0.08863414824008942
Rank:0 Epoch: [26/40], Step: [641/782], Loss: 0.26152724027633667
Rank:0 Epoch: [26/40], Step: [651/782], Loss: 0.19289423525333405
Rank:0 Epoch: [26/40], Step: [661/782], Loss: 0.1791052669286728
Rank:0 Epoch: [26/40], Step: [671/782], Loss: 0.15953686833381653
Rank:0 Epoch: [26/40], Step: [681/782], Loss: 0.19300012290477753
Rank:0 Epoch: [26/40], Step: [691/782], Loss: 0.1741088181734085
Rank:0 Epoch: [26/40], Step: [701/782], Loss: 0.27170631289482117
Rank:0 Epoch: [26/40], Step: [711/782], Loss: 0.2364281713962555
Rank:0 Epoch: [26/40], Step: [721/782], Loss: 0.07969306409358978
Rank:0 Epoch: [26/40], Step: [731/782], Loss: 0.1265089362859726
Rank:0 Epoch: [26/40], Step: [741/782], Loss: 0.14065450429916382
Rank:0 Epoch: [26/40], Step: [751/782], Loss: 0.1987859308719635
Rank:0 Epoch: [26/40], Step: [761/782], Loss: 0.14478056132793427
Rank:0 Epoch: [26/40], Step: [771/782], Loss: 0.22957952320575714
Rank:0 Epoch: [26/40], Step: [781/782], Loss: 0.23103705048561096
Current Test Acc: 0.9002
Rank:0 Epoch: [27/40], Step: [1/782], Loss: 0.15873469412326813
Rank:0 Epoch: [27/40], Step: [11/782], Loss: 0.16034726798534393
Rank:0 Epoch: [27/40], Step: [21/782], Loss: 0.06929314136505127
Rank:0 Epoch: [27/40], Step: [31/782], Loss: 0.2466994822025299
Rank:0 Epoch: [27/40], Step: [41/782], Loss: 0.24588888883590698
Rank:0 Epoch: [27/40], Step: [51/782], Loss: 0.19872668385505676
Rank:0 Epoch: [27/40], Step: [61/782], Loss: 0.16737882792949677
Rank:0 Epoch: [27/40], Step: [71/782], Loss: 0.15232530236244202
Rank:0 Epoch: [27/40], Step: [81/782], Loss: 0.10144736617803574
Rank:0 Epoch: [27/40], Step: [91/782], Loss: 0.11995749920606613
Rank:0 Epoch: [27/40], Step: [101/782], Loss: 0.14066404104232788
Rank:0 Epoch: [27/40], Step: [111/782], Loss: 0.24347417056560516
Rank:0 Epoch: [27/40], Step: [121/782], Loss: 0.17060749232769012
Rank:0 Epoch: [27/40], Step: [131/782], Loss: 0.11809473484754562
Rank:0 Epoch: [27/40], Step: [141/782], Loss: 0.1633264571428299
Rank:0 Epoch: [27/40], Step: [151/782], Loss: 0.1913583129644394
Rank:0 Epoch: [27/40], Step: [161/782], Loss: 0.21090067923069
Rank:0 Epoch: [27/40], Step: [171/782], Loss: 0.11028986424207687
Rank:0 Epoch: [27/40], Step: [181/782], Loss: 0.09743297100067139
Rank:0 Epoch: [27/40], Step: [191/782], Loss: 0.22546075284481049
Rank:0 Epoch: [27/40], Step: [201/782], Loss: 0.1826288402080536
Rank:0 Epoch: [27/40], Step: [211/782], Loss: 0.1391320526599884
Rank:0 Epoch: [27/40], Step: [221/782], Loss: 0.27851173281669617
Rank:0 Epoch: [27/40], Step: [231/782], Loss: 0.2186182588338852
Rank:0 Epoch: [27/40], Step: [241/782], Loss: 0.22184373438358307
Rank:0 Epoch: [27/40], Step: [251/782], Loss: 0.3221476078033447
Rank:0 Epoch: [27/40], Step: [261/782], Loss: 0.22006963193416595
Rank:0 Epoch: [27/40], Step: [271/782], Loss: 0.15051943063735962
Rank:0 Epoch: [27/40], Step: [281/782], Loss: 0.1473388820886612
Rank:0 Epoch: [27/40], Step: [291/782], Loss: 0.20800767838954926
Rank:0 Epoch: [27/40], Step: [301/782], Loss: 0.9532061815261841
Rank:0 Epoch: [27/40], Step: [311/782], Loss: 0.3177458941936493
Rank:0 Epoch: [27/40], Step: [321/782], Loss: 0.13666580617427826
Rank:0 Epoch: [27/40], Step: [331/782], Loss: 0.2251594513654709
Rank:0 Epoch: [27/40], Step: [341/782], Loss: 0.26237690448760986
Rank:0 Epoch: [27/40], Step: [351/782], Loss: 0.2972550094127655
Rank:0 Epoch: [27/40], Step: [361/782], Loss: 0.20885641872882843
Rank:0 Epoch: [27/40], Step: [371/782], Loss: 0.24327965080738068
Rank:0 Epoch: [27/40], Step: [381/782], Loss: 0.06486169993877411
Rank:0 Epoch: [27/40], Step: [391/782], Loss: 0.08284680545330048
Rank:0 Epoch: [27/40], Step: [401/782], Loss: 0.16907604038715363
Rank:0 Epoch: [27/40], Step: [411/782], Loss: 0.1491299867630005
Rank:0 Epoch: [27/40], Step: [421/782], Loss: 0.23992787301540375
Rank:0 Epoch: [27/40], Step: [431/782], Loss: 0.086216501891613
Rank:0 Epoch: [27/40], Step: [441/782], Loss: 0.16408316791057587
Rank:0 Epoch: [27/40], Step: [451/782], Loss: 0.1729816049337387
Rank:0 Epoch: [27/40], Step: [461/782], Loss: 0.3804318308830261
Rank:0 Epoch: [27/40], Step: [471/782], Loss: 0.17212176322937012
Rank:0 Epoch: [27/40], Step: [481/782], Loss: 0.22676286101341248
Rank:0 Epoch: [27/40], Step: [491/782], Loss: 0.12931445240974426
Rank:0 Epoch: [27/40], Step: [501/782], Loss: 0.1318771243095398
Rank:0 Epoch: [27/40], Step: [511/782], Loss: 0.20293249189853668
Rank:0 Epoch: [27/40], Step: [521/782], Loss: 0.23886653780937195
Rank:0 Epoch: [27/40], Step: [531/782], Loss: 0.15380582213401794
Rank:0 Epoch: [27/40], Step: [541/782], Loss: 0.11543137580156326
Rank:0 Epoch: [27/40], Step: [551/782], Loss: 0.2713729441165924
Rank:0 Epoch: [27/40], Step: [561/782], Loss: 0.17708073556423187
Rank:0 Epoch: [27/40], Step: [571/782], Loss: 0.19404387474060059
Rank:0 Epoch: [27/40], Step: [581/782], Loss: 0.11306985467672348
Rank:0 Epoch: [27/40], Step: [591/782], Loss: 0.2285526543855667
Rank:0 Epoch: [27/40], Step: [601/782], Loss: 0.11727815121412277
Rank:0 Epoch: [27/40], Step: [611/782], Loss: 0.07219503074884415
Rank:0 Epoch: [27/40], Step: [621/782], Loss: 0.21966221928596497
Rank:0 Epoch: [27/40], Step: [631/782], Loss: 0.09621690213680267
Rank:0 Epoch: [27/40], Step: [641/782], Loss: 0.293975293636322
Rank:0 Epoch: [27/40], Step: [651/782], Loss: 0.22413258254528046
Rank:0 Epoch: [27/40], Step: [661/782], Loss: 0.35495656728744507
Rank:0 Epoch: [27/40], Step: [671/782], Loss: 0.167036771774292
Rank:0 Epoch: [27/40], Step: [681/782], Loss: 0.11141365766525269
Rank:0 Epoch: [27/40], Step: [691/782], Loss: 0.16873054206371307
Rank:0 Epoch: [27/40], Step: [701/782], Loss: 0.14422984421253204
Rank:0 Epoch: [27/40], Step: [711/782], Loss: 0.06415732949972153
Rank:0 Epoch: [27/40], Step: [721/782], Loss: 0.11668062955141068
Rank:0 Epoch: [27/40], Step: [731/782], Loss: 0.19192808866500854
Rank:0 Epoch: [27/40], Step: [741/782], Loss: 0.26657843589782715
Rank:0 Epoch: [27/40], Step: [751/782], Loss: 0.2532025873661041
Rank:0 Epoch: [27/40], Step: [761/782], Loss: 0.2698577344417572
Rank:0 Epoch: [27/40], Step: [771/782], Loss: 0.1951148957014084
Rank:0 Epoch: [27/40], Step: [781/782], Loss: 0.22047895193099976
Current Test Acc: 0.9027
Rank:0 Epoch: [28/40], Step: [1/782], Loss: 0.07948652654886246
Rank:0 Epoch: [28/40], Step: [11/782], Loss: 0.17029482126235962
Rank:0 Epoch: [28/40], Step: [21/782], Loss: 0.1858309507369995
Rank:0 Epoch: [28/40], Step: [31/782], Loss: 0.26459720730781555
Rank:0 Epoch: [28/40], Step: [41/782], Loss: 0.14130280911922455
Rank:0 Epoch: [28/40], Step: [51/782], Loss: 0.15206320583820343
Rank:0 Epoch: [28/40], Step: [61/782], Loss: 0.192021906375885
Rank:0 Epoch: [28/40], Step: [71/782], Loss: 0.2414335310459137
Rank:0 Epoch: [28/40], Step: [81/782], Loss: 0.12101058661937714
Rank:0 Epoch: [28/40], Step: [91/782], Loss: 0.2281872183084488
Rank:0 Epoch: [28/40], Step: [101/782], Loss: 0.09093040227890015
Rank:0 Epoch: [28/40], Step: [111/782], Loss: 0.28715550899505615
Rank:0 Epoch: [28/40], Step: [121/782], Loss: 0.109076127409935
Rank:0 Epoch: [28/40], Step: [131/782], Loss: 0.1516101062297821
Rank:0 Epoch: [28/40], Step: [141/782], Loss: 0.12554150819778442
Rank:0 Epoch: [28/40], Step: [151/782], Loss: 0.25991055369377136
Rank:0 Epoch: [28/40], Step: [161/782], Loss: 0.2265470325946808
Rank:0 Epoch: [28/40], Step: [171/782], Loss: 0.13695567846298218
Rank:0 Epoch: [28/40], Step: [181/782], Loss: 0.09355662763118744
Rank:0 Epoch: [28/40], Step: [191/782], Loss: 0.09674054384231567
Rank:0 Epoch: [28/40], Step: [201/782], Loss: 0.18366184830665588
Rank:0 Epoch: [28/40], Step: [211/782], Loss: 0.24256093800067902
Rank:0 Epoch: [28/40], Step: [221/782], Loss: 0.08412112295627594
Rank:0 Epoch: [28/40], Step: [231/782], Loss: 0.15042941272258759
Rank:0 Epoch: [28/40], Step: [241/782], Loss: 0.2653442919254303
Rank:0 Epoch: [28/40], Step: [251/782], Loss: 0.2928939163684845
Rank:0 Epoch: [28/40], Step: [261/782], Loss: 0.22318892180919647
Rank:0 Epoch: [28/40], Step: [271/782], Loss: 0.16677814722061157
Rank:0 Epoch: [28/40], Step: [281/782], Loss: 0.17626991868019104
Rank:0 Epoch: [28/40], Step: [291/782], Loss: 0.15783505141735077
Rank:0 Epoch: [28/40], Step: [301/782], Loss: 0.14006851613521576
Rank:0 Epoch: [28/40], Step: [311/782], Loss: 0.09668789058923721
Rank:0 Epoch: [28/40], Step: [321/782], Loss: 0.20652620494365692
Rank:0 Epoch: [28/40], Step: [331/782], Loss: 0.19942915439605713
Rank:0 Epoch: [28/40], Step: [341/782], Loss: 0.1482161432504654
Rank:0 Epoch: [28/40], Step: [351/782], Loss: 0.17343086004257202
Rank:0 Epoch: [28/40], Step: [361/782], Loss: 0.17695081233978271
Rank:0 Epoch: [28/40], Step: [371/782], Loss: 0.19828712940216064
Rank:0 Epoch: [28/40], Step: [381/782], Loss: 0.23123134672641754
Rank:0 Epoch: [28/40], Step: [391/782], Loss: 0.14770179986953735
Rank:0 Epoch: [28/40], Step: [401/782], Loss: 0.16265273094177246
Rank:0 Epoch: [28/40], Step: [411/782], Loss: 0.2972413897514343
Rank:0 Epoch: [28/40], Step: [421/782], Loss: 0.1642305999994278
Rank:0 Epoch: [28/40], Step: [431/782], Loss: 0.10343577712774277
Rank:0 Epoch: [28/40], Step: [441/782], Loss: 0.13573047518730164
Rank:0 Epoch: [28/40], Step: [451/782], Loss: 0.18079018592834473
Rank:0 Epoch: [28/40], Step: [461/782], Loss: 0.21847973763942719
Rank:0 Epoch: [28/40], Step: [471/782], Loss: 0.2858896255493164
Rank:0 Epoch: [28/40], Step: [481/782], Loss: 0.13365113735198975
Rank:0 Epoch: [28/40], Step: [491/782], Loss: 0.23088635504245758
Rank:0 Epoch: [28/40], Step: [501/782], Loss: 0.13826020061969757
Rank:0 Epoch: [28/40], Step: [511/782], Loss: 0.1528855860233307
Rank:0 Epoch: [28/40], Step: [521/782], Loss: 0.3309222459793091
Rank:0 Epoch: [28/40], Step: [531/782], Loss: 0.1284010112285614
Rank:0 Epoch: [28/40], Step: [541/782], Loss: 0.22390227019786835
Rank:0 Epoch: [28/40], Step: [551/782], Loss: 0.18203726410865784
Rank:0 Epoch: [28/40], Step: [561/782], Loss: 0.16180917620658875
Rank:0 Epoch: [28/40], Step: [571/782], Loss: 0.26510345935821533
Rank:0 Epoch: [28/40], Step: [581/782], Loss: 0.26217320561408997
Rank:0 Epoch: [28/40], Step: [591/782], Loss: 0.1861613690853119
Rank:0 Epoch: [28/40], Step: [601/782], Loss: 0.11060496419668198
Rank:0 Epoch: [28/40], Step: [611/782], Loss: 0.212839737534523
Rank:0 Epoch: [28/40], Step: [621/782], Loss: 0.15126511454582214
Rank:0 Epoch: [28/40], Step: [631/782], Loss: 0.06951794028282166
Rank:0 Epoch: [28/40], Step: [641/782], Loss: 0.09540857374668121
Rank:0 Epoch: [28/40], Step: [651/782], Loss: 0.11167926341295242
Rank:0 Epoch: [28/40], Step: [661/782], Loss: 0.07378125190734863
Rank:0 Epoch: [28/40], Step: [671/782], Loss: 0.0781802162528038
Rank:0 Epoch: [28/40], Step: [681/782], Loss: 0.24638153612613678
Rank:0 Epoch: [28/40], Step: [691/782], Loss: 0.16750390827655792
Rank:0 Epoch: [28/40], Step: [701/782], Loss: 0.15782882273197174
Rank:0 Epoch: [28/40], Step: [711/782], Loss: 0.24087989330291748
Rank:0 Epoch: [28/40], Step: [721/782], Loss: 0.2986927330493927
Rank:0 Epoch: [28/40], Step: [731/782], Loss: 0.20008347928524017
Rank:0 Epoch: [28/40], Step: [741/782], Loss: 0.1503065526485443
Rank:0 Epoch: [28/40], Step: [751/782], Loss: 0.14489944279193878
Rank:0 Epoch: [28/40], Step: [761/782], Loss: 0.08675927668809891
Rank:0 Epoch: [28/40], Step: [771/782], Loss: 0.31534314155578613
Rank:0 Epoch: [28/40], Step: [781/782], Loss: 0.13887536525726318
Current Test Acc: 0.9038
Rank:0 Epoch: [29/40], Step: [1/782], Loss: 0.1458132565021515
Rank:0 Epoch: [29/40], Step: [11/782], Loss: 0.08902895450592041
Rank:0 Epoch: [29/40], Step: [21/782], Loss: 0.11433184891939163
Rank:0 Epoch: [29/40], Step: [31/782], Loss: 0.17659077048301697
Rank:0 Epoch: [29/40], Step: [41/782], Loss: 0.1549675017595291
Rank:0 Epoch: [29/40], Step: [51/782], Loss: 0.12747406959533691
Rank:0 Epoch: [29/40], Step: [61/782], Loss: 0.13626866042613983
Rank:0 Epoch: [29/40], Step: [71/782], Loss: 0.2878446877002716
Rank:0 Epoch: [29/40], Step: [81/782], Loss: 0.08071742206811905
Rank:0 Epoch: [29/40], Step: [91/782], Loss: 0.10419526696205139
Rank:0 Epoch: [29/40], Step: [101/782], Loss: 0.2164129763841629
Rank:0 Epoch: [29/40], Step: [111/782], Loss: 0.16148656606674194
Rank:0 Epoch: [29/40], Step: [121/782], Loss: 0.22703561186790466
Rank:0 Epoch: [29/40], Step: [131/782], Loss: 0.4308965504169464
Rank:0 Epoch: [29/40], Step: [141/782], Loss: 0.12790289521217346
Rank:0 Epoch: [29/40], Step: [151/782], Loss: 0.12377007305622101
Rank:0 Epoch: [29/40], Step: [161/782], Loss: 0.34281283617019653
Rank:0 Epoch: [29/40], Step: [171/782], Loss: 0.11289682984352112
Rank:0 Epoch: [29/40], Step: [181/782], Loss: 0.09774940460920334
Rank:0 Epoch: [29/40], Step: [191/782], Loss: 0.2256176769733429
Rank:0 Epoch: [29/40], Step: [201/782], Loss: 0.2036188542842865
Rank:0 Epoch: [29/40], Step: [211/782], Loss: 0.25633782148361206
Rank:0 Epoch: [29/40], Step: [221/782], Loss: 0.16905800998210907
Rank:0 Epoch: [29/40], Step: [231/782], Loss: 0.2644291818141937
Rank:0 Epoch: [29/40], Step: [241/782], Loss: 0.05631229281425476
Rank:0 Epoch: [29/40], Step: [251/782], Loss: 0.10389219969511032
Rank:0 Epoch: [29/40], Step: [261/782], Loss: 0.2362864762544632
Rank:0 Epoch: [29/40], Step: [271/782], Loss: 0.09732600301504135
Rank:0 Epoch: [29/40], Step: [281/782], Loss: 0.08662556856870651
Rank:0 Epoch: [29/40], Step: [291/782], Loss: 0.1585979461669922
Rank:0 Epoch: [29/40], Step: [301/782], Loss: 0.11314773559570312
Rank:0 Epoch: [29/40], Step: [311/782], Loss: 0.16519829630851746
Rank:0 Epoch: [29/40], Step: [321/782], Loss: 0.18435005843639374
Rank:0 Epoch: [29/40], Step: [331/782], Loss: 0.10355378687381744
Rank:0 Epoch: [29/40], Step: [341/782], Loss: 0.36687788367271423
Rank:0 Epoch: [29/40], Step: [351/782], Loss: 0.09244167804718018
Rank:0 Epoch: [29/40], Step: [361/782], Loss: 0.23278439044952393
Rank:0 Epoch: [29/40], Step: [371/782], Loss: 0.12497325241565704
Rank:0 Epoch: [29/40], Step: [381/782], Loss: 0.1012209877371788
Rank:0 Epoch: [29/40], Step: [391/782], Loss: 0.1578454077243805
Rank:0 Epoch: [29/40], Step: [401/782], Loss: 0.11823917925357819
Rank:0 Epoch: [29/40], Step: [411/782], Loss: 0.10485760867595673
Rank:0 Epoch: [29/40], Step: [421/782], Loss: 0.16150514781475067
Rank:0 Epoch: [29/40], Step: [431/782], Loss: 0.19154271483421326
Rank:0 Epoch: [29/40], Step: [441/782], Loss: 0.2661602199077606
Rank:0 Epoch: [29/40], Step: [451/782], Loss: 0.105048768222332
Rank:0 Epoch: [29/40], Step: [461/782], Loss: 0.16730499267578125
Rank:0 Epoch: [29/40], Step: [471/782], Loss: 0.10245515406131744
Rank:0 Epoch: [29/40], Step: [481/782], Loss: 0.1232185810804367
Rank:0 Epoch: [29/40], Step: [491/782], Loss: 0.16636840999126434
Rank:0 Epoch: [29/40], Step: [501/782], Loss: 0.11625269055366516
Rank:0 Epoch: [29/40], Step: [511/782], Loss: 0.09356973320245743
Rank:0 Epoch: [29/40], Step: [521/782], Loss: 0.10286787897348404
Rank:0 Epoch: [29/40], Step: [531/782], Loss: 0.1694105863571167
Rank:0 Epoch: [29/40], Step: [541/782], Loss: 0.11726737767457962
Rank:0 Epoch: [29/40], Step: [551/782], Loss: 0.12301018089056015
Rank:0 Epoch: [29/40], Step: [561/782], Loss: 0.2338024377822876
Rank:0 Epoch: [29/40], Step: [571/782], Loss: 0.19646503031253815
Rank:0 Epoch: [29/40], Step: [581/782], Loss: 0.08143752813339233
Rank:0 Epoch: [29/40], Step: [591/782], Loss: 0.09780771285295486
Rank:0 Epoch: [29/40], Step: [601/782], Loss: 0.16194738447666168
Rank:0 Epoch: [29/40], Step: [611/782], Loss: 0.18836449086666107
Rank:0 Epoch: [29/40], Step: [621/782], Loss: 0.16092967987060547
Rank:0 Epoch: [29/40], Step: [631/782], Loss: 0.12232663482427597
Rank:0 Epoch: [29/40], Step: [641/782], Loss: 0.1734275370836258
Rank:0 Epoch: [29/40], Step: [651/782], Loss: 0.10932988673448563
Rank:0 Epoch: [29/40], Step: [661/782], Loss: 0.10329623520374298
Rank:0 Epoch: [29/40], Step: [671/782], Loss: 0.23788556456565857
Rank:0 Epoch: [29/40], Step: [681/782], Loss: 0.24618706107139587
Rank:0 Epoch: [29/40], Step: [691/782], Loss: 0.08802474290132523
Rank:0 Epoch: [29/40], Step: [701/782], Loss: 0.23546269536018372
Rank:0 Epoch: [29/40], Step: [711/782], Loss: 0.20403119921684265
Rank:0 Epoch: [29/40], Step: [721/782], Loss: 0.1709974855184555
Rank:0 Epoch: [29/40], Step: [731/782], Loss: 0.14039099216461182
Rank:0 Epoch: [29/40], Step: [741/782], Loss: 0.1994733214378357
Rank:0 Epoch: [29/40], Step: [751/782], Loss: 0.09916843473911285
Rank:0 Epoch: [29/40], Step: [761/782], Loss: 0.08161570131778717
Rank:0 Epoch: [29/40], Step: [771/782], Loss: 0.2343105524778366
Rank:0 Epoch: [29/40], Step: [781/782], Loss: 0.22044141590595245
Current Test Acc: 0.9025
Rank:0 Epoch: [30/40], Step: [1/782], Loss: 0.1759890764951706
Rank:0 Epoch: [30/40], Step: [11/782], Loss: 0.10288681089878082
Rank:0 Epoch: [30/40], Step: [21/782], Loss: 0.22360779345035553
Rank:0 Epoch: [30/40], Step: [31/782], Loss: 0.1270228624343872
Rank:0 Epoch: [30/40], Step: [41/782], Loss: 0.07839253544807434
Rank:0 Epoch: [30/40], Step: [51/782], Loss: 0.09599470347166061
Rank:0 Epoch: [30/40], Step: [61/782], Loss: 0.15536753833293915
Rank:0 Epoch: [30/40], Step: [71/782], Loss: 0.27303776144981384
Rank:0 Epoch: [30/40], Step: [81/782], Loss: 0.23452377319335938
Rank:0 Epoch: [30/40], Step: [91/782], Loss: 0.25395676493644714
Rank:0 Epoch: [30/40], Step: [101/782], Loss: 0.14287400245666504
Rank:0 Epoch: [30/40], Step: [111/782], Loss: 0.12372024357318878
Rank:0 Epoch: [30/40], Step: [121/782], Loss: 0.19785594940185547
Rank:0 Epoch: [30/40], Step: [131/782], Loss: 0.32126614451408386
Rank:0 Epoch: [30/40], Step: [141/782], Loss: 0.11700968444347382
Rank:0 Epoch: [30/40], Step: [151/782], Loss: 0.13233345746994019
Rank:0 Epoch: [30/40], Step: [161/782], Loss: 0.06106323376297951
Rank:0 Epoch: [30/40], Step: [171/782], Loss: 0.08353773504495621
Rank:0 Epoch: [30/40], Step: [181/782], Loss: 0.1604454070329666
Rank:0 Epoch: [30/40], Step: [191/782], Loss: 0.24987804889678955
Rank:0 Epoch: [30/40], Step: [201/782], Loss: 0.10060590505599976
Rank:0 Epoch: [30/40], Step: [211/782], Loss: 0.24911685287952423
Rank:0 Epoch: [30/40], Step: [221/782], Loss: 0.15104514360427856
Rank:0 Epoch: [30/40], Step: [231/782], Loss: 0.17065279185771942
Rank:0 Epoch: [30/40], Step: [241/782], Loss: 0.09610564261674881
Rank:0 Epoch: [30/40], Step: [251/782], Loss: 0.047355201095342636
Rank:0 Epoch: [30/40], Step: [261/782], Loss: 0.21324469149112701
Rank:0 Epoch: [30/40], Step: [271/782], Loss: 0.19678226113319397
Rank:0 Epoch: [30/40], Step: [281/782], Loss: 0.3936923146247864
Rank:0 Epoch: [30/40], Step: [291/782], Loss: 0.16197529435157776
Rank:0 Epoch: [30/40], Step: [301/782], Loss: 0.07484173029661179
Rank:0 Epoch: [30/40], Step: [311/782], Loss: 0.1868191957473755
Rank:0 Epoch: [30/40], Step: [321/782], Loss: 0.18183626234531403
Rank:0 Epoch: [30/40], Step: [331/782], Loss: 0.26315540075302124
Rank:0 Epoch: [30/40], Step: [341/782], Loss: 0.04981842264533043
Rank:0 Epoch: [30/40], Step: [351/782], Loss: 0.12921659648418427
Rank:0 Epoch: [30/40], Step: [361/782], Loss: 0.18771332502365112
Rank:0 Epoch: [30/40], Step: [371/782], Loss: 0.1971053183078766
Rank:0 Epoch: [30/40], Step: [381/782], Loss: 0.04273191839456558
Rank:0 Epoch: [30/40], Step: [391/782], Loss: 0.3379710912704468
Rank:0 Epoch: [30/40], Step: [401/782], Loss: 0.11273731291294098
Rank:0 Epoch: [30/40], Step: [411/782], Loss: 0.13986317813396454
Rank:0 Epoch: [30/40], Step: [421/782], Loss: 0.17594720423221588
Rank:0 Epoch: [30/40], Step: [431/782], Loss: 0.17203953862190247
Rank:0 Epoch: [30/40], Step: [441/782], Loss: 0.13935013115406036
Rank:0 Epoch: [30/40], Step: [451/782], Loss: 0.0711464062333107
Rank:0 Epoch: [30/40], Step: [461/782], Loss: 0.1812489628791809
Rank:0 Epoch: [30/40], Step: [471/782], Loss: 0.17902064323425293
Rank:0 Epoch: [30/40], Step: [481/782], Loss: 0.0914522260427475
Rank:0 Epoch: [30/40], Step: [491/782], Loss: 0.09899096190929413
Rank:0 Epoch: [30/40], Step: [501/782], Loss: 0.20272314548492432
Rank:0 Epoch: [30/40], Step: [511/782], Loss: 0.1588311344385147
Rank:0 Epoch: [30/40], Step: [521/782], Loss: 0.18477153778076172
Rank:0 Epoch: [30/40], Step: [531/782], Loss: 0.15671145915985107
Rank:0 Epoch: [30/40], Step: [541/782], Loss: 0.08611291646957397
Rank:0 Epoch: [30/40], Step: [551/782], Loss: 0.055584441870450974
Rank:0 Epoch: [30/40], Step: [561/782], Loss: 0.16374471783638
Rank:0 Epoch: [30/40], Step: [571/782], Loss: 0.21738673746585846
Rank:0 Epoch: [30/40], Step: [581/782], Loss: 0.2475496530532837
Rank:0 Epoch: [30/40], Step: [591/782], Loss: 0.18792502582073212
Rank:0 Epoch: [30/40], Step: [601/782], Loss: 0.14605487883090973
Rank:0 Epoch: [30/40], Step: [611/782], Loss: 0.2420288324356079
Rank:0 Epoch: [30/40], Step: [621/782], Loss: 0.12693317234516144
Rank:0 Epoch: [30/40], Step: [631/782], Loss: 0.1305033415555954
Rank:0 Epoch: [30/40], Step: [641/782], Loss: 0.16919390857219696
Rank:0 Epoch: [30/40], Step: [651/782], Loss: 0.29203811287879944
Rank:0 Epoch: [30/40], Step: [661/782], Loss: 0.20321506261825562
Rank:0 Epoch: [30/40], Step: [671/782], Loss: 0.12314392626285553
Rank:0 Epoch: [30/40], Step: [681/782], Loss: 0.26420357823371887
Rank:0 Epoch: [30/40], Step: [691/782], Loss: 0.14226238429546356
Rank:0 Epoch: [30/40], Step: [701/782], Loss: 0.17493748664855957
Rank:0 Epoch: [30/40], Step: [711/782], Loss: 0.18968674540519714
Rank:0 Epoch: [30/40], Step: [721/782], Loss: 0.14108718931674957
Rank:0 Epoch: [30/40], Step: [731/782], Loss: 0.231740802526474
Rank:0 Epoch: [30/40], Step: [741/782], Loss: 0.21893535554409027
Rank:0 Epoch: [30/40], Step: [751/782], Loss: 0.1548701524734497
Rank:0 Epoch: [30/40], Step: [761/782], Loss: 0.1100374162197113
Rank:0 Epoch: [30/40], Step: [771/782], Loss: 0.06636188179254532
Rank:0 Epoch: [30/40], Step: [781/782], Loss: 0.2689312994480133
Current Test Acc: 0.9025
Rank:0 Epoch: [31/40], Step: [1/782], Loss: 0.31722840666770935
Rank:0 Epoch: [31/40], Step: [11/782], Loss: 0.16563884913921356
Rank:0 Epoch: [31/40], Step: [21/782], Loss: 0.07796132564544678
Rank:0 Epoch: [31/40], Step: [31/782], Loss: 0.11028028279542923
Rank:0 Epoch: [31/40], Step: [41/782], Loss: 0.06525658816099167
Rank:0 Epoch: [31/40], Step: [51/782], Loss: 0.19041797518730164
Rank:0 Epoch: [31/40], Step: [61/782], Loss: 0.19307613372802734
Rank:0 Epoch: [31/40], Step: [71/782], Loss: 0.10080862045288086
Rank:0 Epoch: [31/40], Step: [81/782], Loss: 0.12328340858221054
Rank:0 Epoch: [31/40], Step: [91/782], Loss: 0.21877960860729218
Rank:0 Epoch: [31/40], Step: [101/782], Loss: 0.2452050745487213
Rank:0 Epoch: [31/40], Step: [111/782], Loss: 0.17167094349861145
Rank:0 Epoch: [31/40], Step: [121/782], Loss: 0.13862448930740356
Rank:0 Epoch: [31/40], Step: [131/782], Loss: 0.1626245081424713
Rank:0 Epoch: [31/40], Step: [141/782], Loss: 0.18086972832679749
Rank:0 Epoch: [31/40], Step: [151/782], Loss: 0.11639630794525146
Rank:0 Epoch: [31/40], Step: [161/782], Loss: 0.11929283291101456
Rank:0 Epoch: [31/40], Step: [171/782], Loss: 0.13660813868045807
Rank:0 Epoch: [31/40], Step: [181/782], Loss: 0.1692272424697876
Rank:0 Epoch: [31/40], Step: [191/782], Loss: 0.15147796273231506
Rank:0 Epoch: [31/40], Step: [201/782], Loss: 0.10993579030036926
Rank:0 Epoch: [31/40], Step: [211/782], Loss: 0.05307716131210327
Rank:0 Epoch: [31/40], Step: [221/782], Loss: 0.06156110763549805
Rank:0 Epoch: [31/40], Step: [231/782], Loss: 0.1492760181427002
Rank:0 Epoch: [31/40], Step: [241/782], Loss: 0.13298872113227844
Rank:0 Epoch: [31/40], Step: [251/782], Loss: 0.0880703330039978
Rank:0 Epoch: [31/40], Step: [261/782], Loss: 0.16706708073616028
Rank:0 Epoch: [31/40], Step: [271/782], Loss: 0.16726136207580566
Rank:0 Epoch: [31/40], Step: [281/782], Loss: 0.24363921582698822
Rank:0 Epoch: [31/40], Step: [291/782], Loss: 0.14327372610569
Rank:0 Epoch: [31/40], Step: [301/782], Loss: 0.24669623374938965
Rank:0 Epoch: [31/40], Step: [311/782], Loss: 0.12767086923122406
Rank:0 Epoch: [31/40], Step: [321/782], Loss: 0.07630596309900284
Rank:0 Epoch: [31/40], Step: [331/782], Loss: 0.1250850409269333
Rank:0 Epoch: [31/40], Step: [341/782], Loss: 0.041099194437265396
Rank:0 Epoch: [31/40], Step: [351/782], Loss: 0.18682146072387695
Rank:0 Epoch: [31/40], Step: [361/782], Loss: 0.2701944410800934
Rank:0 Epoch: [31/40], Step: [371/782], Loss: 0.1999436914920807
Rank:0 Epoch: [31/40], Step: [381/782], Loss: 0.179280623793602
Rank:0 Epoch: [31/40], Step: [391/782], Loss: 0.09425882995128632
Rank:0 Epoch: [31/40], Step: [401/782], Loss: 0.18738874793052673
Rank:0 Epoch: [31/40], Step: [411/782], Loss: 0.2890037000179291
Rank:0 Epoch: [31/40], Step: [421/782], Loss: 0.12570692598819733
Rank:0 Epoch: [31/40], Step: [431/782], Loss: 0.09313938021659851
Rank:0 Epoch: [31/40], Step: [441/782], Loss: 0.17568859457969666
Rank:0 Epoch: [31/40], Step: [451/782], Loss: 0.17559398710727692
Rank:0 Epoch: [31/40], Step: [461/782], Loss: 0.1298222690820694
Rank:0 Epoch: [31/40], Step: [471/782], Loss: 0.2543581426143646
Rank:0 Epoch: [31/40], Step: [481/782], Loss: 0.09843838214874268
Rank:0 Epoch: [31/40], Step: [491/782], Loss: 0.08568413555622101
Rank:0 Epoch: [31/40], Step: [501/782], Loss: 0.18228831887245178
Rank:0 Epoch: [31/40], Step: [511/782], Loss: 0.12764909863471985
Rank:0 Epoch: [31/40], Step: [521/782], Loss: 0.19157308340072632
Rank:0 Epoch: [31/40], Step: [531/782], Loss: 0.06817737221717834
Rank:0 Epoch: [31/40], Step: [541/782], Loss: 0.0900723859667778
Rank:0 Epoch: [31/40], Step: [551/782], Loss: 0.04131932929158211
Rank:0 Epoch: [31/40], Step: [561/782], Loss: 0.14226661622524261
Rank:0 Epoch: [31/40], Step: [571/782], Loss: 0.11935828626155853
Rank:0 Epoch: [31/40], Step: [581/782], Loss: 0.09753185510635376
Rank:0 Epoch: [31/40], Step: [591/782], Loss: 0.2057875245809555
Rank:0 Epoch: [31/40], Step: [601/782], Loss: 0.09470599889755249
Rank:0 Epoch: [31/40], Step: [611/782], Loss: 0.23043999075889587
Rank:0 Epoch: [31/40], Step: [621/782], Loss: 0.18535375595092773
Rank:0 Epoch: [31/40], Step: [631/782], Loss: 0.1660282015800476
Rank:0 Epoch: [31/40], Step: [641/782], Loss: 0.28072383999824524
Rank:0 Epoch: [31/40], Step: [651/782], Loss: 0.1434856355190277
Rank:0 Epoch: [31/40], Step: [661/782], Loss: 0.11705563962459564
Rank:0 Epoch: [31/40], Step: [671/782], Loss: 0.1088600680232048
Rank:0 Epoch: [31/40], Step: [681/782], Loss: 0.09719040244817734
Rank:0 Epoch: [31/40], Step: [691/782], Loss: 0.14513148367404938
Rank:0 Epoch: [31/40], Step: [701/782], Loss: 0.13873082399368286
Rank:0 Epoch: [31/40], Step: [711/782], Loss: 0.09941129386425018
Rank:0 Epoch: [31/40], Step: [721/782], Loss: 0.12351535260677338
Rank:0 Epoch: [31/40], Step: [731/782], Loss: 0.21272476017475128
Rank:0 Epoch: [31/40], Step: [741/782], Loss: 0.10767742991447449
Rank:0 Epoch: [31/40], Step: [751/782], Loss: 0.15904326736927032
Rank:0 Epoch: [31/40], Step: [761/782], Loss: 0.1153702363371849
Rank:0 Epoch: [31/40], Step: [771/782], Loss: 0.22415071725845337
Rank:0 Epoch: [31/40], Step: [781/782], Loss: 0.0955917239189148
Current Test Acc: 0.9043
Rank:0 Epoch: [32/40], Step: [1/782], Loss: 0.07187146693468094
Rank:0 Epoch: [32/40], Step: [11/782], Loss: 0.10808385908603668
Rank:0 Epoch: [32/40], Step: [21/782], Loss: 0.22288629412651062
Rank:0 Epoch: [32/40], Step: [31/782], Loss: 0.14397983253002167
Rank:0 Epoch: [32/40], Step: [41/782], Loss: 0.2707422375679016
Rank:0 Epoch: [32/40], Step: [51/782], Loss: 0.127390518784523
Rank:0 Epoch: [32/40], Step: [61/782], Loss: 0.22863242030143738
Rank:0 Epoch: [32/40], Step: [71/782], Loss: 0.25238773226737976
Rank:0 Epoch: [32/40], Step: [81/782], Loss: 0.16853362321853638
Rank:0 Epoch: [32/40], Step: [91/782], Loss: 0.09678357094526291
Rank:0 Epoch: [32/40], Step: [101/782], Loss: 0.19107016921043396
Rank:0 Epoch: [32/40], Step: [111/782], Loss: 0.24751901626586914
Rank:0 Epoch: [32/40], Step: [121/782], Loss: 0.16655021905899048
Rank:0 Epoch: [32/40], Step: [131/782], Loss: 0.10540393739938736
Rank:0 Epoch: [32/40], Step: [141/782], Loss: 0.17030423879623413
Rank:0 Epoch: [32/40], Step: [151/782], Loss: 0.0817173570394516
Rank:0 Epoch: [32/40], Step: [161/782], Loss: 0.1262580007314682
Rank:0 Epoch: [32/40], Step: [171/782], Loss: 0.11510664969682693
Rank:0 Epoch: [32/40], Step: [181/782], Loss: 0.11122653633356094
Rank:0 Epoch: [32/40], Step: [191/782], Loss: 0.06431417912244797
Rank:0 Epoch: [32/40], Step: [201/782], Loss: 0.12831902503967285
Rank:0 Epoch: [32/40], Step: [211/782], Loss: 0.15928654372692108
Rank:0 Epoch: [32/40], Step: [221/782], Loss: 0.1942281424999237
Rank:0 Epoch: [32/40], Step: [231/782], Loss: 0.19769078493118286
Rank:0 Epoch: [32/40], Step: [241/782], Loss: 0.09722406417131424
Rank:0 Epoch: [32/40], Step: [251/782], Loss: 0.10502360761165619
Rank:0 Epoch: [32/40], Step: [261/782], Loss: 0.08067870140075684
Rank:0 Epoch: [32/40], Step: [271/782], Loss: 0.0666792169213295
Rank:0 Epoch: [32/40], Step: [281/782], Loss: 0.18088240921497345
Rank:0 Epoch: [32/40], Step: [291/782], Loss: 0.16650782525539398
Rank:0 Epoch: [32/40], Step: [301/782], Loss: 0.1994640976190567
Rank:0 Epoch: [32/40], Step: [311/782], Loss: 0.2130087912082672
Rank:0 Epoch: [32/40], Step: [321/782], Loss: 0.1306515783071518
Rank:0 Epoch: [32/40], Step: [331/782], Loss: 0.11887592822313309
Rank:0 Epoch: [32/40], Step: [341/782], Loss: 0.1214834526181221
Rank:0 Epoch: [32/40], Step: [351/782], Loss: 0.047761641442775726
Rank:0 Epoch: [32/40], Step: [361/782], Loss: 0.09466074407100677
Rank:0 Epoch: [32/40], Step: [371/782], Loss: 0.20726463198661804
Rank:0 Epoch: [32/40], Step: [381/782], Loss: 0.16666194796562195
Rank:0 Epoch: [32/40], Step: [391/782], Loss: 0.1686091274023056
Rank:0 Epoch: [32/40], Step: [401/782], Loss: 0.1263578236103058
Rank:0 Epoch: [32/40], Step: [411/782], Loss: 0.18335966765880585
Rank:0 Epoch: [32/40], Step: [421/782], Loss: 0.17133845388889313
Rank:0 Epoch: [32/40], Step: [431/782], Loss: 0.14228878915309906
Rank:0 Epoch: [32/40], Step: [441/782], Loss: 0.12229426950216293
Rank:0 Epoch: [32/40], Step: [451/782], Loss: 0.10051119327545166
Rank:0 Epoch: [32/40], Step: [461/782], Loss: 0.07434886693954468
Rank:0 Epoch: [32/40], Step: [471/782], Loss: 0.19273057579994202
Rank:0 Epoch: [32/40], Step: [481/782], Loss: 0.11762207001447678
Rank:0 Epoch: [32/40], Step: [491/782], Loss: 0.1184982880949974
Rank:0 Epoch: [32/40], Step: [501/782], Loss: 0.12977910041809082
Rank:0 Epoch: [32/40], Step: [511/782], Loss: 0.1205814778804779
Rank:0 Epoch: [32/40], Step: [521/782], Loss: 0.15844526886940002
Rank:0 Epoch: [32/40], Step: [531/782], Loss: 0.13046662509441376
Rank:0 Epoch: [32/40], Step: [541/782], Loss: 0.053809650242328644
Rank:0 Epoch: [32/40], Step: [551/782], Loss: 0.1028459295630455
Rank:0 Epoch: [32/40], Step: [561/782], Loss: 0.19361895322799683
Rank:0 Epoch: [32/40], Step: [571/782], Loss: 0.18811844289302826
Rank:0 Epoch: [32/40], Step: [581/782], Loss: 0.14452116191387177
Rank:0 Epoch: [32/40], Step: [591/782], Loss: 0.11278089135885239
Rank:0 Epoch: [32/40], Step: [601/782], Loss: 0.16879338026046753
Rank:0 Epoch: [32/40], Step: [611/782], Loss: 0.09719660878181458
Rank:0 Epoch: [32/40], Step: [621/782], Loss: 0.14851407706737518
Rank:0 Epoch: [32/40], Step: [631/782], Loss: 0.23640033602714539
Rank:0 Epoch: [32/40], Step: [641/782], Loss: 0.15191565454006195
Rank:0 Epoch: [32/40], Step: [651/782], Loss: 0.09750785678625107
Rank:0 Epoch: [32/40], Step: [661/782], Loss: 0.11222971230745316
Rank:0 Epoch: [32/40], Step: [671/782], Loss: 0.06878794729709625
Rank:0 Epoch: [32/40], Step: [681/782], Loss: 0.022767212241888046
Rank:0 Epoch: [32/40], Step: [691/782], Loss: 0.17330577969551086
Rank:0 Epoch: [32/40], Step: [701/782], Loss: 0.15939073264598846
Rank:0 Epoch: [32/40], Step: [711/782], Loss: 0.1657007485628128
Rank:0 Epoch: [32/40], Step: [721/782], Loss: 0.16824182868003845
Rank:0 Epoch: [32/40], Step: [731/782], Loss: 0.17825794219970703
Rank:0 Epoch: [32/40], Step: [741/782], Loss: 0.1253095269203186
Rank:0 Epoch: [32/40], Step: [751/782], Loss: 0.27749162912368774
Rank:0 Epoch: [32/40], Step: [761/782], Loss: 0.0978403240442276
Rank:0 Epoch: [32/40], Step: [771/782], Loss: 0.20335078239440918
Rank:0 Epoch: [32/40], Step: [781/782], Loss: 0.05907808616757393
Current Test Acc: 0.9046
Rank:0 Epoch: [33/40], Step: [1/782], Loss: 0.13523507118225098
Rank:0 Epoch: [33/40], Step: [11/782], Loss: 0.15419362485408783
Rank:0 Epoch: [33/40], Step: [21/782], Loss: 0.09563012421131134
Rank:0 Epoch: [33/40], Step: [31/782], Loss: 0.17398737370967865
Rank:0 Epoch: [33/40], Step: [41/782], Loss: 0.12405472248792648
Rank:0 Epoch: [33/40], Step: [51/782], Loss: 0.07580630481243134
Rank:0 Epoch: [33/40], Step: [61/782], Loss: 0.13531407713890076
Rank:0 Epoch: [33/40], Step: [71/782], Loss: 0.04839014634490013
Rank:0 Epoch: [33/40], Step: [81/782], Loss: 0.0762963593006134
Rank:0 Epoch: [33/40], Step: [91/782], Loss: 0.13758504390716553
Rank:0 Epoch: [33/40], Step: [101/782], Loss: 0.17313513159751892
Rank:0 Epoch: [33/40], Step: [111/782], Loss: 0.059446342289447784
Rank:0 Epoch: [33/40], Step: [121/782], Loss: 0.07844134420156479
Rank:0 Epoch: [33/40], Step: [131/782], Loss: 0.1306166797876358
Rank:0 Epoch: [33/40], Step: [141/782], Loss: 0.12442570179700851
Rank:0 Epoch: [33/40], Step: [151/782], Loss: 0.24247822165489197
Rank:0 Epoch: [33/40], Step: [161/782], Loss: 0.1621183305978775
Rank:0 Epoch: [33/40], Step: [171/782], Loss: 0.14826132357120514
Rank:0 Epoch: [33/40], Step: [181/782], Loss: 0.1364322006702423
Rank:0 Epoch: [33/40], Step: [191/782], Loss: 0.1233852431178093
Rank:0 Epoch: [33/40], Step: [201/782], Loss: 0.29487088322639465
Rank:0 Epoch: [33/40], Step: [211/782], Loss: 0.08597030490636826
Rank:0 Epoch: [33/40], Step: [221/782], Loss: 0.15982472896575928
Rank:0 Epoch: [33/40], Step: [231/782], Loss: 0.15605774521827698
Rank:0 Epoch: [33/40], Step: [241/782], Loss: 0.06901580095291138
Rank:0 Epoch: [33/40], Step: [251/782], Loss: 0.17873872816562653
Rank:0 Epoch: [33/40], Step: [261/782], Loss: 0.14913147687911987
Rank:0 Epoch: [33/40], Step: [271/782], Loss: 0.0419759675860405
Rank:0 Epoch: [33/40], Step: [281/782], Loss: 0.08622436970472336
Rank:0 Epoch: [33/40], Step: [291/782], Loss: 0.058435991406440735
Rank:0 Epoch: [33/40], Step: [301/782], Loss: 0.1526317447423935
Rank:0 Epoch: [33/40], Step: [311/782], Loss: 0.0375857912003994
Rank:0 Epoch: [33/40], Step: [321/782], Loss: 0.3535693883895874
Rank:0 Epoch: [33/40], Step: [331/782], Loss: 0.10736299306154251
Rank:0 Epoch: [33/40], Step: [341/782], Loss: 0.3132680356502533
Rank:0 Epoch: [33/40], Step: [351/782], Loss: 0.1809750199317932
Rank:0 Epoch: [33/40], Step: [361/782], Loss: 0.07974459230899811
Rank:0 Epoch: [33/40], Step: [371/782], Loss: 0.17398473620414734
Rank:0 Epoch: [33/40], Step: [381/782], Loss: 0.08450563997030258
Rank:0 Epoch: [33/40], Step: [391/782], Loss: 0.2536483108997345
Rank:0 Epoch: [33/40], Step: [401/782], Loss: 0.18134452402591705
Rank:0 Epoch: [33/40], Step: [411/782], Loss: 0.25327497720718384
Rank:0 Epoch: [33/40], Step: [421/782], Loss: 0.0743638426065445
Rank:0 Epoch: [33/40], Step: [431/782], Loss: 0.15087512135505676
Rank:0 Epoch: [33/40], Step: [441/782], Loss: 0.02432882785797119
Rank:0 Epoch: [33/40], Step: [451/782], Loss: 0.05314934626221657
Rank:0 Epoch: [33/40], Step: [461/782], Loss: 0.09939407557249069
Rank:0 Epoch: [33/40], Step: [471/782], Loss: 0.1941199153661728
Rank:0 Epoch: [33/40], Step: [481/782], Loss: 0.2125425636768341
Rank:0 Epoch: [33/40], Step: [491/782], Loss: 0.14026199281215668
Rank:0 Epoch: [33/40], Step: [501/782], Loss: 0.17996345460414886
Rank:0 Epoch: [33/40], Step: [511/782], Loss: 0.28454717993736267
Rank:0 Epoch: [33/40], Step: [521/782], Loss: 0.2943052351474762
Rank:0 Epoch: [33/40], Step: [531/782], Loss: 0.2210841029882431
Rank:0 Epoch: [33/40], Step: [541/782], Loss: 0.23267044126987457
Rank:0 Epoch: [33/40], Step: [551/782], Loss: 0.16258151829242706
Rank:0 Epoch: [33/40], Step: [561/782], Loss: 0.15912917256355286
Rank:0 Epoch: [33/40], Step: [571/782], Loss: 0.21168053150177002
Rank:0 Epoch: [33/40], Step: [581/782], Loss: 0.11525706946849823
Rank:0 Epoch: [33/40], Step: [591/782], Loss: 0.16368642449378967
Rank:0 Epoch: [33/40], Step: [601/782], Loss: 0.1940445750951767
Rank:0 Epoch: [33/40], Step: [611/782], Loss: 0.05388699844479561
Rank:0 Epoch: [33/40], Step: [621/782], Loss: 0.18265093863010406
Rank:0 Epoch: [33/40], Step: [631/782], Loss: 0.20509344339370728
Rank:0 Epoch: [33/40], Step: [641/782], Loss: 0.12665894627571106
Rank:0 Epoch: [33/40], Step: [651/782], Loss: 0.27353155612945557
Rank:0 Epoch: [33/40], Step: [661/782], Loss: 0.11556007713079453
Rank:0 Epoch: [33/40], Step: [671/782], Loss: 0.16584669053554535
Rank:0 Epoch: [33/40], Step: [681/782], Loss: 0.2561882734298706
Rank:0 Epoch: [33/40], Step: [691/782], Loss: 0.1485884040594101
Rank:0 Epoch: [33/40], Step: [701/782], Loss: 0.13573318719863892
Rank:0 Epoch: [33/40], Step: [711/782], Loss: 0.09680403769016266
Rank:0 Epoch: [33/40], Step: [721/782], Loss: 0.27072063088417053
Rank:0 Epoch: [33/40], Step: [731/782], Loss: 0.06455503404140472
Rank:0 Epoch: [33/40], Step: [741/782], Loss: 0.14197176694869995
Rank:0 Epoch: [33/40], Step: [751/782], Loss: 0.22831140458583832
Rank:0 Epoch: [33/40], Step: [761/782], Loss: 0.14337140321731567
Rank:0 Epoch: [33/40], Step: [771/782], Loss: 0.1263217180967331
Rank:0 Epoch: [33/40], Step: [781/782], Loss: 0.10850369930267334
Current Test Acc: 0.9063
Rank:0 Epoch: [34/40], Step: [1/782], Loss: 0.08088415116071701
Rank:0 Epoch: [34/40], Step: [11/782], Loss: 0.1673698127269745
Rank:0 Epoch: [34/40], Step: [21/782], Loss: 0.15444771945476532
Rank:0 Epoch: [34/40], Step: [31/782], Loss: 0.16815775632858276
Rank:0 Epoch: [34/40], Step: [41/782], Loss: 0.13970714807510376
Rank:0 Epoch: [34/40], Step: [51/782], Loss: 0.13659104704856873
Rank:0 Epoch: [34/40], Step: [61/782], Loss: 0.1187388002872467
Rank:0 Epoch: [34/40], Step: [71/782], Loss: 0.04084028676152229
Rank:0 Epoch: [34/40], Step: [81/782], Loss: 0.07283280789852142
Rank:0 Epoch: [34/40], Step: [91/782], Loss: 0.07655210793018341
Rank:0 Epoch: [34/40], Step: [101/782], Loss: 0.10635552555322647
Rank:0 Epoch: [34/40], Step: [111/782], Loss: 0.11915066838264465
Rank:0 Epoch: [34/40], Step: [121/782], Loss: 0.236485093832016
Rank:0 Epoch: [34/40], Step: [131/782], Loss: 0.19182799756526947
Rank:0 Epoch: [34/40], Step: [141/782], Loss: 0.17956359684467316
Rank:0 Epoch: [34/40], Step: [151/782], Loss: 0.07672055810689926
Rank:0 Epoch: [34/40], Step: [161/782], Loss: 0.1447591632604599
Rank:0 Epoch: [34/40], Step: [171/782], Loss: 0.1552291065454483
Rank:0 Epoch: [34/40], Step: [181/782], Loss: 0.1483900398015976
Rank:0 Epoch: [34/40], Step: [191/782], Loss: 0.06424488872289658
Rank:0 Epoch: [34/40], Step: [201/782], Loss: 0.22189493477344513
Rank:0 Epoch: [34/40], Step: [211/782], Loss: 0.15472984313964844
Rank:0 Epoch: [34/40], Step: [221/782], Loss: 0.21592190861701965
Rank:0 Epoch: [34/40], Step: [231/782], Loss: 0.07337170094251633
Rank:0 Epoch: [34/40], Step: [241/782], Loss: 0.03894665092229843
Rank:0 Epoch: [34/40], Step: [251/782], Loss: 0.18592578172683716
Rank:0 Epoch: [34/40], Step: [261/782], Loss: 0.16324959695339203
Rank:0 Epoch: [34/40], Step: [271/782], Loss: 0.19329588115215302
Rank:0 Epoch: [34/40], Step: [281/782], Loss: 0.12572792172431946
Rank:0 Epoch: [34/40], Step: [291/782], Loss: 0.15324991941452026
Rank:0 Epoch: [34/40], Step: [301/782], Loss: 0.12872391939163208
Rank:0 Epoch: [34/40], Step: [311/782], Loss: 0.1925915777683258
Rank:0 Epoch: [34/40], Step: [321/782], Loss: 0.15190574526786804
Rank:0 Epoch: [34/40], Step: [331/782], Loss: 0.3357788622379303
Rank:0 Epoch: [34/40], Step: [341/782], Loss: 0.10072426497936249
Rank:0 Epoch: [34/40], Step: [351/782], Loss: 0.05230019614100456
Rank:0 Epoch: [34/40], Step: [361/782], Loss: 0.04301105812191963
Rank:0 Epoch: [34/40], Step: [371/782], Loss: 0.144757479429245
Rank:0 Epoch: [34/40], Step: [381/782], Loss: 0.18131263554096222
Rank:0 Epoch: [34/40], Step: [391/782], Loss: 0.14830094575881958
Rank:0 Epoch: [34/40], Step: [401/782], Loss: 0.04991685599088669
Rank:0 Epoch: [34/40], Step: [411/782], Loss: 0.11436641216278076
Rank:0 Epoch: [34/40], Step: [421/782], Loss: 0.12304644286632538
Rank:0 Epoch: [34/40], Step: [431/782], Loss: 0.12011383473873138
Rank:0 Epoch: [34/40], Step: [441/782], Loss: 0.2121776044368744
Rank:0 Epoch: [34/40], Step: [451/782], Loss: 0.10916438698768616
Rank:0 Epoch: [34/40], Step: [461/782], Loss: 0.13626191020011902
Rank:0 Epoch: [34/40], Step: [471/782], Loss: 0.08754622936248779
Rank:0 Epoch: [34/40], Step: [481/782], Loss: 0.18217088282108307
Rank:0 Epoch: [34/40], Step: [491/782], Loss: 0.12208733707666397
Rank:0 Epoch: [34/40], Step: [501/782], Loss: 0.12779216468334198
Rank:0 Epoch: [34/40], Step: [511/782], Loss: 0.08421804755926132
Rank:0 Epoch: [34/40], Step: [521/782], Loss: 0.11279889196157455
Rank:0 Epoch: [34/40], Step: [531/782], Loss: 0.21608975529670715
Rank:0 Epoch: [34/40], Step: [541/782], Loss: 0.06306586414575577
Rank:0 Epoch: [34/40], Step: [551/782], Loss: 0.12296650558710098
Rank:0 Epoch: [34/40], Step: [561/782], Loss: 0.06960209459066391
Rank:0 Epoch: [34/40], Step: [571/782], Loss: 0.14925016462802887
Rank:0 Epoch: [34/40], Step: [581/782], Loss: 0.24939998984336853
Rank:0 Epoch: [34/40], Step: [591/782], Loss: 0.12220951914787292
Rank:0 Epoch: [34/40], Step: [601/782], Loss: 0.12016484141349792
Rank:0 Epoch: [34/40], Step: [611/782], Loss: 0.11328759789466858
Rank:0 Epoch: [34/40], Step: [621/782], Loss: 0.21060515940189362
Rank:0 Epoch: [34/40], Step: [631/782], Loss: 0.1546526849269867
Rank:0 Epoch: [34/40], Step: [641/782], Loss: 0.1454405039548874
Rank:0 Epoch: [34/40], Step: [651/782], Loss: 0.1521703153848648
Rank:0 Epoch: [34/40], Step: [661/782], Loss: 0.22137893736362457
Rank:0 Epoch: [34/40], Step: [671/782], Loss: 0.16070803999900818
Rank:0 Epoch: [34/40], Step: [681/782], Loss: 0.19146351516246796
Rank:0 Epoch: [34/40], Step: [691/782], Loss: 0.2345850020647049
Rank:0 Epoch: [34/40], Step: [701/782], Loss: 0.0833575427532196
Rank:0 Epoch: [34/40], Step: [711/782], Loss: 0.06363265216350555
Rank:0 Epoch: [34/40], Step: [721/782], Loss: 0.06900058686733246
Rank:0 Epoch: [34/40], Step: [731/782], Loss: 0.05565161630511284
Rank:0 Epoch: [34/40], Step: [741/782], Loss: 0.06484552472829819
Rank:0 Epoch: [34/40], Step: [751/782], Loss: 0.10842026770114899
Rank:0 Epoch: [34/40], Step: [761/782], Loss: 0.10175269097089767
Rank:0 Epoch: [34/40], Step: [771/782], Loss: 0.15092884004116058
Rank:0 Epoch: [34/40], Step: [781/782], Loss: 0.1652856469154358
Current Test Acc: 0.9056
Rank:0 Epoch: [35/40], Step: [1/782], Loss: 0.06011594459414482
Rank:0 Epoch: [35/40], Step: [11/782], Loss: 0.0878804475069046
Rank:0 Epoch: [35/40], Step: [21/782], Loss: 0.09519803524017334
Rank:0 Epoch: [35/40], Step: [31/782], Loss: 0.10278737545013428
Rank:0 Epoch: [35/40], Step: [41/782], Loss: 0.1406283974647522
Rank:0 Epoch: [35/40], Step: [51/782], Loss: 0.1577664315700531
Rank:0 Epoch: [35/40], Step: [61/782], Loss: 0.11347967386245728
Rank:0 Epoch: [35/40], Step: [71/782], Loss: 0.07942018657922745
Rank:0 Epoch: [35/40], Step: [81/782], Loss: 0.14476513862609863
Rank:0 Epoch: [35/40], Step: [91/782], Loss: 0.06471460312604904
Rank:0 Epoch: [35/40], Step: [101/782], Loss: 0.10923273116350174
Rank:0 Epoch: [35/40], Step: [111/782], Loss: 0.1541963666677475
Rank:0 Epoch: [35/40], Step: [121/782], Loss: 0.051038894802331924
Rank:0 Epoch: [35/40], Step: [131/782], Loss: 0.18878808617591858
Rank:0 Epoch: [35/40], Step: [141/782], Loss: 0.13454939424991608
Rank:0 Epoch: [35/40], Step: [151/782], Loss: 0.052021585404872894
Rank:0 Epoch: [35/40], Step: [161/782], Loss: 0.17794208228588104
Rank:0 Epoch: [35/40], Step: [171/782], Loss: 0.07673578709363937
Rank:0 Epoch: [35/40], Step: [181/782], Loss: 0.2490333914756775
Rank:0 Epoch: [35/40], Step: [191/782], Loss: 0.11831457167863846
Rank:0 Epoch: [35/40], Step: [201/782], Loss: 0.08363790065050125
Rank:0 Epoch: [35/40], Step: [211/782], Loss: 0.1270429641008377
Rank:0 Epoch: [35/40], Step: [221/782], Loss: 0.1546943485736847
Rank:0 Epoch: [35/40], Step: [231/782], Loss: 0.11934305727481842
Rank:0 Epoch: [35/40], Step: [241/782], Loss: 0.11252834647893906
Rank:0 Epoch: [35/40], Step: [251/782], Loss: 0.09087962657213211
Rank:0 Epoch: [35/40], Step: [261/782], Loss: 0.07571280002593994
Rank:0 Epoch: [35/40], Step: [271/782], Loss: 0.1902860403060913
Rank:0 Epoch: [35/40], Step: [281/782], Loss: 0.1783902645111084
Rank:0 Epoch: [35/40], Step: [291/782], Loss: 0.14304564893245697
Rank:0 Epoch: [35/40], Step: [301/782], Loss: 0.08786103874444962
Rank:0 Epoch: [35/40], Step: [311/782], Loss: 0.1490684449672699
Rank:0 Epoch: [35/40], Step: [321/782], Loss: 0.23612718284130096
Rank:0 Epoch: [35/40], Step: [331/782], Loss: 0.10139355808496475
Rank:0 Epoch: [35/40], Step: [341/782], Loss: 0.22504568099975586
Rank:0 Epoch: [35/40], Step: [351/782], Loss: 0.2816220223903656
Rank:0 Epoch: [35/40], Step: [361/782], Loss: 0.11006609350442886
Rank:0 Epoch: [35/40], Step: [371/782], Loss: 0.1229887530207634
Rank:0 Epoch: [35/40], Step: [381/782], Loss: 0.05728122591972351
Rank:0 Epoch: [35/40], Step: [391/782], Loss: 0.07527690380811691
Rank:0 Epoch: [35/40], Step: [401/782], Loss: 0.14971917867660522
Rank:0 Epoch: [35/40], Step: [411/782], Loss: 0.14153659343719482
Rank:0 Epoch: [35/40], Step: [421/782], Loss: 0.14633037149906158
Rank:0 Epoch: [35/40], Step: [431/782], Loss: 0.2210637629032135
Rank:0 Epoch: [35/40], Step: [441/782], Loss: 0.19212207198143005
Rank:0 Epoch: [35/40], Step: [451/782], Loss: 0.14065833389759064
Rank:0 Epoch: [35/40], Step: [461/782], Loss: 0.13053341209888458
Rank:0 Epoch: [35/40], Step: [471/782], Loss: 0.09058227390050888
Rank:0 Epoch: [35/40], Step: [481/782], Loss: 0.21531829237937927
Rank:0 Epoch: [35/40], Step: [491/782], Loss: 0.03618619590997696
Rank:0 Epoch: [35/40], Step: [501/782], Loss: 0.11674196273088455
Rank:0 Epoch: [35/40], Step: [511/782], Loss: 0.19192637503147125
Rank:0 Epoch: [35/40], Step: [521/782], Loss: 0.12189734727144241
Rank:0 Epoch: [35/40], Step: [531/782], Loss: 0.17558597028255463
Rank:0 Epoch: [35/40], Step: [541/782], Loss: 0.21229179203510284
Rank:0 Epoch: [35/40], Step: [551/782], Loss: 0.10148872435092926
Rank:0 Epoch: [35/40], Step: [561/782], Loss: 0.10404488444328308
Rank:0 Epoch: [35/40], Step: [571/782], Loss: 0.16390173137187958
Rank:0 Epoch: [35/40], Step: [581/782], Loss: 0.09985525906085968
Rank:0 Epoch: [35/40], Step: [591/782], Loss: 0.06046367809176445
Rank:0 Epoch: [35/40], Step: [601/782], Loss: 0.19455988705158234
Rank:0 Epoch: [35/40], Step: [611/782], Loss: 0.05336633697152138
Rank:0 Epoch: [35/40], Step: [621/782], Loss: 0.07861734926700592
Rank:0 Epoch: [35/40], Step: [631/782], Loss: 0.1594535857439041
Rank:0 Epoch: [35/40], Step: [641/782], Loss: 0.22819069027900696
Rank:0 Epoch: [35/40], Step: [651/782], Loss: 0.154621884226799
Rank:0 Epoch: [35/40], Step: [661/782], Loss: 0.18306994438171387
Rank:0 Epoch: [35/40], Step: [671/782], Loss: 0.08337587118148804
Rank:0 Epoch: [35/40], Step: [681/782], Loss: 0.20726437866687775
Rank:0 Epoch: [35/40], Step: [691/782], Loss: 0.16480234265327454
Rank:0 Epoch: [35/40], Step: [701/782], Loss: 0.041870806366205215
Rank:0 Epoch: [35/40], Step: [711/782], Loss: 0.22321760654449463
Rank:0 Epoch: [35/40], Step: [721/782], Loss: 0.07752039283514023
Rank:0 Epoch: [35/40], Step: [731/782], Loss: 0.15593872964382172
Rank:0 Epoch: [35/40], Step: [741/782], Loss: 0.15736617147922516
Rank:0 Epoch: [35/40], Step: [751/782], Loss: 0.16761164367198944
Rank:0 Epoch: [35/40], Step: [761/782], Loss: 0.144903302192688
Rank:0 Epoch: [35/40], Step: [771/782], Loss: 0.26151522994041443
Rank:0 Epoch: [35/40], Step: [781/782], Loss: 0.11461665481328964
Current Test Acc: 0.9056
Rank:0 Epoch: [36/40], Step: [1/782], Loss: 0.18705621361732483
Rank:0 Epoch: [36/40], Step: [11/782], Loss: 0.1138591542840004
Rank:0 Epoch: [36/40], Step: [21/782], Loss: 0.11189306527376175
Rank:0 Epoch: [36/40], Step: [31/782], Loss: 0.11647845059633255
Rank:0 Epoch: [36/40], Step: [41/782], Loss: 0.220460906624794
Rank:0 Epoch: [36/40], Step: [51/782], Loss: 0.061378415673971176
Rank:0 Epoch: [36/40], Step: [61/782], Loss: 0.19396157562732697
Rank:0 Epoch: [36/40], Step: [71/782], Loss: 0.13539054989814758
Rank:0 Epoch: [36/40], Step: [81/782], Loss: 0.2389506846666336
Rank:0 Epoch: [36/40], Step: [91/782], Loss: 0.20239776372909546
Rank:0 Epoch: [36/40], Step: [101/782], Loss: 0.10755304247140884
Rank:0 Epoch: [36/40], Step: [111/782], Loss: 0.1176072284579277
Rank:0 Epoch: [36/40], Step: [121/782], Loss: 0.27326449751853943
Rank:0 Epoch: [36/40], Step: [131/782], Loss: 0.10507415980100632
Rank:0 Epoch: [36/40], Step: [141/782], Loss: 0.26718011498451233
Rank:0 Epoch: [36/40], Step: [151/782], Loss: 0.11586258560419083
Rank:0 Epoch: [36/40], Step: [161/782], Loss: 0.0840350091457367
Rank:0 Epoch: [36/40], Step: [171/782], Loss: 0.14754711091518402
Rank:0 Epoch: [36/40], Step: [181/782], Loss: 0.2351483404636383
Rank:0 Epoch: [36/40], Step: [191/782], Loss: 0.08888769149780273
Rank:0 Epoch: [36/40], Step: [201/782], Loss: 0.09058115631341934
Rank:0 Epoch: [36/40], Step: [211/782], Loss: 0.16712212562561035
Rank:0 Epoch: [36/40], Step: [221/782], Loss: 0.2072431892156601
Rank:0 Epoch: [36/40], Step: [231/782], Loss: 0.0805269181728363
Rank:0 Epoch: [36/40], Step: [241/782], Loss: 0.0651189386844635
Rank:0 Epoch: [36/40], Step: [251/782], Loss: 0.2049364447593689
Rank:0 Epoch: [36/40], Step: [261/782], Loss: 0.07330618053674698
Rank:0 Epoch: [36/40], Step: [271/782], Loss: 0.11279600113630295
Rank:0 Epoch: [36/40], Step: [281/782], Loss: 0.15182921290397644
Rank:0 Epoch: [36/40], Step: [291/782], Loss: 0.14750173687934875
Rank:0 Epoch: [36/40], Step: [301/782], Loss: 0.19057713449001312
Rank:0 Epoch: [36/40], Step: [311/782], Loss: 0.039680253714323044
Rank:0 Epoch: [36/40], Step: [321/782], Loss: 0.1103365570306778
Rank:0 Epoch: [36/40], Step: [331/782], Loss: 0.15129008889198303
Rank:0 Epoch: [36/40], Step: [341/782], Loss: 0.119404137134552
Rank:0 Epoch: [36/40], Step: [351/782], Loss: 0.092763252556324
Rank:0 Epoch: [36/40], Step: [361/782], Loss: 0.14675505459308624
Rank:0 Epoch: [36/40], Step: [371/782], Loss: 0.042126648128032684
Rank:0 Epoch: [36/40], Step: [381/782], Loss: 0.10380598157644272
Rank:0 Epoch: [36/40], Step: [391/782], Loss: 0.1841093897819519
Rank:0 Epoch: [36/40], Step: [401/782], Loss: 0.09894250333309174
Rank:0 Epoch: [36/40], Step: [411/782], Loss: 0.0651419386267662
Rank:0 Epoch: [36/40], Step: [421/782], Loss: 0.11809315532445908
Rank:0 Epoch: [36/40], Step: [431/782], Loss: 0.1702846735715866
Rank:0 Epoch: [36/40], Step: [441/782], Loss: 0.15662361681461334
Rank:0 Epoch: [36/40], Step: [451/782], Loss: 0.2676776051521301
Rank:0 Epoch: [36/40], Step: [461/782], Loss: 0.06566295772790909
Rank:0 Epoch: [36/40], Step: [471/782], Loss: 0.07836263626813889
Rank:0 Epoch: [36/40], Step: [481/782], Loss: 0.14864332973957062
Rank:0 Epoch: [36/40], Step: [491/782], Loss: 0.09377696365118027
Rank:0 Epoch: [36/40], Step: [501/782], Loss: 0.11806321144104004
Rank:0 Epoch: [36/40], Step: [511/782], Loss: 0.23645047843456268
Rank:0 Epoch: [36/40], Step: [521/782], Loss: 0.13964709639549255
Rank:0 Epoch: [36/40], Step: [531/782], Loss: 0.12939327955245972
Rank:0 Epoch: [36/40], Step: [541/782], Loss: 0.11623557657003403
Rank:0 Epoch: [36/40], Step: [551/782], Loss: 0.16652455925941467
Rank:0 Epoch: [36/40], Step: [561/782], Loss: 0.18640214204788208
Rank:0 Epoch: [36/40], Step: [571/782], Loss: 0.15609267354011536
Rank:0 Epoch: [36/40], Step: [581/782], Loss: 0.24835874140262604
Rank:0 Epoch: [36/40], Step: [591/782], Loss: 0.1776876151561737
Rank:0 Epoch: [36/40], Step: [601/782], Loss: 0.06148878484964371
Rank:0 Epoch: [36/40], Step: [611/782], Loss: 0.17054711282253265
Rank:0 Epoch: [36/40], Step: [621/782], Loss: 0.12514345347881317
Rank:0 Epoch: [36/40], Step: [631/782], Loss: 0.054787527769804
Rank:0 Epoch: [36/40], Step: [641/782], Loss: 0.11194458603858948
Rank:0 Epoch: [36/40], Step: [651/782], Loss: 0.23443090915679932
Rank:0 Epoch: [36/40], Step: [661/782], Loss: 0.18857531249523163
Rank:0 Epoch: [36/40], Step: [671/782], Loss: 0.1602647453546524
Rank:0 Epoch: [36/40], Step: [681/782], Loss: 0.07808240503072739
Rank:0 Epoch: [36/40], Step: [691/782], Loss: 0.14530308544635773
Rank:0 Epoch: [36/40], Step: [701/782], Loss: 0.03259660303592682
Rank:0 Epoch: [36/40], Step: [711/782], Loss: 0.3253946304321289
Rank:0 Epoch: [36/40], Step: [721/782], Loss: 0.08980326354503632
Rank:0 Epoch: [36/40], Step: [731/782], Loss: 0.04223427549004555
Rank:0 Epoch: [36/40], Step: [741/782], Loss: 0.1331821084022522
Rank:0 Epoch: [36/40], Step: [751/782], Loss: 0.36000803112983704
Rank:0 Epoch: [36/40], Step: [761/782], Loss: 0.18829737603664398
Rank:0 Epoch: [36/40], Step: [771/782], Loss: 0.2081308513879776
Rank:0 Epoch: [36/40], Step: [781/782], Loss: 0.08487705886363983
Current Test Acc: 0.9044
Rank:0 Epoch: [37/40], Step: [1/782], Loss: 0.03441846743226051
Rank:0 Epoch: [37/40], Step: [11/782], Loss: 0.16701136529445648
Rank:0 Epoch: [37/40], Step: [21/782], Loss: 0.06580237299203873
Rank:0 Epoch: [37/40], Step: [31/782], Loss: 0.11182466894388199
Rank:0 Epoch: [37/40], Step: [41/782], Loss: 0.13887247443199158
Rank:0 Epoch: [37/40], Step: [51/782], Loss: 0.2773594260215759
Rank:0 Epoch: [37/40], Step: [61/782], Loss: 0.20745711028575897
Rank:0 Epoch: [37/40], Step: [71/782], Loss: 0.15911071002483368
Rank:0 Epoch: [37/40], Step: [81/782], Loss: 0.11105188727378845
Rank:0 Epoch: [37/40], Step: [91/782], Loss: 0.05085805803537369
Rank:0 Epoch: [37/40], Step: [101/782], Loss: 0.11631493270397186
Rank:0 Epoch: [37/40], Step: [111/782], Loss: 0.14971958100795746
Rank:0 Epoch: [37/40], Step: [121/782], Loss: 0.11365025490522385
Rank:0 Epoch: [37/40], Step: [131/782], Loss: 0.13746778666973114
Rank:0 Epoch: [37/40], Step: [141/782], Loss: 0.16585375368595123
Rank:0 Epoch: [37/40], Step: [151/782], Loss: 0.10126280784606934
Rank:0 Epoch: [37/40], Step: [161/782], Loss: 0.17108893394470215
Rank:0 Epoch: [37/40], Step: [171/782], Loss: 0.1360490620136261
Rank:0 Epoch: [37/40], Step: [181/782], Loss: 0.11405869573354721
Rank:0 Epoch: [37/40], Step: [191/782], Loss: 0.20072297751903534
Rank:0 Epoch: [37/40], Step: [201/782], Loss: 0.12961064279079437
Rank:0 Epoch: [37/40], Step: [211/782], Loss: 0.1634594053030014
Rank:0 Epoch: [37/40], Step: [221/782], Loss: 0.087496817111969
Rank:0 Epoch: [37/40], Step: [231/782], Loss: 0.09305421262979507
Rank:0 Epoch: [37/40], Step: [241/782], Loss: 0.1276402473449707
Rank:0 Epoch: [37/40], Step: [251/782], Loss: 0.1546166092157364
Rank:0 Epoch: [37/40], Step: [261/782], Loss: 0.12852069735527039
Rank:0 Epoch: [37/40], Step: [271/782], Loss: 0.09377148747444153
Rank:0 Epoch: [37/40], Step: [281/782], Loss: 0.06874308735132217
Rank:0 Epoch: [37/40], Step: [291/782], Loss: 0.20222394168376923
Rank:0 Epoch: [37/40], Step: [301/782], Loss: 0.0885574072599411
Rank:0 Epoch: [37/40], Step: [311/782], Loss: 0.23222780227661133
Rank:0 Epoch: [37/40], Step: [321/782], Loss: 0.196489617228508
Rank:0 Epoch: [37/40], Step: [331/782], Loss: 0.1723465472459793
Rank:0 Epoch: [37/40], Step: [341/782], Loss: 0.09956598281860352
Rank:0 Epoch: [37/40], Step: [351/782], Loss: 0.11760125309228897
Rank:0 Epoch: [37/40], Step: [361/782], Loss: 0.08195361495018005
Rank:0 Epoch: [37/40], Step: [371/782], Loss: 0.10761860013008118
Rank:0 Epoch: [37/40], Step: [381/782], Loss: 0.12797603011131287
Rank:0 Epoch: [37/40], Step: [391/782], Loss: 0.2690178453922272
Rank:0 Epoch: [37/40], Step: [401/782], Loss: 0.11467529088258743
Rank:0 Epoch: [37/40], Step: [411/782], Loss: 0.09941253811120987
Rank:0 Epoch: [37/40], Step: [421/782], Loss: 0.1613234430551529
Rank:0 Epoch: [37/40], Step: [431/782], Loss: 0.03141050040721893
Rank:0 Epoch: [37/40], Step: [441/782], Loss: 0.13785432279109955
Rank:0 Epoch: [37/40], Step: [451/782], Loss: 0.09115762263536453
Rank:0 Epoch: [37/40], Step: [461/782], Loss: 0.06041864678263664
Rank:0 Epoch: [37/40], Step: [471/782], Loss: 0.12157188355922699
Rank:0 Epoch: [37/40], Step: [481/782], Loss: 0.30747246742248535
Rank:0 Epoch: [37/40], Step: [491/782], Loss: 0.1264844387769699
Rank:0 Epoch: [37/40], Step: [501/782], Loss: 0.031455717980861664
Rank:0 Epoch: [37/40], Step: [511/782], Loss: 0.16328267753124237
Rank:0 Epoch: [37/40], Step: [521/782], Loss: 0.14039567112922668
Rank:0 Epoch: [37/40], Step: [531/782], Loss: 0.1282828003168106
Rank:0 Epoch: [37/40], Step: [541/782], Loss: 0.17652402818202972
Rank:0 Epoch: [37/40], Step: [551/782], Loss: 0.2247595489025116
Rank:0 Epoch: [37/40], Step: [561/782], Loss: 0.11915544420480728
Rank:0 Epoch: [37/40], Step: [571/782], Loss: 0.15214727818965912
Rank:0 Epoch: [37/40], Step: [581/782], Loss: 0.244501993060112
Rank:0 Epoch: [37/40], Step: [591/782], Loss: 0.15370750427246094
Rank:0 Epoch: [37/40], Step: [601/782], Loss: 0.21404370665550232
Rank:0 Epoch: [37/40], Step: [611/782], Loss: 0.1622197926044464
Rank:0 Epoch: [37/40], Step: [621/782], Loss: 0.21937809884548187
Rank:0 Epoch: [37/40], Step: [631/782], Loss: 0.18421487510204315
Rank:0 Epoch: [37/40], Step: [641/782], Loss: 0.07763296365737915
Rank:0 Epoch: [37/40], Step: [651/782], Loss: 0.17235229909420013
Rank:0 Epoch: [37/40], Step: [661/782], Loss: 0.12483673542737961
Rank:0 Epoch: [37/40], Step: [671/782], Loss: 0.11952085793018341
Rank:0 Epoch: [37/40], Step: [681/782], Loss: 0.14373652637004852
Rank:0 Epoch: [37/40], Step: [691/782], Loss: 0.0944959744811058
Rank:0 Epoch: [37/40], Step: [701/782], Loss: 0.14489130675792694
Rank:0 Epoch: [37/40], Step: [711/782], Loss: 0.16139844059944153
Rank:0 Epoch: [37/40], Step: [721/782], Loss: 0.06013072654604912
Rank:0 Epoch: [37/40], Step: [731/782], Loss: 0.20385105907917023
Rank:0 Epoch: [37/40], Step: [741/782], Loss: 0.06988231837749481
Rank:0 Epoch: [37/40], Step: [751/782], Loss: 0.04090382158756256
Rank:0 Epoch: [37/40], Step: [761/782], Loss: 0.05834880843758583
Rank:0 Epoch: [37/40], Step: [771/782], Loss: 0.15365830063819885
Rank:0 Epoch: [37/40], Step: [781/782], Loss: 0.07236146926879883
Current Test Acc: 0.9071
Rank:0 Epoch: [38/40], Step: [1/782], Loss: 0.18424709141254425
Rank:0 Epoch: [38/40], Step: [11/782], Loss: 0.12535688281059265
Rank:0 Epoch: [38/40], Step: [21/782], Loss: 0.15010599792003632
Rank:0 Epoch: [38/40], Step: [31/782], Loss: 0.1375691294670105
Rank:0 Epoch: [38/40], Step: [41/782], Loss: 0.07346651703119278
Rank:0 Epoch: [38/40], Step: [51/782], Loss: 0.13061976432800293
Rank:0 Epoch: [38/40], Step: [61/782], Loss: 0.03813106194138527
Rank:0 Epoch: [38/40], Step: [71/782], Loss: 0.07359474897384644
Rank:0 Epoch: [38/40], Step: [81/782], Loss: 0.2815466821193695
Rank:0 Epoch: [38/40], Step: [91/782], Loss: 0.21567891538143158
Rank:0 Epoch: [38/40], Step: [101/782], Loss: 0.11105246096849442
Rank:0 Epoch: [38/40], Step: [111/782], Loss: 0.2196480631828308
Rank:0 Epoch: [38/40], Step: [121/782], Loss: 0.09967508167028427
Rank:0 Epoch: [38/40], Step: [131/782], Loss: 0.13260623812675476
Rank:0 Epoch: [38/40], Step: [141/782], Loss: 0.11053384095430374
Rank:0 Epoch: [38/40], Step: [151/782], Loss: 0.08373935520648956
Rank:0 Epoch: [38/40], Step: [161/782], Loss: 0.08692929148674011
Rank:0 Epoch: [38/40], Step: [171/782], Loss: 0.21131417155265808
Rank:0 Epoch: [38/40], Step: [181/782], Loss: 0.17246121168136597
Rank:0 Epoch: [38/40], Step: [191/782], Loss: 0.1851709485054016
Rank:0 Epoch: [38/40], Step: [201/782], Loss: 0.15006175637245178
Rank:0 Epoch: [38/40], Step: [211/782], Loss: 0.13920550048351288
Rank:0 Epoch: [38/40], Step: [221/782], Loss: 0.1327475905418396
Rank:0 Epoch: [38/40], Step: [231/782], Loss: 0.16064363718032837
Rank:0 Epoch: [38/40], Step: [241/782], Loss: 0.14544880390167236
Rank:0 Epoch: [38/40], Step: [251/782], Loss: 0.023848963901400566
Rank:0 Epoch: [38/40], Step: [261/782], Loss: 0.14818643033504486
Rank:0 Epoch: [38/40], Step: [271/782], Loss: 0.18681420385837555
Rank:0 Epoch: [38/40], Step: [281/782], Loss: 0.13607142865657806
Rank:0 Epoch: [38/40], Step: [291/782], Loss: 0.12282929569482803
Rank:0 Epoch: [38/40], Step: [301/782], Loss: 0.23920509219169617
Rank:0 Epoch: [38/40], Step: [311/782], Loss: 0.16944947838783264
Rank:0 Epoch: [38/40], Step: [321/782], Loss: 0.12036816775798798
Rank:0 Epoch: [38/40], Step: [331/782], Loss: 0.11010941118001938
Rank:0 Epoch: [38/40], Step: [341/782], Loss: 0.14412884414196014
Rank:0 Epoch: [38/40], Step: [351/782], Loss: 0.040228646248579025
Rank:0 Epoch: [38/40], Step: [361/782], Loss: 0.181797593832016
Rank:0 Epoch: [38/40], Step: [371/782], Loss: 0.1466248780488968
Rank:0 Epoch: [38/40], Step: [381/782], Loss: 0.02967914007604122
Rank:0 Epoch: [38/40], Step: [391/782], Loss: 0.21594305336475372
Rank:0 Epoch: [38/40], Step: [401/782], Loss: 0.0688902959227562
Rank:0 Epoch: [38/40], Step: [411/782], Loss: 0.13441936671733856
Rank:0 Epoch: [38/40], Step: [421/782], Loss: 0.11508326232433319
Rank:0 Epoch: [38/40], Step: [431/782], Loss: 0.16177530586719513
Rank:0 Epoch: [38/40], Step: [441/782], Loss: 0.3648644685745239
Rank:0 Epoch: [38/40], Step: [451/782], Loss: 0.1759517788887024
Rank:0 Epoch: [38/40], Step: [461/782], Loss: 0.05726248025894165
Rank:0 Epoch: [38/40], Step: [471/782], Loss: 0.04069800302386284
Rank:0 Epoch: [38/40], Step: [481/782], Loss: 0.2458801120519638
Rank:0 Epoch: [38/40], Step: [491/782], Loss: 0.11029045283794403
Rank:0 Epoch: [38/40], Step: [501/782], Loss: 0.14584790170192719
Rank:0 Epoch: [38/40], Step: [511/782], Loss: 0.22144277393817902
Rank:0 Epoch: [38/40], Step: [521/782], Loss: 0.12350468337535858
Rank:0 Epoch: [38/40], Step: [531/782], Loss: 0.11188353598117828
Rank:0 Epoch: [38/40], Step: [541/782], Loss: 0.16756370663642883
Rank:0 Epoch: [38/40], Step: [551/782], Loss: 0.11435273289680481
Rank:0 Epoch: [38/40], Step: [561/782], Loss: 0.07512243092060089
Rank:0 Epoch: [38/40], Step: [571/782], Loss: 0.1259125918149948
Rank:0 Epoch: [38/40], Step: [581/782], Loss: 0.04567600041627884
Rank:0 Epoch: [38/40], Step: [591/782], Loss: 0.05602097138762474
Rank:0 Epoch: [38/40], Step: [601/782], Loss: 0.1314193457365036
Rank:0 Epoch: [38/40], Step: [611/782], Loss: 0.1103939488530159
Rank:0 Epoch: [38/40], Step: [621/782], Loss: 0.18918094038963318
Rank:0 Epoch: [38/40], Step: [631/782], Loss: 0.21505095064640045
Rank:0 Epoch: [38/40], Step: [641/782], Loss: 0.13073746860027313
Rank:0 Epoch: [38/40], Step: [651/782], Loss: 0.0825987383723259
Rank:0 Epoch: [38/40], Step: [661/782], Loss: 0.1581745445728302
Rank:0 Epoch: [38/40], Step: [671/782], Loss: 0.06663507223129272
Rank:0 Epoch: [38/40], Step: [681/782], Loss: 0.10856986790895462
Rank:0 Epoch: [38/40], Step: [691/782], Loss: 0.13789485394954681
Rank:0 Epoch: [38/40], Step: [701/782], Loss: 0.1354023814201355
Rank:0 Epoch: [38/40], Step: [711/782], Loss: 0.07485124468803406
Rank:0 Epoch: [38/40], Step: [721/782], Loss: 0.11697161197662354
Rank:0 Epoch: [38/40], Step: [731/782], Loss: 0.11552519351243973
Rank:0 Epoch: [38/40], Step: [741/782], Loss: 0.07098398357629776
Rank:0 Epoch: [38/40], Step: [751/782], Loss: 0.12361536920070648
Rank:0 Epoch: [38/40], Step: [761/782], Loss: 0.08076351881027222
Rank:0 Epoch: [38/40], Step: [771/782], Loss: 0.20870670676231384
Rank:0 Epoch: [38/40], Step: [781/782], Loss: 0.17812097072601318
Current Test Acc: 0.9072
Rank:0 Epoch: [39/40], Step: [1/782], Loss: 0.08908684551715851
Rank:0 Epoch: [39/40], Step: [11/782], Loss: 0.12252282351255417
Rank:0 Epoch: [39/40], Step: [21/782], Loss: 0.10223737359046936
Rank:0 Epoch: [39/40], Step: [31/782], Loss: 0.18243463337421417
Rank:0 Epoch: [39/40], Step: [41/782], Loss: 0.12151564657688141
Rank:0 Epoch: [39/40], Step: [51/782], Loss: 0.07607749849557877
Rank:0 Epoch: [39/40], Step: [61/782], Loss: 0.14980751276016235
Rank:0 Epoch: [39/40], Step: [71/782], Loss: 0.14884090423583984
Rank:0 Epoch: [39/40], Step: [81/782], Loss: 0.37252864241600037
Rank:0 Epoch: [39/40], Step: [91/782], Loss: 0.08178271353244781
Rank:0 Epoch: [39/40], Step: [101/782], Loss: 0.1611175537109375
Rank:0 Epoch: [39/40], Step: [111/782], Loss: 0.15685217082500458
Rank:0 Epoch: [39/40], Step: [121/782], Loss: 0.030732866376638412
Rank:0 Epoch: [39/40], Step: [131/782], Loss: 0.16569173336029053
Rank:0 Epoch: [39/40], Step: [141/782], Loss: 0.21030676364898682
Rank:0 Epoch: [39/40], Step: [151/782], Loss: 0.18987226486206055
Rank:0 Epoch: [39/40], Step: [161/782], Loss: 0.19702111184597015
Rank:0 Epoch: [39/40], Step: [171/782], Loss: 0.20785434544086456
Rank:0 Epoch: [39/40], Step: [181/782], Loss: 0.09468980133533478
Rank:0 Epoch: [39/40], Step: [191/782], Loss: 0.11926348507404327
Rank:0 Epoch: [39/40], Step: [201/782], Loss: 0.13242454826831818
Rank:0 Epoch: [39/40], Step: [211/782], Loss: 0.12902817130088806
Rank:0 Epoch: [39/40], Step: [221/782], Loss: 0.12989094853401184
Rank:0 Epoch: [39/40], Step: [231/782], Loss: 0.0886106938123703
Rank:0 Epoch: [39/40], Step: [241/782], Loss: 0.037719376385211945
Rank:0 Epoch: [39/40], Step: [251/782], Loss: 0.13618558645248413
Rank:0 Epoch: [39/40], Step: [261/782], Loss: 0.2620178163051605
Rank:0 Epoch: [39/40], Step: [271/782], Loss: 0.11735545098781586
Rank:0 Epoch: [39/40], Step: [281/782], Loss: 0.09123527258634567
Rank:0 Epoch: [39/40], Step: [291/782], Loss: 0.13262607157230377
Rank:0 Epoch: [39/40], Step: [301/782], Loss: 0.27838632464408875
Rank:0 Epoch: [39/40], Step: [311/782], Loss: 0.1294618844985962
Rank:0 Epoch: [39/40], Step: [321/782], Loss: 0.2222897857427597
Rank:0 Epoch: [39/40], Step: [331/782], Loss: 0.25457051396369934
Rank:0 Epoch: [39/40], Step: [341/782], Loss: 0.0932321548461914
Rank:0 Epoch: [39/40], Step: [351/782], Loss: 0.13630400598049164
Rank:0 Epoch: [39/40], Step: [361/782], Loss: 0.051395758986473083
Rank:0 Epoch: [39/40], Step: [371/782], Loss: 0.05458175390958786
Rank:0 Epoch: [39/40], Step: [381/782], Loss: 0.1463346779346466
Rank:0 Epoch: [39/40], Step: [391/782], Loss: 0.27192890644073486
Rank:0 Epoch: [39/40], Step: [401/782], Loss: 0.10159625113010406
Rank:0 Epoch: [39/40], Step: [411/782], Loss: 0.20827724039554596
Rank:0 Epoch: [39/40], Step: [421/782], Loss: 0.12554320693016052
Rank:0 Epoch: [39/40], Step: [431/782], Loss: 0.07318802922964096
Rank:0 Epoch: [39/40], Step: [441/782], Loss: 0.2797538936138153
Rank:0 Epoch: [39/40], Step: [451/782], Loss: 0.1576690375804901
Rank:0 Epoch: [39/40], Step: [461/782], Loss: 0.15879179537296295
Rank:0 Epoch: [39/40], Step: [471/782], Loss: 0.22727423906326294
Rank:0 Epoch: [39/40], Step: [481/782], Loss: 0.27561378479003906
Rank:0 Epoch: [39/40], Step: [491/782], Loss: 0.1474054455757141
Rank:0 Epoch: [39/40], Step: [501/782], Loss: 0.14054907858371735
Rank:0 Epoch: [39/40], Step: [511/782], Loss: 0.04114091768860817
Rank:0 Epoch: [39/40], Step: [521/782], Loss: 0.23009781539440155
Rank:0 Epoch: [39/40], Step: [531/782], Loss: 0.13117170333862305
Rank:0 Epoch: [39/40], Step: [541/782], Loss: 0.18708489835262299
Rank:0 Epoch: [39/40], Step: [551/782], Loss: 0.17185001075267792
Rank:0 Epoch: [39/40], Step: [561/782], Loss: 0.1732465773820877
Rank:0 Epoch: [39/40], Step: [571/782], Loss: 0.10009266436100006
Rank:0 Epoch: [39/40], Step: [581/782], Loss: 0.10903344303369522
Rank:0 Epoch: [39/40], Step: [591/782], Loss: 0.17312632501125336
Rank:0 Epoch: [39/40], Step: [601/782], Loss: 0.25219205021858215
Rank:0 Epoch: [39/40], Step: [611/782], Loss: 0.0812675729393959
Rank:0 Epoch: [39/40], Step: [621/782], Loss: 0.06833706796169281
Rank:0 Epoch: [39/40], Step: [631/782], Loss: 0.12985533475875854
Rank:0 Epoch: [39/40], Step: [641/782], Loss: 0.06141999363899231
Rank:0 Epoch: [39/40], Step: [651/782], Loss: 0.10448777675628662
Rank:0 Epoch: [39/40], Step: [661/782], Loss: 0.26060232520103455
Rank:0 Epoch: [39/40], Step: [671/782], Loss: 0.10118858516216278
Rank:0 Epoch: [39/40], Step: [681/782], Loss: 0.13462598621845245
Rank:0 Epoch: [39/40], Step: [691/782], Loss: 0.1700163632631302
Rank:0 Epoch: [39/40], Step: [701/782], Loss: 0.13291575014591217
Rank:0 Epoch: [39/40], Step: [711/782], Loss: 0.19723881781101227
Rank:0 Epoch: [39/40], Step: [721/782], Loss: 0.10537394881248474
Rank:0 Epoch: [39/40], Step: [731/782], Loss: 0.04360000789165497
Rank:0 Epoch: [39/40], Step: [741/782], Loss: 0.14998191595077515
Rank:0 Epoch: [39/40], Step: [751/782], Loss: 0.13707762956619263
Rank:0 Epoch: [39/40], Step: [761/782], Loss: 0.1400473713874817
Rank:0 Epoch: [39/40], Step: [771/782], Loss: 0.18963110446929932
Rank:0 Epoch: [39/40], Step: [781/782], Loss: 0.08122113347053528
Current Test Acc: 0.9067
Rank:0 Epoch: [40/40], Step: [1/782], Loss: 0.12876127660274506
Rank:0 Epoch: [40/40], Step: [11/782], Loss: 0.1442214846611023
Rank:0 Epoch: [40/40], Step: [21/782], Loss: 0.11976514756679535
Rank:0 Epoch: [40/40], Step: [31/782], Loss: 0.20077548921108246
Rank:0 Epoch: [40/40], Step: [41/782], Loss: 0.1367565244436264
Rank:0 Epoch: [40/40], Step: [51/782], Loss: 0.19063006341457367
Rank:0 Epoch: [40/40], Step: [61/782], Loss: 0.14756357669830322
Rank:0 Epoch: [40/40], Step: [71/782], Loss: 0.06811170279979706
Rank:0 Epoch: [40/40], Step: [81/782], Loss: 0.17267604172229767
Rank:0 Epoch: [40/40], Step: [91/782], Loss: 0.09796082228422165
Rank:0 Epoch: [40/40], Step: [101/782], Loss: 0.14952771365642548
Rank:0 Epoch: [40/40], Step: [111/782], Loss: 0.1486545354127884
Rank:0 Epoch: [40/40], Step: [121/782], Loss: 0.11255793273448944
Rank:0 Epoch: [40/40], Step: [131/782], Loss: 0.10429844260215759
Rank:0 Epoch: [40/40], Step: [141/782], Loss: 0.1366758644580841
Rank:0 Epoch: [40/40], Step: [151/782], Loss: 0.11281253397464752
Rank:0 Epoch: [40/40], Step: [161/782], Loss: 0.050124384462833405
Rank:0 Epoch: [40/40], Step: [171/782], Loss: 0.11819054186344147
Rank:0 Epoch: [40/40], Step: [181/782], Loss: 0.06488463282585144
Rank:0 Epoch: [40/40], Step: [191/782], Loss: 0.1917731910943985
Rank:0 Epoch: [40/40], Step: [201/782], Loss: 0.06124390661716461
Rank:0 Epoch: [40/40], Step: [211/782], Loss: 0.1142587661743164
Rank:0 Epoch: [40/40], Step: [221/782], Loss: 0.06787104904651642
Rank:0 Epoch: [40/40], Step: [231/782], Loss: 0.24171757698059082
Rank:0 Epoch: [40/40], Step: [241/782], Loss: 0.16645638644695282
Rank:0 Epoch: [40/40], Step: [251/782], Loss: 0.08562146872282028
Rank:0 Epoch: [40/40], Step: [261/782], Loss: 0.12537111341953278
Rank:0 Epoch: [40/40], Step: [271/782], Loss: 0.1278553009033203
Rank:0 Epoch: [40/40], Step: [281/782], Loss: 0.31630322337150574
Rank:0 Epoch: [40/40], Step: [291/782], Loss: 0.08173434436321259
Rank:0 Epoch: [40/40], Step: [301/782], Loss: 0.08415757864713669
Rank:0 Epoch: [40/40], Step: [311/782], Loss: 0.20255307853221893
Rank:0 Epoch: [40/40], Step: [321/782], Loss: 0.21214944124221802
Rank:0 Epoch: [40/40], Step: [331/782], Loss: 0.11791332066059113
Rank:0 Epoch: [40/40], Step: [341/782], Loss: 0.06497189402580261
Rank:0 Epoch: [40/40], Step: [351/782], Loss: 0.14841148257255554
Rank:0 Epoch: [40/40], Step: [361/782], Loss: 0.16814416646957397
Rank:0 Epoch: [40/40], Step: [371/782], Loss: 0.10374493151903152
Rank:0 Epoch: [40/40], Step: [381/782], Loss: 0.1291530728340149
Rank:0 Epoch: [40/40], Step: [391/782], Loss: 0.2212672382593155
Rank:0 Epoch: [40/40], Step: [401/782], Loss: 0.1596301943063736
Rank:0 Epoch: [40/40], Step: [411/782], Loss: 0.1209758073091507
Rank:0 Epoch: [40/40], Step: [421/782], Loss: 0.04582881182432175
Rank:0 Epoch: [40/40], Step: [431/782], Loss: 0.07743746042251587
Rank:0 Epoch: [40/40], Step: [441/782], Loss: 0.14376504719257355
Rank:0 Epoch: [40/40], Step: [451/782], Loss: 0.22006313502788544
Rank:0 Epoch: [40/40], Step: [461/782], Loss: 0.28329649567604065
Rank:0 Epoch: [40/40], Step: [471/782], Loss: 0.22419597208499908
Rank:0 Epoch: [40/40], Step: [481/782], Loss: 0.07398532330989838
Rank:0 Epoch: [40/40], Step: [491/782], Loss: 0.20494459569454193
Rank:0 Epoch: [40/40], Step: [501/782], Loss: 0.14301438629627228
Rank:0 Epoch: [40/40], Step: [511/782], Loss: 0.1589938998222351
Rank:0 Epoch: [40/40], Step: [521/782], Loss: 0.22285158932209015
Rank:0 Epoch: [40/40], Step: [531/782], Loss: 0.11254134774208069
Rank:0 Epoch: [40/40], Step: [541/782], Loss: 0.1755625158548355
Rank:0 Epoch: [40/40], Step: [551/782], Loss: 0.1762249767780304
Rank:0 Epoch: [40/40], Step: [561/782], Loss: 0.16100548207759857
Rank:0 Epoch: [40/40], Step: [571/782], Loss: 0.14782015979290009
Rank:0 Epoch: [40/40], Step: [581/782], Loss: 0.3284156024456024
Rank:0 Epoch: [40/40], Step: [591/782], Loss: 0.12736083567142487
Rank:0 Epoch: [40/40], Step: [601/782], Loss: 0.16279679536819458
Rank:0 Epoch: [40/40], Step: [611/782], Loss: 0.1894126981496811
Rank:0 Epoch: [40/40], Step: [621/782], Loss: 0.09120818972587585
Rank:0 Epoch: [40/40], Step: [631/782], Loss: 0.15161579847335815
Rank:0 Epoch: [40/40], Step: [641/782], Loss: 0.1633327305316925
Rank:0 Epoch: [40/40], Step: [651/782], Loss: 0.04684453457593918
Rank:0 Epoch: [40/40], Step: [661/782], Loss: 0.07857311517000198
Rank:0 Epoch: [40/40], Step: [671/782], Loss: 0.09614451229572296
Rank:0 Epoch: [40/40], Step: [681/782], Loss: 0.08310454338788986
Rank:0 Epoch: [40/40], Step: [691/782], Loss: 0.10919654369354248
Rank:0 Epoch: [40/40], Step: [701/782], Loss: 0.17110306024551392
Rank:0 Epoch: [40/40], Step: [711/782], Loss: 0.1378660798072815
Rank:0 Epoch: [40/40], Step: [721/782], Loss: 0.15422607958316803
Rank:0 Epoch: [40/40], Step: [731/782], Loss: 0.10420466959476471
Rank:0 Epoch: [40/40], Step: [741/782], Loss: 0.13927847146987915
Rank:0 Epoch: [40/40], Step: [751/782], Loss: 0.20088505744934082
Rank:0 Epoch: [40/40], Step: [761/782], Loss: 0.16752174496650696
Rank:0 Epoch: [40/40], Step: [771/782], Loss: 0.058193787932395935
Rank:0 Epoch: [40/40], Step: [781/782], Loss: 0.058421216905117035
Current Test Acc: 0.9058
Local best accuracy so far 0.9072
Best accuracy so far 0.9072
completed!
