ddp backend: nccl, world size: 1
rank 0 train on cuda 0
Rank:0 Epoch: [1/40], Step: [1/782], Loss: 2.229689121246338
Rank:0 Epoch: [1/40], Step: [11/782], Loss: 1.9091523885726929
Rank:0 Epoch: [1/40], Step: [21/782], Loss: 1.56719970703125
Rank:0 Epoch: [1/40], Step: [31/782], Loss: 1.387281060218811
Rank:0 Epoch: [1/40], Step: [41/782], Loss: 1.1290475130081177
Rank:0 Epoch: [1/40], Step: [51/782], Loss: 1.1622146368026733
Rank:0 Epoch: [1/40], Step: [61/782], Loss: 1.0981372594833374
Rank:0 Epoch: [1/40], Step: [71/782], Loss: 1.6767767667770386
Rank:0 Epoch: [1/40], Step: [81/782], Loss: 1.3945509195327759
Rank:0 Epoch: [1/40], Step: [91/782], Loss: 1.4430052042007446
Rank:0 Epoch: [1/40], Step: [101/782], Loss: 1.096775770187378
Rank:0 Epoch: [1/40], Step: [111/782], Loss: 1.3305201530456543
Rank:0 Epoch: [1/40], Step: [121/782], Loss: 0.9721963405609131
Rank:0 Epoch: [1/40], Step: [131/782], Loss: 1.2460585832595825
Rank:0 Epoch: [1/40], Step: [141/782], Loss: 1.2770322561264038
Rank:0 Epoch: [1/40], Step: [151/782], Loss: 1.0817368030548096
Rank:0 Epoch: [1/40], Step: [161/782], Loss: 1.2028247117996216
Rank:0 Epoch: [1/40], Step: [171/782], Loss: 1.292118787765503
Rank:0 Epoch: [1/40], Step: [181/782], Loss: 1.2036231756210327
Rank:0 Epoch: [1/40], Step: [191/782], Loss: 1.116550087928772
Rank:0 Epoch: [1/40], Step: [201/782], Loss: 1.4588626623153687
Rank:0 Epoch: [1/40], Step: [211/782], Loss: 1.2540881633758545
Rank:0 Epoch: [1/40], Step: [221/782], Loss: 1.0001473426818848
Rank:0 Epoch: [1/40], Step: [231/782], Loss: 1.3103139400482178
Rank:0 Epoch: [1/40], Step: [241/782], Loss: 1.1227149963378906
Rank:0 Epoch: [1/40], Step: [251/782], Loss: 1.2821329832077026
Rank:0 Epoch: [1/40], Step: [261/782], Loss: 0.9236623048782349
Rank:0 Epoch: [1/40], Step: [271/782], Loss: 1.309330940246582
Rank:0 Epoch: [1/40], Step: [281/782], Loss: 1.0761082172393799
Rank:0 Epoch: [1/40], Step: [291/782], Loss: 0.9502446055412292
Rank:0 Epoch: [1/40], Step: [301/782], Loss: 1.137838363647461
Rank:0 Epoch: [1/40], Step: [311/782], Loss: 1.2977720499038696
Rank:0 Epoch: [1/40], Step: [321/782], Loss: 0.9319055676460266
Rank:0 Epoch: [1/40], Step: [331/782], Loss: 0.9511585831642151
Rank:0 Epoch: [1/40], Step: [341/782], Loss: 0.9080911874771118
Rank:0 Epoch: [1/40], Step: [351/782], Loss: 1.0053571462631226
Rank:0 Epoch: [1/40], Step: [361/782], Loss: 0.979062557220459
Rank:0 Epoch: [1/40], Step: [371/782], Loss: 1.0921450853347778
Rank:0 Epoch: [1/40], Step: [381/782], Loss: 1.1889522075653076
Rank:0 Epoch: [1/40], Step: [391/782], Loss: 0.8379714488983154
Rank:0 Epoch: [1/40], Step: [401/782], Loss: 0.9376840591430664
Rank:0 Epoch: [1/40], Step: [411/782], Loss: 1.0032200813293457
Rank:0 Epoch: [1/40], Step: [421/782], Loss: 1.4230077266693115
Rank:0 Epoch: [1/40], Step: [431/782], Loss: 0.9755547046661377
Rank:0 Epoch: [1/40], Step: [441/782], Loss: 0.8503711819648743
Rank:0 Epoch: [1/40], Step: [451/782], Loss: 1.1014357805252075
Rank:0 Epoch: [1/40], Step: [461/782], Loss: 1.4043105840682983
Rank:0 Epoch: [1/40], Step: [471/782], Loss: 1.0697298049926758
Rank:0 Epoch: [1/40], Step: [481/782], Loss: 1.0895557403564453
Rank:0 Epoch: [1/40], Step: [491/782], Loss: 0.9230021238327026
Rank:0 Epoch: [1/40], Step: [501/782], Loss: 0.9521865248680115
Rank:0 Epoch: [1/40], Step: [511/782], Loss: 0.7470889091491699
Rank:0 Epoch: [1/40], Step: [521/782], Loss: 0.894698441028595
Rank:0 Epoch: [1/40], Step: [531/782], Loss: 0.8509329557418823
Rank:0 Epoch: [1/40], Step: [541/782], Loss: 0.8555903434753418
Rank:0 Epoch: [1/40], Step: [551/782], Loss: 1.0743762254714966
Rank:0 Epoch: [1/40], Step: [561/782], Loss: 0.9722675681114197
Rank:0 Epoch: [1/40], Step: [571/782], Loss: 0.8749511241912842
Rank:0 Epoch: [1/40], Step: [581/782], Loss: 1.398248314857483
Rank:0 Epoch: [1/40], Step: [591/782], Loss: 1.002127766609192
Rank:0 Epoch: [1/40], Step: [601/782], Loss: 1.0145355463027954
Rank:0 Epoch: [1/40], Step: [611/782], Loss: 1.168494462966919
Rank:0 Epoch: [1/40], Step: [621/782], Loss: 0.9639021754264832
Rank:0 Epoch: [1/40], Step: [631/782], Loss: 1.1043295860290527
Rank:0 Epoch: [1/40], Step: [641/782], Loss: 1.0178618431091309
Rank:0 Epoch: [1/40], Step: [651/782], Loss: 1.117555856704712
Rank:0 Epoch: [1/40], Step: [661/782], Loss: 0.9176986813545227
Rank:0 Epoch: [1/40], Step: [671/782], Loss: 0.9315708875656128
Rank:0 Epoch: [1/40], Step: [681/782], Loss: 0.8829541802406311
Rank:0 Epoch: [1/40], Step: [691/782], Loss: 1.131186604499817
Rank:0 Epoch: [1/40], Step: [701/782], Loss: 1.2888919115066528
Rank:0 Epoch: [1/40], Step: [711/782], Loss: 0.9181316494941711
Rank:0 Epoch: [1/40], Step: [721/782], Loss: 0.8181816935539246
Rank:0 Epoch: [1/40], Step: [731/782], Loss: 0.8079999089241028
Rank:0 Epoch: [1/40], Step: [741/782], Loss: 0.959419310092926
Rank:0 Epoch: [1/40], Step: [751/782], Loss: 1.4178004264831543
Rank:0 Epoch: [1/40], Step: [761/782], Loss: 1.3825217485427856
Rank:0 Epoch: [1/40], Step: [771/782], Loss: 1.226622223854065
Rank:0 Epoch: [1/40], Step: [781/782], Loss: 0.8981564044952393
Current Test Acc: 0.705
Rank:0 Epoch: [2/40], Step: [1/782], Loss: 0.961440920829773
Rank:0 Epoch: [2/40], Step: [11/782], Loss: 0.9135047793388367
Rank:0 Epoch: [2/40], Step: [21/782], Loss: 0.6276465654373169
Rank:0 Epoch: [2/40], Step: [31/782], Loss: 0.764297366142273
Rank:0 Epoch: [2/40], Step: [41/782], Loss: 0.7074929475784302
Rank:0 Epoch: [2/40], Step: [51/782], Loss: 0.7118708491325378
Rank:0 Epoch: [2/40], Step: [61/782], Loss: 0.7542680501937866
Rank:0 Epoch: [2/40], Step: [71/782], Loss: 1.0291866064071655
Rank:0 Epoch: [2/40], Step: [81/782], Loss: 0.7778280377388
Rank:0 Epoch: [2/40], Step: [91/782], Loss: 0.9701046347618103
Rank:0 Epoch: [2/40], Step: [101/782], Loss: 0.6662009358406067
Rank:0 Epoch: [2/40], Step: [111/782], Loss: 0.7535438537597656
Rank:0 Epoch: [2/40], Step: [121/782], Loss: 0.6217362284660339
Rank:0 Epoch: [2/40], Step: [131/782], Loss: 0.8394688963890076
Rank:0 Epoch: [2/40], Step: [141/782], Loss: 0.6927299499511719
Rank:0 Epoch: [2/40], Step: [151/782], Loss: 0.92972332239151
Rank:0 Epoch: [2/40], Step: [161/782], Loss: 0.8724427819252014
Rank:0 Epoch: [2/40], Step: [171/782], Loss: 0.921433687210083
Rank:0 Epoch: [2/40], Step: [181/782], Loss: 0.9726369380950928
Rank:0 Epoch: [2/40], Step: [191/782], Loss: 0.9192507863044739
Rank:0 Epoch: [2/40], Step: [201/782], Loss: 1.0008842945098877
Rank:0 Epoch: [2/40], Step: [211/782], Loss: 0.8229659795761108
Rank:0 Epoch: [2/40], Step: [221/782], Loss: 0.7666839361190796
Rank:0 Epoch: [2/40], Step: [231/782], Loss: 0.9022010564804077
Rank:0 Epoch: [2/40], Step: [241/782], Loss: 0.7398422956466675
Rank:0 Epoch: [2/40], Step: [251/782], Loss: 0.8333058953285217
Rank:0 Epoch: [2/40], Step: [261/782], Loss: 0.9177015423774719
Rank:0 Epoch: [2/40], Step: [271/782], Loss: 0.8018498420715332
Rank:0 Epoch: [2/40], Step: [281/782], Loss: 1.1054178476333618
Rank:0 Epoch: [2/40], Step: [291/782], Loss: 0.9054770469665527
Rank:0 Epoch: [2/40], Step: [301/782], Loss: 0.8205229640007019
Rank:0 Epoch: [2/40], Step: [311/782], Loss: 1.146639347076416
Rank:0 Epoch: [2/40], Step: [321/782], Loss: 0.9599923491477966
Rank:0 Epoch: [2/40], Step: [331/782], Loss: 0.9046827554702759
Rank:0 Epoch: [2/40], Step: [341/782], Loss: 0.9563237428665161
Rank:0 Epoch: [2/40], Step: [351/782], Loss: 0.7211745977401733
Rank:0 Epoch: [2/40], Step: [361/782], Loss: 0.8608753085136414
Rank:0 Epoch: [2/40], Step: [371/782], Loss: 0.7318212389945984
Rank:0 Epoch: [2/40], Step: [381/782], Loss: 1.3070074319839478
Rank:0 Epoch: [2/40], Step: [391/782], Loss: 0.9179442524909973
Rank:0 Epoch: [2/40], Step: [401/782], Loss: 1.1786527633666992
Rank:0 Epoch: [2/40], Step: [411/782], Loss: 0.8385605216026306
Rank:0 Epoch: [2/40], Step: [421/782], Loss: 0.8077910542488098
Rank:0 Epoch: [2/40], Step: [431/782], Loss: 0.9738513827323914
Rank:0 Epoch: [2/40], Step: [441/782], Loss: 0.7238961458206177
Rank:0 Epoch: [2/40], Step: [451/782], Loss: 0.7657610774040222
Rank:0 Epoch: [2/40], Step: [461/782], Loss: 0.8859831690788269
Rank:0 Epoch: [2/40], Step: [471/782], Loss: 0.8428338766098022
Rank:0 Epoch: [2/40], Step: [481/782], Loss: 0.7469912171363831
Rank:0 Epoch: [2/40], Step: [491/782], Loss: 0.7953822612762451
Rank:0 Epoch: [2/40], Step: [501/782], Loss: 0.8340398073196411
Rank:0 Epoch: [2/40], Step: [511/782], Loss: 1.037825584411621
Rank:0 Epoch: [2/40], Step: [521/782], Loss: 0.4905787706375122
Rank:0 Epoch: [2/40], Step: [531/782], Loss: 0.725170373916626
Rank:0 Epoch: [2/40], Step: [541/782], Loss: 0.8010942339897156
Rank:0 Epoch: [2/40], Step: [551/782], Loss: 0.7575266361236572
Rank:0 Epoch: [2/40], Step: [561/782], Loss: 0.9337632060050964
Rank:0 Epoch: [2/40], Step: [571/782], Loss: 0.6484339237213135
Rank:0 Epoch: [2/40], Step: [581/782], Loss: 1.0086160898208618
Rank:0 Epoch: [2/40], Step: [591/782], Loss: 1.0171682834625244
Rank:0 Epoch: [2/40], Step: [601/782], Loss: 0.8867197036743164
Rank:0 Epoch: [2/40], Step: [611/782], Loss: 0.6355487108230591
Rank:0 Epoch: [2/40], Step: [621/782], Loss: 0.6302403211593628
Rank:0 Epoch: [2/40], Step: [631/782], Loss: 1.0629194974899292
Rank:0 Epoch: [2/40], Step: [641/782], Loss: 0.9451444149017334
Rank:0 Epoch: [2/40], Step: [651/782], Loss: 1.0692354440689087
Rank:0 Epoch: [2/40], Step: [661/782], Loss: 0.7059462666511536
Rank:0 Epoch: [2/40], Step: [671/782], Loss: 1.0518476963043213
Rank:0 Epoch: [2/40], Step: [681/782], Loss: 0.7062796950340271
Rank:0 Epoch: [2/40], Step: [691/782], Loss: 0.6189990639686584
Rank:0 Epoch: [2/40], Step: [701/782], Loss: 0.6609604954719543
Rank:0 Epoch: [2/40], Step: [711/782], Loss: 0.754421591758728
Rank:0 Epoch: [2/40], Step: [721/782], Loss: 0.8383284211158752
Rank:0 Epoch: [2/40], Step: [731/782], Loss: 0.5520515441894531
Rank:0 Epoch: [2/40], Step: [741/782], Loss: 0.9486699104309082
Rank:0 Epoch: [2/40], Step: [751/782], Loss: 0.49499160051345825
Rank:0 Epoch: [2/40], Step: [761/782], Loss: 0.9268607497215271
Rank:0 Epoch: [2/40], Step: [771/782], Loss: 0.6131213903427124
Rank:0 Epoch: [2/40], Step: [781/782], Loss: 0.6696431040763855
Current Test Acc: 0.7938
Rank:0 Epoch: [3/40], Step: [1/782], Loss: 0.9084998369216919
Rank:0 Epoch: [3/40], Step: [11/782], Loss: 0.7991774082183838
Rank:0 Epoch: [3/40], Step: [21/782], Loss: 0.8252514004707336
Rank:0 Epoch: [3/40], Step: [31/782], Loss: 0.621112585067749
Rank:0 Epoch: [3/40], Step: [41/782], Loss: 0.660050630569458
Rank:0 Epoch: [3/40], Step: [51/782], Loss: 0.646414577960968
Rank:0 Epoch: [3/40], Step: [61/782], Loss: 0.8001260757446289
Rank:0 Epoch: [3/40], Step: [71/782], Loss: 0.708892822265625
Rank:0 Epoch: [3/40], Step: [81/782], Loss: 1.0912953615188599
Rank:0 Epoch: [3/40], Step: [91/782], Loss: 1.0452290773391724
Rank:0 Epoch: [3/40], Step: [101/782], Loss: 0.7913867831230164
Rank:0 Epoch: [3/40], Step: [111/782], Loss: 0.8199229836463928
Rank:0 Epoch: [3/40], Step: [121/782], Loss: 0.8481640219688416
Rank:0 Epoch: [3/40], Step: [131/782], Loss: 0.4795478582382202
Rank:0 Epoch: [3/40], Step: [141/782], Loss: 0.6744125485420227
Rank:0 Epoch: [3/40], Step: [151/782], Loss: 0.6652728915214539
Rank:0 Epoch: [3/40], Step: [161/782], Loss: 1.0951457023620605
Rank:0 Epoch: [3/40], Step: [171/782], Loss: 0.8194683790206909
Rank:0 Epoch: [3/40], Step: [181/782], Loss: 0.6353716254234314
Rank:0 Epoch: [3/40], Step: [191/782], Loss: 0.7042574286460876
Rank:0 Epoch: [3/40], Step: [201/782], Loss: 0.6238406896591187
Rank:0 Epoch: [3/40], Step: [211/782], Loss: 0.5246827006340027
Rank:0 Epoch: [3/40], Step: [221/782], Loss: 0.8692032098770142
Rank:0 Epoch: [3/40], Step: [231/782], Loss: 1.0814685821533203
Rank:0 Epoch: [3/40], Step: [241/782], Loss: 0.9379891753196716
Rank:0 Epoch: [3/40], Step: [251/782], Loss: 0.5965797901153564
Rank:0 Epoch: [3/40], Step: [261/782], Loss: 0.724479079246521
Rank:0 Epoch: [3/40], Step: [271/782], Loss: 0.9346777200698853
Rank:0 Epoch: [3/40], Step: [281/782], Loss: 0.6432846784591675
Rank:0 Epoch: [3/40], Step: [291/782], Loss: 0.8190745711326599
Rank:0 Epoch: [3/40], Step: [301/782], Loss: 0.8270258903503418
Rank:0 Epoch: [3/40], Step: [311/782], Loss: 1.0221545696258545
Rank:0 Epoch: [3/40], Step: [321/782], Loss: 0.885535717010498
Rank:0 Epoch: [3/40], Step: [331/782], Loss: 1.1734931468963623
Rank:0 Epoch: [3/40], Step: [341/782], Loss: 0.861099123954773
Rank:0 Epoch: [3/40], Step: [351/782], Loss: 0.5501410365104675
Rank:0 Epoch: [3/40], Step: [361/782], Loss: 1.0260777473449707
Rank:0 Epoch: [3/40], Step: [371/782], Loss: 0.8438512086868286
Rank:0 Epoch: [3/40], Step: [381/782], Loss: 0.634171724319458
Rank:0 Epoch: [3/40], Step: [391/782], Loss: 0.5539665222167969
Rank:0 Epoch: [3/40], Step: [401/782], Loss: 0.8956865072250366
Rank:0 Epoch: [3/40], Step: [411/782], Loss: 0.7835226655006409
Rank:0 Epoch: [3/40], Step: [421/782], Loss: 1.110175609588623
Rank:0 Epoch: [3/40], Step: [431/782], Loss: 0.6952300667762756
Rank:0 Epoch: [3/40], Step: [441/782], Loss: 0.7046760320663452
Rank:0 Epoch: [3/40], Step: [451/782], Loss: 0.5794497132301331
Rank:0 Epoch: [3/40], Step: [461/782], Loss: 0.5412931442260742
Rank:0 Epoch: [3/40], Step: [471/782], Loss: 0.5290594100952148
Rank:0 Epoch: [3/40], Step: [481/782], Loss: 1.3637157678604126
Rank:0 Epoch: [3/40], Step: [491/782], Loss: 1.0233970880508423
Rank:0 Epoch: [3/40], Step: [501/782], Loss: 0.7147867679595947
Rank:0 Epoch: [3/40], Step: [511/782], Loss: 0.8085049390792847
Rank:0 Epoch: [3/40], Step: [521/782], Loss: 0.9244606494903564
Rank:0 Epoch: [3/40], Step: [531/782], Loss: 0.6572540998458862
Rank:0 Epoch: [3/40], Step: [541/782], Loss: 1.9265681505203247
Rank:0 Epoch: [3/40], Step: [551/782], Loss: 0.4762769043445587
Rank:0 Epoch: [3/40], Step: [561/782], Loss: 0.8008564710617065
Rank:0 Epoch: [3/40], Step: [571/782], Loss: 1.0192703008651733
Rank:0 Epoch: [3/40], Step: [581/782], Loss: 0.7959324717521667
Rank:0 Epoch: [3/40], Step: [591/782], Loss: 0.6393640041351318
Rank:0 Epoch: [3/40], Step: [601/782], Loss: 0.766732931137085
Rank:0 Epoch: [3/40], Step: [611/782], Loss: 0.6334130764007568
Rank:0 Epoch: [3/40], Step: [621/782], Loss: 0.6954812407493591
Rank:0 Epoch: [3/40], Step: [631/782], Loss: 0.8610047101974487
Rank:0 Epoch: [3/40], Step: [641/782], Loss: 0.569907009601593
Rank:0 Epoch: [3/40], Step: [651/782], Loss: 0.6610313653945923
Rank:0 Epoch: [3/40], Step: [661/782], Loss: 0.7161213755607605
Rank:0 Epoch: [3/40], Step: [671/782], Loss: 0.7428572177886963
Rank:0 Epoch: [3/40], Step: [681/782], Loss: 0.6032505631446838
Rank:0 Epoch: [3/40], Step: [691/782], Loss: 1.14398193359375
Rank:0 Epoch: [3/40], Step: [701/782], Loss: 0.773500919342041
Rank:0 Epoch: [3/40], Step: [711/782], Loss: 0.8782414793968201
Rank:0 Epoch: [3/40], Step: [721/782], Loss: 0.707248866558075
Rank:0 Epoch: [3/40], Step: [731/782], Loss: 0.7775410413742065
Rank:0 Epoch: [3/40], Step: [741/782], Loss: 0.7056988477706909
Rank:0 Epoch: [3/40], Step: [751/782], Loss: 0.7963811755180359
Rank:0 Epoch: [3/40], Step: [761/782], Loss: 0.9153754711151123
Rank:0 Epoch: [3/40], Step: [771/782], Loss: 0.9264031052589417
Rank:0 Epoch: [3/40], Step: [781/782], Loss: 0.7087088227272034
Current Test Acc: 0.7809
Rank:0 Epoch: [4/40], Step: [1/782], Loss: 0.6736379265785217
Rank:0 Epoch: [4/40], Step: [11/782], Loss: 0.7142488360404968
Rank:0 Epoch: [4/40], Step: [21/782], Loss: 0.6513886451721191
Rank:0 Epoch: [4/40], Step: [31/782], Loss: 0.5533105134963989
Rank:0 Epoch: [4/40], Step: [41/782], Loss: 0.5308910608291626
Rank:0 Epoch: [4/40], Step: [51/782], Loss: 0.6477229595184326
Rank:0 Epoch: [4/40], Step: [61/782], Loss: 0.49636149406433105
Rank:0 Epoch: [4/40], Step: [71/782], Loss: 0.6298558115959167
Rank:0 Epoch: [4/40], Step: [81/782], Loss: 0.6297110319137573
Rank:0 Epoch: [4/40], Step: [91/782], Loss: 0.6411008238792419
Rank:0 Epoch: [4/40], Step: [101/782], Loss: 0.7813876867294312
Rank:0 Epoch: [4/40], Step: [111/782], Loss: 0.9133135676383972
Rank:0 Epoch: [4/40], Step: [121/782], Loss: 0.9001490473747253
Rank:0 Epoch: [4/40], Step: [131/782], Loss: 0.9074558019638062
Rank:0 Epoch: [4/40], Step: [141/782], Loss: 0.6021360158920288
Rank:0 Epoch: [4/40], Step: [151/782], Loss: 1.481999158859253
Rank:0 Epoch: [4/40], Step: [161/782], Loss: 0.9748146533966064
Rank:0 Epoch: [4/40], Step: [171/782], Loss: 0.8345580697059631
Rank:0 Epoch: [4/40], Step: [181/782], Loss: 0.6525524854660034
Rank:0 Epoch: [4/40], Step: [191/782], Loss: 0.6471944451332092
Rank:0 Epoch: [4/40], Step: [201/782], Loss: 0.6910839676856995
Rank:0 Epoch: [4/40], Step: [211/782], Loss: 0.6897393465042114
Rank:0 Epoch: [4/40], Step: [221/782], Loss: 1.011227011680603
Rank:0 Epoch: [4/40], Step: [231/782], Loss: 0.7189753651618958
Rank:0 Epoch: [4/40], Step: [241/782], Loss: 0.4923052191734314
Rank:0 Epoch: [4/40], Step: [251/782], Loss: 0.645744800567627
Rank:0 Epoch: [4/40], Step: [261/782], Loss: 0.7931952476501465
Rank:0 Epoch: [4/40], Step: [271/782], Loss: 0.8021714687347412
Rank:0 Epoch: [4/40], Step: [281/782], Loss: 0.8021718263626099
Rank:0 Epoch: [4/40], Step: [291/782], Loss: 0.7207747101783752
Rank:0 Epoch: [4/40], Step: [301/782], Loss: 0.7518879175186157
Rank:0 Epoch: [4/40], Step: [311/782], Loss: 0.5857669115066528
Rank:0 Epoch: [4/40], Step: [321/782], Loss: 1.1403064727783203
Rank:0 Epoch: [4/40], Step: [331/782], Loss: 0.5463742017745972
Rank:0 Epoch: [4/40], Step: [341/782], Loss: 0.5133793354034424
Rank:0 Epoch: [4/40], Step: [351/782], Loss: 0.38827449083328247
Rank:0 Epoch: [4/40], Step: [361/782], Loss: 1.2470836639404297
Rank:0 Epoch: [4/40], Step: [371/782], Loss: 0.8311222791671753
Rank:0 Epoch: [4/40], Step: [381/782], Loss: 0.8512598872184753
Rank:0 Epoch: [4/40], Step: [391/782], Loss: 0.8902586102485657
Rank:0 Epoch: [4/40], Step: [401/782], Loss: 0.620453953742981
Rank:0 Epoch: [4/40], Step: [411/782], Loss: 0.6519282460212708
Rank:0 Epoch: [4/40], Step: [421/782], Loss: 0.5344399809837341
Rank:0 Epoch: [4/40], Step: [431/782], Loss: 0.6829152703285217
Rank:0 Epoch: [4/40], Step: [441/782], Loss: 1.5782290697097778
Rank:0 Epoch: [4/40], Step: [451/782], Loss: 0.7229768633842468
Rank:0 Epoch: [4/40], Step: [461/782], Loss: 0.6078487038612366
Rank:0 Epoch: [4/40], Step: [471/782], Loss: 0.9962117075920105
Rank:0 Epoch: [4/40], Step: [481/782], Loss: 0.9320745468139648
Rank:0 Epoch: [4/40], Step: [491/782], Loss: 0.5466417074203491
Rank:0 Epoch: [4/40], Step: [501/782], Loss: 0.717235803604126
Rank:0 Epoch: [4/40], Step: [511/782], Loss: 0.6858625411987305
Rank:0 Epoch: [4/40], Step: [521/782], Loss: 0.6030029654502869
Rank:0 Epoch: [4/40], Step: [531/782], Loss: 1.0784918069839478
Rank:0 Epoch: [4/40], Step: [541/782], Loss: 0.8136035799980164
Rank:0 Epoch: [4/40], Step: [551/782], Loss: 0.9941096305847168
Rank:0 Epoch: [4/40], Step: [561/782], Loss: 0.5848250389099121
Rank:0 Epoch: [4/40], Step: [571/782], Loss: 0.45761623978614807
Rank:0 Epoch: [4/40], Step: [581/782], Loss: 0.69098961353302
Rank:0 Epoch: [4/40], Step: [591/782], Loss: 0.38856473565101624
Rank:0 Epoch: [4/40], Step: [601/782], Loss: 0.567330002784729
Rank:0 Epoch: [4/40], Step: [611/782], Loss: 0.5114167332649231
Rank:0 Epoch: [4/40], Step: [621/782], Loss: 0.6022796034812927
Rank:0 Epoch: [4/40], Step: [631/782], Loss: 0.6391668915748596
Rank:0 Epoch: [4/40], Step: [641/782], Loss: 0.7937179803848267
Rank:0 Epoch: [4/40], Step: [651/782], Loss: 0.6241246461868286
Rank:0 Epoch: [4/40], Step: [661/782], Loss: 0.8969359993934631
Rank:0 Epoch: [4/40], Step: [671/782], Loss: 0.5761371850967407
Rank:0 Epoch: [4/40], Step: [681/782], Loss: 1.008462905883789
Rank:0 Epoch: [4/40], Step: [691/782], Loss: 0.727881908416748
Rank:0 Epoch: [4/40], Step: [701/782], Loss: 0.7283779978752136
Rank:0 Epoch: [4/40], Step: [711/782], Loss: 0.7095269560813904
Rank:0 Epoch: [4/40], Step: [721/782], Loss: 0.8863530158996582
Rank:0 Epoch: [4/40], Step: [731/782], Loss: 0.5799480676651001
Rank:0 Epoch: [4/40], Step: [741/782], Loss: 0.8079761862754822
Rank:0 Epoch: [4/40], Step: [751/782], Loss: 1.035796046257019
Rank:0 Epoch: [4/40], Step: [761/782], Loss: 0.6382562518119812
Rank:0 Epoch: [4/40], Step: [771/782], Loss: 0.8645111918449402
Rank:0 Epoch: [4/40], Step: [781/782], Loss: 0.6314927339553833
Current Test Acc: 0.8274
Rank:0 Epoch: [5/40], Step: [1/782], Loss: 0.6002435088157654
Rank:0 Epoch: [5/40], Step: [11/782], Loss: 0.6927294135093689
Rank:0 Epoch: [5/40], Step: [21/782], Loss: 0.7588764429092407
Rank:0 Epoch: [5/40], Step: [31/782], Loss: 0.45656687021255493
Rank:0 Epoch: [5/40], Step: [41/782], Loss: 0.45353418588638306
Rank:0 Epoch: [5/40], Step: [51/782], Loss: 0.8274468779563904
Rank:0 Epoch: [5/40], Step: [61/782], Loss: 0.7284761667251587
Rank:0 Epoch: [5/40], Step: [71/782], Loss: 0.6847418546676636
Rank:0 Epoch: [5/40], Step: [81/782], Loss: 0.46822917461395264
Rank:0 Epoch: [5/40], Step: [91/782], Loss: 0.5213537812232971
Rank:0 Epoch: [5/40], Step: [101/782], Loss: 0.7969450354576111
Rank:0 Epoch: [5/40], Step: [111/782], Loss: 0.5661427974700928
Rank:0 Epoch: [5/40], Step: [121/782], Loss: 0.3708426356315613
Rank:0 Epoch: [5/40], Step: [131/782], Loss: 0.7961949110031128
Rank:0 Epoch: [5/40], Step: [141/782], Loss: 0.5620463490486145
Rank:0 Epoch: [5/40], Step: [151/782], Loss: 0.6707421541213989
Rank:0 Epoch: [5/40], Step: [161/782], Loss: 0.5317481160163879
Rank:0 Epoch: [5/40], Step: [171/782], Loss: 0.6159374117851257
Rank:0 Epoch: [5/40], Step: [181/782], Loss: 0.3346351087093353
Rank:0 Epoch: [5/40], Step: [191/782], Loss: 0.7490602135658264
Rank:0 Epoch: [5/40], Step: [201/782], Loss: 0.984738826751709
Rank:0 Epoch: [5/40], Step: [211/782], Loss: 0.5370008945465088
Rank:0 Epoch: [5/40], Step: [221/782], Loss: 0.5568147897720337
Rank:0 Epoch: [5/40], Step: [231/782], Loss: 0.5939472317695618
Rank:0 Epoch: [5/40], Step: [241/782], Loss: 1.257298469543457
Rank:0 Epoch: [5/40], Step: [251/782], Loss: 0.8472815155982971
Rank:0 Epoch: [5/40], Step: [261/782], Loss: 0.8210981488227844
Rank:0 Epoch: [5/40], Step: [271/782], Loss: 0.8626471161842346
Rank:0 Epoch: [5/40], Step: [281/782], Loss: 1.4891473054885864
Rank:0 Epoch: [5/40], Step: [291/782], Loss: 0.6985419392585754
Rank:0 Epoch: [5/40], Step: [301/782], Loss: 0.7261699438095093
Rank:0 Epoch: [5/40], Step: [311/782], Loss: 0.7573169469833374
Rank:0 Epoch: [5/40], Step: [321/782], Loss: 0.5858615636825562
Rank:0 Epoch: [5/40], Step: [331/782], Loss: 0.426728755235672
Rank:0 Epoch: [5/40], Step: [341/782], Loss: 0.6756190657615662
Rank:0 Epoch: [5/40], Step: [351/782], Loss: 0.4743863046169281
Rank:0 Epoch: [5/40], Step: [361/782], Loss: 0.6205003261566162
Rank:0 Epoch: [5/40], Step: [371/782], Loss: 0.9892445206642151
Rank:0 Epoch: [5/40], Step: [381/782], Loss: 0.6972238421440125
Rank:0 Epoch: [5/40], Step: [391/782], Loss: 0.6794680953025818
Rank:0 Epoch: [5/40], Step: [401/782], Loss: 0.7140816450119019
Rank:0 Epoch: [5/40], Step: [411/782], Loss: 0.6616942882537842
Rank:0 Epoch: [5/40], Step: [421/782], Loss: 0.7412329316139221
Rank:0 Epoch: [5/40], Step: [431/782], Loss: 0.555001437664032
Rank:0 Epoch: [5/40], Step: [441/782], Loss: 0.5879940390586853
Rank:0 Epoch: [5/40], Step: [451/782], Loss: 0.8139687776565552
Rank:0 Epoch: [5/40], Step: [461/782], Loss: 0.8928875923156738
Rank:0 Epoch: [5/40], Step: [471/782], Loss: 0.9166321754455566
Rank:0 Epoch: [5/40], Step: [481/782], Loss: 0.5488041043281555
Rank:0 Epoch: [5/40], Step: [491/782], Loss: 0.9420467615127563
Rank:0 Epoch: [5/40], Step: [501/782], Loss: 0.7511711120605469
Rank:0 Epoch: [5/40], Step: [511/782], Loss: 0.6766685843467712
Rank:0 Epoch: [5/40], Step: [521/782], Loss: 0.7213954329490662
Rank:0 Epoch: [5/40], Step: [531/782], Loss: 0.5356029272079468
Rank:0 Epoch: [5/40], Step: [541/782], Loss: 0.6484459638595581
Rank:0 Epoch: [5/40], Step: [551/782], Loss: 0.6793177127838135
Rank:0 Epoch: [5/40], Step: [561/782], Loss: 0.8408572673797607
Rank:0 Epoch: [5/40], Step: [571/782], Loss: 0.4324067533016205
Rank:0 Epoch: [5/40], Step: [581/782], Loss: 0.7722872495651245
Rank:0 Epoch: [5/40], Step: [591/782], Loss: 0.8689389228820801
Rank:0 Epoch: [5/40], Step: [601/782], Loss: 0.6719284057617188
Rank:0 Epoch: [5/40], Step: [611/782], Loss: 0.5372235774993896
Rank:0 Epoch: [5/40], Step: [621/782], Loss: 0.555595338344574
Rank:0 Epoch: [5/40], Step: [631/782], Loss: 0.8600383400917053
Rank:0 Epoch: [5/40], Step: [641/782], Loss: 1.039552927017212
Rank:0 Epoch: [5/40], Step: [651/782], Loss: 0.552702009677887
Rank:0 Epoch: [5/40], Step: [661/782], Loss: 0.5794437527656555
Rank:0 Epoch: [5/40], Step: [671/782], Loss: 1.3663171529769897
Rank:0 Epoch: [5/40], Step: [681/782], Loss: 0.6868578195571899
Rank:0 Epoch: [5/40], Step: [691/782], Loss: 0.6687589883804321
Rank:0 Epoch: [5/40], Step: [701/782], Loss: 0.5392851829528809
Rank:0 Epoch: [5/40], Step: [711/782], Loss: 0.9816377758979797
Rank:0 Epoch: [5/40], Step: [721/782], Loss: 0.5081093907356262
Rank:0 Epoch: [5/40], Step: [731/782], Loss: 0.6433709263801575
Rank:0 Epoch: [5/40], Step: [741/782], Loss: 0.7272114157676697
Rank:0 Epoch: [5/40], Step: [751/782], Loss: 0.3526857793331146
Rank:0 Epoch: [5/40], Step: [761/782], Loss: 0.4810140132904053
Rank:0 Epoch: [5/40], Step: [771/782], Loss: 0.5559630393981934
Rank:0 Epoch: [5/40], Step: [781/782], Loss: 0.6579056978225708
Current Test Acc: 0.8359
Rank:0 Epoch: [6/40], Step: [1/782], Loss: 0.35560327768325806
Rank:0 Epoch: [6/40], Step: [11/782], Loss: 0.8685152530670166
Rank:0 Epoch: [6/40], Step: [21/782], Loss: 0.7581472396850586
Rank:0 Epoch: [6/40], Step: [31/782], Loss: 0.621773898601532
Rank:0 Epoch: [6/40], Step: [41/782], Loss: 0.7037815451622009
Rank:0 Epoch: [6/40], Step: [51/782], Loss: 0.4543360471725464
Rank:0 Epoch: [6/40], Step: [61/782], Loss: 0.45599761605262756
Rank:0 Epoch: [6/40], Step: [71/782], Loss: 0.43741944432258606
Rank:0 Epoch: [6/40], Step: [81/782], Loss: 0.5659093856811523
Rank:0 Epoch: [6/40], Step: [91/782], Loss: 1.1341990232467651
Rank:0 Epoch: [6/40], Step: [101/782], Loss: 0.5605587363243103
Rank:0 Epoch: [6/40], Step: [111/782], Loss: 0.39394664764404297
Rank:0 Epoch: [6/40], Step: [121/782], Loss: 0.5110628008842468
Rank:0 Epoch: [6/40], Step: [131/782], Loss: 1.4044028520584106
Rank:0 Epoch: [6/40], Step: [141/782], Loss: 0.5804673433303833
Rank:0 Epoch: [6/40], Step: [151/782], Loss: 0.5205944180488586
Rank:0 Epoch: [6/40], Step: [161/782], Loss: 0.43903616070747375
Rank:0 Epoch: [6/40], Step: [171/782], Loss: 0.7878395318984985
Rank:0 Epoch: [6/40], Step: [181/782], Loss: 0.7905856370925903
Rank:0 Epoch: [6/40], Step: [191/782], Loss: 0.5291709899902344
Rank:0 Epoch: [6/40], Step: [201/782], Loss: 0.5732061862945557
Rank:0 Epoch: [6/40], Step: [211/782], Loss: 0.6859788298606873
Rank:0 Epoch: [6/40], Step: [221/782], Loss: 0.5275803804397583
Rank:0 Epoch: [6/40], Step: [231/782], Loss: 0.5306771993637085
Rank:0 Epoch: [6/40], Step: [241/782], Loss: 0.509619951248169
Rank:0 Epoch: [6/40], Step: [251/782], Loss: 0.8133537173271179
Rank:0 Epoch: [6/40], Step: [261/782], Loss: 0.8046450018882751
Rank:0 Epoch: [6/40], Step: [271/782], Loss: 0.5002023577690125
Rank:0 Epoch: [6/40], Step: [281/782], Loss: 0.6890060901641846
Rank:0 Epoch: [6/40], Step: [291/782], Loss: 0.4264228343963623
Rank:0 Epoch: [6/40], Step: [301/782], Loss: 0.7623726725578308
Rank:0 Epoch: [6/40], Step: [311/782], Loss: 0.5522348880767822
Rank:0 Epoch: [6/40], Step: [321/782], Loss: 0.4021199941635132
Rank:0 Epoch: [6/40], Step: [331/782], Loss: 0.39222729206085205
Rank:0 Epoch: [6/40], Step: [341/782], Loss: 0.28363358974456787
Rank:0 Epoch: [6/40], Step: [351/782], Loss: 0.4469320476055145
Rank:0 Epoch: [6/40], Step: [361/782], Loss: 0.7110591530799866
Rank:0 Epoch: [6/40], Step: [371/782], Loss: 0.6099658608436584
Rank:0 Epoch: [6/40], Step: [381/782], Loss: 0.4764569103717804
Rank:0 Epoch: [6/40], Step: [391/782], Loss: 0.8236303925514221
Rank:0 Epoch: [6/40], Step: [401/782], Loss: 0.5705675482749939
Rank:0 Epoch: [6/40], Step: [411/782], Loss: 0.8029137253761292
Rank:0 Epoch: [6/40], Step: [421/782], Loss: 0.8290493488311768
Rank:0 Epoch: [6/40], Step: [431/782], Loss: 0.6024487018585205
Rank:0 Epoch: [6/40], Step: [441/782], Loss: 1.0259617567062378
Rank:0 Epoch: [6/40], Step: [451/782], Loss: 0.6221187114715576
Rank:0 Epoch: [6/40], Step: [461/782], Loss: 0.7920551300048828
Rank:0 Epoch: [6/40], Step: [471/782], Loss: 0.6867814064025879
Rank:0 Epoch: [6/40], Step: [481/782], Loss: 0.7111788988113403
Rank:0 Epoch: [6/40], Step: [491/782], Loss: 0.7517269253730774
Rank:0 Epoch: [6/40], Step: [501/782], Loss: 0.7154179811477661
Rank:0 Epoch: [6/40], Step: [511/782], Loss: 0.5770449638366699
Rank:0 Epoch: [6/40], Step: [521/782], Loss: 0.3604884147644043
Rank:0 Epoch: [6/40], Step: [531/782], Loss: 0.8340177536010742
Rank:0 Epoch: [6/40], Step: [541/782], Loss: 0.6552156209945679
Rank:0 Epoch: [6/40], Step: [551/782], Loss: 0.3872520923614502
Rank:0 Epoch: [6/40], Step: [561/782], Loss: 0.5886245965957642
Rank:0 Epoch: [6/40], Step: [571/782], Loss: 0.4962210953235626
Rank:0 Epoch: [6/40], Step: [581/782], Loss: 0.8470072150230408
Rank:0 Epoch: [6/40], Step: [591/782], Loss: 1.0383435487747192
Rank:0 Epoch: [6/40], Step: [601/782], Loss: 0.6594887971878052
Rank:0 Epoch: [6/40], Step: [611/782], Loss: 0.4949018061161041
Rank:0 Epoch: [6/40], Step: [621/782], Loss: 0.4525804817676544
Rank:0 Epoch: [6/40], Step: [631/782], Loss: 0.5654709339141846
Rank:0 Epoch: [6/40], Step: [641/782], Loss: 0.4627436101436615
Rank:0 Epoch: [6/40], Step: [651/782], Loss: 0.7452483177185059
Rank:0 Epoch: [6/40], Step: [661/782], Loss: 0.7567192912101746
Rank:0 Epoch: [6/40], Step: [671/782], Loss: 0.5582759380340576
Rank:0 Epoch: [6/40], Step: [681/782], Loss: 0.7422245740890503
Rank:0 Epoch: [6/40], Step: [691/782], Loss: 0.7720118165016174
Rank:0 Epoch: [6/40], Step: [701/782], Loss: 1.0283395051956177
Rank:0 Epoch: [6/40], Step: [711/782], Loss: 0.5641220808029175
Rank:0 Epoch: [6/40], Step: [721/782], Loss: 0.3243567645549774
Rank:0 Epoch: [6/40], Step: [731/782], Loss: 0.7566630840301514
Rank:0 Epoch: [6/40], Step: [741/782], Loss: 0.6261083483695984
Rank:0 Epoch: [6/40], Step: [751/782], Loss: 0.5442480444908142
Rank:0 Epoch: [6/40], Step: [761/782], Loss: 0.9576770067214966
Rank:0 Epoch: [6/40], Step: [771/782], Loss: 0.9451766014099121
Rank:0 Epoch: [6/40], Step: [781/782], Loss: 0.8960332274436951
Current Test Acc: 0.832
Rank:0 Epoch: [7/40], Step: [1/782], Loss: 0.35768282413482666
Rank:0 Epoch: [7/40], Step: [11/782], Loss: 0.40867379307746887
Rank:0 Epoch: [7/40], Step: [21/782], Loss: 0.4713837802410126
Rank:0 Epoch: [7/40], Step: [31/782], Loss: 0.5998355150222778
Rank:0 Epoch: [7/40], Step: [41/782], Loss: 0.7043226957321167
Rank:0 Epoch: [7/40], Step: [51/782], Loss: 0.8539641499519348
Rank:0 Epoch: [7/40], Step: [61/782], Loss: 0.6465530395507812
Rank:0 Epoch: [7/40], Step: [71/782], Loss: 0.5283769369125366
Rank:0 Epoch: [7/40], Step: [81/782], Loss: 0.6207598447799683
Rank:0 Epoch: [7/40], Step: [91/782], Loss: 0.8135986924171448
Rank:0 Epoch: [7/40], Step: [101/782], Loss: 0.5958832502365112
Rank:0 Epoch: [7/40], Step: [111/782], Loss: 0.5488253235816956
Rank:0 Epoch: [7/40], Step: [121/782], Loss: 0.6805030703544617
Rank:0 Epoch: [7/40], Step: [131/782], Loss: 0.7641291618347168
Rank:0 Epoch: [7/40], Step: [141/782], Loss: 0.4544801712036133
Rank:0 Epoch: [7/40], Step: [151/782], Loss: 0.6730180978775024
Rank:0 Epoch: [7/40], Step: [161/782], Loss: 0.6366963386535645
Rank:0 Epoch: [7/40], Step: [171/782], Loss: 0.49632400274276733
Rank:0 Epoch: [7/40], Step: [181/782], Loss: 0.5714067816734314
Rank:0 Epoch: [7/40], Step: [191/782], Loss: 0.6124581098556519
Rank:0 Epoch: [7/40], Step: [201/782], Loss: 0.5228326916694641
Rank:0 Epoch: [7/40], Step: [211/782], Loss: 0.674353837966919
Rank:0 Epoch: [7/40], Step: [221/782], Loss: 0.857548177242279
Rank:0 Epoch: [7/40], Step: [231/782], Loss: 0.3943111300468445
Rank:0 Epoch: [7/40], Step: [241/782], Loss: 0.8954305052757263
Rank:0 Epoch: [7/40], Step: [251/782], Loss: 0.3613570034503937
Rank:0 Epoch: [7/40], Step: [261/782], Loss: 0.8248745799064636
Rank:0 Epoch: [7/40], Step: [271/782], Loss: 0.7163653373718262
Rank:0 Epoch: [7/40], Step: [281/782], Loss: 0.4624544382095337
Rank:0 Epoch: [7/40], Step: [291/782], Loss: 0.785771369934082
Rank:0 Epoch: [7/40], Step: [301/782], Loss: 0.461892306804657
Rank:0 Epoch: [7/40], Step: [311/782], Loss: 1.0818049907684326
Rank:0 Epoch: [7/40], Step: [321/782], Loss: 0.4086798131465912
Rank:0 Epoch: [7/40], Step: [331/782], Loss: 0.5817835927009583
Rank:0 Epoch: [7/40], Step: [341/782], Loss: 0.772500216960907
Rank:0 Epoch: [7/40], Step: [351/782], Loss: 0.3130214214324951
Rank:0 Epoch: [7/40], Step: [361/782], Loss: 0.3842555284500122
Rank:0 Epoch: [7/40], Step: [371/782], Loss: 0.5390260219573975
Rank:0 Epoch: [7/40], Step: [381/782], Loss: 0.4085649847984314
Rank:0 Epoch: [7/40], Step: [391/782], Loss: 0.9240158796310425
Rank:0 Epoch: [7/40], Step: [401/782], Loss: 0.6345529556274414
Rank:0 Epoch: [7/40], Step: [411/782], Loss: 0.6659243106842041
Rank:0 Epoch: [7/40], Step: [421/782], Loss: 0.6160985231399536
Rank:0 Epoch: [7/40], Step: [431/782], Loss: 0.37151989340782166
Rank:0 Epoch: [7/40], Step: [441/782], Loss: 0.5364565253257751
Rank:0 Epoch: [7/40], Step: [451/782], Loss: 0.37006327509880066
Rank:0 Epoch: [7/40], Step: [461/782], Loss: 1.7076170444488525
Rank:0 Epoch: [7/40], Step: [471/782], Loss: 1.023718237876892
Rank:0 Epoch: [7/40], Step: [481/782], Loss: 0.9537964463233948
Rank:0 Epoch: [7/40], Step: [491/782], Loss: 0.9850141406059265
Rank:0 Epoch: [7/40], Step: [501/782], Loss: 0.383605420589447
Rank:0 Epoch: [7/40], Step: [511/782], Loss: 0.7361146807670593
Rank:0 Epoch: [7/40], Step: [521/782], Loss: 0.8031879663467407
Rank:0 Epoch: [7/40], Step: [531/782], Loss: 0.5650196075439453
Rank:0 Epoch: [7/40], Step: [541/782], Loss: 0.5426216721534729
Rank:0 Epoch: [7/40], Step: [551/782], Loss: 0.9119762182235718
Rank:0 Epoch: [7/40], Step: [561/782], Loss: 0.4934772253036499
Rank:0 Epoch: [7/40], Step: [571/782], Loss: 0.8859489560127258
Rank:0 Epoch: [7/40], Step: [581/782], Loss: 0.6531980633735657
Rank:0 Epoch: [7/40], Step: [591/782], Loss: 0.4433232545852661
Rank:0 Epoch: [7/40], Step: [601/782], Loss: 0.5677168369293213
Rank:0 Epoch: [7/40], Step: [611/782], Loss: 0.7907299399375916
Rank:0 Epoch: [7/40], Step: [621/782], Loss: 0.8329320549964905
Rank:0 Epoch: [7/40], Step: [631/782], Loss: 0.5871591567993164
Rank:0 Epoch: [7/40], Step: [641/782], Loss: 0.9933662414550781
Rank:0 Epoch: [7/40], Step: [651/782], Loss: 0.5885497331619263
Rank:0 Epoch: [7/40], Step: [661/782], Loss: 0.45013174414634705
Rank:0 Epoch: [7/40], Step: [671/782], Loss: 0.5371185541152954
Rank:0 Epoch: [7/40], Step: [681/782], Loss: 0.5696311593055725
Rank:0 Epoch: [7/40], Step: [691/782], Loss: 0.5874225497245789
Rank:0 Epoch: [7/40], Step: [701/782], Loss: 0.5135412812232971
Rank:0 Epoch: [7/40], Step: [711/782], Loss: 0.7204545140266418
Rank:0 Epoch: [7/40], Step: [721/782], Loss: 0.6170289516448975
Rank:0 Epoch: [7/40], Step: [731/782], Loss: 0.7895588278770447
Rank:0 Epoch: [7/40], Step: [741/782], Loss: 0.7241562604904175
Rank:0 Epoch: [7/40], Step: [751/782], Loss: 0.5356374979019165
Rank:0 Epoch: [7/40], Step: [761/782], Loss: 0.571530282497406
Rank:0 Epoch: [7/40], Step: [771/782], Loss: 0.6380842328071594
Rank:0 Epoch: [7/40], Step: [781/782], Loss: 0.5813415050506592
Current Test Acc: 0.8242
Rank:0 Epoch: [8/40], Step: [1/782], Loss: 0.6354892253875732
Rank:0 Epoch: [8/40], Step: [11/782], Loss: 0.9055109620094299
Rank:0 Epoch: [8/40], Step: [21/782], Loss: 0.4441032111644745
Rank:0 Epoch: [8/40], Step: [31/782], Loss: 0.6163143515586853
Rank:0 Epoch: [8/40], Step: [41/782], Loss: 0.5475914478302002
Rank:0 Epoch: [8/40], Step: [51/782], Loss: 0.2569396495819092
Rank:0 Epoch: [8/40], Step: [61/782], Loss: 0.5047304034233093
Rank:0 Epoch: [8/40], Step: [71/782], Loss: 0.7187944650650024
Rank:0 Epoch: [8/40], Step: [81/782], Loss: 0.6269623041152954
Rank:0 Epoch: [8/40], Step: [91/782], Loss: 0.49515843391418457
Rank:0 Epoch: [8/40], Step: [101/782], Loss: 0.6110289096832275
Rank:0 Epoch: [8/40], Step: [111/782], Loss: 0.5084341168403625
Rank:0 Epoch: [8/40], Step: [121/782], Loss: 0.4507290720939636
Rank:0 Epoch: [8/40], Step: [131/782], Loss: 0.5884195566177368
Rank:0 Epoch: [8/40], Step: [141/782], Loss: 1.0196764469146729
Rank:0 Epoch: [8/40], Step: [151/782], Loss: 0.4936870336532593
Rank:0 Epoch: [8/40], Step: [161/782], Loss: 0.7683627605438232
Rank:0 Epoch: [8/40], Step: [171/782], Loss: 0.7089068293571472
Rank:0 Epoch: [8/40], Step: [181/782], Loss: 0.8792873620986938
Rank:0 Epoch: [8/40], Step: [191/782], Loss: 0.5652093291282654
Rank:0 Epoch: [8/40], Step: [201/782], Loss: 0.5706843733787537
Rank:0 Epoch: [8/40], Step: [211/782], Loss: 0.7122116088867188
Rank:0 Epoch: [8/40], Step: [221/782], Loss: 0.6675160527229309
Rank:0 Epoch: [8/40], Step: [231/782], Loss: 0.5660240054130554
Rank:0 Epoch: [8/40], Step: [241/782], Loss: 0.89699786901474
Rank:0 Epoch: [8/40], Step: [251/782], Loss: 0.6414729952812195
Rank:0 Epoch: [8/40], Step: [261/782], Loss: 0.41536998748779297
Rank:0 Epoch: [8/40], Step: [271/782], Loss: 0.9788669943809509
Rank:0 Epoch: [8/40], Step: [281/782], Loss: 0.461061954498291
Rank:0 Epoch: [8/40], Step: [291/782], Loss: 0.5382245182991028
Rank:0 Epoch: [8/40], Step: [301/782], Loss: 0.6442805528640747
Rank:0 Epoch: [8/40], Step: [311/782], Loss: 0.343104749917984
Rank:0 Epoch: [8/40], Step: [321/782], Loss: 0.3732965886592865
Rank:0 Epoch: [8/40], Step: [331/782], Loss: 0.6271011233329773
Rank:0 Epoch: [8/40], Step: [341/782], Loss: 0.6511908173561096
Rank:0 Epoch: [8/40], Step: [351/782], Loss: 0.548710823059082
Rank:0 Epoch: [8/40], Step: [361/782], Loss: 0.42386478185653687
Rank:0 Epoch: [8/40], Step: [371/782], Loss: 0.4804839491844177
Rank:0 Epoch: [8/40], Step: [381/782], Loss: 0.5221181511878967
Rank:0 Epoch: [8/40], Step: [391/782], Loss: 0.6532655954360962
Rank:0 Epoch: [8/40], Step: [401/782], Loss: 0.7047169804573059
Rank:0 Epoch: [8/40], Step: [411/782], Loss: 0.6753032207489014
Rank:0 Epoch: [8/40], Step: [421/782], Loss: 0.647822380065918
Rank:0 Epoch: [8/40], Step: [431/782], Loss: 0.527887225151062
Rank:0 Epoch: [8/40], Step: [441/782], Loss: 0.9239459037780762
Rank:0 Epoch: [8/40], Step: [451/782], Loss: 1.1197547912597656
Rank:0 Epoch: [8/40], Step: [461/782], Loss: 0.8514825701713562
Rank:0 Epoch: [8/40], Step: [471/782], Loss: 1.3160589933395386
Rank:0 Epoch: [8/40], Step: [481/782], Loss: 0.9504973292350769
Rank:0 Epoch: [8/40], Step: [491/782], Loss: 0.6453529000282288
Rank:0 Epoch: [8/40], Step: [501/782], Loss: 0.5272634625434875
Rank:0 Epoch: [8/40], Step: [511/782], Loss: 0.45609283447265625
Rank:0 Epoch: [8/40], Step: [521/782], Loss: 0.6219087839126587
Rank:0 Epoch: [8/40], Step: [531/782], Loss: 0.9936055541038513
Rank:0 Epoch: [8/40], Step: [541/782], Loss: 0.5764788389205933
Rank:0 Epoch: [8/40], Step: [551/782], Loss: 0.35693788528442383
Rank:0 Epoch: [8/40], Step: [561/782], Loss: 0.5272852182388306
Rank:0 Epoch: [8/40], Step: [571/782], Loss: 0.4769204556941986
Rank:0 Epoch: [8/40], Step: [581/782], Loss: 0.5086345672607422
Rank:0 Epoch: [8/40], Step: [591/782], Loss: 0.7185278534889221
Rank:0 Epoch: [8/40], Step: [601/782], Loss: 0.5871772170066833
Rank:0 Epoch: [8/40], Step: [611/782], Loss: 0.4345233738422394
Rank:0 Epoch: [8/40], Step: [621/782], Loss: 0.7239682078361511
Rank:0 Epoch: [8/40], Step: [631/782], Loss: 0.6209618449211121
Rank:0 Epoch: [8/40], Step: [641/782], Loss: 0.698155403137207
Rank:0 Epoch: [8/40], Step: [651/782], Loss: 0.5015345811843872
Rank:0 Epoch: [8/40], Step: [661/782], Loss: 0.44636932015419006
Rank:0 Epoch: [8/40], Step: [671/782], Loss: 0.6207765340805054
Rank:0 Epoch: [8/40], Step: [681/782], Loss: 0.49628108739852905
Rank:0 Epoch: [8/40], Step: [691/782], Loss: 0.7498595714569092
Rank:0 Epoch: [8/40], Step: [701/782], Loss: 0.8813657164573669
Rank:0 Epoch: [8/40], Step: [711/782], Loss: 0.4091941714286804
Rank:0 Epoch: [8/40], Step: [721/782], Loss: 0.5817084908485413
Rank:0 Epoch: [8/40], Step: [731/782], Loss: 0.4627867639064789
Rank:0 Epoch: [8/40], Step: [741/782], Loss: 0.6134745478630066
Rank:0 Epoch: [8/40], Step: [751/782], Loss: 0.41506242752075195
Rank:0 Epoch: [8/40], Step: [761/782], Loss: 0.4788385331630707
Rank:0 Epoch: [8/40], Step: [771/782], Loss: 0.5117761492729187
Rank:0 Epoch: [8/40], Step: [781/782], Loss: 0.35359427332878113
Current Test Acc: 0.8319
Rank:0 Epoch: [9/40], Step: [1/782], Loss: 0.4559980034828186
Rank:0 Epoch: [9/40], Step: [11/782], Loss: 0.41885846853256226
Rank:0 Epoch: [9/40], Step: [21/782], Loss: 0.4753391444683075
Rank:0 Epoch: [9/40], Step: [31/782], Loss: 0.6006216406822205
Rank:0 Epoch: [9/40], Step: [41/782], Loss: 0.4536174237728119
Rank:0 Epoch: [9/40], Step: [51/782], Loss: 0.6967762112617493
Rank:0 Epoch: [9/40], Step: [61/782], Loss: 0.39944055676460266
Rank:0 Epoch: [9/40], Step: [71/782], Loss: 0.7662112712860107
Rank:0 Epoch: [9/40], Step: [81/782], Loss: 0.5163729190826416
Rank:0 Epoch: [9/40], Step: [91/782], Loss: 0.7429243922233582
Rank:0 Epoch: [9/40], Step: [101/782], Loss: 0.5589219927787781
Rank:0 Epoch: [9/40], Step: [111/782], Loss: 0.6933650374412537
Rank:0 Epoch: [9/40], Step: [121/782], Loss: 0.41866835951805115
Rank:0 Epoch: [9/40], Step: [131/782], Loss: 0.5007219314575195
Rank:0 Epoch: [9/40], Step: [141/782], Loss: 0.4288756847381592
Rank:0 Epoch: [9/40], Step: [151/782], Loss: 0.4011954665184021
Rank:0 Epoch: [9/40], Step: [161/782], Loss: 0.3393898904323578
Rank:0 Epoch: [9/40], Step: [171/782], Loss: 0.45206257700920105
Rank:0 Epoch: [9/40], Step: [181/782], Loss: 0.8337275385856628
Rank:0 Epoch: [9/40], Step: [191/782], Loss: 0.28005313873291016
Rank:0 Epoch: [9/40], Step: [201/782], Loss: 0.49124327301979065
Rank:0 Epoch: [9/40], Step: [211/782], Loss: 0.5694093108177185
Rank:0 Epoch: [9/40], Step: [221/782], Loss: 0.6045519709587097
Rank:0 Epoch: [9/40], Step: [231/782], Loss: 0.4367116689682007
Rank:0 Epoch: [9/40], Step: [241/782], Loss: 0.4956434965133667
Rank:0 Epoch: [9/40], Step: [251/782], Loss: 0.7638816237449646
Rank:0 Epoch: [9/40], Step: [261/782], Loss: 0.5535972714424133
Rank:0 Epoch: [9/40], Step: [271/782], Loss: 0.7539782524108887
Rank:0 Epoch: [9/40], Step: [281/782], Loss: 0.6898939609527588
Rank:0 Epoch: [9/40], Step: [291/782], Loss: 0.3754587769508362
Rank:0 Epoch: [9/40], Step: [301/782], Loss: 0.669414222240448
Rank:0 Epoch: [9/40], Step: [311/782], Loss: 0.5785508155822754
Rank:0 Epoch: [9/40], Step: [321/782], Loss: 0.7174317836761475
Rank:0 Epoch: [9/40], Step: [331/782], Loss: 0.7028814554214478
Rank:0 Epoch: [9/40], Step: [341/782], Loss: 1.0371047258377075
Rank:0 Epoch: [9/40], Step: [351/782], Loss: 0.6337764859199524
Rank:0 Epoch: [9/40], Step: [361/782], Loss: 0.6201301217079163
Rank:0 Epoch: [9/40], Step: [371/782], Loss: 0.3710494637489319
Rank:0 Epoch: [9/40], Step: [381/782], Loss: 0.3525736331939697
Rank:0 Epoch: [9/40], Step: [391/782], Loss: 0.6609275341033936
Rank:0 Epoch: [9/40], Step: [401/782], Loss: 0.439736008644104
Rank:0 Epoch: [9/40], Step: [411/782], Loss: 0.3822532296180725
Rank:0 Epoch: [9/40], Step: [421/782], Loss: 0.6299705505371094
Rank:0 Epoch: [9/40], Step: [431/782], Loss: 0.8795885443687439
Rank:0 Epoch: [9/40], Step: [441/782], Loss: 0.7943738102912903
Rank:0 Epoch: [9/40], Step: [451/782], Loss: 0.7968297004699707
Rank:0 Epoch: [9/40], Step: [461/782], Loss: 0.9300121665000916
Rank:0 Epoch: [9/40], Step: [471/782], Loss: 0.5273805856704712
Rank:0 Epoch: [9/40], Step: [481/782], Loss: 0.5147374868392944
Rank:0 Epoch: [9/40], Step: [491/782], Loss: 0.5984387397766113
Rank:0 Epoch: [9/40], Step: [501/782], Loss: 0.7319726943969727
Rank:0 Epoch: [9/40], Step: [511/782], Loss: 0.5687189698219299
Rank:0 Epoch: [9/40], Step: [521/782], Loss: 0.7924631834030151
Rank:0 Epoch: [9/40], Step: [531/782], Loss: 0.4313586950302124
Rank:0 Epoch: [9/40], Step: [541/782], Loss: 0.42096778750419617
Rank:0 Epoch: [9/40], Step: [551/782], Loss: 0.5288929343223572
Rank:0 Epoch: [9/40], Step: [561/782], Loss: 0.8556365370750427
Rank:0 Epoch: [9/40], Step: [571/782], Loss: 0.4366005063056946
Rank:0 Epoch: [9/40], Step: [581/782], Loss: 0.7151198983192444
Rank:0 Epoch: [9/40], Step: [591/782], Loss: 0.5164850950241089
Rank:0 Epoch: [9/40], Step: [601/782], Loss: 0.6123355031013489
Rank:0 Epoch: [9/40], Step: [611/782], Loss: 0.5692797899246216
Rank:0 Epoch: [9/40], Step: [621/782], Loss: 0.509688138961792
Rank:0 Epoch: [9/40], Step: [631/782], Loss: 0.6044676303863525
Rank:0 Epoch: [9/40], Step: [641/782], Loss: 0.6089785695075989
Rank:0 Epoch: [9/40], Step: [651/782], Loss: 0.5746585130691528
Rank:0 Epoch: [9/40], Step: [661/782], Loss: 0.4895806610584259
Rank:0 Epoch: [9/40], Step: [671/782], Loss: 0.6193710565567017
Rank:0 Epoch: [9/40], Step: [681/782], Loss: 0.7045229077339172
Rank:0 Epoch: [9/40], Step: [691/782], Loss: 0.39666512608528137
Rank:0 Epoch: [9/40], Step: [701/782], Loss: 0.4030022919178009
Rank:0 Epoch: [9/40], Step: [711/782], Loss: 0.8106958866119385
Rank:0 Epoch: [9/40], Step: [721/782], Loss: 0.6000878810882568
Rank:0 Epoch: [9/40], Step: [731/782], Loss: 0.4707081913948059
Rank:0 Epoch: [9/40], Step: [741/782], Loss: 0.7254222631454468
Rank:0 Epoch: [9/40], Step: [751/782], Loss: 0.4679642915725708
Rank:0 Epoch: [9/40], Step: [761/782], Loss: 0.38120242953300476
Rank:0 Epoch: [9/40], Step: [771/782], Loss: 0.5022574067115784
Rank:0 Epoch: [9/40], Step: [781/782], Loss: 0.9543671011924744
Current Test Acc: 0.8379
Rank:0 Epoch: [10/40], Step: [1/782], Loss: 0.5632266998291016
Rank:0 Epoch: [10/40], Step: [11/782], Loss: 0.436766654253006
Rank:0 Epoch: [10/40], Step: [21/782], Loss: 0.6563886404037476
Rank:0 Epoch: [10/40], Step: [31/782], Loss: 0.6886389851570129
Rank:0 Epoch: [10/40], Step: [41/782], Loss: 0.8378574252128601
Rank:0 Epoch: [10/40], Step: [51/782], Loss: 0.5321750640869141
Rank:0 Epoch: [10/40], Step: [61/782], Loss: 0.4359171390533447
Rank:0 Epoch: [10/40], Step: [71/782], Loss: 0.5115305185317993
Rank:0 Epoch: [10/40], Step: [81/782], Loss: 0.3533118665218353
Rank:0 Epoch: [10/40], Step: [91/782], Loss: 0.5890465378761292
Rank:0 Epoch: [10/40], Step: [101/782], Loss: 0.9439099431037903
Rank:0 Epoch: [10/40], Step: [111/782], Loss: 0.6195799112319946
Rank:0 Epoch: [10/40], Step: [121/782], Loss: 0.44136807322502136
Rank:0 Epoch: [10/40], Step: [131/782], Loss: 0.4533572793006897
Rank:0 Epoch: [10/40], Step: [141/782], Loss: 0.663063645362854
Rank:0 Epoch: [10/40], Step: [151/782], Loss: 0.5739766359329224
Rank:0 Epoch: [10/40], Step: [161/782], Loss: 0.7411917448043823
Rank:0 Epoch: [10/40], Step: [171/782], Loss: 0.6331472396850586
Rank:0 Epoch: [10/40], Step: [181/782], Loss: 0.4812854826450348
Rank:0 Epoch: [10/40], Step: [191/782], Loss: 0.8912080526351929
Rank:0 Epoch: [10/40], Step: [201/782], Loss: 0.6215639114379883
Rank:0 Epoch: [10/40], Step: [211/782], Loss: 0.9087240695953369
Rank:0 Epoch: [10/40], Step: [221/782], Loss: 0.5006946325302124
Rank:0 Epoch: [10/40], Step: [231/782], Loss: 0.33684900403022766
Rank:0 Epoch: [10/40], Step: [241/782], Loss: 0.5961863398551941
Rank:0 Epoch: [10/40], Step: [251/782], Loss: 0.5064752101898193
Rank:0 Epoch: [10/40], Step: [261/782], Loss: 0.330242782831192
Rank:0 Epoch: [10/40], Step: [271/782], Loss: 0.4533911347389221
Rank:0 Epoch: [10/40], Step: [281/782], Loss: 0.5426557660102844
Rank:0 Epoch: [10/40], Step: [291/782], Loss: 0.28617915511131287
Rank:0 Epoch: [10/40], Step: [301/782], Loss: 0.7326372861862183
Rank:0 Epoch: [10/40], Step: [311/782], Loss: 0.38607296347618103
Rank:0 Epoch: [10/40], Step: [321/782], Loss: 0.44349855184555054
Rank:0 Epoch: [10/40], Step: [331/782], Loss: 0.4907338619232178
Rank:0 Epoch: [10/40], Step: [341/782], Loss: 0.44947803020477295
Rank:0 Epoch: [10/40], Step: [351/782], Loss: 0.46035128831863403
Rank:0 Epoch: [10/40], Step: [361/782], Loss: 0.3093254566192627
Rank:0 Epoch: [10/40], Step: [371/782], Loss: 0.46404168009757996
Rank:0 Epoch: [10/40], Step: [381/782], Loss: 0.8571038842201233
Rank:0 Epoch: [10/40], Step: [391/782], Loss: 0.43470531702041626
Rank:0 Epoch: [10/40], Step: [401/782], Loss: 0.5905663967132568
Rank:0 Epoch: [10/40], Step: [411/782], Loss: 0.7472861409187317
Rank:0 Epoch: [10/40], Step: [421/782], Loss: 0.6022466421127319
Rank:0 Epoch: [10/40], Step: [431/782], Loss: 0.6180998086929321
Rank:0 Epoch: [10/40], Step: [441/782], Loss: 0.4434661865234375
Rank:0 Epoch: [10/40], Step: [451/782], Loss: 0.38207682967185974
Rank:0 Epoch: [10/40], Step: [461/782], Loss: 0.7000525593757629
Rank:0 Epoch: [10/40], Step: [471/782], Loss: 0.6216771602630615
Rank:0 Epoch: [10/40], Step: [481/782], Loss: 0.5420175194740295
Rank:0 Epoch: [10/40], Step: [491/782], Loss: 0.48613518476486206
Rank:0 Epoch: [10/40], Step: [501/782], Loss: 0.5526076555252075
Rank:0 Epoch: [10/40], Step: [511/782], Loss: 0.42213770747184753
Rank:0 Epoch: [10/40], Step: [521/782], Loss: 0.340435653924942
Rank:0 Epoch: [10/40], Step: [531/782], Loss: 0.6813837885856628
Rank:0 Epoch: [10/40], Step: [541/782], Loss: 0.5600787401199341
Rank:0 Epoch: [10/40], Step: [551/782], Loss: 0.5516712069511414
Rank:0 Epoch: [10/40], Step: [561/782], Loss: 0.3777657449245453
Rank:0 Epoch: [10/40], Step: [571/782], Loss: 0.5548439621925354
Rank:0 Epoch: [10/40], Step: [581/782], Loss: 0.43190717697143555
Rank:0 Epoch: [10/40], Step: [591/782], Loss: 0.4799939692020416
Rank:0 Epoch: [10/40], Step: [601/782], Loss: 0.443002849817276
Rank:0 Epoch: [10/40], Step: [611/782], Loss: 0.6149390935897827
Rank:0 Epoch: [10/40], Step: [621/782], Loss: 0.70511794090271
Rank:0 Epoch: [10/40], Step: [631/782], Loss: 0.9461897015571594
Rank:0 Epoch: [10/40], Step: [641/782], Loss: 0.9420037269592285
Rank:0 Epoch: [10/40], Step: [651/782], Loss: 0.46751055121421814
Rank:0 Epoch: [10/40], Step: [661/782], Loss: 0.9277025461196899
Rank:0 Epoch: [10/40], Step: [671/782], Loss: 0.5766465067863464
Rank:0 Epoch: [10/40], Step: [681/782], Loss: 0.4031994342803955
Rank:0 Epoch: [10/40], Step: [691/782], Loss: 0.3986080586910248
Rank:0 Epoch: [10/40], Step: [701/782], Loss: 0.6540043950080872
Rank:0 Epoch: [10/40], Step: [711/782], Loss: 0.41261258721351624
Rank:0 Epoch: [10/40], Step: [721/782], Loss: 0.5186992883682251
Rank:0 Epoch: [10/40], Step: [731/782], Loss: 0.5824496746063232
Rank:0 Epoch: [10/40], Step: [741/782], Loss: 0.9220525622367859
Rank:0 Epoch: [10/40], Step: [751/782], Loss: 0.41440701484680176
Rank:0 Epoch: [10/40], Step: [761/782], Loss: 0.40535810589790344
Rank:0 Epoch: [10/40], Step: [771/782], Loss: 0.7771512866020203
Rank:0 Epoch: [10/40], Step: [781/782], Loss: 0.35671743750572205
Current Test Acc: 0.8308
Rank:0 Epoch: [11/40], Step: [1/782], Loss: 0.5085327625274658
Rank:0 Epoch: [11/40], Step: [11/782], Loss: 0.46038901805877686
Rank:0 Epoch: [11/40], Step: [21/782], Loss: 0.7911430597305298
Rank:0 Epoch: [11/40], Step: [31/782], Loss: 0.4048515260219574
Rank:0 Epoch: [11/40], Step: [41/782], Loss: 0.48938849568367004
Rank:0 Epoch: [11/40], Step: [51/782], Loss: 0.346990168094635
Rank:0 Epoch: [11/40], Step: [61/782], Loss: 0.45461487770080566
Rank:0 Epoch: [11/40], Step: [71/782], Loss: 0.7318148612976074
Rank:0 Epoch: [11/40], Step: [81/782], Loss: 0.3482803702354431
Rank:0 Epoch: [11/40], Step: [91/782], Loss: 0.3934156596660614
Rank:0 Epoch: [11/40], Step: [101/782], Loss: 0.6692344546318054
Rank:0 Epoch: [11/40], Step: [111/782], Loss: 0.463546484708786
Rank:0 Epoch: [11/40], Step: [121/782], Loss: 0.39925020933151245
Rank:0 Epoch: [11/40], Step: [131/782], Loss: 0.6021554470062256
Rank:0 Epoch: [11/40], Step: [141/782], Loss: 0.7922065854072571
Rank:0 Epoch: [11/40], Step: [151/782], Loss: 0.7391868233680725
Rank:0 Epoch: [11/40], Step: [161/782], Loss: 0.6584657430648804
Rank:0 Epoch: [11/40], Step: [171/782], Loss: 0.4667111933231354
Rank:0 Epoch: [11/40], Step: [181/782], Loss: 0.612228274345398
Rank:0 Epoch: [11/40], Step: [191/782], Loss: 0.37987640500068665
Rank:0 Epoch: [11/40], Step: [201/782], Loss: 0.6584643721580505
Rank:0 Epoch: [11/40], Step: [211/782], Loss: 0.7563884854316711
Rank:0 Epoch: [11/40], Step: [221/782], Loss: 0.5394417643547058
Rank:0 Epoch: [11/40], Step: [231/782], Loss: 0.7691898345947266
Rank:0 Epoch: [11/40], Step: [241/782], Loss: 0.5840755701065063
Rank:0 Epoch: [11/40], Step: [251/782], Loss: 0.4597192108631134
Rank:0 Epoch: [11/40], Step: [261/782], Loss: 0.4236563742160797
Rank:0 Epoch: [11/40], Step: [271/782], Loss: 0.5399212837219238
Rank:0 Epoch: [11/40], Step: [281/782], Loss: 0.38355183601379395
Rank:0 Epoch: [11/40], Step: [291/782], Loss: 0.3601734936237335
Rank:0 Epoch: [11/40], Step: [301/782], Loss: 0.3466781973838806
Rank:0 Epoch: [11/40], Step: [311/782], Loss: 0.6131710410118103
Rank:0 Epoch: [11/40], Step: [321/782], Loss: 0.5924787521362305
Rank:0 Epoch: [11/40], Step: [331/782], Loss: 0.8983447551727295
Rank:0 Epoch: [11/40], Step: [341/782], Loss: 0.3180767893791199
Rank:0 Epoch: [11/40], Step: [351/782], Loss: 0.9075190424919128
Rank:0 Epoch: [11/40], Step: [361/782], Loss: 0.49289166927337646
Rank:0 Epoch: [11/40], Step: [371/782], Loss: 0.519671618938446
Rank:0 Epoch: [11/40], Step: [381/782], Loss: 0.5623152852058411
Rank:0 Epoch: [11/40], Step: [391/782], Loss: 0.5432615876197815
Rank:0 Epoch: [11/40], Step: [401/782], Loss: 0.577586829662323
Rank:0 Epoch: [11/40], Step: [411/782], Loss: 0.7813912034034729
Rank:0 Epoch: [11/40], Step: [421/782], Loss: 0.49286791682243347
Rank:0 Epoch: [11/40], Step: [431/782], Loss: 0.46652287244796753
Rank:0 Epoch: [11/40], Step: [441/782], Loss: 0.4981585443019867
Rank:0 Epoch: [11/40], Step: [451/782], Loss: 0.6124509572982788
Rank:0 Epoch: [11/40], Step: [461/782], Loss: 0.5899205803871155
Rank:0 Epoch: [11/40], Step: [471/782], Loss: 0.5686830282211304
Rank:0 Epoch: [11/40], Step: [481/782], Loss: 0.5310782194137573
Rank:0 Epoch: [11/40], Step: [491/782], Loss: 0.4327195882797241
Rank:0 Epoch: [11/40], Step: [501/782], Loss: 0.5071088075637817
Rank:0 Epoch: [11/40], Step: [511/782], Loss: 0.7224192023277283
Rank:0 Epoch: [11/40], Step: [521/782], Loss: 0.49555033445358276
Rank:0 Epoch: [11/40], Step: [531/782], Loss: 0.6698203086853027
Rank:0 Epoch: [11/40], Step: [541/782], Loss: 0.5075504779815674
Rank:0 Epoch: [11/40], Step: [551/782], Loss: 0.5481641292572021
Rank:0 Epoch: [11/40], Step: [561/782], Loss: 0.39188897609710693
Rank:0 Epoch: [11/40], Step: [571/782], Loss: 0.4424061179161072
Rank:0 Epoch: [11/40], Step: [581/782], Loss: 0.9786874651908875
Rank:0 Epoch: [11/40], Step: [591/782], Loss: 0.5021843910217285
Rank:0 Epoch: [11/40], Step: [601/782], Loss: 0.43326669931411743
Rank:0 Epoch: [11/40], Step: [611/782], Loss: 0.5567821860313416
Rank:0 Epoch: [11/40], Step: [621/782], Loss: 0.3992767930030823
Rank:0 Epoch: [11/40], Step: [631/782], Loss: 0.5868526101112366
Rank:0 Epoch: [11/40], Step: [641/782], Loss: 0.45777755975723267
Rank:0 Epoch: [11/40], Step: [651/782], Loss: 0.6538916826248169
Rank:0 Epoch: [11/40], Step: [661/782], Loss: 0.3469480276107788
Rank:0 Epoch: [11/40], Step: [671/782], Loss: 0.660474956035614
Rank:0 Epoch: [11/40], Step: [681/782], Loss: 0.6117397546768188
Rank:0 Epoch: [11/40], Step: [691/782], Loss: 0.7536240816116333
Rank:0 Epoch: [11/40], Step: [701/782], Loss: 1.2297706604003906
Rank:0 Epoch: [11/40], Step: [711/782], Loss: 0.612922728061676
Rank:0 Epoch: [11/40], Step: [721/782], Loss: 0.6517736315727234
Rank:0 Epoch: [11/40], Step: [731/782], Loss: 0.42668670415878296
Rank:0 Epoch: [11/40], Step: [741/782], Loss: 0.4149579107761383
Rank:0 Epoch: [11/40], Step: [751/782], Loss: 0.4951925575733185
Rank:0 Epoch: [11/40], Step: [761/782], Loss: 0.7921319007873535
Rank:0 Epoch: [11/40], Step: [771/782], Loss: 0.5955671072006226
Rank:0 Epoch: [11/40], Step: [781/782], Loss: 0.3199354410171509
Current Test Acc: 0.8532
Rank:0 Epoch: [12/40], Step: [1/782], Loss: 0.476016104221344
Rank:0 Epoch: [12/40], Step: [11/782], Loss: 0.37043118476867676
Rank:0 Epoch: [12/40], Step: [21/782], Loss: 0.4666505455970764
Rank:0 Epoch: [12/40], Step: [31/782], Loss: 0.44895389676094055
Rank:0 Epoch: [12/40], Step: [41/782], Loss: 0.8926480412483215
Rank:0 Epoch: [12/40], Step: [51/782], Loss: 0.3957045078277588
Rank:0 Epoch: [12/40], Step: [61/782], Loss: 0.39143508672714233
Rank:0 Epoch: [12/40], Step: [71/782], Loss: 0.4187238812446594
Rank:0 Epoch: [12/40], Step: [81/782], Loss: 0.3662849962711334
Rank:0 Epoch: [12/40], Step: [91/782], Loss: 0.7144875526428223
Rank:0 Epoch: [12/40], Step: [101/782], Loss: 0.3462181091308594
Rank:0 Epoch: [12/40], Step: [111/782], Loss: 0.808905303478241
Rank:0 Epoch: [12/40], Step: [121/782], Loss: 0.7293248176574707
Rank:0 Epoch: [12/40], Step: [131/782], Loss: 0.3573332130908966
Rank:0 Epoch: [12/40], Step: [141/782], Loss: 0.35137850046157837
Rank:0 Epoch: [12/40], Step: [151/782], Loss: 0.6429269313812256
Rank:0 Epoch: [12/40], Step: [161/782], Loss: 0.40713033080101013
Rank:0 Epoch: [12/40], Step: [171/782], Loss: 0.5811910033226013
Rank:0 Epoch: [12/40], Step: [181/782], Loss: 0.43267202377319336
Rank:0 Epoch: [12/40], Step: [191/782], Loss: 0.5531680583953857
Rank:0 Epoch: [12/40], Step: [201/782], Loss: 0.3907340466976166
Rank:0 Epoch: [12/40], Step: [211/782], Loss: 0.33395373821258545
Rank:0 Epoch: [12/40], Step: [221/782], Loss: 0.5124083757400513
Rank:0 Epoch: [12/40], Step: [231/782], Loss: 0.696505069732666
Rank:0 Epoch: [12/40], Step: [241/782], Loss: 0.5440929532051086
Rank:0 Epoch: [12/40], Step: [251/782], Loss: 0.5334732532501221
Rank:0 Epoch: [12/40], Step: [261/782], Loss: 0.7598556876182556
Rank:0 Epoch: [12/40], Step: [271/782], Loss: 0.5579463839530945
Rank:0 Epoch: [12/40], Step: [281/782], Loss: 0.38780415058135986
Rank:0 Epoch: [12/40], Step: [291/782], Loss: 0.5120421648025513
Rank:0 Epoch: [12/40], Step: [301/782], Loss: 0.6222299933433533
Rank:0 Epoch: [12/40], Step: [311/782], Loss: 0.3424317538738251
Rank:0 Epoch: [12/40], Step: [321/782], Loss: 0.25988510251045227
Rank:0 Epoch: [12/40], Step: [331/782], Loss: 0.3965715765953064
Rank:0 Epoch: [12/40], Step: [341/782], Loss: 0.5426759719848633
Rank:0 Epoch: [12/40], Step: [351/782], Loss: 0.6817495822906494
Rank:0 Epoch: [12/40], Step: [361/782], Loss: 0.7226492166519165
Rank:0 Epoch: [12/40], Step: [371/782], Loss: 0.5728296637535095
Rank:0 Epoch: [12/40], Step: [381/782], Loss: 0.4065404534339905
Rank:0 Epoch: [12/40], Step: [391/782], Loss: 0.6355100870132446
Rank:0 Epoch: [12/40], Step: [401/782], Loss: 0.5691209435462952
Rank:0 Epoch: [12/40], Step: [411/782], Loss: 0.9334989190101624
Rank:0 Epoch: [12/40], Step: [421/782], Loss: 0.7409257888793945
Rank:0 Epoch: [12/40], Step: [431/782], Loss: 1.2675883769989014
Rank:0 Epoch: [12/40], Step: [441/782], Loss: 0.6197541952133179
Rank:0 Epoch: [12/40], Step: [451/782], Loss: 0.5000877976417542
Rank:0 Epoch: [12/40], Step: [461/782], Loss: 0.5306545495986938
Rank:0 Epoch: [12/40], Step: [471/782], Loss: 0.6537120342254639
Rank:0 Epoch: [12/40], Step: [481/782], Loss: 0.5533012747764587
Rank:0 Epoch: [12/40], Step: [491/782], Loss: 0.5872771739959717
Rank:0 Epoch: [12/40], Step: [501/782], Loss: 0.6359586119651794
Rank:0 Epoch: [12/40], Step: [511/782], Loss: 0.5300382375717163
Rank:0 Epoch: [12/40], Step: [521/782], Loss: 0.6617572903633118
Rank:0 Epoch: [12/40], Step: [531/782], Loss: 0.5245525240898132
Rank:0 Epoch: [12/40], Step: [541/782], Loss: 0.3497072756290436
Rank:0 Epoch: [12/40], Step: [551/782], Loss: 0.5046786069869995
Rank:0 Epoch: [12/40], Step: [561/782], Loss: 0.36467915773391724
Rank:0 Epoch: [12/40], Step: [571/782], Loss: 0.5866684317588806
Rank:0 Epoch: [12/40], Step: [581/782], Loss: 0.4913906455039978
Rank:0 Epoch: [12/40], Step: [591/782], Loss: 0.6179806590080261
Rank:0 Epoch: [12/40], Step: [601/782], Loss: 0.48811811208724976
Rank:0 Epoch: [12/40], Step: [611/782], Loss: 0.4342106282711029
Rank:0 Epoch: [12/40], Step: [621/782], Loss: 0.3842318058013916
Rank:0 Epoch: [12/40], Step: [631/782], Loss: 0.7289488315582275
Rank:0 Epoch: [12/40], Step: [641/782], Loss: 0.6037417054176331
Rank:0 Epoch: [12/40], Step: [651/782], Loss: 0.5023044347763062
Rank:0 Epoch: [12/40], Step: [661/782], Loss: 0.7970991730690002
Rank:0 Epoch: [12/40], Step: [671/782], Loss: 0.48206275701522827
Rank:0 Epoch: [12/40], Step: [681/782], Loss: 0.6332128643989563
Rank:0 Epoch: [12/40], Step: [691/782], Loss: 0.4033259153366089
Rank:0 Epoch: [12/40], Step: [701/782], Loss: 0.5311994552612305
Rank:0 Epoch: [12/40], Step: [711/782], Loss: 0.8972073793411255
Rank:0 Epoch: [12/40], Step: [721/782], Loss: 0.8113068342208862
Rank:0 Epoch: [12/40], Step: [731/782], Loss: 0.44981661438941956
Rank:0 Epoch: [12/40], Step: [741/782], Loss: 0.5455411076545715
Rank:0 Epoch: [12/40], Step: [751/782], Loss: 0.6248536705970764
Rank:0 Epoch: [12/40], Step: [761/782], Loss: 0.7613747715950012
Rank:0 Epoch: [12/40], Step: [771/782], Loss: 0.7429598569869995
Rank:0 Epoch: [12/40], Step: [781/782], Loss: 0.439105749130249
Current Test Acc: 0.8274
Rank:0 Epoch: [13/40], Step: [1/782], Loss: 1.0276546478271484
Rank:0 Epoch: [13/40], Step: [11/782], Loss: 0.49250102043151855
Rank:0 Epoch: [13/40], Step: [21/782], Loss: 0.38932004570961
Rank:0 Epoch: [13/40], Step: [31/782], Loss: 0.6588197350502014
Rank:0 Epoch: [13/40], Step: [41/782], Loss: 0.45595499873161316
Rank:0 Epoch: [13/40], Step: [51/782], Loss: 0.5304670333862305
Rank:0 Epoch: [13/40], Step: [61/782], Loss: 0.6015757322311401
Rank:0 Epoch: [13/40], Step: [71/782], Loss: 0.761076033115387
Rank:0 Epoch: [13/40], Step: [81/782], Loss: 0.5438655614852905
Rank:0 Epoch: [13/40], Step: [91/782], Loss: 0.5475159883499146
Rank:0 Epoch: [13/40], Step: [101/782], Loss: 0.3658016324043274
Rank:0 Epoch: [13/40], Step: [111/782], Loss: 0.3496944010257721
Rank:0 Epoch: [13/40], Step: [121/782], Loss: 0.7136582732200623
Rank:0 Epoch: [13/40], Step: [131/782], Loss: 0.5572933554649353
Rank:0 Epoch: [13/40], Step: [141/782], Loss: 0.5234532952308655
Rank:0 Epoch: [13/40], Step: [151/782], Loss: 0.43590474128723145
Rank:0 Epoch: [13/40], Step: [161/782], Loss: 0.5043327808380127
Rank:0 Epoch: [13/40], Step: [171/782], Loss: 0.459932804107666
Rank:0 Epoch: [13/40], Step: [181/782], Loss: 0.33364832401275635
Rank:0 Epoch: [13/40], Step: [191/782], Loss: 0.532659113407135
Rank:0 Epoch: [13/40], Step: [201/782], Loss: 0.3513982594013214
Rank:0 Epoch: [13/40], Step: [211/782], Loss: 0.5017225742340088
Rank:0 Epoch: [13/40], Step: [221/782], Loss: 0.4934559762477875
Rank:0 Epoch: [13/40], Step: [231/782], Loss: 0.7583369016647339
Rank:0 Epoch: [13/40], Step: [241/782], Loss: 0.8522520065307617
Rank:0 Epoch: [13/40], Step: [251/782], Loss: 0.20815366506576538
Rank:0 Epoch: [13/40], Step: [261/782], Loss: 0.8625621795654297
Rank:0 Epoch: [13/40], Step: [271/782], Loss: 0.4689517915248871
Rank:0 Epoch: [13/40], Step: [281/782], Loss: 0.45122531056404114
Rank:0 Epoch: [13/40], Step: [291/782], Loss: 0.515144407749176
Rank:0 Epoch: [13/40], Step: [301/782], Loss: 0.35874271392822266
Rank:0 Epoch: [13/40], Step: [311/782], Loss: 0.3658096492290497
Rank:0 Epoch: [13/40], Step: [321/782], Loss: 0.6408677101135254
Rank:0 Epoch: [13/40], Step: [331/782], Loss: 0.5214360356330872
Rank:0 Epoch: [13/40], Step: [341/782], Loss: 0.340609073638916
Rank:0 Epoch: [13/40], Step: [351/782], Loss: 1.176952600479126
Rank:0 Epoch: [13/40], Step: [361/782], Loss: 0.4732327461242676
Rank:0 Epoch: [13/40], Step: [371/782], Loss: 0.3954697549343109
Rank:0 Epoch: [13/40], Step: [381/782], Loss: 0.41160568594932556
Rank:0 Epoch: [13/40], Step: [391/782], Loss: 0.9813550710678101
Rank:0 Epoch: [13/40], Step: [401/782], Loss: 0.49179714918136597
Rank:0 Epoch: [13/40], Step: [411/782], Loss: 0.7618929147720337
Rank:0 Epoch: [13/40], Step: [421/782], Loss: 0.4566144049167633
Rank:0 Epoch: [13/40], Step: [431/782], Loss: 0.6821301579475403
Rank:0 Epoch: [13/40], Step: [441/782], Loss: 0.5313218235969543
Rank:0 Epoch: [13/40], Step: [451/782], Loss: 0.30330890417099
Rank:0 Epoch: [13/40], Step: [461/782], Loss: 0.7841580510139465
Rank:0 Epoch: [13/40], Step: [471/782], Loss: 0.4332856237888336
Rank:0 Epoch: [13/40], Step: [481/782], Loss: 0.49935492873191833
Rank:0 Epoch: [13/40], Step: [491/782], Loss: 0.396152526140213
Rank:0 Epoch: [13/40], Step: [501/782], Loss: 0.6872426867485046
Rank:0 Epoch: [13/40], Step: [511/782], Loss: 0.3497854769229889
Rank:0 Epoch: [13/40], Step: [521/782], Loss: 0.4090663194656372
Rank:0 Epoch: [13/40], Step: [531/782], Loss: 0.5613381266593933
Rank:0 Epoch: [13/40], Step: [541/782], Loss: 0.6481740474700928
Rank:0 Epoch: [13/40], Step: [551/782], Loss: 0.5460171699523926
Rank:0 Epoch: [13/40], Step: [561/782], Loss: 0.5022444725036621
Rank:0 Epoch: [13/40], Step: [571/782], Loss: 0.5535165667533875
Rank:0 Epoch: [13/40], Step: [581/782], Loss: 0.2509245276451111
Rank:0 Epoch: [13/40], Step: [591/782], Loss: 0.560638964176178
Rank:0 Epoch: [13/40], Step: [601/782], Loss: 0.5265026688575745
Rank:0 Epoch: [13/40], Step: [611/782], Loss: 0.3866328001022339
Rank:0 Epoch: [13/40], Step: [621/782], Loss: 0.6262084245681763
Rank:0 Epoch: [13/40], Step: [631/782], Loss: 0.999505341053009
Rank:0 Epoch: [13/40], Step: [641/782], Loss: 0.593842089176178
Rank:0 Epoch: [13/40], Step: [651/782], Loss: 0.5028402209281921
Rank:0 Epoch: [13/40], Step: [661/782], Loss: 0.5719371438026428
Rank:0 Epoch: [13/40], Step: [671/782], Loss: 0.6407878994941711
Rank:0 Epoch: [13/40], Step: [681/782], Loss: 0.5102766156196594
Rank:0 Epoch: [13/40], Step: [691/782], Loss: 0.6481078267097473
Rank:0 Epoch: [13/40], Step: [701/782], Loss: 0.7460522055625916
Rank:0 Epoch: [13/40], Step: [711/782], Loss: 0.4595102071762085
Rank:0 Epoch: [13/40], Step: [721/782], Loss: 0.4373936355113983
Rank:0 Epoch: [13/40], Step: [731/782], Loss: 0.4060901999473572
Rank:0 Epoch: [13/40], Step: [741/782], Loss: 0.7637895941734314
Rank:0 Epoch: [13/40], Step: [751/782], Loss: 0.8406102061271667
Rank:0 Epoch: [13/40], Step: [761/782], Loss: 0.49950581789016724
Rank:0 Epoch: [13/40], Step: [771/782], Loss: 0.686470627784729
Rank:0 Epoch: [13/40], Step: [781/782], Loss: 0.5922090411186218
Current Test Acc: 0.8237
Rank:0 Epoch: [14/40], Step: [1/782], Loss: 0.8208901286125183
Rank:0 Epoch: [14/40], Step: [11/782], Loss: 1.026021122932434
Rank:0 Epoch: [14/40], Step: [21/782], Loss: 0.6220217347145081
Rank:0 Epoch: [14/40], Step: [31/782], Loss: 0.748689591884613
Rank:0 Epoch: [14/40], Step: [41/782], Loss: 0.8025339841842651
Rank:0 Epoch: [14/40], Step: [51/782], Loss: 0.5280015468597412
Rank:0 Epoch: [14/40], Step: [61/782], Loss: 0.6116278171539307
Rank:0 Epoch: [14/40], Step: [71/782], Loss: 1.2584328651428223
Rank:0 Epoch: [14/40], Step: [81/782], Loss: 0.4975205361843109
Rank:0 Epoch: [14/40], Step: [91/782], Loss: 0.5177062153816223
Rank:0 Epoch: [14/40], Step: [101/782], Loss: 0.7670738101005554
Rank:0 Epoch: [14/40], Step: [111/782], Loss: 0.8139103055000305
Rank:0 Epoch: [14/40], Step: [121/782], Loss: 0.6849846243858337
Rank:0 Epoch: [14/40], Step: [131/782], Loss: 0.46306920051574707
Rank:0 Epoch: [14/40], Step: [141/782], Loss: 0.5334758162498474
Rank:0 Epoch: [14/40], Step: [151/782], Loss: 1.0422215461730957
Rank:0 Epoch: [14/40], Step: [161/782], Loss: 0.6012511253356934
Rank:0 Epoch: [14/40], Step: [171/782], Loss: 0.611176609992981
Rank:0 Epoch: [14/40], Step: [181/782], Loss: 0.44907301664352417
Rank:0 Epoch: [14/40], Step: [191/782], Loss: 0.575141429901123
Rank:0 Epoch: [14/40], Step: [201/782], Loss: 0.392735093832016
Rank:0 Epoch: [14/40], Step: [211/782], Loss: 0.5820848941802979
Rank:0 Epoch: [14/40], Step: [221/782], Loss: 0.5953180193901062
Rank:0 Epoch: [14/40], Step: [231/782], Loss: 0.8117187023162842
Rank:0 Epoch: [14/40], Step: [241/782], Loss: 0.44815951585769653
Rank:0 Epoch: [14/40], Step: [251/782], Loss: 0.4415748715400696
Rank:0 Epoch: [14/40], Step: [261/782], Loss: 0.7067806720733643
Rank:0 Epoch: [14/40], Step: [271/782], Loss: 0.84247887134552
Rank:0 Epoch: [14/40], Step: [281/782], Loss: 0.4504348933696747
Rank:0 Epoch: [14/40], Step: [291/782], Loss: 0.5851258039474487
Rank:0 Epoch: [14/40], Step: [301/782], Loss: 0.4343125820159912
Rank:0 Epoch: [14/40], Step: [311/782], Loss: 0.5885758996009827
Rank:0 Epoch: [14/40], Step: [321/782], Loss: 0.4307849109172821
Rank:0 Epoch: [14/40], Step: [331/782], Loss: 0.5921903848648071
Rank:0 Epoch: [14/40], Step: [341/782], Loss: 0.6926594972610474
Rank:0 Epoch: [14/40], Step: [351/782], Loss: 0.6013710498809814
Rank:0 Epoch: [14/40], Step: [361/782], Loss: 0.4091436564922333
Rank:0 Epoch: [14/40], Step: [371/782], Loss: 1.07859206199646
Rank:0 Epoch: [14/40], Step: [381/782], Loss: 0.7467058300971985
Rank:0 Epoch: [14/40], Step: [391/782], Loss: 0.3764418065547943
Rank:0 Epoch: [14/40], Step: [401/782], Loss: 0.3571041524410248
Rank:0 Epoch: [14/40], Step: [411/782], Loss: 0.34599655866622925
Rank:0 Epoch: [14/40], Step: [421/782], Loss: 0.5446039438247681
Rank:0 Epoch: [14/40], Step: [431/782], Loss: 0.6390128135681152
Rank:0 Epoch: [14/40], Step: [441/782], Loss: 0.3892101049423218
Rank:0 Epoch: [14/40], Step: [451/782], Loss: 0.7344163060188293
Rank:0 Epoch: [14/40], Step: [461/782], Loss: 0.7550179362297058
Rank:0 Epoch: [14/40], Step: [471/782], Loss: 0.6340420842170715
Rank:0 Epoch: [14/40], Step: [481/782], Loss: 0.6744941473007202
Rank:0 Epoch: [14/40], Step: [491/782], Loss: 0.4401099979877472
Rank:0 Epoch: [14/40], Step: [501/782], Loss: 0.45652440190315247
Rank:0 Epoch: [14/40], Step: [511/782], Loss: 0.4595964550971985
Rank:0 Epoch: [14/40], Step: [521/782], Loss: 0.34969067573547363
Rank:0 Epoch: [14/40], Step: [531/782], Loss: 0.4890078008174896
Rank:0 Epoch: [14/40], Step: [541/782], Loss: 0.5136626958847046
Rank:0 Epoch: [14/40], Step: [551/782], Loss: 0.47267818450927734
Rank:0 Epoch: [14/40], Step: [561/782], Loss: 0.5362191200256348
Rank:0 Epoch: [14/40], Step: [571/782], Loss: 0.460988849401474
Rank:0 Epoch: [14/40], Step: [581/782], Loss: 0.7378504276275635
Rank:0 Epoch: [14/40], Step: [591/782], Loss: 0.6121086478233337
Rank:0 Epoch: [14/40], Step: [601/782], Loss: 0.6514651775360107
Rank:0 Epoch: [14/40], Step: [611/782], Loss: 0.5913944244384766
Rank:0 Epoch: [14/40], Step: [621/782], Loss: 0.5042087435722351
Rank:0 Epoch: [14/40], Step: [631/782], Loss: 0.22517558932304382
Rank:0 Epoch: [14/40], Step: [641/782], Loss: 0.44041135907173157
Rank:0 Epoch: [14/40], Step: [651/782], Loss: 0.4471839964389801
Rank:0 Epoch: [14/40], Step: [661/782], Loss: 0.3513840436935425
Rank:0 Epoch: [14/40], Step: [671/782], Loss: 0.6574958562850952
Rank:0 Epoch: [14/40], Step: [681/782], Loss: 0.655825674533844
Rank:0 Epoch: [14/40], Step: [691/782], Loss: 0.49760815501213074
Rank:0 Epoch: [14/40], Step: [701/782], Loss: 0.41013258695602417
Rank:0 Epoch: [14/40], Step: [711/782], Loss: 0.5000962018966675
Rank:0 Epoch: [14/40], Step: [721/782], Loss: 0.5546271204948425
Rank:0 Epoch: [14/40], Step: [731/782], Loss: 0.5379133224487305
Rank:0 Epoch: [14/40], Step: [741/782], Loss: 0.26668933033943176
Rank:0 Epoch: [14/40], Step: [751/782], Loss: 0.3194699287414551
Rank:0 Epoch: [14/40], Step: [761/782], Loss: 0.2762073278427124
Rank:0 Epoch: [14/40], Step: [771/782], Loss: 0.5763226747512817
Rank:0 Epoch: [14/40], Step: [781/782], Loss: 0.3267318904399872
Current Test Acc: 0.8026
Rank:0 Epoch: [15/40], Step: [1/782], Loss: 0.7858209013938904
Rank:0 Epoch: [15/40], Step: [11/782], Loss: 0.7080764174461365
Rank:0 Epoch: [15/40], Step: [21/782], Loss: 0.37972453236579895
Rank:0 Epoch: [15/40], Step: [31/782], Loss: 0.5486440062522888
Rank:0 Epoch: [15/40], Step: [41/782], Loss: 0.6738457083702087
Rank:0 Epoch: [15/40], Step: [51/782], Loss: 0.6328966617584229
Rank:0 Epoch: [15/40], Step: [61/782], Loss: 0.416801780462265
Rank:0 Epoch: [15/40], Step: [71/782], Loss: 0.6119499206542969
Rank:0 Epoch: [15/40], Step: [81/782], Loss: 0.4121674597263336
Rank:0 Epoch: [15/40], Step: [91/782], Loss: 0.41203126311302185
Rank:0 Epoch: [15/40], Step: [101/782], Loss: 0.3755514919757843
Rank:0 Epoch: [15/40], Step: [111/782], Loss: 0.4294939637184143
Rank:0 Epoch: [15/40], Step: [121/782], Loss: 0.5182619690895081
Rank:0 Epoch: [15/40], Step: [131/782], Loss: 0.7979609966278076
Rank:0 Epoch: [15/40], Step: [141/782], Loss: 0.7850906252861023
Rank:0 Epoch: [15/40], Step: [151/782], Loss: 0.4909389317035675
Rank:0 Epoch: [15/40], Step: [161/782], Loss: 0.8041659593582153
Rank:0 Epoch: [15/40], Step: [171/782], Loss: 0.45061159133911133
Rank:0 Epoch: [15/40], Step: [181/782], Loss: 0.489657461643219
Rank:0 Epoch: [15/40], Step: [191/782], Loss: 0.5022595524787903
Rank:0 Epoch: [15/40], Step: [201/782], Loss: 0.5698617696762085
Rank:0 Epoch: [15/40], Step: [211/782], Loss: 0.6377729177474976
Rank:0 Epoch: [15/40], Step: [221/782], Loss: 0.5444297194480896
Rank:0 Epoch: [15/40], Step: [231/782], Loss: 0.6224427223205566
Rank:0 Epoch: [15/40], Step: [241/782], Loss: 0.6459860801696777
Rank:0 Epoch: [15/40], Step: [251/782], Loss: 0.6278411746025085
Rank:0 Epoch: [15/40], Step: [261/782], Loss: 0.5929206013679504
Rank:0 Epoch: [15/40], Step: [271/782], Loss: 0.5325502157211304
Rank:0 Epoch: [15/40], Step: [281/782], Loss: 0.47483304142951965
Rank:0 Epoch: [15/40], Step: [291/782], Loss: 0.6571540236473083
Rank:0 Epoch: [15/40], Step: [301/782], Loss: 0.6097671985626221
Rank:0 Epoch: [15/40], Step: [311/782], Loss: 0.3528915345668793
Rank:0 Epoch: [15/40], Step: [321/782], Loss: 0.4467293918132782
Rank:0 Epoch: [15/40], Step: [331/782], Loss: 0.39659765362739563
Rank:0 Epoch: [15/40], Step: [341/782], Loss: 0.53644859790802
Rank:0 Epoch: [15/40], Step: [351/782], Loss: 0.7197104692459106
Rank:0 Epoch: [15/40], Step: [361/782], Loss: 0.506488025188446
Rank:0 Epoch: [15/40], Step: [371/782], Loss: 0.5028367042541504
Rank:0 Epoch: [15/40], Step: [381/782], Loss: 0.8650251030921936
Rank:0 Epoch: [15/40], Step: [391/782], Loss: 0.3616633117198944
Rank:0 Epoch: [15/40], Step: [401/782], Loss: 0.5765050649642944
Rank:0 Epoch: [15/40], Step: [411/782], Loss: 0.5535017848014832
Rank:0 Epoch: [15/40], Step: [421/782], Loss: 0.5363916158676147
Rank:0 Epoch: [15/40], Step: [431/782], Loss: 0.6466426849365234
Rank:0 Epoch: [15/40], Step: [441/782], Loss: 0.7366931438446045
Rank:0 Epoch: [15/40], Step: [451/782], Loss: 0.33824121952056885
Rank:0 Epoch: [15/40], Step: [461/782], Loss: 0.6507487297058105
Rank:0 Epoch: [15/40], Step: [471/782], Loss: 0.6269333362579346
Rank:0 Epoch: [15/40], Step: [481/782], Loss: 0.7288025617599487
Rank:0 Epoch: [15/40], Step: [491/782], Loss: 0.5021744966506958
Rank:0 Epoch: [15/40], Step: [501/782], Loss: 0.6260710954666138
Rank:0 Epoch: [15/40], Step: [511/782], Loss: 0.6131893396377563
Rank:0 Epoch: [15/40], Step: [521/782], Loss: 0.6010303497314453
Rank:0 Epoch: [15/40], Step: [531/782], Loss: 0.5362329483032227
Rank:0 Epoch: [15/40], Step: [541/782], Loss: 0.8665677309036255
Rank:0 Epoch: [15/40], Step: [551/782], Loss: 0.6122428178787231
Rank:0 Epoch: [15/40], Step: [561/782], Loss: 0.6889267563819885
Rank:0 Epoch: [15/40], Step: [571/782], Loss: 0.39826667308807373
Rank:0 Epoch: [15/40], Step: [581/782], Loss: 0.641933023929596
Rank:0 Epoch: [15/40], Step: [591/782], Loss: 0.31521832942962646
Rank:0 Epoch: [15/40], Step: [601/782], Loss: 0.46841856837272644
Rank:0 Epoch: [15/40], Step: [611/782], Loss: 0.7465678453445435
Rank:0 Epoch: [15/40], Step: [621/782], Loss: 0.6443800330162048
Rank:0 Epoch: [15/40], Step: [631/782], Loss: 0.5017023682594299
Rank:0 Epoch: [15/40], Step: [641/782], Loss: 0.45206308364868164
Rank:0 Epoch: [15/40], Step: [651/782], Loss: 0.664655327796936
Rank:0 Epoch: [15/40], Step: [661/782], Loss: 0.5605500936508179
Rank:0 Epoch: [15/40], Step: [671/782], Loss: 0.5109296441078186
Rank:0 Epoch: [15/40], Step: [681/782], Loss: 0.8368064165115356
Rank:0 Epoch: [15/40], Step: [691/782], Loss: 0.8983275294303894
Rank:0 Epoch: [15/40], Step: [701/782], Loss: 0.3053944408893585
Rank:0 Epoch: [15/40], Step: [711/782], Loss: 0.509760320186615
Rank:0 Epoch: [15/40], Step: [721/782], Loss: 0.5609146356582642
Rank:0 Epoch: [15/40], Step: [731/782], Loss: 0.6374955773353577
Rank:0 Epoch: [15/40], Step: [741/782], Loss: 0.6965362429618835
Rank:0 Epoch: [15/40], Step: [751/782], Loss: 0.3228030204772949
Rank:0 Epoch: [15/40], Step: [761/782], Loss: 0.6701444387435913
Rank:0 Epoch: [15/40], Step: [771/782], Loss: 0.6103377938270569
Rank:0 Epoch: [15/40], Step: [781/782], Loss: 0.49200695753097534
Current Test Acc: 0.8205
Rank:0 Epoch: [16/40], Step: [1/782], Loss: 0.5980163216590881
Rank:0 Epoch: [16/40], Step: [11/782], Loss: 0.6976601481437683
Rank:0 Epoch: [16/40], Step: [21/782], Loss: 0.6124773621559143
Rank:0 Epoch: [16/40], Step: [31/782], Loss: 0.4706571102142334
Rank:0 Epoch: [16/40], Step: [41/782], Loss: 0.5061143636703491
Rank:0 Epoch: [16/40], Step: [51/782], Loss: 0.6398395299911499
Rank:0 Epoch: [16/40], Step: [61/782], Loss: 0.5858674049377441
Rank:0 Epoch: [16/40], Step: [71/782], Loss: 0.4551452100276947
Rank:0 Epoch: [16/40], Step: [81/782], Loss: 0.42989978194236755
Rank:0 Epoch: [16/40], Step: [91/782], Loss: 0.5318096876144409
Rank:0 Epoch: [16/40], Step: [101/782], Loss: 0.6299708485603333
Rank:0 Epoch: [16/40], Step: [111/782], Loss: 0.6041218042373657
Rank:0 Epoch: [16/40], Step: [121/782], Loss: 0.5213790535926819
Rank:0 Epoch: [16/40], Step: [131/782], Loss: 0.43580320477485657
Rank:0 Epoch: [16/40], Step: [141/782], Loss: 0.3922748565673828
Rank:0 Epoch: [16/40], Step: [151/782], Loss: 0.1672273874282837
Rank:0 Epoch: [16/40], Step: [161/782], Loss: 0.7308539152145386
Rank:0 Epoch: [16/40], Step: [171/782], Loss: 0.9085572957992554
Rank:0 Epoch: [16/40], Step: [181/782], Loss: 0.3637598156929016
Rank:0 Epoch: [16/40], Step: [191/782], Loss: 0.5528551936149597
Rank:0 Epoch: [16/40], Step: [201/782], Loss: 0.5291909575462341
Rank:0 Epoch: [16/40], Step: [211/782], Loss: 0.6188987493515015
Rank:0 Epoch: [16/40], Step: [221/782], Loss: 0.4681020975112915
Rank:0 Epoch: [16/40], Step: [231/782], Loss: 0.345853328704834
Rank:0 Epoch: [16/40], Step: [241/782], Loss: 0.5457868576049805
Rank:0 Epoch: [16/40], Step: [251/782], Loss: 0.45431870222091675
Rank:0 Epoch: [16/40], Step: [261/782], Loss: 0.7172146439552307
Rank:0 Epoch: [16/40], Step: [271/782], Loss: 0.5281203389167786
Rank:0 Epoch: [16/40], Step: [281/782], Loss: 0.7398772239685059
Rank:0 Epoch: [16/40], Step: [291/782], Loss: 0.5679515600204468
Rank:0 Epoch: [16/40], Step: [301/782], Loss: 0.620843768119812
Rank:0 Epoch: [16/40], Step: [311/782], Loss: 0.3779047429561615
Rank:0 Epoch: [16/40], Step: [321/782], Loss: 0.3973979949951172
Rank:0 Epoch: [16/40], Step: [331/782], Loss: 0.5705848932266235
Rank:0 Epoch: [16/40], Step: [341/782], Loss: 0.45719629526138306
Rank:0 Epoch: [16/40], Step: [351/782], Loss: 0.8890156745910645
Rank:0 Epoch: [16/40], Step: [361/782], Loss: 0.3388362228870392
Rank:0 Epoch: [16/40], Step: [371/782], Loss: 0.3295709788799286
Rank:0 Epoch: [16/40], Step: [381/782], Loss: 0.8455915451049805
Rank:0 Epoch: [16/40], Step: [391/782], Loss: 0.6547536849975586
Rank:0 Epoch: [16/40], Step: [401/782], Loss: 0.4673568606376648
Rank:0 Epoch: [16/40], Step: [411/782], Loss: 1.8530871868133545
Rank:0 Epoch: [16/40], Step: [421/782], Loss: 0.993013858795166
Rank:0 Epoch: [16/40], Step: [431/782], Loss: 1.2903255224227905
Rank:0 Epoch: [16/40], Step: [441/782], Loss: 0.45334768295288086
Rank:0 Epoch: [16/40], Step: [451/782], Loss: 1.0959453582763672
Rank:0 Epoch: [16/40], Step: [461/782], Loss: 0.5915780663490295
Rank:0 Epoch: [16/40], Step: [471/782], Loss: 0.7203598022460938
Rank:0 Epoch: [16/40], Step: [481/782], Loss: 0.5748027563095093
Rank:0 Epoch: [16/40], Step: [491/782], Loss: 0.48500698804855347
Rank:0 Epoch: [16/40], Step: [501/782], Loss: 0.4019956886768341
Rank:0 Epoch: [16/40], Step: [511/782], Loss: 0.6444727182388306
Rank:0 Epoch: [16/40], Step: [521/782], Loss: 0.3729223608970642
Rank:0 Epoch: [16/40], Step: [531/782], Loss: 0.520673930644989
Rank:0 Epoch: [16/40], Step: [541/782], Loss: 0.5161066651344299
Rank:0 Epoch: [16/40], Step: [551/782], Loss: 0.4382651448249817
Rank:0 Epoch: [16/40], Step: [561/782], Loss: 0.4763142764568329
Rank:0 Epoch: [16/40], Step: [571/782], Loss: 0.5115163922309875
Rank:0 Epoch: [16/40], Step: [581/782], Loss: 0.4017024636268616
Rank:0 Epoch: [16/40], Step: [591/782], Loss: 0.2589193880558014
Rank:0 Epoch: [16/40], Step: [601/782], Loss: 0.4733673334121704
Rank:0 Epoch: [16/40], Step: [611/782], Loss: 0.595894455909729
Rank:0 Epoch: [16/40], Step: [621/782], Loss: 0.7092977166175842
Rank:0 Epoch: [16/40], Step: [631/782], Loss: 0.6490365862846375
Rank:0 Epoch: [16/40], Step: [641/782], Loss: 0.4142560362815857
Rank:0 Epoch: [16/40], Step: [651/782], Loss: 0.6595820188522339
Rank:0 Epoch: [16/40], Step: [661/782], Loss: 0.5999870300292969
Rank:0 Epoch: [16/40], Step: [671/782], Loss: 0.6611837148666382
Rank:0 Epoch: [16/40], Step: [681/782], Loss: 0.6119188666343689
Rank:0 Epoch: [16/40], Step: [691/782], Loss: 0.6072393655776978
Rank:0 Epoch: [16/40], Step: [701/782], Loss: 0.5506600737571716
Rank:0 Epoch: [16/40], Step: [711/782], Loss: 0.4992334246635437
Rank:0 Epoch: [16/40], Step: [721/782], Loss: 0.6691083312034607
Rank:0 Epoch: [16/40], Step: [731/782], Loss: 0.40489843487739563
Rank:0 Epoch: [16/40], Step: [741/782], Loss: 0.7772408127784729
Rank:0 Epoch: [16/40], Step: [751/782], Loss: 0.8079822659492493
Rank:0 Epoch: [16/40], Step: [761/782], Loss: 0.5583170056343079
Rank:0 Epoch: [16/40], Step: [771/782], Loss: 0.4552207589149475
Rank:0 Epoch: [16/40], Step: [781/782], Loss: 0.48849862813949585
Current Test Acc: 0.8488
Rank:0 Epoch: [17/40], Step: [1/782], Loss: 0.4550977051258087
Rank:0 Epoch: [17/40], Step: [11/782], Loss: 0.32915136218070984
Rank:0 Epoch: [17/40], Step: [21/782], Loss: 0.2690844237804413
Rank:0 Epoch: [17/40], Step: [31/782], Loss: 0.4331040382385254
Rank:0 Epoch: [17/40], Step: [41/782], Loss: 0.6504804491996765
Rank:0 Epoch: [17/40], Step: [51/782], Loss: 0.5287862420082092
Rank:0 Epoch: [17/40], Step: [61/782], Loss: 0.6067266464233398
Rank:0 Epoch: [17/40], Step: [71/782], Loss: 0.5051654577255249
Rank:0 Epoch: [17/40], Step: [81/782], Loss: 0.3273172974586487
Rank:0 Epoch: [17/40], Step: [91/782], Loss: 0.29365381598472595
Rank:0 Epoch: [17/40], Step: [101/782], Loss: 0.3398745357990265
Rank:0 Epoch: [17/40], Step: [111/782], Loss: 0.6445038318634033
Rank:0 Epoch: [17/40], Step: [121/782], Loss: 0.4214821457862854
Rank:0 Epoch: [17/40], Step: [131/782], Loss: 0.553712785243988
Rank:0 Epoch: [17/40], Step: [141/782], Loss: 0.5722975134849548
Rank:0 Epoch: [17/40], Step: [151/782], Loss: 0.254565566778183
Rank:0 Epoch: [17/40], Step: [161/782], Loss: 0.7262716889381409
Rank:0 Epoch: [17/40], Step: [171/782], Loss: 0.577388346195221
Rank:0 Epoch: [17/40], Step: [181/782], Loss: 0.717717707157135
Rank:0 Epoch: [17/40], Step: [191/782], Loss: 0.6556800007820129
Rank:0 Epoch: [17/40], Step: [201/782], Loss: 0.734581470489502
Rank:0 Epoch: [17/40], Step: [211/782], Loss: 0.7354082465171814
Rank:0 Epoch: [17/40], Step: [221/782], Loss: 0.5268017649650574
Rank:0 Epoch: [17/40], Step: [231/782], Loss: 0.753986656665802
Rank:0 Epoch: [17/40], Step: [241/782], Loss: 0.3129812479019165
Rank:0 Epoch: [17/40], Step: [251/782], Loss: 0.49224260449409485
Rank:0 Epoch: [17/40], Step: [261/782], Loss: 0.590793788433075
Rank:0 Epoch: [17/40], Step: [271/782], Loss: 0.43446245789527893
Rank:0 Epoch: [17/40], Step: [281/782], Loss: 0.4906061291694641
Rank:0 Epoch: [17/40], Step: [291/782], Loss: 0.5808794498443604
Rank:0 Epoch: [17/40], Step: [301/782], Loss: 0.4201626777648926
Rank:0 Epoch: [17/40], Step: [311/782], Loss: 0.6205326914787292
Rank:0 Epoch: [17/40], Step: [321/782], Loss: 0.5966764092445374
Rank:0 Epoch: [17/40], Step: [331/782], Loss: 0.30997875332832336
Rank:0 Epoch: [17/40], Step: [341/782], Loss: 0.5975040197372437
Rank:0 Epoch: [17/40], Step: [351/782], Loss: 0.4991806745529175
Rank:0 Epoch: [17/40], Step: [361/782], Loss: 0.36770835518836975
Rank:0 Epoch: [17/40], Step: [371/782], Loss: 0.3939070701599121
Rank:0 Epoch: [17/40], Step: [381/782], Loss: 0.8737307190895081
Rank:0 Epoch: [17/40], Step: [391/782], Loss: 0.5579062104225159
Rank:0 Epoch: [17/40], Step: [401/782], Loss: 0.6634358167648315
Rank:0 Epoch: [17/40], Step: [411/782], Loss: 0.5540872812271118
Rank:0 Epoch: [17/40], Step: [421/782], Loss: 0.44734081625938416
Rank:0 Epoch: [17/40], Step: [431/782], Loss: 0.47938090562820435
Rank:0 Epoch: [17/40], Step: [441/782], Loss: 0.7065333127975464
Rank:0 Epoch: [17/40], Step: [451/782], Loss: 0.7246243357658386
Rank:0 Epoch: [17/40], Step: [461/782], Loss: 0.4902040660381317
Rank:0 Epoch: [17/40], Step: [471/782], Loss: 0.5615006685256958
Rank:0 Epoch: [17/40], Step: [481/782], Loss: 0.35675448179244995
Rank:0 Epoch: [17/40], Step: [491/782], Loss: 0.6958073377609253
Rank:0 Epoch: [17/40], Step: [501/782], Loss: 0.5677897930145264
Rank:0 Epoch: [17/40], Step: [511/782], Loss: 0.48998257517814636
Rank:0 Epoch: [17/40], Step: [521/782], Loss: 0.37375181913375854
Rank:0 Epoch: [17/40], Step: [531/782], Loss: 0.6821743249893188
Rank:0 Epoch: [17/40], Step: [541/782], Loss: 0.4882867634296417
Rank:0 Epoch: [17/40], Step: [551/782], Loss: 0.5858603119850159
Rank:0 Epoch: [17/40], Step: [561/782], Loss: 0.5812206268310547
Rank:0 Epoch: [17/40], Step: [571/782], Loss: 0.4289914667606354
Rank:0 Epoch: [17/40], Step: [581/782], Loss: 0.49501559138298035
Rank:0 Epoch: [17/40], Step: [591/782], Loss: 0.2524479329586029
Rank:0 Epoch: [17/40], Step: [601/782], Loss: 0.2925592362880707
Rank:0 Epoch: [17/40], Step: [611/782], Loss: 0.4831515848636627
Rank:0 Epoch: [17/40], Step: [621/782], Loss: 0.40021929144859314
Rank:0 Epoch: [17/40], Step: [631/782], Loss: 0.4816156327724457
Rank:0 Epoch: [17/40], Step: [641/782], Loss: 0.6150251030921936
Rank:0 Epoch: [17/40], Step: [651/782], Loss: 0.4643511474132538
Rank:0 Epoch: [17/40], Step: [661/782], Loss: 0.4688808023929596
Rank:0 Epoch: [17/40], Step: [671/782], Loss: 0.2919791340827942
Rank:0 Epoch: [17/40], Step: [681/782], Loss: 0.25695496797561646
Rank:0 Epoch: [17/40], Step: [691/782], Loss: 0.4141477942466736
Rank:0 Epoch: [17/40], Step: [701/782], Loss: 0.5815568566322327
Rank:0 Epoch: [17/40], Step: [711/782], Loss: 0.645168662071228
Rank:0 Epoch: [17/40], Step: [721/782], Loss: 0.7113259434700012
Rank:0 Epoch: [17/40], Step: [731/782], Loss: 0.5597555637359619
Rank:0 Epoch: [17/40], Step: [741/782], Loss: 0.5311247706413269
Rank:0 Epoch: [17/40], Step: [751/782], Loss: 1.3835288286209106
Rank:0 Epoch: [17/40], Step: [761/782], Loss: 0.6327709555625916
Rank:0 Epoch: [17/40], Step: [771/782], Loss: 0.6408253312110901
Rank:0 Epoch: [17/40], Step: [781/782], Loss: 0.4497174322605133
Current Test Acc: 0.8419
Rank:0 Epoch: [18/40], Step: [1/782], Loss: 0.3507843017578125
Rank:0 Epoch: [18/40], Step: [11/782], Loss: 0.6360532641410828
Rank:0 Epoch: [18/40], Step: [21/782], Loss: 0.6418775916099548
Rank:0 Epoch: [18/40], Step: [31/782], Loss: 0.27760639786720276
Rank:0 Epoch: [18/40], Step: [41/782], Loss: 0.4619430899620056
Rank:0 Epoch: [18/40], Step: [51/782], Loss: 0.3653290271759033
Rank:0 Epoch: [18/40], Step: [61/782], Loss: 0.5531430840492249
Rank:0 Epoch: [18/40], Step: [71/782], Loss: 0.6240711808204651
Rank:0 Epoch: [18/40], Step: [81/782], Loss: 0.6153388619422913
Rank:0 Epoch: [18/40], Step: [91/782], Loss: 0.6385502219200134
Rank:0 Epoch: [18/40], Step: [101/782], Loss: 0.3636617064476013
Rank:0 Epoch: [18/40], Step: [111/782], Loss: 0.24100114405155182
Rank:0 Epoch: [18/40], Step: [121/782], Loss: 0.3753952085971832
Rank:0 Epoch: [18/40], Step: [131/782], Loss: 0.38631463050842285
Rank:0 Epoch: [18/40], Step: [141/782], Loss: 0.2838546931743622
Rank:0 Epoch: [18/40], Step: [151/782], Loss: 0.48260176181793213
Rank:0 Epoch: [18/40], Step: [161/782], Loss: 0.5526750087738037
Rank:0 Epoch: [18/40], Step: [171/782], Loss: 0.5965429544448853
Rank:0 Epoch: [18/40], Step: [181/782], Loss: 0.3164076805114746
Rank:0 Epoch: [18/40], Step: [191/782], Loss: 0.8393690586090088
Rank:0 Epoch: [18/40], Step: [201/782], Loss: 0.3597218096256256
Rank:0 Epoch: [18/40], Step: [211/782], Loss: 0.4728136360645294
Rank:0 Epoch: [18/40], Step: [221/782], Loss: 0.2699790298938751
Rank:0 Epoch: [18/40], Step: [231/782], Loss: 0.517262876033783
Rank:0 Epoch: [18/40], Step: [241/782], Loss: 0.42317283153533936
Rank:0 Epoch: [18/40], Step: [251/782], Loss: 0.5623904466629028
Rank:0 Epoch: [18/40], Step: [261/782], Loss: 1.3268526792526245
Rank:0 Epoch: [18/40], Step: [271/782], Loss: 0.7212851643562317
Rank:0 Epoch: [18/40], Step: [281/782], Loss: 0.534973680973053
Rank:0 Epoch: [18/40], Step: [291/782], Loss: 0.6756215691566467
Rank:0 Epoch: [18/40], Step: [301/782], Loss: 0.5129223465919495
Rank:0 Epoch: [18/40], Step: [311/782], Loss: 0.5648461580276489
Rank:0 Epoch: [18/40], Step: [321/782], Loss: 0.6799191236495972
Rank:0 Epoch: [18/40], Step: [331/782], Loss: 1.0019229650497437
Rank:0 Epoch: [18/40], Step: [341/782], Loss: 0.6702257394790649
Rank:0 Epoch: [18/40], Step: [351/782], Loss: 0.6431451439857483
Rank:0 Epoch: [18/40], Step: [361/782], Loss: 0.5700559616088867
Rank:0 Epoch: [18/40], Step: [371/782], Loss: 0.594902753829956
Rank:0 Epoch: [18/40], Step: [381/782], Loss: 0.20521889626979828
Rank:0 Epoch: [18/40], Step: [391/782], Loss: 0.5395998954772949
Rank:0 Epoch: [18/40], Step: [401/782], Loss: 0.5734028220176697
Rank:0 Epoch: [18/40], Step: [411/782], Loss: 0.22278521955013275
Rank:0 Epoch: [18/40], Step: [421/782], Loss: 0.3642469644546509
Rank:0 Epoch: [18/40], Step: [431/782], Loss: 0.8541417717933655
Rank:0 Epoch: [18/40], Step: [441/782], Loss: 0.842720627784729
Rank:0 Epoch: [18/40], Step: [451/782], Loss: 0.5279890894889832
Rank:0 Epoch: [18/40], Step: [461/782], Loss: 0.9362016320228577
Rank:0 Epoch: [18/40], Step: [471/782], Loss: 0.49559858441352844
Rank:0 Epoch: [18/40], Step: [481/782], Loss: 0.6983923316001892
Rank:0 Epoch: [18/40], Step: [491/782], Loss: 0.691055178642273
Rank:0 Epoch: [18/40], Step: [501/782], Loss: 0.4545300304889679
Rank:0 Epoch: [18/40], Step: [511/782], Loss: 0.46676263213157654
Rank:0 Epoch: [18/40], Step: [521/782], Loss: 0.34641528129577637
Rank:0 Epoch: [18/40], Step: [531/782], Loss: 0.37200793623924255
Rank:0 Epoch: [18/40], Step: [541/782], Loss: 0.44816333055496216
Rank:0 Epoch: [18/40], Step: [551/782], Loss: 0.29415440559387207
Rank:0 Epoch: [18/40], Step: [561/782], Loss: 0.5489229559898376
Rank:0 Epoch: [18/40], Step: [571/782], Loss: 0.7323342561721802
Rank:0 Epoch: [18/40], Step: [581/782], Loss: 0.407084196805954
Rank:0 Epoch: [18/40], Step: [591/782], Loss: 0.34534960985183716
Rank:0 Epoch: [18/40], Step: [601/782], Loss: 0.47902336716651917
Rank:0 Epoch: [18/40], Step: [611/782], Loss: 0.7769432067871094
Rank:0 Epoch: [18/40], Step: [621/782], Loss: 0.2511869966983795
Rank:0 Epoch: [18/40], Step: [631/782], Loss: 0.5518649816513062
Rank:0 Epoch: [18/40], Step: [641/782], Loss: 0.39031168818473816
Rank:0 Epoch: [18/40], Step: [651/782], Loss: 0.41458356380462646
Rank:0 Epoch: [18/40], Step: [661/782], Loss: 0.7699817419052124
Rank:0 Epoch: [18/40], Step: [671/782], Loss: 0.5662969946861267
Rank:0 Epoch: [18/40], Step: [681/782], Loss: 0.5227841734886169
Rank:0 Epoch: [18/40], Step: [691/782], Loss: 0.6465116739273071
Rank:0 Epoch: [18/40], Step: [701/782], Loss: 0.538343071937561
Rank:0 Epoch: [18/40], Step: [711/782], Loss: 0.47474902868270874
Rank:0 Epoch: [18/40], Step: [721/782], Loss: 0.4130115807056427
Rank:0 Epoch: [18/40], Step: [731/782], Loss: 0.44735705852508545
Rank:0 Epoch: [18/40], Step: [741/782], Loss: 0.48093995451927185
Rank:0 Epoch: [18/40], Step: [751/782], Loss: 0.3111652135848999
Rank:0 Epoch: [18/40], Step: [761/782], Loss: 0.5573084950447083
Rank:0 Epoch: [18/40], Step: [771/782], Loss: 0.6782422065734863
Rank:0 Epoch: [18/40], Step: [781/782], Loss: 0.4060054123401642
Current Test Acc: 0.8086
Rank:0 Epoch: [19/40], Step: [1/782], Loss: 0.37619906663894653
Rank:0 Epoch: [19/40], Step: [11/782], Loss: 0.3034929633140564
Rank:0 Epoch: [19/40], Step: [21/782], Loss: 0.5373057723045349
Rank:0 Epoch: [19/40], Step: [31/782], Loss: 0.3600069284439087
Rank:0 Epoch: [19/40], Step: [41/782], Loss: 0.4905543625354767
Rank:0 Epoch: [19/40], Step: [51/782], Loss: 0.5038363337516785
Rank:0 Epoch: [19/40], Step: [61/782], Loss: 0.3537786304950714
Rank:0 Epoch: [19/40], Step: [71/782], Loss: 0.6961595416069031
Rank:0 Epoch: [19/40], Step: [81/782], Loss: 0.5017111897468567
Rank:0 Epoch: [19/40], Step: [91/782], Loss: 0.8430165648460388
Rank:0 Epoch: [19/40], Step: [101/782], Loss: 0.3982037603855133
Rank:0 Epoch: [19/40], Step: [111/782], Loss: 0.4772510230541229
Rank:0 Epoch: [19/40], Step: [121/782], Loss: 0.5076711177825928
Rank:0 Epoch: [19/40], Step: [131/782], Loss: 0.6715779304504395
Rank:0 Epoch: [19/40], Step: [141/782], Loss: 0.8091253638267517
Rank:0 Epoch: [19/40], Step: [151/782], Loss: 0.5290682315826416
Rank:0 Epoch: [19/40], Step: [161/782], Loss: 0.6670372486114502
Rank:0 Epoch: [19/40], Step: [171/782], Loss: 0.6013875007629395
Rank:0 Epoch: [19/40], Step: [181/782], Loss: 0.36021697521209717
Rank:0 Epoch: [19/40], Step: [191/782], Loss: 0.6141432523727417
Rank:0 Epoch: [19/40], Step: [201/782], Loss: 0.399891197681427
Rank:0 Epoch: [19/40], Step: [211/782], Loss: 0.5434594750404358
Rank:0 Epoch: [19/40], Step: [221/782], Loss: 0.48179489374160767
Rank:0 Epoch: [19/40], Step: [231/782], Loss: 0.5640633702278137
Rank:0 Epoch: [19/40], Step: [241/782], Loss: 0.5310031771659851
Rank:0 Epoch: [19/40], Step: [251/782], Loss: 0.8027305006980896
Rank:0 Epoch: [19/40], Step: [261/782], Loss: 0.5374300479888916
Rank:0 Epoch: [19/40], Step: [271/782], Loss: 0.9269154071807861
Rank:0 Epoch: [19/40], Step: [281/782], Loss: 0.5443404912948608
Rank:0 Epoch: [19/40], Step: [291/782], Loss: 0.6592276096343994
Rank:0 Epoch: [19/40], Step: [301/782], Loss: 0.5061957836151123
Rank:0 Epoch: [19/40], Step: [311/782], Loss: 0.44584915041923523
Rank:0 Epoch: [19/40], Step: [321/782], Loss: 0.3102964460849762
Rank:0 Epoch: [19/40], Step: [331/782], Loss: 0.5831612944602966
Rank:0 Epoch: [19/40], Step: [341/782], Loss: 0.4815211892127991
Rank:0 Epoch: [19/40], Step: [351/782], Loss: 0.532146692276001
Rank:0 Epoch: [19/40], Step: [361/782], Loss: 0.6874874234199524
Rank:0 Epoch: [19/40], Step: [371/782], Loss: 0.39376112818717957
Rank:0 Epoch: [19/40], Step: [381/782], Loss: 0.6841397881507874
Rank:0 Epoch: [19/40], Step: [391/782], Loss: 0.3737019896507263
Rank:0 Epoch: [19/40], Step: [401/782], Loss: 0.6390067338943481
Rank:0 Epoch: [19/40], Step: [411/782], Loss: 0.5165818333625793
Rank:0 Epoch: [19/40], Step: [421/782], Loss: 0.4205215275287628
Rank:0 Epoch: [19/40], Step: [431/782], Loss: 0.8644369840621948
Rank:0 Epoch: [19/40], Step: [441/782], Loss: 0.4670275151729584
Rank:0 Epoch: [19/40], Step: [451/782], Loss: 0.3883081078529358
Rank:0 Epoch: [19/40], Step: [461/782], Loss: 1.1730717420578003
Rank:0 Epoch: [19/40], Step: [471/782], Loss: 0.5847936272621155
Rank:0 Epoch: [19/40], Step: [481/782], Loss: 0.4378502070903778
Rank:0 Epoch: [19/40], Step: [491/782], Loss: 0.46881064772605896
Rank:0 Epoch: [19/40], Step: [501/782], Loss: 0.5529024004936218
Rank:0 Epoch: [19/40], Step: [511/782], Loss: 0.6033305525779724
Rank:0 Epoch: [19/40], Step: [521/782], Loss: 0.5590551495552063
Rank:0 Epoch: [19/40], Step: [531/782], Loss: 0.6614203453063965
Rank:0 Epoch: [19/40], Step: [541/782], Loss: 0.9338552951812744
Rank:0 Epoch: [19/40], Step: [551/782], Loss: 0.6562124490737915
Rank:0 Epoch: [19/40], Step: [561/782], Loss: 0.4022061228752136
Rank:0 Epoch: [19/40], Step: [571/782], Loss: 0.5142576694488525
Rank:0 Epoch: [19/40], Step: [581/782], Loss: 0.4903853237628937
Rank:0 Epoch: [19/40], Step: [591/782], Loss: 0.6054579019546509
Rank:0 Epoch: [19/40], Step: [601/782], Loss: 0.5339441299438477
Rank:0 Epoch: [19/40], Step: [611/782], Loss: 0.40222543478012085
Rank:0 Epoch: [19/40], Step: [621/782], Loss: 0.3926929533481598
Rank:0 Epoch: [19/40], Step: [631/782], Loss: 0.4865414798259735
Rank:0 Epoch: [19/40], Step: [641/782], Loss: 0.7448451519012451
Rank:0 Epoch: [19/40], Step: [651/782], Loss: 0.609433650970459
Rank:0 Epoch: [19/40], Step: [661/782], Loss: 0.4348292946815491
Rank:0 Epoch: [19/40], Step: [671/782], Loss: 0.7567793130874634
Rank:0 Epoch: [19/40], Step: [681/782], Loss: 0.5087617039680481
Rank:0 Epoch: [19/40], Step: [691/782], Loss: 0.693556547164917
Rank:0 Epoch: [19/40], Step: [701/782], Loss: 0.5883923172950745
Rank:0 Epoch: [19/40], Step: [711/782], Loss: 0.6116203665733337
Rank:0 Epoch: [19/40], Step: [721/782], Loss: 0.6193771362304688
Rank:0 Epoch: [19/40], Step: [731/782], Loss: 0.6721867918968201
Rank:0 Epoch: [19/40], Step: [741/782], Loss: 0.42395877838134766
Rank:0 Epoch: [19/40], Step: [751/782], Loss: 0.4662048816680908
Rank:0 Epoch: [19/40], Step: [761/782], Loss: 0.5395007729530334
Rank:0 Epoch: [19/40], Step: [771/782], Loss: 0.36559662222862244
Rank:0 Epoch: [19/40], Step: [781/782], Loss: 0.537736713886261
Current Test Acc: 0.8055
Rank:0 Epoch: [20/40], Step: [1/782], Loss: 0.5642628073692322
Rank:0 Epoch: [20/40], Step: [11/782], Loss: 0.33378955721855164
Rank:0 Epoch: [20/40], Step: [21/782], Loss: 0.39656996726989746
Rank:0 Epoch: [20/40], Step: [31/782], Loss: 0.33896172046661377
Rank:0 Epoch: [20/40], Step: [41/782], Loss: 0.5075580477714539
Rank:0 Epoch: [20/40], Step: [51/782], Loss: 0.6507999897003174
Rank:0 Epoch: [20/40], Step: [61/782], Loss: 0.4240947961807251
Rank:0 Epoch: [20/40], Step: [71/782], Loss: 0.41351234912872314
Rank:0 Epoch: [20/40], Step: [81/782], Loss: 0.46842309832572937
Rank:0 Epoch: [20/40], Step: [91/782], Loss: 0.31510841846466064
Rank:0 Epoch: [20/40], Step: [101/782], Loss: 0.40643420815467834
Rank:0 Epoch: [20/40], Step: [111/782], Loss: 0.5053055286407471
Rank:0 Epoch: [20/40], Step: [121/782], Loss: 0.5989922285079956
Rank:0 Epoch: [20/40], Step: [131/782], Loss: 0.5428116321563721
Rank:0 Epoch: [20/40], Step: [141/782], Loss: 0.4564940929412842
Rank:0 Epoch: [20/40], Step: [151/782], Loss: 0.7009109854698181
Rank:0 Epoch: [20/40], Step: [161/782], Loss: 0.805481493473053
Rank:0 Epoch: [20/40], Step: [171/782], Loss: 0.3619374930858612
Rank:0 Epoch: [20/40], Step: [181/782], Loss: 0.744026780128479
Rank:0 Epoch: [20/40], Step: [191/782], Loss: 0.2917589843273163
Rank:0 Epoch: [20/40], Step: [201/782], Loss: 0.38494691252708435
Rank:0 Epoch: [20/40], Step: [211/782], Loss: 0.31307628750801086
Rank:0 Epoch: [20/40], Step: [221/782], Loss: 1.0883077383041382
Rank:0 Epoch: [20/40], Step: [231/782], Loss: 0.8566081523895264
Rank:0 Epoch: [20/40], Step: [241/782], Loss: 0.7689993381500244
Rank:0 Epoch: [20/40], Step: [251/782], Loss: 0.7801249623298645
Rank:0 Epoch: [20/40], Step: [261/782], Loss: 0.2990855872631073
Rank:0 Epoch: [20/40], Step: [271/782], Loss: 0.4580099582672119
Rank:0 Epoch: [20/40], Step: [281/782], Loss: 0.6796916723251343
Rank:0 Epoch: [20/40], Step: [291/782], Loss: 0.41956645250320435
Rank:0 Epoch: [20/40], Step: [301/782], Loss: 0.3803408145904541
Rank:0 Epoch: [20/40], Step: [311/782], Loss: 0.4144192934036255
Rank:0 Epoch: [20/40], Step: [321/782], Loss: 0.5774391889572144
Rank:0 Epoch: [20/40], Step: [331/782], Loss: 0.3801118731498718
Rank:0 Epoch: [20/40], Step: [341/782], Loss: 0.3848985433578491
Rank:0 Epoch: [20/40], Step: [351/782], Loss: 0.3316994905471802
Rank:0 Epoch: [20/40], Step: [361/782], Loss: 0.4997079074382782
Rank:0 Epoch: [20/40], Step: [371/782], Loss: 0.7312468886375427
Rank:0 Epoch: [20/40], Step: [381/782], Loss: 0.745255708694458
Rank:0 Epoch: [20/40], Step: [391/782], Loss: 0.5865402817726135
Rank:0 Epoch: [20/40], Step: [401/782], Loss: 0.4907960295677185
Rank:0 Epoch: [20/40], Step: [411/782], Loss: 0.8880934715270996
Rank:0 Epoch: [20/40], Step: [421/782], Loss: 0.24549566209316254
Rank:0 Epoch: [20/40], Step: [431/782], Loss: 0.7644200921058655
Rank:0 Epoch: [20/40], Step: [441/782], Loss: 0.4116525948047638
Rank:0 Epoch: [20/40], Step: [451/782], Loss: 0.3831470310688019
Rank:0 Epoch: [20/40], Step: [461/782], Loss: 0.4692363739013672
Rank:0 Epoch: [20/40], Step: [471/782], Loss: 0.45793992280960083
Rank:0 Epoch: [20/40], Step: [481/782], Loss: 1.1447149515151978
Rank:0 Epoch: [20/40], Step: [491/782], Loss: 0.5077266693115234
Rank:0 Epoch: [20/40], Step: [501/782], Loss: 0.38382139801979065
Rank:0 Epoch: [20/40], Step: [511/782], Loss: 0.5947487950325012
Rank:0 Epoch: [20/40], Step: [521/782], Loss: 0.5179551839828491
Rank:0 Epoch: [20/40], Step: [531/782], Loss: 0.6164702773094177
Rank:0 Epoch: [20/40], Step: [541/782], Loss: 0.512048602104187
Rank:0 Epoch: [20/40], Step: [551/782], Loss: 0.5245589017868042
Rank:0 Epoch: [20/40], Step: [561/782], Loss: 0.5484822392463684
Rank:0 Epoch: [20/40], Step: [571/782], Loss: 0.442261666059494
Rank:0 Epoch: [20/40], Step: [581/782], Loss: 0.40864297747612
Rank:0 Epoch: [20/40], Step: [591/782], Loss: 0.7828478813171387
Rank:0 Epoch: [20/40], Step: [601/782], Loss: 0.7047549486160278
Rank:0 Epoch: [20/40], Step: [611/782], Loss: 0.5038633942604065
Rank:0 Epoch: [20/40], Step: [621/782], Loss: 0.5437947511672974
Rank:0 Epoch: [20/40], Step: [631/782], Loss: 1.0907282829284668
Rank:0 Epoch: [20/40], Step: [641/782], Loss: 0.3318101167678833
Rank:0 Epoch: [20/40], Step: [651/782], Loss: 0.4002273678779602
Rank:0 Epoch: [20/40], Step: [661/782], Loss: 0.30930742621421814
Rank:0 Epoch: [20/40], Step: [671/782], Loss: 0.3729557394981384
Rank:0 Epoch: [20/40], Step: [681/782], Loss: 0.5184586644172668
Rank:0 Epoch: [20/40], Step: [691/782], Loss: 0.49512627720832825
Rank:0 Epoch: [20/40], Step: [701/782], Loss: 0.4729247987270355
Rank:0 Epoch: [20/40], Step: [711/782], Loss: 0.4925960302352905
Rank:0 Epoch: [20/40], Step: [721/782], Loss: 0.6577650308609009
Rank:0 Epoch: [20/40], Step: [731/782], Loss: 0.4827016592025757
Rank:0 Epoch: [20/40], Step: [741/782], Loss: 0.49579131603240967
Rank:0 Epoch: [20/40], Step: [751/782], Loss: 0.5329498648643494
Rank:0 Epoch: [20/40], Step: [761/782], Loss: 0.4740559756755829
Rank:0 Epoch: [20/40], Step: [771/782], Loss: 0.2914816737174988
Rank:0 Epoch: [20/40], Step: [781/782], Loss: 0.35535550117492676
Current Test Acc: 0.8309
Rank:0 Epoch: [21/40], Step: [1/782], Loss: 0.5377708077430725
Rank:0 Epoch: [21/40], Step: [11/782], Loss: 0.524883508682251
Rank:0 Epoch: [21/40], Step: [21/782], Loss: 0.34825918078422546
Rank:0 Epoch: [21/40], Step: [31/782], Loss: 0.5024994611740112
Rank:0 Epoch: [21/40], Step: [41/782], Loss: 0.3216230273246765
Rank:0 Epoch: [21/40], Step: [51/782], Loss: 0.48194316029548645
Rank:0 Epoch: [21/40], Step: [61/782], Loss: 0.5624332427978516
Rank:0 Epoch: [21/40], Step: [71/782], Loss: 0.30202457308769226
Rank:0 Epoch: [21/40], Step: [81/782], Loss: 0.23956824839115143
Rank:0 Epoch: [21/40], Step: [91/782], Loss: 0.20538707077503204
Rank:0 Epoch: [21/40], Step: [101/782], Loss: 0.4811265766620636
Rank:0 Epoch: [21/40], Step: [111/782], Loss: 0.4585408866405487
Rank:0 Epoch: [21/40], Step: [121/782], Loss: 0.6710079908370972
Rank:0 Epoch: [21/40], Step: [131/782], Loss: 0.330311119556427
Rank:0 Epoch: [21/40], Step: [141/782], Loss: 0.24749334156513214
Rank:0 Epoch: [21/40], Step: [151/782], Loss: 0.49902814626693726
Rank:0 Epoch: [21/40], Step: [161/782], Loss: 0.2610863149166107
Rank:0 Epoch: [21/40], Step: [171/782], Loss: 0.3434864580631256
Rank:0 Epoch: [21/40], Step: [181/782], Loss: 0.2983718812465668
Rank:0 Epoch: [21/40], Step: [191/782], Loss: 0.3268848955631256
Rank:0 Epoch: [21/40], Step: [201/782], Loss: 0.23660388588905334
Rank:0 Epoch: [21/40], Step: [211/782], Loss: 0.3820555806159973
Rank:0 Epoch: [21/40], Step: [221/782], Loss: 0.3483317494392395
Rank:0 Epoch: [21/40], Step: [231/782], Loss: 0.5162650346755981
Rank:0 Epoch: [21/40], Step: [241/782], Loss: 0.21153366565704346
Rank:0 Epoch: [21/40], Step: [251/782], Loss: 0.31668439507484436
Rank:0 Epoch: [21/40], Step: [261/782], Loss: 0.22466923296451569
Rank:0 Epoch: [21/40], Step: [271/782], Loss: 0.8157098293304443
Rank:0 Epoch: [21/40], Step: [281/782], Loss: 0.8565362095832825
Rank:0 Epoch: [21/40], Step: [291/782], Loss: 0.3090532422065735
Rank:0 Epoch: [21/40], Step: [301/782], Loss: 0.3014897108078003
Rank:0 Epoch: [21/40], Step: [311/782], Loss: 0.28236591815948486
Rank:0 Epoch: [21/40], Step: [321/782], Loss: 0.46688172221183777
Rank:0 Epoch: [21/40], Step: [331/782], Loss: 0.3623116910457611
Rank:0 Epoch: [21/40], Step: [341/782], Loss: 0.508206844329834
Rank:0 Epoch: [21/40], Step: [351/782], Loss: 0.39637085795402527
Rank:0 Epoch: [21/40], Step: [361/782], Loss: 0.17365610599517822
Rank:0 Epoch: [21/40], Step: [371/782], Loss: 0.22308455407619476
Rank:0 Epoch: [21/40], Step: [381/782], Loss: 0.4578150808811188
Rank:0 Epoch: [21/40], Step: [391/782], Loss: 0.3068825900554657
Rank:0 Epoch: [21/40], Step: [401/782], Loss: 0.25043031573295593
Rank:0 Epoch: [21/40], Step: [411/782], Loss: 0.33401644229888916
Rank:0 Epoch: [21/40], Step: [421/782], Loss: 0.23455338180065155
Rank:0 Epoch: [21/40], Step: [431/782], Loss: 0.29775166511535645
Rank:0 Epoch: [21/40], Step: [441/782], Loss: 0.20775648951530457
Rank:0 Epoch: [21/40], Step: [451/782], Loss: 0.3370358943939209
Rank:0 Epoch: [21/40], Step: [461/782], Loss: 0.2951746881008148
Rank:0 Epoch: [21/40], Step: [471/782], Loss: 0.4698687493801117
Rank:0 Epoch: [21/40], Step: [481/782], Loss: 0.14824040234088898
Rank:0 Epoch: [21/40], Step: [491/782], Loss: 0.3972615897655487
Rank:0 Epoch: [21/40], Step: [501/782], Loss: 0.16816574335098267
Rank:0 Epoch: [21/40], Step: [511/782], Loss: 0.39677146077156067
Rank:0 Epoch: [21/40], Step: [521/782], Loss: 0.3217087984085083
Rank:0 Epoch: [21/40], Step: [531/782], Loss: 0.23714326322078705
Rank:0 Epoch: [21/40], Step: [541/782], Loss: 0.4211205244064331
Rank:0 Epoch: [21/40], Step: [551/782], Loss: 0.21847926080226898
Rank:0 Epoch: [21/40], Step: [561/782], Loss: 0.25152382254600525
Rank:0 Epoch: [21/40], Step: [571/782], Loss: 0.3699430227279663
Rank:0 Epoch: [21/40], Step: [581/782], Loss: 0.3858526349067688
Rank:0 Epoch: [21/40], Step: [591/782], Loss: 0.17352139949798584
Rank:0 Epoch: [21/40], Step: [601/782], Loss: 0.18662956357002258
Rank:0 Epoch: [21/40], Step: [611/782], Loss: 0.2721347212791443
Rank:0 Epoch: [21/40], Step: [621/782], Loss: 0.17285387217998505
Rank:0 Epoch: [21/40], Step: [631/782], Loss: 0.14876389503479004
Rank:0 Epoch: [21/40], Step: [641/782], Loss: 0.2714102864265442
Rank:0 Epoch: [21/40], Step: [651/782], Loss: 0.34110650420188904
Rank:0 Epoch: [21/40], Step: [661/782], Loss: 0.3340272903442383
Rank:0 Epoch: [21/40], Step: [671/782], Loss: 0.2247166484594345
Rank:0 Epoch: [21/40], Step: [681/782], Loss: 0.1556209921836853
Rank:0 Epoch: [21/40], Step: [691/782], Loss: 0.3686423897743225
Rank:0 Epoch: [21/40], Step: [701/782], Loss: 0.4616612195968628
Rank:0 Epoch: [21/40], Step: [711/782], Loss: 0.24700374901294708
Rank:0 Epoch: [21/40], Step: [721/782], Loss: 0.2897016406059265
Rank:0 Epoch: [21/40], Step: [731/782], Loss: 0.32634007930755615
Rank:0 Epoch: [21/40], Step: [741/782], Loss: 0.11315561830997467
Rank:0 Epoch: [21/40], Step: [751/782], Loss: 0.32789716124534607
Rank:0 Epoch: [21/40], Step: [761/782], Loss: 0.30439019203186035
Rank:0 Epoch: [21/40], Step: [771/782], Loss: 0.25165536999702454
Rank:0 Epoch: [21/40], Step: [781/782], Loss: 0.2998637557029724
Current Test Acc: 0.8991
Rank:0 Epoch: [22/40], Step: [1/782], Loss: 0.27840664982795715
Rank:0 Epoch: [22/40], Step: [11/782], Loss: 0.23764438927173615
Rank:0 Epoch: [22/40], Step: [21/782], Loss: 0.1722136288881302
Rank:0 Epoch: [22/40], Step: [31/782], Loss: 0.24742797017097473
Rank:0 Epoch: [22/40], Step: [41/782], Loss: 0.2717958390712738
Rank:0 Epoch: [22/40], Step: [51/782], Loss: 0.2481352835893631
Rank:0 Epoch: [22/40], Step: [61/782], Loss: 0.2638532519340515
Rank:0 Epoch: [22/40], Step: [71/782], Loss: 0.45178326964378357
Rank:0 Epoch: [22/40], Step: [81/782], Loss: 0.4554687440395355
Rank:0 Epoch: [22/40], Step: [91/782], Loss: 0.34962573647499084
Rank:0 Epoch: [22/40], Step: [101/782], Loss: 0.18672002851963043
Rank:0 Epoch: [22/40], Step: [111/782], Loss: 0.3140725791454315
Rank:0 Epoch: [22/40], Step: [121/782], Loss: 0.18157319724559784
Rank:0 Epoch: [22/40], Step: [131/782], Loss: 0.20790302753448486
Rank:0 Epoch: [22/40], Step: [141/782], Loss: 0.25402161478996277
Rank:0 Epoch: [22/40], Step: [151/782], Loss: 0.09600570797920227
Rank:0 Epoch: [22/40], Step: [161/782], Loss: 0.15262658894062042
Rank:0 Epoch: [22/40], Step: [171/782], Loss: 0.2382824420928955
Rank:0 Epoch: [22/40], Step: [181/782], Loss: 0.19676023721694946
Rank:0 Epoch: [22/40], Step: [191/782], Loss: 0.4605792164802551
Rank:0 Epoch: [22/40], Step: [201/782], Loss: 0.23854151368141174
Rank:0 Epoch: [22/40], Step: [211/782], Loss: 0.20034413039684296
Rank:0 Epoch: [22/40], Step: [221/782], Loss: 0.25815117359161377
Rank:0 Epoch: [22/40], Step: [231/782], Loss: 0.20081621408462524
Rank:0 Epoch: [22/40], Step: [241/782], Loss: 0.21170882880687714
Rank:0 Epoch: [22/40], Step: [251/782], Loss: 0.2094407081604004
Rank:0 Epoch: [22/40], Step: [261/782], Loss: 0.2792997658252716
Rank:0 Epoch: [22/40], Step: [271/782], Loss: 0.40335285663604736
Rank:0 Epoch: [22/40], Step: [281/782], Loss: 0.3120904266834259
Rank:0 Epoch: [22/40], Step: [291/782], Loss: 0.20889854431152344
Rank:0 Epoch: [22/40], Step: [301/782], Loss: 0.32093194127082825
Rank:0 Epoch: [22/40], Step: [311/782], Loss: 0.27161905169487
Rank:0 Epoch: [22/40], Step: [321/782], Loss: 0.2404838502407074
Rank:0 Epoch: [22/40], Step: [331/782], Loss: 0.4834350347518921
Rank:0 Epoch: [22/40], Step: [341/782], Loss: 0.33948051929473877
Rank:0 Epoch: [22/40], Step: [351/782], Loss: 0.1425044983625412
Rank:0 Epoch: [22/40], Step: [361/782], Loss: 0.20529145002365112
Rank:0 Epoch: [22/40], Step: [371/782], Loss: 0.10946609824895859
Rank:0 Epoch: [22/40], Step: [381/782], Loss: 0.2682596743106842
Rank:0 Epoch: [22/40], Step: [391/782], Loss: 0.6187635660171509
Rank:0 Epoch: [22/40], Step: [401/782], Loss: 0.19973991811275482
Rank:0 Epoch: [22/40], Step: [411/782], Loss: 0.26377448439598083
Rank:0 Epoch: [22/40], Step: [421/782], Loss: 0.3377479314804077
Rank:0 Epoch: [22/40], Step: [431/782], Loss: 0.17695188522338867
Rank:0 Epoch: [22/40], Step: [441/782], Loss: 0.24783432483673096
Rank:0 Epoch: [22/40], Step: [451/782], Loss: 0.12776197493076324
Rank:0 Epoch: [22/40], Step: [461/782], Loss: 0.23162387311458588
Rank:0 Epoch: [22/40], Step: [471/782], Loss: 0.5488966703414917
Rank:0 Epoch: [22/40], Step: [481/782], Loss: 0.18269740045070648
Rank:0 Epoch: [22/40], Step: [491/782], Loss: 0.3310030400753021
Rank:0 Epoch: [22/40], Step: [501/782], Loss: 0.2243509739637375
Rank:0 Epoch: [22/40], Step: [511/782], Loss: 0.3170269727706909
Rank:0 Epoch: [22/40], Step: [521/782], Loss: 0.3999343812465668
Rank:0 Epoch: [22/40], Step: [531/782], Loss: 0.2165403962135315
Rank:0 Epoch: [22/40], Step: [541/782], Loss: 0.23346900939941406
Rank:0 Epoch: [22/40], Step: [551/782], Loss: 0.23633725941181183
Rank:0 Epoch: [22/40], Step: [561/782], Loss: 0.20018912851810455
Rank:0 Epoch: [22/40], Step: [571/782], Loss: 0.08902879804372787
Rank:0 Epoch: [22/40], Step: [581/782], Loss: 0.285988450050354
Rank:0 Epoch: [22/40], Step: [591/782], Loss: 0.2211841344833374
Rank:0 Epoch: [22/40], Step: [601/782], Loss: 0.45628881454467773
Rank:0 Epoch: [22/40], Step: [611/782], Loss: 0.17527037858963013
Rank:0 Epoch: [22/40], Step: [621/782], Loss: 0.19015149772167206
Rank:0 Epoch: [22/40], Step: [631/782], Loss: 0.2687651813030243
Rank:0 Epoch: [22/40], Step: [641/782], Loss: 0.19805900752544403
Rank:0 Epoch: [22/40], Step: [651/782], Loss: 0.1875888556241989
Rank:0 Epoch: [22/40], Step: [661/782], Loss: 0.12717750668525696
Rank:0 Epoch: [22/40], Step: [671/782], Loss: 0.13704247772693634
Rank:0 Epoch: [22/40], Step: [681/782], Loss: 0.14774128794670105
Rank:0 Epoch: [22/40], Step: [691/782], Loss: 0.5525634288787842
Rank:0 Epoch: [22/40], Step: [701/782], Loss: 0.23386245965957642
Rank:0 Epoch: [22/40], Step: [711/782], Loss: 0.18531766533851624
Rank:0 Epoch: [22/40], Step: [721/782], Loss: 0.17318542301654816
Rank:0 Epoch: [22/40], Step: [731/782], Loss: 0.2238406389951706
Rank:0 Epoch: [22/40], Step: [741/782], Loss: 0.1369341015815735
Rank:0 Epoch: [22/40], Step: [751/782], Loss: 0.22697073221206665
Rank:0 Epoch: [22/40], Step: [761/782], Loss: 0.19153308868408203
Rank:0 Epoch: [22/40], Step: [771/782], Loss: 0.1910126507282257
Rank:0 Epoch: [22/40], Step: [781/782], Loss: 0.1696823388338089
Current Test Acc: 0.9058
Rank:0 Epoch: [23/40], Step: [1/782], Loss: 0.3945760726928711
Rank:0 Epoch: [23/40], Step: [11/782], Loss: 0.20460167527198792
Rank:0 Epoch: [23/40], Step: [21/782], Loss: 0.17741656303405762
Rank:0 Epoch: [23/40], Step: [31/782], Loss: 0.3277876377105713
Rank:0 Epoch: [23/40], Step: [41/782], Loss: 0.2183627188205719
Rank:0 Epoch: [23/40], Step: [51/782], Loss: 0.1508183777332306
Rank:0 Epoch: [23/40], Step: [61/782], Loss: 0.17993581295013428
Rank:0 Epoch: [23/40], Step: [71/782], Loss: 0.21022051572799683
Rank:0 Epoch: [23/40], Step: [81/782], Loss: 0.3603057265281677
Rank:0 Epoch: [23/40], Step: [91/782], Loss: 0.19010990858078003
Rank:0 Epoch: [23/40], Step: [101/782], Loss: 0.13539768755435944
Rank:0 Epoch: [23/40], Step: [111/782], Loss: 0.21331845223903656
Rank:0 Epoch: [23/40], Step: [121/782], Loss: 0.1961139589548111
Rank:0 Epoch: [23/40], Step: [131/782], Loss: 0.17906151711940765
Rank:0 Epoch: [23/40], Step: [141/782], Loss: 0.30328676104545593
Rank:0 Epoch: [23/40], Step: [151/782], Loss: 0.30467677116394043
Rank:0 Epoch: [23/40], Step: [161/782], Loss: 0.3373408019542694
Rank:0 Epoch: [23/40], Step: [171/782], Loss: 0.20738942921161652
Rank:0 Epoch: [23/40], Step: [181/782], Loss: 0.180532306432724
Rank:0 Epoch: [23/40], Step: [191/782], Loss: 0.1745353788137436
Rank:0 Epoch: [23/40], Step: [201/782], Loss: 0.4590357542037964
Rank:0 Epoch: [23/40], Step: [211/782], Loss: 0.12778906524181366
Rank:0 Epoch: [23/40], Step: [221/782], Loss: 0.23699304461479187
Rank:0 Epoch: [23/40], Step: [231/782], Loss: 0.3659791648387909
Rank:0 Epoch: [23/40], Step: [241/782], Loss: 0.23918263614177704
Rank:0 Epoch: [23/40], Step: [251/782], Loss: 0.2816399037837982
Rank:0 Epoch: [23/40], Step: [261/782], Loss: 0.2976575493812561
Rank:0 Epoch: [23/40], Step: [271/782], Loss: 0.19109219312667847
Rank:0 Epoch: [23/40], Step: [281/782], Loss: 0.15085265040397644
Rank:0 Epoch: [23/40], Step: [291/782], Loss: 0.18915629386901855
Rank:0 Epoch: [23/40], Step: [301/782], Loss: 0.20417259633541107
Rank:0 Epoch: [23/40], Step: [311/782], Loss: 0.12847194075584412
Rank:0 Epoch: [23/40], Step: [321/782], Loss: 0.11007149517536163
Rank:0 Epoch: [23/40], Step: [331/782], Loss: 0.09638240933418274
Rank:0 Epoch: [23/40], Step: [341/782], Loss: 0.3363837003707886
Rank:0 Epoch: [23/40], Step: [351/782], Loss: 0.10326889157295227
Rank:0 Epoch: [23/40], Step: [361/782], Loss: 0.12532877922058105
Rank:0 Epoch: [23/40], Step: [371/782], Loss: 0.149471253156662
Rank:0 Epoch: [23/40], Step: [381/782], Loss: 0.20771372318267822
Rank:0 Epoch: [23/40], Step: [391/782], Loss: 0.6072048544883728
Rank:0 Epoch: [23/40], Step: [401/782], Loss: 0.2474958896636963
Rank:0 Epoch: [23/40], Step: [411/782], Loss: 0.10865041613578796
Rank:0 Epoch: [23/40], Step: [421/782], Loss: 0.18914411962032318
Rank:0 Epoch: [23/40], Step: [431/782], Loss: 0.15285822749137878
Rank:0 Epoch: [23/40], Step: [441/782], Loss: 0.24187830090522766
Rank:0 Epoch: [23/40], Step: [451/782], Loss: 0.3256530165672302
Rank:0 Epoch: [23/40], Step: [461/782], Loss: 0.08124910295009613
Rank:0 Epoch: [23/40], Step: [471/782], Loss: 0.21856144070625305
Rank:0 Epoch: [23/40], Step: [481/782], Loss: 0.23524166643619537
Rank:0 Epoch: [23/40], Step: [491/782], Loss: 0.12185551226139069
Rank:0 Epoch: [23/40], Step: [501/782], Loss: 0.2640060484409332
Rank:0 Epoch: [23/40], Step: [511/782], Loss: 0.11688612401485443
Rank:0 Epoch: [23/40], Step: [521/782], Loss: 0.1584744155406952
Rank:0 Epoch: [23/40], Step: [531/782], Loss: 0.2756090760231018
Rank:0 Epoch: [23/40], Step: [541/782], Loss: 0.2221200168132782
Rank:0 Epoch: [23/40], Step: [551/782], Loss: 0.1379263699054718
Rank:0 Epoch: [23/40], Step: [561/782], Loss: 0.1646365523338318
Rank:0 Epoch: [23/40], Step: [571/782], Loss: 0.31596869230270386
Rank:0 Epoch: [23/40], Step: [581/782], Loss: 0.1759246289730072
Rank:0 Epoch: [23/40], Step: [591/782], Loss: 0.2286366969347
Rank:0 Epoch: [23/40], Step: [601/782], Loss: 0.3010542392730713
Rank:0 Epoch: [23/40], Step: [611/782], Loss: 0.31402865052223206
Rank:0 Epoch: [23/40], Step: [621/782], Loss: 0.14447149634361267
Rank:0 Epoch: [23/40], Step: [631/782], Loss: 0.2794766426086426
Rank:0 Epoch: [23/40], Step: [641/782], Loss: 0.20349128544330597
Rank:0 Epoch: [23/40], Step: [651/782], Loss: 0.19702427089214325
Rank:0 Epoch: [23/40], Step: [661/782], Loss: 0.21315352618694305
Rank:0 Epoch: [23/40], Step: [671/782], Loss: 0.31479012966156006
Rank:0 Epoch: [23/40], Step: [681/782], Loss: 0.1794162541627884
Rank:0 Epoch: [23/40], Step: [691/782], Loss: 0.24741627275943756
Rank:0 Epoch: [23/40], Step: [701/782], Loss: 0.22226376831531525
Rank:0 Epoch: [23/40], Step: [711/782], Loss: 0.4238407015800476
Rank:0 Epoch: [23/40], Step: [721/782], Loss: 0.1261778622865677
Rank:0 Epoch: [23/40], Step: [731/782], Loss: 0.1825074702501297
Rank:0 Epoch: [23/40], Step: [741/782], Loss: 0.2987183928489685
Rank:0 Epoch: [23/40], Step: [751/782], Loss: 0.1996556669473648
Rank:0 Epoch: [23/40], Step: [761/782], Loss: 0.2832012474536896
Rank:0 Epoch: [23/40], Step: [771/782], Loss: 0.34574928879737854
Rank:0 Epoch: [23/40], Step: [781/782], Loss: 0.4768068492412567
Current Test Acc: 0.9072
Rank:0 Epoch: [24/40], Step: [1/782], Loss: 0.20530052483081818
Rank:0 Epoch: [24/40], Step: [11/782], Loss: 0.16834266483783722
Rank:0 Epoch: [24/40], Step: [21/782], Loss: 0.23469021916389465
Rank:0 Epoch: [24/40], Step: [31/782], Loss: 0.15538057684898376
Rank:0 Epoch: [24/40], Step: [41/782], Loss: 0.1296389251947403
Rank:0 Epoch: [24/40], Step: [51/782], Loss: 0.16747908294200897
Rank:0 Epoch: [24/40], Step: [61/782], Loss: 0.25989097356796265
Rank:0 Epoch: [24/40], Step: [71/782], Loss: 0.3939160406589508
Rank:0 Epoch: [24/40], Step: [81/782], Loss: 0.4396406412124634
Rank:0 Epoch: [24/40], Step: [91/782], Loss: 0.140431746840477
Rank:0 Epoch: [24/40], Step: [101/782], Loss: 0.24965931475162506
Rank:0 Epoch: [24/40], Step: [111/782], Loss: 0.28903496265411377
Rank:0 Epoch: [24/40], Step: [121/782], Loss: 0.16630427539348602
Rank:0 Epoch: [24/40], Step: [131/782], Loss: 0.16596153378486633
Rank:0 Epoch: [24/40], Step: [141/782], Loss: 0.10058630257844925
Rank:0 Epoch: [24/40], Step: [151/782], Loss: 0.4095504879951477
Rank:0 Epoch: [24/40], Step: [161/782], Loss: 0.1711152046918869
Rank:0 Epoch: [24/40], Step: [171/782], Loss: 0.16761091351509094
Rank:0 Epoch: [24/40], Step: [181/782], Loss: 0.3117547631263733
Rank:0 Epoch: [24/40], Step: [191/782], Loss: 0.13366131484508514
Rank:0 Epoch: [24/40], Step: [201/782], Loss: 0.19350452721118927
Rank:0 Epoch: [24/40], Step: [211/782], Loss: 0.266128271818161
Rank:0 Epoch: [24/40], Step: [221/782], Loss: 0.09503790736198425
Rank:0 Epoch: [24/40], Step: [231/782], Loss: 0.14477024972438812
Rank:0 Epoch: [24/40], Step: [241/782], Loss: 0.11150200664997101
Rank:0 Epoch: [24/40], Step: [251/782], Loss: 0.1608709692955017
Rank:0 Epoch: [24/40], Step: [261/782], Loss: 0.2225288301706314
Rank:0 Epoch: [24/40], Step: [271/782], Loss: 0.06557639688253403
Rank:0 Epoch: [24/40], Step: [281/782], Loss: 0.20344701409339905
Rank:0 Epoch: [24/40], Step: [291/782], Loss: 0.14676207304000854
Rank:0 Epoch: [24/40], Step: [301/782], Loss: 0.11333295702934265
Rank:0 Epoch: [24/40], Step: [311/782], Loss: 0.35538557171821594
Rank:0 Epoch: [24/40], Step: [321/782], Loss: 0.44985052943229675
Rank:0 Epoch: [24/40], Step: [331/782], Loss: 0.14255329966545105
Rank:0 Epoch: [24/40], Step: [341/782], Loss: 0.1471356898546219
Rank:0 Epoch: [24/40], Step: [351/782], Loss: 0.17730753123760223
Rank:0 Epoch: [24/40], Step: [361/782], Loss: 0.14433790743350983
Rank:0 Epoch: [24/40], Step: [371/782], Loss: 0.13419875502586365
Rank:0 Epoch: [24/40], Step: [381/782], Loss: 0.1428128182888031
Rank:0 Epoch: [24/40], Step: [391/782], Loss: 0.16807310283184052
Rank:0 Epoch: [24/40], Step: [401/782], Loss: 0.09068487584590912
Rank:0 Epoch: [24/40], Step: [411/782], Loss: 0.22959142923355103
Rank:0 Epoch: [24/40], Step: [421/782], Loss: 0.19677062332630157
Rank:0 Epoch: [24/40], Step: [431/782], Loss: 0.27239376306533813
Rank:0 Epoch: [24/40], Step: [441/782], Loss: 0.20340870320796967
Rank:0 Epoch: [24/40], Step: [451/782], Loss: 0.14398977160453796
Rank:0 Epoch: [24/40], Step: [461/782], Loss: 0.22534185647964478
Rank:0 Epoch: [24/40], Step: [471/782], Loss: 0.16459642350673676
Rank:0 Epoch: [24/40], Step: [481/782], Loss: 0.37745386362075806
Rank:0 Epoch: [24/40], Step: [491/782], Loss: 0.15594825148582458
Rank:0 Epoch: [24/40], Step: [501/782], Loss: 0.24426953494548798
Rank:0 Epoch: [24/40], Step: [511/782], Loss: 0.24125653505325317
Rank:0 Epoch: [24/40], Step: [521/782], Loss: 0.275939017534256
Rank:0 Epoch: [24/40], Step: [531/782], Loss: 0.10633140057325363
Rank:0 Epoch: [24/40], Step: [541/782], Loss: 0.10541285574436188
Rank:0 Epoch: [24/40], Step: [551/782], Loss: 0.07644414156675339
Rank:0 Epoch: [24/40], Step: [561/782], Loss: 0.17084699869155884
Rank:0 Epoch: [24/40], Step: [571/782], Loss: 0.26269400119781494
Rank:0 Epoch: [24/40], Step: [581/782], Loss: 0.14919829368591309
Rank:0 Epoch: [24/40], Step: [591/782], Loss: 0.06378702819347382
Rank:0 Epoch: [24/40], Step: [601/782], Loss: 0.1873416155576706
Rank:0 Epoch: [24/40], Step: [611/782], Loss: 0.3009122610092163
Rank:0 Epoch: [24/40], Step: [621/782], Loss: 0.07611782848834991
Rank:0 Epoch: [24/40], Step: [631/782], Loss: 0.2021995484828949
Rank:0 Epoch: [24/40], Step: [641/782], Loss: 0.2250714749097824
Rank:0 Epoch: [24/40], Step: [651/782], Loss: 0.22533997893333435
Rank:0 Epoch: [24/40], Step: [661/782], Loss: 0.07079358398914337
Rank:0 Epoch: [24/40], Step: [671/782], Loss: 0.06794960051774979
Rank:0 Epoch: [24/40], Step: [681/782], Loss: 0.05578894540667534
Rank:0 Epoch: [24/40], Step: [691/782], Loss: 0.1679249256849289
Rank:0 Epoch: [24/40], Step: [701/782], Loss: 0.07645165175199509
Rank:0 Epoch: [24/40], Step: [711/782], Loss: 0.4625836908817291
Rank:0 Epoch: [24/40], Step: [721/782], Loss: 0.07891134172677994
Rank:0 Epoch: [24/40], Step: [731/782], Loss: 0.16712923347949982
Rank:0 Epoch: [24/40], Step: [741/782], Loss: 0.2114603966474533
Rank:0 Epoch: [24/40], Step: [751/782], Loss: 0.21957851946353912
Rank:0 Epoch: [24/40], Step: [761/782], Loss: 0.32233497500419617
Rank:0 Epoch: [24/40], Step: [771/782], Loss: 0.21818934381008148
Rank:0 Epoch: [24/40], Step: [781/782], Loss: 0.15297937393188477
Current Test Acc: 0.9081
Rank:0 Epoch: [25/40], Step: [1/782], Loss: 0.10931359976530075
Rank:0 Epoch: [25/40], Step: [11/782], Loss: 0.07339474558830261
Rank:0 Epoch: [25/40], Step: [21/782], Loss: 0.11669741570949554
Rank:0 Epoch: [25/40], Step: [31/782], Loss: 0.05837409570813179
Rank:0 Epoch: [25/40], Step: [41/782], Loss: 0.24659401178359985
Rank:0 Epoch: [25/40], Step: [51/782], Loss: 0.17028944194316864
Rank:0 Epoch: [25/40], Step: [61/782], Loss: 0.24634087085723877
Rank:0 Epoch: [25/40], Step: [71/782], Loss: 0.11044622212648392
Rank:0 Epoch: [25/40], Step: [81/782], Loss: 0.1731967031955719
Rank:0 Epoch: [25/40], Step: [91/782], Loss: 0.1540946662425995
Rank:0 Epoch: [25/40], Step: [101/782], Loss: 0.09876248240470886
Rank:0 Epoch: [25/40], Step: [111/782], Loss: 0.25000104308128357
Rank:0 Epoch: [25/40], Step: [121/782], Loss: 0.07741650938987732
Rank:0 Epoch: [25/40], Step: [131/782], Loss: 0.09736133366823196
Rank:0 Epoch: [25/40], Step: [141/782], Loss: 0.24211205542087555
Rank:0 Epoch: [25/40], Step: [151/782], Loss: 0.15296712517738342
Rank:0 Epoch: [25/40], Step: [161/782], Loss: 0.11656957119703293
Rank:0 Epoch: [25/40], Step: [171/782], Loss: 0.1042366549372673
Rank:0 Epoch: [25/40], Step: [181/782], Loss: 0.08174961060285568
Rank:0 Epoch: [25/40], Step: [191/782], Loss: 0.20861774682998657
Rank:0 Epoch: [25/40], Step: [201/782], Loss: 0.13655303418636322
Rank:0 Epoch: [25/40], Step: [211/782], Loss: 0.15295743942260742
Rank:0 Epoch: [25/40], Step: [221/782], Loss: 0.1853453665971756
Rank:0 Epoch: [25/40], Step: [231/782], Loss: 0.14509767293930054
Rank:0 Epoch: [25/40], Step: [241/782], Loss: 0.1347179263830185
Rank:0 Epoch: [25/40], Step: [251/782], Loss: 0.06588958203792572
Rank:0 Epoch: [25/40], Step: [261/782], Loss: 0.17327098548412323
Rank:0 Epoch: [25/40], Step: [271/782], Loss: 0.2887841463088989
Rank:0 Epoch: [25/40], Step: [281/782], Loss: 0.08788688480854034
Rank:0 Epoch: [25/40], Step: [291/782], Loss: 0.18853133916854858
Rank:0 Epoch: [25/40], Step: [301/782], Loss: 0.38941535353660583
Rank:0 Epoch: [25/40], Step: [311/782], Loss: 0.1997019648551941
Rank:0 Epoch: [25/40], Step: [321/782], Loss: 0.13582052290439606
Rank:0 Epoch: [25/40], Step: [331/782], Loss: 0.1978348046541214
Rank:0 Epoch: [25/40], Step: [341/782], Loss: 0.07446800917387009
Rank:0 Epoch: [25/40], Step: [351/782], Loss: 0.3105545938014984
Rank:0 Epoch: [25/40], Step: [361/782], Loss: 0.30661657452583313
Rank:0 Epoch: [25/40], Step: [371/782], Loss: 0.13862551748752594
Rank:0 Epoch: [25/40], Step: [381/782], Loss: 0.28824323415756226
Rank:0 Epoch: [25/40], Step: [391/782], Loss: 0.1631646454334259
Rank:0 Epoch: [25/40], Step: [401/782], Loss: 0.21241344511508942
Rank:0 Epoch: [25/40], Step: [411/782], Loss: 0.10842117667198181
Rank:0 Epoch: [25/40], Step: [421/782], Loss: 0.13719458878040314
Rank:0 Epoch: [25/40], Step: [431/782], Loss: 0.21628333628177643
Rank:0 Epoch: [25/40], Step: [441/782], Loss: 0.1000223308801651
Rank:0 Epoch: [25/40], Step: [451/782], Loss: 0.1900988668203354
Rank:0 Epoch: [25/40], Step: [461/782], Loss: 0.10986659675836563
Rank:0 Epoch: [25/40], Step: [471/782], Loss: 0.3205164670944214
Rank:0 Epoch: [25/40], Step: [481/782], Loss: 0.26082631945610046
Rank:0 Epoch: [25/40], Step: [491/782], Loss: 0.18160714209079742
Rank:0 Epoch: [25/40], Step: [501/782], Loss: 0.14053837954998016
Rank:0 Epoch: [25/40], Step: [511/782], Loss: 0.23634997010231018
Rank:0 Epoch: [25/40], Step: [521/782], Loss: 0.40473636984825134
Rank:0 Epoch: [25/40], Step: [531/782], Loss: 0.1889316886663437
Rank:0 Epoch: [25/40], Step: [541/782], Loss: 0.1646781712770462
Rank:0 Epoch: [25/40], Step: [551/782], Loss: 0.2216842621564865
Rank:0 Epoch: [25/40], Step: [561/782], Loss: 0.10135739296674728
Rank:0 Epoch: [25/40], Step: [571/782], Loss: 0.2031865417957306
Rank:0 Epoch: [25/40], Step: [581/782], Loss: 0.19719600677490234
Rank:0 Epoch: [25/40], Step: [591/782], Loss: 0.19642703235149384
Rank:0 Epoch: [25/40], Step: [601/782], Loss: 0.1469944566488266
Rank:0 Epoch: [25/40], Step: [611/782], Loss: 0.2884955108165741
Rank:0 Epoch: [25/40], Step: [621/782], Loss: 0.31761297583580017
Rank:0 Epoch: [25/40], Step: [631/782], Loss: 0.22195518016815186
Rank:0 Epoch: [25/40], Step: [641/782], Loss: 0.2055579125881195
Rank:0 Epoch: [25/40], Step: [651/782], Loss: 0.25738799571990967
Rank:0 Epoch: [25/40], Step: [661/782], Loss: 0.5337651371955872
Rank:0 Epoch: [25/40], Step: [671/782], Loss: 0.3241337537765503
Rank:0 Epoch: [25/40], Step: [681/782], Loss: 0.3212519884109497
Rank:0 Epoch: [25/40], Step: [691/782], Loss: 0.19598497450351715
Rank:0 Epoch: [25/40], Step: [701/782], Loss: 0.14157097041606903
Rank:0 Epoch: [25/40], Step: [711/782], Loss: 0.2536419928073883
Rank:0 Epoch: [25/40], Step: [721/782], Loss: 0.16801553964614868
Rank:0 Epoch: [25/40], Step: [731/782], Loss: 0.37967008352279663
Rank:0 Epoch: [25/40], Step: [741/782], Loss: 0.1284082680940628
Rank:0 Epoch: [25/40], Step: [751/782], Loss: 0.16542202234268188
Rank:0 Epoch: [25/40], Step: [761/782], Loss: 0.25517767667770386
Rank:0 Epoch: [25/40], Step: [771/782], Loss: 0.16625836491584778
Rank:0 Epoch: [25/40], Step: [781/782], Loss: 0.218449205160141
Current Test Acc: 0.9098
Rank:0 Epoch: [26/40], Step: [1/782], Loss: 0.199591726064682
Rank:0 Epoch: [26/40], Step: [11/782], Loss: 0.24572351574897766
Rank:0 Epoch: [26/40], Step: [21/782], Loss: 0.11396954208612442
Rank:0 Epoch: [26/40], Step: [31/782], Loss: 0.12842030823230743
Rank:0 Epoch: [26/40], Step: [41/782], Loss: 0.1578303724527359
Rank:0 Epoch: [26/40], Step: [51/782], Loss: 0.06653765588998795
Rank:0 Epoch: [26/40], Step: [61/782], Loss: 0.21490876376628876
Rank:0 Epoch: [26/40], Step: [71/782], Loss: 0.08368435502052307
Rank:0 Epoch: [26/40], Step: [81/782], Loss: 0.08203568309545517
Rank:0 Epoch: [26/40], Step: [91/782], Loss: 0.15078043937683105
Rank:0 Epoch: [26/40], Step: [101/782], Loss: 0.08630995452404022
Rank:0 Epoch: [26/40], Step: [111/782], Loss: 0.13969063758850098
Rank:0 Epoch: [26/40], Step: [121/782], Loss: 0.2446933537721634
Rank:0 Epoch: [26/40], Step: [131/782], Loss: 0.08414076268672943
Rank:0 Epoch: [26/40], Step: [141/782], Loss: 0.21439720690250397
Rank:0 Epoch: [26/40], Step: [151/782], Loss: 0.08305425196886063
Rank:0 Epoch: [26/40], Step: [161/782], Loss: 0.1448831409215927
Rank:0 Epoch: [26/40], Step: [171/782], Loss: 0.24494566023349762
Rank:0 Epoch: [26/40], Step: [181/782], Loss: 0.22139884531497955
Rank:0 Epoch: [26/40], Step: [191/782], Loss: 0.07033227384090424
Rank:0 Epoch: [26/40], Step: [201/782], Loss: 0.31085991859436035
Rank:0 Epoch: [26/40], Step: [211/782], Loss: 0.26598283648490906
Rank:0 Epoch: [26/40], Step: [221/782], Loss: 0.17618806660175323
Rank:0 Epoch: [26/40], Step: [231/782], Loss: 0.11682253330945969
Rank:0 Epoch: [26/40], Step: [241/782], Loss: 0.4448350667953491
Rank:0 Epoch: [26/40], Step: [251/782], Loss: 0.2285323590040207
Rank:0 Epoch: [26/40], Step: [261/782], Loss: 0.16405171155929565
Rank:0 Epoch: [26/40], Step: [271/782], Loss: 0.27667009830474854
Rank:0 Epoch: [26/40], Step: [281/782], Loss: 0.12794843316078186
Rank:0 Epoch: [26/40], Step: [291/782], Loss: 0.19690845906734467
Rank:0 Epoch: [26/40], Step: [301/782], Loss: 0.10519333928823471
Rank:0 Epoch: [26/40], Step: [311/782], Loss: 0.09056447446346283
Rank:0 Epoch: [26/40], Step: [321/782], Loss: 0.24696439504623413
Rank:0 Epoch: [26/40], Step: [331/782], Loss: 0.07447535544633865
Rank:0 Epoch: [26/40], Step: [341/782], Loss: 0.18024593591690063
Rank:0 Epoch: [26/40], Step: [351/782], Loss: 0.1749436855316162
Rank:0 Epoch: [26/40], Step: [361/782], Loss: 0.3277122676372528
Rank:0 Epoch: [26/40], Step: [371/782], Loss: 0.14209388196468353
Rank:0 Epoch: [26/40], Step: [381/782], Loss: 0.1399189680814743
Rank:0 Epoch: [26/40], Step: [391/782], Loss: 0.07435071468353271
Rank:0 Epoch: [26/40], Step: [401/782], Loss: 0.45987850427627563
Rank:0 Epoch: [26/40], Step: [411/782], Loss: 0.2049986720085144
Rank:0 Epoch: [26/40], Step: [421/782], Loss: 0.14689582586288452
Rank:0 Epoch: [26/40], Step: [431/782], Loss: 0.15880832076072693
Rank:0 Epoch: [26/40], Step: [441/782], Loss: 0.19874709844589233
Rank:0 Epoch: [26/40], Step: [451/782], Loss: 0.08674970269203186
Rank:0 Epoch: [26/40], Step: [461/782], Loss: 0.06426305323839188
Rank:0 Epoch: [26/40], Step: [471/782], Loss: 0.11661922186613083
Rank:0 Epoch: [26/40], Step: [481/782], Loss: 0.12957274913787842
Rank:0 Epoch: [26/40], Step: [491/782], Loss: 0.08156955242156982
Rank:0 Epoch: [26/40], Step: [501/782], Loss: 0.08503881841897964
Rank:0 Epoch: [26/40], Step: [511/782], Loss: 0.09392402321100235
Rank:0 Epoch: [26/40], Step: [521/782], Loss: 0.2087448537349701
Rank:0 Epoch: [26/40], Step: [531/782], Loss: 0.1789730191230774
Rank:0 Epoch: [26/40], Step: [541/782], Loss: 0.12402351200580597
Rank:0 Epoch: [26/40], Step: [551/782], Loss: 0.11956065148115158
Rank:0 Epoch: [26/40], Step: [561/782], Loss: 0.5037129521369934
Rank:0 Epoch: [26/40], Step: [571/782], Loss: 0.23462611436843872
Rank:0 Epoch: [26/40], Step: [581/782], Loss: 0.5131143927574158
Rank:0 Epoch: [26/40], Step: [591/782], Loss: 0.1640453040599823
Rank:0 Epoch: [26/40], Step: [601/782], Loss: 0.1686251163482666
Rank:0 Epoch: [26/40], Step: [611/782], Loss: 0.35723739862442017
Rank:0 Epoch: [26/40], Step: [621/782], Loss: 0.07243764400482178
Rank:0 Epoch: [26/40], Step: [631/782], Loss: 0.10808403789997101
Rank:0 Epoch: [26/40], Step: [641/782], Loss: 0.14393973350524902
Rank:0 Epoch: [26/40], Step: [651/782], Loss: 0.1180579662322998
Rank:0 Epoch: [26/40], Step: [661/782], Loss: 0.1400664746761322
Rank:0 Epoch: [26/40], Step: [671/782], Loss: 0.290779709815979
Rank:0 Epoch: [26/40], Step: [681/782], Loss: 0.13691353797912598
Rank:0 Epoch: [26/40], Step: [691/782], Loss: 0.19525133073329926
Rank:0 Epoch: [26/40], Step: [701/782], Loss: 0.1445022076368332
Rank:0 Epoch: [26/40], Step: [711/782], Loss: 0.17913693189620972
Rank:0 Epoch: [26/40], Step: [721/782], Loss: 0.10269879549741745
Rank:0 Epoch: [26/40], Step: [731/782], Loss: 0.16881543397903442
Rank:0 Epoch: [26/40], Step: [741/782], Loss: 0.14806990325450897
Rank:0 Epoch: [26/40], Step: [751/782], Loss: 0.3812694847583771
Rank:0 Epoch: [26/40], Step: [761/782], Loss: 0.16096659004688263
Rank:0 Epoch: [26/40], Step: [771/782], Loss: 0.13479289412498474
Rank:0 Epoch: [26/40], Step: [781/782], Loss: 0.16982749104499817
Current Test Acc: 0.9128
Rank:0 Epoch: [27/40], Step: [1/782], Loss: 0.21689406037330627
Rank:0 Epoch: [27/40], Step: [11/782], Loss: 0.2006026804447174
Rank:0 Epoch: [27/40], Step: [21/782], Loss: 0.11194177716970444
Rank:0 Epoch: [27/40], Step: [31/782], Loss: 0.10406667739152908
Rank:0 Epoch: [27/40], Step: [41/782], Loss: 0.12206384539604187
Rank:0 Epoch: [27/40], Step: [51/782], Loss: 0.10572820901870728
Rank:0 Epoch: [27/40], Step: [61/782], Loss: 0.17723511159420013
Rank:0 Epoch: [27/40], Step: [71/782], Loss: 0.18117128312587738
Rank:0 Epoch: [27/40], Step: [81/782], Loss: 0.07564710080623627
Rank:0 Epoch: [27/40], Step: [91/782], Loss: 0.13698188960552216
Rank:0 Epoch: [27/40], Step: [101/782], Loss: 0.1319957673549652
Rank:0 Epoch: [27/40], Step: [111/782], Loss: 0.25870001316070557
Rank:0 Epoch: [27/40], Step: [121/782], Loss: 0.06918712705373764
Rank:0 Epoch: [27/40], Step: [131/782], Loss: 0.08451070636510849
Rank:0 Epoch: [27/40], Step: [141/782], Loss: 0.15183311700820923
Rank:0 Epoch: [27/40], Step: [151/782], Loss: 0.19320893287658691
Rank:0 Epoch: [27/40], Step: [161/782], Loss: 0.12354710698127747
Rank:0 Epoch: [27/40], Step: [171/782], Loss: 0.14486563205718994
Rank:0 Epoch: [27/40], Step: [181/782], Loss: 0.08874084800481796
Rank:0 Epoch: [27/40], Step: [191/782], Loss: 0.10227975994348526
Rank:0 Epoch: [27/40], Step: [201/782], Loss: 0.1381700485944748
Rank:0 Epoch: [27/40], Step: [211/782], Loss: 0.16472746431827545
Rank:0 Epoch: [27/40], Step: [221/782], Loss: 0.2726563513278961
Rank:0 Epoch: [27/40], Step: [231/782], Loss: 0.22690045833587646
Rank:0 Epoch: [27/40], Step: [241/782], Loss: 0.23399478197097778
Rank:0 Epoch: [27/40], Step: [251/782], Loss: 0.24487456679344177
Rank:0 Epoch: [27/40], Step: [261/782], Loss: 0.1779778152704239
Rank:0 Epoch: [27/40], Step: [271/782], Loss: 0.33891019225120544
Rank:0 Epoch: [27/40], Step: [281/782], Loss: 0.07092199474573135
Rank:0 Epoch: [27/40], Step: [291/782], Loss: 0.32356202602386475
Rank:0 Epoch: [27/40], Step: [301/782], Loss: 1.1831810474395752
Rank:0 Epoch: [27/40], Step: [311/782], Loss: 0.30738627910614014
Rank:0 Epoch: [27/40], Step: [321/782], Loss: 0.13659127056598663
Rank:0 Epoch: [27/40], Step: [331/782], Loss: 0.20121540129184723
Rank:0 Epoch: [27/40], Step: [341/782], Loss: 0.2724650502204895
Rank:0 Epoch: [27/40], Step: [351/782], Loss: 0.20913712680339813
Rank:0 Epoch: [27/40], Step: [361/782], Loss: 0.16310572624206543
Rank:0 Epoch: [27/40], Step: [371/782], Loss: 0.19077427685260773
Rank:0 Epoch: [27/40], Step: [381/782], Loss: 0.06450586020946503
Rank:0 Epoch: [27/40], Step: [391/782], Loss: 0.07335542142391205
Rank:0 Epoch: [27/40], Step: [401/782], Loss: 0.21036788821220398
Rank:0 Epoch: [27/40], Step: [411/782], Loss: 0.25982996821403503
Rank:0 Epoch: [27/40], Step: [421/782], Loss: 0.18176357448101044
Rank:0 Epoch: [27/40], Step: [431/782], Loss: 0.055949617177248
Rank:0 Epoch: [27/40], Step: [441/782], Loss: 0.1687743216753006
Rank:0 Epoch: [27/40], Step: [451/782], Loss: 0.17153948545455933
Rank:0 Epoch: [27/40], Step: [461/782], Loss: 0.20152804255485535
Rank:0 Epoch: [27/40], Step: [471/782], Loss: 0.1320800930261612
Rank:0 Epoch: [27/40], Step: [481/782], Loss: 0.0867241621017456
Rank:0 Epoch: [27/40], Step: [491/782], Loss: 0.34509575366973877
Rank:0 Epoch: [27/40], Step: [501/782], Loss: 0.10094483196735382
Rank:0 Epoch: [27/40], Step: [511/782], Loss: 0.22228781878948212
Rank:0 Epoch: [27/40], Step: [521/782], Loss: 0.10441210865974426
Rank:0 Epoch: [27/40], Step: [531/782], Loss: 0.1460704505443573
Rank:0 Epoch: [27/40], Step: [541/782], Loss: 0.10927174240350723
Rank:0 Epoch: [27/40], Step: [551/782], Loss: 0.2262834757566452
Rank:0 Epoch: [27/40], Step: [561/782], Loss: 0.1175764799118042
Rank:0 Epoch: [27/40], Step: [571/782], Loss: 0.2567695379257202
Rank:0 Epoch: [27/40], Step: [581/782], Loss: 0.07529261708259583
Rank:0 Epoch: [27/40], Step: [591/782], Loss: 0.17475499212741852
Rank:0 Epoch: [27/40], Step: [601/782], Loss: 0.08236412703990936
Rank:0 Epoch: [27/40], Step: [611/782], Loss: 0.1389055699110031
Rank:0 Epoch: [27/40], Step: [621/782], Loss: 0.1364092081785202
Rank:0 Epoch: [27/40], Step: [631/782], Loss: 0.05712403357028961
Rank:0 Epoch: [27/40], Step: [641/782], Loss: 0.21897073090076447
Rank:0 Epoch: [27/40], Step: [651/782], Loss: 0.17243318259716034
Rank:0 Epoch: [27/40], Step: [661/782], Loss: 0.29198217391967773
Rank:0 Epoch: [27/40], Step: [671/782], Loss: 0.13822507858276367
Rank:0 Epoch: [27/40], Step: [681/782], Loss: 0.14386402070522308
Rank:0 Epoch: [27/40], Step: [691/782], Loss: 0.20027583837509155
Rank:0 Epoch: [27/40], Step: [701/782], Loss: 0.25457146763801575
Rank:0 Epoch: [27/40], Step: [711/782], Loss: 0.1119413673877716
Rank:0 Epoch: [27/40], Step: [721/782], Loss: 0.17499889433383942
Rank:0 Epoch: [27/40], Step: [731/782], Loss: 0.14767900109291077
Rank:0 Epoch: [27/40], Step: [741/782], Loss: 0.20752859115600586
Rank:0 Epoch: [27/40], Step: [751/782], Loss: 0.15907463431358337
Rank:0 Epoch: [27/40], Step: [761/782], Loss: 0.13411983847618103
Rank:0 Epoch: [27/40], Step: [771/782], Loss: 0.14575998485088348
Rank:0 Epoch: [27/40], Step: [781/782], Loss: 0.2048499882221222
Current Test Acc: 0.9132
Rank:0 Epoch: [28/40], Step: [1/782], Loss: 0.09610778838396072
Rank:0 Epoch: [28/40], Step: [11/782], Loss: 0.13408596813678741
Rank:0 Epoch: [28/40], Step: [21/782], Loss: 0.10028472542762756
Rank:0 Epoch: [28/40], Step: [31/782], Loss: 0.23014244437217712
Rank:0 Epoch: [28/40], Step: [41/782], Loss: 0.1020820140838623
Rank:0 Epoch: [28/40], Step: [51/782], Loss: 0.11735691875219345
Rank:0 Epoch: [28/40], Step: [61/782], Loss: 0.15401466190814972
Rank:0 Epoch: [28/40], Step: [71/782], Loss: 0.2826199233531952
Rank:0 Epoch: [28/40], Step: [81/782], Loss: 0.10115982592105865
Rank:0 Epoch: [28/40], Step: [91/782], Loss: 0.11274243891239166
Rank:0 Epoch: [28/40], Step: [101/782], Loss: 0.09097117185592651
Rank:0 Epoch: [28/40], Step: [111/782], Loss: 0.09066975116729736
Rank:0 Epoch: [28/40], Step: [121/782], Loss: 0.11543912440538406
Rank:0 Epoch: [28/40], Step: [131/782], Loss: 0.16594398021697998
Rank:0 Epoch: [28/40], Step: [141/782], Loss: 0.06901746988296509
Rank:0 Epoch: [28/40], Step: [151/782], Loss: 0.32467567920684814
Rank:0 Epoch: [28/40], Step: [161/782], Loss: 0.07805388420820236
Rank:0 Epoch: [28/40], Step: [171/782], Loss: 0.05351578816771507
Rank:0 Epoch: [28/40], Step: [181/782], Loss: 0.05040588229894638
Rank:0 Epoch: [28/40], Step: [191/782], Loss: 0.12630383670330048
Rank:0 Epoch: [28/40], Step: [201/782], Loss: 0.07724259048700333
Rank:0 Epoch: [28/40], Step: [211/782], Loss: 0.21514159440994263
Rank:0 Epoch: [28/40], Step: [221/782], Loss: 0.12335516512393951
Rank:0 Epoch: [28/40], Step: [231/782], Loss: 0.23408277332782745
Rank:0 Epoch: [28/40], Step: [241/782], Loss: 0.1838371604681015
Rank:0 Epoch: [28/40], Step: [251/782], Loss: 0.35139209032058716
Rank:0 Epoch: [28/40], Step: [261/782], Loss: 0.2888292074203491
Rank:0 Epoch: [28/40], Step: [271/782], Loss: 0.09515996277332306
Rank:0 Epoch: [28/40], Step: [281/782], Loss: 0.09152455627918243
Rank:0 Epoch: [28/40], Step: [291/782], Loss: 0.2090221345424652
Rank:0 Epoch: [28/40], Step: [301/782], Loss: 0.1267908811569214
Rank:0 Epoch: [28/40], Step: [311/782], Loss: 0.18177847564220428
Rank:0 Epoch: [28/40], Step: [321/782], Loss: 0.1646876186132431
Rank:0 Epoch: [28/40], Step: [331/782], Loss: 0.16199767589569092
Rank:0 Epoch: [28/40], Step: [341/782], Loss: 0.13436518609523773
Rank:0 Epoch: [28/40], Step: [351/782], Loss: 0.048632219433784485
Rank:0 Epoch: [28/40], Step: [361/782], Loss: 0.13590744137763977
Rank:0 Epoch: [28/40], Step: [371/782], Loss: 0.1210356205701828
Rank:0 Epoch: [28/40], Step: [381/782], Loss: 0.1866506189107895
Rank:0 Epoch: [28/40], Step: [391/782], Loss: 0.15028353035449982
Rank:0 Epoch: [28/40], Step: [401/782], Loss: 0.17715595662593842
Rank:0 Epoch: [28/40], Step: [411/782], Loss: 0.09242132306098938
Rank:0 Epoch: [28/40], Step: [421/782], Loss: 0.2182874232530594
Rank:0 Epoch: [28/40], Step: [431/782], Loss: 0.07659315317869186
Rank:0 Epoch: [28/40], Step: [441/782], Loss: 0.24752521514892578
Rank:0 Epoch: [28/40], Step: [451/782], Loss: 0.13445037603378296
Rank:0 Epoch: [28/40], Step: [461/782], Loss: 0.20947089791297913
Rank:0 Epoch: [28/40], Step: [471/782], Loss: 0.11716726422309875
Rank:0 Epoch: [28/40], Step: [481/782], Loss: 0.2396828830242157
Rank:0 Epoch: [28/40], Step: [491/782], Loss: 0.21152083575725555
Rank:0 Epoch: [28/40], Step: [501/782], Loss: 0.11979427933692932
Rank:0 Epoch: [28/40], Step: [511/782], Loss: 0.20813028514385223
Rank:0 Epoch: [28/40], Step: [521/782], Loss: 0.1887073516845703
Rank:0 Epoch: [28/40], Step: [531/782], Loss: 0.09658785909414291
Rank:0 Epoch: [28/40], Step: [541/782], Loss: 0.07626335322856903
Rank:0 Epoch: [28/40], Step: [551/782], Loss: 0.2119494527578354
Rank:0 Epoch: [28/40], Step: [561/782], Loss: 0.13417860865592957
Rank:0 Epoch: [28/40], Step: [571/782], Loss: 0.17077045142650604
Rank:0 Epoch: [28/40], Step: [581/782], Loss: 0.2637172341346741
Rank:0 Epoch: [28/40], Step: [591/782], Loss: 0.15774577856063843
Rank:0 Epoch: [28/40], Step: [601/782], Loss: 0.07433295994997025
Rank:0 Epoch: [28/40], Step: [611/782], Loss: 0.2652295231819153
Rank:0 Epoch: [28/40], Step: [621/782], Loss: 0.09446053951978683
Rank:0 Epoch: [28/40], Step: [631/782], Loss: 0.1288297027349472
Rank:0 Epoch: [28/40], Step: [641/782], Loss: 0.2317858338356018
Rank:0 Epoch: [28/40], Step: [651/782], Loss: 0.16512374579906464
Rank:0 Epoch: [28/40], Step: [661/782], Loss: 0.19005422294139862
Rank:0 Epoch: [28/40], Step: [671/782], Loss: 0.09828221797943115
Rank:0 Epoch: [28/40], Step: [681/782], Loss: 0.16990122199058533
Rank:0 Epoch: [28/40], Step: [691/782], Loss: 0.12494319677352905
Rank:0 Epoch: [28/40], Step: [701/782], Loss: 0.21892035007476807
Rank:0 Epoch: [28/40], Step: [711/782], Loss: 0.2926126718521118
Rank:0 Epoch: [28/40], Step: [721/782], Loss: 0.22138257324695587
Rank:0 Epoch: [28/40], Step: [731/782], Loss: 0.13619357347488403
Rank:0 Epoch: [28/40], Step: [741/782], Loss: 0.041782036423683167
Rank:0 Epoch: [28/40], Step: [751/782], Loss: 0.26817208528518677
Rank:0 Epoch: [28/40], Step: [761/782], Loss: 0.06656952947378159
Rank:0 Epoch: [28/40], Step: [771/782], Loss: 0.13658201694488525
Rank:0 Epoch: [28/40], Step: [781/782], Loss: 0.2023419439792633
Current Test Acc: 0.913
Rank:0 Epoch: [29/40], Step: [1/782], Loss: 0.07872290164232254
Rank:0 Epoch: [29/40], Step: [11/782], Loss: 0.1503957211971283
Rank:0 Epoch: [29/40], Step: [21/782], Loss: 0.13417162001132965
Rank:0 Epoch: [29/40], Step: [31/782], Loss: 0.12515844404697418
Rank:0 Epoch: [29/40], Step: [41/782], Loss: 0.20943745970726013
Rank:0 Epoch: [29/40], Step: [51/782], Loss: 0.10668615251779556
Rank:0 Epoch: [29/40], Step: [61/782], Loss: 0.15598852932453156
Rank:0 Epoch: [29/40], Step: [71/782], Loss: 0.09636961668729782
Rank:0 Epoch: [29/40], Step: [81/782], Loss: 0.061853304505348206
Rank:0 Epoch: [29/40], Step: [91/782], Loss: 0.11603965610265732
Rank:0 Epoch: [29/40], Step: [101/782], Loss: 0.10216209292411804
Rank:0 Epoch: [29/40], Step: [111/782], Loss: 0.07489272952079773
Rank:0 Epoch: [29/40], Step: [121/782], Loss: 0.1385636329650879
Rank:0 Epoch: [29/40], Step: [131/782], Loss: 0.2487821877002716
Rank:0 Epoch: [29/40], Step: [141/782], Loss: 0.1223330870270729
Rank:0 Epoch: [29/40], Step: [151/782], Loss: 0.14175859093666077
Rank:0 Epoch: [29/40], Step: [161/782], Loss: 0.3229355812072754
Rank:0 Epoch: [29/40], Step: [171/782], Loss: 0.05396290495991707
Rank:0 Epoch: [29/40], Step: [181/782], Loss: 0.16337761282920837
Rank:0 Epoch: [29/40], Step: [191/782], Loss: 0.05718904733657837
Rank:0 Epoch: [29/40], Step: [201/782], Loss: 0.13542160391807556
Rank:0 Epoch: [29/40], Step: [211/782], Loss: 0.2425445318222046
Rank:0 Epoch: [29/40], Step: [221/782], Loss: 0.18358178436756134
Rank:0 Epoch: [29/40], Step: [231/782], Loss: 0.1504768431186676
Rank:0 Epoch: [29/40], Step: [241/782], Loss: 0.1820903718471527
Rank:0 Epoch: [29/40], Step: [251/782], Loss: 0.13922715187072754
Rank:0 Epoch: [29/40], Step: [261/782], Loss: 0.2055634707212448
Rank:0 Epoch: [29/40], Step: [271/782], Loss: 0.07396303862333298
Rank:0 Epoch: [29/40], Step: [281/782], Loss: 0.06971026957035065
Rank:0 Epoch: [29/40], Step: [291/782], Loss: 0.06545434147119522
Rank:0 Epoch: [29/40], Step: [301/782], Loss: 0.06171376630663872
Rank:0 Epoch: [29/40], Step: [311/782], Loss: 0.14570041000843048
Rank:0 Epoch: [29/40], Step: [321/782], Loss: 0.07449124753475189
Rank:0 Epoch: [29/40], Step: [331/782], Loss: 0.05807430297136307
Rank:0 Epoch: [29/40], Step: [341/782], Loss: 0.1652882844209671
Rank:0 Epoch: [29/40], Step: [351/782], Loss: 0.1858714371919632
Rank:0 Epoch: [29/40], Step: [361/782], Loss: 0.3357198238372803
Rank:0 Epoch: [29/40], Step: [371/782], Loss: 0.12220364063978195
Rank:0 Epoch: [29/40], Step: [381/782], Loss: 0.06790344417095184
Rank:0 Epoch: [29/40], Step: [391/782], Loss: 0.20589284598827362
Rank:0 Epoch: [29/40], Step: [401/782], Loss: 0.09229110926389694
Rank:0 Epoch: [29/40], Step: [411/782], Loss: 0.14558683335781097
Rank:0 Epoch: [29/40], Step: [421/782], Loss: 0.10014963150024414
Rank:0 Epoch: [29/40], Step: [431/782], Loss: 0.12175938487052917
Rank:0 Epoch: [29/40], Step: [441/782], Loss: 0.7492245435714722
Rank:0 Epoch: [29/40], Step: [451/782], Loss: 0.13512727618217468
Rank:0 Epoch: [29/40], Step: [461/782], Loss: 0.06385723501443863
Rank:0 Epoch: [29/40], Step: [471/782], Loss: 0.19103582203388214
Rank:0 Epoch: [29/40], Step: [481/782], Loss: 0.2547014057636261
Rank:0 Epoch: [29/40], Step: [491/782], Loss: 0.12414945662021637
Rank:0 Epoch: [29/40], Step: [501/782], Loss: 0.08417883515357971
Rank:0 Epoch: [29/40], Step: [511/782], Loss: 0.1347600221633911
Rank:0 Epoch: [29/40], Step: [521/782], Loss: 0.2147068828344345
Rank:0 Epoch: [29/40], Step: [531/782], Loss: 0.19376881420612335
Rank:0 Epoch: [29/40], Step: [541/782], Loss: 0.11597661674022675
Rank:0 Epoch: [29/40], Step: [551/782], Loss: 0.07297823578119278
Rank:0 Epoch: [29/40], Step: [561/782], Loss: 0.12698490917682648
Rank:0 Epoch: [29/40], Step: [571/782], Loss: 0.29573357105255127
Rank:0 Epoch: [29/40], Step: [581/782], Loss: 0.1679847687482834
Rank:0 Epoch: [29/40], Step: [591/782], Loss: 0.10455361008644104
Rank:0 Epoch: [29/40], Step: [601/782], Loss: 0.11463557183742523
Rank:0 Epoch: [29/40], Step: [611/782], Loss: 0.10429839789867401
Rank:0 Epoch: [29/40], Step: [621/782], Loss: 0.09401781111955643
Rank:0 Epoch: [29/40], Step: [631/782], Loss: 0.042337555438280106
Rank:0 Epoch: [29/40], Step: [641/782], Loss: 0.15058846771717072
Rank:0 Epoch: [29/40], Step: [651/782], Loss: 0.08442046493291855
Rank:0 Epoch: [29/40], Step: [661/782], Loss: 0.09331259876489639
Rank:0 Epoch: [29/40], Step: [671/782], Loss: 0.24948550760746002
Rank:0 Epoch: [29/40], Step: [681/782], Loss: 0.09109744429588318
Rank:0 Epoch: [29/40], Step: [691/782], Loss: 0.06712367385625839
Rank:0 Epoch: [29/40], Step: [701/782], Loss: 0.2284553200006485
Rank:0 Epoch: [29/40], Step: [711/782], Loss: 0.1732291281223297
Rank:0 Epoch: [29/40], Step: [721/782], Loss: 0.21962878108024597
Rank:0 Epoch: [29/40], Step: [731/782], Loss: 0.17009364068508148
Rank:0 Epoch: [29/40], Step: [741/782], Loss: 0.11479450017213821
Rank:0 Epoch: [29/40], Step: [751/782], Loss: 0.09156876057386398
Rank:0 Epoch: [29/40], Step: [761/782], Loss: 0.189333975315094
Rank:0 Epoch: [29/40], Step: [771/782], Loss: 0.2753012776374817
Rank:0 Epoch: [29/40], Step: [781/782], Loss: 0.12689745426177979
Current Test Acc: 0.9166
Rank:0 Epoch: [30/40], Step: [1/782], Loss: 0.0758708044886589
Rank:0 Epoch: [30/40], Step: [11/782], Loss: 0.146020770072937
Rank:0 Epoch: [30/40], Step: [21/782], Loss: 0.16269034147262573
Rank:0 Epoch: [30/40], Step: [31/782], Loss: 0.10549917817115784
Rank:0 Epoch: [30/40], Step: [41/782], Loss: 0.0776652991771698
Rank:0 Epoch: [30/40], Step: [51/782], Loss: 0.1448729783296585
Rank:0 Epoch: [30/40], Step: [61/782], Loss: 0.15974587202072144
Rank:0 Epoch: [30/40], Step: [71/782], Loss: 0.44515013694763184
Rank:0 Epoch: [30/40], Step: [81/782], Loss: 0.18081322312355042
Rank:0 Epoch: [30/40], Step: [91/782], Loss: 0.07546799629926682
Rank:0 Epoch: [30/40], Step: [101/782], Loss: 0.09838774800300598
Rank:0 Epoch: [30/40], Step: [111/782], Loss: 0.28405874967575073
Rank:0 Epoch: [30/40], Step: [121/782], Loss: 0.24453212320804596
Rank:0 Epoch: [30/40], Step: [131/782], Loss: 0.15968039631843567
Rank:0 Epoch: [30/40], Step: [141/782], Loss: 0.090969979763031
Rank:0 Epoch: [30/40], Step: [151/782], Loss: 0.35643208026885986
Rank:0 Epoch: [30/40], Step: [161/782], Loss: 0.071880042552948
Rank:0 Epoch: [30/40], Step: [171/782], Loss: 0.10725552588701248
Rank:0 Epoch: [30/40], Step: [181/782], Loss: 0.11141760647296906
Rank:0 Epoch: [30/40], Step: [191/782], Loss: 0.1278366893529892
Rank:0 Epoch: [30/40], Step: [201/782], Loss: 0.09286680072546005
Rank:0 Epoch: [30/40], Step: [211/782], Loss: 0.2231639325618744
Rank:0 Epoch: [30/40], Step: [221/782], Loss: 0.12757755815982819
Rank:0 Epoch: [30/40], Step: [231/782], Loss: 0.11383476853370667
Rank:0 Epoch: [30/40], Step: [241/782], Loss: 0.17778508365154266
Rank:0 Epoch: [30/40], Step: [251/782], Loss: 0.06502624601125717
Rank:0 Epoch: [30/40], Step: [261/782], Loss: 0.10061674565076828
Rank:0 Epoch: [30/40], Step: [271/782], Loss: 0.11590753495693207
Rank:0 Epoch: [30/40], Step: [281/782], Loss: 0.25661981105804443
Rank:0 Epoch: [30/40], Step: [291/782], Loss: 0.06603147089481354
Rank:0 Epoch: [30/40], Step: [301/782], Loss: 0.137968510389328
Rank:0 Epoch: [30/40], Step: [311/782], Loss: 0.08273117989301682
Rank:0 Epoch: [30/40], Step: [321/782], Loss: 0.11399750411510468
Rank:0 Epoch: [30/40], Step: [331/782], Loss: 0.3380591869354248
Rank:0 Epoch: [30/40], Step: [341/782], Loss: 0.11123743653297424
Rank:0 Epoch: [30/40], Step: [351/782], Loss: 0.21678972244262695
Rank:0 Epoch: [30/40], Step: [361/782], Loss: 0.05920904502272606
Rank:0 Epoch: [30/40], Step: [371/782], Loss: 0.12026489526033401
Rank:0 Epoch: [30/40], Step: [381/782], Loss: 0.07698842883110046
Rank:0 Epoch: [30/40], Step: [391/782], Loss: 0.35778337717056274
Rank:0 Epoch: [30/40], Step: [401/782], Loss: 0.05877982825040817
Rank:0 Epoch: [30/40], Step: [411/782], Loss: 0.07730089873075485
Rank:0 Epoch: [30/40], Step: [421/782], Loss: 0.08759751170873642
Rank:0 Epoch: [30/40], Step: [431/782], Loss: 0.0831361934542656
Rank:0 Epoch: [30/40], Step: [441/782], Loss: 0.06537044048309326
Rank:0 Epoch: [30/40], Step: [451/782], Loss: 0.15965457260608673
Rank:0 Epoch: [30/40], Step: [461/782], Loss: 0.2644541263580322
Rank:0 Epoch: [30/40], Step: [471/782], Loss: 0.0742311030626297
Rank:0 Epoch: [30/40], Step: [481/782], Loss: 0.07332459092140198
Rank:0 Epoch: [30/40], Step: [491/782], Loss: 0.11742544919252396
Rank:0 Epoch: [30/40], Step: [501/782], Loss: 0.08162160217761993
Rank:0 Epoch: [30/40], Step: [511/782], Loss: 0.05868604779243469
Rank:0 Epoch: [30/40], Step: [521/782], Loss: 0.149298757314682
Rank:0 Epoch: [30/40], Step: [531/782], Loss: 0.16923479735851288
Rank:0 Epoch: [30/40], Step: [541/782], Loss: 0.07235060632228851
Rank:0 Epoch: [30/40], Step: [551/782], Loss: 0.10449789464473724
Rank:0 Epoch: [30/40], Step: [561/782], Loss: 0.13620075583457947
Rank:0 Epoch: [30/40], Step: [571/782], Loss: 0.235254168510437
Rank:0 Epoch: [30/40], Step: [581/782], Loss: 0.12984125316143036
Rank:0 Epoch: [30/40], Step: [591/782], Loss: 0.13669046759605408
Rank:0 Epoch: [30/40], Step: [601/782], Loss: 0.1118008941411972
Rank:0 Epoch: [30/40], Step: [611/782], Loss: 0.15163567662239075
Rank:0 Epoch: [30/40], Step: [621/782], Loss: 0.04000476002693176
Rank:0 Epoch: [30/40], Step: [631/782], Loss: 0.12158767879009247
Rank:0 Epoch: [30/40], Step: [641/782], Loss: 0.13577812910079956
Rank:0 Epoch: [30/40], Step: [651/782], Loss: 0.24495941400527954
Rank:0 Epoch: [30/40], Step: [661/782], Loss: 0.3180481791496277
Rank:0 Epoch: [30/40], Step: [671/782], Loss: 0.1871638298034668
Rank:0 Epoch: [30/40], Step: [681/782], Loss: 0.2676139771938324
Rank:0 Epoch: [30/40], Step: [691/782], Loss: 0.1179162785410881
Rank:0 Epoch: [30/40], Step: [701/782], Loss: 0.15896393358707428
Rank:0 Epoch: [30/40], Step: [711/782], Loss: 0.0742325633764267
Rank:0 Epoch: [30/40], Step: [721/782], Loss: 0.06181446090340614
Rank:0 Epoch: [30/40], Step: [731/782], Loss: 0.2204587161540985
Rank:0 Epoch: [30/40], Step: [741/782], Loss: 0.11341440677642822
Rank:0 Epoch: [30/40], Step: [751/782], Loss: 0.07002289593219757
Rank:0 Epoch: [30/40], Step: [761/782], Loss: 0.092596635222435
Rank:0 Epoch: [30/40], Step: [771/782], Loss: 0.05829465016722679
Rank:0 Epoch: [30/40], Step: [781/782], Loss: 0.23532430827617645
Current Test Acc: 0.9165
Rank:0 Epoch: [31/40], Step: [1/782], Loss: 0.12445414811372757
Rank:0 Epoch: [31/40], Step: [11/782], Loss: 0.09672650694847107
Rank:0 Epoch: [31/40], Step: [21/782], Loss: 0.11534800380468369
Rank:0 Epoch: [31/40], Step: [31/782], Loss: 0.16141009330749512
Rank:0 Epoch: [31/40], Step: [41/782], Loss: 0.05623640865087509
Rank:0 Epoch: [31/40], Step: [51/782], Loss: 0.13208526372909546
Rank:0 Epoch: [31/40], Step: [61/782], Loss: 0.057773299515247345
Rank:0 Epoch: [31/40], Step: [71/782], Loss: 0.08546029776334763
Rank:0 Epoch: [31/40], Step: [81/782], Loss: 0.14255352318286896
Rank:0 Epoch: [31/40], Step: [91/782], Loss: 0.1868520975112915
Rank:0 Epoch: [31/40], Step: [101/782], Loss: 0.2422557920217514
Rank:0 Epoch: [31/40], Step: [111/782], Loss: 0.07371673732995987
Rank:0 Epoch: [31/40], Step: [121/782], Loss: 0.055271733552217484
Rank:0 Epoch: [31/40], Step: [131/782], Loss: 0.19630059599876404
Rank:0 Epoch: [31/40], Step: [141/782], Loss: 0.1626652032136917
Rank:0 Epoch: [31/40], Step: [151/782], Loss: 0.05013130605220795
Rank:0 Epoch: [31/40], Step: [161/782], Loss: 0.09949430823326111
Rank:0 Epoch: [31/40], Step: [171/782], Loss: 0.0990024283528328
Rank:0 Epoch: [31/40], Step: [181/782], Loss: 0.07953445613384247
Rank:0 Epoch: [31/40], Step: [191/782], Loss: 0.16837675869464874
Rank:0 Epoch: [31/40], Step: [201/782], Loss: 0.13619966804981232
Rank:0 Epoch: [31/40], Step: [211/782], Loss: 0.037117794156074524
Rank:0 Epoch: [31/40], Step: [221/782], Loss: 0.08985685557126999
Rank:0 Epoch: [31/40], Step: [231/782], Loss: 0.09674538671970367
Rank:0 Epoch: [31/40], Step: [241/782], Loss: 0.11795404553413391
Rank:0 Epoch: [31/40], Step: [251/782], Loss: 0.18052957952022552
Rank:0 Epoch: [31/40], Step: [261/782], Loss: 0.05138133838772774
Rank:0 Epoch: [31/40], Step: [271/782], Loss: 0.12712636590003967
Rank:0 Epoch: [31/40], Step: [281/782], Loss: 0.21002411842346191
Rank:0 Epoch: [31/40], Step: [291/782], Loss: 0.1251540333032608
Rank:0 Epoch: [31/40], Step: [301/782], Loss: 0.19991424679756165
Rank:0 Epoch: [31/40], Step: [311/782], Loss: 0.04997347295284271
Rank:0 Epoch: [31/40], Step: [321/782], Loss: 0.061831582337617874
Rank:0 Epoch: [31/40], Step: [331/782], Loss: 0.04457579925656319
Rank:0 Epoch: [31/40], Step: [341/782], Loss: 0.036348726600408554
Rank:0 Epoch: [31/40], Step: [351/782], Loss: 0.11509426683187485
Rank:0 Epoch: [31/40], Step: [361/782], Loss: 0.3707650899887085
Rank:0 Epoch: [31/40], Step: [371/782], Loss: 0.1030830442905426
Rank:0 Epoch: [31/40], Step: [381/782], Loss: 0.1431395262479782
Rank:0 Epoch: [31/40], Step: [391/782], Loss: 0.11931756138801575
Rank:0 Epoch: [31/40], Step: [401/782], Loss: 0.10216236859560013
Rank:0 Epoch: [31/40], Step: [411/782], Loss: 0.07284530997276306
Rank:0 Epoch: [31/40], Step: [421/782], Loss: 0.12867966294288635
Rank:0 Epoch: [31/40], Step: [431/782], Loss: 0.08487891405820847
Rank:0 Epoch: [31/40], Step: [441/782], Loss: 0.21033930778503418
Rank:0 Epoch: [31/40], Step: [451/782], Loss: 0.11437425762414932
Rank:0 Epoch: [31/40], Step: [461/782], Loss: 0.04304913803935051
Rank:0 Epoch: [31/40], Step: [471/782], Loss: 0.1365349441766739
Rank:0 Epoch: [31/40], Step: [481/782], Loss: 0.05361532047390938
Rank:0 Epoch: [31/40], Step: [491/782], Loss: 0.20270349085330963
Rank:0 Epoch: [31/40], Step: [501/782], Loss: 0.08185479044914246
Rank:0 Epoch: [31/40], Step: [511/782], Loss: 0.09932893514633179
Rank:0 Epoch: [31/40], Step: [521/782], Loss: 0.22103992104530334
Rank:0 Epoch: [31/40], Step: [531/782], Loss: 0.14056113362312317
Rank:0 Epoch: [31/40], Step: [541/782], Loss: 0.10801085829734802
Rank:0 Epoch: [31/40], Step: [551/782], Loss: 0.05102567747235298
Rank:0 Epoch: [31/40], Step: [561/782], Loss: 0.15296213328838348
Rank:0 Epoch: [31/40], Step: [571/782], Loss: 0.15391787886619568
Rank:0 Epoch: [31/40], Step: [581/782], Loss: 0.08416221290826797
Rank:0 Epoch: [31/40], Step: [591/782], Loss: 0.06503187865018845
Rank:0 Epoch: [31/40], Step: [601/782], Loss: 0.0793895274400711
Rank:0 Epoch: [31/40], Step: [611/782], Loss: 0.14187438786029816
Rank:0 Epoch: [31/40], Step: [621/782], Loss: 0.13004803657531738
Rank:0 Epoch: [31/40], Step: [631/782], Loss: 0.16466814279556274
Rank:0 Epoch: [31/40], Step: [641/782], Loss: 0.14242321252822876
Rank:0 Epoch: [31/40], Step: [651/782], Loss: 0.07515064626932144
Rank:0 Epoch: [31/40], Step: [661/782], Loss: 0.29727619886398315
Rank:0 Epoch: [31/40], Step: [671/782], Loss: 0.16675429046154022
Rank:0 Epoch: [31/40], Step: [681/782], Loss: 0.0739893987774849
Rank:0 Epoch: [31/40], Step: [691/782], Loss: 0.1228783056139946
Rank:0 Epoch: [31/40], Step: [701/782], Loss: 0.09098353981971741
Rank:0 Epoch: [31/40], Step: [711/782], Loss: 0.07972307503223419
Rank:0 Epoch: [31/40], Step: [721/782], Loss: 0.17549027502536774
Rank:0 Epoch: [31/40], Step: [731/782], Loss: 0.14996322989463806
Rank:0 Epoch: [31/40], Step: [741/782], Loss: 0.06664735823869705
Rank:0 Epoch: [31/40], Step: [751/782], Loss: 0.1732862889766693
Rank:0 Epoch: [31/40], Step: [761/782], Loss: 0.05449087545275688
Rank:0 Epoch: [31/40], Step: [771/782], Loss: 0.2019093930721283
Rank:0 Epoch: [31/40], Step: [781/782], Loss: 0.05552682653069496
Current Test Acc: 0.917
Rank:0 Epoch: [32/40], Step: [1/782], Loss: 0.06201964616775513
Rank:0 Epoch: [32/40], Step: [11/782], Loss: 0.09146281331777573
Rank:0 Epoch: [32/40], Step: [21/782], Loss: 0.17726850509643555
Rank:0 Epoch: [32/40], Step: [31/782], Loss: 0.18166662752628326
Rank:0 Epoch: [32/40], Step: [41/782], Loss: 0.04848366975784302
Rank:0 Epoch: [32/40], Step: [51/782], Loss: 0.05876924842596054
Rank:0 Epoch: [32/40], Step: [61/782], Loss: 0.10728783160448074
Rank:0 Epoch: [32/40], Step: [71/782], Loss: 0.11559329181909561
Rank:0 Epoch: [32/40], Step: [81/782], Loss: 0.0685230940580368
Rank:0 Epoch: [32/40], Step: [91/782], Loss: 0.0505780465900898
Rank:0 Epoch: [32/40], Step: [101/782], Loss: 0.0842074453830719
Rank:0 Epoch: [32/40], Step: [111/782], Loss: 0.07891510426998138
Rank:0 Epoch: [32/40], Step: [121/782], Loss: 0.11908624321222305
Rank:0 Epoch: [32/40], Step: [131/782], Loss: 0.0909033715724945
Rank:0 Epoch: [32/40], Step: [141/782], Loss: 0.09456366300582886
Rank:0 Epoch: [32/40], Step: [151/782], Loss: 0.07134959101676941
Rank:0 Epoch: [32/40], Step: [161/782], Loss: 0.0926843136548996
Rank:0 Epoch: [32/40], Step: [171/782], Loss: 0.07041136175394058
Rank:0 Epoch: [32/40], Step: [181/782], Loss: 0.12736080586910248
Rank:0 Epoch: [32/40], Step: [191/782], Loss: 0.06036048009991646
Rank:0 Epoch: [32/40], Step: [201/782], Loss: 0.3280048668384552
Rank:0 Epoch: [32/40], Step: [211/782], Loss: 0.12038091570138931
Rank:0 Epoch: [32/40], Step: [221/782], Loss: 0.20952939987182617
Rank:0 Epoch: [32/40], Step: [231/782], Loss: 0.10617014020681381
Rank:0 Epoch: [32/40], Step: [241/782], Loss: 0.12206549197435379
Rank:0 Epoch: [32/40], Step: [251/782], Loss: 0.04525334760546684
Rank:0 Epoch: [32/40], Step: [261/782], Loss: 0.06476910412311554
Rank:0 Epoch: [32/40], Step: [271/782], Loss: 0.13414327800273895
Rank:0 Epoch: [32/40], Step: [281/782], Loss: 0.09138081222772598
Rank:0 Epoch: [32/40], Step: [291/782], Loss: 0.06893249601125717
Rank:0 Epoch: [32/40], Step: [301/782], Loss: 0.16899137198925018
Rank:0 Epoch: [32/40], Step: [311/782], Loss: 0.08459210395812988
Rank:0 Epoch: [32/40], Step: [321/782], Loss: 0.1162826269865036
Rank:0 Epoch: [32/40], Step: [331/782], Loss: 0.10544552654027939
Rank:0 Epoch: [32/40], Step: [341/782], Loss: 0.13867589831352234
Rank:0 Epoch: [32/40], Step: [351/782], Loss: 0.077429860830307
Rank:0 Epoch: [32/40], Step: [361/782], Loss: 0.10569339245557785
Rank:0 Epoch: [32/40], Step: [371/782], Loss: 0.1538713574409485
Rank:0 Epoch: [32/40], Step: [381/782], Loss: 0.13818013668060303
Rank:0 Epoch: [32/40], Step: [391/782], Loss: 0.13685373961925507
Rank:0 Epoch: [32/40], Step: [401/782], Loss: 0.1679547280073166
Rank:0 Epoch: [32/40], Step: [411/782], Loss: 0.11647428572177887
Rank:0 Epoch: [32/40], Step: [421/782], Loss: 0.0702522024512291
Rank:0 Epoch: [32/40], Step: [431/782], Loss: 0.10821489989757538
Rank:0 Epoch: [32/40], Step: [441/782], Loss: 0.11648090928792953
Rank:0 Epoch: [32/40], Step: [451/782], Loss: 0.08576690405607224
Rank:0 Epoch: [32/40], Step: [461/782], Loss: 0.08378532528877258
Rank:0 Epoch: [32/40], Step: [471/782], Loss: 0.16478227078914642
Rank:0 Epoch: [32/40], Step: [481/782], Loss: 0.22845086455345154
Rank:0 Epoch: [32/40], Step: [491/782], Loss: 0.07554922997951508
Rank:0 Epoch: [32/40], Step: [501/782], Loss: 0.1877860426902771
Rank:0 Epoch: [32/40], Step: [511/782], Loss: 0.0806329995393753
Rank:0 Epoch: [32/40], Step: [521/782], Loss: 0.04818389564752579
Rank:0 Epoch: [32/40], Step: [531/782], Loss: 0.052230071276426315
Rank:0 Epoch: [32/40], Step: [541/782], Loss: 0.03608490899205208
Rank:0 Epoch: [32/40], Step: [551/782], Loss: 0.15566091239452362
Rank:0 Epoch: [32/40], Step: [561/782], Loss: 0.10368675738573074
Rank:0 Epoch: [32/40], Step: [571/782], Loss: 0.11867974698543549
Rank:0 Epoch: [32/40], Step: [581/782], Loss: 0.1650804579257965
Rank:0 Epoch: [32/40], Step: [591/782], Loss: 0.11137718707323074
Rank:0 Epoch: [32/40], Step: [601/782], Loss: 0.178521528840065
Rank:0 Epoch: [32/40], Step: [611/782], Loss: 0.09048271924257278
Rank:0 Epoch: [32/40], Step: [621/782], Loss: 0.16313421726226807
Rank:0 Epoch: [32/40], Step: [631/782], Loss: 0.18150198459625244
Rank:0 Epoch: [32/40], Step: [641/782], Loss: 0.09437239170074463
Rank:0 Epoch: [32/40], Step: [651/782], Loss: 0.12010684609413147
Rank:0 Epoch: [32/40], Step: [661/782], Loss: 0.06703444570302963
Rank:0 Epoch: [32/40], Step: [671/782], Loss: 0.08386652171611786
Rank:0 Epoch: [32/40], Step: [681/782], Loss: 0.09653155505657196
Rank:0 Epoch: [32/40], Step: [691/782], Loss: 0.11723153293132782
Rank:0 Epoch: [32/40], Step: [701/782], Loss: 0.11069807410240173
Rank:0 Epoch: [32/40], Step: [711/782], Loss: 0.16274917125701904
Rank:0 Epoch: [32/40], Step: [721/782], Loss: 0.20912130177021027
Rank:0 Epoch: [32/40], Step: [731/782], Loss: 0.05966592952609062
Rank:0 Epoch: [32/40], Step: [741/782], Loss: 0.07224810123443604
Rank:0 Epoch: [32/40], Step: [751/782], Loss: 0.1729307472705841
Rank:0 Epoch: [32/40], Step: [761/782], Loss: 0.3462286591529846
Rank:0 Epoch: [32/40], Step: [771/782], Loss: 0.33286067843437195
Rank:0 Epoch: [32/40], Step: [781/782], Loss: 0.037039488554000854
Current Test Acc: 0.9195
Rank:0 Epoch: [33/40], Step: [1/782], Loss: 0.06204764172434807
Rank:0 Epoch: [33/40], Step: [11/782], Loss: 0.20538684725761414
Rank:0 Epoch: [33/40], Step: [21/782], Loss: 0.08380066603422165
Rank:0 Epoch: [33/40], Step: [31/782], Loss: 0.11219990998506546
Rank:0 Epoch: [33/40], Step: [41/782], Loss: 0.090739406645298
Rank:0 Epoch: [33/40], Step: [51/782], Loss: 0.49639150500297546
Rank:0 Epoch: [33/40], Step: [61/782], Loss: 0.11339205503463745
Rank:0 Epoch: [33/40], Step: [71/782], Loss: 0.09508915990591049
Rank:0 Epoch: [33/40], Step: [81/782], Loss: 0.16673101484775543
Rank:0 Epoch: [33/40], Step: [91/782], Loss: 0.19773611426353455
Rank:0 Epoch: [33/40], Step: [101/782], Loss: 0.1445784866809845
Rank:0 Epoch: [33/40], Step: [111/782], Loss: 0.06985878199338913
Rank:0 Epoch: [33/40], Step: [121/782], Loss: 0.1781923770904541
Rank:0 Epoch: [33/40], Step: [131/782], Loss: 0.050378721207380295
Rank:0 Epoch: [33/40], Step: [141/782], Loss: 0.04002577066421509
Rank:0 Epoch: [33/40], Step: [151/782], Loss: 0.16792385280132294
Rank:0 Epoch: [33/40], Step: [161/782], Loss: 0.16098938882350922
Rank:0 Epoch: [33/40], Step: [171/782], Loss: 0.186678946018219
Rank:0 Epoch: [33/40], Step: [181/782], Loss: 0.10405156016349792
Rank:0 Epoch: [33/40], Step: [191/782], Loss: 0.1208297535777092
Rank:0 Epoch: [33/40], Step: [201/782], Loss: 0.27114593982696533
Rank:0 Epoch: [33/40], Step: [211/782], Loss: 0.053087737411260605
Rank:0 Epoch: [33/40], Step: [221/782], Loss: 0.12123893201351166
Rank:0 Epoch: [33/40], Step: [231/782], Loss: 0.2103123664855957
Rank:0 Epoch: [33/40], Step: [241/782], Loss: 0.03748781606554985
Rank:0 Epoch: [33/40], Step: [251/782], Loss: 0.055822666734457016
Rank:0 Epoch: [33/40], Step: [261/782], Loss: 0.16540387272834778
Rank:0 Epoch: [33/40], Step: [271/782], Loss: 0.13328863680362701
Rank:0 Epoch: [33/40], Step: [281/782], Loss: 0.14352808892726898
Rank:0 Epoch: [33/40], Step: [291/782], Loss: 0.07540959119796753
Rank:0 Epoch: [33/40], Step: [301/782], Loss: 0.12847326695919037
Rank:0 Epoch: [33/40], Step: [311/782], Loss: 0.062362752854824066
Rank:0 Epoch: [33/40], Step: [321/782], Loss: 0.29326385259628296
Rank:0 Epoch: [33/40], Step: [331/782], Loss: 0.040723852813243866
Rank:0 Epoch: [33/40], Step: [341/782], Loss: 0.05610240250825882
Rank:0 Epoch: [33/40], Step: [351/782], Loss: 0.07631046324968338
Rank:0 Epoch: [33/40], Step: [361/782], Loss: 0.06774551421403885
Rank:0 Epoch: [33/40], Step: [371/782], Loss: 0.1558406502008438
Rank:0 Epoch: [33/40], Step: [381/782], Loss: 0.04534563794732094
Rank:0 Epoch: [33/40], Step: [391/782], Loss: 0.09783312678337097
Rank:0 Epoch: [33/40], Step: [401/782], Loss: 0.1039382591843605
Rank:0 Epoch: [33/40], Step: [411/782], Loss: 0.09763600677251816
Rank:0 Epoch: [33/40], Step: [421/782], Loss: 0.05364716053009033
Rank:0 Epoch: [33/40], Step: [431/782], Loss: 0.1554681360721588
Rank:0 Epoch: [33/40], Step: [441/782], Loss: 0.07079355418682098
Rank:0 Epoch: [33/40], Step: [451/782], Loss: 0.0550445057451725
Rank:0 Epoch: [33/40], Step: [461/782], Loss: 0.04586189240217209
Rank:0 Epoch: [33/40], Step: [471/782], Loss: 0.07447431236505508
Rank:0 Epoch: [33/40], Step: [481/782], Loss: 0.1375655233860016
Rank:0 Epoch: [33/40], Step: [491/782], Loss: 0.149190753698349
Rank:0 Epoch: [33/40], Step: [501/782], Loss: 0.10416609793901443
Rank:0 Epoch: [33/40], Step: [511/782], Loss: 0.2482881247997284
Rank:0 Epoch: [33/40], Step: [521/782], Loss: 0.10268355160951614
Rank:0 Epoch: [33/40], Step: [531/782], Loss: 0.15594206750392914
Rank:0 Epoch: [33/40], Step: [541/782], Loss: 0.1561397761106491
Rank:0 Epoch: [33/40], Step: [551/782], Loss: 0.13288220763206482
Rank:0 Epoch: [33/40], Step: [561/782], Loss: 0.05087437853217125
Rank:0 Epoch: [33/40], Step: [571/782], Loss: 0.1482255458831787
Rank:0 Epoch: [33/40], Step: [581/782], Loss: 0.09062084555625916
Rank:0 Epoch: [33/40], Step: [591/782], Loss: 0.27278146147727966
Rank:0 Epoch: [33/40], Step: [601/782], Loss: 0.20351967215538025
Rank:0 Epoch: [33/40], Step: [611/782], Loss: 0.13455379009246826
Rank:0 Epoch: [33/40], Step: [621/782], Loss: 0.07514088600873947
Rank:0 Epoch: [33/40], Step: [631/782], Loss: 0.2573227882385254
Rank:0 Epoch: [33/40], Step: [641/782], Loss: 0.10425709933042526
Rank:0 Epoch: [33/40], Step: [651/782], Loss: 0.09111350774765015
Rank:0 Epoch: [33/40], Step: [661/782], Loss: 0.0750679150223732
Rank:0 Epoch: [33/40], Step: [671/782], Loss: 0.22533424198627472
Rank:0 Epoch: [33/40], Step: [681/782], Loss: 0.19566035270690918
Rank:0 Epoch: [33/40], Step: [691/782], Loss: 0.037165120244026184
Rank:0 Epoch: [33/40], Step: [701/782], Loss: 0.05555514246225357
Rank:0 Epoch: [33/40], Step: [711/782], Loss: 0.0766373947262764
Rank:0 Epoch: [33/40], Step: [721/782], Loss: 0.1714988350868225
Rank:0 Epoch: [33/40], Step: [731/782], Loss: 0.12360752373933792
Rank:0 Epoch: [33/40], Step: [741/782], Loss: 0.05895223096013069
Rank:0 Epoch: [33/40], Step: [751/782], Loss: 0.10583383589982986
Rank:0 Epoch: [33/40], Step: [761/782], Loss: 0.12464374303817749
Rank:0 Epoch: [33/40], Step: [771/782], Loss: 0.18569114804267883
Rank:0 Epoch: [33/40], Step: [781/782], Loss: 0.15265943109989166
Current Test Acc: 0.9202
Rank:0 Epoch: [34/40], Step: [1/782], Loss: 0.07295241206884384
Rank:0 Epoch: [34/40], Step: [11/782], Loss: 0.09122481942176819
Rank:0 Epoch: [34/40], Step: [21/782], Loss: 0.10352732241153717
Rank:0 Epoch: [34/40], Step: [31/782], Loss: 0.10186613351106644
Rank:0 Epoch: [34/40], Step: [41/782], Loss: 0.0804080218076706
Rank:0 Epoch: [34/40], Step: [51/782], Loss: 0.033639371395111084
Rank:0 Epoch: [34/40], Step: [61/782], Loss: 0.12929420173168182
Rank:0 Epoch: [34/40], Step: [71/782], Loss: 0.04910992458462715
Rank:0 Epoch: [34/40], Step: [81/782], Loss: 0.06867405772209167
Rank:0 Epoch: [34/40], Step: [91/782], Loss: 0.03790009394288063
Rank:0 Epoch: [34/40], Step: [101/782], Loss: 0.11287106573581696
Rank:0 Epoch: [34/40], Step: [111/782], Loss: 0.11846308410167694
Rank:0 Epoch: [34/40], Step: [121/782], Loss: 0.15815609693527222
Rank:0 Epoch: [34/40], Step: [131/782], Loss: 0.13989733159542084
Rank:0 Epoch: [34/40], Step: [141/782], Loss: 0.0922691598534584
Rank:0 Epoch: [34/40], Step: [151/782], Loss: 0.07084617763757706
Rank:0 Epoch: [34/40], Step: [161/782], Loss: 0.15049965679645538
Rank:0 Epoch: [34/40], Step: [171/782], Loss: 0.1543104201555252
Rank:0 Epoch: [34/40], Step: [181/782], Loss: 0.13498914241790771
Rank:0 Epoch: [34/40], Step: [191/782], Loss: 0.06880664825439453
Rank:0 Epoch: [34/40], Step: [201/782], Loss: 0.07835440337657928
Rank:0 Epoch: [34/40], Step: [211/782], Loss: 0.10282450169324875
Rank:0 Epoch: [34/40], Step: [221/782], Loss: 0.0793989896774292
Rank:0 Epoch: [34/40], Step: [231/782], Loss: 0.045950256288051605
Rank:0 Epoch: [34/40], Step: [241/782], Loss: 0.0727699026465416
Rank:0 Epoch: [34/40], Step: [251/782], Loss: 0.11205039173364639
Rank:0 Epoch: [34/40], Step: [261/782], Loss: 0.06486141681671143
Rank:0 Epoch: [34/40], Step: [271/782], Loss: 0.09626629203557968
Rank:0 Epoch: [34/40], Step: [281/782], Loss: 0.05427785962820053
Rank:0 Epoch: [34/40], Step: [291/782], Loss: 0.11221933364868164
Rank:0 Epoch: [34/40], Step: [301/782], Loss: 0.082270547747612
Rank:0 Epoch: [34/40], Step: [311/782], Loss: 0.16723521053791046
Rank:0 Epoch: [34/40], Step: [321/782], Loss: 0.06672858446836472
Rank:0 Epoch: [34/40], Step: [331/782], Loss: 0.20912179350852966
Rank:0 Epoch: [34/40], Step: [341/782], Loss: 0.14186261594295502
Rank:0 Epoch: [34/40], Step: [351/782], Loss: 0.031812895089387894
Rank:0 Epoch: [34/40], Step: [361/782], Loss: 0.07418876886367798
Rank:0 Epoch: [34/40], Step: [371/782], Loss: 0.04443756490945816
Rank:0 Epoch: [34/40], Step: [381/782], Loss: 0.030842168256640434
Rank:0 Epoch: [34/40], Step: [391/782], Loss: 0.08281690627336502
Rank:0 Epoch: [34/40], Step: [401/782], Loss: 0.038959354162216187
Rank:0 Epoch: [34/40], Step: [411/782], Loss: 0.09950666129589081
Rank:0 Epoch: [34/40], Step: [421/782], Loss: 0.050647471100091934
Rank:0 Epoch: [34/40], Step: [431/782], Loss: 0.1061595231294632
Rank:0 Epoch: [34/40], Step: [441/782], Loss: 0.1182977557182312
Rank:0 Epoch: [34/40], Step: [451/782], Loss: 0.051925767213106155
Rank:0 Epoch: [34/40], Step: [461/782], Loss: 0.14121153950691223
Rank:0 Epoch: [34/40], Step: [471/782], Loss: 0.04801010340452194
Rank:0 Epoch: [34/40], Step: [481/782], Loss: 0.2531239092350006
Rank:0 Epoch: [34/40], Step: [491/782], Loss: 0.055830635130405426
Rank:0 Epoch: [34/40], Step: [501/782], Loss: 0.07601704448461533
Rank:0 Epoch: [34/40], Step: [511/782], Loss: 0.050488896667957306
Rank:0 Epoch: [34/40], Step: [521/782], Loss: 0.09316489845514297
Rank:0 Epoch: [34/40], Step: [531/782], Loss: 0.1338258534669876
Rank:0 Epoch: [34/40], Step: [541/782], Loss: 0.07192102819681168
Rank:0 Epoch: [34/40], Step: [551/782], Loss: 0.09620275348424911
Rank:0 Epoch: [34/40], Step: [561/782], Loss: 0.07381380349397659
Rank:0 Epoch: [34/40], Step: [571/782], Loss: 0.1276416927576065
Rank:0 Epoch: [34/40], Step: [581/782], Loss: 0.17564208805561066
Rank:0 Epoch: [34/40], Step: [591/782], Loss: 0.16105195879936218
Rank:0 Epoch: [34/40], Step: [601/782], Loss: 0.16423878073692322
Rank:0 Epoch: [34/40], Step: [611/782], Loss: 0.11528598517179489
Rank:0 Epoch: [34/40], Step: [621/782], Loss: 0.07859674096107483
Rank:0 Epoch: [34/40], Step: [631/782], Loss: 0.23558904230594635
Rank:0 Epoch: [34/40], Step: [641/782], Loss: 0.06515883654356003
Rank:0 Epoch: [34/40], Step: [651/782], Loss: 0.1305592954158783
Rank:0 Epoch: [34/40], Step: [661/782], Loss: 0.22274558246135712
Rank:0 Epoch: [34/40], Step: [671/782], Loss: 0.0545993410050869
Rank:0 Epoch: [34/40], Step: [681/782], Loss: 0.0947188064455986
Rank:0 Epoch: [34/40], Step: [691/782], Loss: 0.12496470659971237
Rank:0 Epoch: [34/40], Step: [701/782], Loss: 0.1525818109512329
Rank:0 Epoch: [34/40], Step: [711/782], Loss: 0.13358253240585327
Rank:0 Epoch: [34/40], Step: [721/782], Loss: 0.09444866329431534
Rank:0 Epoch: [34/40], Step: [731/782], Loss: 0.04024774581193924
Rank:0 Epoch: [34/40], Step: [741/782], Loss: 0.09822501987218857
Rank:0 Epoch: [34/40], Step: [751/782], Loss: 0.07863705605268478
Rank:0 Epoch: [34/40], Step: [761/782], Loss: 0.10893899202346802
Rank:0 Epoch: [34/40], Step: [771/782], Loss: 0.04446415230631828
Rank:0 Epoch: [34/40], Step: [781/782], Loss: 0.15615010261535645
Current Test Acc: 0.9201
Rank:0 Epoch: [35/40], Step: [1/782], Loss: 0.06564006209373474
Rank:0 Epoch: [35/40], Step: [11/782], Loss: 0.06660928577184677
Rank:0 Epoch: [35/40], Step: [21/782], Loss: 0.05321863666176796
Rank:0 Epoch: [35/40], Step: [31/782], Loss: 0.14799809455871582
Rank:0 Epoch: [35/40], Step: [41/782], Loss: 0.08669350296258926
Rank:0 Epoch: [35/40], Step: [51/782], Loss: 0.07725711911916733
Rank:0 Epoch: [35/40], Step: [61/782], Loss: 0.07309753447771072
Rank:0 Epoch: [35/40], Step: [71/782], Loss: 0.10588230937719345
Rank:0 Epoch: [35/40], Step: [81/782], Loss: 0.060455042868852615
Rank:0 Epoch: [35/40], Step: [91/782], Loss: 0.08561308681964874
Rank:0 Epoch: [35/40], Step: [101/782], Loss: 0.10579077899456024
Rank:0 Epoch: [35/40], Step: [111/782], Loss: 0.10620882362127304
Rank:0 Epoch: [35/40], Step: [121/782], Loss: 0.03894904628396034
Rank:0 Epoch: [35/40], Step: [131/782], Loss: 0.1613277941942215
Rank:0 Epoch: [35/40], Step: [141/782], Loss: 0.06049391254782677
Rank:0 Epoch: [35/40], Step: [151/782], Loss: 0.03466956689953804
Rank:0 Epoch: [35/40], Step: [161/782], Loss: 0.14050956070423126
Rank:0 Epoch: [35/40], Step: [171/782], Loss: 0.08838524669408798
Rank:0 Epoch: [35/40], Step: [181/782], Loss: 0.17383834719657898
Rank:0 Epoch: [35/40], Step: [191/782], Loss: 0.06920447945594788
Rank:0 Epoch: [35/40], Step: [201/782], Loss: 0.04966428130865097
Rank:0 Epoch: [35/40], Step: [211/782], Loss: 0.04711928963661194
Rank:0 Epoch: [35/40], Step: [221/782], Loss: 0.0651414692401886
Rank:0 Epoch: [35/40], Step: [231/782], Loss: 0.04877346009016037
Rank:0 Epoch: [35/40], Step: [241/782], Loss: 0.07576186209917068
Rank:0 Epoch: [35/40], Step: [251/782], Loss: 0.057453375309705734
Rank:0 Epoch: [35/40], Step: [261/782], Loss: 0.06229144334793091
Rank:0 Epoch: [35/40], Step: [271/782], Loss: 0.09423807263374329
Rank:0 Epoch: [35/40], Step: [281/782], Loss: 0.16935178637504578
Rank:0 Epoch: [35/40], Step: [291/782], Loss: 0.13350658118724823
Rank:0 Epoch: [35/40], Step: [301/782], Loss: 0.14157070219516754
Rank:0 Epoch: [35/40], Step: [311/782], Loss: 0.08512096107006073
Rank:0 Epoch: [35/40], Step: [321/782], Loss: 0.26773470640182495
Rank:0 Epoch: [35/40], Step: [331/782], Loss: 0.10150113701820374
Rank:0 Epoch: [35/40], Step: [341/782], Loss: 0.12131629139184952
Rank:0 Epoch: [35/40], Step: [351/782], Loss: 0.24402670562267303
Rank:0 Epoch: [35/40], Step: [361/782], Loss: 0.06707768142223358
Rank:0 Epoch: [35/40], Step: [371/782], Loss: 0.26519903540611267
Rank:0 Epoch: [35/40], Step: [381/782], Loss: 0.045378465205430984
Rank:0 Epoch: [35/40], Step: [391/782], Loss: 0.07457797229290009
Rank:0 Epoch: [35/40], Step: [401/782], Loss: 0.19941838085651398
Rank:0 Epoch: [35/40], Step: [411/782], Loss: 0.10082636773586273
Rank:0 Epoch: [35/40], Step: [421/782], Loss: 0.0759672150015831
Rank:0 Epoch: [35/40], Step: [431/782], Loss: 0.1385919153690338
Rank:0 Epoch: [35/40], Step: [441/782], Loss: 0.27155807614326477
Rank:0 Epoch: [35/40], Step: [451/782], Loss: 0.055810071527957916
Rank:0 Epoch: [35/40], Step: [461/782], Loss: 0.15543308854103088
Rank:0 Epoch: [35/40], Step: [471/782], Loss: 0.05961790308356285
Rank:0 Epoch: [35/40], Step: [481/782], Loss: 0.07199589908123016
Rank:0 Epoch: [35/40], Step: [491/782], Loss: 0.07230138033628464
Rank:0 Epoch: [35/40], Step: [501/782], Loss: 0.03934013098478317
Rank:0 Epoch: [35/40], Step: [511/782], Loss: 0.2742306888103485
Rank:0 Epoch: [35/40], Step: [521/782], Loss: 0.2254108339548111
Rank:0 Epoch: [35/40], Step: [531/782], Loss: 0.11922487616539001
Rank:0 Epoch: [35/40], Step: [541/782], Loss: 0.16329050064086914
Rank:0 Epoch: [35/40], Step: [551/782], Loss: 0.17406676709651947
Rank:0 Epoch: [35/40], Step: [561/782], Loss: 0.03382695093750954
Rank:0 Epoch: [35/40], Step: [571/782], Loss: 0.1384393274784088
Rank:0 Epoch: [35/40], Step: [581/782], Loss: 0.04628697782754898
Rank:0 Epoch: [35/40], Step: [591/782], Loss: 0.041661594063043594
Rank:0 Epoch: [35/40], Step: [601/782], Loss: 0.12045015394687653
Rank:0 Epoch: [35/40], Step: [611/782], Loss: 0.06100371852517128
Rank:0 Epoch: [35/40], Step: [621/782], Loss: 0.13148237764835358
Rank:0 Epoch: [35/40], Step: [631/782], Loss: 0.10941912978887558
Rank:0 Epoch: [35/40], Step: [641/782], Loss: 0.08313293009996414
Rank:0 Epoch: [35/40], Step: [651/782], Loss: 0.0857582539319992
Rank:0 Epoch: [35/40], Step: [661/782], Loss: 0.16586728394031525
Rank:0 Epoch: [35/40], Step: [671/782], Loss: 0.15650862455368042
Rank:0 Epoch: [35/40], Step: [681/782], Loss: 0.15574124455451965
Rank:0 Epoch: [35/40], Step: [691/782], Loss: 0.10023795068264008
Rank:0 Epoch: [35/40], Step: [701/782], Loss: 0.0823872908949852
Rank:0 Epoch: [35/40], Step: [711/782], Loss: 0.2552911043167114
Rank:0 Epoch: [35/40], Step: [721/782], Loss: 0.024924714118242264
Rank:0 Epoch: [35/40], Step: [731/782], Loss: 0.07322214543819427
Rank:0 Epoch: [35/40], Step: [741/782], Loss: 0.1004202663898468
Rank:0 Epoch: [35/40], Step: [751/782], Loss: 0.03671122342348099
Rank:0 Epoch: [35/40], Step: [761/782], Loss: 0.05405203998088837
Rank:0 Epoch: [35/40], Step: [771/782], Loss: 0.09997627139091492
Rank:0 Epoch: [35/40], Step: [781/782], Loss: 0.19457313418388367
Current Test Acc: 0.9213
Rank:0 Epoch: [36/40], Step: [1/782], Loss: 0.15042610466480255
Rank:0 Epoch: [36/40], Step: [11/782], Loss: 0.10394908487796783
Rank:0 Epoch: [36/40], Step: [21/782], Loss: 0.13430316746234894
Rank:0 Epoch: [36/40], Step: [31/782], Loss: 0.06973320245742798
Rank:0 Epoch: [36/40], Step: [41/782], Loss: 0.09542331844568253
Rank:0 Epoch: [36/40], Step: [51/782], Loss: 0.09405552595853806
Rank:0 Epoch: [36/40], Step: [61/782], Loss: 0.06288440525531769
Rank:0 Epoch: [36/40], Step: [71/782], Loss: 0.2426295280456543
Rank:0 Epoch: [36/40], Step: [81/782], Loss: 0.2001110464334488
Rank:0 Epoch: [36/40], Step: [91/782], Loss: 0.05717068165540695
Rank:0 Epoch: [36/40], Step: [101/782], Loss: 0.06405583024024963
Rank:0 Epoch: [36/40], Step: [111/782], Loss: 0.1465584635734558
Rank:0 Epoch: [36/40], Step: [121/782], Loss: 0.20437346398830414
Rank:0 Epoch: [36/40], Step: [131/782], Loss: 0.17290614545345306
Rank:0 Epoch: [36/40], Step: [141/782], Loss: 0.24838799238204956
Rank:0 Epoch: [36/40], Step: [151/782], Loss: 0.06377077847719193
Rank:0 Epoch: [36/40], Step: [161/782], Loss: 0.030095981433987617
Rank:0 Epoch: [36/40], Step: [171/782], Loss: 0.10862673819065094
Rank:0 Epoch: [36/40], Step: [181/782], Loss: 0.05329357087612152
Rank:0 Epoch: [36/40], Step: [191/782], Loss: 0.08638156950473785
Rank:0 Epoch: [36/40], Step: [201/782], Loss: 0.0420110709965229
Rank:0 Epoch: [36/40], Step: [211/782], Loss: 0.21977102756500244
Rank:0 Epoch: [36/40], Step: [221/782], Loss: 0.061378490179777145
Rank:0 Epoch: [36/40], Step: [231/782], Loss: 0.0879938006401062
Rank:0 Epoch: [36/40], Step: [241/782], Loss: 0.07761074602603912
Rank:0 Epoch: [36/40], Step: [251/782], Loss: 0.08438476920127869
Rank:0 Epoch: [36/40], Step: [261/782], Loss: 0.04404216259717941
Rank:0 Epoch: [36/40], Step: [271/782], Loss: 0.07727968692779541
Rank:0 Epoch: [36/40], Step: [281/782], Loss: 0.0996861606836319
Rank:0 Epoch: [36/40], Step: [291/782], Loss: 0.0940343514084816
Rank:0 Epoch: [36/40], Step: [301/782], Loss: 0.1690562516450882
Rank:0 Epoch: [36/40], Step: [311/782], Loss: 0.09420007467269897
Rank:0 Epoch: [36/40], Step: [321/782], Loss: 0.03545108437538147
Rank:0 Epoch: [36/40], Step: [331/782], Loss: 0.12974238395690918
Rank:0 Epoch: [36/40], Step: [341/782], Loss: 0.050798505544662476
Rank:0 Epoch: [36/40], Step: [351/782], Loss: 0.15187160670757294
Rank:0 Epoch: [36/40], Step: [361/782], Loss: 0.14319546520709991
Rank:0 Epoch: [36/40], Step: [371/782], Loss: 0.04146062955260277
Rank:0 Epoch: [36/40], Step: [381/782], Loss: 0.04381357878446579
Rank:0 Epoch: [36/40], Step: [391/782], Loss: 0.11108455806970596
Rank:0 Epoch: [36/40], Step: [401/782], Loss: 0.08168454468250275
Rank:0 Epoch: [36/40], Step: [411/782], Loss: 0.12349870055913925
Rank:0 Epoch: [36/40], Step: [421/782], Loss: 0.12542575597763062
Rank:0 Epoch: [36/40], Step: [431/782], Loss: 0.14280685782432556
Rank:0 Epoch: [36/40], Step: [441/782], Loss: 0.0808768942952156
Rank:0 Epoch: [36/40], Step: [451/782], Loss: 0.12476827949285507
Rank:0 Epoch: [36/40], Step: [461/782], Loss: 0.034079499542713165
Rank:0 Epoch: [36/40], Step: [471/782], Loss: 0.08056379109621048
Rank:0 Epoch: [36/40], Step: [481/782], Loss: 0.03742031008005142
Rank:0 Epoch: [36/40], Step: [491/782], Loss: 0.07604900747537613
Rank:0 Epoch: [36/40], Step: [501/782], Loss: 0.11900831013917923
Rank:0 Epoch: [36/40], Step: [511/782], Loss: 0.15562747418880463
Rank:0 Epoch: [36/40], Step: [521/782], Loss: 0.04860156029462814
Rank:0 Epoch: [36/40], Step: [531/782], Loss: 0.19169707596302032
Rank:0 Epoch: [36/40], Step: [541/782], Loss: 0.050157397985458374
Rank:0 Epoch: [36/40], Step: [551/782], Loss: 0.13752387464046478
Rank:0 Epoch: [36/40], Step: [561/782], Loss: 0.07644021511077881
Rank:0 Epoch: [36/40], Step: [571/782], Loss: 0.18998025357723236
Rank:0 Epoch: [36/40], Step: [581/782], Loss: 0.15460297465324402
Rank:0 Epoch: [36/40], Step: [591/782], Loss: 0.12013283371925354
Rank:0 Epoch: [36/40], Step: [601/782], Loss: 0.027371248230338097
Rank:0 Epoch: [36/40], Step: [611/782], Loss: 0.11840619146823883
Rank:0 Epoch: [36/40], Step: [621/782], Loss: 0.11765936017036438
Rank:0 Epoch: [36/40], Step: [631/782], Loss: 0.08979938924312592
Rank:0 Epoch: [36/40], Step: [641/782], Loss: 0.0581233873963356
Rank:0 Epoch: [36/40], Step: [651/782], Loss: 0.22192780673503876
Rank:0 Epoch: [36/40], Step: [661/782], Loss: 0.08678077906370163
Rank:0 Epoch: [36/40], Step: [671/782], Loss: 0.1322767734527588
Rank:0 Epoch: [36/40], Step: [681/782], Loss: 0.08856464177370071
Rank:0 Epoch: [36/40], Step: [691/782], Loss: 0.14028707146644592
Rank:0 Epoch: [36/40], Step: [701/782], Loss: 0.052364468574523926
Rank:0 Epoch: [36/40], Step: [711/782], Loss: 0.2345578819513321
Rank:0 Epoch: [36/40], Step: [721/782], Loss: 0.13521715998649597
Rank:0 Epoch: [36/40], Step: [731/782], Loss: 0.060977451503276825
Rank:0 Epoch: [36/40], Step: [741/782], Loss: 0.10940767079591751
Rank:0 Epoch: [36/40], Step: [751/782], Loss: 0.22954954206943512
Rank:0 Epoch: [36/40], Step: [761/782], Loss: 0.0645470917224884
Rank:0 Epoch: [36/40], Step: [771/782], Loss: 0.15753209590911865
Rank:0 Epoch: [36/40], Step: [781/782], Loss: 0.049230724573135376
Current Test Acc: 0.9187
Rank:0 Epoch: [37/40], Step: [1/782], Loss: 0.040093131363391876
Rank:0 Epoch: [37/40], Step: [11/782], Loss: 0.05668098106980324
Rank:0 Epoch: [37/40], Step: [21/782], Loss: 0.025623975321650505
Rank:0 Epoch: [37/40], Step: [31/782], Loss: 0.06169620901346207
Rank:0 Epoch: [37/40], Step: [41/782], Loss: 0.09804762154817581
Rank:0 Epoch: [37/40], Step: [51/782], Loss: 0.10598146915435791
Rank:0 Epoch: [37/40], Step: [61/782], Loss: 0.1897851824760437
Rank:0 Epoch: [37/40], Step: [71/782], Loss: 0.04022574424743652
Rank:0 Epoch: [37/40], Step: [81/782], Loss: 0.05862649530172348
Rank:0 Epoch: [37/40], Step: [91/782], Loss: 0.04480850696563721
Rank:0 Epoch: [37/40], Step: [101/782], Loss: 0.07713285833597183
Rank:0 Epoch: [37/40], Step: [111/782], Loss: 0.04910662770271301
Rank:0 Epoch: [37/40], Step: [121/782], Loss: 0.12801100313663483
Rank:0 Epoch: [37/40], Step: [131/782], Loss: 0.02735770121216774
Rank:0 Epoch: [37/40], Step: [141/782], Loss: 0.17484736442565918
Rank:0 Epoch: [37/40], Step: [151/782], Loss: 0.05671955645084381
Rank:0 Epoch: [37/40], Step: [161/782], Loss: 0.118656687438488
Rank:0 Epoch: [37/40], Step: [171/782], Loss: 0.07811705768108368
Rank:0 Epoch: [37/40], Step: [181/782], Loss: 0.032840002328157425
Rank:0 Epoch: [37/40], Step: [191/782], Loss: 0.1833668202161789
Rank:0 Epoch: [37/40], Step: [201/782], Loss: 0.10031327605247498
Rank:0 Epoch: [37/40], Step: [211/782], Loss: 0.09950097650289536
Rank:0 Epoch: [37/40], Step: [221/782], Loss: 0.03183561563491821
Rank:0 Epoch: [37/40], Step: [231/782], Loss: 0.10078416019678116
Rank:0 Epoch: [37/40], Step: [241/782], Loss: 0.05309372767806053
Rank:0 Epoch: [37/40], Step: [251/782], Loss: 0.16127638518810272
Rank:0 Epoch: [37/40], Step: [261/782], Loss: 0.06411635130643845
Rank:0 Epoch: [37/40], Step: [271/782], Loss: 0.05970175564289093
Rank:0 Epoch: [37/40], Step: [281/782], Loss: 0.08345072716474533
Rank:0 Epoch: [37/40], Step: [291/782], Loss: 0.239231139421463
Rank:0 Epoch: [37/40], Step: [301/782], Loss: 0.10349038988351822
Rank:0 Epoch: [37/40], Step: [311/782], Loss: 0.2009066641330719
Rank:0 Epoch: [37/40], Step: [321/782], Loss: 0.15657389163970947
Rank:0 Epoch: [37/40], Step: [331/782], Loss: 0.18559204041957855
Rank:0 Epoch: [37/40], Step: [341/782], Loss: 0.07140107452869415
Rank:0 Epoch: [37/40], Step: [351/782], Loss: 0.05614721029996872
Rank:0 Epoch: [37/40], Step: [361/782], Loss: 0.06804805994033813
Rank:0 Epoch: [37/40], Step: [371/782], Loss: 0.03997564688324928
Rank:0 Epoch: [37/40], Step: [381/782], Loss: 0.1328703761100769
Rank:0 Epoch: [37/40], Step: [391/782], Loss: 0.20348677039146423
Rank:0 Epoch: [37/40], Step: [401/782], Loss: 0.05885883793234825
Rank:0 Epoch: [37/40], Step: [411/782], Loss: 0.06671613454818726
Rank:0 Epoch: [37/40], Step: [421/782], Loss: 0.05901862308382988
Rank:0 Epoch: [37/40], Step: [431/782], Loss: 0.030461033806204796
Rank:0 Epoch: [37/40], Step: [441/782], Loss: 0.19842009246349335
Rank:0 Epoch: [37/40], Step: [451/782], Loss: 0.03849206864833832
Rank:0 Epoch: [37/40], Step: [461/782], Loss: 0.13454218208789825
Rank:0 Epoch: [37/40], Step: [471/782], Loss: 0.03579902648925781
Rank:0 Epoch: [37/40], Step: [481/782], Loss: 0.19866102933883667
Rank:0 Epoch: [37/40], Step: [491/782], Loss: 0.08564158529043198
Rank:0 Epoch: [37/40], Step: [501/782], Loss: 0.034195426851511
Rank:0 Epoch: [37/40], Step: [511/782], Loss: 0.20176123082637787
Rank:0 Epoch: [37/40], Step: [521/782], Loss: 0.08340845257043839
Rank:0 Epoch: [37/40], Step: [531/782], Loss: 0.09448782354593277
Rank:0 Epoch: [37/40], Step: [541/782], Loss: 0.13540643453598022
Rank:0 Epoch: [37/40], Step: [551/782], Loss: 0.03751451149582863
Rank:0 Epoch: [37/40], Step: [561/782], Loss: 0.1182052344083786
Rank:0 Epoch: [37/40], Step: [571/782], Loss: 0.20836643874645233
Rank:0 Epoch: [37/40], Step: [581/782], Loss: 0.10627788305282593
Rank:0 Epoch: [37/40], Step: [591/782], Loss: 0.07720817625522614
Rank:0 Epoch: [37/40], Step: [601/782], Loss: 0.11823783069849014
Rank:0 Epoch: [37/40], Step: [611/782], Loss: 0.04078048840165138
Rank:0 Epoch: [37/40], Step: [621/782], Loss: 0.17845988273620605
Rank:0 Epoch: [37/40], Step: [631/782], Loss: 0.15340681374073029
Rank:0 Epoch: [37/40], Step: [641/782], Loss: 0.041160568594932556
Rank:0 Epoch: [37/40], Step: [651/782], Loss: 0.11127953231334686
Rank:0 Epoch: [37/40], Step: [661/782], Loss: 0.07552210241556168
Rank:0 Epoch: [37/40], Step: [671/782], Loss: 0.11773800104856491
Rank:0 Epoch: [37/40], Step: [681/782], Loss: 0.10540374368429184
Rank:0 Epoch: [37/40], Step: [691/782], Loss: 0.12166626751422882
Rank:0 Epoch: [37/40], Step: [701/782], Loss: 0.09952479600906372
Rank:0 Epoch: [37/40], Step: [711/782], Loss: 0.056068647652864456
Rank:0 Epoch: [37/40], Step: [721/782], Loss: 0.13032597303390503
Rank:0 Epoch: [37/40], Step: [731/782], Loss: 0.12652277946472168
Rank:0 Epoch: [37/40], Step: [741/782], Loss: 0.04109461233019829
Rank:0 Epoch: [37/40], Step: [751/782], Loss: 0.11888748407363892
Rank:0 Epoch: [37/40], Step: [761/782], Loss: 0.0340389758348465
Rank:0 Epoch: [37/40], Step: [771/782], Loss: 0.07657240331172943
Rank:0 Epoch: [37/40], Step: [781/782], Loss: 0.07150854915380478
Current Test Acc: 0.9206
Rank:0 Epoch: [38/40], Step: [1/782], Loss: 0.17084430158138275
Rank:0 Epoch: [38/40], Step: [11/782], Loss: 0.12728466093540192
Rank:0 Epoch: [38/40], Step: [21/782], Loss: 0.07251130044460297
Rank:0 Epoch: [38/40], Step: [31/782], Loss: 0.1421772539615631
Rank:0 Epoch: [38/40], Step: [41/782], Loss: 0.07021183520555496
Rank:0 Epoch: [38/40], Step: [51/782], Loss: 0.06380660831928253
Rank:0 Epoch: [38/40], Step: [61/782], Loss: 0.06673898547887802
Rank:0 Epoch: [38/40], Step: [71/782], Loss: 0.10509257018566132
Rank:0 Epoch: [38/40], Step: [81/782], Loss: 0.10576438158750534
Rank:0 Epoch: [38/40], Step: [91/782], Loss: 0.09895364195108414
Rank:0 Epoch: [38/40], Step: [101/782], Loss: 0.11051520705223083
Rank:0 Epoch: [38/40], Step: [111/782], Loss: 0.189296692609787
Rank:0 Epoch: [38/40], Step: [121/782], Loss: 0.058572664856910706
Rank:0 Epoch: [38/40], Step: [131/782], Loss: 0.11512155830860138
Rank:0 Epoch: [38/40], Step: [141/782], Loss: 0.11726278811693192
Rank:0 Epoch: [38/40], Step: [151/782], Loss: 0.04222589358687401
Rank:0 Epoch: [38/40], Step: [161/782], Loss: 0.05048992112278938
Rank:0 Epoch: [38/40], Step: [171/782], Loss: 0.07284438610076904
Rank:0 Epoch: [38/40], Step: [181/782], Loss: 0.09749771654605865
Rank:0 Epoch: [38/40], Step: [191/782], Loss: 0.05731532722711563
Rank:0 Epoch: [38/40], Step: [201/782], Loss: 0.16823561489582062
Rank:0 Epoch: [38/40], Step: [211/782], Loss: 0.15342853963375092
Rank:0 Epoch: [38/40], Step: [221/782], Loss: 0.13074831664562225
Rank:0 Epoch: [38/40], Step: [231/782], Loss: 0.0787532851099968
Rank:0 Epoch: [38/40], Step: [241/782], Loss: 0.047141145914793015
Rank:0 Epoch: [38/40], Step: [251/782], Loss: 0.060746099799871445
Rank:0 Epoch: [38/40], Step: [261/782], Loss: 0.06639732420444489
Rank:0 Epoch: [38/40], Step: [271/782], Loss: 0.04215550050139427
Rank:0 Epoch: [38/40], Step: [281/782], Loss: 0.10188157111406326
Rank:0 Epoch: [38/40], Step: [291/782], Loss: 0.09976661950349808
Rank:0 Epoch: [38/40], Step: [301/782], Loss: 0.09004659950733185
Rank:0 Epoch: [38/40], Step: [311/782], Loss: 0.1093924343585968
Rank:0 Epoch: [38/40], Step: [321/782], Loss: 0.08815505355596542
Rank:0 Epoch: [38/40], Step: [331/782], Loss: 0.0615365095436573
Rank:0 Epoch: [38/40], Step: [341/782], Loss: 0.0657319575548172
Rank:0 Epoch: [38/40], Step: [351/782], Loss: 0.03531733155250549
Rank:0 Epoch: [38/40], Step: [361/782], Loss: 0.12127051502466202
Rank:0 Epoch: [38/40], Step: [371/782], Loss: 0.042042698711156845
Rank:0 Epoch: [38/40], Step: [381/782], Loss: 0.03180347755551338
Rank:0 Epoch: [38/40], Step: [391/782], Loss: 0.1294908970594406
Rank:0 Epoch: [38/40], Step: [401/782], Loss: 0.08777269721031189
Rank:0 Epoch: [38/40], Step: [411/782], Loss: 0.1023707240819931
Rank:0 Epoch: [38/40], Step: [421/782], Loss: 0.2857923209667206
Rank:0 Epoch: [38/40], Step: [431/782], Loss: 0.08630906790494919
Rank:0 Epoch: [38/40], Step: [441/782], Loss: 0.12622356414794922
Rank:0 Epoch: [38/40], Step: [451/782], Loss: 0.0872507244348526
Rank:0 Epoch: [38/40], Step: [461/782], Loss: 0.06788559257984161
Rank:0 Epoch: [38/40], Step: [471/782], Loss: 0.052338313311338425
Rank:0 Epoch: [38/40], Step: [481/782], Loss: 0.11402729898691177
Rank:0 Epoch: [38/40], Step: [491/782], Loss: 0.09939014911651611
Rank:0 Epoch: [38/40], Step: [501/782], Loss: 0.10837403684854507
Rank:0 Epoch: [38/40], Step: [511/782], Loss: 0.19556806981563568
Rank:0 Epoch: [38/40], Step: [521/782], Loss: 0.04426021873950958
Rank:0 Epoch: [38/40], Step: [531/782], Loss: 0.029728855937719345
Rank:0 Epoch: [38/40], Step: [541/782], Loss: 0.05957678705453873
Rank:0 Epoch: [38/40], Step: [551/782], Loss: 0.13494226336479187
Rank:0 Epoch: [38/40], Step: [561/782], Loss: 0.03978438675403595
Rank:0 Epoch: [38/40], Step: [571/782], Loss: 0.04587630555033684
Rank:0 Epoch: [38/40], Step: [581/782], Loss: 0.08671631664037704
Rank:0 Epoch: [38/40], Step: [591/782], Loss: 0.03939367085695267
Rank:0 Epoch: [38/40], Step: [601/782], Loss: 0.07010554522275925
Rank:0 Epoch: [38/40], Step: [611/782], Loss: 0.07128164917230606
Rank:0 Epoch: [38/40], Step: [621/782], Loss: 0.1389847695827484
Rank:0 Epoch: [38/40], Step: [631/782], Loss: 0.07567872852087021
Rank:0 Epoch: [38/40], Step: [641/782], Loss: 0.11801562458276749
Rank:0 Epoch: [38/40], Step: [651/782], Loss: 0.049627263098955154
Rank:0 Epoch: [38/40], Step: [661/782], Loss: 0.14471685886383057
Rank:0 Epoch: [38/40], Step: [671/782], Loss: 0.06765440106391907
Rank:0 Epoch: [38/40], Step: [681/782], Loss: 0.14531822502613068
Rank:0 Epoch: [38/40], Step: [691/782], Loss: 0.13898271322250366
Rank:0 Epoch: [38/40], Step: [701/782], Loss: 0.13558781147003174
Rank:0 Epoch: [38/40], Step: [711/782], Loss: 0.10203664749860764
Rank:0 Epoch: [38/40], Step: [721/782], Loss: 0.08606255799531937
Rank:0 Epoch: [38/40], Step: [731/782], Loss: 0.059662412852048874
Rank:0 Epoch: [38/40], Step: [741/782], Loss: 0.0250099990516901
Rank:0 Epoch: [38/40], Step: [751/782], Loss: 0.046111010015010834
Rank:0 Epoch: [38/40], Step: [761/782], Loss: 0.30253171920776367
Rank:0 Epoch: [38/40], Step: [771/782], Loss: 0.15546491742134094
Rank:0 Epoch: [38/40], Step: [781/782], Loss: 0.03022810071706772
Current Test Acc: 0.9207
Rank:0 Epoch: [39/40], Step: [1/782], Loss: 0.041636399924755096
Rank:0 Epoch: [39/40], Step: [11/782], Loss: 0.06859315186738968
Rank:0 Epoch: [39/40], Step: [21/782], Loss: 0.1527736783027649
Rank:0 Epoch: [39/40], Step: [31/782], Loss: 0.0916740670800209
Rank:0 Epoch: [39/40], Step: [41/782], Loss: 0.11348716914653778
Rank:0 Epoch: [39/40], Step: [51/782], Loss: 0.07584740221500397
Rank:0 Epoch: [39/40], Step: [61/782], Loss: 0.14825309813022614
Rank:0 Epoch: [39/40], Step: [71/782], Loss: 0.05454808473587036
Rank:0 Epoch: [39/40], Step: [81/782], Loss: 0.12351950258016586
Rank:0 Epoch: [39/40], Step: [91/782], Loss: 0.04773375019431114
Rank:0 Epoch: [39/40], Step: [101/782], Loss: 0.04945628345012665
Rank:0 Epoch: [39/40], Step: [111/782], Loss: 0.18085737526416779
Rank:0 Epoch: [39/40], Step: [121/782], Loss: 0.038900695741176605
Rank:0 Epoch: [39/40], Step: [131/782], Loss: 0.11459695547819138
Rank:0 Epoch: [39/40], Step: [141/782], Loss: 0.21076034009456635
Rank:0 Epoch: [39/40], Step: [151/782], Loss: 0.07113794982433319
Rank:0 Epoch: [39/40], Step: [161/782], Loss: 0.16517318785190582
Rank:0 Epoch: [39/40], Step: [171/782], Loss: 0.1563229113817215
Rank:0 Epoch: [39/40], Step: [181/782], Loss: 0.04703868180513382
Rank:0 Epoch: [39/40], Step: [191/782], Loss: 0.09863720834255219
Rank:0 Epoch: [39/40], Step: [201/782], Loss: 0.11010243743658066
Rank:0 Epoch: [39/40], Step: [211/782], Loss: 0.09506329894065857
Rank:0 Epoch: [39/40], Step: [221/782], Loss: 0.06632576882839203
Rank:0 Epoch: [39/40], Step: [231/782], Loss: 0.0862230733036995
Rank:0 Epoch: [39/40], Step: [241/782], Loss: 0.11954063922166824
Rank:0 Epoch: [39/40], Step: [251/782], Loss: 0.059112872928380966
Rank:0 Epoch: [39/40], Step: [261/782], Loss: 0.1055220440030098
Rank:0 Epoch: [39/40], Step: [271/782], Loss: 0.18701723217964172
Rank:0 Epoch: [39/40], Step: [281/782], Loss: 0.05448579043149948
Rank:0 Epoch: [39/40], Step: [291/782], Loss: 0.1202317625284195
Rank:0 Epoch: [39/40], Step: [301/782], Loss: 0.23828426003456116
Rank:0 Epoch: [39/40], Step: [311/782], Loss: 0.21216188371181488
Rank:0 Epoch: [39/40], Step: [321/782], Loss: 0.0702739879488945
Rank:0 Epoch: [39/40], Step: [331/782], Loss: 0.38746944069862366
Rank:0 Epoch: [39/40], Step: [341/782], Loss: 0.14085857570171356
Rank:0 Epoch: [39/40], Step: [351/782], Loss: 0.13879603147506714
Rank:0 Epoch: [39/40], Step: [361/782], Loss: 0.0680767223238945
Rank:0 Epoch: [39/40], Step: [371/782], Loss: 0.06664905697107315
Rank:0 Epoch: [39/40], Step: [381/782], Loss: 0.06255704909563065
Rank:0 Epoch: [39/40], Step: [391/782], Loss: 0.1489439457654953
Rank:0 Epoch: [39/40], Step: [401/782], Loss: 0.13899843394756317
Rank:0 Epoch: [39/40], Step: [411/782], Loss: 0.15298400819301605
Rank:0 Epoch: [39/40], Step: [421/782], Loss: 0.11795397102832794
Rank:0 Epoch: [39/40], Step: [431/782], Loss: 0.08087501674890518
Rank:0 Epoch: [39/40], Step: [441/782], Loss: 0.23332245647907257
Rank:0 Epoch: [39/40], Step: [451/782], Loss: 0.1717093586921692
Rank:0 Epoch: [39/40], Step: [461/782], Loss: 0.12880051136016846
Rank:0 Epoch: [39/40], Step: [471/782], Loss: 0.15526847541332245
Rank:0 Epoch: [39/40], Step: [481/782], Loss: 0.2637281119823456
Rank:0 Epoch: [39/40], Step: [491/782], Loss: 0.07741555571556091
Rank:0 Epoch: [39/40], Step: [501/782], Loss: 0.1171838715672493
Rank:0 Epoch: [39/40], Step: [511/782], Loss: 0.07119497656822205
Rank:0 Epoch: [39/40], Step: [521/782], Loss: 0.16014769673347473
Rank:0 Epoch: [39/40], Step: [531/782], Loss: 0.06895481795072556
Rank:0 Epoch: [39/40], Step: [541/782], Loss: 0.1274891346693039
Rank:0 Epoch: [39/40], Step: [551/782], Loss: 0.14340512454509735
Rank:0 Epoch: [39/40], Step: [561/782], Loss: 0.21957336366176605
Rank:0 Epoch: [39/40], Step: [571/782], Loss: 0.0884796679019928
Rank:0 Epoch: [39/40], Step: [581/782], Loss: 0.04158126562833786
Rank:0 Epoch: [39/40], Step: [591/782], Loss: 0.14851495623588562
Rank:0 Epoch: [39/40], Step: [601/782], Loss: 0.17357414960861206
Rank:0 Epoch: [39/40], Step: [611/782], Loss: 0.06054442748427391
Rank:0 Epoch: [39/40], Step: [621/782], Loss: 0.03560052067041397
Rank:0 Epoch: [39/40], Step: [631/782], Loss: 0.16824568808078766
Rank:0 Epoch: [39/40], Step: [641/782], Loss: 0.11629372090101242
Rank:0 Epoch: [39/40], Step: [651/782], Loss: 0.05706663802266121
Rank:0 Epoch: [39/40], Step: [661/782], Loss: 0.09074588865041733
Rank:0 Epoch: [39/40], Step: [671/782], Loss: 0.1708812713623047
Rank:0 Epoch: [39/40], Step: [681/782], Loss: 0.14945077896118164
Rank:0 Epoch: [39/40], Step: [691/782], Loss: 0.05970347300171852
Rank:0 Epoch: [39/40], Step: [701/782], Loss: 0.09999425709247589
Rank:0 Epoch: [39/40], Step: [711/782], Loss: 0.09798121452331543
Rank:0 Epoch: [39/40], Step: [721/782], Loss: 0.04707198590040207
Rank:0 Epoch: [39/40], Step: [731/782], Loss: 0.04128512740135193
Rank:0 Epoch: [39/40], Step: [741/782], Loss: 0.1779143065214157
Rank:0 Epoch: [39/40], Step: [751/782], Loss: 0.09198755770921707
Rank:0 Epoch: [39/40], Step: [761/782], Loss: 0.03980770707130432
Rank:0 Epoch: [39/40], Step: [771/782], Loss: 0.09954354912042618
Rank:0 Epoch: [39/40], Step: [781/782], Loss: 0.14889086782932281
Current Test Acc: 0.9206
Rank:0 Epoch: [40/40], Step: [1/782], Loss: 0.05885360762476921
Rank:0 Epoch: [40/40], Step: [11/782], Loss: 0.04631644859910011
Rank:0 Epoch: [40/40], Step: [21/782], Loss: 0.06421695649623871
Rank:0 Epoch: [40/40], Step: [31/782], Loss: 0.22220353782176971
Rank:0 Epoch: [40/40], Step: [41/782], Loss: 0.07371694594621658
Rank:0 Epoch: [40/40], Step: [51/782], Loss: 0.11083826422691345
Rank:0 Epoch: [40/40], Step: [61/782], Loss: 0.09317389130592346
Rank:0 Epoch: [40/40], Step: [71/782], Loss: 0.03498704731464386
Rank:0 Epoch: [40/40], Step: [81/782], Loss: 0.23854854702949524
Rank:0 Epoch: [40/40], Step: [91/782], Loss: 0.04285935312509537
Rank:0 Epoch: [40/40], Step: [101/782], Loss: 0.11379338800907135
Rank:0 Epoch: [40/40], Step: [111/782], Loss: 0.13952963054180145
Rank:0 Epoch: [40/40], Step: [121/782], Loss: 0.1573484241962433
Rank:0 Epoch: [40/40], Step: [131/782], Loss: 0.03580116108059883
Rank:0 Epoch: [40/40], Step: [141/782], Loss: 0.11431560665369034
Rank:0 Epoch: [40/40], Step: [151/782], Loss: 0.06865587830543518
Rank:0 Epoch: [40/40], Step: [161/782], Loss: 0.03269315883517265
Rank:0 Epoch: [40/40], Step: [171/782], Loss: 0.08144237101078033
Rank:0 Epoch: [40/40], Step: [181/782], Loss: 0.046708252280950546
Rank:0 Epoch: [40/40], Step: [191/782], Loss: 0.1582816243171692
Rank:0 Epoch: [40/40], Step: [201/782], Loss: 0.12506698071956635
Rank:0 Epoch: [40/40], Step: [211/782], Loss: 0.08969322592020035
Rank:0 Epoch: [40/40], Step: [221/782], Loss: 0.03554905951023102
Rank:0 Epoch: [40/40], Step: [231/782], Loss: 0.06580501049757004
Rank:0 Epoch: [40/40], Step: [241/782], Loss: 0.1749197095632553
Rank:0 Epoch: [40/40], Step: [251/782], Loss: 0.10590218752622604
Rank:0 Epoch: [40/40], Step: [261/782], Loss: 0.0551169291138649
Rank:0 Epoch: [40/40], Step: [271/782], Loss: 0.032693952322006226
Rank:0 Epoch: [40/40], Step: [281/782], Loss: 0.10959640145301819
Rank:0 Epoch: [40/40], Step: [291/782], Loss: 0.07246784120798111
Rank:0 Epoch: [40/40], Step: [301/782], Loss: 0.13514965772628784
Rank:0 Epoch: [40/40], Step: [311/782], Loss: 0.15996001660823822
Rank:0 Epoch: [40/40], Step: [321/782], Loss: 0.16835124790668488
Rank:0 Epoch: [40/40], Step: [331/782], Loss: 0.030636891722679138
Rank:0 Epoch: [40/40], Step: [341/782], Loss: 0.05903532728552818
Rank:0 Epoch: [40/40], Step: [351/782], Loss: 0.1260850578546524
Rank:0 Epoch: [40/40], Step: [361/782], Loss: 0.04678381234407425
Rank:0 Epoch: [40/40], Step: [371/782], Loss: 0.09327265620231628
Rank:0 Epoch: [40/40], Step: [381/782], Loss: 0.05613941699266434
Rank:0 Epoch: [40/40], Step: [391/782], Loss: 0.04719306528568268
Rank:0 Epoch: [40/40], Step: [401/782], Loss: 0.04881308972835541
Rank:0 Epoch: [40/40], Step: [411/782], Loss: 0.08137621730566025
Rank:0 Epoch: [40/40], Step: [421/782], Loss: 0.06752487272024155
Rank:0 Epoch: [40/40], Step: [431/782], Loss: 0.04551245644688606
Rank:0 Epoch: [40/40], Step: [441/782], Loss: 0.13857543468475342
Rank:0 Epoch: [40/40], Step: [451/782], Loss: 0.2462407797574997
Rank:0 Epoch: [40/40], Step: [461/782], Loss: 0.04422026500105858
Rank:0 Epoch: [40/40], Step: [471/782], Loss: 0.08902853727340698
Rank:0 Epoch: [40/40], Step: [481/782], Loss: 0.07187293469905853
Rank:0 Epoch: [40/40], Step: [491/782], Loss: 0.125376358628273
Rank:0 Epoch: [40/40], Step: [501/782], Loss: 0.08477819710969925
Rank:0 Epoch: [40/40], Step: [511/782], Loss: 0.13555215299129486
Rank:0 Epoch: [40/40], Step: [521/782], Loss: 0.11364498734474182
Rank:0 Epoch: [40/40], Step: [531/782], Loss: 0.09270407259464264
Rank:0 Epoch: [40/40], Step: [541/782], Loss: 0.12772390246391296
Rank:0 Epoch: [40/40], Step: [551/782], Loss: 0.044861216098070145
Rank:0 Epoch: [40/40], Step: [561/782], Loss: 0.1191592812538147
Rank:0 Epoch: [40/40], Step: [571/782], Loss: 0.05337095260620117
Rank:0 Epoch: [40/40], Step: [581/782], Loss: 0.15084101259708405
Rank:0 Epoch: [40/40], Step: [591/782], Loss: 0.2060365229845047
Rank:0 Epoch: [40/40], Step: [601/782], Loss: 0.09238086640834808
Rank:0 Epoch: [40/40], Step: [611/782], Loss: 0.1302257627248764
Rank:0 Epoch: [40/40], Step: [621/782], Loss: 0.11082703620195389
Rank:0 Epoch: [40/40], Step: [631/782], Loss: 0.04409978911280632
Rank:0 Epoch: [40/40], Step: [641/782], Loss: 0.1288786232471466
Rank:0 Epoch: [40/40], Step: [651/782], Loss: 0.08577170968055725
Rank:0 Epoch: [40/40], Step: [661/782], Loss: 0.07841037958860397
Rank:0 Epoch: [40/40], Step: [671/782], Loss: 0.05431993305683136
Rank:0 Epoch: [40/40], Step: [681/782], Loss: 0.1049242839217186
Rank:0 Epoch: [40/40], Step: [691/782], Loss: 0.07373236119747162
Rank:0 Epoch: [40/40], Step: [701/782], Loss: 0.3007845878601074
Rank:0 Epoch: [40/40], Step: [711/782], Loss: 0.029776673763990402
Rank:0 Epoch: [40/40], Step: [721/782], Loss: 0.058119192719459534
Rank:0 Epoch: [40/40], Step: [731/782], Loss: 0.06224013492465019
Rank:0 Epoch: [40/40], Step: [741/782], Loss: 0.04186403006315231
Rank:0 Epoch: [40/40], Step: [751/782], Loss: 0.060151293873786926
Rank:0 Epoch: [40/40], Step: [761/782], Loss: 0.15280096232891083
Rank:0 Epoch: [40/40], Step: [771/782], Loss: 0.03560152277350426
Rank:0 Epoch: [40/40], Step: [781/782], Loss: 0.13711895048618317
gamma=2
Current Test Acc: 0.9199
Local best accuracy so far 0.9213
Best accuracy so far 0.9213
completed!
