ddp backend: nccl, world size: 1
rank 0 train on cuda 0
Rank:0 Epoch: [1/40], Step: [1/782], Loss: 1.8988168239593506
Rank:0 Epoch: [1/40], Step: [11/782], Loss: 1.0557043552398682
Rank:0 Epoch: [1/40], Step: [21/782], Loss: 1.0981718301773071
Rank:0 Epoch: [1/40], Step: [31/782], Loss: 1.1794463396072388
Rank:0 Epoch: [1/40], Step: [41/782], Loss: 0.9580087661743164
Rank:0 Epoch: [1/40], Step: [51/782], Loss: 1.1389237642288208
Rank:0 Epoch: [1/40], Step: [61/782], Loss: 1.1329102516174316
Rank:0 Epoch: [1/40], Step: [71/782], Loss: 1.1165801286697388
Rank:0 Epoch: [1/40], Step: [81/782], Loss: 0.7118861079216003
Rank:0 Epoch: [1/40], Step: [91/782], Loss: 0.8000233769416809
Rank:0 Epoch: [1/40], Step: [101/782], Loss: 0.7774738073348999
Rank:0 Epoch: [1/40], Step: [111/782], Loss: 0.6885277628898621
Rank:0 Epoch: [1/40], Step: [121/782], Loss: 0.9490454196929932
Rank:0 Epoch: [1/40], Step: [131/782], Loss: 0.7368910312652588
Rank:0 Epoch: [1/40], Step: [141/782], Loss: 0.9805521965026855
Rank:0 Epoch: [1/40], Step: [151/782], Loss: 1.0316258668899536
Rank:0 Epoch: [1/40], Step: [161/782], Loss: 0.8622872829437256
Rank:0 Epoch: [1/40], Step: [171/782], Loss: 0.6226139664649963
Rank:0 Epoch: [1/40], Step: [181/782], Loss: 0.7044328451156616
Rank:0 Epoch: [1/40], Step: [191/782], Loss: 0.8112770318984985
Rank:0 Epoch: [1/40], Step: [201/782], Loss: 0.6825137138366699
Rank:0 Epoch: [1/40], Step: [211/782], Loss: 0.6653028726577759
Rank:0 Epoch: [1/40], Step: [221/782], Loss: 0.7445823550224304
Rank:0 Epoch: [1/40], Step: [231/782], Loss: 1.0090718269348145
Rank:0 Epoch: [1/40], Step: [241/782], Loss: 0.596956729888916
Rank:0 Epoch: [1/40], Step: [251/782], Loss: 0.685968279838562
Rank:0 Epoch: [1/40], Step: [261/782], Loss: 0.7849897742271423
Rank:0 Epoch: [1/40], Step: [271/782], Loss: 0.6402981281280518
Rank:0 Epoch: [1/40], Step: [281/782], Loss: 0.49231261014938354
Rank:0 Epoch: [1/40], Step: [291/782], Loss: 0.4814511239528656
Rank:0 Epoch: [1/40], Step: [301/782], Loss: 0.7125429511070251
Rank:0 Epoch: [1/40], Step: [311/782], Loss: 0.7467398643493652
Rank:0 Epoch: [1/40], Step: [321/782], Loss: 0.4550923705101013
Rank:0 Epoch: [1/40], Step: [331/782], Loss: 0.6039528250694275
Rank:0 Epoch: [1/40], Step: [341/782], Loss: 0.4738353490829468
Rank:0 Epoch: [1/40], Step: [351/782], Loss: 0.8033852577209473
Rank:0 Epoch: [1/40], Step: [361/782], Loss: 0.6356852054595947
Rank:0 Epoch: [1/40], Step: [371/782], Loss: 0.6960184574127197
Rank:0 Epoch: [1/40], Step: [381/782], Loss: 0.47697675228118896
Rank:0 Epoch: [1/40], Step: [391/782], Loss: 0.5043804049491882
Rank:0 Epoch: [1/40], Step: [401/782], Loss: 0.66319340467453
Rank:0 Epoch: [1/40], Step: [411/782], Loss: 0.4244549572467804
Rank:0 Epoch: [1/40], Step: [421/782], Loss: 0.42265599966049194
Rank:0 Epoch: [1/40], Step: [431/782], Loss: 0.5623794198036194
Rank:0 Epoch: [1/40], Step: [441/782], Loss: 0.5412740707397461
Rank:0 Epoch: [1/40], Step: [451/782], Loss: 0.33912599086761475
Rank:0 Epoch: [1/40], Step: [461/782], Loss: 0.4016863703727722
Rank:0 Epoch: [1/40], Step: [471/782], Loss: 0.6856744885444641
Rank:0 Epoch: [1/40], Step: [481/782], Loss: 0.9902241230010986
Rank:0 Epoch: [1/40], Step: [491/782], Loss: 0.631657600402832
Rank:0 Epoch: [1/40], Step: [501/782], Loss: 0.6353100538253784
Rank:0 Epoch: [1/40], Step: [511/782], Loss: 0.42122188210487366
Rank:0 Epoch: [1/40], Step: [521/782], Loss: 0.5764087438583374
Rank:0 Epoch: [1/40], Step: [531/782], Loss: 0.6886770725250244
Rank:0 Epoch: [1/40], Step: [541/782], Loss: 0.3731883764266968
Rank:0 Epoch: [1/40], Step: [551/782], Loss: 0.48341915011405945
Rank:0 Epoch: [1/40], Step: [561/782], Loss: 0.2939091622829437
Rank:0 Epoch: [1/40], Step: [571/782], Loss: 0.5034964084625244
Rank:0 Epoch: [1/40], Step: [581/782], Loss: 0.8902048468589783
Rank:0 Epoch: [1/40], Step: [591/782], Loss: 0.5611977577209473
Rank:0 Epoch: [1/40], Step: [601/782], Loss: 0.5677483677864075
Rank:0 Epoch: [1/40], Step: [611/782], Loss: 0.5742733478546143
Rank:0 Epoch: [1/40], Step: [621/782], Loss: 0.5713235139846802
Rank:0 Epoch: [1/40], Step: [631/782], Loss: 0.5762335062026978
Rank:0 Epoch: [1/40], Step: [641/782], Loss: 0.5255454778671265
Rank:0 Epoch: [1/40], Step: [651/782], Loss: 0.6657136678695679
Rank:0 Epoch: [1/40], Step: [661/782], Loss: 0.5758630037307739
Rank:0 Epoch: [1/40], Step: [671/782], Loss: 0.4535832703113556
Rank:0 Epoch: [1/40], Step: [681/782], Loss: 0.4295050799846649
Rank:0 Epoch: [1/40], Step: [691/782], Loss: 0.6334031224250793
Rank:0 Epoch: [1/40], Step: [701/782], Loss: 0.6762473583221436
Rank:0 Epoch: [1/40], Step: [711/782], Loss: 0.5212187767028809
Rank:0 Epoch: [1/40], Step: [721/782], Loss: 0.5491682291030884
Rank:0 Epoch: [1/40], Step: [731/782], Loss: 0.46578097343444824
Rank:0 Epoch: [1/40], Step: [741/782], Loss: 0.4204324185848236
Rank:0 Epoch: [1/40], Step: [751/782], Loss: 0.4701516032218933
Rank:0 Epoch: [1/40], Step: [761/782], Loss: 0.6707702279090881
Rank:0 Epoch: [1/40], Step: [771/782], Loss: 0.45097604393959045
Rank:0 Epoch: [1/40], Step: [781/782], Loss: 0.4015457034111023
Current Test Acc: 0.7905
Rank:0 Epoch: [2/40], Step: [1/782], Loss: 0.5052472949028015
Rank:0 Epoch: [2/40], Step: [11/782], Loss: 0.5198324918746948
Rank:0 Epoch: [2/40], Step: [21/782], Loss: 0.19105178117752075
Rank:0 Epoch: [2/40], Step: [31/782], Loss: 0.3253905773162842
Rank:0 Epoch: [2/40], Step: [41/782], Loss: 0.28032562136650085
Rank:0 Epoch: [2/40], Step: [51/782], Loss: 0.4696243703365326
Rank:0 Epoch: [2/40], Step: [61/782], Loss: 0.380109578371048
Rank:0 Epoch: [2/40], Step: [71/782], Loss: 0.5762709975242615
Rank:0 Epoch: [2/40], Step: [81/782], Loss: 0.5308027863502502
Rank:0 Epoch: [2/40], Step: [91/782], Loss: 0.6902049779891968
Rank:0 Epoch: [2/40], Step: [101/782], Loss: 0.41236448287963867
Rank:0 Epoch: [2/40], Step: [111/782], Loss: 0.37740209698677063
Rank:0 Epoch: [2/40], Step: [121/782], Loss: 0.6142114996910095
Rank:0 Epoch: [2/40], Step: [131/782], Loss: 0.36355939507484436
Rank:0 Epoch: [2/40], Step: [141/782], Loss: 0.4361259639263153
Rank:0 Epoch: [2/40], Step: [151/782], Loss: 0.5799585580825806
Rank:0 Epoch: [2/40], Step: [161/782], Loss: 0.38998502492904663
Rank:0 Epoch: [2/40], Step: [171/782], Loss: 0.3966473639011383
Rank:0 Epoch: [2/40], Step: [181/782], Loss: 0.4352787435054779
Rank:0 Epoch: [2/40], Step: [191/782], Loss: 0.34745773673057556
Rank:0 Epoch: [2/40], Step: [201/782], Loss: 0.3691580891609192
Rank:0 Epoch: [2/40], Step: [211/782], Loss: 0.41320356726646423
Rank:0 Epoch: [2/40], Step: [221/782], Loss: 0.5638102293014526
Rank:0 Epoch: [2/40], Step: [231/782], Loss: 0.43827342987060547
Rank:0 Epoch: [2/40], Step: [241/782], Loss: 0.3419424593448639
Rank:0 Epoch: [2/40], Step: [251/782], Loss: 0.4859902560710907
Rank:0 Epoch: [2/40], Step: [261/782], Loss: 0.37380465865135193
Rank:0 Epoch: [2/40], Step: [271/782], Loss: 0.5012091994285583
Rank:0 Epoch: [2/40], Step: [281/782], Loss: 0.4832897484302521
Rank:0 Epoch: [2/40], Step: [291/782], Loss: 0.3288286626338959
Rank:0 Epoch: [2/40], Step: [301/782], Loss: 0.38036999106407166
Rank:0 Epoch: [2/40], Step: [311/782], Loss: 0.41069266200065613
Rank:0 Epoch: [2/40], Step: [321/782], Loss: 0.590899646282196
Rank:0 Epoch: [2/40], Step: [331/782], Loss: 0.506924569606781
Rank:0 Epoch: [2/40], Step: [341/782], Loss: 0.5104115009307861
Rank:0 Epoch: [2/40], Step: [351/782], Loss: 0.2632909417152405
Rank:0 Epoch: [2/40], Step: [361/782], Loss: 0.5257969498634338
Rank:0 Epoch: [2/40], Step: [371/782], Loss: 0.40369391441345215
Rank:0 Epoch: [2/40], Step: [381/782], Loss: 0.4015663266181946
Rank:0 Epoch: [2/40], Step: [391/782], Loss: 0.4370627701282501
Rank:0 Epoch: [2/40], Step: [401/782], Loss: 0.8071663975715637
Rank:0 Epoch: [2/40], Step: [411/782], Loss: 0.4978805184364319
Rank:0 Epoch: [2/40], Step: [421/782], Loss: 0.5569567084312439
Rank:0 Epoch: [2/40], Step: [431/782], Loss: 0.4507080316543579
Rank:0 Epoch: [2/40], Step: [441/782], Loss: 0.5366886854171753
Rank:0 Epoch: [2/40], Step: [451/782], Loss: 0.41190284490585327
Rank:0 Epoch: [2/40], Step: [461/782], Loss: 0.5735723972320557
Rank:0 Epoch: [2/40], Step: [471/782], Loss: 0.7224079370498657
Rank:0 Epoch: [2/40], Step: [481/782], Loss: 0.41075289249420166
Rank:0 Epoch: [2/40], Step: [491/782], Loss: 0.43656232953071594
Rank:0 Epoch: [2/40], Step: [501/782], Loss: 0.44825559854507446
Rank:0 Epoch: [2/40], Step: [511/782], Loss: 0.6344161629676819
Rank:0 Epoch: [2/40], Step: [521/782], Loss: 0.17806512117385864
Rank:0 Epoch: [2/40], Step: [531/782], Loss: 0.3257478177547455
Rank:0 Epoch: [2/40], Step: [541/782], Loss: 0.3559971749782562
Rank:0 Epoch: [2/40], Step: [551/782], Loss: 0.3174022436141968
Rank:0 Epoch: [2/40], Step: [561/782], Loss: 0.4007534086704254
Rank:0 Epoch: [2/40], Step: [571/782], Loss: 0.33054643869400024
Rank:0 Epoch: [2/40], Step: [581/782], Loss: 0.37757593393325806
Rank:0 Epoch: [2/40], Step: [591/782], Loss: 0.3669039011001587
Rank:0 Epoch: [2/40], Step: [601/782], Loss: 0.40837225317955017
Rank:0 Epoch: [2/40], Step: [611/782], Loss: 0.475259393453598
Rank:0 Epoch: [2/40], Step: [621/782], Loss: 0.32649993896484375
Rank:0 Epoch: [2/40], Step: [631/782], Loss: 0.557384192943573
Rank:0 Epoch: [2/40], Step: [641/782], Loss: 0.40334752202033997
Rank:0 Epoch: [2/40], Step: [651/782], Loss: 0.7233399748802185
Rank:0 Epoch: [2/40], Step: [661/782], Loss: 0.5954549312591553
Rank:0 Epoch: [2/40], Step: [671/782], Loss: 0.4937289357185364
Rank:0 Epoch: [2/40], Step: [681/782], Loss: 0.39245665073394775
Rank:0 Epoch: [2/40], Step: [691/782], Loss: 0.41804587841033936
Rank:0 Epoch: [2/40], Step: [701/782], Loss: 0.3683193624019623
Rank:0 Epoch: [2/40], Step: [711/782], Loss: 0.4407917559146881
Rank:0 Epoch: [2/40], Step: [721/782], Loss: 0.3328222334384918
Rank:0 Epoch: [2/40], Step: [731/782], Loss: 0.24320869147777557
Rank:0 Epoch: [2/40], Step: [741/782], Loss: 0.6811058521270752
Rank:0 Epoch: [2/40], Step: [751/782], Loss: 0.2885325253009796
Rank:0 Epoch: [2/40], Step: [761/782], Loss: 0.7609357237815857
Rank:0 Epoch: [2/40], Step: [771/782], Loss: 0.45508500933647156
Rank:0 Epoch: [2/40], Step: [781/782], Loss: 0.3671092391014099
Current Test Acc: 0.8301
Rank:0 Epoch: [3/40], Step: [1/782], Loss: 0.4116314947605133
Rank:0 Epoch: [3/40], Step: [11/782], Loss: 0.4227425456047058
Rank:0 Epoch: [3/40], Step: [21/782], Loss: 0.2846948206424713
Rank:0 Epoch: [3/40], Step: [31/782], Loss: 0.36640262603759766
Rank:0 Epoch: [3/40], Step: [41/782], Loss: 0.1876843124628067
Rank:0 Epoch: [3/40], Step: [51/782], Loss: 0.1944246143102646
Rank:0 Epoch: [3/40], Step: [61/782], Loss: 0.5838492512702942
Rank:0 Epoch: [3/40], Step: [71/782], Loss: 0.2274046093225479
Rank:0 Epoch: [3/40], Step: [81/782], Loss: 0.29020199179649353
Rank:0 Epoch: [3/40], Step: [91/782], Loss: 0.7443006038665771
Rank:0 Epoch: [3/40], Step: [101/782], Loss: 0.6539623737335205
Rank:0 Epoch: [3/40], Step: [111/782], Loss: 0.3490150272846222
Rank:0 Epoch: [3/40], Step: [121/782], Loss: 0.37427210807800293
Rank:0 Epoch: [3/40], Step: [131/782], Loss: 0.26667484641075134
Rank:0 Epoch: [3/40], Step: [141/782], Loss: 0.3813587427139282
Rank:0 Epoch: [3/40], Step: [151/782], Loss: 0.3177207410335541
Rank:0 Epoch: [3/40], Step: [161/782], Loss: 0.45514169335365295
Rank:0 Epoch: [3/40], Step: [171/782], Loss: 0.3590635657310486
Rank:0 Epoch: [3/40], Step: [181/782], Loss: 0.3833235800266266
Rank:0 Epoch: [3/40], Step: [191/782], Loss: 0.20287641882896423
Rank:0 Epoch: [3/40], Step: [201/782], Loss: 0.1652412861585617
Rank:0 Epoch: [3/40], Step: [211/782], Loss: 0.30984723567962646
Rank:0 Epoch: [3/40], Step: [221/782], Loss: 0.39716237783432007
Rank:0 Epoch: [3/40], Step: [231/782], Loss: 0.4252496063709259
Rank:0 Epoch: [3/40], Step: [241/782], Loss: 0.3076745569705963
Rank:0 Epoch: [3/40], Step: [251/782], Loss: 0.4061259329319
Rank:0 Epoch: [3/40], Step: [261/782], Loss: 0.45100679993629456
Rank:0 Epoch: [3/40], Step: [271/782], Loss: 0.4619502127170563
Rank:0 Epoch: [3/40], Step: [281/782], Loss: 0.35618913173675537
Rank:0 Epoch: [3/40], Step: [291/782], Loss: 0.32430535554885864
Rank:0 Epoch: [3/40], Step: [301/782], Loss: 0.3986654579639435
Rank:0 Epoch: [3/40], Step: [311/782], Loss: 0.557442843914032
Rank:0 Epoch: [3/40], Step: [321/782], Loss: 0.3801305592060089
Rank:0 Epoch: [3/40], Step: [331/782], Loss: 0.5567865371704102
Rank:0 Epoch: [3/40], Step: [341/782], Loss: 0.6400116086006165
Rank:0 Epoch: [3/40], Step: [351/782], Loss: 0.23690102994441986
Rank:0 Epoch: [3/40], Step: [361/782], Loss: 0.373351126909256
Rank:0 Epoch: [3/40], Step: [371/782], Loss: 0.3283923268318176
Rank:0 Epoch: [3/40], Step: [381/782], Loss: 0.29646602272987366
Rank:0 Epoch: [3/40], Step: [391/782], Loss: 0.21714577078819275
Rank:0 Epoch: [3/40], Step: [401/782], Loss: 0.3161911964416504
Rank:0 Epoch: [3/40], Step: [411/782], Loss: 0.4799819588661194
Rank:0 Epoch: [3/40], Step: [421/782], Loss: 0.3932952582836151
Rank:0 Epoch: [3/40], Step: [431/782], Loss: 0.4241505563259125
Rank:0 Epoch: [3/40], Step: [441/782], Loss: 0.3992782533168793
Rank:0 Epoch: [3/40], Step: [451/782], Loss: 0.2920016050338745
Rank:0 Epoch: [3/40], Step: [461/782], Loss: 0.3134017884731293
Rank:0 Epoch: [3/40], Step: [471/782], Loss: 0.45502546429634094
Rank:0 Epoch: [3/40], Step: [481/782], Loss: 0.7128729224205017
Rank:0 Epoch: [3/40], Step: [491/782], Loss: 0.4906734824180603
Rank:0 Epoch: [3/40], Step: [501/782], Loss: 0.475165992975235
Rank:0 Epoch: [3/40], Step: [511/782], Loss: 0.3218947947025299
Rank:0 Epoch: [3/40], Step: [521/782], Loss: 0.3345526158809662
Rank:0 Epoch: [3/40], Step: [531/782], Loss: 0.2905423045158386
Rank:0 Epoch: [3/40], Step: [541/782], Loss: 0.5863344073295593
Rank:0 Epoch: [3/40], Step: [551/782], Loss: 0.28583425283432007
Rank:0 Epoch: [3/40], Step: [561/782], Loss: 0.4425591230392456
Rank:0 Epoch: [3/40], Step: [571/782], Loss: 0.7457617521286011
Rank:0 Epoch: [3/40], Step: [581/782], Loss: 0.4095485508441925
Rank:0 Epoch: [3/40], Step: [591/782], Loss: 0.310884565114975
Rank:0 Epoch: [3/40], Step: [601/782], Loss: 0.3012830913066864
Rank:0 Epoch: [3/40], Step: [611/782], Loss: 0.41310280561447144
Rank:0 Epoch: [3/40], Step: [621/782], Loss: 0.3711915910243988
Rank:0 Epoch: [3/40], Step: [631/782], Loss: 0.46650004386901855
Rank:0 Epoch: [3/40], Step: [641/782], Loss: 0.21719391644001007
Rank:0 Epoch: [3/40], Step: [651/782], Loss: 0.3372628688812256
Rank:0 Epoch: [3/40], Step: [661/782], Loss: 0.2050180733203888
Rank:0 Epoch: [3/40], Step: [671/782], Loss: 0.4241597652435303
Rank:0 Epoch: [3/40], Step: [681/782], Loss: 0.42319756746292114
Rank:0 Epoch: [3/40], Step: [691/782], Loss: 0.4243919253349304
Rank:0 Epoch: [3/40], Step: [701/782], Loss: 0.3956484794616699
Rank:0 Epoch: [3/40], Step: [711/782], Loss: 0.22322194278240204
Rank:0 Epoch: [3/40], Step: [721/782], Loss: 0.2974848449230194
Rank:0 Epoch: [3/40], Step: [731/782], Loss: 0.4118579626083374
Rank:0 Epoch: [3/40], Step: [741/782], Loss: 0.4588846266269684
Rank:0 Epoch: [3/40], Step: [751/782], Loss: 0.48123231530189514
Rank:0 Epoch: [3/40], Step: [761/782], Loss: 0.40122753381729126
Rank:0 Epoch: [3/40], Step: [771/782], Loss: 0.5369809865951538
Rank:0 Epoch: [3/40], Step: [781/782], Loss: 0.2887955605983734
Current Test Acc: 0.8298
Rank:0 Epoch: [4/40], Step: [1/782], Loss: 0.41903921961784363
Rank:0 Epoch: [4/40], Step: [11/782], Loss: 0.2715240716934204
Rank:0 Epoch: [4/40], Step: [21/782], Loss: 0.4196207523345947
Rank:0 Epoch: [4/40], Step: [31/782], Loss: 0.3879544734954834
Rank:0 Epoch: [4/40], Step: [41/782], Loss: 0.3898894488811493
Rank:0 Epoch: [4/40], Step: [51/782], Loss: 0.46532198786735535
Rank:0 Epoch: [4/40], Step: [61/782], Loss: 0.24145057797431946
Rank:0 Epoch: [4/40], Step: [71/782], Loss: 0.3499654531478882
Rank:0 Epoch: [4/40], Step: [81/782], Loss: 0.35406869649887085
Rank:0 Epoch: [4/40], Step: [91/782], Loss: 0.4252321124076843
Rank:0 Epoch: [4/40], Step: [101/782], Loss: 0.4147324562072754
Rank:0 Epoch: [4/40], Step: [111/782], Loss: 0.3909044563770294
Rank:0 Epoch: [4/40], Step: [121/782], Loss: 0.2852107584476471
Rank:0 Epoch: [4/40], Step: [131/782], Loss: 0.2150513231754303
Rank:0 Epoch: [4/40], Step: [141/782], Loss: 0.17298643290996552
Rank:0 Epoch: [4/40], Step: [151/782], Loss: 0.3786192834377289
Rank:0 Epoch: [4/40], Step: [161/782], Loss: 0.5006998777389526
Rank:0 Epoch: [4/40], Step: [171/782], Loss: 0.4549305737018585
Rank:0 Epoch: [4/40], Step: [181/782], Loss: 0.49791234731674194
Rank:0 Epoch: [4/40], Step: [191/782], Loss: 0.42380598187446594
Rank:0 Epoch: [4/40], Step: [201/782], Loss: 0.34646767377853394
Rank:0 Epoch: [4/40], Step: [211/782], Loss: 0.3838587701320648
Rank:0 Epoch: [4/40], Step: [221/782], Loss: 0.5122777819633484
Rank:0 Epoch: [4/40], Step: [231/782], Loss: 0.22450228035449982
Rank:0 Epoch: [4/40], Step: [241/782], Loss: 0.25308287143707275
Rank:0 Epoch: [4/40], Step: [251/782], Loss: 0.3178834915161133
Rank:0 Epoch: [4/40], Step: [261/782], Loss: 0.5013460516929626
Rank:0 Epoch: [4/40], Step: [271/782], Loss: 0.5590728521347046
Rank:0 Epoch: [4/40], Step: [281/782], Loss: 0.26102063059806824
Rank:0 Epoch: [4/40], Step: [291/782], Loss: 0.36539342999458313
Rank:0 Epoch: [4/40], Step: [301/782], Loss: 0.6305047273635864
Rank:0 Epoch: [4/40], Step: [311/782], Loss: 0.2595953941345215
Rank:0 Epoch: [4/40], Step: [321/782], Loss: 0.37128061056137085
Rank:0 Epoch: [4/40], Step: [331/782], Loss: 0.2681049406528473
Rank:0 Epoch: [4/40], Step: [341/782], Loss: 0.23217536509037018
Rank:0 Epoch: [4/40], Step: [351/782], Loss: 0.33855053782463074
Rank:0 Epoch: [4/40], Step: [361/782], Loss: 0.4501793384552002
Rank:0 Epoch: [4/40], Step: [371/782], Loss: 0.3701886236667633
Rank:0 Epoch: [4/40], Step: [381/782], Loss: 0.5199687480926514
Rank:0 Epoch: [4/40], Step: [391/782], Loss: 0.4325925409793854
Rank:0 Epoch: [4/40], Step: [401/782], Loss: 0.37411317229270935
Rank:0 Epoch: [4/40], Step: [411/782], Loss: 0.26832324266433716
Rank:0 Epoch: [4/40], Step: [421/782], Loss: 0.310162216424942
Rank:0 Epoch: [4/40], Step: [431/782], Loss: 0.40301743149757385
Rank:0 Epoch: [4/40], Step: [441/782], Loss: 0.5189078450202942
Rank:0 Epoch: [4/40], Step: [451/782], Loss: 0.5437740087509155
Rank:0 Epoch: [4/40], Step: [461/782], Loss: 0.2871388792991638
Rank:0 Epoch: [4/40], Step: [471/782], Loss: 0.5751386284828186
Rank:0 Epoch: [4/40], Step: [481/782], Loss: 0.5331026911735535
Rank:0 Epoch: [4/40], Step: [491/782], Loss: 0.20039834082126617
Rank:0 Epoch: [4/40], Step: [501/782], Loss: 0.3671012818813324
Rank:0 Epoch: [4/40], Step: [511/782], Loss: 0.33316099643707275
Rank:0 Epoch: [4/40], Step: [521/782], Loss: 0.32715585827827454
Rank:0 Epoch: [4/40], Step: [531/782], Loss: 0.5586760640144348
Rank:0 Epoch: [4/40], Step: [541/782], Loss: 0.23768924176692963
Rank:0 Epoch: [4/40], Step: [551/782], Loss: 0.44536009430885315
Rank:0 Epoch: [4/40], Step: [561/782], Loss: 0.32402634620666504
Rank:0 Epoch: [4/40], Step: [571/782], Loss: 0.2341727614402771
Rank:0 Epoch: [4/40], Step: [581/782], Loss: 0.17410756647586823
Rank:0 Epoch: [4/40], Step: [591/782], Loss: 0.3715142607688904
Rank:0 Epoch: [4/40], Step: [601/782], Loss: 0.30679741501808167
Rank:0 Epoch: [4/40], Step: [611/782], Loss: 0.2713965177536011
Rank:0 Epoch: [4/40], Step: [621/782], Loss: 0.28785163164138794
Rank:0 Epoch: [4/40], Step: [631/782], Loss: 0.5392007231712341
Rank:0 Epoch: [4/40], Step: [641/782], Loss: 0.23561258614063263
Rank:0 Epoch: [4/40], Step: [651/782], Loss: 0.2792133688926697
Rank:0 Epoch: [4/40], Step: [661/782], Loss: 0.3187030553817749
Rank:0 Epoch: [4/40], Step: [671/782], Loss: 0.3561688959598541
Rank:0 Epoch: [4/40], Step: [681/782], Loss: 0.3608453571796417
Rank:0 Epoch: [4/40], Step: [691/782], Loss: 0.4807542860507965
Rank:0 Epoch: [4/40], Step: [701/782], Loss: 0.43876951932907104
Rank:0 Epoch: [4/40], Step: [711/782], Loss: 0.24171851575374603
Rank:0 Epoch: [4/40], Step: [721/782], Loss: 0.36451753973960876
Rank:0 Epoch: [4/40], Step: [731/782], Loss: 0.49963921308517456
Rank:0 Epoch: [4/40], Step: [741/782], Loss: 0.4692249000072479
Rank:0 Epoch: [4/40], Step: [751/782], Loss: 0.3758924901485443
Rank:0 Epoch: [4/40], Step: [761/782], Loss: 0.21535250544548035
Rank:0 Epoch: [4/40], Step: [771/782], Loss: 0.38085052371025085
Rank:0 Epoch: [4/40], Step: [781/782], Loss: 0.3757920265197754
Current Test Acc: 0.8328
Rank:0 Epoch: [5/40], Step: [1/782], Loss: 0.38562700152397156
Rank:0 Epoch: [5/40], Step: [11/782], Loss: 0.34144923090934753
Rank:0 Epoch: [5/40], Step: [21/782], Loss: 0.2567433714866638
Rank:0 Epoch: [5/40], Step: [31/782], Loss: 0.2105952501296997
Rank:0 Epoch: [5/40], Step: [41/782], Loss: 0.27296915650367737
Rank:0 Epoch: [5/40], Step: [51/782], Loss: 0.46768680214881897
Rank:0 Epoch: [5/40], Step: [61/782], Loss: 0.1545945256948471
Rank:0 Epoch: [5/40], Step: [71/782], Loss: 0.2837337553501129
Rank:0 Epoch: [5/40], Step: [81/782], Loss: 0.3334513008594513
Rank:0 Epoch: [5/40], Step: [91/782], Loss: 0.29550233483314514
Rank:0 Epoch: [5/40], Step: [101/782], Loss: 0.4425564706325531
Rank:0 Epoch: [5/40], Step: [111/782], Loss: 0.23979662358760834
Rank:0 Epoch: [5/40], Step: [121/782], Loss: 0.22167740762233734
Rank:0 Epoch: [5/40], Step: [131/782], Loss: 0.3868131637573242
Rank:0 Epoch: [5/40], Step: [141/782], Loss: 0.18638426065444946
Rank:0 Epoch: [5/40], Step: [151/782], Loss: 0.2698019742965698
Rank:0 Epoch: [5/40], Step: [161/782], Loss: 0.16149598360061646
Rank:0 Epoch: [5/40], Step: [171/782], Loss: 0.2579319179058075
Rank:0 Epoch: [5/40], Step: [181/782], Loss: 0.30665162205696106
Rank:0 Epoch: [5/40], Step: [191/782], Loss: 0.30213841795921326
Rank:0 Epoch: [5/40], Step: [201/782], Loss: 0.35238680243492126
Rank:0 Epoch: [5/40], Step: [211/782], Loss: 0.251350462436676
Rank:0 Epoch: [5/40], Step: [221/782], Loss: 0.2414328008890152
Rank:0 Epoch: [5/40], Step: [231/782], Loss: 0.31279870867729187
Rank:0 Epoch: [5/40], Step: [241/782], Loss: 0.32168227434158325
Rank:0 Epoch: [5/40], Step: [251/782], Loss: 0.4020409882068634
Rank:0 Epoch: [5/40], Step: [261/782], Loss: 0.481933057308197
Rank:0 Epoch: [5/40], Step: [271/782], Loss: 0.17480935156345367
Rank:0 Epoch: [5/40], Step: [281/782], Loss: 0.310234934091568
Rank:0 Epoch: [5/40], Step: [291/782], Loss: 0.23988720774650574
Rank:0 Epoch: [5/40], Step: [301/782], Loss: 0.36109763383865356
Rank:0 Epoch: [5/40], Step: [311/782], Loss: 0.46697428822517395
Rank:0 Epoch: [5/40], Step: [321/782], Loss: 0.18946757912635803
Rank:0 Epoch: [5/40], Step: [331/782], Loss: 0.2599353492259979
Rank:0 Epoch: [5/40], Step: [341/782], Loss: 0.20864349603652954
Rank:0 Epoch: [5/40], Step: [351/782], Loss: 0.12386678904294968
Rank:0 Epoch: [5/40], Step: [361/782], Loss: 0.32419708371162415
Rank:0 Epoch: [5/40], Step: [371/782], Loss: 0.41454005241394043
Rank:0 Epoch: [5/40], Step: [381/782], Loss: 0.24308419227600098
Rank:0 Epoch: [5/40], Step: [391/782], Loss: 0.18347695469856262
Rank:0 Epoch: [5/40], Step: [401/782], Loss: 0.3956374526023865
Rank:0 Epoch: [5/40], Step: [411/782], Loss: 0.2991733253002167
Rank:0 Epoch: [5/40], Step: [421/782], Loss: 0.46378928422927856
Rank:0 Epoch: [5/40], Step: [431/782], Loss: 0.33672603964805603
Rank:0 Epoch: [5/40], Step: [441/782], Loss: 0.29653581976890564
Rank:0 Epoch: [5/40], Step: [451/782], Loss: 0.5019257664680481
Rank:0 Epoch: [5/40], Step: [461/782], Loss: 0.37649476528167725
Rank:0 Epoch: [5/40], Step: [471/782], Loss: 0.322150319814682
Rank:0 Epoch: [5/40], Step: [481/782], Loss: 0.3915841281414032
Rank:0 Epoch: [5/40], Step: [491/782], Loss: 0.4105472266674042
Rank:0 Epoch: [5/40], Step: [501/782], Loss: 0.34736666083335876
Rank:0 Epoch: [5/40], Step: [511/782], Loss: 0.4792511761188507
Rank:0 Epoch: [5/40], Step: [521/782], Loss: 0.27144765853881836
Rank:0 Epoch: [5/40], Step: [531/782], Loss: 0.2053409069776535
Rank:0 Epoch: [5/40], Step: [541/782], Loss: 0.34370532631874084
Rank:0 Epoch: [5/40], Step: [551/782], Loss: 0.3250824809074402
Rank:0 Epoch: [5/40], Step: [561/782], Loss: 0.41280245780944824
Rank:0 Epoch: [5/40], Step: [571/782], Loss: 0.2696208357810974
Rank:0 Epoch: [5/40], Step: [581/782], Loss: 0.38859421014785767
Rank:0 Epoch: [5/40], Step: [591/782], Loss: 0.3227618634700775
Rank:0 Epoch: [5/40], Step: [601/782], Loss: 0.35764333605766296
Rank:0 Epoch: [5/40], Step: [611/782], Loss: 0.32127857208251953
Rank:0 Epoch: [5/40], Step: [621/782], Loss: 0.43974199891090393
Rank:0 Epoch: [5/40], Step: [631/782], Loss: 0.30898380279541016
Rank:0 Epoch: [5/40], Step: [641/782], Loss: 0.38201388716697693
Rank:0 Epoch: [5/40], Step: [651/782], Loss: 0.34385421872138977
Rank:0 Epoch: [5/40], Step: [661/782], Loss: 0.5552289485931396
Rank:0 Epoch: [5/40], Step: [671/782], Loss: 0.4730810821056366
Rank:0 Epoch: [5/40], Step: [681/782], Loss: 0.3415322005748749
Rank:0 Epoch: [5/40], Step: [691/782], Loss: 0.32821106910705566
Rank:0 Epoch: [5/40], Step: [701/782], Loss: 0.22782722115516663
Rank:0 Epoch: [5/40], Step: [711/782], Loss: 0.31984764337539673
Rank:0 Epoch: [5/40], Step: [721/782], Loss: 0.3920130431652069
Rank:0 Epoch: [5/40], Step: [731/782], Loss: 0.36245566606521606
Rank:0 Epoch: [5/40], Step: [741/782], Loss: 0.38414493203163147
Rank:0 Epoch: [5/40], Step: [751/782], Loss: 0.35319656133651733
Rank:0 Epoch: [5/40], Step: [761/782], Loss: 0.6181895136833191
Rank:0 Epoch: [5/40], Step: [771/782], Loss: 0.3805823028087616
Rank:0 Epoch: [5/40], Step: [781/782], Loss: 0.34630724787712097
Current Test Acc: 0.8139
Rank:0 Epoch: [6/40], Step: [1/782], Loss: 0.16352805495262146
Rank:0 Epoch: [6/40], Step: [11/782], Loss: 0.3818570077419281
Rank:0 Epoch: [6/40], Step: [21/782], Loss: 0.41545918583869934
Rank:0 Epoch: [6/40], Step: [31/782], Loss: 0.16616354882717133
Rank:0 Epoch: [6/40], Step: [41/782], Loss: 0.3387756049633026
Rank:0 Epoch: [6/40], Step: [51/782], Loss: 0.22763113677501678
Rank:0 Epoch: [6/40], Step: [61/782], Loss: 0.15578019618988037
Rank:0 Epoch: [6/40], Step: [71/782], Loss: 0.16805021464824677
Rank:0 Epoch: [6/40], Step: [81/782], Loss: 0.39759570360183716
Rank:0 Epoch: [6/40], Step: [91/782], Loss: 0.13399043679237366
Rank:0 Epoch: [6/40], Step: [101/782], Loss: 0.1567849963903427
Rank:0 Epoch: [6/40], Step: [111/782], Loss: 0.2319171130657196
Rank:0 Epoch: [6/40], Step: [121/782], Loss: 0.26431193947792053
Rank:0 Epoch: [6/40], Step: [131/782], Loss: 0.43242233991622925
Rank:0 Epoch: [6/40], Step: [141/782], Loss: 0.31546759605407715
Rank:0 Epoch: [6/40], Step: [151/782], Loss: 0.2436181902885437
Rank:0 Epoch: [6/40], Step: [161/782], Loss: 0.27957403659820557
Rank:0 Epoch: [6/40], Step: [171/782], Loss: 0.37109267711639404
Rank:0 Epoch: [6/40], Step: [181/782], Loss: 0.31165438890457153
Rank:0 Epoch: [6/40], Step: [191/782], Loss: 0.37507757544517517
Rank:0 Epoch: [6/40], Step: [201/782], Loss: 0.3857780992984772
Rank:0 Epoch: [6/40], Step: [211/782], Loss: 0.33542144298553467
Rank:0 Epoch: [6/40], Step: [221/782], Loss: 0.11039198935031891
Rank:0 Epoch: [6/40], Step: [231/782], Loss: 0.5351563692092896
Rank:0 Epoch: [6/40], Step: [241/782], Loss: 0.10454420000314713
Rank:0 Epoch: [6/40], Step: [251/782], Loss: 0.2726646661758423
Rank:0 Epoch: [6/40], Step: [261/782], Loss: 0.2789746820926666
Rank:0 Epoch: [6/40], Step: [271/782], Loss: 0.30901095271110535
Rank:0 Epoch: [6/40], Step: [281/782], Loss: 0.3162681460380554
Rank:0 Epoch: [6/40], Step: [291/782], Loss: 0.17098292708396912
Rank:0 Epoch: [6/40], Step: [301/782], Loss: 0.09062483161687851
Rank:0 Epoch: [6/40], Step: [311/782], Loss: 0.38281843066215515
Rank:0 Epoch: [6/40], Step: [321/782], Loss: 0.19787746667861938
Rank:0 Epoch: [6/40], Step: [331/782], Loss: 0.30339887738227844
Rank:0 Epoch: [6/40], Step: [341/782], Loss: 0.20898184180259705
Rank:0 Epoch: [6/40], Step: [351/782], Loss: 0.19571886956691742
Rank:0 Epoch: [6/40], Step: [361/782], Loss: 0.2040930688381195
Rank:0 Epoch: [6/40], Step: [371/782], Loss: 0.399730920791626
Rank:0 Epoch: [6/40], Step: [381/782], Loss: 0.217813640832901
Rank:0 Epoch: [6/40], Step: [391/782], Loss: 0.2452363669872284
Rank:0 Epoch: [6/40], Step: [401/782], Loss: 0.1794617474079132
Rank:0 Epoch: [6/40], Step: [411/782], Loss: 0.2730611562728882
Rank:0 Epoch: [6/40], Step: [421/782], Loss: 0.30345165729522705
Rank:0 Epoch: [6/40], Step: [431/782], Loss: 0.17323802411556244
Rank:0 Epoch: [6/40], Step: [441/782], Loss: 0.40426376461982727
Rank:0 Epoch: [6/40], Step: [451/782], Loss: 0.23271653056144714
Rank:0 Epoch: [6/40], Step: [461/782], Loss: 0.35956400632858276
Rank:0 Epoch: [6/40], Step: [471/782], Loss: 0.30878669023513794
Rank:0 Epoch: [6/40], Step: [481/782], Loss: 0.4469512701034546
Rank:0 Epoch: [6/40], Step: [491/782], Loss: 0.2405303567647934
Rank:0 Epoch: [6/40], Step: [501/782], Loss: 0.2361750602722168
Rank:0 Epoch: [6/40], Step: [511/782], Loss: 0.2422294020652771
Rank:0 Epoch: [6/40], Step: [521/782], Loss: 0.20950505137443542
Rank:0 Epoch: [6/40], Step: [531/782], Loss: 0.24764427542686462
Rank:0 Epoch: [6/40], Step: [541/782], Loss: 0.3340640664100647
Rank:0 Epoch: [6/40], Step: [551/782], Loss: 0.33912742137908936
Rank:0 Epoch: [6/40], Step: [561/782], Loss: 0.21154551208019257
Rank:0 Epoch: [6/40], Step: [571/782], Loss: 0.21096909046173096
Rank:0 Epoch: [6/40], Step: [581/782], Loss: 0.3510521352291107
Rank:0 Epoch: [6/40], Step: [591/782], Loss: 0.3095436692237854
Rank:0 Epoch: [6/40], Step: [601/782], Loss: 0.20250655710697174
Rank:0 Epoch: [6/40], Step: [611/782], Loss: 0.24457716941833496
Rank:0 Epoch: [6/40], Step: [621/782], Loss: 0.180037721991539
Rank:0 Epoch: [6/40], Step: [631/782], Loss: 0.18192747235298157
Rank:0 Epoch: [6/40], Step: [641/782], Loss: 0.2516498565673828
Rank:0 Epoch: [6/40], Step: [651/782], Loss: 0.24008126556873322
Rank:0 Epoch: [6/40], Step: [661/782], Loss: 0.19929972290992737
Rank:0 Epoch: [6/40], Step: [671/782], Loss: 0.23942644894123077
Rank:0 Epoch: [6/40], Step: [681/782], Loss: 0.38604068756103516
Rank:0 Epoch: [6/40], Step: [691/782], Loss: 0.4110143482685089
Rank:0 Epoch: [6/40], Step: [701/782], Loss: 0.3286629319190979
Rank:0 Epoch: [6/40], Step: [711/782], Loss: 0.20396943390369415
Rank:0 Epoch: [6/40], Step: [721/782], Loss: 0.1388406604528427
Rank:0 Epoch: [6/40], Step: [731/782], Loss: 0.4421396255493164
Rank:0 Epoch: [6/40], Step: [741/782], Loss: 0.446293443441391
Rank:0 Epoch: [6/40], Step: [751/782], Loss: 0.10553259402513504
Rank:0 Epoch: [6/40], Step: [761/782], Loss: 0.21390146017074585
Rank:0 Epoch: [6/40], Step: [771/782], Loss: 0.4964034855365753
Rank:0 Epoch: [6/40], Step: [781/782], Loss: 0.3513888120651245
Current Test Acc: 0.8689
Rank:0 Epoch: [7/40], Step: [1/782], Loss: 0.28378185629844666
Rank:0 Epoch: [7/40], Step: [11/782], Loss: 0.2284771054983139
Rank:0 Epoch: [7/40], Step: [21/782], Loss: 0.37147223949432373
Rank:0 Epoch: [7/40], Step: [31/782], Loss: 0.26998499035835266
Rank:0 Epoch: [7/40], Step: [41/782], Loss: 0.30206751823425293
Rank:0 Epoch: [7/40], Step: [51/782], Loss: 0.3506383001804352
Rank:0 Epoch: [7/40], Step: [61/782], Loss: 0.35801973938941956
Rank:0 Epoch: [7/40], Step: [71/782], Loss: 0.17044124007225037
Rank:0 Epoch: [7/40], Step: [81/782], Loss: 0.21731188893318176
Rank:0 Epoch: [7/40], Step: [91/782], Loss: 0.22744406759738922
Rank:0 Epoch: [7/40], Step: [101/782], Loss: 0.2682980000972748
Rank:0 Epoch: [7/40], Step: [111/782], Loss: 0.3398474156856537
Rank:0 Epoch: [7/40], Step: [121/782], Loss: 0.33898016810417175
Rank:0 Epoch: [7/40], Step: [131/782], Loss: 0.3329102098941803
Rank:0 Epoch: [7/40], Step: [141/782], Loss: 0.2389390766620636
Rank:0 Epoch: [7/40], Step: [151/782], Loss: 0.2197480946779251
Rank:0 Epoch: [7/40], Step: [161/782], Loss: 0.18365994095802307
Rank:0 Epoch: [7/40], Step: [171/782], Loss: 0.25918444991111755
Rank:0 Epoch: [7/40], Step: [181/782], Loss: 0.16306494176387787
Rank:0 Epoch: [7/40], Step: [191/782], Loss: 0.15184251964092255
Rank:0 Epoch: [7/40], Step: [201/782], Loss: 0.3468770384788513
Rank:0 Epoch: [7/40], Step: [211/782], Loss: 0.3111336827278137
Rank:0 Epoch: [7/40], Step: [221/782], Loss: 0.3209863603115082
Rank:0 Epoch: [7/40], Step: [231/782], Loss: 0.25297921895980835
Rank:0 Epoch: [7/40], Step: [241/782], Loss: 0.4038621783256531
Rank:0 Epoch: [7/40], Step: [251/782], Loss: 0.236056849360466
Rank:0 Epoch: [7/40], Step: [261/782], Loss: 0.25026416778564453
Rank:0 Epoch: [7/40], Step: [271/782], Loss: 0.510743260383606
Rank:0 Epoch: [7/40], Step: [281/782], Loss: 0.18067611753940582
Rank:0 Epoch: [7/40], Step: [291/782], Loss: 0.36597374081611633
Rank:0 Epoch: [7/40], Step: [301/782], Loss: 0.31640827655792236
Rank:0 Epoch: [7/40], Step: [311/782], Loss: 0.34812432527542114
Rank:0 Epoch: [7/40], Step: [321/782], Loss: 0.324622243642807
Rank:0 Epoch: [7/40], Step: [331/782], Loss: 0.44086629152297974
Rank:0 Epoch: [7/40], Step: [341/782], Loss: 0.35916662216186523
Rank:0 Epoch: [7/40], Step: [351/782], Loss: 0.25675341486930847
Rank:0 Epoch: [7/40], Step: [361/782], Loss: 0.447682648897171
Rank:0 Epoch: [7/40], Step: [371/782], Loss: 0.4158323109149933
Rank:0 Epoch: [7/40], Step: [381/782], Loss: 0.2106650173664093
Rank:0 Epoch: [7/40], Step: [391/782], Loss: 0.4511984586715698
Rank:0 Epoch: [7/40], Step: [401/782], Loss: 0.2940385341644287
Rank:0 Epoch: [7/40], Step: [411/782], Loss: 0.433016300201416
Rank:0 Epoch: [7/40], Step: [421/782], Loss: 0.2854248881340027
Rank:0 Epoch: [7/40], Step: [431/782], Loss: 0.21280424296855927
Rank:0 Epoch: [7/40], Step: [441/782], Loss: 0.238538920879364
Rank:0 Epoch: [7/40], Step: [451/782], Loss: 0.2069689780473709
Rank:0 Epoch: [7/40], Step: [461/782], Loss: 0.3247664272785187
Rank:0 Epoch: [7/40], Step: [471/782], Loss: 0.5246587991714478
Rank:0 Epoch: [7/40], Step: [481/782], Loss: 0.5065072774887085
Rank:0 Epoch: [7/40], Step: [491/782], Loss: 0.16160030663013458
Rank:0 Epoch: [7/40], Step: [501/782], Loss: 0.19038112461566925
Rank:0 Epoch: [7/40], Step: [511/782], Loss: 0.2407890260219574
Rank:0 Epoch: [7/40], Step: [521/782], Loss: 0.4023788571357727
Rank:0 Epoch: [7/40], Step: [531/782], Loss: 0.22564275562763214
Rank:0 Epoch: [7/40], Step: [541/782], Loss: 0.07795441150665283
Rank:0 Epoch: [7/40], Step: [551/782], Loss: 0.28431785106658936
Rank:0 Epoch: [7/40], Step: [561/782], Loss: 0.22825324535369873
Rank:0 Epoch: [7/40], Step: [571/782], Loss: 0.281521737575531
Rank:0 Epoch: [7/40], Step: [581/782], Loss: 0.36354580521583557
Rank:0 Epoch: [7/40], Step: [591/782], Loss: 0.4471936523914337
Rank:0 Epoch: [7/40], Step: [601/782], Loss: 0.29394131898880005
Rank:0 Epoch: [7/40], Step: [611/782], Loss: 0.33194881677627563
Rank:0 Epoch: [7/40], Step: [621/782], Loss: 0.2891461253166199
Rank:0 Epoch: [7/40], Step: [631/782], Loss: 0.353030800819397
Rank:0 Epoch: [7/40], Step: [641/782], Loss: 0.3691699504852295
Rank:0 Epoch: [7/40], Step: [651/782], Loss: 0.1826688051223755
Rank:0 Epoch: [7/40], Step: [661/782], Loss: 0.12300452589988708
Rank:0 Epoch: [7/40], Step: [671/782], Loss: 0.27559271454811096
Rank:0 Epoch: [7/40], Step: [681/782], Loss: 0.3048136830329895
Rank:0 Epoch: [7/40], Step: [691/782], Loss: 0.2750816345214844
Rank:0 Epoch: [7/40], Step: [701/782], Loss: 0.3255392014980316
Rank:0 Epoch: [7/40], Step: [711/782], Loss: 0.2885374426841736
Rank:0 Epoch: [7/40], Step: [721/782], Loss: 0.2688073515892029
Rank:0 Epoch: [7/40], Step: [731/782], Loss: 0.4874705374240875
Rank:0 Epoch: [7/40], Step: [741/782], Loss: 0.4781709313392639
Rank:0 Epoch: [7/40], Step: [751/782], Loss: 0.25983521342277527
Rank:0 Epoch: [7/40], Step: [761/782], Loss: 0.2508281469345093
Rank:0 Epoch: [7/40], Step: [771/782], Loss: 0.294083833694458
Rank:0 Epoch: [7/40], Step: [781/782], Loss: 0.3332950472831726
Current Test Acc: 0.8706
Rank:0 Epoch: [8/40], Step: [1/782], Loss: 0.359345018863678
Rank:0 Epoch: [8/40], Step: [11/782], Loss: 0.2966635823249817
Rank:0 Epoch: [8/40], Step: [21/782], Loss: 0.25524017214775085
Rank:0 Epoch: [8/40], Step: [31/782], Loss: 0.31566697359085083
Rank:0 Epoch: [8/40], Step: [41/782], Loss: 0.40036702156066895
Rank:0 Epoch: [8/40], Step: [51/782], Loss: 0.1565648913383484
Rank:0 Epoch: [8/40], Step: [61/782], Loss: 0.230509415268898
Rank:0 Epoch: [8/40], Step: [71/782], Loss: 0.36640194058418274
Rank:0 Epoch: [8/40], Step: [81/782], Loss: 0.3274819552898407
Rank:0 Epoch: [8/40], Step: [91/782], Loss: 0.30159929394721985
Rank:0 Epoch: [8/40], Step: [101/782], Loss: 0.3912087380886078
Rank:0 Epoch: [8/40], Step: [111/782], Loss: 0.20603959262371063
Rank:0 Epoch: [8/40], Step: [121/782], Loss: 0.25933074951171875
Rank:0 Epoch: [8/40], Step: [131/782], Loss: 0.2331649363040924
Rank:0 Epoch: [8/40], Step: [141/782], Loss: 0.37600916624069214
Rank:0 Epoch: [8/40], Step: [151/782], Loss: 0.35242074728012085
Rank:0 Epoch: [8/40], Step: [161/782], Loss: 0.3436421751976013
Rank:0 Epoch: [8/40], Step: [171/782], Loss: 0.27623099088668823
Rank:0 Epoch: [8/40], Step: [181/782], Loss: 0.32037705183029175
Rank:0 Epoch: [8/40], Step: [191/782], Loss: 0.10970333963632584
Rank:0 Epoch: [8/40], Step: [201/782], Loss: 0.15834778547286987
Rank:0 Epoch: [8/40], Step: [211/782], Loss: 0.3574258089065552
Rank:0 Epoch: [8/40], Step: [221/782], Loss: 0.18061164021492004
Rank:0 Epoch: [8/40], Step: [231/782], Loss: 0.32058221101760864
Rank:0 Epoch: [8/40], Step: [241/782], Loss: 0.4848620295524597
Rank:0 Epoch: [8/40], Step: [251/782], Loss: 0.5687209963798523
Rank:0 Epoch: [8/40], Step: [261/782], Loss: 0.1916007697582245
Rank:0 Epoch: [8/40], Step: [271/782], Loss: 0.39385196566581726
Rank:0 Epoch: [8/40], Step: [281/782], Loss: 0.3522067368030548
Rank:0 Epoch: [8/40], Step: [291/782], Loss: 0.23070433735847473
Rank:0 Epoch: [8/40], Step: [301/782], Loss: 0.23316046595573425
Rank:0 Epoch: [8/40], Step: [311/782], Loss: 0.179545059800148
Rank:0 Epoch: [8/40], Step: [321/782], Loss: 0.21529731154441833
Rank:0 Epoch: [8/40], Step: [331/782], Loss: 0.30634427070617676
Rank:0 Epoch: [8/40], Step: [341/782], Loss: 0.4002920687198639
Rank:0 Epoch: [8/40], Step: [351/782], Loss: 0.21635055541992188
Rank:0 Epoch: [8/40], Step: [361/782], Loss: 0.2514127790927887
Rank:0 Epoch: [8/40], Step: [371/782], Loss: 0.22334448993206024
Rank:0 Epoch: [8/40], Step: [381/782], Loss: 0.2995626926422119
Rank:0 Epoch: [8/40], Step: [391/782], Loss: 0.4407815933227539
Rank:0 Epoch: [8/40], Step: [401/782], Loss: 0.22031106054782867
Rank:0 Epoch: [8/40], Step: [411/782], Loss: 0.21236786246299744
Rank:0 Epoch: [8/40], Step: [421/782], Loss: 0.17255403101444244
Rank:0 Epoch: [8/40], Step: [431/782], Loss: 0.1894063949584961
Rank:0 Epoch: [8/40], Step: [441/782], Loss: 0.47340503334999084
Rank:0 Epoch: [8/40], Step: [451/782], Loss: 0.4181700050830841
Rank:0 Epoch: [8/40], Step: [461/782], Loss: 0.25684696435928345
Rank:0 Epoch: [8/40], Step: [471/782], Loss: 0.24346160888671875
Rank:0 Epoch: [8/40], Step: [481/782], Loss: 0.3686113655567169
Rank:0 Epoch: [8/40], Step: [491/782], Loss: 0.5458502769470215
Rank:0 Epoch: [8/40], Step: [501/782], Loss: 0.3060489296913147
Rank:0 Epoch: [8/40], Step: [511/782], Loss: 0.26162517070770264
Rank:0 Epoch: [8/40], Step: [521/782], Loss: 0.39583906531333923
Rank:0 Epoch: [8/40], Step: [531/782], Loss: 0.7330207228660583
Rank:0 Epoch: [8/40], Step: [541/782], Loss: 0.41009601950645447
Rank:0 Epoch: [8/40], Step: [551/782], Loss: 0.35083118081092834
Rank:0 Epoch: [8/40], Step: [561/782], Loss: 0.4911145865917206
Rank:0 Epoch: [8/40], Step: [571/782], Loss: 0.39505892992019653
Rank:0 Epoch: [8/40], Step: [581/782], Loss: 0.33003920316696167
Rank:0 Epoch: [8/40], Step: [591/782], Loss: 0.2578275799751282
Rank:0 Epoch: [8/40], Step: [601/782], Loss: 0.23979638516902924
Rank:0 Epoch: [8/40], Step: [611/782], Loss: 0.2019536793231964
Rank:0 Epoch: [8/40], Step: [621/782], Loss: 0.2142522782087326
Rank:0 Epoch: [8/40], Step: [631/782], Loss: 0.41421663761138916
Rank:0 Epoch: [8/40], Step: [641/782], Loss: 0.4643656313419342
Rank:0 Epoch: [8/40], Step: [651/782], Loss: 0.4134531617164612
Rank:0 Epoch: [8/40], Step: [661/782], Loss: 0.3100307583808899
Rank:0 Epoch: [8/40], Step: [671/782], Loss: 0.3543661832809448
Rank:0 Epoch: [8/40], Step: [681/782], Loss: 0.24410705268383026
Rank:0 Epoch: [8/40], Step: [691/782], Loss: 0.28743448853492737
Rank:0 Epoch: [8/40], Step: [701/782], Loss: 0.39654460549354553
Rank:0 Epoch: [8/40], Step: [711/782], Loss: 0.30467939376831055
Rank:0 Epoch: [8/40], Step: [721/782], Loss: 0.403073787689209
Rank:0 Epoch: [8/40], Step: [731/782], Loss: 0.41424447298049927
Rank:0 Epoch: [8/40], Step: [741/782], Loss: 0.3139129877090454
Rank:0 Epoch: [8/40], Step: [751/782], Loss: 0.14164191484451294
Rank:0 Epoch: [8/40], Step: [761/782], Loss: 0.2704273760318756
Rank:0 Epoch: [8/40], Step: [771/782], Loss: 0.26869937777519226
Rank:0 Epoch: [8/40], Step: [781/782], Loss: 0.15973077714443207
Current Test Acc: 0.8656
Rank:0 Epoch: [9/40], Step: [1/782], Loss: 0.1592748910188675
Rank:0 Epoch: [9/40], Step: [11/782], Loss: 0.1254398375749588
Rank:0 Epoch: [9/40], Step: [21/782], Loss: 0.21011222898960114
Rank:0 Epoch: [9/40], Step: [31/782], Loss: 0.35476356744766235
Rank:0 Epoch: [9/40], Step: [41/782], Loss: 0.20543190836906433
Rank:0 Epoch: [9/40], Step: [51/782], Loss: 0.241657555103302
Rank:0 Epoch: [9/40], Step: [61/782], Loss: 0.18822123110294342
Rank:0 Epoch: [9/40], Step: [71/782], Loss: 0.3072498142719269
Rank:0 Epoch: [9/40], Step: [81/782], Loss: 0.18637093901634216
Rank:0 Epoch: [9/40], Step: [91/782], Loss: 0.5940050482749939
Rank:0 Epoch: [9/40], Step: [101/782], Loss: 0.1498858779668808
Rank:0 Epoch: [9/40], Step: [111/782], Loss: 0.3650195002555847
Rank:0 Epoch: [9/40], Step: [121/782], Loss: 0.21808692812919617
Rank:0 Epoch: [9/40], Step: [131/782], Loss: 0.3607788681983948
Rank:0 Epoch: [9/40], Step: [141/782], Loss: 0.19275978207588196
Rank:0 Epoch: [9/40], Step: [151/782], Loss: 0.1474638432264328
Rank:0 Epoch: [9/40], Step: [161/782], Loss: 0.24705876410007477
Rank:0 Epoch: [9/40], Step: [171/782], Loss: 0.27023187279701233
Rank:0 Epoch: [9/40], Step: [181/782], Loss: 0.30146464705467224
Rank:0 Epoch: [9/40], Step: [191/782], Loss: 0.2851938009262085
Rank:0 Epoch: [9/40], Step: [201/782], Loss: 0.3082689940929413
Rank:0 Epoch: [9/40], Step: [211/782], Loss: 0.40365785360336304
Rank:0 Epoch: [9/40], Step: [221/782], Loss: 0.262449711561203
Rank:0 Epoch: [9/40], Step: [231/782], Loss: 0.13314279913902283
Rank:0 Epoch: [9/40], Step: [241/782], Loss: 0.2794437110424042
Rank:0 Epoch: [9/40], Step: [251/782], Loss: 0.3755146861076355
Rank:0 Epoch: [9/40], Step: [261/782], Loss: 0.20062731206417084
Rank:0 Epoch: [9/40], Step: [271/782], Loss: 0.2214740812778473
Rank:0 Epoch: [9/40], Step: [281/782], Loss: 0.3477174639701843
Rank:0 Epoch: [9/40], Step: [291/782], Loss: 0.10233093053102493
Rank:0 Epoch: [9/40], Step: [301/782], Loss: 0.294882208108902
Rank:0 Epoch: [9/40], Step: [311/782], Loss: 0.29513615369796753
Rank:0 Epoch: [9/40], Step: [321/782], Loss: 0.2559620141983032
Rank:0 Epoch: [9/40], Step: [331/782], Loss: 0.3127560615539551
Rank:0 Epoch: [9/40], Step: [341/782], Loss: 0.30496731400489807
Rank:0 Epoch: [9/40], Step: [351/782], Loss: 0.20840077102184296
Rank:0 Epoch: [9/40], Step: [361/782], Loss: 0.39760705828666687
Rank:0 Epoch: [9/40], Step: [371/782], Loss: 0.12790897488594055
Rank:0 Epoch: [9/40], Step: [381/782], Loss: 0.10817664116621017
Rank:0 Epoch: [9/40], Step: [391/782], Loss: 0.22585046291351318
Rank:0 Epoch: [9/40], Step: [401/782], Loss: 0.18113160133361816
Rank:0 Epoch: [9/40], Step: [411/782], Loss: 0.20339719951152802
Rank:0 Epoch: [9/40], Step: [421/782], Loss: 0.3188210129737854
Rank:0 Epoch: [9/40], Step: [431/782], Loss: 0.22939768433570862
Rank:0 Epoch: [9/40], Step: [441/782], Loss: 0.24555110931396484
Rank:0 Epoch: [9/40], Step: [451/782], Loss: 0.2078077793121338
Rank:0 Epoch: [9/40], Step: [461/782], Loss: 0.4977516233921051
Rank:0 Epoch: [9/40], Step: [471/782], Loss: 0.27462223172187805
Rank:0 Epoch: [9/40], Step: [481/782], Loss: 0.18351346254348755
Rank:0 Epoch: [9/40], Step: [491/782], Loss: 0.17490187287330627
Rank:0 Epoch: [9/40], Step: [501/782], Loss: 0.09354164451360703
Rank:0 Epoch: [9/40], Step: [511/782], Loss: 0.28104594349861145
Rank:0 Epoch: [9/40], Step: [521/782], Loss: 0.2798527479171753
Rank:0 Epoch: [9/40], Step: [531/782], Loss: 0.382943719625473
Rank:0 Epoch: [9/40], Step: [541/782], Loss: 0.3087759017944336
Rank:0 Epoch: [9/40], Step: [551/782], Loss: 0.32973596453666687
Rank:0 Epoch: [9/40], Step: [561/782], Loss: 0.2001400589942932
Rank:0 Epoch: [9/40], Step: [571/782], Loss: 0.201665997505188
Rank:0 Epoch: [9/40], Step: [581/782], Loss: 0.2935291528701782
Rank:0 Epoch: [9/40], Step: [591/782], Loss: 0.22210778295993805
Rank:0 Epoch: [9/40], Step: [601/782], Loss: 0.2900793254375458
Rank:0 Epoch: [9/40], Step: [611/782], Loss: 0.3620735704898834
Rank:0 Epoch: [9/40], Step: [621/782], Loss: 0.22927545011043549
Rank:0 Epoch: [9/40], Step: [631/782], Loss: 0.17758895456790924
Rank:0 Epoch: [9/40], Step: [641/782], Loss: 0.2564464807510376
Rank:0 Epoch: [9/40], Step: [651/782], Loss: 0.2557538151741028
Rank:0 Epoch: [9/40], Step: [661/782], Loss: 0.18503190577030182
Rank:0 Epoch: [9/40], Step: [671/782], Loss: 0.2055320292711258
Rank:0 Epoch: [9/40], Step: [681/782], Loss: 0.22166331112384796
Rank:0 Epoch: [9/40], Step: [691/782], Loss: 0.36579465866088867
Rank:0 Epoch: [9/40], Step: [701/782], Loss: 0.20463071763515472
Rank:0 Epoch: [9/40], Step: [711/782], Loss: 0.29440242052078247
Rank:0 Epoch: [9/40], Step: [721/782], Loss: 0.29377514123916626
Rank:0 Epoch: [9/40], Step: [731/782], Loss: 0.4077053368091583
Rank:0 Epoch: [9/40], Step: [741/782], Loss: 0.23074840009212494
Rank:0 Epoch: [9/40], Step: [751/782], Loss: 0.4066290557384491
Rank:0 Epoch: [9/40], Step: [761/782], Loss: 0.28734830021858215
Rank:0 Epoch: [9/40], Step: [771/782], Loss: 0.29163533449172974
Rank:0 Epoch: [9/40], Step: [781/782], Loss: 0.2084047645330429
Current Test Acc: 0.8519
Rank:0 Epoch: [10/40], Step: [1/782], Loss: 0.27986088395118713
Rank:0 Epoch: [10/40], Step: [11/782], Loss: 0.3355157673358917
Rank:0 Epoch: [10/40], Step: [21/782], Loss: 0.19661210477352142
Rank:0 Epoch: [10/40], Step: [31/782], Loss: 0.1556808054447174
Rank:0 Epoch: [10/40], Step: [41/782], Loss: 0.36553746461868286
Rank:0 Epoch: [10/40], Step: [51/782], Loss: 0.3847208321094513
Rank:0 Epoch: [10/40], Step: [61/782], Loss: 0.18775184452533722
Rank:0 Epoch: [10/40], Step: [71/782], Loss: 0.29419660568237305
Rank:0 Epoch: [10/40], Step: [81/782], Loss: 0.15050077438354492
Rank:0 Epoch: [10/40], Step: [91/782], Loss: 0.170282244682312
Rank:0 Epoch: [10/40], Step: [101/782], Loss: 0.1815871000289917
Rank:0 Epoch: [10/40], Step: [111/782], Loss: 0.27826714515686035
Rank:0 Epoch: [10/40], Step: [121/782], Loss: 0.23988240957260132
Rank:0 Epoch: [10/40], Step: [131/782], Loss: 0.1423766314983368
Rank:0 Epoch: [10/40], Step: [141/782], Loss: 0.19144952297210693
Rank:0 Epoch: [10/40], Step: [151/782], Loss: 0.10266777127981186
Rank:0 Epoch: [10/40], Step: [161/782], Loss: 0.23543989658355713
Rank:0 Epoch: [10/40], Step: [171/782], Loss: 0.3036327362060547
Rank:0 Epoch: [10/40], Step: [181/782], Loss: 0.22884346544742584
Rank:0 Epoch: [10/40], Step: [191/782], Loss: 0.2994777262210846
Rank:0 Epoch: [10/40], Step: [201/782], Loss: 0.27618011832237244
Rank:0 Epoch: [10/40], Step: [211/782], Loss: 0.3563660979270935
Rank:0 Epoch: [10/40], Step: [221/782], Loss: 0.2015002965927124
Rank:0 Epoch: [10/40], Step: [231/782], Loss: 0.32026517391204834
Rank:0 Epoch: [10/40], Step: [241/782], Loss: 0.2025415599346161
Rank:0 Epoch: [10/40], Step: [251/782], Loss: 0.35094645619392395
Rank:0 Epoch: [10/40], Step: [261/782], Loss: 0.26499223709106445
Rank:0 Epoch: [10/40], Step: [271/782], Loss: 0.2684680223464966
Rank:0 Epoch: [10/40], Step: [281/782], Loss: 0.14674484729766846
Rank:0 Epoch: [10/40], Step: [291/782], Loss: 0.12214268743991852
Rank:0 Epoch: [10/40], Step: [301/782], Loss: 0.34139248728752136
Rank:0 Epoch: [10/40], Step: [311/782], Loss: 0.1941433697938919
Rank:0 Epoch: [10/40], Step: [321/782], Loss: 0.39669641852378845
Rank:0 Epoch: [10/40], Step: [331/782], Loss: 0.2684386968612671
Rank:0 Epoch: [10/40], Step: [341/782], Loss: 0.28186050057411194
Rank:0 Epoch: [10/40], Step: [351/782], Loss: 0.341670960187912
Rank:0 Epoch: [10/40], Step: [361/782], Loss: 0.14211104810237885
Rank:0 Epoch: [10/40], Step: [371/782], Loss: 0.2324073314666748
Rank:0 Epoch: [10/40], Step: [381/782], Loss: 0.5740154981613159
Rank:0 Epoch: [10/40], Step: [391/782], Loss: 0.4723653495311737
Rank:0 Epoch: [10/40], Step: [401/782], Loss: 0.37266039848327637
Rank:0 Epoch: [10/40], Step: [411/782], Loss: 0.3969520032405853
Rank:0 Epoch: [10/40], Step: [421/782], Loss: 0.2535354495048523
Rank:0 Epoch: [10/40], Step: [431/782], Loss: 0.20394554734230042
Rank:0 Epoch: [10/40], Step: [441/782], Loss: 0.1699904203414917
Rank:0 Epoch: [10/40], Step: [451/782], Loss: 0.33451053500175476
Rank:0 Epoch: [10/40], Step: [461/782], Loss: 0.3793753981590271
Rank:0 Epoch: [10/40], Step: [471/782], Loss: 0.3104936182498932
Rank:0 Epoch: [10/40], Step: [481/782], Loss: 0.29198166728019714
Rank:0 Epoch: [10/40], Step: [491/782], Loss: 0.207802414894104
Rank:0 Epoch: [10/40], Step: [501/782], Loss: 0.16846859455108643
Rank:0 Epoch: [10/40], Step: [511/782], Loss: 0.250298410654068
Rank:0 Epoch: [10/40], Step: [521/782], Loss: 0.2132415920495987
Rank:0 Epoch: [10/40], Step: [531/782], Loss: 0.4878873825073242
Rank:0 Epoch: [10/40], Step: [541/782], Loss: 0.23619091510772705
Rank:0 Epoch: [10/40], Step: [551/782], Loss: 0.3926251530647278
Rank:0 Epoch: [10/40], Step: [561/782], Loss: 0.24609781801700592
Rank:0 Epoch: [10/40], Step: [571/782], Loss: 0.1824570596218109
Rank:0 Epoch: [10/40], Step: [581/782], Loss: 0.24868987500667572
Rank:0 Epoch: [10/40], Step: [591/782], Loss: 0.24593156576156616
Rank:0 Epoch: [10/40], Step: [601/782], Loss: 0.33595117926597595
Rank:0 Epoch: [10/40], Step: [611/782], Loss: 0.37192878127098083
Rank:0 Epoch: [10/40], Step: [621/782], Loss: 0.459384560585022
Rank:0 Epoch: [10/40], Step: [631/782], Loss: 0.4511173665523529
Rank:0 Epoch: [10/40], Step: [641/782], Loss: 0.4223989248275757
Rank:0 Epoch: [10/40], Step: [651/782], Loss: 0.2736557126045227
Rank:0 Epoch: [10/40], Step: [661/782], Loss: 0.4528019428253174
Rank:0 Epoch: [10/40], Step: [671/782], Loss: 0.2950587868690491
Rank:0 Epoch: [10/40], Step: [681/782], Loss: 0.20065942406654358
Rank:0 Epoch: [10/40], Step: [691/782], Loss: 0.21932214498519897
Rank:0 Epoch: [10/40], Step: [701/782], Loss: 0.3606821596622467
Rank:0 Epoch: [10/40], Step: [711/782], Loss: 0.18972554802894592
Rank:0 Epoch: [10/40], Step: [721/782], Loss: 0.2646764814853668
Rank:0 Epoch: [10/40], Step: [731/782], Loss: 0.2917860150337219
Rank:0 Epoch: [10/40], Step: [741/782], Loss: 0.18002501130104065
Rank:0 Epoch: [10/40], Step: [751/782], Loss: 0.22808188199996948
Rank:0 Epoch: [10/40], Step: [761/782], Loss: 0.14058588445186615
Rank:0 Epoch: [10/40], Step: [771/782], Loss: 0.25710517168045044
Rank:0 Epoch: [10/40], Step: [781/782], Loss: 0.17605651915073395
Current Test Acc: 0.8699
Rank:0 Epoch: [11/40], Step: [1/782], Loss: 0.5336436033248901
Rank:0 Epoch: [11/40], Step: [11/782], Loss: 0.1944294571876526
Rank:0 Epoch: [11/40], Step: [21/782], Loss: 0.2841317653656006
Rank:0 Epoch: [11/40], Step: [31/782], Loss: 0.18361489474773407
Rank:0 Epoch: [11/40], Step: [41/782], Loss: 0.19842109084129333
Rank:0 Epoch: [11/40], Step: [51/782], Loss: 0.07914429903030396
Rank:0 Epoch: [11/40], Step: [61/782], Loss: 0.2738622725009918
Rank:0 Epoch: [11/40], Step: [71/782], Loss: 0.2600347697734833
Rank:0 Epoch: [11/40], Step: [81/782], Loss: 0.16667862236499786
Rank:0 Epoch: [11/40], Step: [91/782], Loss: 0.289372056722641
Rank:0 Epoch: [11/40], Step: [101/782], Loss: 0.3019750118255615
Rank:0 Epoch: [11/40], Step: [111/782], Loss: 0.24065442383289337
Rank:0 Epoch: [11/40], Step: [121/782], Loss: 0.17416751384735107
Rank:0 Epoch: [11/40], Step: [131/782], Loss: 0.22047097980976105
Rank:0 Epoch: [11/40], Step: [141/782], Loss: 0.28576764464378357
Rank:0 Epoch: [11/40], Step: [151/782], Loss: 0.18435221910476685
Rank:0 Epoch: [11/40], Step: [161/782], Loss: 0.30974864959716797
Rank:0 Epoch: [11/40], Step: [171/782], Loss: 0.41027843952178955
Rank:0 Epoch: [11/40], Step: [181/782], Loss: 0.3714939057826996
Rank:0 Epoch: [11/40], Step: [191/782], Loss: 0.3284364640712738
Rank:0 Epoch: [11/40], Step: [201/782], Loss: 0.25272896885871887
Rank:0 Epoch: [11/40], Step: [211/782], Loss: 0.4017208218574524
Rank:0 Epoch: [11/40], Step: [221/782], Loss: 0.4031682014465332
Rank:0 Epoch: [11/40], Step: [231/782], Loss: 0.29237693548202515
Rank:0 Epoch: [11/40], Step: [241/782], Loss: 0.21296033263206482
Rank:0 Epoch: [11/40], Step: [251/782], Loss: 0.20397885143756866
Rank:0 Epoch: [11/40], Step: [261/782], Loss: 0.19590987265110016
Rank:0 Epoch: [11/40], Step: [271/782], Loss: 0.13500870764255524
Rank:0 Epoch: [11/40], Step: [281/782], Loss: 0.20862089097499847
Rank:0 Epoch: [11/40], Step: [291/782], Loss: 0.23131220042705536
Rank:0 Epoch: [11/40], Step: [301/782], Loss: 0.11633333563804626
Rank:0 Epoch: [11/40], Step: [311/782], Loss: 0.3619636297225952
Rank:0 Epoch: [11/40], Step: [321/782], Loss: 0.35140421986579895
Rank:0 Epoch: [11/40], Step: [331/782], Loss: 0.31718939542770386
Rank:0 Epoch: [11/40], Step: [341/782], Loss: 0.2603491246700287
Rank:0 Epoch: [11/40], Step: [351/782], Loss: 0.35285335779190063
Rank:0 Epoch: [11/40], Step: [361/782], Loss: 0.17878292500972748
Rank:0 Epoch: [11/40], Step: [371/782], Loss: 0.30583253502845764
Rank:0 Epoch: [11/40], Step: [381/782], Loss: 0.2583127021789551
Rank:0 Epoch: [11/40], Step: [391/782], Loss: 0.19054283201694489
Rank:0 Epoch: [11/40], Step: [401/782], Loss: 0.20690420269966125
Rank:0 Epoch: [11/40], Step: [411/782], Loss: 0.13890384137630463
Rank:0 Epoch: [11/40], Step: [421/782], Loss: 0.22757159173488617
Rank:0 Epoch: [11/40], Step: [431/782], Loss: 0.42499226331710815
Rank:0 Epoch: [11/40], Step: [441/782], Loss: 0.4241792857646942
Rank:0 Epoch: [11/40], Step: [451/782], Loss: 0.27348247170448303
Rank:0 Epoch: [11/40], Step: [461/782], Loss: 0.30080604553222656
Rank:0 Epoch: [11/40], Step: [471/782], Loss: 0.2870062589645386
Rank:0 Epoch: [11/40], Step: [481/782], Loss: 0.2865884304046631
Rank:0 Epoch: [11/40], Step: [491/782], Loss: 0.4115521311759949
Rank:0 Epoch: [11/40], Step: [501/782], Loss: 0.33237552642822266
Rank:0 Epoch: [11/40], Step: [511/782], Loss: 0.21370169520378113
Rank:0 Epoch: [11/40], Step: [521/782], Loss: 0.20187336206436157
Rank:0 Epoch: [11/40], Step: [531/782], Loss: 0.37720176577568054
Rank:0 Epoch: [11/40], Step: [541/782], Loss: 0.18612101674079895
Rank:0 Epoch: [11/40], Step: [551/782], Loss: 0.32575008273124695
Rank:0 Epoch: [11/40], Step: [561/782], Loss: 0.24345186352729797
Rank:0 Epoch: [11/40], Step: [571/782], Loss: 0.21520741283893585
Rank:0 Epoch: [11/40], Step: [581/782], Loss: 0.2423906773328781
Rank:0 Epoch: [11/40], Step: [591/782], Loss: 0.20318038761615753
Rank:0 Epoch: [11/40], Step: [601/782], Loss: 0.3630701005458832
Rank:0 Epoch: [11/40], Step: [611/782], Loss: 0.28373947739601135
Rank:0 Epoch: [11/40], Step: [621/782], Loss: 0.32906654477119446
Rank:0 Epoch: [11/40], Step: [631/782], Loss: 0.3324975371360779
Rank:0 Epoch: [11/40], Step: [641/782], Loss: 0.42026689648628235
Rank:0 Epoch: [11/40], Step: [651/782], Loss: 0.3316193222999573
Rank:0 Epoch: [11/40], Step: [661/782], Loss: 0.24039888381958008
Rank:0 Epoch: [11/40], Step: [671/782], Loss: 0.2727513611316681
Rank:0 Epoch: [11/40], Step: [681/782], Loss: 0.32868248224258423
Rank:0 Epoch: [11/40], Step: [691/782], Loss: 0.4468618631362915
Rank:0 Epoch: [11/40], Step: [701/782], Loss: 0.3002645671367645
Rank:0 Epoch: [11/40], Step: [711/782], Loss: 0.2340850681066513
Rank:0 Epoch: [11/40], Step: [721/782], Loss: 0.21356183290481567
Rank:0 Epoch: [11/40], Step: [731/782], Loss: 0.22901791334152222
Rank:0 Epoch: [11/40], Step: [741/782], Loss: 0.1866777241230011
Rank:0 Epoch: [11/40], Step: [751/782], Loss: 0.2509474754333496
Rank:0 Epoch: [11/40], Step: [761/782], Loss: 0.2859397828578949
Rank:0 Epoch: [11/40], Step: [771/782], Loss: 0.3129083514213562
Rank:0 Epoch: [11/40], Step: [781/782], Loss: 0.11876080930233002
Current Test Acc: 0.8679
Rank:0 Epoch: [12/40], Step: [1/782], Loss: 0.2819257378578186
Rank:0 Epoch: [12/40], Step: [11/782], Loss: 0.3213389217853546
Rank:0 Epoch: [12/40], Step: [21/782], Loss: 0.2991207242012024
Rank:0 Epoch: [12/40], Step: [31/782], Loss: 0.276715487241745
Rank:0 Epoch: [12/40], Step: [41/782], Loss: 0.3616578280925751
Rank:0 Epoch: [12/40], Step: [51/782], Loss: 0.25737130641937256
Rank:0 Epoch: [12/40], Step: [61/782], Loss: 0.1723284125328064
Rank:0 Epoch: [12/40], Step: [71/782], Loss: 0.2914687991142273
Rank:0 Epoch: [12/40], Step: [81/782], Loss: 0.1318788081407547
Rank:0 Epoch: [12/40], Step: [91/782], Loss: 0.23903319239616394
Rank:0 Epoch: [12/40], Step: [101/782], Loss: 0.16907377541065216
Rank:0 Epoch: [12/40], Step: [111/782], Loss: 0.16682356595993042
Rank:0 Epoch: [12/40], Step: [121/782], Loss: 0.3212672770023346
Rank:0 Epoch: [12/40], Step: [131/782], Loss: 0.2132389098405838
Rank:0 Epoch: [12/40], Step: [141/782], Loss: 0.27934521436691284
Rank:0 Epoch: [12/40], Step: [151/782], Loss: 0.2992883026599884
Rank:0 Epoch: [12/40], Step: [161/782], Loss: 0.382510781288147
Rank:0 Epoch: [12/40], Step: [171/782], Loss: 0.357010155916214
Rank:0 Epoch: [12/40], Step: [181/782], Loss: 0.2452518492937088
Rank:0 Epoch: [12/40], Step: [191/782], Loss: 0.27084845304489136
Rank:0 Epoch: [12/40], Step: [201/782], Loss: 0.09931868314743042
Rank:0 Epoch: [12/40], Step: [211/782], Loss: 0.10934756696224213
Rank:0 Epoch: [12/40], Step: [221/782], Loss: 0.454410582780838
Rank:0 Epoch: [12/40], Step: [231/782], Loss: 0.40692809224128723
Rank:0 Epoch: [12/40], Step: [241/782], Loss: 0.30033886432647705
Rank:0 Epoch: [12/40], Step: [251/782], Loss: 0.19933268427848816
Rank:0 Epoch: [12/40], Step: [261/782], Loss: 0.3099181056022644
Rank:0 Epoch: [12/40], Step: [271/782], Loss: 0.16374358534812927
Rank:0 Epoch: [12/40], Step: [281/782], Loss: 0.22364020347595215
Rank:0 Epoch: [12/40], Step: [291/782], Loss: 0.4291546046733856
Rank:0 Epoch: [12/40], Step: [301/782], Loss: 0.45154547691345215
Rank:0 Epoch: [12/40], Step: [311/782], Loss: 0.19940820336341858
Rank:0 Epoch: [12/40], Step: [321/782], Loss: 0.0951540470123291
Rank:0 Epoch: [12/40], Step: [331/782], Loss: 0.5360376834869385
Rank:0 Epoch: [12/40], Step: [341/782], Loss: 0.3976067006587982
Rank:0 Epoch: [12/40], Step: [351/782], Loss: 0.30430877208709717
Rank:0 Epoch: [12/40], Step: [361/782], Loss: 0.36609479784965515
Rank:0 Epoch: [12/40], Step: [371/782], Loss: 0.3668631613254547
Rank:0 Epoch: [12/40], Step: [381/782], Loss: 0.2795020639896393
Rank:0 Epoch: [12/40], Step: [391/782], Loss: 0.3314356207847595
Rank:0 Epoch: [12/40], Step: [401/782], Loss: 0.20132769644260406
Rank:0 Epoch: [12/40], Step: [411/782], Loss: 0.7590398788452148
Rank:0 Epoch: [12/40], Step: [421/782], Loss: 0.18528880178928375
Rank:0 Epoch: [12/40], Step: [431/782], Loss: 0.4223748743534088
Rank:0 Epoch: [12/40], Step: [441/782], Loss: 0.3048016428947449
Rank:0 Epoch: [12/40], Step: [451/782], Loss: 0.19929711520671844
Rank:0 Epoch: [12/40], Step: [461/782], Loss: 0.25542783737182617
Rank:0 Epoch: [12/40], Step: [471/782], Loss: 0.2379349023103714
Rank:0 Epoch: [12/40], Step: [481/782], Loss: 0.18707963824272156
Rank:0 Epoch: [12/40], Step: [491/782], Loss: 0.33508405089378357
Rank:0 Epoch: [12/40], Step: [501/782], Loss: 0.2798038423061371
Rank:0 Epoch: [12/40], Step: [511/782], Loss: 0.28752148151397705
Rank:0 Epoch: [12/40], Step: [521/782], Loss: 0.3015851676464081
Rank:0 Epoch: [12/40], Step: [531/782], Loss: 0.34490767121315
Rank:0 Epoch: [12/40], Step: [541/782], Loss: 0.2659633159637451
Rank:0 Epoch: [12/40], Step: [551/782], Loss: 0.42241519689559937
Rank:0 Epoch: [12/40], Step: [561/782], Loss: 0.20303085446357727
Rank:0 Epoch: [12/40], Step: [571/782], Loss: 0.20140185952186584
Rank:0 Epoch: [12/40], Step: [581/782], Loss: 0.31548768281936646
Rank:0 Epoch: [12/40], Step: [591/782], Loss: 0.17061848938465118
Rank:0 Epoch: [12/40], Step: [601/782], Loss: 0.21128883957862854
Rank:0 Epoch: [12/40], Step: [611/782], Loss: 0.09163755178451538
Rank:0 Epoch: [12/40], Step: [621/782], Loss: 0.21834920346736908
Rank:0 Epoch: [12/40], Step: [631/782], Loss: 0.35872551798820496
Rank:0 Epoch: [12/40], Step: [641/782], Loss: 0.19491375982761383
Rank:0 Epoch: [12/40], Step: [651/782], Loss: 0.23155398666858673
Rank:0 Epoch: [12/40], Step: [661/782], Loss: 0.30118057131767273
Rank:0 Epoch: [12/40], Step: [671/782], Loss: 0.28151094913482666
Rank:0 Epoch: [12/40], Step: [681/782], Loss: 0.3270060122013092
Rank:0 Epoch: [12/40], Step: [691/782], Loss: 0.17318999767303467
Rank:0 Epoch: [12/40], Step: [701/782], Loss: 0.32006576657295227
Rank:0 Epoch: [12/40], Step: [711/782], Loss: 0.41343608498573303
Rank:0 Epoch: [12/40], Step: [721/782], Loss: 0.27060917019844055
Rank:0 Epoch: [12/40], Step: [731/782], Loss: 0.2313448041677475
Rank:0 Epoch: [12/40], Step: [741/782], Loss: 0.20249205827713013
Rank:0 Epoch: [12/40], Step: [751/782], Loss: 0.3995349407196045
Rank:0 Epoch: [12/40], Step: [761/782], Loss: 0.2739430069923401
Rank:0 Epoch: [12/40], Step: [771/782], Loss: 0.2865860164165497
Rank:0 Epoch: [12/40], Step: [781/782], Loss: 0.21210798621177673
Current Test Acc: 0.8674
Rank:0 Epoch: [13/40], Step: [1/782], Loss: 0.4087204337120056
Rank:0 Epoch: [13/40], Step: [11/782], Loss: 0.37257659435272217
Rank:0 Epoch: [13/40], Step: [21/782], Loss: 0.2271636575460434
Rank:0 Epoch: [13/40], Step: [31/782], Loss: 0.25577226281166077
Rank:0 Epoch: [13/40], Step: [41/782], Loss: 0.294408917427063
Rank:0 Epoch: [13/40], Step: [51/782], Loss: 0.21948376297950745
Rank:0 Epoch: [13/40], Step: [61/782], Loss: 0.24446702003479004
Rank:0 Epoch: [13/40], Step: [71/782], Loss: 0.3945598900318146
Rank:0 Epoch: [13/40], Step: [81/782], Loss: 0.16621215641498566
Rank:0 Epoch: [13/40], Step: [91/782], Loss: 0.27404049038887024
Rank:0 Epoch: [13/40], Step: [101/782], Loss: 0.1185838133096695
Rank:0 Epoch: [13/40], Step: [111/782], Loss: 0.25603070855140686
Rank:0 Epoch: [13/40], Step: [121/782], Loss: 0.21996763348579407
Rank:0 Epoch: [13/40], Step: [131/782], Loss: 0.36197373270988464
Rank:0 Epoch: [13/40], Step: [141/782], Loss: 0.2897242605686188
Rank:0 Epoch: [13/40], Step: [151/782], Loss: 0.17639048397541046
Rank:0 Epoch: [13/40], Step: [161/782], Loss: 0.15244978666305542
Rank:0 Epoch: [13/40], Step: [171/782], Loss: 0.1690656989812851
Rank:0 Epoch: [13/40], Step: [181/782], Loss: 0.2819083333015442
Rank:0 Epoch: [13/40], Step: [191/782], Loss: 0.2401140332221985
Rank:0 Epoch: [13/40], Step: [201/782], Loss: 0.25480687618255615
Rank:0 Epoch: [13/40], Step: [211/782], Loss: 0.3969079256057739
Rank:0 Epoch: [13/40], Step: [221/782], Loss: 0.23449788987636566
Rank:0 Epoch: [13/40], Step: [231/782], Loss: 0.25004106760025024
Rank:0 Epoch: [13/40], Step: [241/782], Loss: 0.3534601628780365
Rank:0 Epoch: [13/40], Step: [251/782], Loss: 0.12209726870059967
Rank:0 Epoch: [13/40], Step: [261/782], Loss: 0.36331573128700256
Rank:0 Epoch: [13/40], Step: [271/782], Loss: 0.19582614302635193
Rank:0 Epoch: [13/40], Step: [281/782], Loss: 0.2929067611694336
Rank:0 Epoch: [13/40], Step: [291/782], Loss: 0.24708335101604462
Rank:0 Epoch: [13/40], Step: [301/782], Loss: 0.19460178911685944
Rank:0 Epoch: [13/40], Step: [311/782], Loss: 0.18079188466072083
Rank:0 Epoch: [13/40], Step: [321/782], Loss: 0.3541758954524994
Rank:0 Epoch: [13/40], Step: [331/782], Loss: 0.39697399735450745
Rank:0 Epoch: [13/40], Step: [341/782], Loss: 0.12804636359214783
Rank:0 Epoch: [13/40], Step: [351/782], Loss: 0.4314843714237213
Rank:0 Epoch: [13/40], Step: [361/782], Loss: 0.2775944173336029
Rank:0 Epoch: [13/40], Step: [371/782], Loss: 0.3306618928909302
Rank:0 Epoch: [13/40], Step: [381/782], Loss: 0.34167978167533875
Rank:0 Epoch: [13/40], Step: [391/782], Loss: 0.2483396828174591
Rank:0 Epoch: [13/40], Step: [401/782], Loss: 0.39038872718811035
Rank:0 Epoch: [13/40], Step: [411/782], Loss: 0.49605920910835266
Rank:0 Epoch: [13/40], Step: [421/782], Loss: 0.22487570345401764
Rank:0 Epoch: [13/40], Step: [431/782], Loss: 0.09859412163496017
Rank:0 Epoch: [13/40], Step: [441/782], Loss: 0.2645570635795593
Rank:0 Epoch: [13/40], Step: [451/782], Loss: 0.16382457315921783
Rank:0 Epoch: [13/40], Step: [461/782], Loss: 0.22769643366336823
Rank:0 Epoch: [13/40], Step: [471/782], Loss: 0.23751673102378845
Rank:0 Epoch: [13/40], Step: [481/782], Loss: 0.12277846783399582
Rank:0 Epoch: [13/40], Step: [491/782], Loss: 0.19951064884662628
Rank:0 Epoch: [13/40], Step: [501/782], Loss: 0.19223131239414215
Rank:0 Epoch: [13/40], Step: [511/782], Loss: 0.22970108687877655
Rank:0 Epoch: [13/40], Step: [521/782], Loss: 0.1265116184949875
Rank:0 Epoch: [13/40], Step: [531/782], Loss: 0.28297847509384155
Rank:0 Epoch: [13/40], Step: [541/782], Loss: 0.35640132427215576
Rank:0 Epoch: [13/40], Step: [551/782], Loss: 0.3459097146987915
Rank:0 Epoch: [13/40], Step: [561/782], Loss: 0.2730100750923157
Rank:0 Epoch: [13/40], Step: [571/782], Loss: 0.29707083106040955
Rank:0 Epoch: [13/40], Step: [581/782], Loss: 0.14008866250514984
Rank:0 Epoch: [13/40], Step: [591/782], Loss: 0.1990162432193756
Rank:0 Epoch: [13/40], Step: [601/782], Loss: 0.2919820249080658
Rank:0 Epoch: [13/40], Step: [611/782], Loss: 0.11058112978935242
Rank:0 Epoch: [13/40], Step: [621/782], Loss: 0.3553178906440735
Rank:0 Epoch: [13/40], Step: [631/782], Loss: 0.37428393959999084
Rank:0 Epoch: [13/40], Step: [641/782], Loss: 0.2637135088443756
Rank:0 Epoch: [13/40], Step: [651/782], Loss: 0.19575506448745728
Rank:0 Epoch: [13/40], Step: [661/782], Loss: 0.32838135957717896
Rank:0 Epoch: [13/40], Step: [671/782], Loss: 0.29090791940689087
Rank:0 Epoch: [13/40], Step: [681/782], Loss: 0.23973344266414642
Rank:0 Epoch: [13/40], Step: [691/782], Loss: 0.1474536955356598
Rank:0 Epoch: [13/40], Step: [701/782], Loss: 0.4161930978298187
Rank:0 Epoch: [13/40], Step: [711/782], Loss: 0.20266146957874298
Rank:0 Epoch: [13/40], Step: [721/782], Loss: 0.1822049915790558
Rank:0 Epoch: [13/40], Step: [731/782], Loss: 0.3761669397354126
Rank:0 Epoch: [13/40], Step: [741/782], Loss: 0.32059600949287415
Rank:0 Epoch: [13/40], Step: [751/782], Loss: 0.3165287971496582
Rank:0 Epoch: [13/40], Step: [761/782], Loss: 0.3577249348163605
Rank:0 Epoch: [13/40], Step: [771/782], Loss: 0.28368788957595825
Rank:0 Epoch: [13/40], Step: [781/782], Loss: 0.22029201686382294
Current Test Acc: 0.8413
Rank:0 Epoch: [14/40], Step: [1/782], Loss: 0.3758077919483185
Rank:0 Epoch: [14/40], Step: [11/782], Loss: 0.4981083571910858
Rank:0 Epoch: [14/40], Step: [21/782], Loss: 0.10209837555885315
Rank:0 Epoch: [14/40], Step: [31/782], Loss: 0.2199874073266983
Rank:0 Epoch: [14/40], Step: [41/782], Loss: 0.2487712800502777
Rank:0 Epoch: [14/40], Step: [51/782], Loss: 0.15784446895122528
Rank:0 Epoch: [14/40], Step: [61/782], Loss: 0.3227572441101074
Rank:0 Epoch: [14/40], Step: [71/782], Loss: 0.5119290351867676
Rank:0 Epoch: [14/40], Step: [81/782], Loss: 0.35596609115600586
Rank:0 Epoch: [14/40], Step: [91/782], Loss: 0.15099389851093292
Rank:0 Epoch: [14/40], Step: [101/782], Loss: 0.10371540486812592
Rank:0 Epoch: [14/40], Step: [111/782], Loss: 0.6831722855567932
Rank:0 Epoch: [14/40], Step: [121/782], Loss: 0.3235783278942108
Rank:0 Epoch: [14/40], Step: [131/782], Loss: 0.09355904161930084
Rank:0 Epoch: [14/40], Step: [141/782], Loss: 0.20844192802906036
Rank:0 Epoch: [14/40], Step: [151/782], Loss: 0.4340853691101074
Rank:0 Epoch: [14/40], Step: [161/782], Loss: 0.33411741256713867
Rank:0 Epoch: [14/40], Step: [171/782], Loss: 0.22716620564460754
Rank:0 Epoch: [14/40], Step: [181/782], Loss: 0.20131957530975342
Rank:0 Epoch: [14/40], Step: [191/782], Loss: 0.14461353421211243
Rank:0 Epoch: [14/40], Step: [201/782], Loss: 0.12664814293384552
Rank:0 Epoch: [14/40], Step: [211/782], Loss: 0.3166601359844208
Rank:0 Epoch: [14/40], Step: [221/782], Loss: 0.24020810425281525
Rank:0 Epoch: [14/40], Step: [231/782], Loss: 0.3373924195766449
Rank:0 Epoch: [14/40], Step: [241/782], Loss: 0.1928451955318451
Rank:0 Epoch: [14/40], Step: [251/782], Loss: 0.2629404366016388
Rank:0 Epoch: [14/40], Step: [261/782], Loss: 0.3142908215522766
Rank:0 Epoch: [14/40], Step: [271/782], Loss: 0.2939809560775757
Rank:0 Epoch: [14/40], Step: [281/782], Loss: 0.17769385874271393
Rank:0 Epoch: [14/40], Step: [291/782], Loss: 0.22386914491653442
Rank:0 Epoch: [14/40], Step: [301/782], Loss: 0.3090343773365021
Rank:0 Epoch: [14/40], Step: [311/782], Loss: 0.28221970796585083
Rank:0 Epoch: [14/40], Step: [321/782], Loss: 0.2333277314901352
Rank:0 Epoch: [14/40], Step: [331/782], Loss: 0.19482098519802094
Rank:0 Epoch: [14/40], Step: [341/782], Loss: 0.393161803483963
Rank:0 Epoch: [14/40], Step: [351/782], Loss: 0.2604922652244568
Rank:0 Epoch: [14/40], Step: [361/782], Loss: 0.21489334106445312
Rank:0 Epoch: [14/40], Step: [371/782], Loss: 0.25290513038635254
Rank:0 Epoch: [14/40], Step: [381/782], Loss: 0.3332623839378357
Rank:0 Epoch: [14/40], Step: [391/782], Loss: 0.2391841858625412
Rank:0 Epoch: [14/40], Step: [401/782], Loss: 0.2592536509037018
Rank:0 Epoch: [14/40], Step: [411/782], Loss: 0.2211041897535324
Rank:0 Epoch: [14/40], Step: [421/782], Loss: 0.21281029284000397
Rank:0 Epoch: [14/40], Step: [431/782], Loss: 0.3959055244922638
Rank:0 Epoch: [14/40], Step: [441/782], Loss: 0.22158119082450867
Rank:0 Epoch: [14/40], Step: [451/782], Loss: 0.2933901846408844
Rank:0 Epoch: [14/40], Step: [461/782], Loss: 0.2969348430633545
Rank:0 Epoch: [14/40], Step: [471/782], Loss: 0.2461039423942566
Rank:0 Epoch: [14/40], Step: [481/782], Loss: 0.2470117062330246
Rank:0 Epoch: [14/40], Step: [491/782], Loss: 0.2916491627693176
Rank:0 Epoch: [14/40], Step: [501/782], Loss: 0.30358588695526123
Rank:0 Epoch: [14/40], Step: [511/782], Loss: 0.3359496295452118
Rank:0 Epoch: [14/40], Step: [521/782], Loss: 0.213995099067688
Rank:0 Epoch: [14/40], Step: [531/782], Loss: 0.1413707137107849
Rank:0 Epoch: [14/40], Step: [541/782], Loss: 0.2243715077638626
Rank:0 Epoch: [14/40], Step: [551/782], Loss: 0.2626892924308777
Rank:0 Epoch: [14/40], Step: [561/782], Loss: 0.34460845589637756
Rank:0 Epoch: [14/40], Step: [571/782], Loss: 0.2909211814403534
Rank:0 Epoch: [14/40], Step: [581/782], Loss: 0.2036740481853485
Rank:0 Epoch: [14/40], Step: [591/782], Loss: 0.21803930401802063
Rank:0 Epoch: [14/40], Step: [601/782], Loss: 0.44788193702697754
Rank:0 Epoch: [14/40], Step: [611/782], Loss: 0.26438814401626587
Rank:0 Epoch: [14/40], Step: [621/782], Loss: 0.12828727066516876
Rank:0 Epoch: [14/40], Step: [631/782], Loss: 0.17421871423721313
Rank:0 Epoch: [14/40], Step: [641/782], Loss: 0.27932506799697876
Rank:0 Epoch: [14/40], Step: [651/782], Loss: 0.2634672224521637
Rank:0 Epoch: [14/40], Step: [661/782], Loss: 0.21723346412181854
Rank:0 Epoch: [14/40], Step: [671/782], Loss: 0.24900735914707184
Rank:0 Epoch: [14/40], Step: [681/782], Loss: 0.46477633714675903
Rank:0 Epoch: [14/40], Step: [691/782], Loss: 0.23319882154464722
Rank:0 Epoch: [14/40], Step: [701/782], Loss: 0.12761548161506653
Rank:0 Epoch: [14/40], Step: [711/782], Loss: 0.235334575176239
Rank:0 Epoch: [14/40], Step: [721/782], Loss: 0.19955934584140778
Rank:0 Epoch: [14/40], Step: [731/782], Loss: 0.3401411771774292
Rank:0 Epoch: [14/40], Step: [741/782], Loss: 0.12809285521507263
Rank:0 Epoch: [14/40], Step: [751/782], Loss: 0.21455833315849304
Rank:0 Epoch: [14/40], Step: [761/782], Loss: 0.20154552161693573
Rank:0 Epoch: [14/40], Step: [771/782], Loss: 0.2339048981666565
Rank:0 Epoch: [14/40], Step: [781/782], Loss: 0.12950670719146729
Current Test Acc: 0.8742
Rank:0 Epoch: [15/40], Step: [1/782], Loss: 0.30848655104637146
Rank:0 Epoch: [15/40], Step: [11/782], Loss: 0.41369521617889404
Rank:0 Epoch: [15/40], Step: [21/782], Loss: 0.19779814779758453
Rank:0 Epoch: [15/40], Step: [31/782], Loss: 0.18768025934696198
Rank:0 Epoch: [15/40], Step: [41/782], Loss: 0.19155588746070862
Rank:0 Epoch: [15/40], Step: [51/782], Loss: 0.38794994354248047
Rank:0 Epoch: [15/40], Step: [61/782], Loss: 0.12156034260988235
Rank:0 Epoch: [15/40], Step: [71/782], Loss: 0.37142133712768555
Rank:0 Epoch: [15/40], Step: [81/782], Loss: 0.23094412684440613
Rank:0 Epoch: [15/40], Step: [91/782], Loss: 0.16492821276187897
Rank:0 Epoch: [15/40], Step: [101/782], Loss: 0.22531995177268982
Rank:0 Epoch: [15/40], Step: [111/782], Loss: 0.2649489939212799
Rank:0 Epoch: [15/40], Step: [121/782], Loss: 0.3473942279815674
Rank:0 Epoch: [15/40], Step: [131/782], Loss: 0.289114385843277
Rank:0 Epoch: [15/40], Step: [141/782], Loss: 0.22464708983898163
Rank:0 Epoch: [15/40], Step: [151/782], Loss: 0.1899106800556183
Rank:0 Epoch: [15/40], Step: [161/782], Loss: 0.3603048622608185
Rank:0 Epoch: [15/40], Step: [171/782], Loss: 0.15869463980197906
Rank:0 Epoch: [15/40], Step: [181/782], Loss: 0.3089906871318817
Rank:0 Epoch: [15/40], Step: [191/782], Loss: 0.24859923124313354
Rank:0 Epoch: [15/40], Step: [201/782], Loss: 0.47069674730300903
Rank:0 Epoch: [15/40], Step: [211/782], Loss: 0.19828182458877563
Rank:0 Epoch: [15/40], Step: [221/782], Loss: 0.22977541387081146
Rank:0 Epoch: [15/40], Step: [231/782], Loss: 0.2635953426361084
Rank:0 Epoch: [15/40], Step: [241/782], Loss: 0.29536864161491394
Rank:0 Epoch: [15/40], Step: [251/782], Loss: 0.28055253624916077
Rank:0 Epoch: [15/40], Step: [261/782], Loss: 0.2601585388183594
Rank:0 Epoch: [15/40], Step: [271/782], Loss: 0.17846551537513733
Rank:0 Epoch: [15/40], Step: [281/782], Loss: 0.23558709025382996
Rank:0 Epoch: [15/40], Step: [291/782], Loss: 0.19344064593315125
Rank:0 Epoch: [15/40], Step: [301/782], Loss: 0.22290271520614624
Rank:0 Epoch: [15/40], Step: [311/782], Loss: 0.1205524355173111
Rank:0 Epoch: [15/40], Step: [321/782], Loss: 0.31746914982795715
Rank:0 Epoch: [15/40], Step: [331/782], Loss: 0.35601094365119934
Rank:0 Epoch: [15/40], Step: [341/782], Loss: 0.20584295690059662
Rank:0 Epoch: [15/40], Step: [351/782], Loss: 0.21277186274528503
Rank:0 Epoch: [15/40], Step: [361/782], Loss: 0.3600366711616516
Rank:0 Epoch: [15/40], Step: [371/782], Loss: 0.2824164927005768
Rank:0 Epoch: [15/40], Step: [381/782], Loss: 0.5331660509109497
Rank:0 Epoch: [15/40], Step: [391/782], Loss: 0.1630459576845169
Rank:0 Epoch: [15/40], Step: [401/782], Loss: 0.25294339656829834
Rank:0 Epoch: [15/40], Step: [411/782], Loss: 0.2767062485218048
Rank:0 Epoch: [15/40], Step: [421/782], Loss: 0.2558711767196655
Rank:0 Epoch: [15/40], Step: [431/782], Loss: 0.2623109817504883
Rank:0 Epoch: [15/40], Step: [441/782], Loss: 0.2518426179885864
Rank:0 Epoch: [15/40], Step: [451/782], Loss: 0.26287710666656494
Rank:0 Epoch: [15/40], Step: [461/782], Loss: 0.1823047697544098
Rank:0 Epoch: [15/40], Step: [471/782], Loss: 0.19706368446350098
Rank:0 Epoch: [15/40], Step: [481/782], Loss: 0.20898067951202393
Rank:0 Epoch: [15/40], Step: [491/782], Loss: 0.28862541913986206
Rank:0 Epoch: [15/40], Step: [501/782], Loss: 0.25311586260795593
Rank:0 Epoch: [15/40], Step: [511/782], Loss: 0.23287653923034668
Rank:0 Epoch: [15/40], Step: [521/782], Loss: 0.3502246141433716
Rank:0 Epoch: [15/40], Step: [531/782], Loss: 0.14357134699821472
Rank:0 Epoch: [15/40], Step: [541/782], Loss: 0.27022767066955566
Rank:0 Epoch: [15/40], Step: [551/782], Loss: 0.19429589807987213
Rank:0 Epoch: [15/40], Step: [561/782], Loss: 0.3015640079975128
Rank:0 Epoch: [15/40], Step: [571/782], Loss: 0.32608911395072937
Rank:0 Epoch: [15/40], Step: [581/782], Loss: 0.2093864530324936
Rank:0 Epoch: [15/40], Step: [591/782], Loss: 0.22914279997348785
Rank:0 Epoch: [15/40], Step: [601/782], Loss: 0.38166818022727966
Rank:0 Epoch: [15/40], Step: [611/782], Loss: 0.35962578654289246
Rank:0 Epoch: [15/40], Step: [621/782], Loss: 0.14999306201934814
Rank:0 Epoch: [15/40], Step: [631/782], Loss: 0.1668594628572464
Rank:0 Epoch: [15/40], Step: [641/782], Loss: 0.2222568690776825
Rank:0 Epoch: [15/40], Step: [651/782], Loss: 0.14090895652770996
Rank:0 Epoch: [15/40], Step: [661/782], Loss: 0.16028648614883423
Rank:0 Epoch: [15/40], Step: [671/782], Loss: 0.1731586754322052
Rank:0 Epoch: [15/40], Step: [681/782], Loss: 0.19253280758857727
Rank:0 Epoch: [15/40], Step: [691/782], Loss: 0.34119486808776855
Rank:0 Epoch: [15/40], Step: [701/782], Loss: 0.20014417171478271
Rank:0 Epoch: [15/40], Step: [711/782], Loss: 0.3482346832752228
Rank:0 Epoch: [15/40], Step: [721/782], Loss: 0.2734423875808716
Rank:0 Epoch: [15/40], Step: [731/782], Loss: 0.3219948709011078
Rank:0 Epoch: [15/40], Step: [741/782], Loss: 0.24656358361244202
Rank:0 Epoch: [15/40], Step: [751/782], Loss: 0.21815791726112366
Rank:0 Epoch: [15/40], Step: [761/782], Loss: 0.3177873194217682
Rank:0 Epoch: [15/40], Step: [771/782], Loss: 0.3787602484226227
Rank:0 Epoch: [15/40], Step: [781/782], Loss: 0.22805048525333405
Current Test Acc: 0.8572
Rank:0 Epoch: [16/40], Step: [1/782], Loss: 0.30696573853492737
Rank:0 Epoch: [16/40], Step: [11/782], Loss: 0.4291669428348541
Rank:0 Epoch: [16/40], Step: [21/782], Loss: 0.30376702547073364
Rank:0 Epoch: [16/40], Step: [31/782], Loss: 0.24567905068397522
Rank:0 Epoch: [16/40], Step: [41/782], Loss: 0.395569771528244
Rank:0 Epoch: [16/40], Step: [51/782], Loss: 0.20378071069717407
Rank:0 Epoch: [16/40], Step: [61/782], Loss: 0.1443573385477066
Rank:0 Epoch: [16/40], Step: [71/782], Loss: 0.2529769241809845
Rank:0 Epoch: [16/40], Step: [81/782], Loss: 0.16877029836177826
Rank:0 Epoch: [16/40], Step: [91/782], Loss: 0.15638871490955353
Rank:0 Epoch: [16/40], Step: [101/782], Loss: 0.3469652235507965
Rank:0 Epoch: [16/40], Step: [111/782], Loss: 0.3569313883781433
Rank:0 Epoch: [16/40], Step: [121/782], Loss: 0.3084212839603424
Rank:0 Epoch: [16/40], Step: [131/782], Loss: 0.24643033742904663
Rank:0 Epoch: [16/40], Step: [141/782], Loss: 0.21349558234214783
Rank:0 Epoch: [16/40], Step: [151/782], Loss: 0.23417417705059052
Rank:0 Epoch: [16/40], Step: [161/782], Loss: 0.18753314018249512
Rank:0 Epoch: [16/40], Step: [171/782], Loss: 0.31300240755081177
Rank:0 Epoch: [16/40], Step: [181/782], Loss: 0.18534421920776367
Rank:0 Epoch: [16/40], Step: [191/782], Loss: 0.2990335524082184
Rank:0 Epoch: [16/40], Step: [201/782], Loss: 0.3313266634941101
Rank:0 Epoch: [16/40], Step: [211/782], Loss: 0.37257805466651917
Rank:0 Epoch: [16/40], Step: [221/782], Loss: 0.19743411242961884
Rank:0 Epoch: [16/40], Step: [231/782], Loss: 0.10994844138622284
Rank:0 Epoch: [16/40], Step: [241/782], Loss: 0.14037853479385376
Rank:0 Epoch: [16/40], Step: [251/782], Loss: 0.2532770335674286
Rank:0 Epoch: [16/40], Step: [261/782], Loss: 0.19095851480960846
Rank:0 Epoch: [16/40], Step: [271/782], Loss: 0.1528013050556183
Rank:0 Epoch: [16/40], Step: [281/782], Loss: 0.21510019898414612
Rank:0 Epoch: [16/40], Step: [291/782], Loss: 0.3433995842933655
Rank:0 Epoch: [16/40], Step: [301/782], Loss: 0.4226902723312378
Rank:0 Epoch: [16/40], Step: [311/782], Loss: 0.2512194812297821
Rank:0 Epoch: [16/40], Step: [321/782], Loss: 0.3843168020248413
Rank:0 Epoch: [16/40], Step: [331/782], Loss: 0.32366883754730225
Rank:0 Epoch: [16/40], Step: [341/782], Loss: 0.2710716426372528
Rank:0 Epoch: [16/40], Step: [351/782], Loss: 0.1989193856716156
Rank:0 Epoch: [16/40], Step: [361/782], Loss: 0.16030940413475037
Rank:0 Epoch: [16/40], Step: [371/782], Loss: 0.25486549735069275
Rank:0 Epoch: [16/40], Step: [381/782], Loss: 0.25610172748565674
Rank:0 Epoch: [16/40], Step: [391/782], Loss: 0.25953033566474915
Rank:0 Epoch: [16/40], Step: [401/782], Loss: 0.12244971096515656
Rank:0 Epoch: [16/40], Step: [411/782], Loss: 0.5580158233642578
Rank:0 Epoch: [16/40], Step: [421/782], Loss: 0.39483439922332764
Rank:0 Epoch: [16/40], Step: [431/782], Loss: 0.46527764201164246
Rank:0 Epoch: [16/40], Step: [441/782], Loss: 0.36237043142318726
Rank:0 Epoch: [16/40], Step: [451/782], Loss: 0.4116809368133545
Rank:0 Epoch: [16/40], Step: [461/782], Loss: 0.2389533817768097
Rank:0 Epoch: [16/40], Step: [471/782], Loss: 0.35282382369041443
Rank:0 Epoch: [16/40], Step: [481/782], Loss: 0.17622986435890198
Rank:0 Epoch: [16/40], Step: [491/782], Loss: 0.16804620623588562
Rank:0 Epoch: [16/40], Step: [501/782], Loss: 0.27323734760284424
Rank:0 Epoch: [16/40], Step: [511/782], Loss: 0.09234685450792313
Rank:0 Epoch: [16/40], Step: [521/782], Loss: 0.23780570924282074
Rank:0 Epoch: [16/40], Step: [531/782], Loss: 0.3310941457748413
Rank:0 Epoch: [16/40], Step: [541/782], Loss: 0.15895108878612518
Rank:0 Epoch: [16/40], Step: [551/782], Loss: 0.1605771780014038
Rank:0 Epoch: [16/40], Step: [561/782], Loss: 0.2584366500377655
Rank:0 Epoch: [16/40], Step: [571/782], Loss: 0.29670271277427673
Rank:0 Epoch: [16/40], Step: [581/782], Loss: 0.17459367215633392
Rank:0 Epoch: [16/40], Step: [591/782], Loss: 0.1774364411830902
Rank:0 Epoch: [16/40], Step: [601/782], Loss: 0.3224999010562897
Rank:0 Epoch: [16/40], Step: [611/782], Loss: 0.271910160779953
Rank:0 Epoch: [16/40], Step: [621/782], Loss: 0.22859854996204376
Rank:0 Epoch: [16/40], Step: [631/782], Loss: 0.2167789489030838
Rank:0 Epoch: [16/40], Step: [641/782], Loss: 0.3494212031364441
Rank:0 Epoch: [16/40], Step: [651/782], Loss: 0.3017120361328125
Rank:0 Epoch: [16/40], Step: [661/782], Loss: 0.3246404826641083
Rank:0 Epoch: [16/40], Step: [671/782], Loss: 0.3297311067581177
Rank:0 Epoch: [16/40], Step: [681/782], Loss: 0.3024100661277771
Rank:0 Epoch: [16/40], Step: [691/782], Loss: 0.22002671658992767
Rank:0 Epoch: [16/40], Step: [701/782], Loss: 0.32776159048080444
Rank:0 Epoch: [16/40], Step: [711/782], Loss: 0.3790537714958191
Rank:0 Epoch: [16/40], Step: [721/782], Loss: 0.4879407584667206
Rank:0 Epoch: [16/40], Step: [731/782], Loss: 0.18657901883125305
Rank:0 Epoch: [16/40], Step: [741/782], Loss: 0.3500964939594269
Rank:0 Epoch: [16/40], Step: [751/782], Loss: 0.40895283222198486
Rank:0 Epoch: [16/40], Step: [761/782], Loss: 0.21822969615459442
Rank:0 Epoch: [16/40], Step: [771/782], Loss: 0.23634333908557892
Rank:0 Epoch: [16/40], Step: [781/782], Loss: 0.20176847279071808
Current Test Acc: 0.8779
Rank:0 Epoch: [17/40], Step: [1/782], Loss: 0.18812668323516846
Rank:0 Epoch: [17/40], Step: [11/782], Loss: 0.153762087225914
Rank:0 Epoch: [17/40], Step: [21/782], Loss: 0.07937821000814438
Rank:0 Epoch: [17/40], Step: [31/782], Loss: 0.1539170891046524
Rank:0 Epoch: [17/40], Step: [41/782], Loss: 0.11932754516601562
Rank:0 Epoch: [17/40], Step: [51/782], Loss: 0.26706522703170776
Rank:0 Epoch: [17/40], Step: [61/782], Loss: 0.18630750477313995
Rank:0 Epoch: [17/40], Step: [71/782], Loss: 0.22182407975196838
Rank:0 Epoch: [17/40], Step: [81/782], Loss: 0.16094650328159332
Rank:0 Epoch: [17/40], Step: [91/782], Loss: 0.13153193891048431
Rank:0 Epoch: [17/40], Step: [101/782], Loss: 0.20524609088897705
Rank:0 Epoch: [17/40], Step: [111/782], Loss: 0.34966927766799927
Rank:0 Epoch: [17/40], Step: [121/782], Loss: 0.3744831383228302
Rank:0 Epoch: [17/40], Step: [131/782], Loss: 0.18670140206813812
Rank:0 Epoch: [17/40], Step: [141/782], Loss: 0.4798043966293335
Rank:0 Epoch: [17/40], Step: [151/782], Loss: 0.17124761641025543
Rank:0 Epoch: [17/40], Step: [161/782], Loss: 0.17019502818584442
Rank:0 Epoch: [17/40], Step: [171/782], Loss: 0.21797950565814972
Rank:0 Epoch: [17/40], Step: [181/782], Loss: 0.33172139525413513
Rank:0 Epoch: [17/40], Step: [191/782], Loss: 0.19884108006954193
Rank:0 Epoch: [17/40], Step: [201/782], Loss: 0.39753618836402893
Rank:0 Epoch: [17/40], Step: [211/782], Loss: 0.35372215509414673
Rank:0 Epoch: [17/40], Step: [221/782], Loss: 0.2890288829803467
Rank:0 Epoch: [17/40], Step: [231/782], Loss: 0.1617935448884964
Rank:0 Epoch: [17/40], Step: [241/782], Loss: 0.08739902079105377
Rank:0 Epoch: [17/40], Step: [251/782], Loss: 0.26094040274620056
Rank:0 Epoch: [17/40], Step: [261/782], Loss: 0.2322145700454712
Rank:0 Epoch: [17/40], Step: [271/782], Loss: 0.24113720655441284
Rank:0 Epoch: [17/40], Step: [281/782], Loss: 0.16268402338027954
Rank:0 Epoch: [17/40], Step: [291/782], Loss: 0.3774607181549072
Rank:0 Epoch: [17/40], Step: [301/782], Loss: 0.1506928652524948
Rank:0 Epoch: [17/40], Step: [311/782], Loss: 0.2857895493507385
Rank:0 Epoch: [17/40], Step: [321/782], Loss: 0.2970627248287201
Rank:0 Epoch: [17/40], Step: [331/782], Loss: 0.2432602345943451
Rank:0 Epoch: [17/40], Step: [341/782], Loss: 0.2636253237724304
Rank:0 Epoch: [17/40], Step: [351/782], Loss: 0.1703871339559555
Rank:0 Epoch: [17/40], Step: [361/782], Loss: 0.17695802450180054
Rank:0 Epoch: [17/40], Step: [371/782], Loss: 0.1808180809020996
Rank:0 Epoch: [17/40], Step: [381/782], Loss: 0.20394808053970337
Rank:0 Epoch: [17/40], Step: [391/782], Loss: 0.2781335115432739
Rank:0 Epoch: [17/40], Step: [401/782], Loss: 0.4646459221839905
Rank:0 Epoch: [17/40], Step: [411/782], Loss: 0.3711415231227875
Rank:0 Epoch: [17/40], Step: [421/782], Loss: 0.17267820239067078
Rank:0 Epoch: [17/40], Step: [431/782], Loss: 0.21052855253219604
Rank:0 Epoch: [17/40], Step: [441/782], Loss: 0.36206182837486267
Rank:0 Epoch: [17/40], Step: [451/782], Loss: 0.16364988684654236
Rank:0 Epoch: [17/40], Step: [461/782], Loss: 0.3720088601112366
Rank:0 Epoch: [17/40], Step: [471/782], Loss: 0.22011923789978027
Rank:0 Epoch: [17/40], Step: [481/782], Loss: 0.0948789194226265
Rank:0 Epoch: [17/40], Step: [491/782], Loss: 0.23262599110603333
Rank:0 Epoch: [17/40], Step: [501/782], Loss: 0.19304412603378296
Rank:0 Epoch: [17/40], Step: [511/782], Loss: 0.23786459863185883
Rank:0 Epoch: [17/40], Step: [521/782], Loss: 0.33780908584594727
Rank:0 Epoch: [17/40], Step: [531/782], Loss: 0.662713885307312
Rank:0 Epoch: [17/40], Step: [541/782], Loss: 0.21400611102581024
Rank:0 Epoch: [17/40], Step: [551/782], Loss: 0.24028848111629486
Rank:0 Epoch: [17/40], Step: [561/782], Loss: 0.4122621417045593
Rank:0 Epoch: [17/40], Step: [571/782], Loss: 0.19465039670467377
Rank:0 Epoch: [17/40], Step: [581/782], Loss: 0.2628999352455139
Rank:0 Epoch: [17/40], Step: [591/782], Loss: 0.13160862028598785
Rank:0 Epoch: [17/40], Step: [601/782], Loss: 0.19492881000041962
Rank:0 Epoch: [17/40], Step: [611/782], Loss: 0.2165367305278778
Rank:0 Epoch: [17/40], Step: [621/782], Loss: 0.2688988745212555
Rank:0 Epoch: [17/40], Step: [631/782], Loss: 0.14125478267669678
Rank:0 Epoch: [17/40], Step: [641/782], Loss: 0.20861762762069702
Rank:0 Epoch: [17/40], Step: [651/782], Loss: 0.18221759796142578
Rank:0 Epoch: [17/40], Step: [661/782], Loss: 0.23841792345046997
Rank:0 Epoch: [17/40], Step: [671/782], Loss: 0.1401262730360031
Rank:0 Epoch: [17/40], Step: [681/782], Loss: 0.17607249319553375
Rank:0 Epoch: [17/40], Step: [691/782], Loss: 0.2445845901966095
Rank:0 Epoch: [17/40], Step: [701/782], Loss: 0.2851136028766632
Rank:0 Epoch: [17/40], Step: [711/782], Loss: 0.163786843419075
Rank:0 Epoch: [17/40], Step: [721/782], Loss: 0.28188952803611755
Rank:0 Epoch: [17/40], Step: [731/782], Loss: 0.12681810557842255
Rank:0 Epoch: [17/40], Step: [741/782], Loss: 0.29349568486213684
Rank:0 Epoch: [17/40], Step: [751/782], Loss: 0.5506595969200134
Rank:0 Epoch: [17/40], Step: [761/782], Loss: 0.23024742305278778
Rank:0 Epoch: [17/40], Step: [771/782], Loss: 0.2425522357225418
Rank:0 Epoch: [17/40], Step: [781/782], Loss: 0.17055341601371765
Current Test Acc: 0.8811
Rank:0 Epoch: [18/40], Step: [1/782], Loss: 0.15741202235221863
Rank:0 Epoch: [18/40], Step: [11/782], Loss: 0.2514968812465668
Rank:0 Epoch: [18/40], Step: [21/782], Loss: 0.19554363191127777
Rank:0 Epoch: [18/40], Step: [31/782], Loss: 0.18116500973701477
Rank:0 Epoch: [18/40], Step: [41/782], Loss: 0.24773170053958893
Rank:0 Epoch: [18/40], Step: [51/782], Loss: 0.1542915403842926
Rank:0 Epoch: [18/40], Step: [61/782], Loss: 0.13234840333461761
Rank:0 Epoch: [18/40], Step: [71/782], Loss: 0.15618553757667542
Rank:0 Epoch: [18/40], Step: [81/782], Loss: 0.20076656341552734
Rank:0 Epoch: [18/40], Step: [91/782], Loss: 0.2694688141345978
Rank:0 Epoch: [18/40], Step: [101/782], Loss: 0.052534203976392746
Rank:0 Epoch: [18/40], Step: [111/782], Loss: 0.20932385325431824
Rank:0 Epoch: [18/40], Step: [121/782], Loss: 0.16718293726444244
Rank:0 Epoch: [18/40], Step: [131/782], Loss: 0.19877272844314575
Rank:0 Epoch: [18/40], Step: [141/782], Loss: 0.08508189767599106
Rank:0 Epoch: [18/40], Step: [151/782], Loss: 0.30622598528862
Rank:0 Epoch: [18/40], Step: [161/782], Loss: 0.17526836693286896
Rank:0 Epoch: [18/40], Step: [171/782], Loss: 0.3350021243095398
Rank:0 Epoch: [18/40], Step: [181/782], Loss: 0.15652954578399658
Rank:0 Epoch: [18/40], Step: [191/782], Loss: 0.5035557150840759
Rank:0 Epoch: [18/40], Step: [201/782], Loss: 0.33029770851135254
Rank:0 Epoch: [18/40], Step: [211/782], Loss: 0.25802546739578247
Rank:0 Epoch: [18/40], Step: [221/782], Loss: 0.29156482219696045
Rank:0 Epoch: [18/40], Step: [231/782], Loss: 0.2161369025707245
Rank:0 Epoch: [18/40], Step: [241/782], Loss: 0.10385388880968094
Rank:0 Epoch: [18/40], Step: [251/782], Loss: 0.38425391912460327
Rank:0 Epoch: [18/40], Step: [261/782], Loss: 0.43204396963119507
Rank:0 Epoch: [18/40], Step: [271/782], Loss: 0.17510618269443512
Rank:0 Epoch: [18/40], Step: [281/782], Loss: 0.19257912039756775
Rank:0 Epoch: [18/40], Step: [291/782], Loss: 0.30072876811027527
Rank:0 Epoch: [18/40], Step: [301/782], Loss: 0.20879210531711578
Rank:0 Epoch: [18/40], Step: [311/782], Loss: 0.15506689250469208
Rank:0 Epoch: [18/40], Step: [321/782], Loss: 0.1730295866727829
Rank:0 Epoch: [18/40], Step: [331/782], Loss: 0.290570467710495
Rank:0 Epoch: [18/40], Step: [341/782], Loss: 0.3460181951522827
Rank:0 Epoch: [18/40], Step: [351/782], Loss: 0.3628138303756714
Rank:0 Epoch: [18/40], Step: [361/782], Loss: 0.23214060068130493
Rank:0 Epoch: [18/40], Step: [371/782], Loss: 0.22398370504379272
Rank:0 Epoch: [18/40], Step: [381/782], Loss: 0.08775235712528229
Rank:0 Epoch: [18/40], Step: [391/782], Loss: 0.26243478059768677
Rank:0 Epoch: [18/40], Step: [401/782], Loss: 0.21020491421222687
Rank:0 Epoch: [18/40], Step: [411/782], Loss: 0.1111021339893341
Rank:0 Epoch: [18/40], Step: [421/782], Loss: 0.14688928425312042
Rank:0 Epoch: [18/40], Step: [431/782], Loss: 0.22870446741580963
Rank:0 Epoch: [18/40], Step: [441/782], Loss: 0.1619785726070404
Rank:0 Epoch: [18/40], Step: [451/782], Loss: 0.15314920246601105
Rank:0 Epoch: [18/40], Step: [461/782], Loss: 0.3588993549346924
Rank:0 Epoch: [18/40], Step: [471/782], Loss: 0.36526215076446533
Rank:0 Epoch: [18/40], Step: [481/782], Loss: 0.5850950479507446
Rank:0 Epoch: [18/40], Step: [491/782], Loss: 0.33297833800315857
Rank:0 Epoch: [18/40], Step: [501/782], Loss: 0.17635157704353333
Rank:0 Epoch: [18/40], Step: [511/782], Loss: 0.15439388155937195
Rank:0 Epoch: [18/40], Step: [521/782], Loss: 0.2531830370426178
Rank:0 Epoch: [18/40], Step: [531/782], Loss: 0.2457946389913559
Rank:0 Epoch: [18/40], Step: [541/782], Loss: 0.34126758575439453
Rank:0 Epoch: [18/40], Step: [551/782], Loss: 0.1594386100769043
Rank:0 Epoch: [18/40], Step: [561/782], Loss: 0.3623545169830322
Rank:0 Epoch: [18/40], Step: [571/782], Loss: 0.3949951231479645
Rank:0 Epoch: [18/40], Step: [581/782], Loss: 0.1844901591539383
Rank:0 Epoch: [18/40], Step: [591/782], Loss: 0.10337807983160019
Rank:0 Epoch: [18/40], Step: [601/782], Loss: 0.37308427691459656
Rank:0 Epoch: [18/40], Step: [611/782], Loss: 0.33143848180770874
Rank:0 Epoch: [18/40], Step: [621/782], Loss: 0.17962691187858582
Rank:0 Epoch: [18/40], Step: [631/782], Loss: 0.46831214427948
Rank:0 Epoch: [18/40], Step: [641/782], Loss: 0.24457509815692902
Rank:0 Epoch: [18/40], Step: [651/782], Loss: 0.350222110748291
Rank:0 Epoch: [18/40], Step: [661/782], Loss: 0.38703209161758423
Rank:0 Epoch: [18/40], Step: [671/782], Loss: 0.24912597239017487
Rank:0 Epoch: [18/40], Step: [681/782], Loss: 0.2696845531463623
Rank:0 Epoch: [18/40], Step: [691/782], Loss: 0.27602988481521606
Rank:0 Epoch: [18/40], Step: [701/782], Loss: 0.2362496256828308
Rank:0 Epoch: [18/40], Step: [711/782], Loss: 0.24128448963165283
Rank:0 Epoch: [18/40], Step: [721/782], Loss: 0.32683005928993225
Rank:0 Epoch: [18/40], Step: [731/782], Loss: 0.1674898862838745
Rank:0 Epoch: [18/40], Step: [741/782], Loss: 0.2109595686197281
Rank:0 Epoch: [18/40], Step: [751/782], Loss: 0.30658459663391113
Rank:0 Epoch: [18/40], Step: [761/782], Loss: 0.24690669775009155
Rank:0 Epoch: [18/40], Step: [771/782], Loss: 0.2231902778148651
Rank:0 Epoch: [18/40], Step: [781/782], Loss: 0.25011155009269714
Current Test Acc: 0.863
Rank:0 Epoch: [19/40], Step: [1/782], Loss: 0.32057392597198486
Rank:0 Epoch: [19/40], Step: [11/782], Loss: 0.12929877638816833
Rank:0 Epoch: [19/40], Step: [21/782], Loss: 0.27674517035484314
Rank:0 Epoch: [19/40], Step: [31/782], Loss: 0.20414799451828003
Rank:0 Epoch: [19/40], Step: [41/782], Loss: 0.24234779179096222
Rank:0 Epoch: [19/40], Step: [51/782], Loss: 0.2120884358882904
Rank:0 Epoch: [19/40], Step: [61/782], Loss: 0.21410971879959106
Rank:0 Epoch: [19/40], Step: [71/782], Loss: 0.1581387221813202
Rank:0 Epoch: [19/40], Step: [81/782], Loss: 0.22992756962776184
Rank:0 Epoch: [19/40], Step: [91/782], Loss: 0.4806913137435913
Rank:0 Epoch: [19/40], Step: [101/782], Loss: 0.14928102493286133
Rank:0 Epoch: [19/40], Step: [111/782], Loss: 0.41655534505844116
Rank:0 Epoch: [19/40], Step: [121/782], Loss: 0.331882506608963
Rank:0 Epoch: [19/40], Step: [131/782], Loss: 0.4015744924545288
Rank:0 Epoch: [19/40], Step: [141/782], Loss: 0.3428151607513428
Rank:0 Epoch: [19/40], Step: [151/782], Loss: 0.21816010773181915
Rank:0 Epoch: [19/40], Step: [161/782], Loss: 0.16694894433021545
Rank:0 Epoch: [19/40], Step: [171/782], Loss: 0.11776979267597198
Rank:0 Epoch: [19/40], Step: [181/782], Loss: 0.302722305059433
Rank:0 Epoch: [19/40], Step: [191/782], Loss: 0.3155958950519562
Rank:0 Epoch: [19/40], Step: [201/782], Loss: 0.0994647666811943
Rank:0 Epoch: [19/40], Step: [211/782], Loss: 0.3393690884113312
Rank:0 Epoch: [19/40], Step: [221/782], Loss: 0.31223762035369873
Rank:0 Epoch: [19/40], Step: [231/782], Loss: 0.24216102063655853
Rank:0 Epoch: [19/40], Step: [241/782], Loss: 0.20317941904067993
Rank:0 Epoch: [19/40], Step: [251/782], Loss: 0.4168654680252075
Rank:0 Epoch: [19/40], Step: [261/782], Loss: 0.36250680685043335
Rank:0 Epoch: [19/40], Step: [271/782], Loss: 0.21783491969108582
Rank:0 Epoch: [19/40], Step: [281/782], Loss: 0.31477829813957214
Rank:0 Epoch: [19/40], Step: [291/782], Loss: 0.382409930229187
Rank:0 Epoch: [19/40], Step: [301/782], Loss: 0.24652884900569916
Rank:0 Epoch: [19/40], Step: [311/782], Loss: 0.13894930481910706
Rank:0 Epoch: [19/40], Step: [321/782], Loss: 0.16977491974830627
Rank:0 Epoch: [19/40], Step: [331/782], Loss: 0.1726428121328354
Rank:0 Epoch: [19/40], Step: [341/782], Loss: 0.25514456629753113
Rank:0 Epoch: [19/40], Step: [351/782], Loss: 0.38897573947906494
Rank:0 Epoch: [19/40], Step: [361/782], Loss: 0.29422527551651
Rank:0 Epoch: [19/40], Step: [371/782], Loss: 0.3583531677722931
Rank:0 Epoch: [19/40], Step: [381/782], Loss: 0.21192102134227753
Rank:0 Epoch: [19/40], Step: [391/782], Loss: 0.17655661702156067
Rank:0 Epoch: [19/40], Step: [401/782], Loss: 0.2013925164937973
Rank:0 Epoch: [19/40], Step: [411/782], Loss: 0.37298670411109924
Rank:0 Epoch: [19/40], Step: [421/782], Loss: 0.2285289317369461
Rank:0 Epoch: [19/40], Step: [431/782], Loss: 0.2672252058982849
Rank:0 Epoch: [19/40], Step: [441/782], Loss: 0.1537102609872818
Rank:0 Epoch: [19/40], Step: [451/782], Loss: 0.11145395040512085
Rank:0 Epoch: [19/40], Step: [461/782], Loss: 0.2359909564256668
Rank:0 Epoch: [19/40], Step: [471/782], Loss: 0.2721077799797058
Rank:0 Epoch: [19/40], Step: [481/782], Loss: 0.16994132101535797
Rank:0 Epoch: [19/40], Step: [491/782], Loss: 0.11422523856163025
Rank:0 Epoch: [19/40], Step: [501/782], Loss: 0.26651114225387573
Rank:0 Epoch: [19/40], Step: [511/782], Loss: 0.28262192010879517
Rank:0 Epoch: [19/40], Step: [521/782], Loss: 0.5027796626091003
Rank:0 Epoch: [19/40], Step: [531/782], Loss: 0.2776756286621094
Rank:0 Epoch: [19/40], Step: [541/782], Loss: 0.460956871509552
Rank:0 Epoch: [19/40], Step: [551/782], Loss: 0.33454859256744385
Rank:0 Epoch: [19/40], Step: [561/782], Loss: 0.129991352558136
Rank:0 Epoch: [19/40], Step: [571/782], Loss: 0.14637811481952667
Rank:0 Epoch: [19/40], Step: [581/782], Loss: 0.19728192687034607
Rank:0 Epoch: [19/40], Step: [591/782], Loss: 0.26613354682922363
Rank:0 Epoch: [19/40], Step: [601/782], Loss: 0.2915365695953369
Rank:0 Epoch: [19/40], Step: [611/782], Loss: 0.19456735253334045
Rank:0 Epoch: [19/40], Step: [621/782], Loss: 0.18308036029338837
Rank:0 Epoch: [19/40], Step: [631/782], Loss: 0.2339228093624115
Rank:0 Epoch: [19/40], Step: [641/782], Loss: 0.44017818570137024
Rank:0 Epoch: [19/40], Step: [651/782], Loss: 0.392005056142807
Rank:0 Epoch: [19/40], Step: [661/782], Loss: 0.295222669839859
Rank:0 Epoch: [19/40], Step: [671/782], Loss: 0.42367061972618103
Rank:0 Epoch: [19/40], Step: [681/782], Loss: 0.11528956145048141
Rank:0 Epoch: [19/40], Step: [691/782], Loss: 0.42153099179267883
Rank:0 Epoch: [19/40], Step: [701/782], Loss: 0.287273108959198
Rank:0 Epoch: [19/40], Step: [711/782], Loss: 0.2961876392364502
Rank:0 Epoch: [19/40], Step: [721/782], Loss: 0.25673970580101013
Rank:0 Epoch: [19/40], Step: [731/782], Loss: 0.3942720890045166
Rank:0 Epoch: [19/40], Step: [741/782], Loss: 0.26462113857269287
Rank:0 Epoch: [19/40], Step: [751/782], Loss: 0.3017600476741791
Rank:0 Epoch: [19/40], Step: [761/782], Loss: 0.20903484523296356
Rank:0 Epoch: [19/40], Step: [771/782], Loss: 0.3072461783885956
Rank:0 Epoch: [19/40], Step: [781/782], Loss: 0.2848645746707916
Current Test Acc: 0.868
Rank:0 Epoch: [20/40], Step: [1/782], Loss: 0.11928682029247284
Rank:0 Epoch: [20/40], Step: [11/782], Loss: 0.14123201370239258
Rank:0 Epoch: [20/40], Step: [21/782], Loss: 0.21324031054973602
Rank:0 Epoch: [20/40], Step: [31/782], Loss: 0.18739911913871765
Rank:0 Epoch: [20/40], Step: [41/782], Loss: 0.26752111315727234
Rank:0 Epoch: [20/40], Step: [51/782], Loss: 0.22423633933067322
Rank:0 Epoch: [20/40], Step: [61/782], Loss: 0.34515905380249023
Rank:0 Epoch: [20/40], Step: [71/782], Loss: 0.1338711380958557
Rank:0 Epoch: [20/40], Step: [81/782], Loss: 0.23506374657154083
Rank:0 Epoch: [20/40], Step: [91/782], Loss: 0.14026518166065216
Rank:0 Epoch: [20/40], Step: [101/782], Loss: 0.14661374688148499
Rank:0 Epoch: [20/40], Step: [111/782], Loss: 0.21042589843273163
Rank:0 Epoch: [20/40], Step: [121/782], Loss: 0.35560140013694763
Rank:0 Epoch: [20/40], Step: [131/782], Loss: 0.2438228577375412
Rank:0 Epoch: [20/40], Step: [141/782], Loss: 0.2287999540567398
Rank:0 Epoch: [20/40], Step: [151/782], Loss: 0.2566896378993988
Rank:0 Epoch: [20/40], Step: [161/782], Loss: 0.152857705950737
Rank:0 Epoch: [20/40], Step: [171/782], Loss: 0.14878417551517487
Rank:0 Epoch: [20/40], Step: [181/782], Loss: 0.32611769437789917
Rank:0 Epoch: [20/40], Step: [191/782], Loss: 0.249627023935318
Rank:0 Epoch: [20/40], Step: [201/782], Loss: 0.18744522333145142
Rank:0 Epoch: [20/40], Step: [211/782], Loss: 0.20232130587100983
Rank:0 Epoch: [20/40], Step: [221/782], Loss: 0.2918184697628021
Rank:0 Epoch: [20/40], Step: [231/782], Loss: 0.31252750754356384
Rank:0 Epoch: [20/40], Step: [241/782], Loss: 0.23755714297294617
Rank:0 Epoch: [20/40], Step: [251/782], Loss: 0.4632341265678406
Rank:0 Epoch: [20/40], Step: [261/782], Loss: 0.11763006448745728
Rank:0 Epoch: [20/40], Step: [271/782], Loss: 0.13657301664352417
Rank:0 Epoch: [20/40], Step: [281/782], Loss: 0.4946401119232178
Rank:0 Epoch: [20/40], Step: [291/782], Loss: 0.1422417312860489
Rank:0 Epoch: [20/40], Step: [301/782], Loss: 0.3194515109062195
Rank:0 Epoch: [20/40], Step: [311/782], Loss: 0.19024188816547394
Rank:0 Epoch: [20/40], Step: [321/782], Loss: 0.15817612409591675
Rank:0 Epoch: [20/40], Step: [331/782], Loss: 0.286685973405838
Rank:0 Epoch: [20/40], Step: [341/782], Loss: 0.19776450097560883
Rank:0 Epoch: [20/40], Step: [351/782], Loss: 0.11521434783935547
Rank:0 Epoch: [20/40], Step: [361/782], Loss: 0.12082531303167343
Rank:0 Epoch: [20/40], Step: [371/782], Loss: 0.17354927957057953
Rank:0 Epoch: [20/40], Step: [381/782], Loss: 0.32796722650527954
Rank:0 Epoch: [20/40], Step: [391/782], Loss: 0.26868143677711487
Rank:0 Epoch: [20/40], Step: [401/782], Loss: 0.3102726936340332
Rank:0 Epoch: [20/40], Step: [411/782], Loss: 0.32362914085388184
Rank:0 Epoch: [20/40], Step: [421/782], Loss: 0.283246785402298
Rank:0 Epoch: [20/40], Step: [431/782], Loss: 0.30943045020103455
Rank:0 Epoch: [20/40], Step: [441/782], Loss: 0.23410379886627197
Rank:0 Epoch: [20/40], Step: [451/782], Loss: 0.2908284366130829
Rank:0 Epoch: [20/40], Step: [461/782], Loss: 0.30016905069351196
Rank:0 Epoch: [20/40], Step: [471/782], Loss: 0.28288590908050537
Rank:0 Epoch: [20/40], Step: [481/782], Loss: 0.3519558906555176
Rank:0 Epoch: [20/40], Step: [491/782], Loss: 0.3654954433441162
Rank:0 Epoch: [20/40], Step: [501/782], Loss: 0.4874783158302307
Rank:0 Epoch: [20/40], Step: [511/782], Loss: 0.2338562160730362
Rank:0 Epoch: [20/40], Step: [521/782], Loss: 0.169898122549057
Rank:0 Epoch: [20/40], Step: [531/782], Loss: 0.1552492082118988
Rank:0 Epoch: [20/40], Step: [541/782], Loss: 0.17299683392047882
Rank:0 Epoch: [20/40], Step: [551/782], Loss: 0.14437496662139893
Rank:0 Epoch: [20/40], Step: [561/782], Loss: 0.20247070491313934
Rank:0 Epoch: [20/40], Step: [571/782], Loss: 0.13865362107753754
Rank:0 Epoch: [20/40], Step: [581/782], Loss: 0.22591812908649445
Rank:0 Epoch: [20/40], Step: [591/782], Loss: 0.32291379570961
Rank:0 Epoch: [20/40], Step: [601/782], Loss: 0.4621034562587738
Rank:0 Epoch: [20/40], Step: [611/782], Loss: 0.27650946378707886
Rank:0 Epoch: [20/40], Step: [621/782], Loss: 0.18553100526332855
Rank:0 Epoch: [20/40], Step: [631/782], Loss: 0.3855409324169159
Rank:0 Epoch: [20/40], Step: [641/782], Loss: 0.15510109066963196
Rank:0 Epoch: [20/40], Step: [651/782], Loss: 0.2269047051668167
Rank:0 Epoch: [20/40], Step: [661/782], Loss: 0.13527432084083557
Rank:0 Epoch: [20/40], Step: [671/782], Loss: 0.21326690912246704
Rank:0 Epoch: [20/40], Step: [681/782], Loss: 0.3383135199546814
Rank:0 Epoch: [20/40], Step: [691/782], Loss: 0.5317136645317078
Rank:0 Epoch: [20/40], Step: [701/782], Loss: 0.318983256816864
Rank:0 Epoch: [20/40], Step: [711/782], Loss: 0.21503107249736786
Rank:0 Epoch: [20/40], Step: [721/782], Loss: 0.2930387854576111
Rank:0 Epoch: [20/40], Step: [731/782], Loss: 0.19975747168064117
Rank:0 Epoch: [20/40], Step: [741/782], Loss: 0.2309935986995697
Rank:0 Epoch: [20/40], Step: [751/782], Loss: 0.4622257947921753
Rank:0 Epoch: [20/40], Step: [761/782], Loss: 0.27635762095451355
Rank:0 Epoch: [20/40], Step: [771/782], Loss: 0.23008665442466736
Rank:0 Epoch: [20/40], Step: [781/782], Loss: 0.1550237536430359
Current Test Acc: 0.8685
Rank:0 Epoch: [21/40], Step: [1/782], Loss: 0.2009592056274414
Rank:0 Epoch: [21/40], Step: [11/782], Loss: 0.23278328776359558
Rank:0 Epoch: [21/40], Step: [21/782], Loss: 0.3123396635055542
Rank:0 Epoch: [21/40], Step: [31/782], Loss: 0.21664777398109436
Rank:0 Epoch: [21/40], Step: [41/782], Loss: 0.2044363170862198
Rank:0 Epoch: [21/40], Step: [51/782], Loss: 0.1709323674440384
Rank:0 Epoch: [21/40], Step: [61/782], Loss: 0.2632060945034027
Rank:0 Epoch: [21/40], Step: [71/782], Loss: 0.23028971254825592
Rank:0 Epoch: [21/40], Step: [81/782], Loss: 0.04831318184733391
Rank:0 Epoch: [21/40], Step: [91/782], Loss: 0.0754970908164978
Rank:0 Epoch: [21/40], Step: [101/782], Loss: 0.11310682445764542
Rank:0 Epoch: [21/40], Step: [111/782], Loss: 0.15410546958446503
Rank:0 Epoch: [21/40], Step: [121/782], Loss: 0.10654889792203903
Rank:0 Epoch: [21/40], Step: [131/782], Loss: 0.0651697963476181
Rank:0 Epoch: [21/40], Step: [141/782], Loss: 0.10824380069971085
Rank:0 Epoch: [21/40], Step: [151/782], Loss: 0.18688111007213593
Rank:0 Epoch: [21/40], Step: [161/782], Loss: 0.1089688241481781
Rank:0 Epoch: [21/40], Step: [171/782], Loss: 0.159021258354187
Rank:0 Epoch: [21/40], Step: [181/782], Loss: 0.12246678024530411
Rank:0 Epoch: [21/40], Step: [191/782], Loss: 0.18276849389076233
Rank:0 Epoch: [21/40], Step: [201/782], Loss: 0.05472813546657562
Rank:0 Epoch: [21/40], Step: [211/782], Loss: 0.14108434319496155
Rank:0 Epoch: [21/40], Step: [221/782], Loss: 0.09454892575740814
Rank:0 Epoch: [21/40], Step: [231/782], Loss: 0.23049339652061462
Rank:0 Epoch: [21/40], Step: [241/782], Loss: 0.138093501329422
Rank:0 Epoch: [21/40], Step: [251/782], Loss: 0.14195892214775085
Rank:0 Epoch: [21/40], Step: [261/782], Loss: 0.05090790241956711
Rank:0 Epoch: [21/40], Step: [271/782], Loss: 0.14338362216949463
Rank:0 Epoch: [21/40], Step: [281/782], Loss: 0.15066757798194885
Rank:0 Epoch: [21/40], Step: [291/782], Loss: 0.09907878190279007
Rank:0 Epoch: [21/40], Step: [301/782], Loss: 0.10978531837463379
Rank:0 Epoch: [21/40], Step: [311/782], Loss: 0.13049200177192688
Rank:0 Epoch: [21/40], Step: [321/782], Loss: 0.08072426915168762
Rank:0 Epoch: [21/40], Step: [331/782], Loss: 0.05121475085616112
Rank:0 Epoch: [21/40], Step: [341/782], Loss: 0.11399946361780167
Rank:0 Epoch: [21/40], Step: [351/782], Loss: 0.08466993272304535
Rank:0 Epoch: [21/40], Step: [361/782], Loss: 0.07882476598024368
Rank:0 Epoch: [21/40], Step: [371/782], Loss: 0.06008932366967201
Rank:0 Epoch: [21/40], Step: [381/782], Loss: 0.18377752602100372
Rank:0 Epoch: [21/40], Step: [391/782], Loss: 0.12918590009212494
Rank:0 Epoch: [21/40], Step: [401/782], Loss: 0.08195003867149353
Rank:0 Epoch: [21/40], Step: [411/782], Loss: 0.12416870146989822
Rank:0 Epoch: [21/40], Step: [421/782], Loss: 0.1952727884054184
Rank:0 Epoch: [21/40], Step: [431/782], Loss: 0.1845495104789734
Rank:0 Epoch: [21/40], Step: [441/782], Loss: 0.08305829018354416
Rank:0 Epoch: [21/40], Step: [451/782], Loss: 0.1293572187423706
Rank:0 Epoch: [21/40], Step: [461/782], Loss: 0.11357761919498444
Rank:0 Epoch: [21/40], Step: [471/782], Loss: 0.17688225209712982
Rank:0 Epoch: [21/40], Step: [481/782], Loss: 0.06399313360452652
Rank:0 Epoch: [21/40], Step: [491/782], Loss: 0.07705219835042953
Rank:0 Epoch: [21/40], Step: [501/782], Loss: 0.085047647356987
Rank:0 Epoch: [21/40], Step: [511/782], Loss: 0.14600014686584473
Rank:0 Epoch: [21/40], Step: [521/782], Loss: 0.10443917661905289
Rank:0 Epoch: [21/40], Step: [531/782], Loss: 0.0718480721116066
Rank:0 Epoch: [21/40], Step: [541/782], Loss: 0.08563480526208878
Rank:0 Epoch: [21/40], Step: [551/782], Loss: 0.2681434750556946
Rank:0 Epoch: [21/40], Step: [561/782], Loss: 0.06396617740392685
Rank:0 Epoch: [21/40], Step: [571/782], Loss: 0.052691277116537094
Rank:0 Epoch: [21/40], Step: [581/782], Loss: 0.3006456196308136
Rank:0 Epoch: [21/40], Step: [591/782], Loss: 0.09389188885688782
Rank:0 Epoch: [21/40], Step: [601/782], Loss: 0.1423938125371933
Rank:0 Epoch: [21/40], Step: [611/782], Loss: 0.18788236379623413
Rank:0 Epoch: [21/40], Step: [621/782], Loss: 0.04495210945606232
Rank:0 Epoch: [21/40], Step: [631/782], Loss: 0.05087296664714813
Rank:0 Epoch: [21/40], Step: [641/782], Loss: 0.06656160205602646
Rank:0 Epoch: [21/40], Step: [651/782], Loss: 0.06795758008956909
Rank:0 Epoch: [21/40], Step: [661/782], Loss: 0.15560708940029144
Rank:0 Epoch: [21/40], Step: [671/782], Loss: 0.1271575540304184
Rank:0 Epoch: [21/40], Step: [681/782], Loss: 0.02322658896446228
Rank:0 Epoch: [21/40], Step: [691/782], Loss: 0.08750607073307037
Rank:0 Epoch: [21/40], Step: [701/782], Loss: 0.22129486501216888
Rank:0 Epoch: [21/40], Step: [711/782], Loss: 0.10397079586982727
Rank:0 Epoch: [21/40], Step: [721/782], Loss: 0.11692265421152115
Rank:0 Epoch: [21/40], Step: [731/782], Loss: 0.1553572714328766
Rank:0 Epoch: [21/40], Step: [741/782], Loss: 0.06513040512800217
Rank:0 Epoch: [21/40], Step: [751/782], Loss: 0.08031797409057617
Rank:0 Epoch: [21/40], Step: [761/782], Loss: 0.12972410023212433
Rank:0 Epoch: [21/40], Step: [771/782], Loss: 0.07246076315641403
Rank:0 Epoch: [21/40], Step: [781/782], Loss: 0.09850899875164032
Current Test Acc: 0.9193
Rank:0 Epoch: [22/40], Step: [1/782], Loss: 0.038210831582546234
Rank:0 Epoch: [22/40], Step: [11/782], Loss: 0.06335105746984482
Rank:0 Epoch: [22/40], Step: [21/782], Loss: 0.025837428867816925
Rank:0 Epoch: [22/40], Step: [31/782], Loss: 0.10934677720069885
Rank:0 Epoch: [22/40], Step: [41/782], Loss: 0.18999254703521729
Rank:0 Epoch: [22/40], Step: [51/782], Loss: 0.05749887600541115
Rank:0 Epoch: [22/40], Step: [61/782], Loss: 0.012231755070388317
Rank:0 Epoch: [22/40], Step: [71/782], Loss: 0.19864264130592346
Rank:0 Epoch: [22/40], Step: [81/782], Loss: 0.11612407863140106
Rank:0 Epoch: [22/40], Step: [91/782], Loss: 0.0988345816731453
Rank:0 Epoch: [22/40], Step: [101/782], Loss: 0.04434111714363098
Rank:0 Epoch: [22/40], Step: [111/782], Loss: 0.11467146128416061
Rank:0 Epoch: [22/40], Step: [121/782], Loss: 0.08381624519824982
Rank:0 Epoch: [22/40], Step: [131/782], Loss: 0.08473803848028183
Rank:0 Epoch: [22/40], Step: [141/782], Loss: 0.11295802891254425
Rank:0 Epoch: [22/40], Step: [151/782], Loss: 0.0384223610162735
Rank:0 Epoch: [22/40], Step: [161/782], Loss: 0.022492874413728714
Rank:0 Epoch: [22/40], Step: [171/782], Loss: 0.04341883957386017
Rank:0 Epoch: [22/40], Step: [181/782], Loss: 0.08703326433897018
Rank:0 Epoch: [22/40], Step: [191/782], Loss: 0.14162743091583252
Rank:0 Epoch: [22/40], Step: [201/782], Loss: 0.12427645176649094
Rank:0 Epoch: [22/40], Step: [211/782], Loss: 0.021838588640093803
Rank:0 Epoch: [22/40], Step: [221/782], Loss: 0.25101202726364136
Rank:0 Epoch: [22/40], Step: [231/782], Loss: 0.08366582542657852
Rank:0 Epoch: [22/40], Step: [241/782], Loss: 0.07064090669155121
Rank:0 Epoch: [22/40], Step: [251/782], Loss: 0.06795095652341843
Rank:0 Epoch: [22/40], Step: [261/782], Loss: 0.029122408479452133
Rank:0 Epoch: [22/40], Step: [271/782], Loss: 0.1724952906370163
Rank:0 Epoch: [22/40], Step: [281/782], Loss: 0.12142021954059601
Rank:0 Epoch: [22/40], Step: [291/782], Loss: 0.09887924790382385
Rank:0 Epoch: [22/40], Step: [301/782], Loss: 0.16809307038784027
Rank:0 Epoch: [22/40], Step: [311/782], Loss: 0.09114275127649307
Rank:0 Epoch: [22/40], Step: [321/782], Loss: 0.07948014885187149
Rank:0 Epoch: [22/40], Step: [331/782], Loss: 0.07577463239431381
Rank:0 Epoch: [22/40], Step: [341/782], Loss: 0.07227817922830582
Rank:0 Epoch: [22/40], Step: [351/782], Loss: 0.06852002441883087
Rank:0 Epoch: [22/40], Step: [361/782], Loss: 0.05098706856369972
Rank:0 Epoch: [22/40], Step: [371/782], Loss: 0.050406526774168015
Rank:0 Epoch: [22/40], Step: [381/782], Loss: 0.04655733332037926
Rank:0 Epoch: [22/40], Step: [391/782], Loss: 0.22993169724941254
Rank:0 Epoch: [22/40], Step: [401/782], Loss: 0.05012013763189316
Rank:0 Epoch: [22/40], Step: [411/782], Loss: 0.164558544754982
Rank:0 Epoch: [22/40], Step: [421/782], Loss: 0.0811099037528038
Rank:0 Epoch: [22/40], Step: [431/782], Loss: 0.12977686524391174
Rank:0 Epoch: [22/40], Step: [441/782], Loss: 0.033685192465782166
Rank:0 Epoch: [22/40], Step: [451/782], Loss: 0.023554598912596703
Rank:0 Epoch: [22/40], Step: [461/782], Loss: 0.048377327620983124
Rank:0 Epoch: [22/40], Step: [471/782], Loss: 0.20134535431861877
Rank:0 Epoch: [22/40], Step: [481/782], Loss: 0.033181332051754
Rank:0 Epoch: [22/40], Step: [491/782], Loss: 0.22482387721538544
Rank:0 Epoch: [22/40], Step: [501/782], Loss: 0.0742257833480835
Rank:0 Epoch: [22/40], Step: [511/782], Loss: 0.05929034575819969
Rank:0 Epoch: [22/40], Step: [521/782], Loss: 0.09454718977212906
Rank:0 Epoch: [22/40], Step: [531/782], Loss: 0.07304064184427261
Rank:0 Epoch: [22/40], Step: [541/782], Loss: 0.1910548061132431
Rank:0 Epoch: [22/40], Step: [551/782], Loss: 0.06025750935077667
Rank:0 Epoch: [22/40], Step: [561/782], Loss: 0.15428519248962402
Rank:0 Epoch: [22/40], Step: [571/782], Loss: 0.05258689075708389
Rank:0 Epoch: [22/40], Step: [581/782], Loss: 0.08530188351869583
Rank:0 Epoch: [22/40], Step: [591/782], Loss: 0.1110602617263794
Rank:0 Epoch: [22/40], Step: [601/782], Loss: 0.18578171730041504
Rank:0 Epoch: [22/40], Step: [611/782], Loss: 0.08104490488767624
Rank:0 Epoch: [22/40], Step: [621/782], Loss: 0.11358902603387833
Rank:0 Epoch: [22/40], Step: [631/782], Loss: 0.1834503412246704
Rank:0 Epoch: [22/40], Step: [641/782], Loss: 0.045335207134485245
Rank:0 Epoch: [22/40], Step: [651/782], Loss: 0.026269135996699333
Rank:0 Epoch: [22/40], Step: [661/782], Loss: 0.07656512409448624
Rank:0 Epoch: [22/40], Step: [671/782], Loss: 0.05319604277610779
Rank:0 Epoch: [22/40], Step: [681/782], Loss: 0.019964395090937614
Rank:0 Epoch: [22/40], Step: [691/782], Loss: 0.09631729125976562
Rank:0 Epoch: [22/40], Step: [701/782], Loss: 0.10108856111764908
Rank:0 Epoch: [22/40], Step: [711/782], Loss: 0.11904045939445496
Rank:0 Epoch: [22/40], Step: [721/782], Loss: 0.04744302108883858
Rank:0 Epoch: [22/40], Step: [731/782], Loss: 0.0844661146402359
Rank:0 Epoch: [22/40], Step: [741/782], Loss: 0.0820361003279686
Rank:0 Epoch: [22/40], Step: [751/782], Loss: 0.16929754614830017
Rank:0 Epoch: [22/40], Step: [761/782], Loss: 0.1440940797328949
Rank:0 Epoch: [22/40], Step: [771/782], Loss: 0.1795790046453476
Rank:0 Epoch: [22/40], Step: [781/782], Loss: 0.015731971710920334
Current Test Acc: 0.9221
Rank:0 Epoch: [23/40], Step: [1/782], Loss: 0.1052340492606163
Rank:0 Epoch: [23/40], Step: [11/782], Loss: 0.16740600764751434
Rank:0 Epoch: [23/40], Step: [21/782], Loss: 0.19666148722171783
Rank:0 Epoch: [23/40], Step: [31/782], Loss: 0.029312653467059135
Rank:0 Epoch: [23/40], Step: [41/782], Loss: 0.05938991159200668
Rank:0 Epoch: [23/40], Step: [51/782], Loss: 0.10143686830997467
Rank:0 Epoch: [23/40], Step: [61/782], Loss: 0.13038846850395203
Rank:0 Epoch: [23/40], Step: [71/782], Loss: 0.11391108483076096
Rank:0 Epoch: [23/40], Step: [81/782], Loss: 0.14220952987670898
Rank:0 Epoch: [23/40], Step: [91/782], Loss: 0.11356254667043686
Rank:0 Epoch: [23/40], Step: [101/782], Loss: 0.06129174306988716
Rank:0 Epoch: [23/40], Step: [111/782], Loss: 0.04872772842645645
Rank:0 Epoch: [23/40], Step: [121/782], Loss: 0.08786437660455704
Rank:0 Epoch: [23/40], Step: [131/782], Loss: 0.12851345539093018
Rank:0 Epoch: [23/40], Step: [141/782], Loss: 0.07064276188611984
Rank:0 Epoch: [23/40], Step: [151/782], Loss: 0.06629475206136703
Rank:0 Epoch: [23/40], Step: [161/782], Loss: 0.13858133554458618
Rank:0 Epoch: [23/40], Step: [171/782], Loss: 0.08122369647026062
Rank:0 Epoch: [23/40], Step: [181/782], Loss: 0.1681741625070572
Rank:0 Epoch: [23/40], Step: [191/782], Loss: 0.023402467370033264
Rank:0 Epoch: [23/40], Step: [201/782], Loss: 0.22379563748836517
Rank:0 Epoch: [23/40], Step: [211/782], Loss: 0.05333692952990532
Rank:0 Epoch: [23/40], Step: [221/782], Loss: 0.10870926827192307
Rank:0 Epoch: [23/40], Step: [231/782], Loss: 0.18464727699756622
Rank:0 Epoch: [23/40], Step: [241/782], Loss: 0.03305302932858467
Rank:0 Epoch: [23/40], Step: [251/782], Loss: 0.12286313623189926
Rank:0 Epoch: [23/40], Step: [261/782], Loss: 0.12988229095935822
Rank:0 Epoch: [23/40], Step: [271/782], Loss: 0.08028695732355118
Rank:0 Epoch: [23/40], Step: [281/782], Loss: 0.0848703682422638
Rank:0 Epoch: [23/40], Step: [291/782], Loss: 0.10449890792369843
Rank:0 Epoch: [23/40], Step: [301/782], Loss: 0.019224224612116814
Rank:0 Epoch: [23/40], Step: [311/782], Loss: 0.027454379945993423
Rank:0 Epoch: [23/40], Step: [321/782], Loss: 0.028756756335496902
Rank:0 Epoch: [23/40], Step: [331/782], Loss: 0.009818567894399166
Rank:0 Epoch: [23/40], Step: [341/782], Loss: 0.12233470380306244
Rank:0 Epoch: [23/40], Step: [351/782], Loss: 0.02804659493267536
Rank:0 Epoch: [23/40], Step: [361/782], Loss: 0.0879170373082161
Rank:0 Epoch: [23/40], Step: [371/782], Loss: 0.04205245152115822
Rank:0 Epoch: [23/40], Step: [381/782], Loss: 0.047457437962293625
Rank:0 Epoch: [23/40], Step: [391/782], Loss: 0.13187550008296967
Rank:0 Epoch: [23/40], Step: [401/782], Loss: 0.11670475453138351
Rank:0 Epoch: [23/40], Step: [411/782], Loss: 0.03128534555435181
Rank:0 Epoch: [23/40], Step: [421/782], Loss: 0.051164545118808746
Rank:0 Epoch: [23/40], Step: [431/782], Loss: 0.08823767304420471
Rank:0 Epoch: [23/40], Step: [441/782], Loss: 0.10603998601436615
Rank:0 Epoch: [23/40], Step: [451/782], Loss: 0.07263065129518509
Rank:0 Epoch: [23/40], Step: [461/782], Loss: 0.016342760995030403
Rank:0 Epoch: [23/40], Step: [471/782], Loss: 0.15114422142505646
Rank:0 Epoch: [23/40], Step: [481/782], Loss: 0.18578004837036133
Rank:0 Epoch: [23/40], Step: [491/782], Loss: 0.013398160226643085
Rank:0 Epoch: [23/40], Step: [501/782], Loss: 0.054803311824798584
Rank:0 Epoch: [23/40], Step: [511/782], Loss: 0.034133270382881165
Rank:0 Epoch: [23/40], Step: [521/782], Loss: 0.0510886050760746
Rank:0 Epoch: [23/40], Step: [531/782], Loss: 0.1452483832836151
Rank:0 Epoch: [23/40], Step: [541/782], Loss: 0.1221495196223259
Rank:0 Epoch: [23/40], Step: [551/782], Loss: 0.029303619638085365
Rank:0 Epoch: [23/40], Step: [561/782], Loss: 0.05062725022435188
Rank:0 Epoch: [23/40], Step: [571/782], Loss: 0.06089622527360916
Rank:0 Epoch: [23/40], Step: [581/782], Loss: 0.07442323118448257
Rank:0 Epoch: [23/40], Step: [591/782], Loss: 0.06104801595211029
Rank:0 Epoch: [23/40], Step: [601/782], Loss: 0.13022592663764954
Rank:0 Epoch: [23/40], Step: [611/782], Loss: 0.03850187361240387
Rank:0 Epoch: [23/40], Step: [621/782], Loss: 0.03852195292711258
Rank:0 Epoch: [23/40], Step: [631/782], Loss: 0.05767986178398132
Rank:0 Epoch: [23/40], Step: [641/782], Loss: 0.08263333886861801
Rank:0 Epoch: [23/40], Step: [651/782], Loss: 0.08385808765888214
Rank:0 Epoch: [23/40], Step: [661/782], Loss: 0.09874875098466873
Rank:0 Epoch: [23/40], Step: [671/782], Loss: 0.03497256711125374
Rank:0 Epoch: [23/40], Step: [681/782], Loss: 0.08327373117208481
Rank:0 Epoch: [23/40], Step: [691/782], Loss: 0.04862431809306145
Rank:0 Epoch: [23/40], Step: [701/782], Loss: 0.027808398008346558
Rank:0 Epoch: [23/40], Step: [711/782], Loss: 0.15913359820842743
Rank:0 Epoch: [23/40], Step: [721/782], Loss: 0.03878865763545036
Rank:0 Epoch: [23/40], Step: [731/782], Loss: 0.019039489328861237
Rank:0 Epoch: [23/40], Step: [741/782], Loss: 0.04858987405896187
Rank:0 Epoch: [23/40], Step: [751/782], Loss: 0.12353936582803726
Rank:0 Epoch: [23/40], Step: [761/782], Loss: 0.04774916544556618
Rank:0 Epoch: [23/40], Step: [771/782], Loss: 0.10364242643117905
Rank:0 Epoch: [23/40], Step: [781/782], Loss: 0.04992777481675148
Current Test Acc: 0.9237
Rank:0 Epoch: [24/40], Step: [1/782], Loss: 0.0978810265660286
Rank:0 Epoch: [24/40], Step: [11/782], Loss: 0.0753733217716217
Rank:0 Epoch: [24/40], Step: [21/782], Loss: 0.06350861489772797
Rank:0 Epoch: [24/40], Step: [31/782], Loss: 0.062077850103378296
Rank:0 Epoch: [24/40], Step: [41/782], Loss: 0.03755376860499382
Rank:0 Epoch: [24/40], Step: [51/782], Loss: 0.04666933789849281
Rank:0 Epoch: [24/40], Step: [61/782], Loss: 0.02579859085381031
Rank:0 Epoch: [24/40], Step: [71/782], Loss: 0.07336040586233139
Rank:0 Epoch: [24/40], Step: [81/782], Loss: 0.0735740214586258
Rank:0 Epoch: [24/40], Step: [91/782], Loss: 0.1219930574297905
Rank:0 Epoch: [24/40], Step: [101/782], Loss: 0.05357741937041283
Rank:0 Epoch: [24/40], Step: [111/782], Loss: 0.23900353908538818
Rank:0 Epoch: [24/40], Step: [121/782], Loss: 0.059162721037864685
Rank:0 Epoch: [24/40], Step: [131/782], Loss: 0.09574063867330551
Rank:0 Epoch: [24/40], Step: [141/782], Loss: 0.0705723986029625
Rank:0 Epoch: [24/40], Step: [151/782], Loss: 0.08179853856563568
Rank:0 Epoch: [24/40], Step: [161/782], Loss: 0.03311756253242493
Rank:0 Epoch: [24/40], Step: [171/782], Loss: 0.04964734613895416
Rank:0 Epoch: [24/40], Step: [181/782], Loss: 0.1780051738023758
Rank:0 Epoch: [24/40], Step: [191/782], Loss: 0.034355808049440384
Rank:0 Epoch: [24/40], Step: [201/782], Loss: 0.07670017331838608
Rank:0 Epoch: [24/40], Step: [211/782], Loss: 0.14780284464359283
Rank:0 Epoch: [24/40], Step: [221/782], Loss: 0.08960320055484772
Rank:0 Epoch: [24/40], Step: [231/782], Loss: 0.08462661504745483
Rank:0 Epoch: [24/40], Step: [241/782], Loss: 0.045840416103601456
Rank:0 Epoch: [24/40], Step: [251/782], Loss: 0.02153850346803665
Rank:0 Epoch: [24/40], Step: [261/782], Loss: 0.02717464044690132
Rank:0 Epoch: [24/40], Step: [271/782], Loss: 0.024220483377575874
Rank:0 Epoch: [24/40], Step: [281/782], Loss: 0.06638430804014206
Rank:0 Epoch: [24/40], Step: [291/782], Loss: 0.0308641716837883
Rank:0 Epoch: [24/40], Step: [301/782], Loss: 0.05230630561709404
Rank:0 Epoch: [24/40], Step: [311/782], Loss: 0.054533734917640686
Rank:0 Epoch: [24/40], Step: [321/782], Loss: 0.08392240107059479
Rank:0 Epoch: [24/40], Step: [331/782], Loss: 0.06853839755058289
Rank:0 Epoch: [24/40], Step: [341/782], Loss: 0.018459677696228027
Rank:0 Epoch: [24/40], Step: [351/782], Loss: 0.046314217150211334
Rank:0 Epoch: [24/40], Step: [361/782], Loss: 0.04418211802840233
Rank:0 Epoch: [24/40], Step: [371/782], Loss: 0.05184153467416763
Rank:0 Epoch: [24/40], Step: [381/782], Loss: 0.030804699286818504
Rank:0 Epoch: [24/40], Step: [391/782], Loss: 0.042760219424963
Rank:0 Epoch: [24/40], Step: [401/782], Loss: 0.018724922090768814
Rank:0 Epoch: [24/40], Step: [411/782], Loss: 0.1107989177107811
Rank:0 Epoch: [24/40], Step: [421/782], Loss: 0.03713121637701988
Rank:0 Epoch: [24/40], Step: [431/782], Loss: 0.18610291182994843
Rank:0 Epoch: [24/40], Step: [441/782], Loss: 0.056141119450330734
Rank:0 Epoch: [24/40], Step: [451/782], Loss: 0.09129652380943298
Rank:0 Epoch: [24/40], Step: [461/782], Loss: 0.09778927266597748
Rank:0 Epoch: [24/40], Step: [471/782], Loss: 0.03407099097967148
Rank:0 Epoch: [24/40], Step: [481/782], Loss: 0.40632909536361694
Rank:0 Epoch: [24/40], Step: [491/782], Loss: 0.14270877838134766
Rank:0 Epoch: [24/40], Step: [501/782], Loss: 0.052775874733924866
Rank:0 Epoch: [24/40], Step: [511/782], Loss: 0.05337764322757721
Rank:0 Epoch: [24/40], Step: [521/782], Loss: 0.12754753232002258
Rank:0 Epoch: [24/40], Step: [531/782], Loss: 0.06822789460420609
Rank:0 Epoch: [24/40], Step: [541/782], Loss: 0.1177288144826889
Rank:0 Epoch: [24/40], Step: [551/782], Loss: 0.015013432130217552
Rank:0 Epoch: [24/40], Step: [561/782], Loss: 0.03677867352962494
Rank:0 Epoch: [24/40], Step: [571/782], Loss: 0.038941822946071625
Rank:0 Epoch: [24/40], Step: [581/782], Loss: 0.05650929734110832
Rank:0 Epoch: [24/40], Step: [591/782], Loss: 0.011744706891477108
Rank:0 Epoch: [24/40], Step: [601/782], Loss: 0.09778439253568649
Rank:0 Epoch: [24/40], Step: [611/782], Loss: 0.03700707480311394
Rank:0 Epoch: [24/40], Step: [621/782], Loss: 0.01266687922179699
Rank:0 Epoch: [24/40], Step: [631/782], Loss: 0.03022359311580658
Rank:0 Epoch: [24/40], Step: [641/782], Loss: 0.05614228546619415
Rank:0 Epoch: [24/40], Step: [651/782], Loss: 0.17266042530536652
Rank:0 Epoch: [24/40], Step: [661/782], Loss: 0.011413405649363995
Rank:0 Epoch: [24/40], Step: [671/782], Loss: 0.02840898185968399
Rank:0 Epoch: [24/40], Step: [681/782], Loss: 0.002883251290768385
Rank:0 Epoch: [24/40], Step: [691/782], Loss: 0.03015151247382164
Rank:0 Epoch: [24/40], Step: [701/782], Loss: 0.013498838990926743
Rank:0 Epoch: [24/40], Step: [711/782], Loss: 0.08071109652519226
Rank:0 Epoch: [24/40], Step: [721/782], Loss: 0.05943828076124191
Rank:0 Epoch: [24/40], Step: [731/782], Loss: 0.048383746296167374
Rank:0 Epoch: [24/40], Step: [741/782], Loss: 0.06023460254073143
Rank:0 Epoch: [24/40], Step: [751/782], Loss: 0.017151640728116035
Rank:0 Epoch: [24/40], Step: [761/782], Loss: 0.19138018786907196
Rank:0 Epoch: [24/40], Step: [771/782], Loss: 0.08445996791124344
Rank:0 Epoch: [24/40], Step: [781/782], Loss: 0.06254132837057114
Current Test Acc: 0.9247
Rank:0 Epoch: [25/40], Step: [1/782], Loss: 0.12268149852752686
Rank:0 Epoch: [25/40], Step: [11/782], Loss: 0.007468470372259617
Rank:0 Epoch: [25/40], Step: [21/782], Loss: 0.017894282937049866
Rank:0 Epoch: [25/40], Step: [31/782], Loss: 0.014030412770807743
Rank:0 Epoch: [25/40], Step: [41/782], Loss: 0.04546327516436577
Rank:0 Epoch: [25/40], Step: [51/782], Loss: 0.049216363579034805
Rank:0 Epoch: [25/40], Step: [61/782], Loss: 0.051790110766887665
Rank:0 Epoch: [25/40], Step: [71/782], Loss: 0.0454631932079792
Rank:0 Epoch: [25/40], Step: [81/782], Loss: 0.05800569802522659
Rank:0 Epoch: [25/40], Step: [91/782], Loss: 0.05894693732261658
Rank:0 Epoch: [25/40], Step: [101/782], Loss: 0.027073374018073082
Rank:0 Epoch: [25/40], Step: [111/782], Loss: 0.0703544169664383
Rank:0 Epoch: [25/40], Step: [121/782], Loss: 0.02912757731974125
Rank:0 Epoch: [25/40], Step: [131/782], Loss: 0.009997919201850891
Rank:0 Epoch: [25/40], Step: [141/782], Loss: 0.10230227559804916
Rank:0 Epoch: [25/40], Step: [151/782], Loss: 0.03969160467386246
Rank:0 Epoch: [25/40], Step: [161/782], Loss: 0.0061639235354959965
Rank:0 Epoch: [25/40], Step: [171/782], Loss: 0.05170948803424835
Rank:0 Epoch: [25/40], Step: [181/782], Loss: 0.016471652314066887
Rank:0 Epoch: [25/40], Step: [191/782], Loss: 0.012083646841347218
Rank:0 Epoch: [25/40], Step: [201/782], Loss: 0.06616339832544327
Rank:0 Epoch: [25/40], Step: [211/782], Loss: 0.060307711362838745
Rank:0 Epoch: [25/40], Step: [221/782], Loss: 0.016052376478910446
Rank:0 Epoch: [25/40], Step: [231/782], Loss: 0.01633749157190323
Rank:0 Epoch: [25/40], Step: [241/782], Loss: 0.034458260983228683
Rank:0 Epoch: [25/40], Step: [251/782], Loss: 0.02353592775762081
Rank:0 Epoch: [25/40], Step: [261/782], Loss: 0.024129129946231842
Rank:0 Epoch: [25/40], Step: [271/782], Loss: 0.09728038311004639
Rank:0 Epoch: [25/40], Step: [281/782], Loss: 0.016325701028108597
Rank:0 Epoch: [25/40], Step: [291/782], Loss: 0.022122448310256004
Rank:0 Epoch: [25/40], Step: [301/782], Loss: 0.07536832988262177
Rank:0 Epoch: [25/40], Step: [311/782], Loss: 0.2776874005794525
Rank:0 Epoch: [25/40], Step: [321/782], Loss: 0.031645268201828
Rank:0 Epoch: [25/40], Step: [331/782], Loss: 0.01794409193098545
Rank:0 Epoch: [25/40], Step: [341/782], Loss: 0.07333012670278549
Rank:0 Epoch: [25/40], Step: [351/782], Loss: 0.1048576757311821
Rank:0 Epoch: [25/40], Step: [361/782], Loss: 0.041280098259449005
Rank:0 Epoch: [25/40], Step: [371/782], Loss: 0.08253519982099533
Rank:0 Epoch: [25/40], Step: [381/782], Loss: 0.10288747400045395
Rank:0 Epoch: [25/40], Step: [391/782], Loss: 0.05146561935544014
Rank:0 Epoch: [25/40], Step: [401/782], Loss: 0.03855572268366814
Rank:0 Epoch: [25/40], Step: [411/782], Loss: 0.027193520218133926
Rank:0 Epoch: [25/40], Step: [421/782], Loss: 0.11461100727319717
Rank:0 Epoch: [25/40], Step: [431/782], Loss: 0.049438316375017166
Rank:0 Epoch: [25/40], Step: [441/782], Loss: 0.02947208844125271
Rank:0 Epoch: [25/40], Step: [451/782], Loss: 0.024600554257631302
Rank:0 Epoch: [25/40], Step: [461/782], Loss: 0.007763375528156757
Rank:0 Epoch: [25/40], Step: [471/782], Loss: 0.12540312111377716
Rank:0 Epoch: [25/40], Step: [481/782], Loss: 0.10337380319833755
Rank:0 Epoch: [25/40], Step: [491/782], Loss: 0.06183795630931854
Rank:0 Epoch: [25/40], Step: [501/782], Loss: 0.02230760082602501
Rank:0 Epoch: [25/40], Step: [511/782], Loss: 0.03900175914168358
Rank:0 Epoch: [25/40], Step: [521/782], Loss: 0.06640949845314026
Rank:0 Epoch: [25/40], Step: [531/782], Loss: 0.07756128907203674
Rank:0 Epoch: [25/40], Step: [541/782], Loss: 0.09001476317644119
Rank:0 Epoch: [25/40], Step: [551/782], Loss: 0.03637238219380379
Rank:0 Epoch: [25/40], Step: [561/782], Loss: 0.06927943974733353
Rank:0 Epoch: [25/40], Step: [571/782], Loss: 0.02758130617439747
Rank:0 Epoch: [25/40], Step: [581/782], Loss: 0.1202191635966301
Rank:0 Epoch: [25/40], Step: [591/782], Loss: 0.07798052579164505
Rank:0 Epoch: [25/40], Step: [601/782], Loss: 0.13948175311088562
Rank:0 Epoch: [25/40], Step: [611/782], Loss: 0.04006754234433174
Rank:0 Epoch: [25/40], Step: [621/782], Loss: 0.07288075238466263
Rank:0 Epoch: [25/40], Step: [631/782], Loss: 0.12039519101381302
Rank:0 Epoch: [25/40], Step: [641/782], Loss: 0.014692801982164383
Rank:0 Epoch: [25/40], Step: [651/782], Loss: 0.22980044782161713
Rank:0 Epoch: [25/40], Step: [661/782], Loss: 0.05134172737598419
Rank:0 Epoch: [25/40], Step: [671/782], Loss: 0.15453177690505981
Rank:0 Epoch: [25/40], Step: [681/782], Loss: 0.15073995292186737
Rank:0 Epoch: [25/40], Step: [691/782], Loss: 0.08427714556455612
Rank:0 Epoch: [25/40], Step: [701/782], Loss: 0.10683584213256836
Rank:0 Epoch: [25/40], Step: [711/782], Loss: 0.1641438752412796
Rank:0 Epoch: [25/40], Step: [721/782], Loss: 0.17950880527496338
Rank:0 Epoch: [25/40], Step: [731/782], Loss: 0.08547834306955338
Rank:0 Epoch: [25/40], Step: [741/782], Loss: 0.03964316099882126
Rank:0 Epoch: [25/40], Step: [751/782], Loss: 0.04835791885852814
Rank:0 Epoch: [25/40], Step: [761/782], Loss: 0.17725662887096405
Rank:0 Epoch: [25/40], Step: [771/782], Loss: 0.07171866297721863
Rank:0 Epoch: [25/40], Step: [781/782], Loss: 0.06626829504966736
Current Test Acc: 0.9268
Rank:0 Epoch: [26/40], Step: [1/782], Loss: 0.023774977773427963
Rank:0 Epoch: [26/40], Step: [11/782], Loss: 0.14271226525306702
Rank:0 Epoch: [26/40], Step: [21/782], Loss: 0.032218944281339645
Rank:0 Epoch: [26/40], Step: [31/782], Loss: 0.029388949275016785
Rank:0 Epoch: [26/40], Step: [41/782], Loss: 0.03125213086605072
Rank:0 Epoch: [26/40], Step: [51/782], Loss: 0.024928953498601913
Rank:0 Epoch: [26/40], Step: [61/782], Loss: 0.018311738967895508
Rank:0 Epoch: [26/40], Step: [71/782], Loss: 0.013733087107539177
Rank:0 Epoch: [26/40], Step: [81/782], Loss: 0.01079803891479969
Rank:0 Epoch: [26/40], Step: [91/782], Loss: 0.009717157110571861
Rank:0 Epoch: [26/40], Step: [101/782], Loss: 0.016455870121717453
Rank:0 Epoch: [26/40], Step: [111/782], Loss: 0.1495208889245987
Rank:0 Epoch: [26/40], Step: [121/782], Loss: 0.07964514195919037
Rank:0 Epoch: [26/40], Step: [131/782], Loss: 0.009147398173809052
Rank:0 Epoch: [26/40], Step: [141/782], Loss: 0.0192117802798748
Rank:0 Epoch: [26/40], Step: [151/782], Loss: 0.08516309410333633
Rank:0 Epoch: [26/40], Step: [161/782], Loss: 0.023033028468489647
Rank:0 Epoch: [26/40], Step: [171/782], Loss: 0.11739134788513184
Rank:0 Epoch: [26/40], Step: [181/782], Loss: 0.10169017314910889
Rank:0 Epoch: [26/40], Step: [191/782], Loss: 0.013577845878899097
Rank:0 Epoch: [26/40], Step: [201/782], Loss: 0.0919082760810852
Rank:0 Epoch: [26/40], Step: [211/782], Loss: 0.06195174157619476
Rank:0 Epoch: [26/40], Step: [221/782], Loss: 0.064379021525383
Rank:0 Epoch: [26/40], Step: [231/782], Loss: 0.03729388490319252
Rank:0 Epoch: [26/40], Step: [241/782], Loss: 0.09822402149438858
Rank:0 Epoch: [26/40], Step: [251/782], Loss: 0.05532197281718254
Rank:0 Epoch: [26/40], Step: [261/782], Loss: 0.15240055322647095
Rank:0 Epoch: [26/40], Step: [271/782], Loss: 0.05237468704581261
Rank:0 Epoch: [26/40], Step: [281/782], Loss: 0.05855973809957504
Rank:0 Epoch: [26/40], Step: [291/782], Loss: 0.08322746306657791
Rank:0 Epoch: [26/40], Step: [301/782], Loss: 0.03125627711415291
Rank:0 Epoch: [26/40], Step: [311/782], Loss: 0.023250911384820938
Rank:0 Epoch: [26/40], Step: [321/782], Loss: 0.06016013026237488
Rank:0 Epoch: [26/40], Step: [331/782], Loss: 0.007487748749554157
Rank:0 Epoch: [26/40], Step: [341/782], Loss: 0.0910051092505455
Rank:0 Epoch: [26/40], Step: [351/782], Loss: 0.13731765747070312
Rank:0 Epoch: [26/40], Step: [361/782], Loss: 0.14686782658100128
Rank:0 Epoch: [26/40], Step: [371/782], Loss: 0.09748470038175583
Rank:0 Epoch: [26/40], Step: [381/782], Loss: 0.00450804503634572
Rank:0 Epoch: [26/40], Step: [391/782], Loss: 0.04526909440755844
Rank:0 Epoch: [26/40], Step: [401/782], Loss: 0.0670442134141922
Rank:0 Epoch: [26/40], Step: [411/782], Loss: 0.05193459242582321
Rank:0 Epoch: [26/40], Step: [421/782], Loss: 0.03682247921824455
Rank:0 Epoch: [26/40], Step: [431/782], Loss: 0.1273721307516098
Rank:0 Epoch: [26/40], Step: [441/782], Loss: 0.11447286605834961
Rank:0 Epoch: [26/40], Step: [451/782], Loss: 0.007905463688075542
Rank:0 Epoch: [26/40], Step: [461/782], Loss: 0.01732470467686653
Rank:0 Epoch: [26/40], Step: [471/782], Loss: 0.032817911356687546
Rank:0 Epoch: [26/40], Step: [481/782], Loss: 0.01301743183284998
Rank:0 Epoch: [26/40], Step: [491/782], Loss: 0.00699745025485754
Rank:0 Epoch: [26/40], Step: [501/782], Loss: 0.07770191133022308
Rank:0 Epoch: [26/40], Step: [511/782], Loss: 0.042683281004428864
Rank:0 Epoch: [26/40], Step: [521/782], Loss: 0.08486322313547134
Rank:0 Epoch: [26/40], Step: [531/782], Loss: 0.017584102228283882
Rank:0 Epoch: [26/40], Step: [541/782], Loss: 0.04309844598174095
Rank:0 Epoch: [26/40], Step: [551/782], Loss: 0.03004349395632744
Rank:0 Epoch: [26/40], Step: [561/782], Loss: 0.1754816621541977
Rank:0 Epoch: [26/40], Step: [571/782], Loss: 0.03386908397078514
Rank:0 Epoch: [26/40], Step: [581/782], Loss: 0.054334383457899094
Rank:0 Epoch: [26/40], Step: [591/782], Loss: 0.015459936112165451
Rank:0 Epoch: [26/40], Step: [601/782], Loss: 0.030611969530582428
Rank:0 Epoch: [26/40], Step: [611/782], Loss: 0.03387310355901718
Rank:0 Epoch: [26/40], Step: [621/782], Loss: 0.019493987783789635
Rank:0 Epoch: [26/40], Step: [631/782], Loss: 0.01246781088411808
Rank:0 Epoch: [26/40], Step: [641/782], Loss: 0.05527555197477341
Rank:0 Epoch: [26/40], Step: [651/782], Loss: 0.05269884318113327
Rank:0 Epoch: [26/40], Step: [661/782], Loss: 0.008802595548331738
Rank:0 Epoch: [26/40], Step: [671/782], Loss: 0.03457142040133476
Rank:0 Epoch: [26/40], Step: [681/782], Loss: 0.02538071945309639
Rank:0 Epoch: [26/40], Step: [691/782], Loss: 0.0358305349946022
Rank:0 Epoch: [26/40], Step: [701/782], Loss: 0.12105634808540344
Rank:0 Epoch: [26/40], Step: [711/782], Loss: 0.1446107178926468
Rank:0 Epoch: [26/40], Step: [721/782], Loss: 0.05233138054609299
Rank:0 Epoch: [26/40], Step: [731/782], Loss: 0.050273746252059937
Rank:0 Epoch: [26/40], Step: [741/782], Loss: 0.041264936327934265
Rank:0 Epoch: [26/40], Step: [751/782], Loss: 0.03182433173060417
Rank:0 Epoch: [26/40], Step: [761/782], Loss: 0.027250617742538452
Rank:0 Epoch: [26/40], Step: [771/782], Loss: 0.012038218788802624
Rank:0 Epoch: [26/40], Step: [781/782], Loss: 0.15245488286018372
Current Test Acc: 0.9264
Rank:0 Epoch: [27/40], Step: [1/782], Loss: 0.07308650016784668
Rank:0 Epoch: [27/40], Step: [11/782], Loss: 0.032968174666166306
Rank:0 Epoch: [27/40], Step: [21/782], Loss: 0.01457129418849945
Rank:0 Epoch: [27/40], Step: [31/782], Loss: 0.053421251475811005
Rank:0 Epoch: [27/40], Step: [41/782], Loss: 0.010553271509706974
Rank:0 Epoch: [27/40], Step: [51/782], Loss: 0.014237440191209316
Rank:0 Epoch: [27/40], Step: [61/782], Loss: 0.024261580780148506
Rank:0 Epoch: [27/40], Step: [71/782], Loss: 0.036476410925388336
Rank:0 Epoch: [27/40], Step: [81/782], Loss: 0.009257120080292225
Rank:0 Epoch: [27/40], Step: [91/782], Loss: 0.02061026729643345
Rank:0 Epoch: [27/40], Step: [101/782], Loss: 0.039896152913570404
Rank:0 Epoch: [27/40], Step: [111/782], Loss: 0.057308584451675415
Rank:0 Epoch: [27/40], Step: [121/782], Loss: 0.0289654228836298
Rank:0 Epoch: [27/40], Step: [131/782], Loss: 0.00647869473323226
Rank:0 Epoch: [27/40], Step: [141/782], Loss: 0.006967455614358187
Rank:0 Epoch: [27/40], Step: [151/782], Loss: 0.031573183834552765
Rank:0 Epoch: [27/40], Step: [161/782], Loss: 0.029184116050601006
Rank:0 Epoch: [27/40], Step: [171/782], Loss: 0.03864796459674835
Rank:0 Epoch: [27/40], Step: [181/782], Loss: 0.042081352323293686
Rank:0 Epoch: [27/40], Step: [191/782], Loss: 0.014361324720084667
Rank:0 Epoch: [27/40], Step: [201/782], Loss: 0.025210930034518242
Rank:0 Epoch: [27/40], Step: [211/782], Loss: 0.0512608177959919
Rank:0 Epoch: [27/40], Step: [221/782], Loss: 0.05585334077477455
Rank:0 Epoch: [27/40], Step: [231/782], Loss: 0.12513203918933868
Rank:0 Epoch: [27/40], Step: [241/782], Loss: 0.015669459477066994
Rank:0 Epoch: [27/40], Step: [251/782], Loss: 0.008335277438163757
Rank:0 Epoch: [27/40], Step: [261/782], Loss: 0.023334665223956108
Rank:0 Epoch: [27/40], Step: [271/782], Loss: 0.04072350263595581
Rank:0 Epoch: [27/40], Step: [281/782], Loss: 0.010604439303278923
Rank:0 Epoch: [27/40], Step: [291/782], Loss: 0.02984992414712906
Rank:0 Epoch: [27/40], Step: [301/782], Loss: 0.36016425490379333
Rank:0 Epoch: [27/40], Step: [311/782], Loss: 0.06741093844175339
Rank:0 Epoch: [27/40], Step: [321/782], Loss: 0.022430580109357834
Rank:0 Epoch: [27/40], Step: [331/782], Loss: 0.06190953031182289
Rank:0 Epoch: [27/40], Step: [341/782], Loss: 0.09392205625772476
Rank:0 Epoch: [27/40], Step: [351/782], Loss: 0.02701432630419731
Rank:0 Epoch: [27/40], Step: [361/782], Loss: 0.09926223754882812
Rank:0 Epoch: [27/40], Step: [371/782], Loss: 0.08915868401527405
Rank:0 Epoch: [27/40], Step: [381/782], Loss: 0.009828147478401661
Rank:0 Epoch: [27/40], Step: [391/782], Loss: 0.007508683949708939
Rank:0 Epoch: [27/40], Step: [401/782], Loss: 0.01292718481272459
Rank:0 Epoch: [27/40], Step: [411/782], Loss: 0.051567111164331436
Rank:0 Epoch: [27/40], Step: [421/782], Loss: 0.07896227389574051
Rank:0 Epoch: [27/40], Step: [431/782], Loss: 0.005995614919811487
Rank:0 Epoch: [27/40], Step: [441/782], Loss: 0.055901527404785156
Rank:0 Epoch: [27/40], Step: [451/782], Loss: 0.06286928802728653
Rank:0 Epoch: [27/40], Step: [461/782], Loss: 0.13361555337905884
Rank:0 Epoch: [27/40], Step: [471/782], Loss: 0.01158930268138647
Rank:0 Epoch: [27/40], Step: [481/782], Loss: 0.06518950313329697
Rank:0 Epoch: [27/40], Step: [491/782], Loss: 0.09041548520326614
Rank:0 Epoch: [27/40], Step: [501/782], Loss: 0.010981940664350986
Rank:0 Epoch: [27/40], Step: [511/782], Loss: 0.021261457353830338
Rank:0 Epoch: [27/40], Step: [521/782], Loss: 0.06839361041784286
Rank:0 Epoch: [27/40], Step: [531/782], Loss: 0.013999303802847862
Rank:0 Epoch: [27/40], Step: [541/782], Loss: 0.01650441437959671
Rank:0 Epoch: [27/40], Step: [551/782], Loss: 0.08383048325777054
Rank:0 Epoch: [27/40], Step: [561/782], Loss: 0.08204800635576248
Rank:0 Epoch: [27/40], Step: [571/782], Loss: 0.07182836532592773
Rank:0 Epoch: [27/40], Step: [581/782], Loss: 0.00902108009904623
Rank:0 Epoch: [27/40], Step: [591/782], Loss: 0.08805782347917557
Rank:0 Epoch: [27/40], Step: [601/782], Loss: 0.03742223232984543
Rank:0 Epoch: [27/40], Step: [611/782], Loss: 0.10419465601444244
Rank:0 Epoch: [27/40], Step: [621/782], Loss: 0.057481564581394196
Rank:0 Epoch: [27/40], Step: [631/782], Loss: 0.048104796558618546
Rank:0 Epoch: [27/40], Step: [641/782], Loss: 0.1017923578619957
Rank:0 Epoch: [27/40], Step: [651/782], Loss: 0.07788562774658203
Rank:0 Epoch: [27/40], Step: [661/782], Loss: 0.07864104211330414
Rank:0 Epoch: [27/40], Step: [671/782], Loss: 0.03323075547814369
Rank:0 Epoch: [27/40], Step: [681/782], Loss: 0.05275173485279083
Rank:0 Epoch: [27/40], Step: [691/782], Loss: 0.05567251145839691
Rank:0 Epoch: [27/40], Step: [701/782], Loss: 0.12540972232818604
Rank:0 Epoch: [27/40], Step: [711/782], Loss: 0.03893304988741875
Rank:0 Epoch: [27/40], Step: [721/782], Loss: 0.032815951853990555
Rank:0 Epoch: [27/40], Step: [731/782], Loss: 0.05947725474834442
Rank:0 Epoch: [27/40], Step: [741/782], Loss: 0.1183815598487854
Rank:0 Epoch: [27/40], Step: [751/782], Loss: 0.02623402327299118
Rank:0 Epoch: [27/40], Step: [761/782], Loss: 0.05921076983213425
Rank:0 Epoch: [27/40], Step: [771/782], Loss: 0.07934774458408356
Rank:0 Epoch: [27/40], Step: [781/782], Loss: 0.07449682056903839
Current Test Acc: 0.9253
Rank:0 Epoch: [28/40], Step: [1/782], Loss: 0.005846346728503704
Rank:0 Epoch: [28/40], Step: [11/782], Loss: 0.06697864830493927
Rank:0 Epoch: [28/40], Step: [21/782], Loss: 0.031023573130369186
Rank:0 Epoch: [28/40], Step: [31/782], Loss: 0.053639691323041916
Rank:0 Epoch: [28/40], Step: [41/782], Loss: 0.07687030732631683
Rank:0 Epoch: [28/40], Step: [51/782], Loss: 0.02933478355407715
Rank:0 Epoch: [28/40], Step: [61/782], Loss: 0.018722210079431534
Rank:0 Epoch: [28/40], Step: [71/782], Loss: 0.08916293829679489
Rank:0 Epoch: [28/40], Step: [81/782], Loss: 0.051272615790367126
Rank:0 Epoch: [28/40], Step: [91/782], Loss: 0.014068675227463245
Rank:0 Epoch: [28/40], Step: [101/782], Loss: 0.07249762117862701
Rank:0 Epoch: [28/40], Step: [111/782], Loss: 0.06274601072072983
Rank:0 Epoch: [28/40], Step: [121/782], Loss: 0.011476677842438221
Rank:0 Epoch: [28/40], Step: [131/782], Loss: 0.026404552161693573
Rank:0 Epoch: [28/40], Step: [141/782], Loss: 0.006284303497523069
Rank:0 Epoch: [28/40], Step: [151/782], Loss: 0.06917830556631088
Rank:0 Epoch: [28/40], Step: [161/782], Loss: 0.05590417608618736
Rank:0 Epoch: [28/40], Step: [171/782], Loss: 0.02630452811717987
Rank:0 Epoch: [28/40], Step: [181/782], Loss: 0.00374228716827929
Rank:0 Epoch: [28/40], Step: [191/782], Loss: 0.010335799306631088
Rank:0 Epoch: [28/40], Step: [201/782], Loss: 0.04451899975538254
Rank:0 Epoch: [28/40], Step: [211/782], Loss: 0.03088318556547165
Rank:0 Epoch: [28/40], Step: [221/782], Loss: 0.006508760154247284
Rank:0 Epoch: [28/40], Step: [231/782], Loss: 0.014424421824514866
Rank:0 Epoch: [28/40], Step: [241/782], Loss: 0.13169929385185242
Rank:0 Epoch: [28/40], Step: [251/782], Loss: 0.02083396166563034
Rank:0 Epoch: [28/40], Step: [261/782], Loss: 0.04436492919921875
Rank:0 Epoch: [28/40], Step: [271/782], Loss: 0.02752002328634262
Rank:0 Epoch: [28/40], Step: [281/782], Loss: 0.04904092848300934
Rank:0 Epoch: [28/40], Step: [291/782], Loss: 0.0399165078997612
Rank:0 Epoch: [28/40], Step: [301/782], Loss: 0.04431970417499542
Rank:0 Epoch: [28/40], Step: [311/782], Loss: 0.021725958213210106
Rank:0 Epoch: [28/40], Step: [321/782], Loss: 0.08674018830060959
Rank:0 Epoch: [28/40], Step: [331/782], Loss: 0.03019716404378414
Rank:0 Epoch: [28/40], Step: [341/782], Loss: 0.053785230964422226
Rank:0 Epoch: [28/40], Step: [351/782], Loss: 0.005080854054540396
Rank:0 Epoch: [28/40], Step: [361/782], Loss: 0.018132323399186134
Rank:0 Epoch: [28/40], Step: [371/782], Loss: 0.021348848938941956
Rank:0 Epoch: [28/40], Step: [381/782], Loss: 0.11932296305894852
Rank:0 Epoch: [28/40], Step: [391/782], Loss: 0.039030712097883224
Rank:0 Epoch: [28/40], Step: [401/782], Loss: 0.0370289571583271
Rank:0 Epoch: [28/40], Step: [411/782], Loss: 0.1512937694787979
Rank:0 Epoch: [28/40], Step: [421/782], Loss: 0.034322138875722885
Rank:0 Epoch: [28/40], Step: [431/782], Loss: 0.007775261998176575
Rank:0 Epoch: [28/40], Step: [441/782], Loss: 0.11611189693212509
Rank:0 Epoch: [28/40], Step: [451/782], Loss: 0.022142115980386734
Rank:0 Epoch: [28/40], Step: [461/782], Loss: 0.12086671590805054
Rank:0 Epoch: [28/40], Step: [471/782], Loss: 0.03034474514424801
Rank:0 Epoch: [28/40], Step: [481/782], Loss: 0.06227552890777588
Rank:0 Epoch: [28/40], Step: [491/782], Loss: 0.025815388187766075
Rank:0 Epoch: [28/40], Step: [501/782], Loss: 0.005378536880016327
Rank:0 Epoch: [28/40], Step: [511/782], Loss: 0.10061577707529068
Rank:0 Epoch: [28/40], Step: [521/782], Loss: 0.06296949088573456
Rank:0 Epoch: [28/40], Step: [531/782], Loss: 0.007458027917891741
Rank:0 Epoch: [28/40], Step: [541/782], Loss: 0.01887432299554348
Rank:0 Epoch: [28/40], Step: [551/782], Loss: 0.023244112730026245
Rank:0 Epoch: [28/40], Step: [561/782], Loss: 0.0056165712885558605
Rank:0 Epoch: [28/40], Step: [571/782], Loss: 0.009901415556669235
Rank:0 Epoch: [28/40], Step: [581/782], Loss: 0.041203636676073074
Rank:0 Epoch: [28/40], Step: [591/782], Loss: 0.05643521994352341
Rank:0 Epoch: [28/40], Step: [601/782], Loss: 0.018118515610694885
Rank:0 Epoch: [28/40], Step: [611/782], Loss: 0.03137906640768051
Rank:0 Epoch: [28/40], Step: [621/782], Loss: 0.013004539534449577
Rank:0 Epoch: [28/40], Step: [631/782], Loss: 0.059805795550346375
Rank:0 Epoch: [28/40], Step: [641/782], Loss: 0.021725434809923172
Rank:0 Epoch: [28/40], Step: [651/782], Loss: 0.05105602368712425
Rank:0 Epoch: [28/40], Step: [661/782], Loss: 0.0028539004269987345
Rank:0 Epoch: [28/40], Step: [671/782], Loss: 0.05338159576058388
Rank:0 Epoch: [28/40], Step: [681/782], Loss: 0.02395188994705677
Rank:0 Epoch: [28/40], Step: [691/782], Loss: 0.12513267993927002
Rank:0 Epoch: [28/40], Step: [701/782], Loss: 0.06364642828702927
Rank:0 Epoch: [28/40], Step: [711/782], Loss: 0.04453768953680992
Rank:0 Epoch: [28/40], Step: [721/782], Loss: 0.08928178250789642
Rank:0 Epoch: [28/40], Step: [731/782], Loss: 0.012120005674660206
Rank:0 Epoch: [28/40], Step: [741/782], Loss: 0.016404077410697937
Rank:0 Epoch: [28/40], Step: [751/782], Loss: 0.016695670783519745
Rank:0 Epoch: [28/40], Step: [761/782], Loss: 0.00442094262689352
Rank:0 Epoch: [28/40], Step: [771/782], Loss: 0.011079353280365467
Rank:0 Epoch: [28/40], Step: [781/782], Loss: 0.056668270379304886
Current Test Acc: 0.9243
Rank:0 Epoch: [29/40], Step: [1/782], Loss: 0.04756326600909233
Rank:0 Epoch: [29/40], Step: [11/782], Loss: 0.011978917755186558
Rank:0 Epoch: [29/40], Step: [21/782], Loss: 0.034026261419057846
Rank:0 Epoch: [29/40], Step: [31/782], Loss: 0.021426096558570862
Rank:0 Epoch: [29/40], Step: [41/782], Loss: 0.008384661749005318
Rank:0 Epoch: [29/40], Step: [51/782], Loss: 0.02694021724164486
Rank:0 Epoch: [29/40], Step: [61/782], Loss: 0.03714781999588013
Rank:0 Epoch: [29/40], Step: [71/782], Loss: 0.04307074472308159
Rank:0 Epoch: [29/40], Step: [81/782], Loss: 0.05975930765271187
Rank:0 Epoch: [29/40], Step: [91/782], Loss: 0.03494621068239212
Rank:0 Epoch: [29/40], Step: [101/782], Loss: 0.055727746337652206
Rank:0 Epoch: [29/40], Step: [111/782], Loss: 0.0318741649389267
Rank:0 Epoch: [29/40], Step: [121/782], Loss: 0.018234645947813988
Rank:0 Epoch: [29/40], Step: [131/782], Loss: 0.16397453844547272
Rank:0 Epoch: [29/40], Step: [141/782], Loss: 0.01428232155740261
Rank:0 Epoch: [29/40], Step: [151/782], Loss: 0.014304470270872116
Rank:0 Epoch: [29/40], Step: [161/782], Loss: 0.10172963887453079
Rank:0 Epoch: [29/40], Step: [171/782], Loss: 0.0045005385763943195
Rank:0 Epoch: [29/40], Step: [181/782], Loss: 0.08363013714551926
Rank:0 Epoch: [29/40], Step: [191/782], Loss: 0.007868709973990917
Rank:0 Epoch: [29/40], Step: [201/782], Loss: 0.13405334949493408
Rank:0 Epoch: [29/40], Step: [211/782], Loss: 0.042872726917266846
Rank:0 Epoch: [29/40], Step: [221/782], Loss: 0.028985319659113884
Rank:0 Epoch: [29/40], Step: [231/782], Loss: 0.02582601085305214
Rank:0 Epoch: [29/40], Step: [241/782], Loss: 0.049004439264535904
Rank:0 Epoch: [29/40], Step: [251/782], Loss: 0.04507994279265404
Rank:0 Epoch: [29/40], Step: [261/782], Loss: 0.044129159301519394
Rank:0 Epoch: [29/40], Step: [271/782], Loss: 0.048514533787965775
Rank:0 Epoch: [29/40], Step: [281/782], Loss: 0.004242118448019028
Rank:0 Epoch: [29/40], Step: [291/782], Loss: 0.0033331038430333138
Rank:0 Epoch: [29/40], Step: [301/782], Loss: 0.0256374329328537
Rank:0 Epoch: [29/40], Step: [311/782], Loss: 0.015077395364642143
Rank:0 Epoch: [29/40], Step: [321/782], Loss: 0.04074212536215782
Rank:0 Epoch: [29/40], Step: [331/782], Loss: 0.008046974427998066
Rank:0 Epoch: [29/40], Step: [341/782], Loss: 0.013083668425679207
Rank:0 Epoch: [29/40], Step: [351/782], Loss: 0.006750243250280619
Rank:0 Epoch: [29/40], Step: [361/782], Loss: 0.03684092313051224
Rank:0 Epoch: [29/40], Step: [371/782], Loss: 0.012528710067272186
Rank:0 Epoch: [29/40], Step: [381/782], Loss: 0.009610474109649658
Rank:0 Epoch: [29/40], Step: [391/782], Loss: 0.010491965338587761
Rank:0 Epoch: [29/40], Step: [401/782], Loss: 0.021785162389278412
Rank:0 Epoch: [29/40], Step: [411/782], Loss: 0.07173874974250793
Rank:0 Epoch: [29/40], Step: [421/782], Loss: 0.008248643949627876
Rank:0 Epoch: [29/40], Step: [431/782], Loss: 0.0799412876367569
Rank:0 Epoch: [29/40], Step: [441/782], Loss: 0.031769298017024994
Rank:0 Epoch: [29/40], Step: [451/782], Loss: 0.0037544826045632362
Rank:0 Epoch: [29/40], Step: [461/782], Loss: 0.018201561644673347
Rank:0 Epoch: [29/40], Step: [471/782], Loss: 0.03046451322734356
Rank:0 Epoch: [29/40], Step: [481/782], Loss: 0.004843650385737419
Rank:0 Epoch: [29/40], Step: [491/782], Loss: 0.004412905778735876
Rank:0 Epoch: [29/40], Step: [501/782], Loss: 0.011470158584415913
Rank:0 Epoch: [29/40], Step: [511/782], Loss: 0.010570461861789227
Rank:0 Epoch: [29/40], Step: [521/782], Loss: 0.029824672266840935
Rank:0 Epoch: [29/40], Step: [531/782], Loss: 0.007637753617018461
Rank:0 Epoch: [29/40], Step: [541/782], Loss: 0.02707848511636257
Rank:0 Epoch: [29/40], Step: [551/782], Loss: 0.030139073729515076
Rank:0 Epoch: [29/40], Step: [561/782], Loss: 0.01052193995565176
Rank:0 Epoch: [29/40], Step: [571/782], Loss: 0.03837229683995247
Rank:0 Epoch: [29/40], Step: [581/782], Loss: 0.04174446687102318
Rank:0 Epoch: [29/40], Step: [591/782], Loss: 0.00769069092348218
Rank:0 Epoch: [29/40], Step: [601/782], Loss: 0.06525450944900513
Rank:0 Epoch: [29/40], Step: [611/782], Loss: 0.01432386226952076
Rank:0 Epoch: [29/40], Step: [621/782], Loss: 0.02157559059560299
Rank:0 Epoch: [29/40], Step: [631/782], Loss: 0.05131464824080467
Rank:0 Epoch: [29/40], Step: [641/782], Loss: 0.03810291737318039
Rank:0 Epoch: [29/40], Step: [651/782], Loss: 0.018456455320119858
Rank:0 Epoch: [29/40], Step: [661/782], Loss: 0.012606175616383553
Rank:0 Epoch: [29/40], Step: [671/782], Loss: 0.07889273762702942
Rank:0 Epoch: [29/40], Step: [681/782], Loss: 0.041456229984760284
Rank:0 Epoch: [29/40], Step: [691/782], Loss: 0.026093043386936188
Rank:0 Epoch: [29/40], Step: [701/782], Loss: 0.07319299876689911
Rank:0 Epoch: [29/40], Step: [711/782], Loss: 0.0624607689678669
Rank:0 Epoch: [29/40], Step: [721/782], Loss: 0.11030025780200958
Rank:0 Epoch: [29/40], Step: [731/782], Loss: 0.029753534123301506
Rank:0 Epoch: [29/40], Step: [741/782], Loss: 0.025139441713690758
Rank:0 Epoch: [29/40], Step: [751/782], Loss: 0.025913694873452187
Rank:0 Epoch: [29/40], Step: [761/782], Loss: 0.016320332884788513
Rank:0 Epoch: [29/40], Step: [771/782], Loss: 0.06935359537601471
Rank:0 Epoch: [29/40], Step: [781/782], Loss: 0.033297810703516006
Current Test Acc: 0.9269
Rank:0 Epoch: [30/40], Step: [1/782], Loss: 0.011744352988898754
Rank:0 Epoch: [30/40], Step: [11/782], Loss: 0.014542938210070133
Rank:0 Epoch: [30/40], Step: [21/782], Loss: 0.017733046784996986
Rank:0 Epoch: [30/40], Step: [31/782], Loss: 0.036771707236766815
Rank:0 Epoch: [30/40], Step: [41/782], Loss: 0.010001573711633682
Rank:0 Epoch: [30/40], Step: [51/782], Loss: 0.009448518976569176
Rank:0 Epoch: [30/40], Step: [61/782], Loss: 0.040026918053627014
Rank:0 Epoch: [30/40], Step: [71/782], Loss: 0.0556471161544323
Rank:0 Epoch: [30/40], Step: [81/782], Loss: 0.07319570332765579
Rank:0 Epoch: [30/40], Step: [91/782], Loss: 0.006227439735084772
Rank:0 Epoch: [30/40], Step: [101/782], Loss: 0.007980166003108025
Rank:0 Epoch: [30/40], Step: [111/782], Loss: 0.025588177144527435
Rank:0 Epoch: [30/40], Step: [121/782], Loss: 0.023138226941227913
Rank:0 Epoch: [30/40], Step: [131/782], Loss: 0.03662499040365219
Rank:0 Epoch: [30/40], Step: [141/782], Loss: 0.0035407848190516233
Rank:0 Epoch: [30/40], Step: [151/782], Loss: 0.06152671203017235
Rank:0 Epoch: [30/40], Step: [161/782], Loss: 0.02225182205438614
Rank:0 Epoch: [30/40], Step: [171/782], Loss: 0.006004511844366789
Rank:0 Epoch: [30/40], Step: [181/782], Loss: 0.002015188569203019
Rank:0 Epoch: [30/40], Step: [191/782], Loss: 0.05835337191820145
Rank:0 Epoch: [30/40], Step: [201/782], Loss: 0.004494734574109316
Rank:0 Epoch: [30/40], Step: [211/782], Loss: 0.011154071427881718
Rank:0 Epoch: [30/40], Step: [221/782], Loss: 0.026520419865846634
Rank:0 Epoch: [30/40], Step: [231/782], Loss: 0.024081358686089516
Rank:0 Epoch: [30/40], Step: [241/782], Loss: 0.003566101659089327
Rank:0 Epoch: [30/40], Step: [251/782], Loss: 0.020695572718977928
Rank:0 Epoch: [30/40], Step: [261/782], Loss: 0.01657208614051342
Rank:0 Epoch: [30/40], Step: [271/782], Loss: 0.07108976691961288
Rank:0 Epoch: [30/40], Step: [281/782], Loss: 0.1434677094221115
Rank:0 Epoch: [30/40], Step: [291/782], Loss: 0.032818861305713654
Rank:0 Epoch: [30/40], Step: [301/782], Loss: 0.019125470891594887
Rank:0 Epoch: [30/40], Step: [311/782], Loss: 0.0433521643280983
Rank:0 Epoch: [30/40], Step: [321/782], Loss: 0.010830323211848736
Rank:0 Epoch: [30/40], Step: [331/782], Loss: 0.09013015031814575
Rank:0 Epoch: [30/40], Step: [341/782], Loss: 0.020177964121103287
Rank:0 Epoch: [30/40], Step: [351/782], Loss: 0.07483214884996414
Rank:0 Epoch: [30/40], Step: [361/782], Loss: 0.038861729204654694
Rank:0 Epoch: [30/40], Step: [371/782], Loss: 0.0230010524392128
Rank:0 Epoch: [30/40], Step: [381/782], Loss: 0.007980790920555592
Rank:0 Epoch: [30/40], Step: [391/782], Loss: 0.03558057174086571
Rank:0 Epoch: [30/40], Step: [401/782], Loss: 0.00678576435893774
Rank:0 Epoch: [30/40], Step: [411/782], Loss: 0.04744452238082886
Rank:0 Epoch: [30/40], Step: [421/782], Loss: 0.01245868019759655
Rank:0 Epoch: [30/40], Step: [431/782], Loss: 0.024507150053977966
Rank:0 Epoch: [30/40], Step: [441/782], Loss: 0.006610763259232044
Rank:0 Epoch: [30/40], Step: [451/782], Loss: 0.04191291704773903
Rank:0 Epoch: [30/40], Step: [461/782], Loss: 0.03332521766424179
Rank:0 Epoch: [30/40], Step: [471/782], Loss: 0.019672969356179237
Rank:0 Epoch: [30/40], Step: [481/782], Loss: 0.01861557364463806
Rank:0 Epoch: [30/40], Step: [491/782], Loss: 0.017403922975063324
Rank:0 Epoch: [30/40], Step: [501/782], Loss: 0.09621972590684891
Rank:0 Epoch: [30/40], Step: [511/782], Loss: 0.024181650951504707
Rank:0 Epoch: [30/40], Step: [521/782], Loss: 0.054062455892562866
Rank:0 Epoch: [30/40], Step: [531/782], Loss: 0.054943934082984924
Rank:0 Epoch: [30/40], Step: [541/782], Loss: 0.005948737729340792
Rank:0 Epoch: [30/40], Step: [551/782], Loss: 0.008230895735323429
Rank:0 Epoch: [30/40], Step: [561/782], Loss: 0.12179278582334518
Rank:0 Epoch: [30/40], Step: [571/782], Loss: 0.03221229463815689
Rank:0 Epoch: [30/40], Step: [581/782], Loss: 0.03224664181470871
Rank:0 Epoch: [30/40], Step: [591/782], Loss: 0.03769833967089653
Rank:0 Epoch: [30/40], Step: [601/782], Loss: 0.02726655825972557
Rank:0 Epoch: [30/40], Step: [611/782], Loss: 0.03537243232131004
Rank:0 Epoch: [30/40], Step: [621/782], Loss: 0.004821371287107468
Rank:0 Epoch: [30/40], Step: [631/782], Loss: 0.0886114165186882
Rank:0 Epoch: [30/40], Step: [641/782], Loss: 0.009376725181937218
Rank:0 Epoch: [30/40], Step: [651/782], Loss: 0.09175730496644974
Rank:0 Epoch: [30/40], Step: [661/782], Loss: 0.03727465122938156
Rank:0 Epoch: [30/40], Step: [671/782], Loss: 0.1161031424999237
Rank:0 Epoch: [30/40], Step: [681/782], Loss: 0.04795869067311287
Rank:0 Epoch: [30/40], Step: [691/782], Loss: 0.013583198189735413
Rank:0 Epoch: [30/40], Step: [701/782], Loss: 0.052252691239118576
Rank:0 Epoch: [30/40], Step: [711/782], Loss: 0.04709574952721596
Rank:0 Epoch: [30/40], Step: [721/782], Loss: 0.023452483117580414
Rank:0 Epoch: [30/40], Step: [731/782], Loss: 0.03073367290198803
Rank:0 Epoch: [30/40], Step: [741/782], Loss: 0.004539023619145155
Rank:0 Epoch: [30/40], Step: [751/782], Loss: 0.05351116135716438
Rank:0 Epoch: [30/40], Step: [761/782], Loss: 0.06033465266227722
Rank:0 Epoch: [30/40], Step: [771/782], Loss: 0.0059113637544214725
Rank:0 Epoch: [30/40], Step: [781/782], Loss: 0.011653943918645382
Current Test Acc: 0.9256
Rank:0 Epoch: [31/40], Step: [1/782], Loss: 0.11675900220870972
Rank:0 Epoch: [31/40], Step: [11/782], Loss: 0.00870051234960556
Rank:0 Epoch: [31/40], Step: [21/782], Loss: 0.02206345647573471
Rank:0 Epoch: [31/40], Step: [31/782], Loss: 0.005595976486802101
Rank:0 Epoch: [31/40], Step: [41/782], Loss: 0.010846012271940708
Rank:0 Epoch: [31/40], Step: [51/782], Loss: 0.009183316491544247
Rank:0 Epoch: [31/40], Step: [61/782], Loss: 0.028426408767700195
Rank:0 Epoch: [31/40], Step: [71/782], Loss: 0.01106697041541338
Rank:0 Epoch: [31/40], Step: [81/782], Loss: 0.07394899427890778
Rank:0 Epoch: [31/40], Step: [91/782], Loss: 0.0552167110145092
Rank:0 Epoch: [31/40], Step: [101/782], Loss: 0.11480574309825897
Rank:0 Epoch: [31/40], Step: [111/782], Loss: 0.053026966750621796
Rank:0 Epoch: [31/40], Step: [121/782], Loss: 0.06405086070299149
Rank:0 Epoch: [31/40], Step: [131/782], Loss: 0.07429910451173782
Rank:0 Epoch: [31/40], Step: [141/782], Loss: 0.0069261584430933
Rank:0 Epoch: [31/40], Step: [151/782], Loss: 0.005070777144283056
Rank:0 Epoch: [31/40], Step: [161/782], Loss: 0.10191475600004196
Rank:0 Epoch: [31/40], Step: [171/782], Loss: 0.02099744975566864
Rank:0 Epoch: [31/40], Step: [181/782], Loss: 0.05376414582133293
Rank:0 Epoch: [31/40], Step: [191/782], Loss: 0.026646574959158897
Rank:0 Epoch: [31/40], Step: [201/782], Loss: 0.01820262148976326
Rank:0 Epoch: [31/40], Step: [211/782], Loss: 0.006855627987533808
Rank:0 Epoch: [31/40], Step: [221/782], Loss: 0.046615518629550934
Rank:0 Epoch: [31/40], Step: [231/782], Loss: 0.03284893557429314
Rank:0 Epoch: [31/40], Step: [241/782], Loss: 0.03362198546528816
Rank:0 Epoch: [31/40], Step: [251/782], Loss: 0.09547671675682068
Rank:0 Epoch: [31/40], Step: [261/782], Loss: 0.010474295355379581
Rank:0 Epoch: [31/40], Step: [271/782], Loss: 0.01349681057035923
Rank:0 Epoch: [31/40], Step: [281/782], Loss: 0.16903789341449738
Rank:0 Epoch: [31/40], Step: [291/782], Loss: 0.026128694415092468
Rank:0 Epoch: [31/40], Step: [301/782], Loss: 0.030979052186012268
Rank:0 Epoch: [31/40], Step: [311/782], Loss: 0.019253656268119812
Rank:0 Epoch: [31/40], Step: [321/782], Loss: 0.010403052903711796
Rank:0 Epoch: [31/40], Step: [331/782], Loss: 0.023948581889271736
Rank:0 Epoch: [31/40], Step: [341/782], Loss: 0.006321200635284185
Rank:0 Epoch: [31/40], Step: [351/782], Loss: 0.012185996398329735
Rank:0 Epoch: [31/40], Step: [361/782], Loss: 0.1397862732410431
Rank:0 Epoch: [31/40], Step: [371/782], Loss: 0.027579616755247116
Rank:0 Epoch: [31/40], Step: [381/782], Loss: 0.07426248490810394
Rank:0 Epoch: [31/40], Step: [391/782], Loss: 0.0162802841514349
Rank:0 Epoch: [31/40], Step: [401/782], Loss: 0.030475454404950142
Rank:0 Epoch: [31/40], Step: [411/782], Loss: 0.03237467259168625
Rank:0 Epoch: [31/40], Step: [421/782], Loss: 0.01589033752679825
Rank:0 Epoch: [31/40], Step: [431/782], Loss: 0.009645981714129448
Rank:0 Epoch: [31/40], Step: [441/782], Loss: 0.010892034508287907
Rank:0 Epoch: [31/40], Step: [451/782], Loss: 0.025034839287400246
Rank:0 Epoch: [31/40], Step: [461/782], Loss: 0.047711681574583054
Rank:0 Epoch: [31/40], Step: [471/782], Loss: 0.1303398609161377
Rank:0 Epoch: [31/40], Step: [481/782], Loss: 0.02476123534142971
Rank:0 Epoch: [31/40], Step: [491/782], Loss: 0.00843100342899561
Rank:0 Epoch: [31/40], Step: [501/782], Loss: 0.010191144421696663
Rank:0 Epoch: [31/40], Step: [511/782], Loss: 0.03210790082812309
Rank:0 Epoch: [31/40], Step: [521/782], Loss: 0.14486517012119293
Rank:0 Epoch: [31/40], Step: [531/782], Loss: 0.008817213587462902
Rank:0 Epoch: [31/40], Step: [541/782], Loss: 0.02875446528196335
Rank:0 Epoch: [31/40], Step: [551/782], Loss: 0.004843475297093391
Rank:0 Epoch: [31/40], Step: [561/782], Loss: 0.036390624940395355
Rank:0 Epoch: [31/40], Step: [571/782], Loss: 0.03182472288608551
Rank:0 Epoch: [31/40], Step: [581/782], Loss: 0.022575952112674713
Rank:0 Epoch: [31/40], Step: [591/782], Loss: 0.019674723967909813
Rank:0 Epoch: [31/40], Step: [601/782], Loss: 0.010307257063686848
Rank:0 Epoch: [31/40], Step: [611/782], Loss: 0.016055304557085037
Rank:0 Epoch: [31/40], Step: [621/782], Loss: 0.005759937688708305
Rank:0 Epoch: [31/40], Step: [631/782], Loss: 0.03681669756770134
Rank:0 Epoch: [31/40], Step: [641/782], Loss: 0.10002817213535309
Rank:0 Epoch: [31/40], Step: [651/782], Loss: 0.018178407102823257
Rank:0 Epoch: [31/40], Step: [661/782], Loss: 0.11157825589179993
Rank:0 Epoch: [31/40], Step: [671/782], Loss: 0.10561337321996689
Rank:0 Epoch: [31/40], Step: [681/782], Loss: 0.020037706941366196
Rank:0 Epoch: [31/40], Step: [691/782], Loss: 0.015916267409920692
Rank:0 Epoch: [31/40], Step: [701/782], Loss: 0.05665285512804985
Rank:0 Epoch: [31/40], Step: [711/782], Loss: 0.006724589038640261
Rank:0 Epoch: [31/40], Step: [721/782], Loss: 0.00693298177793622
Rank:0 Epoch: [31/40], Step: [731/782], Loss: 0.005331650376319885
Rank:0 Epoch: [31/40], Step: [741/782], Loss: 0.01881987601518631
Rank:0 Epoch: [31/40], Step: [751/782], Loss: 0.05485304817557335
Rank:0 Epoch: [31/40], Step: [761/782], Loss: 0.004868629854172468
Rank:0 Epoch: [31/40], Step: [771/782], Loss: 0.09744245558977127
Rank:0 Epoch: [31/40], Step: [781/782], Loss: 0.12286555022001266
Current Test Acc: 0.9273
Rank:0 Epoch: [32/40], Step: [1/782], Loss: 0.01815972477197647
Rank:0 Epoch: [32/40], Step: [11/782], Loss: 0.006192581728100777
Rank:0 Epoch: [32/40], Step: [21/782], Loss: 0.028244195505976677
Rank:0 Epoch: [32/40], Step: [31/782], Loss: 0.10048741102218628
Rank:0 Epoch: [32/40], Step: [41/782], Loss: 0.008350744843482971
Rank:0 Epoch: [32/40], Step: [51/782], Loss: 0.0075454688630998135
Rank:0 Epoch: [32/40], Step: [61/782], Loss: 0.0247877798974514
Rank:0 Epoch: [32/40], Step: [71/782], Loss: 0.06611873209476471
Rank:0 Epoch: [32/40], Step: [81/782], Loss: 0.03532496839761734
Rank:0 Epoch: [32/40], Step: [91/782], Loss: 0.03932293504476547
Rank:0 Epoch: [32/40], Step: [101/782], Loss: 0.019721630960702896
Rank:0 Epoch: [32/40], Step: [111/782], Loss: 0.039192084223032
Rank:0 Epoch: [32/40], Step: [121/782], Loss: 0.07839536666870117
Rank:0 Epoch: [32/40], Step: [131/782], Loss: 0.011872373521327972
Rank:0 Epoch: [32/40], Step: [141/782], Loss: 0.01535475067794323
Rank:0 Epoch: [32/40], Step: [151/782], Loss: 0.027613887563347816
Rank:0 Epoch: [32/40], Step: [161/782], Loss: 0.01371760293841362
Rank:0 Epoch: [32/40], Step: [171/782], Loss: 0.01426637452095747
Rank:0 Epoch: [32/40], Step: [181/782], Loss: 0.003991167061030865
Rank:0 Epoch: [32/40], Step: [191/782], Loss: 0.014488370157778263
Rank:0 Epoch: [32/40], Step: [201/782], Loss: 0.07281497120857239
Rank:0 Epoch: [32/40], Step: [211/782], Loss: 0.10393818467855453
Rank:0 Epoch: [32/40], Step: [221/782], Loss: 0.09983394294977188
Rank:0 Epoch: [32/40], Step: [231/782], Loss: 0.02891150303184986
Rank:0 Epoch: [32/40], Step: [241/782], Loss: 0.014091398566961288
Rank:0 Epoch: [32/40], Step: [251/782], Loss: 0.00927774515002966
Rank:0 Epoch: [32/40], Step: [261/782], Loss: 0.025637587532401085
Rank:0 Epoch: [32/40], Step: [271/782], Loss: 0.012919683940708637
Rank:0 Epoch: [32/40], Step: [281/782], Loss: 0.07118844985961914
Rank:0 Epoch: [32/40], Step: [291/782], Loss: 0.01838630437850952
Rank:0 Epoch: [32/40], Step: [301/782], Loss: 0.021555831655859947
Rank:0 Epoch: [32/40], Step: [311/782], Loss: 0.04565206542611122
Rank:0 Epoch: [32/40], Step: [321/782], Loss: 0.019151952117681503
Rank:0 Epoch: [32/40], Step: [331/782], Loss: 0.02144600637257099
Rank:0 Epoch: [32/40], Step: [341/782], Loss: 0.02168472856283188
Rank:0 Epoch: [32/40], Step: [351/782], Loss: 0.048218730837106705
Rank:0 Epoch: [32/40], Step: [361/782], Loss: 0.00748784001916647
Rank:0 Epoch: [32/40], Step: [371/782], Loss: 0.0381908118724823
Rank:0 Epoch: [32/40], Step: [381/782], Loss: 0.03878285735845566
Rank:0 Epoch: [32/40], Step: [391/782], Loss: 0.03339780122041702
Rank:0 Epoch: [32/40], Step: [401/782], Loss: 0.043858204036951065
Rank:0 Epoch: [32/40], Step: [411/782], Loss: 0.032378919422626495
Rank:0 Epoch: [32/40], Step: [421/782], Loss: 0.043874677270650864
Rank:0 Epoch: [32/40], Step: [431/782], Loss: 0.005441953893750906
Rank:0 Epoch: [32/40], Step: [441/782], Loss: 0.03496621549129486
Rank:0 Epoch: [32/40], Step: [451/782], Loss: 0.020746547728776932
Rank:0 Epoch: [32/40], Step: [461/782], Loss: 0.0023384662345051765
Rank:0 Epoch: [32/40], Step: [471/782], Loss: 0.054790280759334564
Rank:0 Epoch: [32/40], Step: [481/782], Loss: 0.017558427527546883
Rank:0 Epoch: [32/40], Step: [491/782], Loss: 0.030996551737189293
Rank:0 Epoch: [32/40], Step: [501/782], Loss: 0.10835809260606766
Rank:0 Epoch: [32/40], Step: [511/782], Loss: 0.010202379897236824
Rank:0 Epoch: [32/40], Step: [521/782], Loss: 0.006843166425824165
Rank:0 Epoch: [32/40], Step: [531/782], Loss: 0.02031596191227436
Rank:0 Epoch: [32/40], Step: [541/782], Loss: 0.03352365642786026
Rank:0 Epoch: [32/40], Step: [551/782], Loss: 0.0074414960108697414
Rank:0 Epoch: [32/40], Step: [561/782], Loss: 0.05508292466402054
Rank:0 Epoch: [32/40], Step: [571/782], Loss: 0.007095735520124435
Rank:0 Epoch: [32/40], Step: [581/782], Loss: 0.007562873885035515
Rank:0 Epoch: [32/40], Step: [591/782], Loss: 0.011421306990087032
Rank:0 Epoch: [32/40], Step: [601/782], Loss: 0.008622244000434875
Rank:0 Epoch: [32/40], Step: [611/782], Loss: 0.04086262732744217
Rank:0 Epoch: [32/40], Step: [621/782], Loss: 0.013244573026895523
Rank:0 Epoch: [32/40], Step: [631/782], Loss: 0.08574053645133972
Rank:0 Epoch: [32/40], Step: [641/782], Loss: 0.015286575071513653
Rank:0 Epoch: [32/40], Step: [651/782], Loss: 0.008985379710793495
Rank:0 Epoch: [32/40], Step: [661/782], Loss: 0.011765464209020138
Rank:0 Epoch: [32/40], Step: [671/782], Loss: 0.006544788833707571
Rank:0 Epoch: [32/40], Step: [681/782], Loss: 0.003505862317979336
Rank:0 Epoch: [32/40], Step: [691/782], Loss: 0.01651298999786377
Rank:0 Epoch: [32/40], Step: [701/782], Loss: 0.0017800208879634738
Rank:0 Epoch: [32/40], Step: [711/782], Loss: 0.01757797971367836
Rank:0 Epoch: [32/40], Step: [721/782], Loss: 0.011226516216993332
Rank:0 Epoch: [32/40], Step: [731/782], Loss: 0.05360568314790726
Rank:0 Epoch: [32/40], Step: [741/782], Loss: 0.012745542451739311
Rank:0 Epoch: [32/40], Step: [751/782], Loss: 0.04619072005152702
Rank:0 Epoch: [32/40], Step: [761/782], Loss: 0.01931874454021454
Rank:0 Epoch: [32/40], Step: [771/782], Loss: 0.017939016222953796
Rank:0 Epoch: [32/40], Step: [781/782], Loss: 0.004118715412914753
Current Test Acc: 0.9283
Rank:0 Epoch: [33/40], Step: [1/782], Loss: 0.011565148830413818
Rank:0 Epoch: [33/40], Step: [11/782], Loss: 0.03428177535533905
Rank:0 Epoch: [33/40], Step: [21/782], Loss: 0.020072055980563164
Rank:0 Epoch: [33/40], Step: [31/782], Loss: 0.03975232318043709
Rank:0 Epoch: [33/40], Step: [41/782], Loss: 0.005650220904499292
Rank:0 Epoch: [33/40], Step: [51/782], Loss: 0.01851234771311283
Rank:0 Epoch: [33/40], Step: [61/782], Loss: 0.009007789194583893
Rank:0 Epoch: [33/40], Step: [71/782], Loss: 0.004525867290794849
Rank:0 Epoch: [33/40], Step: [81/782], Loss: 0.0045573655515909195
Rank:0 Epoch: [33/40], Step: [91/782], Loss: 0.02402516081929207
Rank:0 Epoch: [33/40], Step: [101/782], Loss: 0.06870557367801666
Rank:0 Epoch: [33/40], Step: [111/782], Loss: 0.0065121836960315704
Rank:0 Epoch: [33/40], Step: [121/782], Loss: 0.006803153548389673
Rank:0 Epoch: [33/40], Step: [131/782], Loss: 0.004701276775449514
Rank:0 Epoch: [33/40], Step: [141/782], Loss: 0.02155439928174019
Rank:0 Epoch: [33/40], Step: [151/782], Loss: 0.06073002889752388
Rank:0 Epoch: [33/40], Step: [161/782], Loss: 0.017158806324005127
Rank:0 Epoch: [33/40], Step: [171/782], Loss: 0.031661663204431534
Rank:0 Epoch: [33/40], Step: [181/782], Loss: 0.031109198927879333
Rank:0 Epoch: [33/40], Step: [191/782], Loss: 0.029133126139640808
Rank:0 Epoch: [33/40], Step: [201/782], Loss: 0.22606883943080902
Rank:0 Epoch: [33/40], Step: [211/782], Loss: 0.0023432911839336157
Rank:0 Epoch: [33/40], Step: [221/782], Loss: 0.025151433423161507
Rank:0 Epoch: [33/40], Step: [231/782], Loss: 0.017063582316040993
Rank:0 Epoch: [33/40], Step: [241/782], Loss: 0.00810508243739605
Rank:0 Epoch: [33/40], Step: [251/782], Loss: 0.0033679043408483267
Rank:0 Epoch: [33/40], Step: [261/782], Loss: 0.014403041452169418
Rank:0 Epoch: [33/40], Step: [271/782], Loss: 0.042428307235240936
Rank:0 Epoch: [33/40], Step: [281/782], Loss: 0.010059135966002941
Rank:0 Epoch: [33/40], Step: [291/782], Loss: 0.016841087490320206
Rank:0 Epoch: [33/40], Step: [301/782], Loss: 0.025363240391016006
Rank:0 Epoch: [33/40], Step: [311/782], Loss: 0.0035054825711995363
Rank:0 Epoch: [33/40], Step: [321/782], Loss: 0.06016922369599342
Rank:0 Epoch: [33/40], Step: [331/782], Loss: 0.008213801309466362
Rank:0 Epoch: [33/40], Step: [341/782], Loss: 0.03505302593111992
Rank:0 Epoch: [33/40], Step: [351/782], Loss: 0.03427305072546005
Rank:0 Epoch: [33/40], Step: [361/782], Loss: 0.04840577766299248
Rank:0 Epoch: [33/40], Step: [371/782], Loss: 0.021197684109210968
Rank:0 Epoch: [33/40], Step: [381/782], Loss: 0.002238642890006304
Rank:0 Epoch: [33/40], Step: [391/782], Loss: 0.020215127617120743
Rank:0 Epoch: [33/40], Step: [401/782], Loss: 0.012324747629463673
Rank:0 Epoch: [33/40], Step: [411/782], Loss: 0.04955720156431198
Rank:0 Epoch: [33/40], Step: [421/782], Loss: 0.014611453749239445
Rank:0 Epoch: [33/40], Step: [431/782], Loss: 0.01841687597334385
Rank:0 Epoch: [33/40], Step: [441/782], Loss: 0.00417588884010911
Rank:0 Epoch: [33/40], Step: [451/782], Loss: 0.0024477881379425526
Rank:0 Epoch: [33/40], Step: [461/782], Loss: 0.0028396998532116413
Rank:0 Epoch: [33/40], Step: [471/782], Loss: 0.01259426586329937
Rank:0 Epoch: [33/40], Step: [481/782], Loss: 0.010719199664890766
Rank:0 Epoch: [33/40], Step: [491/782], Loss: 0.0268498994410038
Rank:0 Epoch: [33/40], Step: [501/782], Loss: 0.03196726739406586
Rank:0 Epoch: [33/40], Step: [511/782], Loss: 0.05883534625172615
Rank:0 Epoch: [33/40], Step: [521/782], Loss: 0.020707417279481888
Rank:0 Epoch: [33/40], Step: [531/782], Loss: 0.033265434205532074
Rank:0 Epoch: [33/40], Step: [541/782], Loss: 0.021894101053476334
Rank:0 Epoch: [33/40], Step: [551/782], Loss: 0.027701683342456818
Rank:0 Epoch: [33/40], Step: [561/782], Loss: 0.0037282025441527367
Rank:0 Epoch: [33/40], Step: [571/782], Loss: 0.06421563029289246
Rank:0 Epoch: [33/40], Step: [581/782], Loss: 0.0031458165030926466
Rank:0 Epoch: [33/40], Step: [591/782], Loss: 0.02428225427865982
Rank:0 Epoch: [33/40], Step: [601/782], Loss: 0.0905727744102478
Rank:0 Epoch: [33/40], Step: [611/782], Loss: 0.017542216926813126
Rank:0 Epoch: [33/40], Step: [621/782], Loss: 0.050929319113492966
Rank:0 Epoch: [33/40], Step: [631/782], Loss: 0.045736636966466904
Rank:0 Epoch: [33/40], Step: [641/782], Loss: 0.002022507833316922
Rank:0 Epoch: [33/40], Step: [651/782], Loss: 0.06792948395013809
Rank:0 Epoch: [33/40], Step: [661/782], Loss: 0.010855026543140411
Rank:0 Epoch: [33/40], Step: [671/782], Loss: 0.060834214091300964
Rank:0 Epoch: [33/40], Step: [681/782], Loss: 0.11797124892473221
Rank:0 Epoch: [33/40], Step: [691/782], Loss: 0.07280584424734116
Rank:0 Epoch: [33/40], Step: [701/782], Loss: 0.003809718182310462
Rank:0 Epoch: [33/40], Step: [711/782], Loss: 0.028969185426831245
Rank:0 Epoch: [33/40], Step: [721/782], Loss: 0.03848318010568619
Rank:0 Epoch: [33/40], Step: [731/782], Loss: 0.015011082403361797
Rank:0 Epoch: [33/40], Step: [741/782], Loss: 0.025471534579992294
Rank:0 Epoch: [33/40], Step: [751/782], Loss: 0.004280154127627611
Rank:0 Epoch: [33/40], Step: [761/782], Loss: 0.038665056228637695
Rank:0 Epoch: [33/40], Step: [771/782], Loss: 0.09882619231939316
Rank:0 Epoch: [33/40], Step: [781/782], Loss: 0.025922251865267754
Current Test Acc: 0.9298
Rank:0 Epoch: [34/40], Step: [1/782], Loss: 0.0022044519428163767
Rank:0 Epoch: [34/40], Step: [11/782], Loss: 0.06554798781871796
Rank:0 Epoch: [34/40], Step: [21/782], Loss: 0.023974239826202393
Rank:0 Epoch: [34/40], Step: [31/782], Loss: 0.03501606732606888
Rank:0 Epoch: [34/40], Step: [41/782], Loss: 0.03844517469406128
Rank:0 Epoch: [34/40], Step: [51/782], Loss: 0.01419831532984972
Rank:0 Epoch: [34/40], Step: [61/782], Loss: 0.014465742744505405
Rank:0 Epoch: [34/40], Step: [71/782], Loss: 0.003451582742854953
Rank:0 Epoch: [34/40], Step: [81/782], Loss: 0.008841192349791527
Rank:0 Epoch: [34/40], Step: [91/782], Loss: 0.004000356886535883
Rank:0 Epoch: [34/40], Step: [101/782], Loss: 0.030511513352394104
Rank:0 Epoch: [34/40], Step: [111/782], Loss: 0.0452263168990612
Rank:0 Epoch: [34/40], Step: [121/782], Loss: 0.02700692228972912
Rank:0 Epoch: [34/40], Step: [131/782], Loss: 0.02030387707054615
Rank:0 Epoch: [34/40], Step: [141/782], Loss: 0.034451935440301895
Rank:0 Epoch: [34/40], Step: [151/782], Loss: 0.01554596982896328
Rank:0 Epoch: [34/40], Step: [161/782], Loss: 0.0197354257106781
Rank:0 Epoch: [34/40], Step: [171/782], Loss: 0.02574380487203598
Rank:0 Epoch: [34/40], Step: [181/782], Loss: 0.010120361112058163
Rank:0 Epoch: [34/40], Step: [191/782], Loss: 0.007802776992321014
Rank:0 Epoch: [34/40], Step: [201/782], Loss: 0.03900628536939621
Rank:0 Epoch: [34/40], Step: [211/782], Loss: 0.03298593685030937
Rank:0 Epoch: [34/40], Step: [221/782], Loss: 0.015548225492238998
Rank:0 Epoch: [34/40], Step: [231/782], Loss: 0.05535866692662239
Rank:0 Epoch: [34/40], Step: [241/782], Loss: 0.029579438269138336
Rank:0 Epoch: [34/40], Step: [251/782], Loss: 0.02174716629087925
Rank:0 Epoch: [34/40], Step: [261/782], Loss: 0.027792304754257202
Rank:0 Epoch: [34/40], Step: [271/782], Loss: 0.0788666307926178
Rank:0 Epoch: [34/40], Step: [281/782], Loss: 0.009205657988786697
Rank:0 Epoch: [34/40], Step: [291/782], Loss: 0.009418374858796597
Rank:0 Epoch: [34/40], Step: [301/782], Loss: 0.032757457345724106
Rank:0 Epoch: [34/40], Step: [311/782], Loss: 0.046816613525152206
Rank:0 Epoch: [34/40], Step: [321/782], Loss: 0.004493869375437498
Rank:0 Epoch: [34/40], Step: [331/782], Loss: 0.05385700613260269
Rank:0 Epoch: [34/40], Step: [341/782], Loss: 0.01300439890474081
Rank:0 Epoch: [34/40], Step: [351/782], Loss: 0.009660136885941029
Rank:0 Epoch: [34/40], Step: [361/782], Loss: 0.005561281926929951
Rank:0 Epoch: [34/40], Step: [371/782], Loss: 0.039840783923864365
Rank:0 Epoch: [34/40], Step: [381/782], Loss: 0.004763220902532339
Rank:0 Epoch: [34/40], Step: [391/782], Loss: 0.021527886390686035
Rank:0 Epoch: [34/40], Step: [401/782], Loss: 0.0016045022057369351
Rank:0 Epoch: [34/40], Step: [411/782], Loss: 0.010190449655056
Rank:0 Epoch: [34/40], Step: [421/782], Loss: 0.0016877379966899753
Rank:0 Epoch: [34/40], Step: [431/782], Loss: 0.003718084655702114
Rank:0 Epoch: [34/40], Step: [441/782], Loss: 0.014160260558128357
Rank:0 Epoch: [34/40], Step: [451/782], Loss: 0.02393590658903122
Rank:0 Epoch: [34/40], Step: [461/782], Loss: 0.05069609731435776
Rank:0 Epoch: [34/40], Step: [471/782], Loss: 0.01728963293135166
Rank:0 Epoch: [34/40], Step: [481/782], Loss: 0.013471498154103756
Rank:0 Epoch: [34/40], Step: [491/782], Loss: 0.00387475430034101
Rank:0 Epoch: [34/40], Step: [501/782], Loss: 0.0604746975004673
Rank:0 Epoch: [34/40], Step: [511/782], Loss: 0.003436675062403083
Rank:0 Epoch: [34/40], Step: [521/782], Loss: 0.026631318032741547
Rank:0 Epoch: [34/40], Step: [531/782], Loss: 0.01919078454375267
Rank:0 Epoch: [34/40], Step: [541/782], Loss: 0.03763069584965706
Rank:0 Epoch: [34/40], Step: [551/782], Loss: 0.040458180010318756
Rank:0 Epoch: [34/40], Step: [561/782], Loss: 0.013299552723765373
Rank:0 Epoch: [34/40], Step: [571/782], Loss: 0.003865024773404002
Rank:0 Epoch: [34/40], Step: [581/782], Loss: 0.057805728167295456
Rank:0 Epoch: [34/40], Step: [591/782], Loss: 0.040836360305547714
Rank:0 Epoch: [34/40], Step: [601/782], Loss: 0.029174458235502243
Rank:0 Epoch: [34/40], Step: [611/782], Loss: 0.005462023429572582
Rank:0 Epoch: [34/40], Step: [621/782], Loss: 0.026839103549718857
Rank:0 Epoch: [34/40], Step: [631/782], Loss: 0.01615092158317566
Rank:0 Epoch: [34/40], Step: [641/782], Loss: 0.07015080749988556
Rank:0 Epoch: [34/40], Step: [651/782], Loss: 0.005294279661029577
Rank:0 Epoch: [34/40], Step: [661/782], Loss: 0.09821048378944397
Rank:0 Epoch: [34/40], Step: [671/782], Loss: 0.0085262106731534
Rank:0 Epoch: [34/40], Step: [681/782], Loss: 0.017483696341514587
Rank:0 Epoch: [34/40], Step: [691/782], Loss: 0.04790254682302475
Rank:0 Epoch: [34/40], Step: [701/782], Loss: 0.003988661337643862
Rank:0 Epoch: [34/40], Step: [711/782], Loss: 0.019019536674022675
Rank:0 Epoch: [34/40], Step: [721/782], Loss: 0.0035377833992242813
Rank:0 Epoch: [34/40], Step: [731/782], Loss: 0.008507301099598408
Rank:0 Epoch: [34/40], Step: [741/782], Loss: 0.023324795067310333
Rank:0 Epoch: [34/40], Step: [751/782], Loss: 0.009814722463488579
Rank:0 Epoch: [34/40], Step: [761/782], Loss: 0.005892034154385328
Rank:0 Epoch: [34/40], Step: [771/782], Loss: 0.04340767115354538
Rank:0 Epoch: [34/40], Step: [781/782], Loss: 0.004713152069598436
Current Test Acc: 0.9273
Rank:0 Epoch: [35/40], Step: [1/782], Loss: 0.007338639814406633
Rank:0 Epoch: [35/40], Step: [11/782], Loss: 0.04910079762339592
Rank:0 Epoch: [35/40], Step: [21/782], Loss: 0.03059675358235836
Rank:0 Epoch: [35/40], Step: [31/782], Loss: 0.0027157189324498177
Rank:0 Epoch: [35/40], Step: [41/782], Loss: 0.06251411139965057
Rank:0 Epoch: [35/40], Step: [51/782], Loss: 0.03541559725999832
Rank:0 Epoch: [35/40], Step: [61/782], Loss: 0.0040441760793328285
Rank:0 Epoch: [35/40], Step: [71/782], Loss: 0.012020645663142204
Rank:0 Epoch: [35/40], Step: [81/782], Loss: 0.021400211378932
Rank:0 Epoch: [35/40], Step: [91/782], Loss: 0.014019593596458435
Rank:0 Epoch: [35/40], Step: [101/782], Loss: 0.029879886656999588
Rank:0 Epoch: [35/40], Step: [111/782], Loss: 0.024157313629984856
Rank:0 Epoch: [35/40], Step: [121/782], Loss: 0.00495532900094986
Rank:0 Epoch: [35/40], Step: [131/782], Loss: 0.005000405479222536
Rank:0 Epoch: [35/40], Step: [141/782], Loss: 0.02957996353507042
Rank:0 Epoch: [35/40], Step: [151/782], Loss: 0.007845635525882244
Rank:0 Epoch: [35/40], Step: [161/782], Loss: 0.014143210835754871
Rank:0 Epoch: [35/40], Step: [171/782], Loss: 0.00470353988930583
Rank:0 Epoch: [35/40], Step: [181/782], Loss: 0.06745759397745132
Rank:0 Epoch: [35/40], Step: [191/782], Loss: 0.007312871515750885
Rank:0 Epoch: [35/40], Step: [201/782], Loss: 0.01597009040415287
Rank:0 Epoch: [35/40], Step: [211/782], Loss: 0.019425835460424423
Rank:0 Epoch: [35/40], Step: [221/782], Loss: 0.008687476627528667
Rank:0 Epoch: [35/40], Step: [231/782], Loss: 0.013751774094998837
Rank:0 Epoch: [35/40], Step: [241/782], Loss: 0.004878022707998753
Rank:0 Epoch: [35/40], Step: [251/782], Loss: 0.00606787484139204
Rank:0 Epoch: [35/40], Step: [261/782], Loss: 0.0632566511631012
Rank:0 Epoch: [35/40], Step: [271/782], Loss: 0.04461415484547615
Rank:0 Epoch: [35/40], Step: [281/782], Loss: 0.030945172533392906
Rank:0 Epoch: [35/40], Step: [291/782], Loss: 0.002991216257214546
Rank:0 Epoch: [35/40], Step: [301/782], Loss: 0.045951057225465775
Rank:0 Epoch: [35/40], Step: [311/782], Loss: 0.053612787276506424
Rank:0 Epoch: [35/40], Step: [321/782], Loss: 0.09051454067230225
Rank:0 Epoch: [35/40], Step: [331/782], Loss: 0.007858237251639366
Rank:0 Epoch: [35/40], Step: [341/782], Loss: 0.023394914343953133
Rank:0 Epoch: [35/40], Step: [351/782], Loss: 0.036271341145038605
Rank:0 Epoch: [35/40], Step: [361/782], Loss: 0.0049856239929795265
Rank:0 Epoch: [35/40], Step: [371/782], Loss: 0.00242414278909564
Rank:0 Epoch: [35/40], Step: [381/782], Loss: 0.02390380948781967
Rank:0 Epoch: [35/40], Step: [391/782], Loss: 0.006393373012542725
Rank:0 Epoch: [35/40], Step: [401/782], Loss: 0.005731462500989437
Rank:0 Epoch: [35/40], Step: [411/782], Loss: 0.04769957810640335
Rank:0 Epoch: [35/40], Step: [421/782], Loss: 0.0015423772856593132
Rank:0 Epoch: [35/40], Step: [431/782], Loss: 0.05420289188623428
Rank:0 Epoch: [35/40], Step: [441/782], Loss: 0.029892073944211006
Rank:0 Epoch: [35/40], Step: [451/782], Loss: 0.03075491078197956
Rank:0 Epoch: [35/40], Step: [461/782], Loss: 0.058105532079935074
Rank:0 Epoch: [35/40], Step: [471/782], Loss: 0.0041635301895439625
Rank:0 Epoch: [35/40], Step: [481/782], Loss: 0.008356685750186443
Rank:0 Epoch: [35/40], Step: [491/782], Loss: 0.013609386049211025
Rank:0 Epoch: [35/40], Step: [501/782], Loss: 0.002900137798860669
Rank:0 Epoch: [35/40], Step: [511/782], Loss: 0.0793195366859436
Rank:0 Epoch: [35/40], Step: [521/782], Loss: 0.03681084141135216
Rank:0 Epoch: [35/40], Step: [531/782], Loss: 0.005433454643934965
Rank:0 Epoch: [35/40], Step: [541/782], Loss: 0.01716047339141369
Rank:0 Epoch: [35/40], Step: [551/782], Loss: 0.04548444226384163
Rank:0 Epoch: [35/40], Step: [561/782], Loss: 0.01059303805232048
Rank:0 Epoch: [35/40], Step: [571/782], Loss: 0.005570792593061924
Rank:0 Epoch: [35/40], Step: [581/782], Loss: 0.005864831618964672
Rank:0 Epoch: [35/40], Step: [591/782], Loss: 0.006026878021657467
Rank:0 Epoch: [35/40], Step: [601/782], Loss: 0.06547991931438446
Rank:0 Epoch: [35/40], Step: [611/782], Loss: 0.004500908311456442
Rank:0 Epoch: [35/40], Step: [621/782], Loss: 0.021795514971017838
Rank:0 Epoch: [35/40], Step: [631/782], Loss: 0.036286816000938416
Rank:0 Epoch: [35/40], Step: [641/782], Loss: 0.01334693655371666
Rank:0 Epoch: [35/40], Step: [651/782], Loss: 0.007809214293956757
Rank:0 Epoch: [35/40], Step: [661/782], Loss: 0.0304146446287632
Rank:0 Epoch: [35/40], Step: [671/782], Loss: 0.03202449902892113
Rank:0 Epoch: [35/40], Step: [681/782], Loss: 0.004903469234704971
Rank:0 Epoch: [35/40], Step: [691/782], Loss: 0.011488199234008789
Rank:0 Epoch: [35/40], Step: [701/782], Loss: 0.04788435995578766
Rank:0 Epoch: [35/40], Step: [711/782], Loss: 0.0495174340903759
Rank:0 Epoch: [35/40], Step: [721/782], Loss: 0.00611373595893383
Rank:0 Epoch: [35/40], Step: [731/782], Loss: 0.05728960037231445
Rank:0 Epoch: [35/40], Step: [741/782], Loss: 0.03638368844985962
Rank:0 Epoch: [35/40], Step: [751/782], Loss: 0.007051020860671997
Rank:0 Epoch: [35/40], Step: [761/782], Loss: 0.043417662382125854
Rank:0 Epoch: [35/40], Step: [771/782], Loss: 0.0516924187541008
Rank:0 Epoch: [35/40], Step: [781/782], Loss: 0.0069283489137887955
Current Test Acc: 0.9284
Rank:0 Epoch: [36/40], Step: [1/782], Loss: 0.07814141362905502
Rank:0 Epoch: [36/40], Step: [11/782], Loss: 0.05403581261634827
Rank:0 Epoch: [36/40], Step: [21/782], Loss: 0.008129524067044258
Rank:0 Epoch: [36/40], Step: [31/782], Loss: 0.01579202339053154
Rank:0 Epoch: [36/40], Step: [41/782], Loss: 0.016115957871079445
Rank:0 Epoch: [36/40], Step: [51/782], Loss: 0.00400833273306489
Rank:0 Epoch: [36/40], Step: [61/782], Loss: 0.029995646327733994
Rank:0 Epoch: [36/40], Step: [71/782], Loss: 0.022949272766709328
Rank:0 Epoch: [36/40], Step: [81/782], Loss: 0.020865682512521744
Rank:0 Epoch: [36/40], Step: [91/782], Loss: 0.011154199950397015
Rank:0 Epoch: [36/40], Step: [101/782], Loss: 0.06043005734682083
Rank:0 Epoch: [36/40], Step: [111/782], Loss: 0.016785886138677597
Rank:0 Epoch: [36/40], Step: [121/782], Loss: 0.02924184314906597
Rank:0 Epoch: [36/40], Step: [131/782], Loss: 0.05416558310389519
Rank:0 Epoch: [36/40], Step: [141/782], Loss: 0.015265979804098606
Rank:0 Epoch: [36/40], Step: [151/782], Loss: 0.008766978047788143
Rank:0 Epoch: [36/40], Step: [161/782], Loss: 0.006536044646054506
Rank:0 Epoch: [36/40], Step: [171/782], Loss: 0.07566852867603302
Rank:0 Epoch: [36/40], Step: [181/782], Loss: 0.004988113883882761
Rank:0 Epoch: [36/40], Step: [191/782], Loss: 0.05443040654063225
Rank:0 Epoch: [36/40], Step: [201/782], Loss: 0.018085485324263573
Rank:0 Epoch: [36/40], Step: [211/782], Loss: 0.04465392604470253
Rank:0 Epoch: [36/40], Step: [221/782], Loss: 0.0161865446716547
Rank:0 Epoch: [36/40], Step: [231/782], Loss: 0.03546285629272461
Rank:0 Epoch: [36/40], Step: [241/782], Loss: 0.021488061174750328
Rank:0 Epoch: [36/40], Step: [251/782], Loss: 0.03695254400372505
Rank:0 Epoch: [36/40], Step: [261/782], Loss: 0.004585640039294958
Rank:0 Epoch: [36/40], Step: [271/782], Loss: 0.003914601169526577
Rank:0 Epoch: [36/40], Step: [281/782], Loss: 0.021107137203216553
Rank:0 Epoch: [36/40], Step: [291/782], Loss: 0.005996915511786938
Rank:0 Epoch: [36/40], Step: [301/782], Loss: 0.009966645389795303
Rank:0 Epoch: [36/40], Step: [311/782], Loss: 0.0644383355975151
Rank:0 Epoch: [36/40], Step: [321/782], Loss: 0.005605980288237333
Rank:0 Epoch: [36/40], Step: [331/782], Loss: 0.045155540108680725
Rank:0 Epoch: [36/40], Step: [341/782], Loss: 0.0077643548138439655
Rank:0 Epoch: [36/40], Step: [351/782], Loss: 0.020647795870900154
Rank:0 Epoch: [36/40], Step: [361/782], Loss: 0.026086419820785522
Rank:0 Epoch: [36/40], Step: [371/782], Loss: 0.036638375371694565
Rank:0 Epoch: [36/40], Step: [381/782], Loss: 0.0098457345739007
Rank:0 Epoch: [36/40], Step: [391/782], Loss: 0.011443070136010647
Rank:0 Epoch: [36/40], Step: [401/782], Loss: 0.011663581244647503
Rank:0 Epoch: [36/40], Step: [411/782], Loss: 0.030039511620998383
Rank:0 Epoch: [36/40], Step: [421/782], Loss: 0.017455875873565674
Rank:0 Epoch: [36/40], Step: [431/782], Loss: 0.0808563381433487
Rank:0 Epoch: [36/40], Step: [441/782], Loss: 0.015325834974646568
Rank:0 Epoch: [36/40], Step: [451/782], Loss: 0.027035828679800034
Rank:0 Epoch: [36/40], Step: [461/782], Loss: 0.015783343464136124
Rank:0 Epoch: [36/40], Step: [471/782], Loss: 0.019419359043240547
Rank:0 Epoch: [36/40], Step: [481/782], Loss: 0.004951921757310629
Rank:0 Epoch: [36/40], Step: [491/782], Loss: 0.006498553790152073
Rank:0 Epoch: [36/40], Step: [501/782], Loss: 0.008043629117310047
Rank:0 Epoch: [36/40], Step: [511/782], Loss: 0.021754810586571693
Rank:0 Epoch: [36/40], Step: [521/782], Loss: 0.015311071649193764
Rank:0 Epoch: [36/40], Step: [531/782], Loss: 0.04889243096113205
Rank:0 Epoch: [36/40], Step: [541/782], Loss: 0.021344618871808052
Rank:0 Epoch: [36/40], Step: [551/782], Loss: 0.0070907860063016415
Rank:0 Epoch: [36/40], Step: [561/782], Loss: 0.013983765617012978
Rank:0 Epoch: [36/40], Step: [571/782], Loss: 0.009717442095279694
Rank:0 Epoch: [36/40], Step: [581/782], Loss: 0.03946010023355484
Rank:0 Epoch: [36/40], Step: [591/782], Loss: 0.01732911542057991
Rank:0 Epoch: [36/40], Step: [601/782], Loss: 0.019653035327792168
Rank:0 Epoch: [36/40], Step: [611/782], Loss: 0.06017589196562767
Rank:0 Epoch: [36/40], Step: [621/782], Loss: 0.012255296111106873
Rank:0 Epoch: [36/40], Step: [631/782], Loss: 0.008512557484209538
Rank:0 Epoch: [36/40], Step: [641/782], Loss: 0.012565878219902515
Rank:0 Epoch: [36/40], Step: [651/782], Loss: 0.04649781063199043
Rank:0 Epoch: [36/40], Step: [661/782], Loss: 0.010665292851626873
Rank:0 Epoch: [36/40], Step: [671/782], Loss: 0.017054645344614983
Rank:0 Epoch: [36/40], Step: [681/782], Loss: 0.004463115707039833
Rank:0 Epoch: [36/40], Step: [691/782], Loss: 0.006509549915790558
Rank:0 Epoch: [36/40], Step: [701/782], Loss: 0.04777500405907631
Rank:0 Epoch: [36/40], Step: [711/782], Loss: 0.06622391939163208
Rank:0 Epoch: [36/40], Step: [721/782], Loss: 0.012041443958878517
Rank:0 Epoch: [36/40], Step: [731/782], Loss: 0.013875018805265427
Rank:0 Epoch: [36/40], Step: [741/782], Loss: 0.0057416739873588085
Rank:0 Epoch: [36/40], Step: [751/782], Loss: 0.0677669420838356
Rank:0 Epoch: [36/40], Step: [761/782], Loss: 0.0061317975632846355
Rank:0 Epoch: [36/40], Step: [771/782], Loss: 0.08110155910253525
Rank:0 Epoch: [36/40], Step: [781/782], Loss: 0.01137366984039545
Current Test Acc: 0.9281
Rank:0 Epoch: [37/40], Step: [1/782], Loss: 0.008472609333693981
Rank:0 Epoch: [37/40], Step: [11/782], Loss: 0.008343197405338287
Rank:0 Epoch: [37/40], Step: [21/782], Loss: 0.0010555693879723549
Rank:0 Epoch: [37/40], Step: [31/782], Loss: 0.023946017026901245
Rank:0 Epoch: [37/40], Step: [41/782], Loss: 0.011765056289732456
Rank:0 Epoch: [37/40], Step: [51/782], Loss: 0.0216936357319355
Rank:0 Epoch: [37/40], Step: [61/782], Loss: 0.05369117110967636
Rank:0 Epoch: [37/40], Step: [71/782], Loss: 0.00418101716786623
Rank:0 Epoch: [37/40], Step: [81/782], Loss: 0.0019655697979032993
Rank:0 Epoch: [37/40], Step: [91/782], Loss: 0.002929809270426631
Rank:0 Epoch: [37/40], Step: [101/782], Loss: 0.020052211359143257
Rank:0 Epoch: [37/40], Step: [111/782], Loss: 0.011052906513214111
Rank:0 Epoch: [37/40], Step: [121/782], Loss: 0.02116282470524311
Rank:0 Epoch: [37/40], Step: [131/782], Loss: 0.012878308072686195
Rank:0 Epoch: [37/40], Step: [141/782], Loss: 0.04108668863773346
Rank:0 Epoch: [37/40], Step: [151/782], Loss: 0.01137595809996128
Rank:0 Epoch: [37/40], Step: [161/782], Loss: 0.06581538170576096
Rank:0 Epoch: [37/40], Step: [171/782], Loss: 0.0031195753253996372
Rank:0 Epoch: [37/40], Step: [181/782], Loss: 0.015819525346159935
Rank:0 Epoch: [37/40], Step: [191/782], Loss: 0.02277957834303379
Rank:0 Epoch: [37/40], Step: [201/782], Loss: 0.007864989340305328
Rank:0 Epoch: [37/40], Step: [211/782], Loss: 0.024267999455332756
Rank:0 Epoch: [37/40], Step: [221/782], Loss: 0.029147356748580933
Rank:0 Epoch: [37/40], Step: [231/782], Loss: 0.03569287061691284
Rank:0 Epoch: [37/40], Step: [241/782], Loss: 0.010080529376864433
Rank:0 Epoch: [37/40], Step: [251/782], Loss: 0.021890180185437202
Rank:0 Epoch: [37/40], Step: [261/782], Loss: 0.007111622951924801
Rank:0 Epoch: [37/40], Step: [271/782], Loss: 0.00522151542827487
Rank:0 Epoch: [37/40], Step: [281/782], Loss: 0.11464584618806839
Rank:0 Epoch: [37/40], Step: [291/782], Loss: 0.07738389074802399
Rank:0 Epoch: [37/40], Step: [301/782], Loss: 0.010341140441596508
Rank:0 Epoch: [37/40], Step: [311/782], Loss: 0.02980702556669712
Rank:0 Epoch: [37/40], Step: [321/782], Loss: 0.10580632835626602
Rank:0 Epoch: [37/40], Step: [331/782], Loss: 0.013925932347774506
Rank:0 Epoch: [37/40], Step: [341/782], Loss: 0.007679315749555826
Rank:0 Epoch: [37/40], Step: [351/782], Loss: 0.007599100936204195
Rank:0 Epoch: [37/40], Step: [361/782], Loss: 0.007431423291563988
Rank:0 Epoch: [37/40], Step: [371/782], Loss: 0.004844603128731251
Rank:0 Epoch: [37/40], Step: [381/782], Loss: 0.01237252913415432
Rank:0 Epoch: [37/40], Step: [391/782], Loss: 0.04542679339647293
Rank:0 Epoch: [37/40], Step: [401/782], Loss: 0.013459249399602413
Rank:0 Epoch: [37/40], Step: [411/782], Loss: 0.05300744250416756
Rank:0 Epoch: [37/40], Step: [421/782], Loss: 0.005533509887754917
Rank:0 Epoch: [37/40], Step: [431/782], Loss: 0.0017545928712934256
Rank:0 Epoch: [37/40], Step: [441/782], Loss: 0.01593620702624321
Rank:0 Epoch: [37/40], Step: [451/782], Loss: 0.009674768894910812
Rank:0 Epoch: [37/40], Step: [461/782], Loss: 0.018459247425198555
Rank:0 Epoch: [37/40], Step: [471/782], Loss: 0.0013413216220214963
Rank:0 Epoch: [37/40], Step: [481/782], Loss: 0.04449975863099098
Rank:0 Epoch: [37/40], Step: [491/782], Loss: 0.009983569383621216
Rank:0 Epoch: [37/40], Step: [501/782], Loss: 0.006079826969653368
Rank:0 Epoch: [37/40], Step: [511/782], Loss: 0.030953742563724518
Rank:0 Epoch: [37/40], Step: [521/782], Loss: 0.003039090195670724
Rank:0 Epoch: [37/40], Step: [531/782], Loss: 0.007190991193056107
Rank:0 Epoch: [37/40], Step: [541/782], Loss: 0.019720034673810005
Rank:0 Epoch: [37/40], Step: [551/782], Loss: 0.009994911029934883
Rank:0 Epoch: [37/40], Step: [561/782], Loss: 0.11164067685604095
Rank:0 Epoch: [37/40], Step: [571/782], Loss: 0.018075669184327126
Rank:0 Epoch: [37/40], Step: [581/782], Loss: 0.010521025396883488
Rank:0 Epoch: [37/40], Step: [591/782], Loss: 0.011856830678880215
Rank:0 Epoch: [37/40], Step: [601/782], Loss: 0.009386008605360985
Rank:0 Epoch: [37/40], Step: [611/782], Loss: 0.0041801659390330315
Rank:0 Epoch: [37/40], Step: [621/782], Loss: 0.0067039672285318375
Rank:0 Epoch: [37/40], Step: [631/782], Loss: 0.06721173226833344
Rank:0 Epoch: [37/40], Step: [641/782], Loss: 0.009316873736679554
Rank:0 Epoch: [37/40], Step: [651/782], Loss: 0.07734817266464233
Rank:0 Epoch: [37/40], Step: [661/782], Loss: 0.023245325312018394
Rank:0 Epoch: [37/40], Step: [671/782], Loss: 0.007099855691194534
Rank:0 Epoch: [37/40], Step: [681/782], Loss: 0.04839017614722252
Rank:0 Epoch: [37/40], Step: [691/782], Loss: 0.07919082045555115
Rank:0 Epoch: [37/40], Step: [701/782], Loss: 0.021443670615553856
Rank:0 Epoch: [37/40], Step: [711/782], Loss: 0.004088232293725014
Rank:0 Epoch: [37/40], Step: [721/782], Loss: 0.0038563418202102184
Rank:0 Epoch: [37/40], Step: [731/782], Loss: 0.022437801584601402
Rank:0 Epoch: [37/40], Step: [741/782], Loss: 0.005539135541766882
Rank:0 Epoch: [37/40], Step: [751/782], Loss: 0.033948563039302826
Rank:0 Epoch: [37/40], Step: [761/782], Loss: 0.0017156876856461167
Rank:0 Epoch: [37/40], Step: [771/782], Loss: 0.03983929008245468
Rank:0 Epoch: [37/40], Step: [781/782], Loss: 0.00761362025514245
Current Test Acc: 0.9284
Rank:0 Epoch: [38/40], Step: [1/782], Loss: 0.0144340256229043
Rank:0 Epoch: [38/40], Step: [11/782], Loss: 0.17462478578090668
Rank:0 Epoch: [38/40], Step: [21/782], Loss: 0.029651125892996788
Rank:0 Epoch: [38/40], Step: [31/782], Loss: 0.009362325072288513
Rank:0 Epoch: [38/40], Step: [41/782], Loss: 0.01616808958351612
Rank:0 Epoch: [38/40], Step: [51/782], Loss: 0.007661033421754837
Rank:0 Epoch: [38/40], Step: [61/782], Loss: 0.005132843274623156
Rank:0 Epoch: [38/40], Step: [71/782], Loss: 0.012041071429848671
Rank:0 Epoch: [38/40], Step: [81/782], Loss: 0.11385853588581085
Rank:0 Epoch: [38/40], Step: [91/782], Loss: 0.006249682977795601
Rank:0 Epoch: [38/40], Step: [101/782], Loss: 0.005745894741266966
Rank:0 Epoch: [38/40], Step: [111/782], Loss: 0.014963050372898579
Rank:0 Epoch: [38/40], Step: [121/782], Loss: 0.08174311369657516
Rank:0 Epoch: [38/40], Step: [131/782], Loss: 0.010751291178166866
Rank:0 Epoch: [38/40], Step: [141/782], Loss: 0.0021907933987677097
Rank:0 Epoch: [38/40], Step: [151/782], Loss: 0.003141059773042798
Rank:0 Epoch: [38/40], Step: [161/782], Loss: 0.0022850660607218742
Rank:0 Epoch: [38/40], Step: [171/782], Loss: 0.013289598748087883
Rank:0 Epoch: [38/40], Step: [181/782], Loss: 0.01837608776986599
Rank:0 Epoch: [38/40], Step: [191/782], Loss: 0.0036932891234755516
Rank:0 Epoch: [38/40], Step: [201/782], Loss: 0.015989817678928375
Rank:0 Epoch: [38/40], Step: [211/782], Loss: 0.029821934178471565
Rank:0 Epoch: [38/40], Step: [221/782], Loss: 0.0157015398144722
Rank:0 Epoch: [38/40], Step: [231/782], Loss: 0.00797310471534729
Rank:0 Epoch: [38/40], Step: [241/782], Loss: 0.01417478360235691
Rank:0 Epoch: [38/40], Step: [251/782], Loss: 0.01332530565559864
Rank:0 Epoch: [38/40], Step: [261/782], Loss: 0.023413339629769325
Rank:0 Epoch: [38/40], Step: [271/782], Loss: 0.02399313449859619
Rank:0 Epoch: [38/40], Step: [281/782], Loss: 0.06001237407326698
Rank:0 Epoch: [38/40], Step: [291/782], Loss: 0.007641531061381102
Rank:0 Epoch: [38/40], Step: [301/782], Loss: 0.00736068282276392
Rank:0 Epoch: [38/40], Step: [311/782], Loss: 0.05199718102812767
Rank:0 Epoch: [38/40], Step: [321/782], Loss: 0.006056723650544882
Rank:0 Epoch: [38/40], Step: [331/782], Loss: 0.041700463742017746
Rank:0 Epoch: [38/40], Step: [341/782], Loss: 0.023255091160535812
Rank:0 Epoch: [38/40], Step: [351/782], Loss: 0.000857000530231744
Rank:0 Epoch: [38/40], Step: [361/782], Loss: 0.01384279876947403
Rank:0 Epoch: [38/40], Step: [371/782], Loss: 0.0077000632882118225
Rank:0 Epoch: [38/40], Step: [381/782], Loss: 0.00823473185300827
Rank:0 Epoch: [38/40], Step: [391/782], Loss: 0.026733139529824257
Rank:0 Epoch: [38/40], Step: [401/782], Loss: 0.0037522977218031883
Rank:0 Epoch: [38/40], Step: [411/782], Loss: 0.0031487729866057634
Rank:0 Epoch: [38/40], Step: [421/782], Loss: 0.03234972432255745
Rank:0 Epoch: [38/40], Step: [431/782], Loss: 0.0848323330283165
Rank:0 Epoch: [38/40], Step: [441/782], Loss: 0.015344412997364998
Rank:0 Epoch: [38/40], Step: [451/782], Loss: 0.00649800430983305
Rank:0 Epoch: [38/40], Step: [461/782], Loss: 0.0038228484336286783
Rank:0 Epoch: [38/40], Step: [471/782], Loss: 0.017917096614837646
Rank:0 Epoch: [38/40], Step: [481/782], Loss: 0.008261117152869701
Rank:0 Epoch: [38/40], Step: [491/782], Loss: 0.0012210140703245997
Rank:0 Epoch: [38/40], Step: [501/782], Loss: 0.005128190852701664
Rank:0 Epoch: [38/40], Step: [511/782], Loss: 0.06540396809577942
Rank:0 Epoch: [38/40], Step: [521/782], Loss: 0.0035658939741551876
Rank:0 Epoch: [38/40], Step: [531/782], Loss: 0.0036639429163187742
Rank:0 Epoch: [38/40], Step: [541/782], Loss: 0.007817079313099384
Rank:0 Epoch: [38/40], Step: [551/782], Loss: 0.07252538204193115
Rank:0 Epoch: [38/40], Step: [561/782], Loss: 0.037590570747852325
Rank:0 Epoch: [38/40], Step: [571/782], Loss: 0.07799796760082245
Rank:0 Epoch: [38/40], Step: [581/782], Loss: 0.03488132357597351
Rank:0 Epoch: [38/40], Step: [591/782], Loss: 0.008386053144931793
Rank:0 Epoch: [38/40], Step: [601/782], Loss: 0.01310584507882595
Rank:0 Epoch: [38/40], Step: [611/782], Loss: 0.02918916381895542
Rank:0 Epoch: [38/40], Step: [621/782], Loss: 0.013943205587565899
Rank:0 Epoch: [38/40], Step: [631/782], Loss: 0.01359058078378439
Rank:0 Epoch: [38/40], Step: [641/782], Loss: 0.012897172011435032
Rank:0 Epoch: [38/40], Step: [651/782], Loss: 0.01973566971719265
Rank:0 Epoch: [38/40], Step: [661/782], Loss: 0.07844283431768417
Rank:0 Epoch: [38/40], Step: [671/782], Loss: 0.0029444058891385794
Rank:0 Epoch: [38/40], Step: [681/782], Loss: 0.02167423814535141
Rank:0 Epoch: [38/40], Step: [691/782], Loss: 0.07909686863422394
Rank:0 Epoch: [38/40], Step: [701/782], Loss: 0.002803040435537696
Rank:0 Epoch: [38/40], Step: [711/782], Loss: 0.018998950719833374
Rank:0 Epoch: [38/40], Step: [721/782], Loss: 0.0028634308837354183
Rank:0 Epoch: [38/40], Step: [731/782], Loss: 0.005919664166867733
Rank:0 Epoch: [38/40], Step: [741/782], Loss: 0.00684733921661973
Rank:0 Epoch: [38/40], Step: [751/782], Loss: 0.09120431542396545
Rank:0 Epoch: [38/40], Step: [761/782], Loss: 0.010331138968467712
Rank:0 Epoch: [38/40], Step: [771/782], Loss: 0.06825903058052063
Rank:0 Epoch: [38/40], Step: [781/782], Loss: 0.023188740015029907
Current Test Acc: 0.9287
Rank:0 Epoch: [39/40], Step: [1/782], Loss: 0.007539430633187294
Rank:0 Epoch: [39/40], Step: [11/782], Loss: 0.015800846740603447
Rank:0 Epoch: [39/40], Step: [21/782], Loss: 0.01273795310407877
Rank:0 Epoch: [39/40], Step: [31/782], Loss: 0.0013346318155527115
Rank:0 Epoch: [39/40], Step: [41/782], Loss: 0.02187119424343109
Rank:0 Epoch: [39/40], Step: [51/782], Loss: 0.036950163543224335
Rank:0 Epoch: [39/40], Step: [61/782], Loss: 0.05532052740454674
Rank:0 Epoch: [39/40], Step: [71/782], Loss: 0.016360456123948097
Rank:0 Epoch: [39/40], Step: [81/782], Loss: 0.01682375557720661
Rank:0 Epoch: [39/40], Step: [91/782], Loss: 0.007464278023689985
Rank:0 Epoch: [39/40], Step: [101/782], Loss: 0.011476824060082436
Rank:0 Epoch: [39/40], Step: [111/782], Loss: 0.031094513833522797
Rank:0 Epoch: [39/40], Step: [121/782], Loss: 0.013176991604268551
Rank:0 Epoch: [39/40], Step: [131/782], Loss: 0.013054330833256245
Rank:0 Epoch: [39/40], Step: [141/782], Loss: 0.07742384821176529
Rank:0 Epoch: [39/40], Step: [151/782], Loss: 0.0034478772431612015
Rank:0 Epoch: [39/40], Step: [161/782], Loss: 0.028889717534184456
Rank:0 Epoch: [39/40], Step: [171/782], Loss: 0.036039795726537704
Rank:0 Epoch: [39/40], Step: [181/782], Loss: 0.008306608535349369
Rank:0 Epoch: [39/40], Step: [191/782], Loss: 0.014668251387774944
Rank:0 Epoch: [39/40], Step: [201/782], Loss: 0.019714372232556343
Rank:0 Epoch: [39/40], Step: [211/782], Loss: 0.006797845475375652
Rank:0 Epoch: [39/40], Step: [221/782], Loss: 0.016322901472449303
Rank:0 Epoch: [39/40], Step: [231/782], Loss: 0.006023169029504061
Rank:0 Epoch: [39/40], Step: [241/782], Loss: 0.0032132009509950876
Rank:0 Epoch: [39/40], Step: [251/782], Loss: 0.008728144690394402
Rank:0 Epoch: [39/40], Step: [261/782], Loss: 0.024832764640450478
Rank:0 Epoch: [39/40], Step: [271/782], Loss: 0.01135986391454935
Rank:0 Epoch: [39/40], Step: [281/782], Loss: 0.005165260285139084
Rank:0 Epoch: [39/40], Step: [291/782], Loss: 0.011523427441716194
Rank:0 Epoch: [39/40], Step: [301/782], Loss: 0.033946141600608826
Rank:0 Epoch: [39/40], Step: [311/782], Loss: 0.013867689296603203
Rank:0 Epoch: [39/40], Step: [321/782], Loss: 0.02151407115161419
Rank:0 Epoch: [39/40], Step: [331/782], Loss: 0.0850963443517685
Rank:0 Epoch: [39/40], Step: [341/782], Loss: 0.026733124628663063
Rank:0 Epoch: [39/40], Step: [351/782], Loss: 0.10575933009386063
Rank:0 Epoch: [39/40], Step: [361/782], Loss: 0.002115449868142605
Rank:0 Epoch: [39/40], Step: [371/782], Loss: 0.003467374946922064
Rank:0 Epoch: [39/40], Step: [381/782], Loss: 0.009896698407828808
Rank:0 Epoch: [39/40], Step: [391/782], Loss: 0.022864550352096558
Rank:0 Epoch: [39/40], Step: [401/782], Loss: 0.014272447675466537
Rank:0 Epoch: [39/40], Step: [411/782], Loss: 0.07094106078147888
Rank:0 Epoch: [39/40], Step: [421/782], Loss: 0.027268556877970695
Rank:0 Epoch: [39/40], Step: [431/782], Loss: 0.011744406074285507
Rank:0 Epoch: [39/40], Step: [441/782], Loss: 0.08816506713628769
Rank:0 Epoch: [39/40], Step: [451/782], Loss: 0.0417475588619709
Rank:0 Epoch: [39/40], Step: [461/782], Loss: 0.012433423660695553
Rank:0 Epoch: [39/40], Step: [471/782], Loss: 0.009706421755254269
Rank:0 Epoch: [39/40], Step: [481/782], Loss: 0.11615176498889923
Rank:0 Epoch: [39/40], Step: [491/782], Loss: 0.04352220147848129
Rank:0 Epoch: [39/40], Step: [501/782], Loss: 0.043159324675798416
Rank:0 Epoch: [39/40], Step: [511/782], Loss: 0.00228103157132864
Rank:0 Epoch: [39/40], Step: [521/782], Loss: 0.03250036761164665
Rank:0 Epoch: [39/40], Step: [531/782], Loss: 0.03364104405045509
Rank:0 Epoch: [39/40], Step: [541/782], Loss: 0.021666420623660088
Rank:0 Epoch: [39/40], Step: [551/782], Loss: 0.007592065259814262
Rank:0 Epoch: [39/40], Step: [561/782], Loss: 0.09895139932632446
Rank:0 Epoch: [39/40], Step: [571/782], Loss: 0.01306427177041769
Rank:0 Epoch: [39/40], Step: [581/782], Loss: 0.00565696693956852
Rank:0 Epoch: [39/40], Step: [591/782], Loss: 0.07682444900274277
Rank:0 Epoch: [39/40], Step: [601/782], Loss: 0.05174550786614418
Rank:0 Epoch: [39/40], Step: [611/782], Loss: 0.017422566190361977
Rank:0 Epoch: [39/40], Step: [621/782], Loss: 0.008129579946398735
Rank:0 Epoch: [39/40], Step: [631/782], Loss: 0.007477116771042347
Rank:0 Epoch: [39/40], Step: [641/782], Loss: 0.007483186200261116
Rank:0 Epoch: [39/40], Step: [651/782], Loss: 0.0032595843076705933
Rank:0 Epoch: [39/40], Step: [661/782], Loss: 0.019567931070923805
Rank:0 Epoch: [39/40], Step: [671/782], Loss: 0.045076869428157806
Rank:0 Epoch: [39/40], Step: [681/782], Loss: 0.01998968794941902
Rank:0 Epoch: [39/40], Step: [691/782], Loss: 0.021253112703561783
Rank:0 Epoch: [39/40], Step: [701/782], Loss: 0.036319274455308914
Rank:0 Epoch: [39/40], Step: [711/782], Loss: 0.08622658997774124
Rank:0 Epoch: [39/40], Step: [721/782], Loss: 0.03908320516347885
Rank:0 Epoch: [39/40], Step: [731/782], Loss: 0.01584181748330593
Rank:0 Epoch: [39/40], Step: [741/782], Loss: 0.04899756610393524
Rank:0 Epoch: [39/40], Step: [751/782], Loss: 0.007123107556253672
Rank:0 Epoch: [39/40], Step: [761/782], Loss: 0.016137897968292236
Rank:0 Epoch: [39/40], Step: [771/782], Loss: 0.004590919241309166
Rank:0 Epoch: [39/40], Step: [781/782], Loss: 0.0022660568356513977
Current Test Acc: 0.9296
Rank:0 Epoch: [40/40], Step: [1/782], Loss: 0.003587193787097931
Rank:0 Epoch: [40/40], Step: [11/782], Loss: 0.06253217160701752
Rank:0 Epoch: [40/40], Step: [21/782], Loss: 0.010609627701342106
Rank:0 Epoch: [40/40], Step: [31/782], Loss: 0.05173477157950401
Rank:0 Epoch: [40/40], Step: [41/782], Loss: 0.011327438987791538
Rank:0 Epoch: [40/40], Step: [51/782], Loss: 0.021684756502509117
Rank:0 Epoch: [40/40], Step: [61/782], Loss: 0.003491824259981513
Rank:0 Epoch: [40/40], Step: [71/782], Loss: 0.02063898555934429
Rank:0 Epoch: [40/40], Step: [81/782], Loss: 0.07445317506790161
Rank:0 Epoch: [40/40], Step: [91/782], Loss: 0.024168269708752632
Rank:0 Epoch: [40/40], Step: [101/782], Loss: 0.04897936061024666
Rank:0 Epoch: [40/40], Step: [111/782], Loss: 0.02002493478357792
Rank:0 Epoch: [40/40], Step: [121/782], Loss: 0.004982507787644863
Rank:0 Epoch: [40/40], Step: [131/782], Loss: 0.033465974032878876
Rank:0 Epoch: [40/40], Step: [141/782], Loss: 0.007215523160994053
Rank:0 Epoch: [40/40], Step: [151/782], Loss: 0.051310304552316666
Rank:0 Epoch: [40/40], Step: [161/782], Loss: 0.013297266326844692
Rank:0 Epoch: [40/40], Step: [171/782], Loss: 0.009180557914078236
Rank:0 Epoch: [40/40], Step: [181/782], Loss: 0.02449222467839718
Rank:0 Epoch: [40/40], Step: [191/782], Loss: 0.07269638776779175
Rank:0 Epoch: [40/40], Step: [201/782], Loss: 0.009642583318054676
Rank:0 Epoch: [40/40], Step: [211/782], Loss: 0.003286156104877591
Rank:0 Epoch: [40/40], Step: [221/782], Loss: 0.011590247973799706
Rank:0 Epoch: [40/40], Step: [231/782], Loss: 0.01798587664961815
Rank:0 Epoch: [40/40], Step: [241/782], Loss: 0.08563906699419022
Rank:0 Epoch: [40/40], Step: [251/782], Loss: 0.053054336458444595
Rank:0 Epoch: [40/40], Step: [261/782], Loss: 0.005469178780913353
Rank:0 Epoch: [40/40], Step: [271/782], Loss: 0.02340700477361679
Rank:0 Epoch: [40/40], Step: [281/782], Loss: 0.03394951671361923
Rank:0 Epoch: [40/40], Step: [291/782], Loss: 0.012221847660839558
Rank:0 Epoch: [40/40], Step: [301/782], Loss: 0.002378996228799224
Rank:0 Epoch: [40/40], Step: [311/782], Loss: 0.04359021782875061
Rank:0 Epoch: [40/40], Step: [321/782], Loss: 0.019099872559309006
Rank:0 Epoch: [40/40], Step: [331/782], Loss: 0.005081063136458397
Rank:0 Epoch: [40/40], Step: [341/782], Loss: 0.014916831627488136
Rank:0 Epoch: [40/40], Step: [351/782], Loss: 0.0019631448667496443
Rank:0 Epoch: [40/40], Step: [361/782], Loss: 0.0024818149395287037
Rank:0 Epoch: [40/40], Step: [371/782], Loss: 0.04920218139886856
Rank:0 Epoch: [40/40], Step: [381/782], Loss: 0.04556404799222946
Rank:0 Epoch: [40/40], Step: [391/782], Loss: 0.06129315122961998
Rank:0 Epoch: [40/40], Step: [401/782], Loss: 0.06475327163934708
Rank:0 Epoch: [40/40], Step: [411/782], Loss: 0.02623165026307106
Rank:0 Epoch: [40/40], Step: [421/782], Loss: 0.0064200060442090034
Rank:0 Epoch: [40/40], Step: [431/782], Loss: 0.020613202825188637
Rank:0 Epoch: [40/40], Step: [441/782], Loss: 0.01333168987184763
Rank:0 Epoch: [40/40], Step: [451/782], Loss: 0.045903731137514114
Rank:0 Epoch: [40/40], Step: [461/782], Loss: 0.0841561034321785
Rank:0 Epoch: [40/40], Step: [471/782], Loss: 0.01687561348080635
Rank:0 Epoch: [40/40], Step: [481/782], Loss: 0.010095318779349327
Rank:0 Epoch: [40/40], Step: [491/782], Loss: 0.013274691998958588
Rank:0 Epoch: [40/40], Step: [501/782], Loss: 0.08451706916093826
Rank:0 Epoch: [40/40], Step: [511/782], Loss: 0.012723984196782112
Rank:0 Epoch: [40/40], Step: [521/782], Loss: 0.014950057491660118
Rank:0 Epoch: [40/40], Step: [531/782], Loss: 0.014838114380836487
Rank:0 Epoch: [40/40], Step: [541/782], Loss: 0.011679774150252342
Rank:0 Epoch: [40/40], Step: [551/782], Loss: 0.03644353523850441
Rank:0 Epoch: [40/40], Step: [561/782], Loss: 0.019791649654507637
Rank:0 Epoch: [40/40], Step: [571/782], Loss: 0.008647398091852665
Rank:0 Epoch: [40/40], Step: [581/782], Loss: 0.016800569370388985
Rank:0 Epoch: [40/40], Step: [591/782], Loss: 0.02719894051551819
Rank:0 Epoch: [40/40], Step: [601/782], Loss: 0.012824483215808868
Rank:0 Epoch: [40/40], Step: [611/782], Loss: 0.06679096817970276
Rank:0 Epoch: [40/40], Step: [621/782], Loss: 0.016369180753827095
Rank:0 Epoch: [40/40], Step: [631/782], Loss: 0.0038878831546753645
Rank:0 Epoch: [40/40], Step: [641/782], Loss: 0.021346021443605423
Rank:0 Epoch: [40/40], Step: [651/782], Loss: 0.00738316448405385
Rank:0 Epoch: [40/40], Step: [661/782], Loss: 0.004097410012036562
Rank:0 Epoch: [40/40], Step: [671/782], Loss: 0.016091907396912575
Rank:0 Epoch: [40/40], Step: [681/782], Loss: 0.008028865791857243
Rank:0 Epoch: [40/40], Step: [691/782], Loss: 0.07854518294334412
Rank:0 Epoch: [40/40], Step: [701/782], Loss: 0.05306952819228172
Rank:0 Epoch: [40/40], Step: [711/782], Loss: 0.017369989305734634
Rank:0 Epoch: [40/40], Step: [721/782], Loss: 0.009414338506758213
Rank:0 Epoch: [40/40], Step: [731/782], Loss: 0.04387728124856949
Rank:0 Epoch: [40/40], Step: [741/782], Loss: 0.008474155329167843
Rank:0 Epoch: [40/40], Step: [751/782], Loss: 0.025170881301164627
Rank:0 Epoch: [40/40], Step: [761/782], Loss: 0.024600019678473473
Rank:0 Epoch: [40/40], Step: [771/782], Loss: 0.002713977824896574
Rank:0 Epoch: [40/40], Step: [781/782], Loss: 0.007135140709578991
Current Test Acc: 0.9276
Local best accuracy so far 0.9298
Best accuracy so far 0.9298
completed!
