ddp backend: nccl, world size: 1
rank 0 train on cuda 0
Rank:0 Epoch: [1/40], Step: [1/782], Loss: 0.39948779344558716
Rank:0 Epoch: [1/40], Step: [11/782], Loss: 0.20763316750526428
Rank:0 Epoch: [1/40], Step: [21/782], Loss: 0.2545325458049774
Rank:0 Epoch: [1/40], Step: [31/782], Loss: 0.5835075378417969
Rank:0 Epoch: [1/40], Step: [41/782], Loss: 0.5494135618209839
Rank:0 Epoch: [1/40], Step: [51/782], Loss: 0.6283246874809265
Rank:0 Epoch: [1/40], Step: [61/782], Loss: 0.8083856105804443
Rank:0 Epoch: [1/40], Step: [71/782], Loss: 0.7638177871704102
Rank:0 Epoch: [1/40], Step: [81/782], Loss: 0.44345393776893616
Rank:0 Epoch: [1/40], Step: [91/782], Loss: 0.6365337371826172
Rank:0 Epoch: [1/40], Step: [101/782], Loss: 0.48561084270477295
Rank:0 Epoch: [1/40], Step: [111/782], Loss: 0.5772284865379333
Rank:0 Epoch: [1/40], Step: [121/782], Loss: 0.858558714389801
Rank:0 Epoch: [1/40], Step: [131/782], Loss: 0.3504863977432251
Rank:0 Epoch: [1/40], Step: [141/782], Loss: 0.5518648028373718
Rank:0 Epoch: [1/40], Step: [151/782], Loss: 1.0077751874923706
Rank:0 Epoch: [1/40], Step: [161/782], Loss: 0.5381377935409546
Rank:0 Epoch: [1/40], Step: [171/782], Loss: 0.4374755918979645
Rank:0 Epoch: [1/40], Step: [181/782], Loss: 0.5810513496398926
Rank:0 Epoch: [1/40], Step: [191/782], Loss: 0.5182978510856628
Rank:0 Epoch: [1/40], Step: [201/782], Loss: 0.5416075587272644
Rank:0 Epoch: [1/40], Step: [211/782], Loss: 0.41785502433776855
Rank:0 Epoch: [1/40], Step: [221/782], Loss: 0.3253561854362488
Rank:0 Epoch: [1/40], Step: [231/782], Loss: 0.7369537353515625
Rank:0 Epoch: [1/40], Step: [241/782], Loss: 0.5353490710258484
Rank:0 Epoch: [1/40], Step: [251/782], Loss: 0.4422307312488556
Rank:0 Epoch: [1/40], Step: [261/782], Loss: 0.5630447864532471
Rank:0 Epoch: [1/40], Step: [271/782], Loss: 0.6345919966697693
Rank:0 Epoch: [1/40], Step: [281/782], Loss: 0.2911595404148102
Rank:0 Epoch: [1/40], Step: [291/782], Loss: 0.49874186515808105
Rank:0 Epoch: [1/40], Step: [301/782], Loss: 0.4435865879058838
Rank:0 Epoch: [1/40], Step: [311/782], Loss: 0.4673255383968353
Rank:0 Epoch: [1/40], Step: [321/782], Loss: 0.34445545077323914
Rank:0 Epoch: [1/40], Step: [331/782], Loss: 0.5730262398719788
Rank:0 Epoch: [1/40], Step: [341/782], Loss: 0.30891552567481995
Rank:0 Epoch: [1/40], Step: [351/782], Loss: 0.4805791974067688
Rank:0 Epoch: [1/40], Step: [361/782], Loss: 0.44553452730178833
Rank:0 Epoch: [1/40], Step: [371/782], Loss: 0.6214179396629333
Rank:0 Epoch: [1/40], Step: [381/782], Loss: 0.4054051637649536
Rank:0 Epoch: [1/40], Step: [391/782], Loss: 0.30695003271102905
Rank:0 Epoch: [1/40], Step: [401/782], Loss: 0.4712597727775574
Rank:0 Epoch: [1/40], Step: [411/782], Loss: 0.33294442296028137
Rank:0 Epoch: [1/40], Step: [421/782], Loss: 0.5546182990074158
Rank:0 Epoch: [1/40], Step: [431/782], Loss: 0.33667173981666565
Rank:0 Epoch: [1/40], Step: [441/782], Loss: 0.40636759996414185
Rank:0 Epoch: [1/40], Step: [451/782], Loss: 0.23048122227191925
Rank:0 Epoch: [1/40], Step: [461/782], Loss: 0.4000394344329834
Rank:0 Epoch: [1/40], Step: [471/782], Loss: 0.3693666160106659
Rank:0 Epoch: [1/40], Step: [481/782], Loss: 0.5274711847305298
Rank:0 Epoch: [1/40], Step: [491/782], Loss: 0.60930997133255
Rank:0 Epoch: [1/40], Step: [501/782], Loss: 0.44674384593963623
Rank:0 Epoch: [1/40], Step: [511/782], Loss: 0.2984195351600647
Rank:0 Epoch: [1/40], Step: [521/782], Loss: 0.4090663194656372
Rank:0 Epoch: [1/40], Step: [531/782], Loss: 0.6001073122024536
Rank:0 Epoch: [1/40], Step: [541/782], Loss: 0.3621332049369812
Rank:0 Epoch: [1/40], Step: [551/782], Loss: 0.26379823684692383
Rank:0 Epoch: [1/40], Step: [561/782], Loss: 0.3786793351173401
Rank:0 Epoch: [1/40], Step: [571/782], Loss: 0.3224199712276459
Rank:0 Epoch: [1/40], Step: [581/782], Loss: 0.4532198905944824
Rank:0 Epoch: [1/40], Step: [591/782], Loss: 0.3830653429031372
Rank:0 Epoch: [1/40], Step: [601/782], Loss: 0.5121178030967712
Rank:0 Epoch: [1/40], Step: [611/782], Loss: 0.40554141998291016
Rank:0 Epoch: [1/40], Step: [621/782], Loss: 0.3992198407649994
Rank:0 Epoch: [1/40], Step: [631/782], Loss: 0.3113635182380676
Rank:0 Epoch: [1/40], Step: [641/782], Loss: 0.376700222492218
Rank:0 Epoch: [1/40], Step: [651/782], Loss: 0.5904703736305237
Rank:0 Epoch: [1/40], Step: [661/782], Loss: 0.4921523928642273
Rank:0 Epoch: [1/40], Step: [671/782], Loss: 0.6127881407737732
Rank:0 Epoch: [1/40], Step: [681/782], Loss: 0.3146654963493347
Rank:0 Epoch: [1/40], Step: [691/782], Loss: 0.40199539065361023
Rank:0 Epoch: [1/40], Step: [701/782], Loss: 0.435781329870224
Rank:0 Epoch: [1/40], Step: [711/782], Loss: 0.3283950090408325
Rank:0 Epoch: [1/40], Step: [721/782], Loss: 0.5011659860610962
Rank:0 Epoch: [1/40], Step: [731/782], Loss: 0.3521190881729126
Rank:0 Epoch: [1/40], Step: [741/782], Loss: 0.13614417612552643
Rank:0 Epoch: [1/40], Step: [751/782], Loss: 0.27310606837272644
Rank:0 Epoch: [1/40], Step: [761/782], Loss: 0.5830464363098145
Rank:0 Epoch: [1/40], Step: [771/782], Loss: 0.3973557949066162
Rank:0 Epoch: [1/40], Step: [781/782], Loss: 0.31228023767471313
Current Test Acc: 0.8443
Rank:0 Epoch: [2/40], Step: [1/782], Loss: 0.31154483556747437
Rank:0 Epoch: [2/40], Step: [11/782], Loss: 0.308436781167984
Rank:0 Epoch: [2/40], Step: [21/782], Loss: 0.1110614761710167
Rank:0 Epoch: [2/40], Step: [31/782], Loss: 0.2109796702861786
Rank:0 Epoch: [2/40], Step: [41/782], Loss: 0.16084793210029602
Rank:0 Epoch: [2/40], Step: [51/782], Loss: 0.2524731159210205
Rank:0 Epoch: [2/40], Step: [61/782], Loss: 0.21643713116645813
Rank:0 Epoch: [2/40], Step: [71/782], Loss: 0.41171547770500183
Rank:0 Epoch: [2/40], Step: [81/782], Loss: 0.4541188180446625
Rank:0 Epoch: [2/40], Step: [91/782], Loss: 0.4925570785999298
Rank:0 Epoch: [2/40], Step: [101/782], Loss: 0.3057686686515808
Rank:0 Epoch: [2/40], Step: [111/782], Loss: 0.3520716428756714
Rank:0 Epoch: [2/40], Step: [121/782], Loss: 0.2891649901866913
Rank:0 Epoch: [2/40], Step: [131/782], Loss: 0.30259642004966736
Rank:0 Epoch: [2/40], Step: [141/782], Loss: 0.3057340383529663
Rank:0 Epoch: [2/40], Step: [151/782], Loss: 0.7102202773094177
Rank:0 Epoch: [2/40], Step: [161/782], Loss: 0.3763842284679413
Rank:0 Epoch: [2/40], Step: [171/782], Loss: 0.32822275161743164
Rank:0 Epoch: [2/40], Step: [181/782], Loss: 0.4021277129650116
Rank:0 Epoch: [2/40], Step: [191/782], Loss: 0.3047221302986145
Rank:0 Epoch: [2/40], Step: [201/782], Loss: 0.3273456394672394
Rank:0 Epoch: [2/40], Step: [211/782], Loss: 0.3280666172504425
Rank:0 Epoch: [2/40], Step: [221/782], Loss: 0.22302816808223724
Rank:0 Epoch: [2/40], Step: [231/782], Loss: 0.31257760524749756
Rank:0 Epoch: [2/40], Step: [241/782], Loss: 0.24184398353099823
Rank:0 Epoch: [2/40], Step: [251/782], Loss: 0.6613278388977051
Rank:0 Epoch: [2/40], Step: [261/782], Loss: 0.3892209231853485
Rank:0 Epoch: [2/40], Step: [271/782], Loss: 0.25002962350845337
Rank:0 Epoch: [2/40], Step: [281/782], Loss: 0.23569197952747345
Rank:0 Epoch: [2/40], Step: [291/782], Loss: 0.20566774904727936
Rank:0 Epoch: [2/40], Step: [301/782], Loss: 0.41550010442733765
Rank:0 Epoch: [2/40], Step: [311/782], Loss: 0.16792169213294983
Rank:0 Epoch: [2/40], Step: [321/782], Loss: 0.4148464798927307
Rank:0 Epoch: [2/40], Step: [331/782], Loss: 0.35114771127700806
Rank:0 Epoch: [2/40], Step: [341/782], Loss: 0.27024146914482117
Rank:0 Epoch: [2/40], Step: [351/782], Loss: 0.23955048620700836
Rank:0 Epoch: [2/40], Step: [361/782], Loss: 0.3020114004611969
Rank:0 Epoch: [2/40], Step: [371/782], Loss: 0.1903345137834549
Rank:0 Epoch: [2/40], Step: [381/782], Loss: 0.312931090593338
Rank:0 Epoch: [2/40], Step: [391/782], Loss: 0.3571450412273407
Rank:0 Epoch: [2/40], Step: [401/782], Loss: 0.6502506732940674
Rank:0 Epoch: [2/40], Step: [411/782], Loss: 0.41078469157218933
Rank:0 Epoch: [2/40], Step: [421/782], Loss: 0.3998708128929138
Rank:0 Epoch: [2/40], Step: [431/782], Loss: 0.3401920795440674
Rank:0 Epoch: [2/40], Step: [441/782], Loss: 0.4697099030017853
Rank:0 Epoch: [2/40], Step: [451/782], Loss: 0.3220575153827667
Rank:0 Epoch: [2/40], Step: [461/782], Loss: 0.21152889728546143
Rank:0 Epoch: [2/40], Step: [471/782], Loss: 0.28493890166282654
Rank:0 Epoch: [2/40], Step: [481/782], Loss: 0.27222830057144165
Rank:0 Epoch: [2/40], Step: [491/782], Loss: 0.2685466706752777
Rank:0 Epoch: [2/40], Step: [501/782], Loss: 0.3159410059452057
Rank:0 Epoch: [2/40], Step: [511/782], Loss: 0.2851209342479706
Rank:0 Epoch: [2/40], Step: [521/782], Loss: 0.2728990316390991
Rank:0 Epoch: [2/40], Step: [531/782], Loss: 0.4223476052284241
Rank:0 Epoch: [2/40], Step: [541/782], Loss: 0.2412920892238617
Rank:0 Epoch: [2/40], Step: [551/782], Loss: 0.3839820623397827
Rank:0 Epoch: [2/40], Step: [561/782], Loss: 0.21522456407546997
Rank:0 Epoch: [2/40], Step: [571/782], Loss: 0.21478918194770813
Rank:0 Epoch: [2/40], Step: [581/782], Loss: 0.36615437269210815
Rank:0 Epoch: [2/40], Step: [591/782], Loss: 0.24466972053050995
Rank:0 Epoch: [2/40], Step: [601/782], Loss: 0.31408584117889404
Rank:0 Epoch: [2/40], Step: [611/782], Loss: 0.2711597681045532
Rank:0 Epoch: [2/40], Step: [621/782], Loss: 0.2560898959636688
Rank:0 Epoch: [2/40], Step: [631/782], Loss: 0.395167738199234
Rank:0 Epoch: [2/40], Step: [641/782], Loss: 0.3150804042816162
Rank:0 Epoch: [2/40], Step: [651/782], Loss: 0.5087941288948059
Rank:0 Epoch: [2/40], Step: [661/782], Loss: 0.48566335439682007
Rank:0 Epoch: [2/40], Step: [671/782], Loss: 0.3592616021633148
Rank:0 Epoch: [2/40], Step: [681/782], Loss: 0.21953631937503815
Rank:0 Epoch: [2/40], Step: [691/782], Loss: 0.2056051790714264
Rank:0 Epoch: [2/40], Step: [701/782], Loss: 0.3311631679534912
Rank:0 Epoch: [2/40], Step: [711/782], Loss: 0.41688716411590576
Rank:0 Epoch: [2/40], Step: [721/782], Loss: 0.3567383587360382
Rank:0 Epoch: [2/40], Step: [731/782], Loss: 0.2750715911388397
Rank:0 Epoch: [2/40], Step: [741/782], Loss: 0.46020278334617615
Rank:0 Epoch: [2/40], Step: [751/782], Loss: 0.2187560647726059
Rank:0 Epoch: [2/40], Step: [761/782], Loss: 0.4269169270992279
Rank:0 Epoch: [2/40], Step: [771/782], Loss: 0.30119234323501587
Rank:0 Epoch: [2/40], Step: [781/782], Loss: 0.2774231731891632
Current Test Acc: 0.8475
Rank:0 Epoch: [3/40], Step: [1/782], Loss: 0.3449999690055847
Rank:0 Epoch: [3/40], Step: [11/782], Loss: 0.49544817209243774
Rank:0 Epoch: [3/40], Step: [21/782], Loss: 0.23393888771533966
Rank:0 Epoch: [3/40], Step: [31/782], Loss: 0.2334454208612442
Rank:0 Epoch: [3/40], Step: [41/782], Loss: 0.21553634107112885
Rank:0 Epoch: [3/40], Step: [51/782], Loss: 0.14141671359539032
Rank:0 Epoch: [3/40], Step: [61/782], Loss: 0.4417966306209564
Rank:0 Epoch: [3/40], Step: [71/782], Loss: 0.341570109128952
Rank:0 Epoch: [3/40], Step: [81/782], Loss: 0.28413334488868713
Rank:0 Epoch: [3/40], Step: [91/782], Loss: 0.37226602435112
Rank:0 Epoch: [3/40], Step: [101/782], Loss: 0.3531841039657593
Rank:0 Epoch: [3/40], Step: [111/782], Loss: 0.380481094121933
Rank:0 Epoch: [3/40], Step: [121/782], Loss: 0.20265617966651917
Rank:0 Epoch: [3/40], Step: [131/782], Loss: 0.15137358009815216
Rank:0 Epoch: [3/40], Step: [141/782], Loss: 0.13946759700775146
Rank:0 Epoch: [3/40], Step: [151/782], Loss: 0.177179217338562
Rank:0 Epoch: [3/40], Step: [161/782], Loss: 0.21578474342823029
Rank:0 Epoch: [3/40], Step: [171/782], Loss: 0.23716524243354797
Rank:0 Epoch: [3/40], Step: [181/782], Loss: 0.22755518555641174
Rank:0 Epoch: [3/40], Step: [191/782], Loss: 0.2757810652256012
Rank:0 Epoch: [3/40], Step: [201/782], Loss: 0.189174622297287
Rank:0 Epoch: [3/40], Step: [211/782], Loss: 0.23481963574886322
Rank:0 Epoch: [3/40], Step: [221/782], Loss: 0.2939930558204651
Rank:0 Epoch: [3/40], Step: [231/782], Loss: 0.3822844922542572
Rank:0 Epoch: [3/40], Step: [241/782], Loss: 0.31847986578941345
Rank:0 Epoch: [3/40], Step: [251/782], Loss: 0.35508856177330017
Rank:0 Epoch: [3/40], Step: [261/782], Loss: 0.27339062094688416
Rank:0 Epoch: [3/40], Step: [271/782], Loss: 0.3297830820083618
Rank:0 Epoch: [3/40], Step: [281/782], Loss: 0.2966470718383789
Rank:0 Epoch: [3/40], Step: [291/782], Loss: 0.25278475880622864
Rank:0 Epoch: [3/40], Step: [301/782], Loss: 0.2973536252975464
Rank:0 Epoch: [3/40], Step: [311/782], Loss: 0.4003596007823944
Rank:0 Epoch: [3/40], Step: [321/782], Loss: 0.3183399438858032
Rank:0 Epoch: [3/40], Step: [331/782], Loss: 0.4459965229034424
Rank:0 Epoch: [3/40], Step: [341/782], Loss: 0.4808068573474884
Rank:0 Epoch: [3/40], Step: [351/782], Loss: 0.3155212104320526
Rank:0 Epoch: [3/40], Step: [361/782], Loss: 0.2284379005432129
Rank:0 Epoch: [3/40], Step: [371/782], Loss: 0.29959601163864136
Rank:0 Epoch: [3/40], Step: [381/782], Loss: 0.3219292163848877
Rank:0 Epoch: [3/40], Step: [391/782], Loss: 0.1306043118238449
Rank:0 Epoch: [3/40], Step: [401/782], Loss: 0.31465569138526917
Rank:0 Epoch: [3/40], Step: [411/782], Loss: 0.5035701394081116
Rank:0 Epoch: [3/40], Step: [421/782], Loss: 0.4008917808532715
Rank:0 Epoch: [3/40], Step: [431/782], Loss: 0.3250749409198761
Rank:0 Epoch: [3/40], Step: [441/782], Loss: 0.3425542712211609
Rank:0 Epoch: [3/40], Step: [451/782], Loss: 0.17354628443717957
Rank:0 Epoch: [3/40], Step: [461/782], Loss: 0.24337877333164215
Rank:0 Epoch: [3/40], Step: [471/782], Loss: 0.2390870302915573
Rank:0 Epoch: [3/40], Step: [481/782], Loss: 0.435502827167511
Rank:0 Epoch: [3/40], Step: [491/782], Loss: 0.2713839113712311
Rank:0 Epoch: [3/40], Step: [501/782], Loss: 0.3096250295639038
Rank:0 Epoch: [3/40], Step: [511/782], Loss: 0.2818008065223694
Rank:0 Epoch: [3/40], Step: [521/782], Loss: 0.40948593616485596
Rank:0 Epoch: [3/40], Step: [531/782], Loss: 0.2423301637172699
Rank:0 Epoch: [3/40], Step: [541/782], Loss: 0.1696845293045044
Rank:0 Epoch: [3/40], Step: [551/782], Loss: 0.1831747442483902
Rank:0 Epoch: [3/40], Step: [561/782], Loss: 0.3037354648113251
Rank:0 Epoch: [3/40], Step: [571/782], Loss: 0.5196651816368103
Rank:0 Epoch: [3/40], Step: [581/782], Loss: 0.32671046257019043
Rank:0 Epoch: [3/40], Step: [591/782], Loss: 0.2880933880805969
Rank:0 Epoch: [3/40], Step: [601/782], Loss: 0.2700773775577545
Rank:0 Epoch: [3/40], Step: [611/782], Loss: 0.16545595228672028
Rank:0 Epoch: [3/40], Step: [621/782], Loss: 0.29442012310028076
Rank:0 Epoch: [3/40], Step: [631/782], Loss: 0.3532945215702057
Rank:0 Epoch: [3/40], Step: [641/782], Loss: 0.266450971364975
Rank:0 Epoch: [3/40], Step: [651/782], Loss: 0.3995811641216278
Rank:0 Epoch: [3/40], Step: [661/782], Loss: 0.36143916845321655
Rank:0 Epoch: [3/40], Step: [671/782], Loss: 0.4132704734802246
Rank:0 Epoch: [3/40], Step: [681/782], Loss: 0.2578257620334625
Rank:0 Epoch: [3/40], Step: [691/782], Loss: 0.28830844163894653
Rank:0 Epoch: [3/40], Step: [701/782], Loss: 0.36939042806625366
Rank:0 Epoch: [3/40], Step: [711/782], Loss: 0.21988445520401
Rank:0 Epoch: [3/40], Step: [721/782], Loss: 0.2652621865272522
Rank:0 Epoch: [3/40], Step: [731/782], Loss: 0.44029513001441956
Rank:0 Epoch: [3/40], Step: [741/782], Loss: 0.539529025554657
Rank:0 Epoch: [3/40], Step: [751/782], Loss: 0.28856462240219116
Rank:0 Epoch: [3/40], Step: [761/782], Loss: 0.20238664746284485
Rank:0 Epoch: [3/40], Step: [771/782], Loss: 0.451546847820282
Rank:0 Epoch: [3/40], Step: [781/782], Loss: 0.21304957568645477
Current Test Acc: 0.8802
Rank:0 Epoch: [4/40], Step: [1/782], Loss: 0.3189079463481903
Rank:0 Epoch: [4/40], Step: [11/782], Loss: 0.35008978843688965
Rank:0 Epoch: [4/40], Step: [21/782], Loss: 0.3135382831096649
Rank:0 Epoch: [4/40], Step: [31/782], Loss: 0.1664295643568039
Rank:0 Epoch: [4/40], Step: [41/782], Loss: 0.1727789342403412
Rank:0 Epoch: [4/40], Step: [51/782], Loss: 0.18426445126533508
Rank:0 Epoch: [4/40], Step: [61/782], Loss: 0.28140079975128174
Rank:0 Epoch: [4/40], Step: [71/782], Loss: 0.19036395847797394
Rank:0 Epoch: [4/40], Step: [81/782], Loss: 0.164594367146492
Rank:0 Epoch: [4/40], Step: [91/782], Loss: 0.34498199820518494
Rank:0 Epoch: [4/40], Step: [101/782], Loss: 0.2888801395893097
Rank:0 Epoch: [4/40], Step: [111/782], Loss: 0.22864477336406708
Rank:0 Epoch: [4/40], Step: [121/782], Loss: 0.1705380529165268
Rank:0 Epoch: [4/40], Step: [131/782], Loss: 0.2196601927280426
Rank:0 Epoch: [4/40], Step: [141/782], Loss: 0.08665823936462402
Rank:0 Epoch: [4/40], Step: [151/782], Loss: 0.3388243317604065
Rank:0 Epoch: [4/40], Step: [161/782], Loss: 0.4144892692565918
Rank:0 Epoch: [4/40], Step: [171/782], Loss: 0.29856717586517334
Rank:0 Epoch: [4/40], Step: [181/782], Loss: 0.3820350468158722
Rank:0 Epoch: [4/40], Step: [191/782], Loss: 0.25324204564094543
Rank:0 Epoch: [4/40], Step: [201/782], Loss: 0.19425569474697113
Rank:0 Epoch: [4/40], Step: [211/782], Loss: 0.37532198429107666
Rank:0 Epoch: [4/40], Step: [221/782], Loss: 0.2499936819076538
Rank:0 Epoch: [4/40], Step: [231/782], Loss: 0.34245115518569946
Rank:0 Epoch: [4/40], Step: [241/782], Loss: 0.1632499098777771
Rank:0 Epoch: [4/40], Step: [251/782], Loss: 0.1602315753698349
Rank:0 Epoch: [4/40], Step: [261/782], Loss: 0.2828872799873352
Rank:0 Epoch: [4/40], Step: [271/782], Loss: 0.34625354409217834
Rank:0 Epoch: [4/40], Step: [281/782], Loss: 0.19374145567417145
Rank:0 Epoch: [4/40], Step: [291/782], Loss: 0.37535589933395386
Rank:0 Epoch: [4/40], Step: [301/782], Loss: 0.39786621928215027
Rank:0 Epoch: [4/40], Step: [311/782], Loss: 0.21741396188735962
Rank:0 Epoch: [4/40], Step: [321/782], Loss: 0.2653542757034302
Rank:0 Epoch: [4/40], Step: [331/782], Loss: 0.1964861899614334
Rank:0 Epoch: [4/40], Step: [341/782], Loss: 0.20257771015167236
Rank:0 Epoch: [4/40], Step: [351/782], Loss: 0.1451154202222824
Rank:0 Epoch: [4/40], Step: [361/782], Loss: 0.438022643327713
Rank:0 Epoch: [4/40], Step: [371/782], Loss: 0.279727965593338
Rank:0 Epoch: [4/40], Step: [381/782], Loss: 0.4230111837387085
Rank:0 Epoch: [4/40], Step: [391/782], Loss: 0.3135353922843933
Rank:0 Epoch: [4/40], Step: [401/782], Loss: 0.307129442691803
Rank:0 Epoch: [4/40], Step: [411/782], Loss: 0.2332548052072525
Rank:0 Epoch: [4/40], Step: [421/782], Loss: 0.24400854110717773
Rank:0 Epoch: [4/40], Step: [431/782], Loss: 0.29037612676620483
Rank:0 Epoch: [4/40], Step: [441/782], Loss: 0.4311142861843109
Rank:0 Epoch: [4/40], Step: [451/782], Loss: 0.28066205978393555
Rank:0 Epoch: [4/40], Step: [461/782], Loss: 0.1675647795200348
Rank:0 Epoch: [4/40], Step: [471/782], Loss: 0.5793365240097046
Rank:0 Epoch: [4/40], Step: [481/782], Loss: 0.425871342420578
Rank:0 Epoch: [4/40], Step: [491/782], Loss: 0.11702849715948105
Rank:0 Epoch: [4/40], Step: [501/782], Loss: 0.29676100611686707
Rank:0 Epoch: [4/40], Step: [511/782], Loss: 0.20551179349422455
Rank:0 Epoch: [4/40], Step: [521/782], Loss: 0.24602681398391724
Rank:0 Epoch: [4/40], Step: [531/782], Loss: 0.5156993269920349
Rank:0 Epoch: [4/40], Step: [541/782], Loss: 0.18759378790855408
Rank:0 Epoch: [4/40], Step: [551/782], Loss: 0.348701149225235
Rank:0 Epoch: [4/40], Step: [561/782], Loss: 0.2678070068359375
Rank:0 Epoch: [4/40], Step: [571/782], Loss: 0.14230743050575256
Rank:0 Epoch: [4/40], Step: [581/782], Loss: 0.18083907663822174
Rank:0 Epoch: [4/40], Step: [591/782], Loss: 0.19511687755584717
Rank:0 Epoch: [4/40], Step: [601/782], Loss: 0.23294347524642944
Rank:0 Epoch: [4/40], Step: [611/782], Loss: 0.2251141220331192
Rank:0 Epoch: [4/40], Step: [621/782], Loss: 0.21106049418449402
Rank:0 Epoch: [4/40], Step: [631/782], Loss: 0.4523581564426422
Rank:0 Epoch: [4/40], Step: [641/782], Loss: 0.36313506960868835
Rank:0 Epoch: [4/40], Step: [651/782], Loss: 0.18867677450180054
Rank:0 Epoch: [4/40], Step: [661/782], Loss: 0.2997114658355713
Rank:0 Epoch: [4/40], Step: [671/782], Loss: 0.21732428669929504
Rank:0 Epoch: [4/40], Step: [681/782], Loss: 0.42728081345558167
Rank:0 Epoch: [4/40], Step: [691/782], Loss: 0.420622318983078
Rank:0 Epoch: [4/40], Step: [701/782], Loss: 0.3360234797000885
Rank:0 Epoch: [4/40], Step: [711/782], Loss: 0.17751209437847137
Rank:0 Epoch: [4/40], Step: [721/782], Loss: 0.22712893784046173
Rank:0 Epoch: [4/40], Step: [731/782], Loss: 0.4011939764022827
Rank:0 Epoch: [4/40], Step: [741/782], Loss: 0.4199686646461487
Rank:0 Epoch: [4/40], Step: [751/782], Loss: 0.28480684757232666
Rank:0 Epoch: [4/40], Step: [761/782], Loss: 0.3282022774219513
Rank:0 Epoch: [4/40], Step: [771/782], Loss: 0.2689017653465271
Rank:0 Epoch: [4/40], Step: [781/782], Loss: 0.24401862919330597
Current Test Acc: 0.8706
Rank:0 Epoch: [5/40], Step: [1/782], Loss: 0.4239649176597595
Rank:0 Epoch: [5/40], Step: [11/782], Loss: 0.3092130422592163
Rank:0 Epoch: [5/40], Step: [21/782], Loss: 0.18099476397037506
Rank:0 Epoch: [5/40], Step: [31/782], Loss: 0.2447008639574051
Rank:0 Epoch: [5/40], Step: [41/782], Loss: 0.1301448941230774
Rank:0 Epoch: [5/40], Step: [51/782], Loss: 0.14977511763572693
Rank:0 Epoch: [5/40], Step: [61/782], Loss: 0.1595969945192337
Rank:0 Epoch: [5/40], Step: [71/782], Loss: 0.3621913492679596
Rank:0 Epoch: [5/40], Step: [81/782], Loss: 0.1948782205581665
Rank:0 Epoch: [5/40], Step: [91/782], Loss: 0.31223276257514954
Rank:0 Epoch: [5/40], Step: [101/782], Loss: 0.38678866624832153
Rank:0 Epoch: [5/40], Step: [111/782], Loss: 0.235276460647583
Rank:0 Epoch: [5/40], Step: [121/782], Loss: 0.18807776272296906
Rank:0 Epoch: [5/40], Step: [131/782], Loss: 0.20246052742004395
Rank:0 Epoch: [5/40], Step: [141/782], Loss: 0.20662260055541992
Rank:0 Epoch: [5/40], Step: [151/782], Loss: 0.38222429156303406
Rank:0 Epoch: [5/40], Step: [161/782], Loss: 0.16327878832817078
Rank:0 Epoch: [5/40], Step: [171/782], Loss: 0.21942836046218872
Rank:0 Epoch: [5/40], Step: [181/782], Loss: 0.12423167377710342
Rank:0 Epoch: [5/40], Step: [191/782], Loss: 0.1638418734073639
Rank:0 Epoch: [5/40], Step: [201/782], Loss: 0.38425248861312866
Rank:0 Epoch: [5/40], Step: [211/782], Loss: 0.18333856761455536
Rank:0 Epoch: [5/40], Step: [221/782], Loss: 0.1325492411851883
Rank:0 Epoch: [5/40], Step: [231/782], Loss: 0.28620925545692444
Rank:0 Epoch: [5/40], Step: [241/782], Loss: 0.36461395025253296
Rank:0 Epoch: [5/40], Step: [251/782], Loss: 0.2835100293159485
Rank:0 Epoch: [5/40], Step: [261/782], Loss: 0.21305252611637115
Rank:0 Epoch: [5/40], Step: [271/782], Loss: 0.17999735474586487
Rank:0 Epoch: [5/40], Step: [281/782], Loss: 0.2526342272758484
Rank:0 Epoch: [5/40], Step: [291/782], Loss: 0.12436564266681671
Rank:0 Epoch: [5/40], Step: [301/782], Loss: 0.17515341937541962
Rank:0 Epoch: [5/40], Step: [311/782], Loss: 0.3075329661369324
Rank:0 Epoch: [5/40], Step: [321/782], Loss: 0.11243042349815369
Rank:0 Epoch: [5/40], Step: [331/782], Loss: 0.2479531466960907
Rank:0 Epoch: [5/40], Step: [341/782], Loss: 0.3648171126842499
Rank:0 Epoch: [5/40], Step: [351/782], Loss: 0.2816634774208069
Rank:0 Epoch: [5/40], Step: [361/782], Loss: 0.46045324206352234
Rank:0 Epoch: [5/40], Step: [371/782], Loss: 0.38375911116600037
Rank:0 Epoch: [5/40], Step: [381/782], Loss: 0.2034088522195816
Rank:0 Epoch: [5/40], Step: [391/782], Loss: 0.09838196635246277
Rank:0 Epoch: [5/40], Step: [401/782], Loss: 0.23044897615909576
Rank:0 Epoch: [5/40], Step: [411/782], Loss: 0.20724664628505707
Rank:0 Epoch: [5/40], Step: [421/782], Loss: 0.33633679151535034
Rank:0 Epoch: [5/40], Step: [431/782], Loss: 0.1633726805448532
Rank:0 Epoch: [5/40], Step: [441/782], Loss: 0.2754155993461609
Rank:0 Epoch: [5/40], Step: [451/782], Loss: 0.4149225950241089
Rank:0 Epoch: [5/40], Step: [461/782], Loss: 0.24293576180934906
Rank:0 Epoch: [5/40], Step: [471/782], Loss: 0.2859365940093994
Rank:0 Epoch: [5/40], Step: [481/782], Loss: 0.42378756403923035
Rank:0 Epoch: [5/40], Step: [491/782], Loss: 0.18830642104148865
Rank:0 Epoch: [5/40], Step: [501/782], Loss: 0.25826361775398254
Rank:0 Epoch: [5/40], Step: [511/782], Loss: 0.15329180657863617
Rank:0 Epoch: [5/40], Step: [521/782], Loss: 0.19593679904937744
Rank:0 Epoch: [5/40], Step: [531/782], Loss: 0.11321546137332916
Rank:0 Epoch: [5/40], Step: [541/782], Loss: 0.2809408903121948
Rank:0 Epoch: [5/40], Step: [551/782], Loss: 0.25689640641212463
Rank:0 Epoch: [5/40], Step: [561/782], Loss: 0.49633508920669556
Rank:0 Epoch: [5/40], Step: [571/782], Loss: 0.1921713650226593
Rank:0 Epoch: [5/40], Step: [581/782], Loss: 0.19999489188194275
Rank:0 Epoch: [5/40], Step: [591/782], Loss: 0.2508876919746399
Rank:0 Epoch: [5/40], Step: [601/782], Loss: 0.3690946102142334
Rank:0 Epoch: [5/40], Step: [611/782], Loss: 0.23195943236351013
Rank:0 Epoch: [5/40], Step: [621/782], Loss: 0.18625393509864807
Rank:0 Epoch: [5/40], Step: [631/782], Loss: 0.193053737282753
Rank:0 Epoch: [5/40], Step: [641/782], Loss: 0.13515704870224
Rank:0 Epoch: [5/40], Step: [651/782], Loss: 0.25761011242866516
Rank:0 Epoch: [5/40], Step: [661/782], Loss: 0.26312318444252014
Rank:0 Epoch: [5/40], Step: [671/782], Loss: 0.3609304428100586
Rank:0 Epoch: [5/40], Step: [681/782], Loss: 0.10046389698982239
Rank:0 Epoch: [5/40], Step: [691/782], Loss: 0.27500423789024353
Rank:0 Epoch: [5/40], Step: [701/782], Loss: 0.3709694445133209
Rank:0 Epoch: [5/40], Step: [711/782], Loss: 0.16498129069805145
Rank:0 Epoch: [5/40], Step: [721/782], Loss: 0.3683815598487854
Rank:0 Epoch: [5/40], Step: [731/782], Loss: 0.18868611752986908
Rank:0 Epoch: [5/40], Step: [741/782], Loss: 0.267456591129303
Rank:0 Epoch: [5/40], Step: [751/782], Loss: 0.2252858430147171
Rank:0 Epoch: [5/40], Step: [761/782], Loss: 0.19959032535552979
Rank:0 Epoch: [5/40], Step: [771/782], Loss: 0.2806859016418457
Rank:0 Epoch: [5/40], Step: [781/782], Loss: 0.304791122674942
Current Test Acc: 0.8712
Rank:0 Epoch: [6/40], Step: [1/782], Loss: 0.1294054090976715
Rank:0 Epoch: [6/40], Step: [11/782], Loss: 0.263523131608963
Rank:0 Epoch: [6/40], Step: [21/782], Loss: 0.22703537344932556
Rank:0 Epoch: [6/40], Step: [31/782], Loss: 0.19325698912143707
Rank:0 Epoch: [6/40], Step: [41/782], Loss: 0.2982531487941742
Rank:0 Epoch: [6/40], Step: [51/782], Loss: 0.17295420169830322
Rank:0 Epoch: [6/40], Step: [61/782], Loss: 0.16448824107646942
Rank:0 Epoch: [6/40], Step: [71/782], Loss: 0.1371345967054367
Rank:0 Epoch: [6/40], Step: [81/782], Loss: 0.42136865854263306
Rank:0 Epoch: [6/40], Step: [91/782], Loss: 0.13336847722530365
Rank:0 Epoch: [6/40], Step: [101/782], Loss: 0.21783775091171265
Rank:0 Epoch: [6/40], Step: [111/782], Loss: 0.17174944281578064
Rank:0 Epoch: [6/40], Step: [121/782], Loss: 0.27832749485969543
Rank:0 Epoch: [6/40], Step: [131/782], Loss: 0.37622520327568054
Rank:0 Epoch: [6/40], Step: [141/782], Loss: 0.29469016194343567
Rank:0 Epoch: [6/40], Step: [151/782], Loss: 0.21457846462726593
Rank:0 Epoch: [6/40], Step: [161/782], Loss: 0.08251475542783737
Rank:0 Epoch: [6/40], Step: [171/782], Loss: 0.33913519978523254
Rank:0 Epoch: [6/40], Step: [181/782], Loss: 0.25806742906570435
Rank:0 Epoch: [6/40], Step: [191/782], Loss: 0.30365490913391113
Rank:0 Epoch: [6/40], Step: [201/782], Loss: 0.440231591463089
Rank:0 Epoch: [6/40], Step: [211/782], Loss: 0.3338591456413269
Rank:0 Epoch: [6/40], Step: [221/782], Loss: 0.12078040838241577
Rank:0 Epoch: [6/40], Step: [231/782], Loss: 0.38788408041000366
Rank:0 Epoch: [6/40], Step: [241/782], Loss: 0.2440061867237091
Rank:0 Epoch: [6/40], Step: [251/782], Loss: 0.16109450161457062
Rank:0 Epoch: [6/40], Step: [261/782], Loss: 0.25832122564315796
Rank:0 Epoch: [6/40], Step: [271/782], Loss: 0.1875699907541275
Rank:0 Epoch: [6/40], Step: [281/782], Loss: 0.2536258399486542
Rank:0 Epoch: [6/40], Step: [291/782], Loss: 0.15171481668949127
Rank:0 Epoch: [6/40], Step: [301/782], Loss: 0.11319205164909363
Rank:0 Epoch: [6/40], Step: [311/782], Loss: 0.23315726220607758
Rank:0 Epoch: [6/40], Step: [321/782], Loss: 0.14099588990211487
Rank:0 Epoch: [6/40], Step: [331/782], Loss: 0.1712687462568283
Rank:0 Epoch: [6/40], Step: [341/782], Loss: 0.1397610604763031
Rank:0 Epoch: [6/40], Step: [351/782], Loss: 0.31528761982917786
Rank:0 Epoch: [6/40], Step: [361/782], Loss: 0.20619423687458038
Rank:0 Epoch: [6/40], Step: [371/782], Loss: 0.32427698373794556
Rank:0 Epoch: [6/40], Step: [381/782], Loss: 0.1490011066198349
Rank:0 Epoch: [6/40], Step: [391/782], Loss: 0.3160792291164398
Rank:0 Epoch: [6/40], Step: [401/782], Loss: 0.2552025318145752
Rank:0 Epoch: [6/40], Step: [411/782], Loss: 0.25870081782341003
Rank:0 Epoch: [6/40], Step: [421/782], Loss: 0.2206835001707077
Rank:0 Epoch: [6/40], Step: [431/782], Loss: 0.2465478628873825
Rank:0 Epoch: [6/40], Step: [441/782], Loss: 0.2479829639196396
Rank:0 Epoch: [6/40], Step: [451/782], Loss: 0.3327843248844147
Rank:0 Epoch: [6/40], Step: [461/782], Loss: 0.562345564365387
Rank:0 Epoch: [6/40], Step: [471/782], Loss: 0.21321479976177216
Rank:0 Epoch: [6/40], Step: [481/782], Loss: 0.2361440509557724
Rank:0 Epoch: [6/40], Step: [491/782], Loss: 0.2983950674533844
Rank:0 Epoch: [6/40], Step: [501/782], Loss: 0.24131417274475098
Rank:0 Epoch: [6/40], Step: [511/782], Loss: 0.21553494036197662
Rank:0 Epoch: [6/40], Step: [521/782], Loss: 0.18361014127731323
Rank:0 Epoch: [6/40], Step: [531/782], Loss: 0.2695702314376831
Rank:0 Epoch: [6/40], Step: [541/782], Loss: 0.17743979394435883
Rank:0 Epoch: [6/40], Step: [551/782], Loss: 0.2613734006881714
Rank:0 Epoch: [6/40], Step: [561/782], Loss: 0.20428040623664856
Rank:0 Epoch: [6/40], Step: [571/782], Loss: 0.38942041993141174
Rank:0 Epoch: [6/40], Step: [581/782], Loss: 0.19285368919372559
Rank:0 Epoch: [6/40], Step: [591/782], Loss: 0.21968232095241547
Rank:0 Epoch: [6/40], Step: [601/782], Loss: 0.19036264717578888
Rank:0 Epoch: [6/40], Step: [611/782], Loss: 0.31511950492858887
Rank:0 Epoch: [6/40], Step: [621/782], Loss: 0.22679902613162994
Rank:0 Epoch: [6/40], Step: [631/782], Loss: 0.17904403805732727
Rank:0 Epoch: [6/40], Step: [641/782], Loss: 0.12917572259902954
Rank:0 Epoch: [6/40], Step: [651/782], Loss: 0.1744212955236435
Rank:0 Epoch: [6/40], Step: [661/782], Loss: 0.09839726239442825
Rank:0 Epoch: [6/40], Step: [671/782], Loss: 0.29761233925819397
Rank:0 Epoch: [6/40], Step: [681/782], Loss: 0.20346778631210327
Rank:0 Epoch: [6/40], Step: [691/782], Loss: 0.22187288105487823
Rank:0 Epoch: [6/40], Step: [701/782], Loss: 0.21281321346759796
Rank:0 Epoch: [6/40], Step: [711/782], Loss: 0.1729753315448761
Rank:0 Epoch: [6/40], Step: [721/782], Loss: 0.09604579955339432
Rank:0 Epoch: [6/40], Step: [731/782], Loss: 0.36283454298973083
Rank:0 Epoch: [6/40], Step: [741/782], Loss: 0.3513232171535492
Rank:0 Epoch: [6/40], Step: [751/782], Loss: 0.17293603718280792
Rank:0 Epoch: [6/40], Step: [761/782], Loss: 0.21702659130096436
Rank:0 Epoch: [6/40], Step: [771/782], Loss: 0.2536975145339966
Rank:0 Epoch: [6/40], Step: [781/782], Loss: 0.19248200953006744
Current Test Acc: 0.8626
Rank:0 Epoch: [7/40], Step: [1/782], Loss: 0.17382217943668365
Rank:0 Epoch: [7/40], Step: [11/782], Loss: 0.23167449235916138
Rank:0 Epoch: [7/40], Step: [21/782], Loss: 0.28719520568847656
Rank:0 Epoch: [7/40], Step: [31/782], Loss: 0.2310033142566681
Rank:0 Epoch: [7/40], Step: [41/782], Loss: 0.11380091309547424
Rank:0 Epoch: [7/40], Step: [51/782], Loss: 0.22017762064933777
Rank:0 Epoch: [7/40], Step: [61/782], Loss: 0.26249510049819946
Rank:0 Epoch: [7/40], Step: [71/782], Loss: 0.20949558913707733
Rank:0 Epoch: [7/40], Step: [81/782], Loss: 0.19267000257968903
Rank:0 Epoch: [7/40], Step: [91/782], Loss: 0.2042202204465866
Rank:0 Epoch: [7/40], Step: [101/782], Loss: 0.24995672702789307
Rank:0 Epoch: [7/40], Step: [111/782], Loss: 0.12393124401569366
Rank:0 Epoch: [7/40], Step: [121/782], Loss: 0.5134583115577698
Rank:0 Epoch: [7/40], Step: [131/782], Loss: 0.19528356194496155
Rank:0 Epoch: [7/40], Step: [141/782], Loss: 0.17213740944862366
Rank:0 Epoch: [7/40], Step: [151/782], Loss: 0.16303898394107819
Rank:0 Epoch: [7/40], Step: [161/782], Loss: 0.1168794259428978
Rank:0 Epoch: [7/40], Step: [171/782], Loss: 0.10066929459571838
Rank:0 Epoch: [7/40], Step: [181/782], Loss: 0.1603553146123886
Rank:0 Epoch: [7/40], Step: [191/782], Loss: 0.2939273715019226
Rank:0 Epoch: [7/40], Step: [201/782], Loss: 0.2169567346572876
Rank:0 Epoch: [7/40], Step: [211/782], Loss: 0.21657662093639374
Rank:0 Epoch: [7/40], Step: [221/782], Loss: 0.13183273375034332
Rank:0 Epoch: [7/40], Step: [231/782], Loss: 0.14784769713878632
Rank:0 Epoch: [7/40], Step: [241/782], Loss: 0.3436945974826813
Rank:0 Epoch: [7/40], Step: [251/782], Loss: 0.23676420748233795
Rank:0 Epoch: [7/40], Step: [261/782], Loss: 0.21328499913215637
Rank:0 Epoch: [7/40], Step: [271/782], Loss: 0.5048118829727173
Rank:0 Epoch: [7/40], Step: [281/782], Loss: 0.14494968950748444
Rank:0 Epoch: [7/40], Step: [291/782], Loss: 0.6107584238052368
Rank:0 Epoch: [7/40], Step: [301/782], Loss: 0.26178106665611267
Rank:0 Epoch: [7/40], Step: [311/782], Loss: 0.34156352281570435
Rank:0 Epoch: [7/40], Step: [321/782], Loss: 0.18498024344444275
Rank:0 Epoch: [7/40], Step: [331/782], Loss: 0.27786561846733093
Rank:0 Epoch: [7/40], Step: [341/782], Loss: 0.3626723289489746
Rank:0 Epoch: [7/40], Step: [351/782], Loss: 0.1933906227350235
Rank:0 Epoch: [7/40], Step: [361/782], Loss: 0.2670819163322449
Rank:0 Epoch: [7/40], Step: [371/782], Loss: 0.28183290362358093
Rank:0 Epoch: [7/40], Step: [381/782], Loss: 0.14278213679790497
Rank:0 Epoch: [7/40], Step: [391/782], Loss: 0.36091724038124084
Rank:0 Epoch: [7/40], Step: [401/782], Loss: 0.20940257608890533
Rank:0 Epoch: [7/40], Step: [411/782], Loss: 0.3759298622608185
Rank:0 Epoch: [7/40], Step: [421/782], Loss: 0.21021346747875214
Rank:0 Epoch: [7/40], Step: [431/782], Loss: 0.26948457956314087
Rank:0 Epoch: [7/40], Step: [441/782], Loss: 0.17598827183246613
Rank:0 Epoch: [7/40], Step: [451/782], Loss: 0.13184954226016998
Rank:0 Epoch: [7/40], Step: [461/782], Loss: 0.3421529531478882
Rank:0 Epoch: [7/40], Step: [471/782], Loss: 0.31843101978302
Rank:0 Epoch: [7/40], Step: [481/782], Loss: 0.27633777260780334
Rank:0 Epoch: [7/40], Step: [491/782], Loss: 0.4037000238895416
Rank:0 Epoch: [7/40], Step: [501/782], Loss: 0.18054737150669098
Rank:0 Epoch: [7/40], Step: [511/782], Loss: 0.25221237540245056
Rank:0 Epoch: [7/40], Step: [521/782], Loss: 0.23356077075004578
Rank:0 Epoch: [7/40], Step: [531/782], Loss: 0.2287854105234146
Rank:0 Epoch: [7/40], Step: [541/782], Loss: 0.1392422467470169
Rank:0 Epoch: [7/40], Step: [551/782], Loss: 0.2728433907032013
Rank:0 Epoch: [7/40], Step: [561/782], Loss: 0.24164870381355286
Rank:0 Epoch: [7/40], Step: [571/782], Loss: 0.18517480790615082
Rank:0 Epoch: [7/40], Step: [581/782], Loss: 0.2812117338180542
Rank:0 Epoch: [7/40], Step: [591/782], Loss: 0.18098729848861694
Rank:0 Epoch: [7/40], Step: [601/782], Loss: 0.38468918204307556
Rank:0 Epoch: [7/40], Step: [611/782], Loss: 0.16176865994930267
Rank:0 Epoch: [7/40], Step: [621/782], Loss: 0.36495456099510193
Rank:0 Epoch: [7/40], Step: [631/782], Loss: 0.3081863522529602
Rank:0 Epoch: [7/40], Step: [641/782], Loss: 0.32547447085380554
Rank:0 Epoch: [7/40], Step: [651/782], Loss: 0.2164188176393509
Rank:0 Epoch: [7/40], Step: [661/782], Loss: 0.2302550971508026
Rank:0 Epoch: [7/40], Step: [671/782], Loss: 0.2381664514541626
Rank:0 Epoch: [7/40], Step: [681/782], Loss: 0.24702775478363037
Rank:0 Epoch: [7/40], Step: [691/782], Loss: 0.29930806159973145
Rank:0 Epoch: [7/40], Step: [701/782], Loss: 0.29326874017715454
Rank:0 Epoch: [7/40], Step: [711/782], Loss: 0.2194189727306366
Rank:0 Epoch: [7/40], Step: [721/782], Loss: 0.3435513377189636
Rank:0 Epoch: [7/40], Step: [731/782], Loss: 0.33894097805023193
Rank:0 Epoch: [7/40], Step: [741/782], Loss: 0.2933097183704376
Rank:0 Epoch: [7/40], Step: [751/782], Loss: 0.281354159116745
Rank:0 Epoch: [7/40], Step: [761/782], Loss: 0.15418043732643127
Rank:0 Epoch: [7/40], Step: [771/782], Loss: 0.25623148679733276
Rank:0 Epoch: [7/40], Step: [781/782], Loss: 0.23784059286117554
Current Test Acc: 0.8811
Rank:0 Epoch: [8/40], Step: [1/782], Loss: 0.23303884267807007
Rank:0 Epoch: [8/40], Step: [11/782], Loss: 0.3430010974407196
Rank:0 Epoch: [8/40], Step: [21/782], Loss: 0.19253143668174744
Rank:0 Epoch: [8/40], Step: [31/782], Loss: 0.25909918546676636
Rank:0 Epoch: [8/40], Step: [41/782], Loss: 0.19399243593215942
Rank:0 Epoch: [8/40], Step: [51/782], Loss: 0.13094443082809448
Rank:0 Epoch: [8/40], Step: [61/782], Loss: 0.12894931435585022
Rank:0 Epoch: [8/40], Step: [71/782], Loss: 0.36468976736068726
Rank:0 Epoch: [8/40], Step: [81/782], Loss: 0.11138220131397247
Rank:0 Epoch: [8/40], Step: [91/782], Loss: 0.24876584112644196
Rank:0 Epoch: [8/40], Step: [101/782], Loss: 0.3253012001514435
Rank:0 Epoch: [8/40], Step: [111/782], Loss: 0.2087477743625641
Rank:0 Epoch: [8/40], Step: [121/782], Loss: 0.2684645652770996
Rank:0 Epoch: [8/40], Step: [131/782], Loss: 0.2150830328464508
Rank:0 Epoch: [8/40], Step: [141/782], Loss: 0.3245452344417572
Rank:0 Epoch: [8/40], Step: [151/782], Loss: 0.15177474915981293
Rank:0 Epoch: [8/40], Step: [161/782], Loss: 0.3196585178375244
Rank:0 Epoch: [8/40], Step: [171/782], Loss: 0.22197861969470978
Rank:0 Epoch: [8/40], Step: [181/782], Loss: 0.24858108162879944
Rank:0 Epoch: [8/40], Step: [191/782], Loss: 0.16449174284934998
Rank:0 Epoch: [8/40], Step: [201/782], Loss: 0.1922278106212616
Rank:0 Epoch: [8/40], Step: [211/782], Loss: 0.16873784363269806
Rank:0 Epoch: [8/40], Step: [221/782], Loss: 0.11556847393512726
Rank:0 Epoch: [8/40], Step: [231/782], Loss: 0.26978179812431335
Rank:0 Epoch: [8/40], Step: [241/782], Loss: 0.21178747713565826
Rank:0 Epoch: [8/40], Step: [251/782], Loss: 0.1283762902021408
Rank:0 Epoch: [8/40], Step: [261/782], Loss: 0.131327822804451
Rank:0 Epoch: [8/40], Step: [271/782], Loss: 0.38747110962867737
Rank:0 Epoch: [8/40], Step: [281/782], Loss: 0.30303165316581726
Rank:0 Epoch: [8/40], Step: [291/782], Loss: 0.2778218686580658
Rank:0 Epoch: [8/40], Step: [301/782], Loss: 0.190978541970253
Rank:0 Epoch: [8/40], Step: [311/782], Loss: 0.16586580872535706
Rank:0 Epoch: [8/40], Step: [321/782], Loss: 0.19992846250534058
Rank:0 Epoch: [8/40], Step: [331/782], Loss: 0.22851131856441498
Rank:0 Epoch: [8/40], Step: [341/782], Loss: 0.22911471128463745
Rank:0 Epoch: [8/40], Step: [351/782], Loss: 0.17268799245357513
Rank:0 Epoch: [8/40], Step: [361/782], Loss: 0.2723263204097748
Rank:0 Epoch: [8/40], Step: [371/782], Loss: 0.13967974483966827
Rank:0 Epoch: [8/40], Step: [381/782], Loss: 0.2844598889350891
Rank:0 Epoch: [8/40], Step: [391/782], Loss: 0.417339026927948
Rank:0 Epoch: [8/40], Step: [401/782], Loss: 0.18075408041477203
Rank:0 Epoch: [8/40], Step: [411/782], Loss: 0.22385872900485992
Rank:0 Epoch: [8/40], Step: [421/782], Loss: 0.09043923765420914
Rank:0 Epoch: [8/40], Step: [431/782], Loss: 0.14325036108493805
Rank:0 Epoch: [8/40], Step: [441/782], Loss: 0.2683761417865753
Rank:0 Epoch: [8/40], Step: [451/782], Loss: 0.3196653425693512
Rank:0 Epoch: [8/40], Step: [461/782], Loss: 0.28715085983276367
Rank:0 Epoch: [8/40], Step: [471/782], Loss: 0.2669774889945984
Rank:0 Epoch: [8/40], Step: [481/782], Loss: 0.3366887867450714
Rank:0 Epoch: [8/40], Step: [491/782], Loss: 0.3220095634460449
Rank:0 Epoch: [8/40], Step: [501/782], Loss: 0.13035929203033447
Rank:0 Epoch: [8/40], Step: [511/782], Loss: 0.12522292137145996
Rank:0 Epoch: [8/40], Step: [521/782], Loss: 0.41860461235046387
Rank:0 Epoch: [8/40], Step: [531/782], Loss: 0.4182245135307312
Rank:0 Epoch: [8/40], Step: [541/782], Loss: 0.3542097806930542
Rank:0 Epoch: [8/40], Step: [551/782], Loss: 0.3855825960636139
Rank:0 Epoch: [8/40], Step: [561/782], Loss: 0.39456868171691895
Rank:0 Epoch: [8/40], Step: [571/782], Loss: 0.17146290838718414
Rank:0 Epoch: [8/40], Step: [581/782], Loss: 0.2194521278142929
Rank:0 Epoch: [8/40], Step: [591/782], Loss: 0.1874687224626541
Rank:0 Epoch: [8/40], Step: [601/782], Loss: 0.143310084939003
Rank:0 Epoch: [8/40], Step: [611/782], Loss: 0.13601011037826538
Rank:0 Epoch: [8/40], Step: [621/782], Loss: 0.16931462287902832
Rank:0 Epoch: [8/40], Step: [631/782], Loss: 0.4007927477359772
Rank:0 Epoch: [8/40], Step: [641/782], Loss: 0.22258295118808746
Rank:0 Epoch: [8/40], Step: [651/782], Loss: 0.3192410469055176
Rank:0 Epoch: [8/40], Step: [661/782], Loss: 0.24259322881698608
Rank:0 Epoch: [8/40], Step: [671/782], Loss: 0.35018911957740784
Rank:0 Epoch: [8/40], Step: [681/782], Loss: 0.12753872573375702
Rank:0 Epoch: [8/40], Step: [691/782], Loss: 0.34537473320961
Rank:0 Epoch: [8/40], Step: [701/782], Loss: 0.33499768376350403
Rank:0 Epoch: [8/40], Step: [711/782], Loss: 0.24314135313034058
Rank:0 Epoch: [8/40], Step: [721/782], Loss: 0.26816460490226746
Rank:0 Epoch: [8/40], Step: [731/782], Loss: 0.2986782491207123
Rank:0 Epoch: [8/40], Step: [741/782], Loss: 0.2245720475912094
Rank:0 Epoch: [8/40], Step: [751/782], Loss: 0.14017678797245026
Rank:0 Epoch: [8/40], Step: [761/782], Loss: 0.19636839628219604
Rank:0 Epoch: [8/40], Step: [771/782], Loss: 0.2935587763786316
Rank:0 Epoch: [8/40], Step: [781/782], Loss: 0.22578458487987518
Current Test Acc: 0.8642
Rank:0 Epoch: [9/40], Step: [1/782], Loss: 0.15434303879737854
Rank:0 Epoch: [9/40], Step: [11/782], Loss: 0.1651744693517685
Rank:0 Epoch: [9/40], Step: [21/782], Loss: 0.18429316580295563
Rank:0 Epoch: [9/40], Step: [31/782], Loss: 0.15719486773014069
Rank:0 Epoch: [9/40], Step: [41/782], Loss: 0.1266716867685318
Rank:0 Epoch: [9/40], Step: [51/782], Loss: 0.14361192286014557
Rank:0 Epoch: [9/40], Step: [61/782], Loss: 0.142192542552948
Rank:0 Epoch: [9/40], Step: [71/782], Loss: 0.2048829346895218
Rank:0 Epoch: [9/40], Step: [81/782], Loss: 0.26714709401130676
Rank:0 Epoch: [9/40], Step: [91/782], Loss: 0.3536587655544281
Rank:0 Epoch: [9/40], Step: [101/782], Loss: 0.11549270898103714
Rank:0 Epoch: [9/40], Step: [111/782], Loss: 0.28294387459754944
Rank:0 Epoch: [9/40], Step: [121/782], Loss: 0.2852763533592224
Rank:0 Epoch: [9/40], Step: [131/782], Loss: 0.3621821701526642
Rank:0 Epoch: [9/40], Step: [141/782], Loss: 0.18615937232971191
Rank:0 Epoch: [9/40], Step: [151/782], Loss: 0.1269349902868271
Rank:0 Epoch: [9/40], Step: [161/782], Loss: 0.1619703769683838
Rank:0 Epoch: [9/40], Step: [171/782], Loss: 0.15239320695400238
Rank:0 Epoch: [9/40], Step: [181/782], Loss: 0.21153317391872406
Rank:0 Epoch: [9/40], Step: [191/782], Loss: 0.18370378017425537
Rank:0 Epoch: [9/40], Step: [201/782], Loss: 0.15742607414722443
Rank:0 Epoch: [9/40], Step: [211/782], Loss: 0.3361339569091797
Rank:0 Epoch: [9/40], Step: [221/782], Loss: 0.10083897411823273
Rank:0 Epoch: [9/40], Step: [231/782], Loss: 0.06227084621787071
Rank:0 Epoch: [9/40], Step: [241/782], Loss: 0.31592702865600586
Rank:0 Epoch: [9/40], Step: [251/782], Loss: 0.19293296337127686
Rank:0 Epoch: [9/40], Step: [261/782], Loss: 0.14903473854064941
Rank:0 Epoch: [9/40], Step: [271/782], Loss: 0.20064428448677063
Rank:0 Epoch: [9/40], Step: [281/782], Loss: 0.25723451375961304
Rank:0 Epoch: [9/40], Step: [291/782], Loss: 0.1226329654455185
Rank:0 Epoch: [9/40], Step: [301/782], Loss: 0.3705781400203705
Rank:0 Epoch: [9/40], Step: [311/782], Loss: 0.3478696346282959
Rank:0 Epoch: [9/40], Step: [321/782], Loss: 0.16067644953727722
Rank:0 Epoch: [9/40], Step: [331/782], Loss: 0.39124009013175964
Rank:0 Epoch: [9/40], Step: [341/782], Loss: 0.3714604675769806
Rank:0 Epoch: [9/40], Step: [351/782], Loss: 0.16013675928115845
Rank:0 Epoch: [9/40], Step: [361/782], Loss: 0.2646275460720062
Rank:0 Epoch: [9/40], Step: [371/782], Loss: 0.08953560888767242
Rank:0 Epoch: [9/40], Step: [381/782], Loss: 0.10073255002498627
Rank:0 Epoch: [9/40], Step: [391/782], Loss: 0.15819194912910461
Rank:0 Epoch: [9/40], Step: [401/782], Loss: 0.10902819782495499
Rank:0 Epoch: [9/40], Step: [411/782], Loss: 0.12336961925029755
Rank:0 Epoch: [9/40], Step: [421/782], Loss: 0.3083880543708801
Rank:0 Epoch: [9/40], Step: [431/782], Loss: 0.5606500506401062
Rank:0 Epoch: [9/40], Step: [441/782], Loss: 0.19639654457569122
Rank:0 Epoch: [9/40], Step: [451/782], Loss: 0.1767088919878006
Rank:0 Epoch: [9/40], Step: [461/782], Loss: 0.28346216678619385
Rank:0 Epoch: [9/40], Step: [471/782], Loss: 0.1990586221218109
Rank:0 Epoch: [9/40], Step: [481/782], Loss: 0.25703686475753784
Rank:0 Epoch: [9/40], Step: [491/782], Loss: 0.19704669713974
Rank:0 Epoch: [9/40], Step: [501/782], Loss: 0.1135425716638565
Rank:0 Epoch: [9/40], Step: [511/782], Loss: 0.17264869809150696
Rank:0 Epoch: [9/40], Step: [521/782], Loss: 0.3133314847946167
Rank:0 Epoch: [9/40], Step: [531/782], Loss: 0.22261245548725128
Rank:0 Epoch: [9/40], Step: [541/782], Loss: 0.2170073688030243
Rank:0 Epoch: [9/40], Step: [551/782], Loss: 0.35613444447517395
Rank:0 Epoch: [9/40], Step: [561/782], Loss: 0.23253877460956573
Rank:0 Epoch: [9/40], Step: [571/782], Loss: 0.31059786677360535
Rank:0 Epoch: [9/40], Step: [581/782], Loss: 0.2365848273038864
Rank:0 Epoch: [9/40], Step: [591/782], Loss: 0.12608635425567627
Rank:0 Epoch: [9/40], Step: [601/782], Loss: 0.1810430884361267
Rank:0 Epoch: [9/40], Step: [611/782], Loss: 0.24734468758106232
Rank:0 Epoch: [9/40], Step: [621/782], Loss: 0.21505433320999146
Rank:0 Epoch: [9/40], Step: [631/782], Loss: 0.1305050551891327
Rank:0 Epoch: [9/40], Step: [641/782], Loss: 0.27317869663238525
Rank:0 Epoch: [9/40], Step: [651/782], Loss: 0.19894595444202423
Rank:0 Epoch: [9/40], Step: [661/782], Loss: 0.2815801203250885
Rank:0 Epoch: [9/40], Step: [671/782], Loss: 0.3813599646091461
Rank:0 Epoch: [9/40], Step: [681/782], Loss: 0.21162834763526917
Rank:0 Epoch: [9/40], Step: [691/782], Loss: 0.28411856293678284
Rank:0 Epoch: [9/40], Step: [701/782], Loss: 0.16014695167541504
Rank:0 Epoch: [9/40], Step: [711/782], Loss: 0.19428810477256775
Rank:0 Epoch: [9/40], Step: [721/782], Loss: 0.21427513659000397
Rank:0 Epoch: [9/40], Step: [731/782], Loss: 0.336950421333313
Rank:0 Epoch: [9/40], Step: [741/782], Loss: 0.20873327553272247
Rank:0 Epoch: [9/40], Step: [751/782], Loss: 0.2270411252975464
Rank:0 Epoch: [9/40], Step: [761/782], Loss: 0.1390579789876938
Rank:0 Epoch: [9/40], Step: [771/782], Loss: 0.2218489944934845
Rank:0 Epoch: [9/40], Step: [781/782], Loss: 0.271090030670166
Current Test Acc: 0.8886
Rank:0 Epoch: [10/40], Step: [1/782], Loss: 0.39387428760528564
Rank:0 Epoch: [10/40], Step: [11/782], Loss: 0.29490283131599426
Rank:0 Epoch: [10/40], Step: [21/782], Loss: 0.19465087354183197
Rank:0 Epoch: [10/40], Step: [31/782], Loss: 0.24074460566043854
Rank:0 Epoch: [10/40], Step: [41/782], Loss: 0.3132333755493164
Rank:0 Epoch: [10/40], Step: [51/782], Loss: 0.2686055302619934
Rank:0 Epoch: [10/40], Step: [61/782], Loss: 0.2613796591758728
Rank:0 Epoch: [10/40], Step: [71/782], Loss: 0.06578326970338821
Rank:0 Epoch: [10/40], Step: [81/782], Loss: 0.10454732924699783
Rank:0 Epoch: [10/40], Step: [91/782], Loss: 0.1712351143360138
Rank:0 Epoch: [10/40], Step: [101/782], Loss: 0.11737868934869766
Rank:0 Epoch: [10/40], Step: [111/782], Loss: 0.09494692087173462
Rank:0 Epoch: [10/40], Step: [121/782], Loss: 0.30155953764915466
Rank:0 Epoch: [10/40], Step: [131/782], Loss: 0.2675717771053314
Rank:0 Epoch: [10/40], Step: [141/782], Loss: 0.19418075680732727
Rank:0 Epoch: [10/40], Step: [151/782], Loss: 0.07120788097381592
Rank:0 Epoch: [10/40], Step: [161/782], Loss: 0.17177024483680725
Rank:0 Epoch: [10/40], Step: [171/782], Loss: 0.3587758541107178
Rank:0 Epoch: [10/40], Step: [181/782], Loss: 0.1855677366256714
Rank:0 Epoch: [10/40], Step: [191/782], Loss: 0.3439367711544037
Rank:0 Epoch: [10/40], Step: [201/782], Loss: 0.24510425329208374
Rank:0 Epoch: [10/40], Step: [211/782], Loss: 0.37128838896751404
Rank:0 Epoch: [10/40], Step: [221/782], Loss: 0.1869143843650818
Rank:0 Epoch: [10/40], Step: [231/782], Loss: 0.29777222871780396
Rank:0 Epoch: [10/40], Step: [241/782], Loss: 0.1918594092130661
Rank:0 Epoch: [10/40], Step: [251/782], Loss: 0.31775757670402527
Rank:0 Epoch: [10/40], Step: [261/782], Loss: 0.08047211170196533
Rank:0 Epoch: [10/40], Step: [271/782], Loss: 0.14278294146060944
Rank:0 Epoch: [10/40], Step: [281/782], Loss: 0.3431207835674286
Rank:0 Epoch: [10/40], Step: [291/782], Loss: 0.16804341971874237
Rank:0 Epoch: [10/40], Step: [301/782], Loss: 0.32282406091690063
Rank:0 Epoch: [10/40], Step: [311/782], Loss: 0.17246505618095398
Rank:0 Epoch: [10/40], Step: [321/782], Loss: 0.27834999561309814
Rank:0 Epoch: [10/40], Step: [331/782], Loss: 0.17988191545009613
Rank:0 Epoch: [10/40], Step: [341/782], Loss: 0.16426199674606323
Rank:0 Epoch: [10/40], Step: [351/782], Loss: 0.16003575921058655
Rank:0 Epoch: [10/40], Step: [361/782], Loss: 0.17768274247646332
Rank:0 Epoch: [10/40], Step: [371/782], Loss: 0.321736603975296
Rank:0 Epoch: [10/40], Step: [381/782], Loss: 0.47267237305641174
Rank:0 Epoch: [10/40], Step: [391/782], Loss: 0.26275935769081116
Rank:0 Epoch: [10/40], Step: [401/782], Loss: 0.398226797580719
Rank:0 Epoch: [10/40], Step: [411/782], Loss: 0.4272182285785675
Rank:0 Epoch: [10/40], Step: [421/782], Loss: 0.2334490418434143
Rank:0 Epoch: [10/40], Step: [431/782], Loss: 0.11038985848426819
Rank:0 Epoch: [10/40], Step: [441/782], Loss: 0.09736637771129608
Rank:0 Epoch: [10/40], Step: [451/782], Loss: 0.3074502944946289
Rank:0 Epoch: [10/40], Step: [461/782], Loss: 0.3433944880962372
Rank:0 Epoch: [10/40], Step: [471/782], Loss: 0.29338526725769043
Rank:0 Epoch: [10/40], Step: [481/782], Loss: 0.22468812763690948
Rank:0 Epoch: [10/40], Step: [491/782], Loss: 0.18441633880138397
Rank:0 Epoch: [10/40], Step: [501/782], Loss: 0.23719234764575958
Rank:0 Epoch: [10/40], Step: [511/782], Loss: 0.1493176966905594
Rank:0 Epoch: [10/40], Step: [521/782], Loss: 0.2399047464132309
Rank:0 Epoch: [10/40], Step: [531/782], Loss: 0.15379254519939423
Rank:0 Epoch: [10/40], Step: [541/782], Loss: 0.2644157409667969
Rank:0 Epoch: [10/40], Step: [551/782], Loss: 0.2915951609611511
Rank:0 Epoch: [10/40], Step: [561/782], Loss: 0.2320757359266281
Rank:0 Epoch: [10/40], Step: [571/782], Loss: 0.18695436418056488
Rank:0 Epoch: [10/40], Step: [581/782], Loss: 0.13012704253196716
Rank:0 Epoch: [10/40], Step: [591/782], Loss: 0.15132078528404236
Rank:0 Epoch: [10/40], Step: [601/782], Loss: 0.1566256284713745
Rank:0 Epoch: [10/40], Step: [611/782], Loss: 0.2565775215625763
Rank:0 Epoch: [10/40], Step: [621/782], Loss: 0.2755292057991028
Rank:0 Epoch: [10/40], Step: [631/782], Loss: 0.23126757144927979
Rank:0 Epoch: [10/40], Step: [641/782], Loss: 0.4301239252090454
Rank:0 Epoch: [10/40], Step: [651/782], Loss: 0.1945788711309433
Rank:0 Epoch: [10/40], Step: [661/782], Loss: 0.3399637043476105
Rank:0 Epoch: [10/40], Step: [671/782], Loss: 0.23613940179347992
Rank:0 Epoch: [10/40], Step: [681/782], Loss: 0.2361489087343216
Rank:0 Epoch: [10/40], Step: [691/782], Loss: 0.25370320677757263
Rank:0 Epoch: [10/40], Step: [701/782], Loss: 0.23598191142082214
Rank:0 Epoch: [10/40], Step: [711/782], Loss: 0.31141772866249084
Rank:0 Epoch: [10/40], Step: [721/782], Loss: 0.2038627713918686
Rank:0 Epoch: [10/40], Step: [731/782], Loss: 0.20700715482234955
Rank:0 Epoch: [10/40], Step: [741/782], Loss: 0.20204389095306396
Rank:0 Epoch: [10/40], Step: [751/782], Loss: 0.20708878338336945
Rank:0 Epoch: [10/40], Step: [761/782], Loss: 0.1379166692495346
Rank:0 Epoch: [10/40], Step: [771/782], Loss: 0.23361913859844208
Rank:0 Epoch: [10/40], Step: [781/782], Loss: 0.10468295961618423
Current Test Acc: 0.8775
Rank:0 Epoch: [11/40], Step: [1/782], Loss: 0.28226521611213684
Rank:0 Epoch: [11/40], Step: [11/782], Loss: 0.1504823863506317
Rank:0 Epoch: [11/40], Step: [21/782], Loss: 0.2601780295372009
Rank:0 Epoch: [11/40], Step: [31/782], Loss: 0.10362178832292557
Rank:0 Epoch: [11/40], Step: [41/782], Loss: 0.1477658450603485
Rank:0 Epoch: [11/40], Step: [51/782], Loss: 0.09744387120008469
Rank:0 Epoch: [11/40], Step: [61/782], Loss: 0.2596326470375061
Rank:0 Epoch: [11/40], Step: [71/782], Loss: 0.21277779340744019
Rank:0 Epoch: [11/40], Step: [81/782], Loss: 0.07068485766649246
Rank:0 Epoch: [11/40], Step: [91/782], Loss: 0.25748467445373535
Rank:0 Epoch: [11/40], Step: [101/782], Loss: 0.3523402810096741
Rank:0 Epoch: [11/40], Step: [111/782], Loss: 0.09242020547389984
Rank:0 Epoch: [11/40], Step: [121/782], Loss: 0.14504992961883545
Rank:0 Epoch: [11/40], Step: [131/782], Loss: 0.20014168322086334
Rank:0 Epoch: [11/40], Step: [141/782], Loss: 0.2872924506664276
Rank:0 Epoch: [11/40], Step: [151/782], Loss: 0.23684856295585632
Rank:0 Epoch: [11/40], Step: [161/782], Loss: 0.1438147872686386
Rank:0 Epoch: [11/40], Step: [171/782], Loss: 0.21894483268260956
Rank:0 Epoch: [11/40], Step: [181/782], Loss: 0.2434101104736328
Rank:0 Epoch: [11/40], Step: [191/782], Loss: 0.16964168846607208
Rank:0 Epoch: [11/40], Step: [201/782], Loss: 0.19443458318710327
Rank:0 Epoch: [11/40], Step: [211/782], Loss: 0.3285214900970459
Rank:0 Epoch: [11/40], Step: [221/782], Loss: 0.3434492349624634
Rank:0 Epoch: [11/40], Step: [231/782], Loss: 0.30918920040130615
Rank:0 Epoch: [11/40], Step: [241/782], Loss: 0.3334641754627228
Rank:0 Epoch: [11/40], Step: [251/782], Loss: 0.09992769360542297
Rank:0 Epoch: [11/40], Step: [261/782], Loss: 0.13586285710334778
Rank:0 Epoch: [11/40], Step: [271/782], Loss: 0.06623457372188568
Rank:0 Epoch: [11/40], Step: [281/782], Loss: 0.09995827823877335
Rank:0 Epoch: [11/40], Step: [291/782], Loss: 0.3036636710166931
Rank:0 Epoch: [11/40], Step: [301/782], Loss: 0.12635710835456848
Rank:0 Epoch: [11/40], Step: [311/782], Loss: 0.15025554597377777
Rank:0 Epoch: [11/40], Step: [321/782], Loss: 0.22784681618213654
Rank:0 Epoch: [11/40], Step: [331/782], Loss: 0.2720221281051636
Rank:0 Epoch: [11/40], Step: [341/782], Loss: 0.1692701131105423
Rank:0 Epoch: [11/40], Step: [351/782], Loss: 0.3450823724269867
Rank:0 Epoch: [11/40], Step: [361/782], Loss: 0.18794138729572296
Rank:0 Epoch: [11/40], Step: [371/782], Loss: 0.2096647024154663
Rank:0 Epoch: [11/40], Step: [381/782], Loss: 0.188193678855896
Rank:0 Epoch: [11/40], Step: [391/782], Loss: 0.23230808973312378
Rank:0 Epoch: [11/40], Step: [401/782], Loss: 0.22632554173469543
Rank:0 Epoch: [11/40], Step: [411/782], Loss: 0.22239232063293457
Rank:0 Epoch: [11/40], Step: [421/782], Loss: 0.1744152456521988
Rank:0 Epoch: [11/40], Step: [431/782], Loss: 0.29301097989082336
Rank:0 Epoch: [11/40], Step: [441/782], Loss: 0.2767021656036377
Rank:0 Epoch: [11/40], Step: [451/782], Loss: 0.2502630054950714
Rank:0 Epoch: [11/40], Step: [461/782], Loss: 0.20233257114887238
Rank:0 Epoch: [11/40], Step: [471/782], Loss: 0.14420349895954132
Rank:0 Epoch: [11/40], Step: [481/782], Loss: 0.10904469341039658
Rank:0 Epoch: [11/40], Step: [491/782], Loss: 0.32665932178497314
Rank:0 Epoch: [11/40], Step: [501/782], Loss: 0.3656720519065857
Rank:0 Epoch: [11/40], Step: [511/782], Loss: 0.11382609605789185
Rank:0 Epoch: [11/40], Step: [521/782], Loss: 0.18011315166950226
Rank:0 Epoch: [11/40], Step: [531/782], Loss: 0.331678569316864
Rank:0 Epoch: [11/40], Step: [541/782], Loss: 0.12419017404317856
Rank:0 Epoch: [11/40], Step: [551/782], Loss: 0.25849369168281555
Rank:0 Epoch: [11/40], Step: [561/782], Loss: 0.2016414850950241
Rank:0 Epoch: [11/40], Step: [571/782], Loss: 0.21242061257362366
Rank:0 Epoch: [11/40], Step: [581/782], Loss: 0.2862982451915741
Rank:0 Epoch: [11/40], Step: [591/782], Loss: 0.11273867636919022
Rank:0 Epoch: [11/40], Step: [601/782], Loss: 0.2085510939359665
Rank:0 Epoch: [11/40], Step: [611/782], Loss: 0.26209351420402527
Rank:0 Epoch: [11/40], Step: [621/782], Loss: 0.17628313601016998
Rank:0 Epoch: [11/40], Step: [631/782], Loss: 0.24003657698631287
Rank:0 Epoch: [11/40], Step: [641/782], Loss: 0.2517865300178528
Rank:0 Epoch: [11/40], Step: [651/782], Loss: 0.4668320417404175
Rank:0 Epoch: [11/40], Step: [661/782], Loss: 0.15054114162921906
Rank:0 Epoch: [11/40], Step: [671/782], Loss: 0.22055788338184357
Rank:0 Epoch: [11/40], Step: [681/782], Loss: 0.2526651620864868
Rank:0 Epoch: [11/40], Step: [691/782], Loss: 0.3173070549964905
Rank:0 Epoch: [11/40], Step: [701/782], Loss: 0.35103100538253784
Rank:0 Epoch: [11/40], Step: [711/782], Loss: 0.5859882831573486
Rank:0 Epoch: [11/40], Step: [721/782], Loss: 0.1147356927394867
Rank:0 Epoch: [11/40], Step: [731/782], Loss: 0.1404273957014084
Rank:0 Epoch: [11/40], Step: [741/782], Loss: 0.1182447299361229
Rank:0 Epoch: [11/40], Step: [751/782], Loss: 0.15843184292316437
Rank:0 Epoch: [11/40], Step: [761/782], Loss: 0.24607163667678833
Rank:0 Epoch: [11/40], Step: [771/782], Loss: 0.25272881984710693
Rank:0 Epoch: [11/40], Step: [781/782], Loss: 0.13584919273853302
Current Test Acc: 0.8599
Rank:0 Epoch: [12/40], Step: [1/782], Loss: 0.3188945949077606
Rank:0 Epoch: [12/40], Step: [11/782], Loss: 0.34192174673080444
Rank:0 Epoch: [12/40], Step: [21/782], Loss: 0.22894586622714996
Rank:0 Epoch: [12/40], Step: [31/782], Loss: 0.18468087911605835
Rank:0 Epoch: [12/40], Step: [41/782], Loss: 0.31764402985572815
Rank:0 Epoch: [12/40], Step: [51/782], Loss: 0.16590814292430878
Rank:0 Epoch: [12/40], Step: [61/782], Loss: 0.2782427668571472
Rank:0 Epoch: [12/40], Step: [71/782], Loss: 0.20173567533493042
Rank:0 Epoch: [12/40], Step: [81/782], Loss: 0.1644107550382614
Rank:0 Epoch: [12/40], Step: [91/782], Loss: 0.31496313214302063
Rank:0 Epoch: [12/40], Step: [101/782], Loss: 0.1053783968091011
Rank:0 Epoch: [12/40], Step: [111/782], Loss: 0.2790173590183258
Rank:0 Epoch: [12/40], Step: [121/782], Loss: 0.17474158108234406
Rank:0 Epoch: [12/40], Step: [131/782], Loss: 0.18961164355278015
Rank:0 Epoch: [12/40], Step: [141/782], Loss: 0.15855297446250916
Rank:0 Epoch: [12/40], Step: [151/782], Loss: 0.19405394792556763
Rank:0 Epoch: [12/40], Step: [161/782], Loss: 0.3502824604511261
Rank:0 Epoch: [12/40], Step: [171/782], Loss: 0.16463856399059296
Rank:0 Epoch: [12/40], Step: [181/782], Loss: 0.27678391337394714
Rank:0 Epoch: [12/40], Step: [191/782], Loss: 0.2825819253921509
Rank:0 Epoch: [12/40], Step: [201/782], Loss: 0.16135405004024506
Rank:0 Epoch: [12/40], Step: [211/782], Loss: 0.17005501687526703
Rank:0 Epoch: [12/40], Step: [221/782], Loss: 0.45410460233688354
Rank:0 Epoch: [12/40], Step: [231/782], Loss: 0.20894308388233185
Rank:0 Epoch: [12/40], Step: [241/782], Loss: 0.21370841562747955
Rank:0 Epoch: [12/40], Step: [251/782], Loss: 0.273532897233963
Rank:0 Epoch: [12/40], Step: [261/782], Loss: 0.12111947685480118
Rank:0 Epoch: [12/40], Step: [271/782], Loss: 0.2986260950565338
Rank:0 Epoch: [12/40], Step: [281/782], Loss: 0.17599403858184814
Rank:0 Epoch: [12/40], Step: [291/782], Loss: 0.42739608883857727
Rank:0 Epoch: [12/40], Step: [301/782], Loss: 0.2296115607023239
Rank:0 Epoch: [12/40], Step: [311/782], Loss: 0.07249531149864197
Rank:0 Epoch: [12/40], Step: [321/782], Loss: 0.11039615422487259
Rank:0 Epoch: [12/40], Step: [331/782], Loss: 0.21028262376785278
Rank:0 Epoch: [12/40], Step: [341/782], Loss: 0.16252925992012024
Rank:0 Epoch: [12/40], Step: [351/782], Loss: 0.4868599772453308
Rank:0 Epoch: [12/40], Step: [361/782], Loss: 0.26653873920440674
Rank:0 Epoch: [12/40], Step: [371/782], Loss: 0.3897799551486969
Rank:0 Epoch: [12/40], Step: [381/782], Loss: 0.39758825302124023
Rank:0 Epoch: [12/40], Step: [391/782], Loss: 0.2070268839597702
Rank:0 Epoch: [12/40], Step: [401/782], Loss: 0.11783920973539352
Rank:0 Epoch: [12/40], Step: [411/782], Loss: 0.3278644382953644
Rank:0 Epoch: [12/40], Step: [421/782], Loss: 0.24882419407367706
Rank:0 Epoch: [12/40], Step: [431/782], Loss: 0.4421330988407135
Rank:0 Epoch: [12/40], Step: [441/782], Loss: 0.3337092399597168
Rank:0 Epoch: [12/40], Step: [451/782], Loss: 0.12550213932991028
Rank:0 Epoch: [12/40], Step: [461/782], Loss: 0.1962936967611313
Rank:0 Epoch: [12/40], Step: [471/782], Loss: 0.15421627461910248
Rank:0 Epoch: [12/40], Step: [481/782], Loss: 0.4006768465042114
Rank:0 Epoch: [12/40], Step: [491/782], Loss: 0.3018958568572998
Rank:0 Epoch: [12/40], Step: [501/782], Loss: 0.22695191204547882
Rank:0 Epoch: [12/40], Step: [511/782], Loss: 0.28954216837882996
Rank:0 Epoch: [12/40], Step: [521/782], Loss: 0.3185061812400818
Rank:0 Epoch: [12/40], Step: [531/782], Loss: 0.20072224736213684
Rank:0 Epoch: [12/40], Step: [541/782], Loss: 0.06937701255083084
Rank:0 Epoch: [12/40], Step: [551/782], Loss: 0.24960072338581085
Rank:0 Epoch: [12/40], Step: [561/782], Loss: 0.06968396157026291
Rank:0 Epoch: [12/40], Step: [571/782], Loss: 0.285899817943573
Rank:0 Epoch: [12/40], Step: [581/782], Loss: 0.2466696798801422
Rank:0 Epoch: [12/40], Step: [591/782], Loss: 0.14182144403457642
Rank:0 Epoch: [12/40], Step: [601/782], Loss: 0.12526950240135193
Rank:0 Epoch: [12/40], Step: [611/782], Loss: 0.07344669848680496
Rank:0 Epoch: [12/40], Step: [621/782], Loss: 0.08230383694171906
Rank:0 Epoch: [12/40], Step: [631/782], Loss: 0.3023233711719513
Rank:0 Epoch: [12/40], Step: [641/782], Loss: 0.18230098485946655
Rank:0 Epoch: [12/40], Step: [651/782], Loss: 0.21280115842819214
Rank:0 Epoch: [12/40], Step: [661/782], Loss: 0.27102240920066833
Rank:0 Epoch: [12/40], Step: [671/782], Loss: 0.24211834371089935
Rank:0 Epoch: [12/40], Step: [681/782], Loss: 0.36112919449806213
Rank:0 Epoch: [12/40], Step: [691/782], Loss: 0.14206500351428986
Rank:0 Epoch: [12/40], Step: [701/782], Loss: 0.08411292731761932
Rank:0 Epoch: [12/40], Step: [711/782], Loss: 0.39519861340522766
Rank:0 Epoch: [12/40], Step: [721/782], Loss: 0.2556339502334595
Rank:0 Epoch: [12/40], Step: [731/782], Loss: 0.28038153052330017
Rank:0 Epoch: [12/40], Step: [741/782], Loss: 0.1004749983549118
Rank:0 Epoch: [12/40], Step: [751/782], Loss: 0.49630433320999146
Rank:0 Epoch: [12/40], Step: [761/782], Loss: 0.2474597543478012
Rank:0 Epoch: [12/40], Step: [771/782], Loss: 0.1866663694381714
Rank:0 Epoch: [12/40], Step: [781/782], Loss: 0.09572979807853699
Current Test Acc: 0.8953
Rank:0 Epoch: [13/40], Step: [1/782], Loss: 0.3027719557285309
Rank:0 Epoch: [13/40], Step: [11/782], Loss: 0.3252442181110382
Rank:0 Epoch: [13/40], Step: [21/782], Loss: 0.12029490619897842
Rank:0 Epoch: [13/40], Step: [31/782], Loss: 0.2602999806404114
Rank:0 Epoch: [13/40], Step: [41/782], Loss: 0.1278318166732788
Rank:0 Epoch: [13/40], Step: [51/782], Loss: 0.30373260378837585
Rank:0 Epoch: [13/40], Step: [61/782], Loss: 0.20872943103313446
Rank:0 Epoch: [13/40], Step: [71/782], Loss: 0.4886905252933502
Rank:0 Epoch: [13/40], Step: [81/782], Loss: 0.35138410329818726
Rank:0 Epoch: [13/40], Step: [91/782], Loss: 0.13187213242053986
Rank:0 Epoch: [13/40], Step: [101/782], Loss: 0.0741395503282547
Rank:0 Epoch: [13/40], Step: [111/782], Loss: 0.2415791153907776
Rank:0 Epoch: [13/40], Step: [121/782], Loss: 0.23239147663116455
Rank:0 Epoch: [13/40], Step: [131/782], Loss: 0.20365527272224426
Rank:0 Epoch: [13/40], Step: [141/782], Loss: 0.23084494471549988
Rank:0 Epoch: [13/40], Step: [151/782], Loss: 0.17477843165397644
Rank:0 Epoch: [13/40], Step: [161/782], Loss: 0.19484233856201172
Rank:0 Epoch: [13/40], Step: [171/782], Loss: 0.1390736848115921
Rank:0 Epoch: [13/40], Step: [181/782], Loss: 0.25788170099258423
Rank:0 Epoch: [13/40], Step: [191/782], Loss: 0.1889667809009552
Rank:0 Epoch: [13/40], Step: [201/782], Loss: 0.36154481768608093
Rank:0 Epoch: [13/40], Step: [211/782], Loss: 0.15851910412311554
Rank:0 Epoch: [13/40], Step: [221/782], Loss: 0.18594276905059814
Rank:0 Epoch: [13/40], Step: [231/782], Loss: 0.28624480962753296
Rank:0 Epoch: [13/40], Step: [241/782], Loss: 0.20393739640712738
Rank:0 Epoch: [13/40], Step: [251/782], Loss: 0.12411302328109741
Rank:0 Epoch: [13/40], Step: [261/782], Loss: 0.28561800718307495
Rank:0 Epoch: [13/40], Step: [271/782], Loss: 0.2067284733057022
Rank:0 Epoch: [13/40], Step: [281/782], Loss: 0.2730826437473297
Rank:0 Epoch: [13/40], Step: [291/782], Loss: 0.30411475896835327
Rank:0 Epoch: [13/40], Step: [301/782], Loss: 0.2743847966194153
Rank:0 Epoch: [13/40], Step: [311/782], Loss: 0.11487587541341782
Rank:0 Epoch: [13/40], Step: [321/782], Loss: 0.26489847898483276
Rank:0 Epoch: [13/40], Step: [331/782], Loss: 0.15071919560432434
Rank:0 Epoch: [13/40], Step: [341/782], Loss: 0.03572206199169159
Rank:0 Epoch: [13/40], Step: [351/782], Loss: 0.31153810024261475
Rank:0 Epoch: [13/40], Step: [361/782], Loss: 0.29136842489242554
Rank:0 Epoch: [13/40], Step: [371/782], Loss: 0.18535196781158447
Rank:0 Epoch: [13/40], Step: [381/782], Loss: 0.12585093080997467
Rank:0 Epoch: [13/40], Step: [391/782], Loss: 0.19444522261619568
Rank:0 Epoch: [13/40], Step: [401/782], Loss: 0.19652852416038513
Rank:0 Epoch: [13/40], Step: [411/782], Loss: 0.37987107038497925
Rank:0 Epoch: [13/40], Step: [421/782], Loss: 0.19046004116535187
Rank:0 Epoch: [13/40], Step: [431/782], Loss: 0.07182429730892181
Rank:0 Epoch: [13/40], Step: [441/782], Loss: 0.22247818112373352
Rank:0 Epoch: [13/40], Step: [451/782], Loss: 0.17123734951019287
Rank:0 Epoch: [13/40], Step: [461/782], Loss: 0.23016142845153809
Rank:0 Epoch: [13/40], Step: [471/782], Loss: 0.376470148563385
Rank:0 Epoch: [13/40], Step: [481/782], Loss: 0.17337416112422943
Rank:0 Epoch: [13/40], Step: [491/782], Loss: 0.2773199677467346
Rank:0 Epoch: [13/40], Step: [501/782], Loss: 0.22399647533893585
Rank:0 Epoch: [13/40], Step: [511/782], Loss: 0.21143589913845062
Rank:0 Epoch: [13/40], Step: [521/782], Loss: 0.1103549376130104
Rank:0 Epoch: [13/40], Step: [531/782], Loss: 0.2962689995765686
Rank:0 Epoch: [13/40], Step: [541/782], Loss: 0.24644692242145538
Rank:0 Epoch: [13/40], Step: [551/782], Loss: 0.28744208812713623
Rank:0 Epoch: [13/40], Step: [561/782], Loss: 0.17459900677204132
Rank:0 Epoch: [13/40], Step: [571/782], Loss: 0.21214473247528076
Rank:0 Epoch: [13/40], Step: [581/782], Loss: 0.14506620168685913
Rank:0 Epoch: [13/40], Step: [591/782], Loss: 0.1597401201725006
Rank:0 Epoch: [13/40], Step: [601/782], Loss: 0.22108082473278046
Rank:0 Epoch: [13/40], Step: [611/782], Loss: 0.18625067174434662
Rank:0 Epoch: [13/40], Step: [621/782], Loss: 0.191653311252594
Rank:0 Epoch: [13/40], Step: [631/782], Loss: 0.3200036883354187
Rank:0 Epoch: [13/40], Step: [641/782], Loss: 0.19824254512786865
Rank:0 Epoch: [13/40], Step: [651/782], Loss: 0.20821651816368103
Rank:0 Epoch: [13/40], Step: [661/782], Loss: 0.17536447942256927
Rank:0 Epoch: [13/40], Step: [671/782], Loss: 0.2830098867416382
Rank:0 Epoch: [13/40], Step: [681/782], Loss: 0.19203093647956848
Rank:0 Epoch: [13/40], Step: [691/782], Loss: 0.19817906618118286
Rank:0 Epoch: [13/40], Step: [701/782], Loss: 0.26622506976127625
Rank:0 Epoch: [13/40], Step: [711/782], Loss: 0.23355349898338318
Rank:0 Epoch: [13/40], Step: [721/782], Loss: 0.2572207748889923
Rank:0 Epoch: [13/40], Step: [731/782], Loss: 0.3389072120189667
Rank:0 Epoch: [13/40], Step: [741/782], Loss: 0.28636252880096436
Rank:0 Epoch: [13/40], Step: [751/782], Loss: 0.25032201409339905
Rank:0 Epoch: [13/40], Step: [761/782], Loss: 0.44672542810440063
Rank:0 Epoch: [13/40], Step: [771/782], Loss: 0.18202199041843414
Rank:0 Epoch: [13/40], Step: [781/782], Loss: 0.16713951528072357
Current Test Acc: 0.8785
Rank:0 Epoch: [14/40], Step: [1/782], Loss: 0.34893447160720825
Rank:0 Epoch: [14/40], Step: [11/782], Loss: 0.443794846534729
Rank:0 Epoch: [14/40], Step: [21/782], Loss: 0.0874270424246788
Rank:0 Epoch: [14/40], Step: [31/782], Loss: 0.21772636473178864
Rank:0 Epoch: [14/40], Step: [41/782], Loss: 0.20454466342926025
Rank:0 Epoch: [14/40], Step: [51/782], Loss: 0.19416195154190063
Rank:0 Epoch: [14/40], Step: [61/782], Loss: 0.2394992560148239
Rank:0 Epoch: [14/40], Step: [71/782], Loss: 0.5133143663406372
Rank:0 Epoch: [14/40], Step: [81/782], Loss: 0.19041843712329865
Rank:0 Epoch: [14/40], Step: [91/782], Loss: 0.14389924705028534
Rank:0 Epoch: [14/40], Step: [101/782], Loss: 0.09475618600845337
Rank:0 Epoch: [14/40], Step: [111/782], Loss: 0.33073440194129944
Rank:0 Epoch: [14/40], Step: [121/782], Loss: 0.24985714256763458
Rank:0 Epoch: [14/40], Step: [131/782], Loss: 0.14188604056835175
Rank:0 Epoch: [14/40], Step: [141/782], Loss: 0.19681720435619354
Rank:0 Epoch: [14/40], Step: [151/782], Loss: 0.2833487391471863
Rank:0 Epoch: [14/40], Step: [161/782], Loss: 0.3313785195350647
Rank:0 Epoch: [14/40], Step: [171/782], Loss: 0.29355138540267944
Rank:0 Epoch: [14/40], Step: [181/782], Loss: 0.1994210034608841
Rank:0 Epoch: [14/40], Step: [191/782], Loss: 0.2101050168275833
Rank:0 Epoch: [14/40], Step: [201/782], Loss: 0.10771569609642029
Rank:0 Epoch: [14/40], Step: [211/782], Loss: 0.2739661931991577
Rank:0 Epoch: [14/40], Step: [221/782], Loss: 0.2184557169675827
Rank:0 Epoch: [14/40], Step: [231/782], Loss: 0.19144997000694275
Rank:0 Epoch: [14/40], Step: [241/782], Loss: 0.10588039457798004
Rank:0 Epoch: [14/40], Step: [251/782], Loss: 0.2584226429462433
Rank:0 Epoch: [14/40], Step: [261/782], Loss: 0.17788150906562805
Rank:0 Epoch: [14/40], Step: [271/782], Loss: 0.35116299986839294
Rank:0 Epoch: [14/40], Step: [281/782], Loss: 0.20981231331825256
Rank:0 Epoch: [14/40], Step: [291/782], Loss: 0.22619976103305817
Rank:0 Epoch: [14/40], Step: [301/782], Loss: 0.11699949949979782
Rank:0 Epoch: [14/40], Step: [311/782], Loss: 0.15421456098556519
Rank:0 Epoch: [14/40], Step: [321/782], Loss: 0.20931565761566162
Rank:0 Epoch: [14/40], Step: [331/782], Loss: 0.15724673867225647
Rank:0 Epoch: [14/40], Step: [341/782], Loss: 0.3586292862892151
Rank:0 Epoch: [14/40], Step: [351/782], Loss: 0.07923033088445663
Rank:0 Epoch: [14/40], Step: [361/782], Loss: 0.21921639144420624
Rank:0 Epoch: [14/40], Step: [371/782], Loss: 0.30490830540657043
Rank:0 Epoch: [14/40], Step: [381/782], Loss: 0.2978998124599457
Rank:0 Epoch: [14/40], Step: [391/782], Loss: 0.25579333305358887
Rank:0 Epoch: [14/40], Step: [401/782], Loss: 0.21945007145404816
Rank:0 Epoch: [14/40], Step: [411/782], Loss: 0.2522050440311432
Rank:0 Epoch: [14/40], Step: [421/782], Loss: 0.17520669102668762
Rank:0 Epoch: [14/40], Step: [431/782], Loss: 0.18383701145648956
Rank:0 Epoch: [14/40], Step: [441/782], Loss: 0.27422818541526794
Rank:0 Epoch: [14/40], Step: [451/782], Loss: 0.2582009434700012
Rank:0 Epoch: [14/40], Step: [461/782], Loss: 0.21429456770420074
Rank:0 Epoch: [14/40], Step: [471/782], Loss: 0.21577490866184235
Rank:0 Epoch: [14/40], Step: [481/782], Loss: 0.17908968031406403
Rank:0 Epoch: [14/40], Step: [491/782], Loss: 0.3022444248199463
Rank:0 Epoch: [14/40], Step: [501/782], Loss: 0.14360195398330688
Rank:0 Epoch: [14/40], Step: [511/782], Loss: 0.2158590406179428
Rank:0 Epoch: [14/40], Step: [521/782], Loss: 0.25332072377204895
Rank:0 Epoch: [14/40], Step: [531/782], Loss: 0.16567829251289368
Rank:0 Epoch: [14/40], Step: [541/782], Loss: 0.17895494401454926
Rank:0 Epoch: [14/40], Step: [551/782], Loss: 0.26708489656448364
Rank:0 Epoch: [14/40], Step: [561/782], Loss: 0.16221576929092407
Rank:0 Epoch: [14/40], Step: [571/782], Loss: 0.17274853587150574
Rank:0 Epoch: [14/40], Step: [581/782], Loss: 0.2307175099849701
Rank:0 Epoch: [14/40], Step: [591/782], Loss: 0.1238984540104866
Rank:0 Epoch: [14/40], Step: [601/782], Loss: 0.44217684864997864
Rank:0 Epoch: [14/40], Step: [611/782], Loss: 0.43308234214782715
Rank:0 Epoch: [14/40], Step: [621/782], Loss: 0.14698055386543274
Rank:0 Epoch: [14/40], Step: [631/782], Loss: 0.10976795107126236
Rank:0 Epoch: [14/40], Step: [641/782], Loss: 0.2631521224975586
Rank:0 Epoch: [14/40], Step: [651/782], Loss: 0.13701623678207397
Rank:0 Epoch: [14/40], Step: [661/782], Loss: 0.08652354776859283
Rank:0 Epoch: [14/40], Step: [671/782], Loss: 0.16212522983551025
Rank:0 Epoch: [14/40], Step: [681/782], Loss: 0.19521468877792358
Rank:0 Epoch: [14/40], Step: [691/782], Loss: 0.13810324668884277
Rank:0 Epoch: [14/40], Step: [701/782], Loss: 0.1687941998243332
Rank:0 Epoch: [14/40], Step: [711/782], Loss: 0.2583838701248169
Rank:0 Epoch: [14/40], Step: [721/782], Loss: 0.3962447941303253
Rank:0 Epoch: [14/40], Step: [731/782], Loss: 0.26626652479171753
Rank:0 Epoch: [14/40], Step: [741/782], Loss: 0.11587423831224442
Rank:0 Epoch: [14/40], Step: [751/782], Loss: 0.13122162222862244
Rank:0 Epoch: [14/40], Step: [761/782], Loss: 0.20231667160987854
Rank:0 Epoch: [14/40], Step: [771/782], Loss: 0.19377252459526062
Rank:0 Epoch: [14/40], Step: [781/782], Loss: 0.3164151608943939
Current Test Acc: 0.8818
Rank:0 Epoch: [15/40], Step: [1/782], Loss: 0.22485879063606262
Rank:0 Epoch: [15/40], Step: [11/782], Loss: 0.31770697236061096
Rank:0 Epoch: [15/40], Step: [21/782], Loss: 0.26317939162254333
Rank:0 Epoch: [15/40], Step: [31/782], Loss: 0.11379749327898026
Rank:0 Epoch: [15/40], Step: [41/782], Loss: 0.2965030074119568
Rank:0 Epoch: [15/40], Step: [51/782], Loss: 0.2998447120189667
Rank:0 Epoch: [15/40], Step: [61/782], Loss: 0.09826028347015381
Rank:0 Epoch: [15/40], Step: [71/782], Loss: 0.25360777974128723
Rank:0 Epoch: [15/40], Step: [81/782], Loss: 0.21572555601596832
Rank:0 Epoch: [15/40], Step: [91/782], Loss: 0.10566557943820953
Rank:0 Epoch: [15/40], Step: [101/782], Loss: 0.28337475657463074
Rank:0 Epoch: [15/40], Step: [111/782], Loss: 0.29637613892555237
Rank:0 Epoch: [15/40], Step: [121/782], Loss: 0.1478416919708252
Rank:0 Epoch: [15/40], Step: [131/782], Loss: 0.2505969703197479
Rank:0 Epoch: [15/40], Step: [141/782], Loss: 0.22843846678733826
Rank:0 Epoch: [15/40], Step: [151/782], Loss: 0.21757109463214874
Rank:0 Epoch: [15/40], Step: [161/782], Loss: 0.29063716530799866
Rank:0 Epoch: [15/40], Step: [171/782], Loss: 0.1003410816192627
Rank:0 Epoch: [15/40], Step: [181/782], Loss: 0.1927906572818756
Rank:0 Epoch: [15/40], Step: [191/782], Loss: 0.2676601707935333
Rank:0 Epoch: [15/40], Step: [201/782], Loss: 0.31211885809898376
Rank:0 Epoch: [15/40], Step: [211/782], Loss: 0.22626225650310516
Rank:0 Epoch: [15/40], Step: [221/782], Loss: 0.29632046818733215
Rank:0 Epoch: [15/40], Step: [231/782], Loss: 0.28029370307922363
Rank:0 Epoch: [15/40], Step: [241/782], Loss: 0.15599565207958221
Rank:0 Epoch: [15/40], Step: [251/782], Loss: 0.18912477791309357
Rank:0 Epoch: [15/40], Step: [261/782], Loss: 0.11632290482521057
Rank:0 Epoch: [15/40], Step: [271/782], Loss: 0.2840123176574707
Rank:0 Epoch: [15/40], Step: [281/782], Loss: 0.19224514067173004
Rank:0 Epoch: [15/40], Step: [291/782], Loss: 0.28626739978790283
Rank:0 Epoch: [15/40], Step: [301/782], Loss: 0.1658233404159546
Rank:0 Epoch: [15/40], Step: [311/782], Loss: 0.08094967156648636
Rank:0 Epoch: [15/40], Step: [321/782], Loss: 0.4025586247444153
Rank:0 Epoch: [15/40], Step: [331/782], Loss: 0.21284624934196472
Rank:0 Epoch: [15/40], Step: [341/782], Loss: 0.1755848526954651
Rank:0 Epoch: [15/40], Step: [351/782], Loss: 0.22218124568462372
Rank:0 Epoch: [15/40], Step: [361/782], Loss: 0.27456414699554443
Rank:0 Epoch: [15/40], Step: [371/782], Loss: 0.327472060918808
Rank:0 Epoch: [15/40], Step: [381/782], Loss: 0.47957590222358704
Rank:0 Epoch: [15/40], Step: [391/782], Loss: 0.10260346531867981
Rank:0 Epoch: [15/40], Step: [401/782], Loss: 0.19063538312911987
Rank:0 Epoch: [15/40], Step: [411/782], Loss: 0.2289057821035385
Rank:0 Epoch: [15/40], Step: [421/782], Loss: 0.27800416946411133
Rank:0 Epoch: [15/40], Step: [431/782], Loss: 0.3341476619243622
Rank:0 Epoch: [15/40], Step: [441/782], Loss: 0.1716078519821167
Rank:0 Epoch: [15/40], Step: [451/782], Loss: 0.19926340878009796
Rank:0 Epoch: [15/40], Step: [461/782], Loss: 0.16057364642620087
Rank:0 Epoch: [15/40], Step: [471/782], Loss: 0.21448317170143127
Rank:0 Epoch: [15/40], Step: [481/782], Loss: 0.21342788636684418
Rank:0 Epoch: [15/40], Step: [491/782], Loss: 0.32049426436424255
Rank:0 Epoch: [15/40], Step: [501/782], Loss: 0.21863535046577454
Rank:0 Epoch: [15/40], Step: [511/782], Loss: 0.15937688946723938
Rank:0 Epoch: [15/40], Step: [521/782], Loss: 0.09325210005044937
Rank:0 Epoch: [15/40], Step: [531/782], Loss: 0.23825713992118835
Rank:0 Epoch: [15/40], Step: [541/782], Loss: 0.2850764989852905
Rank:0 Epoch: [15/40], Step: [551/782], Loss: 0.23999737203121185
Rank:0 Epoch: [15/40], Step: [561/782], Loss: 0.2536289691925049
Rank:0 Epoch: [15/40], Step: [571/782], Loss: 0.3117947578430176
Rank:0 Epoch: [15/40], Step: [581/782], Loss: 0.21940849721431732
Rank:0 Epoch: [15/40], Step: [591/782], Loss: 0.06268875300884247
Rank:0 Epoch: [15/40], Step: [601/782], Loss: 0.3910701870918274
Rank:0 Epoch: [15/40], Step: [611/782], Loss: 0.12459361553192139
Rank:0 Epoch: [15/40], Step: [621/782], Loss: 0.2546488642692566
Rank:0 Epoch: [15/40], Step: [631/782], Loss: 0.10107910633087158
Rank:0 Epoch: [15/40], Step: [641/782], Loss: 0.37850260734558105
Rank:0 Epoch: [15/40], Step: [651/782], Loss: 0.17959634959697723
Rank:0 Epoch: [15/40], Step: [661/782], Loss: 0.24210162460803986
Rank:0 Epoch: [15/40], Step: [671/782], Loss: 0.1760581135749817
Rank:0 Epoch: [15/40], Step: [681/782], Loss: 0.11876455694437027
Rank:0 Epoch: [15/40], Step: [691/782], Loss: 0.17220596969127655
Rank:0 Epoch: [15/40], Step: [701/782], Loss: 0.1567469984292984
Rank:0 Epoch: [15/40], Step: [711/782], Loss: 0.3844398558139801
Rank:0 Epoch: [15/40], Step: [721/782], Loss: 0.19027747213840485
Rank:0 Epoch: [15/40], Step: [731/782], Loss: 0.27364417910575867
Rank:0 Epoch: [15/40], Step: [741/782], Loss: 0.34506285190582275
Rank:0 Epoch: [15/40], Step: [751/782], Loss: 0.135488361120224
Rank:0 Epoch: [15/40], Step: [761/782], Loss: 0.3202764689922333
Rank:0 Epoch: [15/40], Step: [771/782], Loss: 0.36048802733421326
Rank:0 Epoch: [15/40], Step: [781/782], Loss: 0.1190771758556366
Current Test Acc: 0.8803
Rank:0 Epoch: [16/40], Step: [1/782], Loss: 0.23934192955493927
Rank:0 Epoch: [16/40], Step: [11/782], Loss: 0.3331868052482605
Rank:0 Epoch: [16/40], Step: [21/782], Loss: 0.26362141966819763
Rank:0 Epoch: [16/40], Step: [31/782], Loss: 0.17254385352134705
Rank:0 Epoch: [16/40], Step: [41/782], Loss: 0.08556075394153595
Rank:0 Epoch: [16/40], Step: [51/782], Loss: 0.23319536447525024
Rank:0 Epoch: [16/40], Step: [61/782], Loss: 0.23048697412014008
Rank:0 Epoch: [16/40], Step: [71/782], Loss: 0.549457311630249
Rank:0 Epoch: [16/40], Step: [81/782], Loss: 0.18061946332454681
Rank:0 Epoch: [16/40], Step: [91/782], Loss: 0.22407037019729614
Rank:0 Epoch: [16/40], Step: [101/782], Loss: 0.3783128261566162
Rank:0 Epoch: [16/40], Step: [111/782], Loss: 0.20003609359264374
Rank:0 Epoch: [16/40], Step: [121/782], Loss: 0.22934027016162872
Rank:0 Epoch: [16/40], Step: [131/782], Loss: 0.17015458643436432
Rank:0 Epoch: [16/40], Step: [141/782], Loss: 0.16060678660869598
Rank:0 Epoch: [16/40], Step: [151/782], Loss: 0.133184552192688
Rank:0 Epoch: [16/40], Step: [161/782], Loss: 0.134794682264328
Rank:0 Epoch: [16/40], Step: [171/782], Loss: 0.20376534759998322
Rank:0 Epoch: [16/40], Step: [181/782], Loss: 0.09096336364746094
Rank:0 Epoch: [16/40], Step: [191/782], Loss: 0.2427983283996582
Rank:0 Epoch: [16/40], Step: [201/782], Loss: 0.23856313526630402
Rank:0 Epoch: [16/40], Step: [211/782], Loss: 0.34971290826797485
Rank:0 Epoch: [16/40], Step: [221/782], Loss: 0.16258057951927185
Rank:0 Epoch: [16/40], Step: [231/782], Loss: 0.10122130066156387
Rank:0 Epoch: [16/40], Step: [241/782], Loss: 0.13551856577396393
Rank:0 Epoch: [16/40], Step: [251/782], Loss: 0.17023193836212158
Rank:0 Epoch: [16/40], Step: [261/782], Loss: 0.31869038939476013
Rank:0 Epoch: [16/40], Step: [271/782], Loss: 0.10959406197071075
Rank:0 Epoch: [16/40], Step: [281/782], Loss: 0.28414568305015564
Rank:0 Epoch: [16/40], Step: [291/782], Loss: 0.25400540232658386
Rank:0 Epoch: [16/40], Step: [301/782], Loss: 0.235466867685318
Rank:0 Epoch: [16/40], Step: [311/782], Loss: 0.23375463485717773
Rank:0 Epoch: [16/40], Step: [321/782], Loss: 0.30629265308380127
Rank:0 Epoch: [16/40], Step: [331/782], Loss: 0.16595417261123657
Rank:0 Epoch: [16/40], Step: [341/782], Loss: 0.2575123906135559
Rank:0 Epoch: [16/40], Step: [351/782], Loss: 0.2049446851015091
Rank:0 Epoch: [16/40], Step: [361/782], Loss: 0.08467971533536911
Rank:0 Epoch: [16/40], Step: [371/782], Loss: 0.27580440044403076
Rank:0 Epoch: [16/40], Step: [381/782], Loss: 0.27238908410072327
Rank:0 Epoch: [16/40], Step: [391/782], Loss: 0.1320679932832718
Rank:0 Epoch: [16/40], Step: [401/782], Loss: 0.1110638678073883
Rank:0 Epoch: [16/40], Step: [411/782], Loss: 0.3820083439350128
Rank:0 Epoch: [16/40], Step: [421/782], Loss: 0.2508542835712433
Rank:0 Epoch: [16/40], Step: [431/782], Loss: 0.3448227047920227
Rank:0 Epoch: [16/40], Step: [441/782], Loss: 0.3153146207332611
Rank:0 Epoch: [16/40], Step: [451/782], Loss: 0.340930700302124
Rank:0 Epoch: [16/40], Step: [461/782], Loss: 0.16911070048809052
Rank:0 Epoch: [16/40], Step: [471/782], Loss: 0.18312053382396698
Rank:0 Epoch: [16/40], Step: [481/782], Loss: 0.17090734839439392
Rank:0 Epoch: [16/40], Step: [491/782], Loss: 0.23447591066360474
Rank:0 Epoch: [16/40], Step: [501/782], Loss: 0.16264155507087708
Rank:0 Epoch: [16/40], Step: [511/782], Loss: 0.043276458978652954
Rank:0 Epoch: [16/40], Step: [521/782], Loss: 0.0867541953921318
Rank:0 Epoch: [16/40], Step: [531/782], Loss: 0.17225275933742523
Rank:0 Epoch: [16/40], Step: [541/782], Loss: 0.21385490894317627
Rank:0 Epoch: [16/40], Step: [551/782], Loss: 0.20603005588054657
Rank:0 Epoch: [16/40], Step: [561/782], Loss: 0.2566022276878357
Rank:0 Epoch: [16/40], Step: [571/782], Loss: 0.18879550695419312
Rank:0 Epoch: [16/40], Step: [581/782], Loss: 0.31738924980163574
Rank:0 Epoch: [16/40], Step: [591/782], Loss: 0.14251276850700378
Rank:0 Epoch: [16/40], Step: [601/782], Loss: 0.11668087542057037
Rank:0 Epoch: [16/40], Step: [611/782], Loss: 0.3661500811576843
Rank:0 Epoch: [16/40], Step: [621/782], Loss: 0.12890557944774628
Rank:0 Epoch: [16/40], Step: [631/782], Loss: 0.1584414392709732
Rank:0 Epoch: [16/40], Step: [641/782], Loss: 0.3143937587738037
Rank:0 Epoch: [16/40], Step: [651/782], Loss: 0.1949462592601776
Rank:0 Epoch: [16/40], Step: [661/782], Loss: 0.23216068744659424
Rank:0 Epoch: [16/40], Step: [671/782], Loss: 0.2809365689754486
Rank:0 Epoch: [16/40], Step: [681/782], Loss: 0.187879279255867
Rank:0 Epoch: [16/40], Step: [691/782], Loss: 0.1542993187904358
Rank:0 Epoch: [16/40], Step: [701/782], Loss: 0.21974842250347137
Rank:0 Epoch: [16/40], Step: [711/782], Loss: 0.2080422341823578
Rank:0 Epoch: [16/40], Step: [721/782], Loss: 0.32678335905075073
Rank:0 Epoch: [16/40], Step: [731/782], Loss: 0.15793290734291077
Rank:0 Epoch: [16/40], Step: [741/782], Loss: 0.12992799282073975
Rank:0 Epoch: [16/40], Step: [751/782], Loss: 0.21926827728748322
Rank:0 Epoch: [16/40], Step: [761/782], Loss: 0.2494502067565918
Rank:0 Epoch: [16/40], Step: [771/782], Loss: 0.12171289324760437
Rank:0 Epoch: [16/40], Step: [781/782], Loss: 0.2899059057235718
Current Test Acc: 0.876
Rank:0 Epoch: [17/40], Step: [1/782], Loss: 0.09743057191371918
Rank:0 Epoch: [17/40], Step: [11/782], Loss: 0.11876755207777023
Rank:0 Epoch: [17/40], Step: [21/782], Loss: 0.04203644394874573
Rank:0 Epoch: [17/40], Step: [31/782], Loss: 0.06337375938892365
Rank:0 Epoch: [17/40], Step: [41/782], Loss: 0.18829460442066193
Rank:0 Epoch: [17/40], Step: [51/782], Loss: 0.28852227330207825
Rank:0 Epoch: [17/40], Step: [61/782], Loss: 0.10079298913478851
Rank:0 Epoch: [17/40], Step: [71/782], Loss: 0.12864436209201813
Rank:0 Epoch: [17/40], Step: [81/782], Loss: 0.15830934047698975
Rank:0 Epoch: [17/40], Step: [91/782], Loss: 0.1277822107076645
Rank:0 Epoch: [17/40], Step: [101/782], Loss: 0.15405674278736115
Rank:0 Epoch: [17/40], Step: [111/782], Loss: 0.2399349808692932
Rank:0 Epoch: [17/40], Step: [121/782], Loss: 0.09440292418003082
Rank:0 Epoch: [17/40], Step: [131/782], Loss: 0.30025193095207214
Rank:0 Epoch: [17/40], Step: [141/782], Loss: 0.5034220814704895
Rank:0 Epoch: [17/40], Step: [151/782], Loss: 0.06658627837896347
Rank:0 Epoch: [17/40], Step: [161/782], Loss: 0.11545345932245255
Rank:0 Epoch: [17/40], Step: [171/782], Loss: 0.18120966851711273
Rank:0 Epoch: [17/40], Step: [181/782], Loss: 0.2810114622116089
Rank:0 Epoch: [17/40], Step: [191/782], Loss: 0.1168176531791687
Rank:0 Epoch: [17/40], Step: [201/782], Loss: 0.3484468460083008
Rank:0 Epoch: [17/40], Step: [211/782], Loss: 0.3536818027496338
Rank:0 Epoch: [17/40], Step: [221/782], Loss: 0.336565762758255
Rank:0 Epoch: [17/40], Step: [231/782], Loss: 0.1337781697511673
Rank:0 Epoch: [17/40], Step: [241/782], Loss: 0.08391671627759933
Rank:0 Epoch: [17/40], Step: [251/782], Loss: 0.11680523306131363
Rank:0 Epoch: [17/40], Step: [261/782], Loss: 0.23920439183712006
Rank:0 Epoch: [17/40], Step: [271/782], Loss: 0.19406113028526306
Rank:0 Epoch: [17/40], Step: [281/782], Loss: 0.23436228930950165
Rank:0 Epoch: [17/40], Step: [291/782], Loss: 0.2636744976043701
Rank:0 Epoch: [17/40], Step: [301/782], Loss: 0.13712553679943085
Rank:0 Epoch: [17/40], Step: [311/782], Loss: 0.29310014843940735
Rank:0 Epoch: [17/40], Step: [321/782], Loss: 0.23289917409420013
Rank:0 Epoch: [17/40], Step: [331/782], Loss: 0.27957820892333984
Rank:0 Epoch: [17/40], Step: [341/782], Loss: 0.17070996761322021
Rank:0 Epoch: [17/40], Step: [351/782], Loss: 0.10928630083799362
Rank:0 Epoch: [17/40], Step: [361/782], Loss: 0.22972385585308075
Rank:0 Epoch: [17/40], Step: [371/782], Loss: 0.21867679059505463
Rank:0 Epoch: [17/40], Step: [381/782], Loss: 0.16505786776542664
Rank:0 Epoch: [17/40], Step: [391/782], Loss: 0.1995556354522705
Rank:0 Epoch: [17/40], Step: [401/782], Loss: 0.37614139914512634
Rank:0 Epoch: [17/40], Step: [411/782], Loss: 0.28429558873176575
Rank:0 Epoch: [17/40], Step: [421/782], Loss: 0.10270903259515762
Rank:0 Epoch: [17/40], Step: [431/782], Loss: 0.20357345044612885
Rank:0 Epoch: [17/40], Step: [441/782], Loss: 0.2580762207508087
Rank:0 Epoch: [17/40], Step: [451/782], Loss: 0.09448286890983582
Rank:0 Epoch: [17/40], Step: [461/782], Loss: 0.15705232322216034
Rank:0 Epoch: [17/40], Step: [471/782], Loss: 0.2238144874572754
Rank:0 Epoch: [17/40], Step: [481/782], Loss: 0.09269875288009644
Rank:0 Epoch: [17/40], Step: [491/782], Loss: 0.29408830404281616
Rank:0 Epoch: [17/40], Step: [501/782], Loss: 0.14114214479923248
Rank:0 Epoch: [17/40], Step: [511/782], Loss: 0.28867146372795105
Rank:0 Epoch: [17/40], Step: [521/782], Loss: 0.18059054017066956
Rank:0 Epoch: [17/40], Step: [531/782], Loss: 0.2761845290660858
Rank:0 Epoch: [17/40], Step: [541/782], Loss: 0.30761751532554626
Rank:0 Epoch: [17/40], Step: [551/782], Loss: 0.3406241834163666
Rank:0 Epoch: [17/40], Step: [561/782], Loss: 0.3329164683818817
Rank:0 Epoch: [17/40], Step: [571/782], Loss: 0.2582957148551941
Rank:0 Epoch: [17/40], Step: [581/782], Loss: 0.23856793344020844
Rank:0 Epoch: [17/40], Step: [591/782], Loss: 0.12033561617136002
Rank:0 Epoch: [17/40], Step: [601/782], Loss: 0.1760023683309555
Rank:0 Epoch: [17/40], Step: [611/782], Loss: 0.18461261689662933
Rank:0 Epoch: [17/40], Step: [621/782], Loss: 0.1412920504808426
Rank:0 Epoch: [17/40], Step: [631/782], Loss: 0.18736512959003448
Rank:0 Epoch: [17/40], Step: [641/782], Loss: 0.12135917693376541
Rank:0 Epoch: [17/40], Step: [651/782], Loss: 0.11029357463121414
Rank:0 Epoch: [17/40], Step: [661/782], Loss: 0.20168019831180573
Rank:0 Epoch: [17/40], Step: [671/782], Loss: 0.14521607756614685
Rank:0 Epoch: [17/40], Step: [681/782], Loss: 0.1809343546628952
Rank:0 Epoch: [17/40], Step: [691/782], Loss: 0.19548797607421875
Rank:0 Epoch: [17/40], Step: [701/782], Loss: 0.23292715847492218
Rank:0 Epoch: [17/40], Step: [711/782], Loss: 0.13723327219486237
Rank:0 Epoch: [17/40], Step: [721/782], Loss: 0.17835122346878052
Rank:0 Epoch: [17/40], Step: [731/782], Loss: 0.12884047627449036
Rank:0 Epoch: [17/40], Step: [741/782], Loss: 0.14124923944473267
Rank:0 Epoch: [17/40], Step: [751/782], Loss: 0.4265808165073395
Rank:0 Epoch: [17/40], Step: [761/782], Loss: 0.2090601772069931
Rank:0 Epoch: [17/40], Step: [771/782], Loss: 0.34385615587234497
Rank:0 Epoch: [17/40], Step: [781/782], Loss: 0.12510722875595093
Current Test Acc: 0.8801
Rank:0 Epoch: [18/40], Step: [1/782], Loss: 0.16158460080623627
Rank:0 Epoch: [18/40], Step: [11/782], Loss: 0.28612974286079407
Rank:0 Epoch: [18/40], Step: [21/782], Loss: 0.38170453906059265
Rank:0 Epoch: [18/40], Step: [31/782], Loss: 0.20561106503009796
Rank:0 Epoch: [18/40], Step: [41/782], Loss: 0.14076173305511475
Rank:0 Epoch: [18/40], Step: [51/782], Loss: 0.15573832392692566
Rank:0 Epoch: [18/40], Step: [61/782], Loss: 0.1522824615240097
Rank:0 Epoch: [18/40], Step: [71/782], Loss: 0.10722175240516663
Rank:0 Epoch: [18/40], Step: [81/782], Loss: 0.08548323810100555
Rank:0 Epoch: [18/40], Step: [91/782], Loss: 0.20116783678531647
Rank:0 Epoch: [18/40], Step: [101/782], Loss: 0.21433313190937042
Rank:0 Epoch: [18/40], Step: [111/782], Loss: 0.13737590610980988
Rank:0 Epoch: [18/40], Step: [121/782], Loss: 0.2984831929206848
Rank:0 Epoch: [18/40], Step: [131/782], Loss: 0.23319678008556366
Rank:0 Epoch: [18/40], Step: [141/782], Loss: 0.10705935209989548
Rank:0 Epoch: [18/40], Step: [151/782], Loss: 0.25423407554626465
Rank:0 Epoch: [18/40], Step: [161/782], Loss: 0.0656517893075943
Rank:0 Epoch: [18/40], Step: [171/782], Loss: 0.3129052221775055
Rank:0 Epoch: [18/40], Step: [181/782], Loss: 0.23142045736312866
Rank:0 Epoch: [18/40], Step: [191/782], Loss: 0.37732768058776855
Rank:0 Epoch: [18/40], Step: [201/782], Loss: 0.16867399215698242
Rank:0 Epoch: [18/40], Step: [211/782], Loss: 0.2069138139486313
Rank:0 Epoch: [18/40], Step: [221/782], Loss: 0.14136822521686554
Rank:0 Epoch: [18/40], Step: [231/782], Loss: 0.17713479697704315
Rank:0 Epoch: [18/40], Step: [241/782], Loss: 0.09587524831295013
Rank:0 Epoch: [18/40], Step: [251/782], Loss: 0.15074077248573303
Rank:0 Epoch: [18/40], Step: [261/782], Loss: 0.2740909159183502
Rank:0 Epoch: [18/40], Step: [271/782], Loss: 0.2439274787902832
Rank:0 Epoch: [18/40], Step: [281/782], Loss: 0.08676104247570038
Rank:0 Epoch: [18/40], Step: [291/782], Loss: 0.28110471367836
Rank:0 Epoch: [18/40], Step: [301/782], Loss: 0.2344171106815338
Rank:0 Epoch: [18/40], Step: [311/782], Loss: 0.33981218934059143
Rank:0 Epoch: [18/40], Step: [321/782], Loss: 0.18883809447288513
Rank:0 Epoch: [18/40], Step: [331/782], Loss: 0.411491721868515
Rank:0 Epoch: [18/40], Step: [341/782], Loss: 0.2376738041639328
Rank:0 Epoch: [18/40], Step: [351/782], Loss: 0.27695977687835693
Rank:0 Epoch: [18/40], Step: [361/782], Loss: 0.09423603117465973
Rank:0 Epoch: [18/40], Step: [371/782], Loss: 0.43909624218940735
Rank:0 Epoch: [18/40], Step: [381/782], Loss: 0.1550224870443344
Rank:0 Epoch: [18/40], Step: [391/782], Loss: 0.21922004222869873
Rank:0 Epoch: [18/40], Step: [401/782], Loss: 0.18984323740005493
Rank:0 Epoch: [18/40], Step: [411/782], Loss: 0.03311927989125252
Rank:0 Epoch: [18/40], Step: [421/782], Loss: 0.15236715972423553
Rank:0 Epoch: [18/40], Step: [431/782], Loss: 0.3758685290813446
Rank:0 Epoch: [18/40], Step: [441/782], Loss: 0.1753130555152893
Rank:0 Epoch: [18/40], Step: [451/782], Loss: 0.2608357071876526
Rank:0 Epoch: [18/40], Step: [461/782], Loss: 0.4150955080986023
Rank:0 Epoch: [18/40], Step: [471/782], Loss: 0.19817504286766052
Rank:0 Epoch: [18/40], Step: [481/782], Loss: 0.1382514238357544
Rank:0 Epoch: [18/40], Step: [491/782], Loss: 0.18352726101875305
Rank:0 Epoch: [18/40], Step: [501/782], Loss: 0.10347757488489151
Rank:0 Epoch: [18/40], Step: [511/782], Loss: 0.1754244565963745
Rank:0 Epoch: [18/40], Step: [521/782], Loss: 0.13662752509117126
Rank:0 Epoch: [18/40], Step: [531/782], Loss: 0.228119894862175
Rank:0 Epoch: [18/40], Step: [541/782], Loss: 0.14588576555252075
Rank:0 Epoch: [18/40], Step: [551/782], Loss: 0.1856050193309784
Rank:0 Epoch: [18/40], Step: [561/782], Loss: 0.32309433817863464
Rank:0 Epoch: [18/40], Step: [571/782], Loss: 0.34143298864364624
Rank:0 Epoch: [18/40], Step: [581/782], Loss: 0.19501787424087524
Rank:0 Epoch: [18/40], Step: [591/782], Loss: 0.23108358681201935
Rank:0 Epoch: [18/40], Step: [601/782], Loss: 0.25123047828674316
Rank:0 Epoch: [18/40], Step: [611/782], Loss: 0.4566114544868469
Rank:0 Epoch: [18/40], Step: [621/782], Loss: 0.12073498964309692
Rank:0 Epoch: [18/40], Step: [631/782], Loss: 0.2905460000038147
Rank:0 Epoch: [18/40], Step: [641/782], Loss: 0.13489994406700134
Rank:0 Epoch: [18/40], Step: [651/782], Loss: 0.31781819462776184
Rank:0 Epoch: [18/40], Step: [661/782], Loss: 0.31542056798934937
Rank:0 Epoch: [18/40], Step: [671/782], Loss: 0.2410919964313507
Rank:0 Epoch: [18/40], Step: [681/782], Loss: 0.15094777941703796
Rank:0 Epoch: [18/40], Step: [691/782], Loss: 0.1769474446773529
Rank:0 Epoch: [18/40], Step: [701/782], Loss: 0.22067181766033173
Rank:0 Epoch: [18/40], Step: [711/782], Loss: 0.2794775366783142
Rank:0 Epoch: [18/40], Step: [721/782], Loss: 0.19708509743213654
Rank:0 Epoch: [18/40], Step: [731/782], Loss: 0.08332167565822601
Rank:0 Epoch: [18/40], Step: [741/782], Loss: 0.19935785233974457
Rank:0 Epoch: [18/40], Step: [751/782], Loss: 0.18031297624111176
Rank:0 Epoch: [18/40], Step: [761/782], Loss: 0.1846563220024109
Rank:0 Epoch: [18/40], Step: [771/782], Loss: 0.17265385389328003
Rank:0 Epoch: [18/40], Step: [781/782], Loss: 0.18080401420593262
Current Test Acc: 0.864
Rank:0 Epoch: [19/40], Step: [1/782], Loss: 0.14288946986198425
Rank:0 Epoch: [19/40], Step: [11/782], Loss: 0.18681833148002625
Rank:0 Epoch: [19/40], Step: [21/782], Loss: 0.49814075231552124
Rank:0 Epoch: [19/40], Step: [31/782], Loss: 0.3496895134449005
Rank:0 Epoch: [19/40], Step: [41/782], Loss: 0.19606482982635498
Rank:0 Epoch: [19/40], Step: [51/782], Loss: 0.14312180876731873
Rank:0 Epoch: [19/40], Step: [61/782], Loss: 0.15703852474689484
Rank:0 Epoch: [19/40], Step: [71/782], Loss: 0.1618674397468567
Rank:0 Epoch: [19/40], Step: [81/782], Loss: 0.18279233574867249
Rank:0 Epoch: [19/40], Step: [91/782], Loss: 0.43263155221939087
Rank:0 Epoch: [19/40], Step: [101/782], Loss: 0.15232700109481812
Rank:0 Epoch: [19/40], Step: [111/782], Loss: 0.29408398270606995
Rank:0 Epoch: [19/40], Step: [121/782], Loss: 0.41978201270103455
Rank:0 Epoch: [19/40], Step: [131/782], Loss: 0.2338196188211441
Rank:0 Epoch: [19/40], Step: [141/782], Loss: 0.16280321776866913
Rank:0 Epoch: [19/40], Step: [151/782], Loss: 0.22269530594348907
Rank:0 Epoch: [19/40], Step: [161/782], Loss: 0.11871214210987091
Rank:0 Epoch: [19/40], Step: [171/782], Loss: 0.28045374155044556
Rank:0 Epoch: [19/40], Step: [181/782], Loss: 0.15617522597312927
Rank:0 Epoch: [19/40], Step: [191/782], Loss: 0.3030349016189575
Rank:0 Epoch: [19/40], Step: [201/782], Loss: 0.2533031105995178
Rank:0 Epoch: [19/40], Step: [211/782], Loss: 0.11032745242118835
Rank:0 Epoch: [19/40], Step: [221/782], Loss: 0.17915965616703033
Rank:0 Epoch: [19/40], Step: [231/782], Loss: 0.13424460589885712
Rank:0 Epoch: [19/40], Step: [241/782], Loss: 0.13590122759342194
Rank:0 Epoch: [19/40], Step: [251/782], Loss: 0.24355021119117737
Rank:0 Epoch: [19/40], Step: [261/782], Loss: 0.26961731910705566
Rank:0 Epoch: [19/40], Step: [271/782], Loss: 0.1964700073003769
Rank:0 Epoch: [19/40], Step: [281/782], Loss: 0.12902475893497467
Rank:0 Epoch: [19/40], Step: [291/782], Loss: 0.3483591377735138
Rank:0 Epoch: [19/40], Step: [301/782], Loss: 0.24207507073879242
Rank:0 Epoch: [19/40], Step: [311/782], Loss: 0.13963203132152557
Rank:0 Epoch: [19/40], Step: [321/782], Loss: 0.14855149388313293
Rank:0 Epoch: [19/40], Step: [331/782], Loss: 0.2951946258544922
Rank:0 Epoch: [19/40], Step: [341/782], Loss: 0.24371112883090973
Rank:0 Epoch: [19/40], Step: [351/782], Loss: 0.35663625597953796
Rank:0 Epoch: [19/40], Step: [361/782], Loss: 0.2871999144554138
Rank:0 Epoch: [19/40], Step: [371/782], Loss: 0.16979749500751495
Rank:0 Epoch: [19/40], Step: [381/782], Loss: 0.20617541670799255
Rank:0 Epoch: [19/40], Step: [391/782], Loss: 0.21163351833820343
Rank:0 Epoch: [19/40], Step: [401/782], Loss: 0.11593765765428543
Rank:0 Epoch: [19/40], Step: [411/782], Loss: 0.1457863301038742
Rank:0 Epoch: [19/40], Step: [421/782], Loss: 0.19082017242908478
Rank:0 Epoch: [19/40], Step: [431/782], Loss: 0.1746799498796463
Rank:0 Epoch: [19/40], Step: [441/782], Loss: 0.06548741459846497
Rank:0 Epoch: [19/40], Step: [451/782], Loss: 0.09038903564214706
Rank:0 Epoch: [19/40], Step: [461/782], Loss: 0.2518846094608307
Rank:0 Epoch: [19/40], Step: [471/782], Loss: 0.2101401388645172
Rank:0 Epoch: [19/40], Step: [481/782], Loss: 0.1283235251903534
Rank:0 Epoch: [19/40], Step: [491/782], Loss: 0.11314734071493149
Rank:0 Epoch: [19/40], Step: [501/782], Loss: 0.23892435431480408
Rank:0 Epoch: [19/40], Step: [511/782], Loss: 0.22981862723827362
Rank:0 Epoch: [19/40], Step: [521/782], Loss: 0.3535339832305908
Rank:0 Epoch: [19/40], Step: [531/782], Loss: 0.2268303632736206
Rank:0 Epoch: [19/40], Step: [541/782], Loss: 0.29747071862220764
Rank:0 Epoch: [19/40], Step: [551/782], Loss: 0.2104502022266388
Rank:0 Epoch: [19/40], Step: [561/782], Loss: 0.10673974454402924
Rank:0 Epoch: [19/40], Step: [571/782], Loss: 0.44505032896995544
Rank:0 Epoch: [19/40], Step: [581/782], Loss: 0.2988600730895996
Rank:0 Epoch: [19/40], Step: [591/782], Loss: 0.27936631441116333
Rank:0 Epoch: [19/40], Step: [601/782], Loss: 0.32955628633499146
Rank:0 Epoch: [19/40], Step: [611/782], Loss: 0.10197342187166214
Rank:0 Epoch: [19/40], Step: [621/782], Loss: 0.2969716191291809
Rank:0 Epoch: [19/40], Step: [631/782], Loss: 0.2571251094341278
Rank:0 Epoch: [19/40], Step: [641/782], Loss: 0.29006046056747437
Rank:0 Epoch: [19/40], Step: [651/782], Loss: 0.36213624477386475
Rank:0 Epoch: [19/40], Step: [661/782], Loss: 0.13746485114097595
Rank:0 Epoch: [19/40], Step: [671/782], Loss: 0.2685948610305786
Rank:0 Epoch: [19/40], Step: [681/782], Loss: 0.1621248722076416
Rank:0 Epoch: [19/40], Step: [691/782], Loss: 0.24045252799987793
Rank:0 Epoch: [19/40], Step: [701/782], Loss: 0.23287333548069
Rank:0 Epoch: [19/40], Step: [711/782], Loss: 0.2533653676509857
Rank:0 Epoch: [19/40], Step: [721/782], Loss: 0.20547087490558624
Rank:0 Epoch: [19/40], Step: [731/782], Loss: 0.3256576657295227
Rank:0 Epoch: [19/40], Step: [741/782], Loss: 0.18278364837169647
Rank:0 Epoch: [19/40], Step: [751/782], Loss: 0.330500990152359
Rank:0 Epoch: [19/40], Step: [761/782], Loss: 0.056563589721918106
Rank:0 Epoch: [19/40], Step: [771/782], Loss: 0.143430694937706
Rank:0 Epoch: [19/40], Step: [781/782], Loss: 0.2505173087120056
Current Test Acc: 0.874
Rank:0 Epoch: [20/40], Step: [1/782], Loss: 0.11548817902803421
Rank:0 Epoch: [20/40], Step: [11/782], Loss: 0.17096582055091858
Rank:0 Epoch: [20/40], Step: [21/782], Loss: 0.10903503000736237
Rank:0 Epoch: [20/40], Step: [31/782], Loss: 0.1794959008693695
Rank:0 Epoch: [20/40], Step: [41/782], Loss: 0.29126349091529846
Rank:0 Epoch: [20/40], Step: [51/782], Loss: 0.1963461935520172
Rank:0 Epoch: [20/40], Step: [61/782], Loss: 0.1418222188949585
Rank:0 Epoch: [20/40], Step: [71/782], Loss: 0.13363173604011536
Rank:0 Epoch: [20/40], Step: [81/782], Loss: 0.17846842110157013
Rank:0 Epoch: [20/40], Step: [91/782], Loss: 0.0876101702451706
Rank:0 Epoch: [20/40], Step: [101/782], Loss: 0.09091486036777496
Rank:0 Epoch: [20/40], Step: [111/782], Loss: 0.18895678222179413
Rank:0 Epoch: [20/40], Step: [121/782], Loss: 0.22202156484127045
Rank:0 Epoch: [20/40], Step: [131/782], Loss: 0.1315675675868988
Rank:0 Epoch: [20/40], Step: [141/782], Loss: 0.23782701790332794
Rank:0 Epoch: [20/40], Step: [151/782], Loss: 0.2342521697282791
Rank:0 Epoch: [20/40], Step: [161/782], Loss: 0.36191579699516296
Rank:0 Epoch: [20/40], Step: [171/782], Loss: 0.17770420014858246
Rank:0 Epoch: [20/40], Step: [181/782], Loss: 0.24013707041740417
Rank:0 Epoch: [20/40], Step: [191/782], Loss: 0.3122144341468811
Rank:0 Epoch: [20/40], Step: [201/782], Loss: 0.1177159994840622
Rank:0 Epoch: [20/40], Step: [211/782], Loss: 0.08485762774944305
Rank:0 Epoch: [20/40], Step: [221/782], Loss: 0.15437287092208862
Rank:0 Epoch: [20/40], Step: [231/782], Loss: 0.3034703731536865
Rank:0 Epoch: [20/40], Step: [241/782], Loss: 0.41590365767478943
Rank:0 Epoch: [20/40], Step: [251/782], Loss: 0.1964249461889267
Rank:0 Epoch: [20/40], Step: [261/782], Loss: 0.09942518174648285
Rank:0 Epoch: [20/40], Step: [271/782], Loss: 0.253509521484375
Rank:0 Epoch: [20/40], Step: [281/782], Loss: 0.3310829997062683
Rank:0 Epoch: [20/40], Step: [291/782], Loss: 0.15786440670490265
Rank:0 Epoch: [20/40], Step: [301/782], Loss: 0.12263987958431244
Rank:0 Epoch: [20/40], Step: [311/782], Loss: 0.10122831910848618
Rank:0 Epoch: [20/40], Step: [321/782], Loss: 0.13926798105239868
Rank:0 Epoch: [20/40], Step: [331/782], Loss: 0.09581016004085541
Rank:0 Epoch: [20/40], Step: [341/782], Loss: 0.10786748677492142
Rank:0 Epoch: [20/40], Step: [351/782], Loss: 0.1125125139951706
Rank:0 Epoch: [20/40], Step: [361/782], Loss: 0.07491493225097656
Rank:0 Epoch: [20/40], Step: [371/782], Loss: 0.10136058181524277
Rank:0 Epoch: [20/40], Step: [381/782], Loss: 0.22602182626724243
Rank:0 Epoch: [20/40], Step: [391/782], Loss: 0.10795699805021286
Rank:0 Epoch: [20/40], Step: [401/782], Loss: 0.212870791554451
Rank:0 Epoch: [20/40], Step: [411/782], Loss: 0.289060115814209
Rank:0 Epoch: [20/40], Step: [421/782], Loss: 0.18648457527160645
Rank:0 Epoch: [20/40], Step: [431/782], Loss: 0.3892299234867096
Rank:0 Epoch: [20/40], Step: [441/782], Loss: 0.1709340214729309
Rank:0 Epoch: [20/40], Step: [451/782], Loss: 0.26068857312202454
Rank:0 Epoch: [20/40], Step: [461/782], Loss: 0.29678860306739807
Rank:0 Epoch: [20/40], Step: [471/782], Loss: 0.26356041431427
Rank:0 Epoch: [20/40], Step: [481/782], Loss: 0.3154861330986023
Rank:0 Epoch: [20/40], Step: [491/782], Loss: 0.22855278849601746
Rank:0 Epoch: [20/40], Step: [501/782], Loss: 0.4229414761066437
Rank:0 Epoch: [20/40], Step: [511/782], Loss: 0.32480108737945557
Rank:0 Epoch: [20/40], Step: [521/782], Loss: 0.15046757459640503
Rank:0 Epoch: [20/40], Step: [531/782], Loss: 0.12605081498622894
Rank:0 Epoch: [20/40], Step: [541/782], Loss: 0.18494127690792084
Rank:0 Epoch: [20/40], Step: [551/782], Loss: 0.22958894073963165
Rank:0 Epoch: [20/40], Step: [561/782], Loss: 0.25564756989479065
Rank:0 Epoch: [20/40], Step: [571/782], Loss: 0.12069331854581833
Rank:0 Epoch: [20/40], Step: [581/782], Loss: 0.18773570656776428
Rank:0 Epoch: [20/40], Step: [591/782], Loss: 0.30930936336517334
Rank:0 Epoch: [20/40], Step: [601/782], Loss: 0.3694785535335541
Rank:0 Epoch: [20/40], Step: [611/782], Loss: 0.23927152156829834
Rank:0 Epoch: [20/40], Step: [621/782], Loss: 0.20938640832901
Rank:0 Epoch: [20/40], Step: [631/782], Loss: 0.29376208782196045
Rank:0 Epoch: [20/40], Step: [641/782], Loss: 0.24366815388202667
Rank:0 Epoch: [20/40], Step: [651/782], Loss: 0.1593676209449768
Rank:0 Epoch: [20/40], Step: [661/782], Loss: 0.08560167253017426
Rank:0 Epoch: [20/40], Step: [671/782], Loss: 0.3870857059955597
Rank:0 Epoch: [20/40], Step: [681/782], Loss: 0.2588287591934204
Rank:0 Epoch: [20/40], Step: [691/782], Loss: 0.30639418959617615
Rank:0 Epoch: [20/40], Step: [701/782], Loss: 0.18247409164905548
Rank:0 Epoch: [20/40], Step: [711/782], Loss: 0.24407926201820374
Rank:0 Epoch: [20/40], Step: [721/782], Loss: 0.08014445751905441
Rank:0 Epoch: [20/40], Step: [731/782], Loss: 0.18001185357570648
Rank:0 Epoch: [20/40], Step: [741/782], Loss: 0.3387986123561859
Rank:0 Epoch: [20/40], Step: [751/782], Loss: 0.3551742136478424
Rank:0 Epoch: [20/40], Step: [761/782], Loss: 0.27689024806022644
Rank:0 Epoch: [20/40], Step: [771/782], Loss: 0.142283096909523
Rank:0 Epoch: [20/40], Step: [781/782], Loss: 0.07730115950107574
Current Test Acc: 0.887
Rank:0 Epoch: [21/40], Step: [1/782], Loss: 0.21427501738071442
Rank:0 Epoch: [21/40], Step: [11/782], Loss: 0.21736730635166168
Rank:0 Epoch: [21/40], Step: [21/782], Loss: 0.1953275203704834
Rank:0 Epoch: [21/40], Step: [31/782], Loss: 0.2639871835708618
Rank:0 Epoch: [21/40], Step: [41/782], Loss: 0.15451112389564514
Rank:0 Epoch: [21/40], Step: [51/782], Loss: 0.2071916162967682
Rank:0 Epoch: [21/40], Step: [61/782], Loss: 0.20794916152954102
Rank:0 Epoch: [21/40], Step: [71/782], Loss: 0.17616112530231476
Rank:0 Epoch: [21/40], Step: [81/782], Loss: 0.04794622212648392
Rank:0 Epoch: [21/40], Step: [91/782], Loss: 0.14190547168254852
Rank:0 Epoch: [21/40], Step: [101/782], Loss: 0.06855607777833939
Rank:0 Epoch: [21/40], Step: [111/782], Loss: 0.1443033516407013
Rank:0 Epoch: [21/40], Step: [121/782], Loss: 0.24726234376430511
Rank:0 Epoch: [21/40], Step: [131/782], Loss: 0.13518911600112915
Rank:0 Epoch: [21/40], Step: [141/782], Loss: 0.1116444543004036
Rank:0 Epoch: [21/40], Step: [151/782], Loss: 0.13936881721019745
Rank:0 Epoch: [21/40], Step: [161/782], Loss: 0.08021678030490875
Rank:0 Epoch: [21/40], Step: [171/782], Loss: 0.08374123275279999
Rank:0 Epoch: [21/40], Step: [181/782], Loss: 0.10377974808216095
Rank:0 Epoch: [21/40], Step: [191/782], Loss: 0.1483781784772873
Rank:0 Epoch: [21/40], Step: [201/782], Loss: 0.060900330543518066
Rank:0 Epoch: [21/40], Step: [211/782], Loss: 0.18820133805274963
Rank:0 Epoch: [21/40], Step: [221/782], Loss: 0.07530661672353745
Rank:0 Epoch: [21/40], Step: [231/782], Loss: 0.22604386508464813
Rank:0 Epoch: [21/40], Step: [241/782], Loss: 0.08935854583978653
Rank:0 Epoch: [21/40], Step: [251/782], Loss: 0.09030229598283768
Rank:0 Epoch: [21/40], Step: [261/782], Loss: 0.07077398896217346
Rank:0 Epoch: [21/40], Step: [271/782], Loss: 0.3036852777004242
Rank:0 Epoch: [21/40], Step: [281/782], Loss: 0.1363484263420105
Rank:0 Epoch: [21/40], Step: [291/782], Loss: 0.08528995513916016
Rank:0 Epoch: [21/40], Step: [301/782], Loss: 0.0422784686088562
Rank:0 Epoch: [21/40], Step: [311/782], Loss: 0.07201284170150757
Rank:0 Epoch: [21/40], Step: [321/782], Loss: 0.04416676238179207
Rank:0 Epoch: [21/40], Step: [331/782], Loss: 0.07627197355031967
Rank:0 Epoch: [21/40], Step: [341/782], Loss: 0.22362704575061798
Rank:0 Epoch: [21/40], Step: [351/782], Loss: 0.12552590668201447
Rank:0 Epoch: [21/40], Step: [361/782], Loss: 0.13559579849243164
Rank:0 Epoch: [21/40], Step: [371/782], Loss: 0.0619845911860466
Rank:0 Epoch: [21/40], Step: [381/782], Loss: 0.13455532491207123
Rank:0 Epoch: [21/40], Step: [391/782], Loss: 0.0568273589015007
Rank:0 Epoch: [21/40], Step: [401/782], Loss: 0.07373084127902985
Rank:0 Epoch: [21/40], Step: [411/782], Loss: 0.09144419431686401
Rank:0 Epoch: [21/40], Step: [421/782], Loss: 0.15584127604961395
Rank:0 Epoch: [21/40], Step: [431/782], Loss: 0.10624855011701584
Rank:0 Epoch: [21/40], Step: [441/782], Loss: 0.06803936511278152
Rank:0 Epoch: [21/40], Step: [451/782], Loss: 0.058807700872421265
Rank:0 Epoch: [21/40], Step: [461/782], Loss: 0.07678770273923874
Rank:0 Epoch: [21/40], Step: [471/782], Loss: 0.0296698659658432
Rank:0 Epoch: [21/40], Step: [481/782], Loss: 0.04065308719873428
Rank:0 Epoch: [21/40], Step: [491/782], Loss: 0.046901389956474304
Rank:0 Epoch: [21/40], Step: [501/782], Loss: 0.07190150022506714
Rank:0 Epoch: [21/40], Step: [511/782], Loss: 0.14841081202030182
Rank:0 Epoch: [21/40], Step: [521/782], Loss: 0.07034818083047867
Rank:0 Epoch: [21/40], Step: [531/782], Loss: 0.042845919728279114
Rank:0 Epoch: [21/40], Step: [541/782], Loss: 0.13994432985782623
Rank:0 Epoch: [21/40], Step: [551/782], Loss: 0.11948150396347046
Rank:0 Epoch: [21/40], Step: [561/782], Loss: 0.07679350674152374
Rank:0 Epoch: [21/40], Step: [571/782], Loss: 0.09144236892461777
Rank:0 Epoch: [21/40], Step: [581/782], Loss: 0.14313654601573944
Rank:0 Epoch: [21/40], Step: [591/782], Loss: 0.06833446025848389
Rank:0 Epoch: [21/40], Step: [601/782], Loss: 0.1172630563378334
Rank:0 Epoch: [21/40], Step: [611/782], Loss: 0.202922984957695
Rank:0 Epoch: [21/40], Step: [621/782], Loss: 0.041321564465761185
Rank:0 Epoch: [21/40], Step: [631/782], Loss: 0.040223877876996994
Rank:0 Epoch: [21/40], Step: [641/782], Loss: 0.014713904820382595
Rank:0 Epoch: [21/40], Step: [651/782], Loss: 0.16472776234149933
Rank:0 Epoch: [21/40], Step: [661/782], Loss: 0.15888619422912598
Rank:0 Epoch: [21/40], Step: [671/782], Loss: 0.05885670334100723
Rank:0 Epoch: [21/40], Step: [681/782], Loss: 0.04824550822377205
Rank:0 Epoch: [21/40], Step: [691/782], Loss: 0.07058010995388031
Rank:0 Epoch: [21/40], Step: [701/782], Loss: 0.0918399915099144
Rank:0 Epoch: [21/40], Step: [711/782], Loss: 0.07500893622636795
Rank:0 Epoch: [21/40], Step: [721/782], Loss: 0.09577343612909317
Rank:0 Epoch: [21/40], Step: [731/782], Loss: 0.06980565190315247
Rank:0 Epoch: [21/40], Step: [741/782], Loss: 0.04006378352642059
Rank:0 Epoch: [21/40], Step: [751/782], Loss: 0.13995899260044098
Rank:0 Epoch: [21/40], Step: [761/782], Loss: 0.07347892969846725
Rank:0 Epoch: [21/40], Step: [771/782], Loss: 0.12658703327178955
Rank:0 Epoch: [21/40], Step: [781/782], Loss: 0.19405268132686615
Current Test Acc: 0.9267
Rank:0 Epoch: [22/40], Step: [1/782], Loss: 0.06487186253070831
Rank:0 Epoch: [22/40], Step: [11/782], Loss: 0.05306427925825119
Rank:0 Epoch: [22/40], Step: [21/782], Loss: 0.06367404758930206
Rank:0 Epoch: [22/40], Step: [31/782], Loss: 0.05328323692083359
Rank:0 Epoch: [22/40], Step: [41/782], Loss: 0.08671831339597702
Rank:0 Epoch: [22/40], Step: [51/782], Loss: 0.08738335222005844
Rank:0 Epoch: [22/40], Step: [61/782], Loss: 0.045370765030384064
Rank:0 Epoch: [22/40], Step: [71/782], Loss: 0.15070919692516327
Rank:0 Epoch: [22/40], Step: [81/782], Loss: 0.1234792098402977
Rank:0 Epoch: [22/40], Step: [91/782], Loss: 0.06409797817468643
Rank:0 Epoch: [22/40], Step: [101/782], Loss: 0.020185451954603195
Rank:0 Epoch: [22/40], Step: [111/782], Loss: 0.09695426374673843
Rank:0 Epoch: [22/40], Step: [121/782], Loss: 0.07201229780912399
Rank:0 Epoch: [22/40], Step: [131/782], Loss: 0.06611105799674988
Rank:0 Epoch: [22/40], Step: [141/782], Loss: 0.10064811259508133
Rank:0 Epoch: [22/40], Step: [151/782], Loss: 0.020806435495615005
Rank:0 Epoch: [22/40], Step: [161/782], Loss: 0.010528771206736565
Rank:0 Epoch: [22/40], Step: [171/782], Loss: 0.034133028239011765
Rank:0 Epoch: [22/40], Step: [181/782], Loss: 0.06196923553943634
Rank:0 Epoch: [22/40], Step: [191/782], Loss: 0.1413751095533371
Rank:0 Epoch: [22/40], Step: [201/782], Loss: 0.06694535911083221
Rank:0 Epoch: [22/40], Step: [211/782], Loss: 0.04554007947444916
Rank:0 Epoch: [22/40], Step: [221/782], Loss: 0.05644258111715317
Rank:0 Epoch: [22/40], Step: [231/782], Loss: 0.08977730572223663
Rank:0 Epoch: [22/40], Step: [241/782], Loss: 0.02685174159705639
Rank:0 Epoch: [22/40], Step: [251/782], Loss: 0.022539183497428894
Rank:0 Epoch: [22/40], Step: [261/782], Loss: 0.036297500133514404
Rank:0 Epoch: [22/40], Step: [271/782], Loss: 0.10054848343133926
Rank:0 Epoch: [22/40], Step: [281/782], Loss: 0.06648562848567963
Rank:0 Epoch: [22/40], Step: [291/782], Loss: 0.032403141260147095
Rank:0 Epoch: [22/40], Step: [301/782], Loss: 0.08745314180850983
Rank:0 Epoch: [22/40], Step: [311/782], Loss: 0.06309536844491959
Rank:0 Epoch: [22/40], Step: [321/782], Loss: 0.10921010375022888
Rank:0 Epoch: [22/40], Step: [331/782], Loss: 0.1469612717628479
Rank:0 Epoch: [22/40], Step: [341/782], Loss: 0.02056380920112133
Rank:0 Epoch: [22/40], Step: [351/782], Loss: 0.09795524179935455
Rank:0 Epoch: [22/40], Step: [361/782], Loss: 0.04972643777728081
Rank:0 Epoch: [22/40], Step: [371/782], Loss: 0.08726578205823898
Rank:0 Epoch: [22/40], Step: [381/782], Loss: 0.028231479227542877
Rank:0 Epoch: [22/40], Step: [391/782], Loss: 0.08169589936733246
Rank:0 Epoch: [22/40], Step: [401/782], Loss: 0.07333652675151825
Rank:0 Epoch: [22/40], Step: [411/782], Loss: 0.09487198293209076
Rank:0 Epoch: [22/40], Step: [421/782], Loss: 0.08436372876167297
Rank:0 Epoch: [22/40], Step: [431/782], Loss: 0.11060485243797302
Rank:0 Epoch: [22/40], Step: [441/782], Loss: 0.04892613738775253
Rank:0 Epoch: [22/40], Step: [451/782], Loss: 0.027455905452370644
Rank:0 Epoch: [22/40], Step: [461/782], Loss: 0.051185671240091324
Rank:0 Epoch: [22/40], Step: [471/782], Loss: 0.11952252686023712
Rank:0 Epoch: [22/40], Step: [481/782], Loss: 0.02865302376449108
Rank:0 Epoch: [22/40], Step: [491/782], Loss: 0.10534846782684326
Rank:0 Epoch: [22/40], Step: [501/782], Loss: 0.056923530995845795
Rank:0 Epoch: [22/40], Step: [511/782], Loss: 0.052210450172424316
Rank:0 Epoch: [22/40], Step: [521/782], Loss: 0.053628407418727875
Rank:0 Epoch: [22/40], Step: [531/782], Loss: 0.033710140734910965
Rank:0 Epoch: [22/40], Step: [541/782], Loss: 0.02565460093319416
Rank:0 Epoch: [22/40], Step: [551/782], Loss: 0.023177172988653183
Rank:0 Epoch: [22/40], Step: [561/782], Loss: 0.09643420577049255
Rank:0 Epoch: [22/40], Step: [571/782], Loss: 0.11202242970466614
Rank:0 Epoch: [22/40], Step: [581/782], Loss: 0.020081927999854088
Rank:0 Epoch: [22/40], Step: [591/782], Loss: 0.06383821368217468
Rank:0 Epoch: [22/40], Step: [601/782], Loss: 0.10171443969011307
Rank:0 Epoch: [22/40], Step: [611/782], Loss: 0.04362264275550842
Rank:0 Epoch: [22/40], Step: [621/782], Loss: 0.04039748013019562
Rank:0 Epoch: [22/40], Step: [631/782], Loss: 0.13465344905853271
Rank:0 Epoch: [22/40], Step: [641/782], Loss: 0.037296097725629807
Rank:0 Epoch: [22/40], Step: [651/782], Loss: 0.03416869416832924
Rank:0 Epoch: [22/40], Step: [661/782], Loss: 0.021405039355158806
Rank:0 Epoch: [22/40], Step: [671/782], Loss: 0.031056828796863556
Rank:0 Epoch: [22/40], Step: [681/782], Loss: 0.11201412230730057
Rank:0 Epoch: [22/40], Step: [691/782], Loss: 0.14461345970630646
Rank:0 Epoch: [22/40], Step: [701/782], Loss: 0.02032419480383396
Rank:0 Epoch: [22/40], Step: [711/782], Loss: 0.022198807448148727
Rank:0 Epoch: [22/40], Step: [721/782], Loss: 0.12230968475341797
Rank:0 Epoch: [22/40], Step: [731/782], Loss: 0.17843925952911377
Rank:0 Epoch: [22/40], Step: [741/782], Loss: 0.02136664092540741
Rank:0 Epoch: [22/40], Step: [751/782], Loss: 0.05931614711880684
Rank:0 Epoch: [22/40], Step: [761/782], Loss: 0.13556933403015137
Rank:0 Epoch: [22/40], Step: [771/782], Loss: 0.029803868383169174
Rank:0 Epoch: [22/40], Step: [781/782], Loss: 0.006029202602803707
Current Test Acc: 0.9278
Rank:0 Epoch: [23/40], Step: [1/782], Loss: 0.10229358077049255
Rank:0 Epoch: [23/40], Step: [11/782], Loss: 0.09003723412752151
Rank:0 Epoch: [23/40], Step: [21/782], Loss: 0.06081700697541237
Rank:0 Epoch: [23/40], Step: [31/782], Loss: 0.035891126841306686
Rank:0 Epoch: [23/40], Step: [41/782], Loss: 0.040166642516851425
Rank:0 Epoch: [23/40], Step: [51/782], Loss: 0.13776588439941406
Rank:0 Epoch: [23/40], Step: [61/782], Loss: 0.09016332775354385
Rank:0 Epoch: [23/40], Step: [71/782], Loss: 0.09678373485803604
Rank:0 Epoch: [23/40], Step: [81/782], Loss: 0.16968093812465668
Rank:0 Epoch: [23/40], Step: [91/782], Loss: 0.04920557886362076
Rank:0 Epoch: [23/40], Step: [101/782], Loss: 0.020750395953655243
Rank:0 Epoch: [23/40], Step: [111/782], Loss: 0.037041984498500824
Rank:0 Epoch: [23/40], Step: [121/782], Loss: 0.05458122119307518
Rank:0 Epoch: [23/40], Step: [131/782], Loss: 0.11804234236478806
Rank:0 Epoch: [23/40], Step: [141/782], Loss: 0.13350501656532288
Rank:0 Epoch: [23/40], Step: [151/782], Loss: 0.05492043122649193
Rank:0 Epoch: [23/40], Step: [161/782], Loss: 0.13761577010154724
Rank:0 Epoch: [23/40], Step: [171/782], Loss: 0.1458769142627716
Rank:0 Epoch: [23/40], Step: [181/782], Loss: 0.11876451224088669
Rank:0 Epoch: [23/40], Step: [191/782], Loss: 0.010693092830479145
Rank:0 Epoch: [23/40], Step: [201/782], Loss: 0.0895526260137558
Rank:0 Epoch: [23/40], Step: [211/782], Loss: 0.011175641790032387
Rank:0 Epoch: [23/40], Step: [221/782], Loss: 0.04652664065361023
Rank:0 Epoch: [23/40], Step: [231/782], Loss: 0.16458654403686523
Rank:0 Epoch: [23/40], Step: [241/782], Loss: 0.08181499689817429
Rank:0 Epoch: [23/40], Step: [251/782], Loss: 0.017930226400494576
Rank:0 Epoch: [23/40], Step: [261/782], Loss: 0.0883396565914154
Rank:0 Epoch: [23/40], Step: [271/782], Loss: 0.02729189395904541
Rank:0 Epoch: [23/40], Step: [281/782], Loss: 0.0254412479698658
Rank:0 Epoch: [23/40], Step: [291/782], Loss: 0.01702447049319744
Rank:0 Epoch: [23/40], Step: [301/782], Loss: 0.018261196091771126
Rank:0 Epoch: [23/40], Step: [311/782], Loss: 0.016353603452444077
Rank:0 Epoch: [23/40], Step: [321/782], Loss: 0.052984632551670074
Rank:0 Epoch: [23/40], Step: [331/782], Loss: 0.0039848764427006245
Rank:0 Epoch: [23/40], Step: [341/782], Loss: 0.020114386454224586
Rank:0 Epoch: [23/40], Step: [351/782], Loss: 0.0189199335873127
Rank:0 Epoch: [23/40], Step: [361/782], Loss: 0.0571020282804966
Rank:0 Epoch: [23/40], Step: [371/782], Loss: 0.06646841019392014
Rank:0 Epoch: [23/40], Step: [381/782], Loss: 0.006134029943495989
Rank:0 Epoch: [23/40], Step: [391/782], Loss: 0.05714012309908867
Rank:0 Epoch: [23/40], Step: [401/782], Loss: 0.0775805413722992
Rank:0 Epoch: [23/40], Step: [411/782], Loss: 0.01657921075820923
Rank:0 Epoch: [23/40], Step: [421/782], Loss: 0.030185464769601822
Rank:0 Epoch: [23/40], Step: [431/782], Loss: 0.0366666205227375
Rank:0 Epoch: [23/40], Step: [441/782], Loss: 0.03833911195397377
Rank:0 Epoch: [23/40], Step: [451/782], Loss: 0.041635263711214066
Rank:0 Epoch: [23/40], Step: [461/782], Loss: 0.03923484683036804
Rank:0 Epoch: [23/40], Step: [471/782], Loss: 0.09456434100866318
Rank:0 Epoch: [23/40], Step: [481/782], Loss: 0.03001377359032631
Rank:0 Epoch: [23/40], Step: [491/782], Loss: 0.02661757543683052
Rank:0 Epoch: [23/40], Step: [501/782], Loss: 0.014152854681015015
Rank:0 Epoch: [23/40], Step: [511/782], Loss: 0.05996008589863777
Rank:0 Epoch: [23/40], Step: [521/782], Loss: 0.0527377687394619
Rank:0 Epoch: [23/40], Step: [531/782], Loss: 0.07477603852748871
Rank:0 Epoch: [23/40], Step: [541/782], Loss: 0.033558376133441925
Rank:0 Epoch: [23/40], Step: [551/782], Loss: 0.025246430188417435
Rank:0 Epoch: [23/40], Step: [561/782], Loss: 0.022992100566625595
Rank:0 Epoch: [23/40], Step: [571/782], Loss: 0.00995459221303463
Rank:0 Epoch: [23/40], Step: [581/782], Loss: 0.010267363861203194
Rank:0 Epoch: [23/40], Step: [591/782], Loss: 0.03067767061293125
Rank:0 Epoch: [23/40], Step: [601/782], Loss: 0.1027703806757927
Rank:0 Epoch: [23/40], Step: [611/782], Loss: 0.014416644349694252
Rank:0 Epoch: [23/40], Step: [621/782], Loss: 0.05539863556623459
Rank:0 Epoch: [23/40], Step: [631/782], Loss: 0.07152896374464035
Rank:0 Epoch: [23/40], Step: [641/782], Loss: 0.06975346058607101
Rank:0 Epoch: [23/40], Step: [651/782], Loss: 0.04015320539474487
Rank:0 Epoch: [23/40], Step: [661/782], Loss: 0.010800402611494064
Rank:0 Epoch: [23/40], Step: [671/782], Loss: 0.010230094194412231
Rank:0 Epoch: [23/40], Step: [681/782], Loss: 0.02685796096920967
Rank:0 Epoch: [23/40], Step: [691/782], Loss: 0.09733927249908447
Rank:0 Epoch: [23/40], Step: [701/782], Loss: 0.04714951664209366
Rank:0 Epoch: [23/40], Step: [711/782], Loss: 0.17596350610256195
Rank:0 Epoch: [23/40], Step: [721/782], Loss: 0.017232805490493774
Rank:0 Epoch: [23/40], Step: [731/782], Loss: 0.06498605757951736
Rank:0 Epoch: [23/40], Step: [741/782], Loss: 0.02139865793287754
Rank:0 Epoch: [23/40], Step: [751/782], Loss: 0.09701522439718246
Rank:0 Epoch: [23/40], Step: [761/782], Loss: 0.014416367746889591
Rank:0 Epoch: [23/40], Step: [771/782], Loss: 0.07780270278453827
Rank:0 Epoch: [23/40], Step: [781/782], Loss: 0.05625845864415169
Current Test Acc: 0.9294
Rank:0 Epoch: [24/40], Step: [1/782], Loss: 0.03413558006286621
Rank:0 Epoch: [24/40], Step: [11/782], Loss: 0.09052605926990509
Rank:0 Epoch: [24/40], Step: [21/782], Loss: 0.027935389429330826
Rank:0 Epoch: [24/40], Step: [31/782], Loss: 0.039649512618780136
Rank:0 Epoch: [24/40], Step: [41/782], Loss: 0.009354529902338982
Rank:0 Epoch: [24/40], Step: [51/782], Loss: 0.034718453884124756
Rank:0 Epoch: [24/40], Step: [61/782], Loss: 0.024186523631215096
Rank:0 Epoch: [24/40], Step: [71/782], Loss: 0.010785200633108616
Rank:0 Epoch: [24/40], Step: [81/782], Loss: 0.04618214815855026
Rank:0 Epoch: [24/40], Step: [91/782], Loss: 0.03516383096575737
Rank:0 Epoch: [24/40], Step: [101/782], Loss: 0.030295196920633316
Rank:0 Epoch: [24/40], Step: [111/782], Loss: 0.07866095751523972
Rank:0 Epoch: [24/40], Step: [121/782], Loss: 0.04310758039355278
Rank:0 Epoch: [24/40], Step: [131/782], Loss: 0.04333774372935295
Rank:0 Epoch: [24/40], Step: [141/782], Loss: 0.013077747076749802
Rank:0 Epoch: [24/40], Step: [151/782], Loss: 0.04251553490757942
Rank:0 Epoch: [24/40], Step: [161/782], Loss: 0.041262056678533554
Rank:0 Epoch: [24/40], Step: [171/782], Loss: 0.028006263077259064
Rank:0 Epoch: [24/40], Step: [181/782], Loss: 0.0784970074892044
Rank:0 Epoch: [24/40], Step: [191/782], Loss: 0.03883806988596916
Rank:0 Epoch: [24/40], Step: [201/782], Loss: 0.1102536991238594
Rank:0 Epoch: [24/40], Step: [211/782], Loss: 0.03410201519727707
Rank:0 Epoch: [24/40], Step: [221/782], Loss: 0.009182441048324108
Rank:0 Epoch: [24/40], Step: [231/782], Loss: 0.014650324359536171
Rank:0 Epoch: [24/40], Step: [241/782], Loss: 0.015451475977897644
Rank:0 Epoch: [24/40], Step: [251/782], Loss: 0.018914852291345596
Rank:0 Epoch: [24/40], Step: [261/782], Loss: 0.00808173231780529
Rank:0 Epoch: [24/40], Step: [271/782], Loss: 0.00938644353300333
Rank:0 Epoch: [24/40], Step: [281/782], Loss: 0.00737670436501503
Rank:0 Epoch: [24/40], Step: [291/782], Loss: 0.07701035588979721
Rank:0 Epoch: [24/40], Step: [301/782], Loss: 0.039556656032800674
Rank:0 Epoch: [24/40], Step: [311/782], Loss: 0.010265001095831394
Rank:0 Epoch: [24/40], Step: [321/782], Loss: 0.05574988201260567
Rank:0 Epoch: [24/40], Step: [331/782], Loss: 0.053704794496297836
Rank:0 Epoch: [24/40], Step: [341/782], Loss: 0.05061215162277222
Rank:0 Epoch: [24/40], Step: [351/782], Loss: 0.10322395712137222
Rank:0 Epoch: [24/40], Step: [361/782], Loss: 0.040254589170217514
Rank:0 Epoch: [24/40], Step: [371/782], Loss: 0.02945541776716709
Rank:0 Epoch: [24/40], Step: [381/782], Loss: 0.009404977783560753
Rank:0 Epoch: [24/40], Step: [391/782], Loss: 0.11916041374206543
Rank:0 Epoch: [24/40], Step: [401/782], Loss: 0.012157131917774677
Rank:0 Epoch: [24/40], Step: [411/782], Loss: 0.0769456997513771
Rank:0 Epoch: [24/40], Step: [421/782], Loss: 0.08318844437599182
Rank:0 Epoch: [24/40], Step: [431/782], Loss: 0.049988266080617905
Rank:0 Epoch: [24/40], Step: [441/782], Loss: 0.014241104014217854
Rank:0 Epoch: [24/40], Step: [451/782], Loss: 0.06371279060840607
Rank:0 Epoch: [24/40], Step: [461/782], Loss: 0.00576587300747633
Rank:0 Epoch: [24/40], Step: [471/782], Loss: 0.0027080292347818613
Rank:0 Epoch: [24/40], Step: [481/782], Loss: 0.17715340852737427
Rank:0 Epoch: [24/40], Step: [491/782], Loss: 0.12597687542438507
Rank:0 Epoch: [24/40], Step: [501/782], Loss: 0.021740056574344635
Rank:0 Epoch: [24/40], Step: [511/782], Loss: 0.0337693877518177
Rank:0 Epoch: [24/40], Step: [521/782], Loss: 0.13093261420726776
Rank:0 Epoch: [24/40], Step: [531/782], Loss: 0.09111277759075165
Rank:0 Epoch: [24/40], Step: [541/782], Loss: 0.02229267917573452
Rank:0 Epoch: [24/40], Step: [551/782], Loss: 0.01793048158288002
Rank:0 Epoch: [24/40], Step: [561/782], Loss: 0.0445183627307415
Rank:0 Epoch: [24/40], Step: [571/782], Loss: 0.03871951997280121
Rank:0 Epoch: [24/40], Step: [581/782], Loss: 0.03374600037932396
Rank:0 Epoch: [24/40], Step: [591/782], Loss: 0.02455880492925644
Rank:0 Epoch: [24/40], Step: [601/782], Loss: 0.09397144615650177
Rank:0 Epoch: [24/40], Step: [611/782], Loss: 0.027354896068572998
Rank:0 Epoch: [24/40], Step: [621/782], Loss: 0.006337770726531744
Rank:0 Epoch: [24/40], Step: [631/782], Loss: 0.042936310172080994
Rank:0 Epoch: [24/40], Step: [641/782], Loss: 0.038637589663267136
Rank:0 Epoch: [24/40], Step: [651/782], Loss: 0.09333547949790955
Rank:0 Epoch: [24/40], Step: [661/782], Loss: 0.062394630163908005
Rank:0 Epoch: [24/40], Step: [671/782], Loss: 0.014283569529652596
Rank:0 Epoch: [24/40], Step: [681/782], Loss: 0.003085683798417449
Rank:0 Epoch: [24/40], Step: [691/782], Loss: 0.08168495446443558
Rank:0 Epoch: [24/40], Step: [701/782], Loss: 0.057543568313121796
Rank:0 Epoch: [24/40], Step: [711/782], Loss: 0.1586942821741104
Rank:0 Epoch: [24/40], Step: [721/782], Loss: 0.004143428057432175
Rank:0 Epoch: [24/40], Step: [731/782], Loss: 0.05590025335550308
Rank:0 Epoch: [24/40], Step: [741/782], Loss: 0.0271513219922781
Rank:0 Epoch: [24/40], Step: [751/782], Loss: 0.03222005441784859
Rank:0 Epoch: [24/40], Step: [761/782], Loss: 0.008537710644304752
Rank:0 Epoch: [24/40], Step: [771/782], Loss: 0.10882890969514847
Rank:0 Epoch: [24/40], Step: [781/782], Loss: 0.01847088523209095
Current Test Acc: 0.9317
Rank:0 Epoch: [25/40], Step: [1/782], Loss: 0.08479529619216919
Rank:0 Epoch: [25/40], Step: [11/782], Loss: 0.003952539060264826
Rank:0 Epoch: [25/40], Step: [21/782], Loss: 0.027043335139751434
Rank:0 Epoch: [25/40], Step: [31/782], Loss: 0.019051723182201385
Rank:0 Epoch: [25/40], Step: [41/782], Loss: 0.01691427268087864
Rank:0 Epoch: [25/40], Step: [51/782], Loss: 0.01479222159832716
Rank:0 Epoch: [25/40], Step: [61/782], Loss: 0.018436327576637268
Rank:0 Epoch: [25/40], Step: [71/782], Loss: 0.02564692497253418
Rank:0 Epoch: [25/40], Step: [81/782], Loss: 0.047723375260829926
Rank:0 Epoch: [25/40], Step: [91/782], Loss: 0.04024270921945572
Rank:0 Epoch: [25/40], Step: [101/782], Loss: 0.03650329262018204
Rank:0 Epoch: [25/40], Step: [111/782], Loss: 0.02646968513727188
Rank:0 Epoch: [25/40], Step: [121/782], Loss: 0.02513597533106804
Rank:0 Epoch: [25/40], Step: [131/782], Loss: 0.006978856865316629
Rank:0 Epoch: [25/40], Step: [141/782], Loss: 0.03205326944589615
Rank:0 Epoch: [25/40], Step: [151/782], Loss: 0.020850883796811104
Rank:0 Epoch: [25/40], Step: [161/782], Loss: 0.016470089554786682
Rank:0 Epoch: [25/40], Step: [171/782], Loss: 0.025921599939465523
Rank:0 Epoch: [25/40], Step: [181/782], Loss: 0.018619082868099213
Rank:0 Epoch: [25/40], Step: [191/782], Loss: 0.010965720750391483
Rank:0 Epoch: [25/40], Step: [201/782], Loss: 0.03292679041624069
Rank:0 Epoch: [25/40], Step: [211/782], Loss: 0.0457482673227787
Rank:0 Epoch: [25/40], Step: [221/782], Loss: 0.013369065709412098
Rank:0 Epoch: [25/40], Step: [231/782], Loss: 0.010354679077863693
Rank:0 Epoch: [25/40], Step: [241/782], Loss: 0.0502982959151268
Rank:0 Epoch: [25/40], Step: [251/782], Loss: 0.0018789558671414852
Rank:0 Epoch: [25/40], Step: [261/782], Loss: 0.040473002940416336
Rank:0 Epoch: [25/40], Step: [271/782], Loss: 0.02936556190252304
Rank:0 Epoch: [25/40], Step: [281/782], Loss: 0.006561571266502142
Rank:0 Epoch: [25/40], Step: [291/782], Loss: 0.024443356320261955
Rank:0 Epoch: [25/40], Step: [301/782], Loss: 0.08170237392187119
Rank:0 Epoch: [25/40], Step: [311/782], Loss: 0.05549018830060959
Rank:0 Epoch: [25/40], Step: [321/782], Loss: 0.02137131057679653
Rank:0 Epoch: [25/40], Step: [331/782], Loss: 0.01622636802494526
Rank:0 Epoch: [25/40], Step: [341/782], Loss: 0.030393490567803383
Rank:0 Epoch: [25/40], Step: [351/782], Loss: 0.12088214606046677
Rank:0 Epoch: [25/40], Step: [361/782], Loss: 0.013983816839754581
Rank:0 Epoch: [25/40], Step: [371/782], Loss: 0.04355362430214882
Rank:0 Epoch: [25/40], Step: [381/782], Loss: 0.08638370782136917
Rank:0 Epoch: [25/40], Step: [391/782], Loss: 0.03202453628182411
Rank:0 Epoch: [25/40], Step: [401/782], Loss: 0.021684596315026283
Rank:0 Epoch: [25/40], Step: [411/782], Loss: 0.01176602952182293
Rank:0 Epoch: [25/40], Step: [421/782], Loss: 0.10754788666963577
Rank:0 Epoch: [25/40], Step: [431/782], Loss: 0.03467537462711334
Rank:0 Epoch: [25/40], Step: [441/782], Loss: 0.022957807406783104
Rank:0 Epoch: [25/40], Step: [451/782], Loss: 0.00487457076087594
Rank:0 Epoch: [25/40], Step: [461/782], Loss: 0.004083323758095503
Rank:0 Epoch: [25/40], Step: [471/782], Loss: 0.029172949492931366
Rank:0 Epoch: [25/40], Step: [481/782], Loss: 0.05243775621056557
Rank:0 Epoch: [25/40], Step: [491/782], Loss: 0.03731066361069679
Rank:0 Epoch: [25/40], Step: [501/782], Loss: 0.006426943466067314
Rank:0 Epoch: [25/40], Step: [511/782], Loss: 0.008507947437465191
Rank:0 Epoch: [25/40], Step: [521/782], Loss: 0.03458809852600098
Rank:0 Epoch: [25/40], Step: [531/782], Loss: 0.02707691118121147
Rank:0 Epoch: [25/40], Step: [541/782], Loss: 0.10816091299057007
Rank:0 Epoch: [25/40], Step: [551/782], Loss: 0.0029270616360008717
Rank:0 Epoch: [25/40], Step: [561/782], Loss: 0.026147475466132164
Rank:0 Epoch: [25/40], Step: [571/782], Loss: 0.05567488819360733
Rank:0 Epoch: [25/40], Step: [581/782], Loss: 0.051038291305303574
Rank:0 Epoch: [25/40], Step: [591/782], Loss: 0.004299860913306475
Rank:0 Epoch: [25/40], Step: [601/782], Loss: 0.06056294962763786
Rank:0 Epoch: [25/40], Step: [611/782], Loss: 0.017456885427236557
Rank:0 Epoch: [25/40], Step: [621/782], Loss: 0.012103944085538387
Rank:0 Epoch: [25/40], Step: [631/782], Loss: 0.024158567190170288
Rank:0 Epoch: [25/40], Step: [641/782], Loss: 0.026171578094363213
Rank:0 Epoch: [25/40], Step: [651/782], Loss: 0.08333978056907654
Rank:0 Epoch: [25/40], Step: [661/782], Loss: 0.08675573021173477
Rank:0 Epoch: [25/40], Step: [671/782], Loss: 0.044617846608161926
Rank:0 Epoch: [25/40], Step: [681/782], Loss: 0.07508129626512527
Rank:0 Epoch: [25/40], Step: [691/782], Loss: 0.03682179003953934
Rank:0 Epoch: [25/40], Step: [701/782], Loss: 0.05330892279744148
Rank:0 Epoch: [25/40], Step: [711/782], Loss: 0.05882513150572777
Rank:0 Epoch: [25/40], Step: [721/782], Loss: 0.015155074186623096
Rank:0 Epoch: [25/40], Step: [731/782], Loss: 0.021900217980146408
Rank:0 Epoch: [25/40], Step: [741/782], Loss: 0.02594357170164585
Rank:0 Epoch: [25/40], Step: [751/782], Loss: 0.052093490958213806
Rank:0 Epoch: [25/40], Step: [761/782], Loss: 0.16466300189495087
Rank:0 Epoch: [25/40], Step: [771/782], Loss: 0.013377227820456028
Rank:0 Epoch: [25/40], Step: [781/782], Loss: 0.025519920513033867
Current Test Acc: 0.9308
Rank:0 Epoch: [26/40], Step: [1/782], Loss: 0.06408538669347763
Rank:0 Epoch: [26/40], Step: [11/782], Loss: 0.12574313580989838
Rank:0 Epoch: [26/40], Step: [21/782], Loss: 0.007076378911733627
Rank:0 Epoch: [26/40], Step: [31/782], Loss: 0.01651020720601082
Rank:0 Epoch: [26/40], Step: [41/782], Loss: 0.03138742223381996
Rank:0 Epoch: [26/40], Step: [51/782], Loss: 0.012004425749182701
Rank:0 Epoch: [26/40], Step: [61/782], Loss: 0.10692239552736282
Rank:0 Epoch: [26/40], Step: [71/782], Loss: 0.006603916175663471
Rank:0 Epoch: [26/40], Step: [81/782], Loss: 0.011591571383178234
Rank:0 Epoch: [26/40], Step: [91/782], Loss: 0.01530352421104908
Rank:0 Epoch: [26/40], Step: [101/782], Loss: 0.04184417799115181
Rank:0 Epoch: [26/40], Step: [111/782], Loss: 0.05408342927694321
Rank:0 Epoch: [26/40], Step: [121/782], Loss: 0.046596452593803406
Rank:0 Epoch: [26/40], Step: [131/782], Loss: 0.015428084880113602
Rank:0 Epoch: [26/40], Step: [141/782], Loss: 0.01454879343509674
Rank:0 Epoch: [26/40], Step: [151/782], Loss: 0.043858468532562256
Rank:0 Epoch: [26/40], Step: [161/782], Loss: 0.01486731693148613
Rank:0 Epoch: [26/40], Step: [171/782], Loss: 0.031130393967032433
Rank:0 Epoch: [26/40], Step: [181/782], Loss: 0.02741183526813984
Rank:0 Epoch: [26/40], Step: [191/782], Loss: 0.00271629448980093
Rank:0 Epoch: [26/40], Step: [201/782], Loss: 0.04432259872555733
Rank:0 Epoch: [26/40], Step: [211/782], Loss: 0.10437668114900589
Rank:0 Epoch: [26/40], Step: [221/782], Loss: 0.01186354923993349
Rank:0 Epoch: [26/40], Step: [231/782], Loss: 0.019845372065901756
Rank:0 Epoch: [26/40], Step: [241/782], Loss: 0.09962326288223267
Rank:0 Epoch: [26/40], Step: [251/782], Loss: 0.009198960848152637
Rank:0 Epoch: [26/40], Step: [261/782], Loss: 0.040741726756095886
Rank:0 Epoch: [26/40], Step: [271/782], Loss: 0.03864290565252304
Rank:0 Epoch: [26/40], Step: [281/782], Loss: 0.025617901235818863
Rank:0 Epoch: [26/40], Step: [291/782], Loss: 0.03098217397928238
Rank:0 Epoch: [26/40], Step: [301/782], Loss: 0.00807031150907278
Rank:0 Epoch: [26/40], Step: [311/782], Loss: 0.056520190089941025
Rank:0 Epoch: [26/40], Step: [321/782], Loss: 0.04123832285404205
Rank:0 Epoch: [26/40], Step: [331/782], Loss: 0.002711987355723977
Rank:0 Epoch: [26/40], Step: [341/782], Loss: 0.10873788595199585
Rank:0 Epoch: [26/40], Step: [351/782], Loss: 0.06040884554386139
Rank:0 Epoch: [26/40], Step: [361/782], Loss: 0.027016937732696533
Rank:0 Epoch: [26/40], Step: [371/782], Loss: 0.07096759974956512
Rank:0 Epoch: [26/40], Step: [381/782], Loss: 0.016633877530694008
Rank:0 Epoch: [26/40], Step: [391/782], Loss: 0.01673641800880432
Rank:0 Epoch: [26/40], Step: [401/782], Loss: 0.026590771973133087
Rank:0 Epoch: [26/40], Step: [411/782], Loss: 0.02824818529188633
Rank:0 Epoch: [26/40], Step: [421/782], Loss: 0.03611171245574951
Rank:0 Epoch: [26/40], Step: [431/782], Loss: 0.055349163711071014
Rank:0 Epoch: [26/40], Step: [441/782], Loss: 0.01049819029867649
Rank:0 Epoch: [26/40], Step: [451/782], Loss: 0.008368212729692459
Rank:0 Epoch: [26/40], Step: [461/782], Loss: 0.0055422657169401646
Rank:0 Epoch: [26/40], Step: [471/782], Loss: 0.015110598877072334
Rank:0 Epoch: [26/40], Step: [481/782], Loss: 0.008858018554747105
Rank:0 Epoch: [26/40], Step: [491/782], Loss: 0.005699400324374437
Rank:0 Epoch: [26/40], Step: [501/782], Loss: 0.023710181936621666
Rank:0 Epoch: [26/40], Step: [511/782], Loss: 0.05487038940191269
Rank:0 Epoch: [26/40], Step: [521/782], Loss: 0.06323328614234924
Rank:0 Epoch: [26/40], Step: [531/782], Loss: 0.0199819877743721
Rank:0 Epoch: [26/40], Step: [541/782], Loss: 0.03225120157003403
Rank:0 Epoch: [26/40], Step: [551/782], Loss: 0.0061297039501369
Rank:0 Epoch: [26/40], Step: [561/782], Loss: 0.044800471514463425
Rank:0 Epoch: [26/40], Step: [571/782], Loss: 0.01728009805083275
Rank:0 Epoch: [26/40], Step: [581/782], Loss: 0.03867586329579353
Rank:0 Epoch: [26/40], Step: [591/782], Loss: 0.04212542995810509
Rank:0 Epoch: [26/40], Step: [601/782], Loss: 0.021072018891572952
Rank:0 Epoch: [26/40], Step: [611/782], Loss: 0.01051431056112051
Rank:0 Epoch: [26/40], Step: [621/782], Loss: 0.003376247361302376
Rank:0 Epoch: [26/40], Step: [631/782], Loss: 0.010435152798891068
Rank:0 Epoch: [26/40], Step: [641/782], Loss: 0.02825287915766239
Rank:0 Epoch: [26/40], Step: [651/782], Loss: 0.013841506093740463
Rank:0 Epoch: [26/40], Step: [661/782], Loss: 0.013117577880620956
Rank:0 Epoch: [26/40], Step: [671/782], Loss: 0.019420217722654343
Rank:0 Epoch: [26/40], Step: [681/782], Loss: 0.03202314302325249
Rank:0 Epoch: [26/40], Step: [691/782], Loss: 0.004993265960365534
Rank:0 Epoch: [26/40], Step: [701/782], Loss: 0.022696971893310547
Rank:0 Epoch: [26/40], Step: [711/782], Loss: 0.07560115307569504
Rank:0 Epoch: [26/40], Step: [721/782], Loss: 0.08081307262182236
Rank:0 Epoch: [26/40], Step: [731/782], Loss: 0.039573848247528076
Rank:0 Epoch: [26/40], Step: [741/782], Loss: 0.055413275957107544
Rank:0 Epoch: [26/40], Step: [751/782], Loss: 0.08758708089590073
Rank:0 Epoch: [26/40], Step: [761/782], Loss: 0.013994765467941761
Rank:0 Epoch: [26/40], Step: [771/782], Loss: 0.0031914138235151768
Rank:0 Epoch: [26/40], Step: [781/782], Loss: 0.06493798643350601
Current Test Acc: 0.9339
Rank:0 Epoch: [27/40], Step: [1/782], Loss: 0.045772433280944824
Rank:0 Epoch: [27/40], Step: [11/782], Loss: 0.05311252549290657
Rank:0 Epoch: [27/40], Step: [21/782], Loss: 0.02927280217409134
Rank:0 Epoch: [27/40], Step: [31/782], Loss: 0.028672879561781883
Rank:0 Epoch: [27/40], Step: [41/782], Loss: 0.006630159914493561
Rank:0 Epoch: [27/40], Step: [51/782], Loss: 0.007591648958623409
Rank:0 Epoch: [27/40], Step: [61/782], Loss: 0.0036488259211182594
Rank:0 Epoch: [27/40], Step: [71/782], Loss: 0.012270665727555752
Rank:0 Epoch: [27/40], Step: [81/782], Loss: 0.0044068582355976105
Rank:0 Epoch: [27/40], Step: [91/782], Loss: 0.014793206937611103
Rank:0 Epoch: [27/40], Step: [101/782], Loss: 0.015644297003746033
Rank:0 Epoch: [27/40], Step: [111/782], Loss: 0.016523059457540512
Rank:0 Epoch: [27/40], Step: [121/782], Loss: 0.007993686944246292
Rank:0 Epoch: [27/40], Step: [131/782], Loss: 0.011881579644978046
Rank:0 Epoch: [27/40], Step: [141/782], Loss: 0.009145606309175491
Rank:0 Epoch: [27/40], Step: [151/782], Loss: 0.016836080700159073
Rank:0 Epoch: [27/40], Step: [161/782], Loss: 0.018195049837231636
Rank:0 Epoch: [27/40], Step: [171/782], Loss: 0.005163951311260462
Rank:0 Epoch: [27/40], Step: [181/782], Loss: 0.007907597348093987
Rank:0 Epoch: [27/40], Step: [191/782], Loss: 0.0080488296225667
Rank:0 Epoch: [27/40], Step: [201/782], Loss: 0.03624909743666649
Rank:0 Epoch: [27/40], Step: [211/782], Loss: 0.04310472682118416
Rank:0 Epoch: [27/40], Step: [221/782], Loss: 0.03434859588742256
Rank:0 Epoch: [27/40], Step: [231/782], Loss: 0.03488088399171829
Rank:0 Epoch: [27/40], Step: [241/782], Loss: 0.007800611201673746
Rank:0 Epoch: [27/40], Step: [251/782], Loss: 0.014858396723866463
Rank:0 Epoch: [27/40], Step: [261/782], Loss: 0.018690764904022217
Rank:0 Epoch: [27/40], Step: [271/782], Loss: 0.03571133315563202
Rank:0 Epoch: [27/40], Step: [281/782], Loss: 0.007870735600590706
Rank:0 Epoch: [27/40], Step: [291/782], Loss: 0.06275905668735504
Rank:0 Epoch: [27/40], Step: [301/782], Loss: 0.23572176694869995
Rank:0 Epoch: [27/40], Step: [311/782], Loss: 0.013785167597234249
Rank:0 Epoch: [27/40], Step: [321/782], Loss: 0.01402694545686245
Rank:0 Epoch: [27/40], Step: [331/782], Loss: 0.04805789142847061
Rank:0 Epoch: [27/40], Step: [341/782], Loss: 0.04976523295044899
Rank:0 Epoch: [27/40], Step: [351/782], Loss: 0.05223129689693451
Rank:0 Epoch: [27/40], Step: [361/782], Loss: 0.024868527427315712
Rank:0 Epoch: [27/40], Step: [371/782], Loss: 0.021828439086675644
Rank:0 Epoch: [27/40], Step: [381/782], Loss: 0.004648026544600725
Rank:0 Epoch: [27/40], Step: [391/782], Loss: 0.05829259753227234
Rank:0 Epoch: [27/40], Step: [401/782], Loss: 0.04060899093747139
Rank:0 Epoch: [27/40], Step: [411/782], Loss: 0.006460892036557198
Rank:0 Epoch: [27/40], Step: [421/782], Loss: 0.015881026163697243
Rank:0 Epoch: [27/40], Step: [431/782], Loss: 0.001123692374676466
Rank:0 Epoch: [27/40], Step: [441/782], Loss: 0.12034369260072708
Rank:0 Epoch: [27/40], Step: [451/782], Loss: 0.07047990709543228
Rank:0 Epoch: [27/40], Step: [461/782], Loss: 0.005189042538404465
Rank:0 Epoch: [27/40], Step: [471/782], Loss: 0.0256277434527874
Rank:0 Epoch: [27/40], Step: [481/782], Loss: 0.06277491897344589
Rank:0 Epoch: [27/40], Step: [491/782], Loss: 0.027610544115304947
Rank:0 Epoch: [27/40], Step: [501/782], Loss: 0.0029378237668424845
Rank:0 Epoch: [27/40], Step: [511/782], Loss: 0.003331513609737158
Rank:0 Epoch: [27/40], Step: [521/782], Loss: 0.04452081397175789
Rank:0 Epoch: [27/40], Step: [531/782], Loss: 0.034768786281347275
Rank:0 Epoch: [27/40], Step: [541/782], Loss: 0.004461987875401974
Rank:0 Epoch: [27/40], Step: [551/782], Loss: 0.012943243607878685
Rank:0 Epoch: [27/40], Step: [561/782], Loss: 0.07372501492500305
Rank:0 Epoch: [27/40], Step: [571/782], Loss: 0.021283496171236038
Rank:0 Epoch: [27/40], Step: [581/782], Loss: 0.0018611798295751214
Rank:0 Epoch: [27/40], Step: [591/782], Loss: 0.019838711246848106
Rank:0 Epoch: [27/40], Step: [601/782], Loss: 0.0020312191918492317
Rank:0 Epoch: [27/40], Step: [611/782], Loss: 0.059930454939603806
Rank:0 Epoch: [27/40], Step: [621/782], Loss: 0.013469125144183636
Rank:0 Epoch: [27/40], Step: [631/782], Loss: 0.04458704590797424
Rank:0 Epoch: [27/40], Step: [641/782], Loss: 0.0537266805768013
Rank:0 Epoch: [27/40], Step: [651/782], Loss: 0.038661014288663864
Rank:0 Epoch: [27/40], Step: [661/782], Loss: 0.09494619816541672
Rank:0 Epoch: [27/40], Step: [671/782], Loss: 0.005357114598155022
Rank:0 Epoch: [27/40], Step: [681/782], Loss: 0.012859716080129147
Rank:0 Epoch: [27/40], Step: [691/782], Loss: 0.08026479184627533
Rank:0 Epoch: [27/40], Step: [701/782], Loss: 0.022883187979459763
Rank:0 Epoch: [27/40], Step: [711/782], Loss: 0.01650545373558998
Rank:0 Epoch: [27/40], Step: [721/782], Loss: 0.048106029629707336
Rank:0 Epoch: [27/40], Step: [731/782], Loss: 0.0038150546606630087
Rank:0 Epoch: [27/40], Step: [741/782], Loss: 0.031240977346897125
Rank:0 Epoch: [27/40], Step: [751/782], Loss: 0.02196265570819378
Rank:0 Epoch: [27/40], Step: [761/782], Loss: 0.06963007897138596
Rank:0 Epoch: [27/40], Step: [771/782], Loss: 0.017308298498392105
Rank:0 Epoch: [27/40], Step: [781/782], Loss: 0.044465139508247375
Current Test Acc: 0.9313
Rank:0 Epoch: [28/40], Step: [1/782], Loss: 0.006501872558146715
Rank:0 Epoch: [28/40], Step: [11/782], Loss: 0.007259541656821966
Rank:0 Epoch: [28/40], Step: [21/782], Loss: 0.03247635439038277
Rank:0 Epoch: [28/40], Step: [31/782], Loss: 0.04083830863237381
Rank:0 Epoch: [28/40], Step: [41/782], Loss: 0.0386042557656765
Rank:0 Epoch: [28/40], Step: [51/782], Loss: 0.018128730356693268
Rank:0 Epoch: [28/40], Step: [61/782], Loss: 0.04405348002910614
Rank:0 Epoch: [28/40], Step: [71/782], Loss: 0.06289240717887878
Rank:0 Epoch: [28/40], Step: [81/782], Loss: 0.011500321328639984
Rank:0 Epoch: [28/40], Step: [91/782], Loss: 0.002110275672748685
Rank:0 Epoch: [28/40], Step: [101/782], Loss: 0.006482413969933987
Rank:0 Epoch: [28/40], Step: [111/782], Loss: 0.040535103529691696
Rank:0 Epoch: [28/40], Step: [121/782], Loss: 0.021275663748383522
Rank:0 Epoch: [28/40], Step: [131/782], Loss: 0.015374892391264439
Rank:0 Epoch: [28/40], Step: [141/782], Loss: 0.02536199428141117
Rank:0 Epoch: [28/40], Step: [151/782], Loss: 0.04596882313489914
Rank:0 Epoch: [28/40], Step: [161/782], Loss: 0.13406898081302643
Rank:0 Epoch: [28/40], Step: [171/782], Loss: 0.0029780250042676926
Rank:0 Epoch: [28/40], Step: [181/782], Loss: 0.005227342247962952
Rank:0 Epoch: [28/40], Step: [191/782], Loss: 0.003771070158109069
Rank:0 Epoch: [28/40], Step: [201/782], Loss: 0.011818017810583115
Rank:0 Epoch: [28/40], Step: [211/782], Loss: 0.03654548525810242
Rank:0 Epoch: [28/40], Step: [221/782], Loss: 0.0082729272544384
Rank:0 Epoch: [28/40], Step: [231/782], Loss: 0.06369975209236145
Rank:0 Epoch: [28/40], Step: [241/782], Loss: 0.009632362984120846
Rank:0 Epoch: [28/40], Step: [251/782], Loss: 0.009576549753546715
Rank:0 Epoch: [28/40], Step: [261/782], Loss: 0.014230888336896896
Rank:0 Epoch: [28/40], Step: [271/782], Loss: 0.06835020333528519
Rank:0 Epoch: [28/40], Step: [281/782], Loss: 0.024595191702246666
Rank:0 Epoch: [28/40], Step: [291/782], Loss: 0.03234110400080681
Rank:0 Epoch: [28/40], Step: [301/782], Loss: 0.00597536563873291
Rank:0 Epoch: [28/40], Step: [311/782], Loss: 0.009466687217354774
Rank:0 Epoch: [28/40], Step: [321/782], Loss: 0.049610935151576996
Rank:0 Epoch: [28/40], Step: [331/782], Loss: 0.00327401258982718
Rank:0 Epoch: [28/40], Step: [341/782], Loss: 0.056869637221097946
Rank:0 Epoch: [28/40], Step: [351/782], Loss: 0.010192069225013256
Rank:0 Epoch: [28/40], Step: [361/782], Loss: 0.008573135361075401
Rank:0 Epoch: [28/40], Step: [371/782], Loss: 0.08118250221014023
Rank:0 Epoch: [28/40], Step: [381/782], Loss: 0.005735096056014299
Rank:0 Epoch: [28/40], Step: [391/782], Loss: 0.035042066127061844
Rank:0 Epoch: [28/40], Step: [401/782], Loss: 0.019839072600007057
Rank:0 Epoch: [28/40], Step: [411/782], Loss: 0.020173614844679832
Rank:0 Epoch: [28/40], Step: [421/782], Loss: 0.02118534781038761
Rank:0 Epoch: [28/40], Step: [431/782], Loss: 0.002236151834949851
Rank:0 Epoch: [28/40], Step: [441/782], Loss: 0.03419913724064827
Rank:0 Epoch: [28/40], Step: [451/782], Loss: 0.0007927820552140474
Rank:0 Epoch: [28/40], Step: [461/782], Loss: 0.041377775371074677
Rank:0 Epoch: [28/40], Step: [471/782], Loss: 0.03263085335493088
Rank:0 Epoch: [28/40], Step: [481/782], Loss: 0.012041617184877396
Rank:0 Epoch: [28/40], Step: [491/782], Loss: 0.009163684211671352
Rank:0 Epoch: [28/40], Step: [501/782], Loss: 0.005394498817622662
Rank:0 Epoch: [28/40], Step: [511/782], Loss: 0.08060024678707123
Rank:0 Epoch: [28/40], Step: [521/782], Loss: 0.027794968336820602
Rank:0 Epoch: [28/40], Step: [531/782], Loss: 0.009309499524533749
Rank:0 Epoch: [28/40], Step: [541/782], Loss: 0.0028292571660131216
Rank:0 Epoch: [28/40], Step: [551/782], Loss: 0.043217774480581284
Rank:0 Epoch: [28/40], Step: [561/782], Loss: 0.008258113637566566
Rank:0 Epoch: [28/40], Step: [571/782], Loss: 0.07548049092292786
Rank:0 Epoch: [28/40], Step: [581/782], Loss: 0.014806857332587242
Rank:0 Epoch: [28/40], Step: [591/782], Loss: 0.011511395685374737
Rank:0 Epoch: [28/40], Step: [601/782], Loss: 0.002712932415306568
Rank:0 Epoch: [28/40], Step: [611/782], Loss: 0.06654562056064606
Rank:0 Epoch: [28/40], Step: [621/782], Loss: 0.018394820392131805
Rank:0 Epoch: [28/40], Step: [631/782], Loss: 0.0558878518640995
Rank:0 Epoch: [28/40], Step: [641/782], Loss: 0.026920460164546967
Rank:0 Epoch: [28/40], Step: [651/782], Loss: 0.0025940039195120335
Rank:0 Epoch: [28/40], Step: [661/782], Loss: 0.0431247241795063
Rank:0 Epoch: [28/40], Step: [671/782], Loss: 0.007874887436628342
Rank:0 Epoch: [28/40], Step: [681/782], Loss: 0.010044941678643227
Rank:0 Epoch: [28/40], Step: [691/782], Loss: 0.02486996166408062
Rank:0 Epoch: [28/40], Step: [701/782], Loss: 0.008945791982114315
Rank:0 Epoch: [28/40], Step: [711/782], Loss: 0.09149212390184402
Rank:0 Epoch: [28/40], Step: [721/782], Loss: 0.04510171338915825
Rank:0 Epoch: [28/40], Step: [731/782], Loss: 0.0017652978422120214
Rank:0 Epoch: [28/40], Step: [741/782], Loss: 0.004977910779416561
Rank:0 Epoch: [28/40], Step: [751/782], Loss: 0.08893377333879471
Rank:0 Epoch: [28/40], Step: [761/782], Loss: 0.0037799086421728134
Rank:0 Epoch: [28/40], Step: [771/782], Loss: 0.07886017113924026
Rank:0 Epoch: [28/40], Step: [781/782], Loss: 0.019875166937708855
Current Test Acc: 0.931
Rank:0 Epoch: [29/40], Step: [1/782], Loss: 0.0022577992640435696
Rank:0 Epoch: [29/40], Step: [11/782], Loss: 0.001664679846726358
Rank:0 Epoch: [29/40], Step: [21/782], Loss: 0.007526907604187727
Rank:0 Epoch: [29/40], Step: [31/782], Loss: 0.07143041491508484
Rank:0 Epoch: [29/40], Step: [41/782], Loss: 0.004429359454661608
Rank:0 Epoch: [29/40], Step: [51/782], Loss: 0.05236091464757919
Rank:0 Epoch: [29/40], Step: [61/782], Loss: 0.04318415746092796
Rank:0 Epoch: [29/40], Step: [71/782], Loss: 0.005719348788261414
Rank:0 Epoch: [29/40], Step: [81/782], Loss: 0.006912326440215111
Rank:0 Epoch: [29/40], Step: [91/782], Loss: 0.005140025168657303
Rank:0 Epoch: [29/40], Step: [101/782], Loss: 0.0053607323206961155
Rank:0 Epoch: [29/40], Step: [111/782], Loss: 0.00920006725937128
Rank:0 Epoch: [29/40], Step: [121/782], Loss: 0.008886398747563362
Rank:0 Epoch: [29/40], Step: [131/782], Loss: 0.11142565310001373
Rank:0 Epoch: [29/40], Step: [141/782], Loss: 0.0011027611326426268
Rank:0 Epoch: [29/40], Step: [151/782], Loss: 0.040414053946733475
Rank:0 Epoch: [29/40], Step: [161/782], Loss: 0.011618392542004585
Rank:0 Epoch: [29/40], Step: [171/782], Loss: 0.0013594579650089145
Rank:0 Epoch: [29/40], Step: [181/782], Loss: 0.03469198942184448
Rank:0 Epoch: [29/40], Step: [191/782], Loss: 0.026757854968309402
Rank:0 Epoch: [29/40], Step: [201/782], Loss: 0.09538357704877853
Rank:0 Epoch: [29/40], Step: [211/782], Loss: 0.007947959005832672
Rank:0 Epoch: [29/40], Step: [221/782], Loss: 0.0145300617441535
Rank:0 Epoch: [29/40], Step: [231/782], Loss: 0.038539011031389236
Rank:0 Epoch: [29/40], Step: [241/782], Loss: 0.0028931587003171444
Rank:0 Epoch: [29/40], Step: [251/782], Loss: 0.0035759673919528723
Rank:0 Epoch: [29/40], Step: [261/782], Loss: 0.02849273942410946
Rank:0 Epoch: [29/40], Step: [271/782], Loss: 0.013144055381417274
Rank:0 Epoch: [29/40], Step: [281/782], Loss: 0.0028508873656392097
Rank:0 Epoch: [29/40], Step: [291/782], Loss: 0.006584086921066046
Rank:0 Epoch: [29/40], Step: [301/782], Loss: 0.012189342640340328
Rank:0 Epoch: [29/40], Step: [311/782], Loss: 0.009708832018077374
Rank:0 Epoch: [29/40], Step: [321/782], Loss: 0.006888820789754391
Rank:0 Epoch: [29/40], Step: [331/782], Loss: 0.015420274809002876
Rank:0 Epoch: [29/40], Step: [341/782], Loss: 0.004006515722721815
Rank:0 Epoch: [29/40], Step: [351/782], Loss: 0.0035347645170986652
Rank:0 Epoch: [29/40], Step: [361/782], Loss: 0.03263052552938461
Rank:0 Epoch: [29/40], Step: [371/782], Loss: 0.005714344326406717
Rank:0 Epoch: [29/40], Step: [381/782], Loss: 0.0034104667138308287
Rank:0 Epoch: [29/40], Step: [391/782], Loss: 0.015944408252835274
Rank:0 Epoch: [29/40], Step: [401/782], Loss: 0.00860406644642353
Rank:0 Epoch: [29/40], Step: [411/782], Loss: 0.010451153852045536
Rank:0 Epoch: [29/40], Step: [421/782], Loss: 0.08261000365018845
Rank:0 Epoch: [29/40], Step: [431/782], Loss: 0.01112398598343134
Rank:0 Epoch: [29/40], Step: [441/782], Loss: 0.05582902207970619
Rank:0 Epoch: [29/40], Step: [451/782], Loss: 0.0014081416884437203
Rank:0 Epoch: [29/40], Step: [461/782], Loss: 0.012169983237981796
Rank:0 Epoch: [29/40], Step: [471/782], Loss: 0.01282927580177784
Rank:0 Epoch: [29/40], Step: [481/782], Loss: 0.07985614240169525
Rank:0 Epoch: [29/40], Step: [491/782], Loss: 0.006634879857301712
Rank:0 Epoch: [29/40], Step: [501/782], Loss: 0.020080680027604103
Rank:0 Epoch: [29/40], Step: [511/782], Loss: 0.015916947275400162
Rank:0 Epoch: [29/40], Step: [521/782], Loss: 0.06942359358072281
Rank:0 Epoch: [29/40], Step: [531/782], Loss: 0.004245393443852663
Rank:0 Epoch: [29/40], Step: [541/782], Loss: 0.00796476285904646
Rank:0 Epoch: [29/40], Step: [551/782], Loss: 0.04271479696035385
Rank:0 Epoch: [29/40], Step: [561/782], Loss: 0.03805362805724144
Rank:0 Epoch: [29/40], Step: [571/782], Loss: 0.06010250747203827
Rank:0 Epoch: [29/40], Step: [581/782], Loss: 0.006408903282135725
Rank:0 Epoch: [29/40], Step: [591/782], Loss: 0.002128167077898979
Rank:0 Epoch: [29/40], Step: [601/782], Loss: 0.043474454432725906
Rank:0 Epoch: [29/40], Step: [611/782], Loss: 0.05677080899477005
Rank:0 Epoch: [29/40], Step: [621/782], Loss: 0.016157247126102448
Rank:0 Epoch: [29/40], Step: [631/782], Loss: 0.0031633577309548855
Rank:0 Epoch: [29/40], Step: [641/782], Loss: 0.019925352185964584
Rank:0 Epoch: [29/40], Step: [651/782], Loss: 0.01096192467957735
Rank:0 Epoch: [29/40], Step: [661/782], Loss: 0.0028592972084879875
Rank:0 Epoch: [29/40], Step: [671/782], Loss: 0.08176802098751068
Rank:0 Epoch: [29/40], Step: [681/782], Loss: 0.0440542995929718
Rank:0 Epoch: [29/40], Step: [691/782], Loss: 0.03538935258984566
Rank:0 Epoch: [29/40], Step: [701/782], Loss: 0.004540292080491781
Rank:0 Epoch: [29/40], Step: [711/782], Loss: 0.03231783211231232
Rank:0 Epoch: [29/40], Step: [721/782], Loss: 0.07486411184072495
Rank:0 Epoch: [29/40], Step: [731/782], Loss: 0.038442280143499374
Rank:0 Epoch: [29/40], Step: [741/782], Loss: 0.004507060628384352
Rank:0 Epoch: [29/40], Step: [751/782], Loss: 0.004099773243069649
Rank:0 Epoch: [29/40], Step: [761/782], Loss: 0.0022634873166680336
Rank:0 Epoch: [29/40], Step: [771/782], Loss: 0.04371240362524986
Rank:0 Epoch: [29/40], Step: [781/782], Loss: 0.015884406864643097
Current Test Acc: 0.9314
Rank:0 Epoch: [30/40], Step: [1/782], Loss: 0.021005779504776
Rank:0 Epoch: [30/40], Step: [11/782], Loss: 0.003148223040625453
Rank:0 Epoch: [30/40], Step: [21/782], Loss: 0.03298468887805939
Rank:0 Epoch: [30/40], Step: [31/782], Loss: 0.009022093378007412
Rank:0 Epoch: [30/40], Step: [41/782], Loss: 0.0031187173444777727
Rank:0 Epoch: [30/40], Step: [51/782], Loss: 0.009264283813536167
Rank:0 Epoch: [30/40], Step: [61/782], Loss: 0.008254802785813808
Rank:0 Epoch: [30/40], Step: [71/782], Loss: 0.08420726656913757
Rank:0 Epoch: [30/40], Step: [81/782], Loss: 0.009086230769753456
Rank:0 Epoch: [30/40], Step: [91/782], Loss: 0.004317485261708498
Rank:0 Epoch: [30/40], Step: [101/782], Loss: 0.033649083226919174
Rank:0 Epoch: [30/40], Step: [111/782], Loss: 0.008253991603851318
Rank:0 Epoch: [30/40], Step: [121/782], Loss: 0.002529765246436
Rank:0 Epoch: [30/40], Step: [131/782], Loss: 0.02352295257151127
Rank:0 Epoch: [30/40], Step: [141/782], Loss: 0.00724464887753129
Rank:0 Epoch: [30/40], Step: [151/782], Loss: 0.028367577120661736
Rank:0 Epoch: [30/40], Step: [161/782], Loss: 0.0025329722557216883
Rank:0 Epoch: [30/40], Step: [171/782], Loss: 0.0028019144665449858
Rank:0 Epoch: [30/40], Step: [181/782], Loss: 0.0018027708865702152
Rank:0 Epoch: [30/40], Step: [191/782], Loss: 0.0629895031452179
Rank:0 Epoch: [30/40], Step: [201/782], Loss: 0.005379826761782169
Rank:0 Epoch: [30/40], Step: [211/782], Loss: 0.013191117905080318
Rank:0 Epoch: [30/40], Step: [221/782], Loss: 0.020416874438524246
Rank:0 Epoch: [30/40], Step: [231/782], Loss: 0.06763742119073868
Rank:0 Epoch: [30/40], Step: [241/782], Loss: 0.0031784099992364645
Rank:0 Epoch: [30/40], Step: [251/782], Loss: 0.010320651344954967
Rank:0 Epoch: [30/40], Step: [261/782], Loss: 0.004465526435524225
Rank:0 Epoch: [30/40], Step: [271/782], Loss: 0.05649601295590401
Rank:0 Epoch: [30/40], Step: [281/782], Loss: 0.05898037180304527
Rank:0 Epoch: [30/40], Step: [291/782], Loss: 0.004432593006640673
Rank:0 Epoch: [30/40], Step: [301/782], Loss: 0.0020973978098481894
Rank:0 Epoch: [30/40], Step: [311/782], Loss: 0.007835282012820244
Rank:0 Epoch: [30/40], Step: [321/782], Loss: 0.009952937252819538
Rank:0 Epoch: [30/40], Step: [331/782], Loss: 0.0686650276184082
Rank:0 Epoch: [30/40], Step: [341/782], Loss: 0.009098122827708721
Rank:0 Epoch: [30/40], Step: [351/782], Loss: 0.09130880981683731
Rank:0 Epoch: [30/40], Step: [361/782], Loss: 0.002832688856869936
Rank:0 Epoch: [30/40], Step: [371/782], Loss: 0.007286493666470051
Rank:0 Epoch: [30/40], Step: [381/782], Loss: 0.003580869408324361
Rank:0 Epoch: [30/40], Step: [391/782], Loss: 0.01899777166545391
Rank:0 Epoch: [30/40], Step: [401/782], Loss: 0.005113873165100813
Rank:0 Epoch: [30/40], Step: [411/782], Loss: 0.011224111542105675
Rank:0 Epoch: [30/40], Step: [421/782], Loss: 0.006940849125385284
Rank:0 Epoch: [30/40], Step: [431/782], Loss: 0.015162128023803234
Rank:0 Epoch: [30/40], Step: [441/782], Loss: 0.007543546613305807
Rank:0 Epoch: [30/40], Step: [451/782], Loss: 0.01914096623659134
Rank:0 Epoch: [30/40], Step: [461/782], Loss: 0.005407843738794327
Rank:0 Epoch: [30/40], Step: [471/782], Loss: 0.009213775396347046
Rank:0 Epoch: [30/40], Step: [481/782], Loss: 0.00807129219174385
Rank:0 Epoch: [30/40], Step: [491/782], Loss: 0.007062200456857681
Rank:0 Epoch: [30/40], Step: [501/782], Loss: 0.014186466112732887
Rank:0 Epoch: [30/40], Step: [511/782], Loss: 0.021732641384005547
Rank:0 Epoch: [30/40], Step: [521/782], Loss: 0.044013574719429016
Rank:0 Epoch: [30/40], Step: [531/782], Loss: 0.014831148087978363
Rank:0 Epoch: [30/40], Step: [541/782], Loss: 0.009730255231261253
Rank:0 Epoch: [30/40], Step: [551/782], Loss: 0.002191804116591811
Rank:0 Epoch: [30/40], Step: [561/782], Loss: 0.06278027594089508
Rank:0 Epoch: [30/40], Step: [571/782], Loss: 0.03978321701288223
Rank:0 Epoch: [30/40], Step: [581/782], Loss: 0.003941120579838753
Rank:0 Epoch: [30/40], Step: [591/782], Loss: 0.02158285863697529
Rank:0 Epoch: [30/40], Step: [601/782], Loss: 0.042346395552158356
Rank:0 Epoch: [30/40], Step: [611/782], Loss: 0.004298763815313578
Rank:0 Epoch: [30/40], Step: [621/782], Loss: 0.0020683174952864647
Rank:0 Epoch: [30/40], Step: [631/782], Loss: 0.003023123135790229
Rank:0 Epoch: [30/40], Step: [641/782], Loss: 0.021888690069317818
Rank:0 Epoch: [30/40], Step: [651/782], Loss: 0.007893136702477932
Rank:0 Epoch: [30/40], Step: [661/782], Loss: 0.060212235897779465
Rank:0 Epoch: [30/40], Step: [671/782], Loss: 0.0051675220020115376
Rank:0 Epoch: [30/40], Step: [681/782], Loss: 0.02208784967660904
Rank:0 Epoch: [30/40], Step: [691/782], Loss: 0.005413486622273922
Rank:0 Epoch: [30/40], Step: [701/782], Loss: 0.13208366930484772
Rank:0 Epoch: [30/40], Step: [711/782], Loss: 0.04589002579450607
Rank:0 Epoch: [30/40], Step: [721/782], Loss: 0.0013994488399475813
Rank:0 Epoch: [30/40], Step: [731/782], Loss: 0.008951611816883087
Rank:0 Epoch: [30/40], Step: [741/782], Loss: 0.009513049386441708
Rank:0 Epoch: [30/40], Step: [751/782], Loss: 0.021165000274777412
Rank:0 Epoch: [30/40], Step: [761/782], Loss: 0.014325883239507675
Rank:0 Epoch: [30/40], Step: [771/782], Loss: 0.0015053077368065715
Rank:0 Epoch: [30/40], Step: [781/782], Loss: 0.032572198659181595
Current Test Acc: 0.9315
Rank:0 Epoch: [31/40], Step: [1/782], Loss: 0.010257307440042496
Rank:0 Epoch: [31/40], Step: [11/782], Loss: 0.005357132293283939
Rank:0 Epoch: [31/40], Step: [21/782], Loss: 0.00826253555715084
Rank:0 Epoch: [31/40], Step: [31/782], Loss: 0.0034245653077960014
Rank:0 Epoch: [31/40], Step: [41/782], Loss: 0.0016426178626716137
Rank:0 Epoch: [31/40], Step: [51/782], Loss: 0.003083321498706937
Rank:0 Epoch: [31/40], Step: [61/782], Loss: 0.04402455314993858
Rank:0 Epoch: [31/40], Step: [71/782], Loss: 0.003892450127750635
Rank:0 Epoch: [31/40], Step: [81/782], Loss: 0.00496965367347002
Rank:0 Epoch: [31/40], Step: [91/782], Loss: 0.026486242190003395
Rank:0 Epoch: [31/40], Step: [101/782], Loss: 0.11950965970754623
Rank:0 Epoch: [31/40], Step: [111/782], Loss: 0.008083592168986797
Rank:0 Epoch: [31/40], Step: [121/782], Loss: 0.026054734364151955
Rank:0 Epoch: [31/40], Step: [131/782], Loss: 0.01695024035871029
Rank:0 Epoch: [31/40], Step: [141/782], Loss: 0.006001507863402367
Rank:0 Epoch: [31/40], Step: [151/782], Loss: 0.023198625072836876
Rank:0 Epoch: [31/40], Step: [161/782], Loss: 0.01772237755358219
Rank:0 Epoch: [31/40], Step: [171/782], Loss: 0.0037223713006824255
Rank:0 Epoch: [31/40], Step: [181/782], Loss: 0.003899978706613183
Rank:0 Epoch: [31/40], Step: [191/782], Loss: 0.0502762496471405
Rank:0 Epoch: [31/40], Step: [201/782], Loss: 0.002735007554292679
Rank:0 Epoch: [31/40], Step: [211/782], Loss: 0.0006482363678514957
Rank:0 Epoch: [31/40], Step: [221/782], Loss: 0.024243982508778572
Rank:0 Epoch: [31/40], Step: [231/782], Loss: 0.009402325376868248
Rank:0 Epoch: [31/40], Step: [241/782], Loss: 0.0014028057921677828
Rank:0 Epoch: [31/40], Step: [251/782], Loss: 0.028690259903669357
Rank:0 Epoch: [31/40], Step: [261/782], Loss: 0.0069150179624557495
Rank:0 Epoch: [31/40], Step: [271/782], Loss: 0.0047652022913098335
Rank:0 Epoch: [31/40], Step: [281/782], Loss: 0.05525611713528633
Rank:0 Epoch: [31/40], Step: [291/782], Loss: 0.009108573198318481
Rank:0 Epoch: [31/40], Step: [301/782], Loss: 0.006582285743206739
Rank:0 Epoch: [31/40], Step: [311/782], Loss: 0.004321426618844271
Rank:0 Epoch: [31/40], Step: [321/782], Loss: 0.005239546764642
Rank:0 Epoch: [31/40], Step: [331/782], Loss: 0.002169764833524823
Rank:0 Epoch: [31/40], Step: [341/782], Loss: 0.013930294662714005
Rank:0 Epoch: [31/40], Step: [351/782], Loss: 0.0066326879896223545
Rank:0 Epoch: [31/40], Step: [361/782], Loss: 0.04359040409326553
Rank:0 Epoch: [31/40], Step: [371/782], Loss: 0.003577846335247159
Rank:0 Epoch: [31/40], Step: [381/782], Loss: 0.009012144058942795
Rank:0 Epoch: [31/40], Step: [391/782], Loss: 0.002311786636710167
Rank:0 Epoch: [31/40], Step: [401/782], Loss: 0.07420822978019714
Rank:0 Epoch: [31/40], Step: [411/782], Loss: 0.00541536184027791
Rank:0 Epoch: [31/40], Step: [421/782], Loss: 0.07534328103065491
Rank:0 Epoch: [31/40], Step: [431/782], Loss: 0.0009331363835372031
Rank:0 Epoch: [31/40], Step: [441/782], Loss: 0.0036412468180060387
Rank:0 Epoch: [31/40], Step: [451/782], Loss: 0.008574813604354858
Rank:0 Epoch: [31/40], Step: [461/782], Loss: 0.002681360812857747
Rank:0 Epoch: [31/40], Step: [471/782], Loss: 0.004627744667232037
Rank:0 Epoch: [31/40], Step: [481/782], Loss: 0.02050037868320942
Rank:0 Epoch: [31/40], Step: [491/782], Loss: 0.016876421868801117
Rank:0 Epoch: [31/40], Step: [501/782], Loss: 0.0029172473587095737
Rank:0 Epoch: [31/40], Step: [511/782], Loss: 0.010126499459147453
Rank:0 Epoch: [31/40], Step: [521/782], Loss: 0.05446338281035423
Rank:0 Epoch: [31/40], Step: [531/782], Loss: 0.006677120923995972
Rank:0 Epoch: [31/40], Step: [541/782], Loss: 0.005493517499417067
Rank:0 Epoch: [31/40], Step: [551/782], Loss: 0.006695253308862448
Rank:0 Epoch: [31/40], Step: [561/782], Loss: 0.004109771456569433
Rank:0 Epoch: [31/40], Step: [571/782], Loss: 0.007321941666305065
Rank:0 Epoch: [31/40], Step: [581/782], Loss: 0.020009035244584084
Rank:0 Epoch: [31/40], Step: [591/782], Loss: 0.018878046423196793
Rank:0 Epoch: [31/40], Step: [601/782], Loss: 0.0018666890682652593
Rank:0 Epoch: [31/40], Step: [611/782], Loss: 0.020932374522089958
Rank:0 Epoch: [31/40], Step: [621/782], Loss: 0.07474161684513092
Rank:0 Epoch: [31/40], Step: [631/782], Loss: 0.03551311045885086
Rank:0 Epoch: [31/40], Step: [641/782], Loss: 0.027103159576654434
Rank:0 Epoch: [31/40], Step: [651/782], Loss: 0.0015394885558634996
Rank:0 Epoch: [31/40], Step: [661/782], Loss: 0.033995527774095535
Rank:0 Epoch: [31/40], Step: [671/782], Loss: 0.07999390363693237
Rank:0 Epoch: [31/40], Step: [681/782], Loss: 0.0027638780884444714
Rank:0 Epoch: [31/40], Step: [691/782], Loss: 0.03306271508336067
Rank:0 Epoch: [31/40], Step: [701/782], Loss: 0.007387672550976276
Rank:0 Epoch: [31/40], Step: [711/782], Loss: 0.002093184506520629
Rank:0 Epoch: [31/40], Step: [721/782], Loss: 0.002217163098976016
Rank:0 Epoch: [31/40], Step: [731/782], Loss: 0.00817861221730709
Rank:0 Epoch: [31/40], Step: [741/782], Loss: 0.005112099461257458
Rank:0 Epoch: [31/40], Step: [751/782], Loss: 0.050141800194978714
Rank:0 Epoch: [31/40], Step: [761/782], Loss: 0.007903356105089188
Rank:0 Epoch: [31/40], Step: [771/782], Loss: 0.07347478717565536
Rank:0 Epoch: [31/40], Step: [781/782], Loss: 0.006291976664215326
Current Test Acc: 0.9334
Rank:0 Epoch: [32/40], Step: [1/782], Loss: 0.003071130719035864
Rank:0 Epoch: [32/40], Step: [11/782], Loss: 0.0028642085380852222
Rank:0 Epoch: [32/40], Step: [21/782], Loss: 0.041206348687410355
Rank:0 Epoch: [32/40], Step: [31/782], Loss: 0.02389736846089363
Rank:0 Epoch: [32/40], Step: [41/782], Loss: 0.019507814198732376
Rank:0 Epoch: [32/40], Step: [51/782], Loss: 0.0018642295617610216
Rank:0 Epoch: [32/40], Step: [61/782], Loss: 0.03352583572268486
Rank:0 Epoch: [32/40], Step: [71/782], Loss: 0.010073421522974968
Rank:0 Epoch: [32/40], Step: [81/782], Loss: 0.006406722590327263
Rank:0 Epoch: [32/40], Step: [91/782], Loss: 0.01008603535592556
Rank:0 Epoch: [32/40], Step: [101/782], Loss: 0.00953692477196455
Rank:0 Epoch: [32/40], Step: [111/782], Loss: 0.0036344281397759914
Rank:0 Epoch: [32/40], Step: [121/782], Loss: 0.034957922995090485
Rank:0 Epoch: [32/40], Step: [131/782], Loss: 0.006191378924995661
Rank:0 Epoch: [32/40], Step: [141/782], Loss: 0.004557207226753235
Rank:0 Epoch: [32/40], Step: [151/782], Loss: 0.004110183101147413
Rank:0 Epoch: [32/40], Step: [161/782], Loss: 0.02604893408715725
Rank:0 Epoch: [32/40], Step: [171/782], Loss: 0.03262246400117874
Rank:0 Epoch: [32/40], Step: [181/782], Loss: 0.002254230435937643
Rank:0 Epoch: [32/40], Step: [191/782], Loss: 0.0015090347733348608
Rank:0 Epoch: [32/40], Step: [201/782], Loss: 0.0184513870626688
Rank:0 Epoch: [32/40], Step: [211/782], Loss: 0.06740593910217285
Rank:0 Epoch: [32/40], Step: [221/782], Loss: 0.05659661069512367
Rank:0 Epoch: [32/40], Step: [231/782], Loss: 0.004743096884340048
Rank:0 Epoch: [32/40], Step: [241/782], Loss: 0.018725477159023285
Rank:0 Epoch: [32/40], Step: [251/782], Loss: 0.0011093409266322851
Rank:0 Epoch: [32/40], Step: [261/782], Loss: 0.0027014571242034435
Rank:0 Epoch: [32/40], Step: [271/782], Loss: 0.004278368782252073
Rank:0 Epoch: [32/40], Step: [281/782], Loss: 0.018442273139953613
Rank:0 Epoch: [32/40], Step: [291/782], Loss: 0.020048130303621292
Rank:0 Epoch: [32/40], Step: [301/782], Loss: 0.011341855861246586
Rank:0 Epoch: [32/40], Step: [311/782], Loss: 0.01298876665532589
Rank:0 Epoch: [32/40], Step: [321/782], Loss: 0.06562938541173935
Rank:0 Epoch: [32/40], Step: [331/782], Loss: 0.01200732309371233
Rank:0 Epoch: [32/40], Step: [341/782], Loss: 0.01146639697253704
Rank:0 Epoch: [32/40], Step: [351/782], Loss: 0.0008653181721456349
Rank:0 Epoch: [32/40], Step: [361/782], Loss: 0.008678908459842205
Rank:0 Epoch: [32/40], Step: [371/782], Loss: 0.030018409714102745
Rank:0 Epoch: [32/40], Step: [381/782], Loss: 0.016515737399458885
Rank:0 Epoch: [32/40], Step: [391/782], Loss: 0.003208636539056897
Rank:0 Epoch: [32/40], Step: [401/782], Loss: 0.004681732971221209
Rank:0 Epoch: [32/40], Step: [411/782], Loss: 0.031116701662540436
Rank:0 Epoch: [32/40], Step: [421/782], Loss: 0.002230091253295541
Rank:0 Epoch: [32/40], Step: [431/782], Loss: 0.032242223620414734
Rank:0 Epoch: [32/40], Step: [441/782], Loss: 0.003908408805727959
Rank:0 Epoch: [32/40], Step: [451/782], Loss: 0.013954875990748405
Rank:0 Epoch: [32/40], Step: [461/782], Loss: 0.0028841104358434677
Rank:0 Epoch: [32/40], Step: [471/782], Loss: 0.022856280207633972
Rank:0 Epoch: [32/40], Step: [481/782], Loss: 0.0037569741252809763
Rank:0 Epoch: [32/40], Step: [491/782], Loss: 0.003813887946307659
Rank:0 Epoch: [32/40], Step: [501/782], Loss: 0.02484813891351223
Rank:0 Epoch: [32/40], Step: [511/782], Loss: 0.006885823793709278
Rank:0 Epoch: [32/40], Step: [521/782], Loss: 0.01020833384245634
Rank:0 Epoch: [32/40], Step: [531/782], Loss: 0.009365505538880825
Rank:0 Epoch: [32/40], Step: [541/782], Loss: 0.0018988484516739845
Rank:0 Epoch: [32/40], Step: [551/782], Loss: 0.08080583065748215
Rank:0 Epoch: [32/40], Step: [561/782], Loss: 0.02617052011191845
Rank:0 Epoch: [32/40], Step: [571/782], Loss: 0.0018268697895109653
Rank:0 Epoch: [32/40], Step: [581/782], Loss: 0.008162273094058037
Rank:0 Epoch: [32/40], Step: [591/782], Loss: 0.011377698741853237
Rank:0 Epoch: [32/40], Step: [601/782], Loss: 0.05764247104525566
Rank:0 Epoch: [32/40], Step: [611/782], Loss: 0.006545974873006344
Rank:0 Epoch: [32/40], Step: [621/782], Loss: 0.011467783711850643
Rank:0 Epoch: [32/40], Step: [631/782], Loss: 0.0520283542573452
Rank:0 Epoch: [32/40], Step: [641/782], Loss: 0.018207969143986702
Rank:0 Epoch: [32/40], Step: [651/782], Loss: 0.026962943375110626
Rank:0 Epoch: [32/40], Step: [661/782], Loss: 0.014412323012948036
Rank:0 Epoch: [32/40], Step: [671/782], Loss: 0.010994883254170418
Rank:0 Epoch: [32/40], Step: [681/782], Loss: 0.009762980043888092
Rank:0 Epoch: [32/40], Step: [691/782], Loss: 0.005246792919933796
Rank:0 Epoch: [32/40], Step: [701/782], Loss: 0.0028206612914800644
Rank:0 Epoch: [32/40], Step: [711/782], Loss: 0.008168618194758892
Rank:0 Epoch: [32/40], Step: [721/782], Loss: 0.010426769964396954
Rank:0 Epoch: [32/40], Step: [731/782], Loss: 0.006601687055081129
Rank:0 Epoch: [32/40], Step: [741/782], Loss: 0.01513363141566515
Rank:0 Epoch: [32/40], Step: [751/782], Loss: 0.03758402541279793
Rank:0 Epoch: [32/40], Step: [761/782], Loss: 0.026817765086889267
Rank:0 Epoch: [32/40], Step: [771/782], Loss: 0.014283939264714718
Rank:0 Epoch: [32/40], Step: [781/782], Loss: 0.002913351636379957
Current Test Acc: 0.935
Rank:0 Epoch: [33/40], Step: [1/782], Loss: 0.0016124460380524397
Rank:0 Epoch: [33/40], Step: [11/782], Loss: 0.013878620229661465
Rank:0 Epoch: [33/40], Step: [21/782], Loss: 0.002264790702611208
Rank:0 Epoch: [33/40], Step: [31/782], Loss: 0.02013329789042473
Rank:0 Epoch: [33/40], Step: [41/782], Loss: 0.011212760582566261
Rank:0 Epoch: [33/40], Step: [51/782], Loss: 0.0022765337489545345
Rank:0 Epoch: [33/40], Step: [61/782], Loss: 0.0034303946886211634
Rank:0 Epoch: [33/40], Step: [71/782], Loss: 0.07089966535568237
Rank:0 Epoch: [33/40], Step: [81/782], Loss: 0.002028804272413254
Rank:0 Epoch: [33/40], Step: [91/782], Loss: 0.027960866689682007
Rank:0 Epoch: [33/40], Step: [101/782], Loss: 0.06007041782140732
Rank:0 Epoch: [33/40], Step: [111/782], Loss: 0.033258941024541855
Rank:0 Epoch: [33/40], Step: [121/782], Loss: 0.0070120119489729404
Rank:0 Epoch: [33/40], Step: [131/782], Loss: 0.0025541880168020725
Rank:0 Epoch: [33/40], Step: [141/782], Loss: 0.0029382104985415936
Rank:0 Epoch: [33/40], Step: [151/782], Loss: 0.04382416233420372
Rank:0 Epoch: [33/40], Step: [161/782], Loss: 0.0119685223326087
Rank:0 Epoch: [33/40], Step: [171/782], Loss: 0.015078005380928516
Rank:0 Epoch: [33/40], Step: [181/782], Loss: 0.013409237377345562
Rank:0 Epoch: [33/40], Step: [191/782], Loss: 0.010547759011387825
Rank:0 Epoch: [33/40], Step: [201/782], Loss: 0.05803271755576134
Rank:0 Epoch: [33/40], Step: [211/782], Loss: 0.001797888078726828
Rank:0 Epoch: [33/40], Step: [221/782], Loss: 0.0034655078779906034
Rank:0 Epoch: [33/40], Step: [231/782], Loss: 0.009073897264897823
Rank:0 Epoch: [33/40], Step: [241/782], Loss: 0.008575052954256535
Rank:0 Epoch: [33/40], Step: [251/782], Loss: 0.008290249854326248
Rank:0 Epoch: [33/40], Step: [261/782], Loss: 0.014729353599250317
Rank:0 Epoch: [33/40], Step: [271/782], Loss: 0.020671017467975616
Rank:0 Epoch: [33/40], Step: [281/782], Loss: 0.0037455298006534576
Rank:0 Epoch: [33/40], Step: [291/782], Loss: 0.09066973626613617
Rank:0 Epoch: [33/40], Step: [301/782], Loss: 0.012653403915464878
Rank:0 Epoch: [33/40], Step: [311/782], Loss: 0.0018754831980913877
Rank:0 Epoch: [33/40], Step: [321/782], Loss: 0.044308509677648544
Rank:0 Epoch: [33/40], Step: [331/782], Loss: 0.001072597922757268
Rank:0 Epoch: [33/40], Step: [341/782], Loss: 0.01587507128715515
Rank:0 Epoch: [33/40], Step: [351/782], Loss: 0.00920125562697649
Rank:0 Epoch: [33/40], Step: [361/782], Loss: 0.0019730250351130962
Rank:0 Epoch: [33/40], Step: [371/782], Loss: 0.005951861850917339
Rank:0 Epoch: [33/40], Step: [381/782], Loss: 0.010276766493916512
Rank:0 Epoch: [33/40], Step: [391/782], Loss: 0.02981467917561531
Rank:0 Epoch: [33/40], Step: [401/782], Loss: 0.042492710053920746
Rank:0 Epoch: [33/40], Step: [411/782], Loss: 0.00849426630884409
Rank:0 Epoch: [33/40], Step: [421/782], Loss: 0.0036133830435574055
Rank:0 Epoch: [33/40], Step: [431/782], Loss: 0.002343329368159175
Rank:0 Epoch: [33/40], Step: [441/782], Loss: 0.001722455257549882
Rank:0 Epoch: [33/40], Step: [451/782], Loss: 0.002689370419830084
Rank:0 Epoch: [33/40], Step: [461/782], Loss: 0.003897808026522398
Rank:0 Epoch: [33/40], Step: [471/782], Loss: 0.015731219202280045
Rank:0 Epoch: [33/40], Step: [481/782], Loss: 0.06563323736190796
Rank:0 Epoch: [33/40], Step: [491/782], Loss: 0.00523331668227911
Rank:0 Epoch: [33/40], Step: [501/782], Loss: 0.01860112138092518
Rank:0 Epoch: [33/40], Step: [511/782], Loss: 0.04632609710097313
Rank:0 Epoch: [33/40], Step: [521/782], Loss: 0.022433646023273468
Rank:0 Epoch: [33/40], Step: [531/782], Loss: 0.004542585927993059
Rank:0 Epoch: [33/40], Step: [541/782], Loss: 0.030979683622717857
Rank:0 Epoch: [33/40], Step: [551/782], Loss: 0.003332938766106963
Rank:0 Epoch: [33/40], Step: [561/782], Loss: 0.006015922874212265
Rank:0 Epoch: [33/40], Step: [571/782], Loss: 0.029757758602499962
Rank:0 Epoch: [33/40], Step: [581/782], Loss: 0.004251123871654272
Rank:0 Epoch: [33/40], Step: [591/782], Loss: 0.05496419221162796
Rank:0 Epoch: [33/40], Step: [601/782], Loss: 0.014493470080196857
Rank:0 Epoch: [33/40], Step: [611/782], Loss: 0.008638575673103333
Rank:0 Epoch: [33/40], Step: [621/782], Loss: 0.002767869969829917
Rank:0 Epoch: [33/40], Step: [631/782], Loss: 0.01226173248142004
Rank:0 Epoch: [33/40], Step: [641/782], Loss: 0.009922191500663757
Rank:0 Epoch: [33/40], Step: [651/782], Loss: 0.009075254201889038
Rank:0 Epoch: [33/40], Step: [661/782], Loss: 0.0022210292518138885
Rank:0 Epoch: [33/40], Step: [671/782], Loss: 0.026664618402719498
Rank:0 Epoch: [33/40], Step: [681/782], Loss: 0.08503963053226471
Rank:0 Epoch: [33/40], Step: [691/782], Loss: 0.003599126823246479
Rank:0 Epoch: [33/40], Step: [701/782], Loss: 0.006792331114411354
Rank:0 Epoch: [33/40], Step: [711/782], Loss: 0.006644389126449823
Rank:0 Epoch: [33/40], Step: [721/782], Loss: 0.009935577400028706
Rank:0 Epoch: [33/40], Step: [731/782], Loss: 0.0768127292394638
Rank:0 Epoch: [33/40], Step: [741/782], Loss: 0.00906717125326395
Rank:0 Epoch: [33/40], Step: [751/782], Loss: 0.012034683488309383
Rank:0 Epoch: [33/40], Step: [761/782], Loss: 0.016185635700821877
Rank:0 Epoch: [33/40], Step: [771/782], Loss: 0.10666467994451523
Rank:0 Epoch: [33/40], Step: [781/782], Loss: 0.00875435397028923
Current Test Acc: 0.9345
Rank:0 Epoch: [34/40], Step: [1/782], Loss: 0.0027544298209249973
Rank:0 Epoch: [34/40], Step: [11/782], Loss: 0.005078446120023727
Rank:0 Epoch: [34/40], Step: [21/782], Loss: 0.009568431414663792
Rank:0 Epoch: [34/40], Step: [31/782], Loss: 0.04372525215148926
Rank:0 Epoch: [34/40], Step: [41/782], Loss: 0.025379542261362076
Rank:0 Epoch: [34/40], Step: [51/782], Loss: 0.0020760081242769957
Rank:0 Epoch: [34/40], Step: [61/782], Loss: 0.01737353205680847
Rank:0 Epoch: [34/40], Step: [71/782], Loss: 0.0016032798448577523
Rank:0 Epoch: [34/40], Step: [81/782], Loss: 0.014872041530907154
Rank:0 Epoch: [34/40], Step: [91/782], Loss: 0.003688319819048047
Rank:0 Epoch: [34/40], Step: [101/782], Loss: 0.004430472385138273
Rank:0 Epoch: [34/40], Step: [111/782], Loss: 0.011535166762769222
Rank:0 Epoch: [34/40], Step: [121/782], Loss: 0.03765984624624252
Rank:0 Epoch: [34/40], Step: [131/782], Loss: 0.008105747401714325
Rank:0 Epoch: [34/40], Step: [141/782], Loss: 0.0015605076914653182
Rank:0 Epoch: [34/40], Step: [151/782], Loss: 0.0032444773241877556
Rank:0 Epoch: [34/40], Step: [161/782], Loss: 0.018147865310311317
Rank:0 Epoch: [34/40], Step: [171/782], Loss: 0.00240265391767025
Rank:0 Epoch: [34/40], Step: [181/782], Loss: 0.09133005142211914
Rank:0 Epoch: [34/40], Step: [191/782], Loss: 0.0019628761801868677
Rank:0 Epoch: [34/40], Step: [201/782], Loss: 0.020747937262058258
Rank:0 Epoch: [34/40], Step: [211/782], Loss: 0.00617673434317112
Rank:0 Epoch: [34/40], Step: [221/782], Loss: 0.02361164055764675
Rank:0 Epoch: [34/40], Step: [231/782], Loss: 0.014938301406800747
Rank:0 Epoch: [34/40], Step: [241/782], Loss: 0.013872603885829449
Rank:0 Epoch: [34/40], Step: [251/782], Loss: 0.012466487474739552
Rank:0 Epoch: [34/40], Step: [261/782], Loss: 0.012456548400223255
Rank:0 Epoch: [34/40], Step: [271/782], Loss: 0.048049550503492355
Rank:0 Epoch: [34/40], Step: [281/782], Loss: 0.001496554003097117
Rank:0 Epoch: [34/40], Step: [291/782], Loss: 0.021822499111294746
Rank:0 Epoch: [34/40], Step: [301/782], Loss: 0.0021320271771401167
Rank:0 Epoch: [34/40], Step: [311/782], Loss: 0.0035110621247440577
Rank:0 Epoch: [34/40], Step: [321/782], Loss: 0.003228230867534876
Rank:0 Epoch: [34/40], Step: [331/782], Loss: 0.011332654394209385
Rank:0 Epoch: [34/40], Step: [341/782], Loss: 0.034130074083805084
Rank:0 Epoch: [34/40], Step: [351/782], Loss: 0.00833158753812313
Rank:0 Epoch: [34/40], Step: [361/782], Loss: 0.0023394785821437836
Rank:0 Epoch: [34/40], Step: [371/782], Loss: 0.04282741993665695
Rank:0 Epoch: [34/40], Step: [381/782], Loss: 0.0020576203241944313
Rank:0 Epoch: [34/40], Step: [391/782], Loss: 0.018304938450455666
Rank:0 Epoch: [34/40], Step: [401/782], Loss: 0.0011794583406299353
Rank:0 Epoch: [34/40], Step: [411/782], Loss: 0.024886155501008034
Rank:0 Epoch: [34/40], Step: [421/782], Loss: 0.002480731112882495
Rank:0 Epoch: [34/40], Step: [431/782], Loss: 0.002276490442454815
Rank:0 Epoch: [34/40], Step: [441/782], Loss: 0.006210682913661003
Rank:0 Epoch: [34/40], Step: [451/782], Loss: 0.012721532955765724
Rank:0 Epoch: [34/40], Step: [461/782], Loss: 0.006270657293498516
Rank:0 Epoch: [34/40], Step: [471/782], Loss: 0.0016308212652802467
Rank:0 Epoch: [34/40], Step: [481/782], Loss: 0.014592219144105911
Rank:0 Epoch: [34/40], Step: [491/782], Loss: 0.0018362206174060702
Rank:0 Epoch: [34/40], Step: [501/782], Loss: 0.006771374028176069
Rank:0 Epoch: [34/40], Step: [511/782], Loss: 0.0019107833504676819
Rank:0 Epoch: [34/40], Step: [521/782], Loss: 0.0008531814673915505
Rank:0 Epoch: [34/40], Step: [531/782], Loss: 0.03229552507400513
Rank:0 Epoch: [34/40], Step: [541/782], Loss: 0.0015902041923254728
Rank:0 Epoch: [34/40], Step: [551/782], Loss: 0.0030289534479379654
Rank:0 Epoch: [34/40], Step: [561/782], Loss: 0.002338825725018978
Rank:0 Epoch: [34/40], Step: [571/782], Loss: 0.016274811699986458
Rank:0 Epoch: [34/40], Step: [581/782], Loss: 0.03117288649082184
Rank:0 Epoch: [34/40], Step: [591/782], Loss: 0.004413948394358158
Rank:0 Epoch: [34/40], Step: [601/782], Loss: 0.03736475110054016
Rank:0 Epoch: [34/40], Step: [611/782], Loss: 0.005475769750773907
Rank:0 Epoch: [34/40], Step: [621/782], Loss: 0.04435690864920616
Rank:0 Epoch: [34/40], Step: [631/782], Loss: 0.005785074550658464
Rank:0 Epoch: [34/40], Step: [641/782], Loss: 0.0011408672435209155
Rank:0 Epoch: [34/40], Step: [651/782], Loss: 0.04120567440986633
Rank:0 Epoch: [34/40], Step: [661/782], Loss: 0.08061579614877701
Rank:0 Epoch: [34/40], Step: [671/782], Loss: 0.008445294573903084
Rank:0 Epoch: [34/40], Step: [681/782], Loss: 0.035953059792518616
Rank:0 Epoch: [34/40], Step: [691/782], Loss: 0.052504464983940125
Rank:0 Epoch: [34/40], Step: [701/782], Loss: 0.003037206595763564
Rank:0 Epoch: [34/40], Step: [711/782], Loss: 0.010238021612167358
Rank:0 Epoch: [34/40], Step: [721/782], Loss: 0.002592026721686125
Rank:0 Epoch: [34/40], Step: [731/782], Loss: 0.0026909466832876205
Rank:0 Epoch: [34/40], Step: [741/782], Loss: 0.03565726429224014
Rank:0 Epoch: [34/40], Step: [751/782], Loss: 0.002143618417903781
Rank:0 Epoch: [34/40], Step: [761/782], Loss: 0.012410216964781284
Rank:0 Epoch: [34/40], Step: [771/782], Loss: 0.016299135982990265
Rank:0 Epoch: [34/40], Step: [781/782], Loss: 0.0016649003373458982
Current Test Acc: 0.9339
Rank:0 Epoch: [35/40], Step: [1/782], Loss: 0.017115330323576927
Rank:0 Epoch: [35/40], Step: [11/782], Loss: 0.008433758281171322
Rank:0 Epoch: [35/40], Step: [21/782], Loss: 0.0023904384579509497
Rank:0 Epoch: [35/40], Step: [31/782], Loss: 0.008109231479465961
Rank:0 Epoch: [35/40], Step: [41/782], Loss: 0.019613761454820633
Rank:0 Epoch: [35/40], Step: [51/782], Loss: 0.0011747196549549699
Rank:0 Epoch: [35/40], Step: [61/782], Loss: 0.006264463998377323
Rank:0 Epoch: [35/40], Step: [71/782], Loss: 0.0060002668760716915
Rank:0 Epoch: [35/40], Step: [81/782], Loss: 0.0038649309426546097
Rank:0 Epoch: [35/40], Step: [91/782], Loss: 0.0054118516854941845
Rank:0 Epoch: [35/40], Step: [101/782], Loss: 0.007098125293850899
Rank:0 Epoch: [35/40], Step: [111/782], Loss: 0.0034370464272797108
Rank:0 Epoch: [35/40], Step: [121/782], Loss: 0.001390199875459075
Rank:0 Epoch: [35/40], Step: [131/782], Loss: 0.05558402091264725
Rank:0 Epoch: [35/40], Step: [141/782], Loss: 0.0024716260377317667
Rank:0 Epoch: [35/40], Step: [151/782], Loss: 0.0023592079523950815
Rank:0 Epoch: [35/40], Step: [161/782], Loss: 0.006313285790383816
Rank:0 Epoch: [35/40], Step: [171/782], Loss: 0.0072403838858008385
Rank:0 Epoch: [35/40], Step: [181/782], Loss: 0.10860608518123627
Rank:0 Epoch: [35/40], Step: [191/782], Loss: 0.01220130454748869
Rank:0 Epoch: [35/40], Step: [201/782], Loss: 0.001631894730962813
Rank:0 Epoch: [35/40], Step: [211/782], Loss: 0.016394754871726036
Rank:0 Epoch: [35/40], Step: [221/782], Loss: 0.019929274916648865
Rank:0 Epoch: [35/40], Step: [231/782], Loss: 0.0017092421185225248
Rank:0 Epoch: [35/40], Step: [241/782], Loss: 0.03976042568683624
Rank:0 Epoch: [35/40], Step: [251/782], Loss: 0.0042679328471422195
Rank:0 Epoch: [35/40], Step: [261/782], Loss: 0.0077570476569235325
Rank:0 Epoch: [35/40], Step: [271/782], Loss: 0.019985536113381386
Rank:0 Epoch: [35/40], Step: [281/782], Loss: 0.014946641400456429
Rank:0 Epoch: [35/40], Step: [291/782], Loss: 0.013524484820663929
Rank:0 Epoch: [35/40], Step: [301/782], Loss: 0.005595586262643337
Rank:0 Epoch: [35/40], Step: [311/782], Loss: 0.01246953196823597
Rank:0 Epoch: [35/40], Step: [321/782], Loss: 0.032707083970308304
Rank:0 Epoch: [35/40], Step: [331/782], Loss: 0.01363659743219614
Rank:0 Epoch: [35/40], Step: [341/782], Loss: 0.013019124045968056
Rank:0 Epoch: [35/40], Step: [351/782], Loss: 0.02761854976415634
Rank:0 Epoch: [35/40], Step: [361/782], Loss: 0.006551957689225674
Rank:0 Epoch: [35/40], Step: [371/782], Loss: 0.03205830976366997
Rank:0 Epoch: [35/40], Step: [381/782], Loss: 0.0018558515002951026
Rank:0 Epoch: [35/40], Step: [391/782], Loss: 0.0008875984349288046
Rank:0 Epoch: [35/40], Step: [401/782], Loss: 0.011036209762096405
Rank:0 Epoch: [35/40], Step: [411/782], Loss: 0.009080272167921066
Rank:0 Epoch: [35/40], Step: [421/782], Loss: 0.013470834121108055
Rank:0 Epoch: [35/40], Step: [431/782], Loss: 0.03494176268577576
Rank:0 Epoch: [35/40], Step: [441/782], Loss: 0.008310974575579166
Rank:0 Epoch: [35/40], Step: [451/782], Loss: 0.005049360916018486
Rank:0 Epoch: [35/40], Step: [461/782], Loss: 0.01615554466843605
Rank:0 Epoch: [35/40], Step: [471/782], Loss: 0.0021081632003188133
Rank:0 Epoch: [35/40], Step: [481/782], Loss: 0.002927928464487195
Rank:0 Epoch: [35/40], Step: [491/782], Loss: 0.004183189477771521
Rank:0 Epoch: [35/40], Step: [501/782], Loss: 0.0022823172621428967
Rank:0 Epoch: [35/40], Step: [511/782], Loss: 0.06066472455859184
Rank:0 Epoch: [35/40], Step: [521/782], Loss: 0.006541635375469923
Rank:0 Epoch: [35/40], Step: [531/782], Loss: 0.0017934569623321295
Rank:0 Epoch: [35/40], Step: [541/782], Loss: 0.014265061356127262
Rank:0 Epoch: [35/40], Step: [551/782], Loss: 0.011792108416557312
Rank:0 Epoch: [35/40], Step: [561/782], Loss: 0.002311144722625613
Rank:0 Epoch: [35/40], Step: [571/782], Loss: 0.010847128927707672
Rank:0 Epoch: [35/40], Step: [581/782], Loss: 0.0053002494387328625
Rank:0 Epoch: [35/40], Step: [591/782], Loss: 0.004713473375886679
Rank:0 Epoch: [35/40], Step: [601/782], Loss: 0.0014701341278851032
Rank:0 Epoch: [35/40], Step: [611/782], Loss: 0.0030591096729040146
Rank:0 Epoch: [35/40], Step: [621/782], Loss: 0.010455192066729069
Rank:0 Epoch: [35/40], Step: [631/782], Loss: 0.035502854734659195
Rank:0 Epoch: [35/40], Step: [641/782], Loss: 0.0030909255146980286
Rank:0 Epoch: [35/40], Step: [651/782], Loss: 0.004191695246845484
Rank:0 Epoch: [35/40], Step: [661/782], Loss: 0.009339142590761185
Rank:0 Epoch: [35/40], Step: [671/782], Loss: 0.028319116681814194
Rank:0 Epoch: [35/40], Step: [681/782], Loss: 0.009755579754710197
Rank:0 Epoch: [35/40], Step: [691/782], Loss: 0.02884000912308693
Rank:0 Epoch: [35/40], Step: [701/782], Loss: 0.009754428640007973
Rank:0 Epoch: [35/40], Step: [711/782], Loss: 0.007659506984055042
Rank:0 Epoch: [35/40], Step: [721/782], Loss: 0.00703269150108099
Rank:0 Epoch: [35/40], Step: [731/782], Loss: 0.013001952320337296
Rank:0 Epoch: [35/40], Step: [741/782], Loss: 0.020909933373332024
Rank:0 Epoch: [35/40], Step: [751/782], Loss: 0.00047036499017849565
Rank:0 Epoch: [35/40], Step: [761/782], Loss: 0.0015941732563078403
Rank:0 Epoch: [35/40], Step: [771/782], Loss: 0.004725856240838766
Rank:0 Epoch: [35/40], Step: [781/782], Loss: 0.04422235116362572
Current Test Acc: 0.9359
Rank:0 Epoch: [36/40], Step: [1/782], Loss: 0.006768857594579458
Rank:0 Epoch: [36/40], Step: [11/782], Loss: 0.001561023062095046
Rank:0 Epoch: [36/40], Step: [21/782], Loss: 0.004458345007151365
Rank:0 Epoch: [36/40], Step: [31/782], Loss: 0.02004450187087059
Rank:0 Epoch: [36/40], Step: [41/782], Loss: 0.04429386928677559
Rank:0 Epoch: [36/40], Step: [51/782], Loss: 0.0046507311053574085
Rank:0 Epoch: [36/40], Step: [61/782], Loss: 0.02186238206923008
Rank:0 Epoch: [36/40], Step: [71/782], Loss: 0.013364789076149464
Rank:0 Epoch: [36/40], Step: [81/782], Loss: 0.009682371281087399
Rank:0 Epoch: [36/40], Step: [91/782], Loss: 0.0023925816640257835
Rank:0 Epoch: [36/40], Step: [101/782], Loss: 0.03636918589472771
Rank:0 Epoch: [36/40], Step: [111/782], Loss: 0.003901847405359149
Rank:0 Epoch: [36/40], Step: [121/782], Loss: 0.05532199144363403
Rank:0 Epoch: [36/40], Step: [131/782], Loss: 0.003415249288082123
Rank:0 Epoch: [36/40], Step: [141/782], Loss: 0.016895873472094536
Rank:0 Epoch: [36/40], Step: [151/782], Loss: 0.003943610470741987
Rank:0 Epoch: [36/40], Step: [161/782], Loss: 0.0010301804868504405
Rank:0 Epoch: [36/40], Step: [171/782], Loss: 0.07428130507469177
Rank:0 Epoch: [36/40], Step: [181/782], Loss: 0.0017159748822450638
Rank:0 Epoch: [36/40], Step: [191/782], Loss: 0.00377844600006938
Rank:0 Epoch: [36/40], Step: [201/782], Loss: 0.001419203239493072
Rank:0 Epoch: [36/40], Step: [211/782], Loss: 0.019536621868610382
Rank:0 Epoch: [36/40], Step: [221/782], Loss: 0.007332821376621723
Rank:0 Epoch: [36/40], Step: [231/782], Loss: 0.0036990661174058914
Rank:0 Epoch: [36/40], Step: [241/782], Loss: 0.004833345301449299
Rank:0 Epoch: [36/40], Step: [251/782], Loss: 0.008481177501380444
Rank:0 Epoch: [36/40], Step: [261/782], Loss: 0.01649763621389866
Rank:0 Epoch: [36/40], Step: [271/782], Loss: 0.01578686013817787
Rank:0 Epoch: [36/40], Step: [281/782], Loss: 0.07812038064002991
Rank:0 Epoch: [36/40], Step: [291/782], Loss: 0.02080613374710083
Rank:0 Epoch: [36/40], Step: [301/782], Loss: 0.018299026414752007
Rank:0 Epoch: [36/40], Step: [311/782], Loss: 0.028075583279132843
Rank:0 Epoch: [36/40], Step: [321/782], Loss: 0.0007298184209503233
Rank:0 Epoch: [36/40], Step: [331/782], Loss: 0.012249126099050045
Rank:0 Epoch: [36/40], Step: [341/782], Loss: 0.02338927611708641
Rank:0 Epoch: [36/40], Step: [351/782], Loss: 0.021608522161841393
Rank:0 Epoch: [36/40], Step: [361/782], Loss: 0.04123986139893532
Rank:0 Epoch: [36/40], Step: [371/782], Loss: 0.010442594066262245
Rank:0 Epoch: [36/40], Step: [381/782], Loss: 0.0006250104052014649
Rank:0 Epoch: [36/40], Step: [391/782], Loss: 0.029886946082115173
Rank:0 Epoch: [36/40], Step: [401/782], Loss: 0.04669457674026489
Rank:0 Epoch: [36/40], Step: [411/782], Loss: 0.003154941601678729
Rank:0 Epoch: [36/40], Step: [421/782], Loss: 0.004374756012111902
Rank:0 Epoch: [36/40], Step: [431/782], Loss: 0.002077813260257244
Rank:0 Epoch: [36/40], Step: [441/782], Loss: 0.08301740139722824
Rank:0 Epoch: [36/40], Step: [451/782], Loss: 0.01581178978085518
Rank:0 Epoch: [36/40], Step: [461/782], Loss: 0.004625658504664898
Rank:0 Epoch: [36/40], Step: [471/782], Loss: 0.002973052905872464
Rank:0 Epoch: [36/40], Step: [481/782], Loss: 0.0053768218494951725
Rank:0 Epoch: [36/40], Step: [491/782], Loss: 0.04103535786271095
Rank:0 Epoch: [36/40], Step: [501/782], Loss: 0.0016407709335908294
Rank:0 Epoch: [36/40], Step: [511/782], Loss: 0.0017228041542693973
Rank:0 Epoch: [36/40], Step: [521/782], Loss: 0.004705172497779131
Rank:0 Epoch: [36/40], Step: [531/782], Loss: 0.005480582360178232
Rank:0 Epoch: [36/40], Step: [541/782], Loss: 0.000986881903372705
Rank:0 Epoch: [36/40], Step: [551/782], Loss: 0.011941180564463139
Rank:0 Epoch: [36/40], Step: [561/782], Loss: 0.020729603245854378
Rank:0 Epoch: [36/40], Step: [571/782], Loss: 0.002180582843720913
Rank:0 Epoch: [36/40], Step: [581/782], Loss: 0.006275980267673731
Rank:0 Epoch: [36/40], Step: [591/782], Loss: 0.02884025312960148
Rank:0 Epoch: [36/40], Step: [601/782], Loss: 0.0007845933432690799
Rank:0 Epoch: [36/40], Step: [611/782], Loss: 0.006359098479151726
Rank:0 Epoch: [36/40], Step: [621/782], Loss: 0.0031020869500935078
Rank:0 Epoch: [36/40], Step: [631/782], Loss: 0.0029845305252820253
Rank:0 Epoch: [36/40], Step: [641/782], Loss: 0.019881313666701317
Rank:0 Epoch: [36/40], Step: [651/782], Loss: 0.003018289338797331
Rank:0 Epoch: [36/40], Step: [661/782], Loss: 0.01766037382185459
Rank:0 Epoch: [36/40], Step: [671/782], Loss: 0.022274764254689217
Rank:0 Epoch: [36/40], Step: [681/782], Loss: 0.001044428558088839
Rank:0 Epoch: [36/40], Step: [691/782], Loss: 0.03988407552242279
Rank:0 Epoch: [36/40], Step: [701/782], Loss: 0.0016061001224443316
Rank:0 Epoch: [36/40], Step: [711/782], Loss: 0.025651613250374794
Rank:0 Epoch: [36/40], Step: [721/782], Loss: 0.0018922931049019098
Rank:0 Epoch: [36/40], Step: [731/782], Loss: 0.0010986360721290112
Rank:0 Epoch: [36/40], Step: [741/782], Loss: 0.003273890120908618
Rank:0 Epoch: [36/40], Step: [751/782], Loss: 0.004059099592268467
Rank:0 Epoch: [36/40], Step: [761/782], Loss: 0.0038617064710706472
Rank:0 Epoch: [36/40], Step: [771/782], Loss: 0.000998606556095183
Rank:0 Epoch: [36/40], Step: [781/782], Loss: 0.0038249758072197437
Current Test Acc: 0.9354
Rank:0 Epoch: [37/40], Step: [1/782], Loss: 0.006071716547012329
Rank:0 Epoch: [37/40], Step: [11/782], Loss: 0.005047334358096123
Rank:0 Epoch: [37/40], Step: [21/782], Loss: 0.0003530702961143106
Rank:0 Epoch: [37/40], Step: [31/782], Loss: 0.001489423681050539
Rank:0 Epoch: [37/40], Step: [41/782], Loss: 0.0035122849512845278
Rank:0 Epoch: [37/40], Step: [51/782], Loss: 0.00569188455119729
Rank:0 Epoch: [37/40], Step: [61/782], Loss: 0.10856553912162781
Rank:0 Epoch: [37/40], Step: [71/782], Loss: 0.0027312354650348425
Rank:0 Epoch: [37/40], Step: [81/782], Loss: 0.0010130283189937472
Rank:0 Epoch: [37/40], Step: [91/782], Loss: 0.005204512272030115
Rank:0 Epoch: [37/40], Step: [101/782], Loss: 0.0024699175264686346
Rank:0 Epoch: [37/40], Step: [111/782], Loss: 0.003997791092842817
Rank:0 Epoch: [37/40], Step: [121/782], Loss: 0.012717502191662788
Rank:0 Epoch: [37/40], Step: [131/782], Loss: 0.0009001934668049216
Rank:0 Epoch: [37/40], Step: [141/782], Loss: 0.04480915889143944
Rank:0 Epoch: [37/40], Step: [151/782], Loss: 0.0025114130694419146
Rank:0 Epoch: [37/40], Step: [161/782], Loss: 0.0023123265709728003
Rank:0 Epoch: [37/40], Step: [171/782], Loss: 0.01738855242729187
Rank:0 Epoch: [37/40], Step: [181/782], Loss: 0.008199354633688927
Rank:0 Epoch: [37/40], Step: [191/782], Loss: 0.03940044343471527
Rank:0 Epoch: [37/40], Step: [201/782], Loss: 0.001968671567738056
Rank:0 Epoch: [37/40], Step: [211/782], Loss: 0.013274035416543484
Rank:0 Epoch: [37/40], Step: [221/782], Loss: 0.018296539783477783
Rank:0 Epoch: [37/40], Step: [231/782], Loss: 0.006983673665672541
Rank:0 Epoch: [37/40], Step: [241/782], Loss: 0.015672191977500916
Rank:0 Epoch: [37/40], Step: [251/782], Loss: 0.003589954227209091
Rank:0 Epoch: [37/40], Step: [261/782], Loss: 0.002654226263985038
Rank:0 Epoch: [37/40], Step: [271/782], Loss: 0.02979000099003315
Rank:0 Epoch: [37/40], Step: [281/782], Loss: 0.06087816506624222
Rank:0 Epoch: [37/40], Step: [291/782], Loss: 0.01155238226056099
Rank:0 Epoch: [37/40], Step: [301/782], Loss: 0.017464391887187958
Rank:0 Epoch: [37/40], Step: [311/782], Loss: 0.002194980625063181
Rank:0 Epoch: [37/40], Step: [321/782], Loss: 0.023755069822072983
Rank:0 Epoch: [37/40], Step: [331/782], Loss: 0.02706061862409115
Rank:0 Epoch: [37/40], Step: [341/782], Loss: 0.005217779893428087
Rank:0 Epoch: [37/40], Step: [351/782], Loss: 0.0017546054441481829
Rank:0 Epoch: [37/40], Step: [361/782], Loss: 0.009945209138095379
Rank:0 Epoch: [37/40], Step: [371/782], Loss: 0.0009421796421520412
Rank:0 Epoch: [37/40], Step: [381/782], Loss: 0.06428918987512589
Rank:0 Epoch: [37/40], Step: [391/782], Loss: 0.0034323418512940407
Rank:0 Epoch: [37/40], Step: [401/782], Loss: 0.002386614214628935
Rank:0 Epoch: [37/40], Step: [411/782], Loss: 0.06894822418689728
Rank:0 Epoch: [37/40], Step: [421/782], Loss: 0.0007890997221693397
Rank:0 Epoch: [37/40], Step: [431/782], Loss: 0.0008460829267278314
Rank:0 Epoch: [37/40], Step: [441/782], Loss: 0.011233278550207615
Rank:0 Epoch: [37/40], Step: [451/782], Loss: 0.0007642818382009864
Rank:0 Epoch: [37/40], Step: [461/782], Loss: 0.007546969689428806
Rank:0 Epoch: [37/40], Step: [471/782], Loss: 0.0028032499831169844
Rank:0 Epoch: [37/40], Step: [481/782], Loss: 0.008990203961730003
Rank:0 Epoch: [37/40], Step: [491/782], Loss: 0.013744102790951729
Rank:0 Epoch: [37/40], Step: [501/782], Loss: 0.0017750727711245418
Rank:0 Epoch: [37/40], Step: [511/782], Loss: 0.06826967000961304
Rank:0 Epoch: [37/40], Step: [521/782], Loss: 0.010445952415466309
Rank:0 Epoch: [37/40], Step: [531/782], Loss: 0.006770975887775421
Rank:0 Epoch: [37/40], Step: [541/782], Loss: 0.055441949516534805
Rank:0 Epoch: [37/40], Step: [551/782], Loss: 0.03868401423096657
Rank:0 Epoch: [37/40], Step: [561/782], Loss: 0.0598675012588501
Rank:0 Epoch: [37/40], Step: [571/782], Loss: 0.021346697583794594
Rank:0 Epoch: [37/40], Step: [581/782], Loss: 0.0013776201521977782
Rank:0 Epoch: [37/40], Step: [591/782], Loss: 0.003258370328694582
Rank:0 Epoch: [37/40], Step: [601/782], Loss: 0.0015112473629415035
Rank:0 Epoch: [37/40], Step: [611/782], Loss: 0.01981489546597004
Rank:0 Epoch: [37/40], Step: [621/782], Loss: 0.002410095650702715
Rank:0 Epoch: [37/40], Step: [631/782], Loss: 0.006906567607074976
Rank:0 Epoch: [37/40], Step: [641/782], Loss: 0.0026886279229074717
Rank:0 Epoch: [37/40], Step: [651/782], Loss: 0.010846001096069813
Rank:0 Epoch: [37/40], Step: [661/782], Loss: 0.003599531715735793
Rank:0 Epoch: [37/40], Step: [671/782], Loss: 0.0015887981280684471
Rank:0 Epoch: [37/40], Step: [681/782], Loss: 0.020606650039553642
Rank:0 Epoch: [37/40], Step: [691/782], Loss: 0.0030663516372442245
Rank:0 Epoch: [37/40], Step: [701/782], Loss: 0.023535801097750664
Rank:0 Epoch: [37/40], Step: [711/782], Loss: 0.004287818446755409
Rank:0 Epoch: [37/40], Step: [721/782], Loss: 0.005959330126643181
Rank:0 Epoch: [37/40], Step: [731/782], Loss: 0.003249666653573513
Rank:0 Epoch: [37/40], Step: [741/782], Loss: 0.0008605185430496931
Rank:0 Epoch: [37/40], Step: [751/782], Loss: 0.0782390907406807
Rank:0 Epoch: [37/40], Step: [761/782], Loss: 0.0005525323213078082
Rank:0 Epoch: [37/40], Step: [771/782], Loss: 0.00326524511910975
Rank:0 Epoch: [37/40], Step: [781/782], Loss: 0.004115000367164612
Current Test Acc: 0.9354
Rank:0 Epoch: [38/40], Step: [1/782], Loss: 0.004010539501905441
Rank:0 Epoch: [38/40], Step: [11/782], Loss: 0.012890025973320007
Rank:0 Epoch: [38/40], Step: [21/782], Loss: 0.006536622066050768
Rank:0 Epoch: [38/40], Step: [31/782], Loss: 0.0029789225663989782
Rank:0 Epoch: [38/40], Step: [41/782], Loss: 0.03716618940234184
Rank:0 Epoch: [38/40], Step: [51/782], Loss: 0.014438712038099766
Rank:0 Epoch: [38/40], Step: [61/782], Loss: 0.005447397008538246
Rank:0 Epoch: [38/40], Step: [71/782], Loss: 0.008790972642600536
Rank:0 Epoch: [38/40], Step: [81/782], Loss: 0.06786133348941803
Rank:0 Epoch: [38/40], Step: [91/782], Loss: 0.004141923040151596
Rank:0 Epoch: [38/40], Step: [101/782], Loss: 0.0028532890137284994
Rank:0 Epoch: [38/40], Step: [111/782], Loss: 0.02083398401737213
Rank:0 Epoch: [38/40], Step: [121/782], Loss: 0.002989646280184388
Rank:0 Epoch: [38/40], Step: [131/782], Loss: 0.0014356171013787389
Rank:0 Epoch: [38/40], Step: [141/782], Loss: 0.00510898232460022
Rank:0 Epoch: [38/40], Step: [151/782], Loss: 0.0004965970292687416
Rank:0 Epoch: [38/40], Step: [161/782], Loss: 0.014558118768036366
Rank:0 Epoch: [38/40], Step: [171/782], Loss: 0.05271230638027191
Rank:0 Epoch: [38/40], Step: [181/782], Loss: 0.005746347364038229
Rank:0 Epoch: [38/40], Step: [191/782], Loss: 0.002383630722761154
Rank:0 Epoch: [38/40], Step: [201/782], Loss: 0.026095373556017876
Rank:0 Epoch: [38/40], Step: [211/782], Loss: 0.012804917991161346
Rank:0 Epoch: [38/40], Step: [221/782], Loss: 0.00419738469645381
Rank:0 Epoch: [38/40], Step: [231/782], Loss: 0.004396566189825535
Rank:0 Epoch: [38/40], Step: [241/782], Loss: 0.0026294614654034376
Rank:0 Epoch: [38/40], Step: [251/782], Loss: 0.002955337753519416
Rank:0 Epoch: [38/40], Step: [261/782], Loss: 0.007810904178768396
Rank:0 Epoch: [38/40], Step: [271/782], Loss: 0.00393071211874485
Rank:0 Epoch: [38/40], Step: [281/782], Loss: 0.06615687161684036
Rank:0 Epoch: [38/40], Step: [291/782], Loss: 0.01774485968053341
Rank:0 Epoch: [38/40], Step: [301/782], Loss: 0.006671830080449581
Rank:0 Epoch: [38/40], Step: [311/782], Loss: 0.11939375102519989
Rank:0 Epoch: [38/40], Step: [321/782], Loss: 0.004000702407211065
Rank:0 Epoch: [38/40], Step: [331/782], Loss: 0.008496012538671494
Rank:0 Epoch: [38/40], Step: [341/782], Loss: 0.0036642407067120075
Rank:0 Epoch: [38/40], Step: [351/782], Loss: 0.0005697848391719162
Rank:0 Epoch: [38/40], Step: [361/782], Loss: 0.006674745120108128
Rank:0 Epoch: [38/40], Step: [371/782], Loss: 0.0015565050998702645
Rank:0 Epoch: [38/40], Step: [381/782], Loss: 0.002937523415312171
Rank:0 Epoch: [38/40], Step: [391/782], Loss: 0.005774139892309904
Rank:0 Epoch: [38/40], Step: [401/782], Loss: 0.0024789723102003336
Rank:0 Epoch: [38/40], Step: [411/782], Loss: 0.0014571307692676783
Rank:0 Epoch: [38/40], Step: [421/782], Loss: 0.012905151583254337
Rank:0 Epoch: [38/40], Step: [431/782], Loss: 0.0018078782595694065
Rank:0 Epoch: [38/40], Step: [441/782], Loss: 0.0019343368476256728
Rank:0 Epoch: [38/40], Step: [451/782], Loss: 0.0041505396366119385
Rank:0 Epoch: [38/40], Step: [461/782], Loss: 0.002060952130705118
Rank:0 Epoch: [38/40], Step: [471/782], Loss: 0.0008945677545852959
Rank:0 Epoch: [38/40], Step: [481/782], Loss: 0.012883460149168968
Rank:0 Epoch: [38/40], Step: [491/782], Loss: 0.0020831578876823187
Rank:0 Epoch: [38/40], Step: [501/782], Loss: 0.0124445715919137
Rank:0 Epoch: [38/40], Step: [511/782], Loss: 0.02274775318801403
Rank:0 Epoch: [38/40], Step: [521/782], Loss: 0.005829945672303438
Rank:0 Epoch: [38/40], Step: [531/782], Loss: 0.007450173143297434
Rank:0 Epoch: [38/40], Step: [541/782], Loss: 0.0017441048985347152
Rank:0 Epoch: [38/40], Step: [551/782], Loss: 0.05249756574630737
Rank:0 Epoch: [38/40], Step: [561/782], Loss: 0.02618248201906681
Rank:0 Epoch: [38/40], Step: [571/782], Loss: 0.008981685154139996
Rank:0 Epoch: [38/40], Step: [581/782], Loss: 0.001536954427137971
Rank:0 Epoch: [38/40], Step: [591/782], Loss: 0.009992720559239388
Rank:0 Epoch: [38/40], Step: [601/782], Loss: 0.0034798586275428534
Rank:0 Epoch: [38/40], Step: [611/782], Loss: 0.0010343772592023015
Rank:0 Epoch: [38/40], Step: [621/782], Loss: 0.004668977577239275
Rank:0 Epoch: [38/40], Step: [631/782], Loss: 0.02768920175731182
Rank:0 Epoch: [38/40], Step: [641/782], Loss: 0.008581843227148056
Rank:0 Epoch: [38/40], Step: [651/782], Loss: 0.003076555673032999
Rank:0 Epoch: [38/40], Step: [661/782], Loss: 0.005833129398524761
Rank:0 Epoch: [38/40], Step: [671/782], Loss: 0.0013279843842610717
Rank:0 Epoch: [38/40], Step: [681/782], Loss: 0.023937644436955452
Rank:0 Epoch: [38/40], Step: [691/782], Loss: 0.004733404144644737
Rank:0 Epoch: [38/40], Step: [701/782], Loss: 0.0039929491467773914
Rank:0 Epoch: [38/40], Step: [711/782], Loss: 0.005378231406211853
Rank:0 Epoch: [38/40], Step: [721/782], Loss: 0.0025118826888501644
Rank:0 Epoch: [38/40], Step: [731/782], Loss: 0.005248435772955418
Rank:0 Epoch: [38/40], Step: [741/782], Loss: 0.001293016946874559
Rank:0 Epoch: [38/40], Step: [751/782], Loss: 0.0008548247860744596
Rank:0 Epoch: [38/40], Step: [761/782], Loss: 0.0017013022443279624
Rank:0 Epoch: [38/40], Step: [771/782], Loss: 0.02604089304804802
Rank:0 Epoch: [38/40], Step: [781/782], Loss: 0.005541130900382996
Current Test Acc: 0.9352
Rank:0 Epoch: [39/40], Step: [1/782], Loss: 0.0042261481285095215
Rank:0 Epoch: [39/40], Step: [11/782], Loss: 0.0014300866751000285
Rank:0 Epoch: [39/40], Step: [21/782], Loss: 0.0029717052821069956
Rank:0 Epoch: [39/40], Step: [31/782], Loss: 0.0010266262106597424
Rank:0 Epoch: [39/40], Step: [41/782], Loss: 0.0020385405514389277
Rank:0 Epoch: [39/40], Step: [51/782], Loss: 0.005952757317572832
Rank:0 Epoch: [39/40], Step: [61/782], Loss: 0.004474513698369265
Rank:0 Epoch: [39/40], Step: [71/782], Loss: 0.007514031138271093
Rank:0 Epoch: [39/40], Step: [81/782], Loss: 0.005749490577727556
Rank:0 Epoch: [39/40], Step: [91/782], Loss: 0.06064421683549881
Rank:0 Epoch: [39/40], Step: [101/782], Loss: 0.0419793576002121
Rank:0 Epoch: [39/40], Step: [111/782], Loss: 0.0031878123991191387
Rank:0 Epoch: [39/40], Step: [121/782], Loss: 0.0009778186213225126
Rank:0 Epoch: [39/40], Step: [131/782], Loss: 0.003196154721081257
Rank:0 Epoch: [39/40], Step: [141/782], Loss: 0.024187058210372925
Rank:0 Epoch: [39/40], Step: [151/782], Loss: 0.006853786762803793
Rank:0 Epoch: [39/40], Step: [161/782], Loss: 0.006814314052462578
Rank:0 Epoch: [39/40], Step: [171/782], Loss: 0.023725634440779686
Rank:0 Epoch: [39/40], Step: [181/782], Loss: 0.009278840385377407
Rank:0 Epoch: [39/40], Step: [191/782], Loss: 0.00139799143653363
Rank:0 Epoch: [39/40], Step: [201/782], Loss: 0.055747777223587036
Rank:0 Epoch: [39/40], Step: [211/782], Loss: 0.010044875554740429
Rank:0 Epoch: [39/40], Step: [221/782], Loss: 0.0669180378317833
Rank:0 Epoch: [39/40], Step: [231/782], Loss: 0.008633715100586414
Rank:0 Epoch: [39/40], Step: [241/782], Loss: 0.010767620988190174
Rank:0 Epoch: [39/40], Step: [251/782], Loss: 0.025254476815462112
Rank:0 Epoch: [39/40], Step: [261/782], Loss: 0.07907041162252426
Rank:0 Epoch: [39/40], Step: [271/782], Loss: 0.0019647355657070875
Rank:0 Epoch: [39/40], Step: [281/782], Loss: 0.000859078427311033
Rank:0 Epoch: [39/40], Step: [291/782], Loss: 0.007379925809800625
Rank:0 Epoch: [39/40], Step: [301/782], Loss: 0.03730351850390434
Rank:0 Epoch: [39/40], Step: [311/782], Loss: 0.0019009998068213463
Rank:0 Epoch: [39/40], Step: [321/782], Loss: 0.10152826458215714
Rank:0 Epoch: [39/40], Step: [331/782], Loss: 0.05370616912841797
Rank:0 Epoch: [39/40], Step: [341/782], Loss: 0.023646319285035133
Rank:0 Epoch: [39/40], Step: [351/782], Loss: 0.0013244481524452567
Rank:0 Epoch: [39/40], Step: [361/782], Loss: 0.003805013606324792
Rank:0 Epoch: [39/40], Step: [371/782], Loss: 0.001964632188901305
Rank:0 Epoch: [39/40], Step: [381/782], Loss: 0.001468209782615304
Rank:0 Epoch: [39/40], Step: [391/782], Loss: 0.008872718550264835
Rank:0 Epoch: [39/40], Step: [401/782], Loss: 0.0024730011355131865
Rank:0 Epoch: [39/40], Step: [411/782], Loss: 0.009586652740836143
Rank:0 Epoch: [39/40], Step: [421/782], Loss: 0.004818994086235762
Rank:0 Epoch: [39/40], Step: [431/782], Loss: 0.029838889837265015
Rank:0 Epoch: [39/40], Step: [441/782], Loss: 0.01294427178800106
Rank:0 Epoch: [39/40], Step: [451/782], Loss: 0.006806027609854937
Rank:0 Epoch: [39/40], Step: [461/782], Loss: 0.0013407726073637605
Rank:0 Epoch: [39/40], Step: [471/782], Loss: 0.009899673983454704
Rank:0 Epoch: [39/40], Step: [481/782], Loss: 0.04995925351977348
Rank:0 Epoch: [39/40], Step: [491/782], Loss: 0.003625378245487809
Rank:0 Epoch: [39/40], Step: [501/782], Loss: 0.012829755432903767
Rank:0 Epoch: [39/40], Step: [511/782], Loss: 0.0014249469386413693
Rank:0 Epoch: [39/40], Step: [521/782], Loss: 0.005225531291216612
Rank:0 Epoch: [39/40], Step: [531/782], Loss: 0.001737828366458416
Rank:0 Epoch: [39/40], Step: [541/782], Loss: 0.0008532933425158262
Rank:0 Epoch: [39/40], Step: [551/782], Loss: 0.003044837387278676
Rank:0 Epoch: [39/40], Step: [561/782], Loss: 0.004969676956534386
Rank:0 Epoch: [39/40], Step: [571/782], Loss: 0.04846314713358879
Rank:0 Epoch: [39/40], Step: [581/782], Loss: 0.0069130584597587585
Rank:0 Epoch: [39/40], Step: [591/782], Loss: 0.008420328609645367
Rank:0 Epoch: [39/40], Step: [601/782], Loss: 0.0044980403035879135
Rank:0 Epoch: [39/40], Step: [611/782], Loss: 0.0010047060204669833
Rank:0 Epoch: [39/40], Step: [621/782], Loss: 0.003515734802931547
Rank:0 Epoch: [39/40], Step: [631/782], Loss: 0.001936032553203404
Rank:0 Epoch: [39/40], Step: [641/782], Loss: 0.0036329978611320257
Rank:0 Epoch: [39/40], Step: [651/782], Loss: 0.0006889044889248908
Rank:0 Epoch: [39/40], Step: [661/782], Loss: 0.005789708346128464
Rank:0 Epoch: [39/40], Step: [671/782], Loss: 0.004711169749498367
Rank:0 Epoch: [39/40], Step: [681/782], Loss: 0.0011761067435145378
Rank:0 Epoch: [39/40], Step: [691/782], Loss: 0.0011927480809390545
Rank:0 Epoch: [39/40], Step: [701/782], Loss: 0.001851324224844575
Rank:0 Epoch: [39/40], Step: [711/782], Loss: 0.05285561829805374
Rank:0 Epoch: [39/40], Step: [721/782], Loss: 0.012917921878397465
Rank:0 Epoch: [39/40], Step: [731/782], Loss: 0.0016062164213508368
Rank:0 Epoch: [39/40], Step: [741/782], Loss: 0.00901753455400467
Rank:0 Epoch: [39/40], Step: [751/782], Loss: 0.003072707913815975
Rank:0 Epoch: [39/40], Step: [761/782], Loss: 0.0037768492475152016
Rank:0 Epoch: [39/40], Step: [771/782], Loss: 0.018675457686185837
Rank:0 Epoch: [39/40], Step: [781/782], Loss: 0.004483278375118971
Current Test Acc: 0.9359
Rank:0 Epoch: [40/40], Step: [1/782], Loss: 0.0012832906795665622
Rank:0 Epoch: [40/40], Step: [11/782], Loss: 0.0031146553810685873
Rank:0 Epoch: [40/40], Step: [21/782], Loss: 0.004101583268493414
Rank:0 Epoch: [40/40], Step: [31/782], Loss: 0.021130403503775597
Rank:0 Epoch: [40/40], Step: [41/782], Loss: 0.017556361854076385
Rank:0 Epoch: [40/40], Step: [51/782], Loss: 0.03355995938181877
Rank:0 Epoch: [40/40], Step: [61/782], Loss: 0.03797730430960655
Rank:0 Epoch: [40/40], Step: [71/782], Loss: 0.01021956279873848
Rank:0 Epoch: [40/40], Step: [81/782], Loss: 0.009295283816754818
Rank:0 Epoch: [40/40], Step: [91/782], Loss: 0.011353235691785812
Rank:0 Epoch: [40/40], Step: [101/782], Loss: 0.02179884724318981
Rank:0 Epoch: [40/40], Step: [111/782], Loss: 0.0058007314801216125
Rank:0 Epoch: [40/40], Step: [121/782], Loss: 0.0021017591934651136
Rank:0 Epoch: [40/40], Step: [131/782], Loss: 0.0008499860414303839
Rank:0 Epoch: [40/40], Step: [141/782], Loss: 0.01662668213248253
Rank:0 Epoch: [40/40], Step: [151/782], Loss: 0.025547292083501816
Rank:0 Epoch: [40/40], Step: [161/782], Loss: 0.0028511914424598217
Rank:0 Epoch: [40/40], Step: [171/782], Loss: 0.0016622045077383518
Rank:0 Epoch: [40/40], Step: [181/782], Loss: 0.0011203908361494541
Rank:0 Epoch: [40/40], Step: [191/782], Loss: 0.0020677524153143167
Rank:0 Epoch: [40/40], Step: [201/782], Loss: 0.021427158266305923
Rank:0 Epoch: [40/40], Step: [211/782], Loss: 0.01175119262188673
Rank:0 Epoch: [40/40], Step: [221/782], Loss: 0.0003907241625711322
Rank:0 Epoch: [40/40], Step: [231/782], Loss: 0.019678311422467232
Rank:0 Epoch: [40/40], Step: [241/782], Loss: 0.021741438657045364
Rank:0 Epoch: [40/40], Step: [251/782], Loss: 0.0037308409810066223
Rank:0 Epoch: [40/40], Step: [261/782], Loss: 0.017349405214190483
Rank:0 Epoch: [40/40], Step: [271/782], Loss: 0.004877628292888403
Rank:0 Epoch: [40/40], Step: [281/782], Loss: 0.048646461218595505
Rank:0 Epoch: [40/40], Step: [291/782], Loss: 0.03389988839626312
Rank:0 Epoch: [40/40], Step: [301/782], Loss: 0.04372222721576691
Rank:0 Epoch: [40/40], Step: [311/782], Loss: 0.009687953628599644
Rank:0 Epoch: [40/40], Step: [321/782], Loss: 0.019512729719281197
Rank:0 Epoch: [40/40], Step: [331/782], Loss: 0.001227149972692132
Rank:0 Epoch: [40/40], Step: [341/782], Loss: 0.0026118678506463766
Rank:0 Epoch: [40/40], Step: [351/782], Loss: 0.0011077134404331446
Rank:0 Epoch: [40/40], Step: [361/782], Loss: 0.011815893463790417
Rank:0 Epoch: [40/40], Step: [371/782], Loss: 0.009882353246212006
Rank:0 Epoch: [40/40], Step: [381/782], Loss: 0.0038170190528035164
Rank:0 Epoch: [40/40], Step: [391/782], Loss: 0.0066850935108959675
Rank:0 Epoch: [40/40], Step: [401/782], Loss: 0.0016138777136802673
Rank:0 Epoch: [40/40], Step: [411/782], Loss: 0.009883269667625427
Rank:0 Epoch: [40/40], Step: [421/782], Loss: 0.04452916234731674
Rank:0 Epoch: [40/40], Step: [431/782], Loss: 0.005513983778655529
Rank:0 Epoch: [40/40], Step: [441/782], Loss: 0.004862956237047911
Rank:0 Epoch: [40/40], Step: [451/782], Loss: 0.06721853464841843
Rank:0 Epoch: [40/40], Step: [461/782], Loss: 0.022121956571936607
Rank:0 Epoch: [40/40], Step: [471/782], Loss: 0.03631279617547989
Rank:0 Epoch: [40/40], Step: [481/782], Loss: 0.030799176543951035
Rank:0 Epoch: [40/40], Step: [491/782], Loss: 0.006005002651363611
Rank:0 Epoch: [40/40], Step: [501/782], Loss: 0.006791674066334963
Rank:0 Epoch: [40/40], Step: [511/782], Loss: 0.01126286294311285
Rank:0 Epoch: [40/40], Step: [521/782], Loss: 0.009611260145902634
Rank:0 Epoch: [40/40], Step: [531/782], Loss: 0.04877490550279617
Rank:0 Epoch: [40/40], Step: [541/782], Loss: 0.010560517199337482
Rank:0 Epoch: [40/40], Step: [551/782], Loss: 0.05918963998556137
Rank:0 Epoch: [40/40], Step: [561/782], Loss: 0.003496934659779072
Rank:0 Epoch: [40/40], Step: [571/782], Loss: 0.0020387466065585613
Rank:0 Epoch: [40/40], Step: [581/782], Loss: 0.016262784600257874
Rank:0 Epoch: [40/40], Step: [591/782], Loss: 0.0018348859157413244
Rank:0 Epoch: [40/40], Step: [601/782], Loss: 0.018279768526554108
Rank:0 Epoch: [40/40], Step: [611/782], Loss: 0.0018680347129702568
Rank:0 Epoch: [40/40], Step: [621/782], Loss: 0.0027898612897843122
Rank:0 Epoch: [40/40], Step: [631/782], Loss: 0.0011002138489857316
Rank:0 Epoch: [40/40], Step: [641/782], Loss: 0.017360737547278404
Rank:0 Epoch: [40/40], Step: [651/782], Loss: 0.0011169392382726073
Rank:0 Epoch: [40/40], Step: [661/782], Loss: 0.0012676111655309796
Rank:0 Epoch: [40/40], Step: [671/782], Loss: 0.015682991594076157
Rank:0 Epoch: [40/40], Step: [681/782], Loss: 0.0017606531037017703
Rank:0 Epoch: [40/40], Step: [691/782], Loss: 0.006089638452976942
Rank:0 Epoch: [40/40], Step: [701/782], Loss: 0.008326451294124126
Rank:0 Epoch: [40/40], Step: [711/782], Loss: 0.002090495778247714
Rank:0 Epoch: [40/40], Step: [721/782], Loss: 0.0013359285658225417
Rank:0 Epoch: [40/40], Step: [731/782], Loss: 0.002730004955083132
Rank:0 Epoch: [40/40], Step: [741/782], Loss: 0.0041673555970191956
Rank:0 Epoch: [40/40], Step: [751/782], Loss: 0.002458487171679735
Rank:0 Epoch: [40/40], Step: [761/782], Loss: 0.005983962677419186
Rank:0 Epoch: [40/40], Step: [771/782], Loss: 0.0025495896115899086
Rank:0 Epoch: [40/40], Step: [781/782], Loss: 0.0015320285456255078
Current Test Acc: 0.9369
Local best accuracy so far 0.9369
Best accuracy so far 0.9369
completed!
