ddp backend: nccl, world size: 1
rank 0 train on cuda 0
Rank:0 Epoch: [1/40], Step: [1/782], Loss: 3.0781846046447754
Rank:0 Epoch: [1/40], Step: [11/782], Loss: 1.8683665990829468
Rank:0 Epoch: [1/40], Step: [21/782], Loss: 1.1514776945114136
Rank:0 Epoch: [1/40], Step: [31/782], Loss: 1.3696517944335938
Rank:0 Epoch: [1/40], Step: [41/782], Loss: 1.403231143951416
Rank:0 Epoch: [1/40], Step: [51/782], Loss: 1.3462859392166138
Rank:0 Epoch: [1/40], Step: [61/782], Loss: 1.2751212120056152
Rank:0 Epoch: [1/40], Step: [71/782], Loss: 1.104688048362732
Rank:0 Epoch: [1/40], Step: [81/782], Loss: 0.9094398617744446
Rank:0 Epoch: [1/40], Step: [91/782], Loss: 0.934342622756958
Rank:0 Epoch: [1/40], Step: [101/782], Loss: 1.0828543901443481
Rank:0 Epoch: [1/40], Step: [111/782], Loss: 0.7444959878921509
Rank:0 Epoch: [1/40], Step: [121/782], Loss: 0.7439738512039185
Rank:0 Epoch: [1/40], Step: [131/782], Loss: 0.6501060724258423
Rank:0 Epoch: [1/40], Step: [141/782], Loss: 0.8837710022926331
Rank:0 Epoch: [1/40], Step: [151/782], Loss: 1.1146034002304077
Rank:0 Epoch: [1/40], Step: [161/782], Loss: 1.0630671977996826
Rank:0 Epoch: [1/40], Step: [171/782], Loss: 0.6176981925964355
Rank:0 Epoch: [1/40], Step: [181/782], Loss: 0.809370219707489
Rank:0 Epoch: [1/40], Step: [191/782], Loss: 0.8817939758300781
Rank:0 Epoch: [1/40], Step: [201/782], Loss: 0.7890688180923462
Rank:0 Epoch: [1/40], Step: [211/782], Loss: 0.781235933303833
Rank:0 Epoch: [1/40], Step: [221/782], Loss: 0.6686130166053772
Rank:0 Epoch: [1/40], Step: [231/782], Loss: 0.8360901474952698
Rank:0 Epoch: [1/40], Step: [241/782], Loss: 0.607765257358551
Rank:0 Epoch: [1/40], Step: [251/782], Loss: 0.6472229361534119
Rank:0 Epoch: [1/40], Step: [261/782], Loss: 0.8690610527992249
Rank:0 Epoch: [1/40], Step: [271/782], Loss: 0.8033088445663452
Rank:0 Epoch: [1/40], Step: [281/782], Loss: 0.5686699748039246
Rank:0 Epoch: [1/40], Step: [291/782], Loss: 0.5098704099655151
Rank:0 Epoch: [1/40], Step: [301/782], Loss: 0.8348835706710815
Rank:0 Epoch: [1/40], Step: [311/782], Loss: 0.8047276139259338
Rank:0 Epoch: [1/40], Step: [321/782], Loss: 0.7337206602096558
Rank:0 Epoch: [1/40], Step: [331/782], Loss: 1.0322645902633667
Rank:0 Epoch: [1/40], Step: [341/782], Loss: 0.513249933719635
Rank:0 Epoch: [1/40], Step: [351/782], Loss: 0.8142184615135193
Rank:0 Epoch: [1/40], Step: [361/782], Loss: 0.6289154291152954
Rank:0 Epoch: [1/40], Step: [371/782], Loss: 0.7546364068984985
Rank:0 Epoch: [1/40], Step: [381/782], Loss: 0.7993666529655457
Rank:0 Epoch: [1/40], Step: [391/782], Loss: 0.5805119276046753
Rank:0 Epoch: [1/40], Step: [401/782], Loss: 0.7898977398872375
Rank:0 Epoch: [1/40], Step: [411/782], Loss: 0.6332588195800781
Rank:0 Epoch: [1/40], Step: [421/782], Loss: 0.6899617314338684
Rank:0 Epoch: [1/40], Step: [431/782], Loss: 0.6875140070915222
Rank:0 Epoch: [1/40], Step: [441/782], Loss: 0.57437664270401
Rank:0 Epoch: [1/40], Step: [451/782], Loss: 0.5701068043708801
Rank:0 Epoch: [1/40], Step: [461/782], Loss: 0.6791877746582031
Rank:0 Epoch: [1/40], Step: [471/782], Loss: 0.5906084179878235
Rank:0 Epoch: [1/40], Step: [481/782], Loss: 0.7335145473480225
Rank:0 Epoch: [1/40], Step: [491/782], Loss: 0.5474867820739746
Rank:0 Epoch: [1/40], Step: [501/782], Loss: 0.6029163599014282
Rank:0 Epoch: [1/40], Step: [511/782], Loss: 0.5383141040802002
Rank:0 Epoch: [1/40], Step: [521/782], Loss: 0.49350154399871826
Rank:0 Epoch: [1/40], Step: [531/782], Loss: 0.5110427737236023
Rank:0 Epoch: [1/40], Step: [541/782], Loss: 0.5255824327468872
Rank:0 Epoch: [1/40], Step: [551/782], Loss: 0.595778226852417
Rank:0 Epoch: [1/40], Step: [561/782], Loss: 0.4309377074241638
Rank:0 Epoch: [1/40], Step: [571/782], Loss: 0.5055148005485535
Rank:0 Epoch: [1/40], Step: [581/782], Loss: 0.8306118249893188
Rank:0 Epoch: [1/40], Step: [591/782], Loss: 0.7558478116989136
Rank:0 Epoch: [1/40], Step: [601/782], Loss: 0.7172554731369019
Rank:0 Epoch: [1/40], Step: [611/782], Loss: 0.6942717432975769
Rank:0 Epoch: [1/40], Step: [621/782], Loss: 0.6692328453063965
Rank:0 Epoch: [1/40], Step: [631/782], Loss: 0.6822093725204468
Rank:0 Epoch: [1/40], Step: [641/782], Loss: 0.6515256762504578
Rank:0 Epoch: [1/40], Step: [651/782], Loss: 0.9112091064453125
Rank:0 Epoch: [1/40], Step: [661/782], Loss: 0.8178029656410217
Rank:0 Epoch: [1/40], Step: [671/782], Loss: 0.6802330017089844
Rank:0 Epoch: [1/40], Step: [681/782], Loss: 0.6052011251449585
Rank:0 Epoch: [1/40], Step: [691/782], Loss: 0.5968523025512695
Rank:0 Epoch: [1/40], Step: [701/782], Loss: 0.8385304808616638
Rank:0 Epoch: [1/40], Step: [711/782], Loss: 0.524300217628479
Rank:0 Epoch: [1/40], Step: [721/782], Loss: 0.6049280166625977
Rank:0 Epoch: [1/40], Step: [731/782], Loss: 0.5934170484542847
Rank:0 Epoch: [1/40], Step: [741/782], Loss: 0.4215022027492523
Rank:0 Epoch: [1/40], Step: [751/782], Loss: 0.3885359466075897
Rank:0 Epoch: [1/40], Step: [761/782], Loss: 0.6628361344337463
Rank:0 Epoch: [1/40], Step: [771/782], Loss: 0.4809386730194092
Rank:0 Epoch: [1/40], Step: [781/782], Loss: 0.7355934381484985
Current Test Acc: 0.7821
Rank:0 Epoch: [2/40], Step: [1/782], Loss: 0.7271631360054016
Rank:0 Epoch: [2/40], Step: [11/782], Loss: 0.6632298827171326
Rank:0 Epoch: [2/40], Step: [21/782], Loss: 0.40956375002861023
Rank:0 Epoch: [2/40], Step: [31/782], Loss: 0.7347354888916016
Rank:0 Epoch: [2/40], Step: [41/782], Loss: 0.5439115166664124
Rank:0 Epoch: [2/40], Step: [51/782], Loss: 0.610404908657074
Rank:0 Epoch: [2/40], Step: [61/782], Loss: 0.4492467939853668
Rank:0 Epoch: [2/40], Step: [71/782], Loss: 0.7934296131134033
Rank:0 Epoch: [2/40], Step: [81/782], Loss: 0.6665299534797668
Rank:0 Epoch: [2/40], Step: [91/782], Loss: 0.8087324500083923
Rank:0 Epoch: [2/40], Step: [101/782], Loss: 0.5125868320465088
Rank:0 Epoch: [2/40], Step: [111/782], Loss: 0.6790679097175598
Rank:0 Epoch: [2/40], Step: [121/782], Loss: 0.47116819024086
Rank:0 Epoch: [2/40], Step: [131/782], Loss: 0.5855843424797058
Rank:0 Epoch: [2/40], Step: [141/782], Loss: 0.7377525568008423
Rank:0 Epoch: [2/40], Step: [151/782], Loss: 0.8031114339828491
Rank:0 Epoch: [2/40], Step: [161/782], Loss: 0.6922318935394287
Rank:0 Epoch: [2/40], Step: [171/782], Loss: 0.5712361931800842
Rank:0 Epoch: [2/40], Step: [181/782], Loss: 0.7476429343223572
Rank:0 Epoch: [2/40], Step: [191/782], Loss: 0.6382140517234802
Rank:0 Epoch: [2/40], Step: [201/782], Loss: 0.5803385972976685
Rank:0 Epoch: [2/40], Step: [211/782], Loss: 0.5262181162834167
Rank:0 Epoch: [2/40], Step: [221/782], Loss: 0.4362998902797699
Rank:0 Epoch: [2/40], Step: [231/782], Loss: 0.5412006378173828
Rank:0 Epoch: [2/40], Step: [241/782], Loss: 0.6349791884422302
Rank:0 Epoch: [2/40], Step: [251/782], Loss: 0.6406581401824951
Rank:0 Epoch: [2/40], Step: [261/782], Loss: 0.5561676025390625
Rank:0 Epoch: [2/40], Step: [271/782], Loss: 0.6572127938270569
Rank:0 Epoch: [2/40], Step: [281/782], Loss: 0.5196675658226013
Rank:0 Epoch: [2/40], Step: [291/782], Loss: 0.4332387447357178
Rank:0 Epoch: [2/40], Step: [301/782], Loss: 0.6682813763618469
Rank:0 Epoch: [2/40], Step: [311/782], Loss: 0.4315960705280304
Rank:0 Epoch: [2/40], Step: [321/782], Loss: 0.5687451362609863
Rank:0 Epoch: [2/40], Step: [331/782], Loss: 0.7190065383911133
Rank:0 Epoch: [2/40], Step: [341/782], Loss: 0.5663055181503296
Rank:0 Epoch: [2/40], Step: [351/782], Loss: 0.4449659287929535
Rank:0 Epoch: [2/40], Step: [361/782], Loss: 0.6939619183540344
Rank:0 Epoch: [2/40], Step: [371/782], Loss: 0.5023701190948486
Rank:0 Epoch: [2/40], Step: [381/782], Loss: 0.5298148989677429
Rank:0 Epoch: [2/40], Step: [391/782], Loss: 0.5736199021339417
Rank:0 Epoch: [2/40], Step: [401/782], Loss: 0.7466520667076111
Rank:0 Epoch: [2/40], Step: [411/782], Loss: 0.4122695028781891
Rank:0 Epoch: [2/40], Step: [421/782], Loss: 0.572442352771759
Rank:0 Epoch: [2/40], Step: [431/782], Loss: 0.5449288487434387
Rank:0 Epoch: [2/40], Step: [441/782], Loss: 0.5884799361228943
Rank:0 Epoch: [2/40], Step: [451/782], Loss: 0.4574233889579773
Rank:0 Epoch: [2/40], Step: [461/782], Loss: 0.5013904571533203
Rank:0 Epoch: [2/40], Step: [471/782], Loss: 0.7150461673736572
Rank:0 Epoch: [2/40], Step: [481/782], Loss: 0.5654745697975159
Rank:0 Epoch: [2/40], Step: [491/782], Loss: 0.5934600234031677
Rank:0 Epoch: [2/40], Step: [501/782], Loss: 0.747265100479126
Rank:0 Epoch: [2/40], Step: [511/782], Loss: 0.7396535277366638
Rank:0 Epoch: [2/40], Step: [521/782], Loss: 0.5156132578849792
Rank:0 Epoch: [2/40], Step: [531/782], Loss: 0.62356036901474
Rank:0 Epoch: [2/40], Step: [541/782], Loss: 0.6136826872825623
Rank:0 Epoch: [2/40], Step: [551/782], Loss: 0.41974031925201416
Rank:0 Epoch: [2/40], Step: [561/782], Loss: 0.3589276075363159
Rank:0 Epoch: [2/40], Step: [571/782], Loss: 0.6543164849281311
Rank:0 Epoch: [2/40], Step: [581/782], Loss: 0.4887065887451172
Rank:0 Epoch: [2/40], Step: [591/782], Loss: 0.5179617404937744
Rank:0 Epoch: [2/40], Step: [601/782], Loss: 0.48762840032577515
Rank:0 Epoch: [2/40], Step: [611/782], Loss: 0.4621182382106781
Rank:0 Epoch: [2/40], Step: [621/782], Loss: 0.5077991485595703
Rank:0 Epoch: [2/40], Step: [631/782], Loss: 0.49222156405448914
Rank:0 Epoch: [2/40], Step: [641/782], Loss: 0.5210859775543213
Rank:0 Epoch: [2/40], Step: [651/782], Loss: 0.6355838775634766
Rank:0 Epoch: [2/40], Step: [661/782], Loss: 0.6972872614860535
Rank:0 Epoch: [2/40], Step: [671/782], Loss: 0.7273656129837036
Rank:0 Epoch: [2/40], Step: [681/782], Loss: 0.5170695185661316
Rank:0 Epoch: [2/40], Step: [691/782], Loss: 0.4817071259021759
Rank:0 Epoch: [2/40], Step: [701/782], Loss: 0.49591580033302307
Rank:0 Epoch: [2/40], Step: [711/782], Loss: 0.6366898417472839
Rank:0 Epoch: [2/40], Step: [721/782], Loss: 0.5545358657836914
Rank:0 Epoch: [2/40], Step: [731/782], Loss: 0.32758277654647827
Rank:0 Epoch: [2/40], Step: [741/782], Loss: 0.639194667339325
Rank:0 Epoch: [2/40], Step: [751/782], Loss: 0.4644794762134552
Rank:0 Epoch: [2/40], Step: [761/782], Loss: 0.7502799034118652
Rank:0 Epoch: [2/40], Step: [771/782], Loss: 0.44656896591186523
Rank:0 Epoch: [2/40], Step: [781/782], Loss: 0.554006040096283
Current Test Acc: 0.7797
Rank:0 Epoch: [3/40], Step: [1/782], Loss: 0.6558877825737
Rank:0 Epoch: [3/40], Step: [11/782], Loss: 0.6141757965087891
Rank:0 Epoch: [3/40], Step: [21/782], Loss: 0.5061971545219421
Rank:0 Epoch: [3/40], Step: [31/782], Loss: 0.43826228380203247
Rank:0 Epoch: [3/40], Step: [41/782], Loss: 0.49258074164390564
Rank:0 Epoch: [3/40], Step: [51/782], Loss: 0.42905259132385254
Rank:0 Epoch: [3/40], Step: [61/782], Loss: 0.5944410562515259
Rank:0 Epoch: [3/40], Step: [71/782], Loss: 0.5495865345001221
Rank:0 Epoch: [3/40], Step: [81/782], Loss: 0.4417392611503601
Rank:0 Epoch: [3/40], Step: [91/782], Loss: 0.6946187019348145
Rank:0 Epoch: [3/40], Step: [101/782], Loss: 0.6955862641334534
Rank:0 Epoch: [3/40], Step: [111/782], Loss: 0.4543013572692871
Rank:0 Epoch: [3/40], Step: [121/782], Loss: 0.47824665904045105
Rank:0 Epoch: [3/40], Step: [131/782], Loss: 0.4094535708427429
Rank:0 Epoch: [3/40], Step: [141/782], Loss: 0.5294174551963806
Rank:0 Epoch: [3/40], Step: [151/782], Loss: 0.5012608170509338
Rank:0 Epoch: [3/40], Step: [161/782], Loss: 0.48329901695251465
Rank:0 Epoch: [3/40], Step: [171/782], Loss: 0.5169451832771301
Rank:0 Epoch: [3/40], Step: [181/782], Loss: 0.5414469242095947
Rank:0 Epoch: [3/40], Step: [191/782], Loss: 0.34966522455215454
Rank:0 Epoch: [3/40], Step: [201/782], Loss: 0.42211997509002686
Rank:0 Epoch: [3/40], Step: [211/782], Loss: 0.3727693259716034
Rank:0 Epoch: [3/40], Step: [221/782], Loss: 0.3882686495780945
Rank:0 Epoch: [3/40], Step: [231/782], Loss: 0.6216310262680054
Rank:0 Epoch: [3/40], Step: [241/782], Loss: 0.5268837213516235
Rank:0 Epoch: [3/40], Step: [251/782], Loss: 0.38932883739471436
Rank:0 Epoch: [3/40], Step: [261/782], Loss: 0.5010926127433777
Rank:0 Epoch: [3/40], Step: [271/782], Loss: 0.6845369935035706
Rank:0 Epoch: [3/40], Step: [281/782], Loss: 0.5766690373420715
Rank:0 Epoch: [3/40], Step: [291/782], Loss: 0.3386233448982239
Rank:0 Epoch: [3/40], Step: [301/782], Loss: 0.5867125391960144
Rank:0 Epoch: [3/40], Step: [311/782], Loss: 0.534418523311615
Rank:0 Epoch: [3/40], Step: [321/782], Loss: 0.5704835057258606
Rank:0 Epoch: [3/40], Step: [331/782], Loss: 0.5004434585571289
Rank:0 Epoch: [3/40], Step: [341/782], Loss: 0.6835312843322754
Rank:0 Epoch: [3/40], Step: [351/782], Loss: 0.4280669391155243
Rank:0 Epoch: [3/40], Step: [361/782], Loss: 0.5839412808418274
Rank:0 Epoch: [3/40], Step: [371/782], Loss: 0.5336710810661316
Rank:0 Epoch: [3/40], Step: [381/782], Loss: 0.5116680264472961
Rank:0 Epoch: [3/40], Step: [391/782], Loss: 0.5127131938934326
Rank:0 Epoch: [3/40], Step: [401/782], Loss: 0.6255716681480408
Rank:0 Epoch: [3/40], Step: [411/782], Loss: 0.553176760673523
Rank:0 Epoch: [3/40], Step: [421/782], Loss: 0.5139838457107544
Rank:0 Epoch: [3/40], Step: [431/782], Loss: 0.6064249277114868
Rank:0 Epoch: [3/40], Step: [441/782], Loss: 0.5169953107833862
Rank:0 Epoch: [3/40], Step: [451/782], Loss: 0.5227725505828857
Rank:0 Epoch: [3/40], Step: [461/782], Loss: 0.5205814838409424
Rank:0 Epoch: [3/40], Step: [471/782], Loss: 0.4354018568992615
Rank:0 Epoch: [3/40], Step: [481/782], Loss: 0.821718692779541
Rank:0 Epoch: [3/40], Step: [491/782], Loss: 0.6874823570251465
Rank:0 Epoch: [3/40], Step: [501/782], Loss: 0.4498160779476166
Rank:0 Epoch: [3/40], Step: [511/782], Loss: 0.3377869725227356
Rank:0 Epoch: [3/40], Step: [521/782], Loss: 0.49083125591278076
Rank:0 Epoch: [3/40], Step: [531/782], Loss: 0.4434521794319153
Rank:0 Epoch: [3/40], Step: [541/782], Loss: 0.5381410121917725
Rank:0 Epoch: [3/40], Step: [551/782], Loss: 0.3777611255645752
Rank:0 Epoch: [3/40], Step: [561/782], Loss: 0.5465523600578308
Rank:0 Epoch: [3/40], Step: [571/782], Loss: 0.7894971370697021
Rank:0 Epoch: [3/40], Step: [581/782], Loss: 0.6686606407165527
Rank:0 Epoch: [3/40], Step: [591/782], Loss: 0.46679168939590454
Rank:0 Epoch: [3/40], Step: [601/782], Loss: 0.4730674922466278
Rank:0 Epoch: [3/40], Step: [611/782], Loss: 0.4612714946269989
Rank:0 Epoch: [3/40], Step: [621/782], Loss: 0.49080318212509155
Rank:0 Epoch: [3/40], Step: [631/782], Loss: 0.6477246880531311
Rank:0 Epoch: [3/40], Step: [641/782], Loss: 0.4036402702331543
Rank:0 Epoch: [3/40], Step: [651/782], Loss: 0.40952828526496887
Rank:0 Epoch: [3/40], Step: [661/782], Loss: 0.45902979373931885
Rank:0 Epoch: [3/40], Step: [671/782], Loss: 0.6054381132125854
Rank:0 Epoch: [3/40], Step: [681/782], Loss: 0.5801335573196411
Rank:0 Epoch: [3/40], Step: [691/782], Loss: 0.7329788208007812
Rank:0 Epoch: [3/40], Step: [701/782], Loss: 0.6264359951019287
Rank:0 Epoch: [3/40], Step: [711/782], Loss: 0.600874125957489
Rank:0 Epoch: [3/40], Step: [721/782], Loss: 0.49904870986938477
Rank:0 Epoch: [3/40], Step: [731/782], Loss: 0.608993649482727
Rank:0 Epoch: [3/40], Step: [741/782], Loss: 0.45743563771247864
Rank:0 Epoch: [3/40], Step: [751/782], Loss: 0.5095324516296387
Rank:0 Epoch: [3/40], Step: [761/782], Loss: 0.48291727900505066
Rank:0 Epoch: [3/40], Step: [771/782], Loss: 0.5527153611183167
Rank:0 Epoch: [3/40], Step: [781/782], Loss: 0.48278379440307617
Current Test Acc: 0.8127
Rank:0 Epoch: [4/40], Step: [1/782], Loss: 0.6279106140136719
Rank:0 Epoch: [4/40], Step: [11/782], Loss: 0.4660235047340393
Rank:0 Epoch: [4/40], Step: [21/782], Loss: 0.46488890051841736
Rank:0 Epoch: [4/40], Step: [31/782], Loss: 0.5448765158653259
Rank:0 Epoch: [4/40], Step: [41/782], Loss: 0.41180482506752014
Rank:0 Epoch: [4/40], Step: [51/782], Loss: 0.5448501110076904
Rank:0 Epoch: [4/40], Step: [61/782], Loss: 0.33901873230934143
Rank:0 Epoch: [4/40], Step: [71/782], Loss: 0.43738919496536255
Rank:0 Epoch: [4/40], Step: [81/782], Loss: 0.2935435175895691
Rank:0 Epoch: [4/40], Step: [91/782], Loss: 0.5188614726066589
Rank:0 Epoch: [4/40], Step: [101/782], Loss: 0.38301438093185425
Rank:0 Epoch: [4/40], Step: [111/782], Loss: 0.41152244806289673
Rank:0 Epoch: [4/40], Step: [121/782], Loss: 0.2471459060907364
Rank:0 Epoch: [4/40], Step: [131/782], Loss: 0.4956303834915161
Rank:0 Epoch: [4/40], Step: [141/782], Loss: 0.3850516974925995
Rank:0 Epoch: [4/40], Step: [151/782], Loss: 0.43221545219421387
Rank:0 Epoch: [4/40], Step: [161/782], Loss: 0.6085764765739441
Rank:0 Epoch: [4/40], Step: [171/782], Loss: 0.5781433582305908
Rank:0 Epoch: [4/40], Step: [181/782], Loss: 0.708913266658783
Rank:0 Epoch: [4/40], Step: [191/782], Loss: 0.5833182334899902
Rank:0 Epoch: [4/40], Step: [201/782], Loss: 0.5946028232574463
Rank:0 Epoch: [4/40], Step: [211/782], Loss: 0.46846598386764526
Rank:0 Epoch: [4/40], Step: [221/782], Loss: 0.6406902074813843
Rank:0 Epoch: [4/40], Step: [231/782], Loss: 0.6449196934700012
Rank:0 Epoch: [4/40], Step: [241/782], Loss: 0.3175015151500702
Rank:0 Epoch: [4/40], Step: [251/782], Loss: 0.5844599008560181
Rank:0 Epoch: [4/40], Step: [261/782], Loss: 0.4965825378894806
Rank:0 Epoch: [4/40], Step: [271/782], Loss: 0.4784964323043823
Rank:0 Epoch: [4/40], Step: [281/782], Loss: 0.3831985592842102
Rank:0 Epoch: [4/40], Step: [291/782], Loss: 0.562905490398407
Rank:0 Epoch: [4/40], Step: [301/782], Loss: 0.6493099331855774
Rank:0 Epoch: [4/40], Step: [311/782], Loss: 0.5141758918762207
Rank:0 Epoch: [4/40], Step: [321/782], Loss: 0.47677960991859436
Rank:0 Epoch: [4/40], Step: [331/782], Loss: 0.49492064118385315
Rank:0 Epoch: [4/40], Step: [341/782], Loss: 0.4280191659927368
Rank:0 Epoch: [4/40], Step: [351/782], Loss: 0.3519839644432068
Rank:0 Epoch: [4/40], Step: [361/782], Loss: 0.570073664188385
Rank:0 Epoch: [4/40], Step: [371/782], Loss: 0.6060082912445068
Rank:0 Epoch: [4/40], Step: [381/782], Loss: 0.5468801856040955
Rank:0 Epoch: [4/40], Step: [391/782], Loss: 0.5843857526779175
Rank:0 Epoch: [4/40], Step: [401/782], Loss: 0.5053204894065857
Rank:0 Epoch: [4/40], Step: [411/782], Loss: 0.49620649218559265
Rank:0 Epoch: [4/40], Step: [421/782], Loss: 0.43728935718536377
Rank:0 Epoch: [4/40], Step: [431/782], Loss: 0.5647082328796387
Rank:0 Epoch: [4/40], Step: [441/782], Loss: 0.6444896459579468
Rank:0 Epoch: [4/40], Step: [451/782], Loss: 0.4813953638076782
Rank:0 Epoch: [4/40], Step: [461/782], Loss: 0.453305721282959
Rank:0 Epoch: [4/40], Step: [471/782], Loss: 0.6078445911407471
Rank:0 Epoch: [4/40], Step: [481/782], Loss: 0.9176428318023682
Rank:0 Epoch: [4/40], Step: [491/782], Loss: 0.42036736011505127
Rank:0 Epoch: [4/40], Step: [501/782], Loss: 0.4807986915111542
Rank:0 Epoch: [4/40], Step: [511/782], Loss: 0.2921038269996643
Rank:0 Epoch: [4/40], Step: [521/782], Loss: 0.4907171130180359
Rank:0 Epoch: [4/40], Step: [531/782], Loss: 0.7533488869667053
Rank:0 Epoch: [4/40], Step: [541/782], Loss: 0.5030031204223633
Rank:0 Epoch: [4/40], Step: [551/782], Loss: 0.5229276418685913
Rank:0 Epoch: [4/40], Step: [561/782], Loss: 0.6260466575622559
Rank:0 Epoch: [4/40], Step: [571/782], Loss: 0.33707737922668457
Rank:0 Epoch: [4/40], Step: [581/782], Loss: 0.39381909370422363
Rank:0 Epoch: [4/40], Step: [591/782], Loss: 0.34511473774909973
Rank:0 Epoch: [4/40], Step: [601/782], Loss: 0.5134296417236328
Rank:0 Epoch: [4/40], Step: [611/782], Loss: 0.40411365032196045
Rank:0 Epoch: [4/40], Step: [621/782], Loss: 0.34872815012931824
Rank:0 Epoch: [4/40], Step: [631/782], Loss: 0.6106335520744324
Rank:0 Epoch: [4/40], Step: [641/782], Loss: 0.40407833456993103
Rank:0 Epoch: [4/40], Step: [651/782], Loss: 0.4523664116859436
Rank:0 Epoch: [4/40], Step: [661/782], Loss: 0.4310871660709381
Rank:0 Epoch: [4/40], Step: [671/782], Loss: 0.26494985818862915
Rank:0 Epoch: [4/40], Step: [681/782], Loss: 0.5701358914375305
Rank:0 Epoch: [4/40], Step: [691/782], Loss: 0.646840512752533
Rank:0 Epoch: [4/40], Step: [701/782], Loss: 0.48173651099205017
Rank:0 Epoch: [4/40], Step: [711/782], Loss: 0.34471094608306885
Rank:0 Epoch: [4/40], Step: [721/782], Loss: 0.3893809914588928
Rank:0 Epoch: [4/40], Step: [731/782], Loss: 0.470172256231308
Rank:0 Epoch: [4/40], Step: [741/782], Loss: 0.5550950765609741
Rank:0 Epoch: [4/40], Step: [751/782], Loss: 0.5245958566665649
Rank:0 Epoch: [4/40], Step: [761/782], Loss: 0.49816030263900757
Rank:0 Epoch: [4/40], Step: [771/782], Loss: 0.5568023324012756
Rank:0 Epoch: [4/40], Step: [781/782], Loss: 0.4519343376159668
Current Test Acc: 0.836
Rank:0 Epoch: [5/40], Step: [1/782], Loss: 0.5457862615585327
Rank:0 Epoch: [5/40], Step: [11/782], Loss: 0.6695526838302612
Rank:0 Epoch: [5/40], Step: [21/782], Loss: 0.47831737995147705
Rank:0 Epoch: [5/40], Step: [31/782], Loss: 0.483010858297348
Rank:0 Epoch: [5/40], Step: [41/782], Loss: 0.31185370683670044
Rank:0 Epoch: [5/40], Step: [51/782], Loss: 0.5243545174598694
Rank:0 Epoch: [5/40], Step: [61/782], Loss: 0.4486243426799774
Rank:0 Epoch: [5/40], Step: [71/782], Loss: 0.573257565498352
Rank:0 Epoch: [5/40], Step: [81/782], Loss: 0.3410758972167969
Rank:0 Epoch: [5/40], Step: [91/782], Loss: 0.4165883958339691
Rank:0 Epoch: [5/40], Step: [101/782], Loss: 0.5847550630569458
Rank:0 Epoch: [5/40], Step: [111/782], Loss: 0.5301637053489685
Rank:0 Epoch: [5/40], Step: [121/782], Loss: 0.3069378435611725
Rank:0 Epoch: [5/40], Step: [131/782], Loss: 0.4336889386177063
Rank:0 Epoch: [5/40], Step: [141/782], Loss: 0.41080448031425476
Rank:0 Epoch: [5/40], Step: [151/782], Loss: 0.36360499262809753
Rank:0 Epoch: [5/40], Step: [161/782], Loss: 0.4313976466655731
Rank:0 Epoch: [5/40], Step: [171/782], Loss: 0.334055632352829
Rank:0 Epoch: [5/40], Step: [181/782], Loss: 0.44209206104278564
Rank:0 Epoch: [5/40], Step: [191/782], Loss: 0.4227619767189026
Rank:0 Epoch: [5/40], Step: [201/782], Loss: 0.44503578543663025
Rank:0 Epoch: [5/40], Step: [211/782], Loss: 0.3651726245880127
Rank:0 Epoch: [5/40], Step: [221/782], Loss: 0.49161213636398315
Rank:0 Epoch: [5/40], Step: [231/782], Loss: 0.6104925870895386
Rank:0 Epoch: [5/40], Step: [241/782], Loss: 0.5201368927955627
Rank:0 Epoch: [5/40], Step: [251/782], Loss: 0.46558433771133423
Rank:0 Epoch: [5/40], Step: [261/782], Loss: 0.5010600686073303
Rank:0 Epoch: [5/40], Step: [271/782], Loss: 0.420261412858963
Rank:0 Epoch: [5/40], Step: [281/782], Loss: 0.38375726342201233
Rank:0 Epoch: [5/40], Step: [291/782], Loss: 0.4228145182132721
Rank:0 Epoch: [5/40], Step: [301/782], Loss: 0.5780327916145325
Rank:0 Epoch: [5/40], Step: [311/782], Loss: 0.4763161242008209
Rank:0 Epoch: [5/40], Step: [321/782], Loss: 0.41535311937332153
Rank:0 Epoch: [5/40], Step: [331/782], Loss: 0.4026429355144501
Rank:0 Epoch: [5/40], Step: [341/782], Loss: 0.6578094959259033
Rank:0 Epoch: [5/40], Step: [351/782], Loss: 0.4734435975551605
Rank:0 Epoch: [5/40], Step: [361/782], Loss: 0.4657728970050812
Rank:0 Epoch: [5/40], Step: [371/782], Loss: 0.5028120875358582
Rank:0 Epoch: [5/40], Step: [381/782], Loss: 0.33647745847702026
Rank:0 Epoch: [5/40], Step: [391/782], Loss: 0.35591715574264526
Rank:0 Epoch: [5/40], Step: [401/782], Loss: 0.5108023881912231
Rank:0 Epoch: [5/40], Step: [411/782], Loss: 0.529298722743988
Rank:0 Epoch: [5/40], Step: [421/782], Loss: 0.5049706101417542
Rank:0 Epoch: [5/40], Step: [431/782], Loss: 0.38623952865600586
Rank:0 Epoch: [5/40], Step: [441/782], Loss: 0.5065451264381409
Rank:0 Epoch: [5/40], Step: [451/782], Loss: 0.7595781087875366
Rank:0 Epoch: [5/40], Step: [461/782], Loss: 0.4643392562866211
Rank:0 Epoch: [5/40], Step: [471/782], Loss: 0.5151984095573425
Rank:0 Epoch: [5/40], Step: [481/782], Loss: 0.4885815978050232
Rank:0 Epoch: [5/40], Step: [491/782], Loss: 0.42989063262939453
Rank:0 Epoch: [5/40], Step: [501/782], Loss: 0.6131929755210876
Rank:0 Epoch: [5/40], Step: [511/782], Loss: 0.508621335029602
Rank:0 Epoch: [5/40], Step: [521/782], Loss: 0.4148938059806824
Rank:0 Epoch: [5/40], Step: [531/782], Loss: 0.43234050273895264
Rank:0 Epoch: [5/40], Step: [541/782], Loss: 0.5717095732688904
Rank:0 Epoch: [5/40], Step: [551/782], Loss: 0.38801348209381104
Rank:0 Epoch: [5/40], Step: [561/782], Loss: 0.5177217125892639
Rank:0 Epoch: [5/40], Step: [571/782], Loss: 0.39613765478134155
Rank:0 Epoch: [5/40], Step: [581/782], Loss: 0.46955767273902893
Rank:0 Epoch: [5/40], Step: [591/782], Loss: 0.40586039423942566
Rank:0 Epoch: [5/40], Step: [601/782], Loss: 0.46600717306137085
Rank:0 Epoch: [5/40], Step: [611/782], Loss: 0.36813339591026306
Rank:0 Epoch: [5/40], Step: [621/782], Loss: 0.45981118083000183
Rank:0 Epoch: [5/40], Step: [631/782], Loss: 0.47508981823921204
Rank:0 Epoch: [5/40], Step: [641/782], Loss: 0.6839496493339539
Rank:0 Epoch: [5/40], Step: [651/782], Loss: 0.37359848618507385
Rank:0 Epoch: [5/40], Step: [661/782], Loss: 0.477649062871933
Rank:0 Epoch: [5/40], Step: [671/782], Loss: 0.604023814201355
Rank:0 Epoch: [5/40], Step: [681/782], Loss: 0.3227701187133789
Rank:0 Epoch: [5/40], Step: [691/782], Loss: 0.40469789505004883
Rank:0 Epoch: [5/40], Step: [701/782], Loss: 0.37615737318992615
Rank:0 Epoch: [5/40], Step: [711/782], Loss: 0.4525262415409088
Rank:0 Epoch: [5/40], Step: [721/782], Loss: 0.3861508071422577
Rank:0 Epoch: [5/40], Step: [731/782], Loss: 0.5882987976074219
Rank:0 Epoch: [5/40], Step: [741/782], Loss: 0.6345642805099487
Rank:0 Epoch: [5/40], Step: [751/782], Loss: 0.40362548828125
Rank:0 Epoch: [5/40], Step: [761/782], Loss: 0.3188386559486389
Rank:0 Epoch: [5/40], Step: [771/782], Loss: 0.4205881953239441
Rank:0 Epoch: [5/40], Step: [781/782], Loss: 0.6209275126457214
Current Test Acc: 0.8184
Rank:0 Epoch: [6/40], Step: [1/782], Loss: 0.28213176131248474
Rank:0 Epoch: [6/40], Step: [11/782], Loss: 0.42955851554870605
Rank:0 Epoch: [6/40], Step: [21/782], Loss: 0.32794657349586487
Rank:0 Epoch: [6/40], Step: [31/782], Loss: 0.31979095935821533
Rank:0 Epoch: [6/40], Step: [41/782], Loss: 0.42262014746665955
Rank:0 Epoch: [6/40], Step: [51/782], Loss: 0.3225395679473877
Rank:0 Epoch: [6/40], Step: [61/782], Loss: 0.3208879828453064
Rank:0 Epoch: [6/40], Step: [71/782], Loss: 0.31041741371154785
Rank:0 Epoch: [6/40], Step: [81/782], Loss: 0.46486780047416687
Rank:0 Epoch: [6/40], Step: [91/782], Loss: 0.37293335795402527
Rank:0 Epoch: [6/40], Step: [101/782], Loss: 0.33574649691581726
Rank:0 Epoch: [6/40], Step: [111/782], Loss: 0.3749326765537262
Rank:0 Epoch: [6/40], Step: [121/782], Loss: 0.3790440559387207
Rank:0 Epoch: [6/40], Step: [131/782], Loss: 0.5877178311347961
Rank:0 Epoch: [6/40], Step: [141/782], Loss: 0.482763409614563
Rank:0 Epoch: [6/40], Step: [151/782], Loss: 0.43451160192489624
Rank:0 Epoch: [6/40], Step: [161/782], Loss: 0.3999055027961731
Rank:0 Epoch: [6/40], Step: [171/782], Loss: 0.49124735593795776
Rank:0 Epoch: [6/40], Step: [181/782], Loss: 0.4606292247772217
Rank:0 Epoch: [6/40], Step: [191/782], Loss: 0.5808417797088623
Rank:0 Epoch: [6/40], Step: [201/782], Loss: 0.5092334747314453
Rank:0 Epoch: [6/40], Step: [211/782], Loss: 0.4875524640083313
Rank:0 Epoch: [6/40], Step: [221/782], Loss: 0.19787777960300446
Rank:0 Epoch: [6/40], Step: [231/782], Loss: 0.568354606628418
Rank:0 Epoch: [6/40], Step: [241/782], Loss: 0.3632981777191162
Rank:0 Epoch: [6/40], Step: [251/782], Loss: 0.4792528450489044
Rank:0 Epoch: [6/40], Step: [261/782], Loss: 0.4403158128261566
Rank:0 Epoch: [6/40], Step: [271/782], Loss: 0.541582465171814
Rank:0 Epoch: [6/40], Step: [281/782], Loss: 0.43444278836250305
Rank:0 Epoch: [6/40], Step: [291/782], Loss: 0.38952508568763733
Rank:0 Epoch: [6/40], Step: [301/782], Loss: 0.39125627279281616
Rank:0 Epoch: [6/40], Step: [311/782], Loss: 0.3544735908508301
Rank:0 Epoch: [6/40], Step: [321/782], Loss: 0.37448251247406006
Rank:0 Epoch: [6/40], Step: [331/782], Loss: 0.39050376415252686
Rank:0 Epoch: [6/40], Step: [341/782], Loss: 0.3222646713256836
Rank:0 Epoch: [6/40], Step: [351/782], Loss: 0.3493543863296509
Rank:0 Epoch: [6/40], Step: [361/782], Loss: 0.46934548020362854
Rank:0 Epoch: [6/40], Step: [371/782], Loss: 0.5069719552993774
Rank:0 Epoch: [6/40], Step: [381/782], Loss: 0.31090593338012695
Rank:0 Epoch: [6/40], Step: [391/782], Loss: 0.5389975905418396
Rank:0 Epoch: [6/40], Step: [401/782], Loss: 0.4792577624320984
Rank:0 Epoch: [6/40], Step: [411/782], Loss: 0.31763842701911926
Rank:0 Epoch: [6/40], Step: [421/782], Loss: 0.45354437828063965
Rank:0 Epoch: [6/40], Step: [431/782], Loss: 0.30042287707328796
Rank:0 Epoch: [6/40], Step: [441/782], Loss: 0.4977852404117584
Rank:0 Epoch: [6/40], Step: [451/782], Loss: 0.5596010088920593
Rank:0 Epoch: [6/40], Step: [461/782], Loss: 0.6181890368461609
Rank:0 Epoch: [6/40], Step: [471/782], Loss: 0.45970529317855835
Rank:0 Epoch: [6/40], Step: [481/782], Loss: 0.5654581785202026
Rank:0 Epoch: [6/40], Step: [491/782], Loss: 0.47490194439888
Rank:0 Epoch: [6/40], Step: [501/782], Loss: 0.5905093550682068
Rank:0 Epoch: [6/40], Step: [511/782], Loss: 0.4106349050998688
Rank:0 Epoch: [6/40], Step: [521/782], Loss: 0.22424860298633575
Rank:0 Epoch: [6/40], Step: [531/782], Loss: 0.48633819818496704
Rank:0 Epoch: [6/40], Step: [541/782], Loss: 0.6228432059288025
Rank:0 Epoch: [6/40], Step: [551/782], Loss: 0.3507395088672638
Rank:0 Epoch: [6/40], Step: [561/782], Loss: 0.47255948185920715
Rank:0 Epoch: [6/40], Step: [571/782], Loss: 0.5013769268989563
Rank:0 Epoch: [6/40], Step: [581/782], Loss: 0.5680134296417236
Rank:0 Epoch: [6/40], Step: [591/782], Loss: 0.4536028504371643
Rank:0 Epoch: [6/40], Step: [601/782], Loss: 0.4003102481365204
Rank:0 Epoch: [6/40], Step: [611/782], Loss: 0.5416416525840759
Rank:0 Epoch: [6/40], Step: [621/782], Loss: 0.2736404538154602
Rank:0 Epoch: [6/40], Step: [631/782], Loss: 0.4995627999305725
Rank:0 Epoch: [6/40], Step: [641/782], Loss: 0.3387077748775482
Rank:0 Epoch: [6/40], Step: [651/782], Loss: 0.2570168077945709
Rank:0 Epoch: [6/40], Step: [661/782], Loss: 0.4948471784591675
Rank:0 Epoch: [6/40], Step: [671/782], Loss: 0.3715949058532715
Rank:0 Epoch: [6/40], Step: [681/782], Loss: 0.4338837265968323
Rank:0 Epoch: [6/40], Step: [691/782], Loss: 0.48916390538215637
Rank:0 Epoch: [6/40], Step: [701/782], Loss: 0.4869382977485657
Rank:0 Epoch: [6/40], Step: [711/782], Loss: 0.39722931385040283
Rank:0 Epoch: [6/40], Step: [721/782], Loss: 0.39441022276878357
Rank:0 Epoch: [6/40], Step: [731/782], Loss: 0.49364614486694336
Rank:0 Epoch: [6/40], Step: [741/782], Loss: 0.5969641208648682
Rank:0 Epoch: [6/40], Step: [751/782], Loss: 0.1810573935508728
Rank:0 Epoch: [6/40], Step: [761/782], Loss: 0.46984878182411194
Rank:0 Epoch: [6/40], Step: [771/782], Loss: 0.6124841570854187
Rank:0 Epoch: [6/40], Step: [781/782], Loss: 0.31039857864379883
Current Test Acc: 0.813
Rank:0 Epoch: [7/40], Step: [1/782], Loss: 0.22952020168304443
Rank:0 Epoch: [7/40], Step: [11/782], Loss: 0.5030175447463989
Rank:0 Epoch: [7/40], Step: [21/782], Loss: 0.4492931067943573
Rank:0 Epoch: [7/40], Step: [31/782], Loss: 0.2690095007419586
Rank:0 Epoch: [7/40], Step: [41/782], Loss: 0.46304425597190857
Rank:0 Epoch: [7/40], Step: [51/782], Loss: 0.48200830817222595
Rank:0 Epoch: [7/40], Step: [61/782], Loss: 0.4548165798187256
Rank:0 Epoch: [7/40], Step: [71/782], Loss: 0.2743654251098633
Rank:0 Epoch: [7/40], Step: [81/782], Loss: 0.37840932607650757
Rank:0 Epoch: [7/40], Step: [91/782], Loss: 0.4808169901371002
Rank:0 Epoch: [7/40], Step: [101/782], Loss: 0.35151541233062744
Rank:0 Epoch: [7/40], Step: [111/782], Loss: 0.3377862572669983
Rank:0 Epoch: [7/40], Step: [121/782], Loss: 0.5719770193099976
Rank:0 Epoch: [7/40], Step: [131/782], Loss: 0.5995447039604187
Rank:0 Epoch: [7/40], Step: [141/782], Loss: 0.3220197856426239
Rank:0 Epoch: [7/40], Step: [151/782], Loss: 0.3679596781730652
Rank:0 Epoch: [7/40], Step: [161/782], Loss: 0.2669353485107422
Rank:0 Epoch: [7/40], Step: [171/782], Loss: 0.47265782952308655
Rank:0 Epoch: [7/40], Step: [181/782], Loss: 0.38254448771476746
Rank:0 Epoch: [7/40], Step: [191/782], Loss: 0.42554008960723877
Rank:0 Epoch: [7/40], Step: [201/782], Loss: 0.34691232442855835
Rank:0 Epoch: [7/40], Step: [211/782], Loss: 0.5715187191963196
Rank:0 Epoch: [7/40], Step: [221/782], Loss: 0.48316431045532227
Rank:0 Epoch: [7/40], Step: [231/782], Loss: 0.43122512102127075
Rank:0 Epoch: [7/40], Step: [241/782], Loss: 0.6227344870567322
Rank:0 Epoch: [7/40], Step: [251/782], Loss: 0.3524537980556488
Rank:0 Epoch: [7/40], Step: [261/782], Loss: 0.5902783274650574
Rank:0 Epoch: [7/40], Step: [271/782], Loss: 0.6404526829719543
Rank:0 Epoch: [7/40], Step: [281/782], Loss: 0.3244263827800751
Rank:0 Epoch: [7/40], Step: [291/782], Loss: 0.4719275236129761
Rank:0 Epoch: [7/40], Step: [301/782], Loss: 0.34091615676879883
Rank:0 Epoch: [7/40], Step: [311/782], Loss: 0.6186718940734863
Rank:0 Epoch: [7/40], Step: [321/782], Loss: 0.4059145748615265
Rank:0 Epoch: [7/40], Step: [331/782], Loss: 0.3320575952529907
Rank:0 Epoch: [7/40], Step: [341/782], Loss: 0.6227648854255676
Rank:0 Epoch: [7/40], Step: [351/782], Loss: 0.3049423098564148
Rank:0 Epoch: [7/40], Step: [361/782], Loss: 0.4222961962223053
Rank:0 Epoch: [7/40], Step: [371/782], Loss: 0.4667145907878876
Rank:0 Epoch: [7/40], Step: [381/782], Loss: 0.34002792835235596
Rank:0 Epoch: [7/40], Step: [391/782], Loss: 0.5256693959236145
Rank:0 Epoch: [7/40], Step: [401/782], Loss: 0.4400142431259155
Rank:0 Epoch: [7/40], Step: [411/782], Loss: 0.4659996032714844
Rank:0 Epoch: [7/40], Step: [421/782], Loss: 0.30802297592163086
Rank:0 Epoch: [7/40], Step: [431/782], Loss: 0.3400382101535797
Rank:0 Epoch: [7/40], Step: [441/782], Loss: 0.34026411175727844
Rank:0 Epoch: [7/40], Step: [451/782], Loss: 0.39875638484954834
Rank:0 Epoch: [7/40], Step: [461/782], Loss: 0.6056132912635803
Rank:0 Epoch: [7/40], Step: [471/782], Loss: 0.5204269289970398
Rank:0 Epoch: [7/40], Step: [481/782], Loss: 0.5700809359550476
Rank:0 Epoch: [7/40], Step: [491/782], Loss: 0.27290886640548706
Rank:0 Epoch: [7/40], Step: [501/782], Loss: 0.4174675941467285
Rank:0 Epoch: [7/40], Step: [511/782], Loss: 0.40066108107566833
Rank:0 Epoch: [7/40], Step: [521/782], Loss: 0.5478500127792358
Rank:0 Epoch: [7/40], Step: [531/782], Loss: 0.3381218910217285
Rank:0 Epoch: [7/40], Step: [541/782], Loss: 0.3776059150695801
Rank:0 Epoch: [7/40], Step: [551/782], Loss: 0.6930424571037292
Rank:0 Epoch: [7/40], Step: [561/782], Loss: 0.5408108830451965
Rank:0 Epoch: [7/40], Step: [571/782], Loss: 0.5825403928756714
Rank:0 Epoch: [7/40], Step: [581/782], Loss: 0.46069473028182983
Rank:0 Epoch: [7/40], Step: [591/782], Loss: 0.29093119502067566
Rank:0 Epoch: [7/40], Step: [601/782], Loss: 0.5507747530937195
Rank:0 Epoch: [7/40], Step: [611/782], Loss: 0.4695188105106354
Rank:0 Epoch: [7/40], Step: [621/782], Loss: 0.31440839171409607
Rank:0 Epoch: [7/40], Step: [631/782], Loss: 0.4020541310310364
Rank:0 Epoch: [7/40], Step: [641/782], Loss: 0.6140062808990479
Rank:0 Epoch: [7/40], Step: [651/782], Loss: 0.3549748957157135
Rank:0 Epoch: [7/40], Step: [661/782], Loss: 0.32430320978164673
Rank:0 Epoch: [7/40], Step: [671/782], Loss: 0.40918412804603577
Rank:0 Epoch: [7/40], Step: [681/782], Loss: 0.3554794490337372
Rank:0 Epoch: [7/40], Step: [691/782], Loss: 0.634661078453064
Rank:0 Epoch: [7/40], Step: [701/782], Loss: 0.3064999580383301
Rank:0 Epoch: [7/40], Step: [711/782], Loss: 0.3271888792514801
Rank:0 Epoch: [7/40], Step: [721/782], Loss: 0.3463316857814789
Rank:0 Epoch: [7/40], Step: [731/782], Loss: 0.45057907700538635
Rank:0 Epoch: [7/40], Step: [741/782], Loss: 0.6169880628585815
Rank:0 Epoch: [7/40], Step: [751/782], Loss: 0.41577866673469543
Rank:0 Epoch: [7/40], Step: [761/782], Loss: 0.3776472508907318
Rank:0 Epoch: [7/40], Step: [771/782], Loss: 0.3559713363647461
Rank:0 Epoch: [7/40], Step: [781/782], Loss: 0.5305439233779907
Current Test Acc: 0.8249
Rank:0 Epoch: [8/40], Step: [1/782], Loss: 0.5307521224021912
Rank:0 Epoch: [8/40], Step: [11/782], Loss: 0.4696969985961914
Rank:0 Epoch: [8/40], Step: [21/782], Loss: 0.5761608481407166
Rank:0 Epoch: [8/40], Step: [31/782], Loss: 0.5025225281715393
Rank:0 Epoch: [8/40], Step: [41/782], Loss: 0.5267800688743591
Rank:0 Epoch: [8/40], Step: [51/782], Loss: 0.2294512242078781
Rank:0 Epoch: [8/40], Step: [61/782], Loss: 0.3050847053527832
Rank:0 Epoch: [8/40], Step: [71/782], Loss: 0.42974865436553955
Rank:0 Epoch: [8/40], Step: [81/782], Loss: 0.536881148815155
Rank:0 Epoch: [8/40], Step: [91/782], Loss: 0.4085599184036255
Rank:0 Epoch: [8/40], Step: [101/782], Loss: 0.3371712565422058
Rank:0 Epoch: [8/40], Step: [111/782], Loss: 0.4617289900779724
Rank:0 Epoch: [8/40], Step: [121/782], Loss: 0.23911310732364655
Rank:0 Epoch: [8/40], Step: [131/782], Loss: 0.3670944571495056
Rank:0 Epoch: [8/40], Step: [141/782], Loss: 0.5214287042617798
Rank:0 Epoch: [8/40], Step: [151/782], Loss: 0.4593682587146759
Rank:0 Epoch: [8/40], Step: [161/782], Loss: 0.368431031703949
Rank:0 Epoch: [8/40], Step: [171/782], Loss: 0.324703574180603
Rank:0 Epoch: [8/40], Step: [181/782], Loss: 0.3524266481399536
Rank:0 Epoch: [8/40], Step: [191/782], Loss: 0.2542056143283844
Rank:0 Epoch: [8/40], Step: [201/782], Loss: 0.5726137757301331
Rank:0 Epoch: [8/40], Step: [211/782], Loss: 0.5119451880455017
Rank:0 Epoch: [8/40], Step: [221/782], Loss: 0.3147695064544678
Rank:0 Epoch: [8/40], Step: [231/782], Loss: 0.3085901737213135
Rank:0 Epoch: [8/40], Step: [241/782], Loss: 0.35351282358169556
Rank:0 Epoch: [8/40], Step: [251/782], Loss: 0.35898447036743164
Rank:0 Epoch: [8/40], Step: [261/782], Loss: 0.26183009147644043
Rank:0 Epoch: [8/40], Step: [271/782], Loss: 0.5867418050765991
Rank:0 Epoch: [8/40], Step: [281/782], Loss: 0.541230320930481
Rank:0 Epoch: [8/40], Step: [291/782], Loss: 0.46953320503234863
Rank:0 Epoch: [8/40], Step: [301/782], Loss: 0.2654273211956024
Rank:0 Epoch: [8/40], Step: [311/782], Loss: 0.36986789107322693
Rank:0 Epoch: [8/40], Step: [321/782], Loss: 0.3741055428981781
Rank:0 Epoch: [8/40], Step: [331/782], Loss: 0.5148724913597107
Rank:0 Epoch: [8/40], Step: [341/782], Loss: 0.4483933448791504
Rank:0 Epoch: [8/40], Step: [351/782], Loss: 0.3338647484779358
Rank:0 Epoch: [8/40], Step: [361/782], Loss: 0.48455384373664856
Rank:0 Epoch: [8/40], Step: [371/782], Loss: 0.35712915658950806
Rank:0 Epoch: [8/40], Step: [381/782], Loss: 0.45005834102630615
Rank:0 Epoch: [8/40], Step: [391/782], Loss: 0.5548768043518066
Rank:0 Epoch: [8/40], Step: [401/782], Loss: 0.4036943316459656
Rank:0 Epoch: [8/40], Step: [411/782], Loss: 0.47685179114341736
Rank:0 Epoch: [8/40], Step: [421/782], Loss: 0.4097171425819397
Rank:0 Epoch: [8/40], Step: [431/782], Loss: 0.29407092928886414
Rank:0 Epoch: [8/40], Step: [441/782], Loss: 0.50316321849823
Rank:0 Epoch: [8/40], Step: [451/782], Loss: 0.40076297521591187
Rank:0 Epoch: [8/40], Step: [461/782], Loss: 0.5398077964782715
Rank:0 Epoch: [8/40], Step: [471/782], Loss: 0.47276461124420166
Rank:0 Epoch: [8/40], Step: [481/782], Loss: 0.5271025896072388
Rank:0 Epoch: [8/40], Step: [491/782], Loss: 0.3478708863258362
Rank:0 Epoch: [8/40], Step: [501/782], Loss: 0.4682977795600891
Rank:0 Epoch: [8/40], Step: [511/782], Loss: 0.3402036130428314
Rank:0 Epoch: [8/40], Step: [521/782], Loss: 0.6698554754257202
Rank:0 Epoch: [8/40], Step: [531/782], Loss: 0.5839608907699585
Rank:0 Epoch: [8/40], Step: [541/782], Loss: 0.4581245481967926
Rank:0 Epoch: [8/40], Step: [551/782], Loss: 0.29328158497810364
Rank:0 Epoch: [8/40], Step: [561/782], Loss: 0.5114294290542603
Rank:0 Epoch: [8/40], Step: [571/782], Loss: 0.3262082636356354
Rank:0 Epoch: [8/40], Step: [581/782], Loss: 0.39542287588119507
Rank:0 Epoch: [8/40], Step: [591/782], Loss: 0.4440532624721527
Rank:0 Epoch: [8/40], Step: [601/782], Loss: 0.36437568068504333
Rank:0 Epoch: [8/40], Step: [611/782], Loss: 0.2869955599308014
Rank:0 Epoch: [8/40], Step: [621/782], Loss: 0.38645505905151367
Rank:0 Epoch: [8/40], Step: [631/782], Loss: 0.4501115083694458
Rank:0 Epoch: [8/40], Step: [641/782], Loss: 0.5505826473236084
Rank:0 Epoch: [8/40], Step: [651/782], Loss: 0.45992520451545715
Rank:0 Epoch: [8/40], Step: [661/782], Loss: 0.3615370988845825
Rank:0 Epoch: [8/40], Step: [671/782], Loss: 0.6041700839996338
Rank:0 Epoch: [8/40], Step: [681/782], Loss: 0.348843514919281
Rank:0 Epoch: [8/40], Step: [691/782], Loss: 0.5914941430091858
Rank:0 Epoch: [8/40], Step: [701/782], Loss: 0.5545867085456848
Rank:0 Epoch: [8/40], Step: [711/782], Loss: 0.40554916858673096
Rank:0 Epoch: [8/40], Step: [721/782], Loss: 0.5388798117637634
Rank:0 Epoch: [8/40], Step: [731/782], Loss: 0.4405038356781006
Rank:0 Epoch: [8/40], Step: [741/782], Loss: 0.5273824334144592
Rank:0 Epoch: [8/40], Step: [751/782], Loss: 0.2454787790775299
Rank:0 Epoch: [8/40], Step: [761/782], Loss: 0.37644481658935547
Rank:0 Epoch: [8/40], Step: [771/782], Loss: 0.3694266974925995
Rank:0 Epoch: [8/40], Step: [781/782], Loss: 0.4219352900981903
Current Test Acc: 0.822
Rank:0 Epoch: [9/40], Step: [1/782], Loss: 0.29332128167152405
Rank:0 Epoch: [9/40], Step: [11/782], Loss: 0.32798656821250916
Rank:0 Epoch: [9/40], Step: [21/782], Loss: 0.33615607023239136
Rank:0 Epoch: [9/40], Step: [31/782], Loss: 0.5574512481689453
Rank:0 Epoch: [9/40], Step: [41/782], Loss: 0.30415016412734985
Rank:0 Epoch: [9/40], Step: [51/782], Loss: 0.37482357025146484
Rank:0 Epoch: [9/40], Step: [61/782], Loss: 0.32993173599243164
Rank:0 Epoch: [9/40], Step: [71/782], Loss: 0.5343731045722961
Rank:0 Epoch: [9/40], Step: [81/782], Loss: 0.2648814916610718
Rank:0 Epoch: [9/40], Step: [91/782], Loss: 0.4959569275379181
Rank:0 Epoch: [9/40], Step: [101/782], Loss: 0.32423681020736694
Rank:0 Epoch: [9/40], Step: [111/782], Loss: 0.4807857275009155
Rank:0 Epoch: [9/40], Step: [121/782], Loss: 0.3067748546600342
Rank:0 Epoch: [9/40], Step: [131/782], Loss: 0.4618450403213501
Rank:0 Epoch: [9/40], Step: [141/782], Loss: 0.24786914885044098
Rank:0 Epoch: [9/40], Step: [151/782], Loss: 0.24323509633541107
Rank:0 Epoch: [9/40], Step: [161/782], Loss: 0.2213980257511139
Rank:0 Epoch: [9/40], Step: [171/782], Loss: 0.3785664737224579
Rank:0 Epoch: [9/40], Step: [181/782], Loss: 0.35729894042015076
Rank:0 Epoch: [9/40], Step: [191/782], Loss: 0.3666558563709259
Rank:0 Epoch: [9/40], Step: [201/782], Loss: 0.4955679178237915
Rank:0 Epoch: [9/40], Step: [211/782], Loss: 0.40409842133522034
Rank:0 Epoch: [9/40], Step: [221/782], Loss: 0.35167694091796875
Rank:0 Epoch: [9/40], Step: [231/782], Loss: 0.27264395356178284
Rank:0 Epoch: [9/40], Step: [241/782], Loss: 0.27724236249923706
Rank:0 Epoch: [9/40], Step: [251/782], Loss: 0.47349897027015686
Rank:0 Epoch: [9/40], Step: [261/782], Loss: 0.37326154112815857
Rank:0 Epoch: [9/40], Step: [271/782], Loss: 0.45950496196746826
Rank:0 Epoch: [9/40], Step: [281/782], Loss: 0.4234614968299866
Rank:0 Epoch: [9/40], Step: [291/782], Loss: 0.39115992188453674
Rank:0 Epoch: [9/40], Step: [301/782], Loss: 0.31891265511512756
Rank:0 Epoch: [9/40], Step: [311/782], Loss: 0.21721987426280975
Rank:0 Epoch: [9/40], Step: [321/782], Loss: 0.397979736328125
Rank:0 Epoch: [9/40], Step: [331/782], Loss: 0.29217660427093506
Rank:0 Epoch: [9/40], Step: [341/782], Loss: 0.397671639919281
Rank:0 Epoch: [9/40], Step: [351/782], Loss: 0.16215172410011292
Rank:0 Epoch: [9/40], Step: [361/782], Loss: 0.42693018913269043
Rank:0 Epoch: [9/40], Step: [371/782], Loss: 0.263333797454834
Rank:0 Epoch: [9/40], Step: [381/782], Loss: 0.37301376461982727
Rank:0 Epoch: [9/40], Step: [391/782], Loss: 0.31178486347198486
Rank:0 Epoch: [9/40], Step: [401/782], Loss: 0.21275366842746735
Rank:0 Epoch: [9/40], Step: [411/782], Loss: 0.23512311279773712
Rank:0 Epoch: [9/40], Step: [421/782], Loss: 0.5030546188354492
Rank:0 Epoch: [9/40], Step: [431/782], Loss: 0.4859888553619385
Rank:0 Epoch: [9/40], Step: [441/782], Loss: 0.566960334777832
Rank:0 Epoch: [9/40], Step: [451/782], Loss: 0.3040022552013397
Rank:0 Epoch: [9/40], Step: [461/782], Loss: 0.4307224452495575
Rank:0 Epoch: [9/40], Step: [471/782], Loss: 0.3290419578552246
Rank:0 Epoch: [9/40], Step: [481/782], Loss: 0.420137494802475
Rank:0 Epoch: [9/40], Step: [491/782], Loss: 0.28121286630630493
Rank:0 Epoch: [9/40], Step: [501/782], Loss: 0.27720263600349426
Rank:0 Epoch: [9/40], Step: [511/782], Loss: 0.3923712968826294
Rank:0 Epoch: [9/40], Step: [521/782], Loss: 0.4095950424671173
Rank:0 Epoch: [9/40], Step: [531/782], Loss: 0.42973804473876953
Rank:0 Epoch: [9/40], Step: [541/782], Loss: 0.4577900767326355
Rank:0 Epoch: [9/40], Step: [551/782], Loss: 0.6074407696723938
Rank:0 Epoch: [9/40], Step: [561/782], Loss: 0.4143291115760803
Rank:0 Epoch: [9/40], Step: [571/782], Loss: 0.3090125620365143
Rank:0 Epoch: [9/40], Step: [581/782], Loss: 0.45415714383125305
Rank:0 Epoch: [9/40], Step: [591/782], Loss: 0.4867367148399353
Rank:0 Epoch: [9/40], Step: [601/782], Loss: 0.4870239198207855
Rank:0 Epoch: [9/40], Step: [611/782], Loss: 0.3780593276023865
Rank:0 Epoch: [9/40], Step: [621/782], Loss: 0.4944677948951721
Rank:0 Epoch: [9/40], Step: [631/782], Loss: 0.4098626673221588
Rank:0 Epoch: [9/40], Step: [641/782], Loss: 0.35013577342033386
Rank:0 Epoch: [9/40], Step: [651/782], Loss: 0.522003710269928
Rank:0 Epoch: [9/40], Step: [661/782], Loss: 0.33747953176498413
Rank:0 Epoch: [9/40], Step: [671/782], Loss: 0.5525160431861877
Rank:0 Epoch: [9/40], Step: [681/782], Loss: 0.4034847617149353
Rank:0 Epoch: [9/40], Step: [691/782], Loss: 0.44660189747810364
Rank:0 Epoch: [9/40], Step: [701/782], Loss: 0.5213760137557983
Rank:0 Epoch: [9/40], Step: [711/782], Loss: 0.3193078935146332
Rank:0 Epoch: [9/40], Step: [721/782], Loss: 0.43467050790786743
Rank:0 Epoch: [9/40], Step: [731/782], Loss: 0.4858868420124054
Rank:0 Epoch: [9/40], Step: [741/782], Loss: 0.3908250033855438
Rank:0 Epoch: [9/40], Step: [751/782], Loss: 0.37262994050979614
Rank:0 Epoch: [9/40], Step: [761/782], Loss: 0.36860305070877075
Rank:0 Epoch: [9/40], Step: [771/782], Loss: 0.4527871906757355
Rank:0 Epoch: [9/40], Step: [781/782], Loss: 0.5249156355857849
Current Test Acc: 0.8227
Rank:0 Epoch: [10/40], Step: [1/782], Loss: 0.40013694763183594
Rank:0 Epoch: [10/40], Step: [11/782], Loss: 0.4372021555900574
Rank:0 Epoch: [10/40], Step: [21/782], Loss: 0.35901206731796265
Rank:0 Epoch: [10/40], Step: [31/782], Loss: 0.39134681224823
Rank:0 Epoch: [10/40], Step: [41/782], Loss: 0.500795841217041
Rank:0 Epoch: [10/40], Step: [51/782], Loss: 0.626287043094635
Rank:0 Epoch: [10/40], Step: [61/782], Loss: 0.35923752188682556
Rank:0 Epoch: [10/40], Step: [71/782], Loss: 0.2985503077507019
Rank:0 Epoch: [10/40], Step: [81/782], Loss: 0.2700953185558319
Rank:0 Epoch: [10/40], Step: [91/782], Loss: 0.41558536887168884
Rank:0 Epoch: [10/40], Step: [101/782], Loss: 0.3457603454589844
Rank:0 Epoch: [10/40], Step: [111/782], Loss: 0.3283561170101166
Rank:0 Epoch: [10/40], Step: [121/782], Loss: 0.39165788888931274
Rank:0 Epoch: [10/40], Step: [131/782], Loss: 0.44812068343162537
Rank:0 Epoch: [10/40], Step: [141/782], Loss: 0.28987422585487366
Rank:0 Epoch: [10/40], Step: [151/782], Loss: 0.2853463292121887
Rank:0 Epoch: [10/40], Step: [161/782], Loss: 0.268062561750412
Rank:0 Epoch: [10/40], Step: [171/782], Loss: 0.44321000576019287
Rank:0 Epoch: [10/40], Step: [181/782], Loss: 0.44310513138771057
Rank:0 Epoch: [10/40], Step: [191/782], Loss: 0.5160189270973206
Rank:0 Epoch: [10/40], Step: [201/782], Loss: 0.47026509046554565
Rank:0 Epoch: [10/40], Step: [211/782], Loss: 0.6256886124610901
Rank:0 Epoch: [10/40], Step: [221/782], Loss: 0.31810319423675537
Rank:0 Epoch: [10/40], Step: [231/782], Loss: 0.3750525414943695
Rank:0 Epoch: [10/40], Step: [241/782], Loss: 0.4177979826927185
Rank:0 Epoch: [10/40], Step: [251/782], Loss: 0.6076659560203552
Rank:0 Epoch: [10/40], Step: [261/782], Loss: 0.32630670070648193
Rank:0 Epoch: [10/40], Step: [271/782], Loss: 0.308065265417099
Rank:0 Epoch: [10/40], Step: [281/782], Loss: 0.43970656394958496
Rank:0 Epoch: [10/40], Step: [291/782], Loss: 0.3644634783267975
Rank:0 Epoch: [10/40], Step: [301/782], Loss: 0.29908186197280884
Rank:0 Epoch: [10/40], Step: [311/782], Loss: 0.4588363468647003
Rank:0 Epoch: [10/40], Step: [321/782], Loss: 0.5495811104774475
Rank:0 Epoch: [10/40], Step: [331/782], Loss: 0.36286988854408264
Rank:0 Epoch: [10/40], Step: [341/782], Loss: 0.36596882343292236
Rank:0 Epoch: [10/40], Step: [351/782], Loss: 0.3305343687534332
Rank:0 Epoch: [10/40], Step: [361/782], Loss: 0.26440995931625366
Rank:0 Epoch: [10/40], Step: [371/782], Loss: 0.31826263666152954
Rank:0 Epoch: [10/40], Step: [381/782], Loss: 0.5180326104164124
Rank:0 Epoch: [10/40], Step: [391/782], Loss: 0.6325953006744385
Rank:0 Epoch: [10/40], Step: [401/782], Loss: 0.3869350850582123
Rank:0 Epoch: [10/40], Step: [411/782], Loss: 0.567949652671814
Rank:0 Epoch: [10/40], Step: [421/782], Loss: 0.23783613741397858
Rank:0 Epoch: [10/40], Step: [431/782], Loss: 0.30375936627388
Rank:0 Epoch: [10/40], Step: [441/782], Loss: 0.3535148501396179
Rank:0 Epoch: [10/40], Step: [451/782], Loss: 0.5181828737258911
Rank:0 Epoch: [10/40], Step: [461/782], Loss: 0.6659800410270691
Rank:0 Epoch: [10/40], Step: [471/782], Loss: 0.650050163269043
Rank:0 Epoch: [10/40], Step: [481/782], Loss: 0.42291510105133057
Rank:0 Epoch: [10/40], Step: [491/782], Loss: 0.4282108247280121
Rank:0 Epoch: [10/40], Step: [501/782], Loss: 0.32760852575302124
Rank:0 Epoch: [10/40], Step: [511/782], Loss: 0.3404814600944519
Rank:0 Epoch: [10/40], Step: [521/782], Loss: 0.3555614948272705
Rank:0 Epoch: [10/40], Step: [531/782], Loss: 0.49817830324172974
Rank:0 Epoch: [10/40], Step: [541/782], Loss: 0.33063560724258423
Rank:0 Epoch: [10/40], Step: [551/782], Loss: 0.5588929057121277
Rank:0 Epoch: [10/40], Step: [561/782], Loss: 0.43242350220680237
Rank:0 Epoch: [10/40], Step: [571/782], Loss: 0.44287076592445374
Rank:0 Epoch: [10/40], Step: [581/782], Loss: 0.48377421498298645
Rank:0 Epoch: [10/40], Step: [591/782], Loss: 0.4010191559791565
Rank:0 Epoch: [10/40], Step: [601/782], Loss: 0.34929224848747253
Rank:0 Epoch: [10/40], Step: [611/782], Loss: 0.37111547589302063
Rank:0 Epoch: [10/40], Step: [621/782], Loss: 0.4612312912940979
Rank:0 Epoch: [10/40], Step: [631/782], Loss: 0.6170021891593933
Rank:0 Epoch: [10/40], Step: [641/782], Loss: 0.6539890170097351
Rank:0 Epoch: [10/40], Step: [651/782], Loss: 0.4070543050765991
Rank:0 Epoch: [10/40], Step: [661/782], Loss: 0.4141952395439148
Rank:0 Epoch: [10/40], Step: [671/782], Loss: 0.5345993041992188
Rank:0 Epoch: [10/40], Step: [681/782], Loss: 0.4612603783607483
Rank:0 Epoch: [10/40], Step: [691/782], Loss: 0.6282500624656677
Rank:0 Epoch: [10/40], Step: [701/782], Loss: 0.4594082832336426
Rank:0 Epoch: [10/40], Step: [711/782], Loss: 0.290429025888443
Rank:0 Epoch: [10/40], Step: [721/782], Loss: 0.2950574457645416
Rank:0 Epoch: [10/40], Step: [731/782], Loss: 0.4483093321323395
Rank:0 Epoch: [10/40], Step: [741/782], Loss: 0.2467525154352188
Rank:0 Epoch: [10/40], Step: [751/782], Loss: 0.2550337016582489
Rank:0 Epoch: [10/40], Step: [761/782], Loss: 0.3529343605041504
Rank:0 Epoch: [10/40], Step: [771/782], Loss: 0.24157463014125824
Rank:0 Epoch: [10/40], Step: [781/782], Loss: 0.4212869703769684
Current Test Acc: 0.8033
Rank:0 Epoch: [11/40], Step: [1/782], Loss: 0.6411702036857605
Rank:0 Epoch: [11/40], Step: [11/782], Loss: 0.25715526938438416
Rank:0 Epoch: [11/40], Step: [21/782], Loss: 0.41109487414360046
Rank:0 Epoch: [11/40], Step: [31/782], Loss: 0.3232174813747406
Rank:0 Epoch: [11/40], Step: [41/782], Loss: 0.4796479642391205
Rank:0 Epoch: [11/40], Step: [51/782], Loss: 0.30962368845939636
Rank:0 Epoch: [11/40], Step: [61/782], Loss: 0.46485063433647156
Rank:0 Epoch: [11/40], Step: [71/782], Loss: 0.46080559492111206
Rank:0 Epoch: [11/40], Step: [81/782], Loss: 0.2332363873720169
Rank:0 Epoch: [11/40], Step: [91/782], Loss: 0.4352485239505768
Rank:0 Epoch: [11/40], Step: [101/782], Loss: 0.5514835715293884
Rank:0 Epoch: [11/40], Step: [111/782], Loss: 0.34221041202545166
Rank:0 Epoch: [11/40], Step: [121/782], Loss: 0.3452957272529602
Rank:0 Epoch: [11/40], Step: [131/782], Loss: 0.36066481471061707
Rank:0 Epoch: [11/40], Step: [141/782], Loss: 0.3987935781478882
Rank:0 Epoch: [11/40], Step: [151/782], Loss: 0.48292437195777893
Rank:0 Epoch: [11/40], Step: [161/782], Loss: 0.5284572243690491
Rank:0 Epoch: [11/40], Step: [171/782], Loss: 0.2741040289402008
Rank:0 Epoch: [11/40], Step: [181/782], Loss: 0.3680080473423004
Rank:0 Epoch: [11/40], Step: [191/782], Loss: 0.3363206088542938
Rank:0 Epoch: [11/40], Step: [201/782], Loss: 0.4044790267944336
Rank:0 Epoch: [11/40], Step: [211/782], Loss: 0.5160679221153259
Rank:0 Epoch: [11/40], Step: [221/782], Loss: 0.41915324330329895
Rank:0 Epoch: [11/40], Step: [231/782], Loss: 0.5269657969474792
Rank:0 Epoch: [11/40], Step: [241/782], Loss: 0.5330562591552734
Rank:0 Epoch: [11/40], Step: [251/782], Loss: 0.2820240259170532
Rank:0 Epoch: [11/40], Step: [261/782], Loss: 0.4122745990753174
Rank:0 Epoch: [11/40], Step: [271/782], Loss: 0.32898852229118347
Rank:0 Epoch: [11/40], Step: [281/782], Loss: 0.34071090817451477
Rank:0 Epoch: [11/40], Step: [291/782], Loss: 0.3136924207210541
Rank:0 Epoch: [11/40], Step: [301/782], Loss: 0.32237130403518677
Rank:0 Epoch: [11/40], Step: [311/782], Loss: 0.40603524446487427
Rank:0 Epoch: [11/40], Step: [321/782], Loss: 0.3979059159755707
Rank:0 Epoch: [11/40], Step: [331/782], Loss: 0.5567731261253357
Rank:0 Epoch: [11/40], Step: [341/782], Loss: 0.6372218728065491
Rank:0 Epoch: [11/40], Step: [351/782], Loss: 0.7700235247612
Rank:0 Epoch: [11/40], Step: [361/782], Loss: 0.4904203414916992
Rank:0 Epoch: [11/40], Step: [371/782], Loss: 0.4161068797111511
Rank:0 Epoch: [11/40], Step: [381/782], Loss: 0.3599218726158142
Rank:0 Epoch: [11/40], Step: [391/782], Loss: 0.39790087938308716
Rank:0 Epoch: [11/40], Step: [401/782], Loss: 0.28661495447158813
Rank:0 Epoch: [11/40], Step: [411/782], Loss: 0.5793361067771912
Rank:0 Epoch: [11/40], Step: [421/782], Loss: 0.436790406703949
Rank:0 Epoch: [11/40], Step: [431/782], Loss: 0.4805583655834198
Rank:0 Epoch: [11/40], Step: [441/782], Loss: 0.48081398010253906
Rank:0 Epoch: [11/40], Step: [451/782], Loss: 0.26312732696533203
Rank:0 Epoch: [11/40], Step: [461/782], Loss: 0.3898240327835083
Rank:0 Epoch: [11/40], Step: [471/782], Loss: 0.44514766335487366
Rank:0 Epoch: [11/40], Step: [481/782], Loss: 0.34080421924591064
Rank:0 Epoch: [11/40], Step: [491/782], Loss: 0.3689822852611542
Rank:0 Epoch: [11/40], Step: [501/782], Loss: 0.4360195994377136
Rank:0 Epoch: [11/40], Step: [511/782], Loss: 0.47504448890686035
Rank:0 Epoch: [11/40], Step: [521/782], Loss: 0.4282139539718628
Rank:0 Epoch: [11/40], Step: [531/782], Loss: 0.524889349937439
Rank:0 Epoch: [11/40], Step: [541/782], Loss: 0.3166697323322296
Rank:0 Epoch: [11/40], Step: [551/782], Loss: 0.3918071687221527
Rank:0 Epoch: [11/40], Step: [561/782], Loss: 0.4099244177341461
Rank:0 Epoch: [11/40], Step: [571/782], Loss: 0.4907592535018921
Rank:0 Epoch: [11/40], Step: [581/782], Loss: 0.46856608986854553
Rank:0 Epoch: [11/40], Step: [591/782], Loss: 0.40079113841056824
Rank:0 Epoch: [11/40], Step: [601/782], Loss: 0.24064449965953827
Rank:0 Epoch: [11/40], Step: [611/782], Loss: 0.37466534972190857
Rank:0 Epoch: [11/40], Step: [621/782], Loss: 0.3415520191192627
Rank:0 Epoch: [11/40], Step: [631/782], Loss: 0.36745479702949524
Rank:0 Epoch: [11/40], Step: [641/782], Loss: 0.3414854109287262
Rank:0 Epoch: [11/40], Step: [651/782], Loss: 0.3514091372489929
Rank:0 Epoch: [11/40], Step: [661/782], Loss: 0.4726189970970154
Rank:0 Epoch: [11/40], Step: [671/782], Loss: 0.6648073196411133
Rank:0 Epoch: [11/40], Step: [681/782], Loss: 0.3936106264591217
Rank:0 Epoch: [11/40], Step: [691/782], Loss: 0.5658145546913147
Rank:0 Epoch: [11/40], Step: [701/782], Loss: 0.3744840621948242
Rank:0 Epoch: [11/40], Step: [711/782], Loss: 0.4942702651023865
Rank:0 Epoch: [11/40], Step: [721/782], Loss: 0.3772405982017517
Rank:0 Epoch: [11/40], Step: [731/782], Loss: 0.2937980890274048
Rank:0 Epoch: [11/40], Step: [741/782], Loss: 0.4420402944087982
Rank:0 Epoch: [11/40], Step: [751/782], Loss: 0.40412238240242004
Rank:0 Epoch: [11/40], Step: [761/782], Loss: 0.3945331573486328
Rank:0 Epoch: [11/40], Step: [771/782], Loss: 0.438352108001709
Rank:0 Epoch: [11/40], Step: [781/782], Loss: 0.3108166754245758
Current Test Acc: 0.8355
Rank:0 Epoch: [12/40], Step: [1/782], Loss: 0.4044468402862549
Rank:0 Epoch: [12/40], Step: [11/782], Loss: 0.41989490389823914
Rank:0 Epoch: [12/40], Step: [21/782], Loss: 0.4196307957172394
Rank:0 Epoch: [12/40], Step: [31/782], Loss: 0.29345718026161194
Rank:0 Epoch: [12/40], Step: [41/782], Loss: 0.5774984955787659
Rank:0 Epoch: [12/40], Step: [51/782], Loss: 0.43347784876823425
Rank:0 Epoch: [12/40], Step: [61/782], Loss: 0.33085179328918457
Rank:0 Epoch: [12/40], Step: [71/782], Loss: 0.44141802191734314
Rank:0 Epoch: [12/40], Step: [81/782], Loss: 0.26645082235336304
Rank:0 Epoch: [12/40], Step: [91/782], Loss: 0.4333510994911194
Rank:0 Epoch: [12/40], Step: [101/782], Loss: 0.34113961458206177
Rank:0 Epoch: [12/40], Step: [111/782], Loss: 0.3237559497356415
Rank:0 Epoch: [12/40], Step: [121/782], Loss: 0.4125351309776306
Rank:0 Epoch: [12/40], Step: [131/782], Loss: 0.3626197576522827
Rank:0 Epoch: [12/40], Step: [141/782], Loss: 0.2723282277584076
Rank:0 Epoch: [12/40], Step: [151/782], Loss: 0.5033007264137268
Rank:0 Epoch: [12/40], Step: [161/782], Loss: 0.5853073000907898
Rank:0 Epoch: [12/40], Step: [171/782], Loss: 0.3019178807735443
Rank:0 Epoch: [12/40], Step: [181/782], Loss: 0.2624463438987732
Rank:0 Epoch: [12/40], Step: [191/782], Loss: 0.3390814960002899
Rank:0 Epoch: [12/40], Step: [201/782], Loss: 0.21169701218605042
Rank:0 Epoch: [12/40], Step: [211/782], Loss: 0.15169331431388855
Rank:0 Epoch: [12/40], Step: [221/782], Loss: 0.40983912348747253
Rank:0 Epoch: [12/40], Step: [231/782], Loss: 0.3475450873374939
Rank:0 Epoch: [12/40], Step: [241/782], Loss: 0.4958650767803192
Rank:0 Epoch: [12/40], Step: [251/782], Loss: 0.4051201641559601
Rank:0 Epoch: [12/40], Step: [261/782], Loss: 0.3481332063674927
Rank:0 Epoch: [12/40], Step: [271/782], Loss: 0.43987491726875305
Rank:0 Epoch: [12/40], Step: [281/782], Loss: 0.38588130474090576
Rank:0 Epoch: [12/40], Step: [291/782], Loss: 0.5700873732566833
Rank:0 Epoch: [12/40], Step: [301/782], Loss: 0.35410448908805847
Rank:0 Epoch: [12/40], Step: [311/782], Loss: 0.2746065855026245
Rank:0 Epoch: [12/40], Step: [321/782], Loss: 0.31467440724372864
Rank:0 Epoch: [12/40], Step: [331/782], Loss: 0.5018231868743896
Rank:0 Epoch: [12/40], Step: [341/782], Loss: 0.4719626307487488
Rank:0 Epoch: [12/40], Step: [351/782], Loss: 0.4682967960834503
Rank:0 Epoch: [12/40], Step: [361/782], Loss: 0.44823718070983887
Rank:0 Epoch: [12/40], Step: [371/782], Loss: 0.3060965836048126
Rank:0 Epoch: [12/40], Step: [381/782], Loss: 0.40628162026405334
Rank:0 Epoch: [12/40], Step: [391/782], Loss: 0.3953196704387665
Rank:0 Epoch: [12/40], Step: [401/782], Loss: 0.30445578694343567
Rank:0 Epoch: [12/40], Step: [411/782], Loss: 0.7079524397850037
Rank:0 Epoch: [12/40], Step: [421/782], Loss: 0.310335636138916
Rank:0 Epoch: [12/40], Step: [431/782], Loss: 0.37305566668510437
Rank:0 Epoch: [12/40], Step: [441/782], Loss: 0.4367673695087433
Rank:0 Epoch: [12/40], Step: [451/782], Loss: 0.4242369830608368
Rank:0 Epoch: [12/40], Step: [461/782], Loss: 0.2783237099647522
Rank:0 Epoch: [12/40], Step: [471/782], Loss: 0.37625500559806824
Rank:0 Epoch: [12/40], Step: [481/782], Loss: 0.34028181433677673
Rank:0 Epoch: [12/40], Step: [491/782], Loss: 0.5666281580924988
Rank:0 Epoch: [12/40], Step: [501/782], Loss: 0.44095921516418457
Rank:0 Epoch: [12/40], Step: [511/782], Loss: 0.462908536195755
Rank:0 Epoch: [12/40], Step: [521/782], Loss: 0.4724954664707184
Rank:0 Epoch: [12/40], Step: [531/782], Loss: 0.5897408723831177
Rank:0 Epoch: [12/40], Step: [541/782], Loss: 0.19832490384578705
Rank:0 Epoch: [12/40], Step: [551/782], Loss: 0.3387331962585449
Rank:0 Epoch: [12/40], Step: [561/782], Loss: 0.28652501106262207
Rank:0 Epoch: [12/40], Step: [571/782], Loss: 0.2935032248497009
Rank:0 Epoch: [12/40], Step: [581/782], Loss: 0.5683656334877014
Rank:0 Epoch: [12/40], Step: [591/782], Loss: 0.30625832080841064
Rank:0 Epoch: [12/40], Step: [601/782], Loss: 0.3616752028465271
Rank:0 Epoch: [12/40], Step: [611/782], Loss: 0.3916946351528168
Rank:0 Epoch: [12/40], Step: [621/782], Loss: 0.2598607540130615
Rank:0 Epoch: [12/40], Step: [631/782], Loss: 0.3724187910556793
Rank:0 Epoch: [12/40], Step: [641/782], Loss: 0.33465540409088135
Rank:0 Epoch: [12/40], Step: [651/782], Loss: 0.4531148076057434
Rank:0 Epoch: [12/40], Step: [661/782], Loss: 0.535597562789917
Rank:0 Epoch: [12/40], Step: [671/782], Loss: 0.5293025970458984
Rank:0 Epoch: [12/40], Step: [681/782], Loss: 0.48117953538894653
Rank:0 Epoch: [12/40], Step: [691/782], Loss: 0.46986427903175354
Rank:0 Epoch: [12/40], Step: [701/782], Loss: 0.3529030680656433
Rank:0 Epoch: [12/40], Step: [711/782], Loss: 0.6617635488510132
Rank:0 Epoch: [12/40], Step: [721/782], Loss: 0.37181851267814636
Rank:0 Epoch: [12/40], Step: [731/782], Loss: 0.5257784128189087
Rank:0 Epoch: [12/40], Step: [741/782], Loss: 0.2826157808303833
Rank:0 Epoch: [12/40], Step: [751/782], Loss: 0.4530118405818939
Rank:0 Epoch: [12/40], Step: [761/782], Loss: 0.4243936836719513
Rank:0 Epoch: [12/40], Step: [771/782], Loss: 0.44013461470603943
Rank:0 Epoch: [12/40], Step: [781/782], Loss: 0.2817389667034149
Current Test Acc: 0.8169
Rank:0 Epoch: [13/40], Step: [1/782], Loss: 0.7236822843551636
Rank:0 Epoch: [13/40], Step: [11/782], Loss: 0.3354647159576416
Rank:0 Epoch: [13/40], Step: [21/782], Loss: 0.35060301423072815
Rank:0 Epoch: [13/40], Step: [31/782], Loss: 0.5286786556243896
Rank:0 Epoch: [13/40], Step: [41/782], Loss: 0.28496959805488586
Rank:0 Epoch: [13/40], Step: [51/782], Loss: 0.4897019863128662
Rank:0 Epoch: [13/40], Step: [61/782], Loss: 0.3533147871494293
Rank:0 Epoch: [13/40], Step: [71/782], Loss: 0.45400357246398926
Rank:0 Epoch: [13/40], Step: [81/782], Loss: 0.2733960747718811
Rank:0 Epoch: [13/40], Step: [91/782], Loss: 0.1931765079498291
Rank:0 Epoch: [13/40], Step: [101/782], Loss: 0.2203737497329712
Rank:0 Epoch: [13/40], Step: [111/782], Loss: 0.3236159086227417
Rank:0 Epoch: [13/40], Step: [121/782], Loss: 0.37538689374923706
Rank:0 Epoch: [13/40], Step: [131/782], Loss: 0.3282923400402069
Rank:0 Epoch: [13/40], Step: [141/782], Loss: 0.3837854564189911
Rank:0 Epoch: [13/40], Step: [151/782], Loss: 0.5020390152931213
Rank:0 Epoch: [13/40], Step: [161/782], Loss: 0.3363857567310333
Rank:0 Epoch: [13/40], Step: [171/782], Loss: 0.2561729848384857
Rank:0 Epoch: [13/40], Step: [181/782], Loss: 0.34022200107574463
Rank:0 Epoch: [13/40], Step: [191/782], Loss: 0.39805930852890015
Rank:0 Epoch: [13/40], Step: [201/782], Loss: 0.406547486782074
Rank:0 Epoch: [13/40], Step: [211/782], Loss: 0.5955370664596558
Rank:0 Epoch: [13/40], Step: [221/782], Loss: 0.28472065925598145
Rank:0 Epoch: [13/40], Step: [231/782], Loss: 0.543594241142273
Rank:0 Epoch: [13/40], Step: [241/782], Loss: 0.3329736292362213
Rank:0 Epoch: [13/40], Step: [251/782], Loss: 0.2100747674703598
Rank:0 Epoch: [13/40], Step: [261/782], Loss: 0.48255592584609985
Rank:0 Epoch: [13/40], Step: [271/782], Loss: 0.3389962911605835
Rank:0 Epoch: [13/40], Step: [281/782], Loss: 0.45925596356391907
Rank:0 Epoch: [13/40], Step: [291/782], Loss: 0.31210941076278687
Rank:0 Epoch: [13/40], Step: [301/782], Loss: 0.3278281092643738
Rank:0 Epoch: [13/40], Step: [311/782], Loss: 0.3080279231071472
Rank:0 Epoch: [13/40], Step: [321/782], Loss: 0.4603899419307709
Rank:0 Epoch: [13/40], Step: [331/782], Loss: 0.43526315689086914
Rank:0 Epoch: [13/40], Step: [341/782], Loss: 0.2510276436805725
Rank:0 Epoch: [13/40], Step: [351/782], Loss: 0.4730771780014038
Rank:0 Epoch: [13/40], Step: [361/782], Loss: 0.47808003425598145
Rank:0 Epoch: [13/40], Step: [371/782], Loss: 0.4577116370201111
Rank:0 Epoch: [13/40], Step: [381/782], Loss: 0.26219210028648376
Rank:0 Epoch: [13/40], Step: [391/782], Loss: 0.5430281162261963
Rank:0 Epoch: [13/40], Step: [401/782], Loss: 0.3093632161617279
Rank:0 Epoch: [13/40], Step: [411/782], Loss: 0.62355637550354
Rank:0 Epoch: [13/40], Step: [421/782], Loss: 0.29998481273651123
Rank:0 Epoch: [13/40], Step: [431/782], Loss: 0.35590603947639465
Rank:0 Epoch: [13/40], Step: [441/782], Loss: 0.4138212203979492
Rank:0 Epoch: [13/40], Step: [451/782], Loss: 0.3834351897239685
Rank:0 Epoch: [13/40], Step: [461/782], Loss: 0.43428513407707214
Rank:0 Epoch: [13/40], Step: [471/782], Loss: 0.1979638785123825
Rank:0 Epoch: [13/40], Step: [481/782], Loss: 0.3990341126918793
Rank:0 Epoch: [13/40], Step: [491/782], Loss: 0.4628579020500183
Rank:0 Epoch: [13/40], Step: [501/782], Loss: 0.44754287600517273
Rank:0 Epoch: [13/40], Step: [511/782], Loss: 0.5215342044830322
Rank:0 Epoch: [13/40], Step: [521/782], Loss: 0.28913286328315735
Rank:0 Epoch: [13/40], Step: [531/782], Loss: 0.5197625160217285
Rank:0 Epoch: [13/40], Step: [541/782], Loss: 0.39174965023994446
Rank:0 Epoch: [13/40], Step: [551/782], Loss: 0.48179855942726135
Rank:0 Epoch: [13/40], Step: [561/782], Loss: 0.3931959867477417
Rank:0 Epoch: [13/40], Step: [571/782], Loss: 0.2908337116241455
Rank:0 Epoch: [13/40], Step: [581/782], Loss: 0.214945450425148
Rank:0 Epoch: [13/40], Step: [591/782], Loss: 0.4733915328979492
Rank:0 Epoch: [13/40], Step: [601/782], Loss: 0.3371339440345764
Rank:0 Epoch: [13/40], Step: [611/782], Loss: 0.32903897762298584
Rank:0 Epoch: [13/40], Step: [621/782], Loss: 0.4570086896419525
Rank:0 Epoch: [13/40], Step: [631/782], Loss: 0.5921059250831604
Rank:0 Epoch: [13/40], Step: [641/782], Loss: 0.4696232080459595
Rank:0 Epoch: [13/40], Step: [651/782], Loss: 0.38149338960647583
Rank:0 Epoch: [13/40], Step: [661/782], Loss: 0.3362279534339905
Rank:0 Epoch: [13/40], Step: [671/782], Loss: 0.432451993227005
Rank:0 Epoch: [13/40], Step: [681/782], Loss: 0.5260241627693176
Rank:0 Epoch: [13/40], Step: [691/782], Loss: 0.3679000735282898
Rank:0 Epoch: [13/40], Step: [701/782], Loss: 0.5389800667762756
Rank:0 Epoch: [13/40], Step: [711/782], Loss: 0.29833751916885376
Rank:0 Epoch: [13/40], Step: [721/782], Loss: 0.25480756163597107
Rank:0 Epoch: [13/40], Step: [731/782], Loss: 0.31938159465789795
Rank:0 Epoch: [13/40], Step: [741/782], Loss: 0.6412203907966614
Rank:0 Epoch: [13/40], Step: [751/782], Loss: 0.46711188554763794
Rank:0 Epoch: [13/40], Step: [761/782], Loss: 0.35530969500541687
Rank:0 Epoch: [13/40], Step: [771/782], Loss: 0.5268375277519226
Rank:0 Epoch: [13/40], Step: [781/782], Loss: 0.5143775939941406
Current Test Acc: 0.7944
Rank:0 Epoch: [14/40], Step: [1/782], Loss: 0.5905323624610901
Rank:0 Epoch: [14/40], Step: [11/782], Loss: 0.5675028562545776
Rank:0 Epoch: [14/40], Step: [21/782], Loss: 0.3153979778289795
Rank:0 Epoch: [14/40], Step: [31/782], Loss: 0.4022049903869629
Rank:0 Epoch: [14/40], Step: [41/782], Loss: 0.490182101726532
Rank:0 Epoch: [14/40], Step: [51/782], Loss: 0.2989300489425659
Rank:0 Epoch: [14/40], Step: [61/782], Loss: 0.36783385276794434
Rank:0 Epoch: [14/40], Step: [71/782], Loss: 0.7457304000854492
Rank:0 Epoch: [14/40], Step: [81/782], Loss: 0.38671955466270447
Rank:0 Epoch: [14/40], Step: [91/782], Loss: 0.2544741630554199
Rank:0 Epoch: [14/40], Step: [101/782], Loss: 0.3233681917190552
Rank:0 Epoch: [14/40], Step: [111/782], Loss: 0.5829671621322632
Rank:0 Epoch: [14/40], Step: [121/782], Loss: 0.24529992043972015
Rank:0 Epoch: [14/40], Step: [131/782], Loss: 0.16433998942375183
Rank:0 Epoch: [14/40], Step: [141/782], Loss: 0.44156304001808167
Rank:0 Epoch: [14/40], Step: [151/782], Loss: 0.5081740021705627
Rank:0 Epoch: [14/40], Step: [161/782], Loss: 0.5177165269851685
Rank:0 Epoch: [14/40], Step: [171/782], Loss: 0.4252006411552429
Rank:0 Epoch: [14/40], Step: [181/782], Loss: 0.27004504203796387
Rank:0 Epoch: [14/40], Step: [191/782], Loss: 0.4664509892463684
Rank:0 Epoch: [14/40], Step: [201/782], Loss: 0.4414190948009491
Rank:0 Epoch: [14/40], Step: [211/782], Loss: 0.3636563718318939
Rank:0 Epoch: [14/40], Step: [221/782], Loss: 0.2560134530067444
Rank:0 Epoch: [14/40], Step: [231/782], Loss: 0.7592967748641968
Rank:0 Epoch: [14/40], Step: [241/782], Loss: 0.19425080716609955
Rank:0 Epoch: [14/40], Step: [251/782], Loss: 0.5237702131271362
Rank:0 Epoch: [14/40], Step: [261/782], Loss: 0.342129647731781
Rank:0 Epoch: [14/40], Step: [271/782], Loss: 0.5479276180267334
Rank:0 Epoch: [14/40], Step: [281/782], Loss: 0.361169695854187
Rank:0 Epoch: [14/40], Step: [291/782], Loss: 0.3998153507709503
Rank:0 Epoch: [14/40], Step: [301/782], Loss: 0.43945392966270447
Rank:0 Epoch: [14/40], Step: [311/782], Loss: 0.3695735037326813
Rank:0 Epoch: [14/40], Step: [321/782], Loss: 0.3638680577278137
Rank:0 Epoch: [14/40], Step: [331/782], Loss: 0.5013805031776428
Rank:0 Epoch: [14/40], Step: [341/782], Loss: 0.594308078289032
Rank:0 Epoch: [14/40], Step: [351/782], Loss: 0.3424413502216339
Rank:0 Epoch: [14/40], Step: [361/782], Loss: 0.42970022559165955
Rank:0 Epoch: [14/40], Step: [371/782], Loss: 0.5505533218383789
Rank:0 Epoch: [14/40], Step: [381/782], Loss: 0.4835283160209656
Rank:0 Epoch: [14/40], Step: [391/782], Loss: 0.3759427070617676
Rank:0 Epoch: [14/40], Step: [401/782], Loss: 0.39423418045043945
Rank:0 Epoch: [14/40], Step: [411/782], Loss: 0.32349303364753723
Rank:0 Epoch: [14/40], Step: [421/782], Loss: 0.40329068899154663
Rank:0 Epoch: [14/40], Step: [431/782], Loss: 0.6174168586730957
Rank:0 Epoch: [14/40], Step: [441/782], Loss: 0.2961045503616333
Rank:0 Epoch: [14/40], Step: [451/782], Loss: 0.3700222074985504
Rank:0 Epoch: [14/40], Step: [461/782], Loss: 0.4316021502017975
Rank:0 Epoch: [14/40], Step: [471/782], Loss: 0.283369779586792
Rank:0 Epoch: [14/40], Step: [481/782], Loss: 0.4580360949039459
Rank:0 Epoch: [14/40], Step: [491/782], Loss: 0.329511433839798
Rank:0 Epoch: [14/40], Step: [501/782], Loss: 0.32763439416885376
Rank:0 Epoch: [14/40], Step: [511/782], Loss: 0.5834169983863831
Rank:0 Epoch: [14/40], Step: [521/782], Loss: 0.36046522855758667
Rank:0 Epoch: [14/40], Step: [531/782], Loss: 0.2804376184940338
Rank:0 Epoch: [14/40], Step: [541/782], Loss: 0.2996334433555603
Rank:0 Epoch: [14/40], Step: [551/782], Loss: 0.3191715478897095
Rank:0 Epoch: [14/40], Step: [561/782], Loss: 0.49730029702186584
Rank:0 Epoch: [14/40], Step: [571/782], Loss: 0.4401312470436096
Rank:0 Epoch: [14/40], Step: [581/782], Loss: 0.31201791763305664
Rank:0 Epoch: [14/40], Step: [591/782], Loss: 0.3846403658390045
Rank:0 Epoch: [14/40], Step: [601/782], Loss: 0.5531318783760071
Rank:0 Epoch: [14/40], Step: [611/782], Loss: 0.3494139611721039
Rank:0 Epoch: [14/40], Step: [621/782], Loss: 0.3232509195804596
Rank:0 Epoch: [14/40], Step: [631/782], Loss: 0.20097066462039948
Rank:0 Epoch: [14/40], Step: [641/782], Loss: 0.5220088362693787
Rank:0 Epoch: [14/40], Step: [651/782], Loss: 0.39177384972572327
Rank:0 Epoch: [14/40], Step: [661/782], Loss: 0.4751691222190857
Rank:0 Epoch: [14/40], Step: [671/782], Loss: 0.5051681399345398
Rank:0 Epoch: [14/40], Step: [681/782], Loss: 0.4014527201652527
Rank:0 Epoch: [14/40], Step: [691/782], Loss: 0.30111393332481384
Rank:0 Epoch: [14/40], Step: [701/782], Loss: 0.25019317865371704
Rank:0 Epoch: [14/40], Step: [711/782], Loss: 0.37951213121414185
Rank:0 Epoch: [14/40], Step: [721/782], Loss: 0.5032480955123901
Rank:0 Epoch: [14/40], Step: [731/782], Loss: 0.5829030275344849
Rank:0 Epoch: [14/40], Step: [741/782], Loss: 0.27022069692611694
Rank:0 Epoch: [14/40], Step: [751/782], Loss: 0.2734525799751282
Rank:0 Epoch: [14/40], Step: [761/782], Loss: 0.3337676525115967
Rank:0 Epoch: [14/40], Step: [771/782], Loss: 0.3556021749973297
Rank:0 Epoch: [14/40], Step: [781/782], Loss: 0.37968435883522034
Current Test Acc: 0.7967
Rank:0 Epoch: [15/40], Step: [1/782], Loss: 0.5508943200111389
Rank:0 Epoch: [15/40], Step: [11/782], Loss: 0.6435010433197021
Rank:0 Epoch: [15/40], Step: [21/782], Loss: 0.5039836764335632
Rank:0 Epoch: [15/40], Step: [31/782], Loss: 0.31433603167533875
Rank:0 Epoch: [15/40], Step: [41/782], Loss: 0.3138960897922516
Rank:0 Epoch: [15/40], Step: [51/782], Loss: 0.4373515844345093
Rank:0 Epoch: [15/40], Step: [61/782], Loss: 0.37515580654144287
Rank:0 Epoch: [15/40], Step: [71/782], Loss: 0.4373922348022461
Rank:0 Epoch: [15/40], Step: [81/782], Loss: 0.3524375259876251
Rank:0 Epoch: [15/40], Step: [91/782], Loss: 0.19690926373004913
Rank:0 Epoch: [15/40], Step: [101/782], Loss: 0.2685594856739044
Rank:0 Epoch: [15/40], Step: [111/782], Loss: 0.2886337339878082
Rank:0 Epoch: [15/40], Step: [121/782], Loss: 0.31084054708480835
Rank:0 Epoch: [15/40], Step: [131/782], Loss: 0.42357131838798523
Rank:0 Epoch: [15/40], Step: [141/782], Loss: 0.45518431067466736
Rank:0 Epoch: [15/40], Step: [151/782], Loss: 0.4139830470085144
Rank:0 Epoch: [15/40], Step: [161/782], Loss: 0.5750859975814819
Rank:0 Epoch: [15/40], Step: [171/782], Loss: 0.25809821486473083
Rank:0 Epoch: [15/40], Step: [181/782], Loss: 0.46072918176651
Rank:0 Epoch: [15/40], Step: [191/782], Loss: 0.415805459022522
Rank:0 Epoch: [15/40], Step: [201/782], Loss: 0.4285110831260681
Rank:0 Epoch: [15/40], Step: [211/782], Loss: 0.36152762174606323
Rank:0 Epoch: [15/40], Step: [221/782], Loss: 0.3891622722148895
Rank:0 Epoch: [15/40], Step: [231/782], Loss: 0.3634430766105652
Rank:0 Epoch: [15/40], Step: [241/782], Loss: 0.36034274101257324
Rank:0 Epoch: [15/40], Step: [251/782], Loss: 0.49998167157173157
Rank:0 Epoch: [15/40], Step: [261/782], Loss: 0.5088824033737183
Rank:0 Epoch: [15/40], Step: [271/782], Loss: 0.4612869322299957
Rank:0 Epoch: [15/40], Step: [281/782], Loss: 0.26459407806396484
Rank:0 Epoch: [15/40], Step: [291/782], Loss: 0.4677276015281677
Rank:0 Epoch: [15/40], Step: [301/782], Loss: 0.29369786381721497
Rank:0 Epoch: [15/40], Step: [311/782], Loss: 0.26525676250457764
Rank:0 Epoch: [15/40], Step: [321/782], Loss: 0.475008487701416
Rank:0 Epoch: [15/40], Step: [331/782], Loss: 0.3635050356388092
Rank:0 Epoch: [15/40], Step: [341/782], Loss: 0.3726940155029297
Rank:0 Epoch: [15/40], Step: [351/782], Loss: 0.477487176656723
Rank:0 Epoch: [15/40], Step: [361/782], Loss: 0.33477506041526794
Rank:0 Epoch: [15/40], Step: [371/782], Loss: 0.29763540625572205
Rank:0 Epoch: [15/40], Step: [381/782], Loss: 0.8106343746185303
Rank:0 Epoch: [15/40], Step: [391/782], Loss: 0.3787635862827301
Rank:0 Epoch: [15/40], Step: [401/782], Loss: 0.45694079995155334
Rank:0 Epoch: [15/40], Step: [411/782], Loss: 0.4605869650840759
Rank:0 Epoch: [15/40], Step: [421/782], Loss: 0.43407514691352844
Rank:0 Epoch: [15/40], Step: [431/782], Loss: 0.40775901079177856
Rank:0 Epoch: [15/40], Step: [441/782], Loss: 0.3510478436946869
Rank:0 Epoch: [15/40], Step: [451/782], Loss: 0.3881586492061615
Rank:0 Epoch: [15/40], Step: [461/782], Loss: 0.4549995958805084
Rank:0 Epoch: [15/40], Step: [471/782], Loss: 0.2684986889362335
Rank:0 Epoch: [15/40], Step: [481/782], Loss: 0.4217453896999359
Rank:0 Epoch: [15/40], Step: [491/782], Loss: 0.41879162192344666
Rank:0 Epoch: [15/40], Step: [501/782], Loss: 0.39557701349258423
Rank:0 Epoch: [15/40], Step: [511/782], Loss: 0.4772041141986847
Rank:0 Epoch: [15/40], Step: [521/782], Loss: 0.3647058606147766
Rank:0 Epoch: [15/40], Step: [531/782], Loss: 0.4677678644657135
Rank:0 Epoch: [15/40], Step: [541/782], Loss: 0.3933594822883606
Rank:0 Epoch: [15/40], Step: [551/782], Loss: 0.4799000322818756
Rank:0 Epoch: [15/40], Step: [561/782], Loss: 0.5778729319572449
Rank:0 Epoch: [15/40], Step: [571/782], Loss: 0.6016738414764404
Rank:0 Epoch: [15/40], Step: [581/782], Loss: 0.5002036690711975
Rank:0 Epoch: [15/40], Step: [591/782], Loss: 0.2795730531215668
Rank:0 Epoch: [15/40], Step: [601/782], Loss: 0.49660933017730713
Rank:0 Epoch: [15/40], Step: [611/782], Loss: 0.3791379928588867
Rank:0 Epoch: [15/40], Step: [621/782], Loss: 0.42448458075523376
Rank:0 Epoch: [15/40], Step: [631/782], Loss: 0.21333231031894684
Rank:0 Epoch: [15/40], Step: [641/782], Loss: 0.37977948784828186
Rank:0 Epoch: [15/40], Step: [651/782], Loss: 0.2829405963420868
Rank:0 Epoch: [15/40], Step: [661/782], Loss: 0.2616080939769745
Rank:0 Epoch: [15/40], Step: [671/782], Loss: 0.22457467019557953
Rank:0 Epoch: [15/40], Step: [681/782], Loss: 0.365349143743515
Rank:0 Epoch: [15/40], Step: [691/782], Loss: 0.40016376972198486
Rank:0 Epoch: [15/40], Step: [701/782], Loss: 0.30734312534332275
Rank:0 Epoch: [15/40], Step: [711/782], Loss: 0.590744137763977
Rank:0 Epoch: [15/40], Step: [721/782], Loss: 0.39052721858024597
Rank:0 Epoch: [15/40], Step: [731/782], Loss: 0.6339560747146606
Rank:0 Epoch: [15/40], Step: [741/782], Loss: 0.6397688984870911
Rank:0 Epoch: [15/40], Step: [751/782], Loss: 0.3050176799297333
Rank:0 Epoch: [15/40], Step: [761/782], Loss: 0.6583345532417297
Rank:0 Epoch: [15/40], Step: [771/782], Loss: 0.5858375430107117
Rank:0 Epoch: [15/40], Step: [781/782], Loss: 0.25164276361465454
Current Test Acc: 0.851
Rank:0 Epoch: [16/40], Step: [1/782], Loss: 0.3081950545310974
Rank:0 Epoch: [16/40], Step: [11/782], Loss: 0.6344966888427734
Rank:0 Epoch: [16/40], Step: [21/782], Loss: 0.5190163254737854
Rank:0 Epoch: [16/40], Step: [31/782], Loss: 0.43834197521209717
Rank:0 Epoch: [16/40], Step: [41/782], Loss: 0.49153515696525574
Rank:0 Epoch: [16/40], Step: [51/782], Loss: 0.32016870379447937
Rank:0 Epoch: [16/40], Step: [61/782], Loss: 0.6258728504180908
Rank:0 Epoch: [16/40], Step: [71/782], Loss: 0.44425004720687866
Rank:0 Epoch: [16/40], Step: [81/782], Loss: 0.3002321422100067
Rank:0 Epoch: [16/40], Step: [91/782], Loss: 0.24202123284339905
Rank:0 Epoch: [16/40], Step: [101/782], Loss: 0.3783048391342163
Rank:0 Epoch: [16/40], Step: [111/782], Loss: 0.3748641014099121
Rank:0 Epoch: [16/40], Step: [121/782], Loss: 0.379418283700943
Rank:0 Epoch: [16/40], Step: [131/782], Loss: 0.33743560314178467
Rank:0 Epoch: [16/40], Step: [141/782], Loss: 0.2650235891342163
Rank:0 Epoch: [16/40], Step: [151/782], Loss: 0.2634649872779846
Rank:0 Epoch: [16/40], Step: [161/782], Loss: 0.47444507479667664
Rank:0 Epoch: [16/40], Step: [171/782], Loss: 0.46116915345191956
Rank:0 Epoch: [16/40], Step: [181/782], Loss: 0.3359263837337494
Rank:0 Epoch: [16/40], Step: [191/782], Loss: 0.46454113721847534
Rank:0 Epoch: [16/40], Step: [201/782], Loss: 0.38172459602355957
Rank:0 Epoch: [16/40], Step: [211/782], Loss: 0.6348918080329895
Rank:0 Epoch: [16/40], Step: [221/782], Loss: 0.3887106776237488
Rank:0 Epoch: [16/40], Step: [231/782], Loss: 0.24460646510124207
Rank:0 Epoch: [16/40], Step: [241/782], Loss: 0.37691065669059753
Rank:0 Epoch: [16/40], Step: [251/782], Loss: 0.2886805832386017
Rank:0 Epoch: [16/40], Step: [261/782], Loss: 0.4980492889881134
Rank:0 Epoch: [16/40], Step: [271/782], Loss: 0.21076837182044983
Rank:0 Epoch: [16/40], Step: [281/782], Loss: 0.47721001505851746
Rank:0 Epoch: [16/40], Step: [291/782], Loss: 0.37680602073669434
Rank:0 Epoch: [16/40], Step: [301/782], Loss: 0.48592185974121094
Rank:0 Epoch: [16/40], Step: [311/782], Loss: 0.5335354804992676
Rank:0 Epoch: [16/40], Step: [321/782], Loss: 0.2740985155105591
Rank:0 Epoch: [16/40], Step: [331/782], Loss: 0.5717039108276367
Rank:0 Epoch: [16/40], Step: [341/782], Loss: 0.42575016617774963
Rank:0 Epoch: [16/40], Step: [351/782], Loss: 0.506686806678772
Rank:0 Epoch: [16/40], Step: [361/782], Loss: 0.1953510344028473
Rank:0 Epoch: [16/40], Step: [371/782], Loss: 0.37226930260658264
Rank:0 Epoch: [16/40], Step: [381/782], Loss: 0.27060598134994507
Rank:0 Epoch: [16/40], Step: [391/782], Loss: 0.36696359515190125
Rank:0 Epoch: [16/40], Step: [401/782], Loss: 0.30019140243530273
Rank:0 Epoch: [16/40], Step: [411/782], Loss: 0.8747313618659973
Rank:0 Epoch: [16/40], Step: [421/782], Loss: 0.5698001384735107
Rank:0 Epoch: [16/40], Step: [431/782], Loss: 0.554987370967865
Rank:0 Epoch: [16/40], Step: [441/782], Loss: 0.4444739520549774
Rank:0 Epoch: [16/40], Step: [451/782], Loss: 0.41080087423324585
Rank:0 Epoch: [16/40], Step: [461/782], Loss: 0.4620059132575989
Rank:0 Epoch: [16/40], Step: [471/782], Loss: 0.4327261745929718
Rank:0 Epoch: [16/40], Step: [481/782], Loss: 0.3611450791358948
Rank:0 Epoch: [16/40], Step: [491/782], Loss: 0.3193610608577728
Rank:0 Epoch: [16/40], Step: [501/782], Loss: 0.2801920473575592
Rank:0 Epoch: [16/40], Step: [511/782], Loss: 0.30076301097869873
Rank:0 Epoch: [16/40], Step: [521/782], Loss: 0.5374961495399475
Rank:0 Epoch: [16/40], Step: [531/782], Loss: 0.3868251442909241
Rank:0 Epoch: [16/40], Step: [541/782], Loss: 0.28079524636268616
Rank:0 Epoch: [16/40], Step: [551/782], Loss: 0.2570266127586365
Rank:0 Epoch: [16/40], Step: [561/782], Loss: 0.43201592564582825
Rank:0 Epoch: [16/40], Step: [571/782], Loss: 0.45372095704078674
Rank:0 Epoch: [16/40], Step: [581/782], Loss: 0.30284300446510315
Rank:0 Epoch: [16/40], Step: [591/782], Loss: 0.32248586416244507
Rank:0 Epoch: [16/40], Step: [601/782], Loss: 0.45216113328933716
Rank:0 Epoch: [16/40], Step: [611/782], Loss: 0.4229331314563751
Rank:0 Epoch: [16/40], Step: [621/782], Loss: 0.5182660818099976
Rank:0 Epoch: [16/40], Step: [631/782], Loss: 0.3850012719631195
Rank:0 Epoch: [16/40], Step: [641/782], Loss: 0.42494502663612366
Rank:0 Epoch: [16/40], Step: [651/782], Loss: 0.45900753140449524
Rank:0 Epoch: [16/40], Step: [661/782], Loss: 0.4355545938014984
Rank:0 Epoch: [16/40], Step: [671/782], Loss: 0.37456193566322327
Rank:0 Epoch: [16/40], Step: [681/782], Loss: 0.4299788177013397
Rank:0 Epoch: [16/40], Step: [691/782], Loss: 0.29565829038619995
Rank:0 Epoch: [16/40], Step: [701/782], Loss: 0.3274538516998291
Rank:0 Epoch: [16/40], Step: [711/782], Loss: 0.40640372037887573
Rank:0 Epoch: [16/40], Step: [721/782], Loss: 0.6641780734062195
Rank:0 Epoch: [16/40], Step: [731/782], Loss: 0.39825060963630676
Rank:0 Epoch: [16/40], Step: [741/782], Loss: 0.4622032046318054
Rank:0 Epoch: [16/40], Step: [751/782], Loss: 0.45212221145629883
Rank:0 Epoch: [16/40], Step: [761/782], Loss: 0.35665005445480347
Rank:0 Epoch: [16/40], Step: [771/782], Loss: 0.28251925110816956
Rank:0 Epoch: [16/40], Step: [781/782], Loss: 0.3599265515804291
Current Test Acc: 0.8281
Rank:0 Epoch: [17/40], Step: [1/782], Loss: 0.2577075660228729
Rank:0 Epoch: [17/40], Step: [11/782], Loss: 0.35323789715766907
Rank:0 Epoch: [17/40], Step: [21/782], Loss: 0.29627683758735657
Rank:0 Epoch: [17/40], Step: [31/782], Loss: 0.27223479747772217
Rank:0 Epoch: [17/40], Step: [41/782], Loss: 0.34132158756256104
Rank:0 Epoch: [17/40], Step: [51/782], Loss: 0.37592238187789917
Rank:0 Epoch: [17/40], Step: [61/782], Loss: 0.4679768979549408
Rank:0 Epoch: [17/40], Step: [71/782], Loss: 0.5089802145957947
Rank:0 Epoch: [17/40], Step: [81/782], Loss: 0.23095355927944183
Rank:0 Epoch: [17/40], Step: [91/782], Loss: 0.3238646984100342
Rank:0 Epoch: [17/40], Step: [101/782], Loss: 0.2496131956577301
Rank:0 Epoch: [17/40], Step: [111/782], Loss: 0.44497281312942505
Rank:0 Epoch: [17/40], Step: [121/782], Loss: 0.23613262176513672
Rank:0 Epoch: [17/40], Step: [131/782], Loss: 0.36120179295539856
Rank:0 Epoch: [17/40], Step: [141/782], Loss: 0.4145357608795166
Rank:0 Epoch: [17/40], Step: [151/782], Loss: 0.2903260290622711
Rank:0 Epoch: [17/40], Step: [161/782], Loss: 0.3377474248409271
Rank:0 Epoch: [17/40], Step: [171/782], Loss: 0.5276616811752319
Rank:0 Epoch: [17/40], Step: [181/782], Loss: 0.41734039783477783
Rank:0 Epoch: [17/40], Step: [191/782], Loss: 0.3255734443664551
Rank:0 Epoch: [17/40], Step: [201/782], Loss: 0.3778011202812195
Rank:0 Epoch: [17/40], Step: [211/782], Loss: 0.2934809625148773
Rank:0 Epoch: [17/40], Step: [221/782], Loss: 0.2524203658103943
Rank:0 Epoch: [17/40], Step: [231/782], Loss: 0.3223254680633545
Rank:0 Epoch: [17/40], Step: [241/782], Loss: 0.33845287561416626
Rank:0 Epoch: [17/40], Step: [251/782], Loss: 0.5048646926879883
Rank:0 Epoch: [17/40], Step: [261/782], Loss: 0.4462755024433136
Rank:0 Epoch: [17/40], Step: [271/782], Loss: 0.3668709993362427
Rank:0 Epoch: [17/40], Step: [281/782], Loss: 0.1945587545633316
Rank:0 Epoch: [17/40], Step: [291/782], Loss: 0.5368376970291138
Rank:0 Epoch: [17/40], Step: [301/782], Loss: 0.2766234278678894
Rank:0 Epoch: [17/40], Step: [311/782], Loss: 0.4055875837802887
Rank:0 Epoch: [17/40], Step: [321/782], Loss: 0.4251644015312195
Rank:0 Epoch: [17/40], Step: [331/782], Loss: 0.47167888283729553
Rank:0 Epoch: [17/40], Step: [341/782], Loss: 0.4043954312801361
Rank:0 Epoch: [17/40], Step: [351/782], Loss: 0.34938839077949524
Rank:0 Epoch: [17/40], Step: [361/782], Loss: 0.32388201355934143
Rank:0 Epoch: [17/40], Step: [371/782], Loss: 0.34719112515449524
Rank:0 Epoch: [17/40], Step: [381/782], Loss: 0.4806874394416809
Rank:0 Epoch: [17/40], Step: [391/782], Loss: 0.29113197326660156
Rank:0 Epoch: [17/40], Step: [401/782], Loss: 0.40082043409347534
Rank:0 Epoch: [17/40], Step: [411/782], Loss: 0.5065333843231201
Rank:0 Epoch: [17/40], Step: [421/782], Loss: 0.30037134885787964
Rank:0 Epoch: [17/40], Step: [431/782], Loss: 0.2980530858039856
Rank:0 Epoch: [17/40], Step: [441/782], Loss: 0.49482443928718567
Rank:0 Epoch: [17/40], Step: [451/782], Loss: 0.22803308069705963
Rank:0 Epoch: [17/40], Step: [461/782], Loss: 0.31915271282196045
Rank:0 Epoch: [17/40], Step: [471/782], Loss: 0.3945519030094147
Rank:0 Epoch: [17/40], Step: [481/782], Loss: 0.28304922580718994
Rank:0 Epoch: [17/40], Step: [491/782], Loss: 0.31623706221580505
Rank:0 Epoch: [17/40], Step: [501/782], Loss: 0.271124929189682
Rank:0 Epoch: [17/40], Step: [511/782], Loss: 0.44294413924217224
Rank:0 Epoch: [17/40], Step: [521/782], Loss: 0.40367740392684937
Rank:0 Epoch: [17/40], Step: [531/782], Loss: 0.4812939465045929
Rank:0 Epoch: [17/40], Step: [541/782], Loss: 0.3171236217021942
Rank:0 Epoch: [17/40], Step: [551/782], Loss: 0.38679569959640503
Rank:0 Epoch: [17/40], Step: [561/782], Loss: 0.5698250532150269
Rank:0 Epoch: [17/40], Step: [571/782], Loss: 0.26843956112861633
Rank:0 Epoch: [17/40], Step: [581/782], Loss: 0.4893170893192291
Rank:0 Epoch: [17/40], Step: [591/782], Loss: 0.3649929165840149
Rank:0 Epoch: [17/40], Step: [601/782], Loss: 0.28743189573287964
Rank:0 Epoch: [17/40], Step: [611/782], Loss: 0.4800262451171875
Rank:0 Epoch: [17/40], Step: [621/782], Loss: 0.46176886558532715
Rank:0 Epoch: [17/40], Step: [631/782], Loss: 0.30847346782684326
Rank:0 Epoch: [17/40], Step: [641/782], Loss: 0.234439417719841
Rank:0 Epoch: [17/40], Step: [651/782], Loss: 0.3180796802043915
Rank:0 Epoch: [17/40], Step: [661/782], Loss: 0.4829045832157135
Rank:0 Epoch: [17/40], Step: [671/782], Loss: 0.28876006603240967
Rank:0 Epoch: [17/40], Step: [681/782], Loss: 0.32043543457984924
Rank:0 Epoch: [17/40], Step: [691/782], Loss: 0.41050997376441956
Rank:0 Epoch: [17/40], Step: [701/782], Loss: 0.2851325273513794
Rank:0 Epoch: [17/40], Step: [711/782], Loss: 0.3425660729408264
Rank:0 Epoch: [17/40], Step: [721/782], Loss: 0.37525826692581177
Rank:0 Epoch: [17/40], Step: [731/782], Loss: 0.223166361451149
Rank:0 Epoch: [17/40], Step: [741/782], Loss: 0.3780245780944824
Rank:0 Epoch: [17/40], Step: [751/782], Loss: 0.6176605820655823
Rank:0 Epoch: [17/40], Step: [761/782], Loss: 0.35551995038986206
Rank:0 Epoch: [17/40], Step: [771/782], Loss: 0.5916708707809448
Rank:0 Epoch: [17/40], Step: [781/782], Loss: 0.23369495570659637
Current Test Acc: 0.8189
Rank:0 Epoch: [18/40], Step: [1/782], Loss: 0.19371719658374786
Rank:0 Epoch: [18/40], Step: [11/782], Loss: 0.3358030617237091
Rank:0 Epoch: [18/40], Step: [21/782], Loss: 0.6123089790344238
Rank:0 Epoch: [18/40], Step: [31/782], Loss: 0.2853602170944214
Rank:0 Epoch: [18/40], Step: [41/782], Loss: 0.350676566362381
Rank:0 Epoch: [18/40], Step: [51/782], Loss: 0.3410509526729584
Rank:0 Epoch: [18/40], Step: [61/782], Loss: 0.5297287106513977
Rank:0 Epoch: [18/40], Step: [71/782], Loss: 0.2630697786808014
Rank:0 Epoch: [18/40], Step: [81/782], Loss: 0.43273746967315674
Rank:0 Epoch: [18/40], Step: [91/782], Loss: 0.4551711976528168
Rank:0 Epoch: [18/40], Step: [101/782], Loss: 0.2725796699523926
Rank:0 Epoch: [18/40], Step: [111/782], Loss: 0.28600558638572693
Rank:0 Epoch: [18/40], Step: [121/782], Loss: 0.4022875130176544
Rank:0 Epoch: [18/40], Step: [131/782], Loss: 0.35361987352371216
Rank:0 Epoch: [18/40], Step: [141/782], Loss: 0.32045984268188477
Rank:0 Epoch: [18/40], Step: [151/782], Loss: 0.35738471150398254
Rank:0 Epoch: [18/40], Step: [161/782], Loss: 0.35005900263786316
Rank:0 Epoch: [18/40], Step: [171/782], Loss: 0.4324931800365448
Rank:0 Epoch: [18/40], Step: [181/782], Loss: 0.24576938152313232
Rank:0 Epoch: [18/40], Step: [191/782], Loss: 0.6126658916473389
Rank:0 Epoch: [18/40], Step: [201/782], Loss: 0.3920898735523224
Rank:0 Epoch: [18/40], Step: [211/782], Loss: 0.3744780123233795
Rank:0 Epoch: [18/40], Step: [221/782], Loss: 0.2398572564125061
Rank:0 Epoch: [18/40], Step: [231/782], Loss: 0.2901374101638794
Rank:0 Epoch: [18/40], Step: [241/782], Loss: 0.26350685954093933
Rank:0 Epoch: [18/40], Step: [251/782], Loss: 0.38473209738731384
Rank:0 Epoch: [18/40], Step: [261/782], Loss: 0.4446871280670166
Rank:0 Epoch: [18/40], Step: [271/782], Loss: 0.4765523076057434
Rank:0 Epoch: [18/40], Step: [281/782], Loss: 0.38509219884872437
Rank:0 Epoch: [18/40], Step: [291/782], Loss: 0.3544536232948303
Rank:0 Epoch: [18/40], Step: [301/782], Loss: 0.3736604154109955
Rank:0 Epoch: [18/40], Step: [311/782], Loss: 0.5210624933242798
Rank:0 Epoch: [18/40], Step: [321/782], Loss: 0.4675932824611664
Rank:0 Epoch: [18/40], Step: [331/782], Loss: 0.5026852488517761
Rank:0 Epoch: [18/40], Step: [341/782], Loss: 0.3722239136695862
Rank:0 Epoch: [18/40], Step: [351/782], Loss: 0.31130972504615784
Rank:0 Epoch: [18/40], Step: [361/782], Loss: 0.31213241815567017
Rank:0 Epoch: [18/40], Step: [371/782], Loss: 0.48850202560424805
Rank:0 Epoch: [18/40], Step: [381/782], Loss: 0.1451645791530609
Rank:0 Epoch: [18/40], Step: [391/782], Loss: 0.45012611150741577
Rank:0 Epoch: [18/40], Step: [401/782], Loss: 0.4280228316783905
Rank:0 Epoch: [18/40], Step: [411/782], Loss: 0.22261908650398254
Rank:0 Epoch: [18/40], Step: [421/782], Loss: 0.2629571855068207
Rank:0 Epoch: [18/40], Step: [431/782], Loss: 0.3949856460094452
Rank:0 Epoch: [18/40], Step: [441/782], Loss: 0.2697691023349762
Rank:0 Epoch: [18/40], Step: [451/782], Loss: 0.38349124789237976
Rank:0 Epoch: [18/40], Step: [461/782], Loss: 0.5755146741867065
Rank:0 Epoch: [18/40], Step: [471/782], Loss: 0.47495508193969727
Rank:0 Epoch: [18/40], Step: [481/782], Loss: 0.5513231158256531
Rank:0 Epoch: [18/40], Step: [491/782], Loss: 0.37692180275917053
Rank:0 Epoch: [18/40], Step: [501/782], Loss: 0.4742927551269531
Rank:0 Epoch: [18/40], Step: [511/782], Loss: 0.4635637104511261
Rank:0 Epoch: [18/40], Step: [521/782], Loss: 0.36123329401016235
Rank:0 Epoch: [18/40], Step: [531/782], Loss: 0.5416117310523987
Rank:0 Epoch: [18/40], Step: [541/782], Loss: 0.42216870188713074
Rank:0 Epoch: [18/40], Step: [551/782], Loss: 0.3910645842552185
Rank:0 Epoch: [18/40], Step: [561/782], Loss: 0.49594631791114807
Rank:0 Epoch: [18/40], Step: [571/782], Loss: 0.40054476261138916
Rank:0 Epoch: [18/40], Step: [581/782], Loss: 0.4518795311450958
Rank:0 Epoch: [18/40], Step: [591/782], Loss: 0.33468300104141235
Rank:0 Epoch: [18/40], Step: [601/782], Loss: 0.42073124647140503
Rank:0 Epoch: [18/40], Step: [611/782], Loss: 0.504925549030304
Rank:0 Epoch: [18/40], Step: [621/782], Loss: 0.30161070823669434
Rank:0 Epoch: [18/40], Step: [631/782], Loss: 0.4936339855194092
Rank:0 Epoch: [18/40], Step: [641/782], Loss: 0.47621071338653564
Rank:0 Epoch: [18/40], Step: [651/782], Loss: 0.3538835048675537
Rank:0 Epoch: [18/40], Step: [661/782], Loss: 0.5671634078025818
Rank:0 Epoch: [18/40], Step: [671/782], Loss: 0.44121453166007996
Rank:0 Epoch: [18/40], Step: [681/782], Loss: 0.2892273962497711
Rank:0 Epoch: [18/40], Step: [691/782], Loss: 0.6948841214179993
Rank:0 Epoch: [18/40], Step: [701/782], Loss: 0.4694490134716034
Rank:0 Epoch: [18/40], Step: [711/782], Loss: 0.3782992362976074
Rank:0 Epoch: [18/40], Step: [721/782], Loss: 0.3884703814983368
Rank:0 Epoch: [18/40], Step: [731/782], Loss: 0.2882740795612335
Rank:0 Epoch: [18/40], Step: [741/782], Loss: 0.4581668972969055
Rank:0 Epoch: [18/40], Step: [751/782], Loss: 0.3472180962562561
Rank:0 Epoch: [18/40], Step: [761/782], Loss: 0.36475664377212524
Rank:0 Epoch: [18/40], Step: [771/782], Loss: 0.24123047292232513
Rank:0 Epoch: [18/40], Step: [781/782], Loss: 0.334161639213562
Current Test Acc: 0.7845
Rank:0 Epoch: [19/40], Step: [1/782], Loss: 0.4151397943496704
Rank:0 Epoch: [19/40], Step: [11/782], Loss: 0.2852299213409424
Rank:0 Epoch: [19/40], Step: [21/782], Loss: 0.38537895679473877
Rank:0 Epoch: [19/40], Step: [31/782], Loss: 0.21012309193611145
Rank:0 Epoch: [19/40], Step: [41/782], Loss: 0.32841986417770386
Rank:0 Epoch: [19/40], Step: [51/782], Loss: 0.38556569814682007
Rank:0 Epoch: [19/40], Step: [61/782], Loss: 0.4403833746910095
Rank:0 Epoch: [19/40], Step: [71/782], Loss: 0.21995455026626587
Rank:0 Epoch: [19/40], Step: [81/782], Loss: 0.40099355578422546
Rank:0 Epoch: [19/40], Step: [91/782], Loss: 0.7535579800605774
Rank:0 Epoch: [19/40], Step: [101/782], Loss: 0.3301346004009247
Rank:0 Epoch: [19/40], Step: [111/782], Loss: 0.5932604074478149
Rank:0 Epoch: [19/40], Step: [121/782], Loss: 0.63411945104599
Rank:0 Epoch: [19/40], Step: [131/782], Loss: 0.3624233901500702
Rank:0 Epoch: [19/40], Step: [141/782], Loss: 0.35508421063423157
Rank:0 Epoch: [19/40], Step: [151/782], Loss: 0.35003212094306946
Rank:0 Epoch: [19/40], Step: [161/782], Loss: 0.31794145703315735
Rank:0 Epoch: [19/40], Step: [171/782], Loss: 0.38600125908851624
Rank:0 Epoch: [19/40], Step: [181/782], Loss: 0.2592356204986572
Rank:0 Epoch: [19/40], Step: [191/782], Loss: 0.4783790707588196
Rank:0 Epoch: [19/40], Step: [201/782], Loss: 0.3225267827510834
Rank:0 Epoch: [19/40], Step: [211/782], Loss: 0.4130259156227112
Rank:0 Epoch: [19/40], Step: [221/782], Loss: 0.3834216296672821
Rank:0 Epoch: [19/40], Step: [231/782], Loss: 0.3277132213115692
Rank:0 Epoch: [19/40], Step: [241/782], Loss: 0.4773887097835541
Rank:0 Epoch: [19/40], Step: [251/782], Loss: 0.591891348361969
Rank:0 Epoch: [19/40], Step: [261/782], Loss: 0.4491984248161316
Rank:0 Epoch: [19/40], Step: [271/782], Loss: 0.3901868164539337
Rank:0 Epoch: [19/40], Step: [281/782], Loss: 0.37175026535987854
Rank:0 Epoch: [19/40], Step: [291/782], Loss: 0.41818007826805115
Rank:0 Epoch: [19/40], Step: [301/782], Loss: 0.24495014548301697
Rank:0 Epoch: [19/40], Step: [311/782], Loss: 0.5003753900527954
Rank:0 Epoch: [19/40], Step: [321/782], Loss: 0.30646729469299316
Rank:0 Epoch: [19/40], Step: [331/782], Loss: 0.48467761278152466
Rank:0 Epoch: [19/40], Step: [341/782], Loss: 0.44399234652519226
Rank:0 Epoch: [19/40], Step: [351/782], Loss: 0.42299625277519226
Rank:0 Epoch: [19/40], Step: [361/782], Loss: 0.43743976950645447
Rank:0 Epoch: [19/40], Step: [371/782], Loss: 0.39142146706581116
Rank:0 Epoch: [19/40], Step: [381/782], Loss: 0.2831762433052063
Rank:0 Epoch: [19/40], Step: [391/782], Loss: 0.5354700088500977
Rank:0 Epoch: [19/40], Step: [401/782], Loss: 0.722897469997406
Rank:0 Epoch: [19/40], Step: [411/782], Loss: 0.6413364410400391
Rank:0 Epoch: [19/40], Step: [421/782], Loss: 0.3687346577644348
Rank:0 Epoch: [19/40], Step: [431/782], Loss: 0.5123330354690552
Rank:0 Epoch: [19/40], Step: [441/782], Loss: 0.3461674451828003
Rank:0 Epoch: [19/40], Step: [451/782], Loss: 0.2786751389503479
Rank:0 Epoch: [19/40], Step: [461/782], Loss: 0.36284640431404114
Rank:0 Epoch: [19/40], Step: [471/782], Loss: 0.26797786355018616
Rank:0 Epoch: [19/40], Step: [481/782], Loss: 0.3380095660686493
Rank:0 Epoch: [19/40], Step: [491/782], Loss: 0.32166701555252075
Rank:0 Epoch: [19/40], Step: [501/782], Loss: 0.38222870230674744
Rank:0 Epoch: [19/40], Step: [511/782], Loss: 0.6375901103019714
Rank:0 Epoch: [19/40], Step: [521/782], Loss: 0.5590981841087341
Rank:0 Epoch: [19/40], Step: [531/782], Loss: 0.32582104206085205
Rank:0 Epoch: [19/40], Step: [541/782], Loss: 0.4611465632915497
Rank:0 Epoch: [19/40], Step: [551/782], Loss: 0.325187087059021
Rank:0 Epoch: [19/40], Step: [561/782], Loss: 0.14366014301776886
Rank:0 Epoch: [19/40], Step: [571/782], Loss: 0.23211845755577087
Rank:0 Epoch: [19/40], Step: [581/782], Loss: 0.4244336783885956
Rank:0 Epoch: [19/40], Step: [591/782], Loss: 0.5623818039894104
Rank:0 Epoch: [19/40], Step: [601/782], Loss: 0.4215892553329468
Rank:0 Epoch: [19/40], Step: [611/782], Loss: 0.25679171085357666
Rank:0 Epoch: [19/40], Step: [621/782], Loss: 0.4208705425262451
Rank:0 Epoch: [19/40], Step: [631/782], Loss: 0.3036988377571106
Rank:0 Epoch: [19/40], Step: [641/782], Loss: 0.43370506167411804
Rank:0 Epoch: [19/40], Step: [651/782], Loss: 0.4387475550174713
Rank:0 Epoch: [19/40], Step: [661/782], Loss: 0.4370190501213074
Rank:0 Epoch: [19/40], Step: [671/782], Loss: 0.5296932458877563
Rank:0 Epoch: [19/40], Step: [681/782], Loss: 0.5066996812820435
Rank:0 Epoch: [19/40], Step: [691/782], Loss: 0.44808638095855713
Rank:0 Epoch: [19/40], Step: [701/782], Loss: 0.2825901210308075
Rank:0 Epoch: [19/40], Step: [711/782], Loss: 0.2905293405056
Rank:0 Epoch: [19/40], Step: [721/782], Loss: 0.3376932740211487
Rank:0 Epoch: [19/40], Step: [731/782], Loss: 0.324479341506958
Rank:0 Epoch: [19/40], Step: [741/782], Loss: 0.30621469020843506
Rank:0 Epoch: [19/40], Step: [751/782], Loss: 0.558727502822876
Rank:0 Epoch: [19/40], Step: [761/782], Loss: 0.2292839139699936
Rank:0 Epoch: [19/40], Step: [771/782], Loss: 0.3076959252357483
Rank:0 Epoch: [19/40], Step: [781/782], Loss: 0.4253302812576294
Current Test Acc: 0.8308
Rank:0 Epoch: [20/40], Step: [1/782], Loss: 0.29584893584251404
Rank:0 Epoch: [20/40], Step: [11/782], Loss: 0.38907861709594727
Rank:0 Epoch: [20/40], Step: [21/782], Loss: 0.4662015438079834
Rank:0 Epoch: [20/40], Step: [31/782], Loss: 0.27300021052360535
Rank:0 Epoch: [20/40], Step: [41/782], Loss: 0.577811062335968
Rank:0 Epoch: [20/40], Step: [51/782], Loss: 0.347322016954422
Rank:0 Epoch: [20/40], Step: [61/782], Loss: 0.26266008615493774
Rank:0 Epoch: [20/40], Step: [71/782], Loss: 0.4396112263202667
Rank:0 Epoch: [20/40], Step: [81/782], Loss: 0.3180449604988098
Rank:0 Epoch: [20/40], Step: [91/782], Loss: 0.3571651577949524
Rank:0 Epoch: [20/40], Step: [101/782], Loss: 0.2889987826347351
Rank:0 Epoch: [20/40], Step: [111/782], Loss: 0.3817030191421509
Rank:0 Epoch: [20/40], Step: [121/782], Loss: 0.3722093403339386
Rank:0 Epoch: [20/40], Step: [131/782], Loss: 0.30853646993637085
Rank:0 Epoch: [20/40], Step: [141/782], Loss: 0.4218518137931824
Rank:0 Epoch: [20/40], Step: [151/782], Loss: 0.4814305007457733
Rank:0 Epoch: [20/40], Step: [161/782], Loss: 0.4092315435409546
Rank:0 Epoch: [20/40], Step: [171/782], Loss: 0.5941411256790161
Rank:0 Epoch: [20/40], Step: [181/782], Loss: 0.3731676936149597
Rank:0 Epoch: [20/40], Step: [191/782], Loss: 0.3677312433719635
Rank:0 Epoch: [20/40], Step: [201/782], Loss: 0.4033156931400299
Rank:0 Epoch: [20/40], Step: [211/782], Loss: 0.30754294991493225
Rank:0 Epoch: [20/40], Step: [221/782], Loss: 0.29130682349205017
Rank:0 Epoch: [20/40], Step: [231/782], Loss: 0.361459344625473
Rank:0 Epoch: [20/40], Step: [241/782], Loss: 0.45718976855278015
Rank:0 Epoch: [20/40], Step: [251/782], Loss: 0.4141600728034973
Rank:0 Epoch: [20/40], Step: [261/782], Loss: 0.2986097037792206
Rank:0 Epoch: [20/40], Step: [271/782], Loss: 0.36997899413108826
Rank:0 Epoch: [20/40], Step: [281/782], Loss: 0.6989992260932922
Rank:0 Epoch: [20/40], Step: [291/782], Loss: 0.4585762023925781
Rank:0 Epoch: [20/40], Step: [301/782], Loss: 0.2985149621963501
Rank:0 Epoch: [20/40], Step: [311/782], Loss: 0.27100780606269836
Rank:0 Epoch: [20/40], Step: [321/782], Loss: 0.3848971724510193
Rank:0 Epoch: [20/40], Step: [331/782], Loss: 0.40617048740386963
Rank:0 Epoch: [20/40], Step: [341/782], Loss: 0.3522194027900696
Rank:0 Epoch: [20/40], Step: [351/782], Loss: 0.2435741424560547
Rank:0 Epoch: [20/40], Step: [361/782], Loss: 0.3224998116493225
Rank:0 Epoch: [20/40], Step: [371/782], Loss: 0.22997021675109863
Rank:0 Epoch: [20/40], Step: [381/782], Loss: 0.49615105986595154
Rank:0 Epoch: [20/40], Step: [391/782], Loss: 0.39910805225372314
Rank:0 Epoch: [20/40], Step: [401/782], Loss: 0.5849456787109375
Rank:0 Epoch: [20/40], Step: [411/782], Loss: 0.5037664771080017
Rank:0 Epoch: [20/40], Step: [421/782], Loss: 0.3886581063270569
Rank:0 Epoch: [20/40], Step: [431/782], Loss: 0.523615300655365
Rank:0 Epoch: [20/40], Step: [441/782], Loss: 0.4595888555049896
Rank:0 Epoch: [20/40], Step: [451/782], Loss: 0.4179443120956421
Rank:0 Epoch: [20/40], Step: [461/782], Loss: 0.33567890524864197
Rank:0 Epoch: [20/40], Step: [471/782], Loss: 0.38047823309898376
Rank:0 Epoch: [20/40], Step: [481/782], Loss: 0.5031992793083191
Rank:0 Epoch: [20/40], Step: [491/782], Loss: 0.3272875249385834
Rank:0 Epoch: [20/40], Step: [501/782], Loss: 0.5406531691551208
Rank:0 Epoch: [20/40], Step: [511/782], Loss: 0.19891054928302765
Rank:0 Epoch: [20/40], Step: [521/782], Loss: 0.3350256383419037
Rank:0 Epoch: [20/40], Step: [531/782], Loss: 0.3376385271549225
Rank:0 Epoch: [20/40], Step: [541/782], Loss: 0.1445452719926834
Rank:0 Epoch: [20/40], Step: [551/782], Loss: 0.38294488191604614
Rank:0 Epoch: [20/40], Step: [561/782], Loss: 0.3418754041194916
Rank:0 Epoch: [20/40], Step: [571/782], Loss: 0.24990442395210266
Rank:0 Epoch: [20/40], Step: [581/782], Loss: 0.3814602196216583
Rank:0 Epoch: [20/40], Step: [591/782], Loss: 0.3459792137145996
Rank:0 Epoch: [20/40], Step: [601/782], Loss: 0.5332895517349243
Rank:0 Epoch: [20/40], Step: [611/782], Loss: 0.6213021278381348
Rank:0 Epoch: [20/40], Step: [621/782], Loss: 0.3414958417415619
Rank:0 Epoch: [20/40], Step: [631/782], Loss: 0.38504117727279663
Rank:0 Epoch: [20/40], Step: [641/782], Loss: 0.21589694917201996
Rank:0 Epoch: [20/40], Step: [651/782], Loss: 0.3021048307418823
Rank:0 Epoch: [20/40], Step: [661/782], Loss: 0.27953365445137024
Rank:0 Epoch: [20/40], Step: [671/782], Loss: 0.4410199224948883
Rank:0 Epoch: [20/40], Step: [681/782], Loss: 0.3969588577747345
Rank:0 Epoch: [20/40], Step: [691/782], Loss: 0.5786550045013428
Rank:0 Epoch: [20/40], Step: [701/782], Loss: 0.1896933615207672
Rank:0 Epoch: [20/40], Step: [711/782], Loss: 0.42199113965034485
Rank:0 Epoch: [20/40], Step: [721/782], Loss: 0.29722100496292114
Rank:0 Epoch: [20/40], Step: [731/782], Loss: 0.32307884097099304
Rank:0 Epoch: [20/40], Step: [741/782], Loss: 0.3594158887863159
Rank:0 Epoch: [20/40], Step: [751/782], Loss: 0.5033726096153259
Rank:0 Epoch: [20/40], Step: [761/782], Loss: 0.3322276175022125
Rank:0 Epoch: [20/40], Step: [771/782], Loss: 0.2652168273925781
Rank:0 Epoch: [20/40], Step: [781/782], Loss: 0.21212738752365112
Current Test Acc: 0.839
Rank:0 Epoch: [21/40], Step: [1/782], Loss: 0.2594769299030304
Rank:0 Epoch: [21/40], Step: [11/782], Loss: 0.3427259922027588
Rank:0 Epoch: [21/40], Step: [21/782], Loss: 0.21857094764709473
Rank:0 Epoch: [21/40], Step: [31/782], Loss: 0.3424982726573944
Rank:0 Epoch: [21/40], Step: [41/782], Loss: 0.36004871129989624
Rank:0 Epoch: [21/40], Step: [51/782], Loss: 0.39781317114830017
Rank:0 Epoch: [21/40], Step: [61/782], Loss: 0.3346719741821289
Rank:0 Epoch: [21/40], Step: [71/782], Loss: 0.4428464472293854
Rank:0 Epoch: [21/40], Step: [81/782], Loss: 0.14379075169563293
Rank:0 Epoch: [21/40], Step: [91/782], Loss: 0.20470647513866425
Rank:0 Epoch: [21/40], Step: [101/782], Loss: 0.2366439700126648
Rank:0 Epoch: [21/40], Step: [111/782], Loss: 0.2641199231147766
Rank:0 Epoch: [21/40], Step: [121/782], Loss: 0.28264155983924866
Rank:0 Epoch: [21/40], Step: [131/782], Loss: 0.26907968521118164
Rank:0 Epoch: [21/40], Step: [141/782], Loss: 0.2971574068069458
Rank:0 Epoch: [21/40], Step: [151/782], Loss: 0.3287014961242676
Rank:0 Epoch: [21/40], Step: [161/782], Loss: 0.22176620364189148
Rank:0 Epoch: [21/40], Step: [171/782], Loss: 0.32112959027290344
Rank:0 Epoch: [21/40], Step: [181/782], Loss: 0.163860484957695
Rank:0 Epoch: [21/40], Step: [191/782], Loss: 0.2913367450237274
Rank:0 Epoch: [21/40], Step: [201/782], Loss: 0.27483224868774414
Rank:0 Epoch: [21/40], Step: [211/782], Loss: 0.36053019762039185
Rank:0 Epoch: [21/40], Step: [221/782], Loss: 0.297760009765625
Rank:0 Epoch: [21/40], Step: [231/782], Loss: 0.3940684497356415
Rank:0 Epoch: [21/40], Step: [241/782], Loss: 0.26725634932518005
Rank:0 Epoch: [21/40], Step: [251/782], Loss: 0.30421915650367737
Rank:0 Epoch: [21/40], Step: [261/782], Loss: 0.2719934582710266
Rank:0 Epoch: [21/40], Step: [271/782], Loss: 0.3632068634033203
Rank:0 Epoch: [21/40], Step: [281/782], Loss: 0.4597571790218353
Rank:0 Epoch: [21/40], Step: [291/782], Loss: 0.2608848214149475
Rank:0 Epoch: [21/40], Step: [301/782], Loss: 0.3985198140144348
Rank:0 Epoch: [21/40], Step: [311/782], Loss: 0.31339240074157715
Rank:0 Epoch: [21/40], Step: [321/782], Loss: 0.26655495166778564
Rank:0 Epoch: [21/40], Step: [331/782], Loss: 0.15982584655284882
Rank:0 Epoch: [21/40], Step: [341/782], Loss: 0.29947686195373535
Rank:0 Epoch: [21/40], Step: [351/782], Loss: 0.23875272274017334
Rank:0 Epoch: [21/40], Step: [361/782], Loss: 0.13534803688526154
Rank:0 Epoch: [21/40], Step: [371/782], Loss: 0.270770400762558
Rank:0 Epoch: [21/40], Step: [381/782], Loss: 0.5476411581039429
Rank:0 Epoch: [21/40], Step: [391/782], Loss: 0.2591868042945862
Rank:0 Epoch: [21/40], Step: [401/782], Loss: 0.24839018285274506
Rank:0 Epoch: [21/40], Step: [411/782], Loss: 0.26657095551490784
Rank:0 Epoch: [21/40], Step: [421/782], Loss: 0.26380741596221924
Rank:0 Epoch: [21/40], Step: [431/782], Loss: 0.2869718372821808
Rank:0 Epoch: [21/40], Step: [441/782], Loss: 0.3635402023792267
Rank:0 Epoch: [21/40], Step: [451/782], Loss: 0.27642306685447693
Rank:0 Epoch: [21/40], Step: [461/782], Loss: 0.3033401370048523
Rank:0 Epoch: [21/40], Step: [471/782], Loss: 0.2537630796432495
Rank:0 Epoch: [21/40], Step: [481/782], Loss: 0.13873985409736633
Rank:0 Epoch: [21/40], Step: [491/782], Loss: 0.40614503622055054
Rank:0 Epoch: [21/40], Step: [501/782], Loss: 0.1591988205909729
Rank:0 Epoch: [21/40], Step: [511/782], Loss: 0.20283809304237366
Rank:0 Epoch: [21/40], Step: [521/782], Loss: 0.33532074093818665
Rank:0 Epoch: [21/40], Step: [531/782], Loss: 0.14140059053897858
Rank:0 Epoch: [21/40], Step: [541/782], Loss: 0.2997235953807831
Rank:0 Epoch: [21/40], Step: [551/782], Loss: 0.3426033556461334
Rank:0 Epoch: [21/40], Step: [561/782], Loss: 0.23102279007434845
Rank:0 Epoch: [21/40], Step: [571/782], Loss: 0.29021164774894714
Rank:0 Epoch: [21/40], Step: [581/782], Loss: 0.30023181438446045
Rank:0 Epoch: [21/40], Step: [591/782], Loss: 0.2118048220872879
Rank:0 Epoch: [21/40], Step: [601/782], Loss: 0.14783011376857758
Rank:0 Epoch: [21/40], Step: [611/782], Loss: 0.2616405487060547
Rank:0 Epoch: [21/40], Step: [621/782], Loss: 0.20899246633052826
Rank:0 Epoch: [21/40], Step: [631/782], Loss: 0.10136039555072784
Rank:0 Epoch: [21/40], Step: [641/782], Loss: 0.2239242047071457
Rank:0 Epoch: [21/40], Step: [651/782], Loss: 0.2770622670650482
Rank:0 Epoch: [21/40], Step: [661/782], Loss: 0.3442440629005432
Rank:0 Epoch: [21/40], Step: [671/782], Loss: 0.25157251954078674
Rank:0 Epoch: [21/40], Step: [681/782], Loss: 0.23726043105125427
Rank:0 Epoch: [21/40], Step: [691/782], Loss: 0.2980395257472992
Rank:0 Epoch: [21/40], Step: [701/782], Loss: 0.2771509289741516
Rank:0 Epoch: [21/40], Step: [711/782], Loss: 0.16909494996070862
Rank:0 Epoch: [21/40], Step: [721/782], Loss: 0.15226154029369354
Rank:0 Epoch: [21/40], Step: [731/782], Loss: 0.3118267357349396
Rank:0 Epoch: [21/40], Step: [741/782], Loss: 0.1025582030415535
Rank:0 Epoch: [21/40], Step: [751/782], Loss: 0.27755311131477356
Rank:0 Epoch: [21/40], Step: [761/782], Loss: 0.24278445541858673
Rank:0 Epoch: [21/40], Step: [771/782], Loss: 0.24200527369976044
Rank:0 Epoch: [21/40], Step: [781/782], Loss: 0.24332685768604279
Current Test Acc: 0.8934
Rank:0 Epoch: [22/40], Step: [1/782], Loss: 0.2865632474422455
Rank:0 Epoch: [22/40], Step: [11/782], Loss: 0.2813867926597595
Rank:0 Epoch: [22/40], Step: [21/782], Loss: 0.19804611802101135
Rank:0 Epoch: [22/40], Step: [31/782], Loss: 0.3223372995853424
Rank:0 Epoch: [22/40], Step: [41/782], Loss: 0.23839014768600464
Rank:0 Epoch: [22/40], Step: [51/782], Loss: 0.18979932367801666
Rank:0 Epoch: [22/40], Step: [61/782], Loss: 0.27083590626716614
Rank:0 Epoch: [22/40], Step: [71/782], Loss: 0.3698168694972992
Rank:0 Epoch: [22/40], Step: [81/782], Loss: 0.3174763023853302
Rank:0 Epoch: [22/40], Step: [91/782], Loss: 0.24076104164123535
Rank:0 Epoch: [22/40], Step: [101/782], Loss: 0.15560074150562286
Rank:0 Epoch: [22/40], Step: [111/782], Loss: 0.2445242553949356
Rank:0 Epoch: [22/40], Step: [121/782], Loss: 0.15143288671970367
Rank:0 Epoch: [22/40], Step: [131/782], Loss: 0.2020532339811325
Rank:0 Epoch: [22/40], Step: [141/782], Loss: 0.3321171700954437
Rank:0 Epoch: [22/40], Step: [151/782], Loss: 0.19357134401798248
Rank:0 Epoch: [22/40], Step: [161/782], Loss: 0.17521855235099792
Rank:0 Epoch: [22/40], Step: [171/782], Loss: 0.20852656662464142
Rank:0 Epoch: [22/40], Step: [181/782], Loss: 0.1993006020784378
Rank:0 Epoch: [22/40], Step: [191/782], Loss: 0.24707196652889252
Rank:0 Epoch: [22/40], Step: [201/782], Loss: 0.29462555050849915
Rank:0 Epoch: [22/40], Step: [211/782], Loss: 0.2555621266365051
Rank:0 Epoch: [22/40], Step: [221/782], Loss: 0.17867934703826904
Rank:0 Epoch: [22/40], Step: [231/782], Loss: 0.2386646866798401
Rank:0 Epoch: [22/40], Step: [241/782], Loss: 0.25539103150367737
Rank:0 Epoch: [22/40], Step: [251/782], Loss: 0.1460917592048645
Rank:0 Epoch: [22/40], Step: [261/782], Loss: 0.23461060225963593
Rank:0 Epoch: [22/40], Step: [271/782], Loss: 0.2871495187282562
Rank:0 Epoch: [22/40], Step: [281/782], Loss: 0.2717457711696625
Rank:0 Epoch: [22/40], Step: [291/782], Loss: 0.20984402298927307
Rank:0 Epoch: [22/40], Step: [301/782], Loss: 0.3204503357410431
Rank:0 Epoch: [22/40], Step: [311/782], Loss: 0.27711018919944763
Rank:0 Epoch: [22/40], Step: [321/782], Loss: 0.33113572001457214
Rank:0 Epoch: [22/40], Step: [331/782], Loss: 0.26783287525177
Rank:0 Epoch: [22/40], Step: [341/782], Loss: 0.18599049746990204
Rank:0 Epoch: [22/40], Step: [351/782], Loss: 0.12058410793542862
Rank:0 Epoch: [22/40], Step: [361/782], Loss: 0.27892136573791504
Rank:0 Epoch: [22/40], Step: [371/782], Loss: 0.18269187211990356
Rank:0 Epoch: [22/40], Step: [381/782], Loss: 0.24887900054454803
Rank:0 Epoch: [22/40], Step: [391/782], Loss: 0.41180121898651123
Rank:0 Epoch: [22/40], Step: [401/782], Loss: 0.12017197161912918
Rank:0 Epoch: [22/40], Step: [411/782], Loss: 0.22636698186397552
Rank:0 Epoch: [22/40], Step: [421/782], Loss: 0.16347838938236237
Rank:0 Epoch: [22/40], Step: [431/782], Loss: 0.32844793796539307
Rank:0 Epoch: [22/40], Step: [441/782], Loss: 0.393619567155838
Rank:0 Epoch: [22/40], Step: [451/782], Loss: 0.22927910089492798
Rank:0 Epoch: [22/40], Step: [461/782], Loss: 0.2335493415594101
Rank:0 Epoch: [22/40], Step: [471/782], Loss: 0.44544121623039246
Rank:0 Epoch: [22/40], Step: [481/782], Loss: 0.29481223225593567
Rank:0 Epoch: [22/40], Step: [491/782], Loss: 0.29105257987976074
Rank:0 Epoch: [22/40], Step: [501/782], Loss: 0.3062543570995331
Rank:0 Epoch: [22/40], Step: [511/782], Loss: 0.194712832570076
Rank:0 Epoch: [22/40], Step: [521/782], Loss: 0.29134583473205566
Rank:0 Epoch: [22/40], Step: [531/782], Loss: 0.3802070915699005
Rank:0 Epoch: [22/40], Step: [541/782], Loss: 0.2373550832271576
Rank:0 Epoch: [22/40], Step: [551/782], Loss: 0.244919553399086
Rank:0 Epoch: [22/40], Step: [561/782], Loss: 0.35559195280075073
Rank:0 Epoch: [22/40], Step: [571/782], Loss: 0.17069657146930695
Rank:0 Epoch: [22/40], Step: [581/782], Loss: 0.43983906507492065
Rank:0 Epoch: [22/40], Step: [591/782], Loss: 0.37964197993278503
Rank:0 Epoch: [22/40], Step: [601/782], Loss: 0.2838328778743744
Rank:0 Epoch: [22/40], Step: [611/782], Loss: 0.14897385239601135
Rank:0 Epoch: [22/40], Step: [621/782], Loss: 0.2028178870677948
Rank:0 Epoch: [22/40], Step: [631/782], Loss: 0.2633092701435089
Rank:0 Epoch: [22/40], Step: [641/782], Loss: 0.16372628509998322
Rank:0 Epoch: [22/40], Step: [651/782], Loss: 0.1698758453130722
Rank:0 Epoch: [22/40], Step: [661/782], Loss: 0.1373288631439209
Rank:0 Epoch: [22/40], Step: [671/782], Loss: 0.21416215598583221
Rank:0 Epoch: [22/40], Step: [681/782], Loss: 0.10921204835176468
Rank:0 Epoch: [22/40], Step: [691/782], Loss: 0.3053402602672577
Rank:0 Epoch: [22/40], Step: [701/782], Loss: 0.2855489253997803
Rank:0 Epoch: [22/40], Step: [711/782], Loss: 0.29197341203689575
Rank:0 Epoch: [22/40], Step: [721/782], Loss: 0.2364385426044464
Rank:0 Epoch: [22/40], Step: [731/782], Loss: 0.2920690178871155
Rank:0 Epoch: [22/40], Step: [741/782], Loss: 0.10430173575878143
Rank:0 Epoch: [22/40], Step: [751/782], Loss: 0.29431429505348206
Rank:0 Epoch: [22/40], Step: [761/782], Loss: 0.45538046956062317
Rank:0 Epoch: [22/40], Step: [771/782], Loss: 0.37488818168640137
Rank:0 Epoch: [22/40], Step: [781/782], Loss: 0.21301692724227905
Current Test Acc: 0.8939
Rank:0 Epoch: [23/40], Step: [1/782], Loss: 0.3442740738391876
Rank:0 Epoch: [23/40], Step: [11/782], Loss: 0.18637700378894806
Rank:0 Epoch: [23/40], Step: [21/782], Loss: 0.2505783438682556
Rank:0 Epoch: [23/40], Step: [31/782], Loss: 0.28743067383766174
Rank:0 Epoch: [23/40], Step: [41/782], Loss: 0.20773117244243622
Rank:0 Epoch: [23/40], Step: [51/782], Loss: 0.24189279973506927
Rank:0 Epoch: [23/40], Step: [61/782], Loss: 0.12783855199813843
Rank:0 Epoch: [23/40], Step: [71/782], Loss: 0.26322266459465027
Rank:0 Epoch: [23/40], Step: [81/782], Loss: 0.34271037578582764
Rank:0 Epoch: [23/40], Step: [91/782], Loss: 0.26806408166885376
Rank:0 Epoch: [23/40], Step: [101/782], Loss: 0.21512697637081146
Rank:0 Epoch: [23/40], Step: [111/782], Loss: 0.1448831707239151
Rank:0 Epoch: [23/40], Step: [121/782], Loss: 0.21567940711975098
Rank:0 Epoch: [23/40], Step: [131/782], Loss: 0.18655283749103546
Rank:0 Epoch: [23/40], Step: [141/782], Loss: 0.27680259943008423
Rank:0 Epoch: [23/40], Step: [151/782], Loss: 0.1818697154521942
Rank:0 Epoch: [23/40], Step: [161/782], Loss: 0.31318843364715576
Rank:0 Epoch: [23/40], Step: [171/782], Loss: 0.27584969997406006
Rank:0 Epoch: [23/40], Step: [181/782], Loss: 0.21306368708610535
Rank:0 Epoch: [23/40], Step: [191/782], Loss: 0.264462947845459
Rank:0 Epoch: [23/40], Step: [201/782], Loss: 0.19550293684005737
Rank:0 Epoch: [23/40], Step: [211/782], Loss: 0.1368085741996765
Rank:0 Epoch: [23/40], Step: [221/782], Loss: 0.16196681559085846
Rank:0 Epoch: [23/40], Step: [231/782], Loss: 0.19048002362251282
Rank:0 Epoch: [23/40], Step: [241/782], Loss: 0.16808851063251495
Rank:0 Epoch: [23/40], Step: [251/782], Loss: 0.1891833245754242
Rank:0 Epoch: [23/40], Step: [261/782], Loss: 0.3262232840061188
Rank:0 Epoch: [23/40], Step: [271/782], Loss: 0.1732780933380127
Rank:0 Epoch: [23/40], Step: [281/782], Loss: 0.18999730050563812
Rank:0 Epoch: [23/40], Step: [291/782], Loss: 0.19713716208934784
Rank:0 Epoch: [23/40], Step: [301/782], Loss: 0.26348790526390076
Rank:0 Epoch: [23/40], Step: [311/782], Loss: 0.19695620238780975
Rank:0 Epoch: [23/40], Step: [321/782], Loss: 0.20923057198524475
Rank:0 Epoch: [23/40], Step: [331/782], Loss: 0.14603930711746216
Rank:0 Epoch: [23/40], Step: [341/782], Loss: 0.32659411430358887
Rank:0 Epoch: [23/40], Step: [351/782], Loss: 0.2822670638561249
Rank:0 Epoch: [23/40], Step: [361/782], Loss: 0.2503838539123535
Rank:0 Epoch: [23/40], Step: [371/782], Loss: 0.338434636592865
Rank:0 Epoch: [23/40], Step: [381/782], Loss: 0.23322346806526184
Rank:0 Epoch: [23/40], Step: [391/782], Loss: 0.19894194602966309
Rank:0 Epoch: [23/40], Step: [401/782], Loss: 0.16108790040016174
Rank:0 Epoch: [23/40], Step: [411/782], Loss: 0.2537851631641388
Rank:0 Epoch: [23/40], Step: [421/782], Loss: 0.15590618550777435
Rank:0 Epoch: [23/40], Step: [431/782], Loss: 0.21246027946472168
Rank:0 Epoch: [23/40], Step: [441/782], Loss: 0.2642641067504883
Rank:0 Epoch: [23/40], Step: [451/782], Loss: 0.24929271638393402
Rank:0 Epoch: [23/40], Step: [461/782], Loss: 0.07867895066738129
Rank:0 Epoch: [23/40], Step: [471/782], Loss: 0.3833785355091095
Rank:0 Epoch: [23/40], Step: [481/782], Loss: 0.15671557188034058
Rank:0 Epoch: [23/40], Step: [491/782], Loss: 0.18564023077487946
Rank:0 Epoch: [23/40], Step: [501/782], Loss: 0.4044332504272461
Rank:0 Epoch: [23/40], Step: [511/782], Loss: 0.16507674753665924
Rank:0 Epoch: [23/40], Step: [521/782], Loss: 0.3811042606830597
Rank:0 Epoch: [23/40], Step: [531/782], Loss: 0.3994963467121124
Rank:0 Epoch: [23/40], Step: [541/782], Loss: 0.13660015165805817
Rank:0 Epoch: [23/40], Step: [551/782], Loss: 0.2468327432870865
Rank:0 Epoch: [23/40], Step: [561/782], Loss: 0.18434330821037292
Rank:0 Epoch: [23/40], Step: [571/782], Loss: 0.2361433357000351
Rank:0 Epoch: [23/40], Step: [581/782], Loss: 0.28244641423225403
Rank:0 Epoch: [23/40], Step: [591/782], Loss: 0.27423378825187683
Rank:0 Epoch: [23/40], Step: [601/782], Loss: 0.3549248278141022
Rank:0 Epoch: [23/40], Step: [611/782], Loss: 0.3087952435016632
Rank:0 Epoch: [23/40], Step: [621/782], Loss: 0.1875898391008377
Rank:0 Epoch: [23/40], Step: [631/782], Loss: 0.2560090720653534
Rank:0 Epoch: [23/40], Step: [641/782], Loss: 0.1721421331167221
Rank:0 Epoch: [23/40], Step: [651/782], Loss: 0.25111469626426697
Rank:0 Epoch: [23/40], Step: [661/782], Loss: 0.22476783394813538
Rank:0 Epoch: [23/40], Step: [671/782], Loss: 0.1618489921092987
Rank:0 Epoch: [23/40], Step: [681/782], Loss: 0.22211557626724243
Rank:0 Epoch: [23/40], Step: [691/782], Loss: 0.21650175750255585
Rank:0 Epoch: [23/40], Step: [701/782], Loss: 0.3083702623844147
Rank:0 Epoch: [23/40], Step: [711/782], Loss: 0.4359171688556671
Rank:0 Epoch: [23/40], Step: [721/782], Loss: 0.2444387972354889
Rank:0 Epoch: [23/40], Step: [731/782], Loss: 0.22308659553527832
Rank:0 Epoch: [23/40], Step: [741/782], Loss: 0.3788149356842041
Rank:0 Epoch: [23/40], Step: [751/782], Loss: 0.2544768452644348
Rank:0 Epoch: [23/40], Step: [761/782], Loss: 0.15773317217826843
Rank:0 Epoch: [23/40], Step: [771/782], Loss: 0.1524646282196045
Rank:0 Epoch: [23/40], Step: [781/782], Loss: 0.24265673756599426
Current Test Acc: 0.8946
Rank:0 Epoch: [24/40], Step: [1/782], Loss: 0.17258720099925995
Rank:0 Epoch: [24/40], Step: [11/782], Loss: 0.21516253054141998
Rank:0 Epoch: [24/40], Step: [21/782], Loss: 0.259494811296463
Rank:0 Epoch: [24/40], Step: [31/782], Loss: 0.11520808935165405
Rank:0 Epoch: [24/40], Step: [41/782], Loss: 0.2206590622663498
Rank:0 Epoch: [24/40], Step: [51/782], Loss: 0.1463155895471573
Rank:0 Epoch: [24/40], Step: [61/782], Loss: 0.1547548621892929
Rank:0 Epoch: [24/40], Step: [71/782], Loss: 0.276787668466568
Rank:0 Epoch: [24/40], Step: [81/782], Loss: 0.3559277057647705
Rank:0 Epoch: [24/40], Step: [91/782], Loss: 0.18848997354507446
Rank:0 Epoch: [24/40], Step: [101/782], Loss: 0.28325071930885315
Rank:0 Epoch: [24/40], Step: [111/782], Loss: 0.22281192243099213
Rank:0 Epoch: [24/40], Step: [121/782], Loss: 0.22666187584400177
Rank:0 Epoch: [24/40], Step: [131/782], Loss: 0.17870287597179413
Rank:0 Epoch: [24/40], Step: [141/782], Loss: 0.13069285452365875
Rank:0 Epoch: [24/40], Step: [151/782], Loss: 0.5019680261611938
Rank:0 Epoch: [24/40], Step: [161/782], Loss: 0.2576356530189514
Rank:0 Epoch: [24/40], Step: [171/782], Loss: 0.24092823266983032
Rank:0 Epoch: [24/40], Step: [181/782], Loss: 0.3707672953605652
Rank:0 Epoch: [24/40], Step: [191/782], Loss: 0.27474087476730347
Rank:0 Epoch: [24/40], Step: [201/782], Loss: 0.16555218398571014
Rank:0 Epoch: [24/40], Step: [211/782], Loss: 0.25402557849884033
Rank:0 Epoch: [24/40], Step: [221/782], Loss: 0.24871742725372314
Rank:0 Epoch: [24/40], Step: [231/782], Loss: 0.2468290477991104
Rank:0 Epoch: [24/40], Step: [241/782], Loss: 0.10868776589632034
Rank:0 Epoch: [24/40], Step: [251/782], Loss: 0.2336595207452774
Rank:0 Epoch: [24/40], Step: [261/782], Loss: 0.20179632306098938
Rank:0 Epoch: [24/40], Step: [271/782], Loss: 0.1356237828731537
Rank:0 Epoch: [24/40], Step: [281/782], Loss: 0.2118765264749527
Rank:0 Epoch: [24/40], Step: [291/782], Loss: 0.26470157504081726
Rank:0 Epoch: [24/40], Step: [301/782], Loss: 0.26952531933784485
Rank:0 Epoch: [24/40], Step: [311/782], Loss: 0.2200338989496231
Rank:0 Epoch: [24/40], Step: [321/782], Loss: 0.27451279759407043
Rank:0 Epoch: [24/40], Step: [331/782], Loss: 0.24155347049236298
Rank:0 Epoch: [24/40], Step: [341/782], Loss: 0.12466172873973846
Rank:0 Epoch: [24/40], Step: [351/782], Loss: 0.21627792716026306
Rank:0 Epoch: [24/40], Step: [361/782], Loss: 0.23441369831562042
Rank:0 Epoch: [24/40], Step: [371/782], Loss: 0.17710275948047638
Rank:0 Epoch: [24/40], Step: [381/782], Loss: 0.17841455340385437
Rank:0 Epoch: [24/40], Step: [391/782], Loss: 0.1899254322052002
Rank:0 Epoch: [24/40], Step: [401/782], Loss: 0.1272413283586502
Rank:0 Epoch: [24/40], Step: [411/782], Loss: 0.275505930185318
Rank:0 Epoch: [24/40], Step: [421/782], Loss: 0.2732265591621399
Rank:0 Epoch: [24/40], Step: [431/782], Loss: 0.2825447916984558
Rank:0 Epoch: [24/40], Step: [441/782], Loss: 0.22283631563186646
Rank:0 Epoch: [24/40], Step: [451/782], Loss: 0.1897527128458023
Rank:0 Epoch: [24/40], Step: [461/782], Loss: 0.21956492960453033
Rank:0 Epoch: [24/40], Step: [471/782], Loss: 0.2889057397842407
Rank:0 Epoch: [24/40], Step: [481/782], Loss: 0.45515313744544983
Rank:0 Epoch: [24/40], Step: [491/782], Loss: 0.30992332100868225
Rank:0 Epoch: [24/40], Step: [501/782], Loss: 0.22426682710647583
Rank:0 Epoch: [24/40], Step: [511/782], Loss: 0.2744028568267822
Rank:0 Epoch: [24/40], Step: [521/782], Loss: 0.22802285850048065
Rank:0 Epoch: [24/40], Step: [531/782], Loss: 0.17912836372852325
Rank:0 Epoch: [24/40], Step: [541/782], Loss: 0.20928117632865906
Rank:0 Epoch: [24/40], Step: [551/782], Loss: 0.1447771191596985
Rank:0 Epoch: [24/40], Step: [561/782], Loss: 0.15407703816890717
Rank:0 Epoch: [24/40], Step: [571/782], Loss: 0.22729752957820892
Rank:0 Epoch: [24/40], Step: [581/782], Loss: 0.16680167615413666
Rank:0 Epoch: [24/40], Step: [591/782], Loss: 0.16646499931812286
Rank:0 Epoch: [24/40], Step: [601/782], Loss: 0.18356312811374664
Rank:0 Epoch: [24/40], Step: [611/782], Loss: 0.23497359454631805
Rank:0 Epoch: [24/40], Step: [621/782], Loss: 0.1409197300672531
Rank:0 Epoch: [24/40], Step: [631/782], Loss: 0.19751301407814026
Rank:0 Epoch: [24/40], Step: [641/782], Loss: 0.2388886660337448
Rank:0 Epoch: [24/40], Step: [651/782], Loss: 0.27325353026390076
Rank:0 Epoch: [24/40], Step: [661/782], Loss: 0.12118387967348099
Rank:0 Epoch: [24/40], Step: [671/782], Loss: 0.1311115026473999
Rank:0 Epoch: [24/40], Step: [681/782], Loss: 0.10042731463909149
Rank:0 Epoch: [24/40], Step: [691/782], Loss: 0.23276883363723755
Rank:0 Epoch: [24/40], Step: [701/782], Loss: 0.2591593563556671
Rank:0 Epoch: [24/40], Step: [711/782], Loss: 0.3704835772514343
Rank:0 Epoch: [24/40], Step: [721/782], Loss: 0.14003430306911469
Rank:0 Epoch: [24/40], Step: [731/782], Loss: 0.2407984435558319
Rank:0 Epoch: [24/40], Step: [741/782], Loss: 0.2592422068119049
Rank:0 Epoch: [24/40], Step: [751/782], Loss: 0.33054518699645996
Rank:0 Epoch: [24/40], Step: [761/782], Loss: 0.30531084537506104
Rank:0 Epoch: [24/40], Step: [771/782], Loss: 0.20231354236602783
Rank:0 Epoch: [24/40], Step: [781/782], Loss: 0.2901378870010376
Current Test Acc: 0.8954
Rank:0 Epoch: [25/40], Step: [1/782], Loss: 0.2038220316171646
Rank:0 Epoch: [25/40], Step: [11/782], Loss: 0.17321069538593292
Rank:0 Epoch: [25/40], Step: [21/782], Loss: 0.12292888015508652
Rank:0 Epoch: [25/40], Step: [31/782], Loss: 0.11934781074523926
Rank:0 Epoch: [25/40], Step: [41/782], Loss: 0.2675035297870636
Rank:0 Epoch: [25/40], Step: [51/782], Loss: 0.14254136383533478
Rank:0 Epoch: [25/40], Step: [61/782], Loss: 0.30081644654273987
Rank:0 Epoch: [25/40], Step: [71/782], Loss: 0.16407302021980286
Rank:0 Epoch: [25/40], Step: [81/782], Loss: 0.27080950140953064
Rank:0 Epoch: [25/40], Step: [91/782], Loss: 0.2820415198802948
Rank:0 Epoch: [25/40], Step: [101/782], Loss: 0.22281338274478912
Rank:0 Epoch: [25/40], Step: [111/782], Loss: 0.28987887501716614
Rank:0 Epoch: [25/40], Step: [121/782], Loss: 0.19169291853904724
Rank:0 Epoch: [25/40], Step: [131/782], Loss: 0.17779216170310974
Rank:0 Epoch: [25/40], Step: [141/782], Loss: 0.24804067611694336
Rank:0 Epoch: [25/40], Step: [151/782], Loss: 0.2762252390384674
Rank:0 Epoch: [25/40], Step: [161/782], Loss: 0.04397953674197197
Rank:0 Epoch: [25/40], Step: [171/782], Loss: 0.173787459731102
Rank:0 Epoch: [25/40], Step: [181/782], Loss: 0.17650483548641205
Rank:0 Epoch: [25/40], Step: [191/782], Loss: 0.17879429459571838
Rank:0 Epoch: [25/40], Step: [201/782], Loss: 0.21705451607704163
Rank:0 Epoch: [25/40], Step: [211/782], Loss: 0.23680396378040314
Rank:0 Epoch: [25/40], Step: [221/782], Loss: 0.355081170797348
Rank:0 Epoch: [25/40], Step: [231/782], Loss: 0.3142395317554474
Rank:0 Epoch: [25/40], Step: [241/782], Loss: 0.1436304748058319
Rank:0 Epoch: [25/40], Step: [251/782], Loss: 0.17198346555233002
Rank:0 Epoch: [25/40], Step: [261/782], Loss: 0.1903390735387802
Rank:0 Epoch: [25/40], Step: [271/782], Loss: 0.13929146528244019
Rank:0 Epoch: [25/40], Step: [281/782], Loss: 0.1446259319782257
Rank:0 Epoch: [25/40], Step: [291/782], Loss: 0.14434124529361725
Rank:0 Epoch: [25/40], Step: [301/782], Loss: 0.35632726550102234
Rank:0 Epoch: [25/40], Step: [311/782], Loss: 0.41710230708122253
Rank:0 Epoch: [25/40], Step: [321/782], Loss: 0.23367924988269806
Rank:0 Epoch: [25/40], Step: [331/782], Loss: 0.22667841613292694
Rank:0 Epoch: [25/40], Step: [341/782], Loss: 0.16096408665180206
Rank:0 Epoch: [25/40], Step: [351/782], Loss: 0.25357306003570557
Rank:0 Epoch: [25/40], Step: [361/782], Loss: 0.24334198236465454
Rank:0 Epoch: [25/40], Step: [371/782], Loss: 0.3148616850376129
Rank:0 Epoch: [25/40], Step: [381/782], Loss: 0.26315757632255554
Rank:0 Epoch: [25/40], Step: [391/782], Loss: 0.1586654782295227
Rank:0 Epoch: [25/40], Step: [401/782], Loss: 0.22076918184757233
Rank:0 Epoch: [25/40], Step: [411/782], Loss: 0.20696468651294708
Rank:0 Epoch: [25/40], Step: [421/782], Loss: 0.15865950286388397
Rank:0 Epoch: [25/40], Step: [431/782], Loss: 0.1360357701778412
Rank:0 Epoch: [25/40], Step: [441/782], Loss: 0.1669747233390808
Rank:0 Epoch: [25/40], Step: [451/782], Loss: 0.21487484872341156
Rank:0 Epoch: [25/40], Step: [461/782], Loss: 0.1046968325972557
Rank:0 Epoch: [25/40], Step: [471/782], Loss: 0.34399861097335815
Rank:0 Epoch: [25/40], Step: [481/782], Loss: 0.15939530730247498
Rank:0 Epoch: [25/40], Step: [491/782], Loss: 0.25110602378845215
Rank:0 Epoch: [25/40], Step: [501/782], Loss: 0.20835675299167633
Rank:0 Epoch: [25/40], Step: [511/782], Loss: 0.22595958411693573
Rank:0 Epoch: [25/40], Step: [521/782], Loss: 0.2165841907262802
Rank:0 Epoch: [25/40], Step: [531/782], Loss: 0.30966392159461975
Rank:0 Epoch: [25/40], Step: [541/782], Loss: 0.23651853203773499
Rank:0 Epoch: [25/40], Step: [551/782], Loss: 0.23076561093330383
Rank:0 Epoch: [25/40], Step: [561/782], Loss: 0.2700057625770569
Rank:0 Epoch: [25/40], Step: [571/782], Loss: 0.2898985743522644
Rank:0 Epoch: [25/40], Step: [581/782], Loss: 0.22903163731098175
Rank:0 Epoch: [25/40], Step: [591/782], Loss: 0.1658669263124466
Rank:0 Epoch: [25/40], Step: [601/782], Loss: 0.18772126734256744
Rank:0 Epoch: [25/40], Step: [611/782], Loss: 0.4553561806678772
Rank:0 Epoch: [25/40], Step: [621/782], Loss: 0.22927267849445343
Rank:0 Epoch: [25/40], Step: [631/782], Loss: 0.20031233131885529
Rank:0 Epoch: [25/40], Step: [641/782], Loss: 0.21415981650352478
Rank:0 Epoch: [25/40], Step: [651/782], Loss: 0.2485363781452179
Rank:0 Epoch: [25/40], Step: [661/782], Loss: 0.2594689726829529
Rank:0 Epoch: [25/40], Step: [671/782], Loss: 0.3097480535507202
Rank:0 Epoch: [25/40], Step: [681/782], Loss: 0.3205086588859558
Rank:0 Epoch: [25/40], Step: [691/782], Loss: 0.2525199055671692
Rank:0 Epoch: [25/40], Step: [701/782], Loss: 0.249583899974823
Rank:0 Epoch: [25/40], Step: [711/782], Loss: 0.38591018319129944
Rank:0 Epoch: [25/40], Step: [721/782], Loss: 0.18232253193855286
Rank:0 Epoch: [25/40], Step: [731/782], Loss: 0.3204209804534912
Rank:0 Epoch: [25/40], Step: [741/782], Loss: 0.147789865732193
Rank:0 Epoch: [25/40], Step: [751/782], Loss: 0.16455677151679993
Rank:0 Epoch: [25/40], Step: [761/782], Loss: 0.40771082043647766
Rank:0 Epoch: [25/40], Step: [771/782], Loss: 0.2838136553764343
Rank:0 Epoch: [25/40], Step: [781/782], Loss: 0.319404274225235
Current Test Acc: 0.8963
Rank:0 Epoch: [26/40], Step: [1/782], Loss: 0.16669157147407532
Rank:0 Epoch: [26/40], Step: [11/782], Loss: 0.3523382544517517
Rank:0 Epoch: [26/40], Step: [21/782], Loss: 0.17768101394176483
Rank:0 Epoch: [26/40], Step: [31/782], Loss: 0.17104986310005188
Rank:0 Epoch: [26/40], Step: [41/782], Loss: 0.14981406927108765
Rank:0 Epoch: [26/40], Step: [51/782], Loss: 0.1248282939195633
Rank:0 Epoch: [26/40], Step: [61/782], Loss: 0.29432031512260437
Rank:0 Epoch: [26/40], Step: [71/782], Loss: 0.1339697390794754
Rank:0 Epoch: [26/40], Step: [81/782], Loss: 0.1571757048368454
Rank:0 Epoch: [26/40], Step: [91/782], Loss: 0.12472375482320786
Rank:0 Epoch: [26/40], Step: [101/782], Loss: 0.17525213956832886
Rank:0 Epoch: [26/40], Step: [111/782], Loss: 0.42114388942718506
Rank:0 Epoch: [26/40], Step: [121/782], Loss: 0.2577687203884125
Rank:0 Epoch: [26/40], Step: [131/782], Loss: 0.1620457023382187
Rank:0 Epoch: [26/40], Step: [141/782], Loss: 0.19757544994354248
Rank:0 Epoch: [26/40], Step: [151/782], Loss: 0.20451998710632324
Rank:0 Epoch: [26/40], Step: [161/782], Loss: 0.2574573755264282
Rank:0 Epoch: [26/40], Step: [171/782], Loss: 0.25936436653137207
Rank:0 Epoch: [26/40], Step: [181/782], Loss: 0.34921661019325256
Rank:0 Epoch: [26/40], Step: [191/782], Loss: 0.1725095510482788
Rank:0 Epoch: [26/40], Step: [201/782], Loss: 0.3102003335952759
Rank:0 Epoch: [26/40], Step: [211/782], Loss: 0.40632662177085876
Rank:0 Epoch: [26/40], Step: [221/782], Loss: 0.28387847542762756
Rank:0 Epoch: [26/40], Step: [231/782], Loss: 0.23668235540390015
Rank:0 Epoch: [26/40], Step: [241/782], Loss: 0.37641608715057373
Rank:0 Epoch: [26/40], Step: [251/782], Loss: 0.19258850812911987
Rank:0 Epoch: [26/40], Step: [261/782], Loss: 0.3436475098133087
Rank:0 Epoch: [26/40], Step: [271/782], Loss: 0.24380967020988464
Rank:0 Epoch: [26/40], Step: [281/782], Loss: 0.330329567193985
Rank:0 Epoch: [26/40], Step: [291/782], Loss: 0.23755156993865967
Rank:0 Epoch: [26/40], Step: [301/782], Loss: 0.14316771924495697
Rank:0 Epoch: [26/40], Step: [311/782], Loss: 0.23692910373210907
Rank:0 Epoch: [26/40], Step: [321/782], Loss: 0.17075063288211823
Rank:0 Epoch: [26/40], Step: [331/782], Loss: 0.21065093576908112
Rank:0 Epoch: [26/40], Step: [341/782], Loss: 0.2978082001209259
Rank:0 Epoch: [26/40], Step: [351/782], Loss: 0.14505290985107422
Rank:0 Epoch: [26/40], Step: [361/782], Loss: 0.1793653517961502
Rank:0 Epoch: [26/40], Step: [371/782], Loss: 0.20797701179981232
Rank:0 Epoch: [26/40], Step: [381/782], Loss: 0.18493357300758362
Rank:0 Epoch: [26/40], Step: [391/782], Loss: 0.12582609057426453
Rank:0 Epoch: [26/40], Step: [401/782], Loss: 0.340308278799057
Rank:0 Epoch: [26/40], Step: [411/782], Loss: 0.2183806598186493
Rank:0 Epoch: [26/40], Step: [421/782], Loss: 0.26630938053131104
Rank:0 Epoch: [26/40], Step: [431/782], Loss: 0.2167399525642395
Rank:0 Epoch: [26/40], Step: [441/782], Loss: 0.24034275114536285
Rank:0 Epoch: [26/40], Step: [451/782], Loss: 0.31168046593666077
Rank:0 Epoch: [26/40], Step: [461/782], Loss: 0.11867920309305191
Rank:0 Epoch: [26/40], Step: [471/782], Loss: 0.1322290301322937
Rank:0 Epoch: [26/40], Step: [481/782], Loss: 0.13855086266994476
Rank:0 Epoch: [26/40], Step: [491/782], Loss: 0.1396634727716446
Rank:0 Epoch: [26/40], Step: [501/782], Loss: 0.3299514353275299
Rank:0 Epoch: [26/40], Step: [511/782], Loss: 0.24795278906822205
Rank:0 Epoch: [26/40], Step: [521/782], Loss: 0.1945490837097168
Rank:0 Epoch: [26/40], Step: [531/782], Loss: 0.20799531042575836
Rank:0 Epoch: [26/40], Step: [541/782], Loss: 0.16580653190612793
Rank:0 Epoch: [26/40], Step: [551/782], Loss: 0.18281958997249603
Rank:0 Epoch: [26/40], Step: [561/782], Loss: 0.4109917879104614
Rank:0 Epoch: [26/40], Step: [571/782], Loss: 0.2177504152059555
Rank:0 Epoch: [26/40], Step: [581/782], Loss: 0.25800710916519165
Rank:0 Epoch: [26/40], Step: [591/782], Loss: 0.16050174832344055
Rank:0 Epoch: [26/40], Step: [601/782], Loss: 0.3727082908153534
Rank:0 Epoch: [26/40], Step: [611/782], Loss: 0.15225937962532043
Rank:0 Epoch: [26/40], Step: [621/782], Loss: 0.11920025944709778
Rank:0 Epoch: [26/40], Step: [631/782], Loss: 0.17613783478736877
Rank:0 Epoch: [26/40], Step: [641/782], Loss: 0.2306210696697235
Rank:0 Epoch: [26/40], Step: [651/782], Loss: 0.10953527688980103
Rank:0 Epoch: [26/40], Step: [661/782], Loss: 0.1389216035604477
Rank:0 Epoch: [26/40], Step: [671/782], Loss: 0.27167490124702454
Rank:0 Epoch: [26/40], Step: [681/782], Loss: 0.20965096354484558
Rank:0 Epoch: [26/40], Step: [691/782], Loss: 0.39523664116859436
Rank:0 Epoch: [26/40], Step: [701/782], Loss: 0.2754416763782501
Rank:0 Epoch: [26/40], Step: [711/782], Loss: 0.30198732018470764
Rank:0 Epoch: [26/40], Step: [721/782], Loss: 0.08697288483381271
Rank:0 Epoch: [26/40], Step: [731/782], Loss: 0.19629117846488953
Rank:0 Epoch: [26/40], Step: [741/782], Loss: 0.12594333291053772
Rank:0 Epoch: [26/40], Step: [751/782], Loss: 0.3009449243545532
Rank:0 Epoch: [26/40], Step: [761/782], Loss: 0.1633288711309433
Rank:0 Epoch: [26/40], Step: [771/782], Loss: 0.2486545890569687
Rank:0 Epoch: [26/40], Step: [781/782], Loss: 0.2195315957069397
Current Test Acc: 0.8986
Rank:0 Epoch: [27/40], Step: [1/782], Loss: 0.1969452202320099
Rank:0 Epoch: [27/40], Step: [11/782], Loss: 0.17827512323856354
Rank:0 Epoch: [27/40], Step: [21/782], Loss: 0.185176283121109
Rank:0 Epoch: [27/40], Step: [31/782], Loss: 0.15520289540290833
Rank:0 Epoch: [27/40], Step: [41/782], Loss: 0.2038901448249817
Rank:0 Epoch: [27/40], Step: [51/782], Loss: 0.3106384575366974
Rank:0 Epoch: [27/40], Step: [61/782], Loss: 0.15974034368991852
Rank:0 Epoch: [27/40], Step: [71/782], Loss: 0.2865135371685028
Rank:0 Epoch: [27/40], Step: [81/782], Loss: 0.2361248880624771
Rank:0 Epoch: [27/40], Step: [91/782], Loss: 0.11217521876096725
Rank:0 Epoch: [27/40], Step: [101/782], Loss: 0.15097546577453613
Rank:0 Epoch: [27/40], Step: [111/782], Loss: 0.30098026990890503
Rank:0 Epoch: [27/40], Step: [121/782], Loss: 0.16257762908935547
Rank:0 Epoch: [27/40], Step: [131/782], Loss: 0.2066158950328827
Rank:0 Epoch: [27/40], Step: [141/782], Loss: 0.14778228104114532
Rank:0 Epoch: [27/40], Step: [151/782], Loss: 0.2326066493988037
Rank:0 Epoch: [27/40], Step: [161/782], Loss: 0.16754785180091858
Rank:0 Epoch: [27/40], Step: [171/782], Loss: 0.15905024111270905
Rank:0 Epoch: [27/40], Step: [181/782], Loss: 0.13915316760540009
Rank:0 Epoch: [27/40], Step: [191/782], Loss: 0.13859997689723969
Rank:0 Epoch: [27/40], Step: [201/782], Loss: 0.19782687723636627
Rank:0 Epoch: [27/40], Step: [211/782], Loss: 0.17069180309772491
Rank:0 Epoch: [27/40], Step: [221/782], Loss: 0.33623504638671875
Rank:0 Epoch: [27/40], Step: [231/782], Loss: 0.2538519501686096
Rank:0 Epoch: [27/40], Step: [241/782], Loss: 0.27812832593917847
Rank:0 Epoch: [27/40], Step: [251/782], Loss: 0.24631398916244507
Rank:0 Epoch: [27/40], Step: [261/782], Loss: 0.22926639020442963
Rank:0 Epoch: [27/40], Step: [271/782], Loss: 0.24257081747055054
Rank:0 Epoch: [27/40], Step: [281/782], Loss: 0.13643920421600342
Rank:0 Epoch: [27/40], Step: [291/782], Loss: 0.37409695982933044
Rank:0 Epoch: [27/40], Step: [301/782], Loss: 0.8377736210823059
Rank:0 Epoch: [27/40], Step: [311/782], Loss: 0.2244880348443985
Rank:0 Epoch: [27/40], Step: [321/782], Loss: 0.19904513657093048
Rank:0 Epoch: [27/40], Step: [331/782], Loss: 0.23128476738929749
Rank:0 Epoch: [27/40], Step: [341/782], Loss: 0.23036396503448486
Rank:0 Epoch: [27/40], Step: [351/782], Loss: 0.29594966769218445
Rank:0 Epoch: [27/40], Step: [361/782], Loss: 0.2877625823020935
Rank:0 Epoch: [27/40], Step: [371/782], Loss: 0.29110750555992126
Rank:0 Epoch: [27/40], Step: [381/782], Loss: 0.0821770653128624
Rank:0 Epoch: [27/40], Step: [391/782], Loss: 0.08329585939645767
Rank:0 Epoch: [27/40], Step: [401/782], Loss: 0.18081486225128174
Rank:0 Epoch: [27/40], Step: [411/782], Loss: 0.18765859305858612
Rank:0 Epoch: [27/40], Step: [421/782], Loss: 0.25875672698020935
Rank:0 Epoch: [27/40], Step: [431/782], Loss: 0.1827252209186554
Rank:0 Epoch: [27/40], Step: [441/782], Loss: 0.25966376066207886
Rank:0 Epoch: [27/40], Step: [451/782], Loss: 0.2067490965127945
Rank:0 Epoch: [27/40], Step: [461/782], Loss: 0.46773895621299744
Rank:0 Epoch: [27/40], Step: [471/782], Loss: 0.27902117371559143
Rank:0 Epoch: [27/40], Step: [481/782], Loss: 0.2108171582221985
Rank:0 Epoch: [27/40], Step: [491/782], Loss: 0.18437506258487701
Rank:0 Epoch: [27/40], Step: [501/782], Loss: 0.2623670697212219
Rank:0 Epoch: [27/40], Step: [511/782], Loss: 0.16272693872451782
Rank:0 Epoch: [27/40], Step: [521/782], Loss: 0.20110011100769043
Rank:0 Epoch: [27/40], Step: [531/782], Loss: 0.14135873317718506
Rank:0 Epoch: [27/40], Step: [541/782], Loss: 0.12065830826759338
Rank:0 Epoch: [27/40], Step: [551/782], Loss: 0.3501351773738861
Rank:0 Epoch: [27/40], Step: [561/782], Loss: 0.2348516285419464
Rank:0 Epoch: [27/40], Step: [571/782], Loss: 0.14320483803749084
Rank:0 Epoch: [27/40], Step: [581/782], Loss: 0.1278466135263443
Rank:0 Epoch: [27/40], Step: [591/782], Loss: 0.29338330030441284
Rank:0 Epoch: [27/40], Step: [601/782], Loss: 0.19475361704826355
Rank:0 Epoch: [27/40], Step: [611/782], Loss: 0.20340730249881744
Rank:0 Epoch: [27/40], Step: [621/782], Loss: 0.2660984992980957
Rank:0 Epoch: [27/40], Step: [631/782], Loss: 0.15191864967346191
Rank:0 Epoch: [27/40], Step: [641/782], Loss: 0.19069164991378784
Rank:0 Epoch: [27/40], Step: [651/782], Loss: 0.23779766261577606
Rank:0 Epoch: [27/40], Step: [661/782], Loss: 0.22176289558410645
Rank:0 Epoch: [27/40], Step: [671/782], Loss: 0.26177453994750977
Rank:0 Epoch: [27/40], Step: [681/782], Loss: 0.1729450225830078
Rank:0 Epoch: [27/40], Step: [691/782], Loss: 0.15496519207954407
Rank:0 Epoch: [27/40], Step: [701/782], Loss: 0.16331106424331665
Rank:0 Epoch: [27/40], Step: [711/782], Loss: 0.11708419024944305
Rank:0 Epoch: [27/40], Step: [721/782], Loss: 0.20153455436229706
Rank:0 Epoch: [27/40], Step: [731/782], Loss: 0.1758621633052826
Rank:0 Epoch: [27/40], Step: [741/782], Loss: 0.31346890330314636
Rank:0 Epoch: [27/40], Step: [751/782], Loss: 0.19739772379398346
Rank:0 Epoch: [27/40], Step: [761/782], Loss: 0.1790638566017151
Rank:0 Epoch: [27/40], Step: [771/782], Loss: 0.18635033071041107
Rank:0 Epoch: [27/40], Step: [781/782], Loss: 0.20541416108608246
Current Test Acc: 0.8964
Rank:0 Epoch: [28/40], Step: [1/782], Loss: 0.059644073247909546
Rank:0 Epoch: [28/40], Step: [11/782], Loss: 0.16399113833904266
Rank:0 Epoch: [28/40], Step: [21/782], Loss: 0.1763702929019928
Rank:0 Epoch: [28/40], Step: [31/782], Loss: 0.3962109386920929
Rank:0 Epoch: [28/40], Step: [41/782], Loss: 0.19182969629764557
Rank:0 Epoch: [28/40], Step: [51/782], Loss: 0.13132058084011078
Rank:0 Epoch: [28/40], Step: [61/782], Loss: 0.13960513472557068
Rank:0 Epoch: [28/40], Step: [71/782], Loss: 0.23443475365638733
Rank:0 Epoch: [28/40], Step: [81/782], Loss: 0.2876835763454437
Rank:0 Epoch: [28/40], Step: [91/782], Loss: 0.21355682611465454
Rank:0 Epoch: [28/40], Step: [101/782], Loss: 0.24494211375713348
Rank:0 Epoch: [28/40], Step: [111/782], Loss: 0.3216663599014282
Rank:0 Epoch: [28/40], Step: [121/782], Loss: 0.1773015558719635
Rank:0 Epoch: [28/40], Step: [131/782], Loss: 0.18289746344089508
Rank:0 Epoch: [28/40], Step: [141/782], Loss: 0.12762048840522766
Rank:0 Epoch: [28/40], Step: [151/782], Loss: 0.23223944008350372
Rank:0 Epoch: [28/40], Step: [161/782], Loss: 0.2819335460662842
Rank:0 Epoch: [28/40], Step: [171/782], Loss: 0.19987022876739502
Rank:0 Epoch: [28/40], Step: [181/782], Loss: 0.138288214802742
Rank:0 Epoch: [28/40], Step: [191/782], Loss: 0.11287850886583328
Rank:0 Epoch: [28/40], Step: [201/782], Loss: 0.15452523529529572
Rank:0 Epoch: [28/40], Step: [211/782], Loss: 0.23986154794692993
Rank:0 Epoch: [28/40], Step: [221/782], Loss: 0.08277499675750732
Rank:0 Epoch: [28/40], Step: [231/782], Loss: 0.15076607465744019
Rank:0 Epoch: [28/40], Step: [241/782], Loss: 0.26110586524009705
Rank:0 Epoch: [28/40], Step: [251/782], Loss: 0.1805827021598816
Rank:0 Epoch: [28/40], Step: [261/782], Loss: 0.2400180995464325
Rank:0 Epoch: [28/40], Step: [271/782], Loss: 0.2581646144390106
Rank:0 Epoch: [28/40], Step: [281/782], Loss: 0.15547293424606323
Rank:0 Epoch: [28/40], Step: [291/782], Loss: 0.12426955997943878
Rank:0 Epoch: [28/40], Step: [301/782], Loss: 0.20490188896656036
Rank:0 Epoch: [28/40], Step: [311/782], Loss: 0.15960881114006042
Rank:0 Epoch: [28/40], Step: [321/782], Loss: 0.1562311053276062
Rank:0 Epoch: [28/40], Step: [331/782], Loss: 0.31258025765419006
Rank:0 Epoch: [28/40], Step: [341/782], Loss: 0.20260870456695557
Rank:0 Epoch: [28/40], Step: [351/782], Loss: 0.2174004316329956
Rank:0 Epoch: [28/40], Step: [361/782], Loss: 0.2804335355758667
Rank:0 Epoch: [28/40], Step: [371/782], Loss: 0.27570000290870667
Rank:0 Epoch: [28/40], Step: [381/782], Loss: 0.2603583037853241
Rank:0 Epoch: [28/40], Step: [391/782], Loss: 0.21381255984306335
Rank:0 Epoch: [28/40], Step: [401/782], Loss: 0.19044312834739685
Rank:0 Epoch: [28/40], Step: [411/782], Loss: 0.184072345495224
Rank:0 Epoch: [28/40], Step: [421/782], Loss: 0.1585899442434311
Rank:0 Epoch: [28/40], Step: [431/782], Loss: 0.09668251872062683
Rank:0 Epoch: [28/40], Step: [441/782], Loss: 0.2938232421875
Rank:0 Epoch: [28/40], Step: [451/782], Loss: 0.1652507334947586
Rank:0 Epoch: [28/40], Step: [461/782], Loss: 0.2911485433578491
Rank:0 Epoch: [28/40], Step: [471/782], Loss: 0.2551031708717346
Rank:0 Epoch: [28/40], Step: [481/782], Loss: 0.22556936740875244
Rank:0 Epoch: [28/40], Step: [491/782], Loss: 0.27977725863456726
Rank:0 Epoch: [28/40], Step: [501/782], Loss: 0.3199501931667328
Rank:0 Epoch: [28/40], Step: [511/782], Loss: 0.2715596854686737
Rank:0 Epoch: [28/40], Step: [521/782], Loss: 0.2754272222518921
Rank:0 Epoch: [28/40], Step: [531/782], Loss: 0.1402052491903305
Rank:0 Epoch: [28/40], Step: [541/782], Loss: 0.2669275999069214
Rank:0 Epoch: [28/40], Step: [551/782], Loss: 0.18583235144615173
Rank:0 Epoch: [28/40], Step: [561/782], Loss: 0.32733044028282166
Rank:0 Epoch: [28/40], Step: [571/782], Loss: 0.20969636738300323
Rank:0 Epoch: [28/40], Step: [581/782], Loss: 0.2614852488040924
Rank:0 Epoch: [28/40], Step: [591/782], Loss: 0.17209339141845703
Rank:0 Epoch: [28/40], Step: [601/782], Loss: 0.15111061930656433
Rank:0 Epoch: [28/40], Step: [611/782], Loss: 0.25716152787208557
Rank:0 Epoch: [28/40], Step: [621/782], Loss: 0.1513218730688095
Rank:0 Epoch: [28/40], Step: [631/782], Loss: 0.22372496128082275
Rank:0 Epoch: [28/40], Step: [641/782], Loss: 0.1843431293964386
Rank:0 Epoch: [28/40], Step: [651/782], Loss: 0.18129751086235046
Rank:0 Epoch: [28/40], Step: [661/782], Loss: 0.21923625469207764
Rank:0 Epoch: [28/40], Step: [671/782], Loss: 0.1755579113960266
Rank:0 Epoch: [28/40], Step: [681/782], Loss: 0.3046998381614685
Rank:0 Epoch: [28/40], Step: [691/782], Loss: 0.1644677370786667
Rank:0 Epoch: [28/40], Step: [701/782], Loss: 0.2878929078578949
Rank:0 Epoch: [28/40], Step: [711/782], Loss: 0.2749321460723877
Rank:0 Epoch: [28/40], Step: [721/782], Loss: 0.2792302668094635
Rank:0 Epoch: [28/40], Step: [731/782], Loss: 0.14788681268692017
Rank:0 Epoch: [28/40], Step: [741/782], Loss: 0.1425408124923706
Rank:0 Epoch: [28/40], Step: [751/782], Loss: 0.2873699963092804
Rank:0 Epoch: [28/40], Step: [761/782], Loss: 0.06875243782997131
Rank:0 Epoch: [28/40], Step: [771/782], Loss: 0.24750053882598877
Rank:0 Epoch: [28/40], Step: [781/782], Loss: 0.19871659576892853
Current Test Acc: 0.8988
Rank:0 Epoch: [29/40], Step: [1/782], Loss: 0.16647760570049286
Rank:0 Epoch: [29/40], Step: [11/782], Loss: 0.17372997105121613
Rank:0 Epoch: [29/40], Step: [21/782], Loss: 0.15451937913894653
Rank:0 Epoch: [29/40], Step: [31/782], Loss: 0.20289626717567444
Rank:0 Epoch: [29/40], Step: [41/782], Loss: 0.17738579213619232
Rank:0 Epoch: [29/40], Step: [51/782], Loss: 0.11611073464155197
Rank:0 Epoch: [29/40], Step: [61/782], Loss: 0.18960314989089966
Rank:0 Epoch: [29/40], Step: [71/782], Loss: 0.20164711773395538
Rank:0 Epoch: [29/40], Step: [81/782], Loss: 0.16463856399059296
Rank:0 Epoch: [29/40], Step: [91/782], Loss: 0.13701069355010986
Rank:0 Epoch: [29/40], Step: [101/782], Loss: 0.12291483581066132
Rank:0 Epoch: [29/40], Step: [111/782], Loss: 0.18421515822410583
Rank:0 Epoch: [29/40], Step: [121/782], Loss: 0.2259025126695633
Rank:0 Epoch: [29/40], Step: [131/782], Loss: 0.4093446135520935
Rank:0 Epoch: [29/40], Step: [141/782], Loss: 0.17482364177703857
Rank:0 Epoch: [29/40], Step: [151/782], Loss: 0.22761251032352448
Rank:0 Epoch: [29/40], Step: [161/782], Loss: 0.3590031862258911
Rank:0 Epoch: [29/40], Step: [171/782], Loss: 0.13501115143299103
Rank:0 Epoch: [29/40], Step: [181/782], Loss: 0.2688779830932617
Rank:0 Epoch: [29/40], Step: [191/782], Loss: 0.20623096823692322
Rank:0 Epoch: [29/40], Step: [201/782], Loss: 0.18351419270038605
Rank:0 Epoch: [29/40], Step: [211/782], Loss: 0.3557576537132263
Rank:0 Epoch: [29/40], Step: [221/782], Loss: 0.24532867968082428
Rank:0 Epoch: [29/40], Step: [231/782], Loss: 0.2508443593978882
Rank:0 Epoch: [29/40], Step: [241/782], Loss: 0.10590073466300964
Rank:0 Epoch: [29/40], Step: [251/782], Loss: 0.11243975162506104
Rank:0 Epoch: [29/40], Step: [261/782], Loss: 0.27497321367263794
Rank:0 Epoch: [29/40], Step: [271/782], Loss: 0.1735658496618271
Rank:0 Epoch: [29/40], Step: [281/782], Loss: 0.09956561028957367
Rank:0 Epoch: [29/40], Step: [291/782], Loss: 0.15875345468521118
Rank:0 Epoch: [29/40], Step: [301/782], Loss: 0.1594342738389969
Rank:0 Epoch: [29/40], Step: [311/782], Loss: 0.21983523666858673
Rank:0 Epoch: [29/40], Step: [321/782], Loss: 0.2209223359823227
Rank:0 Epoch: [29/40], Step: [331/782], Loss: 0.16219860315322876
Rank:0 Epoch: [29/40], Step: [341/782], Loss: 0.28495490550994873
Rank:0 Epoch: [29/40], Step: [351/782], Loss: 0.10648255795240402
Rank:0 Epoch: [29/40], Step: [361/782], Loss: 0.21778669953346252
Rank:0 Epoch: [29/40], Step: [371/782], Loss: 0.11223826557397842
Rank:0 Epoch: [29/40], Step: [381/782], Loss: 0.17815238237380981
Rank:0 Epoch: [29/40], Step: [391/782], Loss: 0.14951162040233612
Rank:0 Epoch: [29/40], Step: [401/782], Loss: 0.12139766663312912
Rank:0 Epoch: [29/40], Step: [411/782], Loss: 0.2016039788722992
Rank:0 Epoch: [29/40], Step: [421/782], Loss: 0.10817557573318481
Rank:0 Epoch: [29/40], Step: [431/782], Loss: 0.21859131753444672
Rank:0 Epoch: [29/40], Step: [441/782], Loss: 0.28955477476119995
Rank:0 Epoch: [29/40], Step: [451/782], Loss: 0.15183065831661224
Rank:0 Epoch: [29/40], Step: [461/782], Loss: 0.12312270700931549
Rank:0 Epoch: [29/40], Step: [471/782], Loss: 0.17671088874340057
Rank:0 Epoch: [29/40], Step: [481/782], Loss: 0.19435882568359375
Rank:0 Epoch: [29/40], Step: [491/782], Loss: 0.23978984355926514
Rank:0 Epoch: [29/40], Step: [501/782], Loss: 0.14952093362808228
Rank:0 Epoch: [29/40], Step: [511/782], Loss: 0.2890941798686981
Rank:0 Epoch: [29/40], Step: [521/782], Loss: 0.2079891562461853
Rank:0 Epoch: [29/40], Step: [531/782], Loss: 0.23481281101703644
Rank:0 Epoch: [29/40], Step: [541/782], Loss: 0.10915340483188629
Rank:0 Epoch: [29/40], Step: [551/782], Loss: 0.16643519699573517
Rank:0 Epoch: [29/40], Step: [561/782], Loss: 0.23318016529083252
Rank:0 Epoch: [29/40], Step: [571/782], Loss: 0.13260751962661743
Rank:0 Epoch: [29/40], Step: [581/782], Loss: 0.13808265328407288
Rank:0 Epoch: [29/40], Step: [591/782], Loss: 0.2405107468366623
Rank:0 Epoch: [29/40], Step: [601/782], Loss: 0.22561630606651306
Rank:0 Epoch: [29/40], Step: [611/782], Loss: 0.18619342148303986
Rank:0 Epoch: [29/40], Step: [621/782], Loss: 0.17503295838832855
Rank:0 Epoch: [29/40], Step: [631/782], Loss: 0.14679460227489471
Rank:0 Epoch: [29/40], Step: [641/782], Loss: 0.30383050441741943
Rank:0 Epoch: [29/40], Step: [651/782], Loss: 0.12556523084640503
Rank:0 Epoch: [29/40], Step: [661/782], Loss: 0.10742247104644775
Rank:0 Epoch: [29/40], Step: [671/782], Loss: 0.36787164211273193
Rank:0 Epoch: [29/40], Step: [681/782], Loss: 0.24965514242649078
Rank:0 Epoch: [29/40], Step: [691/782], Loss: 0.13302960991859436
Rank:0 Epoch: [29/40], Step: [701/782], Loss: 0.22989201545715332
Rank:0 Epoch: [29/40], Step: [711/782], Loss: 0.3190775215625763
Rank:0 Epoch: [29/40], Step: [721/782], Loss: 0.2924507260322571
Rank:0 Epoch: [29/40], Step: [731/782], Loss: 0.16521777212619781
Rank:0 Epoch: [29/40], Step: [741/782], Loss: 0.24047553539276123
Rank:0 Epoch: [29/40], Step: [751/782], Loss: 0.15094174444675446
Rank:0 Epoch: [29/40], Step: [761/782], Loss: 0.20063413679599762
Rank:0 Epoch: [29/40], Step: [771/782], Loss: 0.23286336660385132
Rank:0 Epoch: [29/40], Step: [781/782], Loss: 0.0985318049788475
Current Test Acc: 0.899
Rank:0 Epoch: [30/40], Step: [1/782], Loss: 0.19365529716014862
Rank:0 Epoch: [30/40], Step: [11/782], Loss: 0.18271224200725555
Rank:0 Epoch: [30/40], Step: [21/782], Loss: 0.18337975442409515
Rank:0 Epoch: [30/40], Step: [31/782], Loss: 0.09790217131376266
Rank:0 Epoch: [30/40], Step: [41/782], Loss: 0.11444072425365448
Rank:0 Epoch: [30/40], Step: [51/782], Loss: 0.12140162289142609
Rank:0 Epoch: [30/40], Step: [61/782], Loss: 0.16315333545207977
Rank:0 Epoch: [30/40], Step: [71/782], Loss: 0.38763341307640076
Rank:0 Epoch: [30/40], Step: [81/782], Loss: 0.23840059340000153
Rank:0 Epoch: [30/40], Step: [91/782], Loss: 0.21957574784755707
Rank:0 Epoch: [30/40], Step: [101/782], Loss: 0.27037176489830017
Rank:0 Epoch: [30/40], Step: [111/782], Loss: 0.15145908296108246
Rank:0 Epoch: [30/40], Step: [121/782], Loss: 0.22340279817581177
Rank:0 Epoch: [30/40], Step: [131/782], Loss: 0.1635250449180603
Rank:0 Epoch: [30/40], Step: [141/782], Loss: 0.13591410219669342
Rank:0 Epoch: [30/40], Step: [151/782], Loss: 0.20991197228431702
Rank:0 Epoch: [30/40], Step: [161/782], Loss: 0.15780313313007355
Rank:0 Epoch: [30/40], Step: [171/782], Loss: 0.1400175541639328
Rank:0 Epoch: [30/40], Step: [181/782], Loss: 0.14315873384475708
Rank:0 Epoch: [30/40], Step: [191/782], Loss: 0.2828251123428345
Rank:0 Epoch: [30/40], Step: [201/782], Loss: 0.14430291950702667
Rank:0 Epoch: [30/40], Step: [211/782], Loss: 0.2982565462589264
Rank:0 Epoch: [30/40], Step: [221/782], Loss: 0.20843243598937988
Rank:0 Epoch: [30/40], Step: [231/782], Loss: 0.1048818826675415
Rank:0 Epoch: [30/40], Step: [241/782], Loss: 0.14335264265537262
Rank:0 Epoch: [30/40], Step: [251/782], Loss: 0.19430390000343323
Rank:0 Epoch: [30/40], Step: [261/782], Loss: 0.22194428741931915
Rank:0 Epoch: [30/40], Step: [271/782], Loss: 0.24886773526668549
Rank:0 Epoch: [30/40], Step: [281/782], Loss: 0.3605574071407318
Rank:0 Epoch: [30/40], Step: [291/782], Loss: 0.20419180393218994
Rank:0 Epoch: [30/40], Step: [301/782], Loss: 0.09339359402656555
Rank:0 Epoch: [30/40], Step: [311/782], Loss: 0.3263707756996155
Rank:0 Epoch: [30/40], Step: [321/782], Loss: 0.1430785059928894
Rank:0 Epoch: [30/40], Step: [331/782], Loss: 0.3576561510562897
Rank:0 Epoch: [30/40], Step: [341/782], Loss: 0.08823949843645096
Rank:0 Epoch: [30/40], Step: [351/782], Loss: 0.1598575860261917
Rank:0 Epoch: [30/40], Step: [361/782], Loss: 0.162965327501297
Rank:0 Epoch: [30/40], Step: [371/782], Loss: 0.22539038956165314
Rank:0 Epoch: [30/40], Step: [381/782], Loss: 0.09413832426071167
Rank:0 Epoch: [30/40], Step: [391/782], Loss: 0.31817448139190674
Rank:0 Epoch: [30/40], Step: [401/782], Loss: 0.15903855860233307
Rank:0 Epoch: [30/40], Step: [411/782], Loss: 0.14273300766944885
Rank:0 Epoch: [30/40], Step: [421/782], Loss: 0.20095795392990112
Rank:0 Epoch: [30/40], Step: [431/782], Loss: 0.1830366551876068
Rank:0 Epoch: [30/40], Step: [441/782], Loss: 0.25492462515830994
Rank:0 Epoch: [30/40], Step: [451/782], Loss: 0.10556343197822571
Rank:0 Epoch: [30/40], Step: [461/782], Loss: 0.23715363442897797
Rank:0 Epoch: [30/40], Step: [471/782], Loss: 0.25217509269714355
Rank:0 Epoch: [30/40], Step: [481/782], Loss: 0.18934336304664612
Rank:0 Epoch: [30/40], Step: [491/782], Loss: 0.18292471766471863
Rank:0 Epoch: [30/40], Step: [501/782], Loss: 0.18569087982177734
Rank:0 Epoch: [30/40], Step: [511/782], Loss: 0.25875091552734375
Rank:0 Epoch: [30/40], Step: [521/782], Loss: 0.22853949666023254
Rank:0 Epoch: [30/40], Step: [531/782], Loss: 0.15009722113609314
Rank:0 Epoch: [30/40], Step: [541/782], Loss: 0.1552506536245346
Rank:0 Epoch: [30/40], Step: [551/782], Loss: 0.11116775870323181
Rank:0 Epoch: [30/40], Step: [561/782], Loss: 0.2775448262691498
Rank:0 Epoch: [30/40], Step: [571/782], Loss: 0.31804463267326355
Rank:0 Epoch: [30/40], Step: [581/782], Loss: 0.22258323431015015
Rank:0 Epoch: [30/40], Step: [591/782], Loss: 0.206631138920784
Rank:0 Epoch: [30/40], Step: [601/782], Loss: 0.2262008935213089
Rank:0 Epoch: [30/40], Step: [611/782], Loss: 0.23625321686267853
Rank:0 Epoch: [30/40], Step: [621/782], Loss: 0.1014796793460846
Rank:0 Epoch: [30/40], Step: [631/782], Loss: 0.34482240676879883
Rank:0 Epoch: [30/40], Step: [641/782], Loss: 0.27801620960235596
Rank:0 Epoch: [30/40], Step: [651/782], Loss: 0.28412503004074097
Rank:0 Epoch: [30/40], Step: [661/782], Loss: 0.27534618973731995
Rank:0 Epoch: [30/40], Step: [671/782], Loss: 0.21547721326351166
Rank:0 Epoch: [30/40], Step: [681/782], Loss: 0.3002619445323944
Rank:0 Epoch: [30/40], Step: [691/782], Loss: 0.24520555138587952
Rank:0 Epoch: [30/40], Step: [701/782], Loss: 0.2485576570034027
Rank:0 Epoch: [30/40], Step: [711/782], Loss: 0.2208738923072815
Rank:0 Epoch: [30/40], Step: [721/782], Loss: 0.1392219513654709
Rank:0 Epoch: [30/40], Step: [731/782], Loss: 0.34287041425704956
Rank:0 Epoch: [30/40], Step: [741/782], Loss: 0.18916569650173187
Rank:0 Epoch: [30/40], Step: [751/782], Loss: 0.1026434600353241
Rank:0 Epoch: [30/40], Step: [761/782], Loss: 0.19083811342716217
Rank:0 Epoch: [30/40], Step: [771/782], Loss: 0.10236205905675888
Rank:0 Epoch: [30/40], Step: [781/782], Loss: 0.23614436388015747
Current Test Acc: 0.9
Rank:0 Epoch: [31/40], Step: [1/782], Loss: 0.38039544224739075
Rank:0 Epoch: [31/40], Step: [11/782], Loss: 0.15025338530540466
Rank:0 Epoch: [31/40], Step: [21/782], Loss: 0.047326620668172836
Rank:0 Epoch: [31/40], Step: [31/782], Loss: 0.12288545817136765
Rank:0 Epoch: [31/40], Step: [41/782], Loss: 0.14248143136501312
Rank:0 Epoch: [31/40], Step: [51/782], Loss: 0.2430768758058548
Rank:0 Epoch: [31/40], Step: [61/782], Loss: 0.3118114471435547
Rank:0 Epoch: [31/40], Step: [71/782], Loss: 0.13790954649448395
Rank:0 Epoch: [31/40], Step: [81/782], Loss: 0.2870292067527771
Rank:0 Epoch: [31/40], Step: [91/782], Loss: 0.24138084053993225
Rank:0 Epoch: [31/40], Step: [101/782], Loss: 0.24399492144584656
Rank:0 Epoch: [31/40], Step: [111/782], Loss: 0.14896172285079956
Rank:0 Epoch: [31/40], Step: [121/782], Loss: 0.13198721408843994
Rank:0 Epoch: [31/40], Step: [131/782], Loss: 0.18715274333953857
Rank:0 Epoch: [31/40], Step: [141/782], Loss: 0.2484128624200821
Rank:0 Epoch: [31/40], Step: [151/782], Loss: 0.12724903225898743
Rank:0 Epoch: [31/40], Step: [161/782], Loss: 0.13395726680755615
Rank:0 Epoch: [31/40], Step: [171/782], Loss: 0.1807120144367218
Rank:0 Epoch: [31/40], Step: [181/782], Loss: 0.23490776121616364
Rank:0 Epoch: [31/40], Step: [191/782], Loss: 0.1876710206270218
Rank:0 Epoch: [31/40], Step: [201/782], Loss: 0.13159750401973724
Rank:0 Epoch: [31/40], Step: [211/782], Loss: 0.1448303759098053
Rank:0 Epoch: [31/40], Step: [221/782], Loss: 0.10010240972042084
Rank:0 Epoch: [31/40], Step: [231/782], Loss: 0.15283362567424774
Rank:0 Epoch: [31/40], Step: [241/782], Loss: 0.13894228637218475
Rank:0 Epoch: [31/40], Step: [251/782], Loss: 0.12236292660236359
Rank:0 Epoch: [31/40], Step: [261/782], Loss: 0.23260775208473206
Rank:0 Epoch: [31/40], Step: [271/782], Loss: 0.14903433620929718
Rank:0 Epoch: [31/40], Step: [281/782], Loss: 0.18830978870391846
Rank:0 Epoch: [31/40], Step: [291/782], Loss: 0.2487182319164276
Rank:0 Epoch: [31/40], Step: [301/782], Loss: 0.2700405716896057
Rank:0 Epoch: [31/40], Step: [311/782], Loss: 0.13201721012592316
Rank:0 Epoch: [31/40], Step: [321/782], Loss: 0.16343142092227936
Rank:0 Epoch: [31/40], Step: [331/782], Loss: 0.12027067691087723
Rank:0 Epoch: [31/40], Step: [341/782], Loss: 0.09036441147327423
Rank:0 Epoch: [31/40], Step: [351/782], Loss: 0.23303036391735077
Rank:0 Epoch: [31/40], Step: [361/782], Loss: 0.2520870268344879
Rank:0 Epoch: [31/40], Step: [371/782], Loss: 0.1605120301246643
Rank:0 Epoch: [31/40], Step: [381/782], Loss: 0.3405047059059143
Rank:0 Epoch: [31/40], Step: [391/782], Loss: 0.21779417991638184
Rank:0 Epoch: [31/40], Step: [401/782], Loss: 0.13137531280517578
Rank:0 Epoch: [31/40], Step: [411/782], Loss: 0.21470940113067627
Rank:0 Epoch: [31/40], Step: [421/782], Loss: 0.16563886404037476
Rank:0 Epoch: [31/40], Step: [431/782], Loss: 0.17953237891197205
Rank:0 Epoch: [31/40], Step: [441/782], Loss: 0.29496997594833374
Rank:0 Epoch: [31/40], Step: [451/782], Loss: 0.07385240495204926
Rank:0 Epoch: [31/40], Step: [461/782], Loss: 0.19604749977588654
Rank:0 Epoch: [31/40], Step: [471/782], Loss: 0.18014609813690186
Rank:0 Epoch: [31/40], Step: [481/782], Loss: 0.16643944382667542
Rank:0 Epoch: [31/40], Step: [491/782], Loss: 0.13356752693653107
Rank:0 Epoch: [31/40], Step: [501/782], Loss: 0.24171945452690125
Rank:0 Epoch: [31/40], Step: [511/782], Loss: 0.1299574226140976
Rank:0 Epoch: [31/40], Step: [521/782], Loss: 0.24370670318603516
Rank:0 Epoch: [31/40], Step: [531/782], Loss: 0.09977564960718155
Rank:0 Epoch: [31/40], Step: [541/782], Loss: 0.15550591051578522
Rank:0 Epoch: [31/40], Step: [551/782], Loss: 0.08904484659433365
Rank:0 Epoch: [31/40], Step: [561/782], Loss: 0.14482270181179047
Rank:0 Epoch: [31/40], Step: [571/782], Loss: 0.19635891914367676
Rank:0 Epoch: [31/40], Step: [581/782], Loss: 0.2060227245092392
Rank:0 Epoch: [31/40], Step: [591/782], Loss: 0.1582927256822586
Rank:0 Epoch: [31/40], Step: [601/782], Loss: 0.06421732902526855
Rank:0 Epoch: [31/40], Step: [611/782], Loss: 0.22418487071990967
Rank:0 Epoch: [31/40], Step: [621/782], Loss: 0.19239942729473114
Rank:0 Epoch: [31/40], Step: [631/782], Loss: 0.2068195641040802
Rank:0 Epoch: [31/40], Step: [641/782], Loss: 0.32676365971565247
Rank:0 Epoch: [31/40], Step: [651/782], Loss: 0.2234131097793579
Rank:0 Epoch: [31/40], Step: [661/782], Loss: 0.16604456305503845
Rank:0 Epoch: [31/40], Step: [671/782], Loss: 0.12019761651754379
Rank:0 Epoch: [31/40], Step: [681/782], Loss: 0.22012774646282196
Rank:0 Epoch: [31/40], Step: [691/782], Loss: 0.27477341890335083
Rank:0 Epoch: [31/40], Step: [701/782], Loss: 0.16527555882930756
Rank:0 Epoch: [31/40], Step: [711/782], Loss: 0.16994880139827728
Rank:0 Epoch: [31/40], Step: [721/782], Loss: 0.18040409684181213
Rank:0 Epoch: [31/40], Step: [731/782], Loss: 0.18568134307861328
Rank:0 Epoch: [31/40], Step: [741/782], Loss: 0.12006472051143646
Rank:0 Epoch: [31/40], Step: [751/782], Loss: 0.2758515477180481
Rank:0 Epoch: [31/40], Step: [761/782], Loss: 0.13111677765846252
Rank:0 Epoch: [31/40], Step: [771/782], Loss: 0.37158042192459106
Rank:0 Epoch: [31/40], Step: [781/782], Loss: 0.14486166834831238
Current Test Acc: 0.9026
Rank:0 Epoch: [32/40], Step: [1/782], Loss: 0.18957169353961945
Rank:0 Epoch: [32/40], Step: [11/782], Loss: 0.20196491479873657
Rank:0 Epoch: [32/40], Step: [21/782], Loss: 0.2077285498380661
Rank:0 Epoch: [32/40], Step: [31/782], Loss: 0.15681032836437225
Rank:0 Epoch: [32/40], Step: [41/782], Loss: 0.17844447493553162
Rank:0 Epoch: [32/40], Step: [51/782], Loss: 0.1087532490491867
Rank:0 Epoch: [32/40], Step: [61/782], Loss: 0.17703138291835785
Rank:0 Epoch: [32/40], Step: [71/782], Loss: 0.2564045488834381
Rank:0 Epoch: [32/40], Step: [81/782], Loss: 0.22519539296627045
Rank:0 Epoch: [32/40], Step: [91/782], Loss: 0.10880499333143234
Rank:0 Epoch: [32/40], Step: [101/782], Loss: 0.15563221275806427
Rank:0 Epoch: [32/40], Step: [111/782], Loss: 0.24802830815315247
Rank:0 Epoch: [32/40], Step: [121/782], Loss: 0.20810627937316895
Rank:0 Epoch: [32/40], Step: [131/782], Loss: 0.14226022362709045
Rank:0 Epoch: [32/40], Step: [141/782], Loss: 0.28634607791900635
Rank:0 Epoch: [32/40], Step: [151/782], Loss: 0.1487606316804886
Rank:0 Epoch: [32/40], Step: [161/782], Loss: 0.23668862879276276
Rank:0 Epoch: [32/40], Step: [171/782], Loss: 0.09654934704303741
Rank:0 Epoch: [32/40], Step: [181/782], Loss: 0.2566061317920685
Rank:0 Epoch: [32/40], Step: [191/782], Loss: 0.13024233281612396
Rank:0 Epoch: [32/40], Step: [201/782], Loss: 0.23258793354034424
Rank:0 Epoch: [32/40], Step: [211/782], Loss: 0.22037923336029053
Rank:0 Epoch: [32/40], Step: [221/782], Loss: 0.2225523144006729
Rank:0 Epoch: [32/40], Step: [231/782], Loss: 0.3444061875343323
Rank:0 Epoch: [32/40], Step: [241/782], Loss: 0.1405164748430252
Rank:0 Epoch: [32/40], Step: [251/782], Loss: 0.2962619364261627
Rank:0 Epoch: [32/40], Step: [261/782], Loss: 0.11954765021800995
Rank:0 Epoch: [32/40], Step: [271/782], Loss: 0.11529994010925293
Rank:0 Epoch: [32/40], Step: [281/782], Loss: 0.26148805022239685
Rank:0 Epoch: [32/40], Step: [291/782], Loss: 0.20745906233787537
Rank:0 Epoch: [32/40], Step: [301/782], Loss: 0.20191340148448944
Rank:0 Epoch: [32/40], Step: [311/782], Loss: 0.22843028604984283
Rank:0 Epoch: [32/40], Step: [321/782], Loss: 0.16140271723270416
Rank:0 Epoch: [32/40], Step: [331/782], Loss: 0.09965604543685913
Rank:0 Epoch: [32/40], Step: [341/782], Loss: 0.13844583928585052
Rank:0 Epoch: [32/40], Step: [351/782], Loss: 0.23193812370300293
Rank:0 Epoch: [32/40], Step: [361/782], Loss: 0.09447377920150757
Rank:0 Epoch: [32/40], Step: [371/782], Loss: 0.19077961146831512
Rank:0 Epoch: [32/40], Step: [381/782], Loss: 0.20826198160648346
Rank:0 Epoch: [32/40], Step: [391/782], Loss: 0.2144259512424469
Rank:0 Epoch: [32/40], Step: [401/782], Loss: 0.2170800417661667
Rank:0 Epoch: [32/40], Step: [411/782], Loss: 0.22845301032066345
Rank:0 Epoch: [32/40], Step: [421/782], Loss: 0.21101802587509155
Rank:0 Epoch: [32/40], Step: [431/782], Loss: 0.12466791272163391
Rank:0 Epoch: [32/40], Step: [441/782], Loss: 0.1738622635602951
Rank:0 Epoch: [32/40], Step: [451/782], Loss: 0.2099359929561615
Rank:0 Epoch: [32/40], Step: [461/782], Loss: 0.1333947777748108
Rank:0 Epoch: [32/40], Step: [471/782], Loss: 0.24893242120742798
Rank:0 Epoch: [32/40], Step: [481/782], Loss: 0.17173217236995697
Rank:0 Epoch: [32/40], Step: [491/782], Loss: 0.22374197840690613
Rank:0 Epoch: [32/40], Step: [501/782], Loss: 0.22911913692951202
Rank:0 Epoch: [32/40], Step: [511/782], Loss: 0.09781549125909805
Rank:0 Epoch: [32/40], Step: [521/782], Loss: 0.15429021418094635
Rank:0 Epoch: [32/40], Step: [531/782], Loss: 0.12909482419490814
Rank:0 Epoch: [32/40], Step: [541/782], Loss: 0.09731850028038025
Rank:0 Epoch: [32/40], Step: [551/782], Loss: 0.14360439777374268
Rank:0 Epoch: [32/40], Step: [561/782], Loss: 0.1507575809955597
Rank:0 Epoch: [32/40], Step: [571/782], Loss: 0.2998881936073303
Rank:0 Epoch: [32/40], Step: [581/782], Loss: 0.21549174189567566
Rank:0 Epoch: [32/40], Step: [591/782], Loss: 0.08946555852890015
Rank:0 Epoch: [32/40], Step: [601/782], Loss: 0.2061588615179062
Rank:0 Epoch: [32/40], Step: [611/782], Loss: 0.07940316200256348
Rank:0 Epoch: [32/40], Step: [621/782], Loss: 0.16931290924549103
Rank:0 Epoch: [32/40], Step: [631/782], Loss: 0.2697937488555908
Rank:0 Epoch: [32/40], Step: [641/782], Loss: 0.1595570594072342
Rank:0 Epoch: [32/40], Step: [651/782], Loss: 0.14488613605499268
Rank:0 Epoch: [32/40], Step: [661/782], Loss: 0.22699247300624847
Rank:0 Epoch: [32/40], Step: [671/782], Loss: 0.18973283469676971
Rank:0 Epoch: [32/40], Step: [681/782], Loss: 0.11866246163845062
Rank:0 Epoch: [32/40], Step: [691/782], Loss: 0.2056349515914917
Rank:0 Epoch: [32/40], Step: [701/782], Loss: 0.14960841834545135
Rank:0 Epoch: [32/40], Step: [711/782], Loss: 0.22685584425926208
Rank:0 Epoch: [32/40], Step: [721/782], Loss: 0.2857424318790436
Rank:0 Epoch: [32/40], Step: [731/782], Loss: 0.3972649574279785
Rank:0 Epoch: [32/40], Step: [741/782], Loss: 0.21023224294185638
Rank:0 Epoch: [32/40], Step: [751/782], Loss: 0.3966740667819977
Rank:0 Epoch: [32/40], Step: [761/782], Loss: 0.22203132510185242
Rank:0 Epoch: [32/40], Step: [771/782], Loss: 0.3157019317150116
Rank:0 Epoch: [32/40], Step: [781/782], Loss: 0.13322582840919495
Current Test Acc: 0.9021
Rank:0 Epoch: [33/40], Step: [1/782], Loss: 0.14571964740753174
Rank:0 Epoch: [33/40], Step: [11/782], Loss: 0.1731981486082077
Rank:0 Epoch: [33/40], Step: [21/782], Loss: 0.1297437995672226
Rank:0 Epoch: [33/40], Step: [31/782], Loss: 0.34929919242858887
Rank:0 Epoch: [33/40], Step: [41/782], Loss: 0.1459406167268753
Rank:0 Epoch: [33/40], Step: [51/782], Loss: 0.1395106017589569
Rank:0 Epoch: [33/40], Step: [61/782], Loss: 0.1924804002046585
Rank:0 Epoch: [33/40], Step: [71/782], Loss: 0.2251165360212326
Rank:0 Epoch: [33/40], Step: [81/782], Loss: 0.18752120435237885
Rank:0 Epoch: [33/40], Step: [91/782], Loss: 0.25231024622917175
Rank:0 Epoch: [33/40], Step: [101/782], Loss: 0.18551738560199738
Rank:0 Epoch: [33/40], Step: [111/782], Loss: 0.09037123620510101
Rank:0 Epoch: [33/40], Step: [121/782], Loss: 0.19514915347099304
Rank:0 Epoch: [33/40], Step: [131/782], Loss: 0.15230414271354675
Rank:0 Epoch: [33/40], Step: [141/782], Loss: 0.11288498342037201
Rank:0 Epoch: [33/40], Step: [151/782], Loss: 0.35612499713897705
Rank:0 Epoch: [33/40], Step: [161/782], Loss: 0.19838997721672058
Rank:0 Epoch: [33/40], Step: [171/782], Loss: 0.10141096264123917
Rank:0 Epoch: [33/40], Step: [181/782], Loss: 0.14139802753925323
Rank:0 Epoch: [33/40], Step: [191/782], Loss: 0.13901694118976593
Rank:0 Epoch: [33/40], Step: [201/782], Loss: 0.305660218000412
Rank:0 Epoch: [33/40], Step: [211/782], Loss: 0.11616940051317215
Rank:0 Epoch: [33/40], Step: [221/782], Loss: 0.17636582255363464
Rank:0 Epoch: [33/40], Step: [231/782], Loss: 0.15181595087051392
Rank:0 Epoch: [33/40], Step: [241/782], Loss: 0.11455312371253967
Rank:0 Epoch: [33/40], Step: [251/782], Loss: 0.19559337198734283
Rank:0 Epoch: [33/40], Step: [261/782], Loss: 0.2996498942375183
Rank:0 Epoch: [33/40], Step: [271/782], Loss: 0.11150658875703812
Rank:0 Epoch: [33/40], Step: [281/782], Loss: 0.11547523736953735
Rank:0 Epoch: [33/40], Step: [291/782], Loss: 0.17217180132865906
Rank:0 Epoch: [33/40], Step: [301/782], Loss: 0.20696210861206055
Rank:0 Epoch: [33/40], Step: [311/782], Loss: 0.1503334790468216
Rank:0 Epoch: [33/40], Step: [321/782], Loss: 0.2410220205783844
Rank:0 Epoch: [33/40], Step: [331/782], Loss: 0.07973838597536087
Rank:0 Epoch: [33/40], Step: [341/782], Loss: 0.2602553367614746
Rank:0 Epoch: [33/40], Step: [351/782], Loss: 0.20069953799247742
Rank:0 Epoch: [33/40], Step: [361/782], Loss: 0.17113585770130157
Rank:0 Epoch: [33/40], Step: [371/782], Loss: 0.27774110436439514
Rank:0 Epoch: [33/40], Step: [381/782], Loss: 0.14552678167819977
Rank:0 Epoch: [33/40], Step: [391/782], Loss: 0.29333046078681946
Rank:0 Epoch: [33/40], Step: [401/782], Loss: 0.27566760778427124
Rank:0 Epoch: [33/40], Step: [411/782], Loss: 0.25320687890052795
Rank:0 Epoch: [33/40], Step: [421/782], Loss: 0.07030802965164185
Rank:0 Epoch: [33/40], Step: [431/782], Loss: 0.250644326210022
Rank:0 Epoch: [33/40], Step: [441/782], Loss: 0.08328238874673843
Rank:0 Epoch: [33/40], Step: [451/782], Loss: 0.09667284786701202
Rank:0 Epoch: [33/40], Step: [461/782], Loss: 0.13119180500507355
Rank:0 Epoch: [33/40], Step: [471/782], Loss: 0.19035999476909637
Rank:0 Epoch: [33/40], Step: [481/782], Loss: 0.3473820686340332
Rank:0 Epoch: [33/40], Step: [491/782], Loss: 0.16890713572502136
Rank:0 Epoch: [33/40], Step: [501/782], Loss: 0.11523246765136719
Rank:0 Epoch: [33/40], Step: [511/782], Loss: 0.23730964958667755
Rank:0 Epoch: [33/40], Step: [521/782], Loss: 0.22625452280044556
Rank:0 Epoch: [33/40], Step: [531/782], Loss: 0.29553717374801636
Rank:0 Epoch: [33/40], Step: [541/782], Loss: 0.23175561428070068
Rank:0 Epoch: [33/40], Step: [551/782], Loss: 0.254657506942749
Rank:0 Epoch: [33/40], Step: [561/782], Loss: 0.17757625877857208
Rank:0 Epoch: [33/40], Step: [571/782], Loss: 0.25057509541511536
Rank:0 Epoch: [33/40], Step: [581/782], Loss: 0.13940146565437317
Rank:0 Epoch: [33/40], Step: [591/782], Loss: 0.19312019646167755
Rank:0 Epoch: [33/40], Step: [601/782], Loss: 0.24182811379432678
Rank:0 Epoch: [33/40], Step: [611/782], Loss: 0.11640311032533646
Rank:0 Epoch: [33/40], Step: [621/782], Loss: 0.21294577419757843
Rank:0 Epoch: [33/40], Step: [631/782], Loss: 0.1736510843038559
Rank:0 Epoch: [33/40], Step: [641/782], Loss: 0.11007105559110641
Rank:0 Epoch: [33/40], Step: [651/782], Loss: 0.19559358060359955
Rank:0 Epoch: [33/40], Step: [661/782], Loss: 0.1294877678155899
Rank:0 Epoch: [33/40], Step: [671/782], Loss: 0.2913590371608734
Rank:0 Epoch: [33/40], Step: [681/782], Loss: 0.26308995485305786
Rank:0 Epoch: [33/40], Step: [691/782], Loss: 0.08525986969470978
Rank:0 Epoch: [33/40], Step: [701/782], Loss: 0.1309439241886139
Rank:0 Epoch: [33/40], Step: [711/782], Loss: 0.16278138756752014
Rank:0 Epoch: [33/40], Step: [721/782], Loss: 0.34476199746131897
Rank:0 Epoch: [33/40], Step: [731/782], Loss: 0.12532460689544678
Rank:0 Epoch: [33/40], Step: [741/782], Loss: 0.13737790286540985
Rank:0 Epoch: [33/40], Step: [751/782], Loss: 0.19533489644527435
Rank:0 Epoch: [33/40], Step: [761/782], Loss: 0.2491779625415802
Rank:0 Epoch: [33/40], Step: [771/782], Loss: 0.11177237331867218
Rank:0 Epoch: [33/40], Step: [781/782], Loss: 0.17906397581100464
Current Test Acc: 0.9023
Rank:0 Epoch: [34/40], Step: [1/782], Loss: 0.20101921260356903
Rank:0 Epoch: [34/40], Step: [11/782], Loss: 0.23334680497646332
Rank:0 Epoch: [34/40], Step: [21/782], Loss: 0.2311454564332962
Rank:0 Epoch: [34/40], Step: [31/782], Loss: 0.20814412832260132
Rank:0 Epoch: [34/40], Step: [41/782], Loss: 0.2666769325733185
Rank:0 Epoch: [34/40], Step: [51/782], Loss: 0.12268734723329544
Rank:0 Epoch: [34/40], Step: [61/782], Loss: 0.184639573097229
Rank:0 Epoch: [34/40], Step: [71/782], Loss: 0.0985756665468216
Rank:0 Epoch: [34/40], Step: [81/782], Loss: 0.1273961216211319
Rank:0 Epoch: [34/40], Step: [91/782], Loss: 0.11504152417182922
Rank:0 Epoch: [34/40], Step: [101/782], Loss: 0.15942752361297607
Rank:0 Epoch: [34/40], Step: [111/782], Loss: 0.14884145557880402
Rank:0 Epoch: [34/40], Step: [121/782], Loss: 0.2879989743232727
Rank:0 Epoch: [34/40], Step: [131/782], Loss: 0.2717686891555786
Rank:0 Epoch: [34/40], Step: [141/782], Loss: 0.21297262609004974
Rank:0 Epoch: [34/40], Step: [151/782], Loss: 0.20313897728919983
Rank:0 Epoch: [34/40], Step: [161/782], Loss: 0.22921571135520935
Rank:0 Epoch: [34/40], Step: [171/782], Loss: 0.3121578097343445
Rank:0 Epoch: [34/40], Step: [181/782], Loss: 0.17875684797763824
Rank:0 Epoch: [34/40], Step: [191/782], Loss: 0.09473099559545517
Rank:0 Epoch: [34/40], Step: [201/782], Loss: 0.2600540220737457
Rank:0 Epoch: [34/40], Step: [211/782], Loss: 0.25027379393577576
Rank:0 Epoch: [34/40], Step: [221/782], Loss: 0.16872356832027435
Rank:0 Epoch: [34/40], Step: [231/782], Loss: 0.13672775030136108
Rank:0 Epoch: [34/40], Step: [241/782], Loss: 0.09783560037612915
Rank:0 Epoch: [34/40], Step: [251/782], Loss: 0.29595085978507996
Rank:0 Epoch: [34/40], Step: [261/782], Loss: 0.16526441276073456
Rank:0 Epoch: [34/40], Step: [271/782], Loss: 0.24230194091796875
Rank:0 Epoch: [34/40], Step: [281/782], Loss: 0.1306297779083252
Rank:0 Epoch: [34/40], Step: [291/782], Loss: 0.216227188706398
Rank:0 Epoch: [34/40], Step: [301/782], Loss: 0.1501709222793579
Rank:0 Epoch: [34/40], Step: [311/782], Loss: 0.23208005726337433
Rank:0 Epoch: [34/40], Step: [321/782], Loss: 0.22414879500865936
Rank:0 Epoch: [34/40], Step: [331/782], Loss: 0.24082902073860168
Rank:0 Epoch: [34/40], Step: [341/782], Loss: 0.16740518808364868
Rank:0 Epoch: [34/40], Step: [351/782], Loss: 0.20015162229537964
Rank:0 Epoch: [34/40], Step: [361/782], Loss: 0.10364219546318054
Rank:0 Epoch: [34/40], Step: [371/782], Loss: 0.1860896795988083
Rank:0 Epoch: [34/40], Step: [381/782], Loss: 0.16024185717105865
Rank:0 Epoch: [34/40], Step: [391/782], Loss: 0.1433531939983368
Rank:0 Epoch: [34/40], Step: [401/782], Loss: 0.08705779165029526
Rank:0 Epoch: [34/40], Step: [411/782], Loss: 0.1289173811674118
Rank:0 Epoch: [34/40], Step: [421/782], Loss: 0.13362376391887665
Rank:0 Epoch: [34/40], Step: [431/782], Loss: 0.13890384137630463
Rank:0 Epoch: [34/40], Step: [441/782], Loss: 0.18207356333732605
Rank:0 Epoch: [34/40], Step: [451/782], Loss: 0.10020997375249863
Rank:0 Epoch: [34/40], Step: [461/782], Loss: 0.19401389360427856
Rank:0 Epoch: [34/40], Step: [471/782], Loss: 0.11538774520158768
Rank:0 Epoch: [34/40], Step: [481/782], Loss: 0.21412764489650726
Rank:0 Epoch: [34/40], Step: [491/782], Loss: 0.10355308651924133
Rank:0 Epoch: [34/40], Step: [501/782], Loss: 0.20558249950408936
Rank:0 Epoch: [34/40], Step: [511/782], Loss: 0.15615612268447876
Rank:0 Epoch: [34/40], Step: [521/782], Loss: 0.14516639709472656
Rank:0 Epoch: [34/40], Step: [531/782], Loss: 0.2110624611377716
Rank:0 Epoch: [34/40], Step: [541/782], Loss: 0.15777580440044403
Rank:0 Epoch: [34/40], Step: [551/782], Loss: 0.12898588180541992
Rank:0 Epoch: [34/40], Step: [561/782], Loss: 0.10289161652326584
Rank:0 Epoch: [34/40], Step: [571/782], Loss: 0.1964636743068695
Rank:0 Epoch: [34/40], Step: [581/782], Loss: 0.2008342146873474
Rank:0 Epoch: [34/40], Step: [591/782], Loss: 0.2025623470544815
Rank:0 Epoch: [34/40], Step: [601/782], Loss: 0.1507362574338913
Rank:0 Epoch: [34/40], Step: [611/782], Loss: 0.16565461456775665
Rank:0 Epoch: [34/40], Step: [621/782], Loss: 0.29270875453948975
Rank:0 Epoch: [34/40], Step: [631/782], Loss: 0.18279120326042175
Rank:0 Epoch: [34/40], Step: [641/782], Loss: 0.1581539809703827
Rank:0 Epoch: [34/40], Step: [651/782], Loss: 0.21215933561325073
Rank:0 Epoch: [34/40], Step: [661/782], Loss: 0.26575419306755066
Rank:0 Epoch: [34/40], Step: [671/782], Loss: 0.15955954790115356
Rank:0 Epoch: [34/40], Step: [681/782], Loss: 0.17573091387748718
Rank:0 Epoch: [34/40], Step: [691/782], Loss: 0.17087030410766602
Rank:0 Epoch: [34/40], Step: [701/782], Loss: 0.08231723308563232
Rank:0 Epoch: [34/40], Step: [711/782], Loss: 0.12050757557153702
Rank:0 Epoch: [34/40], Step: [721/782], Loss: 0.1938205063343048
Rank:0 Epoch: [34/40], Step: [731/782], Loss: 0.08432486653327942
Rank:0 Epoch: [34/40], Step: [741/782], Loss: 0.06953346729278564
Rank:0 Epoch: [34/40], Step: [751/782], Loss: 0.13318514823913574
Rank:0 Epoch: [34/40], Step: [761/782], Loss: 0.2616749405860901
Rank:0 Epoch: [34/40], Step: [771/782], Loss: 0.2653248906135559
Rank:0 Epoch: [34/40], Step: [781/782], Loss: 0.15960842370986938
Current Test Acc: 0.9021
Rank:0 Epoch: [35/40], Step: [1/782], Loss: 0.1016886979341507
Rank:0 Epoch: [35/40], Step: [11/782], Loss: 0.10892804712057114
Rank:0 Epoch: [35/40], Step: [21/782], Loss: 0.10567566007375717
Rank:0 Epoch: [35/40], Step: [31/782], Loss: 0.2680457830429077
Rank:0 Epoch: [35/40], Step: [41/782], Loss: 0.20464317500591278
Rank:0 Epoch: [35/40], Step: [51/782], Loss: 0.14876757562160492
Rank:0 Epoch: [35/40], Step: [61/782], Loss: 0.13231530785560608
Rank:0 Epoch: [35/40], Step: [71/782], Loss: 0.17055337131023407
Rank:0 Epoch: [35/40], Step: [81/782], Loss: 0.19071578979492188
Rank:0 Epoch: [35/40], Step: [91/782], Loss: 0.21239182353019714
Rank:0 Epoch: [35/40], Step: [101/782], Loss: 0.14089623093605042
Rank:0 Epoch: [35/40], Step: [111/782], Loss: 0.1841180920600891
Rank:0 Epoch: [35/40], Step: [121/782], Loss: 0.14573968946933746
Rank:0 Epoch: [35/40], Step: [131/782], Loss: 0.1749418079853058
Rank:0 Epoch: [35/40], Step: [141/782], Loss: 0.20387037098407745
Rank:0 Epoch: [35/40], Step: [151/782], Loss: 0.11009521037340164
Rank:0 Epoch: [35/40], Step: [161/782], Loss: 0.26729461550712585
Rank:0 Epoch: [35/40], Step: [171/782], Loss: 0.10501756519079208
Rank:0 Epoch: [35/40], Step: [181/782], Loss: 0.11705659329891205
Rank:0 Epoch: [35/40], Step: [191/782], Loss: 0.10547038912773132
Rank:0 Epoch: [35/40], Step: [201/782], Loss: 0.22267554700374603
Rank:0 Epoch: [35/40], Step: [211/782], Loss: 0.257084459066391
Rank:0 Epoch: [35/40], Step: [221/782], Loss: 0.19427646696567535
Rank:0 Epoch: [35/40], Step: [231/782], Loss: 0.15025055408477783
Rank:0 Epoch: [35/40], Step: [241/782], Loss: 0.17997483909130096
Rank:0 Epoch: [35/40], Step: [251/782], Loss: 0.20547768473625183
Rank:0 Epoch: [35/40], Step: [261/782], Loss: 0.14914630353450775
Rank:0 Epoch: [35/40], Step: [271/782], Loss: 0.1718599647283554
Rank:0 Epoch: [35/40], Step: [281/782], Loss: 0.17032329738140106
Rank:0 Epoch: [35/40], Step: [291/782], Loss: 0.10731323808431625
Rank:0 Epoch: [35/40], Step: [301/782], Loss: 0.16738571226596832
Rank:0 Epoch: [35/40], Step: [311/782], Loss: 0.18221229314804077
Rank:0 Epoch: [35/40], Step: [321/782], Loss: 0.2406592071056366
Rank:0 Epoch: [35/40], Step: [331/782], Loss: 0.19237497448921204
Rank:0 Epoch: [35/40], Step: [341/782], Loss: 0.18944507837295532
Rank:0 Epoch: [35/40], Step: [351/782], Loss: 0.2824743688106537
Rank:0 Epoch: [35/40], Step: [361/782], Loss: 0.24297413229942322
Rank:0 Epoch: [35/40], Step: [371/782], Loss: 0.20103594660758972
Rank:0 Epoch: [35/40], Step: [381/782], Loss: 0.09064584225416183
Rank:0 Epoch: [35/40], Step: [391/782], Loss: 0.1738298237323761
Rank:0 Epoch: [35/40], Step: [401/782], Loss: 0.2486015260219574
Rank:0 Epoch: [35/40], Step: [411/782], Loss: 0.29244232177734375
Rank:0 Epoch: [35/40], Step: [421/782], Loss: 0.14227505028247833
Rank:0 Epoch: [35/40], Step: [431/782], Loss: 0.2990519404411316
Rank:0 Epoch: [35/40], Step: [441/782], Loss: 0.3040415346622467
Rank:0 Epoch: [35/40], Step: [451/782], Loss: 0.24164749681949615
Rank:0 Epoch: [35/40], Step: [461/782], Loss: 0.16535896062850952
Rank:0 Epoch: [35/40], Step: [471/782], Loss: 0.09950551390647888
Rank:0 Epoch: [35/40], Step: [481/782], Loss: 0.14086724817752838
Rank:0 Epoch: [35/40], Step: [491/782], Loss: 0.09262657165527344
Rank:0 Epoch: [35/40], Step: [501/782], Loss: 0.20219357311725616
Rank:0 Epoch: [35/40], Step: [511/782], Loss: 0.18903696537017822
Rank:0 Epoch: [35/40], Step: [521/782], Loss: 0.21133610606193542
Rank:0 Epoch: [35/40], Step: [531/782], Loss: 0.22276978194713593
Rank:0 Epoch: [35/40], Step: [541/782], Loss: 0.28370919823646545
Rank:0 Epoch: [35/40], Step: [551/782], Loss: 0.1575193852186203
Rank:0 Epoch: [35/40], Step: [561/782], Loss: 0.13830652832984924
Rank:0 Epoch: [35/40], Step: [571/782], Loss: 0.14775419235229492
Rank:0 Epoch: [35/40], Step: [581/782], Loss: 0.10050611943006516
Rank:0 Epoch: [35/40], Step: [591/782], Loss: 0.1859927475452423
Rank:0 Epoch: [35/40], Step: [601/782], Loss: 0.2571071982383728
Rank:0 Epoch: [35/40], Step: [611/782], Loss: 0.13419291377067566
Rank:0 Epoch: [35/40], Step: [621/782], Loss: 0.10936363786458969
Rank:0 Epoch: [35/40], Step: [631/782], Loss: 0.13164450228214264
Rank:0 Epoch: [35/40], Step: [641/782], Loss: 0.12225335836410522
Rank:0 Epoch: [35/40], Step: [651/782], Loss: 0.22595512866973877
Rank:0 Epoch: [35/40], Step: [661/782], Loss: 0.18004311621189117
Rank:0 Epoch: [35/40], Step: [671/782], Loss: 0.12513113021850586
Rank:0 Epoch: [35/40], Step: [681/782], Loss: 0.31274163722991943
Rank:0 Epoch: [35/40], Step: [691/782], Loss: 0.27131733298301697
Rank:0 Epoch: [35/40], Step: [701/782], Loss: 0.0717950314283371
Rank:0 Epoch: [35/40], Step: [711/782], Loss: 0.2786915600299835
Rank:0 Epoch: [35/40], Step: [721/782], Loss: 0.12067977339029312
Rank:0 Epoch: [35/40], Step: [731/782], Loss: 0.22156617045402527
Rank:0 Epoch: [35/40], Step: [741/782], Loss: 0.21345379948616028
Rank:0 Epoch: [35/40], Step: [751/782], Loss: 0.2641149163246155
Rank:0 Epoch: [35/40], Step: [761/782], Loss: 0.1647510677576065
Rank:0 Epoch: [35/40], Step: [771/782], Loss: 0.2657339572906494
Rank:0 Epoch: [35/40], Step: [781/782], Loss: 0.2799270749092102
Current Test Acc: 0.9012
Rank:0 Epoch: [36/40], Step: [1/782], Loss: 0.1689079999923706
Rank:0 Epoch: [36/40], Step: [11/782], Loss: 0.11039778590202332
Rank:0 Epoch: [36/40], Step: [21/782], Loss: 0.21597294509410858
Rank:0 Epoch: [36/40], Step: [31/782], Loss: 0.23614123463630676
Rank:0 Epoch: [36/40], Step: [41/782], Loss: 0.20687958598136902
Rank:0 Epoch: [36/40], Step: [51/782], Loss: 0.12745460867881775
Rank:0 Epoch: [36/40], Step: [61/782], Loss: 0.17012393474578857
Rank:0 Epoch: [36/40], Step: [71/782], Loss: 0.18772543966770172
Rank:0 Epoch: [36/40], Step: [81/782], Loss: 0.13616038858890533
Rank:0 Epoch: [36/40], Step: [91/782], Loss: 0.13072606921195984
Rank:0 Epoch: [36/40], Step: [101/782], Loss: 0.12203218787908554
Rank:0 Epoch: [36/40], Step: [111/782], Loss: 0.18913155794143677
Rank:0 Epoch: [36/40], Step: [121/782], Loss: 0.20723876357078552
Rank:0 Epoch: [36/40], Step: [131/782], Loss: 0.19036144018173218
Rank:0 Epoch: [36/40], Step: [141/782], Loss: 0.21060770750045776
Rank:0 Epoch: [36/40], Step: [151/782], Loss: 0.20964427292346954
Rank:0 Epoch: [36/40], Step: [161/782], Loss: 0.11458681523799896
Rank:0 Epoch: [36/40], Step: [171/782], Loss: 0.30351942777633667
Rank:0 Epoch: [36/40], Step: [181/782], Loss: 0.3725588023662567
Rank:0 Epoch: [36/40], Step: [191/782], Loss: 0.23687608540058136
Rank:0 Epoch: [36/40], Step: [201/782], Loss: 0.10972481966018677
Rank:0 Epoch: [36/40], Step: [211/782], Loss: 0.23988106846809387
Rank:0 Epoch: [36/40], Step: [221/782], Loss: 0.1654851883649826
Rank:0 Epoch: [36/40], Step: [231/782], Loss: 0.13116513192653656
Rank:0 Epoch: [36/40], Step: [241/782], Loss: 0.07733827084302902
Rank:0 Epoch: [36/40], Step: [251/782], Loss: 0.26815980672836304
Rank:0 Epoch: [36/40], Step: [261/782], Loss: 0.08219052106142044
Rank:0 Epoch: [36/40], Step: [271/782], Loss: 0.21043279767036438
Rank:0 Epoch: [36/40], Step: [281/782], Loss: 0.19642025232315063
Rank:0 Epoch: [36/40], Step: [291/782], Loss: 0.27011409401893616
Rank:0 Epoch: [36/40], Step: [301/782], Loss: 0.23927243053913116
Rank:0 Epoch: [36/40], Step: [311/782], Loss: 0.11482901871204376
Rank:0 Epoch: [36/40], Step: [321/782], Loss: 0.1254996806383133
Rank:0 Epoch: [36/40], Step: [331/782], Loss: 0.21925939619541168
Rank:0 Epoch: [36/40], Step: [341/782], Loss: 0.18388162553310394
Rank:0 Epoch: [36/40], Step: [351/782], Loss: 0.11128438264131546
Rank:0 Epoch: [36/40], Step: [361/782], Loss: 0.1156051903963089
Rank:0 Epoch: [36/40], Step: [371/782], Loss: 0.16206395626068115
Rank:0 Epoch: [36/40], Step: [381/782], Loss: 0.13410326838493347
Rank:0 Epoch: [36/40], Step: [391/782], Loss: 0.17758913338184357
Rank:0 Epoch: [36/40], Step: [401/782], Loss: 0.08434437215328217
Rank:0 Epoch: [36/40], Step: [411/782], Loss: 0.1467732936143875
Rank:0 Epoch: [36/40], Step: [421/782], Loss: 0.2526503801345825
Rank:0 Epoch: [36/40], Step: [431/782], Loss: 0.2347673624753952
Rank:0 Epoch: [36/40], Step: [441/782], Loss: 0.13024957478046417
Rank:0 Epoch: [36/40], Step: [451/782], Loss: 0.2030121386051178
Rank:0 Epoch: [36/40], Step: [461/782], Loss: 0.11154487729072571
Rank:0 Epoch: [36/40], Step: [471/782], Loss: 0.15897539258003235
Rank:0 Epoch: [36/40], Step: [481/782], Loss: 0.2542726397514343
Rank:0 Epoch: [36/40], Step: [491/782], Loss: 0.19073571264743805
Rank:0 Epoch: [36/40], Step: [501/782], Loss: 0.0993409976363182
Rank:0 Epoch: [36/40], Step: [511/782], Loss: 0.17390145361423492
Rank:0 Epoch: [36/40], Step: [521/782], Loss: 0.20739978551864624
Rank:0 Epoch: [36/40], Step: [531/782], Loss: 0.20150546729564667
Rank:0 Epoch: [36/40], Step: [541/782], Loss: 0.17591363191604614
Rank:0 Epoch: [36/40], Step: [551/782], Loss: 0.2357936054468155
Rank:0 Epoch: [36/40], Step: [561/782], Loss: 0.21195335686206818
Rank:0 Epoch: [36/40], Step: [571/782], Loss: 0.17861689627170563
Rank:0 Epoch: [36/40], Step: [581/782], Loss: 0.14701882004737854
Rank:0 Epoch: [36/40], Step: [591/782], Loss: 0.23507821559906006
Rank:0 Epoch: [36/40], Step: [601/782], Loss: 0.06803511828184128
Rank:0 Epoch: [36/40], Step: [611/782], Loss: 0.11460840702056885
Rank:0 Epoch: [36/40], Step: [621/782], Loss: 0.19347113370895386
Rank:0 Epoch: [36/40], Step: [631/782], Loss: 0.10424201935529709
Rank:0 Epoch: [36/40], Step: [641/782], Loss: 0.1581314653158188
Rank:0 Epoch: [36/40], Step: [651/782], Loss: 0.22358590364456177
Rank:0 Epoch: [36/40], Step: [661/782], Loss: 0.1765318214893341
Rank:0 Epoch: [36/40], Step: [671/782], Loss: 0.13699157536029816
Rank:0 Epoch: [36/40], Step: [681/782], Loss: 0.08933211863040924
Rank:0 Epoch: [36/40], Step: [691/782], Loss: 0.14080005884170532
Rank:0 Epoch: [36/40], Step: [701/782], Loss: 0.07545216381549835
Rank:0 Epoch: [36/40], Step: [711/782], Loss: 0.24689625203609467
Rank:0 Epoch: [36/40], Step: [721/782], Loss: 0.16958633065223694
Rank:0 Epoch: [36/40], Step: [731/782], Loss: 0.07717553526163101
Rank:0 Epoch: [36/40], Step: [741/782], Loss: 0.294624388217926
Rank:0 Epoch: [36/40], Step: [751/782], Loss: 0.3619012236595154
Rank:0 Epoch: [36/40], Step: [761/782], Loss: 0.17382749915122986
Rank:0 Epoch: [36/40], Step: [771/782], Loss: 0.27090221643447876
Rank:0 Epoch: [36/40], Step: [781/782], Loss: 0.13317087292671204
Current Test Acc: 0.9014
Rank:0 Epoch: [37/40], Step: [1/782], Loss: 0.17388343811035156
Rank:0 Epoch: [37/40], Step: [11/782], Loss: 0.2536107897758484
Rank:0 Epoch: [37/40], Step: [21/782], Loss: 0.07659197598695755
Rank:0 Epoch: [37/40], Step: [31/782], Loss: 0.224020317196846
Rank:0 Epoch: [37/40], Step: [41/782], Loss: 0.09523415565490723
Rank:0 Epoch: [37/40], Step: [51/782], Loss: 0.3149417042732239
Rank:0 Epoch: [37/40], Step: [61/782], Loss: 0.24183343350887299
Rank:0 Epoch: [37/40], Step: [71/782], Loss: 0.1417807638645172
Rank:0 Epoch: [37/40], Step: [81/782], Loss: 0.11604449898004532
Rank:0 Epoch: [37/40], Step: [91/782], Loss: 0.14116108417510986
Rank:0 Epoch: [37/40], Step: [101/782], Loss: 0.1992221176624298
Rank:0 Epoch: [37/40], Step: [111/782], Loss: 0.2127833068370819
Rank:0 Epoch: [37/40], Step: [121/782], Loss: 0.14404256641864777
Rank:0 Epoch: [37/40], Step: [131/782], Loss: 0.1584884226322174
Rank:0 Epoch: [37/40], Step: [141/782], Loss: 0.19735729694366455
Rank:0 Epoch: [37/40], Step: [151/782], Loss: 0.21139779686927795
Rank:0 Epoch: [37/40], Step: [161/782], Loss: 0.16694240272045135
Rank:0 Epoch: [37/40], Step: [171/782], Loss: 0.17671693861484528
Rank:0 Epoch: [37/40], Step: [181/782], Loss: 0.10617191344499588
Rank:0 Epoch: [37/40], Step: [191/782], Loss: 0.21387958526611328
Rank:0 Epoch: [37/40], Step: [201/782], Loss: 0.1885833591222763
Rank:0 Epoch: [37/40], Step: [211/782], Loss: 0.2674708664417267
Rank:0 Epoch: [37/40], Step: [221/782], Loss: 0.09753590822219849
Rank:0 Epoch: [37/40], Step: [231/782], Loss: 0.12203735113143921
Rank:0 Epoch: [37/40], Step: [241/782], Loss: 0.10400088131427765
Rank:0 Epoch: [37/40], Step: [251/782], Loss: 0.21917098760604858
Rank:0 Epoch: [37/40], Step: [261/782], Loss: 0.1884794682264328
Rank:0 Epoch: [37/40], Step: [271/782], Loss: 0.17080481350421906
Rank:0 Epoch: [37/40], Step: [281/782], Loss: 0.10201594978570938
Rank:0 Epoch: [37/40], Step: [291/782], Loss: 0.26327216625213623
Rank:0 Epoch: [37/40], Step: [301/782], Loss: 0.24972830712795258
Rank:0 Epoch: [37/40], Step: [311/782], Loss: 0.23532776534557343
Rank:0 Epoch: [37/40], Step: [321/782], Loss: 0.2891446053981781
Rank:0 Epoch: [37/40], Step: [331/782], Loss: 0.28907665610313416
Rank:0 Epoch: [37/40], Step: [341/782], Loss: 0.09570969641208649
Rank:0 Epoch: [37/40], Step: [351/782], Loss: 0.14553706347942352
Rank:0 Epoch: [37/40], Step: [361/782], Loss: 0.1797591894865036
Rank:0 Epoch: [37/40], Step: [371/782], Loss: 0.12972266972064972
Rank:0 Epoch: [37/40], Step: [381/782], Loss: 0.19530905783176422
Rank:0 Epoch: [37/40], Step: [391/782], Loss: 0.17628943920135498
Rank:0 Epoch: [37/40], Step: [401/782], Loss: 0.2110026776790619
Rank:0 Epoch: [37/40], Step: [411/782], Loss: 0.22808800637722015
Rank:0 Epoch: [37/40], Step: [421/782], Loss: 0.18208901584148407
Rank:0 Epoch: [37/40], Step: [431/782], Loss: 0.08032474666833878
Rank:0 Epoch: [37/40], Step: [441/782], Loss: 0.3166928291320801
Rank:0 Epoch: [37/40], Step: [451/782], Loss: 0.07383669167757034
Rank:0 Epoch: [37/40], Step: [461/782], Loss: 0.08768979460000992
Rank:0 Epoch: [37/40], Step: [471/782], Loss: 0.1014724001288414
Rank:0 Epoch: [37/40], Step: [481/782], Loss: 0.2710927426815033
Rank:0 Epoch: [37/40], Step: [491/782], Loss: 0.15920065343379974
Rank:0 Epoch: [37/40], Step: [501/782], Loss: 0.1165049597620964
Rank:0 Epoch: [37/40], Step: [511/782], Loss: 0.2694687843322754
Rank:0 Epoch: [37/40], Step: [521/782], Loss: 0.09372743219137192
Rank:0 Epoch: [37/40], Step: [531/782], Loss: 0.28713440895080566
Rank:0 Epoch: [37/40], Step: [541/782], Loss: 0.2737022340297699
Rank:0 Epoch: [37/40], Step: [551/782], Loss: 0.16901612281799316
Rank:0 Epoch: [37/40], Step: [561/782], Loss: 0.1333369016647339
Rank:0 Epoch: [37/40], Step: [571/782], Loss: 0.18109406530857086
Rank:0 Epoch: [37/40], Step: [581/782], Loss: 0.21341313421726227
Rank:0 Epoch: [37/40], Step: [591/782], Loss: 0.12572844326496124
Rank:0 Epoch: [37/40], Step: [601/782], Loss: 0.19607041776180267
Rank:0 Epoch: [37/40], Step: [611/782], Loss: 0.1818390041589737
Rank:0 Epoch: [37/40], Step: [621/782], Loss: 0.25920701026916504
Rank:0 Epoch: [37/40], Step: [631/782], Loss: 0.20058275759220123
Rank:0 Epoch: [37/40], Step: [641/782], Loss: 0.12045811861753464
Rank:0 Epoch: [37/40], Step: [651/782], Loss: 0.1936035007238388
Rank:0 Epoch: [37/40], Step: [661/782], Loss: 0.2062012106180191
Rank:0 Epoch: [37/40], Step: [671/782], Loss: 0.15087275207042694
Rank:0 Epoch: [37/40], Step: [681/782], Loss: 0.18920661509037018
Rank:0 Epoch: [37/40], Step: [691/782], Loss: 0.16977468132972717
Rank:0 Epoch: [37/40], Step: [701/782], Loss: 0.1885862797498703
Rank:0 Epoch: [37/40], Step: [711/782], Loss: 0.1380275934934616
Rank:0 Epoch: [37/40], Step: [721/782], Loss: 0.14626632630825043
Rank:0 Epoch: [37/40], Step: [731/782], Loss: 0.20147570967674255
Rank:0 Epoch: [37/40], Step: [741/782], Loss: 0.16924434900283813
Rank:0 Epoch: [37/40], Step: [751/782], Loss: 0.138203427195549
Rank:0 Epoch: [37/40], Step: [761/782], Loss: 0.05366254597902298
Rank:0 Epoch: [37/40], Step: [771/782], Loss: 0.1407482922077179
Rank:0 Epoch: [37/40], Step: [781/782], Loss: 0.10268326848745346
Current Test Acc: 0.9028
Rank:0 Epoch: [38/40], Step: [1/782], Loss: 0.2616419196128845
Rank:0 Epoch: [38/40], Step: [11/782], Loss: 0.10773257166147232
Rank:0 Epoch: [38/40], Step: [21/782], Loss: 0.12093429267406464
Rank:0 Epoch: [38/40], Step: [31/782], Loss: 0.17666642367839813
Rank:0 Epoch: [38/40], Step: [41/782], Loss: 0.12139696627855301
Rank:0 Epoch: [38/40], Step: [51/782], Loss: 0.1649743914604187
Rank:0 Epoch: [38/40], Step: [61/782], Loss: 0.08436311781406403
Rank:0 Epoch: [38/40], Step: [71/782], Loss: 0.11313033103942871
Rank:0 Epoch: [38/40], Step: [81/782], Loss: 0.31140393018722534
Rank:0 Epoch: [38/40], Step: [91/782], Loss: 0.1573978066444397
Rank:0 Epoch: [38/40], Step: [101/782], Loss: 0.14048969745635986
Rank:0 Epoch: [38/40], Step: [111/782], Loss: 0.23093661665916443
Rank:0 Epoch: [38/40], Step: [121/782], Loss: 0.15560056269168854
Rank:0 Epoch: [38/40], Step: [131/782], Loss: 0.1576375812292099
Rank:0 Epoch: [38/40], Step: [141/782], Loss: 0.11913903057575226
Rank:0 Epoch: [38/40], Step: [151/782], Loss: 0.1060633510351181
Rank:0 Epoch: [38/40], Step: [161/782], Loss: 0.1393124759197235
Rank:0 Epoch: [38/40], Step: [171/782], Loss: 0.32213732600212097
Rank:0 Epoch: [38/40], Step: [181/782], Loss: 0.15489855408668518
Rank:0 Epoch: [38/40], Step: [191/782], Loss: 0.13644270598888397
Rank:0 Epoch: [38/40], Step: [201/782], Loss: 0.2194036841392517
Rank:0 Epoch: [38/40], Step: [211/782], Loss: 0.28139153122901917
Rank:0 Epoch: [38/40], Step: [221/782], Loss: 0.1272253692150116
Rank:0 Epoch: [38/40], Step: [231/782], Loss: 0.15089765191078186
Rank:0 Epoch: [38/40], Step: [241/782], Loss: 0.10924689471721649
Rank:0 Epoch: [38/40], Step: [251/782], Loss: 0.06987404078245163
Rank:0 Epoch: [38/40], Step: [261/782], Loss: 0.17340578138828278
Rank:0 Epoch: [38/40], Step: [271/782], Loss: 0.19946643710136414
Rank:0 Epoch: [38/40], Step: [281/782], Loss: 0.2420598864555359
Rank:0 Epoch: [38/40], Step: [291/782], Loss: 0.2890069782733917
Rank:0 Epoch: [38/40], Step: [301/782], Loss: 0.2850778102874756
Rank:0 Epoch: [38/40], Step: [311/782], Loss: 0.29121506214141846
Rank:0 Epoch: [38/40], Step: [321/782], Loss: 0.14819340407848358
Rank:0 Epoch: [38/40], Step: [331/782], Loss: 0.1413014829158783
Rank:0 Epoch: [38/40], Step: [341/782], Loss: 0.17433331906795502
Rank:0 Epoch: [38/40], Step: [351/782], Loss: 0.05062512680888176
Rank:0 Epoch: [38/40], Step: [361/782], Loss: 0.2494077980518341
Rank:0 Epoch: [38/40], Step: [371/782], Loss: 0.05011529475450516
Rank:0 Epoch: [38/40], Step: [381/782], Loss: 0.13392981886863708
Rank:0 Epoch: [38/40], Step: [391/782], Loss: 0.09996726363897324
Rank:0 Epoch: [38/40], Step: [401/782], Loss: 0.08468277752399445
Rank:0 Epoch: [38/40], Step: [411/782], Loss: 0.21541547775268555
Rank:0 Epoch: [38/40], Step: [421/782], Loss: 0.10538795590400696
Rank:0 Epoch: [38/40], Step: [431/782], Loss: 0.1638285219669342
Rank:0 Epoch: [38/40], Step: [441/782], Loss: 0.3058399260044098
Rank:0 Epoch: [38/40], Step: [451/782], Loss: 0.15303641557693481
Rank:0 Epoch: [38/40], Step: [461/782], Loss: 0.1306537389755249
Rank:0 Epoch: [38/40], Step: [471/782], Loss: 0.09649389237165451
Rank:0 Epoch: [38/40], Step: [481/782], Loss: 0.3245590329170227
Rank:0 Epoch: [38/40], Step: [491/782], Loss: 0.14631274342536926
Rank:0 Epoch: [38/40], Step: [501/782], Loss: 0.18973904848098755
Rank:0 Epoch: [38/40], Step: [511/782], Loss: 0.25252148509025574
Rank:0 Epoch: [38/40], Step: [521/782], Loss: 0.1906222403049469
Rank:0 Epoch: [38/40], Step: [531/782], Loss: 0.07601049542427063
Rank:0 Epoch: [38/40], Step: [541/782], Loss: 0.10109774023294449
Rank:0 Epoch: [38/40], Step: [551/782], Loss: 0.19035173952579498
Rank:0 Epoch: [38/40], Step: [561/782], Loss: 0.1321457326412201
Rank:0 Epoch: [38/40], Step: [571/782], Loss: 0.16671130061149597
Rank:0 Epoch: [38/40], Step: [581/782], Loss: 0.11313526332378387
Rank:0 Epoch: [38/40], Step: [591/782], Loss: 0.08658209443092346
Rank:0 Epoch: [38/40], Step: [601/782], Loss: 0.09738655388355255
Rank:0 Epoch: [38/40], Step: [611/782], Loss: 0.17131876945495605
Rank:0 Epoch: [38/40], Step: [621/782], Loss: 0.2043420374393463
Rank:0 Epoch: [38/40], Step: [631/782], Loss: 0.21323813498020172
Rank:0 Epoch: [38/40], Step: [641/782], Loss: 0.16284684836864471
Rank:0 Epoch: [38/40], Step: [651/782], Loss: 0.14195767045021057
Rank:0 Epoch: [38/40], Step: [661/782], Loss: 0.25578129291534424
Rank:0 Epoch: [38/40], Step: [671/782], Loss: 0.10709195584058762
Rank:0 Epoch: [38/40], Step: [681/782], Loss: 0.11956459283828735
Rank:0 Epoch: [38/40], Step: [691/782], Loss: 0.26085492968559265
Rank:0 Epoch: [38/40], Step: [701/782], Loss: 0.24318824708461761
Rank:0 Epoch: [38/40], Step: [711/782], Loss: 0.09856013208627701
Rank:0 Epoch: [38/40], Step: [721/782], Loss: 0.12313894182443619
Rank:0 Epoch: [38/40], Step: [731/782], Loss: 0.13715186715126038
Rank:0 Epoch: [38/40], Step: [741/782], Loss: 0.08533041179180145
Rank:0 Epoch: [38/40], Step: [751/782], Loss: 0.11236783117055893
Rank:0 Epoch: [38/40], Step: [761/782], Loss: 0.09028566628694534
Rank:0 Epoch: [38/40], Step: [771/782], Loss: 0.20828211307525635
Rank:0 Epoch: [38/40], Step: [781/782], Loss: 0.2797492444515228
Current Test Acc: 0.9046
Rank:0 Epoch: [39/40], Step: [1/782], Loss: 0.09925238788127899
Rank:0 Epoch: [39/40], Step: [11/782], Loss: 0.1423618495464325
Rank:0 Epoch: [39/40], Step: [21/782], Loss: 0.29754889011383057
Rank:0 Epoch: [39/40], Step: [31/782], Loss: 0.17872576415538788
Rank:0 Epoch: [39/40], Step: [41/782], Loss: 0.0956655815243721
Rank:0 Epoch: [39/40], Step: [51/782], Loss: 0.1314101666212082
Rank:0 Epoch: [39/40], Step: [61/782], Loss: 0.3014054000377655
Rank:0 Epoch: [39/40], Step: [71/782], Loss: 0.12081124633550644
Rank:0 Epoch: [39/40], Step: [81/782], Loss: 0.3042134940624237
Rank:0 Epoch: [39/40], Step: [91/782], Loss: 0.14350290596485138
Rank:0 Epoch: [39/40], Step: [101/782], Loss: 0.10875658690929413
Rank:0 Epoch: [39/40], Step: [111/782], Loss: 0.14070674777030945
Rank:0 Epoch: [39/40], Step: [121/782], Loss: 0.0797911286354065
Rank:0 Epoch: [39/40], Step: [131/782], Loss: 0.13602392375469208
Rank:0 Epoch: [39/40], Step: [141/782], Loss: 0.17351067066192627
Rank:0 Epoch: [39/40], Step: [151/782], Loss: 0.15763947367668152
Rank:0 Epoch: [39/40], Step: [161/782], Loss: 0.3077065348625183
Rank:0 Epoch: [39/40], Step: [171/782], Loss: 0.24049808084964752
Rank:0 Epoch: [39/40], Step: [181/782], Loss: 0.19384002685546875
Rank:0 Epoch: [39/40], Step: [191/782], Loss: 0.16319704055786133
Rank:0 Epoch: [39/40], Step: [201/782], Loss: 0.10779635608196259
Rank:0 Epoch: [39/40], Step: [211/782], Loss: 0.23935067653656006
Rank:0 Epoch: [39/40], Step: [221/782], Loss: 0.15636931359767914
Rank:0 Epoch: [39/40], Step: [231/782], Loss: 0.1564568728208542
Rank:0 Epoch: [39/40], Step: [241/782], Loss: 0.13061346113681793
Rank:0 Epoch: [39/40], Step: [251/782], Loss: 0.16132794320583344
Rank:0 Epoch: [39/40], Step: [261/782], Loss: 0.16309143602848053
Rank:0 Epoch: [39/40], Step: [271/782], Loss: 0.1338822990655899
Rank:0 Epoch: [39/40], Step: [281/782], Loss: 0.120547354221344
Rank:0 Epoch: [39/40], Step: [291/782], Loss: 0.24836058914661407
Rank:0 Epoch: [39/40], Step: [301/782], Loss: 0.3228027820587158
Rank:0 Epoch: [39/40], Step: [311/782], Loss: 0.12522132694721222
Rank:0 Epoch: [39/40], Step: [321/782], Loss: 0.2366165965795517
Rank:0 Epoch: [39/40], Step: [331/782], Loss: 0.22308140993118286
Rank:0 Epoch: [39/40], Step: [341/782], Loss: 0.23810707032680511
Rank:0 Epoch: [39/40], Step: [351/782], Loss: 0.21195168793201447
Rank:0 Epoch: [39/40], Step: [361/782], Loss: 0.12978613376617432
Rank:0 Epoch: [39/40], Step: [371/782], Loss: 0.08062147349119186
Rank:0 Epoch: [39/40], Step: [381/782], Loss: 0.25068360567092896
Rank:0 Epoch: [39/40], Step: [391/782], Loss: 0.329088419675827
Rank:0 Epoch: [39/40], Step: [401/782], Loss: 0.17919544875621796
Rank:0 Epoch: [39/40], Step: [411/782], Loss: 0.17354047298431396
Rank:0 Epoch: [39/40], Step: [421/782], Loss: 0.170848548412323
Rank:0 Epoch: [39/40], Step: [431/782], Loss: 0.17002005875110626
Rank:0 Epoch: [39/40], Step: [441/782], Loss: 0.2792188823223114
Rank:0 Epoch: [39/40], Step: [451/782], Loss: 0.23653246462345123
Rank:0 Epoch: [39/40], Step: [461/782], Loss: 0.1943284571170807
Rank:0 Epoch: [39/40], Step: [471/782], Loss: 0.21186873316764832
Rank:0 Epoch: [39/40], Step: [481/782], Loss: 0.2710568606853485
Rank:0 Epoch: [39/40], Step: [491/782], Loss: 0.19360196590423584
Rank:0 Epoch: [39/40], Step: [501/782], Loss: 0.12804797291755676
Rank:0 Epoch: [39/40], Step: [511/782], Loss: 0.07526422291994095
Rank:0 Epoch: [39/40], Step: [521/782], Loss: 0.37475907802581787
Rank:0 Epoch: [39/40], Step: [531/782], Loss: 0.183967724442482
Rank:0 Epoch: [39/40], Step: [541/782], Loss: 0.2636723220348358
Rank:0 Epoch: [39/40], Step: [551/782], Loss: 0.19087345898151398
Rank:0 Epoch: [39/40], Step: [561/782], Loss: 0.2649790644645691
Rank:0 Epoch: [39/40], Step: [571/782], Loss: 0.14062027633190155
Rank:0 Epoch: [39/40], Step: [581/782], Loss: 0.2067980319261551
Rank:0 Epoch: [39/40], Step: [591/782], Loss: 0.22037509083747864
Rank:0 Epoch: [39/40], Step: [601/782], Loss: 0.2970959544181824
Rank:0 Epoch: [39/40], Step: [611/782], Loss: 0.15171054005622864
Rank:0 Epoch: [39/40], Step: [621/782], Loss: 0.12799249589443207
Rank:0 Epoch: [39/40], Step: [631/782], Loss: 0.2525504529476166
Rank:0 Epoch: [39/40], Step: [641/782], Loss: 0.10870940238237381
Rank:0 Epoch: [39/40], Step: [651/782], Loss: 0.16071240603923798
Rank:0 Epoch: [39/40], Step: [661/782], Loss: 0.2159550040960312
Rank:0 Epoch: [39/40], Step: [671/782], Loss: 0.26963329315185547
Rank:0 Epoch: [39/40], Step: [681/782], Loss: 0.1676502376794815
Rank:0 Epoch: [39/40], Step: [691/782], Loss: 0.17247214913368225
Rank:0 Epoch: [39/40], Step: [701/782], Loss: 0.0878601148724556
Rank:0 Epoch: [39/40], Step: [711/782], Loss: 0.1952989399433136
Rank:0 Epoch: [39/40], Step: [721/782], Loss: 0.13839702308177948
Rank:0 Epoch: [39/40], Step: [731/782], Loss: 0.11426682770252228
Rank:0 Epoch: [39/40], Step: [741/782], Loss: 0.2523161470890045
Rank:0 Epoch: [39/40], Step: [751/782], Loss: 0.1197461187839508
Rank:0 Epoch: [39/40], Step: [761/782], Loss: 0.0773187056183815
Rank:0 Epoch: [39/40], Step: [771/782], Loss: 0.22837059199810028
Rank:0 Epoch: [39/40], Step: [781/782], Loss: 0.17016151547431946
Current Test Acc: 0.9049
Rank:0 Epoch: [40/40], Step: [1/782], Loss: 0.11171793937683105
Rank:0 Epoch: [40/40], Step: [11/782], Loss: 0.17196907103061676
Rank:0 Epoch: [40/40], Step: [21/782], Loss: 0.18779303133487701
Rank:0 Epoch: [40/40], Step: [31/782], Loss: 0.1683875024318695
Rank:0 Epoch: [40/40], Step: [41/782], Loss: 0.1843431144952774
Rank:0 Epoch: [40/40], Step: [51/782], Loss: 0.13645870983600616
Rank:0 Epoch: [40/40], Step: [61/782], Loss: 0.17051400244235992
Rank:0 Epoch: [40/40], Step: [71/782], Loss: 0.09146584570407867
Rank:0 Epoch: [40/40], Step: [81/782], Loss: 0.1864469349384308
Rank:0 Epoch: [40/40], Step: [91/782], Loss: 0.2035774439573288
Rank:0 Epoch: [40/40], Step: [101/782], Loss: 0.3164955675601959
Rank:0 Epoch: [40/40], Step: [111/782], Loss: 0.18747170269489288
Rank:0 Epoch: [40/40], Step: [121/782], Loss: 0.16468791663646698
Rank:0 Epoch: [40/40], Step: [131/782], Loss: 0.1554943174123764
Rank:0 Epoch: [40/40], Step: [141/782], Loss: 0.1740891933441162
Rank:0 Epoch: [40/40], Step: [151/782], Loss: 0.19875682890415192
Rank:0 Epoch: [40/40], Step: [161/782], Loss: 0.13775037229061127
Rank:0 Epoch: [40/40], Step: [171/782], Loss: 0.158597931265831
Rank:0 Epoch: [40/40], Step: [181/782], Loss: 0.16952328383922577
Rank:0 Epoch: [40/40], Step: [191/782], Loss: 0.15681645274162292
Rank:0 Epoch: [40/40], Step: [201/782], Loss: 0.12820635735988617
Rank:0 Epoch: [40/40], Step: [211/782], Loss: 0.13428069651126862
Rank:0 Epoch: [40/40], Step: [221/782], Loss: 0.05440260469913483
Rank:0 Epoch: [40/40], Step: [231/782], Loss: 0.20573024451732635
Rank:0 Epoch: [40/40], Step: [241/782], Loss: 0.18049226701259613
Rank:0 Epoch: [40/40], Step: [251/782], Loss: 0.19326111674308777
Rank:0 Epoch: [40/40], Step: [261/782], Loss: 0.1531410813331604
Rank:0 Epoch: [40/40], Step: [271/782], Loss: 0.15739084780216217
Rank:0 Epoch: [40/40], Step: [281/782], Loss: 0.2055903971195221
Rank:0 Epoch: [40/40], Step: [291/782], Loss: 0.12516579031944275
Rank:0 Epoch: [40/40], Step: [301/782], Loss: 0.13006554543972015
Rank:0 Epoch: [40/40], Step: [311/782], Loss: 0.25306200981140137
Rank:0 Epoch: [40/40], Step: [321/782], Loss: 0.24796679615974426
Rank:0 Epoch: [40/40], Step: [331/782], Loss: 0.09722524136304855
Rank:0 Epoch: [40/40], Step: [341/782], Loss: 0.2187807261943817
Rank:0 Epoch: [40/40], Step: [351/782], Loss: 0.23174576461315155
Rank:0 Epoch: [40/40], Step: [361/782], Loss: 0.18820418417453766
Rank:0 Epoch: [40/40], Step: [371/782], Loss: 0.20657026767730713
Rank:0 Epoch: [40/40], Step: [381/782], Loss: 0.26326945424079895
Rank:0 Epoch: [40/40], Step: [391/782], Loss: 0.20187082886695862
Rank:0 Epoch: [40/40], Step: [401/782], Loss: 0.11430776119232178
Rank:0 Epoch: [40/40], Step: [411/782], Loss: 0.17549513280391693
Rank:0 Epoch: [40/40], Step: [421/782], Loss: 0.12974807620048523
Rank:0 Epoch: [40/40], Step: [431/782], Loss: 0.11477121710777283
Rank:0 Epoch: [40/40], Step: [441/782], Loss: 0.1973966360092163
Rank:0 Epoch: [40/40], Step: [451/782], Loss: 0.2655290365219116
Rank:0 Epoch: [40/40], Step: [461/782], Loss: 0.21420206129550934
Rank:0 Epoch: [40/40], Step: [471/782], Loss: 0.42066508531570435
Rank:0 Epoch: [40/40], Step: [481/782], Loss: 0.130067378282547
Rank:0 Epoch: [40/40], Step: [491/782], Loss: 0.3266240656375885
Rank:0 Epoch: [40/40], Step: [501/782], Loss: 0.17497038841247559
Rank:0 Epoch: [40/40], Step: [511/782], Loss: 0.16107913851737976
Rank:0 Epoch: [40/40], Step: [521/782], Loss: 0.2744515538215637
Rank:0 Epoch: [40/40], Step: [531/782], Loss: 0.2458091378211975
Rank:0 Epoch: [40/40], Step: [541/782], Loss: 0.14044660329818726
Rank:0 Epoch: [40/40], Step: [551/782], Loss: 0.184515118598938
Rank:0 Epoch: [40/40], Step: [561/782], Loss: 0.11089478433132172
Rank:0 Epoch: [40/40], Step: [571/782], Loss: 0.20103882253170013
Rank:0 Epoch: [40/40], Step: [581/782], Loss: 0.279803991317749
Rank:0 Epoch: [40/40], Step: [591/782], Loss: 0.19404388964176178
Rank:0 Epoch: [40/40], Step: [601/782], Loss: 0.1605789065361023
Rank:0 Epoch: [40/40], Step: [611/782], Loss: 0.21558842062950134
Rank:0 Epoch: [40/40], Step: [621/782], Loss: 0.1699821501970291
Rank:0 Epoch: [40/40], Step: [631/782], Loss: 0.3234325051307678
Rank:0 Epoch: [40/40], Step: [641/782], Loss: 0.10701901465654373
Rank:0 Epoch: [40/40], Step: [651/782], Loss: 0.05853432044386864
Rank:0 Epoch: [40/40], Step: [661/782], Loss: 0.12187745422124863
Rank:0 Epoch: [40/40], Step: [671/782], Loss: 0.06730522215366364
Rank:0 Epoch: [40/40], Step: [681/782], Loss: 0.09168847650289536
Rank:0 Epoch: [40/40], Step: [691/782], Loss: 0.17956404387950897
Rank:0 Epoch: [40/40], Step: [701/782], Loss: 0.2218448966741562
Rank:0 Epoch: [40/40], Step: [711/782], Loss: 0.12943248450756073
Rank:0 Epoch: [40/40], Step: [721/782], Loss: 0.20185032486915588
Rank:0 Epoch: [40/40], Step: [731/782], Loss: 0.14779314398765564
Rank:0 Epoch: [40/40], Step: [741/782], Loss: 0.16502264142036438
Rank:0 Epoch: [40/40], Step: [751/782], Loss: 0.29493167996406555
Rank:0 Epoch: [40/40], Step: [761/782], Loss: 0.19687649607658386
Rank:0 Epoch: [40/40], Step: [771/782], Loss: 0.12618739902973175
Rank:0 Epoch: [40/40], Step: [781/782], Loss: 0.1311933547258377
Current Test Acc: 0.9028
Local best accuracy so far 0.9049
Best accuracy so far 0.9049
completed!
