ddp backend: nccl, world size: 1
rank 0 train on cuda 0
Rank:0 Epoch: [1/40], Step: [1/782], Loss: 2.8074824810028076
Rank:0 Epoch: [1/40], Step: [11/782], Loss: 3.60728120803833
Rank:0 Epoch: [1/40], Step: [21/782], Loss: 2.0813937187194824
Rank:0 Epoch: [1/40], Step: [31/782], Loss: 1.9202884435653687
Rank:0 Epoch: [1/40], Step: [41/782], Loss: 1.7553740739822388
Rank:0 Epoch: [1/40], Step: [51/782], Loss: 1.940910816192627
Rank:0 Epoch: [1/40], Step: [61/782], Loss: 1.669472098350525
Rank:0 Epoch: [1/40], Step: [71/782], Loss: 1.8387638330459595
Rank:0 Epoch: [1/40], Step: [81/782], Loss: 1.5851994752883911
Rank:0 Epoch: [1/40], Step: [91/782], Loss: 1.5802340507507324
Rank:0 Epoch: [1/40], Step: [101/782], Loss: 1.3768106698989868
Rank:0 Epoch: [1/40], Step: [111/782], Loss: 1.3946478366851807
Rank:0 Epoch: [1/40], Step: [121/782], Loss: 1.4714900255203247
Rank:0 Epoch: [1/40], Step: [131/782], Loss: 1.4370083808898926
Rank:0 Epoch: [1/40], Step: [141/782], Loss: 1.6436997652053833
Rank:0 Epoch: [1/40], Step: [151/782], Loss: 1.751362681388855
Rank:0 Epoch: [1/40], Step: [161/782], Loss: 1.5453485250473022
Rank:0 Epoch: [1/40], Step: [171/782], Loss: 1.3179938793182373
Rank:0 Epoch: [1/40], Step: [181/782], Loss: 1.3600828647613525
Rank:0 Epoch: [1/40], Step: [191/782], Loss: 1.3532150983810425
Rank:0 Epoch: [1/40], Step: [201/782], Loss: 1.671280860900879
Rank:0 Epoch: [1/40], Step: [211/782], Loss: 1.3005366325378418
Rank:0 Epoch: [1/40], Step: [221/782], Loss: 1.0666282176971436
Rank:0 Epoch: [1/40], Step: [231/782], Loss: 1.4890412092208862
Rank:0 Epoch: [1/40], Step: [241/782], Loss: 1.1040115356445312
Rank:0 Epoch: [1/40], Step: [251/782], Loss: 1.2501509189605713
Rank:0 Epoch: [1/40], Step: [261/782], Loss: 1.4269192218780518
Rank:0 Epoch: [1/40], Step: [271/782], Loss: 1.400447964668274
Rank:0 Epoch: [1/40], Step: [281/782], Loss: 1.1344245672225952
Rank:0 Epoch: [1/40], Step: [291/782], Loss: 1.1104609966278076
Rank:0 Epoch: [1/40], Step: [301/782], Loss: 1.384951114654541
Rank:0 Epoch: [1/40], Step: [311/782], Loss: 1.2732630968093872
Rank:0 Epoch: [1/40], Step: [321/782], Loss: 1.1741808652877808
Rank:0 Epoch: [1/40], Step: [331/782], Loss: 1.3898411989212036
Rank:0 Epoch: [1/40], Step: [341/782], Loss: 0.9775630235671997
Rank:0 Epoch: [1/40], Step: [351/782], Loss: 1.2429251670837402
Rank:0 Epoch: [1/40], Step: [361/782], Loss: 1.0939128398895264
Rank:0 Epoch: [1/40], Step: [371/782], Loss: 1.1708132028579712
Rank:0 Epoch: [1/40], Step: [381/782], Loss: 1.0831525325775146
Rank:0 Epoch: [1/40], Step: [391/782], Loss: 0.9641271829605103
Rank:0 Epoch: [1/40], Step: [401/782], Loss: 1.1078481674194336
Rank:0 Epoch: [1/40], Step: [411/782], Loss: 1.3920412063598633
Rank:0 Epoch: [1/40], Step: [421/782], Loss: 1.1957433223724365
Rank:0 Epoch: [1/40], Step: [431/782], Loss: 1.0726277828216553
Rank:0 Epoch: [1/40], Step: [441/782], Loss: 1.0011005401611328
Rank:0 Epoch: [1/40], Step: [451/782], Loss: 0.9080969095230103
Rank:0 Epoch: [1/40], Step: [461/782], Loss: 1.1290770769119263
Rank:0 Epoch: [1/40], Step: [471/782], Loss: 1.0612226724624634
Rank:0 Epoch: [1/40], Step: [481/782], Loss: 1.3098564147949219
Rank:0 Epoch: [1/40], Step: [491/782], Loss: 0.9397149682044983
Rank:0 Epoch: [1/40], Step: [501/782], Loss: 1.17596435546875
Rank:0 Epoch: [1/40], Step: [511/782], Loss: 0.920605480670929
Rank:0 Epoch: [1/40], Step: [521/782], Loss: 0.9136959910392761
Rank:0 Epoch: [1/40], Step: [531/782], Loss: 0.925601601600647
Rank:0 Epoch: [1/40], Step: [541/782], Loss: 0.9409472942352295
Rank:0 Epoch: [1/40], Step: [551/782], Loss: 0.9842469692230225
Rank:0 Epoch: [1/40], Step: [561/782], Loss: 0.8420239090919495
Rank:0 Epoch: [1/40], Step: [571/782], Loss: 0.9119285941123962
Rank:0 Epoch: [1/40], Step: [581/782], Loss: 1.2297431230545044
Rank:0 Epoch: [1/40], Step: [591/782], Loss: 0.9289161562919617
Rank:0 Epoch: [1/40], Step: [601/782], Loss: 1.0090640783309937
Rank:0 Epoch: [1/40], Step: [611/782], Loss: 0.8302605152130127
Rank:0 Epoch: [1/40], Step: [621/782], Loss: 0.9436497092247009
Rank:0 Epoch: [1/40], Step: [631/782], Loss: 1.1683330535888672
Rank:0 Epoch: [1/40], Step: [641/782], Loss: 0.9567492008209229
Rank:0 Epoch: [1/40], Step: [651/782], Loss: 1.1752753257751465
Rank:0 Epoch: [1/40], Step: [661/782], Loss: 1.017757773399353
Rank:0 Epoch: [1/40], Step: [671/782], Loss: 0.8249853849411011
Rank:0 Epoch: [1/40], Step: [681/782], Loss: 0.8244393467903137
Rank:0 Epoch: [1/40], Step: [691/782], Loss: 1.0643891096115112
Rank:0 Epoch: [1/40], Step: [701/782], Loss: 1.2727630138397217
Rank:0 Epoch: [1/40], Step: [711/782], Loss: 0.7912732362747192
Rank:0 Epoch: [1/40], Step: [721/782], Loss: 0.8425400853157043
Rank:0 Epoch: [1/40], Step: [731/782], Loss: 0.89043128490448
Rank:0 Epoch: [1/40], Step: [741/782], Loss: 0.6241904497146606
Rank:0 Epoch: [1/40], Step: [751/782], Loss: 0.5923372507095337
Rank:0 Epoch: [1/40], Step: [761/782], Loss: 0.873162567615509
Rank:0 Epoch: [1/40], Step: [771/782], Loss: 0.9629873037338257
Rank:0 Epoch: [1/40], Step: [781/782], Loss: 0.8501971960067749
Current Test Acc: 0.6611
Rank:0 Epoch: [2/40], Step: [1/782], Loss: 0.9546263217926025
Rank:0 Epoch: [2/40], Step: [11/782], Loss: 0.8122209310531616
Rank:0 Epoch: [2/40], Step: [21/782], Loss: 0.5500410199165344
Rank:0 Epoch: [2/40], Step: [31/782], Loss: 1.0963306427001953
Rank:0 Epoch: [2/40], Step: [41/782], Loss: 0.7464786171913147
Rank:0 Epoch: [2/40], Step: [51/782], Loss: 0.7408987283706665
Rank:0 Epoch: [2/40], Step: [61/782], Loss: 0.7088971734046936
Rank:0 Epoch: [2/40], Step: [71/782], Loss: 0.948171079158783
Rank:0 Epoch: [2/40], Step: [81/782], Loss: 0.7376371622085571
Rank:0 Epoch: [2/40], Step: [91/782], Loss: 1.208606481552124
Rank:0 Epoch: [2/40], Step: [101/782], Loss: 0.7001753449440002
Rank:0 Epoch: [2/40], Step: [111/782], Loss: 0.8618131875991821
Rank:0 Epoch: [2/40], Step: [121/782], Loss: 0.6751466393470764
Rank:0 Epoch: [2/40], Step: [131/782], Loss: 0.7332401275634766
Rank:0 Epoch: [2/40], Step: [141/782], Loss: 0.8682697415351868
Rank:0 Epoch: [2/40], Step: [151/782], Loss: 1.1351137161254883
Rank:0 Epoch: [2/40], Step: [161/782], Loss: 0.8875346183776855
Rank:0 Epoch: [2/40], Step: [171/782], Loss: 0.7135210633277893
Rank:0 Epoch: [2/40], Step: [181/782], Loss: 0.884893536567688
Rank:0 Epoch: [2/40], Step: [191/782], Loss: 0.9544548392295837
Rank:0 Epoch: [2/40], Step: [201/782], Loss: 0.7401049733161926
Rank:0 Epoch: [2/40], Step: [211/782], Loss: 0.8916231989860535
Rank:0 Epoch: [2/40], Step: [221/782], Loss: 0.8295711874961853
Rank:0 Epoch: [2/40], Step: [231/782], Loss: 0.9430052042007446
Rank:0 Epoch: [2/40], Step: [241/782], Loss: 0.9124795198440552
Rank:0 Epoch: [2/40], Step: [251/782], Loss: 0.7613595724105835
Rank:0 Epoch: [2/40], Step: [261/782], Loss: 0.7291419506072998
Rank:0 Epoch: [2/40], Step: [271/782], Loss: 0.7193135619163513
Rank:0 Epoch: [2/40], Step: [281/782], Loss: 0.7456915378570557
Rank:0 Epoch: [2/40], Step: [291/782], Loss: 0.6052258014678955
Rank:0 Epoch: [2/40], Step: [301/782], Loss: 0.7987938523292542
Rank:0 Epoch: [2/40], Step: [311/782], Loss: 0.7512760162353516
Rank:0 Epoch: [2/40], Step: [321/782], Loss: 0.8153884410858154
Rank:0 Epoch: [2/40], Step: [331/782], Loss: 1.0191349983215332
Rank:0 Epoch: [2/40], Step: [341/782], Loss: 0.8453148007392883
Rank:0 Epoch: [2/40], Step: [351/782], Loss: 0.7752866744995117
Rank:0 Epoch: [2/40], Step: [361/782], Loss: 0.7040396332740784
Rank:0 Epoch: [2/40], Step: [371/782], Loss: 0.5238685607910156
Rank:0 Epoch: [2/40], Step: [381/782], Loss: 0.6732785105705261
Rank:0 Epoch: [2/40], Step: [391/782], Loss: 0.8478275537490845
Rank:0 Epoch: [2/40], Step: [401/782], Loss: 0.9594732522964478
Rank:0 Epoch: [2/40], Step: [411/782], Loss: 0.6204577088356018
Rank:0 Epoch: [2/40], Step: [421/782], Loss: 0.6580358743667603
Rank:0 Epoch: [2/40], Step: [431/782], Loss: 0.800934374332428
Rank:0 Epoch: [2/40], Step: [441/782], Loss: 0.5876549482345581
Rank:0 Epoch: [2/40], Step: [451/782], Loss: 0.6921849250793457
Rank:0 Epoch: [2/40], Step: [461/782], Loss: 0.8908857107162476
Rank:0 Epoch: [2/40], Step: [471/782], Loss: 0.8273217082023621
Rank:0 Epoch: [2/40], Step: [481/782], Loss: 0.7184639573097229
Rank:0 Epoch: [2/40], Step: [491/782], Loss: 0.8293027877807617
Rank:0 Epoch: [2/40], Step: [501/782], Loss: 0.9671692252159119
Rank:0 Epoch: [2/40], Step: [511/782], Loss: 0.8426201343536377
Rank:0 Epoch: [2/40], Step: [521/782], Loss: 0.5350357890129089
Rank:0 Epoch: [2/40], Step: [531/782], Loss: 0.7132708430290222
Rank:0 Epoch: [2/40], Step: [541/782], Loss: 0.7353594303131104
Rank:0 Epoch: [2/40], Step: [551/782], Loss: 0.7062687277793884
Rank:0 Epoch: [2/40], Step: [561/782], Loss: 0.5992964506149292
Rank:0 Epoch: [2/40], Step: [571/782], Loss: 0.8374655246734619
Rank:0 Epoch: [2/40], Step: [581/782], Loss: 0.7263168096542358
Rank:0 Epoch: [2/40], Step: [591/782], Loss: 0.6001032590866089
Rank:0 Epoch: [2/40], Step: [601/782], Loss: 0.6550533771514893
Rank:0 Epoch: [2/40], Step: [611/782], Loss: 0.5757085084915161
Rank:0 Epoch: [2/40], Step: [621/782], Loss: 0.5845131278038025
Rank:0 Epoch: [2/40], Step: [631/782], Loss: 0.7762133479118347
Rank:0 Epoch: [2/40], Step: [641/782], Loss: 0.7779668569564819
Rank:0 Epoch: [2/40], Step: [651/782], Loss: 0.7952203750610352
Rank:0 Epoch: [2/40], Step: [661/782], Loss: 0.6304870843887329
Rank:0 Epoch: [2/40], Step: [671/782], Loss: 0.8554000854492188
Rank:0 Epoch: [2/40], Step: [681/782], Loss: 0.655964732170105
Rank:0 Epoch: [2/40], Step: [691/782], Loss: 0.5936334133148193
Rank:0 Epoch: [2/40], Step: [701/782], Loss: 0.610283374786377
Rank:0 Epoch: [2/40], Step: [711/782], Loss: 0.7699270248413086
Rank:0 Epoch: [2/40], Step: [721/782], Loss: 0.7821428179740906
Rank:0 Epoch: [2/40], Step: [731/782], Loss: 0.6774798035621643
Rank:0 Epoch: [2/40], Step: [741/782], Loss: 0.7209765911102295
Rank:0 Epoch: [2/40], Step: [751/782], Loss: 0.7359335422515869
Rank:0 Epoch: [2/40], Step: [761/782], Loss: 0.7608945369720459
Rank:0 Epoch: [2/40], Step: [771/782], Loss: 0.6117435693740845
Rank:0 Epoch: [2/40], Step: [781/782], Loss: 0.8259348273277283
Current Test Acc: 0.7418
Rank:0 Epoch: [3/40], Step: [1/782], Loss: 0.7484765648841858
Rank:0 Epoch: [3/40], Step: [11/782], Loss: 0.7016884088516235
Rank:0 Epoch: [3/40], Step: [21/782], Loss: 0.6748065948486328
Rank:0 Epoch: [3/40], Step: [31/782], Loss: 0.6684343814849854
Rank:0 Epoch: [3/40], Step: [41/782], Loss: 0.6169822216033936
Rank:0 Epoch: [3/40], Step: [51/782], Loss: 0.6648116707801819
Rank:0 Epoch: [3/40], Step: [61/782], Loss: 0.7655845880508423
Rank:0 Epoch: [3/40], Step: [71/782], Loss: 0.8731967210769653
Rank:0 Epoch: [3/40], Step: [81/782], Loss: 0.5496671199798584
Rank:0 Epoch: [3/40], Step: [91/782], Loss: 0.689373791217804
Rank:0 Epoch: [3/40], Step: [101/782], Loss: 0.7478820085525513
Rank:0 Epoch: [3/40], Step: [111/782], Loss: 0.6569135785102844
Rank:0 Epoch: [3/40], Step: [121/782], Loss: 0.5533602237701416
Rank:0 Epoch: [3/40], Step: [131/782], Loss: 0.4595882296562195
Rank:0 Epoch: [3/40], Step: [141/782], Loss: 0.6924471259117126
Rank:0 Epoch: [3/40], Step: [151/782], Loss: 0.803322970867157
Rank:0 Epoch: [3/40], Step: [161/782], Loss: 0.6420963406562805
Rank:0 Epoch: [3/40], Step: [171/782], Loss: 0.5662971138954163
Rank:0 Epoch: [3/40], Step: [181/782], Loss: 0.4507601857185364
Rank:0 Epoch: [3/40], Step: [191/782], Loss: 0.4412112534046173
Rank:0 Epoch: [3/40], Step: [201/782], Loss: 0.5100536346435547
Rank:0 Epoch: [3/40], Step: [211/782], Loss: 0.5320932865142822
Rank:0 Epoch: [3/40], Step: [221/782], Loss: 0.45591413974761963
Rank:0 Epoch: [3/40], Step: [231/782], Loss: 0.8179605603218079
Rank:0 Epoch: [3/40], Step: [241/782], Loss: 0.5989736318588257
Rank:0 Epoch: [3/40], Step: [251/782], Loss: 0.5548720359802246
Rank:0 Epoch: [3/40], Step: [261/782], Loss: 0.44441235065460205
Rank:0 Epoch: [3/40], Step: [271/782], Loss: 0.8574894666671753
Rank:0 Epoch: [3/40], Step: [281/782], Loss: 0.6611952185630798
Rank:0 Epoch: [3/40], Step: [291/782], Loss: 0.48171690106391907
Rank:0 Epoch: [3/40], Step: [301/782], Loss: 0.7268813252449036
Rank:0 Epoch: [3/40], Step: [311/782], Loss: 0.7637938261032104
Rank:0 Epoch: [3/40], Step: [321/782], Loss: 0.6202975511550903
Rank:0 Epoch: [3/40], Step: [331/782], Loss: 0.5776827931404114
Rank:0 Epoch: [3/40], Step: [341/782], Loss: 0.6809414625167847
Rank:0 Epoch: [3/40], Step: [351/782], Loss: 0.6080558896064758
Rank:0 Epoch: [3/40], Step: [361/782], Loss: 0.7193928956985474
Rank:0 Epoch: [3/40], Step: [371/782], Loss: 0.68589186668396
Rank:0 Epoch: [3/40], Step: [381/782], Loss: 0.6727333664894104
Rank:0 Epoch: [3/40], Step: [391/782], Loss: 0.5798214077949524
Rank:0 Epoch: [3/40], Step: [401/782], Loss: 0.7678554058074951
Rank:0 Epoch: [3/40], Step: [411/782], Loss: 0.7354696989059448
Rank:0 Epoch: [3/40], Step: [421/782], Loss: 0.7994385957717896
Rank:0 Epoch: [3/40], Step: [431/782], Loss: 0.7953965067863464
Rank:0 Epoch: [3/40], Step: [441/782], Loss: 0.7290149927139282
Rank:0 Epoch: [3/40], Step: [451/782], Loss: 0.6641690135002136
Rank:0 Epoch: [3/40], Step: [461/782], Loss: 0.6334095001220703
Rank:0 Epoch: [3/40], Step: [471/782], Loss: 0.6144112348556519
Rank:0 Epoch: [3/40], Step: [481/782], Loss: 0.8917114734649658
Rank:0 Epoch: [3/40], Step: [491/782], Loss: 0.8718903660774231
Rank:0 Epoch: [3/40], Step: [501/782], Loss: 0.7713202238082886
Rank:0 Epoch: [3/40], Step: [511/782], Loss: 0.4600019156932831
Rank:0 Epoch: [3/40], Step: [521/782], Loss: 0.5790712237358093
Rank:0 Epoch: [3/40], Step: [531/782], Loss: 0.5236887335777283
Rank:0 Epoch: [3/40], Step: [541/782], Loss: 0.6007561087608337
Rank:0 Epoch: [3/40], Step: [551/782], Loss: 0.5019050240516663
Rank:0 Epoch: [3/40], Step: [561/782], Loss: 0.7448362112045288
Rank:0 Epoch: [3/40], Step: [571/782], Loss: 0.8300248384475708
Rank:0 Epoch: [3/40], Step: [581/782], Loss: 0.7522562146186829
Rank:0 Epoch: [3/40], Step: [591/782], Loss: 0.4163271486759186
Rank:0 Epoch: [3/40], Step: [601/782], Loss: 0.5980008244514465
Rank:0 Epoch: [3/40], Step: [611/782], Loss: 0.45720481872558594
Rank:0 Epoch: [3/40], Step: [621/782], Loss: 0.5782292485237122
Rank:0 Epoch: [3/40], Step: [631/782], Loss: 0.6930789351463318
Rank:0 Epoch: [3/40], Step: [641/782], Loss: 0.43223169445991516
Rank:0 Epoch: [3/40], Step: [651/782], Loss: 0.477118581533432
Rank:0 Epoch: [3/40], Step: [661/782], Loss: 0.44699034094810486
Rank:0 Epoch: [3/40], Step: [671/782], Loss: 0.5783211588859558
Rank:0 Epoch: [3/40], Step: [681/782], Loss: 0.6038318276405334
Rank:0 Epoch: [3/40], Step: [691/782], Loss: 0.7673777341842651
Rank:0 Epoch: [3/40], Step: [701/782], Loss: 0.7471948862075806
Rank:0 Epoch: [3/40], Step: [711/782], Loss: 0.5514363646507263
Rank:0 Epoch: [3/40], Step: [721/782], Loss: 0.5374656319618225
Rank:0 Epoch: [3/40], Step: [731/782], Loss: 0.8317893147468567
Rank:0 Epoch: [3/40], Step: [741/782], Loss: 0.7320278286933899
Rank:0 Epoch: [3/40], Step: [751/782], Loss: 0.6299984455108643
Rank:0 Epoch: [3/40], Step: [761/782], Loss: 0.5877646803855896
Rank:0 Epoch: [3/40], Step: [771/782], Loss: 0.6761571168899536
Rank:0 Epoch: [3/40], Step: [781/782], Loss: 0.5319201946258545
Current Test Acc: 0.7352
Rank:0 Epoch: [4/40], Step: [1/782], Loss: 0.7042050361633301
Rank:0 Epoch: [4/40], Step: [11/782], Loss: 0.6055728793144226
Rank:0 Epoch: [4/40], Step: [21/782], Loss: 0.629618227481842
Rank:0 Epoch: [4/40], Step: [31/782], Loss: 0.507657527923584
Rank:0 Epoch: [4/40], Step: [41/782], Loss: 0.5077503323554993
Rank:0 Epoch: [4/40], Step: [51/782], Loss: 0.6631985902786255
Rank:0 Epoch: [4/40], Step: [61/782], Loss: 0.5368847846984863
Rank:0 Epoch: [4/40], Step: [71/782], Loss: 0.5525771975517273
Rank:0 Epoch: [4/40], Step: [81/782], Loss: 0.5617805123329163
Rank:0 Epoch: [4/40], Step: [91/782], Loss: 0.7214710116386414
Rank:0 Epoch: [4/40], Step: [101/782], Loss: 0.5918645262718201
Rank:0 Epoch: [4/40], Step: [111/782], Loss: 0.6027094721794128
Rank:0 Epoch: [4/40], Step: [121/782], Loss: 0.4243524670600891
Rank:0 Epoch: [4/40], Step: [131/782], Loss: 0.6432969570159912
Rank:0 Epoch: [4/40], Step: [141/782], Loss: 0.4871901273727417
Rank:0 Epoch: [4/40], Step: [151/782], Loss: 0.48550546169281006
Rank:0 Epoch: [4/40], Step: [161/782], Loss: 0.6889793872833252
Rank:0 Epoch: [4/40], Step: [171/782], Loss: 0.6871539950370789
Rank:0 Epoch: [4/40], Step: [181/782], Loss: 0.8103717565536499
Rank:0 Epoch: [4/40], Step: [191/782], Loss: 0.6510400772094727
Rank:0 Epoch: [4/40], Step: [201/782], Loss: 0.7338727712631226
Rank:0 Epoch: [4/40], Step: [211/782], Loss: 0.8575507998466492
Rank:0 Epoch: [4/40], Step: [221/782], Loss: 0.5817439556121826
Rank:0 Epoch: [4/40], Step: [231/782], Loss: 0.7325628399848938
Rank:0 Epoch: [4/40], Step: [241/782], Loss: 0.3702113628387451
Rank:0 Epoch: [4/40], Step: [251/782], Loss: 0.6673198342323303
Rank:0 Epoch: [4/40], Step: [261/782], Loss: 0.5599461197853088
Rank:0 Epoch: [4/40], Step: [271/782], Loss: 0.6997269988059998
Rank:0 Epoch: [4/40], Step: [281/782], Loss: 0.5497702956199646
Rank:0 Epoch: [4/40], Step: [291/782], Loss: 0.7863781452178955
Rank:0 Epoch: [4/40], Step: [301/782], Loss: 0.824726402759552
Rank:0 Epoch: [4/40], Step: [311/782], Loss: 0.5383171439170837
Rank:0 Epoch: [4/40], Step: [321/782], Loss: 0.5552889108657837
Rank:0 Epoch: [4/40], Step: [331/782], Loss: 0.48372453451156616
Rank:0 Epoch: [4/40], Step: [341/782], Loss: 0.41750508546829224
Rank:0 Epoch: [4/40], Step: [351/782], Loss: 0.4004843831062317
Rank:0 Epoch: [4/40], Step: [361/782], Loss: 0.6253812313079834
Rank:0 Epoch: [4/40], Step: [371/782], Loss: 0.7018291354179382
Rank:0 Epoch: [4/40], Step: [381/782], Loss: 0.6296584606170654
Rank:0 Epoch: [4/40], Step: [391/782], Loss: 0.5321139097213745
Rank:0 Epoch: [4/40], Step: [401/782], Loss: 0.7207725644111633
Rank:0 Epoch: [4/40], Step: [411/782], Loss: 0.6171766519546509
Rank:0 Epoch: [4/40], Step: [421/782], Loss: 0.4669928550720215
Rank:0 Epoch: [4/40], Step: [431/782], Loss: 0.6769411563873291
Rank:0 Epoch: [4/40], Step: [441/782], Loss: 0.8481572866439819
Rank:0 Epoch: [4/40], Step: [451/782], Loss: 0.6683174967765808
Rank:0 Epoch: [4/40], Step: [461/782], Loss: 0.5274854898452759
Rank:0 Epoch: [4/40], Step: [471/782], Loss: 0.7088366150856018
Rank:0 Epoch: [4/40], Step: [481/782], Loss: 0.8738710284233093
Rank:0 Epoch: [4/40], Step: [491/782], Loss: 0.40577858686447144
Rank:0 Epoch: [4/40], Step: [501/782], Loss: 0.6332294940948486
Rank:0 Epoch: [4/40], Step: [511/782], Loss: 0.4995766878128052
Rank:0 Epoch: [4/40], Step: [521/782], Loss: 0.593991219997406
Rank:0 Epoch: [4/40], Step: [531/782], Loss: 0.7534326314926147
Rank:0 Epoch: [4/40], Step: [541/782], Loss: 0.5870227217674255
Rank:0 Epoch: [4/40], Step: [551/782], Loss: 0.781596839427948
Rank:0 Epoch: [4/40], Step: [561/782], Loss: 0.6265822052955627
Rank:0 Epoch: [4/40], Step: [571/782], Loss: 0.5565339922904968
Rank:0 Epoch: [4/40], Step: [581/782], Loss: 0.47355392575263977
Rank:0 Epoch: [4/40], Step: [591/782], Loss: 0.3675711154937744
Rank:0 Epoch: [4/40], Step: [601/782], Loss: 0.6279801726341248
Rank:0 Epoch: [4/40], Step: [611/782], Loss: 0.4349285364151001
Rank:0 Epoch: [4/40], Step: [621/782], Loss: 0.4447784125804901
Rank:0 Epoch: [4/40], Step: [631/782], Loss: 0.8787878155708313
Rank:0 Epoch: [4/40], Step: [641/782], Loss: 0.5027890801429749
Rank:0 Epoch: [4/40], Step: [651/782], Loss: 0.495225191116333
Rank:0 Epoch: [4/40], Step: [661/782], Loss: 0.5703372955322266
Rank:0 Epoch: [4/40], Step: [671/782], Loss: 0.45575767755508423
Rank:0 Epoch: [4/40], Step: [681/782], Loss: 0.6504494547843933
Rank:0 Epoch: [4/40], Step: [691/782], Loss: 0.6249585151672363
Rank:0 Epoch: [4/40], Step: [701/782], Loss: 0.5917282104492188
Rank:0 Epoch: [4/40], Step: [711/782], Loss: 0.48042377829551697
Rank:0 Epoch: [4/40], Step: [721/782], Loss: 0.43504226207733154
Rank:0 Epoch: [4/40], Step: [731/782], Loss: 0.4446337819099426
Rank:0 Epoch: [4/40], Step: [741/782], Loss: 0.6136241555213928
Rank:0 Epoch: [4/40], Step: [751/782], Loss: 0.4915936589241028
Rank:0 Epoch: [4/40], Step: [761/782], Loss: 0.5320965647697449
Rank:0 Epoch: [4/40], Step: [771/782], Loss: 0.682130753993988
Rank:0 Epoch: [4/40], Step: [781/782], Loss: 0.5368245244026184
Current Test Acc: 0.7818
Rank:0 Epoch: [5/40], Step: [1/782], Loss: 0.6008141040802002
Rank:0 Epoch: [5/40], Step: [11/782], Loss: 0.732477068901062
Rank:0 Epoch: [5/40], Step: [21/782], Loss: 0.4948464035987854
Rank:0 Epoch: [5/40], Step: [31/782], Loss: 0.6028254628181458
Rank:0 Epoch: [5/40], Step: [41/782], Loss: 0.38686949014663696
Rank:0 Epoch: [5/40], Step: [51/782], Loss: 0.5325466990470886
Rank:0 Epoch: [5/40], Step: [61/782], Loss: 0.5699626207351685
Rank:0 Epoch: [5/40], Step: [71/782], Loss: 0.6858681440353394
Rank:0 Epoch: [5/40], Step: [81/782], Loss: 0.4256093502044678
Rank:0 Epoch: [5/40], Step: [91/782], Loss: 0.5710980296134949
Rank:0 Epoch: [5/40], Step: [101/782], Loss: 0.6315597295761108
Rank:0 Epoch: [5/40], Step: [111/782], Loss: 0.4927528202533722
Rank:0 Epoch: [5/40], Step: [121/782], Loss: 0.3960031270980835
Rank:0 Epoch: [5/40], Step: [131/782], Loss: 0.4752533733844757
Rank:0 Epoch: [5/40], Step: [141/782], Loss: 0.4932890832424164
Rank:0 Epoch: [5/40], Step: [151/782], Loss: 0.49816855788230896
Rank:0 Epoch: [5/40], Step: [161/782], Loss: 0.5809439420700073
Rank:0 Epoch: [5/40], Step: [171/782], Loss: 0.5268451571464539
Rank:0 Epoch: [5/40], Step: [181/782], Loss: 0.4249403178691864
Rank:0 Epoch: [5/40], Step: [191/782], Loss: 0.4996923804283142
Rank:0 Epoch: [5/40], Step: [201/782], Loss: 0.6050491333007812
Rank:0 Epoch: [5/40], Step: [211/782], Loss: 0.3494035601615906
Rank:0 Epoch: [5/40], Step: [221/782], Loss: 0.5118154883384705
Rank:0 Epoch: [5/40], Step: [231/782], Loss: 0.4723494052886963
Rank:0 Epoch: [5/40], Step: [241/782], Loss: 0.5043951272964478
Rank:0 Epoch: [5/40], Step: [251/782], Loss: 0.509239912033081
Rank:0 Epoch: [5/40], Step: [261/782], Loss: 0.660697340965271
Rank:0 Epoch: [5/40], Step: [271/782], Loss: 0.3482789695262909
Rank:0 Epoch: [5/40], Step: [281/782], Loss: 0.6980648636817932
Rank:0 Epoch: [5/40], Step: [291/782], Loss: 0.4575778543949127
Rank:0 Epoch: [5/40], Step: [301/782], Loss: 0.6645838022232056
Rank:0 Epoch: [5/40], Step: [311/782], Loss: 0.5767942667007446
Rank:0 Epoch: [5/40], Step: [321/782], Loss: 0.45730483531951904
Rank:0 Epoch: [5/40], Step: [331/782], Loss: 0.4011392891407013
Rank:0 Epoch: [5/40], Step: [341/782], Loss: 0.655561625957489
Rank:0 Epoch: [5/40], Step: [351/782], Loss: 0.4593307375907898
Rank:0 Epoch: [5/40], Step: [361/782], Loss: 0.6281640529632568
Rank:0 Epoch: [5/40], Step: [371/782], Loss: 0.7838204503059387
Rank:0 Epoch: [5/40], Step: [381/782], Loss: 0.43188777565956116
Rank:0 Epoch: [5/40], Step: [391/782], Loss: 0.4238947331905365
Rank:0 Epoch: [5/40], Step: [401/782], Loss: 0.5367385745048523
Rank:0 Epoch: [5/40], Step: [411/782], Loss: 0.5553380250930786
Rank:0 Epoch: [5/40], Step: [421/782], Loss: 0.5681719779968262
Rank:0 Epoch: [5/40], Step: [431/782], Loss: 0.5153192281723022
Rank:0 Epoch: [5/40], Step: [441/782], Loss: 0.5043405294418335
Rank:0 Epoch: [5/40], Step: [451/782], Loss: 0.7294111251831055
Rank:0 Epoch: [5/40], Step: [461/782], Loss: 0.44386380910873413
Rank:0 Epoch: [5/40], Step: [471/782], Loss: 0.6860485672950745
Rank:0 Epoch: [5/40], Step: [481/782], Loss: 0.5903154015541077
Rank:0 Epoch: [5/40], Step: [491/782], Loss: 0.5848726630210876
Rank:0 Epoch: [5/40], Step: [501/782], Loss: 0.5666463971138
Rank:0 Epoch: [5/40], Step: [511/782], Loss: 0.5052379965782166
Rank:0 Epoch: [5/40], Step: [521/782], Loss: 0.5463865399360657
Rank:0 Epoch: [5/40], Step: [531/782], Loss: 0.4820403754711151
Rank:0 Epoch: [5/40], Step: [541/782], Loss: 0.8134746551513672
Rank:0 Epoch: [5/40], Step: [551/782], Loss: 0.5980979204177856
Rank:0 Epoch: [5/40], Step: [561/782], Loss: 0.5526732206344604
Rank:0 Epoch: [5/40], Step: [571/782], Loss: 0.4557551443576813
Rank:0 Epoch: [5/40], Step: [581/782], Loss: 0.46920105814933777
Rank:0 Epoch: [5/40], Step: [591/782], Loss: 0.5785846710205078
Rank:0 Epoch: [5/40], Step: [601/782], Loss: 0.41027748584747314
Rank:0 Epoch: [5/40], Step: [611/782], Loss: 0.5775881409645081
Rank:0 Epoch: [5/40], Step: [621/782], Loss: 0.4955807626247406
Rank:0 Epoch: [5/40], Step: [631/782], Loss: 0.6183671951293945
Rank:0 Epoch: [5/40], Step: [641/782], Loss: 0.5124358534812927
Rank:0 Epoch: [5/40], Step: [651/782], Loss: 0.45698174834251404
Rank:0 Epoch: [5/40], Step: [661/782], Loss: 0.5974277853965759
Rank:0 Epoch: [5/40], Step: [671/782], Loss: 0.7722793221473694
Rank:0 Epoch: [5/40], Step: [681/782], Loss: 0.39199328422546387
Rank:0 Epoch: [5/40], Step: [691/782], Loss: 0.39998292922973633
Rank:0 Epoch: [5/40], Step: [701/782], Loss: 0.6176310777664185
Rank:0 Epoch: [5/40], Step: [711/782], Loss: 0.467326819896698
Rank:0 Epoch: [5/40], Step: [721/782], Loss: 0.5764386653900146
Rank:0 Epoch: [5/40], Step: [731/782], Loss: 0.5745664834976196
Rank:0 Epoch: [5/40], Step: [741/782], Loss: 0.5632476806640625
Rank:0 Epoch: [5/40], Step: [751/782], Loss: 0.4648153483867645
Rank:0 Epoch: [5/40], Step: [761/782], Loss: 0.29012128710746765
Rank:0 Epoch: [5/40], Step: [771/782], Loss: 0.4713328182697296
Rank:0 Epoch: [5/40], Step: [781/782], Loss: 0.5748477578163147
Current Test Acc: 0.8056
Rank:0 Epoch: [6/40], Step: [1/782], Loss: 0.46465855836868286
Rank:0 Epoch: [6/40], Step: [11/782], Loss: 0.4942261874675751
Rank:0 Epoch: [6/40], Step: [21/782], Loss: 0.35836803913116455
Rank:0 Epoch: [6/40], Step: [31/782], Loss: 0.4818888008594513
Rank:0 Epoch: [6/40], Step: [41/782], Loss: 0.4470689296722412
Rank:0 Epoch: [6/40], Step: [51/782], Loss: 0.25804007053375244
Rank:0 Epoch: [6/40], Step: [61/782], Loss: 0.38585877418518066
Rank:0 Epoch: [6/40], Step: [71/782], Loss: 0.306098073720932
Rank:0 Epoch: [6/40], Step: [81/782], Loss: 0.6764439344406128
Rank:0 Epoch: [6/40], Step: [91/782], Loss: 0.611047625541687
Rank:0 Epoch: [6/40], Step: [101/782], Loss: 0.5901040434837341
Rank:0 Epoch: [6/40], Step: [111/782], Loss: 0.4644986391067505
Rank:0 Epoch: [6/40], Step: [121/782], Loss: 0.5201318264007568
Rank:0 Epoch: [6/40], Step: [131/782], Loss: 0.6459393501281738
Rank:0 Epoch: [6/40], Step: [141/782], Loss: 0.3165787160396576
Rank:0 Epoch: [6/40], Step: [151/782], Loss: 0.3447089195251465
Rank:0 Epoch: [6/40], Step: [161/782], Loss: 0.5135065317153931
Rank:0 Epoch: [6/40], Step: [171/782], Loss: 0.6215985417366028
Rank:0 Epoch: [6/40], Step: [181/782], Loss: 0.5254500508308411
Rank:0 Epoch: [6/40], Step: [191/782], Loss: 0.6059594750404358
Rank:0 Epoch: [6/40], Step: [201/782], Loss: 0.6862406730651855
Rank:0 Epoch: [6/40], Step: [211/782], Loss: 0.5959888696670532
Rank:0 Epoch: [6/40], Step: [221/782], Loss: 0.30205556750297546
Rank:0 Epoch: [6/40], Step: [231/782], Loss: 0.7839920520782471
Rank:0 Epoch: [6/40], Step: [241/782], Loss: 0.46826478838920593
Rank:0 Epoch: [6/40], Step: [251/782], Loss: 0.6539289951324463
Rank:0 Epoch: [6/40], Step: [261/782], Loss: 0.5138037800788879
Rank:0 Epoch: [6/40], Step: [271/782], Loss: 0.5531551241874695
Rank:0 Epoch: [6/40], Step: [281/782], Loss: 0.5040827989578247
Rank:0 Epoch: [6/40], Step: [291/782], Loss: 0.5543152093887329
Rank:0 Epoch: [6/40], Step: [301/782], Loss: 0.45610710978507996
Rank:0 Epoch: [6/40], Step: [311/782], Loss: 0.39131149649620056
Rank:0 Epoch: [6/40], Step: [321/782], Loss: 0.3483775556087494
Rank:0 Epoch: [6/40], Step: [331/782], Loss: 0.26980847120285034
Rank:0 Epoch: [6/40], Step: [341/782], Loss: 0.32990458607673645
Rank:0 Epoch: [6/40], Step: [351/782], Loss: 0.4622688889503479
Rank:0 Epoch: [6/40], Step: [361/782], Loss: 0.5011217594146729
Rank:0 Epoch: [6/40], Step: [371/782], Loss: 0.5919914841651917
Rank:0 Epoch: [6/40], Step: [381/782], Loss: 0.41850271821022034
Rank:0 Epoch: [6/40], Step: [391/782], Loss: 0.6940970420837402
Rank:0 Epoch: [6/40], Step: [401/782], Loss: 0.5933406949043274
Rank:0 Epoch: [6/40], Step: [411/782], Loss: 0.41438743472099304
Rank:0 Epoch: [6/40], Step: [421/782], Loss: 0.442365825176239
Rank:0 Epoch: [6/40], Step: [431/782], Loss: 0.4019898772239685
Rank:0 Epoch: [6/40], Step: [441/782], Loss: 0.5183666944503784
Rank:0 Epoch: [6/40], Step: [451/782], Loss: 0.5450150966644287
Rank:0 Epoch: [6/40], Step: [461/782], Loss: 0.7474619746208191
Rank:0 Epoch: [6/40], Step: [471/782], Loss: 0.4502561688423157
Rank:0 Epoch: [6/40], Step: [481/782], Loss: 0.6221706867218018
Rank:0 Epoch: [6/40], Step: [491/782], Loss: 0.46402978897094727
Rank:0 Epoch: [6/40], Step: [501/782], Loss: 0.7396681308746338
Rank:0 Epoch: [6/40], Step: [511/782], Loss: 0.5328976511955261
Rank:0 Epoch: [6/40], Step: [521/782], Loss: 0.3239230215549469
Rank:0 Epoch: [6/40], Step: [531/782], Loss: 0.5185938477516174
Rank:0 Epoch: [6/40], Step: [541/782], Loss: 0.6837155818939209
Rank:0 Epoch: [6/40], Step: [551/782], Loss: 0.6342793703079224
Rank:0 Epoch: [6/40], Step: [561/782], Loss: 0.5169097185134888
Rank:0 Epoch: [6/40], Step: [571/782], Loss: 0.5055269002914429
Rank:0 Epoch: [6/40], Step: [581/782], Loss: 0.5628792643547058
Rank:0 Epoch: [6/40], Step: [591/782], Loss: 0.37052133679389954
Rank:0 Epoch: [6/40], Step: [601/782], Loss: 0.3732122778892517
Rank:0 Epoch: [6/40], Step: [611/782], Loss: 0.4525078535079956
Rank:0 Epoch: [6/40], Step: [621/782], Loss: 0.4563090205192566
Rank:0 Epoch: [6/40], Step: [631/782], Loss: 0.5317850112915039
Rank:0 Epoch: [6/40], Step: [641/782], Loss: 0.47046151757240295
Rank:0 Epoch: [6/40], Step: [651/782], Loss: 0.5026494860649109
Rank:0 Epoch: [6/40], Step: [661/782], Loss: 0.5922082662582397
Rank:0 Epoch: [6/40], Step: [671/782], Loss: 0.4386047422885895
Rank:0 Epoch: [6/40], Step: [681/782], Loss: 0.5571134686470032
Rank:0 Epoch: [6/40], Step: [691/782], Loss: 0.5865569114685059
Rank:0 Epoch: [6/40], Step: [701/782], Loss: 0.5814327001571655
Rank:0 Epoch: [6/40], Step: [711/782], Loss: 0.5475796461105347
Rank:0 Epoch: [6/40], Step: [721/782], Loss: 0.3929814398288727
Rank:0 Epoch: [6/40], Step: [731/782], Loss: 0.6285207271575928
Rank:0 Epoch: [6/40], Step: [741/782], Loss: 0.6692122220993042
Rank:0 Epoch: [6/40], Step: [751/782], Loss: 0.31576624512672424
Rank:0 Epoch: [6/40], Step: [761/782], Loss: 0.45879805088043213
Rank:0 Epoch: [6/40], Step: [771/782], Loss: 0.4763518273830414
Rank:0 Epoch: [6/40], Step: [781/782], Loss: 0.48034554719924927
Current Test Acc: 0.7985
Rank:0 Epoch: [7/40], Step: [1/782], Loss: 0.3896335959434509
Rank:0 Epoch: [7/40], Step: [11/782], Loss: 0.4418924152851105
Rank:0 Epoch: [7/40], Step: [21/782], Loss: 0.5209034085273743
Rank:0 Epoch: [7/40], Step: [31/782], Loss: 0.406185507774353
Rank:0 Epoch: [7/40], Step: [41/782], Loss: 0.6029398441314697
Rank:0 Epoch: [7/40], Step: [51/782], Loss: 0.4954128563404083
Rank:0 Epoch: [7/40], Step: [61/782], Loss: 0.34240904450416565
Rank:0 Epoch: [7/40], Step: [71/782], Loss: 0.4632646143436432
Rank:0 Epoch: [7/40], Step: [81/782], Loss: 0.5284973978996277
Rank:0 Epoch: [7/40], Step: [91/782], Loss: 0.5040850043296814
Rank:0 Epoch: [7/40], Step: [101/782], Loss: 0.56494140625
Rank:0 Epoch: [7/40], Step: [111/782], Loss: 0.5730055570602417
Rank:0 Epoch: [7/40], Step: [121/782], Loss: 0.6971514821052551
Rank:0 Epoch: [7/40], Step: [131/782], Loss: 0.5628578662872314
Rank:0 Epoch: [7/40], Step: [141/782], Loss: 0.4972553551197052
Rank:0 Epoch: [7/40], Step: [151/782], Loss: 0.3892502188682556
Rank:0 Epoch: [7/40], Step: [161/782], Loss: 0.31965452432632446
Rank:0 Epoch: [7/40], Step: [171/782], Loss: 0.519494891166687
Rank:0 Epoch: [7/40], Step: [181/782], Loss: 0.36120733618736267
Rank:0 Epoch: [7/40], Step: [191/782], Loss: 0.45457619428634644
Rank:0 Epoch: [7/40], Step: [201/782], Loss: 0.34952211380004883
Rank:0 Epoch: [7/40], Step: [211/782], Loss: 0.45151758193969727
Rank:0 Epoch: [7/40], Step: [221/782], Loss: 0.6332124471664429
Rank:0 Epoch: [7/40], Step: [231/782], Loss: 0.49592897295951843
Rank:0 Epoch: [7/40], Step: [241/782], Loss: 0.5387105941772461
Rank:0 Epoch: [7/40], Step: [251/782], Loss: 0.4602215886116028
Rank:0 Epoch: [7/40], Step: [261/782], Loss: 0.5913782119750977
Rank:0 Epoch: [7/40], Step: [271/782], Loss: 0.7834528684616089
Rank:0 Epoch: [7/40], Step: [281/782], Loss: 0.3697678744792938
Rank:0 Epoch: [7/40], Step: [291/782], Loss: 0.6544356942176819
Rank:0 Epoch: [7/40], Step: [301/782], Loss: 0.5486757755279541
Rank:0 Epoch: [7/40], Step: [311/782], Loss: 0.8076837062835693
Rank:0 Epoch: [7/40], Step: [321/782], Loss: 0.4283660650253296
Rank:0 Epoch: [7/40], Step: [331/782], Loss: 0.38193008303642273
Rank:0 Epoch: [7/40], Step: [341/782], Loss: 0.7419797778129578
Rank:0 Epoch: [7/40], Step: [351/782], Loss: 0.335130512714386
Rank:0 Epoch: [7/40], Step: [361/782], Loss: 0.33134883642196655
Rank:0 Epoch: [7/40], Step: [371/782], Loss: 0.7041102051734924
Rank:0 Epoch: [7/40], Step: [381/782], Loss: 0.3958419859409332
Rank:0 Epoch: [7/40], Step: [391/782], Loss: 0.5406976938247681
Rank:0 Epoch: [7/40], Step: [401/782], Loss: 0.601524293422699
Rank:0 Epoch: [7/40], Step: [411/782], Loss: 0.6463313698768616
Rank:0 Epoch: [7/40], Step: [421/782], Loss: 0.44345223903656006
Rank:0 Epoch: [7/40], Step: [431/782], Loss: 0.38300055265426636
Rank:0 Epoch: [7/40], Step: [441/782], Loss: 0.3458493649959564
Rank:0 Epoch: [7/40], Step: [451/782], Loss: 0.37761715054512024
Rank:0 Epoch: [7/40], Step: [461/782], Loss: 0.503862738609314
Rank:0 Epoch: [7/40], Step: [471/782], Loss: 0.5312141180038452
Rank:0 Epoch: [7/40], Step: [481/782], Loss: 0.6060490608215332
Rank:0 Epoch: [7/40], Step: [491/782], Loss: 0.4952314496040344
Rank:0 Epoch: [7/40], Step: [501/782], Loss: 0.4682864844799042
Rank:0 Epoch: [7/40], Step: [511/782], Loss: 0.4373941719532013
Rank:0 Epoch: [7/40], Step: [521/782], Loss: 0.5325095653533936
Rank:0 Epoch: [7/40], Step: [531/782], Loss: 0.32389017939567566
Rank:0 Epoch: [7/40], Step: [541/782], Loss: 0.32717984914779663
Rank:0 Epoch: [7/40], Step: [551/782], Loss: 0.5938654541969299
Rank:0 Epoch: [7/40], Step: [561/782], Loss: 0.5043144226074219
Rank:0 Epoch: [7/40], Step: [571/782], Loss: 0.586965799331665
Rank:0 Epoch: [7/40], Step: [581/782], Loss: 0.6751372218132019
Rank:0 Epoch: [7/40], Step: [591/782], Loss: 0.4518291652202606
Rank:0 Epoch: [7/40], Step: [601/782], Loss: 0.6030983924865723
Rank:0 Epoch: [7/40], Step: [611/782], Loss: 0.4782695174217224
Rank:0 Epoch: [7/40], Step: [621/782], Loss: 0.5918072462081909
Rank:0 Epoch: [7/40], Step: [631/782], Loss: 0.5274032354354858
Rank:0 Epoch: [7/40], Step: [641/782], Loss: 0.5252833366394043
Rank:0 Epoch: [7/40], Step: [651/782], Loss: 0.5157952308654785
Rank:0 Epoch: [7/40], Step: [661/782], Loss: 0.4409419596195221
Rank:0 Epoch: [7/40], Step: [671/782], Loss: 0.38484957814216614
Rank:0 Epoch: [7/40], Step: [681/782], Loss: 0.40863487124443054
Rank:0 Epoch: [7/40], Step: [691/782], Loss: 0.6222160458564758
Rank:0 Epoch: [7/40], Step: [701/782], Loss: 0.39459115266799927
Rank:0 Epoch: [7/40], Step: [711/782], Loss: 0.46112534403800964
Rank:0 Epoch: [7/40], Step: [721/782], Loss: 0.3808973431587219
Rank:0 Epoch: [7/40], Step: [731/782], Loss: 0.4559361934661865
Rank:0 Epoch: [7/40], Step: [741/782], Loss: 0.7637040615081787
Rank:0 Epoch: [7/40], Step: [751/782], Loss: 0.3589170575141907
Rank:0 Epoch: [7/40], Step: [761/782], Loss: 0.42607828974723816
Rank:0 Epoch: [7/40], Step: [771/782], Loss: 0.3456138074398041
Rank:0 Epoch: [7/40], Step: [781/782], Loss: 0.5508937835693359
Current Test Acc: 0.7846
Rank:0 Epoch: [8/40], Step: [1/782], Loss: 0.6157995462417603
Rank:0 Epoch: [8/40], Step: [11/782], Loss: 0.5808799862861633
Rank:0 Epoch: [8/40], Step: [21/782], Loss: 0.6040424108505249
Rank:0 Epoch: [8/40], Step: [31/782], Loss: 0.5200338363647461
Rank:0 Epoch: [8/40], Step: [41/782], Loss: 0.5075976252555847
Rank:0 Epoch: [8/40], Step: [51/782], Loss: 0.2541721761226654
Rank:0 Epoch: [8/40], Step: [61/782], Loss: 0.3712715804576874
Rank:0 Epoch: [8/40], Step: [71/782], Loss: 0.48369553685188293
Rank:0 Epoch: [8/40], Step: [81/782], Loss: 0.39040812849998474
Rank:0 Epoch: [8/40], Step: [91/782], Loss: 0.47994038462638855
Rank:0 Epoch: [8/40], Step: [101/782], Loss: 0.4525344967842102
Rank:0 Epoch: [8/40], Step: [111/782], Loss: 0.4642868638038635
Rank:0 Epoch: [8/40], Step: [121/782], Loss: 0.2891179323196411
Rank:0 Epoch: [8/40], Step: [131/782], Loss: 0.4770941734313965
Rank:0 Epoch: [8/40], Step: [141/782], Loss: 0.7543302178382874
Rank:0 Epoch: [8/40], Step: [151/782], Loss: 0.5093827247619629
Rank:0 Epoch: [8/40], Step: [161/782], Loss: 0.5609238743782043
Rank:0 Epoch: [8/40], Step: [171/782], Loss: 0.4072555899620056
Rank:0 Epoch: [8/40], Step: [181/782], Loss: 0.4704587161540985
Rank:0 Epoch: [8/40], Step: [191/782], Loss: 0.3232668340206146
Rank:0 Epoch: [8/40], Step: [201/782], Loss: 0.6114292144775391
Rank:0 Epoch: [8/40], Step: [211/782], Loss: 0.5937570929527283
Rank:0 Epoch: [8/40], Step: [221/782], Loss: 0.3365841209888458
Rank:0 Epoch: [8/40], Step: [231/782], Loss: 0.4568451941013336
Rank:0 Epoch: [8/40], Step: [241/782], Loss: 0.5343107581138611
Rank:0 Epoch: [8/40], Step: [251/782], Loss: 0.5941739678382874
Rank:0 Epoch: [8/40], Step: [261/782], Loss: 0.37830832600593567
Rank:0 Epoch: [8/40], Step: [271/782], Loss: 0.5908886790275574
Rank:0 Epoch: [8/40], Step: [281/782], Loss: 0.5032071471214294
Rank:0 Epoch: [8/40], Step: [291/782], Loss: 0.5162954330444336
Rank:0 Epoch: [8/40], Step: [301/782], Loss: 0.3200330436229706
Rank:0 Epoch: [8/40], Step: [311/782], Loss: 0.3059748709201813
Rank:0 Epoch: [8/40], Step: [321/782], Loss: 0.3585257828235626
Rank:0 Epoch: [8/40], Step: [331/782], Loss: 0.37509220838546753
Rank:0 Epoch: [8/40], Step: [341/782], Loss: 0.5689204335212708
Rank:0 Epoch: [8/40], Step: [351/782], Loss: 0.4331650137901306
Rank:0 Epoch: [8/40], Step: [361/782], Loss: 0.3382730484008789
Rank:0 Epoch: [8/40], Step: [371/782], Loss: 0.5526528358459473
Rank:0 Epoch: [8/40], Step: [381/782], Loss: 0.48807492852211
Rank:0 Epoch: [8/40], Step: [391/782], Loss: 0.4764919877052307
Rank:0 Epoch: [8/40], Step: [401/782], Loss: 0.481395959854126
Rank:0 Epoch: [8/40], Step: [411/782], Loss: 0.4736844599246979
Rank:0 Epoch: [8/40], Step: [421/782], Loss: 0.3140566945075989
Rank:0 Epoch: [8/40], Step: [431/782], Loss: 0.41717544198036194
Rank:0 Epoch: [8/40], Step: [441/782], Loss: 0.4190700352191925
Rank:0 Epoch: [8/40], Step: [451/782], Loss: 0.5330811142921448
Rank:0 Epoch: [8/40], Step: [461/782], Loss: 0.5376990437507629
Rank:0 Epoch: [8/40], Step: [471/782], Loss: 0.47623777389526367
Rank:0 Epoch: [8/40], Step: [481/782], Loss: 0.6907481551170349
Rank:0 Epoch: [8/40], Step: [491/782], Loss: 0.31088006496429443
Rank:0 Epoch: [8/40], Step: [501/782], Loss: 0.5548961758613586
Rank:0 Epoch: [8/40], Step: [511/782], Loss: 0.30549681186676025
Rank:0 Epoch: [8/40], Step: [521/782], Loss: 0.5552883148193359
Rank:0 Epoch: [8/40], Step: [531/782], Loss: 0.7654519081115723
Rank:0 Epoch: [8/40], Step: [541/782], Loss: 0.41777321696281433
Rank:0 Epoch: [8/40], Step: [551/782], Loss: 0.31791794300079346
Rank:0 Epoch: [8/40], Step: [561/782], Loss: 0.4519246518611908
Rank:0 Epoch: [8/40], Step: [571/782], Loss: 0.45474863052368164
Rank:0 Epoch: [8/40], Step: [581/782], Loss: 0.3702108561992645
Rank:0 Epoch: [8/40], Step: [591/782], Loss: 0.5348193049430847
Rank:0 Epoch: [8/40], Step: [601/782], Loss: 0.48136261105537415
Rank:0 Epoch: [8/40], Step: [611/782], Loss: 0.3682960271835327
Rank:0 Epoch: [8/40], Step: [621/782], Loss: 0.33680620789527893
Rank:0 Epoch: [8/40], Step: [631/782], Loss: 0.4007796347141266
Rank:0 Epoch: [8/40], Step: [641/782], Loss: 0.49770963191986084
Rank:0 Epoch: [8/40], Step: [651/782], Loss: 0.487667977809906
Rank:0 Epoch: [8/40], Step: [661/782], Loss: 0.40116068720817566
Rank:0 Epoch: [8/40], Step: [671/782], Loss: 0.4510708451271057
Rank:0 Epoch: [8/40], Step: [681/782], Loss: 0.4476647675037384
Rank:0 Epoch: [8/40], Step: [691/782], Loss: 0.593156635761261
Rank:0 Epoch: [8/40], Step: [701/782], Loss: 0.7441663146018982
Rank:0 Epoch: [8/40], Step: [711/782], Loss: 0.41980209946632385
Rank:0 Epoch: [8/40], Step: [721/782], Loss: 0.5268966555595398
Rank:0 Epoch: [8/40], Step: [731/782], Loss: 0.39844241738319397
Rank:0 Epoch: [8/40], Step: [741/782], Loss: 0.524813175201416
Rank:0 Epoch: [8/40], Step: [751/782], Loss: 0.21752522885799408
Rank:0 Epoch: [8/40], Step: [761/782], Loss: 0.4722694456577301
Rank:0 Epoch: [8/40], Step: [771/782], Loss: 0.4175609350204468
Rank:0 Epoch: [8/40], Step: [781/782], Loss: 0.36117279529571533
Current Test Acc: 0.8173
Rank:0 Epoch: [9/40], Step: [1/782], Loss: 0.3573835790157318
Rank:0 Epoch: [9/40], Step: [11/782], Loss: 0.36228108406066895
Rank:0 Epoch: [9/40], Step: [21/782], Loss: 0.21662546694278717
Rank:0 Epoch: [9/40], Step: [31/782], Loss: 0.6182397603988647
Rank:0 Epoch: [9/40], Step: [41/782], Loss: 0.39337849617004395
Rank:0 Epoch: [9/40], Step: [51/782], Loss: 0.37915393710136414
Rank:0 Epoch: [9/40], Step: [61/782], Loss: 0.3719036281108856
Rank:0 Epoch: [9/40], Step: [71/782], Loss: 0.5039774775505066
Rank:0 Epoch: [9/40], Step: [81/782], Loss: 0.4304157793521881
Rank:0 Epoch: [9/40], Step: [91/782], Loss: 0.5598975419998169
Rank:0 Epoch: [9/40], Step: [101/782], Loss: 0.2631846070289612
Rank:0 Epoch: [9/40], Step: [111/782], Loss: 0.5098959803581238
Rank:0 Epoch: [9/40], Step: [121/782], Loss: 0.4074331223964691
Rank:0 Epoch: [9/40], Step: [131/782], Loss: 0.5326500535011292
Rank:0 Epoch: [9/40], Step: [141/782], Loss: 0.3461952209472656
Rank:0 Epoch: [9/40], Step: [151/782], Loss: 0.3049527704715729
Rank:0 Epoch: [9/40], Step: [161/782], Loss: 0.30944356322288513
Rank:0 Epoch: [9/40], Step: [171/782], Loss: 0.4449527859687805
Rank:0 Epoch: [9/40], Step: [181/782], Loss: 0.4298859238624573
Rank:0 Epoch: [9/40], Step: [191/782], Loss: 0.31478118896484375
Rank:0 Epoch: [9/40], Step: [201/782], Loss: 0.5374621748924255
Rank:0 Epoch: [9/40], Step: [211/782], Loss: 0.4635363519191742
Rank:0 Epoch: [9/40], Step: [221/782], Loss: 0.39337995648384094
Rank:0 Epoch: [9/40], Step: [231/782], Loss: 0.34330248832702637
Rank:0 Epoch: [9/40], Step: [241/782], Loss: 0.3979113698005676
Rank:0 Epoch: [9/40], Step: [251/782], Loss: 0.4176813066005707
Rank:0 Epoch: [9/40], Step: [261/782], Loss: 0.33914628624916077
Rank:0 Epoch: [9/40], Step: [271/782], Loss: 0.5537547469139099
Rank:0 Epoch: [9/40], Step: [281/782], Loss: 0.5678566098213196
Rank:0 Epoch: [9/40], Step: [291/782], Loss: 0.30094337463378906
Rank:0 Epoch: [9/40], Step: [301/782], Loss: 0.38192126154899597
Rank:0 Epoch: [9/40], Step: [311/782], Loss: 0.46868956089019775
Rank:0 Epoch: [9/40], Step: [321/782], Loss: 0.2942071557044983
Rank:0 Epoch: [9/40], Step: [331/782], Loss: 0.5274297595024109
Rank:0 Epoch: [9/40], Step: [341/782], Loss: 0.5283734202384949
Rank:0 Epoch: [9/40], Step: [351/782], Loss: 0.4365540146827698
Rank:0 Epoch: [9/40], Step: [361/782], Loss: 0.5974386930465698
Rank:0 Epoch: [9/40], Step: [371/782], Loss: 0.22051601111888885
Rank:0 Epoch: [9/40], Step: [381/782], Loss: 0.5210726857185364
Rank:0 Epoch: [9/40], Step: [391/782], Loss: 0.3704409897327423
Rank:0 Epoch: [9/40], Step: [401/782], Loss: 0.21012426912784576
Rank:0 Epoch: [9/40], Step: [411/782], Loss: 0.2671358585357666
Rank:0 Epoch: [9/40], Step: [421/782], Loss: 0.5389842391014099
Rank:0 Epoch: [9/40], Step: [431/782], Loss: 0.4551229476928711
Rank:0 Epoch: [9/40], Step: [441/782], Loss: 0.5043938159942627
Rank:0 Epoch: [9/40], Step: [451/782], Loss: 0.332134485244751
Rank:0 Epoch: [9/40], Step: [461/782], Loss: 0.5933161973953247
Rank:0 Epoch: [9/40], Step: [471/782], Loss: 0.3183000981807709
Rank:0 Epoch: [9/40], Step: [481/782], Loss: 0.44340676069259644
Rank:0 Epoch: [9/40], Step: [491/782], Loss: 0.5568142533302307
Rank:0 Epoch: [9/40], Step: [501/782], Loss: 0.2609197795391083
Rank:0 Epoch: [9/40], Step: [511/782], Loss: 0.37758612632751465
Rank:0 Epoch: [9/40], Step: [521/782], Loss: 0.3670925498008728
Rank:0 Epoch: [9/40], Step: [531/782], Loss: 0.5590454339981079
Rank:0 Epoch: [9/40], Step: [541/782], Loss: 0.5029287934303284
Rank:0 Epoch: [9/40], Step: [551/782], Loss: 0.42436090111732483
Rank:0 Epoch: [9/40], Step: [561/782], Loss: 0.4758228659629822
Rank:0 Epoch: [9/40], Step: [571/782], Loss: 0.41114917397499084
Rank:0 Epoch: [9/40], Step: [581/782], Loss: 0.5549328923225403
Rank:0 Epoch: [9/40], Step: [591/782], Loss: 0.3684542179107666
Rank:0 Epoch: [9/40], Step: [601/782], Loss: 0.43172505497932434
Rank:0 Epoch: [9/40], Step: [611/782], Loss: 0.5190839171409607
Rank:0 Epoch: [9/40], Step: [621/782], Loss: 0.44750523567199707
Rank:0 Epoch: [9/40], Step: [631/782], Loss: 0.539536714553833
Rank:0 Epoch: [9/40], Step: [641/782], Loss: 0.3669148087501526
Rank:0 Epoch: [9/40], Step: [651/782], Loss: 0.4128892719745636
Rank:0 Epoch: [9/40], Step: [661/782], Loss: 0.40793514251708984
Rank:0 Epoch: [9/40], Step: [671/782], Loss: 0.41040363907814026
Rank:0 Epoch: [9/40], Step: [681/782], Loss: 0.51714688539505
Rank:0 Epoch: [9/40], Step: [691/782], Loss: 0.5525769591331482
Rank:0 Epoch: [9/40], Step: [701/782], Loss: 0.39920803904533386
Rank:0 Epoch: [9/40], Step: [711/782], Loss: 0.4693843722343445
Rank:0 Epoch: [9/40], Step: [721/782], Loss: 0.4000757038593292
Rank:0 Epoch: [9/40], Step: [731/782], Loss: 0.6437951922416687
Rank:0 Epoch: [9/40], Step: [741/782], Loss: 0.3585253357887268
Rank:0 Epoch: [9/40], Step: [751/782], Loss: 0.3998216986656189
Rank:0 Epoch: [9/40], Step: [761/782], Loss: 0.3786095976829529
Rank:0 Epoch: [9/40], Step: [771/782], Loss: 0.5542018413543701
Rank:0 Epoch: [9/40], Step: [781/782], Loss: 0.5196257829666138
Current Test Acc: 0.8017
Rank:0 Epoch: [10/40], Step: [1/782], Loss: 0.5002491474151611
Rank:0 Epoch: [10/40], Step: [11/782], Loss: 0.45582863688468933
Rank:0 Epoch: [10/40], Step: [21/782], Loss: 0.3953932821750641
Rank:0 Epoch: [10/40], Step: [31/782], Loss: 0.35395610332489014
Rank:0 Epoch: [10/40], Step: [41/782], Loss: 0.5958063006401062
Rank:0 Epoch: [10/40], Step: [51/782], Loss: 0.621712863445282
Rank:0 Epoch: [10/40], Step: [61/782], Loss: 0.36806151270866394
Rank:0 Epoch: [10/40], Step: [71/782], Loss: 0.46578821539878845
Rank:0 Epoch: [10/40], Step: [81/782], Loss: 0.3488819897174835
Rank:0 Epoch: [10/40], Step: [91/782], Loss: 0.41076913475990295
Rank:0 Epoch: [10/40], Step: [101/782], Loss: 0.457530677318573
Rank:0 Epoch: [10/40], Step: [111/782], Loss: 0.3839353024959564
Rank:0 Epoch: [10/40], Step: [121/782], Loss: 0.3032461404800415
Rank:0 Epoch: [10/40], Step: [131/782], Loss: 0.3598771095275879
Rank:0 Epoch: [10/40], Step: [141/782], Loss: 0.3385373651981354
Rank:0 Epoch: [10/40], Step: [151/782], Loss: 0.1547725349664688
Rank:0 Epoch: [10/40], Step: [161/782], Loss: 0.35892826318740845
Rank:0 Epoch: [10/40], Step: [171/782], Loss: 0.520325779914856
Rank:0 Epoch: [10/40], Step: [181/782], Loss: 0.5915589332580566
Rank:0 Epoch: [10/40], Step: [191/782], Loss: 0.4170246422290802
Rank:0 Epoch: [10/40], Step: [201/782], Loss: 0.5097469687461853
Rank:0 Epoch: [10/40], Step: [211/782], Loss: 0.542953610420227
Rank:0 Epoch: [10/40], Step: [221/782], Loss: 0.3515702188014984
Rank:0 Epoch: [10/40], Step: [231/782], Loss: 0.4096607267856598
Rank:0 Epoch: [10/40], Step: [241/782], Loss: 0.38182005286216736
Rank:0 Epoch: [10/40], Step: [251/782], Loss: 0.5443753600120544
Rank:0 Epoch: [10/40], Step: [261/782], Loss: 0.32618585228919983
Rank:0 Epoch: [10/40], Step: [271/782], Loss: 0.3564393222332001
Rank:0 Epoch: [10/40], Step: [281/782], Loss: 0.33732473850250244
Rank:0 Epoch: [10/40], Step: [291/782], Loss: 0.4021081328392029
Rank:0 Epoch: [10/40], Step: [301/782], Loss: 0.4089934527873993
Rank:0 Epoch: [10/40], Step: [311/782], Loss: 0.36943745613098145
Rank:0 Epoch: [10/40], Step: [321/782], Loss: 0.4882217049598694
Rank:0 Epoch: [10/40], Step: [331/782], Loss: 0.5259023308753967
Rank:0 Epoch: [10/40], Step: [341/782], Loss: 0.3360554575920105
Rank:0 Epoch: [10/40], Step: [351/782], Loss: 0.47985661029815674
Rank:0 Epoch: [10/40], Step: [361/782], Loss: 0.29375335574150085
Rank:0 Epoch: [10/40], Step: [371/782], Loss: 0.36339014768600464
Rank:0 Epoch: [10/40], Step: [381/782], Loss: 0.5550439953804016
Rank:0 Epoch: [10/40], Step: [391/782], Loss: 0.5596509575843811
Rank:0 Epoch: [10/40], Step: [401/782], Loss: 0.6354143023490906
Rank:0 Epoch: [10/40], Step: [411/782], Loss: 0.6211947202682495
Rank:0 Epoch: [10/40], Step: [421/782], Loss: 0.4741669297218323
Rank:0 Epoch: [10/40], Step: [431/782], Loss: 0.49946147203445435
Rank:0 Epoch: [10/40], Step: [441/782], Loss: 0.35100847482681274
Rank:0 Epoch: [10/40], Step: [451/782], Loss: 0.5306997895240784
Rank:0 Epoch: [10/40], Step: [461/782], Loss: 0.5967525839805603
Rank:0 Epoch: [10/40], Step: [471/782], Loss: 0.4766060709953308
Rank:0 Epoch: [10/40], Step: [481/782], Loss: 0.3568367660045624
Rank:0 Epoch: [10/40], Step: [491/782], Loss: 0.4307675361633301
Rank:0 Epoch: [10/40], Step: [501/782], Loss: 0.2925489544868469
Rank:0 Epoch: [10/40], Step: [511/782], Loss: 0.2842099964618683
Rank:0 Epoch: [10/40], Step: [521/782], Loss: 0.5190528035163879
Rank:0 Epoch: [10/40], Step: [531/782], Loss: 0.5832687616348267
Rank:0 Epoch: [10/40], Step: [541/782], Loss: 0.3128710985183716
Rank:0 Epoch: [10/40], Step: [551/782], Loss: 0.5914580225944519
Rank:0 Epoch: [10/40], Step: [561/782], Loss: 0.43213316798210144
Rank:0 Epoch: [10/40], Step: [571/782], Loss: 0.3375200629234314
Rank:0 Epoch: [10/40], Step: [581/782], Loss: 0.5158736705780029
Rank:0 Epoch: [10/40], Step: [591/782], Loss: 0.3576684594154358
Rank:0 Epoch: [10/40], Step: [601/782], Loss: 0.38275229930877686
Rank:0 Epoch: [10/40], Step: [611/782], Loss: 0.3742739260196686
Rank:0 Epoch: [10/40], Step: [621/782], Loss: 0.5554336309432983
Rank:0 Epoch: [10/40], Step: [631/782], Loss: 0.6039589643478394
Rank:0 Epoch: [10/40], Step: [641/782], Loss: 0.4187982380390167
Rank:0 Epoch: [10/40], Step: [651/782], Loss: 0.4054645895957947
Rank:0 Epoch: [10/40], Step: [661/782], Loss: 0.5471457242965698
Rank:0 Epoch: [10/40], Step: [671/782], Loss: 0.4224717915058136
Rank:0 Epoch: [10/40], Step: [681/782], Loss: 0.43650054931640625
Rank:0 Epoch: [10/40], Step: [691/782], Loss: 0.6114871501922607
Rank:0 Epoch: [10/40], Step: [701/782], Loss: 0.5180043578147888
Rank:0 Epoch: [10/40], Step: [711/782], Loss: 0.4362049996852875
Rank:0 Epoch: [10/40], Step: [721/782], Loss: 0.3457912504673004
Rank:0 Epoch: [10/40], Step: [731/782], Loss: 0.5393973588943481
Rank:0 Epoch: [10/40], Step: [741/782], Loss: 0.36861544847488403
Rank:0 Epoch: [10/40], Step: [751/782], Loss: 0.289994478225708
Rank:0 Epoch: [10/40], Step: [761/782], Loss: 0.34918469190597534
Rank:0 Epoch: [10/40], Step: [771/782], Loss: 0.2712009847164154
Rank:0 Epoch: [10/40], Step: [781/782], Loss: 0.28606194257736206
Current Test Acc: 0.7821
Rank:0 Epoch: [11/40], Step: [1/782], Loss: 0.4859335720539093
Rank:0 Epoch: [11/40], Step: [11/782], Loss: 0.33836907148361206
Rank:0 Epoch: [11/40], Step: [21/782], Loss: 0.34817954897880554
Rank:0 Epoch: [11/40], Step: [31/782], Loss: 0.31584155559539795
Rank:0 Epoch: [11/40], Step: [41/782], Loss: 0.4735504984855652
Rank:0 Epoch: [11/40], Step: [51/782], Loss: 0.27280306816101074
Rank:0 Epoch: [11/40], Step: [61/782], Loss: 0.35525426268577576
Rank:0 Epoch: [11/40], Step: [71/782], Loss: 0.405160516500473
Rank:0 Epoch: [11/40], Step: [81/782], Loss: 0.22536395490169525
Rank:0 Epoch: [11/40], Step: [91/782], Loss: 0.4930189549922943
Rank:0 Epoch: [11/40], Step: [101/782], Loss: 0.5032569169998169
Rank:0 Epoch: [11/40], Step: [111/782], Loss: 0.3975096046924591
Rank:0 Epoch: [11/40], Step: [121/782], Loss: 0.29125669598579407
Rank:0 Epoch: [11/40], Step: [131/782], Loss: 0.3775904178619385
Rank:0 Epoch: [11/40], Step: [141/782], Loss: 0.44319576025009155
Rank:0 Epoch: [11/40], Step: [151/782], Loss: 0.5848594307899475
Rank:0 Epoch: [11/40], Step: [161/782], Loss: 0.5659312605857849
Rank:0 Epoch: [11/40], Step: [171/782], Loss: 0.47189152240753174
Rank:0 Epoch: [11/40], Step: [181/782], Loss: 0.4346257150173187
Rank:0 Epoch: [11/40], Step: [191/782], Loss: 0.4018845558166504
Rank:0 Epoch: [11/40], Step: [201/782], Loss: 0.5411818623542786
Rank:0 Epoch: [11/40], Step: [211/782], Loss: 0.37436461448669434
Rank:0 Epoch: [11/40], Step: [221/782], Loss: 0.4318786561489105
Rank:0 Epoch: [11/40], Step: [231/782], Loss: 0.6121842265129089
Rank:0 Epoch: [11/40], Step: [241/782], Loss: 0.262144535779953
Rank:0 Epoch: [11/40], Step: [251/782], Loss: 0.3697810769081116
Rank:0 Epoch: [11/40], Step: [261/782], Loss: 0.37903234362602234
Rank:0 Epoch: [11/40], Step: [271/782], Loss: 0.30058518052101135
Rank:0 Epoch: [11/40], Step: [281/782], Loss: 0.2818026542663574
Rank:0 Epoch: [11/40], Step: [291/782], Loss: 0.4466051161289215
Rank:0 Epoch: [11/40], Step: [301/782], Loss: 0.33098652958869934
Rank:0 Epoch: [11/40], Step: [311/782], Loss: 0.4352799654006958
Rank:0 Epoch: [11/40], Step: [321/782], Loss: 0.33398208022117615
Rank:0 Epoch: [11/40], Step: [331/782], Loss: 0.5925341844558716
Rank:0 Epoch: [11/40], Step: [341/782], Loss: 0.4653995633125305
Rank:0 Epoch: [11/40], Step: [351/782], Loss: 0.658310055732727
Rank:0 Epoch: [11/40], Step: [361/782], Loss: 0.42701616883277893
Rank:0 Epoch: [11/40], Step: [371/782], Loss: 0.50095134973526
Rank:0 Epoch: [11/40], Step: [381/782], Loss: 0.39093634486198425
Rank:0 Epoch: [11/40], Step: [391/782], Loss: 0.3746892213821411
Rank:0 Epoch: [11/40], Step: [401/782], Loss: 0.25043222308158875
Rank:0 Epoch: [11/40], Step: [411/782], Loss: 0.4674898386001587
Rank:0 Epoch: [11/40], Step: [421/782], Loss: 0.5449575781822205
Rank:0 Epoch: [11/40], Step: [431/782], Loss: 0.47605225443840027
Rank:0 Epoch: [11/40], Step: [441/782], Loss: 0.5687885284423828
Rank:0 Epoch: [11/40], Step: [451/782], Loss: 0.2819427251815796
Rank:0 Epoch: [11/40], Step: [461/782], Loss: 0.3521731197834015
Rank:0 Epoch: [11/40], Step: [471/782], Loss: 0.35151612758636475
Rank:0 Epoch: [11/40], Step: [481/782], Loss: 0.2759851813316345
Rank:0 Epoch: [11/40], Step: [491/782], Loss: 0.4379555583000183
Rank:0 Epoch: [11/40], Step: [501/782], Loss: 0.5016630291938782
Rank:0 Epoch: [11/40], Step: [511/782], Loss: 0.4525684118270874
Rank:0 Epoch: [11/40], Step: [521/782], Loss: 0.32516786456108093
Rank:0 Epoch: [11/40], Step: [531/782], Loss: 0.3692351281642914
Rank:0 Epoch: [11/40], Step: [541/782], Loss: 0.2536555528640747
Rank:0 Epoch: [11/40], Step: [551/782], Loss: 0.45404917001724243
Rank:0 Epoch: [11/40], Step: [561/782], Loss: 0.417477011680603
Rank:0 Epoch: [11/40], Step: [571/782], Loss: 0.5320894122123718
Rank:0 Epoch: [11/40], Step: [581/782], Loss: 0.5686929821968079
Rank:0 Epoch: [11/40], Step: [591/782], Loss: 0.317432701587677
Rank:0 Epoch: [11/40], Step: [601/782], Loss: 0.33069443702697754
Rank:0 Epoch: [11/40], Step: [611/782], Loss: 0.46076351404190063
Rank:0 Epoch: [11/40], Step: [621/782], Loss: 0.5117445588111877
Rank:0 Epoch: [11/40], Step: [631/782], Loss: 0.3607766926288605
Rank:0 Epoch: [11/40], Step: [641/782], Loss: 0.4269399642944336
Rank:0 Epoch: [11/40], Step: [651/782], Loss: 0.5268419981002808
Rank:0 Epoch: [11/40], Step: [661/782], Loss: 0.3644462823867798
Rank:0 Epoch: [11/40], Step: [671/782], Loss: 0.6710392236709595
Rank:0 Epoch: [11/40], Step: [681/782], Loss: 0.36678919196128845
Rank:0 Epoch: [11/40], Step: [691/782], Loss: 0.6398950219154358
Rank:0 Epoch: [11/40], Step: [701/782], Loss: 0.5195227265357971
Rank:0 Epoch: [11/40], Step: [711/782], Loss: 0.483608603477478
Rank:0 Epoch: [11/40], Step: [721/782], Loss: 0.3721277415752411
Rank:0 Epoch: [11/40], Step: [731/782], Loss: 0.3153502941131592
Rank:0 Epoch: [11/40], Step: [741/782], Loss: 0.293392539024353
Rank:0 Epoch: [11/40], Step: [751/782], Loss: 0.3864084780216217
Rank:0 Epoch: [11/40], Step: [761/782], Loss: 0.46336859464645386
Rank:0 Epoch: [11/40], Step: [771/782], Loss: 0.4614560008049011
Rank:0 Epoch: [11/40], Step: [781/782], Loss: 0.31166669726371765
Current Test Acc: 0.7818
Rank:0 Epoch: [12/40], Step: [1/782], Loss: 0.4705451726913452
Rank:0 Epoch: [12/40], Step: [11/782], Loss: 0.524071455001831
Rank:0 Epoch: [12/40], Step: [21/782], Loss: 0.38278928399086
Rank:0 Epoch: [12/40], Step: [31/782], Loss: 0.2560017704963684
Rank:0 Epoch: [12/40], Step: [41/782], Loss: 0.5848304033279419
Rank:0 Epoch: [12/40], Step: [51/782], Loss: 0.4123108983039856
Rank:0 Epoch: [12/40], Step: [61/782], Loss: 0.3267118036746979
Rank:0 Epoch: [12/40], Step: [71/782], Loss: 0.5123135447502136
Rank:0 Epoch: [12/40], Step: [81/782], Loss: 0.2686409056186676
Rank:0 Epoch: [12/40], Step: [91/782], Loss: 0.5030561089515686
Rank:0 Epoch: [12/40], Step: [101/782], Loss: 0.3352939188480377
Rank:0 Epoch: [12/40], Step: [111/782], Loss: 0.4543456435203552
Rank:0 Epoch: [12/40], Step: [121/782], Loss: 0.5561657547950745
Rank:0 Epoch: [12/40], Step: [131/782], Loss: 0.42146357893943787
Rank:0 Epoch: [12/40], Step: [141/782], Loss: 0.448341429233551
Rank:0 Epoch: [12/40], Step: [151/782], Loss: 0.5887287855148315
Rank:0 Epoch: [12/40], Step: [161/782], Loss: 0.47270438075065613
Rank:0 Epoch: [12/40], Step: [171/782], Loss: 0.4173091650009155
Rank:0 Epoch: [12/40], Step: [181/782], Loss: 0.4258507192134857
Rank:0 Epoch: [12/40], Step: [191/782], Loss: 0.450050413608551
Rank:0 Epoch: [12/40], Step: [201/782], Loss: 0.29647305607795715
Rank:0 Epoch: [12/40], Step: [211/782], Loss: 0.3169778287410736
Rank:0 Epoch: [12/40], Step: [221/782], Loss: 0.4159458875656128
Rank:0 Epoch: [12/40], Step: [231/782], Loss: 0.3606500029563904
Rank:0 Epoch: [12/40], Step: [241/782], Loss: 0.6145300269126892
Rank:0 Epoch: [12/40], Step: [251/782], Loss: 0.6464773416519165
Rank:0 Epoch: [12/40], Step: [261/782], Loss: 0.4574437141418457
Rank:0 Epoch: [12/40], Step: [271/782], Loss: 0.42990297079086304
Rank:0 Epoch: [12/40], Step: [281/782], Loss: 0.4706214666366577
Rank:0 Epoch: [12/40], Step: [291/782], Loss: 0.7011296153068542
Rank:0 Epoch: [12/40], Step: [301/782], Loss: 0.33506789803504944
Rank:0 Epoch: [12/40], Step: [311/782], Loss: 0.2743596136569977
Rank:0 Epoch: [12/40], Step: [321/782], Loss: 0.29807350039482117
Rank:0 Epoch: [12/40], Step: [331/782], Loss: 0.5277665853500366
Rank:0 Epoch: [12/40], Step: [341/782], Loss: 0.4969021677970886
Rank:0 Epoch: [12/40], Step: [351/782], Loss: 0.5521044135093689
Rank:0 Epoch: [12/40], Step: [361/782], Loss: 0.5807246565818787
Rank:0 Epoch: [12/40], Step: [371/782], Loss: 0.2817603349685669
Rank:0 Epoch: [12/40], Step: [381/782], Loss: 0.3684098720550537
Rank:0 Epoch: [12/40], Step: [391/782], Loss: 0.48790255188941956
Rank:0 Epoch: [12/40], Step: [401/782], Loss: 0.3856545090675354
Rank:0 Epoch: [12/40], Step: [411/782], Loss: 0.7757624387741089
Rank:0 Epoch: [12/40], Step: [421/782], Loss: 0.4281129539012909
Rank:0 Epoch: [12/40], Step: [431/782], Loss: 0.5629806518554688
Rank:0 Epoch: [12/40], Step: [441/782], Loss: 0.40274885296821594
Rank:0 Epoch: [12/40], Step: [451/782], Loss: 0.44211551547050476
Rank:0 Epoch: [12/40], Step: [461/782], Loss: 0.2978994846343994
Rank:0 Epoch: [12/40], Step: [471/782], Loss: 0.2947053909301758
Rank:0 Epoch: [12/40], Step: [481/782], Loss: 0.38431596755981445
Rank:0 Epoch: [12/40], Step: [491/782], Loss: 0.5412870645523071
Rank:0 Epoch: [12/40], Step: [501/782], Loss: 0.4250410199165344
Rank:0 Epoch: [12/40], Step: [511/782], Loss: 0.42531663179397583
Rank:0 Epoch: [12/40], Step: [521/782], Loss: 0.4691692590713501
Rank:0 Epoch: [12/40], Step: [531/782], Loss: 0.5992445945739746
Rank:0 Epoch: [12/40], Step: [541/782], Loss: 0.28321972489356995
Rank:0 Epoch: [12/40], Step: [551/782], Loss: 0.4441397786140442
Rank:0 Epoch: [12/40], Step: [561/782], Loss: 0.27611207962036133
Rank:0 Epoch: [12/40], Step: [571/782], Loss: 0.30531826615333557
Rank:0 Epoch: [12/40], Step: [581/782], Loss: 0.6014966368675232
Rank:0 Epoch: [12/40], Step: [591/782], Loss: 0.415518581867218
Rank:0 Epoch: [12/40], Step: [601/782], Loss: 0.3698122501373291
Rank:0 Epoch: [12/40], Step: [611/782], Loss: 0.2682402431964874
Rank:0 Epoch: [12/40], Step: [621/782], Loss: 0.32459691166877747
Rank:0 Epoch: [12/40], Step: [631/782], Loss: 0.47181323170661926
Rank:0 Epoch: [12/40], Step: [641/782], Loss: 0.3996509313583374
Rank:0 Epoch: [12/40], Step: [651/782], Loss: 0.3440307080745697
Rank:0 Epoch: [12/40], Step: [661/782], Loss: 0.5433393120765686
Rank:0 Epoch: [12/40], Step: [671/782], Loss: 0.6449545621871948
Rank:0 Epoch: [12/40], Step: [681/782], Loss: 0.4654195010662079
Rank:0 Epoch: [12/40], Step: [691/782], Loss: 0.4556910991668701
Rank:0 Epoch: [12/40], Step: [701/782], Loss: 0.3588712811470032
Rank:0 Epoch: [12/40], Step: [711/782], Loss: 0.7669383883476257
Rank:0 Epoch: [12/40], Step: [721/782], Loss: 0.3976830542087555
Rank:0 Epoch: [12/40], Step: [731/782], Loss: 0.5649307370185852
Rank:0 Epoch: [12/40], Step: [741/782], Loss: 0.2741180658340454
Rank:0 Epoch: [12/40], Step: [751/782], Loss: 0.477281779050827
Rank:0 Epoch: [12/40], Step: [761/782], Loss: 0.492905855178833
Rank:0 Epoch: [12/40], Step: [771/782], Loss: 0.3943540155887604
Rank:0 Epoch: [12/40], Step: [781/782], Loss: 0.4988521635532379
Current Test Acc: 0.83
Rank:0 Epoch: [13/40], Step: [1/782], Loss: 0.5966904163360596
Rank:0 Epoch: [13/40], Step: [11/782], Loss: 0.33011385798454285
Rank:0 Epoch: [13/40], Step: [21/782], Loss: 0.517414391040802
Rank:0 Epoch: [13/40], Step: [31/782], Loss: 0.4823880195617676
Rank:0 Epoch: [13/40], Step: [41/782], Loss: 0.37986958026885986
Rank:0 Epoch: [13/40], Step: [51/782], Loss: 0.512606143951416
Rank:0 Epoch: [13/40], Step: [61/782], Loss: 0.34667277336120605
Rank:0 Epoch: [13/40], Step: [71/782], Loss: 0.4149283766746521
Rank:0 Epoch: [13/40], Step: [81/782], Loss: 0.3623834550380707
Rank:0 Epoch: [13/40], Step: [91/782], Loss: 0.23058272898197174
Rank:0 Epoch: [13/40], Step: [101/782], Loss: 0.2288552075624466
Rank:0 Epoch: [13/40], Step: [111/782], Loss: 0.3783015310764313
Rank:0 Epoch: [13/40], Step: [121/782], Loss: 0.40768763422966003
Rank:0 Epoch: [13/40], Step: [131/782], Loss: 0.4451076090335846
Rank:0 Epoch: [13/40], Step: [141/782], Loss: 0.4931941628456116
Rank:0 Epoch: [13/40], Step: [151/782], Loss: 0.6456521153450012
Rank:0 Epoch: [13/40], Step: [161/782], Loss: 0.4559527337551117
Rank:0 Epoch: [13/40], Step: [171/782], Loss: 0.2698676884174347
Rank:0 Epoch: [13/40], Step: [181/782], Loss: 0.31012240052223206
Rank:0 Epoch: [13/40], Step: [191/782], Loss: 0.6089321970939636
Rank:0 Epoch: [13/40], Step: [201/782], Loss: 0.39782941341400146
Rank:0 Epoch: [13/40], Step: [211/782], Loss: 0.5979185104370117
Rank:0 Epoch: [13/40], Step: [221/782], Loss: 0.3922005593776703
Rank:0 Epoch: [13/40], Step: [231/782], Loss: 0.4467069208621979
Rank:0 Epoch: [13/40], Step: [241/782], Loss: 0.58467036485672
Rank:0 Epoch: [13/40], Step: [251/782], Loss: 0.24123425781726837
Rank:0 Epoch: [13/40], Step: [261/782], Loss: 0.49934008717536926
Rank:0 Epoch: [13/40], Step: [271/782], Loss: 0.3903796076774597
Rank:0 Epoch: [13/40], Step: [281/782], Loss: 0.43734490871429443
Rank:0 Epoch: [13/40], Step: [291/782], Loss: 0.39904990792274475
Rank:0 Epoch: [13/40], Step: [301/782], Loss: 0.35357940196990967
Rank:0 Epoch: [13/40], Step: [311/782], Loss: 0.27371999621391296
Rank:0 Epoch: [13/40], Step: [321/782], Loss: 0.3844852149486542
Rank:0 Epoch: [13/40], Step: [331/782], Loss: 0.4767013490200043
Rank:0 Epoch: [13/40], Step: [341/782], Loss: 0.23620252311229706
Rank:0 Epoch: [13/40], Step: [351/782], Loss: 0.6090094447135925
Rank:0 Epoch: [13/40], Step: [361/782], Loss: 0.3896732032299042
Rank:0 Epoch: [13/40], Step: [371/782], Loss: 0.557976484298706
Rank:0 Epoch: [13/40], Step: [381/782], Loss: 0.19195866584777832
Rank:0 Epoch: [13/40], Step: [391/782], Loss: 0.5360962748527527
Rank:0 Epoch: [13/40], Step: [401/782], Loss: 0.3720225691795349
Rank:0 Epoch: [13/40], Step: [411/782], Loss: 0.5861998200416565
Rank:0 Epoch: [13/40], Step: [421/782], Loss: 0.29302746057510376
Rank:0 Epoch: [13/40], Step: [431/782], Loss: 0.25135910511016846
Rank:0 Epoch: [13/40], Step: [441/782], Loss: 0.518066942691803
Rank:0 Epoch: [13/40], Step: [451/782], Loss: 0.41779065132141113
Rank:0 Epoch: [13/40], Step: [461/782], Loss: 0.4624674916267395
Rank:0 Epoch: [13/40], Step: [471/782], Loss: 0.32516759634017944
Rank:0 Epoch: [13/40], Step: [481/782], Loss: 0.4345732629299164
Rank:0 Epoch: [13/40], Step: [491/782], Loss: 0.34675341844558716
Rank:0 Epoch: [13/40], Step: [501/782], Loss: 0.352212131023407
Rank:0 Epoch: [13/40], Step: [511/782], Loss: 0.41095566749572754
Rank:0 Epoch: [13/40], Step: [521/782], Loss: 0.28263723850250244
Rank:0 Epoch: [13/40], Step: [531/782], Loss: 0.4823753237724304
Rank:0 Epoch: [13/40], Step: [541/782], Loss: 0.5086156725883484
Rank:0 Epoch: [13/40], Step: [551/782], Loss: 0.5102618932723999
Rank:0 Epoch: [13/40], Step: [561/782], Loss: 0.4142451882362366
Rank:0 Epoch: [13/40], Step: [571/782], Loss: 0.39741265773773193
Rank:0 Epoch: [13/40], Step: [581/782], Loss: 0.19984790682792664
Rank:0 Epoch: [13/40], Step: [591/782], Loss: 0.41103047132492065
Rank:0 Epoch: [13/40], Step: [601/782], Loss: 0.3848186135292053
Rank:0 Epoch: [13/40], Step: [611/782], Loss: 0.29539477825164795
Rank:0 Epoch: [13/40], Step: [621/782], Loss: 0.40666377544403076
Rank:0 Epoch: [13/40], Step: [631/782], Loss: 0.48380494117736816
Rank:0 Epoch: [13/40], Step: [641/782], Loss: 0.5293525457382202
Rank:0 Epoch: [13/40], Step: [651/782], Loss: 0.4245881736278534
Rank:0 Epoch: [13/40], Step: [661/782], Loss: 0.3693082928657532
Rank:0 Epoch: [13/40], Step: [671/782], Loss: 0.4825115203857422
Rank:0 Epoch: [13/40], Step: [681/782], Loss: 0.6373914480209351
Rank:0 Epoch: [13/40], Step: [691/782], Loss: 0.3746383488178253
Rank:0 Epoch: [13/40], Step: [701/782], Loss: 0.5557178258895874
Rank:0 Epoch: [13/40], Step: [711/782], Loss: 0.32029587030410767
Rank:0 Epoch: [13/40], Step: [721/782], Loss: 0.2713897228240967
Rank:0 Epoch: [13/40], Step: [731/782], Loss: 0.39454007148742676
Rank:0 Epoch: [13/40], Step: [741/782], Loss: 0.6294891238212585
Rank:0 Epoch: [13/40], Step: [751/782], Loss: 0.4693093001842499
Rank:0 Epoch: [13/40], Step: [761/782], Loss: 0.529914379119873
Rank:0 Epoch: [13/40], Step: [771/782], Loss: 0.4438888728618622
Rank:0 Epoch: [13/40], Step: [781/782], Loss: 0.6621285080909729
Current Test Acc: 0.7843
Rank:0 Epoch: [14/40], Step: [1/782], Loss: 0.5596796274185181
Rank:0 Epoch: [14/40], Step: [11/782], Loss: 0.6592649221420288
Rank:0 Epoch: [14/40], Step: [21/782], Loss: 0.2708541750907898
Rank:0 Epoch: [14/40], Step: [31/782], Loss: 0.5507717132568359
Rank:0 Epoch: [14/40], Step: [41/782], Loss: 0.40925833582878113
Rank:0 Epoch: [14/40], Step: [51/782], Loss: 0.3817353844642639
Rank:0 Epoch: [14/40], Step: [61/782], Loss: 0.4043140709400177
Rank:0 Epoch: [14/40], Step: [71/782], Loss: 0.7615458369255066
Rank:0 Epoch: [14/40], Step: [81/782], Loss: 0.3307088315486908
Rank:0 Epoch: [14/40], Step: [91/782], Loss: 0.2688530683517456
Rank:0 Epoch: [14/40], Step: [101/782], Loss: 0.19542452692985535
Rank:0 Epoch: [14/40], Step: [111/782], Loss: 0.7778863310813904
Rank:0 Epoch: [14/40], Step: [121/782], Loss: 0.34764647483825684
Rank:0 Epoch: [14/40], Step: [131/782], Loss: 0.24521850049495697
Rank:0 Epoch: [14/40], Step: [141/782], Loss: 0.4866321086883545
Rank:0 Epoch: [14/40], Step: [151/782], Loss: 0.5115754008293152
Rank:0 Epoch: [14/40], Step: [161/782], Loss: 0.6028448343276978
Rank:0 Epoch: [14/40], Step: [171/782], Loss: 0.4707191586494446
Rank:0 Epoch: [14/40], Step: [181/782], Loss: 0.34360748529434204
Rank:0 Epoch: [14/40], Step: [191/782], Loss: 0.2931368947029114
Rank:0 Epoch: [14/40], Step: [201/782], Loss: 0.31222593784332275
Rank:0 Epoch: [14/40], Step: [211/782], Loss: 0.37562379240989685
Rank:0 Epoch: [14/40], Step: [221/782], Loss: 0.35261794924736023
Rank:0 Epoch: [14/40], Step: [231/782], Loss: 0.6226952075958252
Rank:0 Epoch: [14/40], Step: [241/782], Loss: 0.3003390431404114
Rank:0 Epoch: [14/40], Step: [251/782], Loss: 0.46714287996292114
Rank:0 Epoch: [14/40], Step: [261/782], Loss: 0.511911928653717
Rank:0 Epoch: [14/40], Step: [271/782], Loss: 0.6792957782745361
Rank:0 Epoch: [14/40], Step: [281/782], Loss: 0.4666641056537628
Rank:0 Epoch: [14/40], Step: [291/782], Loss: 0.32679465413093567
Rank:0 Epoch: [14/40], Step: [301/782], Loss: 0.43916448950767517
Rank:0 Epoch: [14/40], Step: [311/782], Loss: 0.32569020986557007
Rank:0 Epoch: [14/40], Step: [321/782], Loss: 0.34303727746009827
Rank:0 Epoch: [14/40], Step: [331/782], Loss: 0.5141972303390503
Rank:0 Epoch: [14/40], Step: [341/782], Loss: 0.44026848673820496
Rank:0 Epoch: [14/40], Step: [351/782], Loss: 0.19163207709789276
Rank:0 Epoch: [14/40], Step: [361/782], Loss: 0.37369799613952637
Rank:0 Epoch: [14/40], Step: [371/782], Loss: 0.43805262446403503
Rank:0 Epoch: [14/40], Step: [381/782], Loss: 0.4902847707271576
Rank:0 Epoch: [14/40], Step: [391/782], Loss: 0.2716076672077179
Rank:0 Epoch: [14/40], Step: [401/782], Loss: 0.4851284921169281
Rank:0 Epoch: [14/40], Step: [411/782], Loss: 0.4201836585998535
Rank:0 Epoch: [14/40], Step: [421/782], Loss: 0.4010290801525116
Rank:0 Epoch: [14/40], Step: [431/782], Loss: 0.610548198223114
Rank:0 Epoch: [14/40], Step: [441/782], Loss: 0.35407212376594543
Rank:0 Epoch: [14/40], Step: [451/782], Loss: 0.4400273263454437
Rank:0 Epoch: [14/40], Step: [461/782], Loss: 0.4693562090396881
Rank:0 Epoch: [14/40], Step: [471/782], Loss: 0.3046272099018097
Rank:0 Epoch: [14/40], Step: [481/782], Loss: 0.5709463953971863
Rank:0 Epoch: [14/40], Step: [491/782], Loss: 0.3004739284515381
Rank:0 Epoch: [14/40], Step: [501/782], Loss: 0.46289682388305664
Rank:0 Epoch: [14/40], Step: [511/782], Loss: 0.512730062007904
Rank:0 Epoch: [14/40], Step: [521/782], Loss: 0.44775310158729553
Rank:0 Epoch: [14/40], Step: [531/782], Loss: 0.3689560294151306
Rank:0 Epoch: [14/40], Step: [541/782], Loss: 0.21653230488300323
Rank:0 Epoch: [14/40], Step: [551/782], Loss: 0.2690509557723999
Rank:0 Epoch: [14/40], Step: [561/782], Loss: 0.4479665458202362
Rank:0 Epoch: [14/40], Step: [571/782], Loss: 0.45532894134521484
Rank:0 Epoch: [14/40], Step: [581/782], Loss: 0.2636890113353729
Rank:0 Epoch: [14/40], Step: [591/782], Loss: 0.2930734157562256
Rank:0 Epoch: [14/40], Step: [601/782], Loss: 0.4408753216266632
Rank:0 Epoch: [14/40], Step: [611/782], Loss: 0.48910045623779297
Rank:0 Epoch: [14/40], Step: [621/782], Loss: 0.39579063653945923
Rank:0 Epoch: [14/40], Step: [631/782], Loss: 0.20498907566070557
Rank:0 Epoch: [14/40], Step: [641/782], Loss: 0.5205869674682617
Rank:0 Epoch: [14/40], Step: [651/782], Loss: 0.6132797002792358
Rank:0 Epoch: [14/40], Step: [661/782], Loss: 0.3901449143886566
Rank:0 Epoch: [14/40], Step: [671/782], Loss: 0.40901368856430054
Rank:0 Epoch: [14/40], Step: [681/782], Loss: 0.5025271773338318
Rank:0 Epoch: [14/40], Step: [691/782], Loss: 0.30354857444763184
Rank:0 Epoch: [14/40], Step: [701/782], Loss: 0.2844194173812866
Rank:0 Epoch: [14/40], Step: [711/782], Loss: 0.49876734614372253
Rank:0 Epoch: [14/40], Step: [721/782], Loss: 0.5919734239578247
Rank:0 Epoch: [14/40], Step: [731/782], Loss: 0.5795282125473022
Rank:0 Epoch: [14/40], Step: [741/782], Loss: 0.24301670491695404
Rank:0 Epoch: [14/40], Step: [751/782], Loss: 0.36181309819221497
Rank:0 Epoch: [14/40], Step: [761/782], Loss: 0.3044470250606537
Rank:0 Epoch: [14/40], Step: [771/782], Loss: 0.3597908616065979
Rank:0 Epoch: [14/40], Step: [781/782], Loss: 0.35982972383499146
Current Test Acc: 0.8297
Rank:0 Epoch: [15/40], Step: [1/782], Loss: 0.47308847308158875
Rank:0 Epoch: [15/40], Step: [11/782], Loss: 0.548230767250061
Rank:0 Epoch: [15/40], Step: [21/782], Loss: 0.3410983681678772
Rank:0 Epoch: [15/40], Step: [31/782], Loss: 0.48736903071403503
Rank:0 Epoch: [15/40], Step: [41/782], Loss: 0.3672337532043457
Rank:0 Epoch: [15/40], Step: [51/782], Loss: 0.5562768578529358
Rank:0 Epoch: [15/40], Step: [61/782], Loss: 0.39560890197753906
Rank:0 Epoch: [15/40], Step: [71/782], Loss: 0.3374508321285248
Rank:0 Epoch: [15/40], Step: [81/782], Loss: 0.4103757441043854
Rank:0 Epoch: [15/40], Step: [91/782], Loss: 0.22402416169643402
Rank:0 Epoch: [15/40], Step: [101/782], Loss: 0.309026837348938
Rank:0 Epoch: [15/40], Step: [111/782], Loss: 0.40939873456954956
Rank:0 Epoch: [15/40], Step: [121/782], Loss: 0.31009986996650696
Rank:0 Epoch: [15/40], Step: [131/782], Loss: 0.4632291793823242
Rank:0 Epoch: [15/40], Step: [141/782], Loss: 0.3766096532344818
Rank:0 Epoch: [15/40], Step: [151/782], Loss: 0.3280874192714691
Rank:0 Epoch: [15/40], Step: [161/782], Loss: 0.6694366335868835
Rank:0 Epoch: [15/40], Step: [171/782], Loss: 0.35579484701156616
Rank:0 Epoch: [15/40], Step: [181/782], Loss: 0.41911306977272034
Rank:0 Epoch: [15/40], Step: [191/782], Loss: 0.4030612111091614
Rank:0 Epoch: [15/40], Step: [201/782], Loss: 0.4001067280769348
Rank:0 Epoch: [15/40], Step: [211/782], Loss: 0.3952518701553345
Rank:0 Epoch: [15/40], Step: [221/782], Loss: 0.3711058497428894
Rank:0 Epoch: [15/40], Step: [231/782], Loss: 0.45932886004447937
Rank:0 Epoch: [15/40], Step: [241/782], Loss: 0.4608754813671112
Rank:0 Epoch: [15/40], Step: [251/782], Loss: 0.35228943824768066
Rank:0 Epoch: [15/40], Step: [261/782], Loss: 0.4065694808959961
Rank:0 Epoch: [15/40], Step: [271/782], Loss: 0.4200716018676758
Rank:0 Epoch: [15/40], Step: [281/782], Loss: 0.380999356508255
Rank:0 Epoch: [15/40], Step: [291/782], Loss: 0.44337865710258484
Rank:0 Epoch: [15/40], Step: [301/782], Loss: 0.44114553928375244
Rank:0 Epoch: [15/40], Step: [311/782], Loss: 0.2711745500564575
Rank:0 Epoch: [15/40], Step: [321/782], Loss: 0.33752912282943726
Rank:0 Epoch: [15/40], Step: [331/782], Loss: 0.4454120993614197
Rank:0 Epoch: [15/40], Step: [341/782], Loss: 0.5325093865394592
Rank:0 Epoch: [15/40], Step: [351/782], Loss: 0.41331425309181213
Rank:0 Epoch: [15/40], Step: [361/782], Loss: 0.34477493166923523
Rank:0 Epoch: [15/40], Step: [371/782], Loss: 0.4612244665622711
Rank:0 Epoch: [15/40], Step: [381/782], Loss: 0.7983013987541199
Rank:0 Epoch: [15/40], Step: [391/782], Loss: 0.37897706031799316
Rank:0 Epoch: [15/40], Step: [401/782], Loss: 0.46192339062690735
Rank:0 Epoch: [15/40], Step: [411/782], Loss: 0.5022544860839844
Rank:0 Epoch: [15/40], Step: [421/782], Loss: 0.36043280363082886
Rank:0 Epoch: [15/40], Step: [431/782], Loss: 0.43584614992141724
Rank:0 Epoch: [15/40], Step: [441/782], Loss: 0.38983815908432007
Rank:0 Epoch: [15/40], Step: [451/782], Loss: 0.352540522813797
Rank:0 Epoch: [15/40], Step: [461/782], Loss: 0.38394325971603394
Rank:0 Epoch: [15/40], Step: [471/782], Loss: 0.4403657019138336
Rank:0 Epoch: [15/40], Step: [481/782], Loss: 0.4743238687515259
Rank:0 Epoch: [15/40], Step: [491/782], Loss: 0.6334719657897949
Rank:0 Epoch: [15/40], Step: [501/782], Loss: 0.3651518225669861
Rank:0 Epoch: [15/40], Step: [511/782], Loss: 0.2727259695529938
Rank:0 Epoch: [15/40], Step: [521/782], Loss: 0.31857407093048096
Rank:0 Epoch: [15/40], Step: [531/782], Loss: 0.36050817370414734
Rank:0 Epoch: [15/40], Step: [541/782], Loss: 0.4822326898574829
Rank:0 Epoch: [15/40], Step: [551/782], Loss: 0.551902711391449
Rank:0 Epoch: [15/40], Step: [561/782], Loss: 0.5469101667404175
Rank:0 Epoch: [15/40], Step: [571/782], Loss: 0.5159956216812134
Rank:0 Epoch: [15/40], Step: [581/782], Loss: 0.3768620491027832
Rank:0 Epoch: [15/40], Step: [591/782], Loss: 0.2624078392982483
Rank:0 Epoch: [15/40], Step: [601/782], Loss: 0.5819934010505676
Rank:0 Epoch: [15/40], Step: [611/782], Loss: 0.46444255113601685
Rank:0 Epoch: [15/40], Step: [621/782], Loss: 0.4562855362892151
Rank:0 Epoch: [15/40], Step: [631/782], Loss: 0.32887062430381775
Rank:0 Epoch: [15/40], Step: [641/782], Loss: 0.39952948689460754
Rank:0 Epoch: [15/40], Step: [651/782], Loss: 0.2310303896665573
Rank:0 Epoch: [15/40], Step: [661/782], Loss: 0.3177104890346527
Rank:0 Epoch: [15/40], Step: [671/782], Loss: 0.2653188109397888
Rank:0 Epoch: [15/40], Step: [681/782], Loss: 0.2973617613315582
Rank:0 Epoch: [15/40], Step: [691/782], Loss: 0.4568086862564087
Rank:0 Epoch: [15/40], Step: [701/782], Loss: 0.36138463020324707
Rank:0 Epoch: [15/40], Step: [711/782], Loss: 0.45800498127937317
Rank:0 Epoch: [15/40], Step: [721/782], Loss: 0.3028685748577118
Rank:0 Epoch: [15/40], Step: [731/782], Loss: 0.5865796804428101
Rank:0 Epoch: [15/40], Step: [741/782], Loss: 0.5739890933036804
Rank:0 Epoch: [15/40], Step: [751/782], Loss: 0.3513782322406769
Rank:0 Epoch: [15/40], Step: [761/782], Loss: 0.8602630496025085
Rank:0 Epoch: [15/40], Step: [771/782], Loss: 0.5300953388214111
Rank:0 Epoch: [15/40], Step: [781/782], Loss: 0.37859439849853516
Current Test Acc: 0.8422
Rank:0 Epoch: [16/40], Step: [1/782], Loss: 0.3318796157836914
Rank:0 Epoch: [16/40], Step: [11/782], Loss: 0.5728223919868469
Rank:0 Epoch: [16/40], Step: [21/782], Loss: 0.4543223977088928
Rank:0 Epoch: [16/40], Step: [31/782], Loss: 0.5787584781646729
Rank:0 Epoch: [16/40], Step: [41/782], Loss: 0.310650497674942
Rank:0 Epoch: [16/40], Step: [51/782], Loss: 0.4324153661727905
Rank:0 Epoch: [16/40], Step: [61/782], Loss: 0.7401212453842163
Rank:0 Epoch: [16/40], Step: [71/782], Loss: 0.37814465165138245
Rank:0 Epoch: [16/40], Step: [81/782], Loss: 0.223746657371521
Rank:0 Epoch: [16/40], Step: [91/782], Loss: 0.22433747351169586
Rank:0 Epoch: [16/40], Step: [101/782], Loss: 0.5126109719276428
Rank:0 Epoch: [16/40], Step: [111/782], Loss: 0.5097981095314026
Rank:0 Epoch: [16/40], Step: [121/782], Loss: 0.5735004544258118
Rank:0 Epoch: [16/40], Step: [131/782], Loss: 0.38350898027420044
Rank:0 Epoch: [16/40], Step: [141/782], Loss: 0.29023265838623047
Rank:0 Epoch: [16/40], Step: [151/782], Loss: 0.2611682415008545
Rank:0 Epoch: [16/40], Step: [161/782], Loss: 0.4890649616718292
Rank:0 Epoch: [16/40], Step: [171/782], Loss: 0.4215770661830902
Rank:0 Epoch: [16/40], Step: [181/782], Loss: 0.40307414531707764
Rank:0 Epoch: [16/40], Step: [191/782], Loss: 0.45869922637939453
Rank:0 Epoch: [16/40], Step: [201/782], Loss: 0.4433131217956543
Rank:0 Epoch: [16/40], Step: [211/782], Loss: 0.6635615825653076
Rank:0 Epoch: [16/40], Step: [221/782], Loss: 0.24364277720451355
Rank:0 Epoch: [16/40], Step: [231/782], Loss: 0.22619904577732086
Rank:0 Epoch: [16/40], Step: [241/782], Loss: 0.37441328167915344
Rank:0 Epoch: [16/40], Step: [251/782], Loss: 0.43593958020210266
Rank:0 Epoch: [16/40], Step: [261/782], Loss: 0.7058395147323608
Rank:0 Epoch: [16/40], Step: [271/782], Loss: 0.2440851777791977
Rank:0 Epoch: [16/40], Step: [281/782], Loss: 0.7574825882911682
Rank:0 Epoch: [16/40], Step: [291/782], Loss: 0.3474937379360199
Rank:0 Epoch: [16/40], Step: [301/782], Loss: 0.5993974804878235
Rank:0 Epoch: [16/40], Step: [311/782], Loss: 0.5557355880737305
Rank:0 Epoch: [16/40], Step: [321/782], Loss: 0.4683743417263031
Rank:0 Epoch: [16/40], Step: [331/782], Loss: 0.4813918471336365
Rank:0 Epoch: [16/40], Step: [341/782], Loss: 0.4711010754108429
Rank:0 Epoch: [16/40], Step: [351/782], Loss: 0.3916967213153839
Rank:0 Epoch: [16/40], Step: [361/782], Loss: 0.3370437026023865
Rank:0 Epoch: [16/40], Step: [371/782], Loss: 0.5660512447357178
Rank:0 Epoch: [16/40], Step: [381/782], Loss: 0.45283350348472595
Rank:0 Epoch: [16/40], Step: [391/782], Loss: 0.4791579246520996
Rank:0 Epoch: [16/40], Step: [401/782], Loss: 0.5094617605209351
Rank:0 Epoch: [16/40], Step: [411/782], Loss: 1.13162362575531
Rank:0 Epoch: [16/40], Step: [421/782], Loss: 0.6011219024658203
Rank:0 Epoch: [16/40], Step: [431/782], Loss: 0.523003101348877
Rank:0 Epoch: [16/40], Step: [441/782], Loss: 0.36410483717918396
Rank:0 Epoch: [16/40], Step: [451/782], Loss: 0.3959657549858093
Rank:0 Epoch: [16/40], Step: [461/782], Loss: 0.3602662682533264
Rank:0 Epoch: [16/40], Step: [471/782], Loss: 0.4592852294445038
Rank:0 Epoch: [16/40], Step: [481/782], Loss: 0.4129835069179535
Rank:0 Epoch: [16/40], Step: [491/782], Loss: 0.3390204608440399
Rank:0 Epoch: [16/40], Step: [501/782], Loss: 0.36880725622177124
Rank:0 Epoch: [16/40], Step: [511/782], Loss: 0.23051539063453674
Rank:0 Epoch: [16/40], Step: [521/782], Loss: 0.40555939078330994
Rank:0 Epoch: [16/40], Step: [531/782], Loss: 0.5222519636154175
Rank:0 Epoch: [16/40], Step: [541/782], Loss: 0.34977567195892334
Rank:0 Epoch: [16/40], Step: [551/782], Loss: 0.3127310574054718
Rank:0 Epoch: [16/40], Step: [561/782], Loss: 0.40630730986595154
Rank:0 Epoch: [16/40], Step: [571/782], Loss: 0.3302869200706482
Rank:0 Epoch: [16/40], Step: [581/782], Loss: 0.30404728651046753
Rank:0 Epoch: [16/40], Step: [591/782], Loss: 0.34994515776634216
Rank:0 Epoch: [16/40], Step: [601/782], Loss: 0.3144897520542145
Rank:0 Epoch: [16/40], Step: [611/782], Loss: 0.3719986379146576
Rank:0 Epoch: [16/40], Step: [621/782], Loss: 0.5785151124000549
Rank:0 Epoch: [16/40], Step: [631/782], Loss: 0.48353642225265503
Rank:0 Epoch: [16/40], Step: [641/782], Loss: 0.3970703184604645
Rank:0 Epoch: [16/40], Step: [651/782], Loss: 0.469419926404953
Rank:0 Epoch: [16/40], Step: [661/782], Loss: 0.5192121863365173
Rank:0 Epoch: [16/40], Step: [671/782], Loss: 0.4136168956756592
Rank:0 Epoch: [16/40], Step: [681/782], Loss: 0.45287758111953735
Rank:0 Epoch: [16/40], Step: [691/782], Loss: 0.4986562132835388
Rank:0 Epoch: [16/40], Step: [701/782], Loss: 0.36559367179870605
Rank:0 Epoch: [16/40], Step: [711/782], Loss: 0.5204668045043945
Rank:0 Epoch: [16/40], Step: [721/782], Loss: 0.6905128359794617
Rank:0 Epoch: [16/40], Step: [731/782], Loss: 0.2777080833911896
Rank:0 Epoch: [16/40], Step: [741/782], Loss: 0.5228074193000793
Rank:0 Epoch: [16/40], Step: [751/782], Loss: 0.4727644920349121
Rank:0 Epoch: [16/40], Step: [761/782], Loss: 0.44547516107559204
Rank:0 Epoch: [16/40], Step: [771/782], Loss: 0.3213169276714325
Rank:0 Epoch: [16/40], Step: [781/782], Loss: 0.3323620557785034
Current Test Acc: 0.847
Rank:0 Epoch: [17/40], Step: [1/782], Loss: 0.27971354126930237
Rank:0 Epoch: [17/40], Step: [11/782], Loss: 0.3004162311553955
Rank:0 Epoch: [17/40], Step: [21/782], Loss: 0.3114253580570221
Rank:0 Epoch: [17/40], Step: [31/782], Loss: 0.32681119441986084
Rank:0 Epoch: [17/40], Step: [41/782], Loss: 0.2949161231517792
Rank:0 Epoch: [17/40], Step: [51/782], Loss: 0.518255352973938
Rank:0 Epoch: [17/40], Step: [61/782], Loss: 0.3818489611148834
Rank:0 Epoch: [17/40], Step: [71/782], Loss: 0.3202527165412903
Rank:0 Epoch: [17/40], Step: [81/782], Loss: 0.2695077955722809
Rank:0 Epoch: [17/40], Step: [91/782], Loss: 0.3274921178817749
Rank:0 Epoch: [17/40], Step: [101/782], Loss: 0.3632766306400299
Rank:0 Epoch: [17/40], Step: [111/782], Loss: 0.45948436856269836
Rank:0 Epoch: [17/40], Step: [121/782], Loss: 0.31219321489334106
Rank:0 Epoch: [17/40], Step: [131/782], Loss: 0.4365313649177551
Rank:0 Epoch: [17/40], Step: [141/782], Loss: 0.5648255348205566
Rank:0 Epoch: [17/40], Step: [151/782], Loss: 0.32691213488578796
Rank:0 Epoch: [17/40], Step: [161/782], Loss: 0.2572827637195587
Rank:0 Epoch: [17/40], Step: [171/782], Loss: 0.5647633075714111
Rank:0 Epoch: [17/40], Step: [181/782], Loss: 0.4809539020061493
Rank:0 Epoch: [17/40], Step: [191/782], Loss: 0.3345673978328705
Rank:0 Epoch: [17/40], Step: [201/782], Loss: 0.47730275988578796
Rank:0 Epoch: [17/40], Step: [211/782], Loss: 0.38671037554740906
Rank:0 Epoch: [17/40], Step: [221/782], Loss: 0.37331974506378174
Rank:0 Epoch: [17/40], Step: [231/782], Loss: 0.33270546793937683
Rank:0 Epoch: [17/40], Step: [241/782], Loss: 0.36522752046585083
Rank:0 Epoch: [17/40], Step: [251/782], Loss: 0.49681609869003296
Rank:0 Epoch: [17/40], Step: [261/782], Loss: 0.4495575726032257
Rank:0 Epoch: [17/40], Step: [271/782], Loss: 0.4515266716480255
Rank:0 Epoch: [17/40], Step: [281/782], Loss: 0.19322778284549713
Rank:0 Epoch: [17/40], Step: [291/782], Loss: 0.5803930759429932
Rank:0 Epoch: [17/40], Step: [301/782], Loss: 0.23121103644371033
Rank:0 Epoch: [17/40], Step: [311/782], Loss: 0.34721726179122925
Rank:0 Epoch: [17/40], Step: [321/782], Loss: 0.35016483068466187
Rank:0 Epoch: [17/40], Step: [331/782], Loss: 0.5186632871627808
Rank:0 Epoch: [17/40], Step: [341/782], Loss: 0.31181687116622925
Rank:0 Epoch: [17/40], Step: [351/782], Loss: 0.3662182092666626
Rank:0 Epoch: [17/40], Step: [361/782], Loss: 0.40873995423316956
Rank:0 Epoch: [17/40], Step: [371/782], Loss: 0.39648544788360596
Rank:0 Epoch: [17/40], Step: [381/782], Loss: 0.5495381355285645
Rank:0 Epoch: [17/40], Step: [391/782], Loss: 0.24518468976020813
Rank:0 Epoch: [17/40], Step: [401/782], Loss: 0.4725680947303772
Rank:0 Epoch: [17/40], Step: [411/782], Loss: 0.5006220936775208
Rank:0 Epoch: [17/40], Step: [421/782], Loss: 0.29396817088127136
Rank:0 Epoch: [17/40], Step: [431/782], Loss: 0.2851944863796234
Rank:0 Epoch: [17/40], Step: [441/782], Loss: 0.5318734049797058
Rank:0 Epoch: [17/40], Step: [451/782], Loss: 0.3191409409046173
Rank:0 Epoch: [17/40], Step: [461/782], Loss: 0.4064825177192688
Rank:0 Epoch: [17/40], Step: [471/782], Loss: 0.35610324144363403
Rank:0 Epoch: [17/40], Step: [481/782], Loss: 0.3176678419113159
Rank:0 Epoch: [17/40], Step: [491/782], Loss: 0.46272891759872437
Rank:0 Epoch: [17/40], Step: [501/782], Loss: 0.3264514207839966
Rank:0 Epoch: [17/40], Step: [511/782], Loss: 0.4285581707954407
Rank:0 Epoch: [17/40], Step: [521/782], Loss: 0.5110269784927368
Rank:0 Epoch: [17/40], Step: [531/782], Loss: 0.6170070171356201
Rank:0 Epoch: [17/40], Step: [541/782], Loss: 0.35177040100097656
Rank:0 Epoch: [17/40], Step: [551/782], Loss: 0.37789279222488403
Rank:0 Epoch: [17/40], Step: [561/782], Loss: 0.5311494469642639
Rank:0 Epoch: [17/40], Step: [571/782], Loss: 0.38551270961761475
Rank:0 Epoch: [17/40], Step: [581/782], Loss: 0.5337027907371521
Rank:0 Epoch: [17/40], Step: [591/782], Loss: 0.30067121982574463
Rank:0 Epoch: [17/40], Step: [601/782], Loss: 0.18834364414215088
Rank:0 Epoch: [17/40], Step: [611/782], Loss: 0.5111247301101685
Rank:0 Epoch: [17/40], Step: [621/782], Loss: 0.3930628001689911
Rank:0 Epoch: [17/40], Step: [631/782], Loss: 0.3629198670387268
Rank:0 Epoch: [17/40], Step: [641/782], Loss: 0.3707181215286255
Rank:0 Epoch: [17/40], Step: [651/782], Loss: 0.38428837060928345
Rank:0 Epoch: [17/40], Step: [661/782], Loss: 0.34020334482192993
Rank:0 Epoch: [17/40], Step: [671/782], Loss: 0.3736950755119324
Rank:0 Epoch: [17/40], Step: [681/782], Loss: 0.32723933458328247
Rank:0 Epoch: [17/40], Step: [691/782], Loss: 0.3530033528804779
Rank:0 Epoch: [17/40], Step: [701/782], Loss: 0.32546183466911316
Rank:0 Epoch: [17/40], Step: [711/782], Loss: 0.5599454045295715
Rank:0 Epoch: [17/40], Step: [721/782], Loss: 0.27703946828842163
Rank:0 Epoch: [17/40], Step: [731/782], Loss: 0.25297003984451294
Rank:0 Epoch: [17/40], Step: [741/782], Loss: 0.3749617338180542
Rank:0 Epoch: [17/40], Step: [751/782], Loss: 0.5540414452552795
Rank:0 Epoch: [17/40], Step: [761/782], Loss: 0.34732991456985474
Rank:0 Epoch: [17/40], Step: [771/782], Loss: 0.5119957327842712
Rank:0 Epoch: [17/40], Step: [781/782], Loss: 0.2787244915962219
Current Test Acc: 0.8228
Rank:0 Epoch: [18/40], Step: [1/782], Loss: 0.2615957260131836
Rank:0 Epoch: [18/40], Step: [11/782], Loss: 0.3562089502811432
Rank:0 Epoch: [18/40], Step: [21/782], Loss: 0.5428115129470825
Rank:0 Epoch: [18/40], Step: [31/782], Loss: 0.3542890250682831
Rank:0 Epoch: [18/40], Step: [41/782], Loss: 0.38313716650009155
Rank:0 Epoch: [18/40], Step: [51/782], Loss: 0.2653794586658478
Rank:0 Epoch: [18/40], Step: [61/782], Loss: 0.4852480888366699
Rank:0 Epoch: [18/40], Step: [71/782], Loss: 0.22286655008792877
Rank:0 Epoch: [18/40], Step: [81/782], Loss: 0.35783150792121887
Rank:0 Epoch: [18/40], Step: [91/782], Loss: 0.30768853425979614
Rank:0 Epoch: [18/40], Step: [101/782], Loss: 0.19722245633602142
Rank:0 Epoch: [18/40], Step: [111/782], Loss: 0.41596394777297974
Rank:0 Epoch: [18/40], Step: [121/782], Loss: 0.4280403256416321
Rank:0 Epoch: [18/40], Step: [131/782], Loss: 0.43533462285995483
Rank:0 Epoch: [18/40], Step: [141/782], Loss: 0.3503913879394531
Rank:0 Epoch: [18/40], Step: [151/782], Loss: 0.3340339958667755
Rank:0 Epoch: [18/40], Step: [161/782], Loss: 0.5543953776359558
Rank:0 Epoch: [18/40], Step: [171/782], Loss: 0.6032947301864624
Rank:0 Epoch: [18/40], Step: [181/782], Loss: 0.1716465801000595
Rank:0 Epoch: [18/40], Step: [191/782], Loss: 0.7604413032531738
Rank:0 Epoch: [18/40], Step: [201/782], Loss: 0.6191440224647522
Rank:0 Epoch: [18/40], Step: [211/782], Loss: 0.4111121594905853
Rank:0 Epoch: [18/40], Step: [221/782], Loss: 0.275784969329834
Rank:0 Epoch: [18/40], Step: [231/782], Loss: 0.289144903421402
Rank:0 Epoch: [18/40], Step: [241/782], Loss: 0.1996019184589386
Rank:0 Epoch: [18/40], Step: [251/782], Loss: 0.2124171257019043
Rank:0 Epoch: [18/40], Step: [261/782], Loss: 0.733979344367981
Rank:0 Epoch: [18/40], Step: [271/782], Loss: 0.4606621265411377
Rank:0 Epoch: [18/40], Step: [281/782], Loss: 0.3402305841445923
Rank:0 Epoch: [18/40], Step: [291/782], Loss: 0.3978324830532074
Rank:0 Epoch: [18/40], Step: [301/782], Loss: 0.47972843050956726
Rank:0 Epoch: [18/40], Step: [311/782], Loss: 0.379489004611969
Rank:0 Epoch: [18/40], Step: [321/782], Loss: 0.36603283882141113
Rank:0 Epoch: [18/40], Step: [331/782], Loss: 0.4580976963043213
Rank:0 Epoch: [18/40], Step: [341/782], Loss: 0.42566174268722534
Rank:0 Epoch: [18/40], Step: [351/782], Loss: 0.37955963611602783
Rank:0 Epoch: [18/40], Step: [361/782], Loss: 0.4410659968852997
Rank:0 Epoch: [18/40], Step: [371/782], Loss: 0.4555584192276001
Rank:0 Epoch: [18/40], Step: [381/782], Loss: 0.21141472458839417
Rank:0 Epoch: [18/40], Step: [391/782], Loss: 0.36497026681900024
Rank:0 Epoch: [18/40], Step: [401/782], Loss: 0.44317716360092163
Rank:0 Epoch: [18/40], Step: [411/782], Loss: 0.27071091532707214
Rank:0 Epoch: [18/40], Step: [421/782], Loss: 0.3149946928024292
Rank:0 Epoch: [18/40], Step: [431/782], Loss: 0.3868774473667145
Rank:0 Epoch: [18/40], Step: [441/782], Loss: 0.3497200012207031
Rank:0 Epoch: [18/40], Step: [451/782], Loss: 0.35377559065818787
Rank:0 Epoch: [18/40], Step: [461/782], Loss: 0.44215044379234314
Rank:0 Epoch: [18/40], Step: [471/782], Loss: 0.5198450684547424
Rank:0 Epoch: [18/40], Step: [481/782], Loss: 0.5915080308914185
Rank:0 Epoch: [18/40], Step: [491/782], Loss: 0.26218828558921814
Rank:0 Epoch: [18/40], Step: [501/782], Loss: 0.40869787335395813
Rank:0 Epoch: [18/40], Step: [511/782], Loss: 0.5168261528015137
Rank:0 Epoch: [18/40], Step: [521/782], Loss: 0.2297947108745575
Rank:0 Epoch: [18/40], Step: [531/782], Loss: 0.4949815571308136
Rank:0 Epoch: [18/40], Step: [541/782], Loss: 0.3909758925437927
Rank:0 Epoch: [18/40], Step: [551/782], Loss: 0.3745821416378021
Rank:0 Epoch: [18/40], Step: [561/782], Loss: 0.561556875705719
Rank:0 Epoch: [18/40], Step: [571/782], Loss: 0.42358604073524475
Rank:0 Epoch: [18/40], Step: [581/782], Loss: 0.4654929041862488
Rank:0 Epoch: [18/40], Step: [591/782], Loss: 0.24513396620750427
Rank:0 Epoch: [18/40], Step: [601/782], Loss: 0.5146573185920715
Rank:0 Epoch: [18/40], Step: [611/782], Loss: 0.45895886421203613
Rank:0 Epoch: [18/40], Step: [621/782], Loss: 0.3652682304382324
Rank:0 Epoch: [18/40], Step: [631/782], Loss: 0.494985431432724
Rank:0 Epoch: [18/40], Step: [641/782], Loss: 0.3873085677623749
Rank:0 Epoch: [18/40], Step: [651/782], Loss: 0.31752508878707886
Rank:0 Epoch: [18/40], Step: [661/782], Loss: 0.5669609308242798
Rank:0 Epoch: [18/40], Step: [671/782], Loss: 0.45014458894729614
Rank:0 Epoch: [18/40], Step: [681/782], Loss: 0.36485978960990906
Rank:0 Epoch: [18/40], Step: [691/782], Loss: 0.49686968326568604
Rank:0 Epoch: [18/40], Step: [701/782], Loss: 0.44756218791007996
Rank:0 Epoch: [18/40], Step: [711/782], Loss: 0.4314587116241455
Rank:0 Epoch: [18/40], Step: [721/782], Loss: 0.3727248013019562
Rank:0 Epoch: [18/40], Step: [731/782], Loss: 0.24721060693264008
Rank:0 Epoch: [18/40], Step: [741/782], Loss: 0.3968687951564789
Rank:0 Epoch: [18/40], Step: [751/782], Loss: 0.34652838110923767
Rank:0 Epoch: [18/40], Step: [761/782], Loss: 0.48249995708465576
Rank:0 Epoch: [18/40], Step: [771/782], Loss: 0.41879135370254517
Rank:0 Epoch: [18/40], Step: [781/782], Loss: 0.24446174502372742
Current Test Acc: 0.8341
Rank:0 Epoch: [19/40], Step: [1/782], Loss: 0.43846720457077026
Rank:0 Epoch: [19/40], Step: [11/782], Loss: 0.2839903235435486
Rank:0 Epoch: [19/40], Step: [21/782], Loss: 0.38892513513565063
Rank:0 Epoch: [19/40], Step: [31/782], Loss: 0.3588900864124298
Rank:0 Epoch: [19/40], Step: [41/782], Loss: 0.39047834277153015
Rank:0 Epoch: [19/40], Step: [51/782], Loss: 0.3519079089164734
Rank:0 Epoch: [19/40], Step: [61/782], Loss: 0.3024745583534241
Rank:0 Epoch: [19/40], Step: [71/782], Loss: 0.16467250883579254
Rank:0 Epoch: [19/40], Step: [81/782], Loss: 0.3849444091320038
Rank:0 Epoch: [19/40], Step: [91/782], Loss: 0.5816575288772583
Rank:0 Epoch: [19/40], Step: [101/782], Loss: 0.24726934731006622
Rank:0 Epoch: [19/40], Step: [111/782], Loss: 0.3866770565509796
Rank:0 Epoch: [19/40], Step: [121/782], Loss: 0.6029567718505859
Rank:0 Epoch: [19/40], Step: [131/782], Loss: 0.3455921709537506
Rank:0 Epoch: [19/40], Step: [141/782], Loss: 0.450654536485672
Rank:0 Epoch: [19/40], Step: [151/782], Loss: 0.4210672080516815
Rank:0 Epoch: [19/40], Step: [161/782], Loss: 0.4518069326877594
Rank:0 Epoch: [19/40], Step: [171/782], Loss: 0.387660413980484
Rank:0 Epoch: [19/40], Step: [181/782], Loss: 0.472284734249115
Rank:0 Epoch: [19/40], Step: [191/782], Loss: 0.4424492120742798
Rank:0 Epoch: [19/40], Step: [201/782], Loss: 0.43909868597984314
Rank:0 Epoch: [19/40], Step: [211/782], Loss: 0.5035467147827148
Rank:0 Epoch: [19/40], Step: [221/782], Loss: 0.3449128270149231
Rank:0 Epoch: [19/40], Step: [231/782], Loss: 0.38620105385780334
Rank:0 Epoch: [19/40], Step: [241/782], Loss: 0.38102075457572937
Rank:0 Epoch: [19/40], Step: [251/782], Loss: 0.5527500510215759
Rank:0 Epoch: [19/40], Step: [261/782], Loss: 0.48053571581840515
Rank:0 Epoch: [19/40], Step: [271/782], Loss: 0.36538463830947876
Rank:0 Epoch: [19/40], Step: [281/782], Loss: 0.32283759117126465
Rank:0 Epoch: [19/40], Step: [291/782], Loss: 0.4138089120388031
Rank:0 Epoch: [19/40], Step: [301/782], Loss: 0.4110461175441742
Rank:0 Epoch: [19/40], Step: [311/782], Loss: 0.32969149947166443
Rank:0 Epoch: [19/40], Step: [321/782], Loss: 0.2755396068096161
Rank:0 Epoch: [19/40], Step: [331/782], Loss: 0.35116273164749146
Rank:0 Epoch: [19/40], Step: [341/782], Loss: 0.6062899827957153
Rank:0 Epoch: [19/40], Step: [351/782], Loss: 0.4250014126300812
Rank:0 Epoch: [19/40], Step: [361/782], Loss: 0.5290427207946777
Rank:0 Epoch: [19/40], Step: [371/782], Loss: 0.3820388913154602
Rank:0 Epoch: [19/40], Step: [381/782], Loss: 0.31487569212913513
Rank:0 Epoch: [19/40], Step: [391/782], Loss: 0.5392540097236633
Rank:0 Epoch: [19/40], Step: [401/782], Loss: 0.531380832195282
Rank:0 Epoch: [19/40], Step: [411/782], Loss: 0.5313353538513184
Rank:0 Epoch: [19/40], Step: [421/782], Loss: 0.38343313336372375
Rank:0 Epoch: [19/40], Step: [431/782], Loss: 0.45266085863113403
Rank:0 Epoch: [19/40], Step: [441/782], Loss: 0.31501227617263794
Rank:0 Epoch: [19/40], Step: [451/782], Loss: 0.2826617360115051
Rank:0 Epoch: [19/40], Step: [461/782], Loss: 0.35772621631622314
Rank:0 Epoch: [19/40], Step: [471/782], Loss: 0.2381669282913208
Rank:0 Epoch: [19/40], Step: [481/782], Loss: 0.30335554480552673
Rank:0 Epoch: [19/40], Step: [491/782], Loss: 0.2995045483112335
Rank:0 Epoch: [19/40], Step: [501/782], Loss: 0.6425153613090515
Rank:0 Epoch: [19/40], Step: [511/782], Loss: 0.4389980137348175
Rank:0 Epoch: [19/40], Step: [521/782], Loss: 0.5186338424682617
Rank:0 Epoch: [19/40], Step: [531/782], Loss: 0.39655378460884094
Rank:0 Epoch: [19/40], Step: [541/782], Loss: 0.6216888427734375
Rank:0 Epoch: [19/40], Step: [551/782], Loss: 0.3383100628852844
Rank:0 Epoch: [19/40], Step: [561/782], Loss: 0.21181686222553253
Rank:0 Epoch: [19/40], Step: [571/782], Loss: 0.33270975947380066
Rank:0 Epoch: [19/40], Step: [581/782], Loss: 0.4075694978237152
Rank:0 Epoch: [19/40], Step: [591/782], Loss: 0.40508848428726196
Rank:0 Epoch: [19/40], Step: [601/782], Loss: 0.5406679511070251
Rank:0 Epoch: [19/40], Step: [611/782], Loss: 0.2767786681652069
Rank:0 Epoch: [19/40], Step: [621/782], Loss: 0.2845655083656311
Rank:0 Epoch: [19/40], Step: [631/782], Loss: 0.4111346900463104
Rank:0 Epoch: [19/40], Step: [641/782], Loss: 0.6292694807052612
Rank:0 Epoch: [19/40], Step: [651/782], Loss: 0.6156215071678162
Rank:0 Epoch: [19/40], Step: [661/782], Loss: 0.31664031744003296
Rank:0 Epoch: [19/40], Step: [671/782], Loss: 0.4311508536338806
Rank:0 Epoch: [19/40], Step: [681/782], Loss: 0.23845095932483673
Rank:0 Epoch: [19/40], Step: [691/782], Loss: 0.5011305212974548
Rank:0 Epoch: [19/40], Step: [701/782], Loss: 0.39391160011291504
Rank:0 Epoch: [19/40], Step: [711/782], Loss: 0.44147607684135437
Rank:0 Epoch: [19/40], Step: [721/782], Loss: 0.31035685539245605
Rank:0 Epoch: [19/40], Step: [731/782], Loss: 0.5153827667236328
Rank:0 Epoch: [19/40], Step: [741/782], Loss: 0.38876521587371826
Rank:0 Epoch: [19/40], Step: [751/782], Loss: 0.4925066828727722
Rank:0 Epoch: [19/40], Step: [761/782], Loss: 0.219488725066185
Rank:0 Epoch: [19/40], Step: [771/782], Loss: 0.2376406490802765
Rank:0 Epoch: [19/40], Step: [781/782], Loss: 0.3951631188392639
Current Test Acc: 0.8256
Rank:0 Epoch: [20/40], Step: [1/782], Loss: 0.3274359107017517
Rank:0 Epoch: [20/40], Step: [11/782], Loss: 0.3061423599720001
Rank:0 Epoch: [20/40], Step: [21/782], Loss: 0.2503680884838104
Rank:0 Epoch: [20/40], Step: [31/782], Loss: 0.29025888442993164
Rank:0 Epoch: [20/40], Step: [41/782], Loss: 0.5422842502593994
Rank:0 Epoch: [20/40], Step: [51/782], Loss: 0.3711552321910858
Rank:0 Epoch: [20/40], Step: [61/782], Loss: 0.29859018325805664
Rank:0 Epoch: [20/40], Step: [71/782], Loss: 0.3645658791065216
Rank:0 Epoch: [20/40], Step: [81/782], Loss: 0.41068941354751587
Rank:0 Epoch: [20/40], Step: [91/782], Loss: 0.3781546652317047
Rank:0 Epoch: [20/40], Step: [101/782], Loss: 0.31567949056625366
Rank:0 Epoch: [20/40], Step: [111/782], Loss: 0.4626966416835785
Rank:0 Epoch: [20/40], Step: [121/782], Loss: 0.37667879462242126
Rank:0 Epoch: [20/40], Step: [131/782], Loss: 0.34996140003204346
Rank:0 Epoch: [20/40], Step: [141/782], Loss: 0.5636579394340515
Rank:0 Epoch: [20/40], Step: [151/782], Loss: 0.49522653222084045
Rank:0 Epoch: [20/40], Step: [161/782], Loss: 0.4054368734359741
Rank:0 Epoch: [20/40], Step: [171/782], Loss: 0.38104262948036194
Rank:0 Epoch: [20/40], Step: [181/782], Loss: 0.4700225591659546
Rank:0 Epoch: [20/40], Step: [191/782], Loss: 0.3374786972999573
Rank:0 Epoch: [20/40], Step: [201/782], Loss: 0.37090492248535156
Rank:0 Epoch: [20/40], Step: [211/782], Loss: 0.3493167757987976
Rank:0 Epoch: [20/40], Step: [221/782], Loss: 0.3432987332344055
Rank:0 Epoch: [20/40], Step: [231/782], Loss: 0.36834779381752014
Rank:0 Epoch: [20/40], Step: [241/782], Loss: 0.40960538387298584
Rank:0 Epoch: [20/40], Step: [251/782], Loss: 0.38853389024734497
Rank:0 Epoch: [20/40], Step: [261/782], Loss: 0.2631952464580536
Rank:0 Epoch: [20/40], Step: [271/782], Loss: 0.3205353915691376
Rank:0 Epoch: [20/40], Step: [281/782], Loss: 0.6135821342468262
Rank:0 Epoch: [20/40], Step: [291/782], Loss: 0.31399425864219666
Rank:0 Epoch: [20/40], Step: [301/782], Loss: 0.29740414023399353
Rank:0 Epoch: [20/40], Step: [311/782], Loss: 0.3358021378517151
Rank:0 Epoch: [20/40], Step: [321/782], Loss: 0.2433454692363739
Rank:0 Epoch: [20/40], Step: [331/782], Loss: 0.35673987865448
Rank:0 Epoch: [20/40], Step: [341/782], Loss: 0.2990594208240509
Rank:0 Epoch: [20/40], Step: [351/782], Loss: 0.3353678286075592
Rank:0 Epoch: [20/40], Step: [361/782], Loss: 0.3892853260040283
Rank:0 Epoch: [20/40], Step: [371/782], Loss: 0.3854963183403015
Rank:0 Epoch: [20/40], Step: [381/782], Loss: 0.5453072786331177
Rank:0 Epoch: [20/40], Step: [391/782], Loss: 0.4169117510318756
Rank:0 Epoch: [20/40], Step: [401/782], Loss: 0.45925259590148926
Rank:0 Epoch: [20/40], Step: [411/782], Loss: 0.6062573790550232
Rank:0 Epoch: [20/40], Step: [421/782], Loss: 0.39040905237197876
Rank:0 Epoch: [20/40], Step: [431/782], Loss: 0.4820711612701416
Rank:0 Epoch: [20/40], Step: [441/782], Loss: 0.4445018768310547
Rank:0 Epoch: [20/40], Step: [451/782], Loss: 0.4105244576931
Rank:0 Epoch: [20/40], Step: [461/782], Loss: 0.44608795642852783
Rank:0 Epoch: [20/40], Step: [471/782], Loss: 0.4770248234272003
Rank:0 Epoch: [20/40], Step: [481/782], Loss: 0.4490390121936798
Rank:0 Epoch: [20/40], Step: [491/782], Loss: 0.45622164011001587
Rank:0 Epoch: [20/40], Step: [501/782], Loss: 0.8157086372375488
Rank:0 Epoch: [20/40], Step: [511/782], Loss: 0.39243611693382263
Rank:0 Epoch: [20/40], Step: [521/782], Loss: 0.4569561779499054
Rank:0 Epoch: [20/40], Step: [531/782], Loss: 0.40902620553970337
Rank:0 Epoch: [20/40], Step: [541/782], Loss: 0.22851493954658508
Rank:0 Epoch: [20/40], Step: [551/782], Loss: 0.4019370973110199
Rank:0 Epoch: [20/40], Step: [561/782], Loss: 0.36796844005584717
Rank:0 Epoch: [20/40], Step: [571/782], Loss: 0.3549402058124542
Rank:0 Epoch: [20/40], Step: [581/782], Loss: 0.3257101774215698
Rank:0 Epoch: [20/40], Step: [591/782], Loss: 0.38743576407432556
Rank:0 Epoch: [20/40], Step: [601/782], Loss: 0.5451898574829102
Rank:0 Epoch: [20/40], Step: [611/782], Loss: 0.4632580280303955
Rank:0 Epoch: [20/40], Step: [621/782], Loss: 0.3201620280742645
Rank:0 Epoch: [20/40], Step: [631/782], Loss: 0.4959181547164917
Rank:0 Epoch: [20/40], Step: [641/782], Loss: 0.2830907702445984
Rank:0 Epoch: [20/40], Step: [651/782], Loss: 0.25494933128356934
Rank:0 Epoch: [20/40], Step: [661/782], Loss: 0.3064832389354706
Rank:0 Epoch: [20/40], Step: [671/782], Loss: 0.2677569091320038
Rank:0 Epoch: [20/40], Step: [681/782], Loss: 0.33442771434783936
Rank:0 Epoch: [20/40], Step: [691/782], Loss: 0.6106520891189575
Rank:0 Epoch: [20/40], Step: [701/782], Loss: 0.3471847474575043
Rank:0 Epoch: [20/40], Step: [711/782], Loss: 0.4126441776752472
Rank:0 Epoch: [20/40], Step: [721/782], Loss: 0.32017582654953003
Rank:0 Epoch: [20/40], Step: [731/782], Loss: 0.5914667248725891
Rank:0 Epoch: [20/40], Step: [741/782], Loss: 0.5094570517539978
Rank:0 Epoch: [20/40], Step: [751/782], Loss: 0.6135805249214172
Rank:0 Epoch: [20/40], Step: [761/782], Loss: 0.3836604952812195
Rank:0 Epoch: [20/40], Step: [771/782], Loss: 0.30899298191070557
Rank:0 Epoch: [20/40], Step: [781/782], Loss: 0.2852630913257599
Current Test Acc: 0.8362
Rank:0 Epoch: [21/40], Step: [1/782], Loss: 0.31603607535362244
Rank:0 Epoch: [21/40], Step: [11/782], Loss: 0.39388036727905273
Rank:0 Epoch: [21/40], Step: [21/782], Loss: 0.27864086627960205
Rank:0 Epoch: [21/40], Step: [31/782], Loss: 0.39484867453575134
Rank:0 Epoch: [21/40], Step: [41/782], Loss: 0.3242412805557251
Rank:0 Epoch: [21/40], Step: [51/782], Loss: 0.3931581676006317
Rank:0 Epoch: [21/40], Step: [61/782], Loss: 0.2798246443271637
Rank:0 Epoch: [21/40], Step: [71/782], Loss: 0.36057302355766296
Rank:0 Epoch: [21/40], Step: [81/782], Loss: 0.2197428047657013
Rank:0 Epoch: [21/40], Step: [91/782], Loss: 0.31616532802581787
Rank:0 Epoch: [21/40], Step: [101/782], Loss: 0.35249295830726624
Rank:0 Epoch: [21/40], Step: [111/782], Loss: 0.2638612985610962
Rank:0 Epoch: [21/40], Step: [121/782], Loss: 0.4080085754394531
Rank:0 Epoch: [21/40], Step: [131/782], Loss: 0.29742348194122314
Rank:0 Epoch: [21/40], Step: [141/782], Loss: 0.2798379361629486
Rank:0 Epoch: [21/40], Step: [151/782], Loss: 0.27699506282806396
Rank:0 Epoch: [21/40], Step: [161/782], Loss: 0.2439904659986496
Rank:0 Epoch: [21/40], Step: [171/782], Loss: 0.45503711700439453
Rank:0 Epoch: [21/40], Step: [181/782], Loss: 0.1721857637166977
Rank:0 Epoch: [21/40], Step: [191/782], Loss: 0.3431699275970459
Rank:0 Epoch: [21/40], Step: [201/782], Loss: 0.22347179055213928
Rank:0 Epoch: [21/40], Step: [211/782], Loss: 0.2696668207645416
Rank:0 Epoch: [21/40], Step: [221/782], Loss: 0.32090848684310913
Rank:0 Epoch: [21/40], Step: [231/782], Loss: 0.38389378786087036
Rank:0 Epoch: [21/40], Step: [241/782], Loss: 0.2203899472951889
Rank:0 Epoch: [21/40], Step: [251/782], Loss: 0.31990858912467957
Rank:0 Epoch: [21/40], Step: [261/782], Loss: 0.3120151162147522
Rank:0 Epoch: [21/40], Step: [271/782], Loss: 0.5152348875999451
Rank:0 Epoch: [21/40], Step: [281/782], Loss: 0.4073891043663025
Rank:0 Epoch: [21/40], Step: [291/782], Loss: 0.26330721378326416
Rank:0 Epoch: [21/40], Step: [301/782], Loss: 0.35486018657684326
Rank:0 Epoch: [21/40], Step: [311/782], Loss: 0.33275991678237915
Rank:0 Epoch: [21/40], Step: [321/782], Loss: 0.3453287184238434
Rank:0 Epoch: [21/40], Step: [331/782], Loss: 0.28770142793655396
Rank:0 Epoch: [21/40], Step: [341/782], Loss: 0.2913057804107666
Rank:0 Epoch: [21/40], Step: [351/782], Loss: 0.2339678704738617
Rank:0 Epoch: [21/40], Step: [361/782], Loss: 0.2237321436405182
Rank:0 Epoch: [21/40], Step: [371/782], Loss: 0.27998068928718567
Rank:0 Epoch: [21/40], Step: [381/782], Loss: 0.4623626470565796
Rank:0 Epoch: [21/40], Step: [391/782], Loss: 0.35299649834632874
Rank:0 Epoch: [21/40], Step: [401/782], Loss: 0.2850075364112854
Rank:0 Epoch: [21/40], Step: [411/782], Loss: 0.2956567406654358
Rank:0 Epoch: [21/40], Step: [421/782], Loss: 0.31347811222076416
Rank:0 Epoch: [21/40], Step: [431/782], Loss: 0.34583836793899536
Rank:0 Epoch: [21/40], Step: [441/782], Loss: 0.37788742780685425
Rank:0 Epoch: [21/40], Step: [451/782], Loss: 0.23355594277381897
Rank:0 Epoch: [21/40], Step: [461/782], Loss: 0.3574645519256592
Rank:0 Epoch: [21/40], Step: [471/782], Loss: 0.3602159023284912
Rank:0 Epoch: [21/40], Step: [481/782], Loss: 0.10988596081733704
Rank:0 Epoch: [21/40], Step: [491/782], Loss: 0.34790775179862976
Rank:0 Epoch: [21/40], Step: [501/782], Loss: 0.19557112455368042
Rank:0 Epoch: [21/40], Step: [511/782], Loss: 0.17545560002326965
Rank:0 Epoch: [21/40], Step: [521/782], Loss: 0.20857921242713928
Rank:0 Epoch: [21/40], Step: [531/782], Loss: 0.17792075872421265
Rank:0 Epoch: [21/40], Step: [541/782], Loss: 0.26669439673423767
Rank:0 Epoch: [21/40], Step: [551/782], Loss: 0.3881015181541443
Rank:0 Epoch: [21/40], Step: [561/782], Loss: 0.349600613117218
Rank:0 Epoch: [21/40], Step: [571/782], Loss: 0.20340768992900848
Rank:0 Epoch: [21/40], Step: [581/782], Loss: 0.25405704975128174
Rank:0 Epoch: [21/40], Step: [591/782], Loss: 0.2689589858055115
Rank:0 Epoch: [21/40], Step: [601/782], Loss: 0.2620854377746582
Rank:0 Epoch: [21/40], Step: [611/782], Loss: 0.28309524059295654
Rank:0 Epoch: [21/40], Step: [621/782], Loss: 0.23892821371555328
Rank:0 Epoch: [21/40], Step: [631/782], Loss: 0.14369261264801025
Rank:0 Epoch: [21/40], Step: [641/782], Loss: 0.17059104144573212
Rank:0 Epoch: [21/40], Step: [651/782], Loss: 0.39626768231391907
Rank:0 Epoch: [21/40], Step: [661/782], Loss: 0.3095727860927582
Rank:0 Epoch: [21/40], Step: [671/782], Loss: 0.2108701765537262
Rank:0 Epoch: [21/40], Step: [681/782], Loss: 0.19173334538936615
Rank:0 Epoch: [21/40], Step: [691/782], Loss: 0.21751943230628967
Rank:0 Epoch: [21/40], Step: [701/782], Loss: 0.3620333671569824
Rank:0 Epoch: [21/40], Step: [711/782], Loss: 0.18569481372833252
Rank:0 Epoch: [21/40], Step: [721/782], Loss: 0.12464592605829239
Rank:0 Epoch: [21/40], Step: [731/782], Loss: 0.25154000520706177
Rank:0 Epoch: [21/40], Step: [741/782], Loss: 0.12112154811620712
Rank:0 Epoch: [21/40], Step: [751/782], Loss: 0.1720632165670395
Rank:0 Epoch: [21/40], Step: [761/782], Loss: 0.27460238337516785
Rank:0 Epoch: [21/40], Step: [771/782], Loss: 0.31799742579460144
Rank:0 Epoch: [21/40], Step: [781/782], Loss: 0.23687735199928284
Current Test Acc: 0.8888
Rank:0 Epoch: [22/40], Step: [1/782], Loss: 0.2882971167564392
Rank:0 Epoch: [22/40], Step: [11/782], Loss: 0.21596871316432953
Rank:0 Epoch: [22/40], Step: [21/782], Loss: 0.15069589018821716
Rank:0 Epoch: [22/40], Step: [31/782], Loss: 0.23311235010623932
Rank:0 Epoch: [22/40], Step: [41/782], Loss: 0.3153246343135834
Rank:0 Epoch: [22/40], Step: [51/782], Loss: 0.3285449147224426
Rank:0 Epoch: [22/40], Step: [61/782], Loss: 0.2407224029302597
Rank:0 Epoch: [22/40], Step: [71/782], Loss: 0.2728663682937622
Rank:0 Epoch: [22/40], Step: [81/782], Loss: 0.43037378787994385
Rank:0 Epoch: [22/40], Step: [91/782], Loss: 0.23637546598911285
Rank:0 Epoch: [22/40], Step: [101/782], Loss: 0.19430677592754364
Rank:0 Epoch: [22/40], Step: [111/782], Loss: 0.25643035769462585
Rank:0 Epoch: [22/40], Step: [121/782], Loss: 0.17229647934436798
Rank:0 Epoch: [22/40], Step: [131/782], Loss: 0.19773148000240326
Rank:0 Epoch: [22/40], Step: [141/782], Loss: 0.3602926731109619
Rank:0 Epoch: [22/40], Step: [151/782], Loss: 0.18031884729862213
Rank:0 Epoch: [22/40], Step: [161/782], Loss: 0.16415299475193024
Rank:0 Epoch: [22/40], Step: [171/782], Loss: 0.23191437125205994
Rank:0 Epoch: [22/40], Step: [181/782], Loss: 0.19549867510795593
Rank:0 Epoch: [22/40], Step: [191/782], Loss: 0.41782015562057495
Rank:0 Epoch: [22/40], Step: [201/782], Loss: 0.2525666356086731
Rank:0 Epoch: [22/40], Step: [211/782], Loss: 0.25187069177627563
Rank:0 Epoch: [22/40], Step: [221/782], Loss: 0.1824944019317627
Rank:0 Epoch: [22/40], Step: [231/782], Loss: 0.2160041332244873
Rank:0 Epoch: [22/40], Step: [241/782], Loss: 0.26664745807647705
Rank:0 Epoch: [22/40], Step: [251/782], Loss: 0.17041584849357605
Rank:0 Epoch: [22/40], Step: [261/782], Loss: 0.2600569427013397
Rank:0 Epoch: [22/40], Step: [271/782], Loss: 0.2718307375907898
Rank:0 Epoch: [22/40], Step: [281/782], Loss: 0.31164610385894775
Rank:0 Epoch: [22/40], Step: [291/782], Loss: 0.24058538675308228
Rank:0 Epoch: [22/40], Step: [301/782], Loss: 0.37905460596084595
Rank:0 Epoch: [22/40], Step: [311/782], Loss: 0.23771144449710846
Rank:0 Epoch: [22/40], Step: [321/782], Loss: 0.3630078136920929
Rank:0 Epoch: [22/40], Step: [331/782], Loss: 0.19441978633403778
Rank:0 Epoch: [22/40], Step: [341/782], Loss: 0.36478039622306824
Rank:0 Epoch: [22/40], Step: [351/782], Loss: 0.21440845727920532
Rank:0 Epoch: [22/40], Step: [361/782], Loss: 0.33324167132377625
Rank:0 Epoch: [22/40], Step: [371/782], Loss: 0.2322409600019455
Rank:0 Epoch: [22/40], Step: [381/782], Loss: 0.20198725163936615
Rank:0 Epoch: [22/40], Step: [391/782], Loss: 0.4346579909324646
Rank:0 Epoch: [22/40], Step: [401/782], Loss: 0.16602642834186554
Rank:0 Epoch: [22/40], Step: [411/782], Loss: 0.3734246790409088
Rank:0 Epoch: [22/40], Step: [421/782], Loss: 0.15274189412593842
Rank:0 Epoch: [22/40], Step: [431/782], Loss: 0.3366815447807312
Rank:0 Epoch: [22/40], Step: [441/782], Loss: 0.3196354806423187
Rank:0 Epoch: [22/40], Step: [451/782], Loss: 0.18523326516151428
Rank:0 Epoch: [22/40], Step: [461/782], Loss: 0.23785889148712158
Rank:0 Epoch: [22/40], Step: [471/782], Loss: 0.42386651039123535
Rank:0 Epoch: [22/40], Step: [481/782], Loss: 0.24618183076381683
Rank:0 Epoch: [22/40], Step: [491/782], Loss: 0.30564433336257935
Rank:0 Epoch: [22/40], Step: [501/782], Loss: 0.22697943449020386
Rank:0 Epoch: [22/40], Step: [511/782], Loss: 0.16456763446331024
Rank:0 Epoch: [22/40], Step: [521/782], Loss: 0.35925915837287903
Rank:0 Epoch: [22/40], Step: [531/782], Loss: 0.36836665868759155
Rank:0 Epoch: [22/40], Step: [541/782], Loss: 0.21664361655712128
Rank:0 Epoch: [22/40], Step: [551/782], Loss: 0.28795912861824036
Rank:0 Epoch: [22/40], Step: [561/782], Loss: 0.34102216362953186
Rank:0 Epoch: [22/40], Step: [571/782], Loss: 0.19196493923664093
Rank:0 Epoch: [22/40], Step: [581/782], Loss: 0.34617334604263306
Rank:0 Epoch: [22/40], Step: [591/782], Loss: 0.41505298018455505
Rank:0 Epoch: [22/40], Step: [601/782], Loss: 0.2977384030818939
Rank:0 Epoch: [22/40], Step: [611/782], Loss: 0.23143258690834045
Rank:0 Epoch: [22/40], Step: [621/782], Loss: 0.3194018304347992
Rank:0 Epoch: [22/40], Step: [631/782], Loss: 0.3262009024620056
Rank:0 Epoch: [22/40], Step: [641/782], Loss: 0.18150274455547333
Rank:0 Epoch: [22/40], Step: [651/782], Loss: 0.14288035035133362
Rank:0 Epoch: [22/40], Step: [661/782], Loss: 0.22700235247612
Rank:0 Epoch: [22/40], Step: [671/782], Loss: 0.2384788542985916
Rank:0 Epoch: [22/40], Step: [681/782], Loss: 0.22721567749977112
Rank:0 Epoch: [22/40], Step: [691/782], Loss: 0.3760068118572235
Rank:0 Epoch: [22/40], Step: [701/782], Loss: 0.17144520580768585
Rank:0 Epoch: [22/40], Step: [711/782], Loss: 0.19601044058799744
Rank:0 Epoch: [22/40], Step: [721/782], Loss: 0.2544214725494385
Rank:0 Epoch: [22/40], Step: [731/782], Loss: 0.28834956884384155
Rank:0 Epoch: [22/40], Step: [741/782], Loss: 0.12358981370925903
Rank:0 Epoch: [22/40], Step: [751/782], Loss: 0.2648911476135254
Rank:0 Epoch: [22/40], Step: [761/782], Loss: 0.30447179079055786
Rank:0 Epoch: [22/40], Step: [771/782], Loss: 0.35582461953163147
Rank:0 Epoch: [22/40], Step: [781/782], Loss: 0.19506120681762695
Current Test Acc: 0.891
Rank:0 Epoch: [23/40], Step: [1/782], Loss: 0.3573915958404541
Rank:0 Epoch: [23/40], Step: [11/782], Loss: 0.22838741540908813
Rank:0 Epoch: [23/40], Step: [21/782], Loss: 0.33986857533454895
Rank:0 Epoch: [23/40], Step: [31/782], Loss: 0.3164422810077667
Rank:0 Epoch: [23/40], Step: [41/782], Loss: 0.2362777143716812
Rank:0 Epoch: [23/40], Step: [51/782], Loss: 0.17631803452968597
Rank:0 Epoch: [23/40], Step: [61/782], Loss: 0.15320293605327606
Rank:0 Epoch: [23/40], Step: [71/782], Loss: 0.23792153596878052
Rank:0 Epoch: [23/40], Step: [81/782], Loss: 0.292680948972702
Rank:0 Epoch: [23/40], Step: [91/782], Loss: 0.20771652460098267
Rank:0 Epoch: [23/40], Step: [101/782], Loss: 0.2106006145477295
Rank:0 Epoch: [23/40], Step: [111/782], Loss: 0.22321876883506775
Rank:0 Epoch: [23/40], Step: [121/782], Loss: 0.18752612173557281
Rank:0 Epoch: [23/40], Step: [131/782], Loss: 0.22269289195537567
Rank:0 Epoch: [23/40], Step: [141/782], Loss: 0.36044153571128845
Rank:0 Epoch: [23/40], Step: [151/782], Loss: 0.21570822596549988
Rank:0 Epoch: [23/40], Step: [161/782], Loss: 0.39411020278930664
Rank:0 Epoch: [23/40], Step: [171/782], Loss: 0.2736146152019501
Rank:0 Epoch: [23/40], Step: [181/782], Loss: 0.20529821515083313
Rank:0 Epoch: [23/40], Step: [191/782], Loss: 0.23168997466564178
Rank:0 Epoch: [23/40], Step: [201/782], Loss: 0.26671168208122253
Rank:0 Epoch: [23/40], Step: [211/782], Loss: 0.16140054166316986
Rank:0 Epoch: [23/40], Step: [221/782], Loss: 0.2701644003391266
Rank:0 Epoch: [23/40], Step: [231/782], Loss: 0.23203186690807343
Rank:0 Epoch: [23/40], Step: [241/782], Loss: 0.1561996340751648
Rank:0 Epoch: [23/40], Step: [251/782], Loss: 0.34734997153282166
Rank:0 Epoch: [23/40], Step: [261/782], Loss: 0.35534608364105225
Rank:0 Epoch: [23/40], Step: [271/782], Loss: 0.15621566772460938
Rank:0 Epoch: [23/40], Step: [281/782], Loss: 0.21255548298358917
Rank:0 Epoch: [23/40], Step: [291/782], Loss: 0.18892428278923035
Rank:0 Epoch: [23/40], Step: [301/782], Loss: 0.4223267138004303
Rank:0 Epoch: [23/40], Step: [311/782], Loss: 0.3310984671115875
Rank:0 Epoch: [23/40], Step: [321/782], Loss: 0.13986633718013763
Rank:0 Epoch: [23/40], Step: [331/782], Loss: 0.18779362738132477
Rank:0 Epoch: [23/40], Step: [341/782], Loss: 0.3130968511104584
Rank:0 Epoch: [23/40], Step: [351/782], Loss: 0.17807674407958984
Rank:0 Epoch: [23/40], Step: [361/782], Loss: 0.19355902075767517
Rank:0 Epoch: [23/40], Step: [371/782], Loss: 0.19750477373600006
Rank:0 Epoch: [23/40], Step: [381/782], Loss: 0.1302982121706009
Rank:0 Epoch: [23/40], Step: [391/782], Loss: 0.2801850438117981
Rank:0 Epoch: [23/40], Step: [401/782], Loss: 0.3420003056526184
Rank:0 Epoch: [23/40], Step: [411/782], Loss: 0.17205554246902466
Rank:0 Epoch: [23/40], Step: [421/782], Loss: 0.23000602424144745
Rank:0 Epoch: [23/40], Step: [431/782], Loss: 0.201214998960495
Rank:0 Epoch: [23/40], Step: [441/782], Loss: 0.29844021797180176
Rank:0 Epoch: [23/40], Step: [451/782], Loss: 0.19152919948101044
Rank:0 Epoch: [23/40], Step: [461/782], Loss: 0.15109983086585999
Rank:0 Epoch: [23/40], Step: [471/782], Loss: 0.2888416051864624
Rank:0 Epoch: [23/40], Step: [481/782], Loss: 0.14899805188179016
Rank:0 Epoch: [23/40], Step: [491/782], Loss: 0.1355448216199875
Rank:0 Epoch: [23/40], Step: [501/782], Loss: 0.26807838678359985
Rank:0 Epoch: [23/40], Step: [511/782], Loss: 0.14078389108181
Rank:0 Epoch: [23/40], Step: [521/782], Loss: 0.20354166626930237
Rank:0 Epoch: [23/40], Step: [531/782], Loss: 0.39099884033203125
Rank:0 Epoch: [23/40], Step: [541/782], Loss: 0.2661789059638977
Rank:0 Epoch: [23/40], Step: [551/782], Loss: 0.27574750781059265
Rank:0 Epoch: [23/40], Step: [561/782], Loss: 0.1181040033698082
Rank:0 Epoch: [23/40], Step: [571/782], Loss: 0.3816717565059662
Rank:0 Epoch: [23/40], Step: [581/782], Loss: 0.24881954491138458
Rank:0 Epoch: [23/40], Step: [591/782], Loss: 0.20602546632289886
Rank:0 Epoch: [23/40], Step: [601/782], Loss: 0.2615109086036682
Rank:0 Epoch: [23/40], Step: [611/782], Loss: 0.18820372223854065
Rank:0 Epoch: [23/40], Step: [621/782], Loss: 0.16364918649196625
Rank:0 Epoch: [23/40], Step: [631/782], Loss: 0.16005408763885498
Rank:0 Epoch: [23/40], Step: [641/782], Loss: 0.1816488355398178
Rank:0 Epoch: [23/40], Step: [651/782], Loss: 0.15433333814144135
Rank:0 Epoch: [23/40], Step: [661/782], Loss: 0.20849691331386566
Rank:0 Epoch: [23/40], Step: [671/782], Loss: 0.1643604189157486
Rank:0 Epoch: [23/40], Step: [681/782], Loss: 0.2636060118675232
Rank:0 Epoch: [23/40], Step: [691/782], Loss: 0.2043343484401703
Rank:0 Epoch: [23/40], Step: [701/782], Loss: 0.3254481256008148
Rank:0 Epoch: [23/40], Step: [711/782], Loss: 0.4660199284553528
Rank:0 Epoch: [23/40], Step: [721/782], Loss: 0.2497277855873108
Rank:0 Epoch: [23/40], Step: [731/782], Loss: 0.14782005548477173
Rank:0 Epoch: [23/40], Step: [741/782], Loss: 0.38602760434150696
Rank:0 Epoch: [23/40], Step: [751/782], Loss: 0.1750907301902771
Rank:0 Epoch: [23/40], Step: [761/782], Loss: 0.19383901357650757
Rank:0 Epoch: [23/40], Step: [771/782], Loss: 0.1927119642496109
Rank:0 Epoch: [23/40], Step: [781/782], Loss: 0.14447960257530212
Current Test Acc: 0.8939
Rank:0 Epoch: [24/40], Step: [1/782], Loss: 0.18116050958633423
Rank:0 Epoch: [24/40], Step: [11/782], Loss: 0.17100085318088531
Rank:0 Epoch: [24/40], Step: [21/782], Loss: 0.24353395402431488
Rank:0 Epoch: [24/40], Step: [31/782], Loss: 0.12105915695428848
Rank:0 Epoch: [24/40], Step: [41/782], Loss: 0.20120836794376373
Rank:0 Epoch: [24/40], Step: [51/782], Loss: 0.15316911041736603
Rank:0 Epoch: [24/40], Step: [61/782], Loss: 0.15396103262901306
Rank:0 Epoch: [24/40], Step: [71/782], Loss: 0.24517373740673065
Rank:0 Epoch: [24/40], Step: [81/782], Loss: 0.5068312287330627
Rank:0 Epoch: [24/40], Step: [91/782], Loss: 0.11218588799238205
Rank:0 Epoch: [24/40], Step: [101/782], Loss: 0.1633567363023758
Rank:0 Epoch: [24/40], Step: [111/782], Loss: 0.217322438955307
Rank:0 Epoch: [24/40], Step: [121/782], Loss: 0.1972978413105011
Rank:0 Epoch: [24/40], Step: [131/782], Loss: 0.14888934791088104
Rank:0 Epoch: [24/40], Step: [141/782], Loss: 0.26542624831199646
Rank:0 Epoch: [24/40], Step: [151/782], Loss: 0.3442193865776062
Rank:0 Epoch: [24/40], Step: [161/782], Loss: 0.2290898859500885
Rank:0 Epoch: [24/40], Step: [171/782], Loss: 0.20829103887081146
Rank:0 Epoch: [24/40], Step: [181/782], Loss: 0.34663692116737366
Rank:0 Epoch: [24/40], Step: [191/782], Loss: 0.1462157517671585
Rank:0 Epoch: [24/40], Step: [201/782], Loss: 0.29813352227211
Rank:0 Epoch: [24/40], Step: [211/782], Loss: 0.2988432049751282
Rank:0 Epoch: [24/40], Step: [221/782], Loss: 0.17378568649291992
Rank:0 Epoch: [24/40], Step: [231/782], Loss: 0.183824360370636
Rank:0 Epoch: [24/40], Step: [241/782], Loss: 0.1548481434583664
Rank:0 Epoch: [24/40], Step: [251/782], Loss: 0.1817873865365982
Rank:0 Epoch: [24/40], Step: [261/782], Loss: 0.18509948253631592
Rank:0 Epoch: [24/40], Step: [271/782], Loss: 0.11378899216651917
Rank:0 Epoch: [24/40], Step: [281/782], Loss: 0.1293642371892929
Rank:0 Epoch: [24/40], Step: [291/782], Loss: 0.12708549201488495
Rank:0 Epoch: [24/40], Step: [301/782], Loss: 0.30973413586616516
Rank:0 Epoch: [24/40], Step: [311/782], Loss: 0.22052563726902008
Rank:0 Epoch: [24/40], Step: [321/782], Loss: 0.29217132925987244
Rank:0 Epoch: [24/40], Step: [331/782], Loss: 0.252092570066452
Rank:0 Epoch: [24/40], Step: [341/782], Loss: 0.2668100893497467
Rank:0 Epoch: [24/40], Step: [351/782], Loss: 0.24639177322387695
Rank:0 Epoch: [24/40], Step: [361/782], Loss: 0.2837558090686798
Rank:0 Epoch: [24/40], Step: [371/782], Loss: 0.185324564576149
Rank:0 Epoch: [24/40], Step: [381/782], Loss: 0.18238162994384766
Rank:0 Epoch: [24/40], Step: [391/782], Loss: 0.21739079058170319
Rank:0 Epoch: [24/40], Step: [401/782], Loss: 0.14131172001361847
Rank:0 Epoch: [24/40], Step: [411/782], Loss: 0.2118135243654251
Rank:0 Epoch: [24/40], Step: [421/782], Loss: 0.27069565653800964
Rank:0 Epoch: [24/40], Step: [431/782], Loss: 0.2109997272491455
Rank:0 Epoch: [24/40], Step: [441/782], Loss: 0.3118085563182831
Rank:0 Epoch: [24/40], Step: [451/782], Loss: 0.20968212187290192
Rank:0 Epoch: [24/40], Step: [461/782], Loss: 0.40879887342453003
Rank:0 Epoch: [24/40], Step: [471/782], Loss: 0.1749456226825714
Rank:0 Epoch: [24/40], Step: [481/782], Loss: 0.3072762191295624
Rank:0 Epoch: [24/40], Step: [491/782], Loss: 0.2283782809972763
Rank:0 Epoch: [24/40], Step: [501/782], Loss: 0.31025591492652893
Rank:0 Epoch: [24/40], Step: [511/782], Loss: 0.19767844676971436
Rank:0 Epoch: [24/40], Step: [521/782], Loss: 0.2854633331298828
Rank:0 Epoch: [24/40], Step: [531/782], Loss: 0.1816098839044571
Rank:0 Epoch: [24/40], Step: [541/782], Loss: 0.108659528195858
Rank:0 Epoch: [24/40], Step: [551/782], Loss: 0.23908928036689758
Rank:0 Epoch: [24/40], Step: [561/782], Loss: 0.13337859511375427
Rank:0 Epoch: [24/40], Step: [571/782], Loss: 0.23046070337295532
Rank:0 Epoch: [24/40], Step: [581/782], Loss: 0.16781753301620483
Rank:0 Epoch: [24/40], Step: [591/782], Loss: 0.11038925498723984
Rank:0 Epoch: [24/40], Step: [601/782], Loss: 0.2410103976726532
Rank:0 Epoch: [24/40], Step: [611/782], Loss: 0.1408427208662033
Rank:0 Epoch: [24/40], Step: [621/782], Loss: 0.10705259442329407
Rank:0 Epoch: [24/40], Step: [631/782], Loss: 0.23040957748889923
Rank:0 Epoch: [24/40], Step: [641/782], Loss: 0.18460631370544434
Rank:0 Epoch: [24/40], Step: [651/782], Loss: 0.37499943375587463
Rank:0 Epoch: [24/40], Step: [661/782], Loss: 0.1544209122657776
Rank:0 Epoch: [24/40], Step: [671/782], Loss: 0.10667353123426437
Rank:0 Epoch: [24/40], Step: [681/782], Loss: 0.1555158644914627
Rank:0 Epoch: [24/40], Step: [691/782], Loss: 0.21377529203891754
Rank:0 Epoch: [24/40], Step: [701/782], Loss: 0.20430614054203033
Rank:0 Epoch: [24/40], Step: [711/782], Loss: 0.28319358825683594
Rank:0 Epoch: [24/40], Step: [721/782], Loss: 0.14457660913467407
Rank:0 Epoch: [24/40], Step: [731/782], Loss: 0.18236583471298218
Rank:0 Epoch: [24/40], Step: [741/782], Loss: 0.19755594432353973
Rank:0 Epoch: [24/40], Step: [751/782], Loss: 0.24824072420597076
Rank:0 Epoch: [24/40], Step: [761/782], Loss: 0.27474042773246765
Rank:0 Epoch: [24/40], Step: [771/782], Loss: 0.22258417308330536
Rank:0 Epoch: [24/40], Step: [781/782], Loss: 0.15995925664901733
Current Test Acc: 0.8975
Rank:0 Epoch: [25/40], Step: [1/782], Loss: 0.19855032861232758
Rank:0 Epoch: [25/40], Step: [11/782], Loss: 0.07220585644245148
Rank:0 Epoch: [25/40], Step: [21/782], Loss: 0.1709517538547516
Rank:0 Epoch: [25/40], Step: [31/782], Loss: 0.1033591702580452
Rank:0 Epoch: [25/40], Step: [41/782], Loss: 0.20161372423171997
Rank:0 Epoch: [25/40], Step: [51/782], Loss: 0.26923254132270813
Rank:0 Epoch: [25/40], Step: [61/782], Loss: 0.1979333609342575
Rank:0 Epoch: [25/40], Step: [71/782], Loss: 0.18880648910999298
Rank:0 Epoch: [25/40], Step: [81/782], Loss: 0.14786455035209656
Rank:0 Epoch: [25/40], Step: [91/782], Loss: 0.24078725278377533
Rank:0 Epoch: [25/40], Step: [101/782], Loss: 0.1949484795331955
Rank:0 Epoch: [25/40], Step: [111/782], Loss: 0.3195515275001526
Rank:0 Epoch: [25/40], Step: [121/782], Loss: 0.15526819229125977
Rank:0 Epoch: [25/40], Step: [131/782], Loss: 0.17665046453475952
Rank:0 Epoch: [25/40], Step: [141/782], Loss: 0.26726022362709045
Rank:0 Epoch: [25/40], Step: [151/782], Loss: 0.1532820612192154
Rank:0 Epoch: [25/40], Step: [161/782], Loss: 0.09456250816583633
Rank:0 Epoch: [25/40], Step: [171/782], Loss: 0.13209831714630127
Rank:0 Epoch: [25/40], Step: [181/782], Loss: 0.12237650901079178
Rank:0 Epoch: [25/40], Step: [191/782], Loss: 0.16565069556236267
Rank:0 Epoch: [25/40], Step: [201/782], Loss: 0.19414053857326508
Rank:0 Epoch: [25/40], Step: [211/782], Loss: 0.1577194631099701
Rank:0 Epoch: [25/40], Step: [221/782], Loss: 0.32389622926712036
Rank:0 Epoch: [25/40], Step: [231/782], Loss: 0.22894875705242157
Rank:0 Epoch: [25/40], Step: [241/782], Loss: 0.1494559794664383
Rank:0 Epoch: [25/40], Step: [251/782], Loss: 0.1647818237543106
Rank:0 Epoch: [25/40], Step: [261/782], Loss: 0.2446361780166626
Rank:0 Epoch: [25/40], Step: [271/782], Loss: 0.0805172249674797
Rank:0 Epoch: [25/40], Step: [281/782], Loss: 0.1561012715101242
Rank:0 Epoch: [25/40], Step: [291/782], Loss: 0.14319811761379242
Rank:0 Epoch: [25/40], Step: [301/782], Loss: 0.3559376299381256
Rank:0 Epoch: [25/40], Step: [311/782], Loss: 0.4180316925048828
Rank:0 Epoch: [25/40], Step: [321/782], Loss: 0.20969121158123016
Rank:0 Epoch: [25/40], Step: [331/782], Loss: 0.3159428834915161
Rank:0 Epoch: [25/40], Step: [341/782], Loss: 0.149763822555542
Rank:0 Epoch: [25/40], Step: [351/782], Loss: 0.2552078068256378
Rank:0 Epoch: [25/40], Step: [361/782], Loss: 0.17822538316249847
Rank:0 Epoch: [25/40], Step: [371/782], Loss: 0.2871762216091156
Rank:0 Epoch: [25/40], Step: [381/782], Loss: 0.12450794875621796
Rank:0 Epoch: [25/40], Step: [391/782], Loss: 0.1667618453502655
Rank:0 Epoch: [25/40], Step: [401/782], Loss: 0.20189975202083588
Rank:0 Epoch: [25/40], Step: [411/782], Loss: 0.11902229487895966
Rank:0 Epoch: [25/40], Step: [421/782], Loss: 0.12235382199287415
Rank:0 Epoch: [25/40], Step: [431/782], Loss: 0.22600200772285461
Rank:0 Epoch: [25/40], Step: [441/782], Loss: 0.14266672730445862
Rank:0 Epoch: [25/40], Step: [451/782], Loss: 0.18194466829299927
Rank:0 Epoch: [25/40], Step: [461/782], Loss: 0.06301594525575638
Rank:0 Epoch: [25/40], Step: [471/782], Loss: 0.2406192272901535
Rank:0 Epoch: [25/40], Step: [481/782], Loss: 0.14619486033916473
Rank:0 Epoch: [25/40], Step: [491/782], Loss: 0.20759911835193634
Rank:0 Epoch: [25/40], Step: [501/782], Loss: 0.15443019568920135
Rank:0 Epoch: [25/40], Step: [511/782], Loss: 0.22601400315761566
Rank:0 Epoch: [25/40], Step: [521/782], Loss: 0.1905716210603714
Rank:0 Epoch: [25/40], Step: [531/782], Loss: 0.1864931583404541
Rank:0 Epoch: [25/40], Step: [541/782], Loss: 0.20948785543441772
Rank:0 Epoch: [25/40], Step: [551/782], Loss: 0.19889232516288757
Rank:0 Epoch: [25/40], Step: [561/782], Loss: 0.22655342519283295
Rank:0 Epoch: [25/40], Step: [571/782], Loss: 0.34336841106414795
Rank:0 Epoch: [25/40], Step: [581/782], Loss: 0.3676062822341919
Rank:0 Epoch: [25/40], Step: [591/782], Loss: 0.11944486200809479
Rank:0 Epoch: [25/40], Step: [601/782], Loss: 0.23210494220256805
Rank:0 Epoch: [25/40], Step: [611/782], Loss: 0.25727033615112305
Rank:0 Epoch: [25/40], Step: [621/782], Loss: 0.2581906318664551
Rank:0 Epoch: [25/40], Step: [631/782], Loss: 0.25260046124458313
Rank:0 Epoch: [25/40], Step: [641/782], Loss: 0.19094634056091309
Rank:0 Epoch: [25/40], Step: [651/782], Loss: 0.27784305810928345
Rank:0 Epoch: [25/40], Step: [661/782], Loss: 0.2682427167892456
Rank:0 Epoch: [25/40], Step: [671/782], Loss: 0.26221922039985657
Rank:0 Epoch: [25/40], Step: [681/782], Loss: 0.3668355941772461
Rank:0 Epoch: [25/40], Step: [691/782], Loss: 0.19298766553401947
Rank:0 Epoch: [25/40], Step: [701/782], Loss: 0.1835823655128479
Rank:0 Epoch: [25/40], Step: [711/782], Loss: 0.29056790471076965
Rank:0 Epoch: [25/40], Step: [721/782], Loss: 0.3379673659801483
Rank:0 Epoch: [25/40], Step: [731/782], Loss: 0.3087645471096039
Rank:0 Epoch: [25/40], Step: [741/782], Loss: 0.1153663620352745
Rank:0 Epoch: [25/40], Step: [751/782], Loss: 0.2592216432094574
Rank:0 Epoch: [25/40], Step: [761/782], Loss: 0.4764444828033447
Rank:0 Epoch: [25/40], Step: [771/782], Loss: 0.21934755146503448
Rank:0 Epoch: [25/40], Step: [781/782], Loss: 0.27760013937950134
Current Test Acc: 0.8955
Rank:0 Epoch: [26/40], Step: [1/782], Loss: 0.2064734697341919
Rank:0 Epoch: [26/40], Step: [11/782], Loss: 0.2505282461643219
Rank:0 Epoch: [26/40], Step: [21/782], Loss: 0.15905964374542236
Rank:0 Epoch: [26/40], Step: [31/782], Loss: 0.14195089042186737
Rank:0 Epoch: [26/40], Step: [41/782], Loss: 0.12719053030014038
Rank:0 Epoch: [26/40], Step: [51/782], Loss: 0.1454046368598938
Rank:0 Epoch: [26/40], Step: [61/782], Loss: 0.346896231174469
Rank:0 Epoch: [26/40], Step: [71/782], Loss: 0.1759570986032486
Rank:0 Epoch: [26/40], Step: [81/782], Loss: 0.11855527013540268
Rank:0 Epoch: [26/40], Step: [91/782], Loss: 0.10451088845729828
Rank:0 Epoch: [26/40], Step: [101/782], Loss: 0.1207752451300621
Rank:0 Epoch: [26/40], Step: [111/782], Loss: 0.28138798475265503
Rank:0 Epoch: [26/40], Step: [121/782], Loss: 0.1923486739397049
Rank:0 Epoch: [26/40], Step: [131/782], Loss: 0.2420724630355835
Rank:0 Epoch: [26/40], Step: [141/782], Loss: 0.18352487683296204
Rank:0 Epoch: [26/40], Step: [151/782], Loss: 0.22232548892498016
Rank:0 Epoch: [26/40], Step: [161/782], Loss: 0.1984529346227646
Rank:0 Epoch: [26/40], Step: [171/782], Loss: 0.15425491333007812
Rank:0 Epoch: [26/40], Step: [181/782], Loss: 0.2581951916217804
Rank:0 Epoch: [26/40], Step: [191/782], Loss: 0.0887308344244957
Rank:0 Epoch: [26/40], Step: [201/782], Loss: 0.25263264775276184
Rank:0 Epoch: [26/40], Step: [211/782], Loss: 0.3356897532939911
Rank:0 Epoch: [26/40], Step: [221/782], Loss: 0.2623615860939026
Rank:0 Epoch: [26/40], Step: [231/782], Loss: 0.16117365658283234
Rank:0 Epoch: [26/40], Step: [241/782], Loss: 0.3370564579963684
Rank:0 Epoch: [26/40], Step: [251/782], Loss: 0.22195813059806824
Rank:0 Epoch: [26/40], Step: [261/782], Loss: 0.36545002460479736
Rank:0 Epoch: [26/40], Step: [271/782], Loss: 0.22506757080554962
Rank:0 Epoch: [26/40], Step: [281/782], Loss: 0.2644789218902588
Rank:0 Epoch: [26/40], Step: [291/782], Loss: 0.22288955748081207
Rank:0 Epoch: [26/40], Step: [301/782], Loss: 0.10313685238361359
Rank:0 Epoch: [26/40], Step: [311/782], Loss: 0.22221891582012177
Rank:0 Epoch: [26/40], Step: [321/782], Loss: 0.23697274923324585
Rank:0 Epoch: [26/40], Step: [331/782], Loss: 0.2301436811685562
Rank:0 Epoch: [26/40], Step: [341/782], Loss: 0.3290472626686096
Rank:0 Epoch: [26/40], Step: [351/782], Loss: 0.20500622689723969
Rank:0 Epoch: [26/40], Step: [361/782], Loss: 0.1994466334581375
Rank:0 Epoch: [26/40], Step: [371/782], Loss: 0.2970006763935089
Rank:0 Epoch: [26/40], Step: [381/782], Loss: 0.09171796590089798
Rank:0 Epoch: [26/40], Step: [391/782], Loss: 0.12583079934120178
Rank:0 Epoch: [26/40], Step: [401/782], Loss: 0.33768659830093384
Rank:0 Epoch: [26/40], Step: [411/782], Loss: 0.2236091047525406
Rank:0 Epoch: [26/40], Step: [421/782], Loss: 0.21945065259933472
Rank:0 Epoch: [26/40], Step: [431/782], Loss: 0.3044494390487671
Rank:0 Epoch: [26/40], Step: [441/782], Loss: 0.15278837084770203
Rank:0 Epoch: [26/40], Step: [451/782], Loss: 0.1781836897134781
Rank:0 Epoch: [26/40], Step: [461/782], Loss: 0.20410087704658508
Rank:0 Epoch: [26/40], Step: [471/782], Loss: 0.21903297305107117
Rank:0 Epoch: [26/40], Step: [481/782], Loss: 0.15202057361602783
Rank:0 Epoch: [26/40], Step: [491/782], Loss: 0.1042107343673706
Rank:0 Epoch: [26/40], Step: [501/782], Loss: 0.13533441722393036
Rank:0 Epoch: [26/40], Step: [511/782], Loss: 0.19225722551345825
Rank:0 Epoch: [26/40], Step: [521/782], Loss: 0.1993725448846817
Rank:0 Epoch: [26/40], Step: [531/782], Loss: 0.16503824293613434
Rank:0 Epoch: [26/40], Step: [541/782], Loss: 0.18784992396831512
Rank:0 Epoch: [26/40], Step: [551/782], Loss: 0.23705722391605377
Rank:0 Epoch: [26/40], Step: [561/782], Loss: 0.3780587315559387
Rank:0 Epoch: [26/40], Step: [571/782], Loss: 0.21072712540626526
Rank:0 Epoch: [26/40], Step: [581/782], Loss: 0.31335219740867615
Rank:0 Epoch: [26/40], Step: [591/782], Loss: 0.15377043187618256
Rank:0 Epoch: [26/40], Step: [601/782], Loss: 0.4004356265068054
Rank:0 Epoch: [26/40], Step: [611/782], Loss: 0.21101641654968262
Rank:0 Epoch: [26/40], Step: [621/782], Loss: 0.14094844460487366
Rank:0 Epoch: [26/40], Step: [631/782], Loss: 0.10977169871330261
Rank:0 Epoch: [26/40], Step: [641/782], Loss: 0.2839682102203369
Rank:0 Epoch: [26/40], Step: [651/782], Loss: 0.19088557362556458
Rank:0 Epoch: [26/40], Step: [661/782], Loss: 0.18103602528572083
Rank:0 Epoch: [26/40], Step: [671/782], Loss: 0.21733598411083221
Rank:0 Epoch: [26/40], Step: [681/782], Loss: 0.2712307572364807
Rank:0 Epoch: [26/40], Step: [691/782], Loss: 0.2322688102722168
Rank:0 Epoch: [26/40], Step: [701/782], Loss: 0.297260582447052
Rank:0 Epoch: [26/40], Step: [711/782], Loss: 0.31168437004089355
Rank:0 Epoch: [26/40], Step: [721/782], Loss: 0.0598590187728405
Rank:0 Epoch: [26/40], Step: [731/782], Loss: 0.16766998171806335
Rank:0 Epoch: [26/40], Step: [741/782], Loss: 0.14619219303131104
Rank:0 Epoch: [26/40], Step: [751/782], Loss: 0.3450998067855835
Rank:0 Epoch: [26/40], Step: [761/782], Loss: 0.20516382157802582
Rank:0 Epoch: [26/40], Step: [771/782], Loss: 0.18907777965068817
Rank:0 Epoch: [26/40], Step: [781/782], Loss: 0.2175428420305252
Current Test Acc: 0.8986
Rank:0 Epoch: [27/40], Step: [1/782], Loss: 0.25768473744392395
Rank:0 Epoch: [27/40], Step: [11/782], Loss: 0.2538003623485565
Rank:0 Epoch: [27/40], Step: [21/782], Loss: 0.12738528847694397
Rank:0 Epoch: [27/40], Step: [31/782], Loss: 0.2568337321281433
Rank:0 Epoch: [27/40], Step: [41/782], Loss: 0.23160694539546967
Rank:0 Epoch: [27/40], Step: [51/782], Loss: 0.25749948620796204
Rank:0 Epoch: [27/40], Step: [61/782], Loss: 0.24711661040782928
Rank:0 Epoch: [27/40], Step: [71/782], Loss: 0.3224152624607086
Rank:0 Epoch: [27/40], Step: [81/782], Loss: 0.13688074052333832
Rank:0 Epoch: [27/40], Step: [91/782], Loss: 0.13294045627117157
Rank:0 Epoch: [27/40], Step: [101/782], Loss: 0.22834299504756927
Rank:0 Epoch: [27/40], Step: [111/782], Loss: 0.2964599132537842
Rank:0 Epoch: [27/40], Step: [121/782], Loss: 0.14097338914871216
Rank:0 Epoch: [27/40], Step: [131/782], Loss: 0.18948639929294586
Rank:0 Epoch: [27/40], Step: [141/782], Loss: 0.16635248064994812
Rank:0 Epoch: [27/40], Step: [151/782], Loss: 0.1934247612953186
Rank:0 Epoch: [27/40], Step: [161/782], Loss: 0.18697743117809296
Rank:0 Epoch: [27/40], Step: [171/782], Loss: 0.0910029485821724
Rank:0 Epoch: [27/40], Step: [181/782], Loss: 0.1334412693977356
Rank:0 Epoch: [27/40], Step: [191/782], Loss: 0.18555858731269836
Rank:0 Epoch: [27/40], Step: [201/782], Loss: 0.1694922149181366
Rank:0 Epoch: [27/40], Step: [211/782], Loss: 0.1742083728313446
Rank:0 Epoch: [27/40], Step: [221/782], Loss: 0.3094269931316376
Rank:0 Epoch: [27/40], Step: [231/782], Loss: 0.23309215903282166
Rank:0 Epoch: [27/40], Step: [241/782], Loss: 0.2880699038505554
Rank:0 Epoch: [27/40], Step: [251/782], Loss: 0.2817162573337555
Rank:0 Epoch: [27/40], Step: [261/782], Loss: 0.24618901312351227
Rank:0 Epoch: [27/40], Step: [271/782], Loss: 0.21430599689483643
Rank:0 Epoch: [27/40], Step: [281/782], Loss: 0.2066984623670578
Rank:0 Epoch: [27/40], Step: [291/782], Loss: 0.3621731698513031
Rank:0 Epoch: [27/40], Step: [301/782], Loss: 0.8961011171340942
Rank:0 Epoch: [27/40], Step: [311/782], Loss: 0.26417243480682373
Rank:0 Epoch: [27/40], Step: [321/782], Loss: 0.19322828948497772
Rank:0 Epoch: [27/40], Step: [331/782], Loss: 0.3413583040237427
Rank:0 Epoch: [27/40], Step: [341/782], Loss: 0.24445797502994537
Rank:0 Epoch: [27/40], Step: [351/782], Loss: 0.2622687518596649
Rank:0 Epoch: [27/40], Step: [361/782], Loss: 0.19809049367904663
Rank:0 Epoch: [27/40], Step: [371/782], Loss: 0.30820348858833313
Rank:0 Epoch: [27/40], Step: [381/782], Loss: 0.12487910687923431
Rank:0 Epoch: [27/40], Step: [391/782], Loss: 0.11954701691865921
Rank:0 Epoch: [27/40], Step: [401/782], Loss: 0.20304881036281586
Rank:0 Epoch: [27/40], Step: [411/782], Loss: 0.16256093978881836
Rank:0 Epoch: [27/40], Step: [421/782], Loss: 0.3319375813007355
Rank:0 Epoch: [27/40], Step: [431/782], Loss: 0.10050743818283081
Rank:0 Epoch: [27/40], Step: [441/782], Loss: 0.20429757237434387
Rank:0 Epoch: [27/40], Step: [451/782], Loss: 0.2315787971019745
Rank:0 Epoch: [27/40], Step: [461/782], Loss: 0.44205424189567566
Rank:0 Epoch: [27/40], Step: [471/782], Loss: 0.20728732645511627
Rank:0 Epoch: [27/40], Step: [481/782], Loss: 0.3121621608734131
Rank:0 Epoch: [27/40], Step: [491/782], Loss: 0.20204365253448486
Rank:0 Epoch: [27/40], Step: [501/782], Loss: 0.17152756452560425
Rank:0 Epoch: [27/40], Step: [511/782], Loss: 0.20981454849243164
Rank:0 Epoch: [27/40], Step: [521/782], Loss: 0.21405647695064545
Rank:0 Epoch: [27/40], Step: [531/782], Loss: 0.16826914250850677
Rank:0 Epoch: [27/40], Step: [541/782], Loss: 0.14719852805137634
Rank:0 Epoch: [27/40], Step: [551/782], Loss: 0.4127458333969116
Rank:0 Epoch: [27/40], Step: [561/782], Loss: 0.24818705022335052
Rank:0 Epoch: [27/40], Step: [571/782], Loss: 0.27607372403144836
Rank:0 Epoch: [27/40], Step: [581/782], Loss: 0.07493462413549423
Rank:0 Epoch: [27/40], Step: [591/782], Loss: 0.30374279618263245
Rank:0 Epoch: [27/40], Step: [601/782], Loss: 0.14489944279193878
Rank:0 Epoch: [27/40], Step: [611/782], Loss: 0.16722305119037628
Rank:0 Epoch: [27/40], Step: [621/782], Loss: 0.16569054126739502
Rank:0 Epoch: [27/40], Step: [631/782], Loss: 0.13130442798137665
Rank:0 Epoch: [27/40], Step: [641/782], Loss: 0.32325688004493713
Rank:0 Epoch: [27/40], Step: [651/782], Loss: 0.25847500562667847
Rank:0 Epoch: [27/40], Step: [661/782], Loss: 0.31516507267951965
Rank:0 Epoch: [27/40], Step: [671/782], Loss: 0.181585431098938
Rank:0 Epoch: [27/40], Step: [681/782], Loss: 0.19788497686386108
Rank:0 Epoch: [27/40], Step: [691/782], Loss: 0.19840045273303986
Rank:0 Epoch: [27/40], Step: [701/782], Loss: 0.21101471781730652
Rank:0 Epoch: [27/40], Step: [711/782], Loss: 0.1813816875219345
Rank:0 Epoch: [27/40], Step: [721/782], Loss: 0.16342060267925262
Rank:0 Epoch: [27/40], Step: [731/782], Loss: 0.22300001978874207
Rank:0 Epoch: [27/40], Step: [741/782], Loss: 0.22666814923286438
Rank:0 Epoch: [27/40], Step: [751/782], Loss: 0.1882629692554474
Rank:0 Epoch: [27/40], Step: [761/782], Loss: 0.20595797896385193
Rank:0 Epoch: [27/40], Step: [771/782], Loss: 0.19030842185020447
Rank:0 Epoch: [27/40], Step: [781/782], Loss: 0.16264335811138153
Current Test Acc: 0.8993
Rank:0 Epoch: [28/40], Step: [1/782], Loss: 0.16910222172737122
Rank:0 Epoch: [28/40], Step: [11/782], Loss: 0.13834601640701294
Rank:0 Epoch: [28/40], Step: [21/782], Loss: 0.19496500492095947
Rank:0 Epoch: [28/40], Step: [31/782], Loss: 0.27610325813293457
Rank:0 Epoch: [28/40], Step: [41/782], Loss: 0.13779433071613312
Rank:0 Epoch: [28/40], Step: [51/782], Loss: 0.1212339997291565
Rank:0 Epoch: [28/40], Step: [61/782], Loss: 0.12828142940998077
Rank:0 Epoch: [28/40], Step: [71/782], Loss: 0.2552228271961212
Rank:0 Epoch: [28/40], Step: [81/782], Loss: 0.209787979722023
Rank:0 Epoch: [28/40], Step: [91/782], Loss: 0.1624588519334793
Rank:0 Epoch: [28/40], Step: [101/782], Loss: 0.2061832845211029
Rank:0 Epoch: [28/40], Step: [111/782], Loss: 0.33519235253334045
Rank:0 Epoch: [28/40], Step: [121/782], Loss: 0.159163698554039
Rank:0 Epoch: [28/40], Step: [131/782], Loss: 0.22504815459251404
Rank:0 Epoch: [28/40], Step: [141/782], Loss: 0.11550488322973251
Rank:0 Epoch: [28/40], Step: [151/782], Loss: 0.1958312839269638
Rank:0 Epoch: [28/40], Step: [161/782], Loss: 0.266834557056427
Rank:0 Epoch: [28/40], Step: [171/782], Loss: 0.15809202194213867
Rank:0 Epoch: [28/40], Step: [181/782], Loss: 0.12781906127929688
Rank:0 Epoch: [28/40], Step: [191/782], Loss: 0.14955441653728485
Rank:0 Epoch: [28/40], Step: [201/782], Loss: 0.20058795809745789
Rank:0 Epoch: [28/40], Step: [211/782], Loss: 0.22686299681663513
Rank:0 Epoch: [28/40], Step: [221/782], Loss: 0.1414037048816681
Rank:0 Epoch: [28/40], Step: [231/782], Loss: 0.15154120326042175
Rank:0 Epoch: [28/40], Step: [241/782], Loss: 0.19957853853702545
Rank:0 Epoch: [28/40], Step: [251/782], Loss: 0.3153098523616791
Rank:0 Epoch: [28/40], Step: [261/782], Loss: 0.19811706244945526
Rank:0 Epoch: [28/40], Step: [271/782], Loss: 0.166822150349617
Rank:0 Epoch: [28/40], Step: [281/782], Loss: 0.20361843705177307
Rank:0 Epoch: [28/40], Step: [291/782], Loss: 0.16982151567935944
Rank:0 Epoch: [28/40], Step: [301/782], Loss: 0.31231048703193665
Rank:0 Epoch: [28/40], Step: [311/782], Loss: 0.15707434713840485
Rank:0 Epoch: [28/40], Step: [321/782], Loss: 0.2508668601512909
Rank:0 Epoch: [28/40], Step: [331/782], Loss: 0.23646830022335052
Rank:0 Epoch: [28/40], Step: [341/782], Loss: 0.233694925904274
Rank:0 Epoch: [28/40], Step: [351/782], Loss: 0.1434716284275055
Rank:0 Epoch: [28/40], Step: [361/782], Loss: 0.22776781022548676
Rank:0 Epoch: [28/40], Step: [371/782], Loss: 0.24137283861637115
Rank:0 Epoch: [28/40], Step: [381/782], Loss: 0.23202264308929443
Rank:0 Epoch: [28/40], Step: [391/782], Loss: 0.23681166768074036
Rank:0 Epoch: [28/40], Step: [401/782], Loss: 0.17358502745628357
Rank:0 Epoch: [28/40], Step: [411/782], Loss: 0.2554778754711151
Rank:0 Epoch: [28/40], Step: [421/782], Loss: 0.26443806290626526
Rank:0 Epoch: [28/40], Step: [431/782], Loss: 0.11599525809288025
Rank:0 Epoch: [28/40], Step: [441/782], Loss: 0.17044894397258759
Rank:0 Epoch: [28/40], Step: [451/782], Loss: 0.23122374713420868
Rank:0 Epoch: [28/40], Step: [461/782], Loss: 0.25180014967918396
Rank:0 Epoch: [28/40], Step: [471/782], Loss: 0.2966639995574951
Rank:0 Epoch: [28/40], Step: [481/782], Loss: 0.15106502175331116
Rank:0 Epoch: [28/40], Step: [491/782], Loss: 0.1831776201725006
Rank:0 Epoch: [28/40], Step: [501/782], Loss: 0.15029774606227875
Rank:0 Epoch: [28/40], Step: [511/782], Loss: 0.2318725287914276
Rank:0 Epoch: [28/40], Step: [521/782], Loss: 0.3521714210510254
Rank:0 Epoch: [28/40], Step: [531/782], Loss: 0.22343134880065918
Rank:0 Epoch: [28/40], Step: [541/782], Loss: 0.2507924735546112
Rank:0 Epoch: [28/40], Step: [551/782], Loss: 0.2383013516664505
Rank:0 Epoch: [28/40], Step: [561/782], Loss: 0.21017207205295563
Rank:0 Epoch: [28/40], Step: [571/782], Loss: 0.16687533259391785
Rank:0 Epoch: [28/40], Step: [581/782], Loss: 0.2931852638721466
Rank:0 Epoch: [28/40], Step: [591/782], Loss: 0.2793578505516052
Rank:0 Epoch: [28/40], Step: [601/782], Loss: 0.076431043446064
Rank:0 Epoch: [28/40], Step: [611/782], Loss: 0.24561336636543274
Rank:0 Epoch: [28/40], Step: [621/782], Loss: 0.1361704170703888
Rank:0 Epoch: [28/40], Step: [631/782], Loss: 0.1280510425567627
Rank:0 Epoch: [28/40], Step: [641/782], Loss: 0.1411176323890686
Rank:0 Epoch: [28/40], Step: [651/782], Loss: 0.16920185089111328
Rank:0 Epoch: [28/40], Step: [661/782], Loss: 0.15633641183376312
Rank:0 Epoch: [28/40], Step: [671/782], Loss: 0.15762296319007874
Rank:0 Epoch: [28/40], Step: [681/782], Loss: 0.3821869492530823
Rank:0 Epoch: [28/40], Step: [691/782], Loss: 0.17668801546096802
Rank:0 Epoch: [28/40], Step: [701/782], Loss: 0.23573102056980133
Rank:0 Epoch: [28/40], Step: [711/782], Loss: 0.31315284967422485
Rank:0 Epoch: [28/40], Step: [721/782], Loss: 0.2563895285129547
Rank:0 Epoch: [28/40], Step: [731/782], Loss: 0.22365882992744446
Rank:0 Epoch: [28/40], Step: [741/782], Loss: 0.12977202236652374
Rank:0 Epoch: [28/40], Step: [751/782], Loss: 0.24740570783615112
Rank:0 Epoch: [28/40], Step: [761/782], Loss: 0.10340255498886108
Rank:0 Epoch: [28/40], Step: [771/782], Loss: 0.2540736794471741
Rank:0 Epoch: [28/40], Step: [781/782], Loss: 0.20924191176891327
Current Test Acc: 0.8988
Rank:0 Epoch: [29/40], Step: [1/782], Loss: 0.21010339260101318
Rank:0 Epoch: [29/40], Step: [11/782], Loss: 0.09695568680763245
Rank:0 Epoch: [29/40], Step: [21/782], Loss: 0.20703533291816711
Rank:0 Epoch: [29/40], Step: [31/782], Loss: 0.23218214511871338
Rank:0 Epoch: [29/40], Step: [41/782], Loss: 0.10464905947446823
Rank:0 Epoch: [29/40], Step: [51/782], Loss: 0.15424257516860962
Rank:0 Epoch: [29/40], Step: [61/782], Loss: 0.31816792488098145
Rank:0 Epoch: [29/40], Step: [71/782], Loss: 0.26649290323257446
Rank:0 Epoch: [29/40], Step: [81/782], Loss: 0.07972124963998795
Rank:0 Epoch: [29/40], Step: [91/782], Loss: 0.16540449857711792
Rank:0 Epoch: [29/40], Step: [101/782], Loss: 0.1465616673231125
Rank:0 Epoch: [29/40], Step: [111/782], Loss: 0.1511092483997345
Rank:0 Epoch: [29/40], Step: [121/782], Loss: 0.29852187633514404
Rank:0 Epoch: [29/40], Step: [131/782], Loss: 0.43895500898361206
Rank:0 Epoch: [29/40], Step: [141/782], Loss: 0.08957551419734955
Rank:0 Epoch: [29/40], Step: [151/782], Loss: 0.1962888538837433
Rank:0 Epoch: [29/40], Step: [161/782], Loss: 0.37377381324768066
Rank:0 Epoch: [29/40], Step: [171/782], Loss: 0.17117568850517273
Rank:0 Epoch: [29/40], Step: [181/782], Loss: 0.1801649034023285
Rank:0 Epoch: [29/40], Step: [191/782], Loss: 0.24766306579113007
Rank:0 Epoch: [29/40], Step: [201/782], Loss: 0.21537524461746216
Rank:0 Epoch: [29/40], Step: [211/782], Loss: 0.32848820090293884
Rank:0 Epoch: [29/40], Step: [221/782], Loss: 0.21701999008655548
Rank:0 Epoch: [29/40], Step: [231/782], Loss: 0.2660241723060608
Rank:0 Epoch: [29/40], Step: [241/782], Loss: 0.11081179231405258
Rank:0 Epoch: [29/40], Step: [251/782], Loss: 0.12427691370248795
Rank:0 Epoch: [29/40], Step: [261/782], Loss: 0.36245352029800415
Rank:0 Epoch: [29/40], Step: [271/782], Loss: 0.13768139481544495
Rank:0 Epoch: [29/40], Step: [281/782], Loss: 0.09692852199077606
Rank:0 Epoch: [29/40], Step: [291/782], Loss: 0.1760375201702118
Rank:0 Epoch: [29/40], Step: [301/782], Loss: 0.11229326575994492
Rank:0 Epoch: [29/40], Step: [311/782], Loss: 0.17706461250782013
Rank:0 Epoch: [29/40], Step: [321/782], Loss: 0.22370296716690063
Rank:0 Epoch: [29/40], Step: [331/782], Loss: 0.18897539377212524
Rank:0 Epoch: [29/40], Step: [341/782], Loss: 0.3022385239601135
Rank:0 Epoch: [29/40], Step: [351/782], Loss: 0.11109229177236557
Rank:0 Epoch: [29/40], Step: [361/782], Loss: 0.23460254073143005
Rank:0 Epoch: [29/40], Step: [371/782], Loss: 0.17452695965766907
Rank:0 Epoch: [29/40], Step: [381/782], Loss: 0.13544794917106628
Rank:0 Epoch: [29/40], Step: [391/782], Loss: 0.17437423765659332
Rank:0 Epoch: [29/40], Step: [401/782], Loss: 0.11623381078243256
Rank:0 Epoch: [29/40], Step: [411/782], Loss: 0.19612649083137512
Rank:0 Epoch: [29/40], Step: [421/782], Loss: 0.14914454519748688
Rank:0 Epoch: [29/40], Step: [431/782], Loss: 0.19554075598716736
Rank:0 Epoch: [29/40], Step: [441/782], Loss: 0.34085169434547424
Rank:0 Epoch: [29/40], Step: [451/782], Loss: 0.12936250865459442
Rank:0 Epoch: [29/40], Step: [461/782], Loss: 0.19124701619148254
Rank:0 Epoch: [29/40], Step: [471/782], Loss: 0.21884052455425262
Rank:0 Epoch: [29/40], Step: [481/782], Loss: 0.14467579126358032
Rank:0 Epoch: [29/40], Step: [491/782], Loss: 0.23282654583454132
Rank:0 Epoch: [29/40], Step: [501/782], Loss: 0.12213955819606781
Rank:0 Epoch: [29/40], Step: [511/782], Loss: 0.14662739634513855
Rank:0 Epoch: [29/40], Step: [521/782], Loss: 0.16097785532474518
Rank:0 Epoch: [29/40], Step: [531/782], Loss: 0.16343481838703156
Rank:0 Epoch: [29/40], Step: [541/782], Loss: 0.14435382187366486
Rank:0 Epoch: [29/40], Step: [551/782], Loss: 0.20992180705070496
Rank:0 Epoch: [29/40], Step: [561/782], Loss: 0.26668843626976013
Rank:0 Epoch: [29/40], Step: [571/782], Loss: 0.18947526812553406
Rank:0 Epoch: [29/40], Step: [581/782], Loss: 0.17375503480434418
Rank:0 Epoch: [29/40], Step: [591/782], Loss: 0.1657084971666336
Rank:0 Epoch: [29/40], Step: [601/782], Loss: 0.21963107585906982
Rank:0 Epoch: [29/40], Step: [611/782], Loss: 0.2143884003162384
Rank:0 Epoch: [29/40], Step: [621/782], Loss: 0.12106238305568695
Rank:0 Epoch: [29/40], Step: [631/782], Loss: 0.10372260212898254
Rank:0 Epoch: [29/40], Step: [641/782], Loss: 0.2616056501865387
Rank:0 Epoch: [29/40], Step: [651/782], Loss: 0.1426381766796112
Rank:0 Epoch: [29/40], Step: [661/782], Loss: 0.10231497883796692
Rank:0 Epoch: [29/40], Step: [671/782], Loss: 0.34033530950546265
Rank:0 Epoch: [29/40], Step: [681/782], Loss: 0.1880207508802414
Rank:0 Epoch: [29/40], Step: [691/782], Loss: 0.0772499144077301
Rank:0 Epoch: [29/40], Step: [701/782], Loss: 0.3186316192150116
Rank:0 Epoch: [29/40], Step: [711/782], Loss: 0.3012445867061615
Rank:0 Epoch: [29/40], Step: [721/782], Loss: 0.31758642196655273
Rank:0 Epoch: [29/40], Step: [731/782], Loss: 0.13239486515522003
Rank:0 Epoch: [29/40], Step: [741/782], Loss: 0.22789837419986725
Rank:0 Epoch: [29/40], Step: [751/782], Loss: 0.1268278956413269
Rank:0 Epoch: [29/40], Step: [761/782], Loss: 0.14387597143650055
Rank:0 Epoch: [29/40], Step: [771/782], Loss: 0.2734437584877014
Rank:0 Epoch: [29/40], Step: [781/782], Loss: 0.17475160956382751
Current Test Acc: 0.8983
Rank:0 Epoch: [30/40], Step: [1/782], Loss: 0.1798878163099289
Rank:0 Epoch: [30/40], Step: [11/782], Loss: 0.1470053642988205
Rank:0 Epoch: [30/40], Step: [21/782], Loss: 0.1416843831539154
Rank:0 Epoch: [30/40], Step: [31/782], Loss: 0.13566645979881287
Rank:0 Epoch: [30/40], Step: [41/782], Loss: 0.16494975984096527
Rank:0 Epoch: [30/40], Step: [51/782], Loss: 0.13443933427333832
Rank:0 Epoch: [30/40], Step: [61/782], Loss: 0.214269757270813
Rank:0 Epoch: [30/40], Step: [71/782], Loss: 0.35747984051704407
Rank:0 Epoch: [30/40], Step: [81/782], Loss: 0.3380188047885895
Rank:0 Epoch: [30/40], Step: [91/782], Loss: 0.24904616177082062
Rank:0 Epoch: [30/40], Step: [101/782], Loss: 0.2172175794839859
Rank:0 Epoch: [30/40], Step: [111/782], Loss: 0.18533548712730408
Rank:0 Epoch: [30/40], Step: [121/782], Loss: 0.23586025834083557
Rank:0 Epoch: [30/40], Step: [131/782], Loss: 0.29680779576301575
Rank:0 Epoch: [30/40], Step: [141/782], Loss: 0.11276533454656601
Rank:0 Epoch: [30/40], Step: [151/782], Loss: 0.1906779706478119
Rank:0 Epoch: [30/40], Step: [161/782], Loss: 0.1383970081806183
Rank:0 Epoch: [30/40], Step: [171/782], Loss: 0.15105634927749634
Rank:0 Epoch: [30/40], Step: [181/782], Loss: 0.24377229809761047
Rank:0 Epoch: [30/40], Step: [191/782], Loss: 0.2863911986351013
Rank:0 Epoch: [30/40], Step: [201/782], Loss: 0.08988767117261887
Rank:0 Epoch: [30/40], Step: [211/782], Loss: 0.2397312968969345
Rank:0 Epoch: [30/40], Step: [221/782], Loss: 0.18730084598064423
Rank:0 Epoch: [30/40], Step: [231/782], Loss: 0.2017805576324463
Rank:0 Epoch: [30/40], Step: [241/782], Loss: 0.1802159696817398
Rank:0 Epoch: [30/40], Step: [251/782], Loss: 0.14891180396080017
Rank:0 Epoch: [30/40], Step: [261/782], Loss: 0.20779554545879364
Rank:0 Epoch: [30/40], Step: [271/782], Loss: 0.2426449954509735
Rank:0 Epoch: [30/40], Step: [281/782], Loss: 0.3086731433868408
Rank:0 Epoch: [30/40], Step: [291/782], Loss: 0.19847293198108673
Rank:0 Epoch: [30/40], Step: [301/782], Loss: 0.08859521150588989
Rank:0 Epoch: [30/40], Step: [311/782], Loss: 0.16293233633041382
Rank:0 Epoch: [30/40], Step: [321/782], Loss: 0.12010221928358078
Rank:0 Epoch: [30/40], Step: [331/782], Loss: 0.4648647606372833
Rank:0 Epoch: [30/40], Step: [341/782], Loss: 0.07182727754116058
Rank:0 Epoch: [30/40], Step: [351/782], Loss: 0.16243189573287964
Rank:0 Epoch: [30/40], Step: [361/782], Loss: 0.2099798023700714
Rank:0 Epoch: [30/40], Step: [371/782], Loss: 0.26761311292648315
Rank:0 Epoch: [30/40], Step: [381/782], Loss: 0.060052741318941116
Rank:0 Epoch: [30/40], Step: [391/782], Loss: 0.28750309348106384
Rank:0 Epoch: [30/40], Step: [401/782], Loss: 0.13061681389808655
Rank:0 Epoch: [30/40], Step: [411/782], Loss: 0.1958008110523224
Rank:0 Epoch: [30/40], Step: [421/782], Loss: 0.15221694111824036
Rank:0 Epoch: [30/40], Step: [431/782], Loss: 0.3215600252151489
Rank:0 Epoch: [30/40], Step: [441/782], Loss: 0.25273242592811584
Rank:0 Epoch: [30/40], Step: [451/782], Loss: 0.20660407841205597
Rank:0 Epoch: [30/40], Step: [461/782], Loss: 0.31037962436676025
Rank:0 Epoch: [30/40], Step: [471/782], Loss: 0.33381250500679016
Rank:0 Epoch: [30/40], Step: [481/782], Loss: 0.13708099722862244
Rank:0 Epoch: [30/40], Step: [491/782], Loss: 0.20546944439411163
Rank:0 Epoch: [30/40], Step: [501/782], Loss: 0.21151186525821686
Rank:0 Epoch: [30/40], Step: [511/782], Loss: 0.15779563784599304
Rank:0 Epoch: [30/40], Step: [521/782], Loss: 0.10882000625133514
Rank:0 Epoch: [30/40], Step: [531/782], Loss: 0.14510977268218994
Rank:0 Epoch: [30/40], Step: [541/782], Loss: 0.1511240005493164
Rank:0 Epoch: [30/40], Step: [551/782], Loss: 0.0868881568312645
Rank:0 Epoch: [30/40], Step: [561/782], Loss: 0.2295323759317398
Rank:0 Epoch: [30/40], Step: [571/782], Loss: 0.3177376687526703
Rank:0 Epoch: [30/40], Step: [581/782], Loss: 0.22683458030223846
Rank:0 Epoch: [30/40], Step: [591/782], Loss: 0.21253280341625214
Rank:0 Epoch: [30/40], Step: [601/782], Loss: 0.20324483513832092
Rank:0 Epoch: [30/40], Step: [611/782], Loss: 0.13386689126491547
Rank:0 Epoch: [30/40], Step: [621/782], Loss: 0.18623201549053192
Rank:0 Epoch: [30/40], Step: [631/782], Loss: 0.3399883508682251
Rank:0 Epoch: [30/40], Step: [641/782], Loss: 0.23353026807308197
Rank:0 Epoch: [30/40], Step: [651/782], Loss: 0.22016815841197968
Rank:0 Epoch: [30/40], Step: [661/782], Loss: 0.30175215005874634
Rank:0 Epoch: [30/40], Step: [671/782], Loss: 0.1908300668001175
Rank:0 Epoch: [30/40], Step: [681/782], Loss: 0.1722164750099182
Rank:0 Epoch: [30/40], Step: [691/782], Loss: 0.22782586514949799
Rank:0 Epoch: [30/40], Step: [701/782], Loss: 0.17056547105312347
Rank:0 Epoch: [30/40], Step: [711/782], Loss: 0.15255436301231384
Rank:0 Epoch: [30/40], Step: [721/782], Loss: 0.15931494534015656
Rank:0 Epoch: [30/40], Step: [731/782], Loss: 0.17517352104187012
Rank:0 Epoch: [30/40], Step: [741/782], Loss: 0.1515343338251114
Rank:0 Epoch: [30/40], Step: [751/782], Loss: 0.1627190262079239
Rank:0 Epoch: [30/40], Step: [761/782], Loss: 0.14292065799236298
Rank:0 Epoch: [30/40], Step: [771/782], Loss: 0.08855460584163666
Rank:0 Epoch: [30/40], Step: [781/782], Loss: 0.18466468155384064
Current Test Acc: 0.899
Rank:0 Epoch: [31/40], Step: [1/782], Loss: 0.27019986510276794
Rank:0 Epoch: [31/40], Step: [11/782], Loss: 0.11330259591341019
Rank:0 Epoch: [31/40], Step: [21/782], Loss: 0.1301644742488861
Rank:0 Epoch: [31/40], Step: [31/782], Loss: 0.17052149772644043
Rank:0 Epoch: [31/40], Step: [41/782], Loss: 0.06629171967506409
Rank:0 Epoch: [31/40], Step: [51/782], Loss: 0.15537631511688232
Rank:0 Epoch: [31/40], Step: [61/782], Loss: 0.2791280150413513
Rank:0 Epoch: [31/40], Step: [71/782], Loss: 0.22219188511371613
Rank:0 Epoch: [31/40], Step: [81/782], Loss: 0.24079248309135437
Rank:0 Epoch: [31/40], Step: [91/782], Loss: 0.27641597390174866
Rank:0 Epoch: [31/40], Step: [101/782], Loss: 0.3230111002922058
Rank:0 Epoch: [31/40], Step: [111/782], Loss: 0.21328222751617432
Rank:0 Epoch: [31/40], Step: [121/782], Loss: 0.1167563647031784
Rank:0 Epoch: [31/40], Step: [131/782], Loss: 0.1470448076725006
Rank:0 Epoch: [31/40], Step: [141/782], Loss: 0.16297878324985504
Rank:0 Epoch: [31/40], Step: [151/782], Loss: 0.14927053451538086
Rank:0 Epoch: [31/40], Step: [161/782], Loss: 0.22721977531909943
Rank:0 Epoch: [31/40], Step: [171/782], Loss: 0.1342843919992447
Rank:0 Epoch: [31/40], Step: [181/782], Loss: 0.20445799827575684
Rank:0 Epoch: [31/40], Step: [191/782], Loss: 0.15567737817764282
Rank:0 Epoch: [31/40], Step: [201/782], Loss: 0.26178327202796936
Rank:0 Epoch: [31/40], Step: [211/782], Loss: 0.10602494329214096
Rank:0 Epoch: [31/40], Step: [221/782], Loss: 0.09388628602027893
Rank:0 Epoch: [31/40], Step: [231/782], Loss: 0.2681328058242798
Rank:0 Epoch: [31/40], Step: [241/782], Loss: 0.14650504291057587
Rank:0 Epoch: [31/40], Step: [251/782], Loss: 0.10451554507017136
Rank:0 Epoch: [31/40], Step: [261/782], Loss: 0.22952818870544434
Rank:0 Epoch: [31/40], Step: [271/782], Loss: 0.17237822711467743
Rank:0 Epoch: [31/40], Step: [281/782], Loss: 0.3047904968261719
Rank:0 Epoch: [31/40], Step: [291/782], Loss: 0.19167737662792206
Rank:0 Epoch: [31/40], Step: [301/782], Loss: 0.24888665974140167
Rank:0 Epoch: [31/40], Step: [311/782], Loss: 0.164279043674469
Rank:0 Epoch: [31/40], Step: [321/782], Loss: 0.16986040771007538
Rank:0 Epoch: [31/40], Step: [331/782], Loss: 0.09665397554636002
Rank:0 Epoch: [31/40], Step: [341/782], Loss: 0.08466944843530655
Rank:0 Epoch: [31/40], Step: [351/782], Loss: 0.11550097912549973
Rank:0 Epoch: [31/40], Step: [361/782], Loss: 0.33981773257255554
Rank:0 Epoch: [31/40], Step: [371/782], Loss: 0.18105892837047577
Rank:0 Epoch: [31/40], Step: [381/782], Loss: 0.2974894940853119
Rank:0 Epoch: [31/40], Step: [391/782], Loss: 0.11917918920516968
Rank:0 Epoch: [31/40], Step: [401/782], Loss: 0.1260358989238739
Rank:0 Epoch: [31/40], Step: [411/782], Loss: 0.27768534421920776
Rank:0 Epoch: [31/40], Step: [421/782], Loss: 0.1915149986743927
Rank:0 Epoch: [31/40], Step: [431/782], Loss: 0.24261091649532318
Rank:0 Epoch: [31/40], Step: [441/782], Loss: 0.28276491165161133
Rank:0 Epoch: [31/40], Step: [451/782], Loss: 0.13365291059017181
Rank:0 Epoch: [31/40], Step: [461/782], Loss: 0.12906400859355927
Rank:0 Epoch: [31/40], Step: [471/782], Loss: 0.2542935609817505
Rank:0 Epoch: [31/40], Step: [481/782], Loss: 0.16933435201644897
Rank:0 Epoch: [31/40], Step: [491/782], Loss: 0.1115310862660408
Rank:0 Epoch: [31/40], Step: [501/782], Loss: 0.2390621304512024
Rank:0 Epoch: [31/40], Step: [511/782], Loss: 0.12940815091133118
Rank:0 Epoch: [31/40], Step: [521/782], Loss: 0.21008428931236267
Rank:0 Epoch: [31/40], Step: [531/782], Loss: 0.16942037642002106
Rank:0 Epoch: [31/40], Step: [541/782], Loss: 0.13992033898830414
Rank:0 Epoch: [31/40], Step: [551/782], Loss: 0.07361925393342972
Rank:0 Epoch: [31/40], Step: [561/782], Loss: 0.14086931943893433
Rank:0 Epoch: [31/40], Step: [571/782], Loss: 0.20869098603725433
Rank:0 Epoch: [31/40], Step: [581/782], Loss: 0.1577218770980835
Rank:0 Epoch: [31/40], Step: [591/782], Loss: 0.177825927734375
Rank:0 Epoch: [31/40], Step: [601/782], Loss: 0.08300572633743286
Rank:0 Epoch: [31/40], Step: [611/782], Loss: 0.1516737937927246
Rank:0 Epoch: [31/40], Step: [621/782], Loss: 0.1600961685180664
Rank:0 Epoch: [31/40], Step: [631/782], Loss: 0.21331748366355896
Rank:0 Epoch: [31/40], Step: [641/782], Loss: 0.18607406318187714
Rank:0 Epoch: [31/40], Step: [651/782], Loss: 0.15629088878631592
Rank:0 Epoch: [31/40], Step: [661/782], Loss: 0.18163684010505676
Rank:0 Epoch: [31/40], Step: [671/782], Loss: 0.18550145626068115
Rank:0 Epoch: [31/40], Step: [681/782], Loss: 0.15316684544086456
Rank:0 Epoch: [31/40], Step: [691/782], Loss: 0.18140847980976105
Rank:0 Epoch: [31/40], Step: [701/782], Loss: 0.11651618033647537
Rank:0 Epoch: [31/40], Step: [711/782], Loss: 0.13023145496845245
Rank:0 Epoch: [31/40], Step: [721/782], Loss: 0.2207709699869156
Rank:0 Epoch: [31/40], Step: [731/782], Loss: 0.30464598536491394
Rank:0 Epoch: [31/40], Step: [741/782], Loss: 0.10952359437942505
Rank:0 Epoch: [31/40], Step: [751/782], Loss: 0.21418894827365875
Rank:0 Epoch: [31/40], Step: [761/782], Loss: 0.08749246597290039
Rank:0 Epoch: [31/40], Step: [771/782], Loss: 0.2759280502796173
Rank:0 Epoch: [31/40], Step: [781/782], Loss: 0.17924770712852478
Current Test Acc: 0.9013
Rank:0 Epoch: [32/40], Step: [1/782], Loss: 0.12508586049079895
Rank:0 Epoch: [32/40], Step: [11/782], Loss: 0.1113291010260582
Rank:0 Epoch: [32/40], Step: [21/782], Loss: 0.20128856599330902
Rank:0 Epoch: [32/40], Step: [31/782], Loss: 0.22860975563526154
Rank:0 Epoch: [32/40], Step: [41/782], Loss: 0.2479325234889984
Rank:0 Epoch: [32/40], Step: [51/782], Loss: 0.14414362609386444
Rank:0 Epoch: [32/40], Step: [61/782], Loss: 0.18525469303131104
Rank:0 Epoch: [32/40], Step: [71/782], Loss: 0.24838726222515106
Rank:0 Epoch: [32/40], Step: [81/782], Loss: 0.168885737657547
Rank:0 Epoch: [32/40], Step: [91/782], Loss: 0.09587207436561584
Rank:0 Epoch: [32/40], Step: [101/782], Loss: 0.20463131368160248
Rank:0 Epoch: [32/40], Step: [111/782], Loss: 0.24195106327533722
Rank:0 Epoch: [32/40], Step: [121/782], Loss: 0.23823922872543335
Rank:0 Epoch: [32/40], Step: [131/782], Loss: 0.15205372869968414
Rank:0 Epoch: [32/40], Step: [141/782], Loss: 0.24352532625198364
Rank:0 Epoch: [32/40], Step: [151/782], Loss: 0.13861869275569916
Rank:0 Epoch: [32/40], Step: [161/782], Loss: 0.2316596657037735
Rank:0 Epoch: [32/40], Step: [171/782], Loss: 0.09010942280292511
Rank:0 Epoch: [32/40], Step: [181/782], Loss: 0.2128111869096756
Rank:0 Epoch: [32/40], Step: [191/782], Loss: 0.08788610249757767
Rank:0 Epoch: [32/40], Step: [201/782], Loss: 0.25595715641975403
Rank:0 Epoch: [32/40], Step: [211/782], Loss: 0.1696903556585312
Rank:0 Epoch: [32/40], Step: [221/782], Loss: 0.22119972109794617
Rank:0 Epoch: [32/40], Step: [231/782], Loss: 0.2806253135204315
Rank:0 Epoch: [32/40], Step: [241/782], Loss: 0.17714041471481323
Rank:0 Epoch: [32/40], Step: [251/782], Loss: 0.10823938250541687
Rank:0 Epoch: [32/40], Step: [261/782], Loss: 0.10828270018100739
Rank:0 Epoch: [32/40], Step: [271/782], Loss: 0.0635588988661766
Rank:0 Epoch: [32/40], Step: [281/782], Loss: 0.16561561822891235
Rank:0 Epoch: [32/40], Step: [291/782], Loss: 0.2169703096151352
Rank:0 Epoch: [32/40], Step: [301/782], Loss: 0.15250249207019806
Rank:0 Epoch: [32/40], Step: [311/782], Loss: 0.23262891173362732
Rank:0 Epoch: [32/40], Step: [321/782], Loss: 0.10830777883529663
Rank:0 Epoch: [32/40], Step: [331/782], Loss: 0.0808357521891594
Rank:0 Epoch: [32/40], Step: [341/782], Loss: 0.1937340795993805
Rank:0 Epoch: [32/40], Step: [351/782], Loss: 0.11890313774347305
Rank:0 Epoch: [32/40], Step: [361/782], Loss: 0.07916654646396637
Rank:0 Epoch: [32/40], Step: [371/782], Loss: 0.26869484782218933
Rank:0 Epoch: [32/40], Step: [381/782], Loss: 0.20582826435565948
Rank:0 Epoch: [32/40], Step: [391/782], Loss: 0.18796803057193756
Rank:0 Epoch: [32/40], Step: [401/782], Loss: 0.10910215228796005
Rank:0 Epoch: [32/40], Step: [411/782], Loss: 0.19298173487186432
Rank:0 Epoch: [32/40], Step: [421/782], Loss: 0.13610313832759857
Rank:0 Epoch: [32/40], Step: [431/782], Loss: 0.14414408802986145
Rank:0 Epoch: [32/40], Step: [441/782], Loss: 0.2155965119600296
Rank:0 Epoch: [32/40], Step: [451/782], Loss: 0.22971506416797638
Rank:0 Epoch: [32/40], Step: [461/782], Loss: 0.1264721304178238
Rank:0 Epoch: [32/40], Step: [471/782], Loss: 0.30052658915519714
Rank:0 Epoch: [32/40], Step: [481/782], Loss: 0.2056439071893692
Rank:0 Epoch: [32/40], Step: [491/782], Loss: 0.19122205674648285
Rank:0 Epoch: [32/40], Step: [501/782], Loss: 0.23800034821033478
Rank:0 Epoch: [32/40], Step: [511/782], Loss: 0.06824888288974762
Rank:0 Epoch: [32/40], Step: [521/782], Loss: 0.11393934488296509
Rank:0 Epoch: [32/40], Step: [531/782], Loss: 0.20817209780216217
Rank:0 Epoch: [32/40], Step: [541/782], Loss: 0.07844224572181702
Rank:0 Epoch: [32/40], Step: [551/782], Loss: 0.09681925177574158
Rank:0 Epoch: [32/40], Step: [561/782], Loss: 0.2263321876525879
Rank:0 Epoch: [32/40], Step: [571/782], Loss: 0.2726317048072815
Rank:0 Epoch: [32/40], Step: [581/782], Loss: 0.14773249626159668
Rank:0 Epoch: [32/40], Step: [591/782], Loss: 0.13285456597805023
Rank:0 Epoch: [32/40], Step: [601/782], Loss: 0.18455305695533752
Rank:0 Epoch: [32/40], Step: [611/782], Loss: 0.09137999266386032
Rank:0 Epoch: [32/40], Step: [621/782], Loss: 0.22452005743980408
Rank:0 Epoch: [32/40], Step: [631/782], Loss: 0.4862680435180664
Rank:0 Epoch: [32/40], Step: [641/782], Loss: 0.13066108524799347
Rank:0 Epoch: [32/40], Step: [651/782], Loss: 0.2102440595626831
Rank:0 Epoch: [32/40], Step: [661/782], Loss: 0.09223160147666931
Rank:0 Epoch: [32/40], Step: [671/782], Loss: 0.18332859873771667
Rank:0 Epoch: [32/40], Step: [681/782], Loss: 0.06932350993156433
Rank:0 Epoch: [32/40], Step: [691/782], Loss: 0.15700271725654602
Rank:0 Epoch: [32/40], Step: [701/782], Loss: 0.22891908884048462
Rank:0 Epoch: [32/40], Step: [711/782], Loss: 0.27145588397979736
Rank:0 Epoch: [32/40], Step: [721/782], Loss: 0.20796321332454681
Rank:0 Epoch: [32/40], Step: [731/782], Loss: 0.1988707333803177
Rank:0 Epoch: [32/40], Step: [741/782], Loss: 0.15995506942272186
Rank:0 Epoch: [32/40], Step: [751/782], Loss: 0.2578175961971283
Rank:0 Epoch: [32/40], Step: [761/782], Loss: 0.1046816036105156
Rank:0 Epoch: [32/40], Step: [771/782], Loss: 0.2160668820142746
Rank:0 Epoch: [32/40], Step: [781/782], Loss: 0.0739114060997963
Current Test Acc: 0.9014
Rank:0 Epoch: [33/40], Step: [1/782], Loss: 0.0869574248790741
Rank:0 Epoch: [33/40], Step: [11/782], Loss: 0.2218412160873413
Rank:0 Epoch: [33/40], Step: [21/782], Loss: 0.17470672726631165
Rank:0 Epoch: [33/40], Step: [31/782], Loss: 0.26368290185928345
Rank:0 Epoch: [33/40], Step: [41/782], Loss: 0.13216464221477509
Rank:0 Epoch: [33/40], Step: [51/782], Loss: 0.21049830317497253
Rank:0 Epoch: [33/40], Step: [61/782], Loss: 0.1438370645046234
Rank:0 Epoch: [33/40], Step: [71/782], Loss: 0.12664943933486938
Rank:0 Epoch: [33/40], Step: [81/782], Loss: 0.08956804126501083
Rank:0 Epoch: [33/40], Step: [91/782], Loss: 0.19200091063976288
Rank:0 Epoch: [33/40], Step: [101/782], Loss: 0.15071560442447662
Rank:0 Epoch: [33/40], Step: [111/782], Loss: 0.11241183429956436
Rank:0 Epoch: [33/40], Step: [121/782], Loss: 0.09553364664316177
Rank:0 Epoch: [33/40], Step: [131/782], Loss: 0.16512621939182281
Rank:0 Epoch: [33/40], Step: [141/782], Loss: 0.13261672854423523
Rank:0 Epoch: [33/40], Step: [151/782], Loss: 0.2809722125530243
Rank:0 Epoch: [33/40], Step: [161/782], Loss: 0.20531734824180603
Rank:0 Epoch: [33/40], Step: [171/782], Loss: 0.21048405766487122
Rank:0 Epoch: [33/40], Step: [181/782], Loss: 0.1459805816411972
Rank:0 Epoch: [33/40], Step: [191/782], Loss: 0.15517544746398926
Rank:0 Epoch: [33/40], Step: [201/782], Loss: 0.3355710804462433
Rank:0 Epoch: [33/40], Step: [211/782], Loss: 0.14140000939369202
Rank:0 Epoch: [33/40], Step: [221/782], Loss: 0.17268922924995422
Rank:0 Epoch: [33/40], Step: [231/782], Loss: 0.16571365296840668
Rank:0 Epoch: [33/40], Step: [241/782], Loss: 0.10224916785955429
Rank:0 Epoch: [33/40], Step: [251/782], Loss: 0.19649048149585724
Rank:0 Epoch: [33/40], Step: [261/782], Loss: 0.271395742893219
Rank:0 Epoch: [33/40], Step: [271/782], Loss: 0.07048410922288895
Rank:0 Epoch: [33/40], Step: [281/782], Loss: 0.1778622567653656
Rank:0 Epoch: [33/40], Step: [291/782], Loss: 0.24852041900157928
Rank:0 Epoch: [33/40], Step: [301/782], Loss: 0.18359459936618805
Rank:0 Epoch: [33/40], Step: [311/782], Loss: 0.07627912610769272
Rank:0 Epoch: [33/40], Step: [321/782], Loss: 0.4019036889076233
Rank:0 Epoch: [33/40], Step: [331/782], Loss: 0.1193658784031868
Rank:0 Epoch: [33/40], Step: [341/782], Loss: 0.2309420257806778
Rank:0 Epoch: [33/40], Step: [351/782], Loss: 0.22016675770282745
Rank:0 Epoch: [33/40], Step: [361/782], Loss: 0.14711566269397736
Rank:0 Epoch: [33/40], Step: [371/782], Loss: 0.22628608345985413
Rank:0 Epoch: [33/40], Step: [381/782], Loss: 0.08772476762533188
Rank:0 Epoch: [33/40], Step: [391/782], Loss: 0.19371990859508514
Rank:0 Epoch: [33/40], Step: [401/782], Loss: 0.30583593249320984
Rank:0 Epoch: [33/40], Step: [411/782], Loss: 0.24772532284259796
Rank:0 Epoch: [33/40], Step: [421/782], Loss: 0.13632014393806458
Rank:0 Epoch: [33/40], Step: [431/782], Loss: 0.2832189202308655
Rank:0 Epoch: [33/40], Step: [441/782], Loss: 0.1890571117401123
Rank:0 Epoch: [33/40], Step: [451/782], Loss: 0.06979846209287643
Rank:0 Epoch: [33/40], Step: [461/782], Loss: 0.08423791080713272
Rank:0 Epoch: [33/40], Step: [471/782], Loss: 0.20637817680835724
Rank:0 Epoch: [33/40], Step: [481/782], Loss: 0.2418004721403122
Rank:0 Epoch: [33/40], Step: [491/782], Loss: 0.16110451519489288
Rank:0 Epoch: [33/40], Step: [501/782], Loss: 0.15159089863300323
Rank:0 Epoch: [33/40], Step: [511/782], Loss: 0.2912185788154602
Rank:0 Epoch: [33/40], Step: [521/782], Loss: 0.29650017619132996
Rank:0 Epoch: [33/40], Step: [531/782], Loss: 0.21133030951023102
Rank:0 Epoch: [33/40], Step: [541/782], Loss: 0.2852250337600708
Rank:0 Epoch: [33/40], Step: [551/782], Loss: 0.19176329672336578
Rank:0 Epoch: [33/40], Step: [561/782], Loss: 0.19857805967330933
Rank:0 Epoch: [33/40], Step: [571/782], Loss: 0.1407177448272705
Rank:0 Epoch: [33/40], Step: [581/782], Loss: 0.16764423251152039
Rank:0 Epoch: [33/40], Step: [591/782], Loss: 0.14650750160217285
Rank:0 Epoch: [33/40], Step: [601/782], Loss: 0.15689484775066376
Rank:0 Epoch: [33/40], Step: [611/782], Loss: 0.09129846841096878
Rank:0 Epoch: [33/40], Step: [621/782], Loss: 0.15263612568378448
Rank:0 Epoch: [33/40], Step: [631/782], Loss: 0.2400618940591812
Rank:0 Epoch: [33/40], Step: [641/782], Loss: 0.11225568503141403
Rank:0 Epoch: [33/40], Step: [651/782], Loss: 0.18115171790122986
Rank:0 Epoch: [33/40], Step: [661/782], Loss: 0.1241316869854927
Rank:0 Epoch: [33/40], Step: [671/782], Loss: 0.3101309537887573
Rank:0 Epoch: [33/40], Step: [681/782], Loss: 0.25484368205070496
Rank:0 Epoch: [33/40], Step: [691/782], Loss: 0.13970965147018433
Rank:0 Epoch: [33/40], Step: [701/782], Loss: 0.17325936257839203
Rank:0 Epoch: [33/40], Step: [711/782], Loss: 0.16370412707328796
Rank:0 Epoch: [33/40], Step: [721/782], Loss: 0.25571998953819275
Rank:0 Epoch: [33/40], Step: [731/782], Loss: 0.10447420179843903
Rank:0 Epoch: [33/40], Step: [741/782], Loss: 0.1588437408208847
Rank:0 Epoch: [33/40], Step: [751/782], Loss: 0.13920742273330688
Rank:0 Epoch: [33/40], Step: [761/782], Loss: 0.17855823040008545
Rank:0 Epoch: [33/40], Step: [771/782], Loss: 0.17100101709365845
Rank:0 Epoch: [33/40], Step: [781/782], Loss: 0.08923010528087616
Current Test Acc: 0.9016
Rank:0 Epoch: [34/40], Step: [1/782], Loss: 0.15185929834842682
Rank:0 Epoch: [34/40], Step: [11/782], Loss: 0.2008209377527237
Rank:0 Epoch: [34/40], Step: [21/782], Loss: 0.22993873059749603
Rank:0 Epoch: [34/40], Step: [31/782], Loss: 0.21821372210979462
Rank:0 Epoch: [34/40], Step: [41/782], Loss: 0.21359819173812866
Rank:0 Epoch: [34/40], Step: [51/782], Loss: 0.11387565732002258
Rank:0 Epoch: [34/40], Step: [61/782], Loss: 0.14067856967449188
Rank:0 Epoch: [34/40], Step: [71/782], Loss: 0.032160598784685135
Rank:0 Epoch: [34/40], Step: [81/782], Loss: 0.11550786346197128
Rank:0 Epoch: [34/40], Step: [91/782], Loss: 0.10408730804920197
Rank:0 Epoch: [34/40], Step: [101/782], Loss: 0.12485142052173615
Rank:0 Epoch: [34/40], Step: [111/782], Loss: 0.1826038807630539
Rank:0 Epoch: [34/40], Step: [121/782], Loss: 0.30488499999046326
Rank:0 Epoch: [34/40], Step: [131/782], Loss: 0.22947198152542114
Rank:0 Epoch: [34/40], Step: [141/782], Loss: 0.164726123213768
Rank:0 Epoch: [34/40], Step: [151/782], Loss: 0.11091439425945282
Rank:0 Epoch: [34/40], Step: [161/782], Loss: 0.20821452140808105
Rank:0 Epoch: [34/40], Step: [171/782], Loss: 0.13718903064727783
Rank:0 Epoch: [34/40], Step: [181/782], Loss: 0.13947643339633942
Rank:0 Epoch: [34/40], Step: [191/782], Loss: 0.16321565210819244
Rank:0 Epoch: [34/40], Step: [201/782], Loss: 0.2714897394180298
Rank:0 Epoch: [34/40], Step: [211/782], Loss: 0.19428418576717377
Rank:0 Epoch: [34/40], Step: [221/782], Loss: 0.1282208114862442
Rank:0 Epoch: [34/40], Step: [231/782], Loss: 0.08358856290578842
Rank:0 Epoch: [34/40], Step: [241/782], Loss: 0.05211786925792694
Rank:0 Epoch: [34/40], Step: [251/782], Loss: 0.23124638199806213
Rank:0 Epoch: [34/40], Step: [261/782], Loss: 0.18513433635234833
Rank:0 Epoch: [34/40], Step: [271/782], Loss: 0.24261485040187836
Rank:0 Epoch: [34/40], Step: [281/782], Loss: 0.16625332832336426
Rank:0 Epoch: [34/40], Step: [291/782], Loss: 0.20821911096572876
Rank:0 Epoch: [34/40], Step: [301/782], Loss: 0.1179668977856636
Rank:0 Epoch: [34/40], Step: [311/782], Loss: 0.29681122303009033
Rank:0 Epoch: [34/40], Step: [321/782], Loss: 0.1859157532453537
Rank:0 Epoch: [34/40], Step: [331/782], Loss: 0.2940744459629059
Rank:0 Epoch: [34/40], Step: [341/782], Loss: 0.1220250353217125
Rank:0 Epoch: [34/40], Step: [351/782], Loss: 0.08652997761964798
Rank:0 Epoch: [34/40], Step: [361/782], Loss: 0.07684078812599182
Rank:0 Epoch: [34/40], Step: [371/782], Loss: 0.14517740905284882
Rank:0 Epoch: [34/40], Step: [381/782], Loss: 0.11213468015193939
Rank:0 Epoch: [34/40], Step: [391/782], Loss: 0.11392106860876083
Rank:0 Epoch: [34/40], Step: [401/782], Loss: 0.07861265540122986
Rank:0 Epoch: [34/40], Step: [411/782], Loss: 0.16288866102695465
Rank:0 Epoch: [34/40], Step: [421/782], Loss: 0.11264604330062866
Rank:0 Epoch: [34/40], Step: [431/782], Loss: 0.1402401328086853
Rank:0 Epoch: [34/40], Step: [441/782], Loss: 0.24625131487846375
Rank:0 Epoch: [34/40], Step: [451/782], Loss: 0.0598517507314682
Rank:0 Epoch: [34/40], Step: [461/782], Loss: 0.18089346587657928
Rank:0 Epoch: [34/40], Step: [471/782], Loss: 0.13408507406711578
Rank:0 Epoch: [34/40], Step: [481/782], Loss: 0.2136179804801941
Rank:0 Epoch: [34/40], Step: [491/782], Loss: 0.19040176272392273
Rank:0 Epoch: [34/40], Step: [501/782], Loss: 0.1379830539226532
Rank:0 Epoch: [34/40], Step: [511/782], Loss: 0.08910984545946121
Rank:0 Epoch: [34/40], Step: [521/782], Loss: 0.1362077295780182
Rank:0 Epoch: [34/40], Step: [531/782], Loss: 0.2761184573173523
Rank:0 Epoch: [34/40], Step: [541/782], Loss: 0.14324820041656494
Rank:0 Epoch: [34/40], Step: [551/782], Loss: 0.1521095484495163
Rank:0 Epoch: [34/40], Step: [561/782], Loss: 0.1060371920466423
Rank:0 Epoch: [34/40], Step: [571/782], Loss: 0.2386021614074707
Rank:0 Epoch: [34/40], Step: [581/782], Loss: 0.30116692185401917
Rank:0 Epoch: [34/40], Step: [591/782], Loss: 0.2631097137928009
Rank:0 Epoch: [34/40], Step: [601/782], Loss: 0.19056633114814758
Rank:0 Epoch: [34/40], Step: [611/782], Loss: 0.16261135041713715
Rank:0 Epoch: [34/40], Step: [621/782], Loss: 0.1534416824579239
Rank:0 Epoch: [34/40], Step: [631/782], Loss: 0.18462595343589783
Rank:0 Epoch: [34/40], Step: [641/782], Loss: 0.14342530071735382
Rank:0 Epoch: [34/40], Step: [651/782], Loss: 0.21448585391044617
Rank:0 Epoch: [34/40], Step: [661/782], Loss: 0.18387430906295776
Rank:0 Epoch: [34/40], Step: [671/782], Loss: 0.16607894003391266
Rank:0 Epoch: [34/40], Step: [681/782], Loss: 0.19828779995441437
Rank:0 Epoch: [34/40], Step: [691/782], Loss: 0.19503402709960938
Rank:0 Epoch: [34/40], Step: [701/782], Loss: 0.10831040889024734
Rank:0 Epoch: [34/40], Step: [711/782], Loss: 0.14775721728801727
Rank:0 Epoch: [34/40], Step: [721/782], Loss: 0.09206129610538483
Rank:0 Epoch: [34/40], Step: [731/782], Loss: 0.07446759194135666
Rank:0 Epoch: [34/40], Step: [741/782], Loss: 0.08115464448928833
Rank:0 Epoch: [34/40], Step: [751/782], Loss: 0.13381493091583252
Rank:0 Epoch: [34/40], Step: [761/782], Loss: 0.16684012115001678
Rank:0 Epoch: [34/40], Step: [771/782], Loss: 0.15804752707481384
Rank:0 Epoch: [34/40], Step: [781/782], Loss: 0.14572718739509583
Current Test Acc: 0.9015
Rank:0 Epoch: [35/40], Step: [1/782], Loss: 0.10889200121164322
Rank:0 Epoch: [35/40], Step: [11/782], Loss: 0.10558916628360748
Rank:0 Epoch: [35/40], Step: [21/782], Loss: 0.0719616562128067
Rank:0 Epoch: [35/40], Step: [31/782], Loss: 0.1097475066781044
Rank:0 Epoch: [35/40], Step: [41/782], Loss: 0.22972539067268372
Rank:0 Epoch: [35/40], Step: [51/782], Loss: 0.13161368668079376
Rank:0 Epoch: [35/40], Step: [61/782], Loss: 0.15408955514431
Rank:0 Epoch: [35/40], Step: [71/782], Loss: 0.11633186787366867
Rank:0 Epoch: [35/40], Step: [81/782], Loss: 0.19298994541168213
Rank:0 Epoch: [35/40], Step: [91/782], Loss: 0.10527370125055313
Rank:0 Epoch: [35/40], Step: [101/782], Loss: 0.18911246955394745
Rank:0 Epoch: [35/40], Step: [111/782], Loss: 0.16084787249565125
Rank:0 Epoch: [35/40], Step: [121/782], Loss: 0.10597075521945953
Rank:0 Epoch: [35/40], Step: [131/782], Loss: 0.22232012450695038
Rank:0 Epoch: [35/40], Step: [141/782], Loss: 0.1494501680135727
Rank:0 Epoch: [35/40], Step: [151/782], Loss: 0.09538397192955017
Rank:0 Epoch: [35/40], Step: [161/782], Loss: 0.16255785524845123
Rank:0 Epoch: [35/40], Step: [171/782], Loss: 0.11576693505048752
Rank:0 Epoch: [35/40], Step: [181/782], Loss: 0.20315195620059967
Rank:0 Epoch: [35/40], Step: [191/782], Loss: 0.09425611793994904
Rank:0 Epoch: [35/40], Step: [201/782], Loss: 0.13736289739608765
Rank:0 Epoch: [35/40], Step: [211/782], Loss: 0.31110846996307373
Rank:0 Epoch: [35/40], Step: [221/782], Loss: 0.21756306290626526
Rank:0 Epoch: [35/40], Step: [231/782], Loss: 0.10123798996210098
Rank:0 Epoch: [35/40], Step: [241/782], Loss: 0.16207295656204224
Rank:0 Epoch: [35/40], Step: [251/782], Loss: 0.12254498153924942
Rank:0 Epoch: [35/40], Step: [261/782], Loss: 0.18172219395637512
Rank:0 Epoch: [35/40], Step: [271/782], Loss: 0.17551814019680023
Rank:0 Epoch: [35/40], Step: [281/782], Loss: 0.19450008869171143
Rank:0 Epoch: [35/40], Step: [291/782], Loss: 0.26053062081336975
Rank:0 Epoch: [35/40], Step: [301/782], Loss: 0.14426131546497345
Rank:0 Epoch: [35/40], Step: [311/782], Loss: 0.11093134433031082
Rank:0 Epoch: [35/40], Step: [321/782], Loss: 0.1925755888223648
Rank:0 Epoch: [35/40], Step: [331/782], Loss: 0.08198025077581406
Rank:0 Epoch: [35/40], Step: [341/782], Loss: 0.21983115375041962
Rank:0 Epoch: [35/40], Step: [351/782], Loss: 0.3424623906612396
Rank:0 Epoch: [35/40], Step: [361/782], Loss: 0.09380676597356796
Rank:0 Epoch: [35/40], Step: [371/782], Loss: 0.06828829646110535
Rank:0 Epoch: [35/40], Step: [381/782], Loss: 0.1344291716814041
Rank:0 Epoch: [35/40], Step: [391/782], Loss: 0.11593303084373474
Rank:0 Epoch: [35/40], Step: [401/782], Loss: 0.21697130799293518
Rank:0 Epoch: [35/40], Step: [411/782], Loss: 0.2770863473415375
Rank:0 Epoch: [35/40], Step: [421/782], Loss: 0.1989043951034546
Rank:0 Epoch: [35/40], Step: [431/782], Loss: 0.15715137124061584
Rank:0 Epoch: [35/40], Step: [441/782], Loss: 0.2138974666595459
Rank:0 Epoch: [35/40], Step: [451/782], Loss: 0.12080567330121994
Rank:0 Epoch: [35/40], Step: [461/782], Loss: 0.2674921154975891
Rank:0 Epoch: [35/40], Step: [471/782], Loss: 0.14312206208705902
Rank:0 Epoch: [35/40], Step: [481/782], Loss: 0.15696629881858826
Rank:0 Epoch: [35/40], Step: [491/782], Loss: 0.10364633053541183
Rank:0 Epoch: [35/40], Step: [501/782], Loss: 0.17124538123607635
Rank:0 Epoch: [35/40], Step: [511/782], Loss: 0.17125502228736877
Rank:0 Epoch: [35/40], Step: [521/782], Loss: 0.17505773901939392
Rank:0 Epoch: [35/40], Step: [531/782], Loss: 0.1915305107831955
Rank:0 Epoch: [35/40], Step: [541/782], Loss: 0.19060733914375305
Rank:0 Epoch: [35/40], Step: [551/782], Loss: 0.1517309844493866
Rank:0 Epoch: [35/40], Step: [561/782], Loss: 0.12828414142131805
Rank:0 Epoch: [35/40], Step: [571/782], Loss: 0.15212585031986237
Rank:0 Epoch: [35/40], Step: [581/782], Loss: 0.09828250110149384
Rank:0 Epoch: [35/40], Step: [591/782], Loss: 0.1521388590335846
Rank:0 Epoch: [35/40], Step: [601/782], Loss: 0.1537632942199707
Rank:0 Epoch: [35/40], Step: [611/782], Loss: 0.05706150829792023
Rank:0 Epoch: [35/40], Step: [621/782], Loss: 0.14149293303489685
Rank:0 Epoch: [35/40], Step: [631/782], Loss: 0.1703433096408844
Rank:0 Epoch: [35/40], Step: [641/782], Loss: 0.20092101395130157
Rank:0 Epoch: [35/40], Step: [651/782], Loss: 0.1110495999455452
Rank:0 Epoch: [35/40], Step: [661/782], Loss: 0.16375775635242462
Rank:0 Epoch: [35/40], Step: [671/782], Loss: 0.08006619662046432
Rank:0 Epoch: [35/40], Step: [681/782], Loss: 0.3056553900241852
Rank:0 Epoch: [35/40], Step: [691/782], Loss: 0.20787954330444336
Rank:0 Epoch: [35/40], Step: [701/782], Loss: 0.09087316691875458
Rank:0 Epoch: [35/40], Step: [711/782], Loss: 0.2580989599227905
Rank:0 Epoch: [35/40], Step: [721/782], Loss: 0.062402233481407166
Rank:0 Epoch: [35/40], Step: [731/782], Loss: 0.235930934548378
Rank:0 Epoch: [35/40], Step: [741/782], Loss: 0.22721701860427856
Rank:0 Epoch: [35/40], Step: [751/782], Loss: 0.17247633635997772
Rank:0 Epoch: [35/40], Step: [761/782], Loss: 0.23938629031181335
Rank:0 Epoch: [35/40], Step: [771/782], Loss: 0.28370749950408936
Rank:0 Epoch: [35/40], Step: [781/782], Loss: 0.13522179424762726
Current Test Acc: 0.9009
Rank:0 Epoch: [36/40], Step: [1/782], Loss: 0.19069935381412506
Rank:0 Epoch: [36/40], Step: [11/782], Loss: 0.18620654940605164
Rank:0 Epoch: [36/40], Step: [21/782], Loss: 0.14870218932628632
Rank:0 Epoch: [36/40], Step: [31/782], Loss: 0.1428544968366623
Rank:0 Epoch: [36/40], Step: [41/782], Loss: 0.1626320779323578
Rank:0 Epoch: [36/40], Step: [51/782], Loss: 0.1227167397737503
Rank:0 Epoch: [36/40], Step: [61/782], Loss: 0.1457640826702118
Rank:0 Epoch: [36/40], Step: [71/782], Loss: 0.2716112732887268
Rank:0 Epoch: [36/40], Step: [81/782], Loss: 0.1985609233379364
Rank:0 Epoch: [36/40], Step: [91/782], Loss: 0.15555934607982635
Rank:0 Epoch: [36/40], Step: [101/782], Loss: 0.1710287481546402
Rank:0 Epoch: [36/40], Step: [111/782], Loss: 0.12170081585645676
Rank:0 Epoch: [36/40], Step: [121/782], Loss: 0.2308730036020279
Rank:0 Epoch: [36/40], Step: [131/782], Loss: 0.18006537854671478
Rank:0 Epoch: [36/40], Step: [141/782], Loss: 0.20517684519290924
Rank:0 Epoch: [36/40], Step: [151/782], Loss: 0.261764258146286
Rank:0 Epoch: [36/40], Step: [161/782], Loss: 0.0994066670536995
Rank:0 Epoch: [36/40], Step: [171/782], Loss: 0.1945776343345642
Rank:0 Epoch: [36/40], Step: [181/782], Loss: 0.27595844864845276
Rank:0 Epoch: [36/40], Step: [191/782], Loss: 0.14904071390628815
Rank:0 Epoch: [36/40], Step: [201/782], Loss: 0.0684579387307167
Rank:0 Epoch: [36/40], Step: [211/782], Loss: 0.13699033856391907
Rank:0 Epoch: [36/40], Step: [221/782], Loss: 0.17885443568229675
Rank:0 Epoch: [36/40], Step: [231/782], Loss: 0.18196357786655426
Rank:0 Epoch: [36/40], Step: [241/782], Loss: 0.12250100821256638
Rank:0 Epoch: [36/40], Step: [251/782], Loss: 0.20916463434696198
Rank:0 Epoch: [36/40], Step: [261/782], Loss: 0.09948265552520752
Rank:0 Epoch: [36/40], Step: [271/782], Loss: 0.2386319935321808
Rank:0 Epoch: [36/40], Step: [281/782], Loss: 0.14641515910625458
Rank:0 Epoch: [36/40], Step: [291/782], Loss: 0.22654461860656738
Rank:0 Epoch: [36/40], Step: [301/782], Loss: 0.17689938843250275
Rank:0 Epoch: [36/40], Step: [311/782], Loss: 0.074866883456707
Rank:0 Epoch: [36/40], Step: [321/782], Loss: 0.123940110206604
Rank:0 Epoch: [36/40], Step: [331/782], Loss: 0.11700569093227386
Rank:0 Epoch: [36/40], Step: [341/782], Loss: 0.17649877071380615
Rank:0 Epoch: [36/40], Step: [351/782], Loss: 0.12441277503967285
Rank:0 Epoch: [36/40], Step: [361/782], Loss: 0.16248303651809692
Rank:0 Epoch: [36/40], Step: [371/782], Loss: 0.10758727788925171
Rank:0 Epoch: [36/40], Step: [381/782], Loss: 0.10414618998765945
Rank:0 Epoch: [36/40], Step: [391/782], Loss: 0.37002378702163696
Rank:0 Epoch: [36/40], Step: [401/782], Loss: 0.2107057124376297
Rank:0 Epoch: [36/40], Step: [411/782], Loss: 0.16427579522132874
Rank:0 Epoch: [36/40], Step: [421/782], Loss: 0.19155973196029663
Rank:0 Epoch: [36/40], Step: [431/782], Loss: 0.2524135708808899
Rank:0 Epoch: [36/40], Step: [441/782], Loss: 0.14854587614536285
Rank:0 Epoch: [36/40], Step: [451/782], Loss: 0.25848114490509033
Rank:0 Epoch: [36/40], Step: [461/782], Loss: 0.1274069845676422
Rank:0 Epoch: [36/40], Step: [471/782], Loss: 0.11055227369070053
Rank:0 Epoch: [36/40], Step: [481/782], Loss: 0.1801350861787796
Rank:0 Epoch: [36/40], Step: [491/782], Loss: 0.20445118844509125
Rank:0 Epoch: [36/40], Step: [501/782], Loss: 0.1558954268693924
Rank:0 Epoch: [36/40], Step: [511/782], Loss: 0.22356046736240387
Rank:0 Epoch: [36/40], Step: [521/782], Loss: 0.21319645643234253
Rank:0 Epoch: [36/40], Step: [531/782], Loss: 0.21413056552410126
Rank:0 Epoch: [36/40], Step: [541/782], Loss: 0.16429129242897034
Rank:0 Epoch: [36/40], Step: [551/782], Loss: 0.11891814321279526
Rank:0 Epoch: [36/40], Step: [561/782], Loss: 0.21693481504917145
Rank:0 Epoch: [36/40], Step: [571/782], Loss: 0.2051098793745041
Rank:0 Epoch: [36/40], Step: [581/782], Loss: 0.2491874247789383
Rank:0 Epoch: [36/40], Step: [591/782], Loss: 0.19508101046085358
Rank:0 Epoch: [36/40], Step: [601/782], Loss: 0.10019001364707947
Rank:0 Epoch: [36/40], Step: [611/782], Loss: 0.14562883973121643
Rank:0 Epoch: [36/40], Step: [621/782], Loss: 0.19674864411354065
Rank:0 Epoch: [36/40], Step: [631/782], Loss: 0.04210560396313667
Rank:0 Epoch: [36/40], Step: [641/782], Loss: 0.1620558500289917
Rank:0 Epoch: [36/40], Step: [651/782], Loss: 0.232727512717247
Rank:0 Epoch: [36/40], Step: [661/782], Loss: 0.14410120248794556
Rank:0 Epoch: [36/40], Step: [671/782], Loss: 0.2509582042694092
Rank:0 Epoch: [36/40], Step: [681/782], Loss: 0.1342797875404358
Rank:0 Epoch: [36/40], Step: [691/782], Loss: 0.12345421314239502
Rank:0 Epoch: [36/40], Step: [701/782], Loss: 0.04905635491013527
Rank:0 Epoch: [36/40], Step: [711/782], Loss: 0.3505030572414398
Rank:0 Epoch: [36/40], Step: [721/782], Loss: 0.18571241199970245
Rank:0 Epoch: [36/40], Step: [731/782], Loss: 0.09902380406856537
Rank:0 Epoch: [36/40], Step: [741/782], Loss: 0.19687269628047943
Rank:0 Epoch: [36/40], Step: [751/782], Loss: 0.3343026340007782
Rank:0 Epoch: [36/40], Step: [761/782], Loss: 0.3210203945636749
Rank:0 Epoch: [36/40], Step: [771/782], Loss: 0.2785694897174835
Rank:0 Epoch: [36/40], Step: [781/782], Loss: 0.1318778246641159
Current Test Acc: 0.9016
Rank:0 Epoch: [37/40], Step: [1/782], Loss: 0.05520803481340408
Rank:0 Epoch: [37/40], Step: [11/782], Loss: 0.3656403720378876
Rank:0 Epoch: [37/40], Step: [21/782], Loss: 0.06597492843866348
Rank:0 Epoch: [37/40], Step: [31/782], Loss: 0.16758939623832703
Rank:0 Epoch: [37/40], Step: [41/782], Loss: 0.23688864707946777
Rank:0 Epoch: [37/40], Step: [51/782], Loss: 0.2904309630393982
Rank:0 Epoch: [37/40], Step: [61/782], Loss: 0.3154532313346863
Rank:0 Epoch: [37/40], Step: [71/782], Loss: 0.09360748529434204
Rank:0 Epoch: [37/40], Step: [81/782], Loss: 0.14129090309143066
Rank:0 Epoch: [37/40], Step: [91/782], Loss: 0.12560521066188812
Rank:0 Epoch: [37/40], Step: [101/782], Loss: 0.12740540504455566
Rank:0 Epoch: [37/40], Step: [111/782], Loss: 0.24109110236167908
Rank:0 Epoch: [37/40], Step: [121/782], Loss: 0.1434178203344345
Rank:0 Epoch: [37/40], Step: [131/782], Loss: 0.13388729095458984
Rank:0 Epoch: [37/40], Step: [141/782], Loss: 0.1113673523068428
Rank:0 Epoch: [37/40], Step: [151/782], Loss: 0.09652283042669296
Rank:0 Epoch: [37/40], Step: [161/782], Loss: 0.21081441640853882
Rank:0 Epoch: [37/40], Step: [171/782], Loss: 0.13806530833244324
Rank:0 Epoch: [37/40], Step: [181/782], Loss: 0.1149507462978363
Rank:0 Epoch: [37/40], Step: [191/782], Loss: 0.2631967067718506
Rank:0 Epoch: [37/40], Step: [201/782], Loss: 0.10013511031866074
Rank:0 Epoch: [37/40], Step: [211/782], Loss: 0.1575482338666916
Rank:0 Epoch: [37/40], Step: [221/782], Loss: 0.11839115619659424
Rank:0 Epoch: [37/40], Step: [231/782], Loss: 0.13525064289569855
Rank:0 Epoch: [37/40], Step: [241/782], Loss: 0.2048206627368927
Rank:0 Epoch: [37/40], Step: [251/782], Loss: 0.21434813737869263
Rank:0 Epoch: [37/40], Step: [261/782], Loss: 0.17010997235774994
Rank:0 Epoch: [37/40], Step: [271/782], Loss: 0.12527906894683838
Rank:0 Epoch: [37/40], Step: [281/782], Loss: 0.19238606095314026
Rank:0 Epoch: [37/40], Step: [291/782], Loss: 0.21563757956027985
Rank:0 Epoch: [37/40], Step: [301/782], Loss: 0.11386680603027344
Rank:0 Epoch: [37/40], Step: [311/782], Loss: 0.24955350160598755
Rank:0 Epoch: [37/40], Step: [321/782], Loss: 0.25062331557273865
Rank:0 Epoch: [37/40], Step: [331/782], Loss: 0.2667101323604584
Rank:0 Epoch: [37/40], Step: [341/782], Loss: 0.11429034918546677
Rank:0 Epoch: [37/40], Step: [351/782], Loss: 0.1461205631494522
Rank:0 Epoch: [37/40], Step: [361/782], Loss: 0.07873056828975677
Rank:0 Epoch: [37/40], Step: [371/782], Loss: 0.2118602693080902
Rank:0 Epoch: [37/40], Step: [381/782], Loss: 0.14152851700782776
Rank:0 Epoch: [37/40], Step: [391/782], Loss: 0.18821483850479126
Rank:0 Epoch: [37/40], Step: [401/782], Loss: 0.14402790367603302
Rank:0 Epoch: [37/40], Step: [411/782], Loss: 0.12926702201366425
Rank:0 Epoch: [37/40], Step: [421/782], Loss: 0.1336084008216858
Rank:0 Epoch: [37/40], Step: [431/782], Loss: 0.06192922592163086
Rank:0 Epoch: [37/40], Step: [441/782], Loss: 0.35642704367637634
Rank:0 Epoch: [37/40], Step: [451/782], Loss: 0.09738104045391083
Rank:0 Epoch: [37/40], Step: [461/782], Loss: 0.09737654775381088
Rank:0 Epoch: [37/40], Step: [471/782], Loss: 0.09691597521305084
Rank:0 Epoch: [37/40], Step: [481/782], Loss: 0.23442772030830383
Rank:0 Epoch: [37/40], Step: [491/782], Loss: 0.08263781666755676
Rank:0 Epoch: [37/40], Step: [501/782], Loss: 0.04939291998744011
Rank:0 Epoch: [37/40], Step: [511/782], Loss: 0.21595734357833862
Rank:0 Epoch: [37/40], Step: [521/782], Loss: 0.13689406216144562
Rank:0 Epoch: [37/40], Step: [531/782], Loss: 0.15147851407527924
Rank:0 Epoch: [37/40], Step: [541/782], Loss: 0.2552269995212555
Rank:0 Epoch: [37/40], Step: [551/782], Loss: 0.26011568307876587
Rank:0 Epoch: [37/40], Step: [561/782], Loss: 0.19351966679096222
Rank:0 Epoch: [37/40], Step: [571/782], Loss: 0.28083929419517517
Rank:0 Epoch: [37/40], Step: [581/782], Loss: 0.3198639452457428
Rank:0 Epoch: [37/40], Step: [591/782], Loss: 0.14382986724376678
Rank:0 Epoch: [37/40], Step: [601/782], Loss: 0.2529584467411041
Rank:0 Epoch: [37/40], Step: [611/782], Loss: 0.15988455712795258
Rank:0 Epoch: [37/40], Step: [621/782], Loss: 0.232735738158226
Rank:0 Epoch: [37/40], Step: [631/782], Loss: 0.214922234416008
Rank:0 Epoch: [37/40], Step: [641/782], Loss: 0.13312211632728577
Rank:0 Epoch: [37/40], Step: [651/782], Loss: 0.1417953222990036
Rank:0 Epoch: [37/40], Step: [661/782], Loss: 0.20849105715751648
Rank:0 Epoch: [37/40], Step: [671/782], Loss: 0.1762845665216446
Rank:0 Epoch: [37/40], Step: [681/782], Loss: 0.15273016691207886
Rank:0 Epoch: [37/40], Step: [691/782], Loss: 0.2052718698978424
Rank:0 Epoch: [37/40], Step: [701/782], Loss: 0.19240859150886536
Rank:0 Epoch: [37/40], Step: [711/782], Loss: 0.13273873925209045
Rank:0 Epoch: [37/40], Step: [721/782], Loss: 0.07909093052148819
Rank:0 Epoch: [37/40], Step: [731/782], Loss: 0.2206677496433258
Rank:0 Epoch: [37/40], Step: [741/782], Loss: 0.0525427870452404
Rank:0 Epoch: [37/40], Step: [751/782], Loss: 0.10445284098386765
Rank:0 Epoch: [37/40], Step: [761/782], Loss: 0.07357296347618103
Rank:0 Epoch: [37/40], Step: [771/782], Loss: 0.17530079185962677
Rank:0 Epoch: [37/40], Step: [781/782], Loss: 0.14919397234916687
Current Test Acc: 0.903
Rank:0 Epoch: [38/40], Step: [1/782], Loss: 0.19383035600185394
Rank:0 Epoch: [38/40], Step: [11/782], Loss: 0.1375771015882492
Rank:0 Epoch: [38/40], Step: [21/782], Loss: 0.1522814780473709
Rank:0 Epoch: [38/40], Step: [31/782], Loss: 0.17015427350997925
Rank:0 Epoch: [38/40], Step: [41/782], Loss: 0.14331918954849243
Rank:0 Epoch: [38/40], Step: [51/782], Loss: 0.11277522891759872
Rank:0 Epoch: [38/40], Step: [61/782], Loss: 0.07632648199796677
Rank:0 Epoch: [38/40], Step: [71/782], Loss: 0.13783511519432068
Rank:0 Epoch: [38/40], Step: [81/782], Loss: 0.21273358166217804
Rank:0 Epoch: [38/40], Step: [91/782], Loss: 0.17531099915504456
Rank:0 Epoch: [38/40], Step: [101/782], Loss: 0.14413140714168549
Rank:0 Epoch: [38/40], Step: [111/782], Loss: 0.19895097613334656
Rank:0 Epoch: [38/40], Step: [121/782], Loss: 0.10806082934141159
Rank:0 Epoch: [38/40], Step: [131/782], Loss: 0.18846994638442993
Rank:0 Epoch: [38/40], Step: [141/782], Loss: 0.25323012471199036
Rank:0 Epoch: [38/40], Step: [151/782], Loss: 0.09920429438352585
Rank:0 Epoch: [38/40], Step: [161/782], Loss: 0.11220401525497437
Rank:0 Epoch: [38/40], Step: [171/782], Loss: 0.2028704136610031
Rank:0 Epoch: [38/40], Step: [181/782], Loss: 0.10528212040662766
Rank:0 Epoch: [38/40], Step: [191/782], Loss: 0.05577622354030609
Rank:0 Epoch: [38/40], Step: [201/782], Loss: 0.14812661707401276
Rank:0 Epoch: [38/40], Step: [211/782], Loss: 0.15120501816272736
Rank:0 Epoch: [38/40], Step: [221/782], Loss: 0.13714425265789032
Rank:0 Epoch: [38/40], Step: [231/782], Loss: 0.19301605224609375
Rank:0 Epoch: [38/40], Step: [241/782], Loss: 0.12377148866653442
Rank:0 Epoch: [38/40], Step: [251/782], Loss: 0.043954718858003616
Rank:0 Epoch: [38/40], Step: [261/782], Loss: 0.1609378308057785
Rank:0 Epoch: [38/40], Step: [271/782], Loss: 0.11916696280241013
Rank:0 Epoch: [38/40], Step: [281/782], Loss: 0.11926163733005524
Rank:0 Epoch: [38/40], Step: [291/782], Loss: 0.21364761888980865
Rank:0 Epoch: [38/40], Step: [301/782], Loss: 0.21948596835136414
Rank:0 Epoch: [38/40], Step: [311/782], Loss: 0.24521058797836304
Rank:0 Epoch: [38/40], Step: [321/782], Loss: 0.10323647409677505
Rank:0 Epoch: [38/40], Step: [331/782], Loss: 0.19064028561115265
Rank:0 Epoch: [38/40], Step: [341/782], Loss: 0.2145339399576187
Rank:0 Epoch: [38/40], Step: [351/782], Loss: 0.06418032944202423
Rank:0 Epoch: [38/40], Step: [361/782], Loss: 0.18867981433868408
Rank:0 Epoch: [38/40], Step: [371/782], Loss: 0.09837730973958969
Rank:0 Epoch: [38/40], Step: [381/782], Loss: 0.09389322251081467
Rank:0 Epoch: [38/40], Step: [391/782], Loss: 0.19384709000587463
Rank:0 Epoch: [38/40], Step: [401/782], Loss: 0.2309822291135788
Rank:0 Epoch: [38/40], Step: [411/782], Loss: 0.13195918500423431
Rank:0 Epoch: [38/40], Step: [421/782], Loss: 0.11380550265312195
Rank:0 Epoch: [38/40], Step: [431/782], Loss: 0.1800754815340042
Rank:0 Epoch: [38/40], Step: [441/782], Loss: 0.4448195993900299
Rank:0 Epoch: [38/40], Step: [451/782], Loss: 0.17968936264514923
Rank:0 Epoch: [38/40], Step: [461/782], Loss: 0.11594635993242264
Rank:0 Epoch: [38/40], Step: [471/782], Loss: 0.06607517600059509
Rank:0 Epoch: [38/40], Step: [481/782], Loss: 0.28128182888031006
Rank:0 Epoch: [38/40], Step: [491/782], Loss: 0.15215528011322021
Rank:0 Epoch: [38/40], Step: [501/782], Loss: 0.19244147837162018
Rank:0 Epoch: [38/40], Step: [511/782], Loss: 0.2072596549987793
Rank:0 Epoch: [38/40], Step: [521/782], Loss: 0.09501227736473083
Rank:0 Epoch: [38/40], Step: [531/782], Loss: 0.1277550756931305
Rank:0 Epoch: [38/40], Step: [541/782], Loss: 0.27326521277427673
Rank:0 Epoch: [38/40], Step: [551/782], Loss: 0.21399939060211182
Rank:0 Epoch: [38/40], Step: [561/782], Loss: 0.14644886553287506
Rank:0 Epoch: [38/40], Step: [571/782], Loss: 0.23539790511131287
Rank:0 Epoch: [38/40], Step: [581/782], Loss: 0.07822450995445251
Rank:0 Epoch: [38/40], Step: [591/782], Loss: 0.049020279198884964
Rank:0 Epoch: [38/40], Step: [601/782], Loss: 0.2012379765510559
Rank:0 Epoch: [38/40], Step: [611/782], Loss: 0.11516910791397095
Rank:0 Epoch: [38/40], Step: [621/782], Loss: 0.1937379390001297
Rank:0 Epoch: [38/40], Step: [631/782], Loss: 0.23217393457889557
Rank:0 Epoch: [38/40], Step: [641/782], Loss: 0.24843686819076538
Rank:0 Epoch: [38/40], Step: [651/782], Loss: 0.07973609864711761
Rank:0 Epoch: [38/40], Step: [661/782], Loss: 0.1832720935344696
Rank:0 Epoch: [38/40], Step: [671/782], Loss: 0.0781567171216011
Rank:0 Epoch: [38/40], Step: [681/782], Loss: 0.09831099957227707
Rank:0 Epoch: [38/40], Step: [691/782], Loss: 0.196783185005188
Rank:0 Epoch: [38/40], Step: [701/782], Loss: 0.16563750803470612
Rank:0 Epoch: [38/40], Step: [711/782], Loss: 0.16438603401184082
Rank:0 Epoch: [38/40], Step: [721/782], Loss: 0.15351738035678864
Rank:0 Epoch: [38/40], Step: [731/782], Loss: 0.1884419322013855
Rank:0 Epoch: [38/40], Step: [741/782], Loss: 0.0917980894446373
Rank:0 Epoch: [38/40], Step: [751/782], Loss: 0.1872282177209854
Rank:0 Epoch: [38/40], Step: [761/782], Loss: 0.1089802086353302
Rank:0 Epoch: [38/40], Step: [771/782], Loss: 0.2659512460231781
Rank:0 Epoch: [38/40], Step: [781/782], Loss: 0.22277431190013885
Current Test Acc: 0.9021
Rank:0 Epoch: [39/40], Step: [1/782], Loss: 0.12095601111650467
Rank:0 Epoch: [39/40], Step: [11/782], Loss: 0.06532083451747894
Rank:0 Epoch: [39/40], Step: [21/782], Loss: 0.20213882625102997
Rank:0 Epoch: [39/40], Step: [31/782], Loss: 0.1382494568824768
Rank:0 Epoch: [39/40], Step: [41/782], Loss: 0.16475942730903625
Rank:0 Epoch: [39/40], Step: [51/782], Loss: 0.13982874155044556
Rank:0 Epoch: [39/40], Step: [61/782], Loss: 0.1694737672805786
Rank:0 Epoch: [39/40], Step: [71/782], Loss: 0.12333878874778748
Rank:0 Epoch: [39/40], Step: [81/782], Loss: 0.3052064776420593
Rank:0 Epoch: [39/40], Step: [91/782], Loss: 0.12467443197965622
Rank:0 Epoch: [39/40], Step: [101/782], Loss: 0.176031231880188
Rank:0 Epoch: [39/40], Step: [111/782], Loss: 0.1901872605085373
Rank:0 Epoch: [39/40], Step: [121/782], Loss: 0.07950501143932343
Rank:0 Epoch: [39/40], Step: [131/782], Loss: 0.12498833239078522
Rank:0 Epoch: [39/40], Step: [141/782], Loss: 0.2664557099342346
Rank:0 Epoch: [39/40], Step: [151/782], Loss: 0.18756499886512756
Rank:0 Epoch: [39/40], Step: [161/782], Loss: 0.2396613359451294
Rank:0 Epoch: [39/40], Step: [171/782], Loss: 0.27017486095428467
Rank:0 Epoch: [39/40], Step: [181/782], Loss: 0.13856111466884613
Rank:0 Epoch: [39/40], Step: [191/782], Loss: 0.17228582501411438
Rank:0 Epoch: [39/40], Step: [201/782], Loss: 0.1281098574399948
Rank:0 Epoch: [39/40], Step: [211/782], Loss: 0.1355786770582199
Rank:0 Epoch: [39/40], Step: [221/782], Loss: 0.14494557678699493
Rank:0 Epoch: [39/40], Step: [231/782], Loss: 0.18201091885566711
Rank:0 Epoch: [39/40], Step: [241/782], Loss: 0.07282338291406631
Rank:0 Epoch: [39/40], Step: [251/782], Loss: 0.18119925260543823
Rank:0 Epoch: [39/40], Step: [261/782], Loss: 0.22197315096855164
Rank:0 Epoch: [39/40], Step: [271/782], Loss: 0.12844595313072205
Rank:0 Epoch: [39/40], Step: [281/782], Loss: 0.09339861571788788
Rank:0 Epoch: [39/40], Step: [291/782], Loss: 0.17252230644226074
Rank:0 Epoch: [39/40], Step: [301/782], Loss: 0.3195553123950958
Rank:0 Epoch: [39/40], Step: [311/782], Loss: 0.18381251394748688
Rank:0 Epoch: [39/40], Step: [321/782], Loss: 0.2615305185317993
Rank:0 Epoch: [39/40], Step: [331/782], Loss: 0.20172157883644104
Rank:0 Epoch: [39/40], Step: [341/782], Loss: 0.18861451745033264
Rank:0 Epoch: [39/40], Step: [351/782], Loss: 0.15278449654579163
Rank:0 Epoch: [39/40], Step: [361/782], Loss: 0.08013210445642471
Rank:0 Epoch: [39/40], Step: [371/782], Loss: 0.10505643486976624
Rank:0 Epoch: [39/40], Step: [381/782], Loss: 0.22916018962860107
Rank:0 Epoch: [39/40], Step: [391/782], Loss: 0.38691845536231995
Rank:0 Epoch: [39/40], Step: [401/782], Loss: 0.15663443505764008
Rank:0 Epoch: [39/40], Step: [411/782], Loss: 0.19899334013462067
Rank:0 Epoch: [39/40], Step: [421/782], Loss: 0.2077166587114334
Rank:0 Epoch: [39/40], Step: [431/782], Loss: 0.17058205604553223
Rank:0 Epoch: [39/40], Step: [441/782], Loss: 0.2221570909023285
Rank:0 Epoch: [39/40], Step: [451/782], Loss: 0.2688160240650177
Rank:0 Epoch: [39/40], Step: [461/782], Loss: 0.18724755942821503
Rank:0 Epoch: [39/40], Step: [471/782], Loss: 0.15470458567142487
Rank:0 Epoch: [39/40], Step: [481/782], Loss: 0.31256136298179626
Rank:0 Epoch: [39/40], Step: [491/782], Loss: 0.20045039057731628
Rank:0 Epoch: [39/40], Step: [501/782], Loss: 0.21633659303188324
Rank:0 Epoch: [39/40], Step: [511/782], Loss: 0.055556755512952805
Rank:0 Epoch: [39/40], Step: [521/782], Loss: 0.3148641884326935
Rank:0 Epoch: [39/40], Step: [531/782], Loss: 0.15529459714889526
Rank:0 Epoch: [39/40], Step: [541/782], Loss: 0.2461375892162323
Rank:0 Epoch: [39/40], Step: [551/782], Loss: 0.14387288689613342
Rank:0 Epoch: [39/40], Step: [561/782], Loss: 0.20394371449947357
Rank:0 Epoch: [39/40], Step: [571/782], Loss: 0.22598382830619812
Rank:0 Epoch: [39/40], Step: [581/782], Loss: 0.09452322125434875
Rank:0 Epoch: [39/40], Step: [591/782], Loss: 0.2324395626783371
Rank:0 Epoch: [39/40], Step: [601/782], Loss: 0.23759734630584717
Rank:0 Epoch: [39/40], Step: [611/782], Loss: 0.09809207171201706
Rank:0 Epoch: [39/40], Step: [621/782], Loss: 0.10389770567417145
Rank:0 Epoch: [39/40], Step: [631/782], Loss: 0.15721116960048676
Rank:0 Epoch: [39/40], Step: [641/782], Loss: 0.1081850454211235
Rank:0 Epoch: [39/40], Step: [651/782], Loss: 0.11451047658920288
Rank:0 Epoch: [39/40], Step: [661/782], Loss: 0.20505663752555847
Rank:0 Epoch: [39/40], Step: [671/782], Loss: 0.2864055931568146
Rank:0 Epoch: [39/40], Step: [681/782], Loss: 0.19112010300159454
Rank:0 Epoch: [39/40], Step: [691/782], Loss: 0.229324072599411
Rank:0 Epoch: [39/40], Step: [701/782], Loss: 0.1310121715068817
Rank:0 Epoch: [39/40], Step: [711/782], Loss: 0.16929370164871216
Rank:0 Epoch: [39/40], Step: [721/782], Loss: 0.09762775897979736
Rank:0 Epoch: [39/40], Step: [731/782], Loss: 0.09168021380901337
Rank:0 Epoch: [39/40], Step: [741/782], Loss: 0.1623164862394333
Rank:0 Epoch: [39/40], Step: [751/782], Loss: 0.11966022849082947
Rank:0 Epoch: [39/40], Step: [761/782], Loss: 0.16944463551044464
Rank:0 Epoch: [39/40], Step: [771/782], Loss: 0.262014240026474
Rank:0 Epoch: [39/40], Step: [781/782], Loss: 0.15604007244110107
Current Test Acc: 0.9024
Rank:0 Epoch: [40/40], Step: [1/782], Loss: 0.10334397852420807
Rank:0 Epoch: [40/40], Step: [11/782], Loss: 0.2562285363674164
Rank:0 Epoch: [40/40], Step: [21/782], Loss: 0.23114174604415894
Rank:0 Epoch: [40/40], Step: [31/782], Loss: 0.2643250524997711
Rank:0 Epoch: [40/40], Step: [41/782], Loss: 0.2212640941143036
Rank:0 Epoch: [40/40], Step: [51/782], Loss: 0.2078292965888977
Rank:0 Epoch: [40/40], Step: [61/782], Loss: 0.1408831924200058
Rank:0 Epoch: [40/40], Step: [71/782], Loss: 0.09439310431480408
Rank:0 Epoch: [40/40], Step: [81/782], Loss: 0.15294907987117767
Rank:0 Epoch: [40/40], Step: [91/782], Loss: 0.20605434477329254
Rank:0 Epoch: [40/40], Step: [101/782], Loss: 0.2089085876941681
Rank:0 Epoch: [40/40], Step: [111/782], Loss: 0.21068397164344788
Rank:0 Epoch: [40/40], Step: [121/782], Loss: 0.21879459917545319
Rank:0 Epoch: [40/40], Step: [131/782], Loss: 0.14059321582317352
Rank:0 Epoch: [40/40], Step: [141/782], Loss: 0.18343348801136017
Rank:0 Epoch: [40/40], Step: [151/782], Loss: 0.17256228625774384
Rank:0 Epoch: [40/40], Step: [161/782], Loss: 0.08920948952436447
Rank:0 Epoch: [40/40], Step: [171/782], Loss: 0.18506695330142975
Rank:0 Epoch: [40/40], Step: [181/782], Loss: 0.09734588116407394
Rank:0 Epoch: [40/40], Step: [191/782], Loss: 0.18992622196674347
Rank:0 Epoch: [40/40], Step: [201/782], Loss: 0.16481426358222961
Rank:0 Epoch: [40/40], Step: [211/782], Loss: 0.1027458906173706
Rank:0 Epoch: [40/40], Step: [221/782], Loss: 0.0646931380033493
Rank:0 Epoch: [40/40], Step: [231/782], Loss: 0.13350075483322144
Rank:0 Epoch: [40/40], Step: [241/782], Loss: 0.24181216955184937
Rank:0 Epoch: [40/40], Step: [251/782], Loss: 0.1268993318080902
Rank:0 Epoch: [40/40], Step: [261/782], Loss: 0.12493576854467392
Rank:0 Epoch: [40/40], Step: [271/782], Loss: 0.19213858246803284
Rank:0 Epoch: [40/40], Step: [281/782], Loss: 0.2977053225040436
Rank:0 Epoch: [40/40], Step: [291/782], Loss: 0.05808718502521515
Rank:0 Epoch: [40/40], Step: [301/782], Loss: 0.11414992809295654
Rank:0 Epoch: [40/40], Step: [311/782], Loss: 0.3703852593898773
Rank:0 Epoch: [40/40], Step: [321/782], Loss: 0.2998826205730438
Rank:0 Epoch: [40/40], Step: [331/782], Loss: 0.10253924131393433
Rank:0 Epoch: [40/40], Step: [341/782], Loss: 0.21806208789348602
Rank:0 Epoch: [40/40], Step: [351/782], Loss: 0.18863023817539215
Rank:0 Epoch: [40/40], Step: [361/782], Loss: 0.17076975107192993
Rank:0 Epoch: [40/40], Step: [371/782], Loss: 0.14015884697437286
Rank:0 Epoch: [40/40], Step: [381/782], Loss: 0.1142508015036583
Rank:0 Epoch: [40/40], Step: [391/782], Loss: 0.24854162335395813
Rank:0 Epoch: [40/40], Step: [401/782], Loss: 0.21684573590755463
Rank:0 Epoch: [40/40], Step: [411/782], Loss: 0.20068898797035217
Rank:0 Epoch: [40/40], Step: [421/782], Loss: 0.05254961922764778
Rank:0 Epoch: [40/40], Step: [431/782], Loss: 0.10632041096687317
Rank:0 Epoch: [40/40], Step: [441/782], Loss: 0.22604551911354065
Rank:0 Epoch: [40/40], Step: [451/782], Loss: 0.26883718371391296
Rank:0 Epoch: [40/40], Step: [461/782], Loss: 0.15418905019760132
Rank:0 Epoch: [40/40], Step: [471/782], Loss: 0.2788410186767578
Rank:0 Epoch: [40/40], Step: [481/782], Loss: 0.10410971194505692
Rank:0 Epoch: [40/40], Step: [491/782], Loss: 0.24449390172958374
Rank:0 Epoch: [40/40], Step: [501/782], Loss: 0.17796708643436432
Rank:0 Epoch: [40/40], Step: [511/782], Loss: 0.16079826653003693
Rank:0 Epoch: [40/40], Step: [521/782], Loss: 0.18971681594848633
Rank:0 Epoch: [40/40], Step: [531/782], Loss: 0.12701435387134552
Rank:0 Epoch: [40/40], Step: [541/782], Loss: 0.2841276228427887
Rank:0 Epoch: [40/40], Step: [551/782], Loss: 0.2971142530441284
Rank:0 Epoch: [40/40], Step: [561/782], Loss: 0.084763303399086
Rank:0 Epoch: [40/40], Step: [571/782], Loss: 0.13865214586257935
Rank:0 Epoch: [40/40], Step: [581/782], Loss: 0.32958728075027466
Rank:0 Epoch: [40/40], Step: [591/782], Loss: 0.17947918176651
Rank:0 Epoch: [40/40], Step: [601/782], Loss: 0.2960622310638428
Rank:0 Epoch: [40/40], Step: [611/782], Loss: 0.31951361894607544
Rank:0 Epoch: [40/40], Step: [621/782], Loss: 0.1321827471256256
Rank:0 Epoch: [40/40], Step: [631/782], Loss: 0.21286803483963013
Rank:0 Epoch: [40/40], Step: [641/782], Loss: 0.19630397856235504
Rank:0 Epoch: [40/40], Step: [651/782], Loss: 0.08126235008239746
Rank:0 Epoch: [40/40], Step: [661/782], Loss: 0.08958540111780167
Rank:0 Epoch: [40/40], Step: [671/782], Loss: 0.14730702340602875
Rank:0 Epoch: [40/40], Step: [681/782], Loss: 0.1301971673965454
Rank:0 Epoch: [40/40], Step: [691/782], Loss: 0.11590484529733658
Rank:0 Epoch: [40/40], Step: [701/782], Loss: 0.35210666060447693
Rank:0 Epoch: [40/40], Step: [711/782], Loss: 0.0861128494143486
Rank:0 Epoch: [40/40], Step: [721/782], Loss: 0.18662957847118378
Rank:0 Epoch: [40/40], Step: [731/782], Loss: 0.15145817399024963
Rank:0 Epoch: [40/40], Step: [741/782], Loss: 0.10405506938695908
Rank:0 Epoch: [40/40], Step: [751/782], Loss: 0.2349521517753601
Rank:0 Epoch: [40/40], Step: [761/782], Loss: 0.19347544014453888
Rank:0 Epoch: [40/40], Step: [771/782], Loss: 0.10562999546527863
Rank:0 Epoch: [40/40], Step: [781/782], Loss: 0.14467477798461914
Current Test Acc: 0.9022
Local best accuracy so far 0.903
Best accuracy so far 0.903
completed!
