ddp backend: nccl, world size: 1
rank 0 train on cuda 0
Rank:0 Epoch: [1/40], Step: [1/782], Loss: 1.3675377368927002
Rank:0 Epoch: [1/40], Step: [11/782], Loss: 1.295931339263916
Rank:0 Epoch: [1/40], Step: [21/782], Loss: 0.8125373125076294
Rank:0 Epoch: [1/40], Step: [31/782], Loss: 0.8317122459411621
Rank:0 Epoch: [1/40], Step: [41/782], Loss: 0.6974156498908997
Rank:0 Epoch: [1/40], Step: [51/782], Loss: 0.9762712717056274
Rank:0 Epoch: [1/40], Step: [61/782], Loss: 0.8530818223953247
Rank:0 Epoch: [1/40], Step: [71/782], Loss: 0.6590376496315002
Rank:0 Epoch: [1/40], Step: [81/782], Loss: 0.7762075662612915
Rank:0 Epoch: [1/40], Step: [91/782], Loss: 0.5891854166984558
Rank:0 Epoch: [1/40], Step: [101/782], Loss: 0.6899481415748596
Rank:0 Epoch: [1/40], Step: [111/782], Loss: 0.5024393796920776
Rank:0 Epoch: [1/40], Step: [121/782], Loss: 0.6613113880157471
Rank:0 Epoch: [1/40], Step: [131/782], Loss: 0.4750629961490631
Rank:0 Epoch: [1/40], Step: [141/782], Loss: 0.9263124465942383
Rank:0 Epoch: [1/40], Step: [151/782], Loss: 0.7533502578735352
Rank:0 Epoch: [1/40], Step: [161/782], Loss: 0.734169065952301
Rank:0 Epoch: [1/40], Step: [171/782], Loss: 0.6306393146514893
Rank:0 Epoch: [1/40], Step: [181/782], Loss: 0.6996570229530334
Rank:0 Epoch: [1/40], Step: [191/782], Loss: 0.7652531266212463
Rank:0 Epoch: [1/40], Step: [201/782], Loss: 0.6534321308135986
Rank:0 Epoch: [1/40], Step: [211/782], Loss: 0.6769872307777405
Rank:0 Epoch: [1/40], Step: [221/782], Loss: 0.48249489068984985
Rank:0 Epoch: [1/40], Step: [231/782], Loss: 0.6779518127441406
Rank:0 Epoch: [1/40], Step: [241/782], Loss: 0.34444135427474976
Rank:0 Epoch: [1/40], Step: [251/782], Loss: 0.6986258029937744
Rank:0 Epoch: [1/40], Step: [261/782], Loss: 0.6417689919471741
Rank:0 Epoch: [1/40], Step: [271/782], Loss: 0.5223628878593445
Rank:0 Epoch: [1/40], Step: [281/782], Loss: 0.282976359128952
Rank:0 Epoch: [1/40], Step: [291/782], Loss: 0.4236012101173401
Rank:0 Epoch: [1/40], Step: [301/782], Loss: 0.46570727229118347
Rank:0 Epoch: [1/40], Step: [311/782], Loss: 0.5506613850593567
Rank:0 Epoch: [1/40], Step: [321/782], Loss: 0.4375394880771637
Rank:0 Epoch: [1/40], Step: [331/782], Loss: 0.6425914168357849
Rank:0 Epoch: [1/40], Step: [341/782], Loss: 0.4256710112094879
Rank:0 Epoch: [1/40], Step: [351/782], Loss: 0.5235583186149597
Rank:0 Epoch: [1/40], Step: [361/782], Loss: 0.5429444313049316
Rank:0 Epoch: [1/40], Step: [371/782], Loss: 0.6815636157989502
Rank:0 Epoch: [1/40], Step: [381/782], Loss: 0.5320427417755127
Rank:0 Epoch: [1/40], Step: [391/782], Loss: 0.48369893431663513
Rank:0 Epoch: [1/40], Step: [401/782], Loss: 0.6413789391517639
Rank:0 Epoch: [1/40], Step: [411/782], Loss: 0.3723718523979187
Rank:0 Epoch: [1/40], Step: [421/782], Loss: 0.6766905188560486
Rank:0 Epoch: [1/40], Step: [431/782], Loss: 0.5000293850898743
Rank:0 Epoch: [1/40], Step: [441/782], Loss: 0.3573116660118103
Rank:0 Epoch: [1/40], Step: [451/782], Loss: 0.42089053988456726
Rank:0 Epoch: [1/40], Step: [461/782], Loss: 0.5377500653266907
Rank:0 Epoch: [1/40], Step: [471/782], Loss: 0.3739510774612427
Rank:0 Epoch: [1/40], Step: [481/782], Loss: 0.6048365831375122
Rank:0 Epoch: [1/40], Step: [491/782], Loss: 0.4283330738544464
Rank:0 Epoch: [1/40], Step: [501/782], Loss: 0.48739194869995117
Rank:0 Epoch: [1/40], Step: [511/782], Loss: 0.2738097608089447
Rank:0 Epoch: [1/40], Step: [521/782], Loss: 0.434047669172287
Rank:0 Epoch: [1/40], Step: [531/782], Loss: 0.5413169264793396
Rank:0 Epoch: [1/40], Step: [541/782], Loss: 0.21979086101055145
Rank:0 Epoch: [1/40], Step: [551/782], Loss: 0.50971919298172
Rank:0 Epoch: [1/40], Step: [561/782], Loss: 0.3333372473716736
Rank:0 Epoch: [1/40], Step: [571/782], Loss: 0.39083966612815857
Rank:0 Epoch: [1/40], Step: [581/782], Loss: 0.701240062713623
Rank:0 Epoch: [1/40], Step: [591/782], Loss: 0.5817426443099976
Rank:0 Epoch: [1/40], Step: [601/782], Loss: 0.3852578103542328
Rank:0 Epoch: [1/40], Step: [611/782], Loss: 0.4779638350009918
Rank:0 Epoch: [1/40], Step: [621/782], Loss: 0.7060548067092896
Rank:0 Epoch: [1/40], Step: [631/782], Loss: 0.5257550477981567
Rank:0 Epoch: [1/40], Step: [641/782], Loss: 0.4366913139820099
Rank:0 Epoch: [1/40], Step: [651/782], Loss: 0.671681821346283
Rank:0 Epoch: [1/40], Step: [661/782], Loss: 0.5269415378570557
Rank:0 Epoch: [1/40], Step: [671/782], Loss: 0.4590579569339752
Rank:0 Epoch: [1/40], Step: [681/782], Loss: 0.4062623679637909
Rank:0 Epoch: [1/40], Step: [691/782], Loss: 0.48163431882858276
Rank:0 Epoch: [1/40], Step: [701/782], Loss: 0.7184978127479553
Rank:0 Epoch: [1/40], Step: [711/782], Loss: 0.4353112280368805
Rank:0 Epoch: [1/40], Step: [721/782], Loss: 0.4226659834384918
Rank:0 Epoch: [1/40], Step: [731/782], Loss: 0.3859628438949585
Rank:0 Epoch: [1/40], Step: [741/782], Loss: 0.25758224725723267
Rank:0 Epoch: [1/40], Step: [751/782], Loss: 0.27578413486480713
Rank:0 Epoch: [1/40], Step: [761/782], Loss: 0.6031842231750488
Rank:0 Epoch: [1/40], Step: [771/782], Loss: 0.5028049349784851
Rank:0 Epoch: [1/40], Step: [781/782], Loss: 0.5041365623474121
Current Test Acc: 0.7767
Rank:0 Epoch: [2/40], Step: [1/782], Loss: 0.4698472321033478
Rank:0 Epoch: [2/40], Step: [11/782], Loss: 0.3842383623123169
Rank:0 Epoch: [2/40], Step: [21/782], Loss: 0.277275949716568
Rank:0 Epoch: [2/40], Step: [31/782], Loss: 0.4455869197845459
Rank:0 Epoch: [2/40], Step: [41/782], Loss: 0.3360387980937958
Rank:0 Epoch: [2/40], Step: [51/782], Loss: 0.2993488907814026
Rank:0 Epoch: [2/40], Step: [61/782], Loss: 0.2375544011592865
Rank:0 Epoch: [2/40], Step: [71/782], Loss: 0.5599705576896667
Rank:0 Epoch: [2/40], Step: [81/782], Loss: 0.39094477891921997
Rank:0 Epoch: [2/40], Step: [91/782], Loss: 0.5834599733352661
Rank:0 Epoch: [2/40], Step: [101/782], Loss: 0.30699625611305237
Rank:0 Epoch: [2/40], Step: [111/782], Loss: 0.5204010605812073
Rank:0 Epoch: [2/40], Step: [121/782], Loss: 0.26763948798179626
Rank:0 Epoch: [2/40], Step: [131/782], Loss: 0.5593876242637634
Rank:0 Epoch: [2/40], Step: [141/782], Loss: 0.40144380927085876
Rank:0 Epoch: [2/40], Step: [151/782], Loss: 0.6321561336517334
Rank:0 Epoch: [2/40], Step: [161/782], Loss: 0.4770720303058624
Rank:0 Epoch: [2/40], Step: [171/782], Loss: 0.46309709548950195
Rank:0 Epoch: [2/40], Step: [181/782], Loss: 0.5332468152046204
Rank:0 Epoch: [2/40], Step: [191/782], Loss: 0.36104685068130493
Rank:0 Epoch: [2/40], Step: [201/782], Loss: 0.35205450654029846
Rank:0 Epoch: [2/40], Step: [211/782], Loss: 0.42924970388412476
Rank:0 Epoch: [2/40], Step: [221/782], Loss: 0.3171553611755371
Rank:0 Epoch: [2/40], Step: [231/782], Loss: 0.45553693175315857
Rank:0 Epoch: [2/40], Step: [241/782], Loss: 0.3697669506072998
Rank:0 Epoch: [2/40], Step: [251/782], Loss: 0.3715651333332062
Rank:0 Epoch: [2/40], Step: [261/782], Loss: 0.4148222804069519
Rank:0 Epoch: [2/40], Step: [271/782], Loss: 0.4089982509613037
Rank:0 Epoch: [2/40], Step: [281/782], Loss: 0.4471617639064789
Rank:0 Epoch: [2/40], Step: [291/782], Loss: 0.4004727900028229
Rank:0 Epoch: [2/40], Step: [301/782], Loss: 0.43907031416893005
Rank:0 Epoch: [2/40], Step: [311/782], Loss: 0.2767852246761322
Rank:0 Epoch: [2/40], Step: [321/782], Loss: 0.4815206825733185
Rank:0 Epoch: [2/40], Step: [331/782], Loss: 0.5669454336166382
Rank:0 Epoch: [2/40], Step: [341/782], Loss: 0.35005244612693787
Rank:0 Epoch: [2/40], Step: [351/782], Loss: 0.2854510247707367
Rank:0 Epoch: [2/40], Step: [361/782], Loss: 0.3468737304210663
Rank:0 Epoch: [2/40], Step: [371/782], Loss: 0.367785781621933
Rank:0 Epoch: [2/40], Step: [381/782], Loss: 0.3446388840675354
Rank:0 Epoch: [2/40], Step: [391/782], Loss: 0.6626420617103577
Rank:0 Epoch: [2/40], Step: [401/782], Loss: 0.651719331741333
Rank:0 Epoch: [2/40], Step: [411/782], Loss: 0.34327366948127747
Rank:0 Epoch: [2/40], Step: [421/782], Loss: 0.4689815640449524
Rank:0 Epoch: [2/40], Step: [431/782], Loss: 0.5112766027450562
Rank:0 Epoch: [2/40], Step: [441/782], Loss: 0.38966602087020874
Rank:0 Epoch: [2/40], Step: [451/782], Loss: 0.5244964957237244
Rank:0 Epoch: [2/40], Step: [461/782], Loss: 0.3568947911262512
Rank:0 Epoch: [2/40], Step: [471/782], Loss: 0.5267333984375
Rank:0 Epoch: [2/40], Step: [481/782], Loss: 0.2806002199649811
Rank:0 Epoch: [2/40], Step: [491/782], Loss: 0.5371791124343872
Rank:0 Epoch: [2/40], Step: [501/782], Loss: 0.5581888556480408
Rank:0 Epoch: [2/40], Step: [511/782], Loss: 0.4701024293899536
Rank:0 Epoch: [2/40], Step: [521/782], Loss: 0.18639416992664337
Rank:0 Epoch: [2/40], Step: [531/782], Loss: 0.4153706431388855
Rank:0 Epoch: [2/40], Step: [541/782], Loss: 0.35341235995292664
Rank:0 Epoch: [2/40], Step: [551/782], Loss: 0.3888433873653412
Rank:0 Epoch: [2/40], Step: [561/782], Loss: 0.24411389231681824
Rank:0 Epoch: [2/40], Step: [571/782], Loss: 0.3815399706363678
Rank:0 Epoch: [2/40], Step: [581/782], Loss: 0.3532954752445221
Rank:0 Epoch: [2/40], Step: [591/782], Loss: 0.32015639543533325
Rank:0 Epoch: [2/40], Step: [601/782], Loss: 0.34372270107269287
Rank:0 Epoch: [2/40], Step: [611/782], Loss: 0.3138327896595001
Rank:0 Epoch: [2/40], Step: [621/782], Loss: 0.4255014955997467
Rank:0 Epoch: [2/40], Step: [631/782], Loss: 0.4161686897277832
Rank:0 Epoch: [2/40], Step: [641/782], Loss: 0.3791658878326416
Rank:0 Epoch: [2/40], Step: [651/782], Loss: 0.49921730160713196
Rank:0 Epoch: [2/40], Step: [661/782], Loss: 0.4827328622341156
Rank:0 Epoch: [2/40], Step: [671/782], Loss: 0.601102888584137
Rank:0 Epoch: [2/40], Step: [681/782], Loss: 0.21151980757713318
Rank:0 Epoch: [2/40], Step: [691/782], Loss: 0.28169843554496765
Rank:0 Epoch: [2/40], Step: [701/782], Loss: 0.3474058508872986
Rank:0 Epoch: [2/40], Step: [711/782], Loss: 0.45458728075027466
Rank:0 Epoch: [2/40], Step: [721/782], Loss: 0.4505428969860077
Rank:0 Epoch: [2/40], Step: [731/782], Loss: 0.1941373348236084
Rank:0 Epoch: [2/40], Step: [741/782], Loss: 0.4545970559120178
Rank:0 Epoch: [2/40], Step: [751/782], Loss: 0.2530435621738434
Rank:0 Epoch: [2/40], Step: [761/782], Loss: 0.5399101376533508
Rank:0 Epoch: [2/40], Step: [771/782], Loss: 0.37270694971084595
Rank:0 Epoch: [2/40], Step: [781/782], Loss: 0.28167006373405457
Current Test Acc: 0.8227
Rank:0 Epoch: [3/40], Step: [1/782], Loss: 0.5363600850105286
Rank:0 Epoch: [3/40], Step: [11/782], Loss: 0.4292272627353668
Rank:0 Epoch: [3/40], Step: [21/782], Loss: 0.27414384484291077
Rank:0 Epoch: [3/40], Step: [31/782], Loss: 0.24212519824504852
Rank:0 Epoch: [3/40], Step: [41/782], Loss: 0.32691240310668945
Rank:0 Epoch: [3/40], Step: [51/782], Loss: 0.25553300976753235
Rank:0 Epoch: [3/40], Step: [61/782], Loss: 0.400666743516922
Rank:0 Epoch: [3/40], Step: [71/782], Loss: 0.3413616418838501
Rank:0 Epoch: [3/40], Step: [81/782], Loss: 0.2331598997116089
Rank:0 Epoch: [3/40], Step: [91/782], Loss: 0.466599702835083
Rank:0 Epoch: [3/40], Step: [101/782], Loss: 0.43738171458244324
Rank:0 Epoch: [3/40], Step: [111/782], Loss: 0.3386074900627136
Rank:0 Epoch: [3/40], Step: [121/782], Loss: 0.3355853855609894
Rank:0 Epoch: [3/40], Step: [131/782], Loss: 0.29151463508605957
Rank:0 Epoch: [3/40], Step: [141/782], Loss: 0.3395732045173645
Rank:0 Epoch: [3/40], Step: [151/782], Loss: 0.34753909707069397
Rank:0 Epoch: [3/40], Step: [161/782], Loss: 0.2786545157432556
Rank:0 Epoch: [3/40], Step: [171/782], Loss: 0.18773436546325684
Rank:0 Epoch: [3/40], Step: [181/782], Loss: 0.2640928626060486
Rank:0 Epoch: [3/40], Step: [191/782], Loss: 0.3023434281349182
Rank:0 Epoch: [3/40], Step: [201/782], Loss: 0.3712601959705353
Rank:0 Epoch: [3/40], Step: [211/782], Loss: 0.296034038066864
Rank:0 Epoch: [3/40], Step: [221/782], Loss: 0.2989749014377594
Rank:0 Epoch: [3/40], Step: [231/782], Loss: 0.3500061631202698
Rank:0 Epoch: [3/40], Step: [241/782], Loss: 0.3647072911262512
Rank:0 Epoch: [3/40], Step: [251/782], Loss: 0.19824685156345367
Rank:0 Epoch: [3/40], Step: [261/782], Loss: 0.26188337802886963
Rank:0 Epoch: [3/40], Step: [271/782], Loss: 0.48969006538391113
Rank:0 Epoch: [3/40], Step: [281/782], Loss: 0.3139364421367645
Rank:0 Epoch: [3/40], Step: [291/782], Loss: 0.39194297790527344
Rank:0 Epoch: [3/40], Step: [301/782], Loss: 0.5297839045524597
Rank:0 Epoch: [3/40], Step: [311/782], Loss: 0.4626495838165283
Rank:0 Epoch: [3/40], Step: [321/782], Loss: 0.3812931180000305
Rank:0 Epoch: [3/40], Step: [331/782], Loss: 0.4531404972076416
Rank:0 Epoch: [3/40], Step: [341/782], Loss: 0.4378002882003784
Rank:0 Epoch: [3/40], Step: [351/782], Loss: 0.26761874556541443
Rank:0 Epoch: [3/40], Step: [361/782], Loss: 0.29310372471809387
Rank:0 Epoch: [3/40], Step: [371/782], Loss: 0.44100266695022583
Rank:0 Epoch: [3/40], Step: [381/782], Loss: 0.2486955225467682
Rank:0 Epoch: [3/40], Step: [391/782], Loss: 0.2094910889863968
Rank:0 Epoch: [3/40], Step: [401/782], Loss: 0.4557143449783325
Rank:0 Epoch: [3/40], Step: [411/782], Loss: 0.3882158696651459
Rank:0 Epoch: [3/40], Step: [421/782], Loss: 0.3170304000377655
Rank:0 Epoch: [3/40], Step: [431/782], Loss: 0.5041115880012512
Rank:0 Epoch: [3/40], Step: [441/782], Loss: 0.4677082896232605
Rank:0 Epoch: [3/40], Step: [451/782], Loss: 0.3093070387840271
Rank:0 Epoch: [3/40], Step: [461/782], Loss: 0.37433457374572754
Rank:0 Epoch: [3/40], Step: [471/782], Loss: 0.25424912571907043
Rank:0 Epoch: [3/40], Step: [481/782], Loss: 0.6921477317810059
Rank:0 Epoch: [3/40], Step: [491/782], Loss: 0.464659720659256
Rank:0 Epoch: [3/40], Step: [501/782], Loss: 0.37196487188339233
Rank:0 Epoch: [3/40], Step: [511/782], Loss: 0.2904508709907532
Rank:0 Epoch: [3/40], Step: [521/782], Loss: 0.3646632432937622
Rank:0 Epoch: [3/40], Step: [531/782], Loss: 0.32195475697517395
Rank:0 Epoch: [3/40], Step: [541/782], Loss: 0.5017408132553101
Rank:0 Epoch: [3/40], Step: [551/782], Loss: 0.24037933349609375
Rank:0 Epoch: [3/40], Step: [561/782], Loss: 0.3624006509780884
Rank:0 Epoch: [3/40], Step: [571/782], Loss: 0.6368460655212402
Rank:0 Epoch: [3/40], Step: [581/782], Loss: 0.35625964403152466
Rank:0 Epoch: [3/40], Step: [591/782], Loss: 0.1559361219406128
Rank:0 Epoch: [3/40], Step: [601/782], Loss: 0.2065017968416214
Rank:0 Epoch: [3/40], Step: [611/782], Loss: 0.2940542995929718
Rank:0 Epoch: [3/40], Step: [621/782], Loss: 0.3955480754375458
Rank:0 Epoch: [3/40], Step: [631/782], Loss: 0.4706290066242218
Rank:0 Epoch: [3/40], Step: [641/782], Loss: 0.14924030005931854
Rank:0 Epoch: [3/40], Step: [651/782], Loss: 0.48806285858154297
Rank:0 Epoch: [3/40], Step: [661/782], Loss: 0.4021451771259308
Rank:0 Epoch: [3/40], Step: [671/782], Loss: 0.3585518002510071
Rank:0 Epoch: [3/40], Step: [681/782], Loss: 0.27290844917297363
Rank:0 Epoch: [3/40], Step: [691/782], Loss: 0.4066985845565796
Rank:0 Epoch: [3/40], Step: [701/782], Loss: 0.47017839550971985
Rank:0 Epoch: [3/40], Step: [711/782], Loss: 0.36340779066085815
Rank:0 Epoch: [3/40], Step: [721/782], Loss: 0.28532931208610535
Rank:0 Epoch: [3/40], Step: [731/782], Loss: 0.447756826877594
Rank:0 Epoch: [3/40], Step: [741/782], Loss: 0.5197722315788269
Rank:0 Epoch: [3/40], Step: [751/782], Loss: 0.4652669429779053
Rank:0 Epoch: [3/40], Step: [761/782], Loss: 0.3082795739173889
Rank:0 Epoch: [3/40], Step: [771/782], Loss: 0.48438766598701477
Rank:0 Epoch: [3/40], Step: [781/782], Loss: 0.25541967153549194
Current Test Acc: 0.8192
Rank:0 Epoch: [4/40], Step: [1/782], Loss: 0.36558860540390015
Rank:0 Epoch: [4/40], Step: [11/782], Loss: 0.40121564269065857
Rank:0 Epoch: [4/40], Step: [21/782], Loss: 0.37934255599975586
Rank:0 Epoch: [4/40], Step: [31/782], Loss: 0.2811034321784973
Rank:0 Epoch: [4/40], Step: [41/782], Loss: 0.40634262561798096
Rank:0 Epoch: [4/40], Step: [51/782], Loss: 0.382977694272995
Rank:0 Epoch: [4/40], Step: [61/782], Loss: 0.2448488473892212
Rank:0 Epoch: [4/40], Step: [71/782], Loss: 0.3493606746196747
Rank:0 Epoch: [4/40], Step: [81/782], Loss: 0.2280186265707016
Rank:0 Epoch: [4/40], Step: [91/782], Loss: 0.37566787004470825
Rank:0 Epoch: [4/40], Step: [101/782], Loss: 0.32892295718193054
Rank:0 Epoch: [4/40], Step: [111/782], Loss: 0.36787351965904236
Rank:0 Epoch: [4/40], Step: [121/782], Loss: 0.1643437147140503
Rank:0 Epoch: [4/40], Step: [131/782], Loss: 0.3075558543205261
Rank:0 Epoch: [4/40], Step: [141/782], Loss: 0.16051562130451202
Rank:0 Epoch: [4/40], Step: [151/782], Loss: 0.29451510310173035
Rank:0 Epoch: [4/40], Step: [161/782], Loss: 0.525185227394104
Rank:0 Epoch: [4/40], Step: [171/782], Loss: 0.3888585567474365
Rank:0 Epoch: [4/40], Step: [181/782], Loss: 0.34653258323669434
Rank:0 Epoch: [4/40], Step: [191/782], Loss: 0.5600831508636475
Rank:0 Epoch: [4/40], Step: [201/782], Loss: 0.4254329800605774
Rank:0 Epoch: [4/40], Step: [211/782], Loss: 0.36000698804855347
Rank:0 Epoch: [4/40], Step: [221/782], Loss: 0.4546554386615753
Rank:0 Epoch: [4/40], Step: [231/782], Loss: 0.2799961566925049
Rank:0 Epoch: [4/40], Step: [241/782], Loss: 0.1941424012184143
Rank:0 Epoch: [4/40], Step: [251/782], Loss: 0.382030725479126
Rank:0 Epoch: [4/40], Step: [261/782], Loss: 0.24421554803848267
Rank:0 Epoch: [4/40], Step: [271/782], Loss: 0.41709092259407043
Rank:0 Epoch: [4/40], Step: [281/782], Loss: 0.2006550431251526
Rank:0 Epoch: [4/40], Step: [291/782], Loss: 0.423322468996048
Rank:0 Epoch: [4/40], Step: [301/782], Loss: 0.6824581027030945
Rank:0 Epoch: [4/40], Step: [311/782], Loss: 0.23530443012714386
Rank:0 Epoch: [4/40], Step: [321/782], Loss: 0.5028023719787598
Rank:0 Epoch: [4/40], Step: [331/782], Loss: 0.21513597667217255
Rank:0 Epoch: [4/40], Step: [341/782], Loss: 0.3241496980190277
Rank:0 Epoch: [4/40], Step: [351/782], Loss: 0.23640117049217224
Rank:0 Epoch: [4/40], Step: [361/782], Loss: 0.40228813886642456
Rank:0 Epoch: [4/40], Step: [371/782], Loss: 0.4969443082809448
Rank:0 Epoch: [4/40], Step: [381/782], Loss: 0.42857152223587036
Rank:0 Epoch: [4/40], Step: [391/782], Loss: 0.37802979350090027
Rank:0 Epoch: [4/40], Step: [401/782], Loss: 0.4907814860343933
Rank:0 Epoch: [4/40], Step: [411/782], Loss: 0.27639493346214294
Rank:0 Epoch: [4/40], Step: [421/782], Loss: 0.3360305428504944
Rank:0 Epoch: [4/40], Step: [431/782], Loss: 0.43680593371391296
Rank:0 Epoch: [4/40], Step: [441/782], Loss: 0.6849319338798523
Rank:0 Epoch: [4/40], Step: [451/782], Loss: 0.44694074988365173
Rank:0 Epoch: [4/40], Step: [461/782], Loss: 0.4470939338207245
Rank:0 Epoch: [4/40], Step: [471/782], Loss: 0.4288569390773773
Rank:0 Epoch: [4/40], Step: [481/782], Loss: 0.6646616458892822
Rank:0 Epoch: [4/40], Step: [491/782], Loss: 0.27343040704727173
Rank:0 Epoch: [4/40], Step: [501/782], Loss: 0.3990224301815033
Rank:0 Epoch: [4/40], Step: [511/782], Loss: 0.33859017491340637
Rank:0 Epoch: [4/40], Step: [521/782], Loss: 0.33241766691207886
Rank:0 Epoch: [4/40], Step: [531/782], Loss: 0.4540840983390808
Rank:0 Epoch: [4/40], Step: [541/782], Loss: 0.4158366918563843
Rank:0 Epoch: [4/40], Step: [551/782], Loss: 0.3551810085773468
Rank:0 Epoch: [4/40], Step: [561/782], Loss: 0.49216270446777344
Rank:0 Epoch: [4/40], Step: [571/782], Loss: 0.19256694614887238
Rank:0 Epoch: [4/40], Step: [581/782], Loss: 0.21672125160694122
Rank:0 Epoch: [4/40], Step: [591/782], Loss: 0.23766307532787323
Rank:0 Epoch: [4/40], Step: [601/782], Loss: 0.3707873225212097
Rank:0 Epoch: [4/40], Step: [611/782], Loss: 0.24454864859580994
Rank:0 Epoch: [4/40], Step: [621/782], Loss: 0.14841194450855255
Rank:0 Epoch: [4/40], Step: [631/782], Loss: 0.4595046043395996
Rank:0 Epoch: [4/40], Step: [641/782], Loss: 0.3174469769001007
Rank:0 Epoch: [4/40], Step: [651/782], Loss: 0.35418787598609924
Rank:0 Epoch: [4/40], Step: [661/782], Loss: 0.298444539308548
Rank:0 Epoch: [4/40], Step: [671/782], Loss: 0.3253665566444397
Rank:0 Epoch: [4/40], Step: [681/782], Loss: 0.45389124751091003
Rank:0 Epoch: [4/40], Step: [691/782], Loss: 0.5291377305984497
Rank:0 Epoch: [4/40], Step: [701/782], Loss: 0.32840433716773987
Rank:0 Epoch: [4/40], Step: [711/782], Loss: 0.2519211769104004
Rank:0 Epoch: [4/40], Step: [721/782], Loss: 0.30193763971328735
Rank:0 Epoch: [4/40], Step: [731/782], Loss: 0.3554318845272064
Rank:0 Epoch: [4/40], Step: [741/782], Loss: 0.43793368339538574
Rank:0 Epoch: [4/40], Step: [751/782], Loss: 0.340906023979187
Rank:0 Epoch: [4/40], Step: [761/782], Loss: 0.2715161144733429
Rank:0 Epoch: [4/40], Step: [771/782], Loss: 0.3585033118724823
Rank:0 Epoch: [4/40], Step: [781/782], Loss: 0.2868228256702423
Current Test Acc: 0.8502
Rank:0 Epoch: [5/40], Step: [1/782], Loss: 0.45414018630981445
Rank:0 Epoch: [5/40], Step: [11/782], Loss: 0.5578345656394958
Rank:0 Epoch: [5/40], Step: [21/782], Loss: 0.3131854236125946
Rank:0 Epoch: [5/40], Step: [31/782], Loss: 0.21177822351455688
Rank:0 Epoch: [5/40], Step: [41/782], Loss: 0.1992463767528534
Rank:0 Epoch: [5/40], Step: [51/782], Loss: 0.31023913621902466
Rank:0 Epoch: [5/40], Step: [61/782], Loss: 0.3378530442714691
Rank:0 Epoch: [5/40], Step: [71/782], Loss: 0.345784991979599
Rank:0 Epoch: [5/40], Step: [81/782], Loss: 0.2976723909378052
Rank:0 Epoch: [5/40], Step: [91/782], Loss: 0.31716129183769226
Rank:0 Epoch: [5/40], Step: [101/782], Loss: 0.46688681840896606
Rank:0 Epoch: [5/40], Step: [111/782], Loss: 0.30650651454925537
Rank:0 Epoch: [5/40], Step: [121/782], Loss: 0.1936015486717224
Rank:0 Epoch: [5/40], Step: [131/782], Loss: 0.22018536925315857
Rank:0 Epoch: [5/40], Step: [141/782], Loss: 0.330546110868454
Rank:0 Epoch: [5/40], Step: [151/782], Loss: 0.38319408893585205
Rank:0 Epoch: [5/40], Step: [161/782], Loss: 0.27146416902542114
Rank:0 Epoch: [5/40], Step: [171/782], Loss: 0.32444578409194946
Rank:0 Epoch: [5/40], Step: [181/782], Loss: 0.2893699109554291
Rank:0 Epoch: [5/40], Step: [191/782], Loss: 0.28250816464424133
Rank:0 Epoch: [5/40], Step: [201/782], Loss: 0.3138047754764557
Rank:0 Epoch: [5/40], Step: [211/782], Loss: 0.19535963237285614
Rank:0 Epoch: [5/40], Step: [221/782], Loss: 0.17266583442687988
Rank:0 Epoch: [5/40], Step: [231/782], Loss: 0.3773658573627472
Rank:0 Epoch: [5/40], Step: [241/782], Loss: 0.3604324460029602
Rank:0 Epoch: [5/40], Step: [251/782], Loss: 0.29861289262771606
Rank:0 Epoch: [5/40], Step: [261/782], Loss: 0.42487388849258423
Rank:0 Epoch: [5/40], Step: [271/782], Loss: 0.25624653697013855
Rank:0 Epoch: [5/40], Step: [281/782], Loss: 0.2723619341850281
Rank:0 Epoch: [5/40], Step: [291/782], Loss: 0.19169650971889496
Rank:0 Epoch: [5/40], Step: [301/782], Loss: 0.25149011611938477
Rank:0 Epoch: [5/40], Step: [311/782], Loss: 0.4322245419025421
Rank:0 Epoch: [5/40], Step: [321/782], Loss: 0.24090063571929932
Rank:0 Epoch: [5/40], Step: [331/782], Loss: 0.34719279408454895
Rank:0 Epoch: [5/40], Step: [341/782], Loss: 0.4895103871822357
Rank:0 Epoch: [5/40], Step: [351/782], Loss: 0.317302405834198
Rank:0 Epoch: [5/40], Step: [361/782], Loss: 0.39825406670570374
Rank:0 Epoch: [5/40], Step: [371/782], Loss: 0.5030394792556763
Rank:0 Epoch: [5/40], Step: [381/782], Loss: 0.304666131734848
Rank:0 Epoch: [5/40], Step: [391/782], Loss: 0.2536810636520386
Rank:0 Epoch: [5/40], Step: [401/782], Loss: 0.3907771706581116
Rank:0 Epoch: [5/40], Step: [411/782], Loss: 0.24747230112552643
Rank:0 Epoch: [5/40], Step: [421/782], Loss: 0.47841984033584595
Rank:0 Epoch: [5/40], Step: [431/782], Loss: 0.39107346534729004
Rank:0 Epoch: [5/40], Step: [441/782], Loss: 0.2591902017593384
Rank:0 Epoch: [5/40], Step: [451/782], Loss: 0.6888026595115662
Rank:0 Epoch: [5/40], Step: [461/782], Loss: 0.36399123072624207
Rank:0 Epoch: [5/40], Step: [471/782], Loss: 0.2767132818698883
Rank:0 Epoch: [5/40], Step: [481/782], Loss: 0.3596065938472748
Rank:0 Epoch: [5/40], Step: [491/782], Loss: 0.2519964575767517
Rank:0 Epoch: [5/40], Step: [501/782], Loss: 0.416095495223999
Rank:0 Epoch: [5/40], Step: [511/782], Loss: 0.4291095435619354
Rank:0 Epoch: [5/40], Step: [521/782], Loss: 0.30842921137809753
Rank:0 Epoch: [5/40], Step: [531/782], Loss: 0.2847646474838257
Rank:0 Epoch: [5/40], Step: [541/782], Loss: 0.3002404272556305
Rank:0 Epoch: [5/40], Step: [551/782], Loss: 0.49222368001937866
Rank:0 Epoch: [5/40], Step: [561/782], Loss: 0.2980612814426422
Rank:0 Epoch: [5/40], Step: [571/782], Loss: 0.30964621901512146
Rank:0 Epoch: [5/40], Step: [581/782], Loss: 0.33140358328819275
Rank:0 Epoch: [5/40], Step: [591/782], Loss: 0.3362077474594116
Rank:0 Epoch: [5/40], Step: [601/782], Loss: 0.4005536139011383
Rank:0 Epoch: [5/40], Step: [611/782], Loss: 0.17721372842788696
Rank:0 Epoch: [5/40], Step: [621/782], Loss: 0.39869508147239685
Rank:0 Epoch: [5/40], Step: [631/782], Loss: 0.23597033321857452
Rank:0 Epoch: [5/40], Step: [641/782], Loss: 0.4401452839374542
Rank:0 Epoch: [5/40], Step: [651/782], Loss: 0.32206985354423523
Rank:0 Epoch: [5/40], Step: [661/782], Loss: 0.4426358938217163
Rank:0 Epoch: [5/40], Step: [671/782], Loss: 0.4827117919921875
Rank:0 Epoch: [5/40], Step: [681/782], Loss: 0.2754702568054199
Rank:0 Epoch: [5/40], Step: [691/782], Loss: 0.3037957549095154
Rank:0 Epoch: [5/40], Step: [701/782], Loss: 0.3899572193622589
Rank:0 Epoch: [5/40], Step: [711/782], Loss: 0.18899287283420563
Rank:0 Epoch: [5/40], Step: [721/782], Loss: 0.2699897587299347
Rank:0 Epoch: [5/40], Step: [731/782], Loss: 0.3412646949291229
Rank:0 Epoch: [5/40], Step: [741/782], Loss: 0.41170451045036316
Rank:0 Epoch: [5/40], Step: [751/782], Loss: 0.3154345750808716
Rank:0 Epoch: [5/40], Step: [761/782], Loss: 0.28919535875320435
Rank:0 Epoch: [5/40], Step: [771/782], Loss: 0.5138078331947327
Rank:0 Epoch: [5/40], Step: [781/782], Loss: 0.42542722821235657
Current Test Acc: 0.8253
Rank:0 Epoch: [6/40], Step: [1/782], Loss: 0.30743634700775146
Rank:0 Epoch: [6/40], Step: [11/782], Loss: 0.35622262954711914
Rank:0 Epoch: [6/40], Step: [21/782], Loss: 0.2646956443786621
Rank:0 Epoch: [6/40], Step: [31/782], Loss: 0.25632762908935547
Rank:0 Epoch: [6/40], Step: [41/782], Loss: 0.2585608661174774
Rank:0 Epoch: [6/40], Step: [51/782], Loss: 0.20163793861865997
Rank:0 Epoch: [6/40], Step: [61/782], Loss: 0.2041292041540146
Rank:0 Epoch: [6/40], Step: [71/782], Loss: 0.22827136516571045
Rank:0 Epoch: [6/40], Step: [81/782], Loss: 0.3514794111251831
Rank:0 Epoch: [6/40], Step: [91/782], Loss: 0.23173527419567108
Rank:0 Epoch: [6/40], Step: [101/782], Loss: 0.2374553680419922
Rank:0 Epoch: [6/40], Step: [111/782], Loss: 0.12931430339813232
Rank:0 Epoch: [6/40], Step: [121/782], Loss: 0.3082049787044525
Rank:0 Epoch: [6/40], Step: [131/782], Loss: 0.5006982684135437
Rank:0 Epoch: [6/40], Step: [141/782], Loss: 0.24009251594543457
Rank:0 Epoch: [6/40], Step: [151/782], Loss: 0.38944146037101746
Rank:0 Epoch: [6/40], Step: [161/782], Loss: 0.17140518128871918
Rank:0 Epoch: [6/40], Step: [171/782], Loss: 0.3808690309524536
Rank:0 Epoch: [6/40], Step: [181/782], Loss: 0.29652127623558044
Rank:0 Epoch: [6/40], Step: [191/782], Loss: 0.3450470268726349
Rank:0 Epoch: [6/40], Step: [201/782], Loss: 0.3313256502151489
Rank:0 Epoch: [6/40], Step: [211/782], Loss: 0.3959832191467285
Rank:0 Epoch: [6/40], Step: [221/782], Loss: 0.11756998300552368
Rank:0 Epoch: [6/40], Step: [231/782], Loss: 0.40521010756492615
Rank:0 Epoch: [6/40], Step: [241/782], Loss: 0.280160516500473
Rank:0 Epoch: [6/40], Step: [251/782], Loss: 0.31803983449935913
Rank:0 Epoch: [6/40], Step: [261/782], Loss: 0.21014834940433502
Rank:0 Epoch: [6/40], Step: [271/782], Loss: 0.43631282448768616
Rank:0 Epoch: [6/40], Step: [281/782], Loss: 0.31691718101501465
Rank:0 Epoch: [6/40], Step: [291/782], Loss: 0.27556416392326355
Rank:0 Epoch: [6/40], Step: [301/782], Loss: 0.15898828208446503
Rank:0 Epoch: [6/40], Step: [311/782], Loss: 0.19447827339172363
Rank:0 Epoch: [6/40], Step: [321/782], Loss: 0.1898471862077713
Rank:0 Epoch: [6/40], Step: [331/782], Loss: 0.2592156231403351
Rank:0 Epoch: [6/40], Step: [341/782], Loss: 0.15519331395626068
Rank:0 Epoch: [6/40], Step: [351/782], Loss: 0.33760640025138855
Rank:0 Epoch: [6/40], Step: [361/782], Loss: 0.3319859206676483
Rank:0 Epoch: [6/40], Step: [371/782], Loss: 0.4534623622894287
Rank:0 Epoch: [6/40], Step: [381/782], Loss: 0.2794607877731323
Rank:0 Epoch: [6/40], Step: [391/782], Loss: 0.43246108293533325
Rank:0 Epoch: [6/40], Step: [401/782], Loss: 0.38207244873046875
Rank:0 Epoch: [6/40], Step: [411/782], Loss: 0.3047895133495331
Rank:0 Epoch: [6/40], Step: [421/782], Loss: 0.3359171748161316
Rank:0 Epoch: [6/40], Step: [431/782], Loss: 0.23527726531028748
Rank:0 Epoch: [6/40], Step: [441/782], Loss: 0.38429534435272217
Rank:0 Epoch: [6/40], Step: [451/782], Loss: 0.40923789143562317
Rank:0 Epoch: [6/40], Step: [461/782], Loss: 0.47068092226982117
Rank:0 Epoch: [6/40], Step: [471/782], Loss: 0.25615864992141724
Rank:0 Epoch: [6/40], Step: [481/782], Loss: 0.31403154134750366
Rank:0 Epoch: [6/40], Step: [491/782], Loss: 0.44670799374580383
Rank:0 Epoch: [6/40], Step: [501/782], Loss: 0.4901313781738281
Rank:0 Epoch: [6/40], Step: [511/782], Loss: 0.3061363101005554
Rank:0 Epoch: [6/40], Step: [521/782], Loss: 0.15834002196788788
Rank:0 Epoch: [6/40], Step: [531/782], Loss: 0.4882829785346985
Rank:0 Epoch: [6/40], Step: [541/782], Loss: 0.5034834146499634
Rank:0 Epoch: [6/40], Step: [551/782], Loss: 0.26301464438438416
Rank:0 Epoch: [6/40], Step: [561/782], Loss: 0.266264408826828
Rank:0 Epoch: [6/40], Step: [571/782], Loss: 0.31199413537979126
Rank:0 Epoch: [6/40], Step: [581/782], Loss: 0.3736009895801544
Rank:0 Epoch: [6/40], Step: [591/782], Loss: 0.21042771637439728
Rank:0 Epoch: [6/40], Step: [601/782], Loss: 0.12769067287445068
Rank:0 Epoch: [6/40], Step: [611/782], Loss: 0.35486993193626404
Rank:0 Epoch: [6/40], Step: [621/782], Loss: 0.27483102679252625
Rank:0 Epoch: [6/40], Step: [631/782], Loss: 0.2595491111278534
Rank:0 Epoch: [6/40], Step: [641/782], Loss: 0.220431849360466
Rank:0 Epoch: [6/40], Step: [651/782], Loss: 0.3003646731376648
Rank:0 Epoch: [6/40], Step: [661/782], Loss: 0.20630939304828644
Rank:0 Epoch: [6/40], Step: [671/782], Loss: 0.22583875060081482
Rank:0 Epoch: [6/40], Step: [681/782], Loss: 0.2456219494342804
Rank:0 Epoch: [6/40], Step: [691/782], Loss: 0.2658059298992157
Rank:0 Epoch: [6/40], Step: [701/782], Loss: 0.3860243856906891
Rank:0 Epoch: [6/40], Step: [711/782], Loss: 0.2766161561012268
Rank:0 Epoch: [6/40], Step: [721/782], Loss: 0.19874678552150726
Rank:0 Epoch: [6/40], Step: [731/782], Loss: 0.6106233596801758
Rank:0 Epoch: [6/40], Step: [741/782], Loss: 0.46664607524871826
Rank:0 Epoch: [6/40], Step: [751/782], Loss: 0.08493252843618393
Rank:0 Epoch: [6/40], Step: [761/782], Loss: 0.21929793059825897
Rank:0 Epoch: [6/40], Step: [771/782], Loss: 0.31559333205223083
Rank:0 Epoch: [6/40], Step: [781/782], Loss: 0.26175132393836975
Current Test Acc: 0.8385
Rank:0 Epoch: [7/40], Step: [1/782], Loss: 0.216600701212883
Rank:0 Epoch: [7/40], Step: [11/782], Loss: 0.18572896718978882
Rank:0 Epoch: [7/40], Step: [21/782], Loss: 0.4792761504650116
Rank:0 Epoch: [7/40], Step: [31/782], Loss: 0.2288859784603119
Rank:0 Epoch: [7/40], Step: [41/782], Loss: 0.3778287172317505
Rank:0 Epoch: [7/40], Step: [51/782], Loss: 0.3612818419933319
Rank:0 Epoch: [7/40], Step: [61/782], Loss: 0.33902764320373535
Rank:0 Epoch: [7/40], Step: [71/782], Loss: 0.2740723490715027
Rank:0 Epoch: [7/40], Step: [81/782], Loss: 0.2667316198348999
Rank:0 Epoch: [7/40], Step: [91/782], Loss: 0.24694311618804932
Rank:0 Epoch: [7/40], Step: [101/782], Loss: 0.3442547023296356
Rank:0 Epoch: [7/40], Step: [111/782], Loss: 0.35018378496170044
Rank:0 Epoch: [7/40], Step: [121/782], Loss: 0.7396414279937744
Rank:0 Epoch: [7/40], Step: [131/782], Loss: 0.3530060946941376
Rank:0 Epoch: [7/40], Step: [141/782], Loss: 0.23071801662445068
Rank:0 Epoch: [7/40], Step: [151/782], Loss: 0.255011647939682
Rank:0 Epoch: [7/40], Step: [161/782], Loss: 0.263992577791214
Rank:0 Epoch: [7/40], Step: [171/782], Loss: 0.4294396638870239
Rank:0 Epoch: [7/40], Step: [181/782], Loss: 0.2965458035469055
Rank:0 Epoch: [7/40], Step: [191/782], Loss: 0.3238111436367035
Rank:0 Epoch: [7/40], Step: [201/782], Loss: 0.2733962833881378
Rank:0 Epoch: [7/40], Step: [211/782], Loss: 0.37118735909461975
Rank:0 Epoch: [7/40], Step: [221/782], Loss: 0.3997499644756317
Rank:0 Epoch: [7/40], Step: [231/782], Loss: 0.4070326089859009
Rank:0 Epoch: [7/40], Step: [241/782], Loss: 0.5262028574943542
Rank:0 Epoch: [7/40], Step: [251/782], Loss: 0.23657366633415222
Rank:0 Epoch: [7/40], Step: [261/782], Loss: 0.4169132113456726
Rank:0 Epoch: [7/40], Step: [271/782], Loss: 0.6538068056106567
Rank:0 Epoch: [7/40], Step: [281/782], Loss: 0.2910017669200897
Rank:0 Epoch: [7/40], Step: [291/782], Loss: 0.3908724784851074
Rank:0 Epoch: [7/40], Step: [301/782], Loss: 0.23599746823310852
Rank:0 Epoch: [7/40], Step: [311/782], Loss: 0.4461907148361206
Rank:0 Epoch: [7/40], Step: [321/782], Loss: 0.3718656897544861
Rank:0 Epoch: [7/40], Step: [331/782], Loss: 0.27489009499549866
Rank:0 Epoch: [7/40], Step: [341/782], Loss: 0.3990514874458313
Rank:0 Epoch: [7/40], Step: [351/782], Loss: 0.19081717729568481
Rank:0 Epoch: [7/40], Step: [361/782], Loss: 0.2236509770154953
Rank:0 Epoch: [7/40], Step: [371/782], Loss: 0.48961809277534485
Rank:0 Epoch: [7/40], Step: [381/782], Loss: 0.2511189579963684
Rank:0 Epoch: [7/40], Step: [391/782], Loss: 0.32676514983177185
Rank:0 Epoch: [7/40], Step: [401/782], Loss: 0.19924843311309814
Rank:0 Epoch: [7/40], Step: [411/782], Loss: 0.31026801466941833
Rank:0 Epoch: [7/40], Step: [421/782], Loss: 0.15947026014328003
Rank:0 Epoch: [7/40], Step: [431/782], Loss: 0.3193628787994385
Rank:0 Epoch: [7/40], Step: [441/782], Loss: 0.29975882172584534
Rank:0 Epoch: [7/40], Step: [451/782], Loss: 0.25074201822280884
Rank:0 Epoch: [7/40], Step: [461/782], Loss: 0.42312321066856384
Rank:0 Epoch: [7/40], Step: [471/782], Loss: 0.23323428630828857
Rank:0 Epoch: [7/40], Step: [481/782], Loss: 0.464060515165329
Rank:0 Epoch: [7/40], Step: [491/782], Loss: 0.32813456654548645
Rank:0 Epoch: [7/40], Step: [501/782], Loss: 0.1678858995437622
Rank:0 Epoch: [7/40], Step: [511/782], Loss: 0.41199228167533875
Rank:0 Epoch: [7/40], Step: [521/782], Loss: 0.46599045395851135
Rank:0 Epoch: [7/40], Step: [531/782], Loss: 0.254494309425354
Rank:0 Epoch: [7/40], Step: [541/782], Loss: 0.15282854437828064
Rank:0 Epoch: [7/40], Step: [551/782], Loss: 0.37954774498939514
Rank:0 Epoch: [7/40], Step: [561/782], Loss: 0.23405180871486664
Rank:0 Epoch: [7/40], Step: [571/782], Loss: 0.25254496932029724
Rank:0 Epoch: [7/40], Step: [581/782], Loss: 0.32653024792671204
Rank:0 Epoch: [7/40], Step: [591/782], Loss: 0.28402096033096313
Rank:0 Epoch: [7/40], Step: [601/782], Loss: 0.41548997163772583
Rank:0 Epoch: [7/40], Step: [611/782], Loss: 0.1854948252439499
Rank:0 Epoch: [7/40], Step: [621/782], Loss: 0.25349611043930054
Rank:0 Epoch: [7/40], Step: [631/782], Loss: 0.30787602066993713
Rank:0 Epoch: [7/40], Step: [641/782], Loss: 0.33753877878189087
Rank:0 Epoch: [7/40], Step: [651/782], Loss: 0.34667667746543884
Rank:0 Epoch: [7/40], Step: [661/782], Loss: 0.20028014481067657
Rank:0 Epoch: [7/40], Step: [671/782], Loss: 0.3494178056716919
Rank:0 Epoch: [7/40], Step: [681/782], Loss: 0.37930378317832947
Rank:0 Epoch: [7/40], Step: [691/782], Loss: 0.371487557888031
Rank:0 Epoch: [7/40], Step: [701/782], Loss: 0.29620036482810974
Rank:0 Epoch: [7/40], Step: [711/782], Loss: 0.33580732345581055
Rank:0 Epoch: [7/40], Step: [721/782], Loss: 0.23391659557819366
Rank:0 Epoch: [7/40], Step: [731/782], Loss: 0.342314749956131
Rank:0 Epoch: [7/40], Step: [741/782], Loss: 0.4623017907142639
Rank:0 Epoch: [7/40], Step: [751/782], Loss: 0.29906702041625977
Rank:0 Epoch: [7/40], Step: [761/782], Loss: 0.25510528683662415
Rank:0 Epoch: [7/40], Step: [771/782], Loss: 0.27752363681793213
Rank:0 Epoch: [7/40], Step: [781/782], Loss: 0.2495618611574173
Current Test Acc: 0.8585
Rank:0 Epoch: [8/40], Step: [1/782], Loss: 0.28005799651145935
Rank:0 Epoch: [8/40], Step: [11/782], Loss: 0.43932604789733887
Rank:0 Epoch: [8/40], Step: [21/782], Loss: 0.38650915026664734
Rank:0 Epoch: [8/40], Step: [31/782], Loss: 0.2722773849964142
Rank:0 Epoch: [8/40], Step: [41/782], Loss: 0.3814495801925659
Rank:0 Epoch: [8/40], Step: [51/782], Loss: 0.1405826359987259
Rank:0 Epoch: [8/40], Step: [61/782], Loss: 0.21260963380336761
Rank:0 Epoch: [8/40], Step: [71/782], Loss: 0.238505020737648
Rank:0 Epoch: [8/40], Step: [81/782], Loss: 0.2756826877593994
Rank:0 Epoch: [8/40], Step: [91/782], Loss: 0.18817895650863647
Rank:0 Epoch: [8/40], Step: [101/782], Loss: 0.20783695578575134
Rank:0 Epoch: [8/40], Step: [111/782], Loss: 0.3503798842430115
Rank:0 Epoch: [8/40], Step: [121/782], Loss: 0.1697319746017456
Rank:0 Epoch: [8/40], Step: [131/782], Loss: 0.27964574098587036
Rank:0 Epoch: [8/40], Step: [141/782], Loss: 0.5067063570022583
Rank:0 Epoch: [8/40], Step: [151/782], Loss: 0.4078666865825653
Rank:0 Epoch: [8/40], Step: [161/782], Loss: 0.3419699966907501
Rank:0 Epoch: [8/40], Step: [171/782], Loss: 0.21087443828582764
Rank:0 Epoch: [8/40], Step: [181/782], Loss: 0.443920373916626
Rank:0 Epoch: [8/40], Step: [191/782], Loss: 0.20317992568016052
Rank:0 Epoch: [8/40], Step: [201/782], Loss: 0.36169371008872986
Rank:0 Epoch: [8/40], Step: [211/782], Loss: 0.3898906409740448
Rank:0 Epoch: [8/40], Step: [221/782], Loss: 0.29421716928482056
Rank:0 Epoch: [8/40], Step: [231/782], Loss: 0.29367274045944214
Rank:0 Epoch: [8/40], Step: [241/782], Loss: 0.1377154439687729
Rank:0 Epoch: [8/40], Step: [251/782], Loss: 0.2897486388683319
Rank:0 Epoch: [8/40], Step: [261/782], Loss: 0.11912716180086136
Rank:0 Epoch: [8/40], Step: [271/782], Loss: 0.29802948236465454
Rank:0 Epoch: [8/40], Step: [281/782], Loss: 0.2863576412200928
Rank:0 Epoch: [8/40], Step: [291/782], Loss: 0.3852481544017792
Rank:0 Epoch: [8/40], Step: [301/782], Loss: 0.22095748782157898
Rank:0 Epoch: [8/40], Step: [311/782], Loss: 0.25410979986190796
Rank:0 Epoch: [8/40], Step: [321/782], Loss: 0.3429051637649536
Rank:0 Epoch: [8/40], Step: [331/782], Loss: 0.34643489122390747
Rank:0 Epoch: [8/40], Step: [341/782], Loss: 0.3765999674797058
Rank:0 Epoch: [8/40], Step: [351/782], Loss: 0.291852742433548
Rank:0 Epoch: [8/40], Step: [361/782], Loss: 0.24580112099647522
Rank:0 Epoch: [8/40], Step: [371/782], Loss: 0.28216397762298584
Rank:0 Epoch: [8/40], Step: [381/782], Loss: 0.3623422682285309
Rank:0 Epoch: [8/40], Step: [391/782], Loss: 0.40228575468063354
Rank:0 Epoch: [8/40], Step: [401/782], Loss: 0.3099196255207062
Rank:0 Epoch: [8/40], Step: [411/782], Loss: 0.3258664309978485
Rank:0 Epoch: [8/40], Step: [421/782], Loss: 0.2369200736284256
Rank:0 Epoch: [8/40], Step: [431/782], Loss: 0.2401132732629776
Rank:0 Epoch: [8/40], Step: [441/782], Loss: 0.41428837180137634
Rank:0 Epoch: [8/40], Step: [451/782], Loss: 0.47459545731544495
Rank:0 Epoch: [8/40], Step: [461/782], Loss: 0.26110389828681946
Rank:0 Epoch: [8/40], Step: [471/782], Loss: 0.36436206102371216
Rank:0 Epoch: [8/40], Step: [481/782], Loss: 0.4828490614891052
Rank:0 Epoch: [8/40], Step: [491/782], Loss: 0.2785767912864685
Rank:0 Epoch: [8/40], Step: [501/782], Loss: 0.35974276065826416
Rank:0 Epoch: [8/40], Step: [511/782], Loss: 0.1531917154788971
Rank:0 Epoch: [8/40], Step: [521/782], Loss: 0.5291601419448853
Rank:0 Epoch: [8/40], Step: [531/782], Loss: 0.5887908339500427
Rank:0 Epoch: [8/40], Step: [541/782], Loss: 0.26675945520401
Rank:0 Epoch: [8/40], Step: [551/782], Loss: 0.2627294659614563
Rank:0 Epoch: [8/40], Step: [561/782], Loss: 0.49358615279197693
Rank:0 Epoch: [8/40], Step: [571/782], Loss: 0.29477471113204956
Rank:0 Epoch: [8/40], Step: [581/782], Loss: 0.2314223349094391
Rank:0 Epoch: [8/40], Step: [591/782], Loss: 0.23016737401485443
Rank:0 Epoch: [8/40], Step: [601/782], Loss: 0.3448435664176941
Rank:0 Epoch: [8/40], Step: [611/782], Loss: 0.17760495841503143
Rank:0 Epoch: [8/40], Step: [621/782], Loss: 0.21238768100738525
Rank:0 Epoch: [8/40], Step: [631/782], Loss: 0.4018177390098572
Rank:0 Epoch: [8/40], Step: [641/782], Loss: 0.37148115038871765
Rank:0 Epoch: [8/40], Step: [651/782], Loss: 0.32455700635910034
Rank:0 Epoch: [8/40], Step: [661/782], Loss: 0.3161604404449463
Rank:0 Epoch: [8/40], Step: [671/782], Loss: 0.46191850304603577
Rank:0 Epoch: [8/40], Step: [681/782], Loss: 0.2639644145965576
Rank:0 Epoch: [8/40], Step: [691/782], Loss: 0.36560094356536865
Rank:0 Epoch: [8/40], Step: [701/782], Loss: 0.6523830890655518
Rank:0 Epoch: [8/40], Step: [711/782], Loss: 0.2885899841785431
Rank:0 Epoch: [8/40], Step: [721/782], Loss: 0.33209940791130066
Rank:0 Epoch: [8/40], Step: [731/782], Loss: 0.3249818682670593
Rank:0 Epoch: [8/40], Step: [741/782], Loss: 0.4134669303894043
Rank:0 Epoch: [8/40], Step: [751/782], Loss: 0.13705573976039886
Rank:0 Epoch: [8/40], Step: [761/782], Loss: 0.3545296788215637
Rank:0 Epoch: [8/40], Step: [771/782], Loss: 0.30634236335754395
Rank:0 Epoch: [8/40], Step: [781/782], Loss: 0.2990173101425171
Current Test Acc: 0.8783
Rank:0 Epoch: [9/40], Step: [1/782], Loss: 0.2159159630537033
Rank:0 Epoch: [9/40], Step: [11/782], Loss: 0.20890648663043976
Rank:0 Epoch: [9/40], Step: [21/782], Loss: 0.22738975286483765
Rank:0 Epoch: [9/40], Step: [31/782], Loss: 0.34609413146972656
Rank:0 Epoch: [9/40], Step: [41/782], Loss: 0.29916706681251526
Rank:0 Epoch: [9/40], Step: [51/782], Loss: 0.25795668363571167
Rank:0 Epoch: [9/40], Step: [61/782], Loss: 0.2372809201478958
Rank:0 Epoch: [9/40], Step: [71/782], Loss: 0.29416170716285706
Rank:0 Epoch: [9/40], Step: [81/782], Loss: 0.24315333366394043
Rank:0 Epoch: [9/40], Step: [91/782], Loss: 0.39717450737953186
Rank:0 Epoch: [9/40], Step: [101/782], Loss: 0.1764875203371048
Rank:0 Epoch: [9/40], Step: [111/782], Loss: 0.3125110864639282
Rank:0 Epoch: [9/40], Step: [121/782], Loss: 0.22007057070732117
Rank:0 Epoch: [9/40], Step: [131/782], Loss: 0.2726956009864807
Rank:0 Epoch: [9/40], Step: [141/782], Loss: 0.1838645339012146
Rank:0 Epoch: [9/40], Step: [151/782], Loss: 0.21929994225502014
Rank:0 Epoch: [9/40], Step: [161/782], Loss: 0.22935855388641357
Rank:0 Epoch: [9/40], Step: [171/782], Loss: 0.187862366437912
Rank:0 Epoch: [9/40], Step: [181/782], Loss: 0.36802244186401367
Rank:0 Epoch: [9/40], Step: [191/782], Loss: 0.29278743267059326
Rank:0 Epoch: [9/40], Step: [201/782], Loss: 0.2307867705821991
Rank:0 Epoch: [9/40], Step: [211/782], Loss: 0.25692883133888245
Rank:0 Epoch: [9/40], Step: [221/782], Loss: 0.16980710625648499
Rank:0 Epoch: [9/40], Step: [231/782], Loss: 0.13443465530872345
Rank:0 Epoch: [9/40], Step: [241/782], Loss: 0.2794490158557892
Rank:0 Epoch: [9/40], Step: [251/782], Loss: 0.29054200649261475
Rank:0 Epoch: [9/40], Step: [261/782], Loss: 0.21803757548332214
Rank:0 Epoch: [9/40], Step: [271/782], Loss: 0.2958453595638275
Rank:0 Epoch: [9/40], Step: [281/782], Loss: 0.47612378001213074
Rank:0 Epoch: [9/40], Step: [291/782], Loss: 0.23915491998195648
Rank:0 Epoch: [9/40], Step: [301/782], Loss: 0.36757418513298035
Rank:0 Epoch: [9/40], Step: [311/782], Loss: 0.30145353078842163
Rank:0 Epoch: [9/40], Step: [321/782], Loss: 0.4088817834854126
Rank:0 Epoch: [9/40], Step: [331/782], Loss: 0.26191094517707825
Rank:0 Epoch: [9/40], Step: [341/782], Loss: 0.33897605538368225
Rank:0 Epoch: [9/40], Step: [351/782], Loss: 0.19970457255840302
Rank:0 Epoch: [9/40], Step: [361/782], Loss: 0.402667760848999
Rank:0 Epoch: [9/40], Step: [371/782], Loss: 0.1259257197380066
Rank:0 Epoch: [9/40], Step: [381/782], Loss: 0.21525557339191437
Rank:0 Epoch: [9/40], Step: [391/782], Loss: 0.3141200840473175
Rank:0 Epoch: [9/40], Step: [401/782], Loss: 0.16151836514472961
Rank:0 Epoch: [9/40], Step: [411/782], Loss: 0.1613972932100296
Rank:0 Epoch: [9/40], Step: [421/782], Loss: 0.25732049345970154
Rank:0 Epoch: [9/40], Step: [431/782], Loss: 0.3414561152458191
Rank:0 Epoch: [9/40], Step: [441/782], Loss: 0.36249083280563354
Rank:0 Epoch: [9/40], Step: [451/782], Loss: 0.25310903787612915
Rank:0 Epoch: [9/40], Step: [461/782], Loss: 0.2559822201728821
Rank:0 Epoch: [9/40], Step: [471/782], Loss: 0.1211107075214386
Rank:0 Epoch: [9/40], Step: [481/782], Loss: 0.2847437858581543
Rank:0 Epoch: [9/40], Step: [491/782], Loss: 0.27910053730010986
Rank:0 Epoch: [9/40], Step: [501/782], Loss: 0.20014704763889313
Rank:0 Epoch: [9/40], Step: [511/782], Loss: 0.2610100209712982
Rank:0 Epoch: [9/40], Step: [521/782], Loss: 0.20501868426799774
Rank:0 Epoch: [9/40], Step: [531/782], Loss: 0.5233561396598816
Rank:0 Epoch: [9/40], Step: [541/782], Loss: 0.2841785252094269
Rank:0 Epoch: [9/40], Step: [551/782], Loss: 0.3360323905944824
Rank:0 Epoch: [9/40], Step: [561/782], Loss: 0.15539506077766418
Rank:0 Epoch: [9/40], Step: [571/782], Loss: 0.13349778950214386
Rank:0 Epoch: [9/40], Step: [581/782], Loss: 0.42152175307273865
Rank:0 Epoch: [9/40], Step: [591/782], Loss: 0.27759110927581787
Rank:0 Epoch: [9/40], Step: [601/782], Loss: 0.28116676211357117
Rank:0 Epoch: [9/40], Step: [611/782], Loss: 0.3291098177433014
Rank:0 Epoch: [9/40], Step: [621/782], Loss: 0.2680337429046631
Rank:0 Epoch: [9/40], Step: [631/782], Loss: 0.19270479679107666
Rank:0 Epoch: [9/40], Step: [641/782], Loss: 0.3244173526763916
Rank:0 Epoch: [9/40], Step: [651/782], Loss: 0.43068552017211914
Rank:0 Epoch: [9/40], Step: [661/782], Loss: 0.2734016180038452
Rank:0 Epoch: [9/40], Step: [671/782], Loss: 0.370199590921402
Rank:0 Epoch: [9/40], Step: [681/782], Loss: 0.3201538026332855
Rank:0 Epoch: [9/40], Step: [691/782], Loss: 0.4017927646636963
Rank:0 Epoch: [9/40], Step: [701/782], Loss: 0.19051924347877502
Rank:0 Epoch: [9/40], Step: [711/782], Loss: 0.2829847037792206
Rank:0 Epoch: [9/40], Step: [721/782], Loss: 0.19547878205776215
Rank:0 Epoch: [9/40], Step: [731/782], Loss: 0.38513344526290894
Rank:0 Epoch: [9/40], Step: [741/782], Loss: 0.2444344311952591
Rank:0 Epoch: [9/40], Step: [751/782], Loss: 0.25165823101997375
Rank:0 Epoch: [9/40], Step: [761/782], Loss: 0.36099326610565186
Rank:0 Epoch: [9/40], Step: [771/782], Loss: 0.2810542583465576
Rank:0 Epoch: [9/40], Step: [781/782], Loss: 0.31262069940567017
Current Test Acc: 0.8778
Rank:0 Epoch: [10/40], Step: [1/782], Loss: 0.32326850295066833
Rank:0 Epoch: [10/40], Step: [11/782], Loss: 0.2472579926252365
Rank:0 Epoch: [10/40], Step: [21/782], Loss: 0.3534137010574341
Rank:0 Epoch: [10/40], Step: [31/782], Loss: 0.23452460765838623
Rank:0 Epoch: [10/40], Step: [41/782], Loss: 0.3738662898540497
Rank:0 Epoch: [10/40], Step: [51/782], Loss: 0.33653634786605835
Rank:0 Epoch: [10/40], Step: [61/782], Loss: 0.20780649781227112
Rank:0 Epoch: [10/40], Step: [71/782], Loss: 0.17564696073532104
Rank:0 Epoch: [10/40], Step: [81/782], Loss: 0.1275716871023178
Rank:0 Epoch: [10/40], Step: [91/782], Loss: 0.28582337498664856
Rank:0 Epoch: [10/40], Step: [101/782], Loss: 0.18985554575920105
Rank:0 Epoch: [10/40], Step: [111/782], Loss: 0.18382428586483002
Rank:0 Epoch: [10/40], Step: [121/782], Loss: 0.2190820723772049
Rank:0 Epoch: [10/40], Step: [131/782], Loss: 0.20127730071544647
Rank:0 Epoch: [10/40], Step: [141/782], Loss: 0.27807673811912537
Rank:0 Epoch: [10/40], Step: [151/782], Loss: 0.2666238844394684
Rank:0 Epoch: [10/40], Step: [161/782], Loss: 0.28184232115745544
Rank:0 Epoch: [10/40], Step: [171/782], Loss: 0.3101813793182373
Rank:0 Epoch: [10/40], Step: [181/782], Loss: 0.39492136240005493
Rank:0 Epoch: [10/40], Step: [191/782], Loss: 0.33565381169319153
Rank:0 Epoch: [10/40], Step: [201/782], Loss: 0.435831218957901
Rank:0 Epoch: [10/40], Step: [211/782], Loss: 0.4685591757297516
Rank:0 Epoch: [10/40], Step: [221/782], Loss: 0.2542476952075958
Rank:0 Epoch: [10/40], Step: [231/782], Loss: 0.2925131916999817
Rank:0 Epoch: [10/40], Step: [241/782], Loss: 0.2275160402059555
Rank:0 Epoch: [10/40], Step: [251/782], Loss: 0.40763580799102783
Rank:0 Epoch: [10/40], Step: [261/782], Loss: 0.19990932941436768
Rank:0 Epoch: [10/40], Step: [271/782], Loss: 0.30336159467697144
Rank:0 Epoch: [10/40], Step: [281/782], Loss: 0.23402447998523712
Rank:0 Epoch: [10/40], Step: [291/782], Loss: 0.2715980112552643
Rank:0 Epoch: [10/40], Step: [301/782], Loss: 0.24058367311954498
Rank:0 Epoch: [10/40], Step: [311/782], Loss: 0.2829044461250305
Rank:0 Epoch: [10/40], Step: [321/782], Loss: 0.3384539783000946
Rank:0 Epoch: [10/40], Step: [331/782], Loss: 0.21138235926628113
Rank:0 Epoch: [10/40], Step: [341/782], Loss: 0.25313493609428406
Rank:0 Epoch: [10/40], Step: [351/782], Loss: 0.29497167468070984
Rank:0 Epoch: [10/40], Step: [361/782], Loss: 0.09765221923589706
Rank:0 Epoch: [10/40], Step: [371/782], Loss: 0.29850587248802185
Rank:0 Epoch: [10/40], Step: [381/782], Loss: 0.3334405720233917
Rank:0 Epoch: [10/40], Step: [391/782], Loss: 0.2885138988494873
Rank:0 Epoch: [10/40], Step: [401/782], Loss: 0.4540315270423889
Rank:0 Epoch: [10/40], Step: [411/782], Loss: 0.39991888403892517
Rank:0 Epoch: [10/40], Step: [421/782], Loss: 0.1714296042919159
Rank:0 Epoch: [10/40], Step: [431/782], Loss: 0.3271595537662506
Rank:0 Epoch: [10/40], Step: [441/782], Loss: 0.2080889642238617
Rank:0 Epoch: [10/40], Step: [451/782], Loss: 0.33196282386779785
Rank:0 Epoch: [10/40], Step: [461/782], Loss: 0.5472670793533325
Rank:0 Epoch: [10/40], Step: [471/782], Loss: 0.37199023365974426
Rank:0 Epoch: [10/40], Step: [481/782], Loss: 0.31693360209465027
Rank:0 Epoch: [10/40], Step: [491/782], Loss: 0.2926619052886963
Rank:0 Epoch: [10/40], Step: [501/782], Loss: 0.15454012155532837
Rank:0 Epoch: [10/40], Step: [511/782], Loss: 0.2130800038576126
Rank:0 Epoch: [10/40], Step: [521/782], Loss: 0.25189128518104553
Rank:0 Epoch: [10/40], Step: [531/782], Loss: 0.18606171011924744
Rank:0 Epoch: [10/40], Step: [541/782], Loss: 0.26956766843795776
Rank:0 Epoch: [10/40], Step: [551/782], Loss: 0.3914696276187897
Rank:0 Epoch: [10/40], Step: [561/782], Loss: 0.2557406723499298
Rank:0 Epoch: [10/40], Step: [571/782], Loss: 0.19969172775745392
Rank:0 Epoch: [10/40], Step: [581/782], Loss: 0.23435819149017334
Rank:0 Epoch: [10/40], Step: [591/782], Loss: 0.3234751224517822
Rank:0 Epoch: [10/40], Step: [601/782], Loss: 0.15873126685619354
Rank:0 Epoch: [10/40], Step: [611/782], Loss: 0.24643246829509735
Rank:0 Epoch: [10/40], Step: [621/782], Loss: 0.45514699816703796
Rank:0 Epoch: [10/40], Step: [631/782], Loss: 0.4003681540489197
Rank:0 Epoch: [10/40], Step: [641/782], Loss: 0.3256021738052368
Rank:0 Epoch: [10/40], Step: [651/782], Loss: 0.23013976216316223
Rank:0 Epoch: [10/40], Step: [661/782], Loss: 0.4513169825077057
Rank:0 Epoch: [10/40], Step: [671/782], Loss: 0.34265029430389404
Rank:0 Epoch: [10/40], Step: [681/782], Loss: 0.3193395733833313
Rank:0 Epoch: [10/40], Step: [691/782], Loss: 0.2695900797843933
Rank:0 Epoch: [10/40], Step: [701/782], Loss: 0.3363666832447052
Rank:0 Epoch: [10/40], Step: [711/782], Loss: 0.26657769083976746
Rank:0 Epoch: [10/40], Step: [721/782], Loss: 0.20919212698936462
Rank:0 Epoch: [10/40], Step: [731/782], Loss: 0.25037410855293274
Rank:0 Epoch: [10/40], Step: [741/782], Loss: 0.20829014480113983
Rank:0 Epoch: [10/40], Step: [751/782], Loss: 0.17718183994293213
Rank:0 Epoch: [10/40], Step: [761/782], Loss: 0.259977251291275
Rank:0 Epoch: [10/40], Step: [771/782], Loss: 0.353166788816452
Rank:0 Epoch: [10/40], Step: [781/782], Loss: 0.21580757200717926
Current Test Acc: 0.833
Rank:0 Epoch: [11/40], Step: [1/782], Loss: 0.4224469065666199
Rank:0 Epoch: [11/40], Step: [11/782], Loss: 0.25441208481788635
Rank:0 Epoch: [11/40], Step: [21/782], Loss: 0.2582587003707886
Rank:0 Epoch: [11/40], Step: [31/782], Loss: 0.19142678380012512
Rank:0 Epoch: [11/40], Step: [41/782], Loss: 0.37845900654792786
Rank:0 Epoch: [11/40], Step: [51/782], Loss: 0.13466261327266693
Rank:0 Epoch: [11/40], Step: [61/782], Loss: 0.19444093108177185
Rank:0 Epoch: [11/40], Step: [71/782], Loss: 0.3651459515094757
Rank:0 Epoch: [11/40], Step: [81/782], Loss: 0.1021433025598526
Rank:0 Epoch: [11/40], Step: [91/782], Loss: 0.27084001898765564
Rank:0 Epoch: [11/40], Step: [101/782], Loss: 0.4714829623699188
Rank:0 Epoch: [11/40], Step: [111/782], Loss: 0.20223574340343475
Rank:0 Epoch: [11/40], Step: [121/782], Loss: 0.3378768265247345
Rank:0 Epoch: [11/40], Step: [131/782], Loss: 0.24981173872947693
Rank:0 Epoch: [11/40], Step: [141/782], Loss: 0.3213244080543518
Rank:0 Epoch: [11/40], Step: [151/782], Loss: 0.23393698036670685
Rank:0 Epoch: [11/40], Step: [161/782], Loss: 0.3448294401168823
Rank:0 Epoch: [11/40], Step: [171/782], Loss: 0.20073403418064117
Rank:0 Epoch: [11/40], Step: [181/782], Loss: 0.6234198212623596
Rank:0 Epoch: [11/40], Step: [191/782], Loss: 0.2716842591762543
Rank:0 Epoch: [11/40], Step: [201/782], Loss: 0.28096073865890503
Rank:0 Epoch: [11/40], Step: [211/782], Loss: 0.3148387670516968
Rank:0 Epoch: [11/40], Step: [221/782], Loss: 0.38729527592658997
Rank:0 Epoch: [11/40], Step: [231/782], Loss: 0.3670801818370819
Rank:0 Epoch: [11/40], Step: [241/782], Loss: 0.293893039226532
Rank:0 Epoch: [11/40], Step: [251/782], Loss: 0.20374935865402222
Rank:0 Epoch: [11/40], Step: [261/782], Loss: 0.3741680979728699
Rank:0 Epoch: [11/40], Step: [271/782], Loss: 0.13721168041229248
Rank:0 Epoch: [11/40], Step: [281/782], Loss: 0.14877596497535706
Rank:0 Epoch: [11/40], Step: [291/782], Loss: 0.1846998780965805
Rank:0 Epoch: [11/40], Step: [301/782], Loss: 0.21803642809391022
Rank:0 Epoch: [11/40], Step: [311/782], Loss: 0.33276474475860596
Rank:0 Epoch: [11/40], Step: [321/782], Loss: 0.2643864154815674
Rank:0 Epoch: [11/40], Step: [331/782], Loss: 0.30462777614593506
Rank:0 Epoch: [11/40], Step: [341/782], Loss: 0.26153966784477234
Rank:0 Epoch: [11/40], Step: [351/782], Loss: 0.4442019760608673
Rank:0 Epoch: [11/40], Step: [361/782], Loss: 0.2828200161457062
Rank:0 Epoch: [11/40], Step: [371/782], Loss: 0.29729798436164856
Rank:0 Epoch: [11/40], Step: [381/782], Loss: 0.2677721679210663
Rank:0 Epoch: [11/40], Step: [391/782], Loss: 0.2449525147676468
Rank:0 Epoch: [11/40], Step: [401/782], Loss: 0.19858738780021667
Rank:0 Epoch: [11/40], Step: [411/782], Loss: 0.43895483016967773
Rank:0 Epoch: [11/40], Step: [421/782], Loss: 0.30460280179977417
Rank:0 Epoch: [11/40], Step: [431/782], Loss: 0.46842125058174133
Rank:0 Epoch: [11/40], Step: [441/782], Loss: 0.4410172700881958
Rank:0 Epoch: [11/40], Step: [451/782], Loss: 0.2919471561908722
Rank:0 Epoch: [11/40], Step: [461/782], Loss: 0.38825127482414246
Rank:0 Epoch: [11/40], Step: [471/782], Loss: 0.23176231980323792
Rank:0 Epoch: [11/40], Step: [481/782], Loss: 0.1824718564748764
Rank:0 Epoch: [11/40], Step: [491/782], Loss: 0.18692797422409058
Rank:0 Epoch: [11/40], Step: [501/782], Loss: 0.42133939266204834
Rank:0 Epoch: [11/40], Step: [511/782], Loss: 0.2880452275276184
Rank:0 Epoch: [11/40], Step: [521/782], Loss: 0.12433446943759918
Rank:0 Epoch: [11/40], Step: [531/782], Loss: 0.3251594603061676
Rank:0 Epoch: [11/40], Step: [541/782], Loss: 0.13715098798274994
Rank:0 Epoch: [11/40], Step: [551/782], Loss: 0.2435007095336914
Rank:0 Epoch: [11/40], Step: [561/782], Loss: 0.3011491894721985
Rank:0 Epoch: [11/40], Step: [571/782], Loss: 0.43224799633026123
Rank:0 Epoch: [11/40], Step: [581/782], Loss: 0.3582751452922821
Rank:0 Epoch: [11/40], Step: [591/782], Loss: 0.20836730301380157
Rank:0 Epoch: [11/40], Step: [601/782], Loss: 0.10736552625894547
Rank:0 Epoch: [11/40], Step: [611/782], Loss: 0.3432246148586273
Rank:0 Epoch: [11/40], Step: [621/782], Loss: 0.22527126967906952
Rank:0 Epoch: [11/40], Step: [631/782], Loss: 0.3798130452632904
Rank:0 Epoch: [11/40], Step: [641/782], Loss: 0.32526013255119324
Rank:0 Epoch: [11/40], Step: [651/782], Loss: 0.38483676314353943
Rank:0 Epoch: [11/40], Step: [661/782], Loss: 0.31682834029197693
Rank:0 Epoch: [11/40], Step: [671/782], Loss: 0.34886571764945984
Rank:0 Epoch: [11/40], Step: [681/782], Loss: 0.22379757463932037
Rank:0 Epoch: [11/40], Step: [691/782], Loss: 0.4001145362854004
Rank:0 Epoch: [11/40], Step: [701/782], Loss: 0.31517013907432556
Rank:0 Epoch: [11/40], Step: [711/782], Loss: 0.2623566687107086
Rank:0 Epoch: [11/40], Step: [721/782], Loss: 0.2768177390098572
Rank:0 Epoch: [11/40], Step: [731/782], Loss: 0.19734060764312744
Rank:0 Epoch: [11/40], Step: [741/782], Loss: 0.31320881843566895
Rank:0 Epoch: [11/40], Step: [751/782], Loss: 0.3180428743362427
Rank:0 Epoch: [11/40], Step: [761/782], Loss: 0.3849659860134125
Rank:0 Epoch: [11/40], Step: [771/782], Loss: 0.41139286756515503
Rank:0 Epoch: [11/40], Step: [781/782], Loss: 0.16087058186531067
Current Test Acc: 0.8705
Rank:0 Epoch: [12/40], Step: [1/782], Loss: 0.26685696840286255
Rank:0 Epoch: [12/40], Step: [11/782], Loss: 0.1666974574327469
Rank:0 Epoch: [12/40], Step: [21/782], Loss: 0.2713842988014221
Rank:0 Epoch: [12/40], Step: [31/782], Loss: 0.20134222507476807
Rank:0 Epoch: [12/40], Step: [41/782], Loss: 0.3671279847621918
Rank:0 Epoch: [12/40], Step: [51/782], Loss: 0.31991440057754517
Rank:0 Epoch: [12/40], Step: [61/782], Loss: 0.2150479257106781
Rank:0 Epoch: [12/40], Step: [71/782], Loss: 0.2517563998699188
Rank:0 Epoch: [12/40], Step: [81/782], Loss: 0.18911419808864594
Rank:0 Epoch: [12/40], Step: [91/782], Loss: 0.38869330286979675
Rank:0 Epoch: [12/40], Step: [101/782], Loss: 0.35312873125076294
Rank:0 Epoch: [12/40], Step: [111/782], Loss: 0.2859584391117096
Rank:0 Epoch: [12/40], Step: [121/782], Loss: 0.20010799169540405
Rank:0 Epoch: [12/40], Step: [131/782], Loss: 0.30571451783180237
Rank:0 Epoch: [12/40], Step: [141/782], Loss: 0.2708059549331665
Rank:0 Epoch: [12/40], Step: [151/782], Loss: 0.36698612570762634
Rank:0 Epoch: [12/40], Step: [161/782], Loss: 0.21027764678001404
Rank:0 Epoch: [12/40], Step: [171/782], Loss: 0.1987341344356537
Rank:0 Epoch: [12/40], Step: [181/782], Loss: 0.3244130313396454
Rank:0 Epoch: [12/40], Step: [191/782], Loss: 0.23280686140060425
Rank:0 Epoch: [12/40], Step: [201/782], Loss: 0.09812977910041809
Rank:0 Epoch: [12/40], Step: [211/782], Loss: 0.16370944678783417
Rank:0 Epoch: [12/40], Step: [221/782], Loss: 0.4556005597114563
Rank:0 Epoch: [12/40], Step: [231/782], Loss: 0.32616493105888367
Rank:0 Epoch: [12/40], Step: [241/782], Loss: 0.4210726022720337
Rank:0 Epoch: [12/40], Step: [251/782], Loss: 0.2923288643360138
Rank:0 Epoch: [12/40], Step: [261/782], Loss: 0.34210193157196045
Rank:0 Epoch: [12/40], Step: [271/782], Loss: 0.31421220302581787
Rank:0 Epoch: [12/40], Step: [281/782], Loss: 0.2570053040981293
Rank:0 Epoch: [12/40], Step: [291/782], Loss: 0.4928435981273651
Rank:0 Epoch: [12/40], Step: [301/782], Loss: 0.35479509830474854
Rank:0 Epoch: [12/40], Step: [311/782], Loss: 0.1168157160282135
Rank:0 Epoch: [12/40], Step: [321/782], Loss: 0.12073442339897156
Rank:0 Epoch: [12/40], Step: [331/782], Loss: 0.3239053785800934
Rank:0 Epoch: [12/40], Step: [341/782], Loss: 0.3229806423187256
Rank:0 Epoch: [12/40], Step: [351/782], Loss: 0.44526341557502747
Rank:0 Epoch: [12/40], Step: [361/782], Loss: 0.5264319777488708
Rank:0 Epoch: [12/40], Step: [371/782], Loss: 0.2964150011539459
Rank:0 Epoch: [12/40], Step: [381/782], Loss: 0.43188026547431946
Rank:0 Epoch: [12/40], Step: [391/782], Loss: 0.2602573037147522
Rank:0 Epoch: [12/40], Step: [401/782], Loss: 0.30430787801742554
Rank:0 Epoch: [12/40], Step: [411/782], Loss: 0.5509358644485474
Rank:0 Epoch: [12/40], Step: [421/782], Loss: 0.21448367834091187
Rank:0 Epoch: [12/40], Step: [431/782], Loss: 0.4253600537776947
Rank:0 Epoch: [12/40], Step: [441/782], Loss: 0.3614402115345001
Rank:0 Epoch: [12/40], Step: [451/782], Loss: 0.31669750809669495
Rank:0 Epoch: [12/40], Step: [461/782], Loss: 0.21199515461921692
Rank:0 Epoch: [12/40], Step: [471/782], Loss: 0.2071828991174698
Rank:0 Epoch: [12/40], Step: [481/782], Loss: 0.32589447498321533
Rank:0 Epoch: [12/40], Step: [491/782], Loss: 0.34615403413772583
Rank:0 Epoch: [12/40], Step: [501/782], Loss: 0.2888364791870117
Rank:0 Epoch: [12/40], Step: [511/782], Loss: 0.31391584873199463
Rank:0 Epoch: [12/40], Step: [521/782], Loss: 0.3453497588634491
Rank:0 Epoch: [12/40], Step: [531/782], Loss: 0.37063178420066833
Rank:0 Epoch: [12/40], Step: [541/782], Loss: 0.10847541689872742
Rank:0 Epoch: [12/40], Step: [551/782], Loss: 0.30489736795425415
Rank:0 Epoch: [12/40], Step: [561/782], Loss: 0.22823190689086914
Rank:0 Epoch: [12/40], Step: [571/782], Loss: 0.23722043633460999
Rank:0 Epoch: [12/40], Step: [581/782], Loss: 0.4057689607143402
Rank:0 Epoch: [12/40], Step: [591/782], Loss: 0.36656108498573303
Rank:0 Epoch: [12/40], Step: [601/782], Loss: 0.28701454401016235
Rank:0 Epoch: [12/40], Step: [611/782], Loss: 0.1701110303401947
Rank:0 Epoch: [12/40], Step: [621/782], Loss: 0.22875119745731354
Rank:0 Epoch: [12/40], Step: [631/782], Loss: 0.31840357184410095
Rank:0 Epoch: [12/40], Step: [641/782], Loss: 0.2791881561279297
Rank:0 Epoch: [12/40], Step: [651/782], Loss: 0.23883119225502014
Rank:0 Epoch: [12/40], Step: [661/782], Loss: 0.36471015214920044
Rank:0 Epoch: [12/40], Step: [671/782], Loss: 0.5177984237670898
Rank:0 Epoch: [12/40], Step: [681/782], Loss: 0.29050859808921814
Rank:0 Epoch: [12/40], Step: [691/782], Loss: 0.30428802967071533
Rank:0 Epoch: [12/40], Step: [701/782], Loss: 0.4168369472026825
Rank:0 Epoch: [12/40], Step: [711/782], Loss: 0.49090778827667236
Rank:0 Epoch: [12/40], Step: [721/782], Loss: 0.23875470459461212
Rank:0 Epoch: [12/40], Step: [731/782], Loss: 0.30528342723846436
Rank:0 Epoch: [12/40], Step: [741/782], Loss: 0.23592346906661987
Rank:0 Epoch: [12/40], Step: [751/782], Loss: 0.4002950191497803
Rank:0 Epoch: [12/40], Step: [761/782], Loss: 0.2752431333065033
Rank:0 Epoch: [12/40], Step: [771/782], Loss: 0.3399810492992401
Rank:0 Epoch: [12/40], Step: [781/782], Loss: 0.24563848972320557
Current Test Acc: 0.8601
Rank:0 Epoch: [13/40], Step: [1/782], Loss: 0.45492133498191833
Rank:0 Epoch: [13/40], Step: [11/782], Loss: 0.2625032365322113
Rank:0 Epoch: [13/40], Step: [21/782], Loss: 0.2805408835411072
Rank:0 Epoch: [13/40], Step: [31/782], Loss: 0.29718223214149475
Rank:0 Epoch: [13/40], Step: [41/782], Loss: 0.21213890612125397
Rank:0 Epoch: [13/40], Step: [51/782], Loss: 0.4615698456764221
Rank:0 Epoch: [13/40], Step: [61/782], Loss: 0.20381160080432892
Rank:0 Epoch: [13/40], Step: [71/782], Loss: 0.36397042870521545
Rank:0 Epoch: [13/40], Step: [81/782], Loss: 0.15224717557430267
Rank:0 Epoch: [13/40], Step: [91/782], Loss: 0.201537624001503
Rank:0 Epoch: [13/40], Step: [101/782], Loss: 0.10866370797157288
Rank:0 Epoch: [13/40], Step: [111/782], Loss: 0.18319912254810333
Rank:0 Epoch: [13/40], Step: [121/782], Loss: 0.29701539874076843
Rank:0 Epoch: [13/40], Step: [131/782], Loss: 0.22176069021224976
Rank:0 Epoch: [13/40], Step: [141/782], Loss: 0.2862754762172699
Rank:0 Epoch: [13/40], Step: [151/782], Loss: 0.2929687201976776
Rank:0 Epoch: [13/40], Step: [161/782], Loss: 0.24213376641273499
Rank:0 Epoch: [13/40], Step: [171/782], Loss: 0.19232618808746338
Rank:0 Epoch: [13/40], Step: [181/782], Loss: 0.21337224543094635
Rank:0 Epoch: [13/40], Step: [191/782], Loss: 0.3294961154460907
Rank:0 Epoch: [13/40], Step: [201/782], Loss: 0.12173718959093094
Rank:0 Epoch: [13/40], Step: [211/782], Loss: 0.37480080127716064
Rank:0 Epoch: [13/40], Step: [221/782], Loss: 0.15658600628376007
Rank:0 Epoch: [13/40], Step: [231/782], Loss: 0.35320359468460083
Rank:0 Epoch: [13/40], Step: [241/782], Loss: 0.3259495794773102
Rank:0 Epoch: [13/40], Step: [251/782], Loss: 0.07932499796152115
Rank:0 Epoch: [13/40], Step: [261/782], Loss: 0.43103933334350586
Rank:0 Epoch: [13/40], Step: [271/782], Loss: 0.29444947838783264
Rank:0 Epoch: [13/40], Step: [281/782], Loss: 0.26283183693885803
Rank:0 Epoch: [13/40], Step: [291/782], Loss: 0.32984042167663574
Rank:0 Epoch: [13/40], Step: [301/782], Loss: 0.25509893894195557
Rank:0 Epoch: [13/40], Step: [311/782], Loss: 0.1942165642976761
Rank:0 Epoch: [13/40], Step: [321/782], Loss: 0.3680468797683716
Rank:0 Epoch: [13/40], Step: [331/782], Loss: 0.2572643756866455
Rank:0 Epoch: [13/40], Step: [341/782], Loss: 0.17442703247070312
Rank:0 Epoch: [13/40], Step: [351/782], Loss: 0.3621177077293396
Rank:0 Epoch: [13/40], Step: [361/782], Loss: 0.25253328680992126
Rank:0 Epoch: [13/40], Step: [371/782], Loss: 0.32275328040122986
Rank:0 Epoch: [13/40], Step: [381/782], Loss: 0.14779125154018402
Rank:0 Epoch: [13/40], Step: [391/782], Loss: 0.31357014179229736
Rank:0 Epoch: [13/40], Step: [401/782], Loss: 0.2436315417289734
Rank:0 Epoch: [13/40], Step: [411/782], Loss: 0.3704909086227417
Rank:0 Epoch: [13/40], Step: [421/782], Loss: 0.2559891939163208
Rank:0 Epoch: [13/40], Step: [431/782], Loss: 0.14736716449260712
Rank:0 Epoch: [13/40], Step: [441/782], Loss: 0.34223031997680664
Rank:0 Epoch: [13/40], Step: [451/782], Loss: 0.17303095757961273
Rank:0 Epoch: [13/40], Step: [461/782], Loss: 0.25636112689971924
Rank:0 Epoch: [13/40], Step: [471/782], Loss: 0.16257038712501526
Rank:0 Epoch: [13/40], Step: [481/782], Loss: 0.16427257657051086
Rank:0 Epoch: [13/40], Step: [491/782], Loss: 0.23124761879444122
Rank:0 Epoch: [13/40], Step: [501/782], Loss: 0.23771563172340393
Rank:0 Epoch: [13/40], Step: [511/782], Loss: 0.2967973053455353
Rank:0 Epoch: [13/40], Step: [521/782], Loss: 0.21460074186325073
Rank:0 Epoch: [13/40], Step: [531/782], Loss: 0.24624088406562805
Rank:0 Epoch: [13/40], Step: [541/782], Loss: 0.205682635307312
Rank:0 Epoch: [13/40], Step: [551/782], Loss: 0.444133460521698
Rank:0 Epoch: [13/40], Step: [561/782], Loss: 0.2717885375022888
Rank:0 Epoch: [13/40], Step: [571/782], Loss: 0.2955161929130554
Rank:0 Epoch: [13/40], Step: [581/782], Loss: 0.10264736413955688
Rank:0 Epoch: [13/40], Step: [591/782], Loss: 0.216880202293396
Rank:0 Epoch: [13/40], Step: [601/782], Loss: 0.1703631728887558
Rank:0 Epoch: [13/40], Step: [611/782], Loss: 0.27780747413635254
Rank:0 Epoch: [13/40], Step: [621/782], Loss: 0.40782618522644043
Rank:0 Epoch: [13/40], Step: [631/782], Loss: 0.3657227158546448
Rank:0 Epoch: [13/40], Step: [641/782], Loss: 0.36802998185157776
Rank:0 Epoch: [13/40], Step: [651/782], Loss: 0.1808874011039734
Rank:0 Epoch: [13/40], Step: [661/782], Loss: 0.16943377256393433
Rank:0 Epoch: [13/40], Step: [671/782], Loss: 0.3097291886806488
Rank:0 Epoch: [13/40], Step: [681/782], Loss: 0.2122119963169098
Rank:0 Epoch: [13/40], Step: [691/782], Loss: 0.21397145092487335
Rank:0 Epoch: [13/40], Step: [701/782], Loss: 0.3578084707260132
Rank:0 Epoch: [13/40], Step: [711/782], Loss: 0.24031566083431244
Rank:0 Epoch: [13/40], Step: [721/782], Loss: 0.13763102889060974
Rank:0 Epoch: [13/40], Step: [731/782], Loss: 0.24883997440338135
Rank:0 Epoch: [13/40], Step: [741/782], Loss: 0.3533271253108978
Rank:0 Epoch: [13/40], Step: [751/782], Loss: 0.44977259635925293
Rank:0 Epoch: [13/40], Step: [761/782], Loss: 0.21979591250419617
Rank:0 Epoch: [13/40], Step: [771/782], Loss: 0.36985188722610474
Rank:0 Epoch: [13/40], Step: [781/782], Loss: 0.4519725441932678
Current Test Acc: 0.8732
Rank:0 Epoch: [14/40], Step: [1/782], Loss: 0.35950836539268494
Rank:0 Epoch: [14/40], Step: [11/782], Loss: 0.48203423619270325
Rank:0 Epoch: [14/40], Step: [21/782], Loss: 0.18619269132614136
Rank:0 Epoch: [14/40], Step: [31/782], Loss: 0.2775852680206299
Rank:0 Epoch: [14/40], Step: [41/782], Loss: 0.25389155745506287
Rank:0 Epoch: [14/40], Step: [51/782], Loss: 0.2887410521507263
Rank:0 Epoch: [14/40], Step: [61/782], Loss: 0.23629362881183624
Rank:0 Epoch: [14/40], Step: [71/782], Loss: 0.3383558988571167
Rank:0 Epoch: [14/40], Step: [81/782], Loss: 0.21871237456798553
Rank:0 Epoch: [14/40], Step: [91/782], Loss: 0.13308782875537872
Rank:0 Epoch: [14/40], Step: [101/782], Loss: 0.1797199845314026
Rank:0 Epoch: [14/40], Step: [111/782], Loss: 0.4855597913265228
Rank:0 Epoch: [14/40], Step: [121/782], Loss: 0.22644762694835663
Rank:0 Epoch: [14/40], Step: [131/782], Loss: 0.16913451254367828
Rank:0 Epoch: [14/40], Step: [141/782], Loss: 0.25970688462257385
Rank:0 Epoch: [14/40], Step: [151/782], Loss: 0.4356483519077301
Rank:0 Epoch: [14/40], Step: [161/782], Loss: 0.49095776677131653
Rank:0 Epoch: [14/40], Step: [171/782], Loss: 0.2887299954891205
Rank:0 Epoch: [14/40], Step: [181/782], Loss: 0.20762693881988525
Rank:0 Epoch: [14/40], Step: [191/782], Loss: 0.34105977416038513
Rank:0 Epoch: [14/40], Step: [201/782], Loss: 0.3324798345565796
Rank:0 Epoch: [14/40], Step: [211/782], Loss: 0.27543893456459045
Rank:0 Epoch: [14/40], Step: [221/782], Loss: 0.2152124047279358
Rank:0 Epoch: [14/40], Step: [231/782], Loss: 0.6248588562011719
Rank:0 Epoch: [14/40], Step: [241/782], Loss: 0.20039604604244232
Rank:0 Epoch: [14/40], Step: [251/782], Loss: 0.39024031162261963
Rank:0 Epoch: [14/40], Step: [261/782], Loss: 0.2958102822303772
Rank:0 Epoch: [14/40], Step: [271/782], Loss: 0.2989722788333893
Rank:0 Epoch: [14/40], Step: [281/782], Loss: 0.2863312363624573
Rank:0 Epoch: [14/40], Step: [291/782], Loss: 0.20513612031936646
Rank:0 Epoch: [14/40], Step: [301/782], Loss: 0.30794093012809753
Rank:0 Epoch: [14/40], Step: [311/782], Loss: 0.2624327540397644
Rank:0 Epoch: [14/40], Step: [321/782], Loss: 0.26169508695602417
Rank:0 Epoch: [14/40], Step: [331/782], Loss: 0.2564699947834015
Rank:0 Epoch: [14/40], Step: [341/782], Loss: 0.35151156783103943
Rank:0 Epoch: [14/40], Step: [351/782], Loss: 0.1267852932214737
Rank:0 Epoch: [14/40], Step: [361/782], Loss: 0.20414221286773682
Rank:0 Epoch: [14/40], Step: [371/782], Loss: 0.4094683825969696
Rank:0 Epoch: [14/40], Step: [381/782], Loss: 0.26642075181007385
Rank:0 Epoch: [14/40], Step: [391/782], Loss: 0.12386296689510345
Rank:0 Epoch: [14/40], Step: [401/782], Loss: 0.3639533221721649
Rank:0 Epoch: [14/40], Step: [411/782], Loss: 0.35968267917633057
Rank:0 Epoch: [14/40], Step: [421/782], Loss: 0.3274792730808258
Rank:0 Epoch: [14/40], Step: [431/782], Loss: 0.1983994096517563
Rank:0 Epoch: [14/40], Step: [441/782], Loss: 0.26365309953689575
Rank:0 Epoch: [14/40], Step: [451/782], Loss: 0.36134278774261475
Rank:0 Epoch: [14/40], Step: [461/782], Loss: 0.39212214946746826
Rank:0 Epoch: [14/40], Step: [471/782], Loss: 0.17504578828811646
Rank:0 Epoch: [14/40], Step: [481/782], Loss: 0.2788196802139282
Rank:0 Epoch: [14/40], Step: [491/782], Loss: 0.2078540027141571
Rank:0 Epoch: [14/40], Step: [501/782], Loss: 0.24323683977127075
Rank:0 Epoch: [14/40], Step: [511/782], Loss: 0.26900604367256165
Rank:0 Epoch: [14/40], Step: [521/782], Loss: 0.1930323988199234
Rank:0 Epoch: [14/40], Step: [531/782], Loss: 0.09269314259290695
Rank:0 Epoch: [14/40], Step: [541/782], Loss: 0.13382510840892792
Rank:0 Epoch: [14/40], Step: [551/782], Loss: 0.21424950659275055
Rank:0 Epoch: [14/40], Step: [561/782], Loss: 0.2757430672645569
Rank:0 Epoch: [14/40], Step: [571/782], Loss: 0.3173830807209015
Rank:0 Epoch: [14/40], Step: [581/782], Loss: 0.14297404885292053
Rank:0 Epoch: [14/40], Step: [591/782], Loss: 0.22488349676132202
Rank:0 Epoch: [14/40], Step: [601/782], Loss: 0.3137151598930359
Rank:0 Epoch: [14/40], Step: [611/782], Loss: 0.2221720814704895
Rank:0 Epoch: [14/40], Step: [621/782], Loss: 0.24904699623584747
Rank:0 Epoch: [14/40], Step: [631/782], Loss: 0.1238945797085762
Rank:0 Epoch: [14/40], Step: [641/782], Loss: 0.24938876926898956
Rank:0 Epoch: [14/40], Step: [651/782], Loss: 0.17223012447357178
Rank:0 Epoch: [14/40], Step: [661/782], Loss: 0.2856745421886444
Rank:0 Epoch: [14/40], Step: [671/782], Loss: 0.3446383774280548
Rank:0 Epoch: [14/40], Step: [681/782], Loss: 0.39353853464126587
Rank:0 Epoch: [14/40], Step: [691/782], Loss: 0.17460250854492188
Rank:0 Epoch: [14/40], Step: [701/782], Loss: 0.1471213549375534
Rank:0 Epoch: [14/40], Step: [711/782], Loss: 0.3874437212944031
Rank:0 Epoch: [14/40], Step: [721/782], Loss: 0.3543087840080261
Rank:0 Epoch: [14/40], Step: [731/782], Loss: 0.38775643706321716
Rank:0 Epoch: [14/40], Step: [741/782], Loss: 0.18030649423599243
Rank:0 Epoch: [14/40], Step: [751/782], Loss: 0.2977844476699829
Rank:0 Epoch: [14/40], Step: [761/782], Loss: 0.20569264888763428
Rank:0 Epoch: [14/40], Step: [771/782], Loss: 0.17127101123332977
Rank:0 Epoch: [14/40], Step: [781/782], Loss: 0.14330047369003296
Current Test Acc: 0.8643
Rank:0 Epoch: [15/40], Step: [1/782], Loss: 0.2621980607509613
Rank:0 Epoch: [15/40], Step: [11/782], Loss: 0.3790596127510071
Rank:0 Epoch: [15/40], Step: [21/782], Loss: 0.2012169361114502
Rank:0 Epoch: [15/40], Step: [31/782], Loss: 0.1968713104724884
Rank:0 Epoch: [15/40], Step: [41/782], Loss: 0.386925607919693
Rank:0 Epoch: [15/40], Step: [51/782], Loss: 0.5336045622825623
Rank:0 Epoch: [15/40], Step: [61/782], Loss: 0.16496938467025757
Rank:0 Epoch: [15/40], Step: [71/782], Loss: 0.19505120813846588
Rank:0 Epoch: [15/40], Step: [81/782], Loss: 0.23472775518894196
Rank:0 Epoch: [15/40], Step: [91/782], Loss: 0.16770271956920624
Rank:0 Epoch: [15/40], Step: [101/782], Loss: 0.2531842887401581
Rank:0 Epoch: [15/40], Step: [111/782], Loss: 0.26166826486587524
Rank:0 Epoch: [15/40], Step: [121/782], Loss: 0.2212282121181488
Rank:0 Epoch: [15/40], Step: [131/782], Loss: 0.30125775933265686
Rank:0 Epoch: [15/40], Step: [141/782], Loss: 0.251298189163208
Rank:0 Epoch: [15/40], Step: [151/782], Loss: 0.21588897705078125
Rank:0 Epoch: [15/40], Step: [161/782], Loss: 0.32830294966697693
Rank:0 Epoch: [15/40], Step: [171/782], Loss: 0.19675932824611664
Rank:0 Epoch: [15/40], Step: [181/782], Loss: 0.2715015113353729
Rank:0 Epoch: [15/40], Step: [191/782], Loss: 0.29899862408638
Rank:0 Epoch: [15/40], Step: [201/782], Loss: 0.24241788685321808
Rank:0 Epoch: [15/40], Step: [211/782], Loss: 0.30183565616607666
Rank:0 Epoch: [15/40], Step: [221/782], Loss: 0.33712485432624817
Rank:0 Epoch: [15/40], Step: [231/782], Loss: 0.33130592107772827
Rank:0 Epoch: [15/40], Step: [241/782], Loss: 0.146316796541214
Rank:0 Epoch: [15/40], Step: [251/782], Loss: 0.21128182113170624
Rank:0 Epoch: [15/40], Step: [261/782], Loss: 0.1818968653678894
Rank:0 Epoch: [15/40], Step: [271/782], Loss: 0.4347626864910126
Rank:0 Epoch: [15/40], Step: [281/782], Loss: 0.3531724512577057
Rank:0 Epoch: [15/40], Step: [291/782], Loss: 0.44484826922416687
Rank:0 Epoch: [15/40], Step: [301/782], Loss: 0.35046786069869995
Rank:0 Epoch: [15/40], Step: [311/782], Loss: 0.1753922998905182
Rank:0 Epoch: [15/40], Step: [321/782], Loss: 0.4258759617805481
Rank:0 Epoch: [15/40], Step: [331/782], Loss: 0.3042595386505127
Rank:0 Epoch: [15/40], Step: [341/782], Loss: 0.2148054987192154
Rank:0 Epoch: [15/40], Step: [351/782], Loss: 0.26063573360443115
Rank:0 Epoch: [15/40], Step: [361/782], Loss: 0.26222941279411316
Rank:0 Epoch: [15/40], Step: [371/782], Loss: 0.2588444948196411
Rank:0 Epoch: [15/40], Step: [381/782], Loss: 0.7037438154220581
Rank:0 Epoch: [15/40], Step: [391/782], Loss: 0.21225576102733612
Rank:0 Epoch: [15/40], Step: [401/782], Loss: 0.17992307245731354
Rank:0 Epoch: [15/40], Step: [411/782], Loss: 0.32247301936149597
Rank:0 Epoch: [15/40], Step: [421/782], Loss: 0.21780803799629211
Rank:0 Epoch: [15/40], Step: [431/782], Loss: 0.4457235634326935
Rank:0 Epoch: [15/40], Step: [441/782], Loss: 0.27236950397491455
Rank:0 Epoch: [15/40], Step: [451/782], Loss: 0.28110384941101074
Rank:0 Epoch: [15/40], Step: [461/782], Loss: 0.27198776602745056
Rank:0 Epoch: [15/40], Step: [471/782], Loss: 0.2748933732509613
Rank:0 Epoch: [15/40], Step: [481/782], Loss: 0.3050455152988434
Rank:0 Epoch: [15/40], Step: [491/782], Loss: 0.32504838705062866
Rank:0 Epoch: [15/40], Step: [501/782], Loss: 0.21259889006614685
Rank:0 Epoch: [15/40], Step: [511/782], Loss: 0.22703151404857635
Rank:0 Epoch: [15/40], Step: [521/782], Loss: 0.2599397599697113
Rank:0 Epoch: [15/40], Step: [531/782], Loss: 0.24786433577537537
Rank:0 Epoch: [15/40], Step: [541/782], Loss: 0.2391487956047058
Rank:0 Epoch: [15/40], Step: [551/782], Loss: 0.31894272565841675
Rank:0 Epoch: [15/40], Step: [561/782], Loss: 0.3177984058856964
Rank:0 Epoch: [15/40], Step: [571/782], Loss: 0.3937385082244873
Rank:0 Epoch: [15/40], Step: [581/782], Loss: 0.29374244809150696
Rank:0 Epoch: [15/40], Step: [591/782], Loss: 0.1840401440858841
Rank:0 Epoch: [15/40], Step: [601/782], Loss: 0.41994109749794006
Rank:0 Epoch: [15/40], Step: [611/782], Loss: 0.28993064165115356
Rank:0 Epoch: [15/40], Step: [621/782], Loss: 0.39435723423957825
Rank:0 Epoch: [15/40], Step: [631/782], Loss: 0.19054941833019257
Rank:0 Epoch: [15/40], Step: [641/782], Loss: 0.36253106594085693
Rank:0 Epoch: [15/40], Step: [651/782], Loss: 0.21887138485908508
Rank:0 Epoch: [15/40], Step: [661/782], Loss: 0.2143140584230423
Rank:0 Epoch: [15/40], Step: [671/782], Loss: 0.2010423094034195
Rank:0 Epoch: [15/40], Step: [681/782], Loss: 0.23090703785419464
Rank:0 Epoch: [15/40], Step: [691/782], Loss: 0.31604838371276855
Rank:0 Epoch: [15/40], Step: [701/782], Loss: 0.1431335210800171
Rank:0 Epoch: [15/40], Step: [711/782], Loss: 0.2398381531238556
Rank:0 Epoch: [15/40], Step: [721/782], Loss: 0.24126926064491272
Rank:0 Epoch: [15/40], Step: [731/782], Loss: 0.3128963112831116
Rank:0 Epoch: [15/40], Step: [741/782], Loss: 0.40613144636154175
Rank:0 Epoch: [15/40], Step: [751/782], Loss: 0.20354072749614716
Rank:0 Epoch: [15/40], Step: [761/782], Loss: 0.3047996759414673
Rank:0 Epoch: [15/40], Step: [771/782], Loss: 0.28942346572875977
Rank:0 Epoch: [15/40], Step: [781/782], Loss: 0.1776103973388672
Current Test Acc: 0.8793
Rank:0 Epoch: [16/40], Step: [1/782], Loss: 0.23663200438022614
Rank:0 Epoch: [16/40], Step: [11/782], Loss: 0.46111592650413513
Rank:0 Epoch: [16/40], Step: [21/782], Loss: 0.3078289031982422
Rank:0 Epoch: [16/40], Step: [31/782], Loss: 0.27377623319625854
Rank:0 Epoch: [16/40], Step: [41/782], Loss: 0.2600213587284088
Rank:0 Epoch: [16/40], Step: [51/782], Loss: 0.24551208317279816
Rank:0 Epoch: [16/40], Step: [61/782], Loss: 0.5067468881607056
Rank:0 Epoch: [16/40], Step: [71/782], Loss: 0.25377243757247925
Rank:0 Epoch: [16/40], Step: [81/782], Loss: 0.1328313797712326
Rank:0 Epoch: [16/40], Step: [91/782], Loss: 0.24706768989562988
Rank:0 Epoch: [16/40], Step: [101/782], Loss: 0.2883261442184448
Rank:0 Epoch: [16/40], Step: [111/782], Loss: 0.32044506072998047
Rank:0 Epoch: [16/40], Step: [121/782], Loss: 0.3897964358329773
Rank:0 Epoch: [16/40], Step: [131/782], Loss: 0.24972689151763916
Rank:0 Epoch: [16/40], Step: [141/782], Loss: 0.23891040682792664
Rank:0 Epoch: [16/40], Step: [151/782], Loss: 0.17416493594646454
Rank:0 Epoch: [16/40], Step: [161/782], Loss: 0.2770788371562958
Rank:0 Epoch: [16/40], Step: [171/782], Loss: 0.33173274993896484
Rank:0 Epoch: [16/40], Step: [181/782], Loss: 0.1311454325914383
Rank:0 Epoch: [16/40], Step: [191/782], Loss: 0.3198883533477783
Rank:0 Epoch: [16/40], Step: [201/782], Loss: 0.21887822449207306
Rank:0 Epoch: [16/40], Step: [211/782], Loss: 0.27438461780548096
Rank:0 Epoch: [16/40], Step: [221/782], Loss: 0.14998923242092133
Rank:0 Epoch: [16/40], Step: [231/782], Loss: 0.11854720115661621
Rank:0 Epoch: [16/40], Step: [241/782], Loss: 0.16233865916728973
Rank:0 Epoch: [16/40], Step: [251/782], Loss: 0.2644905149936676
Rank:0 Epoch: [16/40], Step: [261/782], Loss: 0.3118962347507477
Rank:0 Epoch: [16/40], Step: [271/782], Loss: 0.1858377605676651
Rank:0 Epoch: [16/40], Step: [281/782], Loss: 0.35059696435928345
Rank:0 Epoch: [16/40], Step: [291/782], Loss: 0.22401058673858643
Rank:0 Epoch: [16/40], Step: [301/782], Loss: 0.37798961997032166
Rank:0 Epoch: [16/40], Step: [311/782], Loss: 0.3922746181488037
Rank:0 Epoch: [16/40], Step: [321/782], Loss: 0.33815163373947144
Rank:0 Epoch: [16/40], Step: [331/782], Loss: 0.34649837017059326
Rank:0 Epoch: [16/40], Step: [341/782], Loss: 0.17714883387088776
Rank:0 Epoch: [16/40], Step: [351/782], Loss: 0.20649991929531097
Rank:0 Epoch: [16/40], Step: [361/782], Loss: 0.1118459552526474
Rank:0 Epoch: [16/40], Step: [371/782], Loss: 0.26220476627349854
Rank:0 Epoch: [16/40], Step: [381/782], Loss: 0.16335169970989227
Rank:0 Epoch: [16/40], Step: [391/782], Loss: 0.3057587444782257
Rank:0 Epoch: [16/40], Step: [401/782], Loss: 0.15630216896533966
Rank:0 Epoch: [16/40], Step: [411/782], Loss: 0.8460959196090698
Rank:0 Epoch: [16/40], Step: [421/782], Loss: 0.3602326512336731
Rank:0 Epoch: [16/40], Step: [431/782], Loss: 0.237102672457695
Rank:0 Epoch: [16/40], Step: [441/782], Loss: 0.3537224531173706
Rank:0 Epoch: [16/40], Step: [451/782], Loss: 0.24606700241565704
Rank:0 Epoch: [16/40], Step: [461/782], Loss: 0.24026256799697876
Rank:0 Epoch: [16/40], Step: [471/782], Loss: 0.2411988228559494
Rank:0 Epoch: [16/40], Step: [481/782], Loss: 0.2693607807159424
Rank:0 Epoch: [16/40], Step: [491/782], Loss: 0.2829175293445587
Rank:0 Epoch: [16/40], Step: [501/782], Loss: 0.2216886579990387
Rank:0 Epoch: [16/40], Step: [511/782], Loss: 0.11896967887878418
Rank:0 Epoch: [16/40], Step: [521/782], Loss: 0.3791082799434662
Rank:0 Epoch: [16/40], Step: [531/782], Loss: 0.18029561638832092
Rank:0 Epoch: [16/40], Step: [541/782], Loss: 0.2975901663303375
Rank:0 Epoch: [16/40], Step: [551/782], Loss: 0.288724809885025
Rank:0 Epoch: [16/40], Step: [561/782], Loss: 0.23653972148895264
Rank:0 Epoch: [16/40], Step: [571/782], Loss: 0.17007023096084595
Rank:0 Epoch: [16/40], Step: [581/782], Loss: 0.21685890853405
Rank:0 Epoch: [16/40], Step: [591/782], Loss: 0.11679326742887497
Rank:0 Epoch: [16/40], Step: [601/782], Loss: 0.22343912720680237
Rank:0 Epoch: [16/40], Step: [611/782], Loss: 0.2392747700214386
Rank:0 Epoch: [16/40], Step: [621/782], Loss: 0.3381213843822479
Rank:0 Epoch: [16/40], Step: [631/782], Loss: 0.3016066551208496
Rank:0 Epoch: [16/40], Step: [641/782], Loss: 0.21163764595985413
Rank:0 Epoch: [16/40], Step: [651/782], Loss: 0.2359011322259903
Rank:0 Epoch: [16/40], Step: [661/782], Loss: 0.22605979442596436
Rank:0 Epoch: [16/40], Step: [671/782], Loss: 0.3407187759876251
Rank:0 Epoch: [16/40], Step: [681/782], Loss: 0.2524997591972351
Rank:0 Epoch: [16/40], Step: [691/782], Loss: 0.29254674911499023
Rank:0 Epoch: [16/40], Step: [701/782], Loss: 0.27590522170066833
Rank:0 Epoch: [16/40], Step: [711/782], Loss: 0.2938900589942932
Rank:0 Epoch: [16/40], Step: [721/782], Loss: 0.4604765474796295
Rank:0 Epoch: [16/40], Step: [731/782], Loss: 0.32038435339927673
Rank:0 Epoch: [16/40], Step: [741/782], Loss: 0.3342643976211548
Rank:0 Epoch: [16/40], Step: [751/782], Loss: 0.3224170207977295
Rank:0 Epoch: [16/40], Step: [761/782], Loss: 0.32640889286994934
Rank:0 Epoch: [16/40], Step: [771/782], Loss: 0.2036142647266388
Rank:0 Epoch: [16/40], Step: [781/782], Loss: 0.28410783410072327
Current Test Acc: 0.859
Rank:0 Epoch: [17/40], Step: [1/782], Loss: 0.13628683984279633
Rank:0 Epoch: [17/40], Step: [11/782], Loss: 0.32418620586395264
Rank:0 Epoch: [17/40], Step: [21/782], Loss: 0.12003907561302185
Rank:0 Epoch: [17/40], Step: [31/782], Loss: 0.18730604648590088
Rank:0 Epoch: [17/40], Step: [41/782], Loss: 0.23329561948776245
Rank:0 Epoch: [17/40], Step: [51/782], Loss: 0.28951016068458557
Rank:0 Epoch: [17/40], Step: [61/782], Loss: 0.4595055878162384
Rank:0 Epoch: [17/40], Step: [71/782], Loss: 0.4049241840839386
Rank:0 Epoch: [17/40], Step: [81/782], Loss: 0.323140949010849
Rank:0 Epoch: [17/40], Step: [91/782], Loss: 0.14443863928318024
Rank:0 Epoch: [17/40], Step: [101/782], Loss: 0.1508972942829132
Rank:0 Epoch: [17/40], Step: [111/782], Loss: 0.2714773714542389
Rank:0 Epoch: [17/40], Step: [121/782], Loss: 0.19882948696613312
Rank:0 Epoch: [17/40], Step: [131/782], Loss: 0.2410927712917328
Rank:0 Epoch: [17/40], Step: [141/782], Loss: 0.3013645112514496
Rank:0 Epoch: [17/40], Step: [151/782], Loss: 0.1469949334859848
Rank:0 Epoch: [17/40], Step: [161/782], Loss: 0.23053309321403503
Rank:0 Epoch: [17/40], Step: [171/782], Loss: 0.29993757605552673
Rank:0 Epoch: [17/40], Step: [181/782], Loss: 0.264859139919281
Rank:0 Epoch: [17/40], Step: [191/782], Loss: 0.16800501942634583
Rank:0 Epoch: [17/40], Step: [201/782], Loss: 0.39103466272354126
Rank:0 Epoch: [17/40], Step: [211/782], Loss: 0.39981403946876526
Rank:0 Epoch: [17/40], Step: [221/782], Loss: 0.272392600774765
Rank:0 Epoch: [17/40], Step: [231/782], Loss: 0.1518862098455429
Rank:0 Epoch: [17/40], Step: [241/782], Loss: 0.2741953730583191
Rank:0 Epoch: [17/40], Step: [251/782], Loss: 0.2802596986293793
Rank:0 Epoch: [17/40], Step: [261/782], Loss: 0.319396436214447
Rank:0 Epoch: [17/40], Step: [271/782], Loss: 0.3204266428947449
Rank:0 Epoch: [17/40], Step: [281/782], Loss: 0.26161935925483704
Rank:0 Epoch: [17/40], Step: [291/782], Loss: 0.38609638810157776
Rank:0 Epoch: [17/40], Step: [301/782], Loss: 0.15288347005844116
Rank:0 Epoch: [17/40], Step: [311/782], Loss: 0.23969151079654694
Rank:0 Epoch: [17/40], Step: [321/782], Loss: 0.3068769574165344
Rank:0 Epoch: [17/40], Step: [331/782], Loss: 0.28254276514053345
Rank:0 Epoch: [17/40], Step: [341/782], Loss: 0.23062391579151154
Rank:0 Epoch: [17/40], Step: [351/782], Loss: 0.24895164370536804
Rank:0 Epoch: [17/40], Step: [361/782], Loss: 0.195256769657135
Rank:0 Epoch: [17/40], Step: [371/782], Loss: 0.21413804590702057
Rank:0 Epoch: [17/40], Step: [381/782], Loss: 0.4289342761039734
Rank:0 Epoch: [17/40], Step: [391/782], Loss: 0.3531147241592407
Rank:0 Epoch: [17/40], Step: [401/782], Loss: 0.2599063813686371
Rank:0 Epoch: [17/40], Step: [411/782], Loss: 0.3233370780944824
Rank:0 Epoch: [17/40], Step: [421/782], Loss: 0.2020849734544754
Rank:0 Epoch: [17/40], Step: [431/782], Loss: 0.24080365896224976
Rank:0 Epoch: [17/40], Step: [441/782], Loss: 0.30609768629074097
Rank:0 Epoch: [17/40], Step: [451/782], Loss: 0.22731025516986847
Rank:0 Epoch: [17/40], Step: [461/782], Loss: 0.3051386773586273
Rank:0 Epoch: [17/40], Step: [471/782], Loss: 0.15288309752941132
Rank:0 Epoch: [17/40], Step: [481/782], Loss: 0.27187666296958923
Rank:0 Epoch: [17/40], Step: [491/782], Loss: 0.3391917943954468
Rank:0 Epoch: [17/40], Step: [501/782], Loss: 0.2671595513820648
Rank:0 Epoch: [17/40], Step: [511/782], Loss: 0.46593764424324036
Rank:0 Epoch: [17/40], Step: [521/782], Loss: 0.34826764464378357
Rank:0 Epoch: [17/40], Step: [531/782], Loss: 0.3749660849571228
Rank:0 Epoch: [17/40], Step: [541/782], Loss: 0.323765367269516
Rank:0 Epoch: [17/40], Step: [551/782], Loss: 0.22497409582138062
Rank:0 Epoch: [17/40], Step: [561/782], Loss: 0.22091935575008392
Rank:0 Epoch: [17/40], Step: [571/782], Loss: 0.19976265728473663
Rank:0 Epoch: [17/40], Step: [581/782], Loss: 0.29178404808044434
Rank:0 Epoch: [17/40], Step: [591/782], Loss: 0.1395888328552246
Rank:0 Epoch: [17/40], Step: [601/782], Loss: 0.26888251304626465
Rank:0 Epoch: [17/40], Step: [611/782], Loss: 0.29547613859176636
Rank:0 Epoch: [17/40], Step: [621/782], Loss: 0.20547547936439514
Rank:0 Epoch: [17/40], Step: [631/782], Loss: 0.14111441373825073
Rank:0 Epoch: [17/40], Step: [641/782], Loss: 0.29948753118515015
Rank:0 Epoch: [17/40], Step: [651/782], Loss: 0.2493099868297577
Rank:0 Epoch: [17/40], Step: [661/782], Loss: 0.28464803099632263
Rank:0 Epoch: [17/40], Step: [671/782], Loss: 0.3622327744960785
Rank:0 Epoch: [17/40], Step: [681/782], Loss: 0.295789897441864
Rank:0 Epoch: [17/40], Step: [691/782], Loss: 0.22022470831871033
Rank:0 Epoch: [17/40], Step: [701/782], Loss: 0.20552749931812286
Rank:0 Epoch: [17/40], Step: [711/782], Loss: 0.28533393144607544
Rank:0 Epoch: [17/40], Step: [721/782], Loss: 0.31068792939186096
Rank:0 Epoch: [17/40], Step: [731/782], Loss: 0.17376191914081573
Rank:0 Epoch: [17/40], Step: [741/782], Loss: 0.25931721925735474
Rank:0 Epoch: [17/40], Step: [751/782], Loss: 0.27567726373672485
Rank:0 Epoch: [17/40], Step: [761/782], Loss: 0.2905217111110687
Rank:0 Epoch: [17/40], Step: [771/782], Loss: 0.2932710647583008
Rank:0 Epoch: [17/40], Step: [781/782], Loss: 0.16417741775512695
Current Test Acc: 0.8513
Rank:0 Epoch: [18/40], Step: [1/782], Loss: 0.06465388089418411
Rank:0 Epoch: [18/40], Step: [11/782], Loss: 0.3481872081756592
Rank:0 Epoch: [18/40], Step: [21/782], Loss: 0.2869887053966522
Rank:0 Epoch: [18/40], Step: [31/782], Loss: 0.16328547894954681
Rank:0 Epoch: [18/40], Step: [41/782], Loss: 0.32587289810180664
Rank:0 Epoch: [18/40], Step: [51/782], Loss: 0.24173085391521454
Rank:0 Epoch: [18/40], Step: [61/782], Loss: 0.16495414078235626
Rank:0 Epoch: [18/40], Step: [71/782], Loss: 0.14254234731197357
Rank:0 Epoch: [18/40], Step: [81/782], Loss: 0.3654433488845825
Rank:0 Epoch: [18/40], Step: [91/782], Loss: 0.26104819774627686
Rank:0 Epoch: [18/40], Step: [101/782], Loss: 0.11526110023260117
Rank:0 Epoch: [18/40], Step: [111/782], Loss: 0.14221394062042236
Rank:0 Epoch: [18/40], Step: [121/782], Loss: 0.3095646798610687
Rank:0 Epoch: [18/40], Step: [131/782], Loss: 0.29807525873184204
Rank:0 Epoch: [18/40], Step: [141/782], Loss: 0.2994827926158905
Rank:0 Epoch: [18/40], Step: [151/782], Loss: 0.297858327627182
Rank:0 Epoch: [18/40], Step: [161/782], Loss: 0.25604522228240967
Rank:0 Epoch: [18/40], Step: [171/782], Loss: 0.3517908751964569
Rank:0 Epoch: [18/40], Step: [181/782], Loss: 0.17793941497802734
Rank:0 Epoch: [18/40], Step: [191/782], Loss: 0.5293599367141724
Rank:0 Epoch: [18/40], Step: [201/782], Loss: 0.38756853342056274
Rank:0 Epoch: [18/40], Step: [211/782], Loss: 0.28234052658081055
Rank:0 Epoch: [18/40], Step: [221/782], Loss: 0.2977857291698456
Rank:0 Epoch: [18/40], Step: [231/782], Loss: 0.20423169434070587
Rank:0 Epoch: [18/40], Step: [241/782], Loss: 0.18459248542785645
Rank:0 Epoch: [18/40], Step: [251/782], Loss: 0.20561084151268005
Rank:0 Epoch: [18/40], Step: [261/782], Loss: 0.26375052332878113
Rank:0 Epoch: [18/40], Step: [271/782], Loss: 0.3316768705844879
Rank:0 Epoch: [18/40], Step: [281/782], Loss: 0.21860454976558685
Rank:0 Epoch: [18/40], Step: [291/782], Loss: 0.13905686140060425
Rank:0 Epoch: [18/40], Step: [301/782], Loss: 0.20763354003429413
Rank:0 Epoch: [18/40], Step: [311/782], Loss: 0.2968195378780365
Rank:0 Epoch: [18/40], Step: [321/782], Loss: 0.30614063143730164
Rank:0 Epoch: [18/40], Step: [331/782], Loss: 0.34521207213401794
Rank:0 Epoch: [18/40], Step: [341/782], Loss: 0.3017537295818329
Rank:0 Epoch: [18/40], Step: [351/782], Loss: 0.37794333696365356
Rank:0 Epoch: [18/40], Step: [361/782], Loss: 0.3283565640449524
Rank:0 Epoch: [18/40], Step: [371/782], Loss: 0.3375903367996216
Rank:0 Epoch: [18/40], Step: [381/782], Loss: 0.07487782090902328
Rank:0 Epoch: [18/40], Step: [391/782], Loss: 0.25309184193611145
Rank:0 Epoch: [18/40], Step: [401/782], Loss: 0.28479912877082825
Rank:0 Epoch: [18/40], Step: [411/782], Loss: 0.11474508792161942
Rank:0 Epoch: [18/40], Step: [421/782], Loss: 0.19971485435962677
Rank:0 Epoch: [18/40], Step: [431/782], Loss: 0.2862858176231384
Rank:0 Epoch: [18/40], Step: [441/782], Loss: 0.18775881826877594
Rank:0 Epoch: [18/40], Step: [451/782], Loss: 0.2494094967842102
Rank:0 Epoch: [18/40], Step: [461/782], Loss: 0.20055316388607025
Rank:0 Epoch: [18/40], Step: [471/782], Loss: 0.3097820281982422
Rank:0 Epoch: [18/40], Step: [481/782], Loss: 0.4234882593154907
Rank:0 Epoch: [18/40], Step: [491/782], Loss: 0.22678862512111664
Rank:0 Epoch: [18/40], Step: [501/782], Loss: 0.18693804740905762
Rank:0 Epoch: [18/40], Step: [511/782], Loss: 0.28233566880226135
Rank:0 Epoch: [18/40], Step: [521/782], Loss: 0.3002161681652069
Rank:0 Epoch: [18/40], Step: [531/782], Loss: 0.34111931920051575
Rank:0 Epoch: [18/40], Step: [541/782], Loss: 0.3025951385498047
Rank:0 Epoch: [18/40], Step: [551/782], Loss: 0.2515450119972229
Rank:0 Epoch: [18/40], Step: [561/782], Loss: 0.3784974217414856
Rank:0 Epoch: [18/40], Step: [571/782], Loss: 0.35077106952667236
Rank:0 Epoch: [18/40], Step: [581/782], Loss: 0.27881988883018494
Rank:0 Epoch: [18/40], Step: [591/782], Loss: 0.2249237298965454
Rank:0 Epoch: [18/40], Step: [601/782], Loss: 0.37013915181159973
Rank:0 Epoch: [18/40], Step: [611/782], Loss: 0.4440805912017822
Rank:0 Epoch: [18/40], Step: [621/782], Loss: 0.16194754838943481
Rank:0 Epoch: [18/40], Step: [631/782], Loss: 0.3707440495491028
Rank:0 Epoch: [18/40], Step: [641/782], Loss: 0.3539789915084839
Rank:0 Epoch: [18/40], Step: [651/782], Loss: 0.32832783460617065
Rank:0 Epoch: [18/40], Step: [661/782], Loss: 0.44983214139938354
Rank:0 Epoch: [18/40], Step: [671/782], Loss: 0.1921655833721161
Rank:0 Epoch: [18/40], Step: [681/782], Loss: 0.2155081182718277
Rank:0 Epoch: [18/40], Step: [691/782], Loss: 0.37569180130958557
Rank:0 Epoch: [18/40], Step: [701/782], Loss: 0.3839789032936096
Rank:0 Epoch: [18/40], Step: [711/782], Loss: 0.2567451298236847
Rank:0 Epoch: [18/40], Step: [721/782], Loss: 0.24320650100708008
Rank:0 Epoch: [18/40], Step: [731/782], Loss: 0.16598278284072876
Rank:0 Epoch: [18/40], Step: [741/782], Loss: 0.3093763589859009
Rank:0 Epoch: [18/40], Step: [751/782], Loss: 0.30550286173820496
Rank:0 Epoch: [18/40], Step: [761/782], Loss: 0.2887096107006073
Rank:0 Epoch: [18/40], Step: [771/782], Loss: 0.25740379095077515
Rank:0 Epoch: [18/40], Step: [781/782], Loss: 0.18031124770641327
Current Test Acc: 0.8544
Rank:0 Epoch: [19/40], Step: [1/782], Loss: 0.40461933612823486
Rank:0 Epoch: [19/40], Step: [11/782], Loss: 0.23751886188983917
Rank:0 Epoch: [19/40], Step: [21/782], Loss: 0.27682366967201233
Rank:0 Epoch: [19/40], Step: [31/782], Loss: 0.19626069068908691
Rank:0 Epoch: [19/40], Step: [41/782], Loss: 0.25825685262680054
Rank:0 Epoch: [19/40], Step: [51/782], Loss: 0.24780215322971344
Rank:0 Epoch: [19/40], Step: [61/782], Loss: 0.19558271765708923
Rank:0 Epoch: [19/40], Step: [71/782], Loss: 0.15111230313777924
Rank:0 Epoch: [19/40], Step: [81/782], Loss: 0.2574445903301239
Rank:0 Epoch: [19/40], Step: [91/782], Loss: 0.40659448504447937
Rank:0 Epoch: [19/40], Step: [101/782], Loss: 0.15146785974502563
Rank:0 Epoch: [19/40], Step: [111/782], Loss: 0.26470088958740234
Rank:0 Epoch: [19/40], Step: [121/782], Loss: 0.4900321662425995
Rank:0 Epoch: [19/40], Step: [131/782], Loss: 0.2648541331291199
Rank:0 Epoch: [19/40], Step: [141/782], Loss: 0.267692893743515
Rank:0 Epoch: [19/40], Step: [151/782], Loss: 0.2762519419193268
Rank:0 Epoch: [19/40], Step: [161/782], Loss: 0.2599185109138489
Rank:0 Epoch: [19/40], Step: [171/782], Loss: 0.2082080841064453
Rank:0 Epoch: [19/40], Step: [181/782], Loss: 0.2042756974697113
Rank:0 Epoch: [19/40], Step: [191/782], Loss: 0.32422298192977905
Rank:0 Epoch: [19/40], Step: [201/782], Loss: 0.29961031675338745
Rank:0 Epoch: [19/40], Step: [211/782], Loss: 0.3228212594985962
Rank:0 Epoch: [19/40], Step: [221/782], Loss: 0.3321377635002136
Rank:0 Epoch: [19/40], Step: [231/782], Loss: 0.21665003895759583
Rank:0 Epoch: [19/40], Step: [241/782], Loss: 0.29219144582748413
Rank:0 Epoch: [19/40], Step: [251/782], Loss: 0.2579629421234131
Rank:0 Epoch: [19/40], Step: [261/782], Loss: 0.3811533451080322
Rank:0 Epoch: [19/40], Step: [271/782], Loss: 0.28254395723342896
Rank:0 Epoch: [19/40], Step: [281/782], Loss: 0.321399450302124
Rank:0 Epoch: [19/40], Step: [291/782], Loss: 0.374227374792099
Rank:0 Epoch: [19/40], Step: [301/782], Loss: 0.18231624364852905
Rank:0 Epoch: [19/40], Step: [311/782], Loss: 0.22913026809692383
Rank:0 Epoch: [19/40], Step: [321/782], Loss: 0.17942498624324799
Rank:0 Epoch: [19/40], Step: [331/782], Loss: 0.28239256143569946
Rank:0 Epoch: [19/40], Step: [341/782], Loss: 0.20177844166755676
Rank:0 Epoch: [19/40], Step: [351/782], Loss: 0.40304672718048096
Rank:0 Epoch: [19/40], Step: [361/782], Loss: 0.3401285707950592
Rank:0 Epoch: [19/40], Step: [371/782], Loss: 0.24085888266563416
Rank:0 Epoch: [19/40], Step: [381/782], Loss: 0.23967015743255615
Rank:0 Epoch: [19/40], Step: [391/782], Loss: 0.37657657265663147
Rank:0 Epoch: [19/40], Step: [401/782], Loss: 0.4794095456600189
Rank:0 Epoch: [19/40], Step: [411/782], Loss: 0.23739849030971527
Rank:0 Epoch: [19/40], Step: [421/782], Loss: 0.2615371644496918
Rank:0 Epoch: [19/40], Step: [431/782], Loss: 0.27444201707839966
Rank:0 Epoch: [19/40], Step: [441/782], Loss: 0.2856925129890442
Rank:0 Epoch: [19/40], Step: [451/782], Loss: 0.19391340017318726
Rank:0 Epoch: [19/40], Step: [461/782], Loss: 0.2532542049884796
Rank:0 Epoch: [19/40], Step: [471/782], Loss: 0.160714790225029
Rank:0 Epoch: [19/40], Step: [481/782], Loss: 0.2645878493785858
Rank:0 Epoch: [19/40], Step: [491/782], Loss: 0.22177670896053314
Rank:0 Epoch: [19/40], Step: [501/782], Loss: 0.39082053303718567
Rank:0 Epoch: [19/40], Step: [511/782], Loss: 0.28217223286628723
Rank:0 Epoch: [19/40], Step: [521/782], Loss: 0.30093494057655334
Rank:0 Epoch: [19/40], Step: [531/782], Loss: 0.20363937318325043
Rank:0 Epoch: [19/40], Step: [541/782], Loss: 0.35200151801109314
Rank:0 Epoch: [19/40], Step: [551/782], Loss: 0.22939537465572357
Rank:0 Epoch: [19/40], Step: [561/782], Loss: 0.22294583916664124
Rank:0 Epoch: [19/40], Step: [571/782], Loss: 0.1648491472005844
Rank:0 Epoch: [19/40], Step: [581/782], Loss: 0.37778231501579285
Rank:0 Epoch: [19/40], Step: [591/782], Loss: 0.2833227813243866
Rank:0 Epoch: [19/40], Step: [601/782], Loss: 0.28013962507247925
Rank:0 Epoch: [19/40], Step: [611/782], Loss: 0.15641844272613525
Rank:0 Epoch: [19/40], Step: [621/782], Loss: 0.34469836950302124
Rank:0 Epoch: [19/40], Step: [631/782], Loss: 0.23903340101242065
Rank:0 Epoch: [19/40], Step: [641/782], Loss: 0.32473230361938477
Rank:0 Epoch: [19/40], Step: [651/782], Loss: 0.3524317145347595
Rank:0 Epoch: [19/40], Step: [661/782], Loss: 0.23924128711223602
Rank:0 Epoch: [19/40], Step: [671/782], Loss: 0.32545214891433716
Rank:0 Epoch: [19/40], Step: [681/782], Loss: 0.22636297345161438
Rank:0 Epoch: [19/40], Step: [691/782], Loss: 0.3701914846897125
Rank:0 Epoch: [19/40], Step: [701/782], Loss: 0.32409822940826416
Rank:0 Epoch: [19/40], Step: [711/782], Loss: 0.2310650646686554
Rank:0 Epoch: [19/40], Step: [721/782], Loss: 0.23029300570487976
Rank:0 Epoch: [19/40], Step: [731/782], Loss: 0.3244834840297699
Rank:0 Epoch: [19/40], Step: [741/782], Loss: 0.22896838188171387
Rank:0 Epoch: [19/40], Step: [751/782], Loss: 0.343553364276886
Rank:0 Epoch: [19/40], Step: [761/782], Loss: 0.1782090663909912
Rank:0 Epoch: [19/40], Step: [771/782], Loss: 0.19425846636295319
Rank:0 Epoch: [19/40], Step: [781/782], Loss: 0.22661565244197845
Current Test Acc: 0.8748
Rank:0 Epoch: [20/40], Step: [1/782], Loss: 0.16333253681659698
Rank:0 Epoch: [20/40], Step: [11/782], Loss: 0.18379807472229004
Rank:0 Epoch: [20/40], Step: [21/782], Loss: 0.19030366837978363
Rank:0 Epoch: [20/40], Step: [31/782], Loss: 0.20935814082622528
Rank:0 Epoch: [20/40], Step: [41/782], Loss: 0.3295266032218933
Rank:0 Epoch: [20/40], Step: [51/782], Loss: 0.158985435962677
Rank:0 Epoch: [20/40], Step: [61/782], Loss: 0.26693758368492126
Rank:0 Epoch: [20/40], Step: [71/782], Loss: 0.24238263070583344
Rank:0 Epoch: [20/40], Step: [81/782], Loss: 0.22127275168895721
Rank:0 Epoch: [20/40], Step: [91/782], Loss: 0.24315465986728668
Rank:0 Epoch: [20/40], Step: [101/782], Loss: 0.23779910802841187
Rank:0 Epoch: [20/40], Step: [111/782], Loss: 0.3677237927913666
Rank:0 Epoch: [20/40], Step: [121/782], Loss: 0.2715187668800354
Rank:0 Epoch: [20/40], Step: [131/782], Loss: 0.25958114862442017
Rank:0 Epoch: [20/40], Step: [141/782], Loss: 0.26435741782188416
Rank:0 Epoch: [20/40], Step: [151/782], Loss: 0.3265521228313446
Rank:0 Epoch: [20/40], Step: [161/782], Loss: 0.4296268820762634
Rank:0 Epoch: [20/40], Step: [171/782], Loss: 0.22346290946006775
Rank:0 Epoch: [20/40], Step: [181/782], Loss: 0.502903401851654
Rank:0 Epoch: [20/40], Step: [191/782], Loss: 0.2606005370616913
Rank:0 Epoch: [20/40], Step: [201/782], Loss: 0.33340585231781006
Rank:0 Epoch: [20/40], Step: [211/782], Loss: 0.15276388823986053
Rank:0 Epoch: [20/40], Step: [221/782], Loss: 0.22555118799209595
Rank:0 Epoch: [20/40], Step: [231/782], Loss: 0.19604359567165375
Rank:0 Epoch: [20/40], Step: [241/782], Loss: 0.15934450924396515
Rank:0 Epoch: [20/40], Step: [251/782], Loss: 0.28525349497795105
Rank:0 Epoch: [20/40], Step: [261/782], Loss: 0.12605316936969757
Rank:0 Epoch: [20/40], Step: [271/782], Loss: 0.2611290216445923
Rank:0 Epoch: [20/40], Step: [281/782], Loss: 0.6014253497123718
Rank:0 Epoch: [20/40], Step: [291/782], Loss: 0.18006037175655365
Rank:0 Epoch: [20/40], Step: [301/782], Loss: 0.13853810727596283
Rank:0 Epoch: [20/40], Step: [311/782], Loss: 0.1643359214067459
Rank:0 Epoch: [20/40], Step: [321/782], Loss: 0.1610880047082901
Rank:0 Epoch: [20/40], Step: [331/782], Loss: 0.2633799612522125
Rank:0 Epoch: [20/40], Step: [341/782], Loss: 0.2968592345714569
Rank:0 Epoch: [20/40], Step: [351/782], Loss: 0.21449416875839233
Rank:0 Epoch: [20/40], Step: [361/782], Loss: 0.13238389790058136
Rank:0 Epoch: [20/40], Step: [371/782], Loss: 0.19471333920955658
Rank:0 Epoch: [20/40], Step: [381/782], Loss: 0.3666803538799286
Rank:0 Epoch: [20/40], Step: [391/782], Loss: 0.28042352199554443
Rank:0 Epoch: [20/40], Step: [401/782], Loss: 0.36885789036750793
Rank:0 Epoch: [20/40], Step: [411/782], Loss: 0.28397318720817566
Rank:0 Epoch: [20/40], Step: [421/782], Loss: 0.3957717716693878
Rank:0 Epoch: [20/40], Step: [431/782], Loss: 0.2659362256526947
Rank:0 Epoch: [20/40], Step: [441/782], Loss: 0.2541326880455017
Rank:0 Epoch: [20/40], Step: [451/782], Loss: 0.26905977725982666
Rank:0 Epoch: [20/40], Step: [461/782], Loss: 0.2018035650253296
Rank:0 Epoch: [20/40], Step: [471/782], Loss: 0.3538459837436676
Rank:0 Epoch: [20/40], Step: [481/782], Loss: 0.47149819135665894
Rank:0 Epoch: [20/40], Step: [491/782], Loss: 0.3084886372089386
Rank:0 Epoch: [20/40], Step: [501/782], Loss: 0.37738654017448425
Rank:0 Epoch: [20/40], Step: [511/782], Loss: 0.2703038454055786
Rank:0 Epoch: [20/40], Step: [521/782], Loss: 0.2841815650463104
Rank:0 Epoch: [20/40], Step: [531/782], Loss: 0.15217740833759308
Rank:0 Epoch: [20/40], Step: [541/782], Loss: 0.09689786285161972
Rank:0 Epoch: [20/40], Step: [551/782], Loss: 0.1643674522638321
Rank:0 Epoch: [20/40], Step: [561/782], Loss: 0.21510355174541473
Rank:0 Epoch: [20/40], Step: [571/782], Loss: 0.24876704812049866
Rank:0 Epoch: [20/40], Step: [581/782], Loss: 0.3266100585460663
Rank:0 Epoch: [20/40], Step: [591/782], Loss: 0.32096198201179504
Rank:0 Epoch: [20/40], Step: [601/782], Loss: 0.3217320144176483
Rank:0 Epoch: [20/40], Step: [611/782], Loss: 0.3506915271282196
Rank:0 Epoch: [20/40], Step: [621/782], Loss: 0.23317846655845642
Rank:0 Epoch: [20/40], Step: [631/782], Loss: 0.3909372091293335
Rank:0 Epoch: [20/40], Step: [641/782], Loss: 0.24483142793178558
Rank:0 Epoch: [20/40], Step: [651/782], Loss: 0.20663152635097504
Rank:0 Epoch: [20/40], Step: [661/782], Loss: 0.2625109553337097
Rank:0 Epoch: [20/40], Step: [671/782], Loss: 0.2735717296600342
Rank:0 Epoch: [20/40], Step: [681/782], Loss: 0.45441752672195435
Rank:0 Epoch: [20/40], Step: [691/782], Loss: 0.4275376498699188
Rank:0 Epoch: [20/40], Step: [701/782], Loss: 0.1895555704832077
Rank:0 Epoch: [20/40], Step: [711/782], Loss: 0.3182361423969269
Rank:0 Epoch: [20/40], Step: [721/782], Loss: 0.28770899772644043
Rank:0 Epoch: [20/40], Step: [731/782], Loss: 0.2658707797527313
Rank:0 Epoch: [20/40], Step: [741/782], Loss: 0.2413179725408554
Rank:0 Epoch: [20/40], Step: [751/782], Loss: 0.430029034614563
Rank:0 Epoch: [20/40], Step: [761/782], Loss: 0.19326765835285187
Rank:0 Epoch: [20/40], Step: [771/782], Loss: 0.1876416802406311
Rank:0 Epoch: [20/40], Step: [781/782], Loss: 0.11259878426790237
Current Test Acc: 0.868
Rank:0 Epoch: [21/40], Step: [1/782], Loss: 0.14863529801368713
Rank:0 Epoch: [21/40], Step: [11/782], Loss: 0.2680853307247162
Rank:0 Epoch: [21/40], Step: [21/782], Loss: 0.3404712677001953
Rank:0 Epoch: [21/40], Step: [31/782], Loss: 0.2119458019733429
Rank:0 Epoch: [21/40], Step: [41/782], Loss: 0.14604684710502625
Rank:0 Epoch: [21/40], Step: [51/782], Loss: 0.2925400733947754
Rank:0 Epoch: [21/40], Step: [61/782], Loss: 0.16630984842777252
Rank:0 Epoch: [21/40], Step: [71/782], Loss: 0.3559134006500244
Rank:0 Epoch: [21/40], Step: [81/782], Loss: 0.11231084167957306
Rank:0 Epoch: [21/40], Step: [91/782], Loss: 0.16527220606803894
Rank:0 Epoch: [21/40], Step: [101/782], Loss: 0.14839957654476166
Rank:0 Epoch: [21/40], Step: [111/782], Loss: 0.2239389419555664
Rank:0 Epoch: [21/40], Step: [121/782], Loss: 0.19602210819721222
Rank:0 Epoch: [21/40], Step: [131/782], Loss: 0.14107422530651093
Rank:0 Epoch: [21/40], Step: [141/782], Loss: 0.16577063500881195
Rank:0 Epoch: [21/40], Step: [151/782], Loss: 0.16767902672290802
Rank:0 Epoch: [21/40], Step: [161/782], Loss: 0.07962886244058609
Rank:0 Epoch: [21/40], Step: [171/782], Loss: 0.1251664012670517
Rank:0 Epoch: [21/40], Step: [181/782], Loss: 0.07234117388725281
Rank:0 Epoch: [21/40], Step: [191/782], Loss: 0.25780990719795227
Rank:0 Epoch: [21/40], Step: [201/782], Loss: 0.12602196633815765
Rank:0 Epoch: [21/40], Step: [211/782], Loss: 0.16187728941440582
Rank:0 Epoch: [21/40], Step: [221/782], Loss: 0.17810417711734772
Rank:0 Epoch: [21/40], Step: [231/782], Loss: 0.2265544980764389
Rank:0 Epoch: [21/40], Step: [241/782], Loss: 0.15334613621234894
Rank:0 Epoch: [21/40], Step: [251/782], Loss: 0.2893454432487488
Rank:0 Epoch: [21/40], Step: [261/782], Loss: 0.1611969918012619
Rank:0 Epoch: [21/40], Step: [271/782], Loss: 0.3136255443096161
Rank:0 Epoch: [21/40], Step: [281/782], Loss: 0.27084389328956604
Rank:0 Epoch: [21/40], Step: [291/782], Loss: 0.13853828608989716
Rank:0 Epoch: [21/40], Step: [301/782], Loss: 0.19206522405147552
Rank:0 Epoch: [21/40], Step: [311/782], Loss: 0.15058603882789612
Rank:0 Epoch: [21/40], Step: [321/782], Loss: 0.1837727427482605
Rank:0 Epoch: [21/40], Step: [331/782], Loss: 0.0666944831609726
Rank:0 Epoch: [21/40], Step: [341/782], Loss: 0.2122465968132019
Rank:0 Epoch: [21/40], Step: [351/782], Loss: 0.10856056958436966
Rank:0 Epoch: [21/40], Step: [361/782], Loss: 0.05182885378599167
Rank:0 Epoch: [21/40], Step: [371/782], Loss: 0.14268086850643158
Rank:0 Epoch: [21/40], Step: [381/782], Loss: 0.2613532841205597
Rank:0 Epoch: [21/40], Step: [391/782], Loss: 0.10540859401226044
Rank:0 Epoch: [21/40], Step: [401/782], Loss: 0.11392837017774582
Rank:0 Epoch: [21/40], Step: [411/782], Loss: 0.2823333442211151
Rank:0 Epoch: [21/40], Step: [421/782], Loss: 0.1842205822467804
Rank:0 Epoch: [21/40], Step: [431/782], Loss: 0.1751386821269989
Rank:0 Epoch: [21/40], Step: [441/782], Loss: 0.1372303068637848
Rank:0 Epoch: [21/40], Step: [451/782], Loss: 0.13436724245548248
Rank:0 Epoch: [21/40], Step: [461/782], Loss: 0.09898249804973602
Rank:0 Epoch: [21/40], Step: [471/782], Loss: 0.18617919087409973
Rank:0 Epoch: [21/40], Step: [481/782], Loss: 0.045259613543748856
Rank:0 Epoch: [21/40], Step: [491/782], Loss: 0.29005661606788635
Rank:0 Epoch: [21/40], Step: [501/782], Loss: 0.06794425845146179
Rank:0 Epoch: [21/40], Step: [511/782], Loss: 0.13760234415531158
Rank:0 Epoch: [21/40], Step: [521/782], Loss: 0.16151872277259827
Rank:0 Epoch: [21/40], Step: [531/782], Loss: 0.10009430348873138
Rank:0 Epoch: [21/40], Step: [541/782], Loss: 0.18928852677345276
Rank:0 Epoch: [21/40], Step: [551/782], Loss: 0.2522871196269989
Rank:0 Epoch: [21/40], Step: [561/782], Loss: 0.19740623235702515
Rank:0 Epoch: [21/40], Step: [571/782], Loss: 0.11492931097745895
Rank:0 Epoch: [21/40], Step: [581/782], Loss: 0.20137526094913483
Rank:0 Epoch: [21/40], Step: [591/782], Loss: 0.1405278444290161
Rank:0 Epoch: [21/40], Step: [601/782], Loss: 0.20857970416545868
Rank:0 Epoch: [21/40], Step: [611/782], Loss: 0.2283984124660492
Rank:0 Epoch: [21/40], Step: [621/782], Loss: 0.0954083651304245
Rank:0 Epoch: [21/40], Step: [631/782], Loss: 0.06795380264520645
Rank:0 Epoch: [21/40], Step: [641/782], Loss: 0.1475583165884018
Rank:0 Epoch: [21/40], Step: [651/782], Loss: 0.2674522399902344
Rank:0 Epoch: [21/40], Step: [661/782], Loss: 0.14766529202461243
Rank:0 Epoch: [21/40], Step: [671/782], Loss: 0.14929503202438354
Rank:0 Epoch: [21/40], Step: [681/782], Loss: 0.08518069982528687
Rank:0 Epoch: [21/40], Step: [691/782], Loss: 0.08691142499446869
Rank:0 Epoch: [21/40], Step: [701/782], Loss: 0.21163757145404816
Rank:0 Epoch: [21/40], Step: [711/782], Loss: 0.12053275108337402
Rank:0 Epoch: [21/40], Step: [721/782], Loss: 0.05022837966680527
Rank:0 Epoch: [21/40], Step: [731/782], Loss: 0.11658468842506409
Rank:0 Epoch: [21/40], Step: [741/782], Loss: 0.0969037339091301
Rank:0 Epoch: [21/40], Step: [751/782], Loss: 0.17159947752952576
Rank:0 Epoch: [21/40], Step: [761/782], Loss: 0.16182252764701843
Rank:0 Epoch: [21/40], Step: [771/782], Loss: 0.08457350730895996
Rank:0 Epoch: [21/40], Step: [781/782], Loss: 0.11503675580024719
Current Test Acc: 0.9215
Rank:0 Epoch: [22/40], Step: [1/782], Loss: 0.16833288967609406
Rank:0 Epoch: [22/40], Step: [11/782], Loss: 0.11285626888275146
Rank:0 Epoch: [22/40], Step: [21/782], Loss: 0.06292283535003662
Rank:0 Epoch: [22/40], Step: [31/782], Loss: 0.1975979506969452
Rank:0 Epoch: [22/40], Step: [41/782], Loss: 0.181228369474411
Rank:0 Epoch: [22/40], Step: [51/782], Loss: 0.12415419518947601
Rank:0 Epoch: [22/40], Step: [61/782], Loss: 0.15339303016662598
Rank:0 Epoch: [22/40], Step: [71/782], Loss: 0.21627861261367798
Rank:0 Epoch: [22/40], Step: [81/782], Loss: 0.1785808652639389
Rank:0 Epoch: [22/40], Step: [91/782], Loss: 0.10890012979507446
Rank:0 Epoch: [22/40], Step: [101/782], Loss: 0.13366033136844635
Rank:0 Epoch: [22/40], Step: [111/782], Loss: 0.1249149888753891
Rank:0 Epoch: [22/40], Step: [121/782], Loss: 0.08561524748802185
Rank:0 Epoch: [22/40], Step: [131/782], Loss: 0.09237805008888245
Rank:0 Epoch: [22/40], Step: [141/782], Loss: 0.187903493642807
Rank:0 Epoch: [22/40], Step: [151/782], Loss: 0.07003795355558395
Rank:0 Epoch: [22/40], Step: [161/782], Loss: 0.04303186386823654
Rank:0 Epoch: [22/40], Step: [171/782], Loss: 0.1199258491396904
Rank:0 Epoch: [22/40], Step: [181/782], Loss: 0.15999430418014526
Rank:0 Epoch: [22/40], Step: [191/782], Loss: 0.15016846358776093
Rank:0 Epoch: [22/40], Step: [201/782], Loss: 0.11095473170280457
Rank:0 Epoch: [22/40], Step: [211/782], Loss: 0.11962424963712692
Rank:0 Epoch: [22/40], Step: [221/782], Loss: 0.15104536712169647
Rank:0 Epoch: [22/40], Step: [231/782], Loss: 0.06839154660701752
Rank:0 Epoch: [22/40], Step: [241/782], Loss: 0.13464660942554474
Rank:0 Epoch: [22/40], Step: [251/782], Loss: 0.09250500053167343
Rank:0 Epoch: [22/40], Step: [261/782], Loss: 0.10911639034748077
Rank:0 Epoch: [22/40], Step: [271/782], Loss: 0.13812991976737976
Rank:0 Epoch: [22/40], Step: [281/782], Loss: 0.15191204845905304
Rank:0 Epoch: [22/40], Step: [291/782], Loss: 0.16096912324428558
Rank:0 Epoch: [22/40], Step: [301/782], Loss: 0.1153481975197792
Rank:0 Epoch: [22/40], Step: [311/782], Loss: 0.13985617458820343
Rank:0 Epoch: [22/40], Step: [321/782], Loss: 0.20525337755680084
Rank:0 Epoch: [22/40], Step: [331/782], Loss: 0.08488450944423676
Rank:0 Epoch: [22/40], Step: [341/782], Loss: 0.12324314564466476
Rank:0 Epoch: [22/40], Step: [351/782], Loss: 0.10879921913146973
Rank:0 Epoch: [22/40], Step: [361/782], Loss: 0.06946252286434174
Rank:0 Epoch: [22/40], Step: [371/782], Loss: 0.047330591827631
Rank:0 Epoch: [22/40], Step: [381/782], Loss: 0.1687132567167282
Rank:0 Epoch: [22/40], Step: [391/782], Loss: 0.20885583758354187
Rank:0 Epoch: [22/40], Step: [401/782], Loss: 0.04639504477381706
Rank:0 Epoch: [22/40], Step: [411/782], Loss: 0.2435457557439804
Rank:0 Epoch: [22/40], Step: [421/782], Loss: 0.08690085262060165
Rank:0 Epoch: [22/40], Step: [431/782], Loss: 0.19470500946044922
Rank:0 Epoch: [22/40], Step: [441/782], Loss: 0.18278707563877106
Rank:0 Epoch: [22/40], Step: [451/782], Loss: 0.10841923952102661
Rank:0 Epoch: [22/40], Step: [461/782], Loss: 0.12660203874111176
Rank:0 Epoch: [22/40], Step: [471/782], Loss: 0.2130291610956192
Rank:0 Epoch: [22/40], Step: [481/782], Loss: 0.115142822265625
Rank:0 Epoch: [22/40], Step: [491/782], Loss: 0.22435355186462402
Rank:0 Epoch: [22/40], Step: [501/782], Loss: 0.11870646476745605
Rank:0 Epoch: [22/40], Step: [511/782], Loss: 0.10503064841032028
Rank:0 Epoch: [22/40], Step: [521/782], Loss: 0.1669146865606308
Rank:0 Epoch: [22/40], Step: [531/782], Loss: 0.1416953057050705
Rank:0 Epoch: [22/40], Step: [541/782], Loss: 0.12909671664237976
Rank:0 Epoch: [22/40], Step: [551/782], Loss: 0.10062960535287857
Rank:0 Epoch: [22/40], Step: [561/782], Loss: 0.18256159126758575
Rank:0 Epoch: [22/40], Step: [571/782], Loss: 0.07579983025789261
Rank:0 Epoch: [22/40], Step: [581/782], Loss: 0.16049112379550934
Rank:0 Epoch: [22/40], Step: [591/782], Loss: 0.21284371614456177
Rank:0 Epoch: [22/40], Step: [601/782], Loss: 0.15926557779312134
Rank:0 Epoch: [22/40], Step: [611/782], Loss: 0.05656604468822479
Rank:0 Epoch: [22/40], Step: [621/782], Loss: 0.12988081574440002
Rank:0 Epoch: [22/40], Step: [631/782], Loss: 0.12125616520643234
Rank:0 Epoch: [22/40], Step: [641/782], Loss: 0.10830876976251602
Rank:0 Epoch: [22/40], Step: [651/782], Loss: 0.0477505698800087
Rank:0 Epoch: [22/40], Step: [661/782], Loss: 0.03913850709795952
Rank:0 Epoch: [22/40], Step: [671/782], Loss: 0.20034538209438324
Rank:0 Epoch: [22/40], Step: [681/782], Loss: 0.10156784951686859
Rank:0 Epoch: [22/40], Step: [691/782], Loss: 0.09409192949533463
Rank:0 Epoch: [22/40], Step: [701/782], Loss: 0.18341313302516937
Rank:0 Epoch: [22/40], Step: [711/782], Loss: 0.15474599599838257
Rank:0 Epoch: [22/40], Step: [721/782], Loss: 0.1838662475347519
Rank:0 Epoch: [22/40], Step: [731/782], Loss: 0.12687569856643677
Rank:0 Epoch: [22/40], Step: [741/782], Loss: 0.06961657851934433
Rank:0 Epoch: [22/40], Step: [751/782], Loss: 0.08114565908908844
Rank:0 Epoch: [22/40], Step: [761/782], Loss: 0.1865527480840683
Rank:0 Epoch: [22/40], Step: [771/782], Loss: 0.09165489673614502
Rank:0 Epoch: [22/40], Step: [781/782], Loss: 0.07021807879209518
Current Test Acc: 0.9247
Rank:0 Epoch: [23/40], Step: [1/782], Loss: 0.20854100584983826
Rank:0 Epoch: [23/40], Step: [11/782], Loss: 0.0909980982542038
Rank:0 Epoch: [23/40], Step: [21/782], Loss: 0.0925859734416008
Rank:0 Epoch: [23/40], Step: [31/782], Loss: 0.0897231251001358
Rank:0 Epoch: [23/40], Step: [41/782], Loss: 0.12239918112754822
Rank:0 Epoch: [23/40], Step: [51/782], Loss: 0.06799350678920746
Rank:0 Epoch: [23/40], Step: [61/782], Loss: 0.10995182394981384
Rank:0 Epoch: [23/40], Step: [71/782], Loss: 0.14136344194412231
Rank:0 Epoch: [23/40], Step: [81/782], Loss: 0.15070150792598724
Rank:0 Epoch: [23/40], Step: [91/782], Loss: 0.06193478778004646
Rank:0 Epoch: [23/40], Step: [101/782], Loss: 0.11750122159719467
Rank:0 Epoch: [23/40], Step: [111/782], Loss: 0.048152100294828415
Rank:0 Epoch: [23/40], Step: [121/782], Loss: 0.0979064330458641
Rank:0 Epoch: [23/40], Step: [131/782], Loss: 0.0969560295343399
Rank:0 Epoch: [23/40], Step: [141/782], Loss: 0.16506710648536682
Rank:0 Epoch: [23/40], Step: [151/782], Loss: 0.06606461107730865
Rank:0 Epoch: [23/40], Step: [161/782], Loss: 0.1751624047756195
Rank:0 Epoch: [23/40], Step: [171/782], Loss: 0.15213674306869507
Rank:0 Epoch: [23/40], Step: [181/782], Loss: 0.14570476114749908
Rank:0 Epoch: [23/40], Step: [191/782], Loss: 0.09211334586143494
Rank:0 Epoch: [23/40], Step: [201/782], Loss: 0.15699252486228943
Rank:0 Epoch: [23/40], Step: [211/782], Loss: 0.0526779480278492
Rank:0 Epoch: [23/40], Step: [221/782], Loss: 0.12841856479644775
Rank:0 Epoch: [23/40], Step: [231/782], Loss: 0.1791248619556427
Rank:0 Epoch: [23/40], Step: [241/782], Loss: 0.09120001643896103
Rank:0 Epoch: [23/40], Step: [251/782], Loss: 0.1125674620270729
Rank:0 Epoch: [23/40], Step: [261/782], Loss: 0.12617626786231995
Rank:0 Epoch: [23/40], Step: [271/782], Loss: 0.06057121977210045
Rank:0 Epoch: [23/40], Step: [281/782], Loss: 0.07487913966178894
Rank:0 Epoch: [23/40], Step: [291/782], Loss: 0.10342565178871155
Rank:0 Epoch: [23/40], Step: [301/782], Loss: 0.09325036406517029
Rank:0 Epoch: [23/40], Step: [311/782], Loss: 0.14166750013828278
Rank:0 Epoch: [23/40], Step: [321/782], Loss: 0.06717553734779358
Rank:0 Epoch: [23/40], Step: [331/782], Loss: 0.06302949041128159
Rank:0 Epoch: [23/40], Step: [341/782], Loss: 0.1506499946117401
Rank:0 Epoch: [23/40], Step: [351/782], Loss: 0.12738868594169617
Rank:0 Epoch: [23/40], Step: [361/782], Loss: 0.08280353993177414
Rank:0 Epoch: [23/40], Step: [371/782], Loss: 0.09355619549751282
Rank:0 Epoch: [23/40], Step: [381/782], Loss: 0.04592863842844963
Rank:0 Epoch: [23/40], Step: [391/782], Loss: 0.12340669333934784
Rank:0 Epoch: [23/40], Step: [401/782], Loss: 0.1688665896654129
Rank:0 Epoch: [23/40], Step: [411/782], Loss: 0.08435291051864624
Rank:0 Epoch: [23/40], Step: [421/782], Loss: 0.0781419575214386
Rank:0 Epoch: [23/40], Step: [431/782], Loss: 0.1452244222164154
Rank:0 Epoch: [23/40], Step: [441/782], Loss: 0.19860190153121948
Rank:0 Epoch: [23/40], Step: [451/782], Loss: 0.09986335039138794
Rank:0 Epoch: [23/40], Step: [461/782], Loss: 0.04489560052752495
Rank:0 Epoch: [23/40], Step: [471/782], Loss: 0.2502948045730591
Rank:0 Epoch: [23/40], Step: [481/782], Loss: 0.1467093825340271
Rank:0 Epoch: [23/40], Step: [491/782], Loss: 0.08149188756942749
Rank:0 Epoch: [23/40], Step: [501/782], Loss: 0.08887065201997757
Rank:0 Epoch: [23/40], Step: [511/782], Loss: 0.0589451864361763
Rank:0 Epoch: [23/40], Step: [521/782], Loss: 0.06526801735162735
Rank:0 Epoch: [23/40], Step: [531/782], Loss: 0.18994823098182678
Rank:0 Epoch: [23/40], Step: [541/782], Loss: 0.03606998175382614
Rank:0 Epoch: [23/40], Step: [551/782], Loss: 0.08793112635612488
Rank:0 Epoch: [23/40], Step: [561/782], Loss: 0.095057412981987
Rank:0 Epoch: [23/40], Step: [571/782], Loss: 0.05541599169373512
Rank:0 Epoch: [23/40], Step: [581/782], Loss: 0.11425894498825073
Rank:0 Epoch: [23/40], Step: [591/782], Loss: 0.12280754745006561
Rank:0 Epoch: [23/40], Step: [601/782], Loss: 0.16888442635536194
Rank:0 Epoch: [23/40], Step: [611/782], Loss: 0.03239194303750992
Rank:0 Epoch: [23/40], Step: [621/782], Loss: 0.12729430198669434
Rank:0 Epoch: [23/40], Step: [631/782], Loss: 0.1327238827943802
Rank:0 Epoch: [23/40], Step: [641/782], Loss: 0.07467584311962128
Rank:0 Epoch: [23/40], Step: [651/782], Loss: 0.024860693141818047
Rank:0 Epoch: [23/40], Step: [661/782], Loss: 0.10434870421886444
Rank:0 Epoch: [23/40], Step: [671/782], Loss: 0.06064319983124733
Rank:0 Epoch: [23/40], Step: [681/782], Loss: 0.08504702895879745
Rank:0 Epoch: [23/40], Step: [691/782], Loss: 0.1392710655927658
Rank:0 Epoch: [23/40], Step: [701/782], Loss: 0.12709903717041016
Rank:0 Epoch: [23/40], Step: [711/782], Loss: 0.28428593277931213
Rank:0 Epoch: [23/40], Step: [721/782], Loss: 0.04863065108656883
Rank:0 Epoch: [23/40], Step: [731/782], Loss: 0.13175377249717712
Rank:0 Epoch: [23/40], Step: [741/782], Loss: 0.124216228723526
Rank:0 Epoch: [23/40], Step: [751/782], Loss: 0.17684999108314514
Rank:0 Epoch: [23/40], Step: [761/782], Loss: 0.052685197442770004
Rank:0 Epoch: [23/40], Step: [771/782], Loss: 0.0519067607820034
Rank:0 Epoch: [23/40], Step: [781/782], Loss: 0.07074574381113052
Current Test Acc: 0.9251
Rank:0 Epoch: [24/40], Step: [1/782], Loss: 0.11589359492063522
Rank:0 Epoch: [24/40], Step: [11/782], Loss: 0.09452233463525772
Rank:0 Epoch: [24/40], Step: [21/782], Loss: 0.12902356684207916
Rank:0 Epoch: [24/40], Step: [31/782], Loss: 0.03730163723230362
Rank:0 Epoch: [24/40], Step: [41/782], Loss: 0.04690445959568024
Rank:0 Epoch: [24/40], Step: [51/782], Loss: 0.07454133778810501
Rank:0 Epoch: [24/40], Step: [61/782], Loss: 0.07459267973899841
Rank:0 Epoch: [24/40], Step: [71/782], Loss: 0.11617204546928406
Rank:0 Epoch: [24/40], Step: [81/782], Loss: 0.22349461913108826
Rank:0 Epoch: [24/40], Step: [91/782], Loss: 0.06830764561891556
Rank:0 Epoch: [24/40], Step: [101/782], Loss: 0.19695137441158295
Rank:0 Epoch: [24/40], Step: [111/782], Loss: 0.14602550864219666
Rank:0 Epoch: [24/40], Step: [121/782], Loss: 0.0845935046672821
Rank:0 Epoch: [24/40], Step: [131/782], Loss: 0.03507304936647415
Rank:0 Epoch: [24/40], Step: [141/782], Loss: 0.043669797480106354
Rank:0 Epoch: [24/40], Step: [151/782], Loss: 0.18272723257541656
Rank:0 Epoch: [24/40], Step: [161/782], Loss: 0.057626016438007355
Rank:0 Epoch: [24/40], Step: [171/782], Loss: 0.1006169468164444
Rank:0 Epoch: [24/40], Step: [181/782], Loss: 0.1924438178539276
Rank:0 Epoch: [24/40], Step: [191/782], Loss: 0.13084770739078522
Rank:0 Epoch: [24/40], Step: [201/782], Loss: 0.10051002353429794
Rank:0 Epoch: [24/40], Step: [211/782], Loss: 0.12558504939079285
Rank:0 Epoch: [24/40], Step: [221/782], Loss: 0.07193176448345184
Rank:0 Epoch: [24/40], Step: [231/782], Loss: 0.052064619958400726
Rank:0 Epoch: [24/40], Step: [241/782], Loss: 0.07717683911323547
Rank:0 Epoch: [24/40], Step: [251/782], Loss: 0.0572039969265461
Rank:0 Epoch: [24/40], Step: [261/782], Loss: 0.07345396280288696
Rank:0 Epoch: [24/40], Step: [271/782], Loss: 0.04009203612804413
Rank:0 Epoch: [24/40], Step: [281/782], Loss: 0.0894370824098587
Rank:0 Epoch: [24/40], Step: [291/782], Loss: 0.15027032792568207
Rank:0 Epoch: [24/40], Step: [301/782], Loss: 0.04922645539045334
Rank:0 Epoch: [24/40], Step: [311/782], Loss: 0.11016509681940079
Rank:0 Epoch: [24/40], Step: [321/782], Loss: 0.1775820106267929
Rank:0 Epoch: [24/40], Step: [331/782], Loss: 0.11006511747837067
Rank:0 Epoch: [24/40], Step: [341/782], Loss: 0.041650161147117615
Rank:0 Epoch: [24/40], Step: [351/782], Loss: 0.09242167323827744
Rank:0 Epoch: [24/40], Step: [361/782], Loss: 0.09531772881746292
Rank:0 Epoch: [24/40], Step: [371/782], Loss: 0.04988718032836914
Rank:0 Epoch: [24/40], Step: [381/782], Loss: 0.06572120636701584
Rank:0 Epoch: [24/40], Step: [391/782], Loss: 0.08059997111558914
Rank:0 Epoch: [24/40], Step: [401/782], Loss: 0.016805259510874748
Rank:0 Epoch: [24/40], Step: [411/782], Loss: 0.07250827550888062
Rank:0 Epoch: [24/40], Step: [421/782], Loss: 0.12720468640327454
Rank:0 Epoch: [24/40], Step: [431/782], Loss: 0.28360065817832947
Rank:0 Epoch: [24/40], Step: [441/782], Loss: 0.0527525469660759
Rank:0 Epoch: [24/40], Step: [451/782], Loss: 0.10395538061857224
Rank:0 Epoch: [24/40], Step: [461/782], Loss: 0.11477480083703995
Rank:0 Epoch: [24/40], Step: [471/782], Loss: 0.1123870238661766
Rank:0 Epoch: [24/40], Step: [481/782], Loss: 0.2926701307296753
Rank:0 Epoch: [24/40], Step: [491/782], Loss: 0.12173477560281754
Rank:0 Epoch: [24/40], Step: [501/782], Loss: 0.044411834329366684
Rank:0 Epoch: [24/40], Step: [511/782], Loss: 0.1721392571926117
Rank:0 Epoch: [24/40], Step: [521/782], Loss: 0.11038493365049362
Rank:0 Epoch: [24/40], Step: [531/782], Loss: 0.050350371748209
Rank:0 Epoch: [24/40], Step: [541/782], Loss: 0.05053070932626724
Rank:0 Epoch: [24/40], Step: [551/782], Loss: 0.1055164560675621
Rank:0 Epoch: [24/40], Step: [561/782], Loss: 0.05964439734816551
Rank:0 Epoch: [24/40], Step: [571/782], Loss: 0.07369089871644974
Rank:0 Epoch: [24/40], Step: [581/782], Loss: 0.0969102755188942
Rank:0 Epoch: [24/40], Step: [591/782], Loss: 0.06777378916740417
Rank:0 Epoch: [24/40], Step: [601/782], Loss: 0.16735796630382538
Rank:0 Epoch: [24/40], Step: [611/782], Loss: 0.10376673191785812
Rank:0 Epoch: [24/40], Step: [621/782], Loss: 0.020436419174075127
Rank:0 Epoch: [24/40], Step: [631/782], Loss: 0.10872729122638702
Rank:0 Epoch: [24/40], Step: [641/782], Loss: 0.08087141066789627
Rank:0 Epoch: [24/40], Step: [651/782], Loss: 0.20437613129615784
Rank:0 Epoch: [24/40], Step: [661/782], Loss: 0.03306250646710396
Rank:0 Epoch: [24/40], Step: [671/782], Loss: 0.05925925448536873
Rank:0 Epoch: [24/40], Step: [681/782], Loss: 0.035065650939941406
Rank:0 Epoch: [24/40], Step: [691/782], Loss: 0.06421741098165512
Rank:0 Epoch: [24/40], Step: [701/782], Loss: 0.05211343988776207
Rank:0 Epoch: [24/40], Step: [711/782], Loss: 0.19148816168308258
Rank:0 Epoch: [24/40], Step: [721/782], Loss: 0.040572237223386765
Rank:0 Epoch: [24/40], Step: [731/782], Loss: 0.09629496932029724
Rank:0 Epoch: [24/40], Step: [741/782], Loss: 0.11928915977478027
Rank:0 Epoch: [24/40], Step: [751/782], Loss: 0.1422571837902069
Rank:0 Epoch: [24/40], Step: [761/782], Loss: 0.14626356959342957
Rank:0 Epoch: [24/40], Step: [771/782], Loss: 0.07749293744564056
Rank:0 Epoch: [24/40], Step: [781/782], Loss: 0.1537838578224182
Current Test Acc: 0.93
Rank:0 Epoch: [25/40], Step: [1/782], Loss: 0.15406428277492523
Rank:0 Epoch: [25/40], Step: [11/782], Loss: 0.04352880269289017
Rank:0 Epoch: [25/40], Step: [21/782], Loss: 0.05582917854189873
Rank:0 Epoch: [25/40], Step: [31/782], Loss: 0.03898845613002777
Rank:0 Epoch: [25/40], Step: [41/782], Loss: 0.05994051694869995
Rank:0 Epoch: [25/40], Step: [51/782], Loss: 0.05944336950778961
Rank:0 Epoch: [25/40], Step: [61/782], Loss: 0.07910094410181046
Rank:0 Epoch: [25/40], Step: [71/782], Loss: 0.07409954071044922
Rank:0 Epoch: [25/40], Step: [81/782], Loss: 0.07079701125621796
Rank:0 Epoch: [25/40], Step: [91/782], Loss: 0.10577407479286194
Rank:0 Epoch: [25/40], Step: [101/782], Loss: 0.03275051340460777
Rank:0 Epoch: [25/40], Step: [111/782], Loss: 0.1611267477273941
Rank:0 Epoch: [25/40], Step: [121/782], Loss: 0.03282933682203293
Rank:0 Epoch: [25/40], Step: [131/782], Loss: 0.0655767172574997
Rank:0 Epoch: [25/40], Step: [141/782], Loss: 0.09735092520713806
Rank:0 Epoch: [25/40], Step: [151/782], Loss: 0.13555943965911865
Rank:0 Epoch: [25/40], Step: [161/782], Loss: 0.044764116406440735
Rank:0 Epoch: [25/40], Step: [171/782], Loss: 0.06961618363857269
Rank:0 Epoch: [25/40], Step: [181/782], Loss: 0.03521924465894699
Rank:0 Epoch: [25/40], Step: [191/782], Loss: 0.06041834130883217
Rank:0 Epoch: [25/40], Step: [201/782], Loss: 0.0987311527132988
Rank:0 Epoch: [25/40], Step: [211/782], Loss: 0.1293095499277115
Rank:0 Epoch: [25/40], Step: [221/782], Loss: 0.11165241152048111
Rank:0 Epoch: [25/40], Step: [231/782], Loss: 0.06265995651483536
Rank:0 Epoch: [25/40], Step: [241/782], Loss: 0.07533213496208191
Rank:0 Epoch: [25/40], Step: [251/782], Loss: 0.04134690761566162
Rank:0 Epoch: [25/40], Step: [261/782], Loss: 0.06862084567546844
Rank:0 Epoch: [25/40], Step: [271/782], Loss: 0.048210106790065765
Rank:0 Epoch: [25/40], Step: [281/782], Loss: 0.09295838326215744
Rank:0 Epoch: [25/40], Step: [291/782], Loss: 0.08220207691192627
Rank:0 Epoch: [25/40], Step: [301/782], Loss: 0.1606011688709259
Rank:0 Epoch: [25/40], Step: [311/782], Loss: 0.2920141816139221
Rank:0 Epoch: [25/40], Step: [321/782], Loss: 0.06632611900568008
Rank:0 Epoch: [25/40], Step: [331/782], Loss: 0.08165376633405685
Rank:0 Epoch: [25/40], Step: [341/782], Loss: 0.08603213727474213
Rank:0 Epoch: [25/40], Step: [351/782], Loss: 0.04254472628235817
Rank:0 Epoch: [25/40], Step: [361/782], Loss: 0.06521953642368317
Rank:0 Epoch: [25/40], Step: [371/782], Loss: 0.08223678171634674
Rank:0 Epoch: [25/40], Step: [381/782], Loss: 0.06758737564086914
Rank:0 Epoch: [25/40], Step: [391/782], Loss: 0.11280312389135361
Rank:0 Epoch: [25/40], Step: [401/782], Loss: 0.08026930689811707
Rank:0 Epoch: [25/40], Step: [411/782], Loss: 0.054407015442848206
Rank:0 Epoch: [25/40], Step: [421/782], Loss: 0.028362883254885674
Rank:0 Epoch: [25/40], Step: [431/782], Loss: 0.0827876478433609
Rank:0 Epoch: [25/40], Step: [441/782], Loss: 0.08073721826076508
Rank:0 Epoch: [25/40], Step: [451/782], Loss: 0.08501230925321579
Rank:0 Epoch: [25/40], Step: [461/782], Loss: 0.02515503019094467
Rank:0 Epoch: [25/40], Step: [471/782], Loss: 0.0807332918047905
Rank:0 Epoch: [25/40], Step: [481/782], Loss: 0.1351112276315689
Rank:0 Epoch: [25/40], Step: [491/782], Loss: 0.12290520966053009
Rank:0 Epoch: [25/40], Step: [501/782], Loss: 0.0717124491930008
Rank:0 Epoch: [25/40], Step: [511/782], Loss: 0.07945574074983597
Rank:0 Epoch: [25/40], Step: [521/782], Loss: 0.15061895549297333
Rank:0 Epoch: [25/40], Step: [531/782], Loss: 0.05503139644861221
Rank:0 Epoch: [25/40], Step: [541/782], Loss: 0.13699905574321747
Rank:0 Epoch: [25/40], Step: [551/782], Loss: 0.08100667595863342
Rank:0 Epoch: [25/40], Step: [561/782], Loss: 0.1832398623228073
Rank:0 Epoch: [25/40], Step: [571/782], Loss: 0.13706032931804657
Rank:0 Epoch: [25/40], Step: [581/782], Loss: 0.14549824595451355
Rank:0 Epoch: [25/40], Step: [591/782], Loss: 0.12146785855293274
Rank:0 Epoch: [25/40], Step: [601/782], Loss: 0.20538076758384705
Rank:0 Epoch: [25/40], Step: [611/782], Loss: 0.21544912457466125
Rank:0 Epoch: [25/40], Step: [621/782], Loss: 0.09218700975179672
Rank:0 Epoch: [25/40], Step: [631/782], Loss: 0.08689206838607788
Rank:0 Epoch: [25/40], Step: [641/782], Loss: 0.11918440461158752
Rank:0 Epoch: [25/40], Step: [651/782], Loss: 0.0747150182723999
Rank:0 Epoch: [25/40], Step: [661/782], Loss: 0.12819375097751617
Rank:0 Epoch: [25/40], Step: [671/782], Loss: 0.18926842510700226
Rank:0 Epoch: [25/40], Step: [681/782], Loss: 0.1511714607477188
Rank:0 Epoch: [25/40], Step: [691/782], Loss: 0.13672904670238495
Rank:0 Epoch: [25/40], Step: [701/782], Loss: 0.06739325076341629
Rank:0 Epoch: [25/40], Step: [711/782], Loss: 0.17332981526851654
Rank:0 Epoch: [25/40], Step: [721/782], Loss: 0.023955805227160454
Rank:0 Epoch: [25/40], Step: [731/782], Loss: 0.16269128024578094
Rank:0 Epoch: [25/40], Step: [741/782], Loss: 0.03264864534139633
Rank:0 Epoch: [25/40], Step: [751/782], Loss: 0.08491311222314835
Rank:0 Epoch: [25/40], Step: [761/782], Loss: 0.17091265320777893
Rank:0 Epoch: [25/40], Step: [771/782], Loss: 0.07439354807138443
Rank:0 Epoch: [25/40], Step: [781/782], Loss: 0.17125384509563446
Current Test Acc: 0.9275
Rank:0 Epoch: [26/40], Step: [1/782], Loss: 0.13173194229602814
Rank:0 Epoch: [26/40], Step: [11/782], Loss: 0.1528552919626236
Rank:0 Epoch: [26/40], Step: [21/782], Loss: 0.04056321829557419
Rank:0 Epoch: [26/40], Step: [31/782], Loss: 0.06241415813565254
Rank:0 Epoch: [26/40], Step: [41/782], Loss: 0.06422194838523865
Rank:0 Epoch: [26/40], Step: [51/782], Loss: 0.02404244989156723
Rank:0 Epoch: [26/40], Step: [61/782], Loss: 0.17071779072284698
Rank:0 Epoch: [26/40], Step: [71/782], Loss: 0.061350513249635696
Rank:0 Epoch: [26/40], Step: [81/782], Loss: 0.09632235020399094
Rank:0 Epoch: [26/40], Step: [91/782], Loss: 0.019510135054588318
Rank:0 Epoch: [26/40], Step: [101/782], Loss: 0.04214458540081978
Rank:0 Epoch: [26/40], Step: [111/782], Loss: 0.13906262814998627
Rank:0 Epoch: [26/40], Step: [121/782], Loss: 0.1442483514547348
Rank:0 Epoch: [26/40], Step: [131/782], Loss: 0.038350529968738556
Rank:0 Epoch: [26/40], Step: [141/782], Loss: 0.06552460044622421
Rank:0 Epoch: [26/40], Step: [151/782], Loss: 0.06873317807912827
Rank:0 Epoch: [26/40], Step: [161/782], Loss: 0.08142399042844772
Rank:0 Epoch: [26/40], Step: [171/782], Loss: 0.0693148747086525
Rank:0 Epoch: [26/40], Step: [181/782], Loss: 0.09839631617069244
Rank:0 Epoch: [26/40], Step: [191/782], Loss: 0.06540850549936295
Rank:0 Epoch: [26/40], Step: [201/782], Loss: 0.11814779788255692
Rank:0 Epoch: [26/40], Step: [211/782], Loss: 0.12194215506315231
Rank:0 Epoch: [26/40], Step: [221/782], Loss: 0.10873712599277496
Rank:0 Epoch: [26/40], Step: [231/782], Loss: 0.08728243410587311
Rank:0 Epoch: [26/40], Step: [241/782], Loss: 0.10513360053300858
Rank:0 Epoch: [26/40], Step: [251/782], Loss: 0.0839989185333252
Rank:0 Epoch: [26/40], Step: [261/782], Loss: 0.11982766538858414
Rank:0 Epoch: [26/40], Step: [271/782], Loss: 0.17993567883968353
Rank:0 Epoch: [26/40], Step: [281/782], Loss: 0.043161790817976
Rank:0 Epoch: [26/40], Step: [291/782], Loss: 0.18841806054115295
Rank:0 Epoch: [26/40], Step: [301/782], Loss: 0.07146595418453217
Rank:0 Epoch: [26/40], Step: [311/782], Loss: 0.16658377647399902
Rank:0 Epoch: [26/40], Step: [321/782], Loss: 0.05560771003365517
Rank:0 Epoch: [26/40], Step: [331/782], Loss: 0.08589495718479156
Rank:0 Epoch: [26/40], Step: [341/782], Loss: 0.16387969255447388
Rank:0 Epoch: [26/40], Step: [351/782], Loss: 0.04833949729800224
Rank:0 Epoch: [26/40], Step: [361/782], Loss: 0.08431145548820496
Rank:0 Epoch: [26/40], Step: [371/782], Loss: 0.14000891149044037
Rank:0 Epoch: [26/40], Step: [381/782], Loss: 0.048271097242832184
Rank:0 Epoch: [26/40], Step: [391/782], Loss: 0.023838207125663757
Rank:0 Epoch: [26/40], Step: [401/782], Loss: 0.15533983707427979
Rank:0 Epoch: [26/40], Step: [411/782], Loss: 0.09402663260698318
Rank:0 Epoch: [26/40], Step: [421/782], Loss: 0.05403010919690132
Rank:0 Epoch: [26/40], Step: [431/782], Loss: 0.12444546073675156
Rank:0 Epoch: [26/40], Step: [441/782], Loss: 0.0743703618645668
Rank:0 Epoch: [26/40], Step: [451/782], Loss: 0.0562371127307415
Rank:0 Epoch: [26/40], Step: [461/782], Loss: 0.020291298627853394
Rank:0 Epoch: [26/40], Step: [471/782], Loss: 0.041629429906606674
Rank:0 Epoch: [26/40], Step: [481/782], Loss: 0.066814124584198
Rank:0 Epoch: [26/40], Step: [491/782], Loss: 0.03844720497727394
Rank:0 Epoch: [26/40], Step: [501/782], Loss: 0.06884057819843292
Rank:0 Epoch: [26/40], Step: [511/782], Loss: 0.08956536650657654
Rank:0 Epoch: [26/40], Step: [521/782], Loss: 0.11665412783622742
Rank:0 Epoch: [26/40], Step: [531/782], Loss: 0.06903489679098129
Rank:0 Epoch: [26/40], Step: [541/782], Loss: 0.04044855758547783
Rank:0 Epoch: [26/40], Step: [551/782], Loss: 0.03035634197294712
Rank:0 Epoch: [26/40], Step: [561/782], Loss: 0.23510882258415222
Rank:0 Epoch: [26/40], Step: [571/782], Loss: 0.13036486506462097
Rank:0 Epoch: [26/40], Step: [581/782], Loss: 0.13312065601348877
Rank:0 Epoch: [26/40], Step: [591/782], Loss: 0.026282891631126404
Rank:0 Epoch: [26/40], Step: [601/782], Loss: 0.14850804209709167
Rank:0 Epoch: [26/40], Step: [611/782], Loss: 0.0740421861410141
Rank:0 Epoch: [26/40], Step: [621/782], Loss: 0.024300312623381615
Rank:0 Epoch: [26/40], Step: [631/782], Loss: 0.020683854818344116
Rank:0 Epoch: [26/40], Step: [641/782], Loss: 0.18278470635414124
Rank:0 Epoch: [26/40], Step: [651/782], Loss: 0.08402230590581894
Rank:0 Epoch: [26/40], Step: [661/782], Loss: 0.12077420949935913
Rank:0 Epoch: [26/40], Step: [671/782], Loss: 0.1355084329843521
Rank:0 Epoch: [26/40], Step: [681/782], Loss: 0.04061264917254448
Rank:0 Epoch: [26/40], Step: [691/782], Loss: 0.1840319186449051
Rank:0 Epoch: [26/40], Step: [701/782], Loss: 0.0690232515335083
Rank:0 Epoch: [26/40], Step: [711/782], Loss: 0.24645230174064636
Rank:0 Epoch: [26/40], Step: [721/782], Loss: 0.015611021779477596
Rank:0 Epoch: [26/40], Step: [731/782], Loss: 0.11417698860168457
Rank:0 Epoch: [26/40], Step: [741/782], Loss: 0.06268347054719925
Rank:0 Epoch: [26/40], Step: [751/782], Loss: 0.07148083299398422
Rank:0 Epoch: [26/40], Step: [761/782], Loss: 0.08201877027750015
Rank:0 Epoch: [26/40], Step: [771/782], Loss: 0.16125836968421936
Rank:0 Epoch: [26/40], Step: [781/782], Loss: 0.0622514933347702
Current Test Acc: 0.9329
Rank:0 Epoch: [27/40], Step: [1/782], Loss: 0.0848555862903595
Rank:0 Epoch: [27/40], Step: [11/782], Loss: 0.07747823745012283
Rank:0 Epoch: [27/40], Step: [21/782], Loss: 0.036137938499450684
Rank:0 Epoch: [27/40], Step: [31/782], Loss: 0.08225937187671661
Rank:0 Epoch: [27/40], Step: [41/782], Loss: 0.08978652954101562
Rank:0 Epoch: [27/40], Step: [51/782], Loss: 0.12103196978569031
Rank:0 Epoch: [27/40], Step: [61/782], Loss: 0.07188394665718079
Rank:0 Epoch: [27/40], Step: [71/782], Loss: 0.11591162532567978
Rank:0 Epoch: [27/40], Step: [81/782], Loss: 0.05118623003363609
Rank:0 Epoch: [27/40], Step: [91/782], Loss: 0.04862818121910095
Rank:0 Epoch: [27/40], Step: [101/782], Loss: 0.03480331227183342
Rank:0 Epoch: [27/40], Step: [111/782], Loss: 0.09820366650819778
Rank:0 Epoch: [27/40], Step: [121/782], Loss: 0.04125954583287239
Rank:0 Epoch: [27/40], Step: [131/782], Loss: 0.014505147933959961
Rank:0 Epoch: [27/40], Step: [141/782], Loss: 0.03948033228516579
Rank:0 Epoch: [27/40], Step: [151/782], Loss: 0.057356592267751694
Rank:0 Epoch: [27/40], Step: [161/782], Loss: 0.06640046834945679
Rank:0 Epoch: [27/40], Step: [171/782], Loss: 0.0507684163749218
Rank:0 Epoch: [27/40], Step: [181/782], Loss: 0.11257912218570709
Rank:0 Epoch: [27/40], Step: [191/782], Loss: 0.09471424669027328
Rank:0 Epoch: [27/40], Step: [201/782], Loss: 0.0723169818520546
Rank:0 Epoch: [27/40], Step: [211/782], Loss: 0.052493296563625336
Rank:0 Epoch: [27/40], Step: [221/782], Loss: 0.13818983733654022
Rank:0 Epoch: [27/40], Step: [231/782], Loss: 0.07061240822076797
Rank:0 Epoch: [27/40], Step: [241/782], Loss: 0.1188148781657219
Rank:0 Epoch: [27/40], Step: [251/782], Loss: 0.10872213542461395
Rank:0 Epoch: [27/40], Step: [261/782], Loss: 0.05554288625717163
Rank:0 Epoch: [27/40], Step: [271/782], Loss: 0.054554298520088196
Rank:0 Epoch: [27/40], Step: [281/782], Loss: 0.021170195192098618
Rank:0 Epoch: [27/40], Step: [291/782], Loss: 0.09709856659173965
Rank:0 Epoch: [27/40], Step: [301/782], Loss: 0.4162290394306183
Rank:0 Epoch: [27/40], Step: [311/782], Loss: 0.08115051686763763
Rank:0 Epoch: [27/40], Step: [321/782], Loss: 0.08961548656225204
Rank:0 Epoch: [27/40], Step: [331/782], Loss: 0.07921099662780762
Rank:0 Epoch: [27/40], Step: [341/782], Loss: 0.037187524139881134
Rank:0 Epoch: [27/40], Step: [351/782], Loss: 0.11689414083957672
Rank:0 Epoch: [27/40], Step: [361/782], Loss: 0.11675207316875458
Rank:0 Epoch: [27/40], Step: [371/782], Loss: 0.211831197142601
Rank:0 Epoch: [27/40], Step: [381/782], Loss: 0.02979227341711521
Rank:0 Epoch: [27/40], Step: [391/782], Loss: 0.019134821370244026
Rank:0 Epoch: [27/40], Step: [401/782], Loss: 0.13154734671115875
Rank:0 Epoch: [27/40], Step: [411/782], Loss: 0.06290724873542786
Rank:0 Epoch: [27/40], Step: [421/782], Loss: 0.08810413628816605
Rank:0 Epoch: [27/40], Step: [431/782], Loss: 0.03454095497727394
Rank:0 Epoch: [27/40], Step: [441/782], Loss: 0.11125680059194565
Rank:0 Epoch: [27/40], Step: [451/782], Loss: 0.07017027586698532
Rank:0 Epoch: [27/40], Step: [461/782], Loss: 0.13108766078948975
Rank:0 Epoch: [27/40], Step: [471/782], Loss: 0.06371405720710754
Rank:0 Epoch: [27/40], Step: [481/782], Loss: 0.14064975082874298
Rank:0 Epoch: [27/40], Step: [491/782], Loss: 0.08049912750720978
Rank:0 Epoch: [27/40], Step: [501/782], Loss: 0.07015355676412582
Rank:0 Epoch: [27/40], Step: [511/782], Loss: 0.14331838488578796
Rank:0 Epoch: [27/40], Step: [521/782], Loss: 0.09803353250026703
Rank:0 Epoch: [27/40], Step: [531/782], Loss: 0.06952644139528275
Rank:0 Epoch: [27/40], Step: [541/782], Loss: 0.033968664705753326
Rank:0 Epoch: [27/40], Step: [551/782], Loss: 0.1154133751988411
Rank:0 Epoch: [27/40], Step: [561/782], Loss: 0.0568510964512825
Rank:0 Epoch: [27/40], Step: [571/782], Loss: 0.10576357692480087
Rank:0 Epoch: [27/40], Step: [581/782], Loss: 0.011534846387803555
Rank:0 Epoch: [27/40], Step: [591/782], Loss: 0.15819905698299408
Rank:0 Epoch: [27/40], Step: [601/782], Loss: 0.022648992016911507
Rank:0 Epoch: [27/40], Step: [611/782], Loss: 0.047989241778850555
Rank:0 Epoch: [27/40], Step: [621/782], Loss: 0.08971662819385529
Rank:0 Epoch: [27/40], Step: [631/782], Loss: 0.0753747746348381
Rank:0 Epoch: [27/40], Step: [641/782], Loss: 0.11696377396583557
Rank:0 Epoch: [27/40], Step: [651/782], Loss: 0.07971648126840591
Rank:0 Epoch: [27/40], Step: [661/782], Loss: 0.11808524280786514
Rank:0 Epoch: [27/40], Step: [671/782], Loss: 0.04845757782459259
Rank:0 Epoch: [27/40], Step: [681/782], Loss: 0.07190549373626709
Rank:0 Epoch: [27/40], Step: [691/782], Loss: 0.14096452295780182
Rank:0 Epoch: [27/40], Step: [701/782], Loss: 0.046304043382406235
Rank:0 Epoch: [27/40], Step: [711/782], Loss: 0.03276877477765083
Rank:0 Epoch: [27/40], Step: [721/782], Loss: 0.12567444145679474
Rank:0 Epoch: [27/40], Step: [731/782], Loss: 0.08160813897848129
Rank:0 Epoch: [27/40], Step: [741/782], Loss: 0.08231054246425629
Rank:0 Epoch: [27/40], Step: [751/782], Loss: 0.05169392749667168
Rank:0 Epoch: [27/40], Step: [761/782], Loss: 0.14349006116390228
Rank:0 Epoch: [27/40], Step: [771/782], Loss: 0.13823696970939636
Rank:0 Epoch: [27/40], Step: [781/782], Loss: 0.11834554374217987
Current Test Acc: 0.9309
Rank:0 Epoch: [28/40], Step: [1/782], Loss: 0.029003826901316643
Rank:0 Epoch: [28/40], Step: [11/782], Loss: 0.03269416093826294
Rank:0 Epoch: [28/40], Step: [21/782], Loss: 0.040186382830142975
Rank:0 Epoch: [28/40], Step: [31/782], Loss: 0.08680365234613419
Rank:0 Epoch: [28/40], Step: [41/782], Loss: 0.03160278871655464
Rank:0 Epoch: [28/40], Step: [51/782], Loss: 0.05196763202548027
Rank:0 Epoch: [28/40], Step: [61/782], Loss: 0.05651894584298134
Rank:0 Epoch: [28/40], Step: [71/782], Loss: 0.1161387637257576
Rank:0 Epoch: [28/40], Step: [81/782], Loss: 0.10541175305843353
Rank:0 Epoch: [28/40], Step: [91/782], Loss: 0.11139374226331711
Rank:0 Epoch: [28/40], Step: [101/782], Loss: 0.07296562194824219
Rank:0 Epoch: [28/40], Step: [111/782], Loss: 0.06499409675598145
Rank:0 Epoch: [28/40], Step: [121/782], Loss: 0.06678543239831924
Rank:0 Epoch: [28/40], Step: [131/782], Loss: 0.07683928310871124
Rank:0 Epoch: [28/40], Step: [141/782], Loss: 0.04751596599817276
Rank:0 Epoch: [28/40], Step: [151/782], Loss: 0.1136142909526825
Rank:0 Epoch: [28/40], Step: [161/782], Loss: 0.1910295933485031
Rank:0 Epoch: [28/40], Step: [171/782], Loss: 0.0950569361448288
Rank:0 Epoch: [28/40], Step: [181/782], Loss: 0.05326570197939873
Rank:0 Epoch: [28/40], Step: [191/782], Loss: 0.0671674981713295
Rank:0 Epoch: [28/40], Step: [201/782], Loss: 0.02509838342666626
Rank:0 Epoch: [28/40], Step: [211/782], Loss: 0.06659374386072159
Rank:0 Epoch: [28/40], Step: [221/782], Loss: 0.053556643426418304
Rank:0 Epoch: [28/40], Step: [231/782], Loss: 0.09571254998445511
Rank:0 Epoch: [28/40], Step: [241/782], Loss: 0.12197200953960419
Rank:0 Epoch: [28/40], Step: [251/782], Loss: 0.09983479976654053
Rank:0 Epoch: [28/40], Step: [261/782], Loss: 0.17032746970653534
Rank:0 Epoch: [28/40], Step: [271/782], Loss: 0.07739968597888947
Rank:0 Epoch: [28/40], Step: [281/782], Loss: 0.0346907414495945
Rank:0 Epoch: [28/40], Step: [291/782], Loss: 0.026421895250678062
Rank:0 Epoch: [28/40], Step: [301/782], Loss: 0.05564272776246071
Rank:0 Epoch: [28/40], Step: [311/782], Loss: 0.09747730940580368
Rank:0 Epoch: [28/40], Step: [321/782], Loss: 0.12630325555801392
Rank:0 Epoch: [28/40], Step: [331/782], Loss: 0.07684682309627533
Rank:0 Epoch: [28/40], Step: [341/782], Loss: 0.05626387149095535
Rank:0 Epoch: [28/40], Step: [351/782], Loss: 0.07320597767829895
Rank:0 Epoch: [28/40], Step: [361/782], Loss: 0.02860236167907715
Rank:0 Epoch: [28/40], Step: [371/782], Loss: 0.10778706520795822
Rank:0 Epoch: [28/40], Step: [381/782], Loss: 0.04116225242614746
Rank:0 Epoch: [28/40], Step: [391/782], Loss: 0.11947990953922272
Rank:0 Epoch: [28/40], Step: [401/782], Loss: 0.06247947737574577
Rank:0 Epoch: [28/40], Step: [411/782], Loss: 0.07006987929344177
Rank:0 Epoch: [28/40], Step: [421/782], Loss: 0.0689195990562439
Rank:0 Epoch: [28/40], Step: [431/782], Loss: 0.09167767316102982
Rank:0 Epoch: [28/40], Step: [441/782], Loss: 0.06508132815361023
Rank:0 Epoch: [28/40], Step: [451/782], Loss: 0.027061089873313904
Rank:0 Epoch: [28/40], Step: [461/782], Loss: 0.08524204790592194
Rank:0 Epoch: [28/40], Step: [471/782], Loss: 0.061023470014333725
Rank:0 Epoch: [28/40], Step: [481/782], Loss: 0.08342505991458893
Rank:0 Epoch: [28/40], Step: [491/782], Loss: 0.14265187084674835
Rank:0 Epoch: [28/40], Step: [501/782], Loss: 0.10837868601083755
Rank:0 Epoch: [28/40], Step: [511/782], Loss: 0.05295136943459511
Rank:0 Epoch: [28/40], Step: [521/782], Loss: 0.08467458933591843
Rank:0 Epoch: [28/40], Step: [531/782], Loss: 0.053699564188718796
Rank:0 Epoch: [28/40], Step: [541/782], Loss: 0.16199728846549988
Rank:0 Epoch: [28/40], Step: [551/782], Loss: 0.07097736746072769
Rank:0 Epoch: [28/40], Step: [561/782], Loss: 0.062341462820768356
Rank:0 Epoch: [28/40], Step: [571/782], Loss: 0.11315394192934036
Rank:0 Epoch: [28/40], Step: [581/782], Loss: 0.038930460810661316
Rank:0 Epoch: [28/40], Step: [591/782], Loss: 0.07176589220762253
Rank:0 Epoch: [28/40], Step: [601/782], Loss: 0.048360567539930344
Rank:0 Epoch: [28/40], Step: [611/782], Loss: 0.043551187962293625
Rank:0 Epoch: [28/40], Step: [621/782], Loss: 0.056338366121053696
Rank:0 Epoch: [28/40], Step: [631/782], Loss: 0.05135483667254448
Rank:0 Epoch: [28/40], Step: [641/782], Loss: 0.07041380554437637
Rank:0 Epoch: [28/40], Step: [651/782], Loss: 0.1521451771259308
Rank:0 Epoch: [28/40], Step: [661/782], Loss: 0.06673919409513474
Rank:0 Epoch: [28/40], Step: [671/782], Loss: 0.024154484272003174
Rank:0 Epoch: [28/40], Step: [681/782], Loss: 0.10744959115982056
Rank:0 Epoch: [28/40], Step: [691/782], Loss: 0.042515940964221954
Rank:0 Epoch: [28/40], Step: [701/782], Loss: 0.10132700949907303
Rank:0 Epoch: [28/40], Step: [711/782], Loss: 0.16436567902565002
Rank:0 Epoch: [28/40], Step: [721/782], Loss: 0.09171638637781143
Rank:0 Epoch: [28/40], Step: [731/782], Loss: 0.06014598160982132
Rank:0 Epoch: [28/40], Step: [741/782], Loss: 0.020812293514609337
Rank:0 Epoch: [28/40], Step: [751/782], Loss: 0.08983834087848663
Rank:0 Epoch: [28/40], Step: [761/782], Loss: 0.009700128808617592
Rank:0 Epoch: [28/40], Step: [771/782], Loss: 0.1287977248430252
Rank:0 Epoch: [28/40], Step: [781/782], Loss: 0.06340096145868301
Current Test Acc: 0.9287
Rank:0 Epoch: [29/40], Step: [1/782], Loss: 0.11880778521299362
Rank:0 Epoch: [29/40], Step: [11/782], Loss: 0.050574298948049545
Rank:0 Epoch: [29/40], Step: [21/782], Loss: 0.1051492914557457
Rank:0 Epoch: [29/40], Step: [31/782], Loss: 0.08987648785114288
Rank:0 Epoch: [29/40], Step: [41/782], Loss: 0.04548365995287895
Rank:0 Epoch: [29/40], Step: [51/782], Loss: 0.043377477675676346
Rank:0 Epoch: [29/40], Step: [61/782], Loss: 0.0816437304019928
Rank:0 Epoch: [29/40], Step: [71/782], Loss: 0.07389242202043533
Rank:0 Epoch: [29/40], Step: [81/782], Loss: 0.04398954287171364
Rank:0 Epoch: [29/40], Step: [91/782], Loss: 0.015036067925393581
Rank:0 Epoch: [29/40], Step: [101/782], Loss: 0.050675082951784134
Rank:0 Epoch: [29/40], Step: [111/782], Loss: 0.12610730528831482
Rank:0 Epoch: [29/40], Step: [121/782], Loss: 0.10943971574306488
Rank:0 Epoch: [29/40], Step: [131/782], Loss: 0.19730956852436066
Rank:0 Epoch: [29/40], Step: [141/782], Loss: 0.014585279859602451
Rank:0 Epoch: [29/40], Step: [151/782], Loss: 0.12563002109527588
Rank:0 Epoch: [29/40], Step: [161/782], Loss: 0.057198524475097656
Rank:0 Epoch: [29/40], Step: [171/782], Loss: 0.024781690910458565
Rank:0 Epoch: [29/40], Step: [181/782], Loss: 0.08624742180109024
Rank:0 Epoch: [29/40], Step: [191/782], Loss: 0.0986437201499939
Rank:0 Epoch: [29/40], Step: [201/782], Loss: 0.12484824657440186
Rank:0 Epoch: [29/40], Step: [211/782], Loss: 0.16500063240528107
Rank:0 Epoch: [29/40], Step: [221/782], Loss: 0.19820290803909302
Rank:0 Epoch: [29/40], Step: [231/782], Loss: 0.06765764206647873
Rank:0 Epoch: [29/40], Step: [241/782], Loss: 0.026738455519080162
Rank:0 Epoch: [29/40], Step: [251/782], Loss: 0.024723874405026436
Rank:0 Epoch: [29/40], Step: [261/782], Loss: 0.05230344459414482
Rank:0 Epoch: [29/40], Step: [271/782], Loss: 0.04185446351766586
Rank:0 Epoch: [29/40], Step: [281/782], Loss: 0.03047052212059498
Rank:0 Epoch: [29/40], Step: [291/782], Loss: 0.0815560445189476
Rank:0 Epoch: [29/40], Step: [301/782], Loss: 0.020100969821214676
Rank:0 Epoch: [29/40], Step: [311/782], Loss: 0.04670507833361626
Rank:0 Epoch: [29/40], Step: [321/782], Loss: 0.10025341808795929
Rank:0 Epoch: [29/40], Step: [331/782], Loss: 0.03365581855177879
Rank:0 Epoch: [29/40], Step: [341/782], Loss: 0.12748736143112183
Rank:0 Epoch: [29/40], Step: [351/782], Loss: 0.04761606827378273
Rank:0 Epoch: [29/40], Step: [361/782], Loss: 0.21919164061546326
Rank:0 Epoch: [29/40], Step: [371/782], Loss: 0.0826076865196228
Rank:0 Epoch: [29/40], Step: [381/782], Loss: 0.027352076023817062
Rank:0 Epoch: [29/40], Step: [391/782], Loss: 0.07790356874465942
Rank:0 Epoch: [29/40], Step: [401/782], Loss: 0.05007188394665718
Rank:0 Epoch: [29/40], Step: [411/782], Loss: 0.051472581923007965
Rank:0 Epoch: [29/40], Step: [421/782], Loss: 0.05929708108305931
Rank:0 Epoch: [29/40], Step: [431/782], Loss: 0.07412832975387573
Rank:0 Epoch: [29/40], Step: [441/782], Loss: 0.09794861823320389
Rank:0 Epoch: [29/40], Step: [451/782], Loss: 0.06458774209022522
Rank:0 Epoch: [29/40], Step: [461/782], Loss: 0.016840476542711258
Rank:0 Epoch: [29/40], Step: [471/782], Loss: 0.030629392713308334
Rank:0 Epoch: [29/40], Step: [481/782], Loss: 0.022038469091057777
Rank:0 Epoch: [29/40], Step: [491/782], Loss: 0.03783193603157997
Rank:0 Epoch: [29/40], Step: [501/782], Loss: 0.04821990802884102
Rank:0 Epoch: [29/40], Step: [511/782], Loss: 0.14489896595478058
Rank:0 Epoch: [29/40], Step: [521/782], Loss: 0.03760738670825958
Rank:0 Epoch: [29/40], Step: [531/782], Loss: 0.11047970503568649
Rank:0 Epoch: [29/40], Step: [541/782], Loss: 0.07287885248661041
Rank:0 Epoch: [29/40], Step: [551/782], Loss: 0.10903359949588776
Rank:0 Epoch: [29/40], Step: [561/782], Loss: 0.0544949546456337
Rank:0 Epoch: [29/40], Step: [571/782], Loss: 0.05375123396515846
Rank:0 Epoch: [29/40], Step: [581/782], Loss: 0.03146573156118393
Rank:0 Epoch: [29/40], Step: [591/782], Loss: 0.061460599303245544
Rank:0 Epoch: [29/40], Step: [601/782], Loss: 0.0475299097597599
Rank:0 Epoch: [29/40], Step: [611/782], Loss: 0.12207777798175812
Rank:0 Epoch: [29/40], Step: [621/782], Loss: 0.028137188404798508
Rank:0 Epoch: [29/40], Step: [631/782], Loss: 0.058824241161346436
Rank:0 Epoch: [29/40], Step: [641/782], Loss: 0.057142022997140884
Rank:0 Epoch: [29/40], Step: [651/782], Loss: 0.08418595045804977
Rank:0 Epoch: [29/40], Step: [661/782], Loss: 0.06951587647199631
Rank:0 Epoch: [29/40], Step: [671/782], Loss: 0.13585492968559265
Rank:0 Epoch: [29/40], Step: [681/782], Loss: 0.1063714548945427
Rank:0 Epoch: [29/40], Step: [691/782], Loss: 0.0799829289317131
Rank:0 Epoch: [29/40], Step: [701/782], Loss: 0.08838660269975662
Rank:0 Epoch: [29/40], Step: [711/782], Loss: 0.07314131408929825
Rank:0 Epoch: [29/40], Step: [721/782], Loss: 0.13864155113697052
Rank:0 Epoch: [29/40], Step: [731/782], Loss: 0.07830867916345596
Rank:0 Epoch: [29/40], Step: [741/782], Loss: 0.1320437639951706
Rank:0 Epoch: [29/40], Step: [751/782], Loss: 0.08869953453540802
Rank:0 Epoch: [29/40], Step: [761/782], Loss: 0.05747556686401367
Rank:0 Epoch: [29/40], Step: [771/782], Loss: 0.1105613112449646
Rank:0 Epoch: [29/40], Step: [781/782], Loss: 0.03855171054601669
Current Test Acc: 0.9308
Rank:0 Epoch: [30/40], Step: [1/782], Loss: 0.041583988815546036
Rank:0 Epoch: [30/40], Step: [11/782], Loss: 0.04963253065943718
Rank:0 Epoch: [30/40], Step: [21/782], Loss: 0.07158344238996506
Rank:0 Epoch: [30/40], Step: [31/782], Loss: 0.07285807281732559
Rank:0 Epoch: [30/40], Step: [41/782], Loss: 0.031147485598921776
Rank:0 Epoch: [30/40], Step: [51/782], Loss: 0.04675193876028061
Rank:0 Epoch: [30/40], Step: [61/782], Loss: 0.08144447207450867
Rank:0 Epoch: [30/40], Step: [71/782], Loss: 0.11116417497396469
Rank:0 Epoch: [30/40], Step: [81/782], Loss: 0.055923640727996826
Rank:0 Epoch: [30/40], Step: [91/782], Loss: 0.061418160796165466
Rank:0 Epoch: [30/40], Step: [101/782], Loss: 0.10000263154506683
Rank:0 Epoch: [30/40], Step: [111/782], Loss: 0.11584062874317169
Rank:0 Epoch: [30/40], Step: [121/782], Loss: 0.10892120003700256
Rank:0 Epoch: [30/40], Step: [131/782], Loss: 0.10642826557159424
Rank:0 Epoch: [30/40], Step: [141/782], Loss: 0.02065158076584339
Rank:0 Epoch: [30/40], Step: [151/782], Loss: 0.11547691375017166
Rank:0 Epoch: [30/40], Step: [161/782], Loss: 0.05872032418847084
Rank:0 Epoch: [30/40], Step: [171/782], Loss: 0.08828555047512054
Rank:0 Epoch: [30/40], Step: [181/782], Loss: 0.0383240208029747
Rank:0 Epoch: [30/40], Step: [191/782], Loss: 0.0766582265496254
Rank:0 Epoch: [30/40], Step: [201/782], Loss: 0.0415993370115757
Rank:0 Epoch: [30/40], Step: [211/782], Loss: 0.0773141160607338
Rank:0 Epoch: [30/40], Step: [221/782], Loss: 0.12747231125831604
Rank:0 Epoch: [30/40], Step: [231/782], Loss: 0.03804302588105202
Rank:0 Epoch: [30/40], Step: [241/782], Loss: 0.035190001130104065
Rank:0 Epoch: [30/40], Step: [251/782], Loss: 0.06404343247413635
Rank:0 Epoch: [30/40], Step: [261/782], Loss: 0.11122497171163559
Rank:0 Epoch: [30/40], Step: [271/782], Loss: 0.07247109711170197
Rank:0 Epoch: [30/40], Step: [281/782], Loss: 0.1205613911151886
Rank:0 Epoch: [30/40], Step: [291/782], Loss: 0.07524297386407852
Rank:0 Epoch: [30/40], Step: [301/782], Loss: 0.05337151512503624
Rank:0 Epoch: [30/40], Step: [311/782], Loss: 0.0995577722787857
Rank:0 Epoch: [30/40], Step: [321/782], Loss: 0.044511616230010986
Rank:0 Epoch: [30/40], Step: [331/782], Loss: 0.22336122393608093
Rank:0 Epoch: [30/40], Step: [341/782], Loss: 0.042548418045043945
Rank:0 Epoch: [30/40], Step: [351/782], Loss: 0.04616541787981987
Rank:0 Epoch: [30/40], Step: [361/782], Loss: 0.13978295028209686
Rank:0 Epoch: [30/40], Step: [371/782], Loss: 0.09701358526945114
Rank:0 Epoch: [30/40], Step: [381/782], Loss: 0.021676983684301376
Rank:0 Epoch: [30/40], Step: [391/782], Loss: 0.10456738620996475
Rank:0 Epoch: [30/40], Step: [401/782], Loss: 0.06031916290521622
Rank:0 Epoch: [30/40], Step: [411/782], Loss: 0.06704919785261154
Rank:0 Epoch: [30/40], Step: [421/782], Loss: 0.055540040135383606
Rank:0 Epoch: [30/40], Step: [431/782], Loss: 0.10391362756490707
Rank:0 Epoch: [30/40], Step: [441/782], Loss: 0.061020463705062866
Rank:0 Epoch: [30/40], Step: [451/782], Loss: 0.03803897276520729
Rank:0 Epoch: [30/40], Step: [461/782], Loss: 0.12049614638090134
Rank:0 Epoch: [30/40], Step: [471/782], Loss: 0.06262856721878052
Rank:0 Epoch: [30/40], Step: [481/782], Loss: 0.03722602501511574
Rank:0 Epoch: [30/40], Step: [491/782], Loss: 0.07711648941040039
Rank:0 Epoch: [30/40], Step: [501/782], Loss: 0.1074766293168068
Rank:0 Epoch: [30/40], Step: [511/782], Loss: 0.08474481850862503
Rank:0 Epoch: [30/40], Step: [521/782], Loss: 0.0996098592877388
Rank:0 Epoch: [30/40], Step: [531/782], Loss: 0.08111192286014557
Rank:0 Epoch: [30/40], Step: [541/782], Loss: 0.030144477263092995
Rank:0 Epoch: [30/40], Step: [551/782], Loss: 0.03802269324660301
Rank:0 Epoch: [30/40], Step: [561/782], Loss: 0.1650983840227127
Rank:0 Epoch: [30/40], Step: [571/782], Loss: 0.11730880290269852
Rank:0 Epoch: [30/40], Step: [581/782], Loss: 0.14962925016880035
Rank:0 Epoch: [30/40], Step: [591/782], Loss: 0.060723256319761276
Rank:0 Epoch: [30/40], Step: [601/782], Loss: 0.0642174631357193
Rank:0 Epoch: [30/40], Step: [611/782], Loss: 0.05250287055969238
Rank:0 Epoch: [30/40], Step: [621/782], Loss: 0.07371177524328232
Rank:0 Epoch: [30/40], Step: [631/782], Loss: 0.09196668863296509
Rank:0 Epoch: [30/40], Step: [641/782], Loss: 0.06475530564785004
Rank:0 Epoch: [30/40], Step: [651/782], Loss: 0.06405899673700333
Rank:0 Epoch: [30/40], Step: [661/782], Loss: 0.08802538365125656
Rank:0 Epoch: [30/40], Step: [671/782], Loss: 0.079126738011837
Rank:0 Epoch: [30/40], Step: [681/782], Loss: 0.12670820951461792
Rank:0 Epoch: [30/40], Step: [691/782], Loss: 0.12298917770385742
Rank:0 Epoch: [30/40], Step: [701/782], Loss: 0.08131211251020432
Rank:0 Epoch: [30/40], Step: [711/782], Loss: 0.060637619346380234
Rank:0 Epoch: [30/40], Step: [721/782], Loss: 0.10417445003986359
Rank:0 Epoch: [30/40], Step: [731/782], Loss: 0.08341924846172333
Rank:0 Epoch: [30/40], Step: [741/782], Loss: 0.06951966136693954
Rank:0 Epoch: [30/40], Step: [751/782], Loss: 0.01707158237695694
Rank:0 Epoch: [30/40], Step: [761/782], Loss: 0.02701094001531601
Rank:0 Epoch: [30/40], Step: [771/782], Loss: 0.031226463615894318
Rank:0 Epoch: [30/40], Step: [781/782], Loss: 0.13395825028419495
Current Test Acc: 0.9335
Rank:0 Epoch: [31/40], Step: [1/782], Loss: 0.14782559871673584
Rank:0 Epoch: [31/40], Step: [11/782], Loss: 0.06785398721694946
Rank:0 Epoch: [31/40], Step: [21/782], Loss: 0.017405886203050613
Rank:0 Epoch: [31/40], Step: [31/782], Loss: 0.03300107643008232
Rank:0 Epoch: [31/40], Step: [41/782], Loss: 0.02994338423013687
Rank:0 Epoch: [31/40], Step: [51/782], Loss: 0.05102087929844856
Rank:0 Epoch: [31/40], Step: [61/782], Loss: 0.06996377557516098
Rank:0 Epoch: [31/40], Step: [71/782], Loss: 0.030660510063171387
Rank:0 Epoch: [31/40], Step: [81/782], Loss: 0.14102648198604584
Rank:0 Epoch: [31/40], Step: [91/782], Loss: 0.11176298558712006
Rank:0 Epoch: [31/40], Step: [101/782], Loss: 0.24343061447143555
Rank:0 Epoch: [31/40], Step: [111/782], Loss: 0.08780913054943085
Rank:0 Epoch: [31/40], Step: [121/782], Loss: 0.015520976856350899
Rank:0 Epoch: [31/40], Step: [131/782], Loss: 0.04219808429479599
Rank:0 Epoch: [31/40], Step: [141/782], Loss: 0.05786570906639099
Rank:0 Epoch: [31/40], Step: [151/782], Loss: 0.043423596769571304
Rank:0 Epoch: [31/40], Step: [161/782], Loss: 0.09799723327159882
Rank:0 Epoch: [31/40], Step: [171/782], Loss: 0.12450816482305527
Rank:0 Epoch: [31/40], Step: [181/782], Loss: 0.06006300449371338
Rank:0 Epoch: [31/40], Step: [191/782], Loss: 0.07322926819324493
Rank:0 Epoch: [31/40], Step: [201/782], Loss: 0.11783457547426224
Rank:0 Epoch: [31/40], Step: [211/782], Loss: 0.011125167831778526
Rank:0 Epoch: [31/40], Step: [221/782], Loss: 0.01408415101468563
Rank:0 Epoch: [31/40], Step: [231/782], Loss: 0.029316136613488197
Rank:0 Epoch: [31/40], Step: [241/782], Loss: 0.0393623486161232
Rank:0 Epoch: [31/40], Step: [251/782], Loss: 0.07577536255121231
Rank:0 Epoch: [31/40], Step: [261/782], Loss: 0.05114739015698433
Rank:0 Epoch: [31/40], Step: [271/782], Loss: 0.048000533133745193
Rank:0 Epoch: [31/40], Step: [281/782], Loss: 0.2037278264760971
Rank:0 Epoch: [31/40], Step: [291/782], Loss: 0.06415864825248718
Rank:0 Epoch: [31/40], Step: [301/782], Loss: 0.0745217502117157
Rank:0 Epoch: [31/40], Step: [311/782], Loss: 0.026831749826669693
Rank:0 Epoch: [31/40], Step: [321/782], Loss: 0.04241187497973442
Rank:0 Epoch: [31/40], Step: [331/782], Loss: 0.011106690391898155
Rank:0 Epoch: [31/40], Step: [341/782], Loss: 0.0681852400302887
Rank:0 Epoch: [31/40], Step: [351/782], Loss: 0.0488412007689476
Rank:0 Epoch: [31/40], Step: [361/782], Loss: 0.11374074220657349
Rank:0 Epoch: [31/40], Step: [371/782], Loss: 0.0473782978951931
Rank:0 Epoch: [31/40], Step: [381/782], Loss: 0.1574060618877411
Rank:0 Epoch: [31/40], Step: [391/782], Loss: 0.04275837540626526
Rank:0 Epoch: [31/40], Step: [401/782], Loss: 0.0323251411318779
Rank:0 Epoch: [31/40], Step: [411/782], Loss: 0.1224447563290596
Rank:0 Epoch: [31/40], Step: [421/782], Loss: 0.06534403562545776
Rank:0 Epoch: [31/40], Step: [431/782], Loss: 0.04769158363342285
Rank:0 Epoch: [31/40], Step: [441/782], Loss: 0.06505316495895386
Rank:0 Epoch: [31/40], Step: [451/782], Loss: 0.033556267619132996
Rank:0 Epoch: [31/40], Step: [461/782], Loss: 0.04370356723666191
Rank:0 Epoch: [31/40], Step: [471/782], Loss: 0.06596820056438446
Rank:0 Epoch: [31/40], Step: [481/782], Loss: 0.015524772927165031
Rank:0 Epoch: [31/40], Step: [491/782], Loss: 0.04298713058233261
Rank:0 Epoch: [31/40], Step: [501/782], Loss: 0.014766069129109383
Rank:0 Epoch: [31/40], Step: [511/782], Loss: 0.020897313952445984
Rank:0 Epoch: [31/40], Step: [521/782], Loss: 0.16303369402885437
Rank:0 Epoch: [31/40], Step: [531/782], Loss: 0.0471038818359375
Rank:0 Epoch: [31/40], Step: [541/782], Loss: 0.03145622834563255
Rank:0 Epoch: [31/40], Step: [551/782], Loss: 0.023290293291211128
Rank:0 Epoch: [31/40], Step: [561/782], Loss: 0.03321824222803116
Rank:0 Epoch: [31/40], Step: [571/782], Loss: 0.07526176422834396
Rank:0 Epoch: [31/40], Step: [581/782], Loss: 0.04955630749464035
Rank:0 Epoch: [31/40], Step: [591/782], Loss: 0.06362903863191605
Rank:0 Epoch: [31/40], Step: [601/782], Loss: 0.02647046372294426
Rank:0 Epoch: [31/40], Step: [611/782], Loss: 0.06258654594421387
Rank:0 Epoch: [31/40], Step: [621/782], Loss: 0.07493829727172852
Rank:0 Epoch: [31/40], Step: [631/782], Loss: 0.08539870381355286
Rank:0 Epoch: [31/40], Step: [641/782], Loss: 0.1339106559753418
Rank:0 Epoch: [31/40], Step: [651/782], Loss: 0.025375699624419212
Rank:0 Epoch: [31/40], Step: [661/782], Loss: 0.0602542944252491
Rank:0 Epoch: [31/40], Step: [671/782], Loss: 0.020801525563001633
Rank:0 Epoch: [31/40], Step: [681/782], Loss: 0.030021382495760918
Rank:0 Epoch: [31/40], Step: [691/782], Loss: 0.09196607768535614
Rank:0 Epoch: [31/40], Step: [701/782], Loss: 0.02393546886742115
Rank:0 Epoch: [31/40], Step: [711/782], Loss: 0.052414555102586746
Rank:0 Epoch: [31/40], Step: [721/782], Loss: 0.05131543427705765
Rank:0 Epoch: [31/40], Step: [731/782], Loss: 0.05335330218076706
Rank:0 Epoch: [31/40], Step: [741/782], Loss: 0.03495372086763382
Rank:0 Epoch: [31/40], Step: [751/782], Loss: 0.03180661424994469
Rank:0 Epoch: [31/40], Step: [761/782], Loss: 0.024836329743266106
Rank:0 Epoch: [31/40], Step: [771/782], Loss: 0.1107344925403595
Rank:0 Epoch: [31/40], Step: [781/782], Loss: 0.022839762270450592
Current Test Acc: 0.9342
Rank:0 Epoch: [32/40], Step: [1/782], Loss: 0.04831995069980621
Rank:0 Epoch: [32/40], Step: [11/782], Loss: 0.02473606914281845
Rank:0 Epoch: [32/40], Step: [21/782], Loss: 0.09322605282068253
Rank:0 Epoch: [32/40], Step: [31/782], Loss: 0.08316530287265778
Rank:0 Epoch: [32/40], Step: [41/782], Loss: 0.039661236107349396
Rank:0 Epoch: [32/40], Step: [51/782], Loss: 0.02001284249126911
Rank:0 Epoch: [32/40], Step: [61/782], Loss: 0.05977388098835945
Rank:0 Epoch: [32/40], Step: [71/782], Loss: 0.16000322997570038
Rank:0 Epoch: [32/40], Step: [81/782], Loss: 0.07753478735685349
Rank:0 Epoch: [32/40], Step: [91/782], Loss: 0.06285598874092102
Rank:0 Epoch: [32/40], Step: [101/782], Loss: 0.0421353243291378
Rank:0 Epoch: [32/40], Step: [111/782], Loss: 0.04987070709466934
Rank:0 Epoch: [32/40], Step: [121/782], Loss: 0.1409476399421692
Rank:0 Epoch: [32/40], Step: [131/782], Loss: 0.03299298882484436
Rank:0 Epoch: [32/40], Step: [141/782], Loss: 0.04861783981323242
Rank:0 Epoch: [32/40], Step: [151/782], Loss: 0.07302100211381912
Rank:0 Epoch: [32/40], Step: [161/782], Loss: 0.045802365988492966
Rank:0 Epoch: [32/40], Step: [171/782], Loss: 0.03163599967956543
Rank:0 Epoch: [32/40], Step: [181/782], Loss: 0.05295949429273605
Rank:0 Epoch: [32/40], Step: [191/782], Loss: 0.03594806417822838
Rank:0 Epoch: [32/40], Step: [201/782], Loss: 0.06633689999580383
Rank:0 Epoch: [32/40], Step: [211/782], Loss: 0.07647138088941574
Rank:0 Epoch: [32/40], Step: [221/782], Loss: 0.13164640963077545
Rank:0 Epoch: [32/40], Step: [231/782], Loss: 0.12232284992933273
Rank:0 Epoch: [32/40], Step: [241/782], Loss: 0.052110861986875534
Rank:0 Epoch: [32/40], Step: [251/782], Loss: 0.059183914214372635
Rank:0 Epoch: [32/40], Step: [261/782], Loss: 0.03680597245693207
Rank:0 Epoch: [32/40], Step: [271/782], Loss: 0.04597785323858261
Rank:0 Epoch: [32/40], Step: [281/782], Loss: 0.07482428848743439
Rank:0 Epoch: [32/40], Step: [291/782], Loss: 0.07939133793115616
Rank:0 Epoch: [32/40], Step: [301/782], Loss: 0.03281351178884506
Rank:0 Epoch: [32/40], Step: [311/782], Loss: 0.03654877096414566
Rank:0 Epoch: [32/40], Step: [321/782], Loss: 0.012487766332924366
Rank:0 Epoch: [32/40], Step: [331/782], Loss: 0.07230935990810394
Rank:0 Epoch: [32/40], Step: [341/782], Loss: 0.021130524575710297
Rank:0 Epoch: [32/40], Step: [351/782], Loss: 0.00831932108849287
Rank:0 Epoch: [32/40], Step: [361/782], Loss: 0.041020676493644714
Rank:0 Epoch: [32/40], Step: [371/782], Loss: 0.032887645065784454
Rank:0 Epoch: [32/40], Step: [381/782], Loss: 0.024711789563298225
Rank:0 Epoch: [32/40], Step: [391/782], Loss: 0.041828203946352005
Rank:0 Epoch: [32/40], Step: [401/782], Loss: 0.07971027493476868
Rank:0 Epoch: [32/40], Step: [411/782], Loss: 0.1286925971508026
Rank:0 Epoch: [32/40], Step: [421/782], Loss: 0.0244599636644125
Rank:0 Epoch: [32/40], Step: [431/782], Loss: 0.03928803279995918
Rank:0 Epoch: [32/40], Step: [441/782], Loss: 0.04172590747475624
Rank:0 Epoch: [32/40], Step: [451/782], Loss: 0.024137437343597412
Rank:0 Epoch: [32/40], Step: [461/782], Loss: 0.04481363669037819
Rank:0 Epoch: [32/40], Step: [471/782], Loss: 0.16978028416633606
Rank:0 Epoch: [32/40], Step: [481/782], Loss: 0.07537161558866501
Rank:0 Epoch: [32/40], Step: [491/782], Loss: 0.10679106414318085
Rank:0 Epoch: [32/40], Step: [501/782], Loss: 0.12332863360643387
Rank:0 Epoch: [32/40], Step: [511/782], Loss: 0.014891544356942177
Rank:0 Epoch: [32/40], Step: [521/782], Loss: 0.039496056735515594
Rank:0 Epoch: [32/40], Step: [531/782], Loss: 0.04490028694272041
Rank:0 Epoch: [32/40], Step: [541/782], Loss: 0.029012711718678474
Rank:0 Epoch: [32/40], Step: [551/782], Loss: 0.04220876097679138
Rank:0 Epoch: [32/40], Step: [561/782], Loss: 0.07681693136692047
Rank:0 Epoch: [32/40], Step: [571/782], Loss: 0.07724621891975403
Rank:0 Epoch: [32/40], Step: [581/782], Loss: 0.06683029979467392
Rank:0 Epoch: [32/40], Step: [591/782], Loss: 0.03939738869667053
Rank:0 Epoch: [32/40], Step: [601/782], Loss: 0.051604222506284714
Rank:0 Epoch: [32/40], Step: [611/782], Loss: 0.0211974885314703
Rank:0 Epoch: [32/40], Step: [621/782], Loss: 0.12241071462631226
Rank:0 Epoch: [32/40], Step: [631/782], Loss: 0.10036057233810425
Rank:0 Epoch: [32/40], Step: [641/782], Loss: 0.04213890805840492
Rank:0 Epoch: [32/40], Step: [651/782], Loss: 0.01949906162917614
Rank:0 Epoch: [32/40], Step: [661/782], Loss: 0.015917710959911346
Rank:0 Epoch: [32/40], Step: [671/782], Loss: 0.02799753099679947
Rank:0 Epoch: [32/40], Step: [681/782], Loss: 0.014782192185521126
Rank:0 Epoch: [32/40], Step: [691/782], Loss: 0.058567799627780914
Rank:0 Epoch: [32/40], Step: [701/782], Loss: 0.0391576886177063
Rank:0 Epoch: [32/40], Step: [711/782], Loss: 0.058025963604450226
Rank:0 Epoch: [32/40], Step: [721/782], Loss: 0.09312067180871964
Rank:0 Epoch: [32/40], Step: [731/782], Loss: 0.06226092576980591
Rank:0 Epoch: [32/40], Step: [741/782], Loss: 0.020421065390110016
Rank:0 Epoch: [32/40], Step: [751/782], Loss: 0.1316731721162796
Rank:0 Epoch: [32/40], Step: [761/782], Loss: 0.0677616074681282
Rank:0 Epoch: [32/40], Step: [771/782], Loss: 0.07471803575754166
Rank:0 Epoch: [32/40], Step: [781/782], Loss: 0.02990986593067646
Current Test Acc: 0.9348
Rank:0 Epoch: [33/40], Step: [1/782], Loss: 0.05390419811010361
Rank:0 Epoch: [33/40], Step: [11/782], Loss: 0.02521885186433792
Rank:0 Epoch: [33/40], Step: [21/782], Loss: 0.05818064510822296
Rank:0 Epoch: [33/40], Step: [31/782], Loss: 0.1374777853488922
Rank:0 Epoch: [33/40], Step: [41/782], Loss: 0.07253739982843399
Rank:0 Epoch: [33/40], Step: [51/782], Loss: 0.04894077032804489
Rank:0 Epoch: [33/40], Step: [61/782], Loss: 0.02440854348242283
Rank:0 Epoch: [33/40], Step: [71/782], Loss: 0.027027372270822525
Rank:0 Epoch: [33/40], Step: [81/782], Loss: 0.015454565174877644
Rank:0 Epoch: [33/40], Step: [91/782], Loss: 0.08104006946086884
Rank:0 Epoch: [33/40], Step: [101/782], Loss: 0.057207707315683365
Rank:0 Epoch: [33/40], Step: [111/782], Loss: 0.07550852745771408
Rank:0 Epoch: [33/40], Step: [121/782], Loss: 0.06612269580364227
Rank:0 Epoch: [33/40], Step: [131/782], Loss: 0.06423844397068024
Rank:0 Epoch: [33/40], Step: [141/782], Loss: 0.05205661058425903
Rank:0 Epoch: [33/40], Step: [151/782], Loss: 0.08153536170721054
Rank:0 Epoch: [33/40], Step: [161/782], Loss: 0.13340362906455994
Rank:0 Epoch: [33/40], Step: [171/782], Loss: 0.029695745557546616
Rank:0 Epoch: [33/40], Step: [181/782], Loss: 0.05725055932998657
Rank:0 Epoch: [33/40], Step: [191/782], Loss: 0.025924131274223328
Rank:0 Epoch: [33/40], Step: [201/782], Loss: 0.163894921541214
Rank:0 Epoch: [33/40], Step: [211/782], Loss: 0.019510379061102867
Rank:0 Epoch: [33/40], Step: [221/782], Loss: 0.08015303313732147
Rank:0 Epoch: [33/40], Step: [231/782], Loss: 0.05955232307314873
Rank:0 Epoch: [33/40], Step: [241/782], Loss: 0.06783639639616013
Rank:0 Epoch: [33/40], Step: [251/782], Loss: 0.0480525940656662
Rank:0 Epoch: [33/40], Step: [261/782], Loss: 0.07807058095932007
Rank:0 Epoch: [33/40], Step: [271/782], Loss: 0.017542200163006783
Rank:0 Epoch: [33/40], Step: [281/782], Loss: 0.08046095073223114
Rank:0 Epoch: [33/40], Step: [291/782], Loss: 0.017473645508289337
Rank:0 Epoch: [33/40], Step: [301/782], Loss: 0.03253483772277832
Rank:0 Epoch: [33/40], Step: [311/782], Loss: 0.009801912121474743
Rank:0 Epoch: [33/40], Step: [321/782], Loss: 0.18245729804039001
Rank:0 Epoch: [33/40], Step: [331/782], Loss: 0.023113850504159927
Rank:0 Epoch: [33/40], Step: [341/782], Loss: 0.0591367743909359
Rank:0 Epoch: [33/40], Step: [351/782], Loss: 0.023471122607588768
Rank:0 Epoch: [33/40], Step: [361/782], Loss: 0.04714691638946533
Rank:0 Epoch: [33/40], Step: [371/782], Loss: 0.07229150831699371
Rank:0 Epoch: [33/40], Step: [381/782], Loss: 0.04364064335823059
Rank:0 Epoch: [33/40], Step: [391/782], Loss: 0.03129176050424576
Rank:0 Epoch: [33/40], Step: [401/782], Loss: 0.11233913153409958
Rank:0 Epoch: [33/40], Step: [411/782], Loss: 0.048530928790569305
Rank:0 Epoch: [33/40], Step: [421/782], Loss: 0.039006687700748444
Rank:0 Epoch: [33/40], Step: [431/782], Loss: 0.06755400449037552
Rank:0 Epoch: [33/40], Step: [441/782], Loss: 0.011096428148448467
Rank:0 Epoch: [33/40], Step: [451/782], Loss: 0.013782278634607792
Rank:0 Epoch: [33/40], Step: [461/782], Loss: 0.08376883715391159
Rank:0 Epoch: [33/40], Step: [471/782], Loss: 0.08765210211277008
Rank:0 Epoch: [33/40], Step: [481/782], Loss: 0.16243089735507965
Rank:0 Epoch: [33/40], Step: [491/782], Loss: 0.06582564115524292
Rank:0 Epoch: [33/40], Step: [501/782], Loss: 0.017559127882122993
Rank:0 Epoch: [33/40], Step: [511/782], Loss: 0.035333048552274704
Rank:0 Epoch: [33/40], Step: [521/782], Loss: 0.03447544202208519
Rank:0 Epoch: [33/40], Step: [531/782], Loss: 0.06437362730503082
Rank:0 Epoch: [33/40], Step: [541/782], Loss: 0.046779830008745193
Rank:0 Epoch: [33/40], Step: [551/782], Loss: 0.10111711174249649
Rank:0 Epoch: [33/40], Step: [561/782], Loss: 0.07097563147544861
Rank:0 Epoch: [33/40], Step: [571/782], Loss: 0.14428068697452545
Rank:0 Epoch: [33/40], Step: [581/782], Loss: 0.05280018597841263
Rank:0 Epoch: [33/40], Step: [591/782], Loss: 0.04166369512677193
Rank:0 Epoch: [33/40], Step: [601/782], Loss: 0.0635942742228508
Rank:0 Epoch: [33/40], Step: [611/782], Loss: 0.054183829575777054
Rank:0 Epoch: [33/40], Step: [621/782], Loss: 0.04874512180685997
Rank:0 Epoch: [33/40], Step: [631/782], Loss: 0.05579600855708122
Rank:0 Epoch: [33/40], Step: [641/782], Loss: 0.045161083340644836
Rank:0 Epoch: [33/40], Step: [651/782], Loss: 0.09048938751220703
Rank:0 Epoch: [33/40], Step: [661/782], Loss: 0.044091254472732544
Rank:0 Epoch: [33/40], Step: [671/782], Loss: 0.06250961124897003
Rank:0 Epoch: [33/40], Step: [681/782], Loss: 0.13659018278121948
Rank:0 Epoch: [33/40], Step: [691/782], Loss: 0.016763772815465927
Rank:0 Epoch: [33/40], Step: [701/782], Loss: 0.057682279497385025
Rank:0 Epoch: [33/40], Step: [711/782], Loss: 0.053787313401699066
Rank:0 Epoch: [33/40], Step: [721/782], Loss: 0.04290840029716492
Rank:0 Epoch: [33/40], Step: [731/782], Loss: 0.024232711642980576
Rank:0 Epoch: [33/40], Step: [741/782], Loss: 0.05141324922442436
Rank:0 Epoch: [33/40], Step: [751/782], Loss: 0.048124443739652634
Rank:0 Epoch: [33/40], Step: [761/782], Loss: 0.042109064757823944
Rank:0 Epoch: [33/40], Step: [771/782], Loss: 0.07659241557121277
Rank:0 Epoch: [33/40], Step: [781/782], Loss: 0.046937450766563416
Current Test Acc: 0.9337
Rank:0 Epoch: [34/40], Step: [1/782], Loss: 0.04616847261786461
Rank:0 Epoch: [34/40], Step: [11/782], Loss: 0.0722634568810463
Rank:0 Epoch: [34/40], Step: [21/782], Loss: 0.03748805448412895
Rank:0 Epoch: [34/40], Step: [31/782], Loss: 0.05751696601510048
Rank:0 Epoch: [34/40], Step: [41/782], Loss: 0.07932118326425552
Rank:0 Epoch: [34/40], Step: [51/782], Loss: 0.03738308697938919
Rank:0 Epoch: [34/40], Step: [61/782], Loss: 0.0803908109664917
Rank:0 Epoch: [34/40], Step: [71/782], Loss: 0.03546423092484474
Rank:0 Epoch: [34/40], Step: [81/782], Loss: 0.08831581473350525
Rank:0 Epoch: [34/40], Step: [91/782], Loss: 0.03071550279855728
Rank:0 Epoch: [34/40], Step: [101/782], Loss: 0.03475037217140198
Rank:0 Epoch: [34/40], Step: [111/782], Loss: 0.04466424509882927
Rank:0 Epoch: [34/40], Step: [121/782], Loss: 0.13721442222595215
Rank:0 Epoch: [34/40], Step: [131/782], Loss: 0.06234178692102432
Rank:0 Epoch: [34/40], Step: [141/782], Loss: 0.07173220068216324
Rank:0 Epoch: [34/40], Step: [151/782], Loss: 0.01402537152171135
Rank:0 Epoch: [34/40], Step: [161/782], Loss: 0.05917934328317642
Rank:0 Epoch: [34/40], Step: [171/782], Loss: 0.093080073595047
Rank:0 Epoch: [34/40], Step: [181/782], Loss: 0.09037894755601883
Rank:0 Epoch: [34/40], Step: [191/782], Loss: 0.04050048068165779
Rank:0 Epoch: [34/40], Step: [201/782], Loss: 0.09342607110738754
Rank:0 Epoch: [34/40], Step: [211/782], Loss: 0.09274756908416748
Rank:0 Epoch: [34/40], Step: [221/782], Loss: 0.0346258319914341
Rank:0 Epoch: [34/40], Step: [231/782], Loss: 0.05028976872563362
Rank:0 Epoch: [34/40], Step: [241/782], Loss: 0.010542498901486397
Rank:0 Epoch: [34/40], Step: [251/782], Loss: 0.05770406499505043
Rank:0 Epoch: [34/40], Step: [261/782], Loss: 0.07975763827562332
Rank:0 Epoch: [34/40], Step: [271/782], Loss: 0.13099899888038635
Rank:0 Epoch: [34/40], Step: [281/782], Loss: 0.08367830514907837
Rank:0 Epoch: [34/40], Step: [291/782], Loss: 0.03924642875790596
Rank:0 Epoch: [34/40], Step: [301/782], Loss: 0.09099368005990982
Rank:0 Epoch: [34/40], Step: [311/782], Loss: 0.08180803060531616
Rank:0 Epoch: [34/40], Step: [321/782], Loss: 0.04672529548406601
Rank:0 Epoch: [34/40], Step: [331/782], Loss: 0.0826290100812912
Rank:0 Epoch: [34/40], Step: [341/782], Loss: 0.03477306291460991
Rank:0 Epoch: [34/40], Step: [351/782], Loss: 0.05001244321465492
Rank:0 Epoch: [34/40], Step: [361/782], Loss: 0.007476003374904394
Rank:0 Epoch: [34/40], Step: [371/782], Loss: 0.03494248911738396
Rank:0 Epoch: [34/40], Step: [381/782], Loss: 0.023556770756840706
Rank:0 Epoch: [34/40], Step: [391/782], Loss: 0.03402299806475639
Rank:0 Epoch: [34/40], Step: [401/782], Loss: 0.05855114012956619
Rank:0 Epoch: [34/40], Step: [411/782], Loss: 0.04574921354651451
Rank:0 Epoch: [34/40], Step: [421/782], Loss: 0.08709025382995605
Rank:0 Epoch: [34/40], Step: [431/782], Loss: 0.04833004251122475
Rank:0 Epoch: [34/40], Step: [441/782], Loss: 0.08006393164396286
Rank:0 Epoch: [34/40], Step: [451/782], Loss: 0.04113003984093666
Rank:0 Epoch: [34/40], Step: [461/782], Loss: 0.04882454872131348
Rank:0 Epoch: [34/40], Step: [471/782], Loss: 0.009313276037573814
Rank:0 Epoch: [34/40], Step: [481/782], Loss: 0.09768898040056229
Rank:0 Epoch: [34/40], Step: [491/782], Loss: 0.018073171377182007
Rank:0 Epoch: [34/40], Step: [501/782], Loss: 0.08141439408063889
Rank:0 Epoch: [34/40], Step: [511/782], Loss: 0.012805701233446598
Rank:0 Epoch: [34/40], Step: [521/782], Loss: 0.006360544357448816
Rank:0 Epoch: [34/40], Step: [531/782], Loss: 0.061493389308452606
Rank:0 Epoch: [34/40], Step: [541/782], Loss: 0.010700385086238384
Rank:0 Epoch: [34/40], Step: [551/782], Loss: 0.0652797669172287
Rank:0 Epoch: [34/40], Step: [561/782], Loss: 0.08362405747175217
Rank:0 Epoch: [34/40], Step: [571/782], Loss: 0.11800174415111542
Rank:0 Epoch: [34/40], Step: [581/782], Loss: 0.06677988916635513
Rank:0 Epoch: [34/40], Step: [591/782], Loss: 0.08733465522527695
Rank:0 Epoch: [34/40], Step: [601/782], Loss: 0.035216111689805984
Rank:0 Epoch: [34/40], Step: [611/782], Loss: 0.030887259170413017
Rank:0 Epoch: [34/40], Step: [621/782], Loss: 0.02451261132955551
Rank:0 Epoch: [34/40], Step: [631/782], Loss: 0.09615009278059006
Rank:0 Epoch: [34/40], Step: [641/782], Loss: 0.034630659967660904
Rank:0 Epoch: [34/40], Step: [651/782], Loss: 0.10268928110599518
Rank:0 Epoch: [34/40], Step: [661/782], Loss: 0.08625214546918869
Rank:0 Epoch: [34/40], Step: [671/782], Loss: 0.04162917658686638
Rank:0 Epoch: [34/40], Step: [681/782], Loss: 0.06715315580368042
Rank:0 Epoch: [34/40], Step: [691/782], Loss: 0.04943319410085678
Rank:0 Epoch: [34/40], Step: [701/782], Loss: 0.033540576696395874
Rank:0 Epoch: [34/40], Step: [711/782], Loss: 0.03784305602312088
Rank:0 Epoch: [34/40], Step: [721/782], Loss: 0.04725489392876625
Rank:0 Epoch: [34/40], Step: [731/782], Loss: 0.01842188462615013
Rank:0 Epoch: [34/40], Step: [741/782], Loss: 0.037095412611961365
Rank:0 Epoch: [34/40], Step: [751/782], Loss: 0.08766050636768341
Rank:0 Epoch: [34/40], Step: [761/782], Loss: 0.04958810657262802
Rank:0 Epoch: [34/40], Step: [771/782], Loss: 0.03674886375665665
Rank:0 Epoch: [34/40], Step: [781/782], Loss: 0.04554177075624466
Current Test Acc: 0.9341
Rank:0 Epoch: [35/40], Step: [1/782], Loss: 0.022242378443479538
Rank:0 Epoch: [35/40], Step: [11/782], Loss: 0.05807483568787575
Rank:0 Epoch: [35/40], Step: [21/782], Loss: 0.02658495493233204
Rank:0 Epoch: [35/40], Step: [31/782], Loss: 0.022130893543362617
Rank:0 Epoch: [35/40], Step: [41/782], Loss: 0.06562455743551254
Rank:0 Epoch: [35/40], Step: [51/782], Loss: 0.07127820700407028
Rank:0 Epoch: [35/40], Step: [61/782], Loss: 0.08905493468046188
Rank:0 Epoch: [35/40], Step: [71/782], Loss: 0.028082633391022682
Rank:0 Epoch: [35/40], Step: [81/782], Loss: 0.10531383752822876
Rank:0 Epoch: [35/40], Step: [91/782], Loss: 0.040591225028038025
Rank:0 Epoch: [35/40], Step: [101/782], Loss: 0.027950288727879524
Rank:0 Epoch: [35/40], Step: [111/782], Loss: 0.07155609875917435
Rank:0 Epoch: [35/40], Step: [121/782], Loss: 0.05215250328183174
Rank:0 Epoch: [35/40], Step: [131/782], Loss: 0.0944938063621521
Rank:0 Epoch: [35/40], Step: [141/782], Loss: 0.08147427439689636
Rank:0 Epoch: [35/40], Step: [151/782], Loss: 0.014456924982368946
Rank:0 Epoch: [35/40], Step: [161/782], Loss: 0.03986790031194687
Rank:0 Epoch: [35/40], Step: [171/782], Loss: 0.04117894545197487
Rank:0 Epoch: [35/40], Step: [181/782], Loss: 0.09366757422685623
Rank:0 Epoch: [35/40], Step: [191/782], Loss: 0.031053485348820686
Rank:0 Epoch: [35/40], Step: [201/782], Loss: 0.04966285452246666
Rank:0 Epoch: [35/40], Step: [211/782], Loss: 0.04088630527257919
Rank:0 Epoch: [35/40], Step: [221/782], Loss: 0.02997947484254837
Rank:0 Epoch: [35/40], Step: [231/782], Loss: 0.0471985787153244
Rank:0 Epoch: [35/40], Step: [241/782], Loss: 0.03317296877503395
Rank:0 Epoch: [35/40], Step: [251/782], Loss: 0.014048988930881023
Rank:0 Epoch: [35/40], Step: [261/782], Loss: 0.06517911702394485
Rank:0 Epoch: [35/40], Step: [271/782], Loss: 0.059584785252809525
Rank:0 Epoch: [35/40], Step: [281/782], Loss: 0.03634920343756676
Rank:0 Epoch: [35/40], Step: [291/782], Loss: 0.040421709418296814
Rank:0 Epoch: [35/40], Step: [301/782], Loss: 0.04122399538755417
Rank:0 Epoch: [35/40], Step: [311/782], Loss: 0.03187325969338417
Rank:0 Epoch: [35/40], Step: [321/782], Loss: 0.0946100652217865
Rank:0 Epoch: [35/40], Step: [331/782], Loss: 0.039793986827135086
Rank:0 Epoch: [35/40], Step: [341/782], Loss: 0.03499114513397217
Rank:0 Epoch: [35/40], Step: [351/782], Loss: 0.07790252566337585
Rank:0 Epoch: [35/40], Step: [361/782], Loss: 0.06320389360189438
Rank:0 Epoch: [35/40], Step: [371/782], Loss: 0.033292293548583984
Rank:0 Epoch: [35/40], Step: [381/782], Loss: 0.04680335149168968
Rank:0 Epoch: [35/40], Step: [391/782], Loss: 0.13873536884784698
Rank:0 Epoch: [35/40], Step: [401/782], Loss: 0.08687151223421097
Rank:0 Epoch: [35/40], Step: [411/782], Loss: 0.0863005593419075
Rank:0 Epoch: [35/40], Step: [421/782], Loss: 0.02803964354097843
Rank:0 Epoch: [35/40], Step: [431/782], Loss: 0.06863386183977127
Rank:0 Epoch: [35/40], Step: [441/782], Loss: 0.04573003202676773
Rank:0 Epoch: [35/40], Step: [451/782], Loss: 0.029899895191192627
Rank:0 Epoch: [35/40], Step: [461/782], Loss: 0.0956505537033081
Rank:0 Epoch: [35/40], Step: [471/782], Loss: 0.07923033833503723
Rank:0 Epoch: [35/40], Step: [481/782], Loss: 0.02419673092663288
Rank:0 Epoch: [35/40], Step: [491/782], Loss: 0.02280748449265957
Rank:0 Epoch: [35/40], Step: [501/782], Loss: 0.03405233845114708
Rank:0 Epoch: [35/40], Step: [511/782], Loss: 0.08613288402557373
Rank:0 Epoch: [35/40], Step: [521/782], Loss: 0.10503733903169632
Rank:0 Epoch: [35/40], Step: [531/782], Loss: 0.021526454016566277
Rank:0 Epoch: [35/40], Step: [541/782], Loss: 0.04370777681469917
Rank:0 Epoch: [35/40], Step: [551/782], Loss: 0.018930399790406227
Rank:0 Epoch: [35/40], Step: [561/782], Loss: 0.018469853326678276
Rank:0 Epoch: [35/40], Step: [571/782], Loss: 0.10163363069295883
Rank:0 Epoch: [35/40], Step: [581/782], Loss: 0.046030499041080475
Rank:0 Epoch: [35/40], Step: [591/782], Loss: 0.06945393234491348
Rank:0 Epoch: [35/40], Step: [601/782], Loss: 0.04518143832683563
Rank:0 Epoch: [35/40], Step: [611/782], Loss: 0.013739878311753273
Rank:0 Epoch: [35/40], Step: [621/782], Loss: 0.05216749384999275
Rank:0 Epoch: [35/40], Step: [631/782], Loss: 0.03840978816151619
Rank:0 Epoch: [35/40], Step: [641/782], Loss: 0.0637890100479126
Rank:0 Epoch: [35/40], Step: [651/782], Loss: 0.045384977012872696
Rank:0 Epoch: [35/40], Step: [661/782], Loss: 0.04281231015920639
Rank:0 Epoch: [35/40], Step: [671/782], Loss: 0.04360339045524597
Rank:0 Epoch: [35/40], Step: [681/782], Loss: 0.1382421851158142
Rank:0 Epoch: [35/40], Step: [691/782], Loss: 0.075607530772686
Rank:0 Epoch: [35/40], Step: [701/782], Loss: 0.024150539189577103
Rank:0 Epoch: [35/40], Step: [711/782], Loss: 0.14263370633125305
Rank:0 Epoch: [35/40], Step: [721/782], Loss: 0.0474720261991024
Rank:0 Epoch: [35/40], Step: [731/782], Loss: 0.04842115193605423
Rank:0 Epoch: [35/40], Step: [741/782], Loss: 0.13553933799266815
Rank:0 Epoch: [35/40], Step: [751/782], Loss: 0.130878284573555
Rank:0 Epoch: [35/40], Step: [761/782], Loss: 0.023191073909401894
Rank:0 Epoch: [35/40], Step: [771/782], Loss: 0.12246155738830566
Rank:0 Epoch: [35/40], Step: [781/782], Loss: 0.04658021777868271
Current Test Acc: 0.934
Rank:0 Epoch: [36/40], Step: [1/782], Loss: 0.04240670055150986
Rank:0 Epoch: [36/40], Step: [11/782], Loss: 0.05378076806664467
Rank:0 Epoch: [36/40], Step: [21/782], Loss: 0.10436850786209106
Rank:0 Epoch: [36/40], Step: [31/782], Loss: 0.050526153296232224
Rank:0 Epoch: [36/40], Step: [41/782], Loss: 0.07305771857500076
Rank:0 Epoch: [36/40], Step: [51/782], Loss: 0.03216131404042244
Rank:0 Epoch: [36/40], Step: [61/782], Loss: 0.10907022655010223
Rank:0 Epoch: [36/40], Step: [71/782], Loss: 0.12903764843940735
Rank:0 Epoch: [36/40], Step: [81/782], Loss: 0.1085970550775528
Rank:0 Epoch: [36/40], Step: [91/782], Loss: 0.029992394149303436
Rank:0 Epoch: [36/40], Step: [101/782], Loss: 0.09443115442991257
Rank:0 Epoch: [36/40], Step: [111/782], Loss: 0.05675065144896507
Rank:0 Epoch: [36/40], Step: [121/782], Loss: 0.11554716527462006
Rank:0 Epoch: [36/40], Step: [131/782], Loss: 0.06040261685848236
Rank:0 Epoch: [36/40], Step: [141/782], Loss: 0.07684285938739777
Rank:0 Epoch: [36/40], Step: [151/782], Loss: 0.018525702878832817
Rank:0 Epoch: [36/40], Step: [161/782], Loss: 0.018849780783057213
Rank:0 Epoch: [36/40], Step: [171/782], Loss: 0.0680174008011818
Rank:0 Epoch: [36/40], Step: [181/782], Loss: 0.05975639075040817
Rank:0 Epoch: [36/40], Step: [191/782], Loss: 0.03472808003425598
Rank:0 Epoch: [36/40], Step: [201/782], Loss: 0.023839320987462997
Rank:0 Epoch: [36/40], Step: [211/782], Loss: 0.0683274194598198
Rank:0 Epoch: [36/40], Step: [221/782], Loss: 0.027853891253471375
Rank:0 Epoch: [36/40], Step: [231/782], Loss: 0.05303816497325897
Rank:0 Epoch: [36/40], Step: [241/782], Loss: 0.018209893256425858
Rank:0 Epoch: [36/40], Step: [251/782], Loss: 0.056956946849823
Rank:0 Epoch: [36/40], Step: [261/782], Loss: 0.056144315749406815
Rank:0 Epoch: [36/40], Step: [271/782], Loss: 0.037628620862960815
Rank:0 Epoch: [36/40], Step: [281/782], Loss: 0.05820129066705704
Rank:0 Epoch: [36/40], Step: [291/782], Loss: 0.07691442966461182
Rank:0 Epoch: [36/40], Step: [301/782], Loss: 0.06058921664953232
Rank:0 Epoch: [36/40], Step: [311/782], Loss: 0.036774300038814545
Rank:0 Epoch: [36/40], Step: [321/782], Loss: 0.04173978790640831
Rank:0 Epoch: [36/40], Step: [331/782], Loss: 0.08957893401384354
Rank:0 Epoch: [36/40], Step: [341/782], Loss: 0.03619536757469177
Rank:0 Epoch: [36/40], Step: [351/782], Loss: 0.04725523293018341
Rank:0 Epoch: [36/40], Step: [361/782], Loss: 0.026135873049497604
Rank:0 Epoch: [36/40], Step: [371/782], Loss: 0.018042758107185364
Rank:0 Epoch: [36/40], Step: [381/782], Loss: 0.01375448890030384
Rank:0 Epoch: [36/40], Step: [391/782], Loss: 0.03885100036859512
Rank:0 Epoch: [36/40], Step: [401/782], Loss: 0.05810737609863281
Rank:0 Epoch: [36/40], Step: [411/782], Loss: 0.04182203859090805
Rank:0 Epoch: [36/40], Step: [421/782], Loss: 0.05197096988558769
Rank:0 Epoch: [36/40], Step: [431/782], Loss: 0.09803309291601181
Rank:0 Epoch: [36/40], Step: [441/782], Loss: 0.032684434205293655
Rank:0 Epoch: [36/40], Step: [451/782], Loss: 0.04313265532255173
Rank:0 Epoch: [36/40], Step: [461/782], Loss: 0.010535852052271366
Rank:0 Epoch: [36/40], Step: [471/782], Loss: 0.012208634056150913
Rank:0 Epoch: [36/40], Step: [481/782], Loss: 0.012058628723025322
Rank:0 Epoch: [36/40], Step: [491/782], Loss: 0.04515213891863823
Rank:0 Epoch: [36/40], Step: [501/782], Loss: 0.0330531932413578
Rank:0 Epoch: [36/40], Step: [511/782], Loss: 0.13909481465816498
Rank:0 Epoch: [36/40], Step: [521/782], Loss: 0.017150400206446648
Rank:0 Epoch: [36/40], Step: [531/782], Loss: 0.050320688635110855
Rank:0 Epoch: [36/40], Step: [541/782], Loss: 0.04917639493942261
Rank:0 Epoch: [36/40], Step: [551/782], Loss: 0.09239305555820465
Rank:0 Epoch: [36/40], Step: [561/782], Loss: 0.06918968260288239
Rank:0 Epoch: [36/40], Step: [571/782], Loss: 0.09326289594173431
Rank:0 Epoch: [36/40], Step: [581/782], Loss: 0.039135538041591644
Rank:0 Epoch: [36/40], Step: [591/782], Loss: 0.09724251925945282
Rank:0 Epoch: [36/40], Step: [601/782], Loss: 0.024457886815071106
Rank:0 Epoch: [36/40], Step: [611/782], Loss: 0.031928449869155884
Rank:0 Epoch: [36/40], Step: [621/782], Loss: 0.09098349511623383
Rank:0 Epoch: [36/40], Step: [631/782], Loss: 0.015113569796085358
Rank:0 Epoch: [36/40], Step: [641/782], Loss: 0.03669067472219467
Rank:0 Epoch: [36/40], Step: [651/782], Loss: 0.05739632248878479
Rank:0 Epoch: [36/40], Step: [661/782], Loss: 0.08550897240638733
Rank:0 Epoch: [36/40], Step: [671/782], Loss: 0.08537276834249496
Rank:0 Epoch: [36/40], Step: [681/782], Loss: 0.02103908360004425
Rank:0 Epoch: [36/40], Step: [691/782], Loss: 0.05222378671169281
Rank:0 Epoch: [36/40], Step: [701/782], Loss: 0.034981869161129
Rank:0 Epoch: [36/40], Step: [711/782], Loss: 0.12228716909885406
Rank:0 Epoch: [36/40], Step: [721/782], Loss: 0.04770032316446304
Rank:0 Epoch: [36/40], Step: [731/782], Loss: 0.0160125233232975
Rank:0 Epoch: [36/40], Step: [741/782], Loss: 0.07959798723459244
Rank:0 Epoch: [36/40], Step: [751/782], Loss: 0.1798163652420044
Rank:0 Epoch: [36/40], Step: [761/782], Loss: 0.017763029783964157
Rank:0 Epoch: [36/40], Step: [771/782], Loss: 0.048520322889089584
Rank:0 Epoch: [36/40], Step: [781/782], Loss: 0.02693435363471508
Current Test Acc: 0.9335
Rank:0 Epoch: [37/40], Step: [1/782], Loss: 0.018064619973301888
Rank:0 Epoch: [37/40], Step: [11/782], Loss: 0.060973066836595535
Rank:0 Epoch: [37/40], Step: [21/782], Loss: 0.0034793715458363295
Rank:0 Epoch: [37/40], Step: [31/782], Loss: 0.07633742690086365
Rank:0 Epoch: [37/40], Step: [41/782], Loss: 0.04661181569099426
Rank:0 Epoch: [37/40], Step: [51/782], Loss: 0.11657622456550598
Rank:0 Epoch: [37/40], Step: [61/782], Loss: 0.12549073994159698
Rank:0 Epoch: [37/40], Step: [71/782], Loss: 0.058804307132959366
Rank:0 Epoch: [37/40], Step: [81/782], Loss: 0.019136620685458183
Rank:0 Epoch: [37/40], Step: [91/782], Loss: 0.08370817452669144
Rank:0 Epoch: [37/40], Step: [101/782], Loss: 0.04960936680436134
Rank:0 Epoch: [37/40], Step: [111/782], Loss: 0.0437697172164917
Rank:0 Epoch: [37/40], Step: [121/782], Loss: 0.04670272022485733
Rank:0 Epoch: [37/40], Step: [131/782], Loss: 0.0148478914052248
Rank:0 Epoch: [37/40], Step: [141/782], Loss: 0.11261744052171707
Rank:0 Epoch: [37/40], Step: [151/782], Loss: 0.033412668853998184
Rank:0 Epoch: [37/40], Step: [161/782], Loss: 0.0702051892876625
Rank:0 Epoch: [37/40], Step: [171/782], Loss: 0.03784001246094704
Rank:0 Epoch: [37/40], Step: [181/782], Loss: 0.04526199400424957
Rank:0 Epoch: [37/40], Step: [191/782], Loss: 0.10490217804908752
Rank:0 Epoch: [37/40], Step: [201/782], Loss: 0.029104165732860565
Rank:0 Epoch: [37/40], Step: [211/782], Loss: 0.04502997547388077
Rank:0 Epoch: [37/40], Step: [221/782], Loss: 0.01508400309830904
Rank:0 Epoch: [37/40], Step: [231/782], Loss: 0.017244353890419006
Rank:0 Epoch: [37/40], Step: [241/782], Loss: 0.06688881665468216
Rank:0 Epoch: [37/40], Step: [251/782], Loss: 0.06196583807468414
Rank:0 Epoch: [37/40], Step: [261/782], Loss: 0.03640598803758621
Rank:0 Epoch: [37/40], Step: [271/782], Loss: 0.031038619577884674
Rank:0 Epoch: [37/40], Step: [281/782], Loss: 0.054880402982234955
Rank:0 Epoch: [37/40], Step: [291/782], Loss: 0.09898777306079865
Rank:0 Epoch: [37/40], Step: [301/782], Loss: 0.02537805400788784
Rank:0 Epoch: [37/40], Step: [311/782], Loss: 0.1332300752401352
Rank:0 Epoch: [37/40], Step: [321/782], Loss: 0.06958294659852982
Rank:0 Epoch: [37/40], Step: [331/782], Loss: 0.07142657041549683
Rank:0 Epoch: [37/40], Step: [341/782], Loss: 0.05580781400203705
Rank:0 Epoch: [37/40], Step: [351/782], Loss: 0.031873930245637894
Rank:0 Epoch: [37/40], Step: [361/782], Loss: 0.0290529765188694
Rank:0 Epoch: [37/40], Step: [371/782], Loss: 0.03688666224479675
Rank:0 Epoch: [37/40], Step: [381/782], Loss: 0.03493969142436981
Rank:0 Epoch: [37/40], Step: [391/782], Loss: 0.055333539843559265
Rank:0 Epoch: [37/40], Step: [401/782], Loss: 0.05711368843913078
Rank:0 Epoch: [37/40], Step: [411/782], Loss: 0.056493744254112244
Rank:0 Epoch: [37/40], Step: [421/782], Loss: 0.04197811707854271
Rank:0 Epoch: [37/40], Step: [431/782], Loss: 0.034083496779203415
Rank:0 Epoch: [37/40], Step: [441/782], Loss: 0.07126583158969879
Rank:0 Epoch: [37/40], Step: [451/782], Loss: 0.014648488722741604
Rank:0 Epoch: [37/40], Step: [461/782], Loss: 0.02452383004128933
Rank:0 Epoch: [37/40], Step: [471/782], Loss: 0.03421697020530701
Rank:0 Epoch: [37/40], Step: [481/782], Loss: 0.06796669214963913
Rank:0 Epoch: [37/40], Step: [491/782], Loss: 0.04197181016206741
Rank:0 Epoch: [37/40], Step: [501/782], Loss: 0.012333255261182785
Rank:0 Epoch: [37/40], Step: [511/782], Loss: 0.08193470537662506
Rank:0 Epoch: [37/40], Step: [521/782], Loss: 0.045414138585329056
Rank:0 Epoch: [37/40], Step: [531/782], Loss: 0.1661873161792755
Rank:0 Epoch: [37/40], Step: [541/782], Loss: 0.1135765090584755
Rank:0 Epoch: [37/40], Step: [551/782], Loss: 0.06902758032083511
Rank:0 Epoch: [37/40], Step: [561/782], Loss: 0.08708810061216354
Rank:0 Epoch: [37/40], Step: [571/782], Loss: 0.028666578233242035
Rank:0 Epoch: [37/40], Step: [581/782], Loss: 0.07556414604187012
Rank:0 Epoch: [37/40], Step: [591/782], Loss: 0.016024818643927574
Rank:0 Epoch: [37/40], Step: [601/782], Loss: 0.10660318285226822
Rank:0 Epoch: [37/40], Step: [611/782], Loss: 0.05401505529880524
Rank:0 Epoch: [37/40], Step: [621/782], Loss: 0.056493889540433884
Rank:0 Epoch: [37/40], Step: [631/782], Loss: 0.10390906035900116
Rank:0 Epoch: [37/40], Step: [641/782], Loss: 0.0083335991948843
Rank:0 Epoch: [37/40], Step: [651/782], Loss: 0.11035813391208649
Rank:0 Epoch: [37/40], Step: [661/782], Loss: 0.07990405708551407
Rank:0 Epoch: [37/40], Step: [671/782], Loss: 0.07555973529815674
Rank:0 Epoch: [37/40], Step: [681/782], Loss: 0.0523340217769146
Rank:0 Epoch: [37/40], Step: [691/782], Loss: 0.08395428955554962
Rank:0 Epoch: [37/40], Step: [701/782], Loss: 0.05741005763411522
Rank:0 Epoch: [37/40], Step: [711/782], Loss: 0.03728773444890976
Rank:0 Epoch: [37/40], Step: [721/782], Loss: 0.03639259189367294
Rank:0 Epoch: [37/40], Step: [731/782], Loss: 0.10208529233932495
Rank:0 Epoch: [37/40], Step: [741/782], Loss: 0.020369354635477066
Rank:0 Epoch: [37/40], Step: [751/782], Loss: 0.05952569469809532
Rank:0 Epoch: [37/40], Step: [761/782], Loss: 0.007991303689777851
Rank:0 Epoch: [37/40], Step: [771/782], Loss: 0.03406726196408272
Rank:0 Epoch: [37/40], Step: [781/782], Loss: 0.1274154931306839
Current Test Acc: 0.9331
Rank:0 Epoch: [38/40], Step: [1/782], Loss: 0.056350357830524445
Rank:0 Epoch: [38/40], Step: [11/782], Loss: 0.02742333896458149
Rank:0 Epoch: [38/40], Step: [21/782], Loss: 0.06097495183348656
Rank:0 Epoch: [38/40], Step: [31/782], Loss: 0.06301777064800262
Rank:0 Epoch: [38/40], Step: [41/782], Loss: 0.04547865688800812
Rank:0 Epoch: [38/40], Step: [51/782], Loss: 0.028328970074653625
Rank:0 Epoch: [38/40], Step: [61/782], Loss: 0.052775077521800995
Rank:0 Epoch: [38/40], Step: [71/782], Loss: 0.03625239431858063
Rank:0 Epoch: [38/40], Step: [81/782], Loss: 0.14925004541873932
Rank:0 Epoch: [38/40], Step: [91/782], Loss: 0.02820899337530136
Rank:0 Epoch: [38/40], Step: [101/782], Loss: 0.051860127598047256
Rank:0 Epoch: [38/40], Step: [111/782], Loss: 0.0914916917681694
Rank:0 Epoch: [38/40], Step: [121/782], Loss: 0.0656922459602356
Rank:0 Epoch: [38/40], Step: [131/782], Loss: 0.04602746665477753
Rank:0 Epoch: [38/40], Step: [141/782], Loss: 0.025856655091047287
Rank:0 Epoch: [38/40], Step: [151/782], Loss: 0.016498953104019165
Rank:0 Epoch: [38/40], Step: [161/782], Loss: 0.03343803435564041
Rank:0 Epoch: [38/40], Step: [171/782], Loss: 0.02434306964278221
Rank:0 Epoch: [38/40], Step: [181/782], Loss: 0.03782062232494354
Rank:0 Epoch: [38/40], Step: [191/782], Loss: 0.043571218848228455
Rank:0 Epoch: [38/40], Step: [201/782], Loss: 0.0669785737991333
Rank:0 Epoch: [38/40], Step: [211/782], Loss: 0.07406160235404968
Rank:0 Epoch: [38/40], Step: [221/782], Loss: 0.09209253638982773
Rank:0 Epoch: [38/40], Step: [231/782], Loss: 0.047307245433330536
Rank:0 Epoch: [38/40], Step: [241/782], Loss: 0.0518055222928524
Rank:0 Epoch: [38/40], Step: [251/782], Loss: 0.004679866135120392
Rank:0 Epoch: [38/40], Step: [261/782], Loss: 0.05041138455271721
Rank:0 Epoch: [38/40], Step: [271/782], Loss: 0.052560705691576004
Rank:0 Epoch: [38/40], Step: [281/782], Loss: 0.02782013639807701
Rank:0 Epoch: [38/40], Step: [291/782], Loss: 0.07397061586380005
Rank:0 Epoch: [38/40], Step: [301/782], Loss: 0.07672376930713654
Rank:0 Epoch: [38/40], Step: [311/782], Loss: 0.09171181917190552
Rank:0 Epoch: [38/40], Step: [321/782], Loss: 0.11002321541309357
Rank:0 Epoch: [38/40], Step: [331/782], Loss: 0.02293989434838295
Rank:0 Epoch: [38/40], Step: [341/782], Loss: 0.09993141144514084
Rank:0 Epoch: [38/40], Step: [351/782], Loss: 0.009295779280364513
Rank:0 Epoch: [38/40], Step: [361/782], Loss: 0.08333708345890045
Rank:0 Epoch: [38/40], Step: [371/782], Loss: 0.03021848201751709
Rank:0 Epoch: [38/40], Step: [381/782], Loss: 0.034597378224134445
Rank:0 Epoch: [38/40], Step: [391/782], Loss: 0.049011752009391785
Rank:0 Epoch: [38/40], Step: [401/782], Loss: 0.030894408002495766
Rank:0 Epoch: [38/40], Step: [411/782], Loss: 0.08023319393396378
Rank:0 Epoch: [38/40], Step: [421/782], Loss: 0.05837927386164665
Rank:0 Epoch: [38/40], Step: [431/782], Loss: 0.032562658190727234
Rank:0 Epoch: [38/40], Step: [441/782], Loss: 0.07425551116466522
Rank:0 Epoch: [38/40], Step: [451/782], Loss: 0.023448385298252106
Rank:0 Epoch: [38/40], Step: [461/782], Loss: 0.018062453716993332
Rank:0 Epoch: [38/40], Step: [471/782], Loss: 0.016194194555282593
Rank:0 Epoch: [38/40], Step: [481/782], Loss: 0.13195057213306427
Rank:0 Epoch: [38/40], Step: [491/782], Loss: 0.04532047361135483
Rank:0 Epoch: [38/40], Step: [501/782], Loss: 0.034665901213884354
Rank:0 Epoch: [38/40], Step: [511/782], Loss: 0.09486749768257141
Rank:0 Epoch: [38/40], Step: [521/782], Loss: 0.015881795436143875
Rank:0 Epoch: [38/40], Step: [531/782], Loss: 0.016246343031525612
Rank:0 Epoch: [38/40], Step: [541/782], Loss: 0.051456209272146225
Rank:0 Epoch: [38/40], Step: [551/782], Loss: 0.12797334790229797
Rank:0 Epoch: [38/40], Step: [561/782], Loss: 0.01899116300046444
Rank:0 Epoch: [38/40], Step: [571/782], Loss: 0.05433988943696022
Rank:0 Epoch: [38/40], Step: [581/782], Loss: 0.010413038544356823
Rank:0 Epoch: [38/40], Step: [591/782], Loss: 0.013351622968912125
Rank:0 Epoch: [38/40], Step: [601/782], Loss: 0.019657570868730545
Rank:0 Epoch: [38/40], Step: [611/782], Loss: 0.016877062618732452
Rank:0 Epoch: [38/40], Step: [621/782], Loss: 0.0824902355670929
Rank:0 Epoch: [38/40], Step: [631/782], Loss: 0.13052265346050262
Rank:0 Epoch: [38/40], Step: [641/782], Loss: 0.05655772611498833
Rank:0 Epoch: [38/40], Step: [651/782], Loss: 0.03264471888542175
Rank:0 Epoch: [38/40], Step: [661/782], Loss: 0.14093855023384094
Rank:0 Epoch: [38/40], Step: [671/782], Loss: 0.05045590549707413
Rank:0 Epoch: [38/40], Step: [681/782], Loss: 0.04425548017024994
Rank:0 Epoch: [38/40], Step: [691/782], Loss: 0.03575768321752548
Rank:0 Epoch: [38/40], Step: [701/782], Loss: 0.06938891857862473
Rank:0 Epoch: [38/40], Step: [711/782], Loss: 0.010962719097733498
Rank:0 Epoch: [38/40], Step: [721/782], Loss: 0.05003025755286217
Rank:0 Epoch: [38/40], Step: [731/782], Loss: 0.05983320251107216
Rank:0 Epoch: [38/40], Step: [741/782], Loss: 0.009045516140758991
Rank:0 Epoch: [38/40], Step: [751/782], Loss: 0.04038193076848984
Rank:0 Epoch: [38/40], Step: [761/782], Loss: 0.022469770163297653
Rank:0 Epoch: [38/40], Step: [771/782], Loss: 0.047967150807380676
Rank:0 Epoch: [38/40], Step: [781/782], Loss: 0.06095964461565018
Current Test Acc: 0.9335
Rank:0 Epoch: [39/40], Step: [1/782], Loss: 0.023241356015205383
Rank:0 Epoch: [39/40], Step: [11/782], Loss: 0.01201281975954771
Rank:0 Epoch: [39/40], Step: [21/782], Loss: 0.031893230974674225
Rank:0 Epoch: [39/40], Step: [31/782], Loss: 0.011034602299332619
Rank:0 Epoch: [39/40], Step: [41/782], Loss: 0.04951794072985649
Rank:0 Epoch: [39/40], Step: [51/782], Loss: 0.030981790274381638
Rank:0 Epoch: [39/40], Step: [61/782], Loss: 0.08393353223800659
Rank:0 Epoch: [39/40], Step: [71/782], Loss: 0.028267376124858856
Rank:0 Epoch: [39/40], Step: [81/782], Loss: 0.08932477980852127
Rank:0 Epoch: [39/40], Step: [91/782], Loss: 0.042952995747327805
Rank:0 Epoch: [39/40], Step: [101/782], Loss: 0.03608357533812523
Rank:0 Epoch: [39/40], Step: [111/782], Loss: 0.05034672096371651
Rank:0 Epoch: [39/40], Step: [121/782], Loss: 0.011556056328117847
Rank:0 Epoch: [39/40], Step: [131/782], Loss: 0.09550271928310394
Rank:0 Epoch: [39/40], Step: [141/782], Loss: 0.08662891387939453
Rank:0 Epoch: [39/40], Step: [151/782], Loss: 0.041462283581495285
Rank:0 Epoch: [39/40], Step: [161/782], Loss: 0.1074289008975029
Rank:0 Epoch: [39/40], Step: [171/782], Loss: 0.0638650581240654
Rank:0 Epoch: [39/40], Step: [181/782], Loss: 0.023888498544692993
Rank:0 Epoch: [39/40], Step: [191/782], Loss: 0.044222474098205566
Rank:0 Epoch: [39/40], Step: [201/782], Loss: 0.062195636332035065
Rank:0 Epoch: [39/40], Step: [211/782], Loss: 0.02691240981221199
Rank:0 Epoch: [39/40], Step: [221/782], Loss: 0.06279858946800232
Rank:0 Epoch: [39/40], Step: [231/782], Loss: 0.03193176910281181
Rank:0 Epoch: [39/40], Step: [241/782], Loss: 0.02214355394244194
Rank:0 Epoch: [39/40], Step: [251/782], Loss: 0.03069193847477436
Rank:0 Epoch: [39/40], Step: [261/782], Loss: 0.12652921676635742
Rank:0 Epoch: [39/40], Step: [271/782], Loss: 0.03298048675060272
Rank:0 Epoch: [39/40], Step: [281/782], Loss: 0.027211610227823257
Rank:0 Epoch: [39/40], Step: [291/782], Loss: 0.04973747208714485
Rank:0 Epoch: [39/40], Step: [301/782], Loss: 0.0850546658039093
Rank:0 Epoch: [39/40], Step: [311/782], Loss: 0.05808468908071518
Rank:0 Epoch: [39/40], Step: [321/782], Loss: 0.11272402107715607
Rank:0 Epoch: [39/40], Step: [331/782], Loss: 0.07483593374490738
Rank:0 Epoch: [39/40], Step: [341/782], Loss: 0.022836482152342796
Rank:0 Epoch: [39/40], Step: [351/782], Loss: 0.02932286076247692
Rank:0 Epoch: [39/40], Step: [361/782], Loss: 0.02010837383568287
Rank:0 Epoch: [39/40], Step: [371/782], Loss: 0.04165244847536087
Rank:0 Epoch: [39/40], Step: [381/782], Loss: 0.11599313467741013
Rank:0 Epoch: [39/40], Step: [391/782], Loss: 0.1511988639831543
Rank:0 Epoch: [39/40], Step: [401/782], Loss: 0.07727103680372238
Rank:0 Epoch: [39/40], Step: [411/782], Loss: 0.052517153322696686
Rank:0 Epoch: [39/40], Step: [421/782], Loss: 0.04066784679889679
Rank:0 Epoch: [39/40], Step: [431/782], Loss: 0.0218026265501976
Rank:0 Epoch: [39/40], Step: [441/782], Loss: 0.1521620899438858
Rank:0 Epoch: [39/40], Step: [451/782], Loss: 0.05959738418459892
Rank:0 Epoch: [39/40], Step: [461/782], Loss: 0.04151877760887146
Rank:0 Epoch: [39/40], Step: [471/782], Loss: 0.06540250033140182
Rank:0 Epoch: [39/40], Step: [481/782], Loss: 0.11760921031236649
Rank:0 Epoch: [39/40], Step: [491/782], Loss: 0.11247510462999344
Rank:0 Epoch: [39/40], Step: [501/782], Loss: 0.0542658194899559
Rank:0 Epoch: [39/40], Step: [511/782], Loss: 0.013890782371163368
Rank:0 Epoch: [39/40], Step: [521/782], Loss: 0.14608336985111237
Rank:0 Epoch: [39/40], Step: [531/782], Loss: 0.03298336640000343
Rank:0 Epoch: [39/40], Step: [541/782], Loss: 0.02681923657655716
Rank:0 Epoch: [39/40], Step: [551/782], Loss: 0.03132627531886101
Rank:0 Epoch: [39/40], Step: [561/782], Loss: 0.12457543611526489
Rank:0 Epoch: [39/40], Step: [571/782], Loss: 0.06679710000753403
Rank:0 Epoch: [39/40], Step: [581/782], Loss: 0.0210408978164196
Rank:0 Epoch: [39/40], Step: [591/782], Loss: 0.040229540318250656
Rank:0 Epoch: [39/40], Step: [601/782], Loss: 0.024252837523818016
Rank:0 Epoch: [39/40], Step: [611/782], Loss: 0.05810360983014107
Rank:0 Epoch: [39/40], Step: [621/782], Loss: 0.026953203603625298
Rank:0 Epoch: [39/40], Step: [631/782], Loss: 0.09099958091974258
Rank:0 Epoch: [39/40], Step: [641/782], Loss: 0.013873718678951263
Rank:0 Epoch: [39/40], Step: [651/782], Loss: 0.05987323075532913
Rank:0 Epoch: [39/40], Step: [661/782], Loss: 0.13769091665744781
Rank:0 Epoch: [39/40], Step: [671/782], Loss: 0.12141416221857071
Rank:0 Epoch: [39/40], Step: [681/782], Loss: 0.07340700179338455
Rank:0 Epoch: [39/40], Step: [691/782], Loss: 0.07961004972457886
Rank:0 Epoch: [39/40], Step: [701/782], Loss: 0.0324593186378479
Rank:0 Epoch: [39/40], Step: [711/782], Loss: 0.054416101425886154
Rank:0 Epoch: [39/40], Step: [721/782], Loss: 0.0727904886007309
Rank:0 Epoch: [39/40], Step: [731/782], Loss: 0.02472773939371109
Rank:0 Epoch: [39/40], Step: [741/782], Loss: 0.030895410105586052
Rank:0 Epoch: [39/40], Step: [751/782], Loss: 0.04869914427399635
Rank:0 Epoch: [39/40], Step: [761/782], Loss: 0.04986806586384773
Rank:0 Epoch: [39/40], Step: [771/782], Loss: 0.0381503626704216
Rank:0 Epoch: [39/40], Step: [781/782], Loss: 0.016836058348417282
Current Test Acc: 0.9331
Rank:0 Epoch: [40/40], Step: [1/782], Loss: 0.032021936029195786
Rank:0 Epoch: [40/40], Step: [11/782], Loss: 0.042850784957408905
Rank:0 Epoch: [40/40], Step: [21/782], Loss: 0.05927974730730057
Rank:0 Epoch: [40/40], Step: [31/782], Loss: 0.03767626732587814
Rank:0 Epoch: [40/40], Step: [41/782], Loss: 0.0801655575633049
Rank:0 Epoch: [40/40], Step: [51/782], Loss: 0.019670413807034492
Rank:0 Epoch: [40/40], Step: [61/782], Loss: 0.05787692219018936
Rank:0 Epoch: [40/40], Step: [71/782], Loss: 0.016096940264105797
Rank:0 Epoch: [40/40], Step: [81/782], Loss: 0.059641145169734955
Rank:0 Epoch: [40/40], Step: [91/782], Loss: 0.12481385469436646
Rank:0 Epoch: [40/40], Step: [101/782], Loss: 0.04416614770889282
Rank:0 Epoch: [40/40], Step: [111/782], Loss: 0.0903247594833374
Rank:0 Epoch: [40/40], Step: [121/782], Loss: 0.05136694014072418
Rank:0 Epoch: [40/40], Step: [131/782], Loss: 0.06828378885984421
Rank:0 Epoch: [40/40], Step: [141/782], Loss: 0.04288003221154213
Rank:0 Epoch: [40/40], Step: [151/782], Loss: 0.07737067341804504
Rank:0 Epoch: [40/40], Step: [161/782], Loss: 0.02948431856930256
Rank:0 Epoch: [40/40], Step: [171/782], Loss: 0.06692901998758316
Rank:0 Epoch: [40/40], Step: [181/782], Loss: 0.014873532578349113
Rank:0 Epoch: [40/40], Step: [191/782], Loss: 0.046496614813804626
Rank:0 Epoch: [40/40], Step: [201/782], Loss: 0.0335545688867569
Rank:0 Epoch: [40/40], Step: [211/782], Loss: 0.012128466740250587
Rank:0 Epoch: [40/40], Step: [221/782], Loss: 0.042307477444410324
Rank:0 Epoch: [40/40], Step: [231/782], Loss: 0.044790223240852356
Rank:0 Epoch: [40/40], Step: [241/782], Loss: 0.05238047614693642
Rank:0 Epoch: [40/40], Step: [251/782], Loss: 0.03799688443541527
Rank:0 Epoch: [40/40], Step: [261/782], Loss: 0.019615182653069496
Rank:0 Epoch: [40/40], Step: [271/782], Loss: 0.06787809729576111
Rank:0 Epoch: [40/40], Step: [281/782], Loss: 0.09883639961481094
Rank:0 Epoch: [40/40], Step: [291/782], Loss: 0.02966502122581005
Rank:0 Epoch: [40/40], Step: [301/782], Loss: 0.030882909893989563
Rank:0 Epoch: [40/40], Step: [311/782], Loss: 0.08427240699529648
Rank:0 Epoch: [40/40], Step: [321/782], Loss: 0.0914248451590538
Rank:0 Epoch: [40/40], Step: [331/782], Loss: 0.01607615128159523
Rank:0 Epoch: [40/40], Step: [341/782], Loss: 0.03797370567917824
Rank:0 Epoch: [40/40], Step: [351/782], Loss: 0.04331665486097336
Rank:0 Epoch: [40/40], Step: [361/782], Loss: 0.054267000406980515
Rank:0 Epoch: [40/40], Step: [371/782], Loss: 0.022179318591952324
Rank:0 Epoch: [40/40], Step: [381/782], Loss: 0.07084789872169495
Rank:0 Epoch: [40/40], Step: [391/782], Loss: 0.0605328194797039
Rank:0 Epoch: [40/40], Step: [401/782], Loss: 0.033118411898612976
Rank:0 Epoch: [40/40], Step: [411/782], Loss: 0.05920347198843956
Rank:0 Epoch: [40/40], Step: [421/782], Loss: 0.06901337951421738
Rank:0 Epoch: [40/40], Step: [431/782], Loss: 0.07383808493614197
Rank:0 Epoch: [40/40], Step: [441/782], Loss: 0.03616101294755936
Rank:0 Epoch: [40/40], Step: [451/782], Loss: 0.08863464742898941
Rank:0 Epoch: [40/40], Step: [461/782], Loss: 0.1044478565454483
Rank:0 Epoch: [40/40], Step: [471/782], Loss: 0.13064894080162048
Rank:0 Epoch: [40/40], Step: [481/782], Loss: 0.020166365429759026
Rank:0 Epoch: [40/40], Step: [491/782], Loss: 0.09947986900806427
Rank:0 Epoch: [40/40], Step: [501/782], Loss: 0.07726133614778519
Rank:0 Epoch: [40/40], Step: [511/782], Loss: 0.04917372763156891
Rank:0 Epoch: [40/40], Step: [521/782], Loss: 0.0397220104932785
Rank:0 Epoch: [40/40], Step: [531/782], Loss: 0.055821578949689865
Rank:0 Epoch: [40/40], Step: [541/782], Loss: 0.03854501247406006
Rank:0 Epoch: [40/40], Step: [551/782], Loss: 0.0626705214381218
Rank:0 Epoch: [40/40], Step: [561/782], Loss: 0.02258611097931862
Rank:0 Epoch: [40/40], Step: [571/782], Loss: 0.029632482677698135
Rank:0 Epoch: [40/40], Step: [581/782], Loss: 0.0728292316198349
Rank:0 Epoch: [40/40], Step: [591/782], Loss: 0.0905931293964386
Rank:0 Epoch: [40/40], Step: [601/782], Loss: 0.06376048922538757
Rank:0 Epoch: [40/40], Step: [611/782], Loss: 0.09082495421171188
Rank:0 Epoch: [40/40], Step: [621/782], Loss: 0.06283271312713623
Rank:0 Epoch: [40/40], Step: [631/782], Loss: 0.04864189028739929
Rank:0 Epoch: [40/40], Step: [641/782], Loss: 0.06855428963899612
Rank:0 Epoch: [40/40], Step: [651/782], Loss: 0.0204201340675354
Rank:0 Epoch: [40/40], Step: [661/782], Loss: 0.03852047398686409
Rank:0 Epoch: [40/40], Step: [671/782], Loss: 0.04594121873378754
Rank:0 Epoch: [40/40], Step: [681/782], Loss: 0.013696138747036457
Rank:0 Epoch: [40/40], Step: [691/782], Loss: 0.03229733929038048
Rank:0 Epoch: [40/40], Step: [701/782], Loss: 0.07526224106550217
Rank:0 Epoch: [40/40], Step: [711/782], Loss: 0.027053814381361008
Rank:0 Epoch: [40/40], Step: [721/782], Loss: 0.04921802133321762
Rank:0 Epoch: [40/40], Step: [731/782], Loss: 0.02095005288720131
Rank:0 Epoch: [40/40], Step: [741/782], Loss: 0.04685888811945915
Rank:0 Epoch: [40/40], Step: [751/782], Loss: 0.030964525416493416
Rank:0 Epoch: [40/40], Step: [761/782], Loss: 0.05389582738280296
Rank:0 Epoch: [40/40], Step: [771/782], Loss: 0.045532699674367905
Rank:0 Epoch: [40/40], Step: [781/782], Loss: 0.015203221701085567
Current Test Acc: 0.9322
Local best accuracy so far 0.9348
Best accuracy so far 0.9348
completed!
