============================================================
Finetune Configuration:
============================================================
  time        : 2026-08-30 15:03:48
  type        : vgg
  arch        : vgg16
  prune-ratio : 0.4
  seed        : 2026
  beta        : 0.1
  gamma       : 1.0
============================================================
Best accuracy so far 0.7265
============================================================
Finetune Configuration:
============================================================
  time        : 2026-08-30 15:29:25
  type        : vgg
  arch        : vgg16
  prune-ratio : 0.5
  seed        : 2026
  beta        : 0.1
  gamma       : 1.0
============================================================
Best accuracy so far 0.1
============================================================
Finetune Configuration:
============================================================
  time        : 2026-08-30 15:55:43
  type        : vgg
  arch        : vgg16
  prune-ratio : 0.6
  seed        : 2026
  beta        : 0.1
  gamma       : 1.0
============================================================
Best accuracy so far 0.692
============================================================
Finetune Configuration:
============================================================
  time        : 2026-08-30 16:21:24
  type        : vgg
  arch        : vgg16
  prune-ratio : 0.7
  seed        : 2026
  beta        : 0.1
  gamma       : 1.0
============================================================
Best accuracy so far 0.6582
============================================================
Finetune Configuration:
============================================================
  time        : 2026-08-30 16:47:39
  type        : basicblock
  arch        : resnet20
  prune-ratio : 0.35
  seed        : 2026
  beta        : 0.1
  gamma       : 1.0
============================================================
Best accuracy so far 0.8908
============================================================
Finetune Configuration:
============================================================
  time        : 2026-08-30 17:15:16
  type        : basicblock
  arch        : resnet56
  prune-ratio : 0.35
  seed        : 2026
  beta        : 0.1
  gamma       : 1.0
============================================================
Best accuracy so far 0.9201
============================================================
Finetune Configuration:
============================================================
  time        : 2026-08-30 17:47:38
  type        : basicblock
  arch        : resnet20
  prune-ratio : 0.4
  seed        : 2026
  beta        : 0.1
  gamma       : 1.0
============================================================
Best accuracy so far 0.8777
============================================================
Finetune Configuration:
============================================================
  time        : 2026-08-30 18:16:16
  type        : basicblock
  arch        : resnet56
  prune-ratio : 0.4
  seed        : 2026
  beta        : 0.1
  gamma       : 1.0
============================================================
Best accuracy so far 0.9194
============================================================
Finetune Configuration:
============================================================
  time        : 2026-08-30 18:51:10
  type        : basicblock
  arch        : resnet20
  prune-ratio : 0.45
  seed        : 2026
  beta        : 0.1
  gamma       : 1.0
============================================================
Best accuracy so far 0.8702
============================================================
Finetune Configuration:
============================================================
  time        : 2026-08-30 19:19:25
  type        : basicblock
  arch        : resnet56
  prune-ratio : 0.45
  seed        : 2026
  beta        : 0.1
  gamma       : 1.0
============================================================
Best accuracy so far 0.9094
============================================================
Finetune Configuration:
============================================================
  time        : 2026-08-30 19:52:02
  type        : basicblock
  arch        : resnet20
  prune-ratio : 0.5
  seed        : 2026
  beta        : 0.1
  gamma       : 1.0
============================================================
Best accuracy so far 0.8718
============================================================
Finetune Configuration:
============================================================
  time        : 2026-08-30 20:20:19
  type        : basicblock
  arch        : resnet56
  prune-ratio : 0.5
  seed        : 2026
  beta        : 0.1
  gamma       : 1.0
============================================================
Best accuracy so far 0.8991
============================================================
Finetune Configuration:
============================================================
  time        : 2026-08-30 20:52:39
  type        : vgg
  arch        : vgg16
  prune-ratio : 0.4
  seed        : 2026
  beta        : 0.5
  gamma       : 1.0
============================================================
Best accuracy so far 0.6759
============================================================
Finetune Configuration:
============================================================
  time        : 2026-08-30 21:18:40
  type        : vgg
  arch        : vgg16
  prune-ratio : 0.5
  seed        : 2026
  beta        : 0.5
  gamma       : 1.0
============================================================
Best accuracy so far 0.1
============================================================
Finetune Configuration:
============================================================
  time        : 2026-08-30 21:45:14
  type        : vgg
  arch        : vgg16
  prune-ratio : 0.6
  seed        : 2026
  beta        : 0.5
  gamma       : 1.0
============================================================
Best accuracy so far 0.6935
============================================================
Finetune Configuration:
============================================================
  time        : 2026-08-30 22:10:32
  type        : vgg
  arch        : vgg16
  prune-ratio : 0.7
  seed        : 2026
  beta        : 0.5
  gamma       : 1.0
============================================================
Best accuracy so far 0.6244
============================================================
Finetune Configuration:
============================================================
  time        : 2026-08-30 22:36:46
  type        : basicblock
  arch        : resnet20
  prune-ratio : 0.35
  seed        : 2026
  beta        : 0.5
  gamma       : 1.0
============================================================
Best accuracy so far 0.8887
============================================================
Finetune Configuration:
============================================================
  time        : 2026-08-30 23:04:54
  type        : basicblock
  arch        : resnet56
  prune-ratio : 0.35
  seed        : 2026
  beta        : 0.5
  gamma       : 1.0
============================================================
Best accuracy so far 0.9176
============================================================
Finetune Configuration:
============================================================
  time        : 2026-08-30 23:39:30
  type        : basicblock
  arch        : resnet20
  prune-ratio : 0.4
  seed        : 2026
  beta        : 0.5
  gamma       : 1.0
============================================================
Best accuracy so far 0.8778
============================================================
Finetune Configuration:
============================================================
  time        : 2026-08-31 00:06:40
  type        : basicblock
  arch        : resnet56
  prune-ratio : 0.4
  seed        : 2026
  beta        : 0.5
  gamma       : 1.0
============================================================
Best accuracy so far 0.9238
============================================================
Finetune Configuration:
============================================================
  time        : 2026-08-31 00:41:01
  type        : basicblock
  arch        : resnet20
  prune-ratio : 0.45
  seed        : 2026
  beta        : 0.5
  gamma       : 1.0
============================================================
Best accuracy so far 0.8718
============================================================
Finetune Configuration:
============================================================
  time        : 2026-08-31 01:08:57
  type        : basicblock
  arch        : resnet56
  prune-ratio : 0.45
  seed        : 2026
  beta        : 0.5
  gamma       : 1.0
============================================================
Best accuracy so far 0.9102
============================================================
Finetune Configuration:
============================================================
  time        : 2026-08-31 01:42:13
  type        : basicblock
  arch        : resnet20
  prune-ratio : 0.5
  seed        : 2026
  beta        : 0.5
  gamma       : 1.0
============================================================
Best accuracy so far 0.8626
============================================================
Finetune Configuration:
============================================================
  time        : 2026-08-31 02:09:39
  type        : basicblock
  arch        : resnet56
  prune-ratio : 0.5
  seed        : 2026
  beta        : 0.5
  gamma       : 1.0
============================================================
Best accuracy so far 0.8943
============================================================
Finetune Configuration:
============================================================
  time        : 2026-08-31 02:44:36
  type        : vgg
  arch        : vgg16
  prune-ratio : 0.4
  seed        : 2026
  beta        : 1.0
  gamma       : 1.0
============================================================
Best accuracy so far 0.6993
============================================================
Finetune Configuration:
============================================================
  time        : 2026-08-31 03:09:56
  type        : vgg
  arch        : vgg16
  prune-ratio : 0.5
  seed        : 2026
  beta        : 1.0
  gamma       : 1.0
============================================================
Best accuracy so far 0.1
============================================================
Finetune Configuration:
============================================================
  time        : 2026-08-31 03:35:35
  type        : vgg
  arch        : vgg16
  prune-ratio : 0.6
  seed        : 2026
  beta        : 1.0
  gamma       : 1.0
============================================================
Best accuracy so far 0.7383
============================================================
Finetune Configuration:
============================================================
  time        : 2026-08-31 04:00:33
  type        : vgg
  arch        : vgg16
  prune-ratio : 0.7
  seed        : 2026
  beta        : 1.0
  gamma       : 1.0
============================================================
Best accuracy so far 0.6265
============================================================
Finetune Configuration:
============================================================
  time        : 2026-08-31 04:26:27
  type        : basicblock
  arch        : resnet20
  prune-ratio : 0.35
  seed        : 2026
  beta        : 1.0
  gamma       : 1.0
============================================================
Best accuracy so far 0.8927
============================================================
Finetune Configuration:
============================================================
  time        : 2026-08-31 04:53:57
  type        : basicblock
  arch        : resnet56
  prune-ratio : 0.35
  seed        : 2026
  beta        : 1.0
  gamma       : 1.0
============================================================
Best accuracy so far 0.9196
============================================================
Finetune Configuration:
============================================================
  time        : 2026-08-31 05:27:22
  type        : basicblock
  arch        : resnet20
  prune-ratio : 0.4
  seed        : 2026
  beta        : 1.0
  gamma       : 1.0
============================================================
Best accuracy so far 0.8787
============================================================
Finetune Configuration:
============================================================
  time        : 2026-08-31 06:02:31
  type        : basicblock
  arch        : resnet56
  prune-ratio : 0.4
  seed        : 2026
  beta        : 1.0
  gamma       : 1.0
============================================================
Best accuracy so far 0.9172
============================================================
Finetune Configuration:
============================================================
  time        : 2026-08-31 06:38:03
  type        : basicblock
  arch        : resnet20
  prune-ratio : 0.45
  seed        : 2026
  beta        : 1.0
  gamma       : 1.0
============================================================
Best accuracy so far 0.8726
============================================================
Finetune Configuration:
============================================================
  time        : 2026-08-31 07:06:27
  type        : basicblock
  arch        : resnet56
  prune-ratio : 0.45
  seed        : 2026
  beta        : 1.0
  gamma       : 1.0
============================================================
Best accuracy so far 0.9156
============================================================
Finetune Configuration:
============================================================
  time        : 2026-08-31 07:38:53
  type        : basicblock
  arch        : resnet20
  prune-ratio : 0.5
  seed        : 2026
  beta        : 1.0
  gamma       : 1.0
============================================================
Best accuracy so far 0.869
============================================================
Finetune Configuration:
============================================================
  time        : 2026-08-31 08:05:38
  type        : basicblock
  arch        : resnet56
  prune-ratio : 0.5
  seed        : 2026
  beta        : 1.0
  gamma       : 1.0
============================================================
Best accuracy so far 0.897
============================================================
Finetune Configuration:
============================================================
  time        : 2026-08-31 08:38:16
  type        : vgg
  arch        : vgg16
  prune-ratio : 0.4
  seed        : 2026
  beta        : 2.0
  gamma       : 1.0
============================================================
Best accuracy so far 0.6447
============================================================
Finetune Configuration:
============================================================
  time        : 2026-08-31 09:03:41
  type        : vgg
  arch        : vgg16
  prune-ratio : 0.5
  seed        : 2026
  beta        : 2.0
  gamma       : 1.0
============================================================
Best accuracy so far 0.1
============================================================
Finetune Configuration:
============================================================
  time        : 2026-08-31 09:29:54
  type        : vgg
  arch        : vgg16
  prune-ratio : 0.6
  seed        : 2026
  beta        : 2.0
  gamma       : 1.0
============================================================
Best accuracy so far 0.6879
============================================================
Finetune Configuration:
============================================================
  time        : 2026-08-31 09:55:52
  type        : vgg
  arch        : vgg16
  prune-ratio : 0.7
  seed        : 2026
  beta        : 2.0
  gamma       : 1.0
============================================================
Best accuracy so far 0.656
============================================================
Finetune Configuration:
============================================================
  time        : 2026-08-31 10:21:46
  type        : basicblock
  arch        : resnet20
  prune-ratio : 0.35
  seed        : 2026
  beta        : 2.0
  gamma       : 1.0
============================================================
Best accuracy so far 0.8974
============================================================
Finetune Configuration:
============================================================
  time        : 2026-08-31 10:50:23
  type        : basicblock
  arch        : resnet56
  prune-ratio : 0.35
  seed        : 2026
  beta        : 2.0
  gamma       : 1.0
============================================================
Best accuracy so far 0.9181
============================================================
Finetune Configuration:
============================================================
  time        : 2026-08-31 11:23:39
  type        : basicblock
  arch        : resnet20
  prune-ratio : 0.4
  seed        : 2026
  beta        : 2.0
  gamma       : 1.0
============================================================
Best accuracy so far 0.8787
============================================================
Finetune Configuration:
============================================================
  time        : 2026-08-31 11:51:15
  type        : basicblock
  arch        : resnet56
  prune-ratio : 0.4
  seed        : 2026
  beta        : 2.0
  gamma       : 1.0
============================================================
Best accuracy so far 0.918
============================================================
Finetune Configuration:
============================================================
  time        : 2026-08-31 12:26:52
  type        : basicblock
  arch        : resnet20
  prune-ratio : 0.45
  seed        : 2026
  beta        : 2.0
  gamma       : 1.0
============================================================
Best accuracy so far 0.8765
============================================================
Finetune Configuration:
============================================================
  time        : 2026-08-31 13:01:29
  type        : basicblock
  arch        : resnet56
  prune-ratio : 0.45
  seed        : 2026
  beta        : 2.0
  gamma       : 1.0
============================================================
Best accuracy so far 0.9191
============================================================
Finetune Configuration:
============================================================
  time        : 2026-08-31 13:35:02
  type        : basicblock
  arch        : resnet20
  prune-ratio : 0.5
  seed        : 2026
  beta        : 2.0
  gamma       : 1.0
============================================================
Best accuracy so far 0.8684
============================================================
Finetune Configuration:
============================================================
  time        : 2026-08-31 14:02:46
  type        : basicblock
  arch        : resnet56
  prune-ratio : 0.5
  seed        : 2026
  beta        : 2.0
  gamma       : 1.0
============================================================
Best accuracy so far 0.9153
============================================================
Finetune Configuration:
============================================================
  time        : 2026-08-31 14:35:40
  type        : vgg
  arch        : vgg16
  prune-ratio : 0.4
  seed        : 2026
  beta        : 5.0
  gamma       : 1.0
============================================================
Best accuracy so far 0.7092
============================================================
Finetune Configuration:
============================================================
  time        : 2026-08-31 15:19:54
  type        : vgg
  arch        : vgg16
  prune-ratio : 0.5
  seed        : 2026
  beta        : 5.0
  gamma       : 1.0
============================================================
Best accuracy so far 0.1
============================================================
Finetune Configuration:
============================================================
  time        : 2026-08-31 15:52:06
  type        : vgg
  arch        : vgg16
  prune-ratio : 0.6
  seed        : 2026
  beta        : 5.0
  gamma       : 1.0
============================================================
Best accuracy so far 0.1
============================================================
Finetune Configuration:
============================================================
  time        : 2026-08-31 16:18:33
  type        : vgg
  arch        : vgg16
  prune-ratio : 0.7
  seed        : 2026
  beta        : 5.0
  gamma       : 1.0
============================================================
Best accuracy so far 0.1
============================================================
Finetune Configuration:
============================================================
  time        : 2026-08-31 16:45:26
  type        : basicblock
  arch        : resnet20
  prune-ratio : 0.35
  seed        : 2026
  beta        : 5.0
  gamma       : 1.0
============================================================
Best accuracy so far 0.8767
============================================================
Finetune Configuration:
============================================================
  time        : 2026-08-31 17:14:14
  type        : basicblock
  arch        : resnet56
  prune-ratio : 0.35
  seed        : 2026
  beta        : 5.0
  gamma       : 1.0
============================================================
Best accuracy so far 0.9228
============================================================
Finetune Configuration:
============================================================
  time        : 2026-08-31 18:08:36
  type        : basicblock
  arch        : resnet20
  prune-ratio : 0.4
  seed        : 2026
  beta        : 5.0
  gamma       : 1.0
============================================================
Best accuracy so far 0.8795
============================================================
Finetune Configuration:
============================================================
  time        : 2026-08-31 18:36:51
  type        : basicblock
  arch        : resnet56
  prune-ratio : 0.4
  seed        : 2026
  beta        : 5.0
  gamma       : 1.0
============================================================
Best accuracy so far 0.9212
============================================================
Finetune Configuration:
============================================================
  time        : 2026-08-31 19:10:18
  type        : basicblock
  arch        : resnet20
  prune-ratio : 0.45
  seed        : 2026
  beta        : 5.0
  gamma       : 1.0
============================================================
Best accuracy so far 0.8811
============================================================
Finetune Configuration:
============================================================
  time        : 2026-08-31 19:38:20
  type        : basicblock
  arch        : resnet56
  prune-ratio : 0.45
  seed        : 2026
  beta        : 5.0
  gamma       : 1.0
============================================================
Best accuracy so far 0.9189
============================================================
Finetune Configuration:
============================================================
  time        : 2026-08-31 20:11:18
  type        : basicblock
  arch        : resnet20
  prune-ratio : 0.5
  seed        : 2026
  beta        : 5.0
  gamma       : 1.0
============================================================
Best accuracy so far 0.8688
============================================================
Finetune Configuration:
============================================================
  time        : 2026-08-31 20:39:51
  type        : basicblock
  arch        : resnet56
  prune-ratio : 0.5
  seed        : 2026
  beta        : 5.0
  gamma       : 1.0
============================================================
Best accuracy so far 0.9068
============================================================
Finetune Configuration:
============================================================
  time        : 2026-08-31 21:13:08
  type        : vgg
  arch        : vgg16
  prune-ratio : 0.4
  seed        : 2026
  beta        : 10.0
  gamma       : 1.0
============================================================
Best accuracy so far 0.6145
============================================================
Finetune Configuration:
============================================================
  time        : 2026-08-31 21:39:23
  type        : vgg
  arch        : vgg16
  prune-ratio : 0.5
  seed        : 2026
  beta        : 10.0
  gamma       : 1.0
============================================================
Best accuracy so far 0.1
============================================================
Finetune Configuration:
============================================================
  time        : 2026-08-31 22:06:19
  type        : vgg
  arch        : vgg16
  prune-ratio : 0.6
  seed        : 2026
  beta        : 10.0
  gamma       : 1.0
============================================================
Best accuracy so far 0.1
============================================================
Finetune Configuration:
============================================================
  time        : 2026-08-31 22:32:15
  type        : vgg
  arch        : vgg16
  prune-ratio : 0.7
  seed        : 2026
  beta        : 10.0
  gamma       : 1.0
============================================================
Best accuracy so far 0.5404
============================================================
Finetune Configuration:
============================================================
  time        : 2026-08-31 22:58:52
  type        : basicblock
  arch        : resnet20
  prune-ratio : 0.35
  seed        : 2026
  beta        : 10.0
  gamma       : 1.0
============================================================
Best accuracy so far 0.8865
============================================================
Finetune Configuration:
============================================================
  time        : 2026-08-31 23:27:45
  type        : basicblock
  arch        : resnet56
  prune-ratio : 0.35
  seed        : 2026
  beta        : 10.0
  gamma       : 1.0
============================================================
Best accuracy so far 0.9181
============================================================
Finetune Configuration:
============================================================
  time        : 2026-09-01 00:01:23
  type        : basicblock
  arch        : resnet20
  prune-ratio : 0.4
  seed        : 2026
  beta        : 10.0
  gamma       : 1.0
============================================================
Best accuracy so far 0.8773
============================================================
Finetune Configuration:
============================================================
  time        : 2026-09-01 00:29:26
  type        : basicblock
  arch        : resnet56
  prune-ratio : 0.4
  seed        : 2026
  beta        : 10.0
  gamma       : 1.0
============================================================
Best accuracy so far 0.9187
============================================================
Finetune Configuration:
============================================================
  time        : 2026-09-01 01:02:17
  type        : basicblock
  arch        : resnet20
  prune-ratio : 0.45
  seed        : 2026
  beta        : 10.0
  gamma       : 1.0
============================================================
Best accuracy so far 0.8725
============================================================
Finetune Configuration:
============================================================
  time        : 2026-09-01 01:30:08
  type        : basicblock
  arch        : resnet56
  prune-ratio : 0.45
  seed        : 2026
  beta        : 10.0
  gamma       : 1.0
============================================================
Best accuracy so far 0.9117
============================================================
Finetune Configuration:
============================================================
  time        : 2026-09-01 02:03:52
  type        : basicblock
  arch        : resnet20
  prune-ratio : 0.5
  seed        : 2026
  beta        : 10.0
  gamma       : 1.0
============================================================
Best accuracy so far 0.8681
============================================================
Finetune Configuration:
============================================================
  time        : 2026-09-01 02:32:47
  type        : basicblock
  arch        : resnet56
  prune-ratio : 0.5
  seed        : 2026
  beta        : 10.0
  gamma       : 1.0
============================================================
Best accuracy so far 0.9151
============================================================
Finetune Configuration:
============================================================
  time        : 2026-09-01 03:05:33
  type        : vgg
  arch        : vgg16
  prune-ratio : 0.4
  seed        : 2026
  beta        : 20.0
  gamma       : 1.0
============================================================
Best accuracy so far 0.1
============================================================
Finetune Configuration:
============================================================
  time        : 2026-09-01 03:32:25
  type        : vgg
  arch        : vgg16
  prune-ratio : 0.5
  seed        : 2026
  beta        : 20.0
  gamma       : 1.0
============================================================
Best accuracy so far 0.5936
============================================================
Finetune Configuration:
============================================================
  time        : 2026-09-01 03:59:26
  type        : vgg
  arch        : vgg16
  prune-ratio : 0.6
  seed        : 2026
  beta        : 20.0
  gamma       : 1.0
============================================================
Best accuracy so far 0.6131
============================================================
Finetune Configuration:
============================================================
  time        : 2026-09-01 04:26:25
  type        : vgg
  arch        : vgg16
  prune-ratio : 0.7
  seed        : 2026
  beta        : 20.0
  gamma       : 1.0
============================================================
Best accuracy so far 0.4032
============================================================
Finetune Configuration:
============================================================
  time        : 2026-09-01 04:53:04
  type        : basicblock
  arch        : resnet20
  prune-ratio : 0.35
  seed        : 2026
  beta        : 20.0
  gamma       : 1.0
============================================================
Best accuracy so far 0.8718
============================================================
Finetune Configuration:
============================================================
  time        : 2026-09-01 05:21:44
  type        : basicblock
  arch        : resnet56
  prune-ratio : 0.35
  seed        : 2026
  beta        : 20.0
  gamma       : 1.0
============================================================
Best accuracy so far 0.9199
============================================================
Finetune Configuration:
============================================================
  time        : 2026-09-01 05:54:44
  type        : basicblock
  arch        : resnet20
  prune-ratio : 0.4
  seed        : 2026
  beta        : 20.0
  gamma       : 1.0
============================================================
Best accuracy so far 0.8688
============================================================
Finetune Configuration:
============================================================
  time        : 2026-09-01 06:22:24
  type        : basicblock
  arch        : resnet56
  prune-ratio : 0.4
  seed        : 2026
  beta        : 20.0
  gamma       : 1.0
============================================================
Best accuracy so far 0.9151
============================================================
Finetune Configuration:
============================================================
  time        : 2026-09-01 06:55:10
  type        : basicblock
  arch        : resnet20
  prune-ratio : 0.45
  seed        : 2026
  beta        : 20.0
  gamma       : 1.0
============================================================
Best accuracy so far 0.8802
============================================================
Finetune Configuration:
============================================================
  time        : 2026-09-01 07:23:09
  type        : basicblock
  arch        : resnet56
  prune-ratio : 0.45
  seed        : 2026
  beta        : 20.0
  gamma       : 1.0
============================================================
Best accuracy so far 0.9174
============================================================
Finetune Configuration:
============================================================
  time        : 2026-09-01 07:56:18
  type        : basicblock
  arch        : resnet20
  prune-ratio : 0.5
  seed        : 2026
  beta        : 20.0
  gamma       : 1.0
============================================================
Best accuracy so far 0.8695
============================================================
Finetune Configuration:
============================================================
  time        : 2026-09-01 08:24:01
  type        : basicblock
  arch        : resnet56
  prune-ratio : 0.5
  seed        : 2026
  beta        : 20.0
  gamma       : 1.0
============================================================
Best accuracy so far 0.9171
============================================================
Finetune Configuration:
============================================================
  time        : 2026-09-01 08:56:49
  type        : vgg
  arch        : vgg16
  prune-ratio : 0.4
  seed        : 2026
  beta        : 50.0
  gamma       : 1.0
============================================================
Best accuracy so far 0.9195
============================================================
Finetune Configuration:
============================================================
  time        : 2026-09-01 09:23:16
  type        : vgg
  arch        : vgg16
  prune-ratio : 0.5
  seed        : 2026
  beta        : 50.0
  gamma       : 1.0
============================================================
Best accuracy so far 0.9171
============================================================
Finetune Configuration:
============================================================
  time        : 2026-09-01 09:49:39
  type        : vgg
  arch        : vgg16
  prune-ratio : 0.6
  seed        : 2026
  beta        : 50.0
  gamma       : 1.0
============================================================
Best accuracy so far 0.9166
============================================================
Finetune Configuration:
============================================================
  time        : 2026-09-01 10:16:42
  type        : vgg
  arch        : vgg16
  prune-ratio : 0.7
  seed        : 2026
  beta        : 50.0
  gamma       : 1.0
============================================================
Best accuracy so far 0.9135
============================================================
Finetune Configuration:
============================================================
  time        : 2026-09-01 10:43:48
  type        : basicblock
  arch        : resnet20
  prune-ratio : 0.35
  seed        : 2026
  beta        : 50.0
  gamma       : 1.0
============================================================
Best accuracy so far 0.9163
============================================================
Finetune Configuration:
============================================================
  time        : 2026-09-01 11:11:59
  type        : basicblock
  arch        : resnet56
  prune-ratio : 0.35
  seed        : 2026
  beta        : 50.0
  gamma       : 1.0
============================================================
Best accuracy so far 0.9225
============================================================
Finetune Configuration:
============================================================
  time        : 2026-09-01 11:48:12
  type        : basicblock
  arch        : resnet20
  prune-ratio : 0.4
  seed        : 2026
  beta        : 50.0
  gamma       : 1.0
============================================================
Best accuracy so far 0.914
============================================================
Finetune Configuration:
============================================================
  time        : 2026-09-01 12:26:39
  type        : basicblock
  arch        : resnet56
  prune-ratio : 0.4
  seed        : 2026
  beta        : 50.0
  gamma       : 1.0
============================================================
Best accuracy so far 0.922
============================================================
Finetune Configuration:
============================================================
  time        : 2026-09-01 13:34:19
  type        : basicblock
  arch        : resnet20
  prune-ratio : 0.45
  seed        : 2026
  beta        : 50.0
  gamma       : 1.0
============================================================
Best accuracy so far 0.9104
============================================================
Finetune Configuration:
============================================================
  time        : 2026-09-01 14:13:47
  type        : basicblock
  arch        : resnet56
  prune-ratio : 0.45
  seed        : 2026
  beta        : 50.0
  gamma       : 1.0
============================================================
Best accuracy so far 0.9148
============================================================
Finetune Configuration:
============================================================
  time        : 2026-09-01 15:00:47
  type        : basicblock
  arch        : resnet20
  prune-ratio : 0.5
  seed        : 2026
  beta        : 50.0
  gamma       : 1.0
============================================================
Best accuracy so far 0.9022
============================================================
Finetune Configuration:
============================================================
  time        : 2026-09-01 15:45:51
  type        : basicblock
  arch        : resnet56
  prune-ratio : 0.5
  seed        : 2026
  beta        : 50.0
  gamma       : 1.0
============================================================
Best accuracy so far 0.9169
============================================================
Finetune Configuration:
============================================================
  time        : 2026-09-01 16:24:14
  type        : vgg
  arch        : vgg16
  prune-ratio : 0.4
  seed        : 2027
  beta        : 0.1
  gamma       : 1.0
============================================================
Best accuracy so far 0.6718
============================================================
Finetune Configuration:
============================================================
  time        : 2026-09-01 16:50:57
  type        : vgg
  arch        : vgg16
  prune-ratio : 0.5
  seed        : 2027
  beta        : 0.1
  gamma       : 1.0
============================================================
Best accuracy so far 0.69
============================================================
Finetune Configuration:
============================================================
  time        : 2026-09-01 17:17:05
  type        : vgg
  arch        : vgg16
  prune-ratio : 0.6
  seed        : 2027
  beta        : 0.1
  gamma       : 1.0
============================================================
Best accuracy so far 0.1
============================================================
Finetune Configuration:
============================================================
  time        : 2026-09-01 17:42:55
  type        : vgg
  arch        : vgg16
  prune-ratio : 0.7
  seed        : 2027
  beta        : 0.1
  gamma       : 1.0
============================================================
Best accuracy so far 0.4937
============================================================
Finetune Configuration:
============================================================
  time        : 2026-09-01 18:09:35
  type        : basicblock
  arch        : resnet20
  prune-ratio : 0.35
  seed        : 2027
  beta        : 0.1
  gamma       : 1.0
============================================================
Best accuracy so far 0.8863
============================================================
Finetune Configuration:
============================================================
  time        : 2026-09-01 18:37:19
  type        : basicblock
  arch        : resnet56
  prune-ratio : 0.35
  seed        : 2027
  beta        : 0.1
  gamma       : 1.0
============================================================
Best accuracy so far 0.9203
============================================================
Finetune Configuration:
============================================================
  time        : 2026-09-01 19:11:22
  type        : basicblock
  arch        : resnet20
  prune-ratio : 0.4
  seed        : 2027
  beta        : 0.1
  gamma       : 1.0
============================================================
Best accuracy so far 0.8803
============================================================
Finetune Configuration:
============================================================
  time        : 2026-09-01 19:39:00
  type        : basicblock
  arch        : resnet56
  prune-ratio : 0.4
  seed        : 2027
  beta        : 0.1
  gamma       : 1.0
============================================================
Best accuracy so far 0.9177
============================================================
Finetune Configuration:
============================================================
  time        : 2026-09-01 20:11:45
  type        : basicblock
  arch        : resnet20
  prune-ratio : 0.45
  seed        : 2027
  beta        : 0.1
  gamma       : 1.0
============================================================
Best accuracy so far 0.8762
============================================================
Finetune Configuration:
============================================================
  time        : 2026-09-01 20:40:33
  type        : basicblock
  arch        : resnet56
  prune-ratio : 0.45
  seed        : 2027
  beta        : 0.1
  gamma       : 1.0
============================================================
Best accuracy so far 0.9145
============================================================
Finetune Configuration:
============================================================
  time        : 2026-09-01 21:15:04
  type        : basicblock
  arch        : resnet20
  prune-ratio : 0.5
  seed        : 2027
  beta        : 0.1
  gamma       : 1.0
============================================================
Best accuracy so far 0.8729
============================================================
Finetune Configuration:
============================================================
  time        : 2026-09-01 21:42:58
  type        : basicblock
  arch        : resnet56
  prune-ratio : 0.5
  seed        : 2027
  beta        : 0.1
  gamma       : 1.0
============================================================
Best accuracy so far 0.8973
============================================================
Finetune Configuration:
============================================================
  time        : 2026-09-01 22:15:24
  type        : vgg
  arch        : vgg16
  prune-ratio : 0.4
  seed        : 2027
  beta        : 0.5
  gamma       : 1.0
============================================================
Best accuracy so far 0.663
============================================================
Finetune Configuration:
============================================================
  time        : 2026-09-01 22:41:44
  type        : vgg
  arch        : vgg16
  prune-ratio : 0.5
  seed        : 2027
  beta        : 0.5
  gamma       : 1.0
============================================================
Best accuracy so far 0.6824
============================================================
Finetune Configuration:
============================================================
  time        : 2026-09-01 23:08:13
  type        : vgg
  arch        : vgg16
  prune-ratio : 0.6
  seed        : 2027
  beta        : 0.5
  gamma       : 1.0
============================================================
Best accuracy so far 0.1
============================================================
Finetune Configuration:
============================================================
  time        : 2026-09-01 23:34:23
  type        : vgg
  arch        : vgg16
  prune-ratio : 0.7
  seed        : 2027
  beta        : 0.5
  gamma       : 1.0
============================================================
Best accuracy so far 0.5018
============================================================
Finetune Configuration:
============================================================
  time        : 2026-09-02 00:00:38
  type        : basicblock
  arch        : resnet20
  prune-ratio : 0.35
  seed        : 2027
  beta        : 0.5
  gamma       : 1.0
============================================================
Best accuracy so far 0.8819
============================================================
Finetune Configuration:
============================================================
  time        : 2026-09-02 00:28:50
  type        : basicblock
  arch        : resnet56
  prune-ratio : 0.35
  seed        : 2027
  beta        : 0.5
  gamma       : 1.0
============================================================
Best accuracy so far 0.9227
============================================================
Finetune Configuration:
============================================================
  time        : 2026-09-02 01:01:32
  type        : basicblock
  arch        : resnet20
  prune-ratio : 0.4
  seed        : 2027
  beta        : 0.5
  gamma       : 1.0
============================================================
Best accuracy so far 0.88
============================================================
Finetune Configuration:
============================================================
  time        : 2026-09-02 01:30:09
  type        : basicblock
  arch        : resnet56
  prune-ratio : 0.4
  seed        : 2027
  beta        : 0.5
  gamma       : 1.0
============================================================
Best accuracy so far 0.9148
============================================================
Finetune Configuration:
============================================================
  time        : 2026-09-02 02:03:21
  type        : basicblock
  arch        : resnet20
  prune-ratio : 0.45
  seed        : 2027
  beta        : 0.5
  gamma       : 1.0
============================================================
Best accuracy so far 0.8817
============================================================
Finetune Configuration:
============================================================
  time        : 2026-09-02 02:31:46
  type        : basicblock
  arch        : resnet56
  prune-ratio : 0.45
  seed        : 2027
  beta        : 0.5
  gamma       : 1.0
============================================================
Best accuracy so far 0.9132
============================================================
Finetune Configuration:
============================================================
  time        : 2026-09-02 03:05:19
  type        : basicblock
  arch        : resnet20
  prune-ratio : 0.5
  seed        : 2027
  beta        : 0.5
  gamma       : 1.0
============================================================
Best accuracy so far 0.8656
============================================================
Finetune Configuration:
============================================================
  time        : 2026-09-02 03:33:48
  type        : basicblock
  arch        : resnet56
  prune-ratio : 0.5
  seed        : 2027
  beta        : 0.5
  gamma       : 1.0
============================================================
Best accuracy so far 0.9023
============================================================
Finetune Configuration:
============================================================
  time        : 2026-09-02 04:07:41
  type        : vgg
  arch        : vgg16
  prune-ratio : 0.4
  seed        : 2027
  beta        : 1.0
  gamma       : 1.0
============================================================
Best accuracy so far 0.66
============================================================
Finetune Configuration:
============================================================
  time        : 2026-09-02 04:33:56
  type        : vgg
  arch        : vgg16
  prune-ratio : 0.5
  seed        : 2027
  beta        : 1.0
  gamma       : 1.0
============================================================
Best accuracy so far 0.6812
============================================================
Finetune Configuration:
============================================================
  time        : 2026-09-02 05:00:09
  type        : vgg
  arch        : vgg16
  prune-ratio : 0.6
  seed        : 2027
  beta        : 1.0
  gamma       : 1.0
============================================================
Best accuracy so far 0.1
============================================================
Finetune Configuration:
============================================================
  time        : 2026-09-02 05:26:31
  type        : vgg
  arch        : vgg16
  prune-ratio : 0.7
  seed        : 2027
  beta        : 1.0
  gamma       : 1.0
============================================================
Best accuracy so far 0.5374
============================================================
Finetune Configuration:
============================================================
  time        : 2026-09-02 05:52:49
  type        : basicblock
  arch        : resnet20
  prune-ratio : 0.35
  seed        : 2027
  beta        : 1.0
  gamma       : 1.0
============================================================
Best accuracy so far 0.8843
============================================================
Finetune Configuration:
============================================================
  time        : 2026-09-02 06:21:10
  type        : basicblock
  arch        : resnet56
  prune-ratio : 0.35
  seed        : 2027
  beta        : 1.0
  gamma       : 1.0
============================================================
Best accuracy so far 0.9193
============================================================
Finetune Configuration:
============================================================
  time        : 2026-09-02 06:54:24
  type        : basicblock
  arch        : resnet20
  prune-ratio : 0.4
  seed        : 2027
  beta        : 1.0
  gamma       : 1.0
============================================================
Best accuracy so far 0.8821
============================================================
Finetune Configuration:
============================================================
  time        : 2026-09-02 07:22:35
  type        : basicblock
  arch        : resnet56
  prune-ratio : 0.4
  seed        : 2027
  beta        : 1.0
  gamma       : 1.0
============================================================
Best accuracy so far 0.9098
============================================================
Finetune Configuration:
============================================================
  time        : 2026-09-02 07:56:49
  type        : basicblock
  arch        : resnet20
  prune-ratio : 0.45
  seed        : 2027
  beta        : 1.0
  gamma       : 1.0
============================================================
Best accuracy so far 0.8736
============================================================
Finetune Configuration:
============================================================
  time        : 2026-09-02 08:25:06
  type        : basicblock
  arch        : resnet56
  prune-ratio : 0.45
  seed        : 2027
  beta        : 1.0
  gamma       : 1.0
============================================================
Best accuracy so far 0.9168
============================================================
Finetune Configuration:
============================================================
  time        : 2026-09-02 08:58:14
  type        : basicblock
  arch        : resnet20
  prune-ratio : 0.5
  seed        : 2027
  beta        : 1.0
  gamma       : 1.0
============================================================
Best accuracy so far 0.8739
============================================================
Finetune Configuration:
============================================================
  time        : 2026-09-02 09:25:20
  type        : basicblock
  arch        : resnet56
  prune-ratio : 0.5
  seed        : 2027
  beta        : 1.0
  gamma       : 1.0
============================================================
Best accuracy so far 0.8859
============================================================
Finetune Configuration:
============================================================
  time        : 2026-09-02 09:59:07
  type        : vgg
  arch        : vgg16
  prune-ratio : 0.4
  seed        : 2027
  beta        : 2.0
  gamma       : 1.0
============================================================
Best accuracy so far 0.6661
============================================================
Finetune Configuration:
============================================================
  time        : 2026-09-02 10:24:15
  type        : vgg
  arch        : vgg16
  prune-ratio : 0.5
  seed        : 2027
  beta        : 2.0
  gamma       : 1.0
============================================================
Best accuracy so far 0.1
============================================================
Finetune Configuration:
============================================================
  time        : 2026-09-02 10:49:16
  type        : vgg
  arch        : vgg16
  prune-ratio : 0.6
  seed        : 2027
  beta        : 2.0
  gamma       : 1.0
============================================================
Best accuracy so far 0.1
============================================================
Finetune Configuration:
============================================================
  time        : 2026-09-02 11:13:56
  type        : vgg
  arch        : vgg16
  prune-ratio : 0.7
  seed        : 2027
  beta        : 2.0
  gamma       : 1.0
============================================================
Best accuracy so far 0.6292
============================================================
Finetune Configuration:
============================================================
  time        : 2026-09-02 11:38:53
  type        : basicblock
  arch        : resnet20
  prune-ratio : 0.35
  seed        : 2027
  beta        : 2.0
  gamma       : 1.0
============================================================
Best accuracy so far 0.8835
============================================================
Finetune Configuration:
============================================================
  time        : 2026-09-02 12:07:43
  type        : basicblock
  arch        : resnet56
  prune-ratio : 0.35
  seed        : 2027
  beta        : 2.0
  gamma       : 1.0
============================================================
Best accuracy so far 0.9222
============================================================
Finetune Configuration:
============================================================
  time        : 2026-09-02 12:40:43
  type        : basicblock
  arch        : resnet20
  prune-ratio : 0.4
  seed        : 2027
  beta        : 2.0
  gamma       : 1.0
============================================================
Best accuracy so far 0.8819
============================================================
Finetune Configuration:
============================================================
  time        : 2026-09-02 13:09:06
  type        : basicblock
  arch        : resnet56
  prune-ratio : 0.4
  seed        : 2027
  beta        : 2.0
  gamma       : 1.0
============================================================
Best accuracy so far 0.9223
============================================================
Finetune Configuration:
============================================================
  time        : 2026-09-02 13:41:47
  type        : basicblock
  arch        : resnet20
  prune-ratio : 0.45
  seed        : 2027
  beta        : 2.0
  gamma       : 1.0
============================================================
Best accuracy so far 0.8766
============================================================
Finetune Configuration:
============================================================
  time        : 2026-09-02 14:10:04
  type        : basicblock
  arch        : resnet56
  prune-ratio : 0.45
  seed        : 2027
  beta        : 2.0
  gamma       : 1.0
============================================================
Best accuracy so far 0.9118
============================================================
Finetune Configuration:
============================================================
  time        : 2026-09-02 14:43:06
  type        : basicblock
  arch        : resnet20
  prune-ratio : 0.5
  seed        : 2027
  beta        : 2.0
  gamma       : 1.0
============================================================
Best accuracy so far 0.8685
============================================================
Finetune Configuration:
============================================================
  time        : 2026-09-02 15:11:22
  type        : basicblock
  arch        : resnet56
  prune-ratio : 0.5
  seed        : 2027
  beta        : 2.0
  gamma       : 1.0
============================================================
Best accuracy so far 0.9114
============================================================
Finetune Configuration:
============================================================
  time        : 2026-09-02 15:44:04
  type        : vgg
  arch        : vgg16
  prune-ratio : 0.4
  seed        : 2027
  beta        : 5.0
  gamma       : 1.0
============================================================
Best accuracy so far 0.701
============================================================
Finetune Configuration:
============================================================
  time        : 2026-09-02 16:10:07
  type        : vgg
  arch        : vgg16
  prune-ratio : 0.5
  seed        : 2027
  beta        : 5.0
  gamma       : 1.0
============================================================
Best accuracy so far 0.1
============================================================
Finetune Configuration:
============================================================
  time        : 2026-09-02 16:36:35
  type        : vgg
  arch        : vgg16
  prune-ratio : 0.6
  seed        : 2027
  beta        : 5.0
  gamma       : 1.0
============================================================
Best accuracy so far 0.1
============================================================
Finetune Configuration:
============================================================
  time        : 2026-09-02 17:02:57
  type        : vgg
  arch        : vgg16
  prune-ratio : 0.7
  seed        : 2027
  beta        : 5.0
  gamma       : 1.0
============================================================
Best accuracy so far 0.5773
============================================================
Finetune Configuration:
============================================================
  time        : 2026-09-02 17:28:04
  type        : basicblock
  arch        : resnet20
  prune-ratio : 0.35
  seed        : 2027
  beta        : 5.0
  gamma       : 1.0
============================================================
Best accuracy so far 0.8844
============================================================
Finetune Configuration:
============================================================
  time        : 2026-09-02 17:55:45
  type        : basicblock
  arch        : resnet56
  prune-ratio : 0.35
  seed        : 2027
  beta        : 5.0
  gamma       : 1.0
============================================================
Best accuracy so far 0.9192
============================================================
Finetune Configuration:
============================================================
  time        : 2026-09-02 18:29:55
  type        : basicblock
  arch        : resnet20
  prune-ratio : 0.4
  seed        : 2027
  beta        : 5.0
  gamma       : 1.0
============================================================
Best accuracy so far 0.8781
============================================================
Finetune Configuration:
============================================================
  time        : 2026-09-02 18:57:40
  type        : basicblock
  arch        : resnet56
  prune-ratio : 0.4
  seed        : 2027
  beta        : 5.0
  gamma       : 1.0
============================================================
Best accuracy so far 0.9172
============================================================
Finetune Configuration:
============================================================
  time        : 2026-09-02 19:30:58
  type        : basicblock
  arch        : resnet20
  prune-ratio : 0.45
  seed        : 2027
  beta        : 5.0
  gamma       : 1.0
============================================================
Best accuracy so far 0.8678
============================================================
Finetune Configuration:
============================================================
  time        : 2026-09-02 19:58:49
  type        : basicblock
  arch        : resnet56
  prune-ratio : 0.45
  seed        : 2027
  beta        : 5.0
  gamma       : 1.0
============================================================
Best accuracy so far 0.9136
============================================================
Finetune Configuration:
============================================================
  time        : 2026-09-02 20:31:12
  type        : basicblock
  arch        : resnet20
  prune-ratio : 0.5
  seed        : 2027
  beta        : 5.0
  gamma       : 1.0
============================================================
Best accuracy so far 0.8535
============================================================
Finetune Configuration:
============================================================
  time        : 2026-09-02 20:58:44
  type        : basicblock
  arch        : resnet56
  prune-ratio : 0.5
  seed        : 2027
  beta        : 5.0
  gamma       : 1.0
============================================================
Best accuracy so far 0.9166
============================================================
Finetune Configuration:
============================================================
  time        : 2026-09-02 21:31:27
  type        : vgg
  arch        : vgg16
  prune-ratio : 0.4
  seed        : 2027
  beta        : 10.0
  gamma       : 1.0
============================================================
Best accuracy so far 0.638
============================================================
Finetune Configuration:
============================================================
  time        : 2026-09-02 21:57:26
  type        : vgg
  arch        : vgg16
  prune-ratio : 0.5
  seed        : 2027
  beta        : 10.0
  gamma       : 1.0
============================================================
Best accuracy so far 0.1
============================================================
Finetune Configuration:
============================================================
  time        : 2026-09-02 22:22:55
  type        : vgg
  arch        : vgg16
  prune-ratio : 0.6
  seed        : 2027
  beta        : 10.0
  gamma       : 1.0
============================================================
Best accuracy so far 0.1
============================================================
Finetune Configuration:
============================================================
  time        : 2026-09-02 22:48:45
  type        : vgg
  arch        : vgg16
  prune-ratio : 0.7
  seed        : 2027
  beta        : 10.0
  gamma       : 1.0
============================================================
Best accuracy so far 0.555
============================================================
Finetune Configuration:
============================================================
  time        : 2026-09-02 23:14:23
  type        : basicblock
  arch        : resnet20
  prune-ratio : 0.35
  seed        : 2027
  beta        : 10.0
  gamma       : 1.0
============================================================
Best accuracy so far 0.8811
============================================================
Finetune Configuration:
============================================================
  time        : 2026-09-02 23:42:06
  type        : basicblock
  arch        : resnet56
  prune-ratio : 0.35
  seed        : 2027
  beta        : 10.0
  gamma       : 1.0
============================================================
Best accuracy so far 0.9178
============================================================
Finetune Configuration:
============================================================
  time        : 2026-09-03 00:15:11
  type        : basicblock
  arch        : resnet20
  prune-ratio : 0.4
  seed        : 2027
  beta        : 10.0
  gamma       : 1.0
============================================================
Best accuracy so far 0.8807
============================================================
Finetune Configuration:
============================================================
  time        : 2026-09-03 00:43:00
  type        : basicblock
  arch        : resnet56
  prune-ratio : 0.4
  seed        : 2027
  beta        : 10.0
  gamma       : 1.0
============================================================
Best accuracy so far 0.9203
============================================================
Finetune Configuration:
============================================================
  time        : 2026-09-03 01:16:03
  type        : basicblock
  arch        : resnet20
  prune-ratio : 0.45
  seed        : 2027
  beta        : 10.0
  gamma       : 1.0
============================================================
Best accuracy so far 0.877
============================================================
Finetune Configuration:
============================================================
  time        : 2026-09-03 01:43:49
  type        : basicblock
  arch        : resnet56
  prune-ratio : 0.45
  seed        : 2027
  beta        : 10.0
  gamma       : 1.0
============================================================
Best accuracy so far 0.9035
============================================================
Finetune Configuration:
============================================================
  time        : 2026-09-03 02:16:01
  type        : basicblock
  arch        : resnet20
  prune-ratio : 0.5
  seed        : 2027
  beta        : 10.0
  gamma       : 1.0
============================================================
Best accuracy so far 0.8678
============================================================
Finetune Configuration:
============================================================
  time        : 2026-09-03 02:44:04
  type        : basicblock
  arch        : resnet56
  prune-ratio : 0.5
  seed        : 2027
  beta        : 10.0
  gamma       : 1.0
============================================================
Best accuracy so far 0.9102
============================================================
Finetune Configuration:
============================================================
  time        : 2026-09-03 03:16:57
  type        : vgg
  arch        : vgg16
  prune-ratio : 0.4
  seed        : 2027
  beta        : 20.0
  gamma       : 1.0
============================================================
Best accuracy so far 0.755
============================================================
Finetune Configuration:
============================================================
  time        : 2026-09-03 03:43:06
  type        : vgg
  arch        : vgg16
  prune-ratio : 0.5
  seed        : 2027
  beta        : 20.0
  gamma       : 1.0
============================================================
Best accuracy so far 0.5372
============================================================
Finetune Configuration:
============================================================
  time        : 2026-09-03 04:08:36
  type        : vgg
  arch        : vgg16
  prune-ratio : 0.6
  seed        : 2027
  beta        : 20.0
  gamma       : 1.0
============================================================
Best accuracy so far 0.5069
============================================================
Finetune Configuration:
============================================================
  time        : 2026-09-03 04:34:26
  type        : vgg
  arch        : vgg16
  prune-ratio : 0.7
  seed        : 2027
  beta        : 20.0
  gamma       : 1.0
============================================================
Best accuracy so far 0.5964
============================================================
Finetune Configuration:
============================================================
  time        : 2026-09-03 05:00:12
  type        : basicblock
  arch        : resnet20
  prune-ratio : 0.35
  seed        : 2027
  beta        : 20.0
  gamma       : 1.0
============================================================
Best accuracy so far 0.8802
============================================================
Finetune Configuration:
============================================================
  time        : 2026-09-03 05:28:00
  type        : basicblock
  arch        : resnet56
  prune-ratio : 0.35
  seed        : 2027
  beta        : 20.0
  gamma       : 1.0
============================================================
Best accuracy so far 0.9175
============================================================
Finetune Configuration:
============================================================
  time        : 2026-09-03 06:01:31
  type        : basicblock
  arch        : resnet20
  prune-ratio : 0.4
  seed        : 2027
  beta        : 20.0
  gamma       : 1.0
============================================================
Best accuracy so far 0.8817
============================================================
Finetune Configuration:
============================================================
  time        : 2026-09-03 06:30:01
  type        : basicblock
  arch        : resnet56
  prune-ratio : 0.4
  seed        : 2027
  beta        : 20.0
  gamma       : 1.0
============================================================
Best accuracy so far 0.9129
============================================================
Finetune Configuration:
============================================================
  time        : 2026-09-03 07:02:53
  type        : basicblock
  arch        : resnet20
  prune-ratio : 0.45
  seed        : 2027
  beta        : 20.0
  gamma       : 1.0
============================================================
Best accuracy so far 0.8717
============================================================
Finetune Configuration:
============================================================
  time        : 2026-09-03 07:30:21
  type        : basicblock
  arch        : resnet56
  prune-ratio : 0.45
  seed        : 2027
  beta        : 20.0
  gamma       : 1.0
============================================================
Best accuracy so far 0.9184
============================================================
Finetune Configuration:
============================================================
  time        : 2026-09-03 08:03:25
  type        : basicblock
  arch        : resnet20
  prune-ratio : 0.5
  seed        : 2027
  beta        : 20.0
  gamma       : 1.0
============================================================
Best accuracy so far 0.8661
============================================================
Finetune Configuration:
============================================================
  time        : 2026-09-03 08:30:58
  type        : basicblock
  arch        : resnet56
  prune-ratio : 0.5
  seed        : 2027
  beta        : 20.0
  gamma       : 1.0
============================================================
Best accuracy so far 0.9093
============================================================
Finetune Configuration:
============================================================
  time        : 2026-09-03 09:03:17
  type        : vgg
  arch        : vgg16
  prune-ratio : 0.4
  seed        : 2027
  beta        : 50.0
  gamma       : 1.0
============================================================
Best accuracy so far 0.9214
============================================================
Finetune Configuration:
============================================================
  time        : 2026-09-03 09:28:57
  type        : vgg
  arch        : vgg16
  prune-ratio : 0.5
  seed        : 2027
  beta        : 50.0
  gamma       : 1.0
============================================================
Best accuracy so far 0.9177
============================================================
Finetune Configuration:
============================================================
  time        : 2026-09-03 09:54:45
  type        : vgg
  arch        : vgg16
  prune-ratio : 0.6
  seed        : 2027
  beta        : 50.0
  gamma       : 1.0
============================================================
Best accuracy so far 0.9182
============================================================
Finetune Configuration:
============================================================
  time        : 2026-09-03 10:20:16
  type        : vgg
  arch        : vgg16
  prune-ratio : 0.7
  seed        : 2027
  beta        : 50.0
  gamma       : 1.0
============================================================
Best accuracy so far 0.913
============================================================
Finetune Configuration:
============================================================
  time        : 2026-09-03 10:46:02
  type        : basicblock
  arch        : resnet20
  prune-ratio : 0.35
  seed        : 2027
  beta        : 50.0
  gamma       : 1.0
============================================================
Best accuracy so far 0.9139
============================================================
Finetune Configuration:
============================================================
  time        : 2026-09-03 11:14:16
  type        : basicblock
  arch        : resnet56
  prune-ratio : 0.35
  seed        : 2027
  beta        : 50.0
  gamma       : 1.0
============================================================
============================================================
Finetune Configuration:
============================================================
  time        : 2026-09-05 12:44:35
  type        : basicblock
  arch        : resnet20
  prune-ratio : 0.4
  seed        : 2027
  beta        : 50.0
  gamma       : 1.0
============================================================
Best accuracy so far 0.9115
============================================================
Finetune Configuration:
============================================================
  time        : 2026-09-05 13:20:49
  type        : basicblock
  arch        : resnet56
  prune-ratio : 0.4
  seed        : 2027
  beta        : 50.0
  gamma       : 1.0
============================================================
Best accuracy so far 0.9184
============================================================
Finetune Configuration:
============================================================
  time        : 2026-09-05 14:32:26
  type        : basicblock
  arch        : resnet20
  prune-ratio : 0.45
  seed        : 2027
  beta        : 50.0
  gamma       : 1.0
============================================================
Best accuracy so far 0.911
============================================================
Finetune Configuration:
============================================================
  time        : 2026-09-05 15:00:23
  type        : basicblock
  arch        : resnet56
  prune-ratio : 0.45
  seed        : 2027
  beta        : 50.0
  gamma       : 1.0
============================================================
Best accuracy so far 0.9129
============================================================
Finetune Configuration:
============================================================
  time        : 2026-09-05 16:22:17
  type        : basicblock
  arch        : resnet20
  prune-ratio : 0.5
  seed        : 2027
  beta        : 50.0
  gamma       : 1.0
============================================================
Best accuracy so far 0.9014
============================================================
Finetune Configuration:
============================================================
  time        : 2026-09-05 16:49:05
  type        : basicblock
  arch        : resnet56
  prune-ratio : 0.5
  seed        : 2027
  beta        : 50.0
  gamma       : 1.0
============================================================
Best accuracy so far 0.9152
============================================================
Finetune Configuration:
============================================================
  time        : 2026-09-05 17:22:32
  type        : vgg
  arch        : vgg16
  prune-ratio : 0.4
  seed        : 2028
  beta        : 0.1
  gamma       : 1.0
============================================================
Best accuracy so far 0.7181
============================================================
Finetune Configuration:
============================================================
  time        : 2026-09-05 17:48:12
  type        : vgg
  arch        : vgg16
  prune-ratio : 0.5
  seed        : 2028
  beta        : 0.1
  gamma       : 1.0
============================================================
Best accuracy so far 0.1
============================================================
Finetune Configuration:
============================================================
  time        : 2026-09-05 18:14:38
  type        : vgg
  arch        : vgg16
  prune-ratio : 0.6
  seed        : 2028
  beta        : 0.1
  gamma       : 1.0
============================================================
Best accuracy so far 0.7277
============================================================
Finetune Configuration:
============================================================
  time        : 2026-09-05 18:40:27
  type        : vgg
  arch        : vgg16
  prune-ratio : 0.7
  seed        : 2028
  beta        : 0.1
  gamma       : 1.0
============================================================
Best accuracy so far 0.6553
============================================================
Finetune Configuration:
============================================================
  time        : 2026-09-05 19:07:00
  type        : basicblock
  arch        : resnet20
  prune-ratio : 0.35
  seed        : 2028
  beta        : 0.1
  gamma       : 1.0
============================================================
Best accuracy so far 0.8819
============================================================
Finetune Configuration:
============================================================
  time        : 2026-09-05 19:35:08
  type        : basicblock
  arch        : resnet56
  prune-ratio : 0.35
  seed        : 2028
  beta        : 0.1
  gamma       : 1.0
============================================================
Best accuracy so far 0.9234
============================================================
Finetune Configuration:
============================================================
  time        : 2026-09-05 20:09:16
  type        : basicblock
  arch        : resnet20
  prune-ratio : 0.4
  seed        : 2028
  beta        : 0.1
  gamma       : 1.0
============================================================
Best accuracy so far 0.8822
============================================================
Finetune Configuration:
============================================================
  time        : 2026-09-05 20:38:03
  type        : basicblock
  arch        : resnet56
  prune-ratio : 0.4
  seed        : 2028
  beta        : 0.1
  gamma       : 1.0
============================================================
Best accuracy so far 0.92
============================================================
Finetune Configuration:
============================================================
  time        : 2026-09-05 21:11:19
  type        : basicblock
  arch        : resnet20
  prune-ratio : 0.45
  seed        : 2028
  beta        : 0.1
  gamma       : 1.0
============================================================
Best accuracy so far 0.8696
============================================================
Finetune Configuration:
============================================================
  time        : 2026-09-05 21:39:22
  type        : basicblock
  arch        : resnet56
  prune-ratio : 0.45
  seed        : 2028
  beta        : 0.1
  gamma       : 1.0
============================================================
Best accuracy so far 0.9144
============================================================
Finetune Configuration:
============================================================
  time        : 2026-09-05 22:13:19
  type        : basicblock
  arch        : resnet20
  prune-ratio : 0.5
  seed        : 2028
  beta        : 0.1
  gamma       : 1.0
============================================================
Best accuracy so far 0.8662
============================================================
Finetune Configuration:
============================================================
  time        : 2026-09-05 22:41:26
  type        : basicblock
  arch        : resnet56
  prune-ratio : 0.5
  seed        : 2028
  beta        : 0.1
  gamma       : 1.0
============================================================
Best accuracy so far 0.8959
============================================================
Finetune Configuration:
============================================================
  time        : 2026-09-05 23:14:08
  type        : vgg
  arch        : vgg16
  prune-ratio : 0.4
  seed        : 2028
  beta        : 0.5
  gamma       : 1.0
============================================================
Best accuracy so far 0.6413
============================================================
Finetune Configuration:
============================================================
  time        : 2026-09-05 23:39:38
  type        : vgg
  arch        : vgg16
  prune-ratio : 0.5
  seed        : 2028
  beta        : 0.5
  gamma       : 1.0
============================================================
Best accuracy so far 0.1
============================================================
Finetune Configuration:
============================================================
  time        : 2026-09-06 00:05:17
  type        : vgg
  arch        : vgg16
  prune-ratio : 0.6
  seed        : 2028
  beta        : 0.5
  gamma       : 1.0
============================================================
Best accuracy so far 0.7289
============================================================
Finetune Configuration:
============================================================
  time        : 2026-09-06 00:30:34
  type        : vgg
  arch        : vgg16
  prune-ratio : 0.7
  seed        : 2028
  beta        : 0.5
  gamma       : 1.0
============================================================
Best accuracy so far 0.6008
============================================================
Finetune Configuration:
============================================================
  time        : 2026-09-06 00:56:07
  type        : basicblock
  arch        : resnet20
  prune-ratio : 0.35
  seed        : 2028
  beta        : 0.5
  gamma       : 1.0
============================================================
Best accuracy so far 0.8841
============================================================
Finetune Configuration:
============================================================
  time        : 2026-09-06 01:23:41
  type        : basicblock
  arch        : resnet56
  prune-ratio : 0.35
  seed        : 2028
  beta        : 0.5
  gamma       : 1.0
============================================================
Best accuracy so far 0.9223
============================================================
Finetune Configuration:
============================================================
  time        : 2026-09-06 01:56:41
  type        : basicblock
  arch        : resnet20
  prune-ratio : 0.4
  seed        : 2028
  beta        : 0.5
  gamma       : 1.0
============================================================
Best accuracy so far 0.876
============================================================
Finetune Configuration:
============================================================
  time        : 2026-09-06 02:24:31
  type        : basicblock
  arch        : resnet56
  prune-ratio : 0.4
  seed        : 2028
  beta        : 0.5
  gamma       : 1.0
============================================================
Best accuracy so far 0.9203
============================================================
Finetune Configuration:
============================================================
  time        : 2026-09-06 02:58:31
  type        : basicblock
  arch        : resnet20
  prune-ratio : 0.45
  seed        : 2028
  beta        : 0.5
  gamma       : 1.0
============================================================
Best accuracy so far 0.875
============================================================
Finetune Configuration:
============================================================
  time        : 2026-09-06 03:26:29
  type        : basicblock
  arch        : resnet56
  prune-ratio : 0.45
  seed        : 2028
  beta        : 0.5
  gamma       : 1.0
============================================================
Best accuracy so far 0.9179
============================================================
Finetune Configuration:
============================================================
  time        : 2026-09-06 04:01:36
  type        : basicblock
  arch        : resnet20
  prune-ratio : 0.5
  seed        : 2028
  beta        : 0.5
  gamma       : 1.0
============================================================
Best accuracy so far 0.8735
============================================================
Finetune Configuration:
============================================================
  time        : 2026-09-06 04:29:36
  type        : basicblock
  arch        : resnet56
  prune-ratio : 0.5
  seed        : 2028
  beta        : 0.5
  gamma       : 1.0
============================================================
Best accuracy so far 0.9008
============================================================
Finetune Configuration:
============================================================
  time        : 2026-09-06 05:02:30
  type        : vgg
  arch        : vgg16
  prune-ratio : 0.4
  seed        : 2028
  beta        : 1.0
  gamma       : 1.0
============================================================
Best accuracy so far 0.6436
============================================================
Finetune Configuration:
============================================================
  time        : 2026-09-06 05:28:35
  type        : vgg
  arch        : vgg16
  prune-ratio : 0.5
  seed        : 2028
  beta        : 1.0
  gamma       : 1.0
============================================================
Best accuracy so far 0.6829
============================================================
Finetune Configuration:
============================================================
  time        : 2026-09-06 05:54:36
  type        : vgg
  arch        : vgg16
  prune-ratio : 0.6
  seed        : 2028
  beta        : 1.0
  gamma       : 1.0
============================================================
Best accuracy so far 0.7198
============================================================
Finetune Configuration:
============================================================
  time        : 2026-09-06 06:20:33
  type        : vgg
  arch        : vgg16
  prune-ratio : 0.7
  seed        : 2028
  beta        : 1.0
  gamma       : 1.0
============================================================
Best accuracy so far 0.6556
============================================================
Finetune Configuration:
============================================================
  time        : 2026-09-06 06:46:22
  type        : basicblock
  arch        : resnet20
  prune-ratio : 0.35
  seed        : 2028
  beta        : 1.0
  gamma       : 1.0
============================================================
Best accuracy so far 0.873
============================================================
Finetune Configuration:
============================================================
  time        : 2026-09-06 07:14:31
  type        : basicblock
  arch        : resnet56
  prune-ratio : 0.35
  seed        : 2028
  beta        : 1.0
  gamma       : 1.0
============================================================
Best accuracy so far 0.9221
============================================================
Finetune Configuration:
============================================================
  time        : 2026-09-06 07:47:24
  type        : basicblock
  arch        : resnet20
  prune-ratio : 0.4
  seed        : 2028
  beta        : 1.0
  gamma       : 1.0
============================================================
Best accuracy so far 0.8748
============================================================
Finetune Configuration:
============================================================
  time        : 2026-09-06 08:15:45
  type        : basicblock
  arch        : resnet56
  prune-ratio : 0.4
  seed        : 2028
  beta        : 1.0
  gamma       : 1.0
============================================================
Best accuracy so far 0.9202
============================================================
Finetune Configuration:
============================================================
  time        : 2026-09-06 08:48:47
  type        : basicblock
  arch        : resnet20
  prune-ratio : 0.45
  seed        : 2028
  beta        : 1.0
  gamma       : 1.0
============================================================
Best accuracy so far 0.8755
============================================================
Finetune Configuration:
============================================================
  time        : 2026-09-06 09:17:19
  type        : basicblock
  arch        : resnet56
  prune-ratio : 0.45
  seed        : 2028
  beta        : 1.0
  gamma       : 1.0
============================================================
Best accuracy so far 0.9102
============================================================
Finetune Configuration:
============================================================
  time        : 2026-09-06 09:52:00
  type        : basicblock
  arch        : resnet20
  prune-ratio : 0.5
  seed        : 2028
  beta        : 1.0
  gamma       : 1.0
============================================================
Best accuracy so far 0.8687
============================================================
Finetune Configuration:
============================================================
  time        : 2026-09-06 10:20:22
  type        : basicblock
  arch        : resnet56
  prune-ratio : 0.5
  seed        : 2028
  beta        : 1.0
  gamma       : 1.0
============================================================
Best accuracy so far 0.8988
============================================================
Finetune Configuration:
============================================================
  time        : 2026-09-06 10:54:09
  type        : vgg
  arch        : vgg16
  prune-ratio : 0.4
  seed        : 2028
  beta        : 2.0
  gamma       : 1.0
============================================================
Best accuracy so far 0.6345
============================================================
Finetune Configuration:
============================================================
  time        : 2026-09-06 11:19:31
  type        : vgg
  arch        : vgg16
  prune-ratio : 0.5
  seed        : 2028
  beta        : 2.0
  gamma       : 1.0
============================================================
Best accuracy so far 0.7467
============================================================
Finetune Configuration:
============================================================
  time        : 2026-09-06 11:45:06
  type        : vgg
  arch        : vgg16
  prune-ratio : 0.6
  seed        : 2028
  beta        : 2.0
  gamma       : 1.0
============================================================
Best accuracy so far 0.7228
============================================================
Finetune Configuration:
============================================================
  time        : 2026-09-06 12:10:37
  type        : vgg
  arch        : vgg16
  prune-ratio : 0.7
  seed        : 2028
  beta        : 2.0
  gamma       : 1.0
============================================================
Best accuracy so far 0.6131
============================================================
Finetune Configuration:
============================================================
  time        : 2026-09-06 12:36:16
  type        : basicblock
  arch        : resnet20
  prune-ratio : 0.35
  seed        : 2028
  beta        : 2.0
  gamma       : 1.0
============================================================
Best accuracy so far 0.8761
============================================================
Finetune Configuration:
============================================================
  time        : 2026-09-06 13:04:17
  type        : basicblock
  arch        : resnet56
  prune-ratio : 0.35
  seed        : 2028
  beta        : 2.0
  gamma       : 1.0
============================================================
Best accuracy so far 0.9221
============================================================
Finetune Configuration:
============================================================
  time        : 2026-09-06 13:38:26
  type        : basicblock
  arch        : resnet20
  prune-ratio : 0.4
  seed        : 2028
  beta        : 2.0
  gamma       : 1.0
============================================================
Best accuracy so far 0.8757
============================================================
Finetune Configuration:
============================================================
  time        : 2026-09-06 14:07:03
  type        : basicblock
  arch        : resnet56
  prune-ratio : 0.4
  seed        : 2028
  beta        : 2.0
  gamma       : 1.0
============================================================
Best accuracy so far 0.9193
============================================================
Finetune Configuration:
============================================================
  time        : 2026-09-06 14:41:10
  type        : basicblock
  arch        : resnet20
  prune-ratio : 0.45
  seed        : 2028
  beta        : 2.0
  gamma       : 1.0
============================================================
Best accuracy so far 0.876
============================================================
Finetune Configuration:
============================================================
  time        : 2026-09-06 15:09:30
  type        : basicblock
  arch        : resnet56
  prune-ratio : 0.45
  seed        : 2028
  beta        : 2.0
  gamma       : 1.0
============================================================
Best accuracy so far 0.9179
============================================================
Finetune Configuration:
============================================================
  time        : 2026-09-06 15:44:34
  type        : basicblock
  arch        : resnet20
  prune-ratio : 0.5
  seed        : 2028
  beta        : 2.0
  gamma       : 1.0
============================================================
Best accuracy so far 0.8678
============================================================
Finetune Configuration:
============================================================
  time        : 2026-09-06 16:12:52
  type        : basicblock
  arch        : resnet56
  prune-ratio : 0.5
  seed        : 2028
  beta        : 2.0
  gamma       : 1.0
============================================================
Best accuracy so far 0.9115
============================================================
Finetune Configuration:
============================================================
  time        : 2026-09-06 16:46:44
  type        : vgg
  arch        : vgg16
  prune-ratio : 0.4
  seed        : 2028
  beta        : 5.0
  gamma       : 1.0
============================================================
Best accuracy so far 0.7061
============================================================
Finetune Configuration:
============================================================
  time        : 2026-09-06 17:13:04
  type        : vgg
  arch        : vgg16
  prune-ratio : 0.5
  seed        : 2028
  beta        : 5.0
  gamma       : 1.0
============================================================
Best accuracy so far 0.5997
============================================================
Finetune Configuration:
============================================================
  time        : 2026-09-06 17:39:02
  type        : vgg
  arch        : vgg16
  prune-ratio : 0.6
  seed        : 2028
  beta        : 5.0
  gamma       : 1.0
============================================================
Best accuracy so far 0.6016
============================================================
Finetune Configuration:
============================================================
  time        : 2026-09-06 18:04:59
  type        : vgg
  arch        : vgg16
  prune-ratio : 0.7
  seed        : 2028
  beta        : 5.0
  gamma       : 1.0
============================================================
Best accuracy so far 0.6442
============================================================
Finetune Configuration:
============================================================
  time        : 2026-09-06 18:30:38
  type        : basicblock
  arch        : resnet20
  prune-ratio : 0.35
  seed        : 2028
  beta        : 5.0
  gamma       : 1.0
============================================================
Best accuracy so far 0.8846
============================================================
Finetune Configuration:
============================================================
  time        : 2026-09-06 18:59:06
  type        : basicblock
  arch        : resnet56
  prune-ratio : 0.35
  seed        : 2028
  beta        : 5.0
  gamma       : 1.0
============================================================
Best accuracy so far 0.921
============================================================
Finetune Configuration:
============================================================
  time        : 2026-09-06 19:33:26
  type        : basicblock
  arch        : resnet20
  prune-ratio : 0.4
  seed        : 2028
  beta        : 5.0
  gamma       : 1.0
============================================================
Best accuracy so far 0.8717
============================================================
Finetune Configuration:
============================================================
  time        : 2026-09-06 20:00:42
  type        : basicblock
  arch        : resnet56
  prune-ratio : 0.4
  seed        : 2028
  beta        : 5.0
  gamma       : 1.0
============================================================
Best accuracy so far 0.9201
============================================================
Finetune Configuration:
============================================================
  time        : 2026-09-06 20:33:28
  type        : basicblock
  arch        : resnet20
  prune-ratio : 0.45
  seed        : 2028
  beta        : 5.0
  gamma       : 1.0
============================================================
Best accuracy so far 0.8676
============================================================
Finetune Configuration:
============================================================
  time        : 2026-09-06 21:00:42
  type        : basicblock
  arch        : resnet56
  prune-ratio : 0.45
  seed        : 2028
  beta        : 5.0
  gamma       : 1.0
============================================================
Best accuracy so far 0.9156
============================================================
Finetune Configuration:
============================================================
  time        : 2026-09-06 21:34:38
  type        : basicblock
  arch        : resnet20
  prune-ratio : 0.5
  seed        : 2028
  beta        : 5.0
  gamma       : 1.0
============================================================
Best accuracy so far 0.8747
============================================================
Finetune Configuration:
============================================================
  time        : 2026-09-06 22:02:30
  type        : basicblock
  arch        : resnet56
  prune-ratio : 0.5
  seed        : 2028
  beta        : 5.0
  gamma       : 1.0
============================================================
Best accuracy so far 0.9051
============================================================
Finetune Configuration:
============================================================
  time        : 2026-09-06 22:36:15
  type        : vgg
  arch        : vgg16
  prune-ratio : 0.4
  seed        : 2028
  beta        : 10.0
  gamma       : 1.0
============================================================
Best accuracy so far 0.656
============================================================
Finetune Configuration:
============================================================
  time        : 2026-09-06 23:02:21
  type        : vgg
  arch        : vgg16
  prune-ratio : 0.5
  seed        : 2028
  beta        : 10.0
  gamma       : 1.0
============================================================
Best accuracy so far 0.1
============================================================
Finetune Configuration:
============================================================
  time        : 2026-09-06 23:28:03
  type        : vgg
  arch        : vgg16
  prune-ratio : 0.6
  seed        : 2028
  beta        : 10.0
  gamma       : 1.0
============================================================
Best accuracy so far 0.1
============================================================
Finetune Configuration:
============================================================
  time        : 2026-09-06 23:53:55
  type        : vgg
  arch        : vgg16
  prune-ratio : 0.7
  seed        : 2028
  beta        : 10.0
  gamma       : 1.0
============================================================
Best accuracy so far 0.5894
============================================================
Finetune Configuration:
============================================================
  time        : 2026-09-07 00:20:02
  type        : basicblock
  arch        : resnet20
  prune-ratio : 0.35
  seed        : 2028
  beta        : 10.0
  gamma       : 1.0
============================================================
Best accuracy so far 0.8933
============================================================
Finetune Configuration:
============================================================
  time        : 2026-09-07 00:47:49
  type        : basicblock
  arch        : resnet56
  prune-ratio : 0.35
  seed        : 2028
  beta        : 10.0
  gamma       : 1.0
============================================================
Best accuracy so far 0.9247
============================================================
Finetune Configuration:
============================================================
  time        : 2026-09-07 01:21:26
  type        : basicblock
  arch        : resnet20
  prune-ratio : 0.4
  seed        : 2028
  beta        : 10.0
  gamma       : 1.0
============================================================
Best accuracy so far 0.8745
============================================================
Finetune Configuration:
============================================================
  time        : 2026-09-07 01:49:04
  type        : basicblock
  arch        : resnet56
  prune-ratio : 0.4
  seed        : 2028
  beta        : 10.0
  gamma       : 1.0
============================================================
Best accuracy so far 0.9149
============================================================
Finetune Configuration:
============================================================
  time        : 2026-09-07 02:22:17
  type        : basicblock
  arch        : resnet20
  prune-ratio : 0.45
  seed        : 2028
  beta        : 10.0
  gamma       : 1.0
============================================================
Best accuracy so far 0.8755
============================================================
Finetune Configuration:
============================================================
  time        : 2026-09-07 02:50:19
  type        : basicblock
  arch        : resnet56
  prune-ratio : 0.45
  seed        : 2028
  beta        : 10.0
  gamma       : 1.0
============================================================
Best accuracy so far 0.9147
============================================================
Finetune Configuration:
============================================================
  time        : 2026-09-07 03:24:27
  type        : basicblock
  arch        : resnet20
  prune-ratio : 0.5
  seed        : 2028
  beta        : 10.0
  gamma       : 1.0
============================================================
Best accuracy so far 0.8734
============================================================
Finetune Configuration:
============================================================
  time        : 2026-09-07 03:52:37
  type        : basicblock
  arch        : resnet56
  prune-ratio : 0.5
  seed        : 2028
  beta        : 10.0
  gamma       : 1.0
============================================================
Best accuracy so far 0.9152
============================================================
Finetune Configuration:
============================================================
  time        : 2026-09-07 04:25:26
  type        : vgg
  arch        : vgg16
  prune-ratio : 0.4
  seed        : 2028
  beta        : 20.0
  gamma       : 1.0
============================================================
Best accuracy so far 0.6533
============================================================
Finetune Configuration:
============================================================
  time        : 2026-09-07 04:51:49
  type        : vgg
  arch        : vgg16
  prune-ratio : 0.5
  seed        : 2028
  beta        : 20.0
  gamma       : 1.0
============================================================
Best accuracy so far 0.7158
============================================================
Finetune Configuration:
============================================================
  time        : 2026-09-07 05:17:58
  type        : vgg
  arch        : vgg16
  prune-ratio : 0.6
  seed        : 2028
  beta        : 20.0
  gamma       : 1.0
============================================================
Best accuracy so far 0.521
============================================================
Finetune Configuration:
============================================================
  time        : 2026-09-07 05:47:12
  type        : vgg
  arch        : vgg16
  prune-ratio : 0.7
  seed        : 2028
  beta        : 20.0
  gamma       : 1.0
============================================================
Best accuracy so far 0.6346
============================================================
Finetune Configuration:
============================================================
  time        : 2026-09-07 06:12:55
  type        : basicblock
  arch        : resnet20
  prune-ratio : 0.35
  seed        : 2028
  beta        : 20.0
  gamma       : 1.0
============================================================
Best accuracy so far 0.8908
============================================================
Finetune Configuration:
============================================================
  time        : 2026-09-07 06:40:59
  type        : basicblock
  arch        : resnet56
  prune-ratio : 0.35
  seed        : 2028
  beta        : 20.0
  gamma       : 1.0
============================================================
Best accuracy so far 0.9226
============================================================
Finetune Configuration:
============================================================
  time        : 2026-09-07 07:16:09
  type        : basicblock
  arch        : resnet20
  prune-ratio : 0.4
  seed        : 2028
  beta        : 20.0
  gamma       : 1.0
============================================================
Best accuracy so far 0.8754
============================================================
Finetune Configuration:
============================================================
  time        : 2026-09-07 07:44:55
  type        : basicblock
  arch        : resnet56
  prune-ratio : 0.4
  seed        : 2028
  beta        : 20.0
  gamma       : 1.0
============================================================
Best accuracy so far 0.9174
============================================================
Finetune Configuration:
============================================================
  time        : 2026-09-07 08:19:57
  type        : basicblock
  arch        : resnet20
  prune-ratio : 0.45
  seed        : 2028
  beta        : 20.0
  gamma       : 1.0
============================================================
Best accuracy so far 0.8739
============================================================
Finetune Configuration:
============================================================
  time        : 2026-09-07 08:48:48
  type        : basicblock
  arch        : resnet56
  prune-ratio : 0.45
  seed        : 2028
  beta        : 20.0
  gamma       : 1.0
============================================================
Best accuracy so far 0.9132
============================================================
Finetune Configuration:
============================================================
  time        : 2026-09-07 09:23:37
  type        : basicblock
  arch        : resnet20
  prune-ratio : 0.5
  seed        : 2028
  beta        : 20.0
  gamma       : 1.0
============================================================
Best accuracy so far 0.868
============================================================
Finetune Configuration:
============================================================
  time        : 2026-09-07 09:51:40
  type        : basicblock
  arch        : resnet56
  prune-ratio : 0.5
  seed        : 2028
  beta        : 20.0
  gamma       : 1.0
============================================================
Best accuracy so far 0.9179
============================================================
Finetune Configuration:
============================================================
  time        : 2026-09-07 10:25:55
  type        : vgg
  arch        : vgg16
  prune-ratio : 0.4
  seed        : 2028
  beta        : 50.0
  gamma       : 1.0
============================================================
Best accuracy so far 0.9199
============================================================
Finetune Configuration:
============================================================
  time        : 2026-09-07 10:53:12
  type        : vgg
  arch        : vgg16
  prune-ratio : 0.5
  seed        : 2028
  beta        : 50.0
  gamma       : 1.0
============================================================
Best accuracy so far 0.9186
============================================================
Finetune Configuration:
============================================================
  time        : 2026-09-07 11:19:54
  type        : vgg
  arch        : vgg16
  prune-ratio : 0.6
  seed        : 2028
  beta        : 50.0
  gamma       : 1.0
============================================================
Best accuracy so far 0.9172
============================================================
Finetune Configuration:
============================================================
  time        : 2026-09-07 11:46:50
  type        : vgg
  arch        : vgg16
  prune-ratio : 0.7
  seed        : 2028
  beta        : 50.0
  gamma       : 1.0
============================================================
Best accuracy so far 0.9129
============================================================
Finetune Configuration:
============================================================
  time        : 2026-09-07 12:13:39
  type        : basicblock
  arch        : resnet20
  prune-ratio : 0.35
  seed        : 2028
  beta        : 50.0
  gamma       : 1.0
============================================================
Best accuracy so far 0.9145
============================================================
Finetune Configuration:
============================================================
  time        : 2026-09-07 12:42:03
  type        : basicblock
  arch        : resnet56
  prune-ratio : 0.35
  seed        : 2028
  beta        : 50.0
  gamma       : 1.0
============================================================
Best accuracy so far 0.9222
============================================================
Finetune Configuration:
============================================================
  time        : 2026-09-07 13:15:52
  type        : basicblock
  arch        : resnet20
  prune-ratio : 0.4
  seed        : 2028
  beta        : 50.0
  gamma       : 1.0
============================================================
Best accuracy so far 0.9137
============================================================
Finetune Configuration:
============================================================
  time        : 2026-09-07 13:44:53
  type        : basicblock
  arch        : resnet56
  prune-ratio : 0.4
  seed        : 2028
  beta        : 50.0
  gamma       : 1.0
============================================================
Best accuracy so far 0.9242
============================================================
Finetune Configuration:
============================================================
  time        : 2026-09-07 14:20:38
  type        : basicblock
  arch        : resnet20
  prune-ratio : 0.45
  seed        : 2028
  beta        : 50.0
  gamma       : 1.0
============================================================
Best accuracy so far 0.9107
============================================================
Finetune Configuration:
============================================================
  time        : 2026-09-07 14:48:36
  type        : basicblock
  arch        : resnet56
  prune-ratio : 0.45
  seed        : 2028
  beta        : 50.0
  gamma       : 1.0
============================================================
Best accuracy so far 0.911
============================================================
Finetune Configuration:
============================================================
  time        : 2026-09-07 15:23:02
  type        : basicblock
  arch        : resnet20
  prune-ratio : 0.5
  seed        : 2028
  beta        : 50.0
  gamma       : 1.0
============================================================
Best accuracy so far 0.9027
============================================================
Finetune Configuration:
============================================================
  time        : 2026-09-07 15:51:11
  type        : basicblock
  arch        : resnet56
  prune-ratio : 0.5
  seed        : 2028
  beta        : 50.0
  gamma       : 1.0
============================================================
Best accuracy so far 0.9078
============================================================
Finetune Configuration:
============================================================
  time        : 2026-09-07 16:25:03
  type        : vgg
  arch        : vgg16
  prune-ratio : 0.4
  seed        : 2029
  beta        : 0.1
  gamma       : 1.0
============================================================
Best accuracy so far 0.6729
============================================================
Finetune Configuration:
============================================================
  time        : 2026-09-07 16:51:46
  type        : vgg
  arch        : vgg16
  prune-ratio : 0.5
  seed        : 2029
  beta        : 0.1
  gamma       : 1.0
============================================================
Best accuracy so far 0.6211
============================================================
Finetune Configuration:
============================================================
  time        : 2026-09-07 17:17:45
  type        : vgg
  arch        : vgg16
  prune-ratio : 0.6
  seed        : 2029
  beta        : 0.1
  gamma       : 1.0
============================================================
Best accuracy so far 0.6539
============================================================
Finetune Configuration:
============================================================
  time        : 2026-09-07 17:43:28
  type        : vgg
  arch        : vgg16
  prune-ratio : 0.7
  seed        : 2029
  beta        : 0.1
  gamma       : 1.0
============================================================
Best accuracy so far 0.1
============================================================
Finetune Configuration:
============================================================
  time        : 2026-09-07 18:09:14
  type        : basicblock
  arch        : resnet20
  prune-ratio : 0.35
  seed        : 2029
  beta        : 0.1
  gamma       : 1.0
============================================================
Best accuracy so far 0.8832
============================================================
Finetune Configuration:
============================================================
  time        : 2026-09-07 18:37:00
  type        : basicblock
  arch        : resnet56
  prune-ratio : 0.35
  seed        : 2029
  beta        : 0.1
  gamma       : 1.0
============================================================
Best accuracy so far 0.9221
============================================================
Finetune Configuration:
============================================================
  time        : 2026-09-07 19:10:07
  type        : basicblock
  arch        : resnet20
  prune-ratio : 0.4
  seed        : 2029
  beta        : 0.1
  gamma       : 1.0
============================================================
Best accuracy so far 0.8762
============================================================
Finetune Configuration:
============================================================
  time        : 2026-09-07 19:38:14
  type        : basicblock
  arch        : resnet56
  prune-ratio : 0.4
  seed        : 2029
  beta        : 0.1
  gamma       : 1.0
============================================================
Best accuracy so far 0.9222
============================================================
Finetune Configuration:
============================================================
  time        : 2026-09-07 20:11:23
  type        : basicblock
  arch        : resnet20
  prune-ratio : 0.45
  seed        : 2029
  beta        : 0.1
  gamma       : 1.0
============================================================
Best accuracy so far 0.8781
============================================================
Finetune Configuration:
============================================================
  time        : 2026-09-07 20:42:24
  type        : basicblock
  arch        : resnet56
  prune-ratio : 0.45
  seed        : 2029
  beta        : 0.1
  gamma       : 1.0
============================================================
Best accuracy so far 0.9108
============================================================
Finetune Configuration:
============================================================
  time        : 2026-09-07 21:15:00
  type        : basicblock
  arch        : resnet20
  prune-ratio : 0.5
  seed        : 2029
  beta        : 0.1
  gamma       : 1.0
============================================================
Best accuracy so far 0.8695
============================================================
Finetune Configuration:
============================================================
  time        : 2026-09-07 21:42:23
  type        : basicblock
  arch        : resnet56
  prune-ratio : 0.5
  seed        : 2029
  beta        : 0.1
  gamma       : 1.0
============================================================
Best accuracy so far 0.8939
============================================================
Finetune Configuration:
============================================================
  time        : 2026-09-07 22:15:25
  type        : vgg
  arch        : vgg16
  prune-ratio : 0.4
  seed        : 2029
  beta        : 0.5
  gamma       : 1.0
============================================================
Best accuracy so far 0.6679
============================================================
Finetune Configuration:
============================================================
  time        : 2026-09-07 22:41:45
  type        : vgg
  arch        : vgg16
  prune-ratio : 0.5
  seed        : 2029
  beta        : 0.5
  gamma       : 1.0
============================================================
Best accuracy so far 0.1
============================================================
Finetune Configuration:
============================================================
  time        : 2026-09-07 23:07:47
  type        : vgg
  arch        : vgg16
  prune-ratio : 0.6
  seed        : 2029
  beta        : 0.5
  gamma       : 1.0
============================================================
Best accuracy so far 0.6559
============================================================
Finetune Configuration:
============================================================
  time        : 2026-09-07 23:33:24
  type        : vgg
  arch        : vgg16
  prune-ratio : 0.7
  seed        : 2029
  beta        : 0.5
  gamma       : 1.0
============================================================
Best accuracy so far 0.1
============================================================
Finetune Configuration:
============================================================
  time        : 2026-09-07 23:59:18
  type        : basicblock
  arch        : resnet20
  prune-ratio : 0.35
  seed        : 2029
  beta        : 0.5
  gamma       : 1.0
============================================================
Best accuracy so far 0.8753
============================================================
Finetune Configuration:
============================================================
  time        : 2026-09-08 00:29:17
  type        : basicblock
  arch        : resnet56
  prune-ratio : 0.35
  seed        : 2029
  beta        : 0.5
  gamma       : 1.0
============================================================
Best accuracy so far 0.9214
============================================================
Finetune Configuration:
============================================================
  time        : 2026-09-08 01:02:34
  type        : basicblock
  arch        : resnet20
  prune-ratio : 0.4
  seed        : 2029
  beta        : 0.5
  gamma       : 1.0
============================================================
Best accuracy so far 0.8765
============================================================
Finetune Configuration:
============================================================
  time        : 2026-09-08 01:30:08
  type        : basicblock
  arch        : resnet56
  prune-ratio : 0.4
  seed        : 2029
  beta        : 0.5
  gamma       : 1.0
============================================================
Best accuracy so far 0.9229
============================================================
Finetune Configuration:
============================================================
  time        : 2026-09-08 02:03:12
  type        : basicblock
  arch        : resnet20
  prune-ratio : 0.45
  seed        : 2029
  beta        : 0.5
  gamma       : 1.0
============================================================
Best accuracy so far 0.8656
============================================================
Finetune Configuration:
============================================================
  time        : 2026-09-08 02:31:10
  type        : basicblock
  arch        : resnet56
  prune-ratio : 0.45
  seed        : 2029
  beta        : 0.5
  gamma       : 1.0
============================================================
Best accuracy so far 0.9147
============================================================
Finetune Configuration:
============================================================
  time        : 2026-09-08 03:04:25
  type        : basicblock
  arch        : resnet20
  prune-ratio : 0.5
  seed        : 2029
  beta        : 0.5
  gamma       : 1.0
============================================================
Best accuracy so far 0.8653
============================================================
Finetune Configuration:
============================================================
  time        : 2026-09-08 03:31:51
  type        : basicblock
  arch        : resnet56
  prune-ratio : 0.5
  seed        : 2029
  beta        : 0.5
  gamma       : 1.0
============================================================
Best accuracy so far 0.8935
============================================================
Finetune Configuration:
============================================================
  time        : 2026-09-08 04:04:45
  type        : vgg
  arch        : vgg16
  prune-ratio : 0.4
  seed        : 2029
  beta        : 1.0
  gamma       : 1.0
============================================================
Best accuracy so far 0.6665
============================================================
Finetune Configuration:
============================================================
  time        : 2026-09-08 04:29:53
  type        : vgg
  arch        : vgg16
  prune-ratio : 0.5
  seed        : 2029
  beta        : 1.0
  gamma       : 1.0
============================================================
Best accuracy so far 0.5841
============================================================
Finetune Configuration:
============================================================
  time        : 2026-09-08 04:56:18
  type        : vgg
  arch        : vgg16
  prune-ratio : 0.6
  seed        : 2029
  beta        : 1.0
  gamma       : 1.0
============================================================
Best accuracy so far 0.6218
============================================================
Finetune Configuration:
============================================================
  time        : 2026-09-08 05:21:27
  type        : vgg
  arch        : vgg16
  prune-ratio : 0.7
  seed        : 2029
  beta        : 1.0
  gamma       : 1.0
============================================================
Best accuracy so far 0.5264
============================================================
Finetune Configuration:
============================================================
  time        : 2026-09-08 05:47:38
  type        : basicblock
  arch        : resnet20
  prune-ratio : 0.35
  seed        : 2029
  beta        : 1.0
  gamma       : 1.0
============================================================
Best accuracy so far 0.8832
============================================================
Finetune Configuration:
============================================================
  time        : 2026-09-08 06:15:53
  type        : basicblock
  arch        : resnet56
  prune-ratio : 0.35
  seed        : 2029
  beta        : 1.0
  gamma       : 1.0
============================================================
Best accuracy so far 0.922
============================================================
Finetune Configuration:
============================================================
  time        : 2026-09-08 06:48:25
  type        : basicblock
  arch        : resnet20
  prune-ratio : 0.4
  seed        : 2029
  beta        : 1.0
  gamma       : 1.0
============================================================
Best accuracy so far 0.8719
============================================================
Finetune Configuration:
============================================================
  time        : 2026-09-08 07:16:20
  type        : basicblock
  arch        : resnet56
  prune-ratio : 0.4
  seed        : 2029
  beta        : 1.0
  gamma       : 1.0
============================================================
Best accuracy so far 0.9221
============================================================
Finetune Configuration:
============================================================
  time        : 2026-09-08 07:49:03
  type        : basicblock
  arch        : resnet20
  prune-ratio : 0.45
  seed        : 2029
  beta        : 1.0
  gamma       : 1.0
============================================================
Best accuracy so far 0.8767
============================================================
Finetune Configuration:
============================================================
  time        : 2026-09-08 08:17:02
  type        : basicblock
  arch        : resnet56
  prune-ratio : 0.45
  seed        : 2029
  beta        : 1.0
  gamma       : 1.0
============================================================
Best accuracy so far 0.9145
============================================================
Finetune Configuration:
============================================================
  time        : 2026-09-08 08:50:03
  type        : basicblock
  arch        : resnet20
  prune-ratio : 0.5
  seed        : 2029
  beta        : 1.0
  gamma       : 1.0
============================================================
Best accuracy so far 0.8685
============================================================
Finetune Configuration:
============================================================
  time        : 2026-09-08 09:18:16
  type        : basicblock
  arch        : resnet56
  prune-ratio : 0.5
  seed        : 2029
  beta        : 1.0
  gamma       : 1.0
============================================================
Best accuracy so far 0.8982
============================================================
Finetune Configuration:
============================================================
  time        : 2026-09-08 09:53:53
  type        : vgg
  arch        : vgg16
  prune-ratio : 0.4
  seed        : 2029
  beta        : 2.0
  gamma       : 1.0
============================================================
Best accuracy so far 0.6679
============================================================
Finetune Configuration:
============================================================
  time        : 2026-09-08 10:20:30
  type        : vgg
  arch        : vgg16
  prune-ratio : 0.5
  seed        : 2029
  beta        : 2.0
  gamma       : 1.0
============================================================
Best accuracy so far 0.6222
============================================================
Finetune Configuration:
============================================================
  time        : 2026-09-08 10:53:42
  type        : vgg
  arch        : vgg16
  prune-ratio : 0.6
  seed        : 2029
  beta        : 2.0
  gamma       : 1.0
============================================================
Best accuracy so far 0.6742
============================================================
Finetune Configuration:
============================================================
  time        : 2026-09-08 11:21:10
  type        : vgg
  arch        : vgg16
  prune-ratio : 0.7
  seed        : 2029
  beta        : 2.0
  gamma       : 1.0
============================================================
Best accuracy so far 0.1
============================================================
Finetune Configuration:
============================================================
  time        : 2026-09-08 11:47:16
  type        : basicblock
  arch        : resnet20
  prune-ratio : 0.35
  seed        : 2029
  beta        : 2.0
  gamma       : 1.0
============================================================
Best accuracy so far 0.887
============================================================
Finetune Configuration:
============================================================
  time        : 2026-09-08 12:14:32
  type        : basicblock
  arch        : resnet56
  prune-ratio : 0.35
  seed        : 2029
  beta        : 2.0
  gamma       : 1.0
============================================================
Best accuracy so far 0.9243
============================================================
Finetune Configuration:
============================================================
  time        : 2026-09-08 12:46:53
  type        : basicblock
  arch        : resnet20
  prune-ratio : 0.4
  seed        : 2029
  beta        : 2.0
  gamma       : 1.0
============================================================
Best accuracy so far 0.8718
============================================================
Finetune Configuration:
============================================================
  time        : 2026-09-08 13:14:26
  type        : basicblock
  arch        : resnet56
  prune-ratio : 0.4
  seed        : 2029
  beta        : 2.0
  gamma       : 1.0
============================================================
Best accuracy so far 0.9218
============================================================
Finetune Configuration:
============================================================
  time        : 2026-09-08 13:46:35
  type        : basicblock
  arch        : resnet20
  prune-ratio : 0.45
  seed        : 2029
  beta        : 2.0
  gamma       : 1.0
============================================================
Best accuracy so far 0.8697
============================================================
Finetune Configuration:
============================================================
  time        : 2026-09-08 14:13:36
  type        : basicblock
  arch        : resnet56
  prune-ratio : 0.45
  seed        : 2029
  beta        : 2.0
  gamma       : 1.0
============================================================
Best accuracy so far 0.9166
============================================================
Finetune Configuration:
============================================================
  time        : 2026-09-08 14:46:42
  type        : basicblock
  arch        : resnet20
  prune-ratio : 0.5
  seed        : 2029
  beta        : 2.0
  gamma       : 1.0
============================================================
Best accuracy so far 0.8686
============================================================
Finetune Configuration:
============================================================
  time        : 2026-09-08 15:15:19
  type        : basicblock
  arch        : resnet56
  prune-ratio : 0.5
  seed        : 2029
  beta        : 2.0
  gamma       : 1.0
============================================================
Best accuracy so far 0.9119
============================================================
Finetune Configuration:
============================================================
  time        : 2026-09-08 15:50:02
  type        : vgg
  arch        : vgg16
  prune-ratio : 0.4
  seed        : 2029
  beta        : 5.0
  gamma       : 1.0
============================================================
Best accuracy so far 0.6213
============================================================
Finetune Configuration:
============================================================
  time        : 2026-09-08 16:16:27
  type        : vgg
  arch        : vgg16
  prune-ratio : 0.5
  seed        : 2029
  beta        : 5.0
  gamma       : 1.0
============================================================
Best accuracy so far 0.1022
============================================================
Finetune Configuration:
============================================================
  time        : 2026-09-08 16:42:03
  type        : vgg
  arch        : vgg16
  prune-ratio : 0.6
  seed        : 2029
  beta        : 5.0
  gamma       : 1.0
============================================================
Best accuracy so far 0.1
============================================================
Finetune Configuration:
============================================================
  time        : 2026-09-08 17:07:10
  type        : vgg
  arch        : vgg16
  prune-ratio : 0.7
  seed        : 2029
  beta        : 5.0
  gamma       : 1.0
============================================================
Best accuracy so far 0.6361
============================================================
Finetune Configuration:
============================================================
  time        : 2026-09-08 17:32:24
  type        : basicblock
  arch        : resnet20
  prune-ratio : 0.35
  seed        : 2029
  beta        : 5.0
  gamma       : 1.0
============================================================
Best accuracy so far 0.8894
============================================================
Finetune Configuration:
============================================================
  time        : 2026-09-08 18:00:46
  type        : basicblock
  arch        : resnet56
  prune-ratio : 0.35
  seed        : 2029
  beta        : 5.0
  gamma       : 1.0
============================================================
Best accuracy so far 0.9234
============================================================
Finetune Configuration:
============================================================
  time        : 2026-09-08 18:32:35
  type        : basicblock
  arch        : resnet20
  prune-ratio : 0.4
  seed        : 2029
  beta        : 5.0
  gamma       : 1.0
============================================================
Best accuracy so far 0.8725
============================================================
Finetune Configuration:
============================================================
  time        : 2026-09-08 18:59:31
  type        : basicblock
  arch        : resnet56
  prune-ratio : 0.4
  seed        : 2029
  beta        : 5.0
  gamma       : 1.0
============================================================
Best accuracy so far 0.9151
============================================================
Finetune Configuration:
============================================================
  time        : 2026-09-08 19:32:35
  type        : basicblock
  arch        : resnet20
  prune-ratio : 0.45
  seed        : 2029
  beta        : 5.0
  gamma       : 1.0
============================================================
Best accuracy so far 0.8714
============================================================
Finetune Configuration:
============================================================
  time        : 2026-09-08 19:59:32
  type        : basicblock
  arch        : resnet56
  prune-ratio : 0.45
  seed        : 2029
  beta        : 5.0
  gamma       : 1.0
============================================================
Best accuracy so far 0.915
============================================================
Finetune Configuration:
============================================================
  time        : 2026-09-08 20:31:06
  type        : basicblock
  arch        : resnet20
  prune-ratio : 0.5
  seed        : 2029
  beta        : 5.0
  gamma       : 1.0
============================================================
Best accuracy so far 0.8653
============================================================
Finetune Configuration:
============================================================
  time        : 2026-09-08 20:58:20
  type        : basicblock
  arch        : resnet56
  prune-ratio : 0.5
  seed        : 2029
  beta        : 5.0
  gamma       : 1.0
============================================================
Best accuracy so far 0.9123
============================================================
Finetune Configuration:
============================================================
  time        : 2026-09-08 21:30:59
  type        : vgg
  arch        : vgg16
  prune-ratio : 0.4
  seed        : 2029
  beta        : 10.0
  gamma       : 1.0
============================================================
Best accuracy so far 0.6872
============================================================
Finetune Configuration:
============================================================
  time        : 2026-09-08 21:56:08
  type        : vgg
  arch        : vgg16
  prune-ratio : 0.5
  seed        : 2029
  beta        : 10.0
  gamma       : 1.0
============================================================
Best accuracy so far 0.1002
============================================================
Finetune Configuration:
============================================================
  time        : 2026-09-08 22:21:15
  type        : vgg
  arch        : vgg16
  prune-ratio : 0.6
  seed        : 2029
  beta        : 10.0
  gamma       : 1.0
============================================================
Best accuracy so far 0.1
============================================================
Finetune Configuration:
============================================================
  time        : 2026-09-08 22:46:46
  type        : vgg
  arch        : vgg16
  prune-ratio : 0.7
  seed        : 2029
  beta        : 10.0
  gamma       : 1.0
============================================================
Best accuracy so far 0.1
============================================================
Finetune Configuration:
============================================================
  time        : 2026-09-08 23:11:52
  type        : basicblock
  arch        : resnet20
  prune-ratio : 0.35
  seed        : 2029
  beta        : 10.0
  gamma       : 1.0
============================================================
Best accuracy so far 0.8914
============================================================
Finetune Configuration:
============================================================
  time        : 2026-09-08 23:39:34
  type        : basicblock
  arch        : resnet56
  prune-ratio : 0.35
  seed        : 2029
  beta        : 10.0
  gamma       : 1.0
============================================================
Best accuracy so far 0.9205
============================================================
Finetune Configuration:
============================================================
  time        : 2026-09-09 00:12:00
  type        : basicblock
  arch        : resnet20
  prune-ratio : 0.4
  seed        : 2029
  beta        : 10.0
  gamma       : 1.0
============================================================
Best accuracy so far 0.8748
============================================================
Finetune Configuration:
============================================================
  time        : 2026-09-09 00:39:11
  type        : basicblock
  arch        : resnet56
  prune-ratio : 0.4
  seed        : 2029
  beta        : 10.0
  gamma       : 1.0
============================================================
Best accuracy so far 0.9162
============================================================
Finetune Configuration:
============================================================
  time        : 2026-09-09 01:12:13
  type        : basicblock
  arch        : resnet20
  prune-ratio : 0.45
  seed        : 2029
  beta        : 10.0
  gamma       : 1.0
============================================================
Best accuracy so far 0.8691
============================================================
Finetune Configuration:
============================================================
  time        : 2026-09-09 01:39:47
  type        : basicblock
  arch        : resnet56
  prune-ratio : 0.45
  seed        : 2029
  beta        : 10.0
  gamma       : 1.0
============================================================
Best accuracy so far 0.917
============================================================
Finetune Configuration:
============================================================
  time        : 2026-09-09 02:14:45
  type        : basicblock
  arch        : resnet20
  prune-ratio : 0.5
  seed        : 2029
  beta        : 10.0
  gamma       : 1.0
============================================================
Best accuracy so far 0.8688
============================================================
Finetune Configuration:
============================================================
  time        : 2026-09-09 02:42:07
  type        : basicblock
  arch        : resnet56
  prune-ratio : 0.5
  seed        : 2029
  beta        : 10.0
  gamma       : 1.0
============================================================
Best accuracy so far 0.9165
============================================================
Finetune Configuration:
============================================================
  time        : 2026-09-09 03:14:09
  type        : vgg
  arch        : vgg16
  prune-ratio : 0.4
  seed        : 2029
  beta        : 20.0
  gamma       : 1.0
============================================================
Best accuracy so far 0.6274
============================================================
Finetune Configuration:
============================================================
  time        : 2026-09-09 03:39:08
  type        : vgg
  arch        : vgg16
  prune-ratio : 0.5
  seed        : 2029
  beta        : 20.0
  gamma       : 1.0
============================================================
Best accuracy so far 0.1
============================================================
Finetune Configuration:
============================================================
  time        : 2026-09-09 04:04:22
  type        : vgg
  arch        : vgg16
  prune-ratio : 0.6
  seed        : 2029
  beta        : 20.0
  gamma       : 1.0
============================================================
Best accuracy so far 0.5404
============================================================
Finetune Configuration:
============================================================
  time        : 2026-09-09 04:29:32
  type        : vgg
  arch        : vgg16
  prune-ratio : 0.7
  seed        : 2029
  beta        : 20.0
  gamma       : 1.0
============================================================
Best accuracy so far 0.535
============================================================
Finetune Configuration:
============================================================
  time        : 2026-09-09 04:55:12
  type        : basicblock
  arch        : resnet20
  prune-ratio : 0.35
  seed        : 2029
  beta        : 20.0
  gamma       : 1.0
============================================================
Best accuracy so far 0.8809
============================================================
Finetune Configuration:
============================================================
  time        : 2026-09-09 05:21:54
  type        : basicblock
  arch        : resnet56
  prune-ratio : 0.35
  seed        : 2029
  beta        : 20.0
  gamma       : 1.0
============================================================
Best accuracy so far 0.9214
============================================================
Finetune Configuration:
============================================================
  time        : 2026-09-09 05:51:49
  type        : basicblock
  arch        : resnet20
  prune-ratio : 0.4
  seed        : 2029
  beta        : 20.0
  gamma       : 1.0
============================================================
Best accuracy so far 0.8787
============================================================
Finetune Configuration:
============================================================
  time        : 2026-09-09 06:14:31
  type        : basicblock
  arch        : resnet56
  prune-ratio : 0.4
  seed        : 2029
  beta        : 20.0
  gamma       : 1.0
============================================================
Best accuracy so far 0.9182
============================================================
Finetune Configuration:
============================================================
  time        : 2026-09-09 06:45:38
  type        : basicblock
  arch        : resnet20
  prune-ratio : 0.45
  seed        : 2029
  beta        : 20.0
  gamma       : 1.0
============================================================
Best accuracy so far 0.8695
============================================================
Finetune Configuration:
============================================================
  time        : 2026-09-09 07:07:54
  type        : basicblock
  arch        : resnet56
  prune-ratio : 0.45
  seed        : 2029
  beta        : 20.0
  gamma       : 1.0
============================================================
Best accuracy so far 0.9186
============================================================
Finetune Configuration:
============================================================
  time        : 2026-09-09 07:37:56
  type        : basicblock
  arch        : resnet20
  prune-ratio : 0.5
  seed        : 2029
  beta        : 20.0
  gamma       : 1.0
============================================================
Best accuracy so far 0.8648
============================================================
Finetune Configuration:
============================================================
  time        : 2026-09-09 08:01:35
  type        : basicblock
  arch        : resnet56
  prune-ratio : 0.5
  seed        : 2029
  beta        : 20.0
  gamma       : 1.0
============================================================
Best accuracy so far 0.9162
============================================================
Finetune Configuration:
============================================================
  time        : 2026-09-09 08:32:55
  type        : vgg
  arch        : vgg16
  prune-ratio : 0.4
  seed        : 2029
  beta        : 50.0
  gamma       : 1.0
============================================================
Best accuracy so far 0.9206
============================================================
Finetune Configuration:
============================================================
  time        : 2026-09-09 08:58:13
  type        : vgg
  arch        : vgg16
  prune-ratio : 0.5
  seed        : 2029
  beta        : 50.0
  gamma       : 1.0
============================================================
Best accuracy so far 0.9177
============================================================
Finetune Configuration:
============================================================
  time        : 2026-09-09 09:18:54
  type        : vgg
  arch        : vgg16
  prune-ratio : 0.6
  seed        : 2029
  beta        : 50.0
  gamma       : 1.0
============================================================
Best accuracy so far 0.9179
============================================================
Finetune Configuration:
============================================================
  time        : 2026-09-09 09:39:26
  type        : vgg
  arch        : vgg16
  prune-ratio : 0.7
  seed        : 2029
  beta        : 50.0
  gamma       : 1.0
============================================================
Best accuracy so far 0.9157
============================================================
Finetune Configuration:
============================================================
  time        : 2026-09-09 10:03:19
  type        : basicblock
  arch        : resnet20
  prune-ratio : 0.35
  seed        : 2029
  beta        : 50.0
  gamma       : 1.0
============================================================
Best accuracy so far 0.9184
============================================================
Finetune Configuration:
============================================================
  time        : 2026-09-09 10:30:20
  type        : basicblock
  arch        : resnet56
  prune-ratio : 0.35
  seed        : 2029
  beta        : 50.0
  gamma       : 1.0
============================================================
Best accuracy so far 0.9238
============================================================
Finetune Configuration:
============================================================
  time        : 2026-09-09 11:03:37
  type        : basicblock
  arch        : resnet20
  prune-ratio : 0.4
  seed        : 2029
  beta        : 50.0
  gamma       : 1.0
============================================================
Best accuracy so far 0.913
============================================================
Finetune Configuration:
============================================================
  time        : 2026-09-09 11:31:24
  type        : basicblock
  arch        : resnet56
  prune-ratio : 0.4
  seed        : 2029
  beta        : 50.0
  gamma       : 1.0
============================================================
Best accuracy so far 0.9216
============================================================
Finetune Configuration:
============================================================
  time        : 2026-09-09 12:04:22
  type        : basicblock
  arch        : resnet20
  prune-ratio : 0.45
  seed        : 2029
  beta        : 50.0
  gamma       : 1.0
============================================================
Best accuracy so far 0.909
============================================================
Finetune Configuration:
============================================================
  time        : 2026-09-09 12:32:10
  type        : basicblock
  arch        : resnet56
  prune-ratio : 0.45
  seed        : 2029
  beta        : 50.0
  gamma       : 1.0
============================================================
Best accuracy so far 0.9178
============================================================
Finetune Configuration:
============================================================
  time        : 2026-09-09 13:10:24
  type        : basicblock
  arch        : resnet20
  prune-ratio : 0.5
  seed        : 2029
  beta        : 50.0
  gamma       : 1.0
============================================================
Best accuracy so far 0.9049
============================================================
Finetune Configuration:
============================================================
  time        : 2026-09-09 13:37:56
  type        : basicblock
  arch        : resnet56
  prune-ratio : 0.5
  seed        : 2029
  beta        : 50.0
  gamma       : 1.0
============================================================
Best accuracy so far 0.9161
